Quota,Category,State,Institute,Course,Fee,CR 2025 1,CR 2025 2,CR 2025 3
AIIMS SO,Open,Delhi,"AIIMS, Delhi",MBBS,1350,48(48),48(48),48(48)
AI,Open,Delhi,"MAMC, Delhi",MBBS,2095,103(14),103(14),103(14)
AI,Open,Delhi,"VMMC, Delhi",MBBS,41000,132(10),132(10),132(10)
AIIMS SO,OBC,Delhi,"AIIMS, Delhi",MBBS,1350,206(33),207(33),207(33)
AI,Open,Delhi,"ABVIMS (Dr RML Hosp), Delhi",MBBS,41000,215(5),215(5),215(5)
AI,OBC,Delhi,"VMMC, Delhi",MBBS,41000,232(5),232(5),232(5)
AIIMS SO,EWS,Delhi,"AIIMS, Delhi",MBBS,1350,254(12),254(12),254(12)
JPMR SO,Open,Pondicherry,"JIPMER, Puducherry",MBBS,1200,258(52),260(52),260(52)
AI,OBC,Delhi,"MAMC, Delhi",MBBS,2095,381(9),381(9),381(9)
AIIMS SO,Open,Rajasthan,"AIIMS, Jodhpur",MBBS,1350,392(57),392(57),392(57)
AI,Open,Delhi,"UCMS, Delhi",MBBS,31340,559(9),559(9),559(9)
AIIMS SO,Open,Madhya Pradesh,"AIIMS, Bhopal",MBBS,1350,531(47),634(47),634(47)
AIIMS SO,SC,Delhi,"AIIMS, Delhi",MBBS,1350,644(18),644(18),644(18)
AI,Open,Chandigarh,"GMC, Chandigarh",MBBS,24979,690(10),690(10),690(10)
AI,EWS,Delhi,"VMMC, Delhi",MBBS,41000,693(3),693(3),693(3)
JPMR SO,OBC,Pondicherry,"JIPMER, Puducherry",MBBS,1200,738(35),748(35),748(35)
AIIMS SO,OBC,Rajasthan,"AIIMS, Jodhpur",MBBS,1350,766(38),766(38),766(38)
AIIMS SO,Open,Odisha,"AIIMS, Bhubaneswar",MBBS,1350,706(49),765(49),785(49)
AI,EWS,Delhi,"MAMC, Delhi",MBBS,2095,789(4),789(4),789(4)
AIIMS SO,Open,Uttarakhand,"AIIMS, Rishikesh",MBBS,1350,685(48),781(48),816(48)
AI,Open,Gujarat,"BJMC, Ahmedabad",MBBS,25000,889(14),889(14),889(14)
AI,EWS,Delhi,"ABVIMS (Dr RML Hosp), Delhi",MBBS,41000,1009(2),1009(2),1009(2)
AIIMS SO,Open,Maharashtra,"AIIMS, Nagpur",MBBS,1350,862(50),891(50),1030(50)
AIIMS SO,OBC,Uttarakhand,"AIIMS, Rishikesh",MBBS,1350,1077(33),1104(33),1104(33)
AI,OBC,Delhi,"ABVIMS (Dr RML Hosp), Delhi",MBBS,41000,519(5),519(5),1125(5)
AI,Open,Maharashtra,"Seth GS, Mumbai",MBBS,158600,868(15),1126(15),1126(15)
AI,Open,Delhi,"Lady Hardinge, Delhi",MBBS,1665,1128(14),1129(14),1129(14)
AIIMS SO,OBC,Madhya Pradesh,"AIIMS, Bhopal",MBBS,1350,1142(33),1142(33),1142(33)
AIIMS SO,EWS,Rajasthan,"AIIMS, Jodhpur",MBBS,1350,1153(14),1153(14),1153(14)
AI,Open,Kerala,"Govt Med Coll, Kozhikode",MBBS,23150,1173(15),1173(15),1173(15)
IP,Open,Delhi,"VMMC, Delhi",MBBS,41000,1221(53),1221(53),1221(53)
AI,Open,Tamil Nadu,"Madras Med Coll, Chennai",MBBS,18073,695(14),1296(14),1296(14)
AI,OBC,Tamil Nadu,"Madras Med Coll, Chennai",MBBS,18073,920(10),1324(10),1324(10)
AIIMS SO,Open,Andhra Pradesh,"AIIMS, Mangalagiri",MBBS,1350,1357(46),1357(46),1357(46)
AIIMS SO,Open,Chhattisgarh,"AIIMS, Raipur",MBBS,1350,1235(48),1376(48),1376(48)
AIIMS SO,ST,Delhi,"AIIMS, Delhi",MBBS,1350,1405(9),1405(9),1405(9)
AIIMS SO,OBC,Odisha,"AIIMS, Bhubaneswar",MBBS,1350,1481(32),1481(32),1481(32)
AIIMS SO,OBC,Maharashtra,"AIIMS, Nagpur",MBBS,1350,1520(32),1520(32),1520(32)
AIIMS SO,EWS,Madhya Pradesh,"AIIMS, Bhopal",MBBS,1350,1582(12),1582(12),1582(12)
AI,EWS,Delhi,"UCMS, Delhi",MBBS,31340,1168(2),1595(2),1595(2)
JPMR SO,EWS,Pondicherry,"JIPMER, Puducherry",MBBS,1200,1362(12),1624(12),1624(12)
AI,Open,Karnataka,"Bangalore Med Coll, Bangalore",MBBS,64350,1338(15),1642(15),1642(15)
AI,OBC,Rajasthan,"SMS, Jaipur",MBBS,96100,1656(10),1656(10),1656(10)
BHU SO,Open,Uttar Pradesh,"IMS(BHU), Varanasi",MBBS,33739,1165(38),1606(38),1709(38)
AIIMS SO,EWS,Uttarakhand,"AIIMS, Rishikesh",MBBS,1350,1540(12),1540(12),1715(12)
AI,EWS,Delhi,"Lady Hardinge, Delhi",MBBS,1665,1762(2),1762(2),1762(2)
AIIMS SO,Open,Punjab,"AIIMS, Bathinda",MBBS,1350,1733(39),1798(39),1798(39)
AIIMS SO,Open,Telangana,"AIIMS, Bibinagar",MBBS,1350,1782(38),1793(38),1874(38)
AI,EWS,Rajasthan,"SMS, Jaipur",MBBS,96100,1892(4),1892(4),1892(4)
AI,EWS,Chandigarh,"GMC, Chandigarh",MBBS,24979,1933(2),1933(2),1933(2)
AIIMS SO,Open,Bihar,"AIIMS, Patna",MBBS,1350,1537(50),1907(50),1939(50)
AI,OBC,Delhi,"Lady Hardinge, Delhi",MBBS,1665,1959(9),1959(9),1959(9)
AIIMS SO,OBC,Chhattisgarh,"AIIMS, Raipur",MBBS,1350,1914(31),2016(31),2016(31)
AIIMS SO,EWS,Maharashtra,"AIIMS, Nagpur",MBBS,1350,1885(11),1885(11),2023(11)
AI,OBC,Delhi,"UCMS, Delhi",MBBS,31340,1167(7),1220(7),2106(7)
DU,Open,Delhi,"MAMC, Delhi",MBBS,2095,1908(94),2177(94),2177(94)
AIIMS SO,EWS,Odisha,"AIIMS, Bhubaneswar",MBBS,1350,2259(11),2259(11),2259(11)
BHU SO,EWS,Uttar Pradesh,"IMS(BHU), Varanasi",MBBS,33739,2194(9),2284(9),2284(9)
AIIMS SO,Open,West Bengal,"AIIMS, Kalyani",MBBS,1350,2276(48),2417(48),2417(48)
AI,Open,Delhi,"Dr BSA Med Coll, Delhi",MBBS,75000,1772(8),2459(8),2459(8)
AIIMS SO,OBC,Punjab,"AIIMS, Bathinda",MBBS,1350,2369(25),2453(25),2482(25)
IP,Open,Delhi,"ABVIMS (Dr RML Hosp), Delhi",MBBS,41000,2502(30),2502(30),2502(30)
AI,Open,Rajasthan,"SMS, Jaipur",MBBS,96100,1174(15),1174(15),2531(15)
AIIMS SO,OBC,Andhra Pradesh,"AIIMS, Mangalagiri",MBBS,1350,2520(33),2575(33),2575(33)
AI,Open,Uttar Pradesh,"KGMU, Lucknow",MBBS,47600,1628(14),1803(14),2588(14)
AI,OBC,Kerala,"Govt Med Coll, Kozhikode",MBBS,23150,1556(10),2597(10),2597(10)
AIIMS SO,Open,Uttar Pradesh,"AIIMS, Gorakhpur",MBBS,1350,2091(47),2552(47),2602(47)
BHU SO,OBC,Uttar Pradesh,"IMS(BHU), Varanasi",MBBS,33739,1808(25),2260(25),2620(25)
AIIMS SO,EWS,Chhattisgarh,"AIIMS, Raipur",MBBS,1350,2621(12),2631(12),2631(12)
AIIMS SO,OBC,Bihar,"AIIMS, Patna",MBBS,1350,2132(32),2540(32),2705(32)
AIIMS SO,Open,Himachal Pradesh,"AIIMS, Bilaspur, Himachal",MBBS,1350,2183(38),2512(38),2788(38)
AI,EWS,Delhi,"Dr BSA Med Coll, Delhi",MBBS,75000,2636(2),2830(2),2830(2)
AI,Open,Telangana,"Gandhi Med Coll, Secunderabad",MBBS,14000,2173(14),2166(14),2909(14)
AI,SC,Delhi,"VMMC, Delhi",MBBS,41000,2934(4),2934(4),2934(4)
AI,Open,Delhi,"NDMC Med College, Delhi",MBBS,105500,1744(4),2645(4),2986(4)
AIIMS SO,EWS,Bihar,"AIIMS, Patna",MBBS,1350,2988(12),3028(12),3028(12)
AIIMS SO,EWS,Punjab,"AIIMS, Bathinda",MBBS,1350,2999(10),3066(10),3066(10)
AI,Open,Delhi,"ESI, Basaidarpur, Delhi",MBBS,100000,-,3086(3),3086(3)
AI,EWS,Uttar Pradesh,"KGMU, Lucknow",MBBS,47600,2830(4),3073(4),3211(4)
AIIMS SO,EWS,Gujarat,"AIIMS, Rajkot",MBBS,1350,3215(7),3215(7),3215(7)
AI,Open,Maharashtra,"BJMC, Pune",MBBS,158600,2542(13),3236(13),3236(13)
AIIMS SO,Open,Gujarat,"AIIMS, Rajkot",MBBS,1350,1997(29),2642(29),3254(29)
AIIMS SO,EWS,Uttar Pradesh,"AIIMS, Gorakhpur",MBBS,1350,3081(12),3355(12),3355(12)
AIIMS SO,OBC,Gujarat,"AIIMS, Rajkot",MBBS,1350,2998(19),3287(19),3406(19)
AIIMS SO,OBC,Telangana,"AIIMS, Bibinagar",MBBS,1350,2894(26),3191(26),3464(26)
AI,Open,Jammu and Kashmir,"Govt Med Coll, Srinagar",MBBS,26250,2592(11),3536(12),3536(12)
AIIMS SO,OBC,Himachal Pradesh,"AIIMS, Bilaspur, Himachal",MBBS,1350,2959(25),3153(25),3549(25)
AI,OBC,Chandigarh,"GMC, Chandigarh",MBBS,24979,2578(6),2976(6),3556(6)
AI,Open,West Bengal,"Medical College, Kolkata",MBBS,9000,2714(15),3581(15),3581(15)
AIIMS SO,OBC,Uttar Pradesh,"AIIMS, Gorakhpur",MBBS,1350,2654(32),3151(32),3595(32)
AI,OBC,Maharashtra,"Seth GS, Mumbai",MBBS,158600,3140(10),3703(10),3703(10)
AI,EWS,Gujarat,"BJMC, Ahmedabad",MBBS,25000,2677(4),2677(4),3714(4)
AIIMS SO,Open,Uttar Pradesh,"AIIMS, Rai Bareli",MBBS,1350,2600(39),3284(39),3736(39)
IP,EWS,Delhi,"VMMC, Delhi",MBBS,41000,3776(12),3776(12),3776(12)
AI,OBC,Delhi,"Dr BSA Med Coll, Delhi",MBBS,75000,2504(5),3669(5),3806(5)
JPMR SO,SC,Pondicherry,"JIPMER, Puducherry",MBBS,1200,3877(19),3877(19),3877(19)
IP,OBC,Delhi,"VMMC, Delhi",MBBS,41000,3946(33),3946(33),3946(33)
AIIMS SO,EWS,Himachal Pradesh,"AIIMS, Bilaspur, Himachal",MBBS,1350,3630(10),3666(10),3957(10)
AIIMS SO,Open,Jammu and Kashmir,"AIIMS, Jammu",MBBS,1350,3389(39),3898(39),3993(39)
DU,Open,Delhi,"UCMS, Delhi",MBBS,31340,3924(58),3938(58),4076(58)
AIIMS SO,Open,Jharkhand,"AIIMS, Deoghar",MBBS,1350,3164(48),3586(48),4159(48)
AI,OBC,Uttar Pradesh,"KGMU, Lucknow",MBBS,47600,3102(9),3735(9),4217(9)
AIIMS SO,EWS,Telangana,"AIIMS, Bibinagar",MBBS,1350,3956(9),4225(9),4225(9)
AIIMS SO,OBC,Uttar Pradesh,"AIIMS, Rai Bareli",MBBS,1350,3279(26),3545(26),4282(26)
AI,Open,Rajasthan,"RUHS, Jaipur",MBBS,96029,2658(7),4322(7),4322(7)
AIIMS SO,OBC,Jammu and Kashmir,"AIIMS, Jammu",MBBS,1350,4085(26),4314(26),4335(26)
AIIMS SO,EWS,Andhra Pradesh,"AIIMS, Mangalagiri",MBBS,1350,4369(12),4336(12),4336(12)
AIIMS SO,Open,Assam,"AIIMS, Guwahati",MBBS,1350,3177(38),4016(38),4420(38)
AIIMS SO,OBC,West Bengal,"AIIMS, Kalyani",MBBS,1350,3406(31),3861(31),4442(31)
AIIMS SO,EWS,Uttar Pradesh,"AIIMS, Rai Bareli",MBBS,1350,3646(10),3918(10),4501(10)
AIIMS SO,OBC,Jharkhand,"AIIMS, Deoghar",MBBS,1350,3784(32),4463(32),4753(32)
AI,EWS,West Bengal,"IPGMER, Kolkata",MBBS,9000,4783(3),4815(3),4815(3)
AI,Open,Kerala,"Medical College, Trivandrum",MBBS,23150,1695(13),3218(13),4913(13)
AI,OBC,Delhi,"NDMC Med College, Delhi",MBBS,105500,2683(3),3754(3),4918(3)
AI,OBC,Gujarat,"BJMC, Ahmedabad",MBBS,25000,3089(9),4226(9),5015(9)
AI,EWS,Delhi,"NDMC Med College, Delhi",MBBS,105500,2370(1),2866(1),5106(1)
AI,EWS,Rajasthan,"RUHS, Jaipur",MBBS,96029,3873(2),5194(2),5194(2)
AI,SC,Delhi,"MAMC, Delhi",MBBS,2095,5218(5),5218(5),5218(5)
AIIMS SO,EWS,West Bengal,"AIIMS, Kalyani",MBBS,1350,4292(12),4703(12),5254(12)
AIIMS SO,EWS,Jammu and Kashmir,"AIIMS, Jammu",MBBS,1350,4603(9),4945(9),5308(9)
AI,OBC,Karnataka,"Bangalore Med Coll, Bangalore",MBBS,64350,3040(9),4475(9),5352(9)
AIIMS SO,OBC,Assam,"AIIMS, Guwahati",MBBS,1350,4063(26),4708(26),5382(26)
AI,EWS,Delhi,"ESI, Basaidarpur, Delhi",MBBS,100000,-,3957(1),5446(1)
AI,Open,Maharashtra,"Lokmanya Tilak, Sion, Mumbai",MBBS,158600,1887(10),4108(10),5483(10)
AI,Open,Gujarat,"Govt Med Coll, Surat",MBBS,25000,3869(13),5895(13),5503(13)
AIIMS SO,EWS,Jharkhand,"AIIMS, Deoghar",MBBS,1350,4493(12),4672(12),5523(12)
AI,ST,Delhi,"MAMC, Delhi",MBBS,2095,5543(3),5543(3),5543(3)
AI,EWS,Maharashtra,"Seth GS, Mumbai",MBBS,158600,4157(4),4337(4),5545(4)
DU,Open,Delhi,"Lady Hardinge, Delhi",MBBS,1665,5577(70),5551(70),5551(70)
DU,OBC,Delhi,"MAMC, Delhi",MBBS,2095,5555(50),5555(50),5555(50)
AI,EWS,Haryana,"Pt BD Sharma, Rohtak",MBBS,61410,5562(4),5562(4),5562(4)
AI,Open,Punjab,"Govt Med Coll, Patiala",MBBS,192000,4156(13),5627(13),5627(13)
AI,OBC,Bihar,"Patna Med Coll, Patna",MBBS,9500,4258(7),5686(7),5686(7)
JPMR SO,Open,Pondicherry,"JIPMER, Karaikal",MBBS,1200,2633(16),4203(16),5731(16)
AI,OBC,Kerala,"Medical College, Trivandrum",MBBS,23150,2301(11),5722(11),5764(11)
AI,OBC,Rajasthan,"RUHS, Jaipur",MBBS,96029,3313(6),4716(6),5859(6)
AI,Open,Haryana,"ESI Med Coll, Faridabad",MBBS,100000,3587(7),4729(7),5864(9)
AIIMS SO,EWS,Assam,"AIIMS, Guwahati",MBBS,1350,5310(10),5463(10),5873(10)
AI,Open,Rajasthan,"SP Med Coll, Bikaner",MBBS,96100,3278(15),4608(15),6026(15)
AIIMS SO,SC,Odisha,"AIIMS, Bhubaneswar",MBBS,1350,6034(17),6034(17),6034(17)
AI,Open,Rajasthan,"SNMC, Jodhpur",MBBS,96100,3286(13),5309(13),6102(13)
AMU SO,Open,Uttar Pradesh,"JNMC (AMU), Aligarh",MBBS,60300,3971(68),5300(68),6170(68)
AI,OBC,Rajasthan,"SP Med Coll, Bikaner",MBBS,96100,3662(10),5084(10),6177(10)
AI,Open,Uttar Pradesh,"Dr RML IMS, Lucknow",MBBS,24000,3323(12),4280(12),6184(12)
AI,Open,Maharashtra,"Grant Med Coll, Mumbai",MBBS,158600,2368(15),4354(15),6251(15)
IP,EWS,Delhi,"ABVIMS (Dr RML Hosp), Delhi",MBBS,41000,5269(8),5269(8),6307(9)
AI,OBC,Rajasthan,"SNMC, Jodhpur",MBBS,96100,3912(9),5588(9),6314(9)
AI,Open,West Bengal,"IPGMER, Kolkata",MBBS,9000,3260(12),4137(12),6327(12)
AI,Open,Telangana,"Osmania Med Coll, Hyderabad",MBBS,14000,2892(14),4318(14),6374(14)
AI,EWS,Uttar Pradesh,"Dr RML IMS, Lucknow",MBBS,24000,3792(2),4640(2),6389(2)
AI,Open,Rajasthan,"ESIC Med Coll, Jaipur",MBBS,100000,-,-,6481(5)
AI,Open,Telangana,"ESIC Med Coll,Sanath Nagar",MBBS,100000,3437(6),4885(8),6515(8)
AI,SC,Tamil Nadu,"Madras Med Coll, Chennai",MBBS,18073,6518(6),6518(6),6518(6)
IP,Open,Delhi,"ESI, Basaidarpur, Delhi",MBBS,100000,-,-,6556(15)
AI,Open,Himachal Pradesh,"IGMC, Shimla",MBBS,50000,2882(8),4222(8),6571(8)
AI,Open,Bihar,"Patna Med Coll, Patna",MBBS,9500,3797(11),5045(11),6597(11)
AIIMS SO,SC,Rajasthan,"AIIMS, Jodhpur",MBBS,1350,6920(22),6698(22),6698(22)
AI,Open,Uttar Pradesh,"Govt IMS, Kasna",MBBS,24000,4401(7),4856(7),6760(7)
IP,OBC,Delhi,"ABVIMS (Dr RML Hosp), Delhi",MBBS,41000,6763(21),6763(21),6763(21)
AI,Open,Tamil Nadu,"Stanley Med Coll, Chennai",MBBS,18073,1258(14),4677(14),6781(14)
AI,Open,Maharashtra,"HBT & RN Cooper, Mumbai",MBBS,158600,4153(10),6544(10),6782(10)
AI,EWS,Uttar Pradesh,"ESIC MedCollHosp,Noida",MBBS,100000,-,6792(1),6792(1)
AI,OBC,Uttar Pradesh,"Dr RML IMS, Lucknow",MBBS,24000,4283(8),5077(8),6814(8)
AI,EWS,Bihar,"Patna Med Coll, Patna",MBBS,9500,5254(3),5254(3),6821(3)
AI,Open,Rajasthan,"RNT, Udaipur",MBBS,96029,3890(17),5912(17),6828(17)
AI,EWS,Tamil Nadu,"Madras Med Coll, Chennai",MBBS,18073,3168(2),3615(2),6861(3)
AI,Open,Himachal Pradesh,"RPG, Tanda",MBBS,50000,4392(6),6318(6),6983(6)
AI,EWS,Rajasthan,"SP Med Coll, Bikaner",MBBS,96100,4472(4),7013(4),7013(4)
AIIMS SO,SC,Madhya Pradesh,"AIIMS, Bhopal",MBBS,1350,7030(18),7030(18),7030(18)
AI,Open,Gujarat,"Medical College, Baroda",MBBS,25000,2986(15),4429(15),7081(15)
AI,OBC,Tamil Nadu,"Stanley Med Coll, Chennai",MBBS,18073,1735(10),5375(10),7131(10)
AIIMS SO,Open,Tamil Nadu,"AIIMS, Madurai",MBBS,1350,3597(20),5761(20),7143(20)
AI,Open,Uttar Pradesh,"ESIC MedCollHosp,Noida",MBBS,100000,-,6403(2),7166(2)
AI,Open,Odisha,"SCB, Cuttack",MBBS,22000,2618(15),4959(15),7227(15)
AI,EWS,Rajasthan,"SNMC, Jodhpur",MBBS,96100,4938(4),7232(4),7232(4)
AI,EWS,Karnataka,"Bangalore Med Coll, Bangalore",MBBS,64350,4514(4),5719(4),7252(4)
AI,EWS,Telangana,"Gandhi Med Coll, Secunderabad",MBBS,14000,4977(2),4977(2),7253(2)
AI,EWS,Maharashtra,"Grant Med Coll, Mumbai",MBBS,158600,5194(4),6602(4),7262(4)
AI,Open,Andhra Pradesh,"Andhra Med Coll, Vizag",MBBS,15000,3935(16),7258(16),7267(16)
AI,Open,Kerala,"Govt Med Coll, Kottayam",MBBS,23150,2172(11),6310(11),7279(11)
AI,Open,Maharashtra,"Topiwala, Mumbai",MBBS,158600,2876(9),5829(9),7284(9)
AI,OBC,Odisha,"SCB, Cuttack",MBBS,22000,4882(10),5172(10),7351(10)
AI,EWS,West Bengal,"Medical College, Kolkata",MBBS,9000,5183(4),5368(4),7487(4)
AI,Open,Rajasthan,"JLNMC, Ajmer",MBBS,96075,4264(14),6634(14),7505(14)
AI,Open,Kerala,"Govt Med Coll, Thrissur",MBBS,23150,2709(10),6538(10),7547(10)
AI,ST,Delhi,"VMMC, Delhi",MBBS,41000,7556(2),7556(2),7556(2)
AI,OBC,Jharkhand,"Rajendra IMS, Ranchi",MBBS,17500,5315(6),7587(6),7587(6)
AI,Open,Haryana,"Pt BD Sharma, Rohtak",MBBS,61410,3756(15),5139(15),7588(15)
AI,Open,Karnataka,"Shri Atal Bihari Vajpayee, BLR",MBBS,64350,2355(9),6326(11),7675(11)
AI,EWS,Himachal Pradesh,"IGMC, Shimla",MBBS,50000,3786(1),5106(1),7676(1)
AI,OBC,Rajasthan,"RNT, Udaipur",MBBS,96029,4208(9),6323(9),7695(9)
AI,OBC,Himachal Pradesh,"IGMC, Shimla",MBBS,50000,3947(4),5212(4),7698(4)
JPMR SO,OBC,Pondicherry,"JIPMER, Karaikal",MBBS,1200,3452(11),5727(11),7700(11)
AI,EWS,Odisha,"SCB, Cuttack",MBBS,22000,4961(4),7747(4),7747(4)
AI,OBC,Rajasthan,"JLNMC, Ajmer",MBBS,96075,4473(10),6942(10),7787(10)
AIIMS SO,ST,Rajasthan,"AIIMS, Jodhpur",MBBS,1350,7353(11),7353(11),7835(11)
AI,EWS,Rajasthan,"RNT, Udaipur",MBBS,96029,5007(3),7838(3),7838(3)
AI,Open,Madhya Pradesh,"MGM Med Coll, Indore",MBBS,100000,4185(15),6057(15),7866(15)
AI,EWS,Madhya Pradesh,"MGM Med Coll, Indore",MBBS,100000,6389(4),7972(4),7972(4)
AI,OBC,Telangana,"Gandhi Med Coll, Secunderabad",MBBS,14000,3554(8),4282(8),7999(8)
AI,OBC,Gujarat,"Medical College, Baroda",MBBS,25000,4716(10),6568(10),8033(10)
AI,OBC,Rajasthan,"ESIC Med Coll, Jaipur",MBBS,100000,-,-,8056(2)
AI,EWS,Haryana,"ESI Med Coll, Faridabad",MBBS,100000,5048(2),5048(2),8083(3)
JPMR SO,EWS,Pondicherry,"JIPMER, Karaikal",MBBS,1200,5105(5),6616(5),8126(5)
AI,OBC,Gujarat,"Govt Med Coll, Surat",MBBS,25000,5432(11),7410(11),8149(11)
AI,OBC,Kerala,"Govt Med Coll, Thrissur",MBBS,23150,3275(6),7015(6),8155(6)
AI,OBC,Delhi,"ESI, Basaidarpur, Delhi",MBBS,100000,-,5903(2),8175(2)
AI,EWS,Rajasthan,"JLNMC, Ajmer",MBBS,96075,5830(4),8225(4),8225(4)
AIIMS SO,SC,Uttarakhand,"AIIMS, Rishikesh",MBBS,1350,8240(19),8240(19),8240(19)
AI,OBC,Himachal Pradesh,"RPG, Tanda",MBBS,50000,5651(5),7088(5),8273(5)
AI,Open,Bihar,"IGIMS, Patna",MBBS,81667,4482(9),7506(9),8317(9)
AI,Open,Rajasthan,"Govt Med Coll, Kota",MBBS,96100,4680(14),7263(14),8335(14)
DU,OBC,Delhi,"UCMS, Delhi",MBBS,31340,8467(35),8467(35),8467(35)
AI,OBC,Haryana,"ESI Med Coll, Faridabad",MBBS,100000,4957(5),6675(5),8475(6)
AI,OBC,Kerala,"Govt Med Coll, Kottayam",MBBS,23150,2835(6),8244(6),8485(6)
AI,Open,Jharkhand,"Rajendra IMS, Ranchi",MBBS,17500,4515(11),6563(11),8595(11)
AIIMS SO,OBC,Tamil Nadu,"AIIMS, Madurai",MBBS,1350,4627(13),6456(13),8617(13)
AI,EWS,Uttar Pradesh,"LLRM Med Coll, Meerut",MBBS,24000,7780(2),8627(2),8627(2)
AI,EWS,Bihar,"IGIMS, Patna",MBBS,81667,5477(2),8083(2),8631(2)
AI,OBC,West Bengal,"IPGMER, Kolkata",MBBS,9000,4770(7),6987(7),8662(7)
AI,Open,Uttar Pradesh,"LLRM Med Coll, Meerut",MBBS,24000,4621(9),6556(9),8670(9)
AI,OBC,Rajasthan,"Govt Med Coll, Kota",MBBS,96100,5100(9),7748(9),8677(9)
AIIMS SO,SC,Maharashtra,"AIIMS, Nagpur",MBBS,1350,8326(17),8697(17),8697(17)
AI,Open,Maharashtra,"Govt Med Coll, Nagpur",MBBS,158600,4260(13),6718(13),8699(13)
AI,OBC,West Bengal,"Medical College, Kolkata",MBBS,9000,5022(9),6064(9),8754(9)
AI,EWS,Telangana,"Osmania Med Coll, Hyderabad",MBBS,14000,6616(3),5617(3),8757(3)
AI,OBC,Maharashtra,"Grant Med Coll, Mumbai",MBBS,158600,4444(9),6448(9),8758(9)
AI,EWS,Jharkhand,"Rajendra IMS, Ranchi",MBBS,17500,6622(2),7783(2),8785(2)
AI,OBC,Bihar,"IGIMS, Patna",MBBS,81667,5180(6),8483(6),8853(6)
AI,Open,Rajasthan,"Shri Kalyan MedColl,Sikar",MBBS,96029,5485(5),7194(5),8903(5)
AI,Open,Uttar Pradesh,"S N Med Coll, Agra",MBBS,24000,4945(12),7190(12),8950(12)
AI,EWS,Andhra Pradesh,"Andhra Med Coll, Vizag",MBBS,15000,7095(4),8775(4),8958(4)
AI,EWS,Rajasthan,"Govt Med Coll, Kota",MBBS,96100,6519(4),9037(4),9037(4)
AI,EWS,Haryana,"Kalpana Chawala Govt MC,Karnal",MBBS,61410,7844(2),9048(2),9048(2)
AI,OBC,Rajasthan,"Shri Kalyan MedColl,Sikar",MBBS,96029,5834(4),8184(4),9077(4)
AI,Open,Tamil Nadu,"Kilpauk Med Coll, Chennai",MBBS,18073,1758(8),7100(8),9114(8)
AI,Open,Gujarat,"PDU Med Coll, Rajkot",MBBS,25000,5609(13),8033(13),9123(13)
AI,Open,Gujarat,"MP Shah, Jamnagar",MBBS,25000,5864(16),8632(16),9171(16)
AI,Open,Karnataka,"ESI, Bangalore",MBBS,100000,4951(8),7298(8),9180(8)
AI,Open,Rajasthan,"ESIC Med Coll, Alwar",MBBS,100000,5630(7),7756(7),9187(7)
AI,EWS,Gujarat,"Govt Med Coll, Surat",MBBS,25000,6259(3),9222(3),9222(3)
AI,OBC,Maharashtra,"BJMC, Pune",MBBS,158600,4600(9),6464(9),9284(9)
AI,OBC,Telangana,"ESIC Med Coll,Sanath Nagar",MBBS,100000,7488(4),8444(5),9301(5)
AI,EWS,Rajasthan,"ESIC Med Coll, Alwar",MBBS,100000,7109(1),9325(1),9325(1)
AMS-FRGNOCI,Open,Delhi,"AIIMS, Delhi",MBBS,1433362,9332(7),9332(7),9332(7)
AI,Open,Uttar Pradesh,"GSVM Med Coll, Kanpur",MBBS,24000,4575(15),6782(15),9353(15)
AI,Open,Haryana,"Kalpana Chawala Govt MC,Karnal",MBBS,61410,4879(7),7588(7),9358(7)
AI,Open,Karnataka,"Mysore Med Coll, Mysore",MBBS,64350,3087(11),6516(13),9374(13)
AI,OBC,Rajasthan,"ESIC Med Coll, Alwar",MBBS,100000,6229(4),8440(4),9399(4)
AI,Open,Madhya Pradesh,"Gandhi Med Coll, Bhopal",MBBS,100000,4807(13),7436(13),9417(13)
AI,EWS,Gujarat,"ESIC Med Coll, Naroda",MBBS,100000,-,9468(1),9468(1)
AI,OBC,Gujarat,"PDU Med Coll, Rajkot",MBBS,25000,6453(8),8470(8),9496(8)
AI,OBC,Uttar Pradesh,"GSVM Med Coll, Kanpur",MBBS,24000,5462(10),9155(10),9513(10)
AI,EWS,West Bengal,"Nilratan Sircar, Kolkata",MBBS,9000,9130(4),9580(4),9580(4)
AI,EWS,Rajasthan,"Government Med Coll, Dausa",MBBS,96029,9592(1),9592(1),9592(1)
AI,OBC,Uttar Pradesh,"LLRM Med Coll, Meerut",MBBS,24000,5741(6),9513(6),9650(6)
AI,OBC,Gujarat,"MP Shah, Jamnagar",MBBS,25000,7018(9),9040(9),9667(9)
AI,OBC,Andhra Pradesh,"Andhra Med Coll, Vizag",MBBS,15000,5104(10),10160(10),9669(10)
AI,OBC,Madhya Pradesh,"MGM Med Coll, Indore",MBBS,100000,5686(10),7315(10),9789(10)
AI,EWS,Gujarat,"Medical College, Baroda",MBBS,25000,5870(4),8464(4),9820(4)
AI,OBC,Rajasthan,"Govt Med Coll, Pali",MBBS,96029,7989(6),9874(6),9874(6)
AI,OBC,Haryana,"Pt BD Sharma, Rohtak",MBBS,61410,4592(10),8553(10),9920(10)
AI,EWS,Punjab,"Govt Med Coll, Patiala",MBBS,192000,7097(4),9847(4),9925(4)
AI,Open,Kerala,"TD Med Coll, Allepey",MBBS,23150,3414(10),8835(10),9926(10)
AI,Open,Rajasthan,"Govt Med Coll, Bhilwara",MBBS,96029,6820(9),9983(17),9969(7)
AI,OBC,Uttar Pradesh,"Govt IMS, Kasna",MBBS,24000,4758(4),8067(4),9983(4)
AI,OBC,Uttar Pradesh,"S N Med Coll, Agra",MBBS,24000,6400(9),9313(9),10008(9)
AI,Open,Madhya Pradesh,"Gaja Raja Med Coll, Gwalior",MBBS,100000,6115(12),8737(12),10034(12)
AI,EWS,Himachal Pradesh,"RPG, Tanda",MBBS,50000,5308(2),9124(2),10086(2)
AI,OBC,Kerala,"Govt Med Coll, Manjeri",MBBS,23150,5058(5),10100(5),10100(5)
AI,EWS,Bihar,"Nalanda Med Coll, Patna",MBBS,9500,6711(1),10109(1),10109(1)
AI,OBC,Telangana,"Osmania Med Coll, Hyderabad",MBBS,14000,4329(10),7039(10),10117(10)
AI,Open,Uttarakhand,"Doon Med Coll, Dehradun",MBBS,150000,5090(8),6285(8),10125(8)
DU,EWS,Delhi,"UCMS, Delhi",MBBS,31340,6992(9),6992(9),10130(9)
AI,OBC,Rajasthan,"Govt Med Coll, Bhilwara",MBBS,96029,7943(6),10553(12),10228(6)
AI,OBC,Kerala,"TD Med Coll, Allepey",MBBS,23150,3940(7),9553(7),10269(7)
AI,OBC,Madhya Pradesh,"Gandhi Med Coll, Bhopal",MBBS,100000,6618(9),9464(9),10298(9)
AI,Open,Punjab,"Govt Med Coll, Amritsar",MBBS,192000,5197(16),9120(16),10304(16)
AI,Open,Gujarat,"Govt Med Coll, Bhavnagar",MBBS,25000,6717(10),9187(10),10344(10)
AI,Open,Rajasthan,"Jhalawar Med Coll, Jhalawar",MBBS,96029,5730(11),8335(11),10360(11)
AI,Open,Himachal Pradesh,"LalBahShastri Govt Med, Mandi",MBBS,50000,6652(7),8593(7),10366(7)
AI,Open,Kerala,"Govt Med Coll, Manjeri",MBBS,23150,4453(6),9343(6),10429(6)
AI,Open,Uttar Pradesh,"MLN Med Coll, Allahabad",MBBS,24000,4991(12),7692(12),10455(12)
AI,Open,Maharashtra,"Govt Med Coll, Mumbai",MBBS,158600,4509(3),7789(3),10468(3)
AI,OBC,Bihar,"Nalanda Med Coll, Patna",MBBS,9500,7268(6),10537(6),10537(6)
AI,EWS,Maharashtra,"BJMC, Pune",MBBS,158600,5434(3),7676(3),10540(3)
AI,OBC,Rajasthan,"Jhalawar Med Coll, Jhalawar",MBBS,96029,6634(8),8843(8),10614(8)
AI,Open,Uttar Pradesh,"MLB Med Coll, Jhansi",MBBS,24000,6180(8),9902(8),10664(8)
AI,OBC,Madhya Pradesh,"Gaja Raja Med Coll, Gwalior",MBBS,100000,7170(8),9865(8),10675(8)
AI,EWS,Gujarat,"PDU Med Coll, Rajkot",MBBS,25000,6691(2),9426(2),10685(2)
AI,Open,Dadra and Nagar Haveli,"NAMO MERI Govt MedColl,Silvassa",MBBS,53000,8919(9),10687(9),10687(9)
AI,OBC,Gujarat,"Govt Med Coll, Bhavnagar",MBBS,25000,7497(7),9701(7),10705(7)
AI,Open,Bihar,"Nalanda Med Coll, Patna",MBBS,9500,6106(9),9827(9),10728(9)
AI,EWS,Rajasthan,"Shri Kalyan MedColl,Sikar",MBBS,96029,8660(2),10730(2),10730(2)
AI,Open,Rajasthan,"Govt Med Coll, Pali",MBBS,96029,7175(9),9579(9),10739(9)
AI,Open,West Bengal,"Nilratan Sircar, Kolkata",MBBS,9000,5524(15),9231(15),10755(15)
AI,EWS,Uttarakhand,"Doon Med Coll, Dehradun",MBBS,150000,7523(1),10384(1),10772(1)
AI,OBC,Haryana,"Kalpana Chawala Govt MC,Karnal",MBBS,61410,6679(4),10786(4),10786(4)
AI,EWS,Uttar Pradesh,"Govt IMS, Kasna",MBBS,24000,5490(1),6054(1),10796(1)
AI,EWS,Himachal Pradesh,"LalBahShastri Govt Med, Mandi",MBBS,50000,9037(2),10816(2),10816(2)
AI,Open,Jammu and Kashmir,"Gove Med Coll, Jammu",MBBS,26250,6719(10),9487(10),10820(10)
AI,OBC,Punjab,"ESIC MedCollHosp,Ludhiana",MBBS,100000,-,10822(1),10822(1)
AI,Open,Uttarakhand,"Govt Med Coll, Haldwani",MBBS,150000,6264(7),10070(7),10967(7)
AI,Open,Tamil Nadu,Coimbatore Med Coll,MBBS,18073,3237(12),9617(12),11002(12)
AI,OBC,Uttarakhand,"Doon Med Coll, Dehradun",MBBS,150000,7277(5),9903(5),11072(5)
AI,Open,Rajasthan,"Government Med Coll, Alwar",MBBS,96029,7064(7),11124(7),11124(7)
AI,Open,Kerala,"Govt Med Coll, Ernakulam",MBBS,23150,3969(6),9072(6),11149(6)
AI,Open,Uttar Pradesh,"UP Univ of Med Sci, Etawah",MBBS,24000,7361(12),10724(12),11173(12)
AI,EWS,Uttar Pradesh,"GSVM Med Coll, Kanpur",MBBS,24000,5550(4),8972(4),11185(4)
AI,OBC,Dadra and Nagar Haveli,"NAMO MERI Govt MedColl,Silvassa",MBBS,53000,10161(4),11215(4),11215(4)
AI,EWS,Madhya Pradesh,"Gandhi Med Coll, Bhopal",MBBS,100000,7666(4),10372(4),11253(4)
AI,OBC,Uttar Pradesh,"MLB Med Coll, Jhansi",MBBS,24000,8044(5),10460(5),11299(5)
AI,OBC,Jammu and Kashmir,"Gove Med Coll, Jammu",MBBS,26250,9019(7),11236(8),11301(8)
AI,OBC,Uttar Pradesh,"MLN Med Coll, Allahabad",MBBS,24000,6175(8),9759(8),11302(8)
AI,OBC,Maharashtra,"Govt Med Coll, Nagpur",MBBS,158600,6433(9),10190(9),11390(9)
AI,EWS,Karnataka,"ESI, Bangalore",MBBS,100000,9673(2),10403(2),11395(2)
AI,OBC,Maharashtra,"HBT & RN Cooper, Mumbai",MBBS,158600,6279(8),10290(8),11420(8)
AI,Open,Madhya Pradesh,"ESIC Med Coll, Indore",MBBS,100000,-,-,11469(3)
AI,Open,Rajasthan,"Government Med Coll, Dausa",MBBS,96029,9156(5),11503(5),11503(5)
AI,OBC,Punjab,"Govt Med Coll, Patiala",MBBS,192000,7803(11),10903(11),11510(11)
AI,Open,Uttar Pradesh,"BRD Med Coll, Gorakhpur",MBBS,24000,6053(9),9358(9),11526(9)
IP,EWS,Delhi,"ESI, Basaidarpur, Delhi",MBBS,100000,-,-,11539(4)
AI,Open,Rajasthan,"Govt Med Coll, Churu",MBBS,96029,7986(8),10544(8),11548(8)
AI,OBC,Uttar Pradesh,"UP Univ of Med Sci, Etawah",MBBS,24000,9014(8),11345(8),11583(8)
AI,Open,Kerala,"Govt Med Coll, Kollam",MBBS,23150,5000(6),10347(6),11585(6)
AI,EWS,Rajasthan,"Jhalawar Med Coll, Jhalawar",MBBS,96029,7948(2),10685(2),11593(2)
AI,OBC,West Bengal,"Nilratan Sircar, Kolkata",MBBS,9000,7671(10),11263(10),11608(10)
AI,OBC,Kerala,"Govt Med Coll, Ernakulam",MBBS,23150,4577(4),10841(4),11625(4)
AI,Open,Kerala,"Academy of Med Sci, Pariyaram",MBBS,23150,4510(5),10018(5),11650(5)
AI,OBC,Maharashtra,"Topiwala, Mumbai",MBBS,158600,5749(5),9907(5),11667(5)
AI,OBC,Uttar Pradesh,"ESIC MedCollHosp,Noida",MBBS,100000,-,10008(3),11674(3)
AI,OBC,Maharashtra,"Lokmanya Tilak, Sion, Mumbai",MBBS,158600,5576(7),9207(7),11693(7)
AI,Open,Madhya Pradesh,"NSC Bose Med Coll, Jabalpur",MBBS,100000,7037(13),10051(13),11706(13)
AIIMS SO,ST,Madhya Pradesh,"AIIMS, Bhopal",MBBS,1350,11713(8),11713(8),11713(8)
AI,EWS,Madhya Pradesh,"Gaja Raja Med Coll, Gwalior",MBBS,100000,8631(3),10529(3),11730(3)
AI,EWS,Rajasthan,"Govt Med Coll, Pali",MBBS,96029,9460(3),11766(3),11766(3)
AI,Open,Tamil Nadu,"Madurai Med Coll, Madurai",MBBS,18073,2543(15),10483(15),11769(15)
AI,Open,Maharashtra,"Rajiv Gandhi MC & CSMH, Thane",MBBS,158600,5783(6),8704(6),11786(6)
AI,Open,Rajasthan,"Govt Med Coll, Bharatpur",MBBS,96029,7816(9),10708(9),11791(9)
AI,Open,Uttar Pradesh,"Shaik-ul-Hind, Saharanpur",MBBS,24000,9465(5),11055(5),11859(5)
AI,OBC,Kerala,"Academy of Med Sci, Pariyaram",MBBS,23150,4799(4),10910(4),11877(4)
AI,Open,Bihar,"Darbhanga, Lehriasarai",MBBS,9500,7873(7),11653(7),11898(7)
AI,Open,Punjab,"DrBRAmbedkar State IMS,Mohali",MBBS,192000,4511(7),9132(7),11918(7)
AI,EWS,Gujarat,"MP Shah, Jamnagar",MBBS,25000,7699(4),10981(4),11923(4)
AI,Open,Haryana,"BPS Govt Med Coll, Sonepat",MBBS,61410,7449(6),11925(6),11925(6)
AI,OBC,Rajasthan,"Govt Med Coll, Bharatpur",MBBS,96029,8220(5),11121(5),11972(5)
AI,OBC,Tamil Nadu,"Kilpauk Med Coll, Chennai",MBBS,18073,2383(6),7800(6),12033(6)
AIIMS SO,EWS,Tamil Nadu,"AIIMS, Madurai",MBBS,1350,6467(5),7417(5),12057(5)
AI,EWS,Uttarakhand,"Govt Med Coll, Haldwani",MBBS,150000,8694(2),12795(2),12081(2)
AI,OBC,Bihar,"Darbhanga, Lehriasarai",MBBS,9500,8947(4),12082(4),12082(4)
AI,OBC,Tamil Nadu,Coimbatore Med Coll,MBBS,18073,3808(8),10829(8),12085(8)
AI,Open,Himachal Pradesh,"DrRadhakrishnan GovtColl,Hamirpur",MBBS,50000,7307(6),11077(6),12103(6)
AI,OBC,Himachal Pradesh,"LalBahShastri Govt Med, Mandi",MBBS,50000,7208(5),9565(5),12108(5)
AI,Open,Maharashtra,"ESI, Andheri, Mumbai",MBBS,100000,-,7812(2),12130(2)
AI,OBC,Rajasthan,"Govt Med Coll, Churu",MBBS,96029,9043(7),11204(7),12207(7)
AIIMS SO,SC,Chhattisgarh,"AIIMS, Raipur",MBBS,1350,12231(18),12231(18),12231(18)
AI,Open,Rajasthan,"Government Med Coll,Chittorgarh",MBBS,96029,9008(5),11083(5),12301(5)
AI,OBC,Kerala,"Govt Med Coll, Kollam",MBBS,23150,5734(5),11182(5),12312(5)
AI,EWS,Gujarat,"Govt Med Coll, Bhavnagar",MBBS,25000,8150(3),11484(3),12318(3)
AI,OBC,Uttar Pradesh,"BRD Med Coll, Gorakhpur",MBBS,24000,7479(6),10319(6),12326(6)
AI,EWS,Dadra and Nagar Haveli,"NAMO MERI Govt MedColl,Silvassa",MBBS,53000,11816(2),12336(2),12336(2)
AI,EWS,Uttar Pradesh,"S N Med Coll, Agra",MBBS,24000,7051(3),9080(3),12381(3)
AI,OBC,Madhya Pradesh,"NSC Bose Med Coll, Jabalpur",MBBS,100000,8481(9),11011(9),12409(9)
AI,Open,Punjab,"ESIC MedCollHosp,Ludhiana",MBBS,100000,-,9396(3),12420(3)
AI,EWS,Rajasthan,"Govt Med Coll, Bhilwara",MBBS,96029,9186(2),12422(4),12422(4)
JPMR SO,ST,Pondicherry,"JIPMER, Puducherry",MBBS,1200,6283(9),6283(9),12503(10)
AI,EWS,Uttar Pradesh,"MLN Med Coll, Allahabad",MBBS,24000,7089(3),10806(3),12526(3)
AI,OBC,Maharashtra,"Govt Med Coll, Mumbai",MBBS,158600,6437(2),10832(2),12550(2)
AI,Open,Gujarat,"ESIC Med Coll, Naroda",MBBS,100000,-,9438(3),12560(3)
AI,Open,Odisha,"MKCG, Berhampur",MBBS,22000,6010(16),11865(16),12593(16)
AI,OBC,Tamil Nadu,"Madurai Med Coll, Madurai",MBBS,18073,3337(9),11212(9),12595(9)
AI,OBC,Odisha,"MKCG, Berhampur",MBBS,22000,8851(10),12454(10),12670(10)
AI,Open,Andhra Pradesh,"Guntur Med Coll, Guntur",MBBS,15000,5030(13),10064(13),12681(13)
AI,EWS,Uttar Pradesh,"BRD Med Coll, Gorakhpur",MBBS,24000,7783(2),10130(2),12710(2)
AI,OBC,Uttar Pradesh,"Shaik-ul-Hind, Saharanpur",MBBS,24000,10873(3),12486(3),12722(3)
AI,OBC,Karnataka,"ESI, Bangalore",MBBS,100000,6851(6),11322(6),12726(6)
AI,EWS,Rajasthan,"Govt Med Coll, Bharatpur",MBBS,96029,10461(2),12727(2),12727(2)
AI,EWS,Rajasthan,"Government Med Coll, Alwar",MBBS,96029,9325(1),12737(1),12737(1)
AI,Open,Tamil Nadu,Tirunelveli Med Coll,MBBS,18073,5527(14),12520(14),12754(14)
AI,Open,Assam,"Gauhati Med Coll, Guwahati",MBBS,6400,7008(12),12779(16),12779(16)
AI,EWS,Uttar Pradesh,"MLB Med Coll, Jhansi",MBBS,24000,8885(3),11843(3),12795(3)
AI,Open,Tamil Nadu,"Govt Med Coll, Omandurar",MBBS,18073,3171(7),9558(7),12902(7)
AI,OBC,Rajasthan,"Government Med Coll, Alwar",MBBS,96029,9182(4),11452(4),12922(4)
AI,EWS,Punjab,"Govt Med Coll, Amritsar",MBBS,192000,9124(3),12318(3),12988(3)
AI,Open,Goa,"Goa Med Coll, Panaji",MBBS,154050,7141(12),10369(12),12994(12)
AI,EWS,Rajasthan,"Govt Med Coll, Barmer",MBBS,96029,10691(1),13027(1),13027(1)
AI,Open,Jammu and Kashmir,"Sher-I-Kashmir, Srinagar",MBBS,36400,7138(8),13034(8),13034(8)
AI,EWS,Punjab,"ESIC MedCollHosp,Ludhiana",MBBS,100000,-,-,13069(1)
AI,EWS,Bihar,"Darbhanga, Lehriasarai",MBBS,9500,9039(2),13081(2),13081(2)
AI,Open,Maharashtra,"Indira Gandhi MedColl, Nagpur",MBBS,158600,6168(13),10194(13),13084(13)
AI,OBC,Madhya Pradesh,"ESIC Med Coll, Indore",MBBS,100000,-,-,13186(2)
AI,EWS,Maharashtra,"Lokmanya Tilak, Sion, Mumbai",MBBS,158600,6602(3),8586(3),13196(3)
AI,Open,Himachal Pradesh,"Govt Med Coll, Nahan",MBBS,50000,7501(7),11287(7),13273(7)
AI,OBC,Rajasthan,"Government Med Coll,Chittorgarh",MBBS,96029,10122(4),11155(4),13285(4)
AI,OBC,Madhya Pradesh,"Govt Med Coll, Ratlam",MBBS,100000,11364(7),13292(7),13292(7)
AI,EWS,Madhya Pradesh,"NSC Bose Med Coll, Jabalpur",MBBS,100000,9209(4),12955(4),13293(4)
DU,OBC,Delhi,"Lady Hardinge, Delhi",MBBS,1665,13303(45),13303(45),13303(45)
AI,EWS,Himachal Pradesh,"Govt Med Coll, Nahan",MBBS,50000,8356(1),12518(1),13312(1)
AI,EWS,Odisha,"MKCG, Berhampur",MBBS,22000,8140(4),12935(4),13319(4)
AI,Open,Uttar Pradesh,"Govt Med Coll, Kannauj",MBBS,24000,8103(5),11568(5),13355(5)
AI,EWS,Uttar Pradesh,"Shaik-ul-Hind, Saharanpur",MBBS,24000,10628(1),13367(1),13367(1)
IP,OBC,Delhi,"ESI, Basaidarpur, Delhi",MBBS,100000,-,-,13370(12)
AI,Open,Rajasthan,"Govt Med Coll, Sri Ganganagar",MBBS,96029,9183(5),11555(5),13407(5)
AI,Open,Rajasthan,"RUHS Coll of Dental Sci,Jaipur",BDS,35077,13694(1),6406(1),13416(1)
AI,Open,Tamil Nadu,"Govt Med Coll & ESI,Coimbatore",MBBS,18073,5119(6),12535(6),13417(6)
AI,OBC,Rajasthan,"Govt Med Coll, Sri Ganganagar",MBBS,96029,10558(4),12499(4),13425(4)
AI,EWS,Maharashtra,"Topiwala, Mumbai",MBBS,158600,6365(2),9893(2),13471(2)
AI,EWS,Rajasthan,"Govt Med Coll, Jhunjhunu",MBBS,96029,13484(1),13484(1),13484(1)
AI,OBC,Karnataka,"Mysore Med Coll, Mysore",MBBS,64350,5571(8),11313(10),13516(10)
AI,Open,Tamil Nadu,Kanyakumari Med Coll,MBBS,18073,7186(8),13492(8),13547(8)
AI,Open,Tamil Nadu,"Mohan Kumaramangalam, Salem",MBBS,18073,5228(6),11708(6),13573(6)
AI,Open,Kerala,"Government Medical Coll, Konni",MBBS,23150,5786(6),12021(6),13587(6)
AI,OBC,Kerala,"Government Medical Coll, Konni",MBBS,23150,6039(3),12690(3),13598(3)
AI,Open,Uttar Pradesh,"Govt Med Coll, Bulandshahr",MBBS,24000,10012(6),13228(6),13610(6)
AI,EWS,Kerala,"Govt Med Coll, Kozhikode",MBBS,23150,8702(4),11730(4),13617(4)
AI,Open,Uttar Pradesh,"ESIC, Varanasi",MBBS,100000,-,-,13639(4)
AI,EWS,Rajasthan,"Govt Med Coll, Churu",MBBS,96029,10889(3),13662(3),13662(3)
AI,ST,Delhi,"UCMS, Delhi",MBBS,31340,13646(2),13670(2),13670(2)
AI,OBC,Punjab,"Govt Med Coll, Amritsar",MBBS,192000,9023(9),12607(9),13682(9)
AI,OBC,Tamil Nadu,"Govt Med Coll & ESI,Coimbatore",MBBS,18073,5815(4),13683(4),13683(4)
AI,Open,Maharashtra,"Govt Med Coll, Aurangabad",MBBS,158600,7773(13),11405(13),13686(13)
AI,Open,West Bengal,Calcutta National Med Coll,MBBS,9000,6375(15),11518(15),13687(15)
AI,EWS,Uttar Pradesh,"UP Univ of Med Sci, Etawah",MBBS,24000,10109(3),12252(3),13711(3)
AI,Open,Tamil Nadu,Govt Theni Med Coll,MBBS,18073,6539(6),13522(6),13714(6)
AI,SC,Delhi,"Lady Hardinge, Delhi",MBBS,1665,13728(6),13728(6),13728(6)
AI,EWS,Maharashtra,"Govt Med Coll, Mumbai",MBBS,158600,6626(1),11282(1),13767(1)
AI,OBC,Uttar Pradesh,"ESIC, Varanasi",MBBS,100000,-,-,13778(1)
AI,OBC,Uttar Pradesh,"Govt Med Coll, Kannauj",MBBS,24000,9957(4),12326(4),13799(4)
AI,Open,Kerala,"Govt Med Coll, Palakkad",MBBS,23150,5267(5),12126(5),13829(5)
AI,Open,Rajasthan,"Govt Med Coll, Barmer",MBBS,96029,8652(8),11645(8),13865(8)
AI,OBC,Rajasthan,"Government Med Coll, Dausa",MBBS,96029,10620(5),12322(5),13871(5)
AI,Open,Tamil Nadu,Thanjavur Med Coll,MBBS,18073,4073(8),12232(8),13876(8)
AI,Open,Maharashtra,"Govt Med Coll, Baramati",MBBS,158600,9314(7),12130(7),13890(7)
AI,Open,Madhya Pradesh,"Govt Med Coll, Ratlam",MBBS,100000,10378(10),12562(10),13959(10)
AI,EWS,Madhya Pradesh,"Govt Med Coll, Ratlam",MBBS,100000,13505(3),13961(3),13961(3)
AI,EWS,Telangana,"ESIC Med Coll,Sanath Nagar",MBBS,100000,11395(2),11395(2),13990(2)
AI,OBC,Tamil Nadu,Tirunelveli Med Coll,MBBS,18073,6468(11),13911(11),13994(11)
AI,Open,Bihar,"Sri Krishna, Muzzafarpur",MBBS,9500,10324(8),13720(8),13996(8)
AI,OBC,Tamil Nadu,"Mohan Kumaramangalam, Salem",MBBS,18073,5620(3),12085(3),14003(3)
AI,Open,West Bengal,"RG Kar Med Coll, Kolkata",MBBS,9000,7997(16),12512(16),14047(16)
AI,OBC,Gujarat,"ESIC Med Coll, Naroda",MBBS,100000,-,10681(2),14052(2)
AI,OBC,Karnataka,"Shri Atal Bihari Vajpayee, BLR",MBBS,64350,6170(6),11128(8),14053(8)
AI,SC,Chandigarh,"GMC, Chandigarh",MBBS,24979,14060(3),14060(3),14060(3)
AI,ST,Delhi,"ABVIMS (Dr RML Hosp), Delhi",MBBS,41000,14062(1),14062(1),14062(1)
AI,OBC,Maharashtra,"Rajiv Gandhi MC & CSMH, Thane",MBBS,158600,7852(4),11558(4),14118(4)
AI,SC,Delhi,"ABVIMS (Dr RML Hosp), Delhi",MBBS,41000,7191(2),14191(2),14191(2)
AI,OBC,Tamil Nadu,"Govt Med Coll, Omandurar",MBBS,18073,3612(4),11350(4),14238(4)
AI,Open,Odisha,"VIMSAR, Burla",MBBS,22000,7154(10),13361(10),14298(10)
AI,OBC,Odisha,"VIMSAR, Burla",MBBS,22000,10506(8),14270(8),14336(8)
AI,OBC,Kerala,"Govt Med Coll, Palakkad",MBBS,23150,6038(4),12625(4),14342(4)
AI,Open,Karnataka,"ESIC Med Coll,Gulbarga",MBBS,100000,10190(9),14031(9),14381(9)
AI,Open,Tamil Nadu,"KAPV Med Coll, Trichy",MBBS,18073,6379(9),12768(9),14383(9)
AI,Open,Punjab,"Guru Govind Singh, Faridkot",MBBS,192000,6757(8),11106(12),14394(15)
AI,OBC,Maharashtra,"ESI, Andheri, Mumbai",MBBS,100000,-,12432(3),14399(3)
AI,Open,Bihar,"ESIC Med Coll, Patna",MBBS,100000,-,13129(6),14409(6)
AI,Open,Kerala,"Government Med Coll, Idukki",MBBS,23150,6126(7),12614(7),14415(7)
AI,EWS,Rajasthan,"Government Med Coll, Sirohi",MBBS,96029,11658(1),14430(1),14430(1)
AI,EWS,Madhya Pradesh,"Bundelkhand Med Coll, Sagar",MBBS,100000,12542(2),14516(2),14516(2)
AI,EWS,Uttar Pradesh,"MRA Med Coll, Ambedkarnagar",MBBS,24000,10981(1),14551(1),14551(1)
DEL CW,OBC,Delhi,"Lady Hardinge, Delhi",MBBS,1665,14574(3),14574(3),14574(3)
AI,SC,Delhi,"UCMS, Delhi",MBBS,31340,8538(3),8538(3),14605(3)
AI,EWS,Rajasthan,"Govt Med Coll, Sri Ganganagar",MBBS,96029,11821(2),14389(2),14611(2)
AI,OBC,Maharashtra,"Indira Gandhi MedColl, Nagpur",MBBS,158600,8175(9),11631(9),14613(9)
AI,OBC,Tamil Nadu,Kanyakumari Med Coll,MBBS,18073,7655(5),14235(5),14619(5)
AI,Open,Haryana,"AB Vajpay GovtMedColl,Faridabad",MBBS,61410,6948(6),12219(6),14645(6)
AI,OBC,Himachal Pradesh,"Govt Med Coll, Nahan",MBBS,50000,9347(5),12108(5),14674(5)
AI,EWS,Uttar Pradesh,"Govt Med Coll, Bulandshahr",MBBS,24000,13059(1),14734(1),14734(1)
AI,Open,Karnataka,"KIMS, Hubli",MBBS,64350,5413(11),10958(11),14740(11)
AI,OBC,Rajasthan,"Govt Med Coll, Barmer",MBBS,96029,9907(5),11924(5),14754(5)
AI,OBC,Kerala,"Government Med Coll, Idukki",MBBS,23150,6769(4),13329(4),14756(4)
AI,Open,Kerala,"GMC, Wayanad",MBBS,23150,-,12491(3),14769(3)
AI,OBC,West Bengal,Calcutta National Med Coll,MBBS,9000,8258(9),12224(9),14788(9)
AI,OBC,Tamil Nadu,Govt Theni Med Coll,MBBS,18073,7180(4),14619(4),14826(4)
AI,Open,Madhya Pradesh,"SSMC, Rewa",MBBS,100000,8400(9),11706(9),14831(9)
AI,Open,Rajasthan,"Government Med Coll, Sirohi",MBBS,96029,10476(7),13285(7),14864(7)
AI,Open,Rajasthan,"Govt Med Coll, Dungapur",MBBS,96029,10093(9),12370(9),14923(9)
AI,OBC,Uttarakhand,"Govt Med Coll, Haldwani",MBBS,150000,9129(5),11894(5),14958(5)
AI,Open,Bihar,"Vardhman IMS, Nalanda",MBBS,9500,7883(6),11813(6),14959(6)
AI,Open,Tamil Nadu,"Govt Med Coll, Tiruppur",MBBS,18073,8914(6),14961(6),14961(6)
AI,OBC,Haryana,"BPS Govt Med Coll, Sonepat",MBBS,61410,9940(5),14510(5),14981(5)
AI,OBC,Tamil Nadu,Thanjavur Med Coll,MBBS,18073,5063(5),13445(5),15009(5)
AI,EWS,Odisha,"Sri Jagannath Med Coll, Puri",MBBS,22000,14447(2),15033(2),15033(2)
AI,OBC,Tamil Nadu,"KAPV Med Coll, Trichy",MBBS,18073,6815(6),14119(6),15036(6)
AI,OBC,Madhya Pradesh,"SSMC, Rewa",MBBS,100000,10171(6),12918(6),15058(6)
AI,OBC,Bihar,"Sri Krishna, Muzzafarpur",MBBS,9500,11096(5),15126(5),15095(5)
AI,Open,Tamil Nadu,Chengalpattu Med Coll,MBBS,18073,3814(6),11225(6),15110(6)
AI,Open,Jammu and Kashmir,"Government Medical Coll,Kathua",MBBS,26250,11929(6),15123(10),15123(10)
AI,EWS,Karnataka,"ESIC Med Coll,Gulbarga",MBBS,100000,12609(2),15144(2),15144(2)
AI,OBC,Kerala,"GMC, Wayanad",MBBS,23150,-,15455(2),15152(2)
AI,Open,Tamil Nadu,"ESI PGIMSR, KK Nagar, Chennai",MBBS,100000,6075(8),11786(8),15170(8)
AI,EWS,Uttar Pradesh,"Govt Med Coll, Kannauj",MBBS,24000,12381(2),14672(2),15185(2)
AI,OBC,Punjab,"DrBRAmbedkar State IMS,Mohali",MBBS,192000,5370(3),9376(3),15210(3)
DU,EWS,Delhi,"Lady Hardinge, Delhi",MBBS,1665,14522(16),14555(16),15212(17)
AI,OBC,Rajasthan,"Govt Med Coll, Dungapur",MBBS,96029,10240(5),12809(5),15232(5)
AI,OBC,West Bengal,"RG Kar Med Coll, Kolkata",MBBS,9000,9315(9),13576(9),15234(9)
AI,Open,Haryana,"SHKM, Nalhar",MBBS,61410,9719(7),13659(7),15245(7)
AI,Open,Bihar,"Jawaharlal Nehru, Bhagalpur",MBBS,9500,9419(6),14068(6),15293(6)
AI,Open,Uttar Pradesh,"Govt Allopathic Med Coll,Banda",MBBS,24000,11345(5),14176(5),15296(5)
AI,Open,Himachal Pradesh,"Govt Med Coll, Chamba",MBBS,50000,8311(7),12606(7),15300(7)
AI,Open,Rajasthan,"Govt Med Coll, Jhunjhunu",MBBS,96029,9077(6),12963(6),15338(6)
AI,EWS,Rajasthan,"GMC, Jaisalmer",MBBS,96029,-,15346(1),15346(1)
AI,OBC,Rajasthan,"Govt Med Coll, Jhunjhunu",MBBS,96029,10852(4),13494(4),15351(4)
AI,EWS,Jammu and Kashmir,"Gove Med Coll, Jammu",MBBS,26250,10524(3),15352(3),15352(3)
AI,EWS,Karnataka,"Mysore Med Coll, Mysore",MBBS,64350,7253(3),8905(4),15375(4)
AI,Open,Uttarakhand,"Government Med Coll, Haridwar",MBBS,150000,9655(6),13489(6),15415(6)
AI,Open,Madhya Pradesh,"Atal Bihari Vajpayee, Vidisha",MBBS,100000,8856(12),12391(12),15434(12)
AI,EWS,Maharashtra,"HBT & RN Cooper, Mumbai",MBBS,158600,8531(3),10540(3),15451(3)
AI,Open,Tamil Nadu,Govt Vellore Med Coll,MBBS,18073,4451(6),11801(6),15455(6)
AI,Open,Uttar Pradesh,"MRA Med Coll, Ambedkarnagar",MBBS,24000,9735(7),12896(7),15469(7)
AI,Open,Maharashtra,"MPGIMER, Nashik",MBBS,158600,8011(3),13401(3),15483(3)
AI,OBC,Tamil Nadu,Govt Dharmapuri Med Coll,MBBS,18073,9428(4),15493(4),15493(4)
AI,OBC,Rajasthan,"Government Med Coll, Sirohi",MBBS,96029,11449(4),13818(4),15508(4)
AIIMS SO,SC,Andhra Pradesh,"AIIMS, Mangalagiri",MBBS,1350,15527(18),15552(18),15552(18)
AI,EWS,Rajasthan,"Govt Med Coll, Dungapur",MBBS,96029,11255(2),15024(2),15562(2)
AI,EWS,Maharashtra,"Govt Med Coll, Nagpur",MBBS,158600,7746(5),11141(5),15580(5)
AI,Open,Chhattisgarh,"Pt JNM Med Coll, Raipur",MBBS,50000,6949(13),11424(13),15581(13)
AI,OBC,Uttar Pradesh,"Govt Med Coll, Bulandshahr",MBBS,24000,12671(4),15083(4),15597(4)
AI,Open,Rajasthan,Government Medical College Bundi,MBBS,96029,10692(5),12878(5),15614(5)
AI,Open,Rajasthan,"Government Med Coll, Dholpur",MBBS,96029,11216(7),14011(7),15637(7)
AI,OBC,Tamil Nadu,Chengalpattu Med Coll,MBBS,18073,4245(4),12864(4),15646(4)
AI,OBC,Tamil Nadu,"Govt Med Coll, Tiruppur",MBBS,18073,9659(4),15740(4),15740(4)
AI,OBC,Bihar,"Jawaharlal Nehru, Bhagalpur",MBBS,9500,10456(5),14929(5),15741(5)
AI,SC,Kerala,"Govt Med Coll, Kozhikode",MBBS,23150,15754(4),15754(4),15754(4)
AI,EWS,Maharashtra,"Rajiv Gandhi MC & CSMH, Thane",MBBS,158600,9275(1),12570(1),15760(1)
AI,EWS,Rajasthan,Government Medical College Bundi,MBBS,96029,13942(2),15767(2),15767(2)
AI,OBC,Maharashtra,"Govt Med Coll, Aurangabad",MBBS,158600,9911(8),13109(8),15779(8)
AI,Open,Haryana,"Pt Neki Ram Sharma GovtMedColl, Bhiwani",MBBS,61410,-,14001(5),15784(5)
AI,Open,Rajasthan,"Government Med Coll, Hanumangarh",MBBS,96029,10750(5),13407(5),15789(5)
AI,Open,Tamil Nadu,"Govt Erode Med Coll,Perundurai",MBBS,18073,8412(7),14745(7),15799(7)
AI,Open,Tamil Nadu,Govt Dharmapuri Med Coll,MBBS,18073,8508(7),15178(7),15804(7)
AI,EWS,Bihar,"Jawaharlal Nehru, Bhagalpur",MBBS,9500,11716(2),15814(2),15814(2)
AI,Open,Jharkhand,"MGM Med Coll, Jamshedpur",MBBS,9130,7201(6),10413(6),15831(9)
AI,OBC,Himachal Pradesh,"Govt Med Coll, Chamba",MBBS,50000,9441(5),13093(5),15890(5)
AI,Open,Karnataka,"Belagavi IMS, Belagavi",MBBS,64350,7756(8),14397(13),15950(13)
AI,Open,Rajasthan,"Govt Med Coll, Nagaur",MBBS,96029,8845(5),12761(5),15959(5)
AI,Open,Bihar,"AN Magadh, Gaya",MBBS,9500,10932(8),15406(8),15963(8)
AI,OBC,Tamil Nadu,Govt Vellore Med Coll,MBBS,18073,5264(4),12369(4),15971(4)
AI,OBC,Bihar,"ESIC Med Coll, Patna",MBBS,100000,-,15639(4),15972(4)
AI,Open,Madhya Pradesh,"Bundelkhand Med Coll, Sagar",MBBS,100000,9704(7),13290(9),15990(9)
AI,OBC,Himachal Pradesh,"DrRadhakrishnan GovtColl,Hamirpur",MBBS,50000,9722(5),13135(5),15996(5)
AI,Open,Karnataka,"Mandya IMS, Mandya",MBBS,64350,7639(8),14421(8),15999(8)
AI,Open,Uttar Pradesh,"Govt Med Coll, Badaun",MBBS,24000,11575(6),14289(6),16066(6)
AI,OBC,Haryana,"SHKM, Nalhar",MBBS,61410,11280(5),14755(5),16090(5)
AI,Open,Uttarakhand,"VCSG Med Coll, Pauri Garhwal",MBBS,150000,9965(9),14728(9),16097(9)
AI,OBC,Chhattisgarh,"Pt JNM Med Coll, Raipur",MBBS,50000,9870(9),14298(9),16124(9)
AI,EWS,Bihar,"Sri Krishna, Muzzafarpur",MBBS,9500,11619(2),16139(2),16139(2)
AI,Open,Uttar Pradesh,"Govt Med Coll, Faizabad",MBBS,24000,10015(5),13486(5),16165(5)
AI,EWS,Chhattisgarh,"Pt JNM Med Coll, Raipur",MBBS,50000,11214(3),16181(3),16181(3)
AI,EWS,West Bengal,Calcutta National Med Coll,MBBS,9000,9437(4),14846(4),16186(4)
AI,OBC,Tamil Nadu,"Govt Erode Med Coll,Perundurai",MBBS,18073,9354(4),15055(4),16188(4)
AIIMS SO,ST,Maharashtra,"AIIMS, Nagpur",MBBS,1350,16192(9),16192(9),16192(9)
AI,OBC,Rajasthan,"Government Med Coll, Dholpur",MBBS,96029,11403(3),14179(3),16202(3)
AI,Open,Uttar Pradesh,"Auton. State Med Coll, Etah",MBBS,24000,12447(5),14645(5),16207(5)
AI,EWS,Uttar Pradesh,"Govt Med Coll, Firozobad",MBBS,24000,12673(1),16213(1),16213(1)
AI,EWS,Rajasthan,"Government Med Coll, Hanumangarh",MBBS,96029,12972(2),16255(2),16255(2)
AI,EWS,Rajasthan,"Government Med Coll,Chittorgarh",MBBS,96029,12570(2),13700(2),16282(2)
AI,OBC,Rajasthan,"Government Med Coll, Hanumangarh",MBBS,96029,11806(4),13575(4),16287(4)
AI,Open,West Bengal,"ESI, Joka, Kolkata",MBBS,100000,9732(8),13767(8),16307(9)
AI,EWS,Rajasthan,"Government Med Coll, Karauli",MBBS,96029,12727(1),16335(1),16335(1)
AI,EWS,Jharkhand,"MGM Med Coll, Jamshedpur",MBBS,9130,10130(1),12989(1),16339(2)
AI,EWS,Maharashtra,"Govt Med Coll, Aurangabad",MBBS,158600,9694(2),15782(2),16345(2)
AI,OBC,Uttar Pradesh,"MRA Med Coll, Ambedkarnagar",MBBS,24000,10471(3),13596(3),16349(3)
AI,Open,Rajasthan,"Govt Med Coll, Sawai Madhopur",MBBS,96029,11726(6),14655(6),16350(6)
AI,Open,Uttar Pradesh,"Govt Med Coll, Azamgarh",MBBS,24000,9989(6),13060(6),16361(6)
AI,Open,Tamil Nadu,"Govt Med Coll, Thiruvallur",MBBS,18073,7347(6),15471(6),16363(6)
AI,Open,Uttar Pradesh,"Rajkiya Med Coll, Jalaun",MBBS,24000,11310(5),13609(5),16365(5)
AI,SC,Gujarat,"BJMC, Ahmedabad",MBBS,25000,16367(6),16367(6),16367(6)
AI,Open,Tamil Nadu,Govt Thoothukudi Med Coll,MBBS,18073,7663(9),14287(9),16392(9)
AI,EWS,Uttar Pradesh,"Govt Allopathic Med Coll,Banda",MBBS,24000,14526(2),16415(2),16415(2)
AI,OBC,Haryana,"AB Vajpay GovtMedColl,Faridabad",MBBS,61410,9896(3),14624(3),16429(3)
AI,EWS,Rajasthan,"Government Med Coll, Dholpur",MBBS,96029,12787(1),14526(1),16430(1)
AI,EWS,Maharashtra,"Indira Gandhi MedColl, Nagpur",MBBS,158600,7223(2),13411(2),16459(2)
AI,Open,Uttar Pradesh,"Govt Med Coll, Firozobad",MBBS,24000,11125(7),13483(7),16479(7)
AI,Open,Tamil Nadu,Govt Villupuram Med Coll,MBBS,18073,8176(5),15186(5),16513(5)
AI,Open,Tamil Nadu,"Govt Med Coll, Karur",MBBS,18073,9450(9),16155(9),16561(9)
AI,OBC,Madhya Pradesh,"Atal Bihari Vajpayee, Vidisha",MBBS,100000,10178(6),14399(6),16572(6)
AI,OBC,Rajasthan,Government Medical College Bundi,MBBS,96029,11674(4),14327(4),16589(4)
AI,Open,West Bengal,"College of Med & SDH, Kolkata",MBBS,9000,8390(8),14056(8),16600(8)
AI,Open,Tamil Nadu,"Govt Med Coll, Nilgiris",MBBS,18073,9136(8),16648(8),16648(8)
AI,EWS,Rajasthan,"Govt Med Coll, Nagaur",MBBS,96029,13310(2),16658(2),16658(2)
AI,Open,Maharashtra,"Rajarshee CSM Govt MC,Kolhapur",MBBS,158600,11177(9),15113(9),16659(9)
AI,Open,Odisha,"Sri Jagannath Med Coll, Puri",MBBS,22000,8718(6),14681(6),16666(6)
AI,Open,Rajasthan,"Government Med Coll, Karauli",MBBS,96029,11635(6),14233(6),16674(6)
AI,OBC,Madhya Pradesh,"Bundelkhand Med Coll, Sagar",MBBS,100000,10863(5),13977(5),16677(5)
AI,Open,Haryana,"Maharishi Chyawan Med Coll,Koriawas",MBBS,61410,-,14773(6),16702(6)
AI,EWS,West Bengal,"RG Kar Med Coll, Kolkata",MBBS,9000,8600(3),15551(3),16703(3)
AI,OBC,Rajasthan,"Government Med Coll, Karauli",MBBS,96029,12209(3),14552(3),16711(3)
AI,OBC,Bihar,"Vardhman IMS, Nalanda",MBBS,9500,9787(5),14347(5),16726(5)
AI,OBC,Tamil Nadu,"Govt Med Coll, Karur",MBBS,18073,10029(5),16414(5),16740(5)
AI,EWS,West Bengal,"College of Med & SDH, Kolkata",MBBS,9000,10336(1),15760(1),16750(1)
AI,Open,Maharashtra,"MGIMS, Wardha",MBBS,169410,9917(18),14845(18),16752(18)
AI,EWS,Uttar Pradesh,"Govt Med Coll, Azamgarh",MBBS,24000,12252(2),15185(2),16757(2)
AI,EWS,Madhya Pradesh,"ESIC Med Coll, Indore",MBBS,100000,-,-,16768(1)
AI,OBC,Uttar Pradesh,"Govt Med Coll, Azamgarh",MBBS,24000,10733(3),13799(3),16773(3)
AI,EWS,Karnataka,"Shri Atal Bihari Vajpayee, BLR",MBBS,64350,7942(3),13471(4),16784(4)
AI,OBC,Uttar Pradesh,"Rajkiya Med Coll, Jalaun",MBBS,24000,11553(4),14092(4),16785(4)
AI,OBC,Odisha,"Sri Jagannath Med Coll, Puri",MBBS,22000,12264(4),16696(4),16789(4)
AI,OBC,Bihar,"AN Magadh, Gaya",MBBS,9500,11719(4),15851(4),16796(4)
AI,Open,Chhattisgarh,"CIMS, Bilaspur",MBBS,50000,9799(9),14523(9),16810(9)
ES,Open,Haryana,"ESI Med Coll, Faridabad",MBBS,24000,10394(17),13262(17),16813(21)
AI,OBC,Uttar Pradesh,"Govt Med Coll, Faizabad",MBBS,24000,12105(5),14944(5),16835(5)
AI,Open,Kerala,"GMC, Kasaragod",MBBS,23150,-,13927(3),16876(3)
AI,OBC,Jammu and Kashmir,"Government Medical Coll,Kathua",MBBS,26250,13523(4),16441(6),16909(6)
AI,OBC,Maharashtra,"Govt Med Coll, Baramati",MBBS,158600,10290(4),13764(4),16915(4)
AI,Open,Madhya Pradesh,"Govt Med Coll, Shivpuri",MBBS,100000,11464(6),14411(6),16919(6)
AI,OBC,Karnataka,"KIMS, Hubli",MBBS,64350,8560(7),14045(7),16921(7)
AI,EWS,Rajasthan,"Govt Med Coll, Baran",MBBS,96029,14611(1),16927(1),16927(1)
AI,OBC,Uttar Pradesh,"Govt Med Coll, Badaun",MBBS,24000,12714(4),14803(4),16929(4)
AI,EWS,Rajasthan,"GMC, Tonk",MBBS,96029,-,16971(1),16971(1)
AI,EWS,Haryana,"BPS Govt Med Coll, Sonepat",MBBS,61410,11735(2),15603(2),16980(2)
AI,OBC,Goa,"Goa Med Coll, Panaji",MBBS,154050,10305(8),14560(8),16989(8)
AI,EWS,West Bengal,"College of Med & JNM, Kalyani",MBBS,9000,12299(1),16998(1),16998(1)
AI,OBC,Madhya Pradesh,"Govt Med Coll, Shivpuri",MBBS,100000,12501(4),15162(4),17022(4)
AI,OBC,Rajasthan,"Govt Med Coll, Sawai Madhopur",MBBS,96029,12416(3),14855(3),17027(3)
AI,EWS,Bihar,"ESIC Med Coll, Patna",MBBS,100000,-,17041(2),17041(2)
AI,EWS,Telangana,"Govt Med Coll, Nizamabad",MBBS,14000,17052(1),17052(1),17052(1)
AI,OBC,Rajasthan,"Govt Med Coll, Nagaur",MBBS,96029,11595(4),13877(4),17065(4)
ES,Open,Rajasthan,"ESIC Med Coll, Jaipur",MBBS,24000,-,-,17071(7)
AI,EWS,Madhya Pradesh,"Govt Med Coll, Shivpuri",MBBS,100000,13767(2),16282(2),17073(2)
AI,EWS,Chhattisgarh,"Govt Med Coll, Rajnandgaon",MBBS,50000,17097(1),17097(1),17097(1)
AI,EWS,Uttar Pradesh,"ESIC, Varanasi",MBBS,100000,-,-,17113(1)
AI,Open,Uttar Pradesh,"Auton. State Med Coll, Deoria",MBBS,24000,13815(7),16207(7),17117(7)
AI,Open,Rajasthan,"Govt Med Coll, Banswara",MBBS,96029,11845(6),14748(6),17135(6)
AI,EWS,Bihar,"AN Magadh, Gaya",MBBS,9500,11156(1),17163(1),17163(1)
AIIMS SO,SC,Bihar,"AIIMS, Patna",MBBS,1350,14209(17),17167(17),17167(17)
AI,Open,Rajasthan,"GMC, Tonk",MBBS,96029,-,15204(3),17169(3)
AI,OBC,Punjab,"Guru Govind Singh, Faridkot",MBBS,192000,9590(6),14463(8),17173(10)
AI,OBC,Jammu and Kashmir,"Govt Med Coll, Srinagar",MBBS,26250,10134(7),13871(8),17185(8)
AI,EWS,Himachal Pradesh,"DrRadhakrishnan GovtColl,Hamirpur",MBBS,50000,8627(2),12972(2),17206(2)
AI,Open,Madhya Pradesh,"Govt Med Coll, Mandsaur",MBBS,100000,13667(5),16161(5),17208(5)
AI,Open,Rajasthan,"Govt Med Coll, Baran",MBBS,96029,12166(6),15338(6),17217(6)
AI,OBC,Uttar Pradesh,"Govt Allopathic Med Coll,Banda",MBBS,24000,11745(4),14751(4),17225(4)
AI,Open,Tamil Nadu,"Govt Med Coll, Virudhunagar",MBBS,18073,10935(8),17095(8),17247(8)
AI,Open,Madhya Pradesh,"Govt Med Coll, Neemuch",MBBS,100000,14281(7),15933(7),17251(7)
AI,OBC,Uttar Pradesh,"Govt Med Coll, Firozobad",MBBS,24000,12477(4),14864(4),17273(4)
AI,EWS,Bihar,"Vardhman IMS, Nalanda",MBBS,9500,10796(2),16290(2),17274(2)
AI,EWS,Madhya Pradesh,"Atal Bihari Vajpayee, Vidisha",MBBS,100000,10678(1),13312(1),17282(2)
AI,OBC,Tamil Nadu,Govt Thoothukudi Med Coll,MBBS,18073,8893(6),15181(6),17296(6)
AI,OBC,Karnataka,"ESIC Med Coll,Gulbarga",MBBS,100000,12466(5),15529(5),17301(5)
AI,EWS,Haryana,"SHKM, Nalhar",MBBS,61410,11843(1),15381(1),17313(1)
AI,EWS,Uttar Pradesh,"Rajkiya Med Coll, Jalaun",MBBS,24000,14066(1),14611(1),17316(1)
AI,OBC,Rajasthan,"Govt Med Coll, Banswara",MBBS,96029,12790(4),15232(4),17320(4)
AI,OBC,Rajasthan,"Govt Med Coll, Baran",MBBS,96029,12991(4),15648(4),17327(4)
AI,OBC,Rajasthan,"GMC, Tonk",MBBS,96029,-,15470(2),17331(2)
AI,OBC,Tamil Nadu,Govt Villupuram Med Coll,MBBS,18073,8924(4),15646(4),17333(4)
AI,OBC,Tamil Nadu,"ESI PGIMSR, KK Nagar, Chennai",MBBS,100000,8668(6),15092(6),17335(6)
AI,EWS,Chhattisgarh,"CIMS, Bilaspur",MBBS,50000,11511(2),14869(2),17372(2)
AI,EWS,Uttar Pradesh,"Govt Med Coll, Badaun",MBBS,24000,13386(2),16430(2),17379(2)
AI,EWS,Madhya Pradesh,"SSMC, Rewa",MBBS,100000,10166(2),13721(2),17397(2)
AI,OBC,Tamil Nadu,"Govt Med Coll, Thiruvallur",MBBS,18073,8804(3),15971(3),17425(3)
AI,Open,Bihar,"Govt Med Coll, Bettiah",MBBS,9500,13214(7),16531(7),17432(7)
AI,EWS,Haryana,"AB Vajpay GovtMedColl,Faridabad",MBBS,61410,10384(2),13942(2),17435(2)
AI,OBC,Andhra Pradesh,"Guntur Med Coll, Guntur",MBBS,15000,7898(9),16090(9),17454(9)
AI,OBC,Uttar Pradesh,"Auton. State Med Coll, Etah",MBBS,24000,13655(4),15669(4),17466(4)
AI,EWS,Rajasthan,"Govt Med Coll, Sawai Madhopur",MBBS,96029,-,-,17471(1)
AIIMS SO,SC,Telangana,"AIIMS, Bibinagar",MBBS,1350,16647(14),17480(14),17480(14)
AI,Open,Pondicherry,"IGMC & RI, Pondicherry",MBBS,73700,8875(10),14490(10),17503(10)
AI,Open,Rajasthan,"GMC, Jaisalmer",MBBS,96029,-,14877(4),17513(4)
AI,Open,Uttar Pradesh,"Govt Med Coll, Shahjhanpur",MBBS,24000,11666(5),15649(5),17521(5)
AI,OBC,Madhya Pradesh,"Govt Med Coll, Neemuch",MBBS,100000,15727(4),16434(4),17573(4)
AI,OBC,Rajasthan,"GMC, Jaisalmer",MBBS,96029,-,15787(2),17608(2)
AI,Open,Madhya Pradesh,"Govt Med Coll, Datia",MBBS,100000,12938(8),14928(8),17623(8)
AI,OBC,West Bengal,"College of Med & SDH, Kolkata",MBBS,9000,9832(4),15156(4),17637(4)
AI,EWS,Uttarakhand,"VCSG Med Coll, Pauri Garhwal",MBBS,150000,12685(2),17643(2),17643(2)
AIIMS SO,SC,West Bengal,"AIIMS, Kalyani",MBBS,1350,17433(18),17680(18),17680(18)
AI,Open,Madhya Pradesh,"Govt Med Coll, Khandwa",MBBS,100000,11960(7),15757(7),17711(7)
AI,OBC,Haryana,"Maharishi Chyawan Med Coll,Koriawas",MBBS,61410,-,15236(3),17754(3)
AI,EWS,Punjab,"DrBRAmbedkar State IMS,Mohali",MBBS,192000,7344(2),13273(2),17802(2)
AI,OBC,Madhya Pradesh,"Govt Med Coll, Mandsaur",MBBS,100000,15291(4),16691(4),17810(4)
AI,EWS,Odisha,"VIMSAR, Burla",MBBS,22000,9756(2),15632(2),17826(3)
AI,Open,Andhra Pradesh,"Govt Siddhartha, Vijaywada",MBBS,15000,10160(10),15573(10),17827(10)
AI,OBC,Tamil Nadu,"Govt Med Coll, Nilgiris",MBBS,18073,12179(6),17843(6),17843(6)
AI,Open,Maharashtra,"VMMC, Solapur",MBBS,158600,10285(13),14380(13),17859(13)
AI,OBC,Jharkhand,"MGM Med Coll, Jamshedpur",MBBS,9130,8819(5),12343(5),17917(7)
AI,OBC,Chhattisgarh,"CIMS, Bilaspur",MBBS,50000,11558(6),16283(6),17953(6)
AI,OBC,Uttar Pradesh,"Govt Med Coll, Shahjhanpur",MBBS,24000,12722(4),15937(4),17967(4)
AI,OBC,Kerala,"GMC, Kasaragod",MBBS,23150,-,14769(2),17970(2)
AI,OBC,Jammu and Kashmir,"Sher-I-Kashmir, Srinagar",MBBS,36400,12809(4),17317(4),17981(4)
AI,OBC,Karnataka,"Belagavi IMS, Belagavi",MBBS,64350,11043(6),16652(8),18008(8)
AI,Open,Jharkhand,"Shaheed Nirmal Mahto, Dhanbad",MBBS,7400,9623(6),14631(6),18018(6)
AI,Open,Uttarakhand,"Soban Singh Govt Inst, Almora",MBBS,150000,11917(6),15790(6),18046(6)
AI,EWS,Haryana,"Pt Neki Ram Sharma GovtMedColl, Bhiwani",MBBS,61410,-,16948(1),18144(1)
AI,OBC,Haryana,"Pt Neki Ram Sharma GovtMedColl, Bhiwani",MBBS,61410,-,16554(4),18184(4)
AI,OBC,Karnataka,"Mandya IMS, Mandya",MBBS,64350,10488(6),15776(6),18190(6)
AI,OBC,Madhya Pradesh,"Govt Med Coll, Khandwa",MBBS,100000,13570(4),16117(4),18219(4)
AI,OBC,Madhya Pradesh,"Govt Med Coll, Datia",MBBS,100000,13552(5),15631(5),18251(5)
AI,Open,Uttar Pradesh,"Govt Med Coll, Bahraich",MBBS,24000,13161(5),16127(5),18254(5)
AI,Open,Madhya Pradesh,"Govt Med Coll, Chhindwara",MBBS,100000,13087(6),16408(7),18301(7)
AI,EWS,Uttar Pradesh,"Auton. State Med Coll,Ghazipur",MBBS,24000,16213(1),18305(1),18305(1)
AI,Open,Odisha,"Govt Med Coll, Balasore",MBBS,22000,11639(5),16653(5),18325(5)
AI,OBC,Pondicherry,"IGMC & RI, Pondicherry",MBBS,73700,12017(7),17027(7),18356(7)
AI,Open,Uttar Pradesh,"Auto. State Med Coll, Bijnor",MBBS,24000,12983(5),16065(5),18359(5)
AI,Open,Uttar Pradesh,"Auton. State Med Coll,Fatehpur",MBBS,24000,13502(6),17009(6),18419(6)
AI,Open,Uttar Pradesh,"Govt Med Coll, Rampur, Basti",MBBS,24000,12075(5),15720(5),18430(5)
AI,EWS,West Bengal,"ESI, Joka, Kolkata",MBBS,100000,13132(2),17168(2),18441(3)
AI,Open,Karnataka,"Shimoga IMS, Shimoga",MBBS,64350,9413(9),17768(9),18442(9)
AI,OBC,Tamil Nadu,"Govt Med Coll, Namakkal",MBBS,18073,10949(3),18444(3),18444(3)
AI,Open,Maharashtra,"Govt Med Coll, Nanded",MBBS,158600,11240(7),15301(7),18449(7)
AI,EWS,Madhya Pradesh,"Govt Med Coll, Khandwa",MBBS,100000,13721(1),18457(1),18457(1)
AI,Open,Tamil Nadu,"Govt Med Coll, Pudukottai",MBBS,18073,11149(9),17584(9),18459(9)
AI,EWS,Karnataka,"KIMS, Hubli",MBBS,64350,12300(3),16206(3),18471(3)
AI,EWS,Maharashtra,"ESI, Andheri, Mumbai",MBBS,100000,-,13189(1),18498(1)
AI,OBC,West Bengal,"ESI, Joka, Kolkata",MBBS,100000,12801(6),15396(6),18512(7)
AI,Open,West Bengal,Burdwan Medical College,MBBS,9000,10078(11),15052(11),18519(11)
AI,Open,Uttar Pradesh,"Auton. State Med Coll, Hardoi",MBBS,24000,14227(7),16834(7),18529(7)
AI,Open,Uttar Pradesh,"Auto. State Med Coll, Lalitpur",MBBS,24000,15683(6),17799(6),18544(6)
AI,Open,Bihar,"Government Med Coll, Purnea",MBBS,9500,14469(5),18564(5),18564(5)
AI,EWS,Jharkhand,"Shaheed Nirmal Mahto, Dhanbad",MBBS,7400,11135(2),17206(2),18604(2)
AI,EWS,Rajasthan,"Govt Med Coll, Banswara",MBBS,96029,14205(2),17169(2),18640(2)
AI,EWS,Madhya Pradesh,"Govt Med Coll, Datia",MBBS,100000,14277(1),16751(1),18641(1)
AI,Open,Maharashtra,"Govt Med Coll, Miraj",MBBS,158600,10401(10),14923(10),18644(10)
AI,EWS,Uttar Pradesh,"Auton. State Med Coll, Etah",MBBS,24000,14072(2),16479(2),18655(2)
AI,EWS,Uttar Pradesh,"Govt Med Coll, Faizabad",MBBS,24000,13711(2),16727(2),18667(2)
AI,SC,Maharashtra,"Seth GS, Mumbai",MBBS,158600,13389(6),18686(6),18686(6)
AI,Open,Telangana,"Kakatiya Med Coll, Warangal",MBBS,14000,8974(13),15831(13),18688(13)
AI,EWS,Uttar Pradesh,"Auton. State Med Coll,Fatehpur",MBBS,24000,14596(1),18605(1),18691(1)
ES,OBC,Haryana,"ESI Med Coll, Faridabad",MBBS,24000,14651(11),15473(11),18710(14)
AI,OBC,Uttarakhand,"VCSG Med Coll, Pauri Garhwal",MBBS,150000,12509(6),15457(6),18711(6)
AI,Open,Madhya Pradesh,"GMC, Sheopur",MBBS,100000,-,17810(7),18722(7)
AI,Open,Tamil Nadu,"Govt Med Coll, Dindigul",MBBS,18073,10362(9),18306(9),18752(9)
AI,Open,Karnataka,"Hassan IMS, Hassan",MBBS,64350,8923(9),16331(12),18762(12)
AI,Open,Andhra Pradesh,"Kurnool Med Coll, Kurnool",MBBS,15000,6159(14),12323(14),18768(14)
AI,OBC,Uttar Pradesh,"Govt Med Coll, Rampur, Basti",MBBS,24000,12891(3),16321(3),18806(3)
AI,Open,Tamil Nadu,Govt Thiruvannamalai Med Coll,MBBS,18073,9897(6),16440(6),18817(6)
AI,OBC,Tamil Nadu,"Govt Med Coll, Dindigul",MBBS,18073,11474(5),18748(5),18830(5)
AI,OBC,Madhya Pradesh,"GMC, Sheopur",MBBS,100000,-,18744(3),18832(3)
AI,EWS,Himachal Pradesh,"Govt Med Coll, Chamba",MBBS,50000,10034(2),13899(2),18841(2)
AI,OBC,Tamil Nadu,"Govt Med Coll, Virudhunagar",MBBS,18073,11928(6),18679(6),18847(6)
AI,Open,Madhya Pradesh,"Government Med Coll, Satna",MBBS,100000,14186(7),17251(7),18863(7)
AM,Open,Uttar Pradesh,"JNMC (AMU), Aligarh",MBBS,60300,18554(69),18699(69),18873(69)
AI,Open,Assam,"ESIC, Beltola",MBBS,100000,-,-,18891(3)
AI,Open,Tamil Nadu,"Govt Med Coll, Namakkal",MBBS,18073,10014(6),18013(6),18921(6)
AI,OBC,Uttar Pradesh,"Govt Med Coll, Bahraich",MBBS,24000,13596(4),16361(4),18949(4)
AI,OBC,Tamil Nadu,"Govt Med Coll, Pudukottai",MBBS,18073,11457(6),18174(6),18973(6)
AI,Open,Uttar Pradesh,"Auton. StateMed,Siddharthnagar",MBBS,24000,13648(6),17073(6),19027(6)
AI,Open,West Bengal,"NBMC, Darjeeling",MBBS,9000,10533(11),16050(11),19033(11)
AI,OBC,Maharashtra,"MPGIMER, Nashik",MBBS,158600,10842(2),16244(2),19051(2)
AI,OBC,Uttar Pradesh,"Auto. State Med Coll, Bijnor",MBBS,24000,15444(4),18025(4),19056(4)
AI,Open,Andhra Pradesh,"SV Med Coll, Tirupati",MBBS,15000,8815(14),16056(14),19067(14)
AI,Open,Uttar Pradesh,"Auton.State MedColl,Pratapgarh",MBBS,24000,14577(4),17452(4),19079(4)
AI,OBC,Uttar Pradesh,"Auton. State Med Coll, Deoria",MBBS,24000,14957(4),17118(4),19090(4)
AI,OBC,Uttarakhand,"Government Med Coll, Haridwar",MBBS,150000,13416(4),15050(4),19112(4)
AI,OBC,Uttar Pradesh,"Auton. State Med Coll, Hardoi",MBBS,24000,15616(4),17694(4),19118(4)
AI,EWS,Bihar,"Govt Med Coll, Bettiah",MBBS,9500,15505(2),19125(2),19125(2)
AI,EWS,Punjab,"Guru Govind Singh, Faridkot",MBBS,192000,11442(3),15453(3),19128(4)
AI,EWS,Haryana,"Maharishi Chyawan Med Coll,Koriawas",MBBS,61410,-,17313(1),19131(1)
AI,Open,Madhya Pradesh,"Govt Med Coll, Shahdol, MP",MBBS,100000,13507(6),16720(6),19132(6)
AI,OBC,Uttar Pradesh,"Auton. State Med Coll,Fatehpur",MBBS,24000,14614(4),17652(4),19151(4)
AI,EWS,Madhya Pradesh,"Govt Med Coll, Neemuch",MBBS,100000,15713(1),16490(1),19158(1)
AI,OBC,Uttarakhand,"Soban Singh Govt Inst, Almora",MBBS,150000,14052(4),17398(4),19180(4)
AI,Open,Tamil Nadu,Govt Sivagangai Med Coll,MBBS,18073,11038(6),17628(6),19210(6)
AI,Open,Maharashtra,"Govt Med Coll, Jalgaon",MBBS,158600,14860(10),18029(10),19238(10)
AI,OBC,Maharashtra,"Rajarshee CSM Govt MC,Kolhapur",MBBS,158600,13109(5),16454(5),19270(5)
AI,SC,Delhi,"Dr BSA Med Coll, Delhi",MBBS,75000,15448(3),19271(3),19271(3)
AI,EWS,Uttar Pradesh,"Govt Med Coll, Rampur, Basti",MBBS,24000,14389(1),16768(1),19273(1)
AI,Open,Jammu and Kashmir,"Government Med Coll, Udhampur",MBBS,27060,13995(5),17256(5),19310(5)
AI,OBC,Madhya Pradesh,"Govt Med Coll, Chhindwara",MBBS,100000,14156(4),16931(6),19351(6)
AI,Open,Uttar Pradesh,"Auto. State MedColl, Kanpur Dehat",MBBS,24000,13409(7),16921(7),19368(7)
AIIMS SO,SC,Punjab,"AIIMS, Bathinda",MBBS,1350,19176(14),19371(14),19371(14)
AI,Open,Uttar Pradesh,"Auton. State Med Coll, Jaunpur",MBBS,24000,15127(6),18050(6),19393(6)
AI,Open,Maharashtra,"Govt Med Coll, Akola",MBBS,158600,13519(12),17096(12),19411(12)
AI,OBC,Uttar Pradesh,"Auton. StateMed,Siddharthnagar",MBBS,24000,14797(3),17303(3),19438(3)
AI,Open,Tamil Nadu,"Rajah Muthiah MC, Annamalai",MBBS,18073,10207(9),16579(9),19490(9)
AI,OBC,Tamil Nadu,Govt Sivagangai Med Coll,MBBS,18073,11634(4),18397(4),19496(4)
AI,OBC,Madhya Pradesh,"Govt Med Coll, Shahdol, MP",MBBS,100000,13956(4),17217(4),19508(4)
AI,OBC,Uttar Pradesh,"Auto. State MedColl, Kanpur Dehat",MBBS,24000,14958(4),18060(4),19526(4)
AI,Open,Uttar Pradesh,"Auto. State Med Coll, Pilibhit",MBBS,24000,14571(7),17216(7),19550(7)
AI,OBC,Assam,"Gauhati Med Coll, Guwahati",MBBS,6400,10025(8),16229(10),19553(10)
AI,Open,Uttar Pradesh,"Govt Med Coll, Auraiya",MBBS,24000,16086(7),17910(7),19559(7)
AI,EWS,Maharashtra,"Govt Med Coll, Baramati",MBBS,158600,10774(1),15562(1),19563(1)
AI,OBC,Uttar Pradesh,"Auto. State Med Coll, Lalitpur",MBBS,24000,16674(4),18823(4),19573(4)
AI,Open,Tamil Nadu,Govt Thiruvarur Med Coll,MBBS,18073,10400(5),17296(5),19584(5)
AI,OBC,Uttar Pradesh,"Auton.State MedColl,Pratapgarh",MBBS,24000,15429(4),17953(4),19602(4)
AI,OBC,West Bengal,Burdwan Medical College,MBBS,9000,12345(8),17362(8),19610(8)
AI,Open,Tamil Nadu,"Govt Med Coll, Krishnagiri",MBBS,18073,10780(8),17900(8),19612(8)
AI,OBC,Bihar,"Govt Med Coll, Bettiah",MBBS,9500,14092(5),18408(5),19653(5)
AI,Open,Tamil Nadu,"Govt Med Coll, Ariyalur",MBBS,18073,11373(8),18830(8),19655(8)
AI,Open,Maharashtra,"Govt Med Coll, Chandrapur",MBBS,158600,14150(8),18838(8),19681(8)
AI,Open,Gujarat,"GMERS Medical College, Navsari",MBBS,375000,17448(3),19704(3),19704(3)
ES,Open,Rajasthan,"ESIC Med Coll, Alwar",MBBS,24000,13302(13),15316(13),19711(14)
AI,OBC,Madhya Pradesh,"Government Med Coll, Satna",MBBS,100000,14974(5),17754(5),19721(5)
AI,EWS,Uttar Pradesh,"Govt Med Coll, Shahjhanpur",MBBS,24000,12823(1),17113(1),19738(1)
AI,Open,Uttar Pradesh,"Auton. State Med Coll,Mirzapur",MBBS,24000,14400(5),18269(5),19749(5)
AI,EWS,Uttar Pradesh,"Govt Med Coll, Bahraich",MBBS,24000,14253(1),17316(1),19764(1)
AI,Open,Madhya Pradesh,"Govt Med Coll, Seoni",MBBS,100000,14303(7),17636(7),19799(7)
AI,Open,Chhattisgarh,"Govt Med Coll, Rajnandgaon",MBBS,50000,15903(7),18454(7),19804(7)
AI,Open,West Bengal,"Barasat Govt Med Coll, Barasat",MBBS,9000,13148(6),19032(6),19805(6)
AI,OBC,Jharkhand,"Shaheed Nirmal Mahto, Dhanbad",MBBS,7400,10925(4),16069(4),19807(4)
AI,OBC,Tamil Nadu,Govt Thiruvannamalai Med Coll,MBBS,18073,10306(4),17335(4),19808(4)
AI,OBC,Tamil Nadu,Govt Thiruvarur Med Coll,MBBS,18073,11030(3),18096(3),19811(3)
AI,OBC,Tamil Nadu,"Govt Med Coll, Krishnagiri",MBBS,18073,12018(6),19057(6),19817(6)
AI,EWS,West Bengal,Burdwan Medical College,MBBS,9000,12584(3),17020(3),19830(3)
AI,OBC,Uttar Pradesh,"Auto. State Med Coll, Pilibhit",MBBS,24000,16994(4),18681(4),19850(4)
AI,OBC,Maharashtra,"Govt Med Coll, Akola",MBBS,158600,15210(7),18084(7),19858(7)
AI,OBC,Uttar Pradesh,"Govt Med Coll, Auraiya",MBBS,24000,17521(4),18634(4),19861(4)
AI,OBC,Uttar Pradesh,"Auton. State Med Coll, Jaunpur",MBBS,24000,15718(4),18458(4),19868(4)
AI,EWS,Uttar Pradesh,"Auton. State Med Coll, Hardoi",MBBS,24000,14309(1),17165(1),19875(1)
AI,OBC,Uttar Pradesh,"Auton. State Med Coll,Mirzapur",MBBS,24000,15629(3),18613(3),19879(3)
AI,Open,Uttar Pradesh,"Auton. State Med Coll,Ghazipur",MBBS,24000,15183(6),17967(6),19893(6)
AI,EWS,Madhya Pradesh,"Govt Med Coll, Shahdol, MP",MBBS,100000,-,-,19899(1)
ES,Open,Kerala,"Govt Med Coll, Kollam",MBBS,24000,18272(15),19905(15),19905(15)
AI,OBC,Assam,"ESIC, Beltola",MBBS,100000,-,-,19924(2)
AI,OBC,Maharashtra,"VMMC, Solapur",MBBS,158600,11871(8),15914(8),19949(8)
AI,EWS,Uttarakhand,"Government Med Coll, Haridwar",MBBS,150000,13189(2),16873(2),19970(2)
AI,Open,Uttar Pradesh,"Auton. State Med Coll,Amethi",MBBS,24000,-,-,19997(4)
AI,OBC,Maharashtra,"Govt Med Coll, Miraj",MBBS,158600,11881(7),15709(7),20015(7)
AI,Open,Maharashtra,"Government Med Coll, Ambernath",MBBS,158600,15846(5),17489(5),20024(5)
AI,Open,Uttar Pradesh,"Auto. State Med Coll, Sultanpur",MBBS,24000,15600(5),18964(5),20045(5)
AI,OBC,Madhya Pradesh,"Govt Med Coll, Seoni",MBBS,100000,15843(4),18595(4),20049(4)
AI,Open,Karnataka,"Gulbarga IMS, Gulbarga",MBBS,64350,10554(8),18157(11),20050(11)
AI,Open,West Bengal,"College of Med & JNM, Kalyani",MBBS,9000,10895(8),16256(11),20065(11)
ES,EWS,Rajasthan,"ESIC Med Coll, Jaipur",MBBS,24000,-,-,20089(2)
AI,Open,Bihar,"Jannayak Karpoori Med,Madhepura",MBBS,9500,14249(6),17895(6),20091(6)
AI,OBC,Odisha,"Govt Med Coll, Balasore",MBBS,22000,13131(5),19086(5),20113(5)
AI,EWS,Assam,"Gauhati Med Coll, Guwahati",MBBS,6400,10395(3),17554(4),20139(4)
AI,Open,Andhra Pradesh,"ACSR Govt Med Coll, Nellore",MBBS,15000,12352(10),20107(10),20147(10)
AI,EWS,Madhya Pradesh,"Govt Med Coll, Mandsaur",MBBS,100000,15203(2),18770(2),20148(2)
AI,OBC,Maharashtra,"Govt Med Coll, Nanded",MBBS,158600,13158(5),16638(5),20227(5)
AI,OBC,Karnataka,"Hassan IMS, Hassan",MBBS,64350,11099(6),17411(8),20234(8)
AI,OBC,Tamil Nadu,"Rajah Muthiah MC, Annamalai",MBBS,18073,10727(7),17764(7),20243(7)
AI,Open,Karnataka,Kodagu Inst of Med Sciences,MBBS,64350,12096(9),19257(9),20268(9)
AI,EWS,Maharashtra,"Govt Med Coll, Akola",MBBS,158600,15562(2),20237(2),20274(2)
AI,OBC,West Bengal,"NBMC, Darjeeling",MBBS,9000,13016(8),17170(8),20278(8)
AI,Open,Uttar Pradesh,"Govt Med Coll, Lakhimpur Kheri",MBBS,24000,15755(4),18544(4),20292(4)
AI,OBC,Uttar Pradesh,"Auton. State Med Coll,Ghazipur",MBBS,24000,15937(5),18784(5),20302(5)
AI,EWS,Uttar Pradesh,"Auto. State Med Coll, Lalitpur",MBBS,24000,18487(2),20305(2),20305(2)
AI,Open,Andhra Pradesh,"Rangaraya Med Coll, Kakinada",MBBS,15000,7601(13),16387(13),20306(13)
AI,OBC,Tamil Nadu,"Govt Med Coll, Ariyalur",MBBS,18073,12199(6),19417(6),20307(6)
AI,EWS,Uttar Pradesh,"Auton. StateMed,Siddharthnagar",MBBS,24000,14051(2),18357(2),20317(2)
AI,EWS,Goa,"Goa Med Coll, Panaji",MBBS,154050,11758(3),15849(3),20327(3)
AI,OBC,Bihar,"Government Med Coll, Purnea",MBBS,9500,16723(4),19457(4),20338(4)
AI,Open,Maharashtra,"Sri Bhausaheb, Dhule",MBBS,158600,12677(9),17078(9),20345(9)
AI,OBC,Uttar Pradesh,"Auto. State Med Coll, Sultanpur",MBBS,24000,16796(4),19526(4),20366(4)
AI,Open,Uttar Pradesh,"Govt Med Coll, Kaushambi",MBBS,24000,16095(6),18529(6),20368(6)
AI,EWS,Uttar Pradesh,"Auton. State Med Coll,Mirzapur",MBBS,24000,17073(2),18691(2),20369(2)
AI,OBC,Uttar Pradesh,"Govt Med Coll, Lakhimpur Kheri",MBBS,24000,17513(3),19056(3),20370(3)
AI,Open,Tamil Nadu,"Govt Med Coll, Kallakurichi",MBBS,18073,12032(10),19611(10),20379(10)
AI,Open,Uttar Pradesh,"Govt Med Coll, Gonda",MBBS,24000,16046(5),18745(5),20389(5)
AI,Open,Jharkhand,"Hazaribagh Med Coll,Hazaribagh",MBBS,9180,12242(6),17903(6),20401(6)
AI,OBC,Tamil Nadu,"Govt Med Coll, Kallakurichi",MBBS,18073,12487(6),19991(6),20408(6)
AI,EWS,Uttar Pradesh,"Auto. State Med Coll, Sultanpur",MBBS,24000,17806(2),20459(2),20459(2)
AI,EWS,West Bengal,"NBMC, Darjeeling",MBBS,9000,14869(3),18433(3),20482(3)
AIIMS SO,Open-PwD,Odisha,"AIIMS, Bhubaneswar",MBBS,1350,22426(3),20496(3),20496(3)
AI,OBC,Telangana,"Kakatiya Med Coll, Warangal",MBBS,14000,11711(7),17562(7),20501(7)
AI,Open,Tamil Nadu,"Govt Med Coll, Ramanathapuram",MBBS,18073,11523(5),18982(5),20511(5)
AI,EWS,Jammu and Kashmir,"Government Med Coll, Udhampur",MBBS,27060,15320(1),20522(1),20522(1)
AI,OBC,Uttar Pradesh,"Govt Med Coll, Kaushambi",MBBS,24000,17035(4),19404(4),20579(4)
AI,Open,Uttar Pradesh,"Auto. State Med Coll, Kushinagar",MBBS,24000,13983(8),18359(8),20586(8)
AI,Open,Maharashtra,"Govt Med Coll, Latur",MBBS,158600,13256(10),16861(10),20588(10)
BHU SO,SC,Uttar Pradesh,"IMS(BHU), Varanasi",MBBS,33739,14965(14),15798(14),20606(14)
AI,EWS,Jammu and Kashmir,"Govt Med Coll, Srinagar",MBBS,26250,9681(2),17441(3),20631(3)
AI,OBC,West Bengal,"College of Med & JNM, Kalyani",MBBS,9000,12926(5),18077(6),20681(6)
AI,OBC,Uttar Pradesh,"Auto. State Med Coll, Kushinagar",MBBS,24000,16175(4),19403(4),20684(4)
AI,OBC,Maharashtra,"Govt Med Coll, Jalgaon",MBBS,158600,15816(7),19043(7),20707(7)
AI,OBC,Uttar Pradesh,"Govt Med Coll, Gonda",MBBS,24000,16860(4),19249(4),20710(4)
AI,Open,Maharashtra,"Govt Med Coll, Satara",MBBS,158600,13129(5),16989(5),20711(5)
AI,EWS,Madhya Pradesh,"Govt Med Coll, Chhindwara",MBBS,100000,14978(2),18669(3),20722(3)
AI,EWS,Karnataka,"Belagavi IMS, Belagavi",MBBS,64350,12526(1),17727(1),20730(1)
AI,OBC,Andhra Pradesh,"Govt Siddhartha, Vijaywada",MBBS,15000,13485(7),18866(7),20746(7)
AI,OBC,Karnataka,"Shimoga IMS, Shimoga",MBBS,64350,12825(6),18910(6),20790(6)
AI,OBC,Uttar Pradesh,"Auton. State Med Coll,Amethi",MBBS,24000,-,-,20791(4)
AI,OBC,Maharashtra,"Govt Med Coll, Latur",MBBS,158600,14886(6),18451(6),20803(6)
AI,EWS,Madhya Pradesh,"Government Med Coll, Satna",MBBS,100000,16684(3),19233(3),20808(3)
AI,Open,West Bengal,Bankura Sammilani Med Coll,MBBS,9000,11895(11),18161(11),20819(11)
AI,Open,Madhya Pradesh,"GMC, Singrauli",MBBS,100000,-,18341(6),20820(6)
AI,OBC,Jharkhand,"Hazaribagh Med Coll,Hazaribagh",MBBS,9180,13249(4),19749(4),20821(4)
AI,OBC,Jammu and Kashmir,"Government Med Coll, Udhampur",MBBS,27060,16112(4),19230(4),20834(4)
AI,Open,Uttar Pradesh,"Govt Med Coll, Chandauli",MBBS,24000,16316(5),19165(5),20847(5)
AI,EWS,Odisha,"Govt Med Coll, Balasore",MBBS,22000,13319(1),17826(1),20866(1)
AI,OBC,Maharashtra,"Sri Bhausaheb, Dhule",MBBS,158600,14510(7),18438(7),20870(7)
AI,EWS,Jharkhand,"Hazaribagh Med Coll,Hazaribagh",MBBS,9180,13986(1),18604(1),20884(1)
AI,OBC,Bihar,"Jannayak Karpoori Med,Madhepura",MBBS,9500,15293(3),19322(3),20887(3)
AI,Open,Karnataka,"VIMS, Bellary",MBBS,64350,11026(11),18206(14),20889(14)
AI,OBC,Andhra Pradesh,"SV Med Coll, Tirupati",MBBS,15000,12216(10),19815(10),20945(10)
AI,EWS,Uttar Pradesh,"Auto. State Med Coll, Bijnor",MBBS,24000,15651(2),18487(2),20958(2)
AI,EWS,Uttar Pradesh,"Auto. State MedColl, Kanpur Dehat",MBBS,24000,13411(1),16965(1),20968(1)
AI,Open,Uttar Pradesh,"Autonomous Med Coll, Sonebhadra",MBBS,24000,16620(6),19439(6),20991(6)
AI,OBC,Maharashtra,"Govt Med Coll, Chandrapur",MBBS,158600,15666(7),19428(7),21027(7)
AI,OBC,Tamil Nadu,"Govt Med Coll, Ramanathapuram",MBBS,18073,12576(4),19811(4),21048(4)
AI,EWS,Madhya Pradesh,"GMC, Sheopur",MBBS,100000,-,20010(1),21070(1)
AI,EWS,Uttarakhand,"Soban Singh Govt Inst, Almora",MBBS,150000,13273(1),18195(1),21083(1)
AI,EWS,Madhya Pradesh,"Govt Med Coll, Seoni",MBBS,100000,17567(1),20369(1),21089(1)
AI,Open,Tamil Nadu,"Govt Med Coll, Nagapattinam",MBBS,18073,12262(9),19791(9),21092(9)
AI,EWS,Uttar Pradesh,"Auto. State Med Coll, Pilibhit",MBBS,24000,17471(1),19131(1),21116(1)
AI,EWS,Uttar Pradesh,"Auton.State MedColl,Pratapgarh",MBBS,24000,16768(2),18622(2),21139(2)
AI,Open,Maharashtra,"Shri VR Naik Govt, Yavatmal",MBBS,158600,14578(11),18712(11),21197(11)
AI,Open,Karnataka,Karwar Inst of Med Sciences,MBBS,64350,13408(8),19494(8),21203(8)
AI,Open,Odisha,"Pt Raghunath Med Coll,Baripada",MBBS,22000,13201(6),20531(6),21208(6)
AI,OBC,West Bengal,"Barasat Govt Med Coll, Barasat",MBBS,9000,16780(4),20078(4),21232(4)
AI,OBC,Chhattisgarh,"Govt Med Coll, Rajnandgaon",MBBS,50000,16978(5),20620(5),21247(5)
AI,OBC,Uttar Pradesh,"Autonomous Med Coll, Sonebhadra",MBBS,24000,17711(4),19630(4),21261(4)
AI,EWS,Uttar Pradesh,"Auto. State Med Coll, Kushinagar",MBBS,24000,15370(1),18763(1),21278(1)
AI,EWS,Uttar Pradesh,"Govt Med Coll, Kaushambi",MBBS,24000,17261(2),21279(2),21279(2)
AI,Open,Assam,"Assam Med Coll, Dibrugarh",MBBS,6400,11571(12),19641(14),21289(14)
AI,OBC,Andhra Pradesh,"Kurnool Med Coll, Kurnool",MBBS,15000,11587(10),17333(10),21291(10)
AI,OBC,Uttar Pradesh,"Govt Med Coll, Chandauli",MBBS,24000,17687(3),19652(3),21303(3)
AI,Open,Maharashtra,Government Med Coll Ratnagiri,MBBS,158600,15483(6),18787(6),21314(6)
AI,EWS,Jammu and Kashmir,"Sher-I-Kashmir, Srinagar",MBBS,36400,12621(2),18498(2),21323(2)
AI,Open,Odisha,"Govt Med Coll, Balangir",MBBS,22000,13609(6),20917(6),21331(6)
AI,OBC,Madhya Pradesh,"GMC, Singrauli",MBBS,100000,-,20015(4),21343(4)
AI,OBC,Odisha,"Govt Med Coll, Balangir",MBBS,22000,16234(4),21367(4),21367(4)
AI,EWS,Karnataka,"Mandya IMS, Mandya",MBBS,64350,15375(2),20975(2),21375(2)
AI,EWS,Uttar Pradesh,"Autonomous Med Coll, Sonebhadra",MBBS,24000,17823(1),21382(1),21382(1)
ES,EWS,Haryana,"ESI Med Coll, Faridabad",MBBS,24000,12647(4),12647(4),21387(5)
AI,Open,Telangana,"Govt Med Coll, Mahabubnagar",MBBS,14000,16687(8),20357(8),21393(8)
AI,OBC,Maharashtra,"MGIMS, Wardha",MBBS,169410,14348(12),19383(12),21398(12)
AI,OBC,Karnataka,"Gulbarga IMS, Gulbarga",MBBS,64350,13440(5),19843(6),21407(6)
AI,Open,Maharashtra,"SRTT, Ambajogai",MBBS,158600,13885(9),17402(9),21425(9)
AI,EWS,Uttar Pradesh,"Govt Med Coll, Lakhimpur Kheri",MBBS,24000,17169(1),19716(1),21558(1)
AI,Open,Karnataka,"Chamrajanagar IMS, Karnataka",MBBS,64350,14419(10),19771(10),21567(10)
AI,Open,Maharashtra,"Government Med Coll, Amravati",MBBS,158600,16788(7),19842(7),21579(7)
AI,OBC,Tamil Nadu,"Govt Med Coll, Nagapattinam",MBBS,18073,12711(7),20147(7),21606(7)
AI,Open,Chhattisgarh,"Lakhi Ram Agrawal, Raigarh",MBBS,50000,13428(5),18759(5),21610(5)
AI,OBC,Andhra Pradesh,"ACSR Govt Med Coll, Nellore",MBBS,15000,13892(6),20638(6),21614(6)
AI,Open,Maharashtra,"Govt Med Coll, Gondia",MBBS,158600,15517(9),19416(9),21637(9)
AI,Open,Jammu and Kashmir,"Government Med Coll,Rajouri",MBBS,26250,15602(7),20368(7),21639(7)
AI,OBC,Maharashtra,"Govt Med Coll, Satara",MBBS,158600,15276(4),18596(4),21643(4)
ES,OBC,Rajasthan,"ESIC Med Coll, Jaipur",MBBS,24000,-,-,21652(5)
AI,Open,Jammu and Kashmir,"Government Med Coll,Anantnag",MBBS,34214,13813(11),19068(6),21671(9)
AI,OBC,Karnataka,"VIMS, Bellary",MBBS,64350,13217(7),19810(9),21673(9)
AI,OBC,Maharashtra,"SRTT, Ambajogai",MBBS,158600,14161(6),18336(6),21693(6)
AI,EWS,Karnataka,"VIMS, Bellary",MBBS,64350,16479(3),21704(4),21704(4)
AI,Open,Telangana,"Rajiv Gandhi IMS, Adilabad",MBBS,14000,12965(6),20083(6),21714(6)
AI,OBC,Maharashtra,"Government Med Coll, Ambernath",MBBS,158600,18031(4),19988(4),21718(4)
AI,OBC,Jammu and Kashmir,"Government Med Coll,Rajouri",MBBS,26250,17502(3),20898(3),21777(3)
AI,OBC,Maharashtra,"Shri VR Naik Govt, Yavatmal",MBBS,158600,15069(7),19079(7),21790(7)
AI,EWS,West Bengal,Bankura Sammilani Med Coll,MBBS,9000,16226(3),20938(3),21810(3)
AI,EWS,Uttar Pradesh,"Auton. State Med Coll, Jaunpur",MBBS,24000,15549(2),19150(2),21826(2)
AI,Open,West Bengal,"Diamond Harbour Govt MC, WB",MBBS,9000,11448(6),18340(8),21828(8)
AI,OBC,Andhra Pradesh,"Rangaraya Med Coll, Kakinada",MBBS,15000,9686(9),20509(9),21840(9)
AI,OBC,Odisha,"Pt Raghunath Med Coll,Baripada",MBBS,22000,15728(4),21842(4),21842(4)
AI,Open,Maharashtra,"Govt Med Coll, Nandurbar",MBBS,158600,15066(5),19317(5),21860(5)
AI,Open,Jharkhand,"Dumka Medical Coll,Dighi Dumka",MBBS,20100,15573(6),20994(6),21867(6)
AI,OBC,Karnataka,"Chamrajanagar IMS, Karnataka",MBBS,64350,15745(5),20621(5),21868(5)
AI,EWS,West Bengal,"Barasat Govt Med Coll, Barasat",MBBS,9000,18745(2),22829(2),21895(2)
AI,OBC,Karnataka,Kodagu Inst of Med Sciences,MBBS,64350,14401(6),20234(6),21900(6)
AI,EWS,Maharashtra,"VMMC, Solapur",MBBS,158600,12306(3),18274(3),21916(3)
AI,Open,Karnataka,Chikkaballapura Inst Of Med Sci,MBBS,64350,12520(5),19965(7),21922(7)
AI,OBC,Jharkhand,"Dumka Medical Coll,Dighi Dumka",MBBS,20100,17134(4),21238(4),21926(4)
AI,OBC,Maharashtra,Government Med Coll Ratnagiri,MBBS,158600,16229(4),20300(4),21941(4)
AI,Open,Andhra Pradesh,SVIMS-Sri Padmavathi,MBBS,67900,12719(10),19972(10),21961(10)
AI,OBC,Karnataka,Karwar Inst of Med Sciences,MBBS,64350,15023(6),20494(6),21967(6)
AI,Open,West Bengal,Midnapore Medical College,MBBS,9000,13585(12),19936(12),21971(12)
AI,Open,Andhra Pradesh,"Rajiv Gandhi IMS, Kadapa",MBBS,15000,14765(11),21386(11),21972(11)
AI,Open,Maharashtra,"Govt Med Coll, Alibag",MBBS,158600,15689(6),18992(6),21975(6)
AI,OBC,Assam,"Assam Med Coll, Dibrugarh",MBBS,6400,14944(8),21982(10),21982(10)
AI,OBC,Maharashtra,"Govt Med Coll, Nandurbar",MBBS,158600,16137(4),19731(4),21994(4)
AI,Open,Jammu and Kashmir,"Government Medical Coll, Doda",MBBS,26250,17315(6),21818(8),21995(8)
AI,Open,Jharkhand,"Palamu Medical College, Palamu",MBBS,9200,15946(4),20103(4),21996(4)
AI,OBC,Maharashtra,"Govt Med Coll, Gondia",MBBS,158600,16238(5),19458(5),22001(5)
AI,EWS,Maharashtra,"Government Med Coll, Amravati",MBBS,158600,18640(1),22015(1),22015(1)
ES,EWS,Rajasthan,"ESIC Med Coll, Alwar",MBBS,24000,17289(3),17289(3),22037(3)
AI,OBC,Manipur,"RIMS, Imphal",MBBS,3000,15062(5),22056(5),22056(5)
AI,Open,Karnataka,"Bidar IMS, Bidar",MBBS,64350,11883(8),19380(8),22069(8)
AI,EWS,Jammu and Kashmir,"Government Medical Coll,Kathua",MBBS,26250,14377(2),22076(3),22076(3)
AI,EWS,Andhra Pradesh,"Guntur Med Coll, Guntur",MBBS,15000,9219(4),16345(4),22094(4)
AI,Open,Chhattisgarh,"Govt Med Coll, Ambikapur",MBBS,50000,17455(7),21137(7),22102(7)
AI,OBC,Andhra Pradesh,SVIMS-Sri Padmavathi,MBBS,67900,14255(5),22019(5),22115(5)
AI,EWS,Maharashtra,"Rajarshee CSM Govt MC,Kolhapur",MBBS,158600,14707(2),19945(2),22134(2)
AI,OBC,West Bengal,Bankura Sammilani Med Coll,MBBS,9000,14053(7),19610(7),22143(7)
AI,EWS,Maharashtra,"Sri Bhausaheb, Dhule",MBBS,158600,16282(2),20274(2),22149(2)
AI,OBC,West Bengal,"Diamond Harbour Govt MC, WB",MBBS,9000,12358(2),19618(3),22183(3)
AI,SC,Delhi,"NDMC Med College, Delhi",MBBS,105500,15798(1),22223(1),22223(1)
AI,OBC,Karnataka,"Bidar IMS, Bidar",MBBS,64350,14218(7),20495(7),22245(7)
AI,OBC,Maharashtra,"Govt Med Coll, Alibag",MBBS,158600,17028(4),20259(4),22246(4)
AI,OBC,Karnataka,Chikkaballapura Inst Of Med Sci,MBBS,64350,14769(4),21029(6),22290(6)
AI,EWS,Kerala,"Govt Med Coll, Kottayam",MBBS,23150,13677(3),22295(3),22295(3)
AI,Open,Telangana,"Govt Med Coll, Suryapet",MBBS,14000,17662(7),21709(7),22340(7)
AI,EWS,Chhattisgarh,"Lakhi Ram Agrawal, Raigarh",MBBS,50000,17136(2),20416(2),22341(2)
AI,OBC,Maharashtra,"Government Med Coll, Amravati",MBBS,158600,18124(4),20485(4),22364(4)
AI,EWS,Uttar Pradesh,"Auton. State Med Coll,Amethi",MBBS,24000,-,-,22368(1)
AI,OBC,Telangana,"Govt Med Coll, Suryapet",MBBS,14000,18618(5),21940(5),22369(5)
AI,OBC,Telangana,"Rajiv Gandhi IMS, Adilabad",MBBS,14000,15996(4),20555(4),22374(4)
AI,Open,Manipur,"RIMS, Imphal",MBBS,3000,12184(7),21693(7),22377(7)
AI,EWS,Tamil Nadu,"Stanley Med Coll, Chennai",MBBS,18073,8671(4),15225(4),22385(4)
JP,Open,Pondicherry,"JIPMER, Puducherry",MBBS,1200,20667(19),20667(19),22390(20)
AI,EWS,Tamil Nadu,"ESI PGIMSR, KK Nagar, Chennai",MBBS,100000,16206(3),22629(3),22425(3)
AI,Open,Chhattisgarh,"CCM Govt Medical College, Durg",MBBS,50000,15834(11),20024(11),22435(11)
AI,Open,Telangana,"Govt Med Coll, Nizamabad",MBBS,14000,15751(7),18895(7),22448(7)
AI,Open,Gujarat,"Govt Med College (GMERS), Morbi",MBBS,375000,16056(6),18309(6),22453(6)
AI,EWS,Andhra Pradesh,"Kurnool Med Coll, Kurnool",MBBS,15000,8126(2),8126(2),22480(2)
AI,Open,Andhra Pradesh,"Govt Med Coll, Ananthapuram",MBBS,15000,14025(11),20767(11),22485(11)
AI,OBC,Andhra Pradesh,"Rajiv Gandhi IMS, Kadapa",MBBS,15000,17597(7),21961(7),22499(7)
AI,Open,Karnataka,Chikkamagaluru Inst of Med Sci,MBBS,64350,15955(9),21649(9),22507(9)
AI,EWS,West Bengal,Midnapore Medical College,MBBS,9000,17068(2),21944(2),22513(2)
AI,EWS,Uttar Pradesh,"Govt Med Coll, Gonda",MBBS,24000,18357(2),21116(2),22520(2)
AI,Open,Gujarat,"Govt Med Coll (GMERS), Porbandar",MBBS,375000,15464(5),20045(5),22535(5)
AI,Open,Chhattisgarh,"BaliramKashyap NDMC, Jagdalpur",MBBS,50000,15184(7),20262(7),22574(7)
AI,OBC,Chhattisgarh,"Lakhi Ram Agrawal, Raigarh",MBBS,50000,15234(4),20018(4),22576(4)
AI,Open,Telangana,"Govt Med Coll, Siddipet",MBBS,14000,17333(10),20697(10),22590(10)
AI,Open,Telangana,"Govt Med Coll, Quthbullapur",MBBS,14000,13641(3),19803(3),22606(3)
AI,Open,Telangana,"Govt Med Coll, Nalgonda",MBBS,14000,17800(7),21120(7),22637(7)
AI,Open,Karnataka,"Gadag IMS, Gadag",MBBS,64350,14287(8),20823(8),22653(8)
AI,EWS,Uttar Pradesh,"Govt Med Coll, Chandauli",MBBS,24000,18191(2),21384(2),22654(2)
AI,OBC,Telangana,"Govt Med Coll, Quthbullapur",MBBS,14000,20473(2),22674(2),22674(2)
AI,EWS,Madhya Pradesh,"GMC, Singrauli",MBBS,100000,-,21558(2),22701(2)
AI,Open,West Bengal,Purulia Govt Med Coll,MBBS,9000,18165(5),21259(5),22750(5)
AI,Open,Karnataka,"Raichur IMS, Raichur",MBBS,64350,13573(9),20365(12),22776(12)
AI,OBC,Jammu and Kashmir,"Government Medical Coll, Doda",MBBS,26250,19533(4),22412(6),22796(6)
AI,Open,West Bengal,Jalpaiguri Govt Med Coll,MBBS,9000,16071(5),21544(5),22799(5)
AI,OBC,Telangana,"Govt Med Coll, Nizamabad",MBBS,14000,16908(4),20489(4),22818(4)
AI,OBC,Andhra Pradesh,"Govt Med Coll, Ananthapuram",MBBS,15000,16934(8),21064(8),22819(8)
AI,EWS,West Bengal,"Diamond Harbour Govt MC, WB",MBBS,9000,12066(1),19347(2),22829(2)
AI,EWS,Odisha,"Govt Med Coll and Hosp, Jajpur",MBBS,22000,19125(1),22831(1),22831(1)
AIIMS SO,ST,Chhattisgarh,"AIIMS, Raipur",MBBS,1350,22885(9),22885(9),22885(9)
AI,EWS,Jammu and Kashmir,"Government Med Coll,Rajouri",MBBS,26250,16757(1),22302(1),22886(1)
AI,OBC,Jharkhand,"Palamu Medical College, Palamu",MBBS,9200,17861(4),21275(4),22895(4)
AI,Open,West Bengal,Murshidabad Med Coll,MBBS,9000,15566(7),21370(7),22912(7)
AI,OBC,Chhattisgarh,"CCM Govt Medical College, Durg",MBBS,50000,17986(7),21405(7),22943(7)
AI,Open,Maharashtra,"Government Med Coll, Parbhani",MBBS,158600,17318(5),20579(5),22949(5)
AI,OBC,Jammu and Kashmir,"Government Med Coll,Anantnag",MBBS,34214,17423(7),20284(4),22979(6)
AI,EWS,Telangana,"Kakatiya Med Coll, Warangal",MBBS,14000,13673(3),19184(3),22983(3)
AI,Open,West Bengal,Malda Med Coll,MBBS,9000,14398(7),20737(7),22988(7)
AI,Open,Maharashtra,"Government Med Coll, Osmanabad",MBBS,158600,17216(6),20025(6),23007(6)
AI,EWS,Maharashtra,"Govt Med Coll, Jalgaon",MBBS,158600,17282(2),20409(2),23014(2)
AI,OBC,Karnataka,Chikkamagaluru Inst of Med Sci,MBBS,64350,16433(6),21912(6),23021(6)
AI,OBC,Karnataka,"Raichur IMS, Raichur",MBBS,64350,14902(5),21148(7),23033(7)
AI,EWS,Tamil Nadu,"Govt Med Coll, Omandurar",MBBS,18073,17554(1),23068(1),23068(1)
AI,OBC,Chhattisgarh,"BaliramKashyap NDMC, Jagdalpur",MBBS,50000,16283(4),20747(4),23075(4)
AI,Open,Maharashtra,"Government Med Coll, Sindhudurg",MBBS,158600,16925(6),20395(6),23076(6)
AI,EWS,Maharashtra,"Govt Med Coll, Miraj",MBBS,158600,14254(3),18739(3),23078(3)
AI,Open,Andhra Pradesh,"Rajiv Gandhi IMS, Ongole",MBBS,15000,15574(7),21047(9),23089(9)
AI,EWS,Jammu and Kashmir,"Government Medical Coll, Doda",MBBS,26250,19321(2),23120(2),23120(2)
AI,OBC,Chhattisgarh,"Govt Med Coll, Ambikapur",MBBS,50000,18613(5),21819(5),23139(5)
AI,Open,Maharashtra,"Government Med Coll, Buldhana",MBBS,158600,18312(7),21134(7),23157(7)
AI,OBC,West Bengal,Midnapore Medical College,MBBS,9000,15765(8),20681(8),23164(8)
AI,Open,West Bengal,"Prafulla CS Govt Med, Arambagh",MBBS,9000,18500(5),22363(5),23175(5)
AI,OBC,Telangana,"Govt Med Coll, Nalgonda",MBBS,14000,18976(6),22088(6),23202(6)
AI,Open,West Bengal,"Sarat CC Govt Med Coll, Howrah",MBBS,9000,17944(6),21303(6),23215(6)
AI,OBC,Telangana,"Govt Med Coll, Siddipet",MBBS,14000,18607(6),21446(6),23219(6)
AI,OBC,Maharashtra,"Government Med Coll, Osmanabad",MBBS,158600,17566(4),20500(4),23227(4)
AI,Open,Chhattisgarh,"Government Med Coll, Mahasamund",MBBS,50000,16897(6),21904(6),23229(6)
AI,Open,Telangana,"Govt Med Coll, Maheshwaram",MBBS,14000,18701(3),23239(3),23239(3)
AI,Open,Odisha,"Govt Med Coll and Hosp, Jajpur",MBBS,22000,13385(3),21702(3),23247(3)
AI,OBC,Andhra Pradesh,"Rajiv Gandhi IMS, Ongole",MBBS,15000,17411(4),22106(5),23253(5)
AI,OBC,Telangana,"Govt Med Coll, Mahabubnagar",MBBS,14000,18092(6),20891(6),23259(6)
AI,EWS,Bihar,"Jannayak Karpoori Med,Madhepura",MBBS,9500,17199(2),21810(2),23287(2)
AI,EWS,Maharashtra,"Govt Med Coll, Nanded",MBBS,158600,13312(2),19143(2),23307(2)
AI,EWS,Odisha,"Government Med Coll, Sundargarh",MBBS,22000,19026(1),23325(1),23325(1)
AI,Open,Odisha,"Government Med Coll, Sundargarh",MBBS,22000,17324(8),23057(8),23339(8)
AI,EWS,Bihar,"Government Med Coll, Purnea",MBBS,9500,15767(1),19764(1),23353(1)
AI,OBC,Maharashtra,"Government Med Coll, Sindhudurg",MBBS,158600,17509(4),20612(4),23363(4)
AI,Open,West Bengal,"Govt Med Coll, Raiganj",MBBS,9000,16264(4),21828(4),23373(6)
AI,Open,Andhra Pradesh,"Rajiv Gandhi IMS, Srikakulam",MBBS,15000,17565(15),22100(15),23380(15)
AI,OBC,West Bengal,"Sarat CC Govt Med Coll, Howrah",MBBS,9000,19405(4),22861(4),23387(4)
AI,OBC,Karnataka,"Gadag IMS, Gadag",MBBS,64350,15554(6),21227(6),23389(6)
AI,EWS,Karnataka,"Bidar IMS, Bidar",MBBS,64350,18770(2),23412(2),23412(2)
AI,EWS,West Bengal,Malda Med Coll,MBBS,9000,19347(2),22513(2),23430(2)
AI,Open,Karnataka,"Koppal Inst of MS, Koppal",MBBS,64350,15274(10),21533(10),23455(10)
AI,EWS,Assam,"Assam Med Coll, Dibrugarh",MBBS,6400,16210(3),23462(3),23462(3)
AI,EWS,Telangana,"Govt Med Coll, Mahabubnagar",MBBS,14000,21758(2),23112(2),23466(2)
AI,OBC,West Bengal,Malda Med Coll,MBBS,9000,15958(5),21158(5),23484(5)
AI,OBC,Maharashtra,"Government Med Coll, Parbhani",MBBS,158600,18101(4),20972(4),23487(4)
AI,EWS,Chhattisgarh,"CCM Govt Medical College, Durg",MBBS,50000,19738(3),22578(3),23498(3)
AI,Open,Assam,"Jorhat Med Coll, Jorhat",MBBS,6400,16465(8),22812(8),23503(8)
AI,Open,West Bengal,"TamraliptoGovtMed,PurbaMedinpur",MBBS,9000,18793(6),23226(6),23511(6)
AI,Open,Telangana,"Government Med Coll, Sangareddy",MBBS,14000,18553(9),22328(9),23517(9)
AI,Open,Assam,"Pragjyotishpur Med Coll,Guwahati",MBBS,8400,-,19284(3),23549(6)
ES,OBC,Rajasthan,"ESIC Med Coll, Alwar",MBBS,24000,17524(10),17524(10),23596(10)
AI,Open,Odisha,"Government Med Coll, Keonjhar",MBBS,22000,16017(3),22118(3),23605(3)
AI,EWS,Maharashtra,"Shri VR Naik Govt, Yavatmal",MBBS,158600,15782(2),21219(2),23608(2)
AI,EWS,Jammu and Kashmir,"Government Med Coll,Anantnag",MBBS,34214,18738(2),22081(1),23614(2)
AI,OBC,West Bengal,"Prafulla CS Govt Med, Arambagh",MBBS,9000,19599(4),23023(4),23635(4)
AI,EWS,Odisha,"Pt Raghunath Med Coll,Baripada",MBBS,22000,15632(2),24950(2),23638(2)
AI,OBC,Odisha,"Government Med Coll, Sundargarh",MBBS,22000,18365(2),23647(2),23647(2)
AI,Open,Assam,"Silchar Med Coll, Silchar",MBBS,6400,15335(8),22025(9),23656(9)
AI,OBC,Telangana,"Government Med Coll, Sangareddy",MBBS,14000,19398(5),22573(5),23662(5)
AI,OBC,Odisha,"Govt Med Coll and Hosp, Jajpur",MBBS,22000,17225(2),23216(2),23679(2)
AI,Open,Jammu and Kashmir,"Government Med Coll, Baramulla",MBBS,37636,14647(6),21156(10),23723(10)
AI,Open,Maharashtra,"Government Med Coll, Bhandara",MBBS,158600,17608(5),21013(5),23732(5)
AI,Open,Karnataka,"Haveri Inst of Med Sci, Haveri",MBBS,64350,15509(10),21917(10),23733(10)
AI,OBC,Karnataka,"Koppal Inst of MS, Koppal",MBBS,64350,15999(6),21766(6),23734(6)
AI,EWS,Maharashtra,"SRTT, Ambajogai",MBBS,158600,16534(3),21472(3),23740(3)
AI,OBC,Maharashtra,"Government Med Coll, Buldhana",MBBS,158600,19222(4),21454(4),23759(4)
AI,Open,West Bengal,"Govt Med Coll, Rampurhat",MBBS,9000,17392(6),22098(6),23811(9)
AI,OBC,Karnataka,"Haveri Inst of Med Sci, Haveri",MBBS,64350,16921(6),22347(6),23839(6)
AI,OBC,Andhra Pradesh,"Rajiv Gandhi IMS, Srikakulam",MBBS,15000,18461(10),22410(10),23851(10)
AI,EWS,Maharashtra,"Govt Med Coll, Satara",MBBS,158600,18612(2),21713(2),23855(2)
AI,Open,Telangana,"Government Med Coll, Khammam",MBBS,14000,19528(8),23360(8),23859(8)
AI,EWS,Andhra Pradesh,"SV Med Coll, Tirupati",MBBS,15000,11148(3),20153(3),23865(3)
AIIMS SO,ST,Odisha,"AIIMS, Bhubaneswar",MBBS,1350,14786(8),14786(8),23884(8)
AI,Open,Telangana,"Government Med Coll, Ramagundam",MBBS,14000,19450(7),22774(7),23886(7)
AI,OBC,West Bengal,Purulia Govt Med Coll,MBBS,9000,19532(5),22826(5),23889(5)
AI,OBC,Telangana,"Government Med Coll, Khammam",MBBS,14000,19993(3),23522(3),23893(3)
AI,EWS,Maharashtra,"Government Med Coll, Ambernath",MBBS,158600,17837(2),23895(2),23895(2)
AI,OBC,Gujarat,"Govt Med College (GMERS), Morbi",MBBS,375000,17327(4),22166(4),23902(4)
AI,OBC,West Bengal,Murshidabad Med Coll,MBBS,9000,17170(5),22058(5),23905(5)
AI,EWS,Karnataka,"Gadag IMS, Gadag",MBBS,64350,20274(2),23911(2),23911(2)
AI,EWS,Gujarat,"Govt Med Coll (GMERS), Porbandar",MBBS,375000,16335(1),22505(1),23913(1)
AI,Open,Maharashtra,"Government Med Coll, Gadchiroli",MBBS,158600,18342(6),21536(6),23922(6)
AI,Open,West Bengal,"MJN Med Coll, Coochbehar",MBBS,9000,18083(5),21362(5),23933(9)
AI,Open,Chhattisgarh,"Govt Med Coll, Kanker",MBBS,50000,18309(6),22431(6),23992(6)
AI,EWS,Maharashtra,"Govt Med Coll, Latur",MBBS,158600,15523(2),20808(2),24006(2)
AI,Open,Delhi,"Maulana Azad IDS, New Delhi",BDS,5395,13602(2),5935(2),24046(2)
AI,OBC,Assam,"Jorhat Med Coll, Jorhat",MBBS,6400,18742(4),23242(4),24051(4)
AI,Open,Maharashtra,"Government Med Coll, Jalna",MBBS,158600,18468(5),21174(5),24056(5)
AI,Open,Telangana,"Govt Med Coll, Nagarkurnool",MBBS,14000,17900(8),22198(8),24081(8)
AI,EWS,West Bengal,"TamraliptoGovtMed,PurbaMedinpur",MBBS,9000,21290(1),24126(1),24126(1)
AI,OBC,Telangana,"Government Med Coll, Ramagundam",MBBS,14000,20489(6),23713(6),24128(6)
AI,EWS,West Bengal,"Sarat CC Govt Med Coll, Howrah",MBBS,9000,19261(1),24137(1),24137(1)
AI,OBC,Maharashtra,"Government Med Coll, Bhandara",MBBS,158600,18944(4),21414(4),24140(4)
AI,EWS,West Bengal,Murshidabad Med Coll,MBBS,9000,18344(1),23865(1),24144(1)
AI,OBC,West Bengal,"MJN Med Coll, Coochbehar",MBBS,9000,18940(4),22394(4),24204(7)
AI,OBC,West Bengal,"TamraliptoGovtMed,PurbaMedinpur",MBBS,9000,19665(4),23422(4),24208(4)
AI,EWS,Assam,"Silchar Med Coll, Silchar",MBBS,6400,16345(2),24213(2),24213(2)
AI,Open,West Bengal,"Jhargram Govt Med Coll,Jhargram",MBBS,9000,19281(6),22926(6),24232(6)
AI,Open,Karnataka,"Yadgiri Inst of Med Sci,Yadgiri",MBBS,64350,16640(10),22507(10),24244(10)
AI,EWS,Jharkhand,"Dumka Medical Coll,Dighi Dumka",MBBS,20100,17956(2),23379(2),24258(2)
AI,EWS,West Bengal,"MJN Med Coll, Coochbehar",MBBS,9000,20010(2),24271(2),24271(2)
AI,OBC,Telangana,"Govt Med Coll, Medak",MBBS,14000,20339(2),24294(2),24294(2)
AI,Open,Chhattisgarh,"Government Med Coll, Korba",MBBS,50000,18665(8),22576(8),24296(8)
AI,EWS,Tamil Nadu,Coimbatore Med Coll,MBBS,18073,15747(2),18738(2),24304(2)
AI,OBC,West Bengal,"Govt Med Coll, Rampurhat",MBBS,9000,18283(4),22841(4),24310(6)
AI,OBC,Jammu and Kashmir,"Government Med Coll, Baramulla",MBBS,37636,17373(4),21469(6),24333(6)
AI,Open,Telangana,"Government Med Coll,Mahabubabad",MBBS,14000,19605(10),23261(10),24348(10)
AI,EWS,Odisha,"Govt Med Coll, Balangir",MBBS,22000,20482(2),24361(2),24361(2)
AI,Open,Odisha,"Saheed Laxman Nayak, Koraput",MBBS,22000,15676(7),22866(7),24372(7)
AI,Open,Jammu and Kashmir,"Government Med Coll, Handwara",MBBS,34215,17543(5),21995(5),24396(5)
AI,OBC,Telangana,"Government Med Coll,Mahabubabad",MBBS,14000,20335(5),23719(5),24403(5)
AI,EWS,Maharashtra,"Govt Med Coll, Chandrapur",MBBS,158600,17316(2),22338(2),24425(2)
AI,EWS,Telangana,"Govt Med Coll, Siddipet",MBBS,14000,20415(2),24438(2),24438(2)
AI,Open,Maharashtra,"Government Med Coll, Washim",MBBS,158600,18359(6),21580(6),24466(6)
AI,Open,Karnataka,Chitradurga Medical College,MBBS,64350,16313(8),22335(8),24472(8)
AI,EWS,Maharashtra,"Government Med Coll, Buldhana",MBBS,158600,20968(1),24487(1),24487(1)
AI,EWS,Kerala,"Medical College, Trivandrum",MBBS,23150,8450(4),19161(4),24538(4)
AI,OBC,West Bengal,Jalpaiguri Govt Med Coll,MBBS,9000,18810(4),23286(4),24544(4)
AI,EWS,Chhattisgarh,"BaliramKashyap NDMC, Jagdalpur",MBBS,50000,18477(2),22043(2),24545(2)
AI,Open,Maharashtra,"Government Med Coll, Hingoli",MBBS,158600,18639(5),20847(5),24562(5)
AI,OBC,Chhattisgarh,"Government Med Coll, Mahasamund",MBBS,50000,18369(5),22958(5),24565(5)
AI,OBC,Odisha,"Government Med Coll, Keonjhar",MBBS,22000,19116(5),23905(5),24566(5)
AI,EWS,Odisha,"Saheed Laxman Nayak, Koraput",MBBS,22000,20535(2),24577(2),24577(2)
AI,EWS,West Bengal,"Jhargram Govt Med Coll,Jhargram",MBBS,9000,20542(1),24588(1),24588(1)
AI,Open,Andhra Pradesh,"Govt Med Coll, Rajamahendravaram",MBBS,15000,18768(8),22637(8),24601(8)
AI,Open,Gujarat,"Govt Med Coll (GMERS), Panchmahal",MBBS,375000,17630(8),22204(8),24610(8)
AI,OBC,Chhattisgarh,"Govt Med Coll, Kanker",MBBS,50000,18938(4),22865(4),24614(4)
AI,Open,Andhra Pradesh,"Government Med Coll, Eluru",MBBS,15000,18587(9),23147(9),24616(9)
AI,Open,Assam,"Fakhruddin Ali Ahmed, Barpeta",MBBS,6400,18466(7),23677(7),24634(7)
AI,OBC,West Bengal,"Govt Med Coll, Raiganj",MBBS,9000,18300(4),22936(4),24635(6)
AI,Open,Andhra Pradesh,"Government Med Coll, Nandyal",MBBS,15000,18974(9),23089(9),24637(9)
AI,Open,Assam,"Tezpur Med Coll, Tezpur",MBBS,6400,17344(5),23348(5),24646(5)
AI,OBC,Telangana,"Govt Med Coll, Nagarkurnool",MBBS,14000,19721(5),23474(5),24658(5)
AI,Open,Telangana,"Govt Med Coll, Yadadri",MBBS,14000,18193(2),23048(2),24680(2)
AI,EWS,Telangana,"Rajiv Gandhi IMS, Adilabad",MBBS,14000,19688(2),22983(2),24686(2)
AI,OBC,Maharashtra,"Government Med Coll, Gadchiroli",MBBS,158600,19118(4),21738(4),24728(4)
AI,OBC,Chhattisgarh,"Government Med Coll, Korba",MBBS,50000,19269(5),23139(5),24748(5)
AI,Open,Telangana,"Government Med Coll, Jagtial",MBBS,14000,19790(6),23832(6),24749(6)
AI,Open,Telangana,"Government Med Coll, Karimnagar",MBBS,14000,18723(6),22982(6),24755(6)
AI,Open,Telangana,"Government Med Coll, Wanaparthy",MBBS,14000,20296(8),23784(8),24769(8)
AI,OBC,Assam,"Silchar Med Coll, Silchar",MBBS,6400,17257(5),22840(7),24771(7)
AI,Open,Telangana,"Government Med Coll, Kamareddy",MBBS,14000,19972(7),23940(7),24777(7)
AI,EWS,West Bengal,"Prafulla CS Govt Med, Arambagh",MBBS,9000,20938(2),24034(2),24782(2)
AI,OBC,Maharashtra,"Government Med Coll, Hingoli",MBBS,158600,19403(3),21490(3),24793(3)
AI,Open,Odisha,"Pabitra Mohan Pradhan MedColl&Hosp,Talcher",MBBS,22000,-,24234(5),24812(5)
AI,Open,Meghalaya,"NEIGRIHMS, Shillong",MBBS,16600,10679(8),22185(12),24859(12)
AI,Open,Telangana,"Govt Med Coll, Rajanna Sircilla",MBBS,14000,17968(6),21984(6),24900(6)
AI,EWS,Karnataka,"Hassan IMS, Hassan",MBBS,64350,16784(2),22768(2),24903(2)
AI,OBC,Karnataka,"Yadgiri Inst of Med Sci,Yadgiri",MBBS,64350,17557(6),22698(6),24916(6)
AI,OBC,Karnataka,Chitradurga Medical College,MBBS,64350,17154(6),22562(6),24928(6)
AI,EWS,Karnataka,"Shimoga IMS, Shimoga",MBBS,64350,18024(2),21762(2),24929(2)
AI,OBC,Maharashtra,"Government Med Coll, Washim",MBBS,158600,19526(3),21986(3),24931(3)
AI,Open,Andaman and Nicobar Islands,"Andaman & NicobarIMS,PortBlair",MBBS,59500,12014(5),22090(5),24933(5)
AI,EWS,Jharkhand,"Palamu Medical College, Palamu",MBBS,9200,19273(2),23353(2),24950(2)
AI,OBC,Jammu and Kashmir,"Government Med Coll, Handwara",MBBS,34215,18937(4),22976(4),24951(4)
AI,Open,Gujarat,"GMERS Medical College, Rajpipla",MBBS,375000,18038(7),22292(7),24955(7)
AI,EWS,Karnataka,"Raichur IMS, Raichur",MBBS,64350,15144(1),23817(2),24959(2)
AI,OBC,Assam,"Fakhruddin Ali Ahmed, Barpeta",MBBS,6400,20218(5),23922(5),24960(5)
AI,Open,Telangana,Govt Med Coll Jangaon,MBBS,14000,17116(5),21928(5),24964(5)
AI,OBC,Telangana,"Government Med Coll, Wanaparthy",MBBS,14000,20844(5),24138(5),24977(5)
AI,OBC,Maharashtra,"Government Med Coll, Jalna",MBBS,158600,19458(4),21790(4),24979(4)
AI,EWS,West Bengal,"Govt Med Coll, Raiganj",MBBS,9000,20444(2),24191(2),24993(3)
AI,OBC,West Bengal,"Jhargram Govt Med Coll,Jhargram",MBBS,9000,19687(4),23276(4),24996(4)
AI,OBC,Gujarat,"Govt Med Coll (GMERS), Porbandar",MBBS,375000,18744(4),22682(4),25007(4)
AI,EWS,West Bengal,Purulia Govt Med Coll,MBBS,9000,19558(1),23307(1),25011(1)
AI,Open,Odisha,Government Med Coll Bhawanipatna,MBBS,22000,18070(7),23460(7),25048(7)
AI,EWS,Maharashtra,"Govt Med Coll, Gondia",MBBS,158600,18457(3),22645(3),25054(3)
AI,Open,Telangana,Govt Med Coll Narsampet,MBBS,14000,18763(2),23442(2),25073(2)
AI,Open,Andhra Pradesh,Govt Med Coll Machilipatnam,MBBS,15000,18990(8),23359(8),25075(8)
AI,OBC,Assam,"Tezpur Med Coll, Tezpur",MBBS,6400,20306(6),23880(6),25090(6)
AI,Open,Telangana,"Government Med Coll, Mancherial",MBBS,14000,20063(5),24016(5),25091(5)
AI,OBC,Andhra Pradesh,"Govt Med Coll, Rajamahendravaram",MBBS,15000,19531(6),23217(6),25093(6)
AI,EWS,West Bengal,"Govt Med Coll, Rampurhat",MBBS,9000,19830(2),24587(2),25107(3)
AI,EWS,West Bengal,Jalpaiguri Govt Med Coll,MBBS,9000,21857(2),23480(2),25119(2)
AI,OBC,Andhra Pradesh,"Government Med Coll, Eluru",MBBS,15000,19856(5),23564(5),25120(5)
AI,OBC,Telangana,"Government Med Coll, Karimnagar",MBBS,14000,19600(4),23696(4),25122(4)
AI,Open,Telangana,"Govt Med Coll, Jogulamba",MBBS,14000,16584(2),22053(2),25129(2)
AI,OBC,Odisha,"Saheed Laxman Nayak, Koraput",MBBS,22000,17984(5),23540(5),25153(5)
AI,OBC,Telangana,"Govt Med Coll, Rajanna Sircilla",MBBS,14000,19248(4),23083(4),25159(4)
AI,OBC,Gujarat,"Govt Med Coll (GMERS), Panchmahal",MBBS,375000,18851(3),23265(3),25165(3)
AI,Open,Tripura,"Agartala Med Coll, Agartala",MBBS,59500,18254(6),22893(6),25191(6)
AI,EWS,Assam,"Tezpur Med Coll, Tezpur",MBBS,6400,21375(2),25204(2),25204(2)
AI,OBC,Telangana,"Govt Med Coll, Jogulamba",MBBS,14000,20497(2),23933(2),25216(2)
AI,EWS,Chhattisgarh,"Govt Med Coll, Ambikapur",MBBS,50000,19513(2),19513(2),25218(2)
AI,OBC,Assam,"Pragjyotishpur Med Coll,Guwahati",MBBS,8400,-,22086(2),25241(4)
AI,OBC,Telangana,"Government Med Coll, Kamareddy",MBBS,14000,20348(4),24093(4),25247(4)
AI,OBC,Gujarat,"GMERS Medical College, Navsari",MBBS,375000,19567(5),23403(5),25251(5)
AI,EWS,Maharashtra,"Government Med Coll, Parbhani",MBBS,158600,20687(2),25254(2),25254(2)
AI,OBC,Odisha,Government Med Coll Bhawanipatna,MBBS,22000,19326(3),24129(3),25255(3)
AI,OBC,Telangana,Govt Med Coll Jangaon,MBBS,14000,19834(4),23734(4),25268(4)
AI,OBC,Andhra Pradesh,"Government Med Coll, Nandyal",MBBS,15000,19791(6),23483(6),25274(6)
AI,EWS,Tamil Nadu,"Madurai Med Coll, Madurai",MBBS,18073,16698(4),22397(4),25276(4)
AI,Open,Telangana,"Govt Med Coll, Narayanpet",MBBS,14000,17038(2),23733(2),25292(2)
AI,Open,Andhra Pradesh,Government Med Coll Vizianagaram,MBBS,15000,18762(10),23829(10),25301(10)
AI,EWS,Maharashtra,"Govt Med Coll, Nandurbar",MBBS,158600,17163(2),22472(2),25308(2)
AI,OBC,Odisha,"Pabitra Mohan Pradhan MedColl&Hosp,Talcher",MBBS,22000,-,24614(4),25324(4)
AI,OBC,Andhra Pradesh,Govt Med Coll Machilipatnam,MBBS,15000,20022(5),23722(5),25328(5)
AI,EWS,Assam,Kokrajhar Medical College,MBBS,6400,24869(2),25330(2),25330(2)
AI,Open,Andhra Pradesh,"Government Medical College, Paderu",MBBS,15000,17923(2),24219(2),25334(2)
AI,Open,Telangana,"GovtMedColl,BhadradriKothagudem",MBBS,14000,20375(9),23864(9),25342(9)
AI,OBC,Gujarat,"GMERS Medical College, Rajpipla",MBBS,375000,19984(3),23663(3),25343(3)
AI,Open,Telangana,"Govt Med Coll, Medak",MBBS,14000,18073(3),24102(3),25379(3)
AI,EWS,Maharashtra,"Govt Med Coll, Alibag",MBBS,158600,18274(1),22654(1),25382(1)
AI,OBC,Telangana,"Govt Med Coll, Yadadri",MBBS,14000,20855(2),23874(2),25386(2)
AI,Open,Telangana,"Government Med Coll, Vikarabad",MBBS,14000,20420(8),24285(8),25392(8)
AI,OBC,Meghalaya,"NEIGRIHMS, Shillong",MBBS,16600,-,22211(2),25395(2)
AI,Open,Assam,"Lakhimpur Med Coll, Lakhimpur",MBBS,6400,20090(5),24420(5),25402(5)
AI,Open,Assam,"Dhubri Medical College, Dhubri",MBBS,6400,20273(5),24466(5),25408(5)
AI,EWS,Arunachal Pradesh,"Tomo Riba IHMS, Naharlagun",MBBS,33000,21264(1),25414(1),25414(1)
AI,EWS,Manipur,"RIMS, Imphal",MBBS,3000,19897(2),25420(2),25420(2)
AI,OBC,Telangana,"Govt Med Coll, Maheshwaram",MBBS,14000,21032(2),24327(2),25423(2)
AI,EWS,Karnataka,"Gulbarga IMS, Gulbarga",MBBS,64350,18548(2),22783(3),25427(4)
AI,EWS,Jammu and Kashmir,"Government Med Coll, Baramulla",MBBS,37636,21083(2),24815(3),25440(3)
AI,Open,Telangana,"Government Med Coll, Nirmal",MBBS,14000,20114(6),24336(6),25445(6)
AI,OBC,Telangana,Govt Med Coll Narsampet,MBBS,14000,20374(2),24318(2),25459(2)
AI,OBC,Telangana,"GovtMedColl,BhadradriKothagudem",MBBS,14000,20893(6),24256(6),25462(6)
AI,EWS,Maharashtra,"Government Med Coll, Sindhudurg",MBBS,158600,-,-,25475(1)
AI,OBC,Andhra Pradesh,Government Med Coll Vizianagaram,MBBS,15000,20200(6),24104(6),25481(6)
AI,Open,Odisha,"Government MedColl&Hosp, Phulbani",MBBS,22000,-,24305(5),25486(5)
AI,Open,Telangana,"GMC, Kodangal",MBBS,14000,-,24335(2),25507(2)
AI,EWS,Maharashtra,"MGIMS, Wardha",MBBS,169410,15580(5),20542(5),25508(5)
AI,EWS,Assam,"Jorhat Med Coll, Jorhat",MBBS,6400,19097(2),25064(2),25511(2)
AI,Open,Telangana,"Govt Med Coll, Mulugu",MBBS,14000,20167(3),24362(3),25517(3)
AI,Open,Telangana,"Govt Med Coll, Kumuram Bheem",MBBS,14000,20559(4),24373(4),25523(4)
AI,EWS,Maharashtra,"Government Med Coll, Gadchiroli",MBBS,158600,19150(1),22701(1),25532(1)
AI,OBC,Andhra Pradesh,"Government Medical College, Paderu",MBBS,15000,20234(2),24227(2),25539(2)
AI,EWS,Assam,"Lakhimpur Med Coll, Lakhimpur",MBBS,6400,21279(1),25549(1),25549(1)
AI,EWS,Assam,"Fakhruddin Ali Ahmed, Barpeta",MBBS,6400,21139(1),24782(1),25558(1)
AI,EWS,Tamil Nadu,"Kilpauk Med Coll, Chennai",MBBS,18073,14863(3),20662(3),25599(3)
AI,EWS,Andhra Pradesh,"Govt Siddhartha, Vijaywada",MBBS,15000,13471(3),22385(3),25604(3)
AI,OBC,Assam,"Dhubri Medical College, Dhubri",MBBS,6400,20681(3),24633(3),25605(3)
AI,Open,Assam,"Diphu Med Coll, Assam",MBBS,6400,20448(6),24396(6),25615(6)
AI,Open,Telangana,"Government Med Coll, Bhupalpally",MBBS,14000,20614(7),24352(7),25616(7)
AI,OBC,Telangana,"Government Med Coll, Jagtial",MBBS,14000,20790(6),24273(6),25625(6)
AI,EWS,Maharashtra,"Government Med Coll, Osmanabad",MBBS,158600,19184(2),23873(2),25629(2)
AI,Open,Manipur,"Govt Med Coll, Churachandpur",MBBS,6000,18863(5),24610(5),25637(5)
AI,OBC,Telangana,"Government Med Coll, Mancherial",MBBS,14000,20955(4),24303(4),25639(4)
AI,OBC,Telangana,"Govt Med Coll, Narayanpet",MBBS,14000,20307(2),24000(2),25664(2)
AI,OBC,Odisha,"Government MedColl&Hosp, Phulbani",MBBS,22000,-,24725(4),25668(4)
AI,OBC,Telangana,"Government Med Coll, Vikarabad",MBBS,14000,20816(4),24452(4),25693(4)
AI,EWS,Maharashtra,Government Med Coll Ratnagiri,MBBS,158600,17948(1),22760(1),25695(1)
ES,EWS,Uttar Pradesh,"ESIC MedCollHosp,Noida",MBBS,24000,-,25704(3),25704(3)
AI,EWS,Andhra Pradesh,"Rangaraya Med Coll, Kakinada",MBBS,15000,11432(4),22309(4),25710(4)
AI,OBC,Telangana,"Govt Med Coll, Kumuram Bheem",MBBS,14000,20979(4),24539(4),25712(4)
AI,OBC,Telangana,"Government Med Coll, Nirmal",MBBS,14000,20895(4),24424(4),25718(4)
AI,EWS,Telangana,"Government Med Coll, Khammam",MBBS,14000,21844(1),25737(1),25737(1)
AI,EWS,Chhattisgarh,"Government Med Coll, Korba",MBBS,50000,19164(1),23936(1),25759(2)
AI,OBC,Telangana,"GMC, Kodangal",MBBS,14000,-,24627(2),25766(2)
AI,OBC,Telangana,"Govt Med Coll, Mulugu",MBBS,14000,20605(2),24482(2),25774(2)
AI,OBC,Assam,"Diphu Med Coll, Assam",MBBS,6400,20668(4),24658(4),25779(4)
AI,Open,Assam,Kokrajhar Medical College,MBBS,6400,20679(6),24684(6),25804(6)
AI,Open,Arunachal Pradesh,"Tomo Riba IHMS, Naharlagun",MBBS,33000,19272(6),23910(6),25813(6)
AI,OBC,Telangana,"Government Med Coll, Bhupalpally",MBBS,14000,21036(4),24486(4),25820(4)
AI,OBC,Tripura,"Agartala Med Coll, Agartala",MBBS,59500,20221(5),24323(5),25825(5)
AI,Open,Assam,"Nalbari Medical College, Nalbari",MBBS,6400,20989(7),24601(7),25827(7)
AI,Open,Manipur,"JNIMS, Imphal",MBBS,6000,19283(9),23665(9),25834(9)
AI,OBC,Assam,"Lakhimpur Med Coll, Lakhimpur",MBBS,6400,21217(4),24715(4),25841(4)
AI,OBC,Assam,Kokrajhar Medical College,MBBS,6400,21330(4),24937(4),25877(4)
AI,Open,Assam,Nagaon Medical College,MBBS,6400,20485(5),24814(5),25887(5)
AI,Open,Assam,Tinsukia Med Coll & Hosp,MBBS,6400,20728(6),24868(6),25898(6)
AI,EWS,Tamil Nadu,Govt Vellore Med Coll,MBBS,18073,11898(1),19470(1),25925(1)
AI,OBC,Assam,Tinsukia Med Coll & Hosp,MBBS,6400,21452(4),25060(4),25957(4)
AI,OBC,Assam,"Nalbari Medical College, Nalbari",MBBS,6400,21232(3),24904(3),25960(3)
AI,OBC,Assam,Nagaon Medical College,MBBS,6400,21404(4),24979(4),25963(4)
AI,OBC,Arunachal Pradesh,"Tomo Riba IHMS, Naharlagun",MBBS,33000,21275(5),24872(5),25985(5)
AI,EWS,Gujarat,"Govt Med College (GMERS), Morbi",MBBS,375000,18907(1),20148(1),26004(1)
AI,OBC,Manipur,"JNIMS, Imphal",MBBS,6000,20402(6),24283(6),26012(6)
AI,EWS,Kerala,"Govt Med Coll, Palakkad",MBBS,23150,18882(1),26031(1),26031(1)
AI,Open,Mizoram,"Zoram Med Coll, Mizoram",MBBS,49150,20924(6),24876(6),26055(6)
AI,OBC,Mizoram,"Zoram Med Coll, Mizoram",MBBS,49150,21320(3),25022(3),26060(3)
AI,EWS,Telangana,"Govt Med Coll, Suryapet",MBBS,14000,22645(2),26071(2),26071(2)
AI,EWS,Kerala,"Govt Med Coll, Thrissur",MBBS,23150,11657(2),23855(2),26159(2)
AI,OBC,Manipur,"Govt Med Coll, Churachandpur",MBBS,6000,21148(4),24830(4),26166(4)
AI,OBC,Andaman and Nicobar Islands,"Andaman & NicobarIMS,PortBlair",MBBS,59500,19826(5),24051(5),26172(5)
AI,Open,Nagaland,NIMSR Kohima,MBBS,60000,21190(6),24949(6),26178(6)
AI,EWS,Andhra Pradesh,"Rajiv Gandhi IMS, Kadapa",MBBS,15000,22662(3),23811(3),26189(3)
AI,EWS,Assam,"Dhubri Medical College, Dhubri",MBBS,6400,22798(2),26191(2),26191(2)
AI,EWS,Tamil Nadu,Thanjavur Med Coll,MBBS,18073,19617(2),23813(2),26199(2)
AI,OBC,Nagaland,NIMSR Kohima,MBBS,60000,21406(4),25108(4),26231(4)
AI,EWS,Assam,"Nalbari Medical College, Nalbari",MBBS,6400,24577(1),26264(1),26264(1)
AI,EWS,Maharashtra,"Government Med Coll, Hingoli",MBBS,158600,21219(1),22222(1),26277(1)
AI,EWS,Telangana,"Government Med Coll, Kamareddy",MBBS,14000,24304(1),27610(1),26296(1)
AI,EWS,Pondicherry,"IGMC & RI, Pondicherry",MBBS,73700,18099(2),22451(2),26307(2)
AI,EWS,Assam,Nagaon Medical College,MBBS,6400,24034(1),26316(1),26316(1)
AI,EWS,Maharashtra,"Government Med Coll, Jalna",MBBS,158600,21037(2),24606(2),26337(2)
AI,EWS,Karnataka,Chikkaballapura Inst Of Med Sci,MBBS,64350,22113(1),26718(2),26355(2)
AI,EWS,Karnataka,Karwar Inst of Med Sciences,MBBS,64350,21165(3),24068(3),26369(3)
AI,EWS,Jammu and Kashmir,"Government Med Coll, Handwara",MBBS,34215,21323(1),23394(1),26395(1)
AI,EWS,Assam,"Pragjyotishpur Med Coll,Guwahati",MBBS,8400,-,23132(1),26429(2)
AI,EWS,Telangana,"Government Med Coll, Ramagundam",MBBS,14000,24249(2),26277(2),26439(2)
ES,OBC,Uttar Pradesh,"ESIC MedCollHosp,Noida",MBBS,24000,-,26539(7),26539(7)
AI,EWS,Assam,"Diphu Med Coll, Assam",MBBS,6400,22629(2),26083(2),26545(2)
AI,EWS,Maharashtra,"Government Med Coll, Washim",MBBS,158600,21070(2),24908(2),26579(2)
AI,EWS,Telangana,"Govt Med Coll, Nalgonda",MBBS,14000,22783(2),26652(2),26652(2)
AI,EWS,Odisha,"Government Med Coll, Keonjhar",MBBS,22000,21167(1),24545(1),26677(2)
AI,EWS,Gujarat,"Govt Med Coll (GMERS), Panchmahal",MBBS,375000,19716(1),25532(1),26718(1)
AI,EWS,Chhattisgarh,"Govt Med Coll, Kanker",MBBS,50000,19977(2),24249(2),26727(2)
AI,EWS,Odisha,Government Med Coll Bhawanipatna,MBBS,22000,20237(1),23622(1),26733(1)
AI,EWS,Andhra Pradesh,"ACSR Govt Med Coll, Nellore",MBBS,15000,20208(2),24860(2),26790(2)
AI,EWS,Telangana,"Government Med Coll,Mahabubabad",MBBS,14000,23138(2),26822(2),26822(2)
AI,EWS,Maharashtra,"Government Med Coll, Bhandara",MBBS,158600,20763(2),23985(2),26905(2)
AI,EWS,Andhra Pradesh,"Govt Med Coll, Ananthapuram",MBBS,15000,21311(3),25376(3),26931(3)
AI,EWS,Tripura,"Agartala Med Coll, Agartala",MBBS,59500,23014(2),26577(2),27007(2)
AI,EWS,Tamil Nadu,Chengalpattu Med Coll,MBBS,18073,17005(1),25599(1),27052(2)
AI,EWS,Tamil Nadu,"Govt Med Coll & ESI,Coimbatore",MBBS,18073,9468(1),21264(1),27105(1)
AI,EWS,Chhattisgarh,"Government Med Coll, Mahasamund",MBBS,50000,19764(2),22368(2),27114(2)
AI,EWS,Assam,Tinsukia Med Coll & Hosp,MBBS,6400,24588(2),26523(2),27130(2)
AI,EWS,Gujarat,"GMERS Medical College, Navsari",MBBS,375000,18734(1),24890(1),27137(2)
AI,EWS,Kerala,"Govt Med Coll, Kollam",MBBS,23150,18125(2),23840(2),27149(2)
AI,EWS,Karnataka,Kodagu Inst of Med Sciences,MBBS,64350,20632(1),24903(1),27185(1)
AI,EWS,Andhra Pradesh,SVIMS-Sri Padmavathi,MBBS,67900,20643(2),25604(2),27269(3)
AI,EWS,Telangana,"Government Med Coll, Mancherial",MBBS,14000,24258(1),27723(1),27467(1)
AI,EWS,Telangana,"Government Med Coll, Sangareddy",MBBS,14000,22704(2),26723(2),27501(2)
AI,EWS,Telangana,"Government Med Coll, Wanaparthy",MBBS,14000,24438(3),27032(3),27505(3)
AI,EWS,Tamil Nadu,"KAPV Med Coll, Trichy",MBBS,18073,23813(2),27734(2),27507(2)
AI,EWS,Telangana,"Govt Med Coll, Narayanpet",MBBS,14000,24991(1),27521(1),27521(1)
AI,EWS,Odisha,"Pabitra Mohan Pradhan MedColl&Hosp,Talcher",MBBS,22000,-,25389(2),27610(2)
AI,EWS,Andhra Pradesh,"Rajiv Gandhi IMS, Ongole",MBBS,15000,22309(2),25759(3),27619(3)
AI,EWS,Karnataka,"Haveri Inst of Med Sci, Haveri",MBBS,64350,22656(2),26590(2),27635(2)
AI,OBC,Delhi,"Maulana Azad IDS, New Delhi",BDS,5395,24967(2),27439(2),27641(2)
AI,EWS,Andhra Pradesh,"Rajiv Gandhi IMS, Srikakulam",MBBS,15000,23287(3),26790(3),27662(3)
AI,EWS,Manipur,"JNIMS, Imphal",MBBS,6000,22504(2),27688(2),27688(2)
AI,EWS,Andhra Pradesh,Government Med Coll Vizianagaram,MBBS,15000,24086(2),27733(2),27689(2)
AI,Open,Uttar Pradesh,"Faculty of Dental Sci, Lucknow",BDS,47600,18646(2),26990(2),27731(2)
AI,EWS,Odisha,"Government MedColl&Hosp, Phulbani",MBBS,22000,-,26579(2),27733(2)
AI,EWS,Andhra Pradesh,"Government Medical College, Paderu",MBBS,15000,24545(1),27746(1),27746(1)
AI,EWS,Tamil Nadu,Govt Dharmapuri Med Coll,MBBS,18073,22081(1),27861(1),27761(1)
AI,EWS,Telangana,"Govt Med Coll, Nagarkurnool",MBBS,14000,23307(3),27567(3),27815(3)
AI,EWS,Gujarat,"GMERS Medical College, Rajpipla",MBBS,375000,20692(2),25753(2),27819(2)
AI,EWS,Karnataka,"Koppal Inst of MS, Koppal",MBBS,64350,20884(3),25382(3),27861(3)
AI,EWS,Karnataka,"Chamrajanagar IMS, Karnataka",MBBS,64350,22472(3),25440(3),27909(3)
AI,EWS,Telangana,"Government Med Coll, Karimnagar",MBBS,14000,21286(1),25493(1),27961(1)
AI,EWS,Kerala,"TD Med Coll, Allepey",MBBS,23150,15032(3),24929(3),27979(3)
AI,EWS,Telangana,"Govt Med Coll, Quthbullapur",MBBS,14000,24686(1),27375(1),27998(1)
AI,EWS,Telangana,"Govt Med Coll, Kumuram Bheem",MBBS,14000,22654(2),25622(2),28016(2)
AI,EWS,Telangana,"Govt Med Coll, Rajanna Sircilla",MBBS,14000,21384(1),24666(1),28079(1)
AI,EWS,Andhra Pradesh,Govt Med Coll Machilipatnam,MBBS,15000,24175(3),27530(3),28096(3)
AI,EWS,Telangana,Govt Med Coll Jangaon,MBBS,14000,20808(2),26496(2),28126(2)
AI,EWS,Kerala,"Govt Med Coll, Ernakulam",MBBS,23150,16822(1),16822(1),28133(2)
AI,EWS,Andhra Pradesh,"Government Med Coll, Eluru",MBBS,15000,23264(2),27642(2),28135(2)
AI,EWS,Telangana,"Government Med Coll, Bhupalpally",MBBS,14000,24587(1),27834(1),28213(1)
AI,EWS,Tamil Nadu,"Mohan Kumaramangalam, Salem",MBBS,18073,21479(1),25629(1),28224(1)
AI,EWS,Tamil Nadu,Tirunelveli Med Coll,MBBS,18073,20871(3),26001(3),28311(4)
ES,Open,Uttar Pradesh,"ESIC MedCollHosp,Noida",MBBS,24000,-,21652(9),28366(10)
AI,EWS,Tamil Nadu,"Govt Med Coll, Thiruvallur",MBBS,18073,24538(2),28079(2),28538(2)
AI,EWS,Tamil Nadu,"Govt Erode Med Coll,Perundurai",MBBS,18073,23489(1),26369(1),28556(1)
AI,EWS,Tamil Nadu,"Govt Med Coll, Virudhunagar",MBBS,18073,25427(2),28560(2),28560(2)
AI,EWS,Telangana,"Govt Med Coll, Maheshwaram",MBBS,14000,24918(1),27185(1),28606(1)
AI,EWS,Telangana,"GovtMedColl,BhadradriKothagudem",MBBS,14000,24456(2),27655(2),28618(2)
AI,EWS,Andhra Pradesh,"Govt Med Coll, Rajamahendravaram",MBBS,15000,23873(1),24993(1),28638(2)
AI,EWS,Karnataka,Chikkamagaluru Inst of Med Sci,MBBS,64350,23078(3),25946(3),28712(3)
AI,EWS,Telangana,"Govt Med Coll, Medak",MBBS,14000,19796(1),26004(1),28725(1)
AI,EWS,Kerala,"Academy of Med Sci, Pariyaram",MBBS,23150,18568(2),25515(2),28738(2)
AI,EWS,Telangana,"Government Med Coll, Vikarabad",MBBS,14000,24860(1),27909(1),28771(1)
BHU SO,ST,Uttar Pradesh,"IMS(BHU), Varanasi",MBBS,33739,26196(8),28782(8),28782(8)
AI,OBC,Kerala,"Govt Dental Coll, Kottayam",BDS,20840,23679(1),38514(1),28796(1)
AI,EWS,Telangana,"Govt Med Coll, Yadadri",MBBS,14000,24618(1),26879(1),28813(1)
AI,EWS,Tamil Nadu,"Govt Med Coll, Krishnagiri",MBBS,18073,25589(3),28868(3),28868(3)
AI,OBC,Uttar Pradesh,"Faculty of Dental Sci, Lucknow",BDS,47600,25322(2),29002(2),29002(2)
AI,EWS,Karnataka,"Yadgiri Inst of Med Sci,Yadgiri",MBBS,64350,20459(2),27130(2),29036(2)
AI,EWS,Karnataka,Chitradurga Medical College,MBBS,64350,22578(2),27105(2),29043(2)
AI,EWS,Andhra Pradesh,"Government Med Coll, Nandyal",MBBS,15000,24454(2),27194(2),29149(2)
AI,EWS,Tamil Nadu,Govt Thiruvannamalai Med Coll,MBBS,18073,23068(1),28299(1),29191(1)
AI,ST,Rajasthan,"SMS, Jaipur",MBBS,96100,12960(2),29245(2),29245(2)
AI,EWS,Telangana,"Government Med Coll, Jagtial",MBBS,14000,23585(2),27619(2),29263(3)
AI,EWS,Andaman and Nicobar Islands,"Andaman & NicobarIMS,PortBlair",MBBS,59500,21558(2),26677(2),29264(2)
AI,EWS,Telangana,Govt Med Coll Narsampet,MBBS,14000,22880(1),27467(1),29272(1)
AI,EWS,Kerala,"Government Medical Coll, Konni",MBBS,23150,22633(1),26395(1),29355(1)
AI,EWS,Kerala,"Govt Med Coll, Manjeri",MBBS,23150,16227(2),25925(2),29361(2)
AI,Open,Kerala,"Govt Dental Coll, Kozhikode",BDS,20840,24900(3),29365(3),29365(3)
AI,EWS,Telangana,"Govt Med Coll, Mulugu",MBBS,14000,23911(1),28016(1),29410(1)
AI,Open,Kerala,"Govt Dental Coll, Kottayam",BDS,20840,22211(3),36606(3),29411(3)
AI,EWS,Tamil Nadu,"Govt Med Coll, Namakkal",MBBS,18073,-,-,29433(1)
AI,EWS,Telangana,"Government Med Coll, Nirmal",MBBS,14000,24815(2),27961(2),29435(2)
AI,EWS,Kerala,"GMC, Wayanad",MBBS,23150,-,27456(1),29472(1)
AI,EWS,Kerala,"Government Med Coll, Idukki",MBBS,23150,22337(1),27216(1),29504(1)
AI,EWS,Tamil Nadu,Govt Villupuram Med Coll,MBBS,18073,24331(2),27979(2),29524(2)
AI,EWS,Tamil Nadu,Govt Theni Med Coll,MBBS,18073,23572(2),27783(2),29566(2)
AI,EWS,Tamil Nadu,"Rajah Muthiah MC, Annamalai",MBBS,18073,24156(2),27007(2),29569(2)
AI,EWS,Tamil Nadu,"Govt Med Coll, Ariyalur",MBBS,18073,24929(3),28211(3),29570(3)
AI,EWS,Telangana,"GMC, Kodangal",MBBS,14000,-,28771(1),29580(1)
AI,EWS,Manipur,"Govt Med Coll, Churachandpur",MBBS,6000,25389(2),25308(2),29587(2)
AI,EWS,Tamil Nadu,Govt Thiruvarur Med Coll,MBBS,18073,24639(2),28281(2),29596(2)
AI,EWS,Tamil Nadu,Govt Thoothukudi Med Coll,MBBS,18073,24006(2),27952(2),29624(2)
AI,EWS,Tamil Nadu,"Govt Med Coll, Pudukottai",MBBS,18073,25257(3),28311(3),29653(3)
AI,EWS,Tamil Nadu,"Govt Med Coll, Nagapattinam",MBBS,18073,25599(2),28920(2),29661(2)
AI,EWS,Mizoram,"Zoram Med Coll, Mizoram",MBBS,49150,25440(1),28712(1),29724(1)
AI,EWS,Nagaland,NIMSR Kohima,MBBS,60000,25011(1),26727(1),29747(1)
AI,EWS,Tamil Nadu,Kanyakumari Med Coll,MBBS,18073,23028(3),27635(3),29795(3)
AI,EWS,Tamil Nadu,"Govt Med Coll, Tiruppur",MBBS,18073,25118(2),28538(2),29797(2)
AI,EWS,Tamil Nadu,Govt Sivagangai Med Coll,MBBS,18073,21550(1),27662(1),29875(1)
AI,EWS,Tamil Nadu,"Govt Med Coll, Ramanathapuram",MBBS,18073,24911(1),27286(1),29876(1)
AI,OBC,Kerala,"Govt Dental Coll, Kozhikode",BDS,20840,25837(2),29886(2),29886(2)
AI,EWS,Tamil Nadu,"Govt Med Coll, Karur",MBBS,18073,25254(2),28556(2),29923(2)
AI,EWS,Tamil Nadu,"Govt Med Coll, Dindigul",MBBS,18073,25414(2),28618(2),29975(2)
AI,EWS,Tamil Nadu,"Govt Med Coll, Nilgiris",MBBS,18073,22451(3),27505(3),29977(3)
ES,Open,Tamil Nadu,"Govt Med Coll & ESI,Coimbatore",MBBS,24000,20293(9),29987(9),29987(9)
AI,EWS,Tamil Nadu,"Govt Med Coll, Kallakurichi",MBBS,18073,25511(2),28822(2),29997(2)
AI,Open,Kerala,"Govt Dental Coll, Trivandrum",BDS,20840,22159(2),30005(2),30005(2)
AI,EWS,Uttar Pradesh,"Faculty of Dental Sci, Lucknow",BDS,47600,30594(2),30594(2),30124(2)
ES,Open,Madhya Pradesh,"ESIC Med Coll, Indore",MBBS,24000,-,-,30150(7)
AIIMS SO,SC,Himachal Pradesh,"AIIMS, Bilaspur, Himachal",MBBS,1350,20587(14),24786(14),30304(14)
DU,Open,Delhi,"Maulana Azad IDS, New Delhi",BDS,5395,26944(16),30388(16),30388(16)
AI,OBC,Rajasthan,"RUHS Coll of Dental Sci,Jaipur",BDS,35077,27912(2),20249(2),30485(2)
AIIMS SO,ST,Andhra Pradesh,"AIIMS, Mangalagiri",MBBS,1350,31007(10),31007(10),31007(10)
ES,Open,Tamil Nadu,"ESI PGIMSR, KK Nagar, Chennai",MBBS,24000,24648(11),31057(11),31057(11)
AI,Open-PwD,Uttar Pradesh,"GSVM Med Coll, Kanpur",MBBS,24000,226744(1),31086(1),31086(1)
DU,OBC,Delhi,"Maulana Azad IDS, New Delhi",BDS,5395,31646(9),35127(9),31646(9)
ES,Open,Himachal Pradesh,"LalBahShastri Govt Med, Mandi",MBBS,24000,19515(15),22219(15),31718(16)
AIIMS SO,SC,Assam,"AIIMS, Guwahati",MBBS,1350,30794(14),32675(14),31752(14)
AIIMS SO,SC,Uttar Pradesh,"AIIMS, Gorakhpur",MBBS,1350,21412(18),26906(18),31853(18)
AI,Open,Kerala,"Pariyaram Dental Coll, Kannur",BDS,20840,30556(3),32560(3),32110(3)
ES,EWS,Himachal Pradesh,"LalBahShastri Govt Med, Mandi",MBBS,24000,21839(3),21839(3),32408(3)
BHU SO,Open,Uttar Pradesh,"IMS-Faculty of Dental, BHU",BDS,33739,28956(24),32661(24),32661(24)
ES,EWS,Madhya Pradesh,"ESIC Med Coll, Indore",MBBS,24000,-,-,32700(1)
ES,Open,Karnataka,"ESI, Bangalore",MBBS,24000,23267(27),28785(27),32853(28)
AI,SC,Rajasthan,"SMS, Jaipur",MBBS,96100,13827(5),20606(5),32890(5)
AI,Open,Bihar,"Patna Dental Coll, Patna",BDS,9500,33370(4),33370(4),33370(4)
AIIMS SO,ST,Uttarakhand,"AIIMS, Rishikesh",MBBS,1350,11475(9),11475(9),33497(9)
AI,Open,Andhra Pradesh,"Govt Dental Coll, Vijayawada",BDS,9000,27395(3),43984(3),33590(3)
ES,OBC,Tamil Nadu,"Govt Med Coll & ESI,Coimbatore",MBBS,24000,25764(5),33726(5),33726(5)
ES,OBC,Kerala,"Govt Med Coll, Kollam",MBBS,24000,28151(9),28391(9),33773(10)
JPMR SO,Open-PwD,Pondicherry,"JIPMER, Puducherry",MBBS,1200,33869(3),33869(3),33869(3)
AI,SC,Telangana,"Gandhi Med Coll, Secunderabad",MBBS,14000,33424(4),34060(4),34060(4)
ES,OBC,Madhya Pradesh,"ESIC Med Coll, Indore",MBBS,24000,-,-,34201(5)
AI,ST,Delhi,"Lady Hardinge, Delhi",MBBS,1665,22278(3),34279(3),34279(3)
AI,EWS,Karnataka,"Govt Dental Coll, Bangalore",BDS,49350,34320(1),34320(1),34320(1)
AI,OBC,Bihar,"Patna Dental Coll, Patna",BDS,9500,34138(1),34417(1),34417(1)
AI,SC,Maharashtra,"Grant Med Coll, Mumbai",MBBS,158600,24786(4),34467(4),34467(4)
ES,OBC,Himachal Pradesh,"LalBahShastri Govt Med, Mandi",MBBS,24000,21788(8),23596(8),34580(9)
AI,Open,Haryana,"Govt Dental Coll, Rohtak",BDS,37500,30921(7),32999(7),34616(7)
AI,Open,Tripura,"Government Dental Coll, Agartala",BDS,42000,26096(5),31091(5),34658(5)
AIIMS SO,SC,Uttar Pradesh,"AIIMS, Rai Bareli",MBBS,1350,23301(14),33926(14),34668(14)
BHU SO,OBC,Uttar Pradesh,"IMS-Faculty of Dental, BHU",BDS,33739,32320(16),34832(16),34832(16)
AI,Open,Karnataka,"Govt Dental Coll, Bangalore",BDS,49350,21785(2),34472(2),35021(2)
AI,EWS,Delhi,"ESIC Dental Coll, New Delhi",BDS,100000,32549(1),35032(1),35032(1)
AIIMS SO,SC,Gujarat,"AIIMS, Rajkot",MBBS,1350,21306(11),30407(11),35068(11)
AI,ST,Karnataka,"Mysore Med Coll, Mysore",MBBS,64350,41829(2),35077(2),35077(2)
AI,OBC,Andhra Pradesh,"Govt Dental Coll, Vijayawada",BDS,9000,34088(1),44301(1),35112(1)
ES,OBC,Tamil Nadu,"ESI PGIMSR, KK Nagar, Chennai",MBBS,24000,28753(7),34031(7),35231(8)
AI,Open,Delhi,"ESIC Dental Coll, New Delhi",BDS,100000,25450(2),31419(2),35341(2)
AI,Open,Maharashtra,"Nair Hosp Dental Coll, Mumbai",BDS,118900,23139(4),34534(4),35535(4)
AI,OBC,Kerala,"Govt Dental Coll, Trivandrum",BDS,20840,29186(2),38454(2),35675(2)
ES,Open,Telangana,"ESIC Med Coll,Sanath Nagar",MBBS,24000,26336(17),30433(20),35787(20)
BHU SO,EWS,Uttar Pradesh,"IMS-Faculty of Dental, BHU",BDS,33739,32467(6),35950(6),35950(6)
ES,EWS,Telangana,"ESIC Med Coll,Sanath Nagar",MBBS,24000,29767(4),31121(5),35958(5)
Jamia SO,Open,Delhi,"Faculty of Dent,Jamial Millia",BDS,41775,32346(18),36619(18),36021(18)
ES,Open,Gujarat,"ESIC Med Coll, Naroda",MBBS,24000,-,-,36049(11)
AI,Open,Tamil Nadu,"Govt Dental Coll, Chennai",BDS,16073,27940(7),33090(7),36214(7)
AI,Open,West Bengal,"Burdwan Dental Coll, Burdwan",BDS,7800,26201(7),31236(7),36220(7)
AI,Open,Karnataka,"ESIC Dental Coll, Gulbarga",BDS,100000,23384(5),33071(5),36256(5)
AI,EWS,Kerala,"Govt Dental Coll, Kozhikode",BDS,20840,36381(1),46984(1),36381(1)
AI,EWS,Rajasthan,"RUHS Coll of Dental Sci,Jaipur",BDS,35077,18374(1),36416(1),36416(1)
AI,Open,Himachal Pradesh,"Govt Dental Coll, Shimla",BDS,37000,34576(3),36495(3),36495(3)
AI,EWS,Haryana,"Govt Dental Coll, Rohtak",BDS,37500,36395(1),36518(1),36518(1)
AI,Open,Maharashtra,"Govt Dental Coll, Nagpur",BDS,118900,19219(3),36869(3),36869(3)
AIIMS SO,SC,Jharkhand,"AIIMS, Deoghar",MBBS,1350,28136(18),36168(18),36880(18)
DU,EWS,Delhi,"Maulana Azad IDS, New Delhi",BDS,5395,30063(4),36573(4),36898(4)
ES,OBC,Karnataka,"ESI, Bangalore",MBBS,24000,28727(17),30494(17),36944(18)
AMU SO,Open,Uttar Pradesh,"Dr ZA Dental Coll, AMU,Aligarh",BDS,53000,34585(16),36468(16),37183(16)
AI,Open,Rajasthan,"GDC, Jodhpur",BDS,35077,-,33657(4),37448(4)
AI,EWS,Maharashtra,"Nair Hosp Dental Coll, Mumbai",BDS,118900,31400(1),37507(1),37507(1)
ES,Open,Punjab,"ESIC MedCollHosp,Ludhiana",MBBS,24000,-,-,37648(10)
AI,OBC,Tripura,"Government Dental Coll, Agartala",BDS,42000,27879(2),35861(2),37703(2)
AI,Open,Kerala,"Govt Dental Coll, Thrissur",BDS,20840,22199(2),32015(2),37882(2)
AI,Open,Bihar,Government Dental Coll Paithna,BDS,9500,34466(5),38191(5),38191(5)
AI,OBC,Maharashtra,"Nair Hosp Dental Coll, Mumbai",BDS,118900,33900(2),41018(2),38331(2)
AI,OBC,Rajasthan,"GDC, Jodhpur",BDS,35077,-,38355(2),38355(2)
AI,Open,Gujarat,"Govt Dental Coll, Ahmedabad",BDS,20000,32909(7),38406(7),38406(7)
AI,Open,West Bengal,"Dr R Ahmed Dental Coll,Kolkata",BDS,7800,33631(8),38754(8),38461(8)
AI,Open,Punjab,"Govt Dental Coll, Patiala",BDS,80000,31652(3),27384(3),38471(3)
AI,OBC,Haryana,"Govt Dental Coll, Rohtak",BDS,37500,32836(4),38529(4),38529(4)
AI,Open,Maharashtra,"Govt Dental Coll, Mumbai",BDS,118900,33047(8),38101(8),38555(8)
AI,SC,Himachal Pradesh,"RPG, Tanda",MBBS,50000,38629(2),38629(2),38629(2)
AI,Open,Madhya Pradesh,"Govt Coll of Dentistry, Indore",BDS,100000,26651(4),38407(4),38793(4)
AI,Open,Punjab,"Govt Dental Coll, Amritsar",BDS,80000,34944(3),38812(3),38812(3)
ES,Open,Uttar Pradesh,"ESIC, Varanasi",MBBS,24000,-,-,39006(10)
AI,EWS,West Bengal,"Dr R Ahmed Dental Coll,Kolkata",BDS,7800,36001(1),39030(1),39030(1)
AI,EWS,West Bengal,"Burdwan Dental Coll, Burdwan",BDS,7800,30420(1),40573(1),39196(1)
AI,SC,Haryana,"Pt BD Sharma, Rohtak",MBBS,61410,35791(6),39290(6),39290(6)
AI,Open,West Bengal,"North Bengal Dental,Darjeeling",BDS,7800,33670(3),38958(3),39295(3)
AI,OBC,Kerala,"Govt Dental Coll, Thrissur",BDS,20840,28784(3),39320(3),39320(3)
AI,Open,Odisha,"SCB Dental Coll, Cuttack",BDS,22000,22364(4),39427(4),39427(4)
AI,Open,Jharkhand,"Dental Institute, RIMS, Ranchi",BDS,10050,26797(3),35059(3),39431(3)
AI,Open,Maharashtra,"Govt Dental Coll, Aurangabad",BDS,118900,17519(3),39472(3),39472(3)
AI,EWS,Gujarat,"Govt Dental Coll, Ahmedabad",BDS,20000,36898(2),39518(2),39518(2)
AI,OBC,Kerala,"Pariyaram Dental Coll, Kannur",BDS,20840,32327(2),39522(2),39522(2)
AI,SC,Odisha,"SCB, Cuttack",MBBS,22000,34846(6),39686(6),39686(6)
AI,SC,Telangana,"Osmania Med Coll, Hyderabad",MBBS,14000,34828(5),39749(5),39749(5)
AI,ST,Karnataka,"Bangalore Med Coll, Bangalore",MBBS,64350,39918(3),39918(3),39918(3)
ES,EWS,Tamil Nadu,"Govt Med Coll & ESI,Coimbatore",MBBS,24000,39924(1),39924(1),39924(1)
AI,EWS,Punjab,"Govt Dental Coll, Amritsar",BDS,80000,40553(1),40113(1),40113(1)
AI,Open,Gujarat,"Govt Dental Coll, Jamnagar",BDS,20000,32396(6),38636(6),40397(6)
AI,EWS,Chhattisgarh,"Govt Dental Coll, Raipur",BDS,20500,40426(2),40426(2),40426(2)
AI,Open,Manipur,"Dental College, RIMS, Imphal",BDS,3000,20798(3),30404(3),40636(3)
ES,OBC,Telangana,"ESIC Med Coll,Sanath Nagar",MBBS,24000,30342(11),34287(13),40698(14)
AI,Open,Kerala,"Govt Dental Coll, Alappuzha",BDS,20840,29369(4),40238(4),40776(4)
AI,OBC,Gujarat,"Govt Dental Coll, Ahmedabad",BDS,20000,35831(5),41061(5),41061(5)
AIIMS SO,ST,Himachal Pradesh,"AIIMS, Bilaspur, Himachal",MBBS,1350,40476(8),41195(8),41195(8)
AI,EWS,Maharashtra,"Govt Dental Coll, Mumbai",BDS,118900,37507(1),41234(1),41234(1)
AI,OBC,West Bengal,"Dr R Ahmed Dental Coll,Kolkata",BDS,7800,36958(5),41282(5),41282(5)
AI,EWS,Jharkhand,"Dental Institute, RIMS, Ranchi",BDS,10050,31856(1),41312(1),41312(1)
AI,OBC,Odisha,"SCB Dental Coll, Cuttack",BDS,22000,24093(2),41519(2),41519(2)
AI,EWS,Odisha,"SCB Dental Coll, Cuttack",BDS,22000,33364(1),40679(1),41751(1)
JP,OBC,Pondicherry,"JIPMER, Puducherry",MBBS,1200,41317(12),41317(12),41771(13)
AI,SC,Haryana,"ESI Med Coll, Faridabad",MBBS,100000,32277(3),41867(3),41867(3)
AI,OBC,Kerala,"Govt Dental Coll, Alappuzha",BDS,20840,30159(2),40474(2),41971(2)
AI,Open,Tamil Nadu,"Govt Dental Coll, Pudukkottai",BDS,16073,31541(5),39373(5),42009(5)
AI,Open,Jammu and Kashmir,"Indira Gandhi Govt Dental,Jammu",BDS,26250,35974(4),42013(4),42013(4)
AI,ST,Jammu and Kashmir,"Govt Med Coll, Srinagar",MBBS,26250,42022(2),42022(2),42022(2)
MW,Open,Delhi,"Faculty of Dent,Jamial Millia",BDS,41775,38809(5),42045(5),42045(5)
AI,OBC,Delhi,"ESIC Dental Coll, New Delhi",BDS,100000,36188(3),37408(3),42049(3)
AI,OBC,Karnataka,"ESIC Dental Coll, Gulbarga",BDS,100000,28506(2),36425(2),42292(2)
AI,OBC,Maharashtra,"Govt Dental Coll, Nagpur",BDS,118900,33160(3),42203(3),42362(3)
AI,OBC,Madhya Pradesh,"Govt Coll of Dentistry, Indore",BDS,100000,28365(2),40484(2),42454(2)
AIIMS SO,ST,Punjab,"AIIMS, Bathinda",MBBS,1350,36036(7),42487(7),42487(7)
ES,OBC,Gujarat,"ESIC Med Coll, Naroda",MBBS,24000,-,-,42528(7)
ES,EWS,Uttar Pradesh,"ESIC, Varanasi",MBBS,24000,-,-,42674(2)
AI,OBC,Bihar,Government Dental Coll Paithna,BDS,9500,38397(5),42517(5),42702(5)
AI,EWS,Karnataka,"ESIC Dental Coll, Gulbarga",BDS,100000,25759(1),35118(1),42780(1)
ES,EWS,Gujarat,"ESIC Med Coll, Naroda",MBBS,24000,-,-,42975(2)
AI,SC,Karnataka,"Bangalore Med Coll, Bangalore",MBBS,64350,23872(5),42675(5),42980(5)
AI,Open,Tamil Nadu,"Rajah Muthiah DC, Annamalai",BDS,16073,30682(4),32654(4),42988(4)
ES,EWS,Punjab,"ESIC MedCollHosp,Ludhiana",MBBS,24000,-,-,43055(3)
AI,Open-PwD,Delhi,"MAMC, Delhi",MBBS,2095,43123(1),43123(1),43123(1)
MJ,Open,Delhi,"Faculty of Dent,Jamial Millia",BDS,41775,40222(15),43150(15),43150(15)
AI,OBC,Jharkhand,"Dental Institute, RIMS, Ranchi",BDS,10050,33163(3),40084(3),43187(3)
AIIMS SO,ST,Jammu and Kashmir,"AIIMS, Jammu",MBBS,1350,43200(6),43200(6),43200(6)
AI,Open,Assam,"Regional Dental Coll, Guwahati",BDS,5000,33970(3),40317(3),43212(3)
ES,Open,Bihar,"ESIC Med Coll, Patna",MBBS,24000,-,34209(14),43247(14)
AI,OBC,Himachal Pradesh,"Govt Dental Coll, Shimla",BDS,37000,36033(3),38661(3),43256(3)
AI,OBC,Maharashtra,"Govt Dental Coll, Mumbai",BDS,118900,35963(5),41677(5),43347(5)
ES,Open,Maharashtra,"ESI, Andheri, Mumbai",MBBS,24000,-,-,43571(10)
AI,Open,Chhattisgarh,"Govt Dental Coll, Raipur",BDS,20500,37526(5),42702(5),43734(5)
DEEMED PS,Open,Karnataka,"Kasturba Med Coll, Manipal",MBBS,1770000,40008(212),43835(212),43835(212)
AI,Open,Telangana,"Govt Dental Coll, Hyderabad",BDS,14000,35615(5),43770(5),43984(5)
AI,OBC,Tamil Nadu,"Govt Dental Coll, Pudukkottai",BDS,16073,32557(1),40758(1),44293(1)
AI,SC,Andhra Pradesh,"Guntur Med Coll, Guntur",MBBS,15000,43238(6),44407(6),44407(6)
AI,Open,Maharashtra,"Govt. Dental Coll, Jalgaon",BDS,118900,27499(3),40448(3),44477(3)
AI,Open,Goa,"Govt Dental Coll, Goa",BDS,152450,34155(5),40129(5),44657(5)
AI,EWS,Bihar,Government Dental Coll Paithna,BDS,9500,37599(2),44671(2),44671(2)
AI,OBC,Karnataka,"Govt Dental Coll, Bangalore",BDS,49350,32671(3),42126(3),44808(3)
AI,SC,Uttar Pradesh,"KGMU, Lucknow",MBBS,47600,15774(5),27143(5),44859(5)
ES,Open,Karnataka,"ESIC Med Coll,Gulbarga",MBBS,24000,31204(24),36944(24),44930(26)
AI,OBC,Tamil Nadu,"Govt Dental Coll, Chennai",BDS,16073,34000(4),42544(4),44964(4)
AIIMS SO,ST,Telangana,"AIIMS, Bibinagar",MBBS,1350,39391(8),45033(8),45033(8)
AI,EWS,Tamil Nadu,"Govt Dental Coll, Chennai",BDS,16073,29880(1),34266(1),45112(1)
MJ,OBC,Delhi,"Faculty of Dent,Jamial Millia",BDS,41775,39522(4),36930(4),45398(4)
AI,SC,Himachal Pradesh,"IGMC, Shimla",MBBS,50000,26969(2),37853(2),45401(2)
AIIMS SO,ST,Bihar,"AIIMS, Patna",MBBS,1350,28862(8),30313(8),45416(8)
AI,OBC,Punjab,"Govt Dental Coll, Patiala",BDS,80000,36315(2),40361(2),45477(2)
AI,Open,Jammu and Kashmir,"Government Dental Coll, Srinagar",BDS,35680,27325(4),43855(4),45580(4)
ES,OBC,Uttar Pradesh,"ESIC, Varanasi",MBBS,24000,-,-,45643(7)
AI,OBC,Jammu and Kashmir,"Indira Gandhi Govt Dental,Jammu",BDS,26250,41359(2),45835(2),45692(2)
AI,EWS,Himachal Pradesh,"Govt Dental Coll, Shimla",BDS,37000,37924(1),45112(1),45987(1)
ES,EWS,Karnataka,"ESI, Bangalore",MBBS,24000,27201(7),27201(7),46175(7)
AI,OBC,Jammu and Kashmir,"Government Dental Coll, Srinagar",BDS,35680,37841(2),44839(2),46302(2)
JPMR SO,SC,Pondicherry,"JIPMER, Karaikal",MBBS,1200,18865(7),35487(7),46346(7)
AI,ST,Chandigarh,"GMC, Chandigarh",MBBS,24979,26373(1),46479(1),46479(1)
AI,OBC,West Bengal,"Burdwan Dental Coll, Burdwan",BDS,7800,31819(5),38305(5),46523(5)
AI,Open,Pondicherry,"MG Dental Coll, Pondicherry",BDS,43420,34019(7),42773(7),46553(7)
ES,OBC,Punjab,"ESIC MedCollHosp,Ludhiana",MBBS,24000,-,-,46643(6)
AI,OBC,Assam,"Regional Dental Coll, Guwahati",BDS,5000,37083(1),45692(1),46668(1)
ES,EWS,Maharashtra,"ESI, Andheri, Mumbai",MBBS,24000,-,-,46688(3)
AI,OBC,West Bengal,"North Bengal Dental,Darjeeling",BDS,7800,39073(2),46291(2),46704(2)
AI,OBC,Gujarat,"Govt Dental Coll, Jamnagar",BDS,20000,37300(5),41796(5),46806(5)
AIIMS SO,ST,Uttar Pradesh,"AIIMS, Gorakhpur",MBBS,1350,45366(10),46911(10),46911(10)
AI,ST,Telangana,"Osmania Med Coll, Hyderabad",MBBS,14000,46941(2),46941(2),46941(2)
AI,OBC,Punjab,"Govt Dental Coll, Amritsar",BDS,80000,37408(2),42454(2),47039(2)
AI,SC,Rajasthan,"RUHS, Jaipur",MBBS,96029,30551(3),39501(3),47055(4)
AI,EWS,Gujarat,"Govt Dental Coll, Jamnagar",BDS,20000,39518(2),47107(2),47107(2)
ES,EWS,Bihar,"ESIC Med Coll, Patna",MBBS,24000,-,37648(3),47160(3)
AI,Open,Karnataka,"Govt Dental Coll, Bellary",BDS,49350,33676(4),40634(4),47189(4)
AI,OBC,Maharashtra,"Govt Dental Coll, Aurangabad",BDS,118900,25483(2),45538(2),47272(2)
AIIMS SO,SC,Tamil Nadu,"AIIMS, Madurai",MBBS,1350,33807(7),43997(7),47357(7)
AI,OBC,Tamil Nadu,"Rajah Muthiah DC, Annamalai",BDS,16073,36696(4),45336(4),47378(4)
ES,OBC,Karnataka,"ESIC Med Coll,Gulbarga",MBBS,24000,34956(19),38492(19),47404(19)
AI,EWS,Jammu and Kashmir,"Government Dental Coll, Srinagar",BDS,35680,37759(1),47539(1),47427(1)
AI,OBC,Chhattisgarh,"Govt Dental Coll, Raipur",BDS,20500,39237(4),44781(4),47671(4)
AI,Open,Assam,"Govt Dental College, Dibrugarh",BDS,5000,38223(4),45834(4),47814(4)
AI,OBC,Goa,"Govt Dental Coll, Goa",BDS,152450,34902(1),42538(1),47822(1)
AI,EWS,West Bengal,"North Bengal Dental,Darjeeling",BDS,7800,35725(1),47855(1),47855(1)
AI,OBC,Telangana,"Govt Dental Coll, Hyderabad",BDS,14000,39328(5),47089(5),47955(5)
AI,Open,Assam,"Govt Dental College, Silchar",BDS,5000,36421(3),46129(3),48214(3)
JP,Open,Pondicherry,"JIPMER, Karaikal",MBBS,1200,46006(6),47252(6),48316(6)
AI,EWS,Maharashtra,"Govt Dental Coll, Nagpur",BDS,118900,31500(1),40553(1),48494(1)
AI,Open,Andhra Pradesh,"Govt Dental Coll, Kadapa",BDS,9000,37200(6),46626(6),48688(6)
ES,Open,West Bengal,"ESI, Joka, Kolkata",MBBS,24000,31648(24),38118(24),48741(31)
AI,OBC,Assam,"Govt Dental College, Dibrugarh",BDS,5000,38827(3),46668(3),48915(3)
ES,OBC,Maharashtra,"ESI, Andheri, Mumbai",MBBS,24000,-,-,49043(7)
AI,EWS,Telangana,"Govt Dental Coll, Hyderabad",BDS,14000,40573(2),49089(2),49089(2)
AI,ST,Telangana,"Gandhi Med Coll, Secunderabad",MBBS,14000,49216(2),49216(2),49216(2)
AI,SC,Tamil Nadu,"Stanley Med Coll, Chennai",MBBS,18073,11335(5),28152(5),49247(6)
ES,OBC,Bihar,"ESIC Med Coll, Patna",MBBS,24000,-,36210(9),49309(9)
AI,OBC,Karnataka,"Govt Dental Coll, Bellary",BDS,49350,36002(2),44403(2),49378(2)
AI,Open,Manipur,"JN Inst of Dental Sci, Imphal",BDS,6000,36801(3),47936(3),49462(3)
AI,EWS,Rajasthan,"GDC, Jodhpur",BDS,35077,-,45987(1),49568(1)
AI,OBC,Pondicherry,"MG Dental Coll, Pondicherry",BDS,43420,40574(5),48034(5),49604(5)
AI,ST,Rajasthan,"RUHS, Jaipur",MBBS,96029,42487(2),45516(2),49630(2)
AI,OBC,Assam,"Govt Dental College, Silchar",BDS,5000,40319(2),48162(2),49645(2)
AI,OBC,Andhra Pradesh,"Govt Dental Coll, Kadapa",BDS,9000,41141(4),48518(4),49949(4)
AI,ST,Delhi,"Dr BSA Med Coll, Delhi",MBBS,75000,13670(1),28862(1),49964(1)
ES,EWS,Tamil Nadu,"ESI PGIMSR, KK Nagar, Chennai",MBBS,24000,39589(4),39589(4),50025(4)
ES,Open,Assam,"ESIC, Beltola",MBBS,24000,-,-,50112(10)
JP,OBC,Pondicherry,"JIPMER, Karaikal",MBBS,1200,50152(4),50152(4),50152(4)
AI,OBC,Maharashtra,"Govt. Dental Coll, Jalgaon",BDS,118900,33009(2),44311(2),50293(2)
AI,SC,West Bengal,"Medical College, Kolkata",MBBS,9000,19710(5),19710(5),50338(5)
DEEMED PS,Open,Maharashtra,"Symbiosis Med Coll Women, Pune",MBBS,1000000,47592(127),50473(127),50473(127)
AI,EWS,Punjab,"Govt Dental Coll, Patiala",BDS,80000,42615(1),43432(1),50669(1)
AI,EWS,Assam,"Regional Dental Coll, Guwahati",BDS,5000,44671(1),50682(1),50682(1)
AI,OBC,Manipur,"Dental College, RIMS, Imphal",BDS,3000,33113(2),31497(2),50795(2)
AI,OBC,Manipur,"JN Inst of Dental Sci, Imphal",BDS,6000,41398(2),50293(2),51192(2)
AI,EWS,Kerala,"Govt Dental Coll, Trivandrum",BDS,20840,39814(1),51239(1),51239(1)
AI,ST,Himachal Pradesh,"RPG, Tanda",MBBS,50000,51266(1),51266(1),51266(1)
ES,EWS,Assam,"ESIC, Beltola",MBBS,24000,-,-,51304(3)
ES,OBC,Assam,"ESIC, Beltola",MBBS,24000,-,-,51380(6)
AIIMS SO,ST,Uttar Pradesh,"AIIMS, Rai Bareli",MBBS,1350,41778(6),49630(6),51396(6)
AIIMS SO,SC,Jammu and Kashmir,"AIIMS, Jammu",MBBS,1350,32194(14),36367(14),51471(14)
ES,OBC,West Bengal,"ESI, Joka, Kolkata",MBBS,24000,35494(17),38970(17),51767(21)
AI,Open-PwD,Chandigarh,"GMC, Chandigarh",MBBS,24979,106483(1),314055(1),51854(1)
AI,SC,Rajasthan,"SP Med Coll, Bikaner",MBBS,96100,30407(6),42750(6),52092(6)
AI,EWS,Maharashtra,"Govt Dental Coll, Aurangabad",BDS,118900,44623(1),49568(1),52122(1)
IP,Open,Delhi,"ESIC Dental Coll, New Delhi",BDS,100000,44692(21),47030(21),52270(21)
AI,EWS,Maharashtra,"Govt. Dental Coll, Jalgaon",BDS,118900,36700(1),44070(1),52370(1)
AI,ST,Tamil Nadu,"Madras Med Coll, Chennai",MBBS,18073,50544(3),52428(3),52428(3)
AI,EWS,Andhra Pradesh,"Govt Dental Coll, Kadapa",BDS,9000,46719(2),52077(2),52769(2)
AI,EWS,Assam,"Govt Dental College, Silchar",BDS,5000,45338(1),48697(1),52844(1)
AI,EWS,Jammu and Kashmir,"Indira Gandhi Govt Dental,Jammu",BDS,26250,44677(1),52858(1),52858(1)
AI,EWS,Karnataka,"Govt Dental Coll, Bellary",BDS,49350,42780(1),46901(1),53000(1)
AI,SC,West Bengal,"Nilratan Sircar, Kolkata",MBBS,9000,31212(4),52946(4),53010(5)
AI,SC,Andhra Pradesh,"Kurnool Med Coll, Kurnool",MBBS,15000,33311(5),46634(5),53320(5)
AIIMS SO,ST,Gujarat,"AIIMS, Rajkot",MBBS,1350,39706(5),48673(5),53569(5)
AI,SC,Delhi,"ESI, Basaidarpur, Delhi",MBBS,100000,-,26969(1),53612(1)
AI,EWS,Manipur,"JN Inst of Dental Sci, Imphal",BDS,6000,45112(1),54132(1),53630(1)
DU,SC,Delhi,"MAMC, Delhi",MBBS,2095,48312(29),54025(29),54025(29)
AI,EWS,Kerala,"Govt Dental Coll, Alappuzha",BDS,20840,47581(1),49236(1),54148(1)
AI,SC,Uttar Pradesh,"Dr RML IMS, Lucknow",MBBS,24000,31794(5),54524(5),54524(5)
ES,EWS,Karnataka,"ESIC Med Coll,Gulbarga",MBBS,24000,37629(7),38080(7),54762(7)
IP,SC,Delhi,"VMMC, Delhi",MBBS,41000,33781(18),33781(18),54765(19)
AI,SC,Gujarat,"Medical College, Baroda",MBBS,25000,31499(4),46132(4),55124(4)
AI,ST,Madhya Pradesh,"MGM Med Coll, Indore",MBBS,100000,55468(2),55468(2),55468(2)
ES,EWS,West Bengal,"ESI, Joka, Kolkata",MBBS,24000,38376(6),40263(6),55783(9)
AI,SC,Rajasthan,"RNT, Udaipur",MBBS,96029,33922(5),55811(5),55836(5)
AIIMS SO,ST,West Bengal,"AIIMS, Kalyani",MBBS,1350,48654(9),58762(9),56136(9)
AI,SC,Tamil Nadu,"Kilpauk Med Coll, Chennai",MBBS,18073,18270(3),46196(3),56483(3)
ES,EWS,Kerala,"Govt Med Coll, Kollam",MBBS,24000,40263(3),42087(3),56491(4)
AM,Open,Uttar Pradesh,"Dr ZA Dental Coll, AMU,Aligarh",BDS,53000,53112(17),56576(17),57095(17)
DEEMED PS,Open,Karnataka,"Kasturba Med Coll, Mangalore",MBBS,1770000,52466(161),57121(161),57121(161)
AI,SC,Tamil Nadu,"Madurai Med Coll, Madurai",MBBS,18073,18462(5),57316(5),57316(5)
JI,Open,Delhi,"Faculty of Dent,Jamial Millia",BDS,41775,43943(2),57528(2),57528(2)
BHU SO,Open-PwD,Uttar Pradesh,"IMS(BHU), Varanasi",MBBS,33739,57861(2),57861(2),57861(2)
AI,ST,Andhra Pradesh,"Andhra Med Coll, Vizag",MBBS,15000,57960(2),57960(2),57960(2)
IP,SC,Delhi,"ABVIMS (Dr RML Hosp), Delhi",MBBS,41000,58225(13),58225(13),58225(13)
AI,SC,Andhra Pradesh,"Andhra Med Coll, Vizag",MBBS,15000,40812(6),46346(6),58709(6)
AI,EWS,Pondicherry,"MG Dental Coll, Pondicherry",BDS,43420,45674(2),50058(2),59244(2)
AI,SC,Tamil Nadu,"Govt Med Coll, Omandurar",MBBS,18073,23357(2),50696(2),59491(2)
AI,EWS,Kerala,"Pariyaram Dental Coll, Kannur",BDS,20840,46812(2),52769(2),59573(2)
AI,ST,Telangana,"Govt Med Coll, Nizamabad",MBBS,14000,59713(1),59713(1),59713(1)
AI,SC,Rajasthan,"SNMC, Jodhpur",MBBS,96100,33440(6),48827(6),60072(6)
AI,EWS,Tamil Nadu,"Rajah Muthiah DC, Annamalai",BDS,16073,48617(2),48617(2),60380(2)
AI,SC,Rajasthan,"JLNMC, Ajmer",MBBS,96075,36316(5),57294(5),60827(5)
AI,ST,Assam,"Gauhati Med Coll, Guwahati",MBBS,6400,61091(2),61091(2),61091(2)
AI,SC,Maharashtra,"Topiwala, Mumbai",MBBS,158600,39041(4),61252(4),61252(4)
AIIMS SO,ST,Jharkhand,"AIIMS, Deoghar",MBBS,1350,51396(10),59983(10),61580(10)
AI,ST,Uttar Pradesh,"KGMU, Lucknow",MBBS,47600,47323(3),39706(3),63833(3)
ES,Open,Karnataka,"ESIC Dental Coll, Gulbarga",BDS,24000,50842(10),52997(10),64353(10)
AI,SC,Manipur,"RIMS, Imphal",MBBS,3000,64770(3),64770(3),64770(3)
AIIMS SO,ST,Assam,"AIIMS, Guwahati",MBBS,1350,54984(8),55652(8),65016(8)
AI,SC,Uttar Pradesh,"GSVM Med Coll, Kanpur",MBBS,24000,38779(4),64310(4),65169(4)
AI,SC,Uttar Pradesh,"Govt IMS, Kasna",MBBS,24000,40690(2),59958(2),65741(2)
AI,ST,Punjab,"DrBRAmbedkar State IMS,Mohali",MBBS,192000,70469(1),73990(1),66565(1)
ES,OBC,Karnataka,"ESIC Dental Coll, Gulbarga",BDS,24000,64809(7),66737(7),66737(7)
AI,SC,West Bengal,"IPGMER, Kolkata",MBBS,9000,22844(4),42383(4),67250(4)
IP,OBC,Delhi,"ESIC Dental Coll, New Delhi",BDS,100000,61133(14),62015(14),68066(14)
AI,ST,Rajasthan,"SP Med Coll, Bikaner",MBBS,96100,43157(3),68309(3),68309(3)
AI,SC,Maharashtra,"Govt Med Coll, Nagpur",MBBS,158600,28148(6),58058(6),68627(6)
AI,ST,Telangana,"Kakatiya Med Coll, Warangal",MBBS,14000,51696(2),68776(2),68776(2)
ES,EWS,Karnataka,"ESIC Dental Coll, Gulbarga",BDS,24000,65281(3),62530(3),69195(3)
AI,ST,Rajasthan,"JLNMC, Ajmer",MBBS,96075,53648(3),69489(3),69489(3)
DU,SC,Delhi,"UCMS, Delhi",MBBS,31340,66641(20),66641(20),69627(21)
AI,SC,Rajasthan,"ESIC Med Coll, Alwar",MBBS,100000,42813(2),70119(2),69853(2)
AI,ST,Telangana,"Rajiv Gandhi IMS, Adilabad",MBBS,14000,69858(1),69858(1),69858(1)
IP,EWS,Delhi,"ESIC Dental Coll, New Delhi",BDS,100000,59098(5),61819(5),70488(5)
AI,ST,Jammu and Kashmir,"Gove Med Coll, Jammu",MBBS,26250,48602(2),70843(3),70843(3)
AIIMS SO,ST,Tamil Nadu,"AIIMS, Madurai",MBBS,1350,55735(3),63398(3),70969(3)
AMU - SF Open,Open,Uttar Pradesh,"Dr ZA Dental Coll, AMU,Aligarh",BDS,53000,50332(5),71193(5),71193(5)
AI,ST,West Bengal,"IPGMER, Kolkata",MBBS,9000,74360(2),99309(2),71259(2)
JPMR SO,ST,Pondicherry,"JIPMER, Karaikal",MBBS,1200,46911(4),56546(4),71488(4)
AI,SC,Rajasthan,"ESIC Med Coll, Jaipur",MBBS,100000,-,-,71773(1)
AI,SC,Rajasthan,"Govt Med Coll, Kota",MBBS,96100,39693(5),61597(5),71830(6)
AI,SC,Odisha,"MKCG, Berhampur",MBBS,22000,50972(5),59805(5),71941(5)
AI,SC,Madhya Pradesh,"MGM Med Coll, Indore",MBBS,100000,37624(4),50105(4),72380(5)
AI,SC,Rajasthan,"Shri Kalyan MedColl,Sikar",MBBS,96029,44385(2),66960(2),72391(2)
AI,ST,Uttar Pradesh,"Dr RML IMS, Lucknow",MBBS,24000,56960(3),72634(3),72634(3)
AI,ST,Gujarat,"BJMC, Ahmedabad",MBBS,25000,55767(3),56003(3),73018(3)
AI,ST,Himachal Pradesh,"IGMC, Shimla",MBBS,50000,56136(2),73474(2),73474(2)
AI,SC,Gujarat,"Govt Med Coll, Surat",MBBS,25000,40475(6),59095(6),73788(6)
AI,SC,Odisha,"VIMSAR, Burla",MBBS,22000,48795(4),60630(4),74436(4)
AI,ST,Rajasthan,"SNMC, Jodhpur",MBBS,96100,48971(3),63674(3),74989(3)
AI,ST,Uttar Pradesh,"Govt IMS, Kasna",MBBS,24000,75015(1),75015(1),75015(1)
AI,SC,Tamil Nadu,Chengalpattu Med Coll,MBBS,18073,20765(1),63637(1),75077(2)
AI,ST,Rajasthan,"RNT, Udaipur",MBBS,96029,45589(3),67976(3),75129(3)
AI,ST,Rajasthan,"Govt Med Coll, Kota",MBBS,96100,46112(2),69711(2),75310(3)
AI,SC,Rajasthan,"Govt Med Coll, Bhilwara",MBBS,96029,52161(4),76111(8),76111(4)
AI,SC,Maharashtra,"BJMC, Pune",MBBS,158600,22585(5),46383(5),76292(5)
AI,SC,Rajasthan,"Jhalawar Med Coll, Jhalawar",MBBS,96029,47963(5),69214(5),76687(5)
DU,SC,Delhi,"Lady Hardinge, Delhi",MBBS,1665,76771(26),76771(26),76885(27)
AI,ST,Rajasthan,"Shri Kalyan MedColl,Sikar",MBBS,96029,61287(1),79495(1),77081(1)
AI,ST,Gujarat,"Govt Med Coll, Surat",MBBS,25000,67542(3),77991(3),77991(3)
AI,SC,Gujarat,"ESIC Med Coll, Naroda",MBBS,100000,-,78054(1),78054(1)
AI,ST,Haryana,"AB Vajpay GovtMedColl,Faridabad",MBBS,61410,78248(1),78248(1),78248(1)
AI,SC,Haryana,"Kalpana Chawala Govt MC,Karnal",MBBS,61410,38201(1),54043(1),78519(1)
AI,SC,Uttar Pradesh,"Govt Med Coll, Firozobad",MBBS,24000,71347(1),78543(1),78543(1)
AI,ST,Madhya Pradesh,"Gaja Raja Med Coll, Gwalior",MBBS,100000,66728(2),78620(2),78620(2)
AI,SC,Chhattisgarh,"Pt JNM Med Coll, Raipur",MBBS,50000,58783(5),78624(5),78624(5)
AI,ST,Rajasthan,"Govt Med Coll, Sawai Madhopur",MBBS,96029,78631(1),78631(1),78631(1)
AI,SC,Rajasthan,"Govt Med Coll, Pali",MBBS,96029,57167(3),76436(3),78869(3)
AI,SC,Gujarat,"PDU Med Coll, Rajkot",MBBS,25000,46132(4),70870(4),79136(4)
AI,SC,Uttar Pradesh,"S N Med Coll, Agra",MBBS,24000,43947(4),71468(4),79264(4)
AI,ST,Rajasthan,"Jhalawar Med Coll, Jhalawar",MBBS,96029,59107(2),79721(2),79296(2)
DEEMED PS,Open,Jharkhand,"Manipal TataMedColl,Jamshedpur",MBBS,1609000,62699(120),79731(168),79731(168)
AI,SC,Uttar Pradesh,"LLRM Med Coll, Meerut",MBBS,24000,44973(4),71338(4),79831(4)
AI,SC,Madhya Pradesh,"Gandhi Med Coll, Bhopal",MBBS,100000,49202(6),65652(6),80004(6)
AI,SC,Rajasthan,"Govt Med Coll, Churu",MBBS,96029,62644(3),80696(3),80810(3)
AI,SC,Rajasthan,"Govt Med Coll, Bharatpur",MBBS,96029,58981(4),80947(4),80947(4)
AI,ST,Himachal Pradesh,"LalBahShastri Govt Med, Mandi",MBBS,50000,59490(1),81002(1),81002(1)
AI,ST,Tamil Nadu,"Govt Med Coll, Omandurar",MBBS,18073,81149(1),81149(1),81149(1)
AI,SC,Uttar Pradesh,"MLB Med Coll, Jhansi",MBBS,24000,61250(3),81327(3),81327(3)
AI,SC,Gujarat,"MP Shah, Jamnagar",MBBS,25000,52210(6),74556(6),81494(6)
AI,SC,Uttarakhand,"Doon Med Coll, Dehradun",MBBS,150000,53341(4),68284(4),82017(4)
AI,SC,Tamil Nadu,Thanjavur Med Coll,MBBS,18073,25526(4),70909(4),82364(4)
AI,SC,Rajasthan,"Government Med Coll,Chittorgarh",MBBS,96029,59538(2),84858(2),82373(2)
AI,SC,Punjab,"Govt Med Coll, Patiala",MBBS,192000,48687(6),58981(6),82842(6)
AI,SC,Uttar Pradesh,"MLN Med Coll, Allahabad",MBBS,24000,44991(4),76564(4),82921(4)
AI,ST,Rajasthan,"Govt Med Coll, Bhilwara",MBBS,96029,71638(2),83531(4),82947(1)
AI,SC,Maharashtra,"Lokmanya Tilak, Sion, Mumbai",MBBS,158600,34048(5),61840(5),83230(5)
AI,SC,Uttar Pradesh,"Shaik-ul-Hind, Saharanpur",MBBS,24000,75468(2),83428(2),83428(2)
AI,SC,Odisha,"Sri Jagannath Med Coll, Puri",MBBS,22000,59986(2),74418(2),83692(2)
AI,ST,Jharkhand,"Rajendra IMS, Ranchi",MBBS,17500,83756(2),83756(2),83756(2)
AI,SC,Uttar Pradesh,"ESIC, Varanasi",MBBS,100000,-,-,83902(1)
AI,ST,Rajasthan,"ESIC Med Coll, Alwar",MBBS,100000,75310(1),75129(1),84031(1)
AI,SC,Telangana,"ESIC Med Coll,Sanath Nagar",MBBS,100000,35287(2),72787(3),84047(4)
AI,SC,Madhya Pradesh,"Gaja Raja Med Coll, Gwalior",MBBS,100000,55037(4),79853(4),84131(4)
IP,SC,Delhi,"ESI, Basaidarpur, Delhi",MBBS,100000,-,-,84663(6)
AI,ST,Manipur,"RIMS, Imphal",MBBS,3000,60784(1),84935(1),84935(1)
AI,SC,Maharashtra,"Govt Med Coll, Aurangabad",MBBS,158600,55261(5),85006(5),85006(5)
AI,SC,Dadra and Nagar Haveli,"NAMO MERI Govt MedColl,Silvassa",MBBS,53000,72392(2),74895(2),85166(3)
AI,ST,Bihar,"Patna Med Coll, Patna",MBBS,9500,71068(2),85212(2),85212(2)
AI,ST,Maharashtra,"Seth GS, Mumbai",MBBS,158600,49964(3),80620(3),85260(3)
AI,ST,Dadra and Nagar Haveli,"NAMO MERI Govt MedColl,Silvassa",MBBS,53000,64012(1),85339(1),85339(1)
AI,SC,Jammu and Kashmir,"Gove Med Coll, Jammu",MBBS,26250,56849(4),79352(5),85589(5)
AI,ST,Uttar Pradesh,"GSVM Med Coll, Kanpur",MBBS,24000,61551(2),85744(2),85744(2)
AI,SC,Himachal Pradesh,"LalBahShastri Govt Med, Mandi",MBBS,50000,45199(3),65954(3),86092(3)
AI,SC,Gujarat,"Govt Med Coll, Bhavnagar",MBBS,25000,58426(5),79136(5),86248(5)
AI,SC,Tamil Nadu,Coimbatore Med Coll,MBBS,18073,24118(4),59491(4),86592(4)
AI,SC,Maharashtra,"HBT & RN Cooper, Mumbai",MBBS,158600,43828(5),73594(5),86841(5)
AI,SC,West Bengal,Calcutta National Med Coll,MBBS,9000,44753(5),81841(5),86954(5)
AI,ST,Gujarat,"Medical College, Baroda",MBBS,25000,63863(3),72049(3),87349(3)
AI,SC,Himachal Pradesh,"DrRadhakrishnan GovtColl,Hamirpur",MBBS,50000,59139(3),81832(3),87369(3)
AI,SC,Karnataka,"Mysore Med Coll, Mysore",MBBS,64350,45417(5),65232(6),87472(6)
AI,SC,Maharashtra,"Indira Gandhi MedColl, Nagpur",MBBS,158600,45726(4),70132(4),87652(4)
AI,ST,Delhi,"ESI, Basaidarpur, Delhi",MBBS,100000,-,84031(1),87699(1)
AIIMS SO,Open-PwD,Rajasthan,"AIIMS, Jodhpur",MBBS,1350,87801(3),87801(3),87801(3)
AI,SC,Assam,"Gauhati Med Coll, Guwahati",MBBS,6400,42675(4),81911(5),88005(5)
AI,ST,Tamil Nadu,"Stanley Med Coll, Chennai",MBBS,18073,63833(3),68755(3),88355(3)
AI,SC,Odisha,"Govt Med Coll, Balangir",MBBS,22000,60630(2),77580(2),88371(2)
AI,SC,Tamil Nadu,Govt Villupuram Med Coll,MBBS,18073,36171(2),88509(2),88509(2)
AI,ST,Andhra Pradesh,"Guntur Med Coll, Guntur",MBBS,15000,71488(3),71488(3),88802(3)
AI,ST,Uttar Pradesh,"UP Univ of Med Sci, Etawah",MBBS,24000,88813(2),88813(2),88813(2)
AI,SC,Uttarakhand,"Govt Med Coll, Haldwani",MBBS,150000,62474(3),82017(3),89008(3)
AI,ST,Uttar Pradesh,"S N Med Coll, Agra",MBBS,24000,66565(2),75126(2),89243(2)
AI,SC,Madhya Pradesh,"NSC Bose Med Coll, Jabalpur",MBBS,100000,57337(6),86442(6),89361(6)
AI,SC,Jharkhand,"Rajendra IMS, Ranchi",MBBS,17500,61029(4),74957(4),89481(4)
AI,SC,Punjab,"Govt Med Coll, Amritsar",MBBS,192000,52382(6),73354(6),89593(6)
AI,ST,Rajasthan,"Government Med Coll,Chittorgarh",MBBS,96029,82664(1),89595(1),89595(1)
AI,SC,Uttar Pradesh,"UP Univ of Med Sci, Etawah",MBBS,24000,58727(4),82786(4),89842(4)
AI,ST,Gujarat,"MP Shah, Jamnagar",MBBS,25000,71259(2),84823(2),89872(2)
AI,SC,Uttar Pradesh,"ESIC MedCollHosp,Noida",MBBS,100000,-,78673(1),89929(1)
AI,ST,Uttar Pradesh,"LLRM Med Coll, Meerut",MBBS,24000,68635(2),80646(2),90009(2)
AI,SC,Rajasthan,"Govt Med Coll, Dungapur",MBBS,96029,63897(3),87702(3),90276(3)
AI,SC,Rajasthan,"Govt Med Coll, Barmer",MBBS,96029,60750(3),83177(3),90279(3)
AI,OBC-PwD,Delhi,"MAMC, Delhi",MBBS,2095,90521(1),90521(1),90521(1)
AI,SC,Uttar Pradesh,"BRD Med Coll, Gorakhpur",MBBS,24000,51272(3),79831(3),90834(3)
AI,ST,Maharashtra,"Grant Med Coll, Mumbai",MBBS,158600,60871(3),82340(3),90836(3)
AI,ST,Chhattisgarh,"Pt JNM Med Coll, Raipur",MBBS,50000,90844(3),90844(3),90844(3)
AI,SC,Uttar Pradesh,"Govt Med Coll, Kannauj",MBBS,24000,70270(2),89139(2),90851(2)
AI,ST,Rajasthan,"Govt Med Coll, Bharatpur",MBBS,96029,80646(2),86623(2),90864(2)
AI,SC,Karnataka,"ESI, Bangalore",MBBS,100000,49616(3),80004(3),91002(4)
AI,SC,Rajasthan,"Government Med Coll, Alwar",MBBS,96029,51109(2),81362(2),91240(2)
AI,ST,Bihar,"IGIMS, Patna",MBBS,81667,79981(2),91343(2),91343(2)
AI,SC,Madhya Pradesh,"ESIC Med Coll, Indore",MBBS,100000,-,-,91366(1)
AI,SC,Andhra Pradesh,"SV Med Coll, Tirupati",MBBS,15000,58561(6),90994(6),91418(6)
AI,ST,Rajasthan,"Government Med Coll, Dausa",MBBS,96029,81530(1),91629(1),91629(1)
AI,ST,Haryana,"ESI Med Coll, Faridabad",MBBS,100000,77216(2),82489(2),91665(2)
AI,ST,Rajasthan,"Govt Med Coll, Churu",MBBS,96029,75129(1),91685(1),91685(1)
AI,SC,Madhya Pradesh,"Govt Med Coll, Ratlam",MBBS,100000,76823(4),91361(4),91920(4)
AI,SC,Rajasthan,"Government Med Coll, Dausa",MBBS,96029,60226(2),80312(2),91995(2)
AI,ST,Telangana,"ESIC Med Coll,Sanath Nagar",MBBS,100000,56394(1),56394(1),92240(1)
AI,ST,Karnataka,"KIMS, Hubli",MBBS,64350,36875(1),36875(1),92259(2)
DEL CW,EWS,Delhi,"Lady Hardinge, Delhi",MBBS,1665,92431(1),92431(1),92431(1)
AI,SC,Uttar Pradesh,"Govt Med Coll, Bulandshahr",MBBS,24000,80178(3),87904(3),92528(3)
AI,ST,Rajasthan,"Government Med Coll, Alwar",MBBS,96029,71707(1),92648(1),92648(1)
AI,ST,Madhya Pradesh,"Gandhi Med Coll, Bhopal",MBBS,100000,65754(3),75686(3),92870(3)
AI,ST,Uttar Pradesh,"MLN Med Coll, Allahabad",MBBS,24000,72549(2),73563(2),93060(2)
AI,SC,Maharashtra,"Govt Med Coll, Mumbai",MBBS,158600,45429(1),61161(1),93252(1)
AI,SC,Odisha,"Govt Med Coll, Balasore",MBBS,22000,62738(2),85852(2),93286(2)
AI,ST,Karnataka,"ESI, Bangalore",MBBS,100000,89273(2),93483(2),93483(2)
AI,ST,Rajasthan,"Govt Med Coll, Pali",MBBS,96029,77081(2),87766(2),93545(2)
AIIMS SO,OBC-PwD,Assam,"AIIMS, Guwahati",MBBS,1350,340348(1),93985(1),93985(1)
AI,ST,Uttar Pradesh,"MRA Med Coll, Ambedkarnagar",MBBS,24000,89243(1),94199(1),94199(1)
AI,SC,Haryana,"BPS Govt Med Coll, Sonepat",MBBS,61410,74227(3),82357(3),94209(3)
AI,SC,Uttar Pradesh,"Auton. State Med Coll, Etah",MBBS,24000,89526(2),94522(2),94522(2)
AI,SC,Odisha,"Saheed Laxman Nayak, Koraput",MBBS,22000,71174(3),94596(3),94596(3)
AI,SC,Uttarakhand,"Government Med Coll, Haridwar",MBBS,150000,64598(2),94612(2),94612(2)
AI,SC,Rajasthan,"Government Med Coll, Sirohi",MBBS,96029,71492(2),85081(2),94691(2)
AI,SC,Jammu and Kashmir,"Government Medical Coll,Kathua",MBBS,26250,51060(1),94939(2),94939(2)
AI,ST,Gujarat,"PDU Med Coll, Rajkot",MBBS,25000,74989(2),83405(2),95045(2)
AI,SC,Maharashtra,"Govt Med Coll, Baramati",MBBS,158600,46383(2),95419(2),95112(2)
AI,SC,Andhra Pradesh,"Rangaraya Med Coll, Kakinada",MBBS,15000,47357(6),90601(6),95122(6)
AI,SC,Maharashtra,"Rajiv Gandhi MC & CSMH, Thane",MBBS,158600,45376(2),76687(2),95419(2)
AI,SC,Chhattisgarh,"CIMS, Bilaspur",MBBS,50000,71211(3),95939(3),95939(3)
AI,SC,Rajasthan,"Govt Med Coll, Sri Ganganagar",MBBS,96029,67479(2),85937(2),95945(2)
AI,ST,Rajasthan,Government Medical College Bundi,MBBS,96029,86357(1),95967(1),95967(1)
AI,SC,Madhya Pradesh,"Govt Med Coll, Shivpuri",MBBS,100000,78772(2),95669(2),95974(2)
AI,ST,Uttar Pradesh,"MLB Med Coll, Jhansi",MBBS,24000,85744(2),89243(2),95992(2)
AI,SC,Bihar,"IGIMS, Patna",MBBS,81667,48808(3),75521(3),96049(3)
AI,SC,Haryana,"SHKM, Nalhar",MBBS,61410,76041(3),84046(3),96339(3)
AI,SC,Tamil Nadu,"KAPV Med Coll, Trichy",MBBS,18073,31945(3),76846(3),96388(4)
AI,ST,Uttar Pradesh,"Auto. State MedColl, Kanpur Dehat",MBBS,24000,96527(1),96527(1),96527(1)
AI,SC,Tamil Nadu,"Govt Med Coll, Thiruvallur",MBBS,18073,29229(1),72261(1),96548(2)
AI,SC,Andhra Pradesh,"Govt Siddhartha, Vijaywada",MBBS,15000,36798(2),92831(2),96639(3)
AI,ST,Jammu and Kashmir,"Sher-I-Kashmir, Srinagar",MBBS,36400,49520(2),96694(2),96694(2)
AI,ST,West Bengal,"Medical College, Kolkata",MBBS,9000,70328(3),96835(3),96835(3)
AI,ST,Rajasthan,"GMC, Tonk",MBBS,96029,-,96928(1),96928(1)
AI,SC,Himachal Pradesh,"Govt Med Coll, Chamba",MBBS,50000,61897(2),87369(2),97106(2)
AI,SC,Bihar,"ESIC Med Coll, Patna",MBBS,100000,-,86004(2),97268(2)
AI,SC,Rajasthan,Government Medical College Bundi,MBBS,96029,68952(2),90279(2),97538(2)
AI,SC,Haryana,"AB Vajpay GovtMedColl,Faridabad",MBBS,61410,47058(2),88480(2),97625(2)
AI,SC,Rajasthan,"Government Med Coll, Dholpur",MBBS,96029,74238(2),90089(2),97673(2)
AI,SC,Uttar Pradesh,"Govt Med Coll, Faizabad",MBBS,24000,80008(2),94482(2),97911(2)
AI,SC,Tamil Nadu,Govt Theni Med Coll,MBBS,18073,42836(2),97990(2),97990(2)
AI,SC,Madhya Pradesh,"Govt Med Coll, Neemuch",MBBS,100000,85937(2),89481(2),98104(2)
AI,ST,Rajasthan,"Government Med Coll, Sirohi",MBBS,96029,85339(1),98233(1),98233(1)
AI,SC,Rajasthan,"Government Med Coll, Karauli",MBBS,96029,76899(3),90963(3),98597(3)
AI,SC,Maharashtra,"ESI, Andheri, Mumbai",MBBS,100000,-,87085(1),98632(1)
AI,SC,Rajasthan,"Govt Med Coll, Jhunjhunu",MBBS,96029,69214(2),86092(2),98653(2)
AI,SC,Bihar,"Patna Med Coll, Patna",MBBS,9500,41551(5),66431(5),98679(5)
AI,SC,Karnataka,"Shri Atal Bihari Vajpayee, BLR",MBBS,64350,45057(3),73519(4),98780(4)
AI,SC,Madhya Pradesh,"SSMC, Rewa",MBBS,100000,68562(3),87322(3),98954(3)
AI,SC,Punjab,"DrBRAmbedkar State IMS,Mohali",MBBS,192000,52619(2),57337(2),98965(2)
AI,SC,Madhya Pradesh,"Govt Med Coll, Datia",MBBS,100000,87423(3),97510(3),99014(3)
AI,SC,Tamil Nadu,"Mohan Kumaramangalam, Salem",MBBS,18073,29781(3),71621(3),99026(3)
AI,ST,Madhya Pradesh,"ESIC Med Coll, Indore",MBBS,100000,-,-,99078(1)
AI,SC,Rajasthan,"Government Med Coll, Hanumangarh",MBBS,96029,70064(3),90851(3),99115(3)
AI,SC,Uttar Pradesh,"Govt Med Coll, Azamgarh",MBBS,24000,68913(2),91854(2),99261(2)
AI,SC,Rajasthan,"Govt Med Coll, Sawai Madhopur",MBBS,96029,76436(2),92993(2),99348(3)
AI,ST,Maharashtra,"Govt Med Coll, Nagpur",MBBS,158600,74877(3),99704(3),99704(3)
AI,SC,Kerala,"Medical College, Trivandrum",MBBS,23150,39027(6),82458(6),99785(6)
AI,SC,Uttarakhand,"Soban Singh Govt Inst, Almora",MBBS,150000,78931(2),97792(2),99903(2)
AI,ST,Madhya Pradesh,"NSC Bose Med Coll, Jabalpur",MBBS,100000,77845(3),99339(3),100004(3)
AI,SC,Punjab,"ESIC MedCollHosp,Ludhiana",MBBS,100000,-,89929(2),100011(2)
AI,SC,Rajasthan,"Govt Med Coll, Nagaur",MBBS,96029,64079(3),92029(3),100025(3)
AI,SC,Uttar Pradesh,"Govt Med Coll, Badaun",MBBS,24000,80494(2),93887(2),100034(2)
AI,SC,Tamil Nadu,Govt Dharmapuri Med Coll,MBBS,18073,48710(2),100080(2),100080(2)
AI,SC,Bihar,"Nalanda Med Coll, Patna",MBBS,9500,57846(3),82304(3),100279(3)
AI,SC,Rajasthan,"Govt Med Coll, Baran",MBBS,96029,73549(2),91995(2),100308(2)
AI,SC,Karnataka,"KIMS, Hubli",MBBS,64350,45608(4),93252(4),100347(4)
AI,SC,West Bengal,"RG Kar Med Coll, Kolkata",MBBS,9000,53010(6),97111(6),100637(6)
AI,SC,Rajasthan,"Govt Med Coll, Banswara",MBBS,96029,73571(1),91240(1),100702(1)
AI,SC,Jharkhand,"Shaheed Nirmal Mahto, Dhanbad",MBBS,7400,72753(2),100714(2),100714(2)
AI,ST,Rajasthan,"Govt Med Coll, Barmer",MBBS,96029,86623(2),95406(2),100855(2)
AI,SC,Rajasthan,"GMC, Tonk",MBBS,96029,-,93550(1),101029(1)
AI,ST,Gujarat,"Govt Med Coll, Bhavnagar",MBBS,25000,75318(3),90868(3),101134(3)
AI,SC,Rajasthan,"GMC, Jaisalmer",MBBS,96029,-,93826(1),101237(1)
AI,ST,Karnataka,"ESIC Med Coll,Gulbarga",MBBS,100000,90459(1),101241(1),101241(1)
AI,SC,Himachal Pradesh,"Govt Med Coll, Nahan",MBBS,50000,59417(3),82842(3),101378(3)
AI,SC,Uttar Pradesh,"Rajkiya Med Coll, Jalaun",MBBS,24000,78141(3),90834(3),101439(3)
AI,SC,Madhya Pradesh,"Atal Bihari Vajpayee, Vidisha",MBBS,100000,53247(3),90995(3),101553(3)
AI,SC,Uttar Pradesh,"MRA Med Coll, Ambedkarnagar",MBBS,24000,68461(2),89345(2),101608(2)
AI,ST,Haryana,"SHKM, Nalhar",MBBS,61410,99815(1),120999(1),101613(1)
AI,SC,Haryana,"Pt Neki Ram Sharma GovtMedColl, Bhiwani",MBBS,61410,-,87522(1),101852(2)
AI,SC,Goa,"Goa Med Coll, Panaji",MBBS,154050,61252(4),98965(4),101960(4)
AI,SC,Manipur,"JNIMS, Imphal",MBBS,6000,81911(3),102059(3),102059(3)
AI,SC,Punjab,"Guru Govind Singh, Faridkot",MBBS,192000,57502(2),79008(2),102180(4)
AI,SC,Uttar Pradesh,"Govt Allopathic Med Coll,Banda",MBBS,24000,84983(2),93586(2),102184(2)
AI,ST,Bihar,"Sri Krishna, Muzzafarpur",MBBS,9500,100741(1),102218(1),102218(1)
AI,SC,Tamil Nadu,"ESI PGIMSR, KK Nagar, Chennai",MBBS,100000,38354(4),93940(4),102421(4)
AI,SC,Madhya Pradesh,"Govt Med Coll, Chhindwara",MBBS,100000,88859(2),98697(3),102516(3)
AI,ST,Uttarakhand,"Doon Med Coll, Dehradun",MBBS,150000,81002(2),89380(2),102566(2)
AI,ST,Madhya Pradesh,"Govt Med Coll, Ratlam",MBBS,100000,94834(2),102657(2),102657(2)
AI,ST,Rajasthan,"Govt Med Coll, Dungapur",MBBS,96029,84813(2),96744(2),102692(2)
AI,ST,Maharashtra,"HBT & RN Cooper, Mumbai",MBBS,158600,87349(2),95775(2),102783(2)
AI,SC,Madhya Pradesh,"Bundelkhand Med Coll, Sagar",MBBS,100000,72047(3),91920(4),102806(4)
AI,SC,Odisha,Government Med Coll Bhawanipatna,MBBS,22000,86703(2),102835(2),102835(2)
AI,SC,Tamil Nadu,Govt Vellore Med Coll,MBBS,18073,32595(3),91958(3),102842(3)
AI,ST,Haryana,"Pt BD Sharma, Rohtak",MBBS,61410,70969(3),103116(3),103116(3)
AI,ST,Rajasthan,"Government Med Coll, Dholpur",MBBS,96029,85978(1),90864(1),103167(1)
AI,SC,Tamil Nadu,Govt Thiruvannamalai Med Coll,MBBS,18073,43797(2),103190(2),103190(2)
AI,SC,West Bengal,"College of Med & SDH, Kolkata",MBBS,9000,54924(2),100279(2),103280(2)
AI,ST,West Bengal,"Nilratan Sircar, Kolkata",MBBS,9000,82262(1),103371(1),103371(1)
AI,SC,Uttar Pradesh,"Govt Med Coll, Shahjhanpur",MBBS,24000,85589(2),95192(2),103526(2)
AI,ST,Kerala,"Govt Med Coll, Thrissur",MBBS,23150,101571(2),103612(2),103612(2)
AI,Open-PwD,Assam,"Gauhati Med Coll, Guwahati",MBBS,6400,103787(1),103787(1),103787(1)
AI,SC,Madhya Pradesh,"Govt Med Coll, Mandsaur",MBBS,100000,89434(2),94343(2),103876(2)
AI,SC,Uttarakhand,"VCSG Med Coll, Pauri Garhwal",MBBS,150000,71513(2),95084(2),103917(3)
AI,ST,Assam,"Assam Med Coll, Dibrugarh",MBBS,6400,70087(2),103958(3),103958(3)
AI,ST,Rajasthan,"Government Med Coll, Karauli",MBBS,96029,95572(2),96892(2),104061(2)
AI,ST,Uttarakhand,"Government Med Coll, Haridwar",MBBS,150000,94118(1),104063(1),104063(1)
AI,SC,Uttar Pradesh,"Auto. State MedColl, Kanpur Dehat",MBBS,24000,83177(2),100702(2),104163(2)
AI,ST,Madhya Pradesh,"Atal Bihari Vajpayee, Vidisha",MBBS,100000,78687(1),102783(1),104601(1)
AI,ST,Uttar Pradesh,"BRD Med Coll, Gorakhpur",MBBS,24000,72634(2),90009(2),104924(2)
AI,ST,Uttar Pradesh,"Govt Med Coll, Bulandshahr",MBBS,24000,104856(1),104856(1),104956(1)
AI,ST,Madhya Pradesh,"Govt Med Coll, Shahdol, MP",MBBS,100000,99339(1),105247(1),105247(1)
AI,SC,Uttar Pradesh,"Auton. State Med Coll, Deoria",MBBS,24000,88640(1),96979(1),105293(2)
AI,SC,Maharashtra,"Govt Med Coll, Alibag",MBBS,158600,64009(1),94716(1),105312(2)
AI,SC,Jammu and Kashmir,"Govt Med Coll, Srinagar",MBBS,26250,65652(4),95027(4),105359(4)
AI,ST,Madhya Pradesh,"Bundelkhand Med Coll, Sagar",MBBS,100000,96392(2),100004(2),105466(2)
AI,ST,Maharashtra,"BJMC, Pune",MBBS,158600,62013(3),87748(3),105614(3)
AI,SC,Andhra Pradesh,"Rajiv Gandhi IMS, Ongole",MBBS,15000,77084(3),105786(3),105786(3)
AI,SC,Maharashtra,"Govt Med Coll, Jalgaon",MBBS,158600,91995(3),105797(3),105797(3)
AI,SC,Uttar Pradesh,"Auto. State Med Coll, Bijnor",MBBS,24000,81689(3),97911(3),105997(3)
AI,SC,Uttar Pradesh,"Auto. State Med Coll, Lalitpur",MBBS,24000,95676(2),100677(2),106045(2)
AI,SC,Telangana,"Kakatiya Med Coll, Warangal",MBBS,14000,56260(4),94276(4),106056(4)
AI,SC,Uttar Pradesh,"Auton. State Med Coll, Hardoi",MBBS,24000,87884(2),98104(2),106101(2)
AI,SC,Haryana,"Maharishi Chyawan Med Coll,Koriawas",MBBS,61410,-,94209(3),106132(3)
AI,SC,Madhya Pradesh,"Govt Med Coll, Khandwa",MBBS,100000,81676(3),99014(3),106142(3)
AI,SC,Uttar Pradesh,"Govt Med Coll, Auraiya",MBBS,24000,91920(1),106187(1),106187(1)
AI,ST,Rajasthan,"Govt Med Coll, Jhunjhunu",MBBS,96029,71650(1),96851(1),106302(1)
AI,ST,Madhya Pradesh,"Govt Med Coll, Khandwa",MBBS,100000,97439(1),106418(1),106418(1)
AI,ST,Uttar Pradesh,"Govt Med Coll, Badaun",MBBS,24000,98874(1),106452(1),106452(1)
AI,ST,Maharashtra,"Topiwala, Mumbai",MBBS,158600,77991(2),95435(2),106595(2)
AI,SC,Chhattisgarh,"Government Med Coll, Korba",MBBS,50000,100028(1),120150(1),106689(1)
AI,SC,Maharashtra,"MPGIMER, Nashik",MBBS,158600,78673(1),86642(1),106813(1)
AI,SC,Uttar Pradesh,"Auto. State Med Coll, Pilibhit",MBBS,24000,89345(2),103068(2),106981(2)
AI,SC,Bihar,"AN Magadh, Gaya",MBBS,9500,80403(3),107009(3),107009(3)
AIIMS SO,OBC-PwD,Telangana,"AIIMS, Bibinagar",MBBS,1350,258759(1),107026(1),107026(1)
AI,ST,Madhya Pradesh,"SSMC, Rewa",MBBS,100000,85260(2),100868(2),107096(2)
AI,SC,Odisha,"Government MedColl&Hosp, Phulbani",MBBS,22000,-,107118(3),107118(3)
AI,SC,Kerala,"Govt Med Coll, Kottayam",MBBS,23150,47034(4),86248(4),107132(4)
AI,ST,Tamil Nadu,Thanjavur Med Coll,MBBS,18073,107213(2),107213(2),107213(2)
AI,ST,Uttar Pradesh,"Auton. State Med Coll, Deoria",MBBS,24000,107291(1),107291(1),107291(1)
AI,SC,Uttar Pradesh,"Govt Med Coll, Bahraich",MBBS,24000,87369(3),102180(3),107489(3)
AI,ST,Karnataka,"Shri Atal Bihari Vajpayee, BLR",MBBS,64350,42201(1),83212(2),107916(2)
AI,ST,Uttar Pradesh,"Govt Med Coll, Faizabad",MBBS,24000,94355(1),105067(1),107947(1)
AI,SC,Jharkhand,"MGM Med Coll, Jamshedpur",MBBS,9130,66725(2),85166(2),107949(3)
AI,SC,Uttar Pradesh,"Auton. State Med Coll,Fatehpur",MBBS,24000,89467(2),100028(2),107994(2)
AI,SC,Maharashtra,"Govt Med Coll, Miraj",MBBS,158600,79887(5),92711(5),108012(5)
AI,ST,Madhya Pradesh,"Govt Med Coll, Neemuch",MBBS,100000,101593(1),104061(1),108149(1)
AI,SC,Uttar Pradesh,"Auton. State Med Coll,Mirzapur",MBBS,24000,89990(2),105208(2),108227(2)
AMU - SF Internal,Open,Uttar Pradesh,"Dr ZA Dental Coll, AMU,Aligarh",BDS,53000,108332(5),108332(5),108332(5)
AI,SC,West Bengal,"ESI, Joka, Kolkata",MBBS,100000,54945(2),101029(2),108358(3)
AI,SC,Tamil Nadu,Tirunelveli Med Coll,MBBS,18073,31919(4),80442(4),108362(5)
AI,SC,Uttar Pradesh,"Govt Med Coll, Rampur, Basti",MBBS,24000,87588(3),102420(3),108453(3)
AI,ST,Maharashtra,"Rajiv Gandhi MC & CSMH, Thane",MBBS,158600,83405(1),105614(1),108496(1)
AI,ST,West Bengal,"ESI, Joka, Kolkata",MBBS,100000,95435(1),108951(1),108951(1)
AI,ST,Uttarakhand,"Govt Med Coll, Haldwani",MBBS,150000,90836(2),101246(2),108980(2)
AI,ST,Madhya Pradesh,"Govt Med Coll, Mandsaur",MBBS,100000,107034(1),109057(1),109057(1)
AI,ST,Maharashtra,"Indira Gandhi MedColl, Nagpur",MBBS,158600,84031(2),102641(2),109255(2)
AI,ST,Maharashtra,"VMMC, Solapur",MBBS,158600,103016(2),109542(2),109542(2)
AI,SC,Madhya Pradesh,"Govt Med Coll, Seoni",MBBS,100000,90279(2),100371(2),109608(2)
AI,SC,Uttar Pradesh,"Auto. State Med Coll, Kushinagar",MBBS,24000,80124(2),104163(2),109637(2)
AI,ST,Maharashtra,"Lokmanya Tilak, Sion, Mumbai",MBBS,158600,81412(3),93545(3),109648(3)
AI,SC,Bihar,"Vardhman IMS, Nalanda",MBBS,9500,73828(2),83209(2),109731(2)
AI,ST,Maharashtra,"Govt Med Coll, Aurangabad",MBBS,158600,89293(2),103016(2),109737(2)
AI,SC,Maharashtra,"Rajarshee CSM Govt MC,Kolhapur",MBBS,158600,84885(3),102806(3),109831(3)
AI,ST,Rajasthan,"Govt Med Coll, Nagaur",MBBS,96029,83897(1),101593(1),109833(1)
AI,Open-PwD,Uttar Pradesh,"UP Univ of Med Sci, Etawah",MBBS,24000,338747(1),338747(1),109850(1)
AI,SC,Maharashtra,"Shri VR Naik Govt, Yavatmal",MBBS,158600,87513(4),109893(4),109893(4)
AI,ST,Rajasthan,"Govt Med Coll, Sri Ganganagar",MBBS,96029,87766(1),95045(1),109913(1)
AI,SC,Madhya Pradesh,"GMC, Sheopur",MBBS,100000,-,98597(2),109950(2)
AI,ST,Rajasthan,"Government Med Coll, Hanumangarh",MBBS,96029,89380(1),98336(1),109960(1)
AI,SC,Bihar,"Govt Med Coll, Bettiah",MBBS,9500,91813(2),109962(2),109962(2)
AI,SC,Jammu and Kashmir,"Sher-I-Kashmir, Srinagar",MBBS,36400,76564(3),99931(3),109967(3)
AI,ST,Uttar Pradesh,"Auton. State Med Coll, Etah",MBBS,24000,103371(1),107034(1),110052(1)
AI,SC,Bihar,"Sri Krishna, Muzzafarpur",MBBS,9500,78370(2),104567(2),110205(2)
AI,SC,Uttar Pradesh,"Auton.State MedColl,Pratapgarh",MBBS,24000,91457(3),104511(3),110246(3)
AI,ST,Uttar Pradesh,"Govt Med Coll, Kannauj",MBBS,24000,90009(1),94355(1),110330(1)
AI,SC,Telangana,"Govt Med Coll, Nizamabad",MBBS,14000,80061(2),105026(2),110438(2)
AI,ST,Himachal Pradesh,"DrRadhakrishnan GovtColl,Hamirpur",MBBS,50000,59565(1),91372(1),110678(1)
AI,SC,Madhya Pradesh,"Govt Med Coll, Shahdol, MP",MBBS,100000,87702(3),101378(3),110702(3)
AI,SC,Bihar,"Darbhanga, Lehriasarai",MBBS,9500,64358(3),101978(3),110777(3)
AI,SC,Uttar Pradesh,"Auton. StateMed,Siddharthnagar",MBBS,24000,90491(2),99950(2),110785(2)
AI,SC,West Bengal,Burdwan Medical College,MBBS,9000,67297(5),108273(5),110836(5)
AI,SC,Karnataka,"ESIC Med Coll,Gulbarga",MBBS,100000,70438(3),93068(3),110971(3)
AI,SC,Madhya Pradesh,"Government Med Coll, Satna",MBBS,100000,87788(2),103074(2),110989(3)
AI,SC,Karnataka,"Mandya IMS, Mandya",MBBS,64350,65232(3),108761(3),111130(3)
AI,SC,Bihar,"Jawaharlal Nehru, Bhagalpur",MBBS,9500,74652(3),107020(3),111142(3)
AI,SC,Chhattisgarh,"Govt Med Coll, Rajnandgaon",MBBS,50000,88113(3),111146(3),111146(3)
AI,SC,Andhra Pradesh,"Rajiv Gandhi IMS, Kadapa",MBBS,15000,84095(3),111227(3),111227(3)
AI,ST,Rajasthan,"Govt Med Coll, Baran",MBBS,96029,89534(1),96751(1),111274(1)
AI,ST,Madhya Pradesh,"Govt Med Coll, Shivpuri",MBBS,100000,93136(1),102692(1),111337(1)
AI,SC,Odisha,"Pt Raghunath Med Coll,Baripada",MBBS,22000,71941(2),90616(2),111524(3)
AI,SC,Maharashtra,"VMMC, Solapur",MBBS,158600,76556(4),99115(4),111610(4)
AI,ST,Uttar Pradesh,"Shaik-ul-Hind, Saharanpur",MBBS,24000,-,-,111624(1)
AI,SC,Uttar Pradesh,"Auto. State Med Coll, Sultanpur",MBBS,24000,92434(3),108495(3),111780(3)
AI,ST,Uttar Pradesh,"Govt Med Coll, Azamgarh",MBBS,24000,82489(1),98705(1),111781(1)
AI,ST,Telangana,"Govt Med Coll, Suryapet",MBBS,14000,111793(2),111793(2),111793(2)
AI,ST,Punjab,"Govt Med Coll, Patiala",MBBS,192000,79799(3),96864(3),111933(3)
AI,ST,Madhya Pradesh,"Govt Med Coll, Seoni",MBBS,100000,100004(1),111935(1),111935(1)
AI,ST,Uttar Pradesh,"Govt Med Coll, Firozobad",MBBS,24000,-,-,112116(1)
AI,SC,Uttar Pradesh,"Auton. State Med Coll,Ghazipur",MBBS,24000,90264(2),105486(2),112171(2)
AI,ST,Madhya Pradesh,"Govt Med Coll, Datia",MBBS,100000,82283(1),93136(1),112318(1)
AI,SC,Kerala,"GMC, Kasaragod",MBBS,23150,-,129983(1),112500(1)
AI,SC,Karnataka,"Belagavi IMS, Belagavi",MBBS,64350,75425(3),113347(4),112527(5)
AI,SC,Maharashtra,"Govt Med Coll, Nanded",MBBS,158600,79494(4),102823(4),112614(4)
AI,ST,Himachal Pradesh,"Govt Med Coll, Nahan",MBBS,50000,87699(2),96524(2),112774(2)
AI,SC,Uttar Pradesh,"Govt Med Coll, Kaushambi",MBBS,24000,93078(2),103374(2),112790(2)
AI,ST,Bihar,"Nalanda Med Coll, Patna",MBBS,9500,83513(2),107947(2),112881(2)
AI,SC,Madhya Pradesh,"GMC, Singrauli",MBBS,100000,-,104628(1),113098(2)
AI,SC,Uttar Pradesh,"Auton. State Med Coll, Jaunpur",MBBS,24000,90963(2),105237(2),113104(2)
AI,ST,Maharashtra,"ESI, Andheri, Mumbai",MBBS,100000,-,109648(1),113244(1)
AI,SC,Uttar Pradesh,"Govt Med Coll, Lakhimpur Kheri",MBBS,24000,95644(3),106981(3),113284(3)
AI,ST,Himachal Pradesh,"Govt Med Coll, Chamba",MBBS,50000,64330(1),93060(1),113394(1)
AI,SC,Chhattisgarh,"BaliramKashyap NDMC, Jagdalpur",MBBS,50000,89843(3),113538(3),113538(3)
AI,SC,Uttar Pradesh,"Govt Med Coll, Gonda",MBBS,24000,92544(2),107489(2),113649(2)
AI,SC,Jharkhand,"Dumka Medical Coll,Dighi Dumka",MBBS,20100,99931(2),110769(2),113792(2)
AI,SC,Bihar,"Jannayak Karpoori Med,Madhepura",MBBS,9500,93794(2),113792(2),113844(2)
AI,ST,Bihar,"Jawaharlal Nehru, Bhagalpur",MBBS,9500,99704(1),117034(1),114020(1)
AI,SC,Andhra Pradesh,"ACSR Govt Med Coll, Nellore",MBBS,15000,66395(3),108358(3),114295(4)
AI,SC,Jharkhand,"Hazaribagh Med Coll,Hazaribagh",MBBS,9180,83890(3),114364(3),114364(3)
AI,SC,Jammu and Kashmir,"Government Med Coll, Udhampur",MBBS,27060,73037(2),114423(2),114423(2)
AI,SC,Uttar Pradesh,"Govt Med Coll, Chandauli",MBBS,24000,93950(2),106927(2),114454(2)
AI,ST,Uttar Pradesh,"Govt Allopathic Med Coll,Banda",MBBS,24000,88346(1),102730(1),114515(1)
AI,ST,Bihar,"ESIC Med Coll, Patna",MBBS,100000,-,110330(1),114517(1)
AI,ST,Uttar Pradesh,"Rajkiya Med Coll, Jalaun",MBBS,24000,98705(2),105466(2),114568(2)
AI,SC,Uttar Pradesh,"Autonomous Med Coll, Sonebhadra",MBBS,24000,96570(2),108047(2),114703(2)
AI,SC,Maharashtra,"Govt Med Coll, Nandurbar",MBBS,158600,97338(2),109559(2),114763(2)
AI,ST,Uttarakhand,"VCSG Med Coll, Pauri Garhwal",MBBS,150000,93060(1),105172(1),114844(1)
AI,ST,Jharkhand,"MGM Med Coll, Jamshedpur",MBBS,9130,75249(1),114359(1),114909(2)
AI,SC,Odisha,"Govt Med Coll and Hosp, Jajpur",MBBS,22000,74418(1),94459(1),115037(1)
AI,SC,Maharashtra,"Govt Med Coll, Akola",MBBS,158600,84167(4),107154(4),115238(4)
AI,SC,Chhattisgarh,"Govt Med Coll, Ambikapur",MBBS,50000,94867(3),115297(3),115297(3)
AI,SC,West Bengal,"NBMC, Darjeeling",MBBS,9000,74422(5),110971(5),115311(5)
AI,SC,Bihar,"Government Med Coll, Purnea",MBBS,9500,96494(2),111213(2),115420(2)
AI,ST,Jammu and Kashmir,"Government Med Coll, Udhampur",MBBS,27060,96718(1),105546(1),115457(1)
AI,SC,Maharashtra,"SRTT, Ambajogai",MBBS,158600,88247(3),101960(3),115546(3)
AI,ST,Punjab,"Govt Med Coll, Amritsar",MBBS,192000,84935(2),104956(2),115572(2)
AI,SC,Tamil Nadu,"Govt Med Coll & ESI,Coimbatore",MBBS,18073,34638(2),79191(2),115647(2)
AI,SC,Telangana,"Govt Med Coll, Mahabubnagar",MBBS,14000,85262(3),115683(3),115683(3)
AI,SC,Karnataka,"VIMS, Bellary",MBBS,64350,76105(5),110823(6),115750(6)
AI,SC,Kerala,"Govt Med Coll, Kollam",MBBS,23150,68567(2),110219(2),115768(2)
AI,SC,Tamil Nadu,Kanyakumari Med Coll,MBBS,18073,59491(3),115928(3),115928(3)
AI,SC,Chhattisgarh,"CCM Govt Medical College, Durg",MBBS,50000,98965(5),116147(5),115932(5)
AI,SC,Uttar Pradesh,"Auton. State Med Coll,Amethi",MBBS,24000,-,-,115995(3)
AI,ST,Uttar Pradesh,"Govt Med Coll, Rampur, Basti",MBBS,24000,96635(1),112318(1),116051(1)
AI,ST,Uttar Pradesh,"Auton. State Med Coll,Mirzapur",MBBS,24000,111337(1),116142(1),116142(1)
AI,ST,Jammu and Kashmir,"Government Med Coll,Rajouri",MBBS,26250,96694(1),103611(1),116305(1)
AI,ST,Karnataka,"Mandya IMS, Mandya",MBBS,64350,82535(2),116329(2),116329(2)
IP,ST,Delhi,"VMMC, Delhi",MBBS,41000,112251(10),112251(10),116381(11)
AIIMS SO,Open-PwD,Madhya Pradesh,"AIIMS, Bhopal",MBBS,1350,116405(3),116405(3),116405(3)
AI,ST,Uttar Pradesh,"Govt Med Coll, Shahjhanpur",MBBS,24000,100855(1),109833(1),116490(1)
AI,ST,Kerala,"Medical College, Trivandrum",MBBS,23150,90752(3),116504(3),116504(3)
AIIMS SO,OBC-PwD,Madhya Pradesh,"AIIMS, Bhopal",MBBS,1350,116547(1),116547(1),116547(1)
AI,ST,Madhya Pradesh,"Govt Med Coll, Chhindwara",MBBS,100000,98233(1),108980(2),116688(2)
AI,SC,Chhattisgarh,"Lakhi Ram Agrawal, Raigarh",MBBS,50000,86835(2),109950(2),116700(2)
AI,SC,Maharashtra,"Sri Bhausaheb, Dhule",MBBS,158600,84858(3),108012(3),116887(3)
AI,ST,Bihar,"Vardhman IMS, Nalanda",MBBS,9500,80676(1),47323(1),117034(2)
AI,ST,Uttar Pradesh,"Auton. State Med Coll, Hardoi",MBBS,24000,108144(1),116305(1),117329(1)
AI,ST,West Bengal,Calcutta National Med Coll,MBBS,9000,89140(3),111048(3),117345(3)
AI,SC,Kerala,"Govt Med Coll, Ernakulam",MBBS,23150,53765(3),107949(3),117560(3)
AI,ST,Uttar Pradesh,"Auto. State Med Coll, Bijnor",MBBS,24000,114632(1),117611(1),117611(1)
AI,ST,Chhattisgarh,"CIMS, Bilaspur",MBBS,50000,99078(1),107096(1),117620(1)
AI,SC,Maharashtra,"Govt Med Coll, Latur",MBBS,158600,88273(3),98653(3),117632(3)
AI,SC,Karnataka,"Gulbarga IMS, Gulbarga",MBBS,64350,82277(4),113649(5),117722(5)
AI,SC,Jammu and Kashmir,"Government Med Coll,Rajouri",MBBS,26250,90851(2),106142(2),117923(2)
AI,SC,Telangana,"Govt Med Coll, Quthbullapur",MBBS,14000,86163(1),126698(1),117960(1)
AI,SC,Odisha,"Government Med Coll, Sundargarh",MBBS,22000,86518(2),93310(2),117962(2)
AI,SC,Jharkhand,"Palamu Medical College, Palamu",MBBS,9200,100039(2),116309(2),118086(2)
AI,ST,Jharkhand,"Shaheed Nirmal Mahto, Dhanbad",MBBS,7400,87089(1),118121(1),118121(1)
AI,SC,West Bengal,"MJN Med Coll, Coochbehar",MBBS,9000,98006(1),118218(1),118218(2)
AI,SC,Maharashtra,"Government Med Coll, Amravati",MBBS,158600,87522(2),106132(2),118303(2)
AI,SC,Karnataka,"Hassan IMS, Hassan",MBBS,64350,66273(3),114685(5),118540(5)
AI,SC,Maharashtra,"Govt Med Coll, Chandrapur",MBBS,158600,91853(3),109291(3),118628(3)
AI,SC,Maharashtra,"Govt Med Coll, Gondia",MBBS,158600,95302(3),113020(3),118927(3)
AI,SC,West Bengal,"College of Med & JNM, Kalyani",MBBS,9000,70966(2),108671(2),118989(3)
AI,ST,Bihar,"Darbhanga, Lehriasarai",MBBS,9500,96744(1),110052(1),119066(1)
AI,ST,Bihar,"AN Magadh, Gaya",MBBS,9500,101128(1),112881(1),119132(1)
AI,SC,Odisha,"Government Med Coll, Keonjhar",MBBS,22000,85852(3),102342(3),119171(3)
AI,ST,Uttar Pradesh,"Govt Med Coll, Gonda",MBBS,24000,112771(1),119224(1),119224(1)
AI,SC,Odisha,"Pabitra Mohan Pradhan MedColl&Hosp,Talcher",MBBS,22000,-,106677(2),119266(2)
AI,SC,Maharashtra,"Govt Med Coll, Satara",MBBS,158600,93364(2),105743(2),119282(2)
AI,ST,Telangana,"Govt Med Coll, Mahabubnagar",MBBS,14000,105985(2),110028(2),119558(2)
AI,ST,Tamil Nadu,"Kilpauk Med Coll, Chennai",MBBS,18073,68755(2),70325(2),119660(2)
AI,SC,Kerala,"Govt Med Coll, Thrissur",MBBS,23150,48613(4),90965(4),119686(4)
AI,ST,Odisha,"SCB, Cuttack",MBBS,22000,91819(3),117136(3),119728(3)
AI,ST,Maharashtra,"Govt Med Coll, Latur",MBBS,158600,105247(1),119835(1),119835(1)
AIIMS SO,EWS-PwD,Madhya Pradesh,"AIIMS, Bhopal",MBBS,1350,119885(1),119885(1),119885(1)
AI,ST,Uttar Pradesh,"Auton. State Med Coll,Fatehpur",MBBS,24000,104924(2),114515(2),120390(2)
AI,ST,Madhya Pradesh,"GMC, Sheopur",MBBS,100000,-,114632(1),120444(1)
AI,SC,West Bengal,"Sarat CC Govt Med Coll, Howrah",MBBS,9000,84981(2),122842(2),120482(2)
AI,SC,West Bengal,Jalpaiguri Govt Med Coll,MBBS,9000,98047(3),120525(3),120525(3)
AI,SC,Telangana,"Govt Med Coll, Siddipet",MBBS,14000,92458(3),120548(3),120548(3)
AI,SC,Chhattisgarh,"Govt Med Coll, Kanker",MBBS,50000,97250(3),120323(3),120613(3)
AI,SC,Gujarat,"Govt Med College (GMERS), Morbi",MBBS,375000,93826(2),111780(2),120642(2)
AI,SC,Gujarat,"GMERS Medical College, Rajpipla",MBBS,375000,97658(2),121285(2),120789(2)
AI,SC,Karnataka,"Raichur IMS, Raichur",MBBS,64350,92986(2),120846(3),120846(4)
AI,SC,Chhattisgarh,"Government Med Coll, Mahasamund",MBBS,50000,92487(3),116890(3),120890(3)
AI,ST,Maharashtra,"Govt Med Coll, Baramati",MBBS,158600,66674(1),104601(1),120996(1)
AI,ST,Uttar Pradesh,"Auto. State Med Coll, Lalitpur",MBBS,24000,112116(1),112771(1),120999(1)
AI,OBC-PwD,Delhi,"VMMC, Delhi",MBBS,41000,121011(1),121011(1),121011(1)
AI,ST,Madhya Pradesh,"Government Med Coll, Satna",MBBS,100000,108149(2),109913(2),121048(2)
AI,SC,Telangana,"Rajiv Gandhi IMS, Adilabad",MBBS,14000,68568(2),110205(2),121285(2)
AI,SC,Karnataka,"Bidar IMS, Bidar",MBBS,64350,84284(3),116887(3),121422(3)
AI,SC,Maharashtra,"Government Med Coll, Osmanabad",MBBS,158600,92649(2),114763(2),121546(2)
AI,SC,Andhra Pradesh,Govt Med Coll Machilipatnam,MBBS,15000,86954(3),121551(3),121551(3)
AI,ST,Uttar Pradesh,"Govt Med Coll, Bahraich",MBBS,24000,106452(2),112116(2),121735(2)
AIIMS SO,EWS-PwD,Rajasthan,"AIIMS, Jodhpur",MBBS,1350,121786(1),121786(1),121786(1)
AI,SC,Assam,"Assam Med Coll, Dibrugarh",MBBS,6400,81601(4),118354(6),121892(6)
AI,ST,Maharashtra,"Shri VR Naik Govt, Yavatmal",MBBS,158600,109913(2),121912(2),121912(2)
AI,SC,Telangana,Govt Med Coll Jangaon,MBBS,14000,100443(2),113284(2),121930(2)
AI,SC,Andhra Pradesh,"Govt Med Coll, Rajamahendravaram",MBBS,15000,85380(3),117450(3),122156(3)
AI,ST,Karnataka,"Belagavi IMS, Belagavi",MBBS,64350,65058(1),101472(1),122194(2)
AI,ST,Uttar Pradesh,"Auton. StateMed,Siddharthnagar",MBBS,24000,104601(1),114568(1),122224(1)
AI,ST,Uttarakhand,"Soban Singh Govt Inst, Almora",MBBS,150000,96534(1),106302(1),122242(1)
AI,ST,Maharashtra,"SRTT, Ambajogai",MBBS,158600,106444(1),120665(1),122369(1)
AI,ST,Haryana,"BPS Govt Med Coll, Sonepat",MBBS,61410,96928(1),113394(1),122410(1)
AI,SC,Assam,"ESIC, Beltola",MBBS,100000,-,-,122478(1)
AI,SC,West Bengal,Midnapore Medical College,MBBS,9000,88573(5),122051(5),122611(5)
AI,SC,Karnataka,"Shimoga IMS, Shimoga",MBBS,64350,82744(4),114563(4),122634(4)
AI,ST,Punjab,"Guru Govind Singh, Faridkot",MBBS,192000,96892(2),106595(3),122656(3)
AI,ST,Odisha,"Sri Jagannath Med Coll, Puri",MBBS,22000,93818(1),122663(1),122663(1)
AI,ST,Haryana,"Pt Neki Ram Sharma GovtMedColl, Bhiwani",MBBS,61410,-,119386(1),122750(2)
AI,SC,West Bengal,"Barasat Govt Med Coll, Barasat",MBBS,9000,73405(2),114634(2),122842(2)
AI,ST,Assam,"ESIC, Beltola",MBBS,100000,-,-,122869(1)
AI,SC,Kerala,"TD Med Coll, Allepey",MBBS,23150,51931(4),105611(4),122876(4)
AI,ST,Karnataka,"Chamrajanagar IMS, Karnataka",MBBS,64350,104491(1),122917(1),122917(1)
AI,SC,West Bengal,Purulia Govt Med Coll,MBBS,9000,93051(2),122921(2),122921(2)
AI,SC,Andhra Pradesh,"Rajiv Gandhi IMS, Srikakulam",MBBS,15000,84998(6),121451(6),122928(6)
AI,SC,Maharashtra,"Government Med Coll, Ambernath",MBBS,158600,79284(3),108752(3),123067(3)
AI,SC,Karnataka,"Gadag IMS, Gadag",MBBS,64350,99128(3),123078(3),123145(3)
AI,SC,Andhra Pradesh,"Govt Med Coll, Ananthapuram",MBBS,15000,80867(4),113695(4),123195(5)
AI,SC,Telangana,"Govt Med Coll, Medak",MBBS,14000,104671(1),123199(1),123199(1)
AI,ST,Gujarat,"Govt Med College (GMERS), Morbi",MBBS,375000,118121(1),123429(1),123429(1)
AI,ST,Uttar Pradesh,"Govt Med Coll, Chandauli",MBBS,24000,121111(1),123538(1),123538(1)
AI,SC,Maharashtra,Government Med Coll Ratnagiri,MBBS,158600,96916(3),114407(3),123553(3)
AI,SC,Karnataka,"Chamrajanagar IMS, Karnataka",MBBS,64350,86328(3),123621(3),123621(3)
AI,ST,Haryana,"Maharishi Chyawan Med Coll,Koriawas",MBBS,61410,-,123642(1),123642(1)
AI,ST,Madhya Pradesh,"GMC, Singrauli",MBBS,100000,-,112485(1),123716(1)
AI,ST,West Bengal,"RG Kar Med Coll, Kolkata",MBBS,9000,91629(2),113270(2),123741(2)
AI,ST,Maharashtra,"Govt Med Coll, Gondia",MBBS,158600,118775(2),123743(2),123743(2)
AI,ST,Maharashtra,"Govt Med Coll, Nandurbar",MBBS,158600,114517(1),123852(1),123852(1)
ES,SC,Haryana,"ESI Med Coll, Faridabad",MBBS,24000,95893(6),119239(6),123870(7)
AI,ST,Tamil Nadu,"Madurai Med Coll, Madurai",MBBS,18073,103611(3),119888(3),123915(3)
AI,ST,Maharashtra,"Govt Med Coll, Akola",MBBS,158600,109737(2),120319(2),123987(2)
AI,ST,Maharashtra,"Govt Med Coll, Jalgaon",MBBS,158600,114432(1),120444(1),124036(1)
AI,ST,Kerala,"Govt Med Coll, Ernakulam",MBBS,23150,111935(1),124344(1),124344(1)
AI,SC,Andhra Pradesh,Government Med Coll Vizianagaram,MBBS,15000,92266(3),124670(3),124670(3)
AI,ST,West Bengal,Burdwan Medical College,MBBS,9000,103156(2),124744(2),124744(2)
AI,ST,Kerala,"TD Med Coll, Allepey",MBBS,23150,113270(2),124805(2),124805(2)
AI,ST,Bihar,"Jannayak Karpoori Med,Madhepura",MBBS,9500,112881(1),124812(1),124812(1)
AI,SC,Assam,"Pragjyotishpur Med Coll,Guwahati",MBBS,8400,-,103833(1),124850(2)
AI,SC,Andhra Pradesh,"Government Medical College, Paderu",MBBS,15000,85153(1),124874(1),124874(1)
AI,ST,Kerala,"Govt Med Coll, Kozhikode",MBBS,23150,75126(3),79464(3),125063(3)
AI,SC,Telangana,"Govt Med Coll, Narayanpet",MBBS,14000,90601(1),125256(1),125256(1)
AI,ST,Uttar Pradesh,"Auton.State MedColl,Pratapgarh",MBBS,24000,109057(1),116688(1),125298(1)
AI,ST,Maharashtra,"Sri Bhausaheb, Dhule",MBBS,158600,110678(2),114432(2),125396(2)
AI,SC,West Bengal,Malda Med Coll,MBBS,9000,90126(3),120557(3),125620(3)
AI,ST,Uttar Pradesh,"Autonomous Med Coll, Sonebhadra",MBBS,24000,115781(1),125622(1),125622(1)
AI,ST,Kerala,"Govt Med Coll, Kottayam",MBBS,23150,96851(1),50227(1),125638(1)
AI,ST,Goa,"Goa Med Coll, Panaji",MBBS,154050,87969(2),111781(2),125649(2)
AI,SC,Tamil Nadu,"Govt Erode Med Coll,Perundurai",MBBS,18073,51725(2),109905(2),125728(2)
AI,SC,West Bengal,"TamraliptoGovtMed,PurbaMedinpur",MBBS,9000,102110(3),125759(3),125759(3)
AI,SC,Telangana,"Govt Med Coll, Suryapet",MBBS,14000,99703(3),124505(3),125873(4)
AI,ST,Assam,Kokrajhar Medical College,MBBS,6400,125887(1),125887(1),125887(1)
AI,SC,Gujarat,"Govt Med Coll (GMERS), Panchmahal",MBBS,375000,97582(2),121422(2),125941(2)
AI,SC,Kerala,"Academy of Med Sci, Pariyaram",MBBS,23150,67550(3),117024(3),125961(3)
AI,ST,Uttar Pradesh,"Govt Med Coll, Auraiya",MBBS,24000,-,-,125968(1)
AI,SC,Telangana,"Govt Med Coll, Nalgonda",MBBS,14000,97450(3),123102(3),126040(4)
AI,ST,Uttar Pradesh,"Auton. State Med Coll, Jaunpur",MBBS,24000,114568(1),119066(1),126062(1)
AI,ST,Uttar Pradesh,"Auto. State Med Coll, Pilibhit",MBBS,24000,114856(1),114856(1),126069(1)
AI,ST,Maharashtra,"MPGIMER, Nashik",MBBS,158600,72412(1),113939(1),126140(1)
AI,SC,Andhra Pradesh,SVIMS-Sri Padmavathi,MBBS,67900,76073(4),122723(4),126148(4)
AI,SC,Maharashtra,"Government Med Coll, Buldhana",MBBS,158600,99496(2),116927(2),126190(2)
AI,SC,Karnataka,Karwar Inst of Med Sciences,MBBS,64350,94467(3),118367(3),126484(3)
AI,SC,Telangana,"Government Med Coll, Kamareddy",MBBS,14000,104069(2),126592(2),126592(2)
AI,SC,Telangana,"Government Med Coll, Sangareddy",MBBS,14000,106139(3),126644(3),126644(3)
AI,SC,Maharashtra,"Government Med Coll, Sindhudurg",MBBS,158600,96743(2),113844(2),126698(3)
AI,ST,Kerala,"Govt Med Coll, Manjeri",MBBS,23150,111918(1),125063(1),126801(1)
AI,SC,West Bengal,"Diamond Harbour Govt MC, WB",MBBS,9000,80173(3),117722(4),126854(5)
AI,ST,Chhattisgarh,"BaliramKashyap NDMC, Jagdalpur",MBBS,50000,111624(1),126924(1),126924(1)
AI,SC,Jammu and Kashmir,"Government Medical Coll, Doda",MBBS,26250,101256(2),120789(3),126944(3)
AI,SC,Karnataka,"Haveri Inst of Med Sci, Haveri",MBBS,64350,100011(3),126658(3),126951(3)
AI,ST,Chhattisgarh,"Govt Med Coll, Rajnandgaon",MBBS,50000,119835(2),127131(2),127131(2)
AI,SC,Gujarat,"GMERS Medical College, Navsari",MBBS,375000,94348(2),119792(2),127277(3)
AI,SC,Pondicherry,"IGMC & RI, Pondicherry",MBBS,73700,62291(4),102421(4),127289(4)
AI,SC,Andhra Pradesh,"Government Med Coll, Eluru",MBBS,15000,80839(3),121536(3),127391(3)
AI,ST,Uttar Pradesh,"Auto. State Med Coll, Sultanpur",MBBS,24000,109960(1),109960(1),127412(1)
AI,SC,West Bengal,Bankura Sammilani Med Coll,MBBS,9000,78803(5),118252(5),127450(5)
AI,ST,Karnataka,"Shimoga IMS, Shimoga",MBBS,64350,86585(2),118018(2),127509(2)
AI,SC,West Bengal,Murshidabad Med Coll,MBBS,9000,88409(3),115750(3),127562(3)
AI,SC,Tamil Nadu,"Govt Med Coll, Pudukottai",MBBS,18073,63589(3),127563(3),127563(3)
AI,ST,Maharashtra,"Rajarshee CSM Govt MC,Kolhapur",MBBS,158600,105614(2),114844(2),127579(2)
AI,ST,West Bengal,"College of Med & SDH, Kolkata",MBBS,9000,102218(1),117345(1),127811(1)
AI,SC,Maharashtra,"Government Med Coll, Washim",MBBS,158600,101553(2),117095(2),128039(2)
AI,ST,Karnataka,"VIMS, Bellary",MBBS,64350,93673(3),128137(3),128137(3)
AI,SC,Jammu and Kashmir,"Government Med Coll,Anantnag",MBBS,34214,86092(5),106139(2),128337(3)
AI,ST,West Bengal,"MJN Med Coll, Coochbehar",MBBS,9000,128380(1),128380(1),128380(1)
AI,SC,Kerala,"GMC, Wayanad",MBBS,23150,-,130708(1),128490(1)
AI,SC,Telangana,"Government Med Coll,Mahabubabad",MBBS,14000,103876(3),128615(3),128537(3)
AI,ST,Uttar Pradesh,"Govt Med Coll, Kaushambi",MBBS,24000,116120(1),121022(1),128548(1)
AI,SC,Andhra Pradesh,"Government Med Coll, Nandyal",MBBS,15000,94142(3),121791(3),128615(3)
AI,SC,Telangana,"Govt Med Coll, Nagarkurnool",MBBS,14000,102374(3),128737(3),128708(3)
AI,SC,Karnataka,"Koppal Inst of MS, Koppal",MBBS,64350,93550(3),123145(3),128737(3)
AI,SC,Gujarat,"Govt Med Coll (GMERS), Porbandar",MBBS,375000,89070(2),122699(2),128747(2)
AI,ST,Uttar Pradesh,"Auton. State Med Coll,Ghazipur",MBBS,24000,113723(1),116411(1),129006(1)
AI,SC,Maharashtra,"Government Med Coll, Parbhani",MBBS,158600,97428(2),115710(2),129165(2)
AI,SC,Maharashtra,"Government Med Coll, Bhandara",MBBS,158600,100731(2),118086(2),129179(2)
AI,ST,Jammu and Kashmir,"Government Med Coll,Anantnag",MBBS,34214,87023(3),101128(1),129248(2)
AI,SC,Telangana,"Government Med Coll, Ramagundam",MBBS,14000,107615(4),129330(4),129330(4)
AI,SC,Telangana,"Govt Med Coll, Yadadri",MBBS,14000,105026(2),125382(2),129387(2)
AI,ST,Odisha,"MKCG, Berhampur",MBBS,22000,92855(2),127579(2),129391(2)
AI,SC,West Bengal,"Govt Med Coll, Raiganj",MBBS,9000,97078(2),123843(2),129534(4)
AI,ST,West Bengal,"College of Med & JNM, Kalyani",MBBS,9000,-,-,129596(1)
AI,SC,Kerala,"Govt Med Coll, Manjeri",MBBS,23150,60586(2),111644(2),129721(3)
AI,SC,West Bengal,"Govt Med Coll, Rampurhat",MBBS,9000,90561(2),125330(2),129745(3)
AI,SC,West Bengal,"Jhargram Govt Med Coll,Jhargram",MBBS,9000,91235(3),125187(3),129753(3)
AI,SC,Jammu and Kashmir,"Government Med Coll, Baramulla",MBBS,37636,84046(2),110777(3),129804(3)
AI,ST,Karnataka,"Gulbarga IMS, Gulbarga",MBBS,64350,107916(2),111918(2),129845(2)
AI,SC,Telangana,"Government Med Coll, Khammam",MBBS,14000,102052(2),129932(2),129932(2)
AI,SC,Telangana,"Govt Med Coll, Kumuram Bheem",MBBS,14000,110389(2),129259(2),130144(2)
AI,SC,Kerala,"Govt Med Coll, Palakkad",MBBS,23150,72773(3),118335(3),130147(3)
AI,SC,Jammu and Kashmir,"Government Med Coll, Handwara",MBBS,34215,100576(3),122431(3),130231(3)
AI,SC,West Bengal,"Prafulla CS Govt Med, Arambagh",MBBS,9000,93574(2),122611(2),130317(2)
AI,ST,Maharashtra,"Government Med Coll, Amravati",MBBS,158600,113394(1),122242(1),130344(1)
AI,ST,Uttar Pradesh,"Govt Med Coll, Lakhimpur Kheri",MBBS,24000,116142(2),122750(2),130349(2)
AI,SC,Karnataka,Kodagu Inst of Med Sciences,MBBS,64350,88904(4),124809(4),130413(4)
AI,SC,Assam,Kokrajhar Medical College,MBBS,6400,105691(2),130768(2),130527(2)
AI,ST,Andhra Pradesh,"Rajiv Gandhi IMS, Ongole",MBBS,15000,108820(1),130580(1),130580(1)
AI,SC,Maharashtra,"Government Med Coll, Gadchiroli",MBBS,158600,99295(3),117808(3),130601(3)
AI,ST,Andhra Pradesh,"Kurnool Med Coll, Kurnool",MBBS,15000,83520(3),103266(3),130648(3)
AI,SC,Maharashtra,"MGIMS, Wardha",MBBS,169410,80997(6),112891(6),130708(6)
AI,SC,Assam,"Nalbari Medical College, Nalbari",MBBS,6400,93101(2),130719(2),130719(2)
AI,ST,Bihar,"Govt Med Coll, Bettiah",MBBS,9500,110052(2),119132(2),130821(2)
AI,ST,Uttar Pradesh,"Auton. State Med Coll,Amethi",MBBS,24000,-,-,130900(2)
AI,ST,Tamil Nadu,"Govt Med Coll & ESI,Coimbatore",MBBS,18073,111319(1),128206(1),130919(1)
AI,SC,Karnataka,Chikkaballapura Inst Of Med Sci,MBBS,64350,89766(3),125162(4),130924(4)
AI,SC,Karnataka,"Yadgiri Inst of Med Sci,Yadgiri",MBBS,64350,101608(3),126215(3),130970(3)
AI,SC,Assam,Nagaon Medical College,MBBS,6400,109637(1),131032(1),131032(1)
AI,SC,Assam,"Silchar Med Coll, Silchar",MBBS,6400,83710(3),119461(4),131271(4)
AI,ST,Jharkhand,"Hazaribagh Med Coll,Hazaribagh",MBBS,9180,106302(1),116490(1),131281(1)
AI,SC,Maharashtra,"Government Med Coll, Jalna",MBBS,158600,99386(2),112565(2),131383(2)
AI,SC,Maharashtra,"Government Med Coll, Hingoli",MBBS,158600,101029(2),118303(2),131495(3)
AI,SC,Tamil Nadu,"Rajah Muthiah MC, Annamalai",MBBS,18073,58331(3),118482(3),132020(3)
AI,SC,Telangana,"Govt Med Coll, Maheshwaram",MBBS,14000,106467(1),106467(1),132024(1)
AI,ST,Chhattisgarh,"Government Med Coll, Korba",MBBS,50000,114749(1),130821(1),132026(1)
AI,SC,Telangana,Govt Med Coll Narsampet,MBBS,14000,104706(1),127277(1),132028(1)
AI,ST,Maharashtra,"Govt Med Coll, Miraj",MBBS,158600,101407(3),110678(3),132096(3)
AI,ST,Jammu and Kashmir,"Government Medical Coll, Doda",MBBS,26250,56076(1),127642(2),132128(2)
AI,SC,Telangana,"Government Med Coll, Karimnagar",MBBS,14000,102429(2),126381(2),132156(2)
AI,ST,Maharashtra,"Govt Med Coll, Nanded",MBBS,158600,106595(2),114037(2),132198(2)
AI,SC,Karnataka,Chikkamagaluru Inst of Med Sci,MBBS,64350,99928(3),127686(3),132247(3)
AI,ST,Maharashtra,"MGIMS, Wardha",MBBS,169410,103113(2),114517(2),132353(3)
AI,SC,Telangana,"Government Med Coll, Wanaparthy",MBBS,14000,109044(3),129674(3),132514(3)
AI,SC,Telangana,"Government Med Coll, Bhupalpally",MBBS,14000,108227(2),130413(2),132653(2)
AI,SC,Telangana,"Govt Med Coll, Jogulamba",MBBS,14000,108752(2),130512(2),132805(2)
AI,SC,Telangana,"GMC, Kodangal",MBBS,14000,-,128423(1),132834(1)
AI,SC,Telangana,"Government Med Coll, Jagtial",MBBS,14000,106981(4),129804(4),132865(4)
AI,SC,Karnataka,Chitradurga Medical College,MBBS,64350,102160(3),128676(3),132940(3)
AI,SC,Manipur,"Govt Med Coll, Churachandpur",MBBS,6000,101484(2),123444(2),132946(2)
AI,ST,West Bengal,Jalpaiguri Govt Med Coll,MBBS,9000,133067(1),133067(1),133067(1)
AI,ST,Maharashtra,"Govt Med Coll, Chandrapur",MBBS,158600,102566(2),120012(2),133088(2)
AI,SC,Telangana,"Govt Med Coll, Rajanna Sircilla",MBBS,14000,98635(3),123668(3),133235(3)
AI,SC,Telangana,"GovtMedColl,BhadradriKothagudem",MBBS,14000,106101(3),128536(3),133388(3)
AI,SC,Kerala,"Government Med Coll, Idukki",MBBS,23150,71598(1),123133(1),133417(1)
AI,SC,Assam,"Tezpur Med Coll, Tezpur",MBBS,6400,105486(3),128467(3),133438(3)
AI,SC,Telangana,"Government Med Coll, Nirmal",MBBS,14000,95860(2),128337(2),133530(2)
AI,ST,Karnataka,"Hassan IMS, Hassan",MBBS,64350,81970(1),122194(2),133599(2)
AI,ST,Tamil Nadu,"ESI PGIMSR, KK Nagar, Chennai",MBBS,100000,61679(1),123915(1),133619(1)
AI,SC,Telangana,"Government Med Coll, Mancherial",MBBS,14000,107118(2),130207(2),133725(3)
AI,SC,Kerala,"Government Medical Coll, Konni",MBBS,23150,74223(2),124920(2),133845(2)
AI,ST,West Bengal,"NBMC, Darjeeling",MBBS,9000,101241(3),128548(3),133959(3)
AI,ST,Maharashtra,Government Med Coll Ratnagiri,MBBS,158600,120996(1),120996(1),134076(1)
AI,SC,Tamil Nadu,"Govt Med Coll, Krishnagiri",MBBS,18073,64780(3),124199(3),134095(3)
AI,SC,Telangana,"Govt Med Coll, Mulugu",MBBS,14000,94550(1),130574(1),134132(1)
AI,SC,Telangana,"Government Med Coll, Vikarabad",MBBS,14000,108627(1),130539(1),134192(1)
AI,ST,Maharashtra,"Govt Med Coll, Satara",MBBS,158600,121048(2),125638(2),134232(2)
AI,ST,Pondicherry,"IGMC & RI, Pondicherry",MBBS,73700,99309(2),122369(2),134248(2)
AI,SC,Tamil Nadu,"Govt Med Coll, Namakkal",MBBS,18073,65150(3),127993(3),134263(3)
AI,ST,Gujarat,"GMERS Medical College, Rajpipla",MBBS,375000,134204(1),122312(1),134270(1)
AI,SC,Assam,Tinsukia Med Coll & Hosp,MBBS,6400,107427(2),131902(2),134273(2)
AI,SC,Tamil Nadu,"Govt Med Coll, Ariyalur",MBBS,18073,67307(4),130880(4),134336(4)
AI,SC,Meghalaya,"NEIGRIHMS, Shillong",MBBS,16600,-,115147(1),134362(1)
AI,SC,Tamil Nadu,Govt Thoothukudi Med Coll,MBBS,18073,58560(4),115353(4),134536(4)
AI,ST,Maharashtra,"Government Med Coll, Osmanabad",MBBS,158600,122369(1),122656(1),134564(1)
AI,SC,Tamil Nadu,Govt Thiruvarur Med Coll,MBBS,18073,62093(2),126550(2),134626(2)
AI,ST,Maharashtra,"Govt Med Coll, Alibag",MBBS,158600,-,-,134649(1)
AI,ST,Jammu and Kashmir,"Government Med Coll, Baramulla",MBBS,37636,92877(1),100038(1),134753(1)
AI,SC,Assam,"Jorhat Med Coll, Jorhat",MBBS,6400,102267(3),120622(3),134754(3)
AI,ST,Arunachal Pradesh,"Tomo Riba IHMS, Naharlagun",MBBS,33000,109278(1),134837(1),134837(1)
AI,SC,Nagaland,NIMSR Kohima,MBBS,60000,110219(2),132082(2),134865(2)
AI,SC,Mizoram,"Zoram Med Coll, Mizoram",MBBS,49150,103767(2),132649(2),134896(3)
AI,SC,Assam,"Fakhruddin Ali Ahmed, Barpeta",MBBS,6400,104412(3),128262(3),134903(3)
AI,SC,Tamil Nadu,Govt Sivagangai Med Coll,MBBS,18073,63530(2),120890(2),134961(2)
AI,SC,Assam,"Dhubri Medical College, Dhubri",MBBS,6400,104163(2),130367(2),135014(3)
AI,SC,Tamil Nadu,"Govt Med Coll, Tiruppur",MBBS,18073,52243(2),111427(2),135085(2)
AI,SC,Tamil Nadu,"Govt Med Coll, Nilgiris",MBBS,18073,70369(3),131708(3),135266(3)
AI,ST,Jharkhand,"Palamu Medical College, Palamu",MBBS,9200,122410(1),130349(1),135357(1)
AI,SC,Assam,"Diphu Med Coll, Assam",MBBS,6400,100279(2),125961(2),135563(2)
JP,SC,Pondicherry,"JIPMER, Puducherry",MBBS,1200,125675(7),125675(7),135577(9)
AI,SC,Tamil Nadu,"Govt Med Coll, Dindigul",MBBS,18073,56237(3),117266(3),135642(3)
AI,SC,Tamil Nadu,"Govt Med Coll, Kallakurichi",MBBS,18073,66279(3),131405(3),135812(4)
AI,SC,Tamil Nadu,"Govt Med Coll, Nagapattinam",MBBS,18073,70965(3),132024(3),135882(3)
AI,SC,Assam,"Lakhimpur Med Coll, Lakhimpur",MBBS,6400,109291(3),129303(3),135909(3)
AI,ST,Gujarat,"Govt Med Coll (GMERS), Panchmahal",MBBS,375000,130349(1),122224(1),135975(1)
AI,SC,Tamil Nadu,"Govt Med Coll, Karur",MBBS,18073,63512(4),125728(4),136003(4)
AI,SC,Tamil Nadu,"Govt Med Coll, Ramanathapuram",MBBS,18073,70909(3),132267(3),136143(3)
AI,ST,Bihar,"Government Med Coll, Purnea",MBBS,9500,116925(1),132026(1),136153(1)
AI,SC,Tripura,"Agartala Med Coll, Agartala",MBBS,59500,101319(4),124850(4),136300(4)
AI,SC,Tamil Nadu,"Govt Med Coll, Virudhunagar",MBBS,18073,62728(4),129560(4),136372(4)
AI,SC,Andaman and Nicobar Islands,"Andaman & NicobarIMS,PortBlair",MBBS,59500,104569(3),125357(3),136392(3)
AI,SC,Arunachal Pradesh,"Tomo Riba IHMS, Naharlagun",MBBS,33000,98597(2),130231(2),136445(2)
AI,ST,Maharashtra,"Government Med Coll, Sindhudurg",MBBS,158600,-,-,136446(1)
AI,ST,Jharkhand,"Dumka Medical Coll,Dighi Dumka",MBBS,20100,102692(1),124940(1),136565(1)
AI,ST,Maharashtra,"Government Med Coll, Ambernath",MBBS,158600,123743(1),124036(1),136883(1)
AI,ST,Andhra Pradesh,"Government Med Coll, Eluru",MBBS,15000,137133(1),137133(1),137133(1)
AI,ST,Kerala,"Academy of Med Sci, Pariyaram",MBBS,23150,114542(1),114542(1),137232(1)
AI,ST,Andhra Pradesh,"Govt Siddhartha, Vijaywada",MBBS,15000,92240(1),92240(1),137271(2)
AIIMS SO,Open-PwD,Maharashtra,"AIIMS, Nagpur",MBBS,1350,137288(2),137288(2),137288(2)
AI,ST,West Bengal,"Sarat CC Govt Med Coll, Howrah",MBBS,9000,124635(1),137499(1),137499(1)
DEEMED PS,Open,Karnataka,"KS Hegde, Mangalore",MBBS,1778000,105741(175),135252(175),137517(175)
AI,ST,Maharashtra,"Government Med Coll, Bhandara",MBBS,158600,126924(1),125968(1),137961(1)
DU,ST,Delhi,"MAMC, Delhi",MBBS,2095,127408(14),127408(14),138067(15)
AI,ST,Chhattisgarh,"CCM Govt Medical College, Durg",MBBS,50000,122663(3),130250(3),138082(3)
AI,ST,Tamil Nadu,Govt Vellore Med Coll,MBBS,18073,92580(1),102687(1),138176(1)
AI,ST,West Bengal,Midnapore Medical College,MBBS,9000,125396(2),138363(2),138363(2)
AI,ST,Chhattisgarh,"Lakhi Ram Agrawal, Raigarh",MBBS,50000,110330(1),116051(1),139023(1)
AI,ST,Andhra Pradesh,"Rangaraya Med Coll, Kakinada",MBBS,15000,101082(3),128302(3),139038(3)
AI,ST,Andhra Pradesh,"SV Med Coll, Tirupati",MBBS,15000,93895(3),113239(3),139163(3)
AI,ST,Maharashtra,"Government Med Coll, Jalna",MBBS,158600,134712(1),127509(1),139363(1)
AI,ST,West Bengal,"Govt Med Coll, Raiganj",MBBS,9000,131714(2),139591(2),139591(3)
AI,SC,Rajasthan,"GDC, Jodhpur",BDS,35077,-,149021(1),139644(1)
AI,SC,Uttar Pradesh,"Faculty of Dental Sci, Lucknow",BDS,47600,129928(1),144199(1),139651(1)
AI,ST,Maharashtra,"Government Med Coll, Parbhani",MBBS,158600,119224(1),126062(1),139769(1)
DEEMED PS,Open,Maharashtra,"Rural Med Coll, LONI",MBBS,1900000,124946(170),138242(170),139826(170)
AI,ST,Karnataka,"Yadgiri Inst of Med Sci,Yadgiri",MBBS,64350,127896(1),139930(1),139930(1)
AI,ST,West Bengal,Bankura Sammilani Med Coll,MBBS,9000,116490(3),130285(3),140230(3)
AI,ST,Jammu and Kashmir,"Government Med Coll, Handwara",MBBS,34215,85106(1),129248(1),140295(1)
AI,ST,Odisha,"Govt Med Coll, Balangir",MBBS,22000,127876(1),140348(1),140348(1)
DEL CW,OBC,Delhi,"Maulana Azad IDS, New Delhi",BDS,5395,140708(1),140708(1),140708(1)
AI,ST,Karnataka,Chikkaballapura Inst Of Med Sci,MBBS,64350,111163(1),140858(2),140858(2)
AI,ST,Maharashtra,"Government Med Coll, Buldhana",MBBS,158600,130471(1),130471(1),140919(1)
AI,ST,Telangana,"Govt Med Coll, Yadadri",MBBS,14000,129006(1),141574(1),141574(1)
AI,ST,Telangana,"Government Med Coll,Mahabubabad",MBBS,14000,121232(1),141607(1),141607(1)
AI,ST,West Bengal,"Diamond Harbour Govt MC, WB",MBBS,9000,108951(2),127811(2),141691(3)
AI,ST,Chhattisgarh,"Govt Med Coll, Kanker",MBBS,50000,119386(1),130619(1),142016(1)
AI,ST,Tamil Nadu,"Govt Erode Med Coll,Perundurai",MBBS,18073,105143(1),142071(1),142071(1)
AI,ST,Tamil Nadu,Coimbatore Med Coll,MBBS,18073,103716(3),122847(3),142895(3)
AI,ST,Telangana,"Govt Med Coll, Siddipet",MBBS,14000,110028(1),116397(1),143103(1)
AI,ST,Maharashtra,"Government Med Coll, Washim",MBBS,158600,135975(1),130344(1),143127(1)
AI,ST,Maharashtra,"Government Med Coll, Gadchiroli",MBBS,158600,126069(1),126069(1),143244(1)
AI,Open-PwD,Kerala,"Govt Med Coll, Kozhikode",MBBS,23150,143340(1),143340(1),143340(1)
AI,ST,Chhattisgarh,"Govt Med Coll, Ambikapur",MBBS,50000,121735(1),121735(1),143730(1)
AI,ST,Odisha,"VIMSAR, Burla",MBBS,22000,102284(2),129719(2),143763(3)
AI,ST,Karnataka,"Bidar IMS, Bidar",MBBS,64350,95045(2),127876(2),144224(2)
AI,OBC-PwD,Maharashtra,"Govt Med Coll, Nanded",MBBS,158600,374125(1),637826(1),144418(1)
AI,ST,Odisha,"Saheed Laxman Nayak, Koraput",MBBS,22000,128137(1),144424(1),144424(1)
AI,ST,Telangana,"Government Med Coll, Khammam",MBBS,14000,122853(1),149808(1),144547(1)
AI,ST,Tamil Nadu,"Rajah Muthiah MC, Annamalai",MBBS,18073,123915(1),144649(1),144649(1)
AI,ST,Chhattisgarh,"Government Med Coll, Mahasamund",MBBS,50000,124812(2),136446(2),145338(2)
AI,SC,Delhi,"Maulana Azad IDS, New Delhi",BDS,5395,121378(1),24670(1),145425(1)
AI,ST,Tamil Nadu,Chengalpattu Med Coll,MBBS,18073,-,-,145518(1)
AI,ST,Telangana,"Govt Med Coll, Nalgonda",MBBS,14000,112609(1),112609(1),145525(1)
AI,ST,West Bengal,"Barasat Govt Med Coll, Barasat",MBBS,9000,116504(1),136153(1),145672(1)
AI,SC,Goa,"Govt Dental Coll, Goa",BDS,152450,128784(1),154081(1),145757(1)
AI,ST,West Bengal,Malda Med Coll,MBBS,9000,123538(2),139023(2),146136(2)
AI,ST,Maharashtra,"Government Med Coll, Hingoli",MBBS,158600,135062(2),130803(2),146137(2)
AI,ST,Telangana,"Government Med Coll, Ramagundam",MBBS,14000,137439(2),146402(2),146402(2)
AI,ST,West Bengal,Murshidabad Med Coll,MBBS,9000,127409(2),139398(2),146576(2)
AI,OBC-PwD,Rajasthan,"SMS, Jaipur",MBBS,96100,146733(1),146733(1),146733(1)
ES,SC,Rajasthan,"ESIC Med Coll, Alwar",MBBS,24000,119239(6),146564(6),146901(6)
AI,ST,Tamil Nadu,"Mohan Kumaramangalam, Salem",MBBS,18073,108842(1),108842(1),146942(1)
AI,ST,West Bengal,"Govt Med Coll, Rampurhat",MBBS,9000,122224(1),139466(1),146954(2)
AI,ST,Odisha,"Pt Raghunath Med Coll,Baripada",MBBS,22000,130285(2),144990(2),146965(2)
AI,ST,Kerala,"Govt Med Coll, Kollam",MBBS,23150,112318(1),125299(1),147023(2)
AI,ST,West Bengal,"Prafulla CS Govt Med, Arambagh",MBBS,9000,109833(1),140230(1),147433(1)
AI,ST,Tamil Nadu,"Govt Med Coll, Tiruppur",MBBS,18073,128206(1),147463(1),147463(1)
AI,ST,Karnataka,"Raichur IMS, Raichur",MBBS,64350,116305(2),133599(3),147487(3)
AI,SC,Odisha,"SCB Dental Coll, Cuttack",BDS,22000,87414(1),102506(1),147621(1)
AI,ST,Telangana,"Government Med Coll, Kamareddy",MBBS,14000,112712(1),147709(1),147709(1)
AI,ST,Andhra Pradesh,"Rajiv Gandhi IMS, Kadapa",MBBS,15000,124744(2),135685(2),147831(2)
AI,ST,West Bengal,Purulia Govt Med Coll,MBBS,9000,127811(1),139626(1),148191(1)
AI,ST,Gujarat,"GMERS Medical College, Navsari",MBBS,375000,132548(1),132548(1),148750(2)
AI,ST,Karnataka,Chitradurga Medical College,MBBS,64350,125638(2),148752(2),148752(2)
AI,ST,Assam,"Nalbari Medical College, Nalbari",MBBS,6400,123013(1),148800(1),148800(1)
AI,ST,West Bengal,"Jhargram Govt Med Coll,Jhargram",MBBS,9000,125649(1),134753(1),149018(1)
AI,SC,Rajasthan,"RUHS Coll of Dental Sci,Jaipur",BDS,35077,133235(2),134618(2),149021(2)
AI,ST,West Bengal,"TamraliptoGovtMed,PurbaMedinpur",MBBS,9000,132634(1),140683(1),149127(1)
AI,ST,Odisha,"Govt Med Coll, Balasore",MBBS,22000,138033(1),140433(1),149202(1)
IP,ST,Delhi,"ABVIMS (Dr RML Hosp), Delhi",MBBS,41000,135205(6),135205(6),149223(6)
AI,ST,Telangana,"Govt Med Coll, Rajanna Sircilla",MBBS,14000,63398(1),132326(1),149420(1)
AI,SC,Delhi,"ESIC Dental Coll, New Delhi",BDS,100000,131129(2),149575(2),149575(2)
AI,ST,Odisha,"Government Med Coll, Sundargarh",MBBS,22000,127741(1),146954(1),149644(1)
AI,SC,Karnataka,"Govt Dental Coll, Bellary",BDS,49350,109870(1),168715(1),149682(1)
AI,ST,Telangana,"Government Med Coll, Karimnagar",MBBS,14000,134682(1),136565(1),149808(1)
AI,ST,Karnataka,Karwar Inst of Med Sciences,MBBS,64350,122194(2),133619(2),150015(2)
AI,ST,Andhra Pradesh,"Govt Med Coll, Ananthapuram",MBBS,15000,108314(2),137271(2),150040(3)
AI,ST,Odisha,"Government Med Coll, Keonjhar",MBBS,22000,140433(2),146576(2),150055(2)
AI,ST,Karnataka,"Gadag IMS, Gadag",MBBS,64350,94357(2),135290(2),150122(2)
AI,ST,Odisha,Government Med Coll Bhawanipatna,MBBS,22000,134635(1),125298(1),150188(1)
DU,SC,Delhi,"Maulana Azad IDS, New Delhi",BDS,5395,145911(6),150342(6),150342(6)
AI,ST,Assam,"Silchar Med Coll, Silchar",MBBS,6400,83333(1),134204(1),150604(1)
AI,ST,Odisha,"Government MedColl&Hosp, Phulbani",MBBS,22000,-,150662(1),150662(1)
AI,ST,Andhra Pradesh,"ACSR Govt Med Coll, Nellore",MBBS,15000,112021(2),132128(2),150681(2)
AI,ST,Andhra Pradesh,"Government Medical College, Paderu",MBBS,15000,139038(1),150789(1),150789(1)
AI,ST,Odisha,"Pabitra Mohan Pradhan MedColl&Hosp,Talcher",MBBS,22000,-,150856(2),150856(2)
AI,ST,Telangana,"Government Med Coll, Sangareddy",MBBS,14000,124940(2),134232(2),150912(2)
AI,ST,Gujarat,"Govt Med Coll (GMERS), Porbandar",MBBS,375000,132171(1),123716(1),151013(1)
AI,ST,Andhra Pradesh,SVIMS-Sri Padmavathi,MBBS,67900,119728(2),130363(2),151273(2)
AI,ST,Andhra Pradesh,"Rajiv Gandhi IMS, Srikakulam",MBBS,15000,125112(3),139102(3),151351(3)
AI,ST,Telangana,"Govt Med Coll, Jogulamba",MBBS,14000,141607(1),147831(1),151485(1)
AI,ST,Telangana,"GovtMedColl,BhadradriKothagudem",MBBS,14000,134753(2),145525(2),151630(2)
AIIMS SO,Open-PwD,Uttarakhand,"AIIMS, Rishikesh",MBBS,1350,147945(3),151827(3),151827(3)
AI,ST,Karnataka,Kodagu Inst of Med Sciences,MBBS,64350,101343(2),137215(2),151878(2)
AI,ST,Telangana,Govt Med Coll Jangaon,MBBS,14000,126893(1),143742(1),151942(1)
AI,ST,Karnataka,"Koppal Inst of MS, Koppal",MBBS,64350,124471(1),140586(1),151976(1)
AI,ST,Telangana,"Govt Med Coll, Nagarkurnool",MBBS,14000,123852(1),124710(1),152004(1)
AI,ST,Tamil Nadu,"KAPV Med Coll, Trichy",MBBS,18073,-,-,152446(1)
AI,ST,Telangana,"Government Med Coll, Wanaparthy",MBBS,14000,133436(1),144385(1),152717(1)
AI,ST,Karnataka,Chikkamagaluru Inst of Med Sci,MBBS,64350,122917(2),145437(2),152719(2)
AI,ST,Karnataka,"Haveri Inst of Med Sci, Haveri",MBBS,64350,126062(2),139769(2),152995(2)
AI,ST,Assam,Tinsukia Med Coll & Hosp,MBBS,6400,78349(1),152565(1),153054(1)
AI,ST,Tamil Nadu,Tirunelveli Med Coll,MBBS,18073,119888(3),128508(3),153183(3)
AI,SC,Jharkhand,"Dental Institute, RIMS, Ranchi",BDS,10050,135449(1),154017(1),154017(1)
AI,ST,Telangana,"Government Med Coll, Mancherial",MBBS,14000,135567(1),135567(1),154131(2)
AI,ST,Telangana,"Government Med Coll, Jagtial",MBBS,14000,132096(2),145672(2),154384(2)
AI,ST,Tamil Nadu,"Govt Med Coll, Krishnagiri",MBBS,18073,142895(2),142895(2),154472(2)
AI,ST,Kerala,"Govt Med Coll, Palakkad",MBBS,23150,123605(2),137398(2),154537(2)
AI,ST,Telangana,Govt Med Coll Narsampet,MBBS,14000,139117(1),140295(1),154855(1)
AI,ST,Telangana,"Government Med Coll, Nirmal",MBBS,14000,108496(1),145518(1),155069(1)
AI,ST,Telangana,"Govt Med Coll, Kumuram Bheem",MBBS,14000,140586(2),150912(2),155242(2)
AI,ST,Assam,"Dhubri Medical College, Dhubri",MBBS,6400,129921(1),142660(1),155440(1)
AI,ST,Manipur,"JNIMS, Imphal",MBBS,6000,105760(2),147410(2),156083(2)
AI,ST,Andhra Pradesh,"Govt Med Coll, Rajamahendravaram",MBBS,15000,119779(2),146378(2),156331(2)
AI,ST,Assam,"Lakhimpur Med Coll, Lakhimpur",MBBS,6400,132326(2),148191(2),156463(2)
AI,ST,Telangana,"Govt Med Coll, Narayanpet",MBBS,14000,142347(1),151630(1),156540(1)
AI,ST,Telangana,"Government Med Coll, Vikarabad",MBBS,14000,126434(1),144547(1),156857(1)
AI,ST,Assam,"Jorhat Med Coll, Jorhat",MBBS,6400,89396(1),139149(1),156879(1)
AI,ST,Telangana,"Government Med Coll, Bhupalpally",MBBS,14000,138176(1),138082(1),156909(1)
AI,ST,Telangana,"GMC, Kodangal",MBBS,14000,-,151942(1),157255(1)
AI,ST,Tamil Nadu,Govt Villupuram Med Coll,MBBS,18073,104456(1),138230(1),157282(1)
AI,ST,Andhra Pradesh,Govt Med Coll Machilipatnam,MBBS,15000,136153(2),150604(2),157285(2)
AI,Open-PwD,Manipur,"RIMS, Imphal",MBBS,3000,157432(1),157432(1),157432(1)
AI,ST,Andhra Pradesh,"Government Med Coll, Nandyal",MBBS,15000,120014(1),150188(1),157487(1)
AI,ST,Tamil Nadu,Kanyakumari Med Coll,MBBS,18073,133959(2),152446(2),157581(2)
AI,ST,Andhra Pradesh,Government Med Coll Vizianagaram,MBBS,15000,120297(1),150681(1),157855(1)
AI,ST,Tamil Nadu,"Govt Med Coll, Thiruvallur",MBBS,18073,-,-,157982(1)
AI,ST,Kerala,"Government Med Coll, Idukki",MBBS,23150,122317(1),150040(1),158046(1)
AI,ST,Tamil Nadu,"Govt Med Coll, Karur",MBBS,18073,137328(1),125649(1),158247(1)
AI,ST,Kerala,"GMC, Kasaragod",MBBS,23150,-,137232(1),158381(1)
AI,ST,Tamil Nadu,Govt Theni Med Coll,MBBS,18073,120723(1),142513(1),158433(1)
AI,ST,Assam,"Diphu Med Coll, Assam",MBBS,6400,116747(1),146265(1),158458(1)
AI,Open-PwD,Maharashtra,"BJMC, Pune",MBBS,158600,158479(1),158479(1),158479(1)
AI,ST,Telangana,"Govt Med Coll, Mulugu",MBBS,14000,108980(1),149018(1),159079(1)
AI,Open-PwD,West Bengal,"Medical College, Kolkata",MBBS,9000,159095(1),159095(1),159095(1)
AI,ST,Manipur,"Govt Med Coll, Churachandpur",MBBS,6000,136883(1),154073(1),159217(1)
AI,ST,Assam,"Fakhruddin Ali Ahmed, Barpeta",MBBS,6400,105467(2),144801(2),159221(2)
AI,SC,Haryana,"Govt Dental Coll, Rohtak",BDS,37500,137850(2),160928(2),159232(2)
AI,ST,Tamil Nadu,"Govt Med Coll, Ariyalur",MBBS,18073,142071(2),151726(2),159250(2)
AI,ST,Kerala,"Government Medical Coll, Konni",MBBS,23150,124805(1),144121(1),159265(1)
AI,ST,Tamil Nadu,Govt Thoothukudi Med Coll,MBBS,18073,129719(2),152004(2),159295(2)
AI,ST,Assam,"Tezpur Med Coll, Tezpur",MBBS,6400,114020(2),141135(2),159457(2)
AI,ST,Assam,"Pragjyotishpur Med Coll,Guwahati",MBBS,8400,-,150701(1),159681(1)
AI,ST,Tamil Nadu,"Govt Med Coll, Nilgiris",MBBS,18073,139363(2),139363(2),159742(2)
AI,ST,Tamil Nadu,Govt Dharmapuri Med Coll,MBBS,18073,122847(1),150922(1),160130(1)
AI,ST,Assam,Nagaon Medical College,MBBS,6400,-,-,160151(1)
AI,ST,Tamil Nadu,Govt Thiruvarur Med Coll,MBBS,18073,141327(2),153346(2),160204(2)
AI,ST,Tamil Nadu,Govt Thiruvannamalai Med Coll,MBBS,18073,130919(1),130919(1),160376(1)
AI,ST,Tamil Nadu,"Govt Med Coll, Pudukottai",MBBS,18073,139163(2),153785(2),160401(2)
AI,SC,Tamil Nadu,"Govt Dental Coll, Pudukkottai",BDS,16073,100049(1),138659(1),160513(1)
AI,ST,Mizoram,"Zoram Med Coll, Mizoram",MBBS,49150,-,-,160582(1)
AI,ST,Tamil Nadu,"Govt Med Coll, Dindigul",MBBS,18073,143103(2),152717(2),160648(2)
AI,ST,Tamil Nadu,Govt Sivagangai Med Coll,MBBS,18073,143700(1),145338(1),160692(1)
AI,ST,Tamil Nadu,"Govt Med Coll, Ramanathapuram",MBBS,18073,137499(1),149938(1),161014(1)
AI,ST,Tripura,"Agartala Med Coll, Agartala",MBBS,59500,117645(2),151485(2),161029(2)
AI,ST,Tamil Nadu,"Govt Med Coll, Namakkal",MBBS,18073,139759(1),154537(1),161066(1)
AI,ST,Tamil Nadu,"Govt Med Coll, Virudhunagar",MBBS,18073,145625(2),155242(2),161133(2)
AIIMS SO,OBC-PwD,Uttarakhand,"AIIMS, Rishikesh",MBBS,1350,161370(1),161370(1),161370(1)
AI,ST,Tamil Nadu,"Govt Med Coll, Kallakurichi",MBBS,18073,138714(1),150015(1),161502(1)
AI,ST,Tamil Nadu,"Govt Med Coll, Nagapattinam",MBBS,18073,144224(2),154776(2),161652(2)
AI,ST,Andaman and Nicobar Islands,"Andaman & NicobarIMS,PortBlair",MBBS,59500,125622(2),151351(2),162177(2)
AI,SC,Kerala,"Govt Dental Coll, Alappuzha",BDS,20840,156772(1),172217(1),162326(1)
AI,ST,Nagaland,NIMSR Kohima,MBBS,60000,134837(2),156601(2),162975(2)
JP,SC,Pondicherry,"JIPMER, Karaikal",MBBS,1200,129645(2),129645(2),163196(4)
AI,ST,Delhi,"Maulana Azad IDS, New Delhi",BDS,5395,134248(1),118065(1),163607(1)
AI,EWS-PwD,Maharashtra,"BJMC, Pune",MBBS,158600,165228(1),165228(1),165228(1)
AI,SC,Gujarat,"Govt Dental Coll, Ahmedabad",BDS,20000,146595(3),164436(3),165514(3)
AI,ST,Rajasthan,"RUHS Coll of Dental Sci,Jaipur",BDS,35077,154776(1),190875(1),166007(1)
AI,SC,Punjab,"Govt Dental Coll, Patiala",BDS,80000,100310(1),163381(1),166110(1)
BHU SO,SC,Uttar Pradesh,"IMS-Faculty of Dental, BHU",BDS,33739,138864(9),166494(9),166494(9)
AI,SC,Kerala,"Govt Dental Coll, Kozhikode",BDS,20840,138237(1),166662(1),166720(1)
AI,SC,Karnataka,"ESIC Dental Coll, Gulbarga",BDS,100000,128223(1),138811(1),166822(1)
AI,SC,Kerala,"Pariyaram Dental Coll, Kannur",BDS,20840,139802(1),150249(1),167385(1)
AI,SC,Manipur,"Dental College, RIMS, Imphal",BDS,3000,128010(1),153059(1),167580(1)
DEEMED PS,Open,Karnataka,"JSS Med Coll, Mysore",MBBS,2195100,117000(200),163330(200),167972(200)
AI,SC,Punjab,"Govt Dental Coll, Amritsar",BDS,80000,127028(1),167561(1),168132(1)
AI,Open-PwD,Jammu and Kashmir,"Government Med Coll,Anantnag",MBBS,34214,582737(1),168231(1),168231(1)
DU,ST,Delhi,"UCMS, Delhi",MBBS,31340,158270(10),158270(10),168409(11)
AIIMS SO,OBC-PwD,Maharashtra,"AIIMS, Nagpur",MBBS,1350,168613(2),168613(2),168613(2)
ES,SC,Telangana,"ESIC Med Coll,Sanath Nagar",MBBS,24000,146259(6),166809(8),168706(9)
AI,Open-PwD,Maharashtra,"Grant Med Coll, Mumbai",MBBS,158600,181340(1),204368(1),169345(1)
IP,Open-PwD,Delhi,"VMMC, Delhi",MBBS,41000,170086(2),170086(2),170086(2)
AI,SC,Tripura,"Government Dental Coll, Agartala",BDS,42000,112727(2),148334(2),170405(2)
AI,SC,Maharashtra,"Govt Dental Coll, Aurangabad",BDS,118900,84748(1),156743(1),170480(1)
AI,SC,Maharashtra,"Govt Dental Coll, Nagpur",BDS,118900,150005(1),170623(1),170623(1)
IP,SC,Delhi,"ESIC Dental Coll, New Delhi",BDS,100000,170646(8),170646(8),170740(8)
AI,Open-PwD,Karnataka,"ESIC Med Coll,Gulbarga",MBBS,100000,170976(1),170976(1),170976(1)
AI,SC,Himachal Pradesh,"Govt Dental Coll, Shimla",BDS,37000,146316(2),150229(2),171409(2)
AI,SC,Maharashtra,"Nair Hosp Dental Coll, Mumbai",BDS,118900,155984(2),134399(2),171444(2)
AI,SC,Jammu and Kashmir,"Government Dental Coll, Srinagar",BDS,35680,116222(1),168050(1),172040(1)
AI,Open-PwD,Delhi,"UCMS, Delhi",MBBS,31340,172348(1),172348(1),172348(1)
AI,SC,Tamil Nadu,"Govt Dental Coll, Chennai",BDS,16073,121650(2),145816(2),172431(2)
AI,SC,West Bengal,"Burdwan Dental Coll, Burdwan",BDS,7800,136525(3),153010(3),173603(3)
AIIMS SO,Open-PwD,Punjab,"AIIMS, Bathinda",MBBS,1350,174486(2),174486(2),174486(2)
ES,SC,Kerala,"Govt Med Coll, Kollam",MBBS,24000,139914(4),139914(4),174940(5)
AI,SC,Tamil Nadu,"Rajah Muthiah DC, Annamalai",BDS,16073,133498(2),162667(2),175255(2)
AI,SC,Kerala,"Govt Dental Coll, Trivandrum",BDS,20840,147037(1),175610(1),175610(1)
AI,Open-PwD,Karnataka,"Bangalore Med Coll, Bangalore",MBBS,64350,175937(1),175937(1),175937(1)
AI,SC,Andhra Pradesh,"Govt Dental Coll, Vijayawada",BDS,9000,108852(1),140743(1),176120(1)
AI,SC,Gujarat,"Govt Dental Coll, Jamnagar",BDS,20000,146158(2),169272(2),176126(2)
BHU SO,ST,Uttar Pradesh,"IMS-Faculty of Dental, BHU",BDS,33739,178066(4),188542(4),176298(4)
AI,SC,Andhra Pradesh,"Govt Dental Coll, Kadapa",BDS,9000,146583(2),149219(2),176345(2)
AI,SC,West Bengal,"Dr R Ahmed Dental Coll,Kolkata",BDS,7800,118617(2),157421(2),176692(2)
DU,ST,Delhi,"Lady Hardinge, Delhi",MBBS,1665,166697(12),166697(12),176810(14)
AI,SC,Pondicherry,"MG Dental Coll, Pondicherry",BDS,43420,142377(2),164897(2),177096(2)
AI,SC,Jammu and Kashmir,"Indira Gandhi Govt Dental,Jammu",BDS,26250,143902(2),167185(2),178098(2)
AI,SC,Maharashtra,"Govt. Dental Coll, Jalgaon",BDS,118900,156913(1),139544(1),178140(1)
AI,SC,Bihar,"Patna Dental Coll, Patna",BDS,9500,153918(1),139644(1),179001(1)
AI,SC,Maharashtra,"Govt Dental Coll, Mumbai",BDS,118900,154379(3),170512(3),179879(3)
AI,SC,Kerala,"Govt Dental Coll, Thrissur",BDS,20840,150123(1),141809(1),180041(1)
AI,SC,Madhya Pradesh,"Govt Coll of Dentistry, Indore",BDS,100000,145425(2),170799(2),180105(2)
AI,SC,Assam,"Regional Dental Coll, Guwahati",BDS,5000,151292(1),168842(1),180514(1)
AI,SC,Bihar,Government Dental Coll Paithna,BDS,9500,157338(2),176287(2),180520(2)
AI,SC,Assam,"Govt Dental College, Silchar",BDS,5000,149010(1),174269(1),180602(1)
AI,SC,Assam,"Govt Dental College, Dibrugarh",BDS,5000,160911(2),168122(2),182404(2)
AI,SC,Telangana,"Govt Dental Coll, Hyderabad",BDS,14000,148344(2),166790(2),183149(2)
AI,SC,Chhattisgarh,"Govt Dental Coll, Raipur",BDS,20500,153063(2),163191(2),183282(2)
AI,SC,Karnataka,"Govt Dental Coll, Bangalore",BDS,49350,143021(2),165284(2),184434(2)
DEL CW,SC,Delhi,"UCMS, Delhi",MBBS,31340,185194(1),185194(1),185194(1)
AI,SC,West Bengal,"North Bengal Dental,Darjeeling",BDS,7800,118335(1),146687(1),186982(1)
AI,ST,Andhra Pradesh,"Govt Dental Coll, Vijayawada",BDS,9000,177989(1),187445(1),187445(1)
AI,SC,Manipur,"JN Inst of Dental Sci, Imphal",BDS,6000,134040(1),165514(1),187809(1)
ES,SC,Tamil Nadu,"Govt Med Coll & ESI,Coimbatore",MBBS,24000,95190(3),173129(3),188384(3)
AI,SC,Kerala,"Govt Dental Coll, Kottayam",BDS,20840,131550(1),172431(1),189221(1)
AI,ST,Delhi,"ESIC Dental Coll, New Delhi",BDS,100000,162417(1),190648(1),190648(1)
AI,ST,West Bengal,"North Bengal Dental,Darjeeling",BDS,7800,187116(1),187116(1),190875(1)
DEEMED PS,Open,Maharashtra,"MGM Med Coll, Navi Mumbai",MBBS,2350000,160536(170),184377(170),191102(170)
AI,ST,Himachal Pradesh,"Govt Dental Coll, Shimla",BDS,37000,190648(1),191150(1),191150(1)
ES,SC,Rajasthan,"ESIC Med Coll, Jaipur",MBBS,24000,-,-,193635(2)
AIIMS SO,Open-PwD,Chhattisgarh,"AIIMS, Raipur",MBBS,1350,194869(3),194869(3),194869(3)
IP,ST,Delhi,"ESI, Basaidarpur, Delhi",MBBS,100000,-,-,195049(3)
DEEMED PS,Open,Karnataka,"JN Medical College, Belgaum",MBBS,1920000,-,165197(158),196759(218)
ES,SC,Karnataka,"ESI, Bangalore",MBBS,24000,155677(10),197334(10),197334(10)
AI,ST,Uttar Pradesh,"Faculty of Dental Sci, Lucknow",BDS,47600,138880(1),197348(1),197348(1)
AI,ST,Assam,"Govt Dental College, Silchar",BDS,5000,161821(1),229141(1),200066(1)
AI,ST,Maharashtra,"Nair Hosp Dental Coll, Mumbai",BDS,118900,150701(1),200096(1),200096(1)
AI,ST,Maharashtra,"Govt Dental Coll, Mumbai",BDS,118900,200550(2),207467(2),200265(2)
ES,SC,Tamil Nadu,"ESI PGIMSR, KK Nagar, Chennai",MBBS,24000,148246(4),178157(4),201923(4)
DEEMED PS,Open,Odisha,"Kalinga IMS, Bhubaneswar",MBBS,1850000,147972(213),174334(213),202084(240)
AI,ST,Chhattisgarh,"Govt Dental Coll, Raipur",BDS,20500,202317(1),202317(1),202317(1)
AI,Open-PwD,Jammu and Kashmir,"Gove Med Coll, Jammu",MBBS,26250,202684(1),202684(1),202684(1)
AI,OBC-PwD,Maharashtra,"BJMC, Pune",MBBS,158600,204934(1),204934(1),204934(1)
AI,ST,Jammu and Kashmir,"Indira Gandhi Govt Dental,Jammu",BDS,26250,160684(1),205686(1),205686(1)
AIIMS SO,SC-PwD,Odisha,"AIIMS, Bhubaneswar",MBBS,1350,207160(1),207160(1),207160(1)
ES,SC,Karnataka,"ESIC Med Coll,Gulbarga",MBBS,24000,186219(10),201832(10),210118(11)
AI,ST,Karnataka,"Govt Dental Coll, Bangalore",BDS,49350,159742(1),201011(1),210667(1)
ES,SC,Himachal Pradesh,"LalBahShastri Govt Med, Mandi",MBBS,24000,146564(5),164598(5),212766(5)
ES,SC,Maharashtra,"ESI, Andheri, Mumbai",MBBS,24000,-,-,213578(3)
ES,SC,West Bengal,"ESI, Joka, Kolkata",MBBS,24000,190094(9),203508(9),214358(11)
ES,SC,Uttar Pradesh,"ESIC MedCollHosp,Noida",MBBS,24000,-,150177(2),214488(3)
DU,ST,Delhi,"Maulana Azad IDS, New Delhi",BDS,5395,210335(3),219455(3),219455(3)
AI,ST,Tamil Nadu,"Rajah Muthiah DC, Annamalai",BDS,16073,200828(2),231324(2),220084(2)
ES,SC,Madhya Pradesh,"ESIC Med Coll, Indore",MBBS,24000,-,-,220144(3)
AI,OBC-PwD,Madhya Pradesh,"Gandhi Med Coll, Bhopal",MBBS,100000,220462(1),220462(1),220462(1)
AI,ST,Gujarat,"Govt Dental Coll, Ahmedabad",BDS,20000,196188(2),203710(2),221425(2)
MJ,ST,Delhi,"Faculty of Dent,Jamial Millia",BDS,41775,184436(1),184436(1),221456(1)
AIIMS SO,Open-PwD,Telangana,"AIIMS, Bibinagar",MBBS,1350,221694(2),221694(2),221694(2)
AIIMS SO,Open-PwD,Bihar,"AIIMS, Patna",MBBS,1350,221737(2),221737(2),221737(2)
AI,ST,Assam,"Regional Dental Coll, Guwahati",BDS,5000,157982(1),208908(1),222421(1)
AI,ST,West Bengal,"Burdwan Dental Coll, Burdwan",BDS,7800,172634(2),213416(2),223275(2)
AIIMS SO,SC-PwD,Telangana,"AIIMS, Bibinagar",MBBS,1350,225964(1),225964(1),225964(1)
ES,SC,Uttar Pradesh,"ESIC, Varanasi",MBBS,24000,-,-,226530(4)
AI,ST,Manipur,"Dental College, RIMS, Imphal",BDS,3000,169235(1),214605(1),226640(1)
AI,ST,Jharkhand,"Dental Institute, RIMS, Ranchi",BDS,10050,187194(1),221425(1),227736(1)
ES,SC,Gujarat,"ESIC Med Coll, Naroda",MBBS,24000,-,-,227789(4)
AI,Open-PwD,Madhya Pradesh,"Gaja Raja Med Coll, Gwalior",MBBS,100000,179687(1),228687(1),228687(1)
AI,ST,Gujarat,"Govt Dental Coll, Jamnagar",BDS,20000,104061(1),205274(1),229607(1)
ES,SC,Bihar,"ESIC Med Coll, Patna",MBBS,24000,-,210118(6),229888(6)
AIIMS SO,Open-PwD,Gujarat,"AIIMS, Rajkot",MBBS,1350,229985(2),229985(2),229985(2)
AI,ST,Madhya Pradesh,"Govt Coll of Dentistry, Indore",BDS,100000,120444(1),199758(1),230379(1)
BHU SO,OBC-PwD,Uttar Pradesh,"IMS(BHU), Varanasi",MBBS,33739,232552(2),232552(2),232552(2)
AI,Open-PwD,Assam,"Tezpur Med Coll, Tezpur",MBBS,6400,232800(1),232800(1),232800(1)
AI,ST,Tamil Nadu,"Govt Dental Coll, Chennai",BDS,16073,191150(1),179937(1),233107(1)
AI,ST,Telangana,"Govt Dental Coll, Hyderabad",BDS,14000,187445(1),213984(1),233186(1)
AI,ST,Bihar,Government Dental Coll Paithna,BDS,9500,188920(1),215638(1),233388(1)
ES,SC,Punjab,"ESIC MedCollHosp,Ludhiana",MBBS,24000,-,-,233837(4)
AI,ST,Haryana,"Govt Dental Coll, Rohtak",BDS,37500,199957(1),195972(1),234437(1)
AIIMS SO,SC-PwD,Rajasthan,"AIIMS, Jodhpur",MBBS,1350,234585(1),234585(1),234585(1)
AI,ST,Punjab,"Govt Dental Coll, Patiala",BDS,80000,130865(1),201219(1),234889(1)
AI,ST,Kerala,"Govt Dental Coll, Kozhikode",BDS,20840,142016(1),168213(1),235969(1)
AI,ST,Maharashtra,"Govt Dental Coll, Aurangabad",BDS,118900,206111(1),170310(1),236598(1)
AI,ST,Pondicherry,"MG Dental Coll, Pondicherry",BDS,43420,149321(1),208132(1),236806(1)
ES,SC,Assam,"ESIC, Beltola",MBBS,24000,-,-,237652(4)
AI,ST,Odisha,"SCB Dental Coll, Cuttack",BDS,22000,119066(1),230109(1),240285(1)
AI,ST,Karnataka,"Govt Dental Coll, Bellary",BDS,49350,178180(1),150122(1),240402(1)
AIIMS SO,OBC-PwD,Odisha,"AIIMS, Bhubaneswar",MBBS,1350,241313(2),241313(2),241313(2)
AIIMS SO,Open-PwD,Himachal Pradesh,"AIIMS, Bilaspur, Himachal",MBBS,1350,241346(2),241346(2),241346(2)
AI,ST,Andhra Pradesh,"Govt Dental Coll, Kadapa",BDS,9000,175702(1),225653(1),241429(1)
AI,Open-PwD,Delhi,"Lady Hardinge, Delhi",MBBS,1665,192411(1),241484(1),241484(1)
AI,ST,Kerala,"Pariyaram Dental Coll, Kannur",BDS,20840,166717(1),230379(1),241599(1)
AMU NR,Open,Uttar Pradesh,"JNMC (AMU), Aligarh",MBBS,2293362,241946(5),241946(5),241946(5)
AI,OBC-PwD,Gujarat,"BJMC, Ahmedabad",MBBS,25000,245143(1),245143(1),245143(1)
DEEMED PS,Open,Karnataka,"SDU Med Coll, Kolar",MBBS,1940000,177905(170),247191(170),247191(170)
IP CW,Open,Delhi,"VMMC, Delhi",MBBS,41000,249948(2),249948(2),249948(2)
AI,Open-PwD,West Bengal,"IPGMER, Kolkata",MBBS,9000,254596(1),254596(1),254596(1)
AI,OBC-PwD,Uttar Pradesh,"MLB Med Coll, Jhansi",MBBS,24000,387300(1),255663(1),255663(1)
DEL CW,ST,Delhi,"MAMC, Delhi",MBBS,2095,257224(1),257224(1),257224(1)
AI,Open-PwD,Kerala,"Medical College, Trivandrum",MBBS,23150,158157(1),258759(1),258759(1)
AIIMS SO,SC-PwD,Madhya Pradesh,"AIIMS, Bhopal",MBBS,1350,261657(1),261657(1),261657(1)
AIIMS SO,Open-PwD,West Bengal,"AIIMS, Kalyani",MBBS,1350,262176(2),262176(2),262176(2)
BHU SO,EWS-PwD,Uttar Pradesh,"IMS(BHU), Varanasi",MBBS,33739,268869(1),268869(1),268869(1)
AIIMS SO,OBC-PwD,Punjab,"AIIMS, Bathinda",MBBS,1350,268965(2),268965(2),268965(2)
AI,OBC-PwD,West Bengal,"IPGMER, Kolkata",MBBS,9000,269372(1),269372(1),269372(1)
ES,ST,Rajasthan,"ESIC Med Coll, Alwar",MBBS,24000,269576(2),269576(2),269576(2)
AIIMS SO,EWS-PwD,Odisha,"AIIMS, Bhubaneswar",MBBS,1350,271852(1),271852(1),271852(1)
AIIMS SO,EWS-PwD,Telangana,"AIIMS, Bibinagar",MBBS,1350,273253(1),273253(1),273253(1)
IP,ST,Delhi,"ESIC Dental Coll, New Delhi",BDS,100000,275047(4),275047(4),275047(4)
ES,SC,Karnataka,"ESIC Dental Coll, Gulbarga",BDS,24000,220144(4),249499(4),276059(4)
JPMR SO,OBC-PwD,Pondicherry,"JIPMER, Puducherry",MBBS,1200,276622(1),276622(1),276622(1)
AI,Open-PwD,Maharashtra,"Govt Med Coll, Nagpur",MBBS,158600,136487(1),277830(1),277830(1)
AIIMS SO,Open-PwD,Andhra Pradesh,"AIIMS, Mangalagiri",MBBS,1350,279531(3),279531(3),279531(3)
AI,EWS-PwD,Delhi,"Lady Hardinge, Delhi",MBBS,1665,284672(1),284672(1),284672(1)
JPMR SO,Open-PwD,Pondicherry,"JIPMER, Karaikal",MBBS,1200,285669(1),285669(1),285669(1)
AI,OBC-PwD,Maharashtra,"Rajarshee CSM Govt MC,Kolhapur",MBBS,158600,238678(1),287149(1),287149(1)
DEEMED PS,Open,Karnataka,"Manipal Coll Dental, Manipal",BDS,550000,275626(100),288329(100),288329(100)
DEEMED PS,Open,Kerala,"Amrita School of Med, Kochi",MBBS,2580000,233349(127),290052(127),290052(132)
AI,Open-PwD,Uttar Pradesh,"KGMU, Lucknow",MBBS,47600,114017(1),293085(1),293085(1)
AIIMS SO,Open-PwD,Uttar Pradesh,"AIIMS, Gorakhpur",MBBS,1350,294578(2),294578(2),294578(2)
AI,Open-PwD,Rajasthan,"SNMC, Jodhpur",MBBS,96100,265157(1),295936(1),295936(1)
DU,Open-PwD,Delhi,"MAMC, Delhi",MBBS,2095,297834(5),297834(5),297834(5)
DEEMED PS,Open,Maharashtra,"MGM Med Coll, Aurangabad",MBBS,2350000,208996(170),277135(212),297942(212)
AI,OBC-PwD,Uttar Pradesh,"KGMU, Lucknow",MBBS,47600,300273(1),300273(1),300273(1)
AI,Open-PwD,Maharashtra,"Govt Med Coll, Akola",MBBS,158600,301170(1),301170(1),301170(1)
DEEMED PS,Open,Karnataka,"Shri BM Patil, Vijayapura",MBBS,1900000,207742(170),267057(213),302710(228)
AIIMS SO,Open-PwD,Jharkhand,"AIIMS, Deoghar",MBBS,1350,305719(2),305719(2),305719(2)
AIIMS SO,OBC-PwD,Chhattisgarh,"AIIMS, Raipur",MBBS,1350,306492(2),306492(2),306492(2)
AI,Open-PwD,Telangana,"Osmania Med Coll, Hyderabad",MBBS,14000,309663(1),309663(1),309663(1)
AIIMS SO,Open-PwD,Assam,"AIIMS, Guwahati",MBBS,1350,309667(2),309667(2),309667(2)
AIIMS SO,Open-PwD,Delhi,"AIIMS, Delhi",MBBS,1350,4801(2),22426(2),314055(2)
AI,Open-PwD,Uttar Pradesh,"Govt Med Coll, Rampur, Basti",MBBS,24000,505697(1),314260(1),314260(1)
DEEMED PS,Open,Maharashtra,Mahatma Gandhi Mission Vashi,MBBS,2350000,224399(85),278380(85),317051(85)
AIIMS SO,OBC-PwD,Gujarat,"AIIMS, Rajkot",MBBS,1350,321581(1),321581(1),321581(1)
AI,OBC-PwD,West Bengal,"Medical College, Kolkata",MBBS,9000,322079(1),322079(1),322079(1)
AI,Open-PwD,Maharashtra,"Lokmanya Tilak, Sion, Mumbai",MBBS,158600,230983(1),181340(1),323913(1)
DEEMED PS,Open,Tamil Nadu,"Sri Lalithambigai Med, Chennai",MBBS,2100000,295429(128),324838(170),324838(170)
AIIMS SO,OBC-PwD,Bihar,"AIIMS, Patna",MBBS,1350,324957(2),324957(2),324957(2)
AIIMS SO,Open-PwD,Uttar Pradesh,"AIIMS, Rai Bareli",MBBS,1350,327221(2),327221(2),327221(2)
AIIMS SO,OBC-PwD,Himachal Pradesh,"AIIMS, Bilaspur, Himachal",MBBS,1350,330044(2),330044(2),330044(2)
DEEMED PS,Open,Tamil Nadu,"SRMC & RI, Chennai",MBBS,3003000,263126(212),310748(212),333238(212)
AI,Open-PwD,Uttar Pradesh,"MLN Med Coll, Allahabad",MBBS,24000,244883(1),335597(1),335597(1)
AIIMS SO,EWS-PwD,Maharashtra,"AIIMS, Nagpur",MBBS,1350,339955(1),339955(1),339955(1)
IP,Open-PwD,Delhi,"ABVIMS (Dr RML Hosp), Delhi",MBBS,41000,340133(2),340133(2),340133(2)
AI,Open-PwD,Bihar,"Patna Med Coll, Patna",MBBS,9500,342827(1),342827(1),342827(1)
AI,OBC-PwD,Karnataka,"ESIC Med Coll,Gulbarga",MBBS,100000,344846(1),344846(1),344846(1)
AI,Open-PwD,West Bengal,"Nilratan Sircar, Kolkata",MBBS,9000,345430(1),345430(1),345430(1)
AIIMS SO,OBC-PwD,Delhi,"AIIMS, Delhi",MBBS,1350,31622(1),230983(1),351802(1)
AI,Open-PwD,Assam,"Fakhruddin Ali Ahmed, Barpeta",MBBS,6400,351903(1),351903(1),351903(1)
JP,EWS,Pondicherry,"JIPMER, Puducherry",MBBS,1200,354130(5),354130(5),354130(5)
AI,Open-PwD,Gujarat,"Govt Med Coll, Bhavnagar",MBBS,25000,482498(1),354434(1),354434(1)
AIIMS SO,OBC-PwD,Uttar Pradesh,"AIIMS, Rai Bareli",MBBS,1350,354913(1),354913(1),354913(1)
AI,Open-PwD,Odisha,"VIMSAR, Burla",MBBS,22000,328982(1),355292(1),355292(1)
AI,Open-PwD,Rajasthan,"SMS, Jaipur",MBBS,96100,110033(1),359030(1),359030(1)
DEL CW,SC,Delhi,"Lady Hardinge, Delhi",MBBS,1665,361338(1),361338(1),361338(1)
AI,OBC-PwD,Jharkhand,"Rajendra IMS, Ranchi",MBBS,17500,429107(1),368045(1),368045(1)
AI,Open-PwD,Punjab,"Govt Med Coll, Patiala",MBBS,192000,368265(1),368265(1),368265(1)
ES,ST,Rajasthan,"ESIC Med Coll, Jaipur",MBBS,24000,-,-,369920(1)
ES,ST,Haryana,"ESI Med Coll, Faridabad",MBBS,24000,285823(3),285823(3),371206(4)
AIIMS SO,EWS-PwD,Chhattisgarh,"AIIMS, Raipur",MBBS,1350,371868(1),371868(1),371868(1)
DU,SC-PwD,Delhi,"MAMC, Delhi",MBBS,2095,374289(1),374289(1),374289(1)
AI,Open-PwD,Maharashtra,"HBT & RN Cooper, Mumbai",MBBS,158600,374630(1),374630(1),374630(1)
DEEMED PS,Open,Haryana,Amrita School of Med. Faridabad,MBBS,2594800,283536(135),318826(135),376143(143)
AIIMS SO,SC-PwD,Uttar Pradesh,"AIIMS, Rai Bareli",MBBS,1350,376229(1),376229(1),376229(1)
AIIMS SO,OBC-PwD,Jharkhand,"AIIMS, Deoghar",MBBS,1350,376997(2),376997(2),376997(2)
MUSLIM MIN,Open,Karnataka,"Yenepoya Med Coll, Mangalore",MBBS,2300000,321845(65),381970(65),381970(65)
AI,EWS-PwD,Himachal Pradesh,"RPG, Tanda",MBBS,50000,383339(1),383339(1),383339(1)
AI,Open-PwD,Andhra Pradesh,"Govt Siddhartha, Vijaywada",MBBS,15000,579221(1),1004764(1),384128(1)
AI,Open-PwD,Uttar Pradesh,"MLB Med Coll, Jhansi",MBBS,24000,384538(1),384538(1),384538(1)
AI,Open-PwD,Gujarat,"Govt Med Coll, Surat",MBBS,25000,384963(1),384963(1),384963(1)
DEEMED PS,Open,Maharashtra,"MGM Med Coll, Nerul",MBBS,2350000,252099(42),303365(42),385775(42)
AIIMS SO,OBC-PwD,West Bengal,"AIIMS, Kalyani",MBBS,1350,386570(2),386570(2),386570(2)
AI,Open-PwD,Karnataka,"Mandya IMS, Mandya",MBBS,64350,388682(1),388682(1),388682(1)
DEEMED PS,Open,Karnataka,"Manipal Coll Dental, Mangalore",BDS,490000,359130(100),392848(100),391573(100)
DEL CW,OBC,Delhi,"MAMC, Delhi",MBBS,2095,393000(3),393000(3),393000(3)
DEEMED PS,Open,Karnataka,"Jagadguru Gangadhar, Hubli",MBBS,1920000,198103(90),291015(133),394117(154)
AI,OBC-PwD,Punjab,"Govt Med Coll, Amritsar",MBBS,192000,394311(1),394311(1),394311(1)
DEEMED PS,Open,Odisha,"IMS & SH, Campus II, Phulnakhara",MBBS,1795000,185262(127),277116(177),396950(241)
DEEMED PS,Open,Odisha,"IMS & SUM, Bhubaneswar",MBBS,2195000,233205(212),285309(212),398720(248)
AI,Open-PwD,Jharkhand,"Rajendra IMS, Ranchi",MBBS,17500,398929(1),398929(1),398929(1)
AMU SO,Open-PwD,Uttar Pradesh,"JNMC (AMU), Aligarh",MBBS,60300,421515(4),401069(4),401069(4)
DEEMED PS,Open,Karnataka,"Siddhartha Med Coll, Tumkur",MBBS,1880000,217698(170),302536(170),402746(231)
DEEMED PS,Open,Karnataka,"Yenepoya Med Coll, Mangalore",MBBS,2300000,281006(109),330106(109),404110(120)
DEEMED PS,Open,Kerala,"Amrita SchoolofDentistry,Kochi",BDS,480010,386750(47),406336(47),406336(47)
AI,Open-PwD,Maharashtra,"Govt Med Coll, Chandrapur",MBBS,158600,406411(1),406411(1),406411(1)
AIIMS SO,Open-PwD,Jammu and Kashmir,"AIIMS, Jammu",MBBS,1350,221837(2),409125(2),409125(2)
AIIMS SO,ST-PwD,West Bengal,"AIIMS, Kalyani",MBBS,1350,412250(1),412250(1),412250(1)
AIIMS SO,OBC-PwD,Andhra Pradesh,"AIIMS, Mangalagiri",MBBS,1350,401069(1),353464(1),413261(1)
AI,OBC-PwD,Rajasthan,"Govt Med Coll, Kota",MBBS,96100,414739(1),414739(1),414739(1)
DEEMED NRI,Open,Karnataka,"Kasturba Med Coll, Mangalore",MBBS,3173400,415953(37),415953(36),415953(36)
AI,Open-PwD,Bihar,"Darbhanga, Lehriasarai",MBBS,9500,419431(1),419431(1),419431(1)
AIIMS SO,OBC-PwD,Uttar Pradesh,"AIIMS, Gorakhpur",MBBS,1350,338406(2),338406(2),425712(2)
AIIMS SO,OBC-PwD,Jammu and Kashmir,"AIIMS, Jammu",MBBS,1350,354680(1),426229(1),426229(1)
AIIMS SO,EWS-PwD,Andhra Pradesh,"AIIMS, Mangalagiri",MBBS,1350,426233(1),426233(1),426233(1)
ES,ST,Madhya Pradesh,"ESIC Med Coll, Indore",MBBS,24000,-,-,430839(1)
AI,Open-PwD,Madhya Pradesh,"Gandhi Med Coll, Bhopal",MBBS,100000,105308(1),432210(1),432210(1)
AI,Open-PwD,West Bengal,Calcutta National Med Coll,MBBS,9000,327112(1),432944(1),432944(1)
AI,Open-PwD,Andhra Pradesh,"Guntur Med Coll, Guntur",MBBS,15000,433748(1),433748(1),433748(1)
AIIMS SO,SC-PwD,Bihar,"AIIMS, Patna",MBBS,1350,436764(1),436764(1),436764(1)
AIIMS SO,EWS-PwD,Jammu and Kashmir,"AIIMS, Jammu",MBBS,1350,440047(1),440047(1),440047(1)
ES,ST,Himachal Pradesh,"LalBahShastri Govt Med, Mandi",MBBS,24000,441583(3),441737(3),441737(3)
AI,Open-PwD,Jammu and Kashmir,"Government Med Coll, Handwara",MBBS,34215,413608(1),444121(1),444121(1)
ES,ST,Uttar Pradesh,"ESIC MedCollHosp,Noida",MBBS,24000,-,430839(2),447580(2)
AI,Open-PwD,Andhra Pradesh,"Kurnool Med Coll, Kurnool",MBBS,15000,448732(1),448732(1),448732(1)
JP,EWS,Pondicherry,"JIPMER, Karaikal",MBBS,1200,449518(2),449518(2),449518(2)
AI,Open-PwD,Uttarakhand,"VCSG Med Coll, Pauri Garhwal",MBBS,150000,455179(1),455179(1),455179(1)
AI,OBC-PwD,Maharashtra,"Topiwala, Mumbai",MBBS,158600,241312(1),457571(1),457571(1)
DEEMED PS,Open,Telangana,"Malla Reddy IMS, Hyderabad",MBBS,2150000,332211(170),394117(170),457986(173)
AI,SC-PwD,Madhya Pradesh,"Atal Bihari Vajpayee, Vidisha",MBBS,100000,458127(1),458127(1),458127(1)
AI,Open-PwD,Andhra Pradesh,"Rajiv Gandhi IMS, Srikakulam",MBBS,15000,842275(1),951374(1),458203(1)
AI,Open-PwD,Karnataka,"Hassan IMS, Hassan",MBBS,64350,462877(1),462877(1),462877(1)
ES,ST,Gujarat,"ESIC Med Coll, Naroda",MBBS,24000,-,-,463423(1)
AI,Open-PwD,Rajasthan,Government Medical College Bundi,MBBS,96029,464899(1),464899(1),464899(1)
ES,ST,Karnataka,"ESI, Bangalore",MBBS,24000,391353(5),391353(5),468396(5)
DEL CW,Open,Delhi,"Maulana Azad IDS, New Delhi",BDS,5395,468785(1),468785(1),468785(1)
DEEMED PS,Open,Haryana,"MMIMS, Mullana, Ambala",MBBS,1818300,276229(170),370783(170),476344(190)
AI,Open-PwD,Uttar Pradesh,"Govt Med Coll, Gonda",MBBS,24000,581553(1),384483(1),476499(1)
AI,OBC-PwD,Himachal Pradesh,"IGMC, Shimla",MBBS,50000,475538(1),476905(1),476905(1)
ES,ST,Tamil Nadu,"ESI PGIMSR, KK Nagar, Chennai",MBBS,24000,474008(3),478438(3),478438(3)
AI,Open-PwD,Haryana,"Kalpana Chawala Govt MC,Karnal",MBBS,61410,517284(1),613729(1),480961(1)
ES,ST,Telangana,"ESIC Med Coll,Sanath Nagar",MBBS,24000,205499(2),383567(3),481629(4)
AI,Open-PwD,Maharashtra,"Govt Med Coll, Miraj",MBBS,158600,252110(1),482371(1),482371(1)
AI,Open-PwD,Tripura,"Agartala Med Coll, Agartala",MBBS,59500,485022(1),485022(1),485022(1)
AIIMS SO,SC-PwD,Himachal Pradesh,"AIIMS, Bilaspur, Himachal",MBBS,1350,486740(1),486740(1),486740(1)
AI,OBC-PwD,Bihar,"Patna Med Coll, Patna",MBBS,9500,487037(1),487037(1),487037(1)
AI,Open-PwD,Haryana,"SHKM, Nalhar",MBBS,61410,489131(1),489131(1),489131(1)
AIIMS SO,OBC-PwD,Rajasthan,"AIIMS, Jodhpur",MBBS,1350,98647(2),340348(2),489790(2)
AI,Open-PwD,Rajasthan,"Shri Kalyan MedColl,Sikar",MBBS,96029,499162(1),499162(1),499162(1)
AI,Open-PwD,Uttar Pradesh,"Auton.State MedColl,Pratapgarh",MBBS,24000,548683(1),584717(1),499745(1)
DEEMED PS,Open,Karnataka,"AB Shetty Mem IDS, Mangalore",BDS,507000,484015(97),502737(97),500262(97)
AIIMS SO,EWS-PwD,Uttar Pradesh,"AIIMS, Gorakhpur",MBBS,1350,396329(1),501271(1),501271(1)
AIIMS SO,EWS-PwD,West Bengal,"AIIMS, Kalyani",MBBS,1350,503151(1),503151(1),503151(1)
AI,Open-PwD,Maharashtra,"Govt Med Coll, Nanded",MBBS,158600,73022(1),505311(1),505311(1)
ES,ST,Karnataka,"ESIC Med Coll,Gulbarga",MBBS,24000,432012(4),491879(4),505423(5)
DEEMED PS,Open,Karnataka,"Sri Siddhartha IMS, T. Begur",MBBS,1880000,252684(127),368629(127),511243(138)
AI,OBC-PwD,Maharashtra,"Govt Med Coll, Nagpur",MBBS,158600,215403(1),513361(1),513361(1)
AIIMS SO,SC-PwD,Jammu and Kashmir,"AIIMS, Jammu",MBBS,1350,518444(1),518444(1),518444(1)
AI,EWS-PwD,Andhra Pradesh,"Kurnool Med Coll, Kurnool",MBBS,15000,520592(1),520592(1),520592(1)
AI,OBC-PwD,Tamil Nadu,Thanjavur Med Coll,MBBS,18073,739486(1),1127954(1),524369(1)
AI,Open-PwD,Gujarat,"Medical College, Baroda",MBBS,25000,228710(1),456250(1),525315(1)
ES,ST,Tamil Nadu,"Govt Med Coll & ESI,Coimbatore",MBBS,24000,199369(1),481629(1),525616(1)
DEEMED PS,Open,Tamil Nadu,"Saveetha, Kanchipuram",MBBS,2700000,432358(250),525685(250),525685(250)
AI,Open-PwD,Assam,Nagaon Medical College,MBBS,6400,525812(1),525812(1),525812(1)
DEEMED PS,Open,Maharashtra,"DY Patil, Pimpri, Pune",MBBS,2700000,395628(212),439258(212),525844(237)
DEEMED PS,Open,Tamil Nadu,"Sri Ramachandra Dental,Chennai",BDS,600000,527087(90),526276(90),526276(90)
DEEMED PS,Open,Karnataka,"Rajeshwari, Bangalore",MBBS,2450000,306923(212),386653(212),526412(236)
AI,OBC-PwD,Punjab,"ESIC MedCollHosp,Ludhiana",MBBS,100000,-,526701(1),526701(1)
AI,Open-PwD,Chhattisgarh,"Pt JNM Med Coll, Raipur",MBBS,50000,368500(1),527692(1),527692(1)
AI,Open-PwD,Dadra and Nagar Haveli,"NAMO MERI Govt MedColl,Silvassa",MBBS,53000,529117(1),529117(1),529117(1)
AI,OBC-PwD,Tripura,"Agartala Med Coll, Agartala",MBBS,59500,529174(1),529174(1),529174(1)
AIIMS SO,SC-PwD,Maharashtra,"AIIMS, Nagpur",MBBS,1350,197744(1),534447(1),534447(1)
AI,Open-PwD,Uttar Pradesh,"Shaik-ul-Hind, Saharanpur",MBBS,24000,449907(1),534498(1),534498(1)
DEEMED PS,Open,Gujarat,"SBKS, Vadadora",MBBS,2275000,340315(107),398037(107),535000(141)
DEEMED PS,Open,Tamil Nadu,"SRM Dental Coll, Chennai",BDS,390000,535578(100),535578(100),535578(100)
DEEMED PS,Open,Maharashtra,"DY Patil, Navi Mumbai",MBBS,2700000,419526(212),457967(212),535775(212)
AIIMS SO,SC-PwD,Punjab,"AIIMS, Bathinda",MBBS,1350,536109(1),536109(1),536109(1)
AI,Open-PwD,West Bengal,"MJN Med Coll, Coochbehar",MBBS,9000,617316(1),539772(1),539772(1)
AI,OBC-PwD,Karnataka,"KIMS, Hubli",MBBS,64350,541809(1),541809(1),541809(1)
AI,OBC-PwD,Uttar Pradesh,"Govt Med Coll, Rampur, Basti",MBBS,24000,626802(1),542417(1),542417(1)
DEEMED PS,Open,Tamil Nadu,"Saveetha Dental Coll, Chennai",BDS,910000,524471(99),547121(99),547121(99)
DEEMED PS,Open,Maharashtra,"DY Patil, Kolhapur",MBBS,2400000,324266(127),397433(127),554134(134)
AI,Open-PwD,Rajasthan,"Govt Med Coll, Bhilwara",MBBS,96029,-,556124(1),556124(1)
AI,SC-PwD,Maharashtra,"Grant Med Coll, Mumbai",MBBS,158600,557723(1),557723(1),557723(1)
ES,Open-PwD,Tamil Nadu,"Govt Med Coll & ESI,Coimbatore",MBBS,24000,558306(1),558306(1),558306(1)
AI,Open-PwD,Telangana,"Govt Med Coll, Mahabubnagar",MBBS,14000,558819(1),558819(1),558819(1)
DEEMED NRI,Open,Karnataka,"Kasturba Med Coll, Manipal",MBBS,4231200,555829(38),559034(36),559034(36)
AI,OBC-PwD,West Bengal,"Nilratan Sircar, Kolkata",MBBS,9000,559370(1),559370(1),559370(1)
AI,Open-PwD,Maharashtra,"SRTT, Ambajogai",MBBS,158600,398158(1),559542(1),559542(1)
AI,OBC-PwD,Karnataka,"Bangalore Med Coll, Bangalore",MBBS,64350,560904(1),560904(1),560904(1)
AI,Open-PwD,Rajasthan,"Government Med Coll, Dausa",MBBS,96029,561097(1),561097(1),561097(1)
DEEMED PS,Open,Telangana,"Malla Reddy(Women), Hyderabad",MBBS,2050000,352435(170),424521(170),562310(176)
ES,ST,Punjab,"ESIC MedCollHosp,Ludhiana",MBBS,24000,-,-,563010(2)
AI,OBC-PwD,Madhya Pradesh,"NSC Bose Med Coll, Jabalpur",MBBS,100000,566769(1),566769(1),566769(1)
ES,ST,Maharashtra,"ESI, Andheri, Mumbai",MBBS,24000,-,-,577459(2)
ES,ST,Kerala,"Govt Med Coll, Kollam",MBBS,24000,475089(3),525616(3),578106(3)
AI,Open-PwD,Karnataka,"Mysore Med Coll, Mysore",MBBS,64350,-,579221(1),579221(1)
AI,OBC-PwD,Uttar Pradesh,"Shaik-ul-Hind, Saharanpur",MBBS,24000,579283(1),579283(1),579283(1)
AI,SC-PwD,Punjab,"Guru Govind Singh, Faridkot",MBBS,192000,-,-,581456(1)
AI,Open-PwD,Rajasthan,"JLNMC, Ajmer",MBBS,96075,342356(1),581553(1),581553(1)
DEEMED PS,Open,Uttarakhand,"Graphic Era IMS, Dehradun",MBBS,2520000,442416(127),478912(127),582337(144)
AI,Open-PwD,Uttar Pradesh,"Govt Allopathic Med Coll,Banda",MBBS,24000,444873(1),582737(1),582737(1)
AI,Open-PwD,West Bengal,"Sarat CC Govt Med Coll, Howrah",MBBS,9000,586162(1),586162(1),586162(1)
DEL CW,Open,Delhi,"UCMS, Delhi",MBBS,31340,587052(2),587052(2),587052(2)
AI,Open-PwD,Karnataka,"KIMS, Hubli",MBBS,64350,359796(1),588469(1),588469(1)
DEEMED PS,Open,Uttar Pradesh,"Santosh Med Coll, Ghaziabad",MBBS,2400000,499941(127),523387(127),588923(127)
AI,Open-PwD,Rajasthan,"Govt Med Coll, Kota",MBBS,96100,385937(1),590335(1),590335(1)
AI,OBC-PwD,West Bengal,Calcutta National Med Coll,MBBS,9000,592129(1),592129(1),592129(1)
DEEMED PS,Open,Maharashtra,"DY Patil Dental Coll, Pune",BDS,650000,591456(95),593405(95),593405(95)
AI,Open-PwD,Uttar Pradesh,"Govt Med Coll, Shahjhanpur",MBBS,24000,574047(1),595700(1),595700(1)
DEEMED PS,Open,Maharashtra,"JN Med College, Meghe, Wardha",MBBS,2325000,416757(212),493710(212),596063(218)
ES,ST,Bihar,"ESIC Med Coll, Patna",MBBS,24000,-,468396(3),596396(3)
AI,Open-PwD,Uttar Pradesh,"Govt Med Coll, Lakhimpur Kheri",MBBS,24000,590235(1),596576(1),596576(1)
AIIMS SO,SC-PwD,Uttar Pradesh,"AIIMS, Gorakhpur",MBBS,1350,596639(1),596639(1),596639(1)
DEEMED PS,Open,Maharashtra,"BVDU Dental Coll, Pune",BDS,591250,533032(85),598360(85),598360(85)
DEEMED PS,Open,Maharashtra,"Rural Dental Coll, Loni",BDS,350000,599324(85),599324(85),599324(85)
AI,Open-PwD,Maharashtra,"Government Med Coll, Parbhani",MBBS,158600,424820(1),599793(1),599793(1)
JP,ST,Pondicherry,"JIPMER, Puducherry",MBBS,1200,599794(1),599794(1),599794(1)
ES,ST,Uttar Pradesh,"ESIC, Varanasi",MBBS,24000,-,-,599846(2)
DEEMED PS,Open,Karnataka,"JSS Dental Coll, Mysore",BDS,551100,565318(100),602066(100),606098(100)
DEEMED PS,Open,Maharashtra,"BVDU, Pune",MBBS,2855600,374028(127),510405(212),606370(221)
AI,Open-PwD,Uttar Pradesh,"Auton. State Med Coll, Etah",MBBS,24000,532642(1),499745(1),607261(1)
AI,Open-PwD,Goa,"Goa Med Coll, Panaji",MBBS,154050,391095(1),315251(1),608056(1)
AI,Open-PwD,Uttar Pradesh,"Govt Med Coll, Chandauli",MBBS,24000,719780(1),609676(1),609676(1)
AIIMS SO,SC-PwD,Jharkhand,"AIIMS, Deoghar",MBBS,1350,534447(1),610082(1),610082(1)
DEEMED PS,Open,Maharashtra,"Krishna IMS, Karad",MBBS,2450000,396381(212),496845(212),610201(212)
DEEMED PS,Open,Tamil Nadu,"Vels Med Coll, Tiruvallur",MBBS,2197000,424512(127),517146(177),610538(225)
DEL CW,Open,Delhi,"Lady Hardinge, Delhi",MBBS,1665,611573(4),611573(4),611573(4)
AI,SC-PwD,Odisha,"VIMSAR, Burla",MBBS,22000,611853(1),611853(1),611853(1)
AI,Open-PwD,Rajasthan,"Govt Med Coll, Sri Ganganagar",MBBS,96029,612342(1),612342(1),612342(1)
JPMR SO,SC-PwD,Pondicherry,"JIPMER, Puducherry",MBBS,1200,613527(1),613527(1),613527(1)
DEEMED PS,Open,Andhra Pradesh,"GITAM IMS, Vizag",MBBS,2537000,437866(127),482169(127),615974(131)
ES,ST,West Bengal,"ESI, Joka, Kolkata",MBBS,24000,468396(5),538009(5),616588(6)
DEEMED PS,Open,Tamil Nadu,"SRM Katt DentColl,Kancheepuram",BDS,390000,617769(100),617769(100),617769(100)
DEEMED PS,Open,Karnataka,"KLE VK Inst of DentSci,Belgaum",BDS,373000,581184(95),617789(95),617789(95)
AI,Open-PwD,Bihar,"Jawaharlal Nehru, Bhagalpur",MBBS,9500,457195(1),617849(1),617849(1)
AI,EWS-PwD,Bihar,"Nalanda Med Coll, Patna",MBBS,9500,621686(1),621686(1),621686(1)
AI,Open-PwD,Jharkhand,"Palamu Medical College, Palamu",MBBS,9200,621703(1),621703(1),621703(1)
DEEMED PS,Open,Maharashtra,"MGM Med Coll,Panvel",MBBS,2350000,-,-,624436(85)
AI,OBC-PwD,Uttar Pradesh,"Auton. StateMed,Siddharthnagar",MBBS,24000,758496(1),625200(1),625200(1)
DU,OBC-PwD,Delhi,"MAMC, Delhi",MBBS,2095,776926(3),625358(3),625358(3)
AI,Open-PwD,Uttar Pradesh,"Autonomous Med Coll, Sonebhadra",MBBS,24000,626070(1),626070(1),626070(1)
AIIMS SO,Open-PwD,Tamil Nadu,"AIIMS, Madurai",MBBS,1350,190373(1),457195(1),628140(1)
AIIMS SO,SC-PwD,Andhra Pradesh,"AIIMS, Mangalagiri",MBBS,1350,630186(1),630186(1),630186(1)
DU,Open-PwD,Delhi,"UCMS, Delhi",MBBS,31340,631940(3),631940(3),631940(3)
AI,OBC-PwD,Uttar Pradesh,"Govt Med Coll, Azamgarh",MBBS,24000,425712(1),633656(1),633656(1)
AI,Open-PwD,Jammu and Kashmir,"Government Medical Coll, Doda",MBBS,26250,-,633921(1),633921(1)
AI,Open-PwD,Karnataka,"Gadag IMS, Gadag",MBBS,64350,634448(1),634448(1),634448(1)
AIIMS SO,ST-PwD,Madhya Pradesh,"AIIMS, Bhopal",MBBS,1350,636315(1),636315(1),636315(1)
AI,SC-PwD,Maharashtra,"BJMC, Pune",MBBS,158600,639172(1),639172(1),639172(1)
AI,Open-PwD,Uttar Pradesh,"Govt Med Coll, Kannauj",MBBS,24000,532373(1),409274(1),642228(1)
DEEMED PS,Open,Maharashtra,"Datta Meghe Med Coll, Nagpur",MBBS,2325000,393512(127),494727(170),642393(221)
AI,OBC-PwD,Madhya Pradesh,"GMC, Sheopur",MBBS,100000,-,643974(1),643974(1)
AI,Open-PwD,Haryana,"BPS Govt Med Coll, Sonepat",MBBS,61410,590335(1),644774(1),644774(1)
ES,ST,Assam,"ESIC, Beltola",MBBS,24000,-,-,645840(2)
IP,Open-PwD,Delhi,"ESI, Basaidarpur, Delhi",MBBS,100000,-,-,646606(1)
AI,OBC-PwD,Bihar,"AN Magadh, Gaya",MBBS,9500,648874(1),648874(1),648874(1)
AI,Open-PwD,Karnataka,"Bidar IMS, Bidar",MBBS,64350,519024(1),650531(1),650531(1)
AI,SC-PwD,Uttar Pradesh,"GSVM Med Coll, Kanpur",MBBS,24000,655619(1),655619(1),655619(1)
DEEMED PS,Open,Tamil Nadu,"Vinayaka Missions, Salem",MBBS,2250000,549662(150),636297(150),656654(150)
DEEMED PS,Open,Tamil Nadu,"Meenakshi Med Coll, Enathur",MBBS,2300000,558109(250),593831(250),657379(250)
AI,SC-PwD,Haryana,"Kalpana Chawala Govt MC,Karnal",MBBS,61410,658829(1),658829(1),658829(1)
AI,Open-PwD,Karnataka,Chikkaballapura Inst Of Med Sci,MBBS,64350,724237(1),658912(1),658912(1)
DEEMED PS,Open,Maharashtra,"DY Patil UniversitySclofMed,Taluka Maval",MBBS,2500000,-,507898(42),661567(89)
IP CW,OBC,Delhi,"VMMC, Delhi",MBBS,41000,661920(2),661920(2),661920(2)
AI,OBC-PwD,Gujarat,"Govt Med Coll, Bhavnagar",MBBS,25000,556124(1),662953(1),662953(1)
DEEMED PS,Open,Maharashtra,"BVDU, Sangli",MBBS,2552550,440671(127),552224(212),665302(212)
AI,Open-PwD,Bihar,"Government Med Coll, Purnea",MBBS,9500,680755(1),665895(1),665895(1)
AI,OBC-PwD,Dadra and Nagar Haveli,"NAMO MERI Govt MedColl,Silvassa",MBBS,53000,668699(1),668699(1),668699(1)
AI,Open-PwD,Rajasthan,"RUHS, Jaipur",MBBS,96029,178343(1),395319(1),670804(1)
AIIMS SO,SC-PwD,West Bengal,"AIIMS, Kalyani",MBBS,1350,671008(1),671008(1),671008(1)
AI,OBC-PwD,Telangana,"ESIC Med Coll,Sanath Nagar",MBBS,100000,672196(1),672196(1),672196(1)
DEL CW,SC,Delhi,"MAMC, Delhi",MBBS,2095,673480(1),673480(1),673480(1)
BHU SO,SC-PwD,Uttar Pradesh,"IMS(BHU), Varanasi",MBBS,33739,674805(1),674805(1),674805(1)
AI,OBC-PwD,Maharashtra,"Grant Med Coll, Mumbai",MBBS,158600,213016(1),215403(1),677552(1)
AI,Open-PwD,Assam,"Assam Med Coll, Dibrugarh",MBBS,6400,432536(1),677936(2),677936(2)
AI,Open-PwD,Rajasthan,"Govt Med Coll, Baran",MBBS,96029,678151(1),678151(1),678151(1)
AIIMS SO,EWS-PwD,Gujarat,"AIIMS, Rajkot",MBBS,1350,392062(1),680755(1),680755(1)
AI,Open-PwD,Jammu and Kashmir,"Government Med Coll, Udhampur",MBBS,27060,444121(1),681546(1),681546(1)
DEEMED PS,Open,Karnataka,"Sri Siddhartha DentColl,Tumkur",BDS,311000,683300(34),683300(34),683300(34)
AI,Open-PwD,Uttar Pradesh,"ESIC MedCollHosp,Noida",MBBS,100000,-,591778(1),686197(1)
AIIMS SO,SC-PwD,Chhattisgarh,"AIIMS, Raipur",MBBS,1350,230742(1),637953(1),686509(1)
AI,OBC-PwD,West Bengal,"RG Kar Med Coll, Kolkata",MBBS,9000,542417(1),688351(1),688351(1)
AI,OBC-PwD,Haryana,"Kalpana Chawala Govt MC,Karnal",MBBS,61410,644774(1),693321(1),693321(1)
DEEMED PS,Open,Pondicherry,"Vinayaka Missions, Karaikal",MBBS,2188000,491918(150),633931(150),693547(150)
AI,Open-PwD,Himachal Pradesh,"DrRadhakrishnan GovtColl,Hamirpur",MBBS,50000,326789(1),326789(1),695650(1)
AI,Open-PwD,Gujarat,"ESIC Med Coll, Naroda",MBBS,100000,-,697486(1),697486(1)
DEEMED PS,Open,Haryana,"MM Coll Dental, Mullana,Ambala",BDS,318300,697765(100),697765(100),697765(100)
AI,Open-PwD,Madhya Pradesh,"NSC Bose Med Coll, Jabalpur",MBBS,100000,228719(1),699953(1),699953(1)
AI,Open-PwD,Karnataka,"Shri Atal Bihari Vajpayee, BLR",MBBS,64350,414537(1),686197(1),702132(1)
DEEMED PS,Open,Tamil Nadu,"SRM Med Coll, Kancheepuram",MBBS,2800000,496509(247),611782(247),704056(249)
AI,EWS-PwD,Rajasthan,"SNMC, Jodhpur",MBBS,96100,708263(1),708263(1),708263(1)
AIIMS SO,OBC-PwD,Tamil Nadu,"AIIMS, Madurai",MBBS,1350,409125(1),510735(1),709434(1)
AI,OBC-PwD,Assam,"Jorhat Med Coll, Jorhat",MBBS,6400,676411(1),711428(1),711428(1)
DEEMED NRI,Open,Karnataka,"AB Shetty Mem IDS, Mangalore",BDS,807000,711985(3),711985(3),711985(3)
IP CW,Open,Delhi,"ABVIMS (Dr RML Hosp), Delhi",MBBS,41000,712303(2),712303(2),712303(2)
AI,Open-PwD,Andhra Pradesh,"Government Med Coll, Nandyal",MBBS,15000,868093(1),713802(1),713802(1)
AI,Open-PwD,West Bengal,"Govt Med Coll, Raiganj",MBBS,9000,617511(1),718507(1),718507(1)
DEEMED PS,Open,Maharashtra,"BV Dental Coll, Navi Mumbai",BDS,591250,697340(90),718996(90),718996(90)
AI,Open-PwD,West Bengal,"Prafulla CS Govt Med, Arambagh",MBBS,9000,473110(1),719780(1),719780(1)
DEEMED PS,Open,Maharashtra,"DYPatil Dent Coll, Navi Mumbai",BDS,875000,688701(98),720648(98),720648(98)
DEEMED PS,Open,Maharashtra,"School of DentSci, KIMS, Karad",BDS,425000,722952(95),720739(95),720739(95)
AI,Open-PwD,Andhra Pradesh,SVIMS-Sri Padmavathi,MBBS,67900,723626(1),723626(1),723626(1)
AI,OBC-PwD,Uttar Pradesh,"Govt Med Coll, Lakhimpur Kheri",MBBS,24000,709434(1),724062(1),724062(1)
DEEMED NRI,Open,Karnataka,"KS Hegde, Mangalore",MBBS,2828000,719446(39),727323(38),727323(38)
AI,ST-PwD,Dadra and Nagar Haveli,"NAMO MERI Govt MedColl,Silvassa",MBBS,53000,729673(1),729673(1),729673(1)
AIIMS SO,SC-PwD,Assam,"AIIMS, Guwahati",MBBS,1350,730492(1),730492(1),730492(1)
DEEMED PS,Open,Uttar Pradesh,"Santosh Dental Coll, Ghaziabad",BDS,280000,731183(100),731183(100),731183(100)
AI,Open-PwD,Maharashtra,"Rajiv Gandhi MC & CSMH, Thane",MBBS,158600,367321(1),365368(1),734012(1)
DEEMED PS,Open,Tamil Nadu,"ACS Med Coll, Chennai",MBBS,2500000,587084(212),612027(212),736125(231)
AI,Open-PwD,Punjab,"Guru Govind Singh, Faridkot",MBBS,192000,526701(1),736249(1),736249(1)
AI,Open-PwD,Tamil Nadu,"Madras Med Coll, Chennai",MBBS,18073,293085(1),739486(1),739486(1)
AI,SC-PwD,Gujarat,"Medical College, Baroda",MBBS,25000,743138(1),743138(1),743138(1)
AI,Open-PwD,Odisha,"Saheed Laxman Nayak, Koraput",MBBS,22000,744200(1),744200(1),744200(1)
AI,Open-PwD,Chhattisgarh,"CIMS, Bilaspur",MBBS,50000,527692(1),746311(1),746311(1)
AI,ST-PwD,Telangana,"Osmania Med Coll, Hyderabad",MBBS,14000,747236(1),747236(1),747236(1)
AI,Open-PwD,West Bengal,Murshidabad Med Coll,MBBS,9000,432944(1),784396(1),747846(1)
AI,OBC-PwD,Madhya Pradesh,"Atal Bihari Vajpayee, Vidisha",MBBS,100000,629857(1),582290(1),749341(1)
AI,SC-PwD,Bihar,"Government Med Coll, Purnea",MBBS,9500,749964(1),749964(1),749964(1)
DEEMED PS,Open,Maharashtra,"BV Dental Coll, Sangli",BDS,414750,753902(90),753902(90),753902(90)
AI,OBC-PwD,Odisha,"Government Med Coll, Sundargarh",MBBS,22000,754386(1),754386(1),754386(1)
AI,Open-PwD,Karnataka,"Yadgiri Inst of Med Sci,Yadgiri",MBBS,64350,754480(1),754480(1),754480(1)
MUSLIM MIN,Open,Karnataka,"Yenepoya Dental Coll, Yenepoya",BDS,526000,756553(35),755243(35),755243(35)
DEEMED PS,Open,Pondicherry,"Aarupadai Veedu, Pondicherry",MBBS,2388000,593506(150),684493(150),755831(150)
IP,OBC-PwD,Delhi,"VMMC, Delhi",MBBS,41000,756706(2),756706(2),756706(2)
AI,OBC-PwD,Maharashtra,"Govt Med Coll, Akola",MBBS,158600,325372(1),757014(1),757014(1)
DEEMED PS,Open,Karnataka,"Yenepoya Dental Coll, Yenepoya",BDS,526000,720900(50),758116(50),758116(50)
AI,Open-PwD,Rajasthan,"Jhalawar Med Coll, Jhalawar",MBBS,96029,536372(1),667207(1),758496(1)
JAIN MIN,Open,Gujarat,"KM Shah Dental Coll, Vadadora",BDS,250000,758641(25),758641(25),758641(25)
AI,EWS-PwD,West Bengal,"College of Med & SDH, Kolkata",MBBS,9000,763736(1),763736(1),763736(1)
IP CW,Open,Delhi,"ESI, Basaidarpur, Delhi",MBBS,100000,-,-,764025(1)
AI,OBC-PwD,Uttar Pradesh,"MRA Med Coll, Ambedkarnagar",MBBS,24000,767624(1),767624(1),767624(1)
ES,ST,Karnataka,"ESIC Dental Coll, Gulbarga",BDS,24000,522520(2),596344(2),768641(2)
DEEMED PS,Open,Tamil Nadu,"Chettinad Hosp&RI,Kanchipuram",MBBS,2700000,600008(250),703700(250),768688(250)
AI,OBC-PwD,West Bengal,Bankura Sammilani Med Coll,MBBS,9000,767643(1),769009(1),769009(1)
AIIMS SO,ST-PwD,Jammu and Kashmir,"AIIMS, Jammu",MBBS,1350,770273(1),770273(1),770273(1)
AI,OBC-PwD,Chhattisgarh,"CCM Govt Medical College, Durg",MBBS,50000,771971(1),771971(1),771971(1)
AI,SC-PwD,Maharashtra,"MGIMS, Wardha",MBBS,169410,474394(1),772618(1),772618(1)
DEEMED PS,Open,Odisha,"Inst of Dental Sci,Bhubaneswar",BDS,600000,774006(100),774006(100),774006(100)
AI,SC-PwD,Delhi,"UCMS, Delhi",MBBS,31340,639862(1),774206(1),774206(1)
AI,Open-PwD,Madhya Pradesh,"Government Med Coll, Satna",MBBS,100000,513297(1),774929(1),774929(1)
IP CW,OBC,Delhi,"ABVIMS (Dr RML Hosp), Delhi",MBBS,41000,780907(1),780907(1),780907(1)
DEEMED PS,Open,Gujarat,"KM Shah Dental Coll, Vadadora",BDS,375000,788470(75),781187(75),781187(75)
AI,Open-PwD,Tamil Nadu,"Govt Med Coll, Ramanathapuram",MBBS,18073,781291(1),781291(1),781291(1)
AIIMS SO,ST-PwD,Odisha,"AIIMS, Bhubaneswar",MBBS,1350,781610(1),781610(1),781610(1)
AI,OBC-PwD,Rajasthan,"SNMC, Jodhpur",MBBS,96100,331364(1),783374(1),783374(1)
AI,Open-PwD,Tamil Nadu,"Rajah Muthiah MC, Annamalai",MBBS,18073,785589(1),785589(1),785589(1)
AIIMS SO,ST-PwD,Delhi,"AIIMS, Delhi",MBBS,1350,296155(1),785618(1),785618(1)
AI,Open-PwD,Uttar Pradesh,"Auton. State Med Coll,Amethi",MBBS,24000,-,-,785623(1)
AI,OBC-PwD,Maharashtra,"Govt Med Coll, Miraj",MBBS,158600,349357(1),603005(1),786461(1)
AI,SC-PwD,Uttar Pradesh,"Shaik-ul-Hind, Saharanpur",MBBS,24000,703861(1),-,789747(1)
AI,OBC-PwD,Karnataka,"Raichur IMS, Raichur",MBBS,64350,790290(1),790290(1),790290(1)
AI,Open-PwD,Madhya Pradesh,"Govt Med Coll, Ratlam",MBBS,100000,516382(1),792211(1),792211(1)
AI,Open-PwD,Tamil Nadu,"Stanley Med Coll, Chennai",MBBS,18073,383905(1),796403(1),796403(1)
AI,SC-PwD,Uttar Pradesh,"Govt Med Coll, Auraiya",MBBS,24000,1208862(1),797132(1),797132(1)
DEEMED PS,Open,Haryana,"Manav Rachna Dental, Faridabad",BDS,415000,798698(98),798698(98),798698(98)
AI,OBC-PwD,Chhattisgarh,"Lakhi Ram Agrawal, Raigarh",MBBS,50000,762665(1),807586(1),807586(1)
DEEMED PS,Open,Tamil Nadu,"Shri Satya Sai, Kancheepuram",MBBS,2402000,640116(250),724488(250),811496(250)
AI,OBC-PwD,Jammu and Kashmir,"Government Med Coll, Udhampur",MBBS,27060,801338(1),813421(1),813421(1)
DEEMED PS,Open,Pondicherry,"MGMC & RI, Pondicherry",MBBS,2702000,581782(225),724279(225),814210(249)
AI,OBC-PwD,Maharashtra,"Government Med Coll, Hingoli",MBBS,158600,677552(1),814740(1),814740(1)
AI,OBC-PwD,Odisha,"Pt Raghunath Med Coll,Baripada",MBBS,22000,817190(1),817190(1),817190(1)
IP CW,EWS,Delhi,"VMMC, Delhi",MBBS,41000,817768(1),817768(1),817768(1)
DEEMED NRI,Open,Maharashtra,"MGM Med Coll,Panvel",MBBS,5160000,-,-,820110(15)
AI,ST-PwD,Madhya Pradesh,"MGM Med Coll, Indore",MBBS,100000,-,826710(1),826710(1)
AI,OBC-PwD,Rajasthan,"RNT, Udaipur",MBBS,96029,413489(1),826892(1),826892(1)
AI,OBC-PwD,Maharashtra,"Lokmanya Tilak, Sion, Mumbai",MBBS,158600,356620(1),413489(1),827817(1)
DEEMED PS,Open,Maharashtra,"Sharad Pawar Dent Coll, Wardha",BDS,460000,827913(100),827913(100),827913(100)
AI,Open-PwD,Andhra Pradesh,"Govt Med Coll, Rajamahendravaram",MBBS,15000,828030(1),828030(1),828030(1)
DEEMED PS,Open,Tamil Nadu,"Meenakshi Ammal Dental,Chennai",BDS,550000,828185(100),828185(100),828185(100)
AI,Open-PwD,Uttarakhand,"Soban Singh Govt Inst, Almora",MBBS,150000,652906(1),828775(1),828775(1)
AI,OBC-PwD,Madhya Pradesh,"Government Med Coll, Satna",MBBS,100000,555592(1),829145(1),829145(1)
AI,Open-PwD,Tamil Nadu,Coimbatore Med Coll,MBBS,18073,510735(1),829466(1),829466(1)
AI,Open-PwD,Maharashtra,"Govt Med Coll, Alibag",MBBS,158600,456250(1),525315(1),831158(1)
DEEMED NRI,Open,Jharkhand,"Manipal TataMedColl,Jamshedpur",MBBS,2390800,832414(5),832414(7),832414(7)
AI,OBC-PwD,Bihar,"Jannayak Karpoori Med,Madhepura",MBBS,9500,692794(1),835024(1),835024(1)
AI,OBC-PwD,Karnataka,"Chamrajanagar IMS, Karnataka",MBBS,64350,837599(1),837599(1),837599(1)
AI,OBC-PwD,Maharashtra,"Government Med Coll, Washim",MBBS,158600,505311(1),839378(1),839378(1)
AI,Open-PwD,Tamil Nadu,"Govt Med Coll, Karur",MBBS,18073,839727(1),839727(1),839727(1)
DEEMED PS,Open,Pondicherry,"IG Inst Dental Sci,Pondicherry",BDS,342000,847005(100),847005(100),847005(100)
AI,Open-PwD,Odisha,"Pt Raghunath Med Coll,Baripada",MBBS,22000,736249(1),848426(1),848426(1)
DEEMED PS,Open,Tamil Nadu,"Sree Balaji Med Coll, Chennai",MBBS,3050000,707998(245),773612(245),854232(248)
AIIMS SO,ST-PwD,Bihar,"AIIMS, Patna",MBBS,1350,856041(1),856041(1),856041(1)
DU,Open-PwD,Delhi,"Lady Hardinge, Delhi",MBBS,1665,857937(4),857937(4),857937(4)
AI,EWS-PwD,Uttar Pradesh,"Auton. State Med Coll, Deoria",MBBS,24000,858784(1),858784(1),858784(1)
AI,OBC-PwD,West Bengal,"College of Med & SDH, Kolkata",MBBS,9000,648027(1),859291(1),859291(1)
DEEMED NRI,Open,Gujarat,"SBKS, Vadadora",MBBS,3440000,-,861535(3),861535(6)
JamiaNRI,Open,Delhi,"Faculty of Dent,Jamial Millia",BDS,4300000,862025(2),862025(2),862025(2)
AI,EWS-PwD,Jammu and Kashmir,"Govt Med Coll, Srinagar",MBBS,26250,-,864942(1),864942(1)
AI,Open-PwD,Maharashtra,"Shri VR Naik Govt, Yavatmal",MBBS,158600,457571(1),663228(1),867744(1)
AI,OBC-PwD,Rajasthan,"Government Med Coll,Chittorgarh",MBBS,96029,677931(1),868162(1),868162(1)
AI,OBC-PwD,Gujarat,"MP Shah, Jamnagar",MBBS,25000,390081(1),753195(1),868360(1)
DEEMED PS,Open,Tamil Nadu,"Bhaarat Med Coll, Chennai",MBBS,2750000,657379(150),775178(200),870855(250)
AI,Open-PwD,Maharashtra,"Government Med Coll, Jalna",MBBS,158600,439152(1),599042(1),872406(1)
DEEMED PS,Open,Pondicherry,"SLIMS, Pondicherry",MBBS,2600000,733697(250),805731(250),874293(250)
DEEMED PS,Open,Odisha,"Kalinga IDS, Bhubaneswar",BDS,650000,875884(100),874903(100),874903(100)
AI,OBC-PwD,Uttarakhand,"Doon Med Coll, Dehradun",MBBS,150000,665001(1),665001(1),875148(1)
AI,OBC-PwD,Telangana,"Govt Med Coll, Suryapet",MBBS,14000,875149(1),875149(1),875149(1)
AI,Open-PwD,Assam,"ESIC, Beltola",MBBS,100000,-,-,875303(1)
AI,Open-PwD,Maharashtra,"MGIMS, Wardha",MBBS,169410,277830(1),402421(1),875780(1)
AI,SC-PwD,Kerala,"Govt Med Coll, Kozhikode",MBBS,23150,876255(1),876255(1),876255(1)
AI,SC-PwD,Rajasthan,"Govt Med Coll, Banswara",MBBS,96029,877538(1),877538(1),877538(1)
AI,OBC-PwD,Uttar Pradesh,"Auton. State Med Coll,Mirzapur",MBBS,24000,421374(1),758496(1),881663(1)
AI,Open-PwD,Telangana,"Govt Med Coll, Kumuram Bheem",MBBS,14000,889755(1),889755(1),889755(1)
DEEMED PS,Open,Tamil Nadu,"Sree Balaji DentalColl,Chennai",BDS,500000,891273(100),891273(100),891273(100)
AI,Open-PwD,Andhra Pradesh,"Rangaraya Med Coll, Kakinada",MBBS,15000,465290(1),893528(1),893528(1)
AI,Open-PwD,Madhya Pradesh,"Govt Med Coll, Chhindwara",MBBS,100000,-,821817(1),894163(1)
AI,Open-PwD,Kerala,"Government Med Coll, Idukki",MBBS,23150,376372(1),1021236(1),894551(1)
AI,Open-PwD,Kerala,"Govt Med Coll, Thrissur",MBBS,23150,165096(1),895149(1),895149(1)
AI,Open-PwD,Karnataka,"Raichur IMS, Raichur",MBBS,64350,618950(1),831158(1),896492(1)
AI,Open-PwD,Rajasthan,"Govt Med Coll, Jhunjhunu",MBBS,96029,588641(1),642228(1),901297(1)
DEEMED NRI,Open,Tamil Nadu,"SRM Med Coll, Kancheepuram",MBBS,4300000,886880(1),-,902651(1)
DEEMED PS,Open,Tamil Nadu,"JR Med Coll & Hosp, Avanampattu",MBBS,2600000,734672(150),821077(150),903981(200)
AI,EWS-PwD,West Bengal,Midnapore Medical College,MBBS,9000,1179350(1),904513(1),904513(1)
DEEMED PS,Open,Telangana,"Malla Reddy InstofDent Sci,HYD",BDS,400000,914227(100),908971(100),908971(100)
AI,Open-PwD,Maharashtra,"Government Med Coll, Bhandara",MBBS,158600,458952(1),809364(1),909911(1)
AI,OBC-PwD,Andhra Pradesh,SVIMS-Sri Padmavathi,MBBS,67900,916173(1),916173(1),916173(1)
DEL CW,OBC,Delhi,"UCMS, Delhi",MBBS,31340,917810(2),917810(2),917810(2)
AI,Open-PwD,Maharashtra,"Govt Med Coll, Nandurbar",MBBS,158600,483845(1),827817(1),918447(1)
AI,Open-PwD,Telangana,"Govt Med Coll, Nagarkurnool",MBBS,14000,846098(1),866312(1),919523(1)
AI,OBC-PwD,Andhra Pradesh,"Rajiv Gandhi IMS, Ongole",MBBS,15000,919870(1),919870(1),919870(1)
DU,Open-PwD,Delhi,"Maulana Azad IDS, New Delhi",BDS,5395,747846(1),921198(1),921198(1)
AI,SC-PwD,Himachal Pradesh,"RPG, Tanda",MBBS,50000,921855(1),921855(1),921855(1)
AI,SC-PwD,Uttar Pradesh,"Auton. State Med Coll,Mirzapur",MBBS,24000,922467(1),922467(1),922467(1)
AI,Open-PwD,Chhattisgarh,"Govt Med Coll, Kanker",MBBS,50000,695650(1),695650(1),927021(1)
AI,OBC-PwD,Andhra Pradesh,"Government Med Coll, Eluru",MBBS,15000,927401(1),927401(1),927401(1)
AI,Open-PwD,Telangana,"Govt Med Coll, Suryapet",MBBS,14000,734012(1),896492(1),929839(1)
AI,ST-PwD,Haryana,"Kalpana Chawala Govt MC,Karnal",MBBS,61410,-,-,933514(1)
AI,Open-PwD,Telangana,Govt Med Coll Jangaon,MBBS,14000,557153(1),934284(1),934284(1)
DEEMED PS,Open,Telangana,"MallaReddy DentalColl Women,HYD",BDS,375000,938464(100),938464(100),938464(100)
AI,OBC-PwD,Rajasthan,"Govt Med Coll, Bharatpur",MBBS,96029,605490(1),939435(1),939435(1)
AI,EWS-PwD,Uttar Pradesh,"Govt Med Coll, Shahjhanpur",MBBS,24000,940973(1),940973(1),940973(1)
DEEMED PS,Open,Tamil Nadu,"Sathyabhama DentalColl,Chennai",BDS,400000,943205(100),943205(100),943205(100)
AI,SC-PwD,West Bengal,"MJN Med Coll, Coochbehar",MBBS,9000,-,944362(1),944362(1)
AMU NR,Open,Uttar Pradesh,"Dr ZA Dental Coll, AMU,Aligarh",BDS,860000,444196(2),945143(5),945143(5)
AI,Open-PwD,Madhya Pradesh,"Govt Med Coll, Khandwa",MBBS,100000,591532(1),863433(1),946638(1)
DEEMED PS,Open,Tamil Nadu,"VinayakaMissionsDentColl,Salem",BDS,400000,947032(100),947032(100),947032(100)
AI,OBC-PwD,Rajasthan,"Government Med Coll, Dholpur",MBBS,96029,478569(1),947809(1),947809(1)
AI,OBC-PwD,Karnataka,"Gulbarga IMS, Gulbarga",MBBS,64350,228047(1),947817(2),947817(2)
AI,OBC-PwD,Uttar Pradesh,"Govt Med Coll, Chandauli",MBBS,24000,760593(1),948797(1),948797(1)
JPMR SO,OBC-PwD,Pondicherry,"JIPMER, Karaikal",MBBS,1200,476905(1),948886(1),948886(1)
AI,OBC-PwD,Telangana,"Government Med Coll, Sangareddy",MBBS,14000,603005(1),950726(1),950726(1)
AI,OBC-PwD,Karnataka,"Mandya IMS, Mandya",MBBS,64350,757014(1),951870(1),951870(1)
AI,OBC-PwD,Uttar Pradesh,"ESIC, Varanasi",MBBS,100000,-,-,954114(1)
AI,OBC-PwD,Assam,"Nalbari Medical College, Nalbari",MBBS,6400,643723(1),954124(1),954124(1)
AI,OBC-PwD,West Bengal,"Diamond Harbour Govt MC, WB",MBBS,9000,689156(1),954114(2),955463(2)
AI,SC-PwD,Andhra Pradesh,"Kurnool Med Coll, Kurnool",MBBS,15000,955901(1),955901(1),955901(1)
AI,Open-PwD,Telangana,Govt Med Coll Narsampet,MBBS,14000,645030(1),999235(1),957117(1)
AM,Open-PwD,Uttar Pradesh,"JNMC (AMU), Aligarh",MBBS,60300,961095(4),961095(4),961095(4)
AI,OBC-PwD,Maharashtra,"Govt Med Coll, Gondia",MBBS,158600,642727(1),856657(1),965864(1)
AI,Open-PwD,Madhya Pradesh,"Govt Med Coll, Mandsaur",MBBS,100000,681546(1),875780(1),970393(1)
AI,Open-PwD,West Bengal,Purulia Govt Med Coll,MBBS,9000,534498(1),747846(1),973018(1)
AI,EWS-PwD,Uttarakhand,"Doon Med Coll, Dehradun",MBBS,150000,973538(1),973538(1),973538(1)
AI,EWS-PwD,Maharashtra,"Shri VR Naik Govt, Yavatmal",MBBS,158600,863554(1),974540(1),974540(1)
AI,Open-PwD,Telangana,"Govt Med Coll, Nalgonda",MBBS,14000,617644(1),977798(1),977798(1)
AI,OBC-PwD,Assam,"Dhubri Medical College, Dhubri",MBBS,6400,738812(1),978464(1),978464(1)
AI,OBC-PwD,Kerala,"Government Medical Coll, Konni",MBBS,23150,414453(1),1095563(1),985431(1)
AI,OBC-PwD,Rajasthan,"Govt Med Coll, Dungapur",MBBS,96029,653213(1),985532(1),985532(1)
AI,OBC-PwD,Maharashtra,"Shri VR Naik Govt, Yavatmal",MBBS,158600,549269(1),770026(1),985681(1)
DEEMED PS,Open,Tamil Nadu,"Thaimoogambigai Dental,Chennai",BDS,450000,988990(100),988990(100),988990(100)
AI,OBC-PwD,Madhya Pradesh,"Govt Med Coll, Khandwa",MBBS,100000,826892(1),991072(1),991072(1)
AI,EWS-PwD,Telangana,"ESIC Med Coll,Sanath Nagar",MBBS,100000,991459(1),991459(1),991459(1)
AI,EWS-PwD,Assam,Nagaon Medical College,MBBS,6400,992270(1),992270(1),992270(1)
AI,SC-PwD,Jharkhand,"Palamu Medical College, Palamu",MBBS,9200,-,996115(1),996115(1)
AI,SC-PwD,Karnataka,"KIMS, Hubli",MBBS,64350,999128(1),999128(1),999128(1)
AI,Open-PwD,West Bengal,Burdwan Medical College,MBBS,9000,396838(1),702132(1),999414(1)
AI,Open-PwD,Gujarat,"Govt Med College (GMERS), Morbi",MBBS,375000,702071(1),636416(1),1003115(1)
DEEMED NRI,Open,Karnataka,"KLE VK Inst of DentSci,Belgaum",BDS,1075000,-,-,1004170(2)
AI,OBC-PwD,Rajasthan,"Govt Med Coll, Sawai Madhopur",MBBS,96029,779256(1),1004190(1),1004190(1)
AI,Open-PwD,Kerala,"Government Medical Coll, Konni",MBBS,23150,355160(1),1006086(1),1006086(1)
IP,Open-PwD,Delhi,"ESIC Dental Coll, New Delhi",BDS,100000,921198(1),1006413(1),1006413(1)
AI,OBC-PwD,Odisha,Government Med Coll Bhawanipatna,MBBS,22000,835024(1),955463(1),1011796(1)
AI,OBC-PwD,Chhattisgarh,"Govt Med Coll, Kanker",MBBS,50000,807586(1),1012658(1),1012658(1)
DEEMED NRI,Open,Maharashtra,"MGM Med Coll, Navi Mumbai",MBBS,5160000,977586(30),1013100(30),1013100(30)
DEEMED NRI,Open,Kerala,"Amrita SchoolofDentistry,Kochi",BDS,516000,1082566(3),1014584(3),1014584(3)
AI,ST-PwD,Telangana,"ESIC Med Coll,Sanath Nagar",MBBS,100000,1017997(1),1017997(1),1017997(1)
AI,OBC-PwD,Telangana,"Kakatiya Med Coll, Warangal",MBBS,14000,721189(1),144418(1),1018550(1)
AI,Open-PwD,Andhra Pradesh,"ACSR Govt Med Coll, Nellore",MBBS,15000,542155(1),867744(1),1021236(1)
AI,Open-PwD,Rajasthan,"Govt Med Coll, Dungapur",MBBS,96029,508814(1),798374(1),1022189(1)
AI,Open-PwD,Telangana,"Government Med Coll, Jagtial",MBBS,14000,878749(1),1025507(1),1025507(1)
AI,Open-PwD,Tamil Nadu,"Govt Med Coll, Dindigul",MBBS,18073,393357(1),1011796(1),1028297(1)
AI,Open-PwD,Odisha,"Govt Med Coll and Hosp, Jajpur",MBBS,22000,590717(1),575995(1),1029750(1)
DEL CW,Open,Delhi,"MAMC, Delhi",MBBS,2095,1031573(5),1031573(5),1031573(5)
IP,OBC-PwD,Delhi,"ABVIMS (Dr RML Hosp), Delhi",MBBS,41000,1034973(1),1034973(1),1034973(1)
AI,OBC-PwD,Haryana,"AB Vajpay GovtMedColl,Faridabad",MBBS,61410,693321(1),946839(1),1036545(1)
AI,Open-PwD,Gujarat,"Govt Med Coll (GMERS), Porbandar",MBBS,375000,646606(1),646606(1),1037462(1)
AI,OBC-PwD,Haryana,"Maharishi Chyawan Med Coll,Koriawas",MBBS,61410,-,872905(1),1039159(1)
AI,OBC-PwD,Mizoram,"Zoram Med Coll, Mizoram",MBBS,49150,925993(1),1039277(1),1039277(1)
AI,OBC-PwD,Andhra Pradesh,"ACSR Govt Med Coll, Nellore",MBBS,15000,628885(1),1040503(1),1040503(1)
JPMR SO,EWS-PwD,Pondicherry,"JIPMER, Puducherry",MBBS,1200,479678(1),1040877(1),1040877(1)
DEEMED NRI,Open,Maharashtra,"Rural Dental Coll, Loni",BDS,1770740,-,1003176(1),1041173(4)
DEEMED NRI,Open,Odisha,"Kalinga IMS, Bhubaneswar",MBBS,4300000,1004369(2),967110(6),1041649(10)
AI,Open-PwD,Tamil Nadu,"Govt Med Coll, Krishnagiri",MBBS,18073,675803(1),1045980(1),1045980(1)
AI,OBC-PwD,Jammu and Kashmir,"Government Med Coll,Rajouri",MBBS,26250,918298(1),1048709(1),1048709(1)
AI,OBC-PwD,Karnataka,"VIMS, Bellary",MBBS,64350,658774(1),1054935(1),1054935(1)
AI,OBC-PwD,Telangana,"Government Med Coll, Karimnagar",MBBS,14000,863433(1),1055405(1),1055405(1)
AIIMS SO,ST-PwD,Uttar Pradesh,"AIIMS, Rai Bareli",MBBS,1350,1057165(1),1057165(1),1057165(1)
AIIMS SO,ST-PwD,Rajasthan,"AIIMS, Jodhpur",MBBS,1350,826710(1),1057596(1),1057596(1)
AI,OBC-PwD,Telangana,"Government Med Coll, Wanaparthy",MBBS,14000,926068(1),1058105(1),1058105(1)
AI,OBC-PwD,Andhra Pradesh,Govt Med Coll Machilipatnam,MBBS,15000,774189(1),1058240(1),1058240(1)
AI,OBC-PwD,Andhra Pradesh,"Guntur Med Coll, Guntur",MBBS,15000,673409(1),1058799(1),1058799(1)
AI,Open-PwD,Tamil Nadu,"Govt Med Coll, Nilgiris",MBBS,18073,542436(1),1059199(1),1059199(1)
AI,Open-PwD,Chhattisgarh,"BaliramKashyap NDMC, Jagdalpur",MBBS,50000,635571(1),929839(1),1060971(1)
AI,Open-PwD,Tamil Nadu,"Govt Med Coll, Virudhunagar",MBBS,18073,785870(1),1062708(1),1062708(1)
DEEMED NRI,Open,Maharashtra,"DY Patil Dental Coll, Pune",BDS,1462000,1035884(1),1056215(2),1063333(4)
ES,OBC-PwD,Haryana,"ESI Med Coll, Faridabad",MBBS,24000,1065084(1),1065084(1),1065084(1)
AI,OBC-PwD,Tamil Nadu,"ESI PGIMSR, KK Nagar, Chennai",MBBS,100000,830257(1),985681(1),1065158(1)
AI,EWS-PwD,Rajasthan,"Jhalawar Med Coll, Jhalawar",MBBS,96029,-,1065503(1),1065503(1)
DEEMED NRI,Open,Maharashtra,"School of DentSci, KIMS, Karad",BDS,602000,1065522(1),1065522(5),1065522(5)
AI,EWS-PwD,Haryana,"Pt Neki Ram Sharma GovtMedColl, Bhiwani",MBBS,61410,-,1070391(1),1070391(1)
AI,OBC-PwD,Tamil Nadu,"Govt Med Coll, Dindigul",MBBS,18073,604972(1),1070479(1),1070479(1)
DEEMED NRI,Open,Maharashtra,Mahatma Gandhi Mission Vashi,MBBS,5160000,1078205(15),1078205(15),1078205(15)
DEEMED NRI,Open,Maharashtra,"BV Dental Coll, Sangli",BDS,1833090,-,1081720(1),1081720(2)
AI,OBC-PwD,Gujarat,"Govt Med Coll (GMERS), Porbandar",MBBS,375000,697486(1),1036545(1),1086133(1)
DEEMED NRI,Open,Kerala,"Amrita School of Med, Kochi",MBBS,4379980,1067298(20),1099672(19),1087311(18)
JAIN MIN,Open,Gujarat,"SBKS, Vadadora",MBBS,2275000,681238(106),785540(106),1087718(103)
AI,Open-PwD,Odisha,"Govt Med Coll, Balasore",MBBS,22000,699953(1),1003115(1),1092926(1)
AI,Open-PwD,Karnataka,Kodagu Inst of Med Sciences,MBBS,64350,541066(1),872406(1),1093495(1)
DEEMED NRI,Open,Haryana,"MMIMS, Mullana, Ambala",MBBS,3440000,1075158(2),1084838(6),1095555(10)
DEEMED NRI,Open,Maharashtra,"MGM Med Coll, Aurangabad",MBBS,5160000,1095728(30),1095728(38),1095728(38)
DEEMED NRI,Open,Maharashtra,"DY Patil, Pimpri, Pune",MBBS,5160000,875578(3),1095766(8),1095766(13)
DEEMED NRI,Open,Maharashtra,"DYPatil Dent Coll, Navi Mumbai",BDS,Info not available,-,1095938(1),1095938(2)
DEEMED NRI,Open,Tamil Nadu,"Saveetha Dental Coll, Chennai",BDS,Info not available,1096035(1),1096035(1),1096035(1)
DEEMED NRI,Open,Odisha,"IMS & SUM, Bhubaneswar",MBBS,4300000,1112422(2),733286(1),1097578(2)
AI,Open-PwD,Tamil Nadu,Govt Villupuram Med Coll,MBBS,18073,803451(1),1058225(1),1098028(1)
DEEMED NRI,Open,Uttarakhand,"Graphic Era IMS, Dehradun",MBBS,4300000,725378(1),725378(1),1098428(6)
AI,OBC-PwD,Telangana,"Govt Med Coll, Nagarkurnool",MBBS,14000,939435(1),1018550(1),1098545(1)
DEEMED NRI,Open,Maharashtra,"Symbiosis Med Coll Women, Pune",MBBS,3495470,1099519(17),1099519(25),1099519(25)
DEEMED NRI,Open,Uttar Pradesh,"Santosh Med Coll, Ghaziabad",MBBS,4300000,1119695(22),1101947(23),1101947(23)
AI,Open-PwD,Meghalaya,"NEIGRIHMS, Shillong",MBBS,16600,-,630644(1),1102815(1)
AI,Open-PwD,Telangana,"Government Med Coll, Wanaparthy",MBBS,14000,720808(1),1039159(1),1104692(1)
AI,OBC-PwD,Tamil Nadu,"Madurai Med Coll, Madurai",MBBS,18073,530157(1),1112602(1),1112602(1)
AI,Open-PwD,Pondicherry,"IGMC & RI, Pondicherry",MBBS,73700,542402(1),875148(1),1112674(1)
AI,Open-PwD,Telangana,"Government Med Coll, Ramagundam",MBBS,14000,803458(1),1037462(1),1113178(1)
AI,SC-PwD,Jammu and Kashmir,"Government Medical Coll,Kathua",MBBS,26250,1113312(1),1113312(1),1113312(1)
AI,SC-PwD,Chhattisgarh,"Government Med Coll, Korba",MBBS,50000,1078705(1),1078705(1),1114323(1)
AI,EWS-PwD,Maharashtra,"Govt Med Coll, Akola",MBBS,158600,785592(1),623113(1),1115020(1)
AI,Open-PwD,Tamil Nadu,Govt Sivagangai Med Coll,MBBS,18073,848426(1),1116101(1),1116101(1)
AI,OBC-PwD,Kerala,"Govt Med Coll, Kottayam",MBBS,23150,319120(1),1117753(1),1117753(1)
AI,Open-PwD,Manipur,"Govt Med Coll, Churachandpur",MBBS,6000,682344(1),918447(1),1119200(1)
AI,OBC-PwD,Kerala,"Govt Med Coll, Thrissur",MBBS,23150,332382(1),1119616(1),1119616(1)
AI,Open-PwD,Tamil Nadu,Govt Thiruvannamalai Med Coll,MBBS,18073,893129(1),1076952(1),1119849(1)
DEEMED NRI,Open,Maharashtra,"BVDU Dental Coll, Pune",BDS,2024440,1120102(1),1120102(4),1120102(7)
AI,Open-PwD,Andhra Pradesh,"Government Med Coll, Eluru",MBBS,15000,895149(1),946638(1),1120864(1)
AI,Open-PwD,Tamil Nadu,"Govt Med Coll & ESI,Coimbatore",MBBS,18073,686036(1),1029480(1),1120931(1)
AI,Open-PwD,Tamil Nadu,Tirunelveli Med Coll,MBBS,18073,682069(1),1102815(1),1127815(1)
AI,OBC-PwD,Tamil Nadu,"Mohan Kumaramangalam, Salem",MBBS,18073,755145(1),1093495(1),1127954(1)
AI,Open-PwD,Tamil Nadu,Kanyakumari Med Coll,MBBS,18073,329823(1),1098028(1),1138642(1)
DEEMED NRI,Open,Tamil Nadu,"Sree Balaji Med Coll, Chennai",MBBS,5160000,-,-,1140071(2)
AI,OBC-PwD,Tamil Nadu,"Govt Med Coll, Namakkal",MBBS,18073,580976(1),1145270(1),1145270(1)
AI,Open-PwD,Assam,"Govt Dental College, Silchar",BDS,5000,1145889(1),1145889(1),1145889(1)
AI,EWS-PwD,West Bengal,"College of Med & JNM, Kalyani",MBBS,9000,1154614(1),1154614(1),1154614(1)
AI,OBC-PwD,Andhra Pradesh,"Rangaraya Med Coll, Kakinada",MBBS,15000,875148(1),1060971(1),1161027(1)
AI,SC-PwD,Telangana,"Osmania Med Coll, Hyderabad",MBBS,14000,1277887(1),1161052(1),1161052(1)
AI,OBC-PwD,Telangana,"Government Med Coll,Mahabubabad",MBBS,14000,930114(1),999414(1),1161107(1)
AI,EWS-PwD,Karnataka,"Mysore Med Coll, Mysore",MBBS,64350,1161271(1),1161271(1),1161271(1)
DEEMED NRI,Open,Maharashtra,"MGM Med Coll, Nerul",MBBS,5160000,1161561(8),1161561(8),1161561(8)
AI,EWS-PwD,Karnataka,"Belagavi IMS, Belagavi",MBBS,64350,815688(1),1167468(1),1167468(1)
AI,OBC-PwD,Tamil Nadu,"Govt Med Coll, Thiruvallur",MBBS,18073,711428(1),1167724(1),1167724(1)
AI,ST-PwD,Jammu and Kashmir,"Government Medical Coll,Kathua",MBBS,26250,918324(1),1172216(1),1172216(1)
AI,OBC-PwD,Pondicherry,"IGMC & RI, Pondicherry",MBBS,73700,690647(1),1104692(1),1172766(1)
AI,OBC-PwD,Tamil Nadu,Govt Thiruvarur Med Coll,MBBS,18073,945362(1),1180453(1),1173976(1)
DEEMED NRI,Open,Maharashtra,"BV Dental Coll, Navi Mumbai",BDS,2024440,-,789711(1),1179300(4)
AI,EWS-PwD,Gujarat,"PDU Med Coll, Rajkot",MBBS,25000,794265(1),1190424(1),1179350(1)
AI,OBC-PwD,Tamil Nadu,Kanyakumari Med Coll,MBBS,18073,948797(1),1161027(1),1180453(1)
AI,SC-PwD,Assam,Nagaon Medical College,MBBS,6400,1186582(1),1186582(1),1186582(1)
AI,EWS-PwD,Uttar Pradesh,"Govt Med Coll, Auraiya",MBBS,24000,900319(1),900319(1),1190424(1)
AMU SO,Open-PwD,Uttar Pradesh,"Dr ZA Dental Coll, AMU,Aligarh",BDS,53000,1112674(1),-,1194229(1)
ES,Open-PwD,Kerala,"Govt Med Coll, Kollam",MBBS,24000,1197948(1),1197948(1),1197948(1)
AI,EWS-PwD,Telangana,"Govt Med Coll, Nalgonda",MBBS,14000,-,1202783(1),1202783(1)
AI,Open-PwD,Tamil Nadu,"Rajah Muthiah DC, Annamalai",BDS,16073,963428(1),-,1203500(1)
DEEMED NRI,Open,Karnataka,"Siddhartha Med Coll, Tumkur",MBBS,4200000,1203614(8),1203614(14),1203614(19)
AI,EWS-PwD,Tripura,"Agartala Med Coll, Agartala",MBBS,59500,1209143(1),1209143(1),1209143(1)
IP,SC-PwD,Delhi,"VMMC, Delhi",MBBS,41000,-,1209581(2),1209581(2)
DEEMED NRI,Open,Karnataka,"JN Medical College, Belgaum",MBBS,3913000,-,1210774(15),1210774(20)
DEEMED NRI,Open,Odisha,"IMS & SH, Campus II, Phulnakhara",MBBS,3440000,1212647(5),1212647(7),1212647(9)
AI,EWS-PwD,Maharashtra,"HBT & RN Cooper, Mumbai",MBBS,158600,394628(1),96969(1),1213192(1)
DEEMED NRI,Open,Karnataka,"Sri Siddhartha DentColl,Tumkur",BDS,561000,-,-,1216704(4)
DEEMED NRI,Open,Pondicherry,"MGMC & RI, Pondicherry",MBBS,4932014,-,1219466(1),1219466(1)
DEEMED NRI,Open,Tamil Nadu,"Sri Ramachandra Dental,Chennai",BDS,2150000,-,1052508(2),1222179(6)
DEEMED NRI,Open,Telangana,"Malla Reddy IMS, Hyderabad",MBBS,3612000,964234(9),1081637(17),1230338(27)
DEEMED NRI,Open,Karnataka,"Jagadguru Gangadhar, Hubli",MBBS,3913000,1026309(4),1233064(9),1233064(9)
AI,OBC-PwD,Assam,"Regional Dental Coll, Guwahati",BDS,5000,-,-,1237772(1)
AI,ST-PwD,West Bengal,"Nilratan Sircar, Kolkata",MBBS,9000,-,-,1238539(1)
DEEMED NRI,Open,Maharashtra,"DY Patil, Navi Mumbai",MBBS,4730000,1241642(15),1241642(37),1241642(38)
DEEMED NRI,Open,Karnataka,"JSS Med Coll, Mysore",MBBS,3545100,1044410(38),1244680(39),1244680(39)
DEEMED NRI,Open,Karnataka,"Yenepoya Dental Coll, Yenepoya",BDS,626000,1221494(6),1247298(15),1247298(15)
AI,OBC-PwD,West Bengal,"Burdwan Dental Coll, Burdwan",BDS,7800,1033891(1),1241544(1),1252244(1)
AI,SC-PwD,Uttar Pradesh,"Govt Med Coll, Firozobad",MBBS,24000,836913(1),1252703(1),1252703(1)
DEEMED NRI,Open,Andhra Pradesh,"GITAM IMS, Vizag",MBBS,3870000,1091369(2),1091369(11),1256104(19)
DEEMED NRI,Open,Karnataka,"Shri BM Patil, Vijayapura",MBBS,2850000,1163222(16),1259151(19),1259151(22)
BHU SO,OBC-PwD,Uttar Pradesh,"IMS-Faculty of Dental, BHU",BDS,33739,859825(1),1260223(1),1260223(1)
DEEMED NRI,Open,Karnataka,"Yenepoya Med Coll, Mangalore",MBBS,5504000,1244912(19),1259051(22),1261154(27)
DU,OBC-PwD,Delhi,"UCMS, Delhi",MBBS,31340,1262208(2),1262208(2),1262208(2)
DEEMED NRI,Open,Telangana,"Malla Reddy(Women), Hyderabad",MBBS,3612000,1268840(13),1268840(14),1268840(24)
DEEMED NRI,Open,Maharashtra,"DY Patil UniversitySclofMed,Taluka Maval",MBBS,3870000,-,1063339(5),1269276(11)
DEEMED NRI,Open,Karnataka,"SDU Med Coll, Kolar",MBBS,3956000,1269485(14),1269485(30),1269485(30)
DEEMED NRI,Open,Maharashtra,"DY Patil, Kolhapur",MBBS,3612000,1100237(6),1100237(9),1272098(16)
DEEMED NRI,Open,Tamil Nadu,"ACS Med Coll, Chennai",MBBS,3784000,-,1099246(3),1276065(19)
DEEMED NRI,Open,Maharashtra,"BVDU, Pune",MBBS,7426272,1166877(13),1277668(21),1277668(29)
DEEMED NRI,Open,Tamil Nadu,"SRMC & RI, Chennai",MBBS,12900000,1207338(26),1207338(37),1288903(38)
AI,SC-PwD,West Bengal,"College of Med & SDH, Kolkata",MBBS,9000,1289581(1),1289581(1),1289581(1)
DEEMED NRI,Open,Maharashtra,"Krishna IMS, Karad",MBBS,4300000,1290729(21),1290729(38),1290729(38)
DEEMED NRI,Open,Maharashtra,"Rural Med Coll, LONI",MBBS,9611360,1295576(15),1295576(30),1295576(30)
DEEMED NRI,Open,Karnataka,"Sri Siddhartha IMS, T. Begur",MBBS,4300000,511218(1),1244663(4),1296015(12)
AI,ST-PwD,Rajasthan,"Govt Med Coll, Banswara",MBBS,96029,1104436(1),1297532(1),1297532(1)
DEEMED NRI,Open,Maharashtra,"Datta Meghe Med Coll, Nagpur",MBBS,2967000,1289208(8),1243379(22),1300872(29)
DEEMED NRI,Open,Tamil Nadu,"Vels Med Coll, Tiruvallur",MBBS,3594800,-,1246285(3),1302633(25)
AI,SC-PwD,Bihar,"Vardhman IMS, Nalanda",MBBS,9500,1303980(1),1303980(1),1303980(1)
DEEMED NRI,Open,Maharashtra,"JN Med College, Meghe, Wardha",MBBS,2967000,1235972(6),1307331(28),1307331(32)
AI,SC-PwD,Maharashtra,"Shri VR Naik Govt, Yavatmal",MBBS,158600,772618(1),1310157(1),1310157(1)
DU,OBC-PwD,Delhi,"Lady Hardinge, Delhi",MBBS,1665,-,1310758(3),1310758(3)
DEEMED NRI,Open,Haryana,Amrita School of Med. Faridabad,MBBS,4394772,881922(2),881922(3),1312719(7)
AI,ST-PwD,Madhya Pradesh,"Atal Bihari Vajpayee, Vidisha",MBBS,100000,-,1313541(1),1313541(1)
DEEMED NRI,Open,Maharashtra,"BVDU, Sangli",MBBS,7426272,1274187(10),1313591(25),1313591(38)
DEEMED NRI,Open,Tamil Nadu,"Sri Lalithambigai Med, Chennai",MBBS,2838000,1081637(4),1315566(17),1315566(30)
DEEMED NRI,Open,Karnataka,"Rajeshwari, Bangalore",MBBS,3784000,1149195(5),1288464(9),1317215(14)
AI,Open,Meghalaya,"Shillong MedColl, Meghalaya",MBBS,14000,-,-,-
AI,EWS,Delhi,"Maulana Azad IDS, New Delhi",BDS,5395,-,-,-
AI,ST,West Bengal,"Dr R Ahmed Dental Coll,Kolkata",BDS,7800,-,-,-
AI,ST,Kerala,"Govt Dental Coll, Thrissur",BDS,20840,-,-,-
AI,SC-PwD,Uttarakhand,"VCSG Med Coll, Pauri Garhwal",MBBS,150000,480621(1),-,-
AI,SC-PwD,Maharashtra,"Govt Med Coll, Alibag",MBBS,158600,686509(1),-,-
Jamia SO,Open-PwD,Delhi,"Faculty of Dent,Jamial Millia",BDS,41775,702132(1),-,-
AI,SC-PwD,Rajasthan,"RUHS, Jaipur",MBBS,96029,710593(1),-,-
AI,SC-PwD,Maharashtra,"Government Med Coll, Sindhudurg",MBBS,158600,717607(1),-,-
AI,SC-PwD,Rajasthan,"Govt Med Coll, Kota",MBBS,96100,735651(1),-,-
BHU SO,Open-PwD,Uttar Pradesh,"IMS-Faculty of Dental, BHU",BDS,33739,749341(1),749341(1),-
AI,SC-PwD,Dadra and Nagar Haveli,"NAMO MERI Govt MedColl,Silvassa",MBBS,53000,774206(1),-,-
AI,SC-PwD,Madhya Pradesh,"MGM Med Coll, Indore",MBBS,100000,787779(1),-,-
AI,ST-PwD,Mizoram,"Zoram Med Coll, Mizoram",MBBS,49150,835740(1),-,-
AI,SC-PwD,West Bengal,"Nilratan Sircar, Kolkata",MBBS,9000,850483(1),608456(1),-
DEEMED NRI,Open,Haryana,"Manav Rachna Dental, Faridabad",BDS,Info not available,872957(2),872957(1),-
AI,SC-PwD,Maharashtra,"Government Med Coll, Hingoli",MBBS,158600,891703(1),-,-
AI,EWS-PwD,Kerala,"Govt Med Coll, Ernakulam",MBBS,23150,893562(1),-,-
AI,EWS-PwD,Andhra Pradesh,"Govt Med Coll, Rajamahendravaram",MBBS,15000,899074(1),-,-
AI,Open-PwD,Himachal Pradesh,"Govt Med Coll, Chamba",MBBS,50000,432210(1),878749(1),-
AI,Open-PwD,Maharashtra,"Govt Dental Coll, Nagpur",BDS,118900,903910(1),-,-
AI,OBC-PwD,Kerala,"Govt Dental Coll, Kottayam",BDS,20840,920127(1),-,-
AI,Open-PwD,Uttar Pradesh,"Faculty of Dental Sci, Lucknow",BDS,47600,922118(1),-,-
AI,OBC-PwD,Jammu and Kashmir,"Government Med Coll,Anantnag",MBBS,34214,947809(1),-,-
AI,Open-PwD,Karnataka,"Govt Dental Coll, Bellary",BDS,49350,985681(1),-,-
AI,SC-PwD,Odisha,"Pt Raghunath Med Coll,Baripada",MBBS,22000,1010432(1),-,-
AI,EWS-PwD,Tamil Nadu,"Madras Med Coll, Chennai",MBBS,18073,1040877(1),-,-
AI,ST-PwD,Rajasthan,"Govt Med Coll, Kota",MBBS,96100,1057596(1),-,-
AI,Open-PwD,Himachal Pradesh,"Govt Dental Coll, Shimla",BDS,37000,1058225(1),-,-
AI,ST-PwD,Uttar Pradesh,"Govt Med Coll, Firozobad",MBBS,24000,1059319(1),-,-
AI,EWS-PwD,Karnataka,"Gulbarga IMS, Gulbarga",MBBS,64350,1070971(1),1070971(1),-
AI,Open-PwD,Pondicherry,"MG Dental Coll, Pondicherry",BDS,43420,613729(1),1112674(1),-
AI,SC-PwD,Madhya Pradesh,"Government Med Coll, Satna",MBBS,100000,1016849(1),1114323(1),-
AI,SC-PwD,Uttar Pradesh,"Auton. State Med Coll, Deoria",MBBS,24000,1114323(1),-,-
AI,EWS-PwD,Maharashtra,"Government Med Coll, Sindhudurg",MBBS,158600,645153(1),1115020(1),-
AI,EWS-PwD,Madhya Pradesh,"Atal Bihari Vajpayee, Vidisha",MBBS,100000,464857(1),1128815(1),-
AI,Open-PwD,Gujarat,"Govt Dental Coll, Jamnagar",BDS,20000,1145270(1),-,-
AI,SC-PwD,Karnataka,"ESI, Bangalore",MBBS,100000,1161052(1),-,-
AI,EWS-PwD,Chhattisgarh,"Government Med Coll, Korba",MBBS,50000,804918(1),1179350(1),-
AI,OBC-PwD,Tamil Nadu,"Kilpauk Med Coll, Chennai",MBBS,18073,442807(1),-,-
AI,EWS-PwD,Madhya Pradesh,"Govt Med Coll, Shahdol, MP",MBBS,100000,628474(1),1186460(1),-
AI,EWS-PwD,Rajasthan,"Govt Med Coll, Sawai Madhopur",MBBS,96029,1186460(1),-,-
AI,SC-PwD,Tamil Nadu,"Stanley Med Coll, Chennai",MBBS,18073,1191224(1),-,-
AI,Open-PwD,Chhattisgarh,"Govt Dental Coll, Raipur",BDS,20500,1045980(1),1200029(1),-
AI,OBC-PwD,Goa,"Govt Dental Coll, Goa",BDS,152450,1059191(1),1222420(1),-
JPMR SO,ST-PwD,Pondicherry,"JIPMER, Puducherry",MBBS,1200,1238539(1),-,-
AI,ST-PwD,Bihar,"Vardhman IMS, Nalanda",MBBS,9500,-,1238539(1),-
AI,SC-PwD,Assam,"Dhubri Medical College, Dhubri",MBBS,6400,1256849(1),1256849(1),-
AI,OBC-PwD,Maharashtra,"Nair Hosp Dental Coll, Mumbai",BDS,118900,1296691(1),1088140(1),-
AI,SC-PwD,Telangana,"Govt Med Coll, Suryapet",MBBS,14000,1315471(1),1315471(1),-
