State,Institute,Course,Seats,Fee
Delhi,"AIIMS, Delhi",MBBS,48,1350
Delhi,"AIIMS, Delhi",MBBS,0+3(VV),1350
Delhi,"AIIMS, Delhi",MBBS,0+3(VV),1350
Delhi,"MAMC, Delhi",MBBS,14,2095
Delhi,"MAMC, Delhi",MBBS,0+9(VV),2095
Delhi,"MAMC, Delhi",MBBS,0+9(VV),2095
Delhi,"VMMC, Delhi",MBBS,10,41000
Delhi,"VMMC, Delhi",MBBS,0+8(VV),41000
Delhi,"VMMC, Delhi",MBBS,0+8(VV),41000
Delhi,"AIIMS, Delhi",MBBS,33,1350
Delhi,"AIIMS, Delhi",MBBS,1,1350
Delhi,"ABVIMS (Dr RML Hosp), Delhi",MBBS,5,41000
Delhi,"ABVIMS (Dr RML Hosp), Delhi",MBBS,0+5(VV),41000
Delhi,"ABVIMS (Dr RML Hosp), Delhi",MBBS,0+5(VV),41000
Delhi,"VMMC, Delhi",MBBS,5,41000
Delhi,"VMMC, Delhi",MBBS,0+4(VV),41000
Delhi,"VMMC, Delhi",MBBS,0+4(VV),41000
Delhi,"AIIMS, Delhi",MBBS,12,1350
Pondicherry,"JIPMER, Puducherry",MBBS,52,1200
Pondicherry,"JIPMER, Puducherry",MBBS,0+11(VV),1200
Pondicherry,"JIPMER, Puducherry",MBBS,0+10(VV),1200
Delhi,"MAMC, Delhi",MBBS,9,2095
Delhi,"MAMC, Delhi",MBBS,0+2(VV),2095
Delhi,"MAMC, Delhi",MBBS,0+2(VV),2095
Rajasthan,"AIIMS, Jodhpur",MBBS,57,1350
Rajasthan,"AIIMS, Jodhpur",MBBS,0+10(VV),1350
Rajasthan,"AIIMS, Jodhpur",MBBS,0+8(VV),1350
Delhi,"UCMS, Delhi",MBBS,9,31340
Delhi,"UCMS, Delhi",MBBS,0+8(VV),31340
Delhi,"UCMS, Delhi",MBBS,0+8(VV),31340
Madhya Pradesh,"AIIMS, Bhopal",MBBS,47,1350
Madhya Pradesh,"AIIMS, Bhopal",MBBS,3+18(VV),1350
Madhya Pradesh,"AIIMS, Bhopal",MBBS,0+15(VV),1350
Delhi,"AIIMS, Delhi",MBBS,18,1350
Delhi,"AIIMS, Delhi",MBBS,0+1(VV),1350
Delhi,"AIIMS, Delhi",MBBS,0+1(VV),1350
Chandigarh,"GMC, Chandigarh",MBBS,10,24979
Chandigarh,"GMC, Chandigarh",MBBS,0+1(VV),24979
Chandigarh,"GMC, Chandigarh",MBBS,0+1(VV),24979
Delhi,"VMMC, Delhi",MBBS,3,41000
Delhi,"VMMC, Delhi",MBBS,0+1(VV),41000
Delhi,"VMMC, Delhi",MBBS,0+1(VV),41000
Pondicherry,"JIPMER, Puducherry",MBBS,35,1200
Pondicherry,"JIPMER, Puducherry",MBBS,1+3(VV),1200
Pondicherry,"JIPMER, Puducherry",MBBS,0+3(VV),1200
Rajasthan,"AIIMS, Jodhpur",MBBS,38,1350
Rajasthan,"AIIMS, Jodhpur",MBBS,0+1(VV),1350
Rajasthan,"AIIMS, Jodhpur",MBBS,0+1(VV),1350
Odisha,"AIIMS, Bhubaneswar",MBBS,49,1350
Odisha,"AIIMS, Bhubaneswar",MBBS,1+15(VV),1350
Odisha,"AIIMS, Bhubaneswar",MBBS,1+8(VV),1350
Delhi,"MAMC, Delhi",MBBS,4,2095
Delhi,"MAMC, Delhi",MBBS,0+2(VV),2095
Delhi,"MAMC, Delhi",MBBS,0+2(VV),2095
Uttarakhand,"AIIMS, Rishikesh",MBBS,48,1350
Uttarakhand,"AIIMS, Rishikesh",MBBS,1+17(VV),1350
Uttarakhand,"AIIMS, Rishikesh",MBBS,2+11(VV),1350
Gujarat,"BJMC, Ahmedabad",MBBS,14,25000
Gujarat,"BJMC, Ahmedabad",MBBS,0+2(VV),25000
Gujarat,"BJMC, Ahmedabad",MBBS,0+2(VV),25000
Delhi,"ABVIMS (Dr RML Hosp), Delhi",MBBS,2,41000
Delhi,"ABVIMS (Dr RML Hosp), Delhi",MBBS,0+2(VV),41000
Delhi,"ABVIMS (Dr RML Hosp), Delhi",MBBS,0+2(VV),41000
Maharashtra,"AIIMS, Nagpur",MBBS,50,1350
Maharashtra,"AIIMS, Nagpur",MBBS,3+7(VV),1350
Maharashtra,"AIIMS, Nagpur",MBBS,1+5(VV),1350
Uttarakhand,"AIIMS, Rishikesh",MBBS,33,1350
Uttarakhand,"AIIMS, Rishikesh",MBBS,0+13(VV),1350
Uttarakhand,"AIIMS, Rishikesh",MBBS,0+11(VV),1350
Delhi,"ABVIMS (Dr RML Hosp), Delhi",MBBS,5,41000
Delhi,"ABVIMS (Dr RML Hosp), Delhi",MBBS,0+4(VV),41000
Delhi,"ABVIMS (Dr RML Hosp), Delhi",MBBS,0+4(VV),41000
Maharashtra,"Seth GS, Mumbai",MBBS,15,158600
Maharashtra,"Seth GS, Mumbai",MBBS,1+4(VV),158600
Maharashtra,"Seth GS, Mumbai",MBBS,0+3(VV),158600
Delhi,"Lady Hardinge, Delhi",MBBS,14,1665
Delhi,"Lady Hardinge, Delhi",MBBS,0+10(VV),1665
Delhi,"Lady Hardinge, Delhi",MBBS,0+8(VV),1665
Madhya Pradesh,"AIIMS, Bhopal",MBBS,33,1350
Madhya Pradesh,"AIIMS, Bhopal",MBBS,0+6(VV),1350
Madhya Pradesh,"AIIMS, Bhopal",MBBS,0+6(VV),1350
Rajasthan,"AIIMS, Jodhpur",MBBS,14,1350
Kerala,"Govt Med Coll, Kozhikode",MBBS,15,23150
Kerala,"Govt Med Coll, Kozhikode",MBBS,0+4(VV),23150
Kerala,"Govt Med Coll, Kozhikode",MBBS,0+4(VV),23150
Delhi,"VMMC, Delhi",MBBS,53,41000
Delhi,"VMMC, Delhi",MBBS,0+6(VV),41000
Delhi,"VMMC, Delhi",MBBS,0+6(VV),41000
Tamil Nadu,"Madras Med Coll, Chennai",MBBS,14,18073
Tamil Nadu,"Madras Med Coll, Chennai",MBBS,2+9(VV),18073
Tamil Nadu,"Madras Med Coll, Chennai",MBBS,0+8(VV),18073
Tamil Nadu,"Madras Med Coll, Chennai",MBBS,10,18073
Tamil Nadu,"Madras Med Coll, Chennai",MBBS,0+10(VV),18073
Tamil Nadu,"Madras Med Coll, Chennai",MBBS,0+10(VV),18073
Andhra Pradesh,"AIIMS, Mangalagiri",MBBS,46,1350
Andhra Pradesh,"AIIMS, Mangalagiri",MBBS,1+14(VV),1350
Andhra Pradesh,"AIIMS, Mangalagiri",MBBS,0+12(VV),1350
Chhattisgarh,"AIIMS, Raipur",MBBS,48,1350
Chhattisgarh,"AIIMS, Raipur",MBBS,5+29(VV),1350
Chhattisgarh,"AIIMS, Raipur",MBBS,0+25(VV),1350
Delhi,"AIIMS, Delhi",MBBS,9,1350
Odisha,"AIIMS, Bhubaneswar",MBBS,32,1350
Odisha,"AIIMS, Bhubaneswar",MBBS,0+12(VV),1350
Odisha,"AIIMS, Bhubaneswar",MBBS,0+11(VV),1350
Maharashtra,"AIIMS, Nagpur",MBBS,32,1350
Maharashtra,"AIIMS, Nagpur",MBBS,1+11(VV),1350
Maharashtra,"AIIMS, Nagpur",MBBS,0+10(VV),1350
Madhya Pradesh,"AIIMS, Bhopal",MBBS,12,1350
Madhya Pradesh,"AIIMS, Bhopal",MBBS,0+2(VV),1350
Madhya Pradesh,"AIIMS, Bhopal",MBBS,0+2(VV),1350
Delhi,"UCMS, Delhi",MBBS,2,31340
Delhi,"UCMS, Delhi",MBBS,1+1(VV),31340
Delhi,"UCMS, Delhi",MBBS,0+2(VV),31340
Pondicherry,"JIPMER, Puducherry",MBBS,12,1200
Pondicherry,"JIPMER, Puducherry",MBBS,1+3(VV),1200
Pondicherry,"JIPMER, Puducherry",MBBS,0+3(VV),1200
Karnataka,"Bangalore Med Coll, Bangalore",MBBS,15,64350
Karnataka,"Bangalore Med Coll, Bangalore",MBBS,4+2(VV),64350
Karnataka,"Bangalore Med Coll, Bangalore",MBBS,1+2(VV),64350
Rajasthan,"SMS, Jaipur",MBBS,10,96100
Rajasthan,"SMS, Jaipur",MBBS,2+5(VV),96100
Rajasthan,"SMS, Jaipur",MBBS,0+5(VV),96100
Uttar Pradesh,"IMS(BHU), Varanasi",MBBS,38,33739
Uttar Pradesh,"IMS(BHU), Varanasi",MBBS,6+23(VV),33739
Uttar Pradesh,"IMS(BHU), Varanasi",MBBS,1+19(VV),33739
Uttarakhand,"AIIMS, Rishikesh",MBBS,12,1350
Uttarakhand,"AIIMS, Rishikesh",MBBS,0+3(VV),1350
Uttarakhand,"AIIMS, Rishikesh",MBBS,1+3(VV),1350
Delhi,"Lady Hardinge, Delhi",MBBS,2,1665
Punjab,"AIIMS, Bathinda",MBBS,39,1350
Punjab,"AIIMS, Bathinda",MBBS,4+14(VV),1350
Punjab,"AIIMS, Bathinda",MBBS,0+13(VV),1350
Telangana,"AIIMS, Bibinagar",MBBS,38,1350
Telangana,"AIIMS, Bibinagar",MBBS,8+21(VV),1350
Telangana,"AIIMS, Bibinagar",MBBS,2+21(VV),1350
Rajasthan,"SMS, Jaipur",MBBS,4,96100
Rajasthan,"SMS, Jaipur",MBBS,0+1(VV),96100
Chandigarh,"GMC, Chandigarh",MBBS,2,24979
Chandigarh,"GMC, Chandigarh",MBBS,0+2(VV),24979
Chandigarh,"GMC, Chandigarh",MBBS,0+2(VV),24979
Bihar,"AIIMS, Patna",MBBS,50,1350
Bihar,"AIIMS, Patna",MBBS,4+22(VV),1350
Bihar,"AIIMS, Patna",MBBS,1+13(VV),1350
Bihar,"AIIMS, Patna",MBBS,1,1350
Delhi,"Lady Hardinge, Delhi",MBBS,9,1665
Delhi,"Lady Hardinge, Delhi",MBBS,0+4(VV),1665
Delhi,"Lady Hardinge, Delhi",MBBS,0+4(VV),1665
Chhattisgarh,"AIIMS, Raipur",MBBS,31,1350
Chhattisgarh,"AIIMS, Raipur",MBBS,5+20(VV),1350
Chhattisgarh,"AIIMS, Raipur",MBBS,0+19(VV),1350
Maharashtra,"AIIMS, Nagpur",MBBS,11,1350
Maharashtra,"AIIMS, Nagpur",MBBS,0+2(VV),1350
Maharashtra,"AIIMS, Nagpur",MBBS,1+1(VV),1350
Delhi,"UCMS, Delhi",MBBS,7,31340
Delhi,"UCMS, Delhi",MBBS,1+5(VV),31340
Delhi,"UCMS, Delhi",MBBS,0+5(VV),31340
Delhi,"MAMC, Delhi",MBBS,94,2095
Delhi,"MAMC, Delhi",MBBS,2+20(VV),2095
Delhi,"MAMC, Delhi",MBBS,0+20(VV),2095
Odisha,"AIIMS, Bhubaneswar",MBBS,11,1350
Odisha,"AIIMS, Bhubaneswar",MBBS,0+4(VV),1350
Odisha,"AIIMS, Bhubaneswar",MBBS,0+2(VV),1350
Uttar Pradesh,"IMS(BHU), Varanasi",MBBS,9,33739
Uttar Pradesh,"IMS(BHU), Varanasi",MBBS,1+2(VV),33739
Uttar Pradesh,"IMS(BHU), Varanasi",MBBS,0+2(VV),33739
West Bengal,"AIIMS, Kalyani",MBBS,48,1350
West Bengal,"AIIMS, Kalyani",MBBS,6+20(VV),1350
West Bengal,"AIIMS, Kalyani",MBBS,0+19(VV),1350
Delhi,"Dr BSA Med Coll, Delhi",MBBS,8,75000
Delhi,"Dr BSA Med Coll, Delhi",MBBS,6+2(VV),75000
Delhi,"Dr BSA Med Coll, Delhi",MBBS,1+5(VV),75000
Punjab,"AIIMS, Bathinda",MBBS,25,1350
Punjab,"AIIMS, Bathinda",MBBS,3+8(VV),1350
Punjab,"AIIMS, Bathinda",MBBS,0+8(VV),1350
Delhi,"ABVIMS (Dr RML Hosp), Delhi",MBBS,30,41000
Delhi,"ABVIMS (Dr RML Hosp), Delhi",MBBS,0+19(VV),41000
Delhi,"ABVIMS (Dr RML Hosp), Delhi",MBBS,0+19(VV),41000
Rajasthan,"SMS, Jaipur",MBBS,15,96100
Rajasthan,"SMS, Jaipur",MBBS,0+9(VV),96100
Rajasthan,"SMS, Jaipur",MBBS,0+9(VV),96100
Andhra Pradesh,"AIIMS, Mangalagiri",MBBS,33,1350
Andhra Pradesh,"AIIMS, Mangalagiri",MBBS,4+9(VV),1350
Andhra Pradesh,"AIIMS, Mangalagiri",MBBS,0+8(VV),1350
Uttar Pradesh,"KGMU, Lucknow",MBBS,14,47600
Uttar Pradesh,"KGMU, Lucknow",MBBS,1+8(VV),47600
Uttar Pradesh,"KGMU, Lucknow",MBBS,2+6(VV),47600
Kerala,"Govt Med Coll, Kozhikode",MBBS,10,23150
Kerala,"Govt Med Coll, Kozhikode",MBBS,1+3(VV),23150
Kerala,"Govt Med Coll, Kozhikode",MBBS,0+3(VV),23150
Uttar Pradesh,"AIIMS, Gorakhpur",MBBS,47,1350
Uttar Pradesh,"AIIMS, Gorakhpur",MBBS,13+23(VV),1350
Uttar Pradesh,"AIIMS, Gorakhpur",MBBS,3+17(VV),1350
Uttar Pradesh,"IMS(BHU), Varanasi",MBBS,25,33739
Uttar Pradesh,"IMS(BHU), Varanasi",MBBS,7+9(VV),33739
Uttar Pradesh,"IMS(BHU), Varanasi",MBBS,1+9(VV),33739
Chhattisgarh,"AIIMS, Raipur",MBBS,12,1350
Chhattisgarh,"AIIMS, Raipur",MBBS,1+7(VV),1350
Chhattisgarh,"AIIMS, Raipur",MBBS,0+7(VV),1350
Bihar,"AIIMS, Patna",MBBS,32,1350
Bihar,"AIIMS, Patna",MBBS,4+14(VV),1350
Bihar,"AIIMS, Patna",MBBS,2+10(VV),1350
Himachal Pradesh,"AIIMS, Bilaspur, Himachal",MBBS,38,1350
Himachal Pradesh,"AIIMS, Bilaspur, Himachal",MBBS,6+13(VV),1350
Himachal Pradesh,"AIIMS, Bilaspur, Himachal",MBBS,2+11(VV),1350
Himachal Pradesh,"AIIMS, Bilaspur, Himachal",MBBS,1,1350
Delhi,"Dr BSA Med Coll, Delhi",MBBS,2,75000
Delhi,"Dr BSA Med Coll, Delhi",MBBS,1+1(VV),75000
Delhi,"Dr BSA Med Coll, Delhi",MBBS,0+1(VV),75000
Telangana,"Gandhi Med Coll, Secunderabad",MBBS,14,14000
Telangana,"Gandhi Med Coll, Secunderabad",MBBS,2+7(VV),14000
Telangana,"Gandhi Med Coll, Secunderabad",MBBS,0+8(VV),14000
Delhi,"VMMC, Delhi",MBBS,4,41000
Delhi,"VMMC, Delhi",MBBS,0+1(VV),41000
Delhi,"VMMC, Delhi",MBBS,0+1(VV),41000
Delhi,"NDMC Med College, Delhi",MBBS,4,105500
Delhi,"NDMC Med College, Delhi",MBBS,3+1(VV),105500
Delhi,"NDMC Med College, Delhi",MBBS,0+4(VV),105500
Bihar,"AIIMS, Patna",MBBS,12,1350
Bihar,"AIIMS, Patna",MBBS,1+7(VV),1350
Bihar,"AIIMS, Patna",MBBS,0+7(VV),1350
Punjab,"AIIMS, Bathinda",MBBS,10,1350
Punjab,"AIIMS, Bathinda",MBBS,2+5(VV),1350
Punjab,"AIIMS, Bathinda",MBBS,0+5(VV),1350
Delhi,"ESI, Basaidarpur, Delhi",MBBS,3,100000
Delhi,"ESI, Basaidarpur, Delhi",MBBS,0+3(VV),100000
Uttar Pradesh,"KGMU, Lucknow",MBBS,4,47600
Uttar Pradesh,"KGMU, Lucknow",MBBS,0+3(VV),47600
Uttar Pradesh,"KGMU, Lucknow",MBBS,1+2(VV),47600
Gujarat,"AIIMS, Rajkot",MBBS,7,1350
Gujarat,"AIIMS, Rajkot",MBBS,0+2(VV),1350
Gujarat,"AIIMS, Rajkot",MBBS,0+2(VV),1350
Maharashtra,"BJMC, Pune",MBBS,13,158600
Maharashtra,"BJMC, Pune",MBBS,4+1(VV),158600
Maharashtra,"BJMC, Pune",MBBS,0+1(VV),158600
Gujarat,"AIIMS, Rajkot",MBBS,29,1350
Gujarat,"AIIMS, Rajkot",MBBS,7+13(VV),1350
Gujarat,"AIIMS, Rajkot",MBBS,1+16(VV),1350
Gujarat,"AIIMS, Rajkot",MBBS,1,1350
Uttar Pradesh,"AIIMS, Gorakhpur",MBBS,12,1350
Uttar Pradesh,"AIIMS, Gorakhpur",MBBS,2+7(VV),1350
Uttar Pradesh,"AIIMS, Gorakhpur",MBBS,2+3(VV),1350
Gujarat,"AIIMS, Rajkot",MBBS,19,1350
Gujarat,"AIIMS, Rajkot",MBBS,6+8(VV),1350
Gujarat,"AIIMS, Rajkot",MBBS,2+7(VV),1350
Gujarat,"AIIMS, Rajkot",MBBS,1,1350
Telangana,"AIIMS, Bibinagar",MBBS,26,1350
Telangana,"AIIMS, Bibinagar",MBBS,6+15(VV),1350
Telangana,"AIIMS, Bibinagar",MBBS,2+14(VV),1350
Jammu and Kashmir,"Govt Med Coll, Srinagar",MBBS,11,26250
Jammu and Kashmir,"Govt Med Coll, Srinagar",MBBS,1,26250
Himachal Pradesh,"AIIMS, Bilaspur, Himachal",MBBS,25,1350
Himachal Pradesh,"AIIMS, Bilaspur, Himachal",MBBS,4+10(VV),1350
Himachal Pradesh,"AIIMS, Bilaspur, Himachal",MBBS,2+9(VV),1350
Chandigarh,"GMC, Chandigarh",MBBS,6,24979
Chandigarh,"GMC, Chandigarh",MBBS,3+3(VV),24979
Chandigarh,"GMC, Chandigarh",MBBS,1+2(VV),24979
Chandigarh,"GMC, Chandigarh",MBBS,1,24979
West Bengal,"Medical College, Kolkata",MBBS,15,9000
West Bengal,"Medical College, Kolkata",MBBS,2+5(VV),9000
West Bengal,"Medical College, Kolkata",MBBS,0+5(VV),9000
Uttar Pradesh,"AIIMS, Gorakhpur",MBBS,32,1350
Uttar Pradesh,"AIIMS, Gorakhpur",MBBS,3+23(VV),1350
Uttar Pradesh,"AIIMS, Gorakhpur",MBBS,1+17(VV),1350
Maharashtra,"Seth GS, Mumbai",MBBS,10,158600
Maharashtra,"Seth GS, Mumbai",MBBS,4+5(VV),158600
Maharashtra,"Seth GS, Mumbai",MBBS,0+5(VV),158600
Gujarat,"BJMC, Ahmedabad",MBBS,4,25000
Gujarat,"BJMC, Ahmedabad",MBBS,1+1(VV),25000
Gujarat,"BJMC, Ahmedabad",MBBS,0+2(VV),25000
Uttar Pradesh,"AIIMS, Rai Bareli",MBBS,39,1350
Uttar Pradesh,"AIIMS, Rai Bareli",MBBS,12+24(VV),1350
Uttar Pradesh,"AIIMS, Rai Bareli",MBBS,5+21(VV),1350
Delhi,"VMMC, Delhi",MBBS,12,41000
Delhi,"VMMC, Delhi",MBBS,0+1(VV),41000
Delhi,"VMMC, Delhi",MBBS,0+1(VV),41000
Delhi,"Dr BSA Med Coll, Delhi",MBBS,5,75000
Delhi,"Dr BSA Med Coll, Delhi",MBBS,2+3(VV),75000
Delhi,"Dr BSA Med Coll, Delhi",MBBS,1+3(VV),75000
Pondicherry,"JIPMER, Puducherry",MBBS,19,1200
Pondicherry,"JIPMER, Puducherry",MBBS,0+4(VV),1200
Pondicherry,"JIPMER, Puducherry",MBBS,0+4(VV),1200
Delhi,"VMMC, Delhi",MBBS,33,41000
Delhi,"VMMC, Delhi",MBBS,0+1(VV),41000
Delhi,"VMMC, Delhi",MBBS,0+1(VV),41000
Himachal Pradesh,"AIIMS, Bilaspur, Himachal",MBBS,10,1350
Himachal Pradesh,"AIIMS, Bilaspur, Himachal",MBBS,2+5(VV),1350
Himachal Pradesh,"AIIMS, Bilaspur, Himachal",MBBS,1+4(VV),1350
Jammu and Kashmir,"AIIMS, Jammu",MBBS,39,1350
Jammu and Kashmir,"AIIMS, Jammu",MBBS,9+19(VV),1350
Jammu and Kashmir,"AIIMS, Jammu",MBBS,3+19(VV),1350
Jammu and Kashmir,"AIIMS, Jammu",MBBS,1,1350
Delhi,"UCMS, Delhi",MBBS,58,31340
Delhi,"UCMS, Delhi",MBBS,2+41(VV),31340
Delhi,"UCMS, Delhi",MBBS,2+39(VV),31340
Jharkhand,"AIIMS, Deoghar",MBBS,48,1350
Jharkhand,"AIIMS, Deoghar",MBBS,10+30(VV),1350
Jharkhand,"AIIMS, Deoghar",MBBS,4+29(VV),1350
Jharkhand,"AIIMS, Deoghar",MBBS,2,1350
Uttar Pradesh,"KGMU, Lucknow",MBBS,9,47600
Uttar Pradesh,"KGMU, Lucknow",MBBS,5+3(VV),47600
Uttar Pradesh,"KGMU, Lucknow",MBBS,2+4(VV),47600
Telangana,"AIIMS, Bibinagar",MBBS,9,1350
Telangana,"AIIMS, Bibinagar",MBBS,2+3(VV),1350
Telangana,"AIIMS, Bibinagar",MBBS,0+5(VV),1350
Uttar Pradesh,"AIIMS, Rai Bareli",MBBS,26,1350
Uttar Pradesh,"AIIMS, Rai Bareli",MBBS,10+15(VV),1350
Uttar Pradesh,"AIIMS, Rai Bareli",MBBS,2+16(VV),1350
Rajasthan,"RUHS, Jaipur",MBBS,7,96029
Rajasthan,"RUHS, Jaipur",MBBS,5+1(VV),96029
Rajasthan,"RUHS, Jaipur",MBBS,0+4(VV),96029
Jammu and Kashmir,"AIIMS, Jammu",MBBS,26,1350
Jammu and Kashmir,"AIIMS, Jammu",MBBS,10+13(VV),1350
Jammu and Kashmir,"AIIMS, Jammu",MBBS,2+12(VV),1350
Andhra Pradesh,"AIIMS, Mangalagiri",MBBS,12,1350
Andhra Pradesh,"AIIMS, Mangalagiri",MBBS,1+3(VV),1350
Andhra Pradesh,"AIIMS, Mangalagiri",MBBS,0+3(VV),1350
Assam,"AIIMS, Guwahati",MBBS,38,1350
Assam,"AIIMS, Guwahati",MBBS,11+16(VV),1350
Assam,"AIIMS, Guwahati",MBBS,7+14(VV),1350
Assam,"AIIMS, Guwahati",MBBS,1,1350
West Bengal,"AIIMS, Kalyani",MBBS,31,1350
West Bengal,"AIIMS, Kalyani",MBBS,7+17(VV),1350
West Bengal,"AIIMS, Kalyani",MBBS,1+17(VV),1350
Uttar Pradesh,"AIIMS, Rai Bareli",MBBS,10,1350
Uttar Pradesh,"AIIMS, Rai Bareli",MBBS,2+4(VV),1350
Uttar Pradesh,"AIIMS, Rai Bareli",MBBS,1+2(VV),1350
Jharkhand,"AIIMS, Deoghar",MBBS,32,1350
Jharkhand,"AIIMS, Deoghar",MBBS,16+12(VV),1350
Jharkhand,"AIIMS, Deoghar",MBBS,4+18(VV),1350
Jharkhand,"AIIMS, Deoghar",MBBS,1,1350
West Bengal,"IPGMER, Kolkata",MBBS,3,9000
West Bengal,"IPGMER, Kolkata",MBBS,0+1(VV),9000
West Bengal,"IPGMER, Kolkata",MBBS,0+1(VV),9000
Kerala,"Medical College, Trivandrum",MBBS,13,23150
Kerala,"Medical College, Trivandrum",MBBS,3+3(VV),23150
Kerala,"Medical College, Trivandrum",MBBS,1+3(VV),23150
Delhi,"NDMC Med College, Delhi",MBBS,3,105500
Delhi,"NDMC Med College, Delhi",MBBS,2+1(VV),105500
Delhi,"NDMC Med College, Delhi",MBBS,1+2(VV),105500
Delhi,"NDMC Med College, Delhi",MBBS,1,105500
Gujarat,"BJMC, Ahmedabad",MBBS,9,25000
Gujarat,"BJMC, Ahmedabad",MBBS,5+4(VV),25000
Gujarat,"BJMC, Ahmedabad",MBBS,2+5(VV),25000
Gujarat,"BJMC, Ahmedabad",MBBS,1,25000
Delhi,"NDMC Med College, Delhi",MBBS,1,105500
Delhi,"NDMC Med College, Delhi",MBBS,1,105500
Delhi,"NDMC Med College, Delhi",MBBS,0+1(VV),105500
Delhi,"NDMC Med College, Delhi",MBBS,1,105500
Rajasthan,"RUHS, Jaipur",MBBS,2,96029
Rajasthan,"RUHS, Jaipur",MBBS,2,96029
Delhi,"MAMC, Delhi",MBBS,5,2095
Delhi,"MAMC, Delhi",MBBS,0+3(VV),2095
Delhi,"MAMC, Delhi",MBBS,0+3(VV),2095
West Bengal,"AIIMS, Kalyani",MBBS,12,1350
West Bengal,"AIIMS, Kalyani",MBBS,1+8(VV),1350
West Bengal,"AIIMS, Kalyani",MBBS,0+7(VV),1350
Jammu and Kashmir,"AIIMS, Jammu",MBBS,9,1350
Jammu and Kashmir,"AIIMS, Jammu",MBBS,1+7(VV),1350
Jammu and Kashmir,"AIIMS, Jammu",MBBS,0+8(VV),1350
Karnataka,"Bangalore Med Coll, Bangalore",MBBS,9,64350
Karnataka,"Bangalore Med Coll, Bangalore",MBBS,3+4(VV),64350
Karnataka,"Bangalore Med Coll, Bangalore",MBBS,1+4(VV),64350
Karnataka,"Bangalore Med Coll, Bangalore",MBBS,1,64350
Assam,"AIIMS, Guwahati",MBBS,26,1350
Assam,"AIIMS, Guwahati",MBBS,6+14(VV),1350
Assam,"AIIMS, Guwahati",MBBS,2+13(VV),1350
Assam,"AIIMS, Guwahati",MBBS,3,1350
Delhi,"ESI, Basaidarpur, Delhi",MBBS,1,100000
Delhi,"ESI, Basaidarpur, Delhi",MBBS,0+1(VV),100000
Maharashtra,"Lokmanya Tilak, Sion, Mumbai",MBBS,10,158600
Maharashtra,"Lokmanya Tilak, Sion, Mumbai",MBBS,9,158600
Maharashtra,"Lokmanya Tilak, Sion, Mumbai",MBBS,3+4(VV),158600
Gujarat,"Govt Med Coll, Surat",MBBS,13,25000
Gujarat,"Govt Med Coll, Surat",MBBS,4+3(VV),25000
Gujarat,"Govt Med Coll, Surat",MBBS,1+4(VV),25000
Jharkhand,"AIIMS, Deoghar",MBBS,12,1350
Jharkhand,"AIIMS, Deoghar",MBBS,2+5(VV),1350
Jharkhand,"AIIMS, Deoghar",MBBS,1+4(VV),1350
Jharkhand,"AIIMS, Deoghar",MBBS,1,1350
Delhi,"MAMC, Delhi",MBBS,3,2095
Delhi,"MAMC, Delhi",MBBS,0+1(VV),2095
Delhi,"MAMC, Delhi",MBBS,0+1(VV),2095
Maharashtra,"Seth GS, Mumbai",MBBS,4,158600
Maharashtra,"Seth GS, Mumbai",MBBS,2+2(VV),158600
Maharashtra,"Seth GS, Mumbai",MBBS,0+3(VV),158600
Delhi,"Lady Hardinge, Delhi",MBBS,70,1665
Delhi,"Lady Hardinge, Delhi",MBBS,0+34(VV),1665
Delhi,"Lady Hardinge, Delhi",MBBS,1+32(VV),1665
Delhi,"MAMC, Delhi",MBBS,50,2095
Delhi,"MAMC, Delhi",MBBS,0+16(VV),2095
Delhi,"MAMC, Delhi",MBBS,0+16(VV),2095
Haryana,"Pt BD Sharma, Rohtak",MBBS,4,61410
Punjab,"Govt Med Coll, Patiala",MBBS,13,192000
Punjab,"Govt Med Coll, Patiala",MBBS,6+6(VV),192000
Punjab,"Govt Med Coll, Patiala",MBBS,1+8(VV),192000
Bihar,"Patna Med Coll, Patna",MBBS,7,9500
Bihar,"Patna Med Coll, Patna",MBBS,1+3(VV),9500
Bihar,"Patna Med Coll, Patna",MBBS,0+4(VV),9500
Pondicherry,"JIPMER, Karaikal",MBBS,16,1200
Pondicherry,"JIPMER, Karaikal",MBBS,11+5(VV),1200
Pondicherry,"JIPMER, Karaikal",MBBS,5+6(VV),1200
Kerala,"Medical College, Trivandrum",MBBS,11,23150
Kerala,"Medical College, Trivandrum",MBBS,9,23150
Kerala,"Medical College, Trivandrum",MBBS,0+7(VV),23150
Rajasthan,"RUHS, Jaipur",MBBS,6,96029
Rajasthan,"RUHS, Jaipur",MBBS,6,96029
Rajasthan,"RUHS, Jaipur",MBBS,1+4(VV),96029
Rajasthan,"RUHS, Jaipur",MBBS,3,96029
Haryana,"ESI Med Coll, Faridabad",MBBS,7,100000
Haryana,"ESI Med Coll, Faridabad",MBBS,1+5(VV),100000
Haryana,"ESI Med Coll, Faridabad",MBBS,2+4(VV),100000
Assam,"AIIMS, Guwahati",MBBS,10,1350
Assam,"AIIMS, Guwahati",MBBS,2+6(VV),1350
Assam,"AIIMS, Guwahati",MBBS,0+7(VV),1350
Rajasthan,"SP Med Coll, Bikaner",MBBS,15,96100
Rajasthan,"SP Med Coll, Bikaner",MBBS,7+3(VV),96100
Rajasthan,"SP Med Coll, Bikaner",MBBS,1+5(VV),96100
Odisha,"AIIMS, Bhubaneswar",MBBS,17,1350
Odisha,"AIIMS, Bhubaneswar",MBBS,1+4(VV),1350
Odisha,"AIIMS, Bhubaneswar",MBBS,0+4(VV),1350
Rajasthan,"SNMC, Jodhpur",MBBS,13,96100
Rajasthan,"SNMC, Jodhpur",MBBS,9+4(VV),96100
Rajasthan,"SNMC, Jodhpur",MBBS,1+8(VV),96100
Uttar Pradesh,"JNMC (AMU), Aligarh",MBBS,68,60300
Uttar Pradesh,"JNMC (AMU), Aligarh",MBBS,24+16(VV),60300
Uttar Pradesh,"JNMC (AMU), Aligarh",MBBS,14+16(VV),60300
Uttar Pradesh,"JNMC (AMU), Aligarh",MBBS,4,60300
Rajasthan,"SP Med Coll, Bikaner",MBBS,10,96100
Rajasthan,"SP Med Coll, Bikaner",MBBS,5+3(VV),96100
Rajasthan,"SP Med Coll, Bikaner",MBBS,2+5(VV),96100
Uttar Pradesh,"Dr RML IMS, Lucknow",MBBS,12,24000
Uttar Pradesh,"Dr RML IMS, Lucknow",MBBS,7+5(VV),24000
Uttar Pradesh,"Dr RML IMS, Lucknow",MBBS,6+4(VV),24000
Maharashtra,"Grant Med Coll, Mumbai",MBBS,15,158600
Maharashtra,"Grant Med Coll, Mumbai",MBBS,11+2(VV),158600
Maharashtra,"Grant Med Coll, Mumbai",MBBS,5+5(VV),158600
Maharashtra,"Grant Med Coll, Mumbai",MBBS,1,158600
Delhi,"ABVIMS (Dr RML Hosp), Delhi",MBBS,8,41000
Delhi,"ABVIMS (Dr RML Hosp), Delhi",MBBS,0+5(VV),41000
Delhi,"ABVIMS (Dr RML Hosp), Delhi",MBBS,0+5(VV),41000
Rajasthan,"SNMC, Jodhpur",MBBS,9,96100
Rajasthan,"SNMC, Jodhpur",MBBS,7+2(VV),96100
Rajasthan,"SNMC, Jodhpur",MBBS,1+6(VV),96100
West Bengal,"IPGMER, Kolkata",MBBS,12,9000
West Bengal,"IPGMER, Kolkata",MBBS,3+4(VV),9000
West Bengal,"IPGMER, Kolkata",MBBS,2+3(VV),9000
West Bengal,"IPGMER, Kolkata",MBBS,1,9000
West Bengal,"IPGMER, Kolkata",MBBS,1,9000
Telangana,"Osmania Med Coll, Hyderabad",MBBS,14,14000
Telangana,"Osmania Med Coll, Hyderabad",MBBS,6+6(VV),14000
Telangana,"Osmania Med Coll, Hyderabad",MBBS,5+5(VV),14000
Telangana,"Osmania Med Coll, Hyderabad",MBBS,1,14000
Uttar Pradesh,"Dr RML IMS, Lucknow",MBBS,2,24000
Uttar Pradesh,"Dr RML IMS, Lucknow",MBBS,1+1(VV),24000
Uttar Pradesh,"Dr RML IMS, Lucknow",MBBS,1+1(VV),24000
Rajasthan,"ESIC Med Coll, Jaipur",MBBS,3,100000
Rajasthan,"ESIC Med Coll, Jaipur",MBBS,2,100000
Telangana,"ESIC Med Coll,Sanath Nagar",MBBS,6,100000
Telangana,"ESIC Med Coll,Sanath Nagar",MBBS,6+1(VV),100000
Telangana,"ESIC Med Coll,Sanath Nagar",MBBS,4+2(VV),100000
Tamil Nadu,"Madras Med Coll, Chennai",MBBS,6,18073
Tamil Nadu,"Madras Med Coll, Chennai",MBBS,0+6(VV),18073
Tamil Nadu,"Madras Med Coll, Chennai",MBBS,0+6(VV),18073
Delhi,"ESI, Basaidarpur, Delhi",MBBS,15,100000
Delhi,"ESI, Basaidarpur, Delhi",MBBS,4,100000
Himachal Pradesh,"IGMC, Shimla",MBBS,8,50000
Himachal Pradesh,"IGMC, Shimla",MBBS,4+4(VV),50000
Himachal Pradesh,"IGMC, Shimla",MBBS,2+5(VV),50000
Himachal Pradesh,"IGMC, Shimla",MBBS,1,50000
Bihar,"Patna Med Coll, Patna",MBBS,11,9500
Bihar,"Patna Med Coll, Patna",MBBS,1+7(VV),9500
Bihar,"Patna Med Coll, Patna",MBBS,2+5(VV),9500
Bihar,"Patna Med Coll, Patna",MBBS,1,9500
Rajasthan,"AIIMS, Jodhpur",MBBS,22,1350
Rajasthan,"AIIMS, Jodhpur",MBBS,0+3(VV),1350
Rajasthan,"AIIMS, Jodhpur",MBBS,0+2(VV),1350
Uttar Pradesh,"Govt IMS, Kasna",MBBS,7,24000
Uttar Pradesh,"Govt IMS, Kasna",MBBS,5+2(VV),24000
Uttar Pradesh,"Govt IMS, Kasna",MBBS,4+3(VV),24000
Uttar Pradesh,"Govt IMS, Kasna",MBBS,1,24000
Delhi,"ABVIMS (Dr RML Hosp), Delhi",MBBS,21,41000
Delhi,"ABVIMS (Dr RML Hosp), Delhi",MBBS,0+16(VV),41000
Delhi,"ABVIMS (Dr RML Hosp), Delhi",MBBS,0+16(VV),41000
Tamil Nadu,"Stanley Med Coll, Chennai",MBBS,14,18073
Tamil Nadu,"Stanley Med Coll, Chennai",MBBS,14,18073
Tamil Nadu,"Stanley Med Coll, Chennai",MBBS,1+8(VV),18073
Maharashtra,"HBT & RN Cooper, Mumbai",MBBS,10,158600
Maharashtra,"HBT & RN Cooper, Mumbai",MBBS,9+1(VV),158600
Maharashtra,"HBT & RN Cooper, Mumbai",MBBS,2+4(VV),158600
Uttar Pradesh,"ESIC MedCollHosp,Noida",MBBS,1,100000
Uttar Pradesh,"ESIC MedCollHosp,Noida",MBBS,0+1(VV),100000
Uttar Pradesh,"Dr RML IMS, Lucknow",MBBS,8,24000
Uttar Pradesh,"Dr RML IMS, Lucknow",MBBS,6+2(VV),24000
Uttar Pradesh,"Dr RML IMS, Lucknow",MBBS,1+6(VV),24000
Bihar,"Patna Med Coll, Patna",MBBS,3,9500
Bihar,"Patna Med Coll, Patna",MBBS,0+2(VV),9500
Bihar,"Patna Med Coll, Patna",MBBS,0+2(VV),9500
Rajasthan,"RNT, Udaipur",MBBS,17,96029
Rajasthan,"RNT, Udaipur",MBBS,10+5(VV),96029
Rajasthan,"RNT, Udaipur",MBBS,4+6(VV),96029
Tamil Nadu,"Madras Med Coll, Chennai",MBBS,2,18073
Tamil Nadu,"Madras Med Coll, Chennai",MBBS,1,18073
Tamil Nadu,"Madras Med Coll, Chennai",MBBS,0+1(VV),18073
Himachal Pradesh,"RPG, Tanda",MBBS,6,50000
Himachal Pradesh,"RPG, Tanda",MBBS,2+4(VV),50000
Himachal Pradesh,"RPG, Tanda",MBBS,1+3(VV),50000
Rajasthan,"SP Med Coll, Bikaner",MBBS,4,96100
Rajasthan,"SP Med Coll, Bikaner",MBBS,2+2(VV),96100
Madhya Pradesh,"AIIMS, Bhopal",MBBS,18,1350
Madhya Pradesh,"AIIMS, Bhopal",MBBS,0+6(VV),1350
Madhya Pradesh,"AIIMS, Bhopal",MBBS,0+6(VV),1350
Gujarat,"Medical College, Baroda",MBBS,15,25000
Gujarat,"Medical College, Baroda",MBBS,6+2(VV),25000
Gujarat,"Medical College, Baroda",MBBS,5+2(VV),25000
Gujarat,"Medical College, Baroda",MBBS,2,25000
Gujarat,"Medical College, Baroda",MBBS,1,25000
Tamil Nadu,"Stanley Med Coll, Chennai",MBBS,10,18073
Tamil Nadu,"Stanley Med Coll, Chennai",MBBS,10,18073
Tamil Nadu,"Stanley Med Coll, Chennai",MBBS,4+3(VV),18073
Tamil Nadu,"Stanley Med Coll, Chennai",MBBS,1,18073
Tamil Nadu,"AIIMS, Madurai",MBBS,20,1350
Tamil Nadu,"AIIMS, Madurai",MBBS,12+8(VV),1350
Tamil Nadu,"AIIMS, Madurai",MBBS,5+12(VV),1350
Tamil Nadu,"AIIMS, Madurai",MBBS,3,1350
Uttar Pradesh,"ESIC MedCollHosp,Noida",MBBS,2,100000
Uttar Pradesh,"ESIC MedCollHosp,Noida",MBBS,0+2(VV),100000
Odisha,"SCB, Cuttack",MBBS,15,22000
Odisha,"SCB, Cuttack",MBBS,0+11(VV),22000
Odisha,"SCB, Cuttack",MBBS,2+8(VV),22000
Rajasthan,"SNMC, Jodhpur",MBBS,4,96100
Rajasthan,"SNMC, Jodhpur",MBBS,3+1(VV),96100
Rajasthan,"SNMC, Jodhpur",MBBS,0+1(VV),96100
Karnataka,"Bangalore Med Coll, Bangalore",MBBS,4,64350
Karnataka,"Bangalore Med Coll, Bangalore",MBBS,2+1(VV),64350
Karnataka,"Bangalore Med Coll, Bangalore",MBBS,1+1(VV),64350
Karnataka,"Bangalore Med Coll, Bangalore",MBBS,1,64350
Telangana,"Gandhi Med Coll, Secunderabad",MBBS,2,14000
Telangana,"Gandhi Med Coll, Secunderabad",MBBS,0+1(VV),14000
Telangana,"Gandhi Med Coll, Secunderabad",MBBS,0+1(VV),14000
Maharashtra,"Grant Med Coll, Mumbai",MBBS,4,158600
Maharashtra,"Grant Med Coll, Mumbai",MBBS,1+3(VV),158600
Maharashtra,"Grant Med Coll, Mumbai",MBBS,0+3(VV),158600
Andhra Pradesh,"Andhra Med Coll, Vizag",MBBS,16,15000
Andhra Pradesh,"Andhra Med Coll, Vizag",MBBS,4+12(VV),15000
Andhra Pradesh,"Andhra Med Coll, Vizag",MBBS,1+11(VV),15000
Kerala,"Govt Med Coll, Kottayam",MBBS,11,23150
Kerala,"Govt Med Coll, Kottayam",MBBS,7+1(VV),23150
Kerala,"Govt Med Coll, Kottayam",MBBS,2+4(VV),23150
Maharashtra,"Topiwala, Mumbai",MBBS,9,158600
Maharashtra,"Topiwala, Mumbai",MBBS,6+2(VV),158600
Maharashtra,"Topiwala, Mumbai",MBBS,2+4(VV),158600
Odisha,"SCB, Cuttack",MBBS,10,22000
Odisha,"SCB, Cuttack",MBBS,0+7(VV),22000
Odisha,"SCB, Cuttack",MBBS,0+6(VV),22000
West Bengal,"Medical College, Kolkata",MBBS,4,9000
West Bengal,"Medical College, Kolkata",MBBS,0+1(VV),9000
West Bengal,"Medical College, Kolkata",MBBS,1,9000
Rajasthan,"JLNMC, Ajmer",MBBS,14,96075
Rajasthan,"JLNMC, Ajmer",MBBS,9+3(VV),96075
Rajasthan,"JLNMC, Ajmer",MBBS,3+8(VV),96075
Rajasthan,"JLNMC, Ajmer",MBBS,1,96075
Kerala,"Govt Med Coll, Thrissur",MBBS,10,23150
Kerala,"Govt Med Coll, Thrissur",MBBS,8+1(VV),23150
Kerala,"Govt Med Coll, Thrissur",MBBS,3+4(VV),23150
Delhi,"VMMC, Delhi",MBBS,2,41000
Jharkhand,"Rajendra IMS, Ranchi",MBBS,6,17500
Jharkhand,"Rajendra IMS, Ranchi",MBBS,2+3(VV),17500
Jharkhand,"Rajendra IMS, Ranchi",MBBS,0+2(VV),17500
Haryana,"Pt BD Sharma, Rohtak",MBBS,15,61410
Haryana,"Pt BD Sharma, Rohtak",MBBS,4+6(VV),61410
Haryana,"Pt BD Sharma, Rohtak",MBBS,3+7(VV),61410
Karnataka,"Shri Atal Bihari Vajpayee, BLR",MBBS,9,64350
Karnataka,"Shri Atal Bihari Vajpayee, BLR",MBBS,10,64350
Karnataka,"Shri Atal Bihari Vajpayee, BLR",MBBS,3+3(VV),64350
Karnataka,"Shri Atal Bihari Vajpayee, BLR",MBBS,1,64350
Himachal Pradesh,"IGMC, Shimla",MBBS,1,50000
Himachal Pradesh,"IGMC, Shimla",MBBS,1,50000
Himachal Pradesh,"IGMC, Shimla",MBBS,0+1(VV),50000
Himachal Pradesh,"IGMC, Shimla",MBBS,1,50000
Rajasthan,"RNT, Udaipur",MBBS,9,96029
Rajasthan,"RNT, Udaipur",MBBS,9,96029
Rajasthan,"RNT, Udaipur",MBBS,3+4(VV),96029
Himachal Pradesh,"IGMC, Shimla",MBBS,4,50000
Himachal Pradesh,"IGMC, Shimla",MBBS,3+1(VV),50000
Himachal Pradesh,"IGMC, Shimla",MBBS,0+4(VV),50000
Himachal Pradesh,"IGMC, Shimla",MBBS,1,50000
Pondicherry,"JIPMER, Karaikal",MBBS,11,1200
Pondicherry,"JIPMER, Karaikal",MBBS,8+3(VV),1200
Pondicherry,"JIPMER, Karaikal",MBBS,3+6(VV),1200
Odisha,"SCB, Cuttack",MBBS,4,22000
Odisha,"SCB, Cuttack",MBBS,2+2(VV),22000
Odisha,"SCB, Cuttack",MBBS,0+1(VV),22000
Rajasthan,"JLNMC, Ajmer",MBBS,10,96075
Rajasthan,"JLNMC, Ajmer",MBBS,9+1(VV),96075
Rajasthan,"JLNMC, Ajmer",MBBS,3+6(VV),96075
Rajasthan,"AIIMS, Jodhpur",MBBS,11,1350
Rajasthan,"AIIMS, Jodhpur",MBBS,0+5(VV),1350
Rajasthan,"AIIMS, Jodhpur",MBBS,0+5(VV),1350
Rajasthan,"RNT, Udaipur",MBBS,3,96029
Rajasthan,"RNT, Udaipur",MBBS,1+2(VV),96029
Rajasthan,"RNT, Udaipur",MBBS,0+2(VV),96029
Madhya Pradesh,"MGM Med Coll, Indore",MBBS,15,100000
Madhya Pradesh,"MGM Med Coll, Indore",MBBS,8+4(VV),100000
Madhya Pradesh,"MGM Med Coll, Indore",MBBS,8+3(VV),100000
Madhya Pradesh,"MGM Med Coll, Indore",MBBS,4,100000
Madhya Pradesh,"MGM Med Coll, Indore",MBBS,1,100000
Madhya Pradesh,"MGM Med Coll, Indore",MBBS,4,100000
Madhya Pradesh,"MGM Med Coll, Indore",MBBS,2+2(VV),100000
Madhya Pradesh,"MGM Med Coll, Indore",MBBS,0+3(VV),100000
Telangana,"Gandhi Med Coll, Secunderabad",MBBS,8,14000
Telangana,"Gandhi Med Coll, Secunderabad",MBBS,0+7(VV),14000
Telangana,"Gandhi Med Coll, Secunderabad",MBBS,0+4(VV),14000
Gujarat,"Medical College, Baroda",MBBS,10,25000
Gujarat,"Medical College, Baroda",MBBS,9+1(VV),25000
Gujarat,"Medical College, Baroda",MBBS,3+4(VV),25000
Gujarat,"Medical College, Baroda",MBBS,1,25000
Gujarat,"Medical College, Baroda",MBBS,1,25000
Rajasthan,"ESIC Med Coll, Jaipur",MBBS,2,100000
Rajasthan,"ESIC Med Coll, Jaipur",MBBS,1,100000
Haryana,"ESI Med Coll, Faridabad",MBBS,2,100000
Haryana,"ESI Med Coll, Faridabad",MBBS,0+1(VV),100000
Haryana,"ESI Med Coll, Faridabad",MBBS,0+1(VV),100000
Pondicherry,"JIPMER, Karaikal",MBBS,5,1200
Pondicherry,"JIPMER, Karaikal",MBBS,2+3(VV),1200
Pondicherry,"JIPMER, Karaikal",MBBS,1+3(VV),1200
Gujarat,"Govt Med Coll, Surat",MBBS,11,25000
Gujarat,"Govt Med Coll, Surat",MBBS,8+3(VV),25000
Gujarat,"Govt Med Coll, Surat",MBBS,1+6(VV),25000
Kerala,"Govt Med Coll, Thrissur",MBBS,6,23150
Kerala,"Govt Med Coll, Thrissur",MBBS,6,23150
Kerala,"Govt Med Coll, Thrissur",MBBS,2+1(VV),23150
Delhi,"ESI, Basaidarpur, Delhi",MBBS,2,100000
Delhi,"ESI, Basaidarpur, Delhi",MBBS,1+1(VV),100000
Delhi,"ESI, Basaidarpur, Delhi",MBBS,1,100000
Rajasthan,"JLNMC, Ajmer",MBBS,4,96075
Rajasthan,"JLNMC, Ajmer",MBBS,4,96075
Rajasthan,"JLNMC, Ajmer",MBBS,0+4(VV),96075
Uttarakhand,"AIIMS, Rishikesh",MBBS,19,1350
Uttarakhand,"AIIMS, Rishikesh",MBBS,0+4(VV),1350
Uttarakhand,"AIIMS, Rishikesh",MBBS,0+3(VV),1350
Himachal Pradesh,"RPG, Tanda",MBBS,5,50000
Himachal Pradesh,"RPG, Tanda",MBBS,3+2(VV),50000
Himachal Pradesh,"RPG, Tanda",MBBS,0+3(VV),50000
Bihar,"IGIMS, Patna",MBBS,9,81667
Bihar,"IGIMS, Patna",MBBS,8+1(VV),81667
Bihar,"IGIMS, Patna",MBBS,3+4(VV),81667
Rajasthan,"Govt Med Coll, Kota",MBBS,14,96100
Rajasthan,"Govt Med Coll, Kota",MBBS,8+2(VV),96100
Rajasthan,"Govt Med Coll, Kota",MBBS,5+3(VV),96100
Delhi,"UCMS, Delhi",MBBS,35,31340
Delhi,"UCMS, Delhi",MBBS,0+23(VV),31340
Delhi,"UCMS, Delhi",MBBS,0+23(VV),31340
Haryana,"ESI Med Coll, Faridabad",MBBS,5,100000
Haryana,"ESI Med Coll, Faridabad",MBBS,3+2(VV),100000
Haryana,"ESI Med Coll, Faridabad",MBBS,3+1(VV),100000
Haryana,"ESI Med Coll, Faridabad",MBBS,1,100000
Kerala,"Govt Med Coll, Kottayam",MBBS,6,23150
Kerala,"Govt Med Coll, Kottayam",MBBS,6,23150
Kerala,"Govt Med Coll, Kottayam",MBBS,2+2(VV),23150
Kerala,"Govt Med Coll, Kottayam",MBBS,1,23150
Jharkhand,"Rajendra IMS, Ranchi",MBBS,11,17500
Jharkhand,"Rajendra IMS, Ranchi",MBBS,4+6(VV),17500
Jharkhand,"Rajendra IMS, Ranchi",MBBS,2+5(VV),17500
Tamil Nadu,"AIIMS, Madurai",MBBS,13,1350
Tamil Nadu,"AIIMS, Madurai",MBBS,13,1350
Tamil Nadu,"AIIMS, Madurai",MBBS,5+4(VV),1350
Tamil Nadu,"AIIMS, Madurai",MBBS,2,1350
Uttar Pradesh,"LLRM Med Coll, Meerut",MBBS,2,24000
Uttar Pradesh,"LLRM Med Coll, Meerut",MBBS,1+1(VV),24000
Uttar Pradesh,"LLRM Med Coll, Meerut",MBBS,0+1(VV),24000
Bihar,"IGIMS, Patna",MBBS,2,81667
Bihar,"IGIMS, Patna",MBBS,2,81667
Bihar,"IGIMS, Patna",MBBS,0+1(VV),81667
West Bengal,"IPGMER, Kolkata",MBBS,7,9000
West Bengal,"IPGMER, Kolkata",MBBS,3+3(VV),9000
West Bengal,"IPGMER, Kolkata",MBBS,2+2(VV),9000
Uttar Pradesh,"LLRM Med Coll, Meerut",MBBS,9,24000
Uttar Pradesh,"LLRM Med Coll, Meerut",MBBS,6+3(VV),24000
Uttar Pradesh,"LLRM Med Coll, Meerut",MBBS,3+5(VV),24000
Uttar Pradesh,"LLRM Med Coll, Meerut",MBBS,1,24000
Rajasthan,"Govt Med Coll, Kota",MBBS,9,96100
Rajasthan,"Govt Med Coll, Kota",MBBS,8+1(VV),96100
Rajasthan,"Govt Med Coll, Kota",MBBS,4+4(VV),96100
Maharashtra,"AIIMS, Nagpur",MBBS,17,1350
Maharashtra,"AIIMS, Nagpur",MBBS,1+2(VV),1350
Maharashtra,"AIIMS, Nagpur",MBBS,0+1(VV),1350
Maharashtra,"Govt Med Coll, Nagpur",MBBS,13,158600
Maharashtra,"Govt Med Coll, Nagpur",MBBS,9+4(VV),158600
Maharashtra,"Govt Med Coll, Nagpur",MBBS,4+6(VV),158600
Maharashtra,"Govt Med Coll, Nagpur",MBBS,1,158600
West Bengal,"Medical College, Kolkata",MBBS,9,9000
West Bengal,"Medical College, Kolkata",MBBS,2+5(VV),9000
West Bengal,"Medical College, Kolkata",MBBS,0+6(VV),9000
Telangana,"Osmania Med Coll, Hyderabad",MBBS,3,14000
Telangana,"Osmania Med Coll, Hyderabad",MBBS,1+2(VV),14000
Telangana,"Osmania Med Coll, Hyderabad",MBBS,1+1(VV),14000
Maharashtra,"Grant Med Coll, Mumbai",MBBS,9,158600
Maharashtra,"Grant Med Coll, Mumbai",MBBS,7+1(VV),158600
Maharashtra,"Grant Med Coll, Mumbai",MBBS,3+3(VV),158600
Maharashtra,"Grant Med Coll, Mumbai",MBBS,2,158600
Jharkhand,"Rajendra IMS, Ranchi",MBBS,2,17500
Jharkhand,"Rajendra IMS, Ranchi",MBBS,1,17500
Jharkhand,"Rajendra IMS, Ranchi",MBBS,1,17500
Bihar,"IGIMS, Patna",MBBS,6,81667
Bihar,"IGIMS, Patna",MBBS,5,81667
Bihar,"IGIMS, Patna",MBBS,0+2(VV),81667
Rajasthan,"Shri Kalyan MedColl,Sikar",MBBS,5,96029
Rajasthan,"Shri Kalyan MedColl,Sikar",MBBS,4,96029
Rajasthan,"Shri Kalyan MedColl,Sikar",MBBS,2+1(VV),96029
Uttar Pradesh,"S N Med Coll, Agra",MBBS,12,24000
Uttar Pradesh,"S N Med Coll, Agra",MBBS,10+2(VV),24000
Uttar Pradesh,"S N Med Coll, Agra",MBBS,6+4(VV),24000
Uttar Pradesh,"S N Med Coll, Agra",MBBS,1,24000
Andhra Pradesh,"Andhra Med Coll, Vizag",MBBS,4,15000
Andhra Pradesh,"Andhra Med Coll, Vizag",MBBS,1+2(VV),15000
Andhra Pradesh,"Andhra Med Coll, Vizag",MBBS,1+2(VV),15000
Rajasthan,"Govt Med Coll, Kota",MBBS,4,96100
Rajasthan,"Govt Med Coll, Kota",MBBS,4,96100
Rajasthan,"Govt Med Coll, Kota",MBBS,1+1(VV),96100
Haryana,"Kalpana Chawala Govt MC,Karnal",MBBS,2,61410
Haryana,"Kalpana Chawala Govt MC,Karnal",MBBS,2,61410
Haryana,"Kalpana Chawala Govt MC,Karnal",MBBS,0+1(VV),61410
Rajasthan,"Shri Kalyan MedColl,Sikar",MBBS,4,96029
Rajasthan,"Shri Kalyan MedColl,Sikar",MBBS,4,96029
Rajasthan,"Shri Kalyan MedColl,Sikar",MBBS,1+2(VV),96029
Tamil Nadu,"Kilpauk Med Coll, Chennai",MBBS,8,18073
Tamil Nadu,"Kilpauk Med Coll, Chennai",MBBS,8,18073
Tamil Nadu,"Kilpauk Med Coll, Chennai",MBBS,5+3(VV),18073
Tamil Nadu,"Kilpauk Med Coll, Chennai",MBBS,1,18073
Gujarat,"PDU Med Coll, Rajkot",MBBS,13,25000
Gujarat,"PDU Med Coll, Rajkot",MBBS,11+2(VV),25000
Gujarat,"PDU Med Coll, Rajkot",MBBS,4+7(VV),25000
Gujarat,"PDU Med Coll, Rajkot",MBBS,1,25000
Gujarat,"MP Shah, Jamnagar",MBBS,16,25000
Gujarat,"MP Shah, Jamnagar",MBBS,13+1(VV),25000
Gujarat,"MP Shah, Jamnagar",MBBS,4+7(VV),25000
Karnataka,"ESI, Bangalore",MBBS,8,100000
Karnataka,"ESI, Bangalore",MBBS,6+2(VV),100000
Karnataka,"ESI, Bangalore",MBBS,3+4(VV),100000
Karnataka,"ESI, Bangalore",MBBS,2,100000
Karnataka,"ESI, Bangalore",MBBS,1,100000
Rajasthan,"ESIC Med Coll, Alwar",MBBS,7,100000
Rajasthan,"ESIC Med Coll, Alwar",MBBS,6+1(VV),100000
Rajasthan,"ESIC Med Coll, Alwar",MBBS,3+3(VV),100000
Rajasthan,"ESIC Med Coll, Alwar",MBBS,1,100000
Gujarat,"Govt Med Coll, Surat",MBBS,3,25000
Gujarat,"Govt Med Coll, Surat",MBBS,3,25000
Gujarat,"Govt Med Coll, Surat",MBBS,0+2(VV),25000
Maharashtra,"BJMC, Pune",MBBS,9,158600
Maharashtra,"BJMC, Pune",MBBS,7+1(VV),158600
Maharashtra,"BJMC, Pune",MBBS,4+3(VV),158600
Maharashtra,"BJMC, Pune",MBBS,3,158600
Telangana,"ESIC Med Coll,Sanath Nagar",MBBS,4,100000
Telangana,"ESIC Med Coll,Sanath Nagar",MBBS,5,100000
Telangana,"ESIC Med Coll,Sanath Nagar",MBBS,2+2(VV),100000
Rajasthan,"ESIC Med Coll, Alwar",MBBS,1,100000
Rajasthan,"ESIC Med Coll, Alwar",MBBS,1,100000
Delhi,"AIIMS, Delhi",MBBS,7,1433362
Uttar Pradesh,"GSVM Med Coll, Kanpur",MBBS,15,24000
Uttar Pradesh,"GSVM Med Coll, Kanpur",MBBS,13+1(VV),24000
Uttar Pradesh,"GSVM Med Coll, Kanpur",MBBS,5+7(VV),24000
Uttar Pradesh,"GSVM Med Coll, Kanpur",MBBS,1,24000
Haryana,"Kalpana Chawala Govt MC,Karnal",MBBS,7,61410
Haryana,"Kalpana Chawala Govt MC,Karnal",MBBS,4,61410
Haryana,"Kalpana Chawala Govt MC,Karnal",MBBS,1+2(VV),61410
Karnataka,"Mysore Med Coll, Mysore",MBBS,11,64350
Karnataka,"Mysore Med Coll, Mysore",MBBS,8+2(VV),64350
Karnataka,"Mysore Med Coll, Mysore",MBBS,1+4(VV),64350
Karnataka,"Mysore Med Coll, Mysore",MBBS,1,64350
Rajasthan,"ESIC Med Coll, Alwar",MBBS,4,100000
Rajasthan,"ESIC Med Coll, Alwar",MBBS,3+1(VV),100000
Rajasthan,"ESIC Med Coll, Alwar",MBBS,1+3(VV),100000
Rajasthan,"ESIC Med Coll, Alwar",MBBS,1,100000
Madhya Pradesh,"Gandhi Med Coll, Bhopal",MBBS,13,100000
Madhya Pradesh,"Gandhi Med Coll, Bhopal",MBBS,7+5(VV),100000
Madhya Pradesh,"Gandhi Med Coll, Bhopal",MBBS,6+3(VV),100000
Madhya Pradesh,"Gandhi Med Coll, Bhopal",MBBS,1,100000
Gujarat,"ESIC Med Coll, Naroda",MBBS,1,100000
Gujarat,"ESIC Med Coll, Naroda",MBBS,0+1(VV),100000
Gujarat,"PDU Med Coll, Rajkot",MBBS,8,25000
Gujarat,"PDU Med Coll, Rajkot",MBBS,7+1(VV),25000
Gujarat,"PDU Med Coll, Rajkot",MBBS,0+6(VV),25000
Uttar Pradesh,"GSVM Med Coll, Kanpur",MBBS,10,24000
Uttar Pradesh,"GSVM Med Coll, Kanpur",MBBS,9+1(VV),24000
Uttar Pradesh,"GSVM Med Coll, Kanpur",MBBS,3+5(VV),24000
Uttar Pradesh,"GSVM Med Coll, Kanpur",MBBS,1,24000
West Bengal,"Nilratan Sircar, Kolkata",MBBS,4,9000
West Bengal,"Nilratan Sircar, Kolkata",MBBS,3+1(VV),9000
West Bengal,"Nilratan Sircar, Kolkata",MBBS,0+1(VV),9000
Rajasthan,"Government Med Coll, Dausa",MBBS,1,96029
Rajasthan,"Government Med Coll, Dausa",MBBS,0+1(VV),96029
Rajasthan,"Government Med Coll, Dausa",MBBS,0+1(VV),96029
Uttar Pradesh,"LLRM Med Coll, Meerut",MBBS,6,24000
Uttar Pradesh,"LLRM Med Coll, Meerut",MBBS,5+1(VV),24000
Uttar Pradesh,"LLRM Med Coll, Meerut",MBBS,1+2(VV),24000
Gujarat,"MP Shah, Jamnagar",MBBS,9,25000
Gujarat,"MP Shah, Jamnagar",MBBS,9,25000
Gujarat,"MP Shah, Jamnagar",MBBS,0+4(VV),25000
Andhra Pradesh,"Andhra Med Coll, Vizag",MBBS,10,15000
Andhra Pradesh,"Andhra Med Coll, Vizag",MBBS,0+10(VV),15000
Andhra Pradesh,"Andhra Med Coll, Vizag",MBBS,2+6(VV),15000
Madhya Pradesh,"MGM Med Coll, Indore",MBBS,10,100000
Madhya Pradesh,"MGM Med Coll, Indore",MBBS,8+1(VV),100000
Madhya Pradesh,"MGM Med Coll, Indore",MBBS,3+3(VV),100000
Gujarat,"Medical College, Baroda",MBBS,4,25000
Gujarat,"Medical College, Baroda",MBBS,4,25000
Gujarat,"Medical College, Baroda",MBBS,2+2(VV),25000
Rajasthan,"Govt Med Coll, Pali",MBBS,6,96029
Rajasthan,"Govt Med Coll, Pali",MBBS,4+2(VV),96029
Rajasthan,"Govt Med Coll, Pali",MBBS,0+5(VV),96029
Haryana,"Pt BD Sharma, Rohtak",MBBS,10,61410
Haryana,"Pt BD Sharma, Rohtak",MBBS,4+2(VV),61410
Haryana,"Pt BD Sharma, Rohtak",MBBS,3+1(VV),61410
Punjab,"Govt Med Coll, Patiala",MBBS,4,192000
Punjab,"Govt Med Coll, Patiala",MBBS,3+1(VV),192000
Punjab,"Govt Med Coll, Patiala",MBBS,1+2(VV),192000
Kerala,"TD Med Coll, Allepey",MBBS,10,23150
Kerala,"TD Med Coll, Allepey",MBBS,10,23150
Kerala,"TD Med Coll, Allepey",MBBS,4+5(VV),23150
Rajasthan,"Govt Med Coll, Bhilwara",MBBS,9,96029
Rajasthan,"Govt Med Coll, Bhilwara",MBBS,17,96029
Rajasthan,"Govt Med Coll, Bhilwara",MBBS,0+7(VV),96029
Uttar Pradesh,"Govt IMS, Kasna",MBBS,4,24000
Uttar Pradesh,"Govt IMS, Kasna",MBBS,3+1(VV),24000
Uttar Pradesh,"Govt IMS, Kasna",MBBS,1+3(VV),24000
Uttar Pradesh,"Govt IMS, Kasna",MBBS,1,24000
Uttar Pradesh,"S N Med Coll, Agra",MBBS,9,24000
Uttar Pradesh,"S N Med Coll, Agra",MBBS,7+2(VV),24000
Uttar Pradesh,"S N Med Coll, Agra",MBBS,2+6(VV),24000
Madhya Pradesh,"Gaja Raja Med Coll, Gwalior",MBBS,12,100000
Madhya Pradesh,"Gaja Raja Med Coll, Gwalior",MBBS,11+1(VV),100000
Madhya Pradesh,"Gaja Raja Med Coll, Gwalior",MBBS,4+6(VV),100000
Madhya Pradesh,"Gaja Raja Med Coll, Gwalior",MBBS,1,100000
Himachal Pradesh,"RPG, Tanda",MBBS,2,50000
Himachal Pradesh,"RPG, Tanda",MBBS,2,50000
Himachal Pradesh,"RPG, Tanda",MBBS,1,50000
Kerala,"Govt Med Coll, Manjeri",MBBS,5,23150
Kerala,"Govt Med Coll, Manjeri",MBBS,5,23150
Bihar,"Nalanda Med Coll, Patna",MBBS,1,9500
Bihar,"Nalanda Med Coll, Patna",MBBS,1,9500
Bihar,"Nalanda Med Coll, Patna",MBBS,0+1(VV),9500
Telangana,"Osmania Med Coll, Hyderabad",MBBS,10,14000
Telangana,"Osmania Med Coll, Hyderabad",MBBS,4+6(VV),14000
Telangana,"Osmania Med Coll, Hyderabad",MBBS,2+7(VV),14000
Telangana,"Osmania Med Coll, Hyderabad",MBBS,1,14000
Uttarakhand,"Doon Med Coll, Dehradun",MBBS,8,150000
Uttarakhand,"Doon Med Coll, Dehradun",MBBS,3+5(VV),150000
Uttarakhand,"Doon Med Coll, Dehradun",MBBS,3+5(VV),150000
Uttarakhand,"Doon Med Coll, Dehradun",MBBS,1,150000
Delhi,"UCMS, Delhi",MBBS,9,31340
Delhi,"UCMS, Delhi",MBBS,0+5(VV),31340
Delhi,"UCMS, Delhi",MBBS,0+5(VV),31340
Rajasthan,"Govt Med Coll, Bhilwara",MBBS,6,96029
Rajasthan,"Govt Med Coll, Bhilwara",MBBS,12,96029
Rajasthan,"Govt Med Coll, Bhilwara",MBBS,0+8(VV),96029
Kerala,"TD Med Coll, Allepey",MBBS,7,23150
Kerala,"TD Med Coll, Allepey",MBBS,7,23150
Kerala,"TD Med Coll, Allepey",MBBS,2+4(VV),23150
Madhya Pradesh,"Gandhi Med Coll, Bhopal",MBBS,9,100000
Madhya Pradesh,"Gandhi Med Coll, Bhopal",MBBS,9,100000
Madhya Pradesh,"Gandhi Med Coll, Bhopal",MBBS,2+4(VV),100000
Punjab,"Govt Med Coll, Amritsar",MBBS,16,192000
Punjab,"Govt Med Coll, Amritsar",MBBS,11+3(VV),192000
Punjab,"Govt Med Coll, Amritsar",MBBS,3+8(VV),192000
Punjab,"Govt Med Coll, Amritsar",MBBS,1,192000
Gujarat,"Govt Med Coll, Bhavnagar",MBBS,10,25000
Gujarat,"Govt Med Coll, Bhavnagar",MBBS,6+3(VV),25000
Gujarat,"Govt Med Coll, Bhavnagar",MBBS,1+7(VV),25000
Gujarat,"Govt Med Coll, Bhavnagar",MBBS,2,25000
Gujarat,"Govt Med Coll, Bhavnagar",MBBS,1,25000
Rajasthan,"Jhalawar Med Coll, Jhalawar",MBBS,11,96029
Rajasthan,"Jhalawar Med Coll, Jhalawar",MBBS,11,96029
Rajasthan,"Jhalawar Med Coll, Jhalawar",MBBS,8+3(VV),96029
Rajasthan,"Jhalawar Med Coll, Jhalawar",MBBS,1,96029
Himachal Pradesh,"LalBahShastri Govt Med, Mandi",MBBS,7,50000
Himachal Pradesh,"LalBahShastri Govt Med, Mandi",MBBS,6+1(VV),50000
Himachal Pradesh,"LalBahShastri Govt Med, Mandi",MBBS,4+2(VV),50000
Kerala,"Govt Med Coll, Manjeri",MBBS,6,23150
Kerala,"Govt Med Coll, Manjeri",MBBS,6,23150
Kerala,"Govt Med Coll, Manjeri",MBBS,3+2(VV),23150
Kerala,"Govt Med Coll, Manjeri",MBBS,1,23150
Uttar Pradesh,"MLN Med Coll, Allahabad",MBBS,12,24000
Uttar Pradesh,"MLN Med Coll, Allahabad",MBBS,11+1(VV),24000
Uttar Pradesh,"MLN Med Coll, Allahabad",MBBS,3+7(VV),24000
Uttar Pradesh,"MLN Med Coll, Allahabad",MBBS,3,24000
Maharashtra,"Govt Med Coll, Mumbai",MBBS,3,158600
Maharashtra,"Govt Med Coll, Mumbai",MBBS,3,158600
Maharashtra,"Govt Med Coll, Mumbai",MBBS,2+1(VV),158600
Maharashtra,"Govt Med Coll, Mumbai",MBBS,2,158600
Bihar,"Nalanda Med Coll, Patna",MBBS,6,9500
Bihar,"Nalanda Med Coll, Patna",MBBS,6,9500
Bihar,"Nalanda Med Coll, Patna",MBBS,0+6(VV),9500
Maharashtra,"BJMC, Pune",MBBS,3,158600
Maharashtra,"BJMC, Pune",MBBS,3,158600
Maharashtra,"BJMC, Pune",MBBS,2,158600
Rajasthan,"Jhalawar Med Coll, Jhalawar",MBBS,8,96029
Rajasthan,"Jhalawar Med Coll, Jhalawar",MBBS,8,96029
Rajasthan,"Jhalawar Med Coll, Jhalawar",MBBS,1+6(VV),96029
Uttar Pradesh,"MLB Med Coll, Jhansi",MBBS,8,24000
Uttar Pradesh,"MLB Med Coll, Jhansi",MBBS,7+1(VV),24000
Uttar Pradesh,"MLB Med Coll, Jhansi",MBBS,4+1(VV),24000
Madhya Pradesh,"Gaja Raja Med Coll, Gwalior",MBBS,8,100000
Madhya Pradesh,"Gaja Raja Med Coll, Gwalior",MBBS,8,100000
Madhya Pradesh,"Gaja Raja Med Coll, Gwalior",MBBS,0+5(VV),100000
Gujarat,"PDU Med Coll, Rajkot",MBBS,2,25000
Gujarat,"PDU Med Coll, Rajkot",MBBS,2,25000
Gujarat,"PDU Med Coll, Rajkot",MBBS,0+1(VV),25000
Dadra and Nagar Haveli,"NAMO MERI Govt MedColl,Silvassa",MBBS,9,53000
Dadra and Nagar Haveli,"NAMO MERI Govt MedColl,Silvassa",MBBS,8+1(VV),53000
Dadra and Nagar Haveli,"NAMO MERI Govt MedColl,Silvassa",MBBS,0+8(VV),53000
Gujarat,"Govt Med Coll, Bhavnagar",MBBS,7,25000
Gujarat,"Govt Med Coll, Bhavnagar",MBBS,7,25000
Gujarat,"Govt Med Coll, Bhavnagar",MBBS,0+6(VV),25000
Bihar,"Nalanda Med Coll, Patna",MBBS,9,9500
Bihar,"Nalanda Med Coll, Patna",MBBS,9,9500
Bihar,"Nalanda Med Coll, Patna",MBBS,5+2(VV),9500
Bihar,"Nalanda Med Coll, Patna",MBBS,1,9500
Rajasthan,"Shri Kalyan MedColl,Sikar",MBBS,2,96029
Rajasthan,"Shri Kalyan MedColl,Sikar",MBBS,2,96029
Rajasthan,"Govt Med Coll, Pali",MBBS,9,96029
Rajasthan,"Govt Med Coll, Pali",MBBS,7+2(VV),96029
Rajasthan,"Govt Med Coll, Pali",MBBS,1+7(VV),96029
Rajasthan,"Govt Med Coll, Pali",MBBS,1,96029
West Bengal,"Nilratan Sircar, Kolkata",MBBS,15,9000
West Bengal,"Nilratan Sircar, Kolkata",MBBS,10+5(VV),9000
West Bengal,"Nilratan Sircar, Kolkata",MBBS,3+8(VV),9000
Uttarakhand,"Doon Med Coll, Dehradun",MBBS,1,150000
Uttarakhand,"Doon Med Coll, Dehradun",MBBS,1,150000
Uttarakhand,"Doon Med Coll, Dehradun",MBBS,1,150000
Haryana,"Kalpana Chawala Govt MC,Karnal",MBBS,4,61410
Haryana,"Kalpana Chawala Govt MC,Karnal",MBBS,4,61410
Haryana,"Kalpana Chawala Govt MC,Karnal",MBBS,0+3(VV),61410
Uttar Pradesh,"Govt IMS, Kasna",MBBS,1,24000
Uttar Pradesh,"Govt IMS, Kasna",MBBS,1,24000
Uttar Pradesh,"Govt IMS, Kasna",MBBS,1,24000
Uttar Pradesh,"Govt IMS, Kasna",MBBS,1,24000
Himachal Pradesh,"LalBahShastri Govt Med, Mandi",MBBS,2,50000
Himachal Pradesh,"LalBahShastri Govt Med, Mandi",MBBS,2,50000
Himachal Pradesh,"LalBahShastri Govt Med, Mandi",MBBS,0+1(VV),50000
Jammu and Kashmir,"Gove Med Coll, Jammu",MBBS,10,26250
Jammu and Kashmir,"Gove Med Coll, Jammu",MBBS,3+7(VV),26250
Jammu and Kashmir,"Gove Med Coll, Jammu",MBBS,0+9(VV),26250
Punjab,"ESIC MedCollHosp,Ludhiana",MBBS,1,100000
Punjab,"ESIC MedCollHosp,Ludhiana",MBBS,0+1(VV),100000
Uttarakhand,"Govt Med Coll, Haldwani",MBBS,7,150000
Uttarakhand,"Govt Med Coll, Haldwani",MBBS,3+4(VV),150000
Uttarakhand,"Govt Med Coll, Haldwani",MBBS,1+4(VV),150000
Tamil Nadu,Coimbatore Med Coll,MBBS,12,18073
Tamil Nadu,Coimbatore Med Coll,MBBS,8+1(VV),18073
Tamil Nadu,Coimbatore Med Coll,MBBS,6+2(VV),18073
Uttarakhand,"Doon Med Coll, Dehradun",MBBS,5,150000
Uttarakhand,"Doon Med Coll, Dehradun",MBBS,5,150000
Uttarakhand,"Doon Med Coll, Dehradun",MBBS,3,150000
Rajasthan,"Government Med Coll, Alwar",MBBS,7,96029
Rajasthan,"Government Med Coll, Alwar",MBBS,5+2(VV),96029
Rajasthan,"Government Med Coll, Alwar",MBBS,0+4(VV),96029
Kerala,"Govt Med Coll, Ernakulam",MBBS,6,23150
Kerala,"Govt Med Coll, Ernakulam",MBBS,6,23150
Kerala,"Govt Med Coll, Ernakulam",MBBS,5+1(VV),23150
Kerala,"Govt Med Coll, Ernakulam",MBBS,1,23150
Uttar Pradesh,"UP Univ of Med Sci, Etawah",MBBS,12,24000
Uttar Pradesh,"UP Univ of Med Sci, Etawah",MBBS,10+2(VV),24000
Uttar Pradesh,"UP Univ of Med Sci, Etawah",MBBS,1+8(VV),24000
Uttar Pradesh,"GSVM Med Coll, Kanpur",MBBS,4,24000
Uttar Pradesh,"GSVM Med Coll, Kanpur",MBBS,3+1(VV),24000
Uttar Pradesh,"GSVM Med Coll, Kanpur",MBBS,3+1(VV),24000
Dadra and Nagar Haveli,"NAMO MERI Govt MedColl,Silvassa",MBBS,4,53000
Dadra and Nagar Haveli,"NAMO MERI Govt MedColl,Silvassa",MBBS,2+1(VV),53000
Dadra and Nagar Haveli,"NAMO MERI Govt MedColl,Silvassa",MBBS,0+3(VV),53000
Madhya Pradesh,"Gandhi Med Coll, Bhopal",MBBS,4,100000
Madhya Pradesh,"Gandhi Med Coll, Bhopal",MBBS,3+1(VV),100000
Madhya Pradesh,"Gandhi Med Coll, Bhopal",MBBS,1+1(VV),100000
Uttar Pradesh,"MLB Med Coll, Jhansi",MBBS,5,24000
Uttar Pradesh,"MLB Med Coll, Jhansi",MBBS,5,24000
Uttar Pradesh,"MLB Med Coll, Jhansi",MBBS,0+3(VV),24000
Jammu and Kashmir,"Gove Med Coll, Jammu",MBBS,7,26250
Jammu and Kashmir,"Gove Med Coll, Jammu",MBBS,7,26250
Jammu and Kashmir,"Gove Med Coll, Jammu",MBBS,1+2(VV),26250
Uttar Pradesh,"MLN Med Coll, Allahabad",MBBS,8,24000
Uttar Pradesh,"MLN Med Coll, Allahabad",MBBS,7+1(VV),24000
Uttar Pradesh,"MLN Med Coll, Allahabad",MBBS,1+7(VV),24000
Maharashtra,"Govt Med Coll, Nagpur",MBBS,9,158600
Maharashtra,"Govt Med Coll, Nagpur",MBBS,7+2(VV),158600
Maharashtra,"Govt Med Coll, Nagpur",MBBS,4+4(VV),158600
Karnataka,"ESI, Bangalore",MBBS,2,100000
Karnataka,"ESI, Bangalore",MBBS,1+1(VV),100000
Karnataka,"ESI, Bangalore",MBBS,1+1(VV),100000
Maharashtra,"HBT & RN Cooper, Mumbai",MBBS,8,158600
Maharashtra,"HBT & RN Cooper, Mumbai",MBBS,8,158600
Maharashtra,"HBT & RN Cooper, Mumbai",MBBS,3+2(VV),158600
Maharashtra,"HBT & RN Cooper, Mumbai",MBBS,1,158600
Madhya Pradesh,"ESIC Med Coll, Indore",MBBS,5,100000
Rajasthan,"Government Med Coll, Dausa",MBBS,5,96029
Rajasthan,"Government Med Coll, Dausa",MBBS,5,96029
Rajasthan,"Government Med Coll, Dausa",MBBS,0+4(VV),96029
Punjab,"Govt Med Coll, Patiala",MBBS,11,192000
Punjab,"Govt Med Coll, Patiala",MBBS,8+1(VV),192000
Punjab,"Govt Med Coll, Patiala",MBBS,2+3(VV),192000
Uttar Pradesh,"BRD Med Coll, Gorakhpur",MBBS,9,24000
Uttar Pradesh,"BRD Med Coll, Gorakhpur",MBBS,9,24000
Uttar Pradesh,"BRD Med Coll, Gorakhpur",MBBS,6+3(VV),24000
Uttar Pradesh,"BRD Med Coll, Gorakhpur",MBBS,1,24000
Delhi,"ESI, Basaidarpur, Delhi",MBBS,4,100000
Rajasthan,"Govt Med Coll, Churu",MBBS,8,96029
Rajasthan,"Govt Med Coll, Churu",MBBS,7,96029
Rajasthan,"Govt Med Coll, Churu",MBBS,4+3(VV),96029
Uttar Pradesh,"UP Univ of Med Sci, Etawah",MBBS,8,24000
Uttar Pradesh,"UP Univ of Med Sci, Etawah",MBBS,7+1(VV),24000
Uttar Pradesh,"UP Univ of Med Sci, Etawah",MBBS,0+7(VV),24000
Kerala,"Govt Med Coll, Kollam",MBBS,6,23150
Kerala,"Govt Med Coll, Kollam",MBBS,6,23150
Kerala,"Govt Med Coll, Kollam",MBBS,2+4(VV),23150
Rajasthan,"Jhalawar Med Coll, Jhalawar",MBBS,2,96029
Rajasthan,"Jhalawar Med Coll, Jhalawar",MBBS,2,96029
Rajasthan,"Jhalawar Med Coll, Jhalawar",MBBS,1+1(VV),96029
West Bengal,"Nilratan Sircar, Kolkata",MBBS,10,9000
West Bengal,"Nilratan Sircar, Kolkata",MBBS,9+1(VV),9000
West Bengal,"Nilratan Sircar, Kolkata",MBBS,4+4(VV),9000
Kerala,"Govt Med Coll, Ernakulam",MBBS,4,23150
Kerala,"Govt Med Coll, Ernakulam",MBBS,4,23150
Kerala,"Govt Med Coll, Ernakulam",MBBS,2+2(VV),23150
Kerala,"Academy of Med Sci, Pariyaram",MBBS,5,23150
Kerala,"Academy of Med Sci, Pariyaram",MBBS,5,23150
Kerala,"Academy of Med Sci, Pariyaram",MBBS,4+1(VV),23150
Maharashtra,"Topiwala, Mumbai",MBBS,5,158600
Maharashtra,"Topiwala, Mumbai",MBBS,5,158600
Maharashtra,"Topiwala, Mumbai",MBBS,2+1(VV),158600
Uttar Pradesh,"ESIC MedCollHosp,Noida",MBBS,3,100000
Uttar Pradesh,"ESIC MedCollHosp,Noida",MBBS,2+1(VV),100000
Uttar Pradesh,"ESIC MedCollHosp,Noida",MBBS,1,100000
Uttar Pradesh,"ESIC MedCollHosp,Noida",MBBS,1,100000
Maharashtra,"Lokmanya Tilak, Sion, Mumbai",MBBS,7,158600
Maharashtra,"Lokmanya Tilak, Sion, Mumbai",MBBS,7,158600
Maharashtra,"Lokmanya Tilak, Sion, Mumbai",MBBS,3+3(VV),158600
Madhya Pradesh,"NSC Bose Med Coll, Jabalpur",MBBS,13,100000
Madhya Pradesh,"NSC Bose Med Coll, Jabalpur",MBBS,12+1(VV),100000
Madhya Pradesh,"NSC Bose Med Coll, Jabalpur",MBBS,7+5(VV),100000
Madhya Pradesh,"NSC Bose Med Coll, Jabalpur",MBBS,3,100000
Madhya Pradesh,"AIIMS, Bhopal",MBBS,8,1350
Madhya Pradesh,"AIIMS, Bhopal",MBBS,0+4(VV),1350
Madhya Pradesh,"AIIMS, Bhopal",MBBS,0+3(VV),1350
Madhya Pradesh,"Gaja Raja Med Coll, Gwalior",MBBS,3,100000
Madhya Pradesh,"Gaja Raja Med Coll, Gwalior",MBBS,2+1(VV),100000
Madhya Pradesh,"Gaja Raja Med Coll, Gwalior",MBBS,2+1(VV),100000
Rajasthan,"Govt Med Coll, Pali",MBBS,3,96029
Rajasthan,"Govt Med Coll, Pali",MBBS,3,96029
Rajasthan,"Govt Med Coll, Pali",MBBS,0+2(VV),96029
Tamil Nadu,"Madurai Med Coll, Madurai",MBBS,15,18073
Tamil Nadu,"Madurai Med Coll, Madurai",MBBS,13,18073
Tamil Nadu,"Madurai Med Coll, Madurai",MBBS,3+6(VV),18073
Tamil Nadu,"Madurai Med Coll, Madurai",MBBS,1,18073
Maharashtra,"Rajiv Gandhi MC & CSMH, Thane",MBBS,6,158600
Maharashtra,"Rajiv Gandhi MC & CSMH, Thane",MBBS,5+1(VV),158600
Maharashtra,"Rajiv Gandhi MC & CSMH, Thane",MBBS,3+3(VV),158600
Maharashtra,"Rajiv Gandhi MC & CSMH, Thane",MBBS,2,158600
Rajasthan,"Govt Med Coll, Bharatpur",MBBS,9,96029
Rajasthan,"Govt Med Coll, Bharatpur",MBBS,8+1(VV),96029
Rajasthan,"Govt Med Coll, Bharatpur",MBBS,4+3(VV),96029
Rajasthan,"Govt Med Coll, Bharatpur",MBBS,1,96029
Uttar Pradesh,"Shaik-ul-Hind, Saharanpur",MBBS,5,24000
Uttar Pradesh,"Shaik-ul-Hind, Saharanpur",MBBS,3+2(VV),24000
Uttar Pradesh,"Shaik-ul-Hind, Saharanpur",MBBS,2+2(VV),24000
Kerala,"Academy of Med Sci, Pariyaram",MBBS,4,23150
Kerala,"Academy of Med Sci, Pariyaram",MBBS,4,23150
Kerala,"Academy of Med Sci, Pariyaram",MBBS,1+1(VV),23150
Bihar,"Darbhanga, Lehriasarai",MBBS,7,9500
Bihar,"Darbhanga, Lehriasarai",MBBS,7,9500
Bihar,"Darbhanga, Lehriasarai",MBBS,2+2(VV),9500
Punjab,"DrBRAmbedkar State IMS,Mohali",MBBS,7,192000
Punjab,"DrBRAmbedkar State IMS,Mohali",MBBS,6+1(VV),192000
Punjab,"DrBRAmbedkar State IMS,Mohali",MBBS,5+2(VV),192000
Punjab,"DrBRAmbedkar State IMS,Mohali",MBBS,2,192000
Gujarat,"MP Shah, Jamnagar",MBBS,4,25000
Gujarat,"MP Shah, Jamnagar",MBBS,4,25000
Gujarat,"MP Shah, Jamnagar",MBBS,1+2(VV),25000
Haryana,"BPS Govt Med Coll, Sonepat",MBBS,6,61410
Haryana,"BPS Govt Med Coll, Sonepat",MBBS,4+1(VV),61410
Haryana,"BPS Govt Med Coll, Sonepat",MBBS,1+2(VV),61410
Rajasthan,"Govt Med Coll, Bharatpur",MBBS,5,96029
Rajasthan,"Govt Med Coll, Bharatpur",MBBS,4,96029
Rajasthan,"Govt Med Coll, Bharatpur",MBBS,0+4(VV),96029
Rajasthan,"Govt Med Coll, Bharatpur",MBBS,1,96029
Tamil Nadu,"Kilpauk Med Coll, Chennai",MBBS,6,18073
Tamil Nadu,"Kilpauk Med Coll, Chennai",MBBS,6,18073
Tamil Nadu,"Kilpauk Med Coll, Chennai",MBBS,5,18073
Tamil Nadu,"AIIMS, Madurai",MBBS,5,1350
Tamil Nadu,"AIIMS, Madurai",MBBS,5,1350
Tamil Nadu,"AIIMS, Madurai",MBBS,3+1(VV),1350
Tamil Nadu,"AIIMS, Madurai",MBBS,1,1350
Uttarakhand,"Govt Med Coll, Haldwani",MBBS,2,150000
Uttarakhand,"Govt Med Coll, Haldwani",MBBS,2,150000
Uttarakhand,"Govt Med Coll, Haldwani",MBBS,0+2(VV),150000
Bihar,"Darbhanga, Lehriasarai",MBBS,4,9500
Bihar,"Darbhanga, Lehriasarai",MBBS,3+1(VV),9500
Bihar,"Darbhanga, Lehriasarai",MBBS,0+1(VV),9500
Tamil Nadu,Coimbatore Med Coll,MBBS,8,18073
Tamil Nadu,Coimbatore Med Coll,MBBS,7,18073
Tamil Nadu,Coimbatore Med Coll,MBBS,5+1(VV),18073
Tamil Nadu,Coimbatore Med Coll,MBBS,1,18073
Himachal Pradesh,"DrRadhakrishnan GovtColl,Hamirpur",MBBS,6,50000
Himachal Pradesh,"DrRadhakrishnan GovtColl,Hamirpur",MBBS,5+1(VV),50000
Himachal Pradesh,"DrRadhakrishnan GovtColl,Hamirpur",MBBS,3+1(VV),50000
Himachal Pradesh,"DrRadhakrishnan GovtColl,Hamirpur",MBBS,1,50000
Himachal Pradesh,"LalBahShastri Govt Med, Mandi",MBBS,5,50000
Himachal Pradesh,"LalBahShastri Govt Med, Mandi",MBBS,4+1(VV),50000
Himachal Pradesh,"LalBahShastri Govt Med, Mandi",MBBS,1+2(VV),50000
Maharashtra,"ESI, Andheri, Mumbai",MBBS,2,100000
Maharashtra,"ESI, Andheri, Mumbai",MBBS,1+1(VV),100000
Rajasthan,"Govt Med Coll, Churu",MBBS,7,96029
Rajasthan,"Govt Med Coll, Churu",MBBS,6,96029
Rajasthan,"Govt Med Coll, Churu",MBBS,1+4(VV),96029
Chhattisgarh,"AIIMS, Raipur",MBBS,18,1350
Chhattisgarh,"AIIMS, Raipur",MBBS,0+12(VV),1350
Chhattisgarh,"AIIMS, Raipur",MBBS,0+10(VV),1350
Rajasthan,"Government Med Coll,Chittorgarh",MBBS,5,96029
Rajasthan,"Government Med Coll,Chittorgarh",MBBS,5,96029
Rajasthan,"Government Med Coll,Chittorgarh",MBBS,2+1(VV),96029
Kerala,"Govt Med Coll, Kollam",MBBS,5,23150
Kerala,"Govt Med Coll, Kollam",MBBS,5,23150
Kerala,"Govt Med Coll, Kollam",MBBS,5,23150
Kerala,"Govt Med Coll, Kollam",MBBS,1,23150
Gujarat,"Govt Med Coll, Bhavnagar",MBBS,3,25000
Gujarat,"Govt Med Coll, Bhavnagar",MBBS,3,25000
Gujarat,"Govt Med Coll, Bhavnagar",MBBS,1+2(VV),25000
Gujarat,"Govt Med Coll, Bhavnagar",MBBS,1,25000
Uttar Pradesh,"BRD Med Coll, Gorakhpur",MBBS,6,24000
Uttar Pradesh,"BRD Med Coll, Gorakhpur",MBBS,6,24000
Uttar Pradesh,"BRD Med Coll, Gorakhpur",MBBS,2+3(VV),24000
Dadra and Nagar Haveli,"NAMO MERI Govt MedColl,Silvassa",MBBS,2,53000
Dadra and Nagar Haveli,"NAMO MERI Govt MedColl,Silvassa",MBBS,0+2(VV),53000
Dadra and Nagar Haveli,"NAMO MERI Govt MedColl,Silvassa",MBBS,0+1(VV),53000
Uttar Pradesh,"S N Med Coll, Agra",MBBS,3,24000
Uttar Pradesh,"S N Med Coll, Agra",MBBS,3,24000
Uttar Pradesh,"S N Med Coll, Agra",MBBS,1+1(VV),24000
Madhya Pradesh,"NSC Bose Med Coll, Jabalpur",MBBS,9,100000
Madhya Pradesh,"NSC Bose Med Coll, Jabalpur",MBBS,9,100000
Madhya Pradesh,"NSC Bose Med Coll, Jabalpur",MBBS,1+8(VV),100000
Madhya Pradesh,"NSC Bose Med Coll, Jabalpur",MBBS,2,100000
Punjab,"ESIC MedCollHosp,Ludhiana",MBBS,3,100000
Punjab,"ESIC MedCollHosp,Ludhiana",MBBS,3,100000
Punjab,"ESIC MedCollHosp,Ludhiana",MBBS,1,100000
Rajasthan,"Govt Med Coll, Bhilwara",MBBS,2,96029
Rajasthan,"Govt Med Coll, Bhilwara",MBBS,4,96029
Rajasthan,"Govt Med Coll, Bhilwara",MBBS,0+4(VV),96029
Pondicherry,"JIPMER, Puducherry",MBBS,9,1200
Pondicherry,"JIPMER, Puducherry",MBBS,1+1(VV),1200
Pondicherry,"JIPMER, Puducherry",MBBS,1+1(VV),1200
Uttar Pradesh,"MLN Med Coll, Allahabad",MBBS,3,24000
Uttar Pradesh,"MLN Med Coll, Allahabad",MBBS,3,24000
Uttar Pradesh,"MLN Med Coll, Allahabad",MBBS,0+3(VV),24000
Uttar Pradesh,"MLN Med Coll, Allahabad",MBBS,2,24000
Uttar Pradesh,"MLN Med Coll, Allahabad",MBBS,1,24000
Maharashtra,"Govt Med Coll, Mumbai",MBBS,2,158600
Maharashtra,"Govt Med Coll, Mumbai",MBBS,2,158600
Maharashtra,"Govt Med Coll, Mumbai",MBBS,2,158600
Maharashtra,"Govt Med Coll, Mumbai",MBBS,1,158600
Gujarat,"ESIC Med Coll, Naroda",MBBS,3,100000
Gujarat,"ESIC Med Coll, Naroda",MBBS,0+3(VV),100000
Odisha,"MKCG, Berhampur",MBBS,16,22000
Odisha,"MKCG, Berhampur",MBBS,14,22000
Odisha,"MKCG, Berhampur",MBBS,5+4(VV),22000
Tamil Nadu,"Madurai Med Coll, Madurai",MBBS,9,18073
Tamil Nadu,"Madurai Med Coll, Madurai",MBBS,9,18073
Tamil Nadu,"Madurai Med Coll, Madurai",MBBS,5+1(VV),18073
Tamil Nadu,"Madurai Med Coll, Madurai",MBBS,1,18073
Odisha,"MKCG, Berhampur",MBBS,10,22000
Odisha,"MKCG, Berhampur",MBBS,7+1(VV),22000
Odisha,"MKCG, Berhampur",MBBS,2+1(VV),22000
Andhra Pradesh,"Guntur Med Coll, Guntur",MBBS,13,15000
Andhra Pradesh,"Guntur Med Coll, Guntur",MBBS,1+10(VV),15000
Andhra Pradesh,"Guntur Med Coll, Guntur",MBBS,0+10(VV),15000
Uttar Pradesh,"BRD Med Coll, Gorakhpur",MBBS,2,24000
Uttar Pradesh,"BRD Med Coll, Gorakhpur",MBBS,2,24000
Uttar Pradesh,"BRD Med Coll, Gorakhpur",MBBS,1+1(VV),24000
Uttar Pradesh,"Shaik-ul-Hind, Saharanpur",MBBS,3,24000
Uttar Pradesh,"Shaik-ul-Hind, Saharanpur",MBBS,3,24000
Uttar Pradesh,"Shaik-ul-Hind, Saharanpur",MBBS,2+1(VV),24000
Karnataka,"ESI, Bangalore",MBBS,6,100000
Karnataka,"ESI, Bangalore",MBBS,5+1(VV),100000
Karnataka,"ESI, Bangalore",MBBS,3+1(VV),100000
Rajasthan,"Govt Med Coll, Bharatpur",MBBS,2,96029
Rajasthan,"Govt Med Coll, Bharatpur",MBBS,2,96029
Rajasthan,"Government Med Coll, Alwar",MBBS,1,96029
Rajasthan,"Government Med Coll, Alwar",MBBS,1,96029
Tamil Nadu,Tirunelveli Med Coll,MBBS,14,18073
Tamil Nadu,Tirunelveli Med Coll,MBBS,12,18073
Tamil Nadu,Tirunelveli Med Coll,MBBS,2+9(VV),18073
Assam,"Gauhati Med Coll, Guwahati",MBBS,12,6400
Assam,"Gauhati Med Coll, Guwahati",MBBS,5+6(VV),6400
Assam,"Gauhati Med Coll, Guwahati",MBBS,1+7(VV),6400
Uttar Pradesh,"MLB Med Coll, Jhansi",MBBS,3,24000
Uttar Pradesh,"MLB Med Coll, Jhansi",MBBS,3,24000
Uttar Pradesh,"MLB Med Coll, Jhansi",MBBS,0+2(VV),24000
Tamil Nadu,"Govt Med Coll, Omandurar",MBBS,7,18073
Tamil Nadu,"Govt Med Coll, Omandurar",MBBS,6+1(VV),18073
Tamil Nadu,"Govt Med Coll, Omandurar",MBBS,4+3(VV),18073
Rajasthan,"Government Med Coll, Alwar",MBBS,4,96029
Rajasthan,"Government Med Coll, Alwar",MBBS,4,96029
Rajasthan,"Government Med Coll, Alwar",MBBS,3+1(VV),96029
Punjab,"Govt Med Coll, Amritsar",MBBS,3,192000
Punjab,"Govt Med Coll, Amritsar",MBBS,2+1(VV),192000
Punjab,"Govt Med Coll, Amritsar",MBBS,0+2(VV),192000
Punjab,"Govt Med Coll, Amritsar",MBBS,1,192000
Goa,"Goa Med Coll, Panaji",MBBS,12,154050
Goa,"Goa Med Coll, Panaji",MBBS,9+2(VV),154050
Goa,"Goa Med Coll, Panaji",MBBS,3+5(VV),154050
Goa,"Goa Med Coll, Panaji",MBBS,1,154050
Rajasthan,"Govt Med Coll, Barmer",MBBS,1,96029
Rajasthan,"Govt Med Coll, Barmer",MBBS,1,96029
Rajasthan,"Govt Med Coll, Barmer",MBBS,0+1(VV),96029
Jammu and Kashmir,"Sher-I-Kashmir, Srinagar",MBBS,8,36400
Jammu and Kashmir,"Sher-I-Kashmir, Srinagar",MBBS,8,36400
Jammu and Kashmir,"Sher-I-Kashmir, Srinagar",MBBS,0+3(VV),36400
Bihar,"Darbhanga, Lehriasarai",MBBS,2,9500
Bihar,"Darbhanga, Lehriasarai",MBBS,2,9500
Bihar,"Darbhanga, Lehriasarai",MBBS,0+1(VV),9500
Maharashtra,"Indira Gandhi MedColl, Nagpur",MBBS,13,158600
Maharashtra,"Indira Gandhi MedColl, Nagpur",MBBS,13,158600
Maharashtra,"Indira Gandhi MedColl, Nagpur",MBBS,5+8(VV),158600
Maharashtra,"Indira Gandhi MedColl, Nagpur",MBBS,1,158600
Madhya Pradesh,"ESIC Med Coll, Indore",MBBS,2,100000
Maharashtra,"Lokmanya Tilak, Sion, Mumbai",MBBS,3,158600
Maharashtra,"Lokmanya Tilak, Sion, Mumbai",MBBS,1+2(VV),158600
Maharashtra,"Lokmanya Tilak, Sion, Mumbai",MBBS,2+1(VV),158600
Himachal Pradesh,"Govt Med Coll, Nahan",MBBS,7,50000
Himachal Pradesh,"Govt Med Coll, Nahan",MBBS,5+2(VV),50000
Himachal Pradesh,"Govt Med Coll, Nahan",MBBS,1+4(VV),50000
Himachal Pradesh,"Govt Med Coll, Nahan",MBBS,1,50000
Rajasthan,"Government Med Coll,Chittorgarh",MBBS,4,96029
Rajasthan,"Government Med Coll,Chittorgarh",MBBS,2+2(VV),96029
Rajasthan,"Government Med Coll,Chittorgarh",MBBS,1+2(VV),96029
Madhya Pradesh,"Govt Med Coll, Ratlam",MBBS,7,100000
Madhya Pradesh,"Govt Med Coll, Ratlam",MBBS,5+1(VV),100000
Madhya Pradesh,"Govt Med Coll, Ratlam",MBBS,0+3(VV),100000
Madhya Pradesh,"NSC Bose Med Coll, Jabalpur",MBBS,4,100000
Madhya Pradesh,"NSC Bose Med Coll, Jabalpur",MBBS,4,100000
Madhya Pradesh,"NSC Bose Med Coll, Jabalpur",MBBS,0+3(VV),100000
Delhi,"Lady Hardinge, Delhi",MBBS,45,1665
Delhi,"Lady Hardinge, Delhi",MBBS,0+13(VV),1665
Delhi,"Lady Hardinge, Delhi",MBBS,0+13(VV),1665
Himachal Pradesh,"Govt Med Coll, Nahan",MBBS,1,50000
Himachal Pradesh,"Govt Med Coll, Nahan",MBBS,1,50000
Himachal Pradesh,"Govt Med Coll, Nahan",MBBS,0+1(VV),50000
Odisha,"MKCG, Berhampur",MBBS,4,22000
Odisha,"MKCG, Berhampur",MBBS,3,22000
Odisha,"MKCG, Berhampur",MBBS,1+2(VV),22000
Uttar Pradesh,"Govt Med Coll, Kannauj",MBBS,5,24000
Uttar Pradesh,"Govt Med Coll, Kannauj",MBBS,4+1(VV),24000
Uttar Pradesh,"Govt Med Coll, Kannauj",MBBS,1+4(VV),24000
Uttar Pradesh,"Shaik-ul-Hind, Saharanpur",MBBS,1,24000
Uttar Pradesh,"Shaik-ul-Hind, Saharanpur",MBBS,1,24000
Uttar Pradesh,"Shaik-ul-Hind, Saharanpur",MBBS,0+1(VV),24000
Delhi,"ESI, Basaidarpur, Delhi",MBBS,12,100000
Delhi,"ESI, Basaidarpur, Delhi",MBBS,1,100000
Rajasthan,"Govt Med Coll, Sri Ganganagar",MBBS,5,96029
Rajasthan,"Govt Med Coll, Sri Ganganagar",MBBS,5,96029
Rajasthan,"Govt Med Coll, Sri Ganganagar",MBBS,2+2(VV),96029
Rajasthan,"RUHS Coll of Dental Sci,Jaipur",BDS,1,35077
Rajasthan,"RUHS Coll of Dental Sci,Jaipur",BDS,1,35077
Rajasthan,"RUHS Coll of Dental Sci,Jaipur",BDS,1,35077
Rajasthan,"RUHS Coll of Dental Sci,Jaipur",BDS,1,35077
Tamil Nadu,"Govt Med Coll & ESI,Coimbatore",MBBS,6,18073
Tamil Nadu,"Govt Med Coll & ESI,Coimbatore",MBBS,6,18073
Tamil Nadu,"Govt Med Coll & ESI,Coimbatore",MBBS,2+3(VV),18073
Rajasthan,"Govt Med Coll, Sri Ganganagar",MBBS,4,96029
Rajasthan,"Govt Med Coll, Sri Ganganagar",MBBS,4,96029
Rajasthan,"Govt Med Coll, Sri Ganganagar",MBBS,1+2(VV),96029
Maharashtra,"Topiwala, Mumbai",MBBS,2,158600
Maharashtra,"Topiwala, Mumbai",MBBS,2,158600
Maharashtra,"Topiwala, Mumbai",MBBS,1+1(VV),158600
Rajasthan,"Govt Med Coll, Jhunjhunu",MBBS,1,96029
Rajasthan,"Govt Med Coll, Jhunjhunu",MBBS,0+1(VV),96029
Rajasthan,"Govt Med Coll, Jhunjhunu",MBBS,0+1(VV),96029
Karnataka,"Mysore Med Coll, Mysore",MBBS,8,64350
Karnataka,"Mysore Med Coll, Mysore",MBBS,7+1(VV),64350
Karnataka,"Mysore Med Coll, Mysore",MBBS,3+4(VV),64350
Karnataka,"Mysore Med Coll, Mysore",MBBS,1,64350
Tamil Nadu,Kanyakumari Med Coll,MBBS,8,18073
Tamil Nadu,Kanyakumari Med Coll,MBBS,8,18073
Tamil Nadu,Kanyakumari Med Coll,MBBS,0+7(VV),18073
Tamil Nadu,"Mohan Kumaramangalam, Salem",MBBS,6,18073
Tamil Nadu,"Mohan Kumaramangalam, Salem",MBBS,5,18073
Tamil Nadu,"Mohan Kumaramangalam, Salem",MBBS,2+3(VV),18073
Tamil Nadu,"Mohan Kumaramangalam, Salem",MBBS,2,18073
Kerala,"Government Medical Coll, Konni",MBBS,6,23150
Kerala,"Government Medical Coll, Konni",MBBS,6,23150
Kerala,"Government Medical Coll, Konni",MBBS,4+2(VV),23150
Kerala,"Government Medical Coll, Konni",MBBS,1,23150
Kerala,"Government Medical Coll, Konni",MBBS,3,23150
Kerala,"Government Medical Coll, Konni",MBBS,3,23150
Kerala,"Government Medical Coll, Konni",MBBS,1+2(VV),23150
Uttar Pradesh,"Govt Med Coll, Bulandshahr",MBBS,6,24000
Uttar Pradesh,"Govt Med Coll, Bulandshahr",MBBS,3+2(VV),24000
Uttar Pradesh,"Govt Med Coll, Bulandshahr",MBBS,0+4(VV),24000
Kerala,"Govt Med Coll, Kozhikode",MBBS,4,23150
Kerala,"Govt Med Coll, Kozhikode",MBBS,2,23150
Kerala,"Govt Med Coll, Kozhikode",MBBS,0+1(VV),23150
Uttar Pradesh,"ESIC, Varanasi",MBBS,4,100000
Uttar Pradesh,"ESIC, Varanasi",MBBS,1,100000
Rajasthan,"Govt Med Coll, Churu",MBBS,3,96029
Rajasthan,"Govt Med Coll, Churu",MBBS,3,96029
Rajasthan,"Govt Med Coll, Churu",MBBS,0+2(VV),96029
Delhi,"UCMS, Delhi",MBBS,2,31340
Delhi,"UCMS, Delhi",MBBS,1+1(VV),31340
Delhi,"UCMS, Delhi",MBBS,0+1(VV),31340
Punjab,"Govt Med Coll, Amritsar",MBBS,9,192000
Punjab,"Govt Med Coll, Amritsar",MBBS,9,192000
Punjab,"Govt Med Coll, Amritsar",MBBS,3+6(VV),192000
Punjab,"Govt Med Coll, Amritsar",MBBS,1,192000
Tamil Nadu,"Govt Med Coll & ESI,Coimbatore",MBBS,4,18073
Tamil Nadu,"Govt Med Coll & ESI,Coimbatore",MBBS,4,18073
Tamil Nadu,"Govt Med Coll & ESI,Coimbatore",MBBS,0+4(VV),18073
Maharashtra,"Govt Med Coll, Aurangabad",MBBS,13,158600
Maharashtra,"Govt Med Coll, Aurangabad",MBBS,9+2(VV),158600
Maharashtra,"Govt Med Coll, Aurangabad",MBBS,3+6(VV),158600
West Bengal,Calcutta National Med Coll,MBBS,15,9000
West Bengal,Calcutta National Med Coll,MBBS,14+1(VV),9000
West Bengal,Calcutta National Med Coll,MBBS,5+9(VV),9000
West Bengal,Calcutta National Med Coll,MBBS,1,9000
Uttar Pradesh,"UP Univ of Med Sci, Etawah",MBBS,3,24000
Uttar Pradesh,"UP Univ of Med Sci, Etawah",MBBS,2+1(VV),24000
Uttar Pradesh,"UP Univ of Med Sci, Etawah",MBBS,0+2(VV),24000
Tamil Nadu,Govt Theni Med Coll,MBBS,6,18073
Tamil Nadu,Govt Theni Med Coll,MBBS,6,18073
Tamil Nadu,Govt Theni Med Coll,MBBS,0+5(VV),18073
Delhi,"Lady Hardinge, Delhi",MBBS,6,1665
Delhi,"Lady Hardinge, Delhi",MBBS,0+3(VV),1665
Delhi,"Lady Hardinge, Delhi",MBBS,0+3(VV),1665
Maharashtra,"Govt Med Coll, Mumbai",MBBS,1,158600
Maharashtra,"Govt Med Coll, Mumbai",MBBS,1,158600
Maharashtra,"Govt Med Coll, Mumbai",MBBS,1,158600
Maharashtra,"Govt Med Coll, Mumbai",MBBS,1,158600
Uttar Pradesh,"ESIC, Varanasi",MBBS,1,100000
Uttar Pradesh,"ESIC, Varanasi",MBBS,1,100000
Uttar Pradesh,"Govt Med Coll, Kannauj",MBBS,4,24000
Uttar Pradesh,"Govt Med Coll, Kannauj",MBBS,4,24000
Uttar Pradesh,"Govt Med Coll, Kannauj",MBBS,0+4(VV),24000
Kerala,"Govt Med Coll, Palakkad",MBBS,5,23150
Kerala,"Govt Med Coll, Palakkad",MBBS,5,23150
Kerala,"Govt Med Coll, Palakkad",MBBS,2+3(VV),23150
Rajasthan,"Govt Med Coll, Barmer",MBBS,8,96029
Rajasthan,"Govt Med Coll, Barmer",MBBS,8,96029
Rajasthan,"Govt Med Coll, Barmer",MBBS,5+3(VV),96029
Rajasthan,"Government Med Coll, Dausa",MBBS,5,96029
Rajasthan,"Government Med Coll, Dausa",MBBS,5,96029
Rajasthan,"Government Med Coll, Dausa",MBBS,3+2(VV),96029
Rajasthan,"Government Med Coll, Dausa",MBBS,2,96029
Tamil Nadu,Thanjavur Med Coll,MBBS,8,18073
Tamil Nadu,Thanjavur Med Coll,MBBS,8,18073
Tamil Nadu,Thanjavur Med Coll,MBBS,1+6(VV),18073
Maharashtra,"Govt Med Coll, Baramati",MBBS,7,158600
Maharashtra,"Govt Med Coll, Baramati",MBBS,6+1(VV),158600
Maharashtra,"Govt Med Coll, Baramati",MBBS,3+4(VV),158600
Maharashtra,"Govt Med Coll, Baramati",MBBS,1,158600
Madhya Pradesh,"Govt Med Coll, Ratlam",MBBS,10,100000
Madhya Pradesh,"Govt Med Coll, Ratlam",MBBS,8+2(VV),100000
Madhya Pradesh,"Govt Med Coll, Ratlam",MBBS,1+7(VV),100000
Madhya Pradesh,"Govt Med Coll, Ratlam",MBBS,3,100000
Madhya Pradesh,"Govt Med Coll, Ratlam",MBBS,1+2(VV),100000
Madhya Pradesh,"Govt Med Coll, Ratlam",MBBS,0+1(VV),100000
Telangana,"ESIC Med Coll,Sanath Nagar",MBBS,2,100000
Telangana,"ESIC Med Coll,Sanath Nagar",MBBS,1+1(VV),100000
Telangana,"ESIC Med Coll,Sanath Nagar",MBBS,0+2(VV),100000
Tamil Nadu,Tirunelveli Med Coll,MBBS,11,18073
Tamil Nadu,Tirunelveli Med Coll,MBBS,10,18073
Tamil Nadu,Tirunelveli Med Coll,MBBS,1+7(VV),18073
Bihar,"Sri Krishna, Muzzafarpur",MBBS,8,9500
Bihar,"Sri Krishna, Muzzafarpur",MBBS,6+2(VV),9500
Bihar,"Sri Krishna, Muzzafarpur",MBBS,3+3(VV),9500
Tamil Nadu,"Mohan Kumaramangalam, Salem",MBBS,3,18073
Tamil Nadu,"Mohan Kumaramangalam, Salem",MBBS,3,18073
Tamil Nadu,"Mohan Kumaramangalam, Salem",MBBS,1+1(VV),18073
West Bengal,"RG Kar Med Coll, Kolkata",MBBS,16,9000
West Bengal,"RG Kar Med Coll, Kolkata",MBBS,13+2(VV),9000
West Bengal,"RG Kar Med Coll, Kolkata",MBBS,3+7(VV),9000
Gujarat,"ESIC Med Coll, Naroda",MBBS,2,100000
Gujarat,"ESIC Med Coll, Naroda",MBBS,1+1(VV),100000
Karnataka,"Shri Atal Bihari Vajpayee, BLR",MBBS,6,64350
Karnataka,"Shri Atal Bihari Vajpayee, BLR",MBBS,8,64350
Karnataka,"Shri Atal Bihari Vajpayee, BLR",MBBS,4+1(VV),64350
Chandigarh,"GMC, Chandigarh",MBBS,3,24979
Chandigarh,"GMC, Chandigarh",MBBS,0+2(VV),24979
Chandigarh,"GMC, Chandigarh",MBBS,0+2(VV),24979
Delhi,"ABVIMS (Dr RML Hosp), Delhi",MBBS,1,41000
Maharashtra,"Rajiv Gandhi MC & CSMH, Thane",MBBS,4,158600
Maharashtra,"Rajiv Gandhi MC & CSMH, Thane",MBBS,4,158600
Maharashtra,"Rajiv Gandhi MC & CSMH, Thane",MBBS,2+2(VV),158600
Maharashtra,"Rajiv Gandhi MC & CSMH, Thane",MBBS,1,158600
Delhi,"ABVIMS (Dr RML Hosp), Delhi",MBBS,2,41000
Delhi,"ABVIMS (Dr RML Hosp), Delhi",MBBS,1+1(VV),41000
Delhi,"ABVIMS (Dr RML Hosp), Delhi",MBBS,0+1(VV),41000
Tamil Nadu,"Govt Med Coll, Omandurar",MBBS,4,18073
Tamil Nadu,"Govt Med Coll, Omandurar",MBBS,4,18073
Tamil Nadu,"Govt Med Coll, Omandurar",MBBS,3+1(VV),18073
Tamil Nadu,"Govt Med Coll, Omandurar",MBBS,1,18073
Odisha,"VIMSAR, Burla",MBBS,10,22000
Odisha,"VIMSAR, Burla",MBBS,10,22000
Odisha,"VIMSAR, Burla",MBBS,6+1(VV),22000
Odisha,"VIMSAR, Burla",MBBS,1,22000
Odisha,"VIMSAR, Burla",MBBS,8,22000
Odisha,"VIMSAR, Burla",MBBS,5+3(VV),22000
Odisha,"VIMSAR, Burla",MBBS,1+6(VV),22000
Kerala,"Govt Med Coll, Palakkad",MBBS,4,23150
Kerala,"Govt Med Coll, Palakkad",MBBS,4,23150
Kerala,"Govt Med Coll, Palakkad",MBBS,3+1(VV),23150
Karnataka,"ESIC Med Coll,Gulbarga",MBBS,9,100000
Karnataka,"ESIC Med Coll,Gulbarga",MBBS,6+3(VV),100000
Karnataka,"ESIC Med Coll,Gulbarga",MBBS,2+5(VV),100000
Tamil Nadu,"KAPV Med Coll, Trichy",MBBS,9,18073
Tamil Nadu,"KAPV Med Coll, Trichy",MBBS,8+1(VV),18073
Tamil Nadu,"KAPV Med Coll, Trichy",MBBS,1+8(VV),18073
Punjab,"Guru Govind Singh, Faridkot",MBBS,8,192000
Punjab,"Guru Govind Singh, Faridkot",MBBS,11,192000
Punjab,"Guru Govind Singh, Faridkot",MBBS,7+6(VV),192000
Punjab,"Guru Govind Singh, Faridkot",MBBS,4,192000
Maharashtra,"ESI, Andheri, Mumbai",MBBS,3,100000
Maharashtra,"ESI, Andheri, Mumbai",MBBS,0+3(VV),100000
Bihar,"ESIC Med Coll, Patna",MBBS,6,100000
Bihar,"ESIC Med Coll, Patna",MBBS,2+3(VV),100000
Kerala,"Government Med Coll, Idukki",MBBS,7,23150
Kerala,"Government Med Coll, Idukki",MBBS,7,23150
Kerala,"Government Med Coll, Idukki",MBBS,1+6(VV),23150
Kerala,"Government Med Coll, Idukki",MBBS,1,23150
Rajasthan,"Government Med Coll, Sirohi",MBBS,1,96029
Rajasthan,"Government Med Coll, Sirohi",MBBS,1,96029
Madhya Pradesh,"Bundelkhand Med Coll, Sagar",MBBS,2,100000
Madhya Pradesh,"Bundelkhand Med Coll, Sagar",MBBS,2,100000
Madhya Pradesh,"Bundelkhand Med Coll, Sagar",MBBS,0+2(VV),100000
Uttar Pradesh,"MRA Med Coll, Ambedkarnagar",MBBS,1,24000
Uttar Pradesh,"MRA Med Coll, Ambedkarnagar",MBBS,0+1(VV),24000
Uttar Pradesh,"MRA Med Coll, Ambedkarnagar",MBBS,0+1(VV),24000
Delhi,"Lady Hardinge, Delhi",MBBS,3,1665
Delhi,"Lady Hardinge, Delhi",MBBS,0+1(VV),1665
Delhi,"Lady Hardinge, Delhi",MBBS,0+1(VV),1665
Delhi,"UCMS, Delhi",MBBS,3,31340
Delhi,"UCMS, Delhi",MBBS,1+1(VV),31340
Delhi,"UCMS, Delhi",MBBS,1+1(VV),31340
Rajasthan,"Govt Med Coll, Sri Ganganagar",MBBS,2,96029
Rajasthan,"Govt Med Coll, Sri Ganganagar",MBBS,1+1(VV),96029
Rajasthan,"Govt Med Coll, Sri Ganganagar",MBBS,0+2(VV),96029
Maharashtra,"Indira Gandhi MedColl, Nagpur",MBBS,9,158600
Maharashtra,"Indira Gandhi MedColl, Nagpur",MBBS,9,158600
Maharashtra,"Indira Gandhi MedColl, Nagpur",MBBS,2+7(VV),158600
Maharashtra,"Indira Gandhi MedColl, Nagpur",MBBS,1,158600
Tamil Nadu,Kanyakumari Med Coll,MBBS,5,18073
Tamil Nadu,Kanyakumari Med Coll,MBBS,5,18073
Tamil Nadu,Kanyakumari Med Coll,MBBS,0+5(VV),18073
Haryana,"AB Vajpay GovtMedColl,Faridabad",MBBS,6,61410
Haryana,"AB Vajpay GovtMedColl,Faridabad",MBBS,6,61410
Haryana,"AB Vajpay GovtMedColl,Faridabad",MBBS,3+3(VV),61410
Haryana,"AB Vajpay GovtMedColl,Faridabad",MBBS,2,61410
Himachal Pradesh,"Govt Med Coll, Nahan",MBBS,5,50000
Himachal Pradesh,"Govt Med Coll, Nahan",MBBS,4+1(VV),50000
Himachal Pradesh,"Govt Med Coll, Nahan",MBBS,1+4(VV),50000
Uttar Pradesh,"Govt Med Coll, Bulandshahr",MBBS,1,24000
Uttar Pradesh,"Govt Med Coll, Bulandshahr",MBBS,1,24000
Karnataka,"KIMS, Hubli",MBBS,11,64350
Karnataka,"KIMS, Hubli",MBBS,8+2(VV),64350
Karnataka,"KIMS, Hubli",MBBS,6+2(VV),64350
Rajasthan,"Govt Med Coll, Barmer",MBBS,5,96029
Rajasthan,"Govt Med Coll, Barmer",MBBS,5,96029
Rajasthan,"Govt Med Coll, Barmer",MBBS,3+2(VV),96029
Rajasthan,"Govt Med Coll, Barmer",MBBS,2,96029
Kerala,"Government Med Coll, Idukki",MBBS,4,23150
Kerala,"Government Med Coll, Idukki",MBBS,4,23150
Kerala,"Government Med Coll, Idukki",MBBS,2+2(VV),23150
Kerala,"Government Med Coll, Idukki",MBBS,2,23150
Kerala,"GMC, Wayanad",MBBS,3,23150
Kerala,"GMC, Wayanad",MBBS,3,23150
West Bengal,Calcutta National Med Coll,MBBS,9,9000
West Bengal,Calcutta National Med Coll,MBBS,9,9000
West Bengal,Calcutta National Med Coll,MBBS,3+6(VV),9000
West Bengal,Calcutta National Med Coll,MBBS,2,9000
West Bengal,Calcutta National Med Coll,MBBS,1,9000
Tamil Nadu,Govt Theni Med Coll,MBBS,4,18073
Tamil Nadu,Govt Theni Med Coll,MBBS,4,18073
Tamil Nadu,Govt Theni Med Coll,MBBS,1+3(VV),18073
Madhya Pradesh,"SSMC, Rewa",MBBS,9,100000
Madhya Pradesh,"SSMC, Rewa",MBBS,9,100000
Madhya Pradesh,"SSMC, Rewa",MBBS,7+2(VV),100000
Madhya Pradesh,"SSMC, Rewa",MBBS,1,100000
Rajasthan,"Government Med Coll, Sirohi",MBBS,7,96029
Rajasthan,"Government Med Coll, Sirohi",MBBS,7,96029
Rajasthan,"Government Med Coll, Sirohi",MBBS,2+4(VV),96029
Rajasthan,"Govt Med Coll, Dungapur",MBBS,9,96029
Rajasthan,"Govt Med Coll, Dungapur",MBBS,8+1(VV),96029
Rajasthan,"Govt Med Coll, Dungapur",MBBS,4+5(VV),96029
Uttarakhand,"Govt Med Coll, Haldwani",MBBS,5,150000
Uttarakhand,"Govt Med Coll, Haldwani",MBBS,4+1(VV),150000
Uttarakhand,"Govt Med Coll, Haldwani",MBBS,0+4(VV),150000
Bihar,"Vardhman IMS, Nalanda",MBBS,6,9500
Bihar,"Vardhman IMS, Nalanda",MBBS,5+1(VV),9500
Bihar,"Vardhman IMS, Nalanda",MBBS,5+1(VV),9500
Bihar,"Vardhman IMS, Nalanda",MBBS,2,9500
Bihar,"Vardhman IMS, Nalanda",MBBS,1,9500
Tamil Nadu,"Govt Med Coll, Tiruppur",MBBS,6,18073
Tamil Nadu,"Govt Med Coll, Tiruppur",MBBS,5+1(VV),18073
Tamil Nadu,"Govt Med Coll, Tiruppur",MBBS,0+5(VV),18073
Haryana,"BPS Govt Med Coll, Sonepat",MBBS,5,61410
Haryana,"BPS Govt Med Coll, Sonepat",MBBS,5,61410
Haryana,"BPS Govt Med Coll, Sonepat",MBBS,2+2(VV),61410
Tamil Nadu,Thanjavur Med Coll,MBBS,5,18073
Tamil Nadu,Thanjavur Med Coll,MBBS,5,18073
Tamil Nadu,Thanjavur Med Coll,MBBS,2+3(VV),18073
Odisha,"Sri Jagannath Med Coll, Puri",MBBS,2,22000
Odisha,"Sri Jagannath Med Coll, Puri",MBBS,1+1(VV),22000
Odisha,"Sri Jagannath Med Coll, Puri",MBBS,0+2(VV),22000
Tamil Nadu,"KAPV Med Coll, Trichy",MBBS,6,18073
Tamil Nadu,"KAPV Med Coll, Trichy",MBBS,6,18073
Tamil Nadu,"KAPV Med Coll, Trichy",MBBS,0+6(VV),18073
Madhya Pradesh,"SSMC, Rewa",MBBS,6,100000
Madhya Pradesh,"SSMC, Rewa",MBBS,6,100000
Madhya Pradesh,"SSMC, Rewa",MBBS,1+4(VV),100000
Madhya Pradesh,"SSMC, Rewa",MBBS,1,100000
Bihar,"Sri Krishna, Muzzafarpur",MBBS,5,9500
Bihar,"Sri Krishna, Muzzafarpur",MBBS,5,9500
Bihar,"Sri Krishna, Muzzafarpur",MBBS,0+5(VV),9500
Tamil Nadu,Chengalpattu Med Coll,MBBS,6,18073
Tamil Nadu,Chengalpattu Med Coll,MBBS,6,18073
Tamil Nadu,Chengalpattu Med Coll,MBBS,0+5(VV),18073
Tamil Nadu,Chengalpattu Med Coll,MBBS,1,18073
Jammu and Kashmir,"Government Medical Coll,Kathua",MBBS,6,26250
Jammu and Kashmir,"Government Medical Coll,Kathua",MBBS,6+3(VV),26250
Jammu and Kashmir,"Government Medical Coll,Kathua",MBBS,1+5(VV),26250
Karnataka,"ESIC Med Coll,Gulbarga",MBBS,2,100000
Karnataka,"ESIC Med Coll,Gulbarga",MBBS,1,100000
Karnataka,"ESIC Med Coll,Gulbarga",MBBS,0+1(VV),100000
Kerala,"GMC, Wayanad",MBBS,2,23150
Kerala,"GMC, Wayanad",MBBS,0+2(VV),23150
Tamil Nadu,"ESI PGIMSR, KK Nagar, Chennai",MBBS,8,100000
Tamil Nadu,"ESI PGIMSR, KK Nagar, Chennai",MBBS,8,100000
Tamil Nadu,"ESI PGIMSR, KK Nagar, Chennai",MBBS,3+3(VV),100000
Tamil Nadu,"ESI PGIMSR, KK Nagar, Chennai",MBBS,1,100000
Uttar Pradesh,"Govt Med Coll, Kannauj",MBBS,2,24000
Uttar Pradesh,"Govt Med Coll, Kannauj",MBBS,2,24000
Uttar Pradesh,"Govt Med Coll, Kannauj",MBBS,0+2(VV),24000
Punjab,"DrBRAmbedkar State IMS,Mohali",MBBS,3,192000
Punjab,"DrBRAmbedkar State IMS,Mohali",MBBS,3,192000
Punjab,"DrBRAmbedkar State IMS,Mohali",MBBS,2+1(VV),192000
Delhi,"Lady Hardinge, Delhi",MBBS,16,1665
Delhi,"Lady Hardinge, Delhi",MBBS,1+4(VV),1665
Delhi,"Lady Hardinge, Delhi",MBBS,0+4(VV),1665
Rajasthan,"Govt Med Coll, Dungapur",MBBS,5,96029
Rajasthan,"Govt Med Coll, Dungapur",MBBS,5,96029
Rajasthan,"Govt Med Coll, Dungapur",MBBS,4+1(VV),96029
West Bengal,"RG Kar Med Coll, Kolkata",MBBS,9,9000
West Bengal,"RG Kar Med Coll, Kolkata",MBBS,9,9000
West Bengal,"RG Kar Med Coll, Kolkata",MBBS,2+5(VV),9000
Haryana,"SHKM, Nalhar",MBBS,7,61410
Haryana,"SHKM, Nalhar",MBBS,6,61410
Haryana,"SHKM, Nalhar",MBBS,1+4(VV),61410
Haryana,"SHKM, Nalhar",MBBS,1,61410
Bihar,"Jawaharlal Nehru, Bhagalpur",MBBS,6,9500
Bihar,"Jawaharlal Nehru, Bhagalpur",MBBS,6,9500
Bihar,"Jawaharlal Nehru, Bhagalpur",MBBS,3+3(VV),9500
Uttar Pradesh,"Govt Allopathic Med Coll,Banda",MBBS,5,24000
Uttar Pradesh,"Govt Allopathic Med Coll,Banda",MBBS,5,24000
Uttar Pradesh,"Govt Allopathic Med Coll,Banda",MBBS,1+2(VV),24000
Himachal Pradesh,"Govt Med Coll, Chamba",MBBS,7,50000
Himachal Pradesh,"Govt Med Coll, Chamba",MBBS,7,50000
Himachal Pradesh,"Govt Med Coll, Chamba",MBBS,1+5(VV),50000
Rajasthan,"Govt Med Coll, Jhunjhunu",MBBS,6,96029
Rajasthan,"Govt Med Coll, Jhunjhunu",MBBS,5+1(VV),96029
Rajasthan,"Govt Med Coll, Jhunjhunu",MBBS,2+4(VV),96029
Rajasthan,"Govt Med Coll, Jhunjhunu",MBBS,1,96029
Rajasthan,"GMC, Jaisalmer",MBBS,1,96029
Rajasthan,"GMC, Jaisalmer",MBBS,0+1(VV),96029
Rajasthan,"Govt Med Coll, Jhunjhunu",MBBS,4,96029
Rajasthan,"Govt Med Coll, Jhunjhunu",MBBS,3+1(VV),96029
Rajasthan,"Govt Med Coll, Jhunjhunu",MBBS,1+2(VV),96029
Jammu and Kashmir,"Gove Med Coll, Jammu",MBBS,3,26250
Jammu and Kashmir,"Gove Med Coll, Jammu",MBBS,1+2(VV),26250
Jammu and Kashmir,"Gove Med Coll, Jammu",MBBS,0+2(VV),26250
Karnataka,"Mysore Med Coll, Mysore",MBBS,3,64350
Karnataka,"Mysore Med Coll, Mysore",MBBS,2+2(VV),64350
Karnataka,"Mysore Med Coll, Mysore",MBBS,0+3(VV),64350
Uttarakhand,"Government Med Coll, Haridwar",MBBS,6,150000
Uttarakhand,"Government Med Coll, Haridwar",MBBS,4+1(VV),150000
Uttarakhand,"Government Med Coll, Haridwar",MBBS,2+3(VV),150000
Uttarakhand,"Government Med Coll, Haridwar",MBBS,1,150000
Madhya Pradesh,"Atal Bihari Vajpayee, Vidisha",MBBS,12,100000
Madhya Pradesh,"Atal Bihari Vajpayee, Vidisha",MBBS,11+1(VV),100000
Madhya Pradesh,"Atal Bihari Vajpayee, Vidisha",MBBS,8+4(VV),100000
Madhya Pradesh,"Atal Bihari Vajpayee, Vidisha",MBBS,1,100000
Maharashtra,"HBT & RN Cooper, Mumbai",MBBS,3,158600
Maharashtra,"HBT & RN Cooper, Mumbai",MBBS,2+1(VV),158600
Maharashtra,"HBT & RN Cooper, Mumbai",MBBS,1+2(VV),158600
Tamil Nadu,Govt Vellore Med Coll,MBBS,6,18073
Tamil Nadu,Govt Vellore Med Coll,MBBS,5+1(VV),18073
Tamil Nadu,Govt Vellore Med Coll,MBBS,3+3(VV),18073
Uttar Pradesh,"MRA Med Coll, Ambedkarnagar",MBBS,7,24000
Uttar Pradesh,"MRA Med Coll, Ambedkarnagar",MBBS,7,24000
Uttar Pradesh,"MRA Med Coll, Ambedkarnagar",MBBS,2+5(VV),24000
Uttar Pradesh,"MRA Med Coll, Ambedkarnagar",MBBS,1,24000
Maharashtra,"MPGIMER, Nashik",MBBS,3,158600
Maharashtra,"MPGIMER, Nashik",MBBS,3,158600
Maharashtra,"MPGIMER, Nashik",MBBS,2+1(VV),158600
Maharashtra,"MPGIMER, Nashik",MBBS,1,158600
Tamil Nadu,Govt Dharmapuri Med Coll,MBBS,4,18073
Tamil Nadu,Govt Dharmapuri Med Coll,MBBS,4,18073
Tamil Nadu,Govt Dharmapuri Med Coll,MBBS,0+4(VV),18073
Rajasthan,"Government Med Coll, Sirohi",MBBS,4,96029
Rajasthan,"Government Med Coll, Sirohi",MBBS,4,96029
Rajasthan,"Government Med Coll, Sirohi",MBBS,1+3(VV),96029
Rajasthan,"Government Med Coll, Sirohi",MBBS,1,96029
Andhra Pradesh,"AIIMS, Mangalagiri",MBBS,18,1350
Andhra Pradesh,"AIIMS, Mangalagiri",MBBS,1+6(VV),1350
Andhra Pradesh,"AIIMS, Mangalagiri",MBBS,0+5(VV),1350
Rajasthan,"Govt Med Coll, Dungapur",MBBS,2,96029
Rajasthan,"Govt Med Coll, Dungapur",MBBS,2,96029
Rajasthan,"Govt Med Coll, Dungapur",MBBS,0+2(VV),96029
Maharashtra,"Govt Med Coll, Nagpur",MBBS,5,158600
Maharashtra,"Govt Med Coll, Nagpur",MBBS,4+1(VV),158600
Maharashtra,"Govt Med Coll, Nagpur",MBBS,2+3(VV),158600
Chhattisgarh,"Pt JNM Med Coll, Raipur",MBBS,13,50000
Chhattisgarh,"Pt JNM Med Coll, Raipur",MBBS,4+7(VV),50000
Chhattisgarh,"Pt JNM Med Coll, Raipur",MBBS,4+7(VV),50000
Chhattisgarh,"Pt JNM Med Coll, Raipur",MBBS,2,50000
Uttar Pradesh,"Govt Med Coll, Bulandshahr",MBBS,4,24000
Uttar Pradesh,"Govt Med Coll, Bulandshahr",MBBS,2+1(VV),24000
Uttar Pradesh,"Govt Med Coll, Bulandshahr",MBBS,1,24000
Rajasthan,Government Medical College Bundi,MBBS,5,96029
Rajasthan,Government Medical College Bundi,MBBS,5,96029
Rajasthan,Government Medical College Bundi,MBBS,0+4(VV),96029
Rajasthan,"Government Med Coll, Dholpur",MBBS,7,96029
Rajasthan,"Government Med Coll, Dholpur",MBBS,6+1(VV),96029
Rajasthan,"Government Med Coll, Dholpur",MBBS,3+3(VV),96029
Tamil Nadu,Chengalpattu Med Coll,MBBS,4,18073
Tamil Nadu,Chengalpattu Med Coll,MBBS,4,18073
Tamil Nadu,Chengalpattu Med Coll,MBBS,2+2(VV),18073
Tamil Nadu,Chengalpattu Med Coll,MBBS,1,18073
Tamil Nadu,"Govt Med Coll, Tiruppur",MBBS,4,18073
Tamil Nadu,"Govt Med Coll, Tiruppur",MBBS,4,18073
Tamil Nadu,"Govt Med Coll, Tiruppur",MBBS,0+4(VV),18073
Bihar,"Jawaharlal Nehru, Bhagalpur",MBBS,5,9500
Bihar,"Jawaharlal Nehru, Bhagalpur",MBBS,5,9500
Bihar,"Jawaharlal Nehru, Bhagalpur",MBBS,2+1(VV),9500
Kerala,"Govt Med Coll, Kozhikode",MBBS,4,23150
Kerala,"Govt Med Coll, Kozhikode",MBBS,0+1(VV),23150
Kerala,"Govt Med Coll, Kozhikode",MBBS,0+1(VV),23150
Maharashtra,"Rajiv Gandhi MC & CSMH, Thane",MBBS,1,158600
Maharashtra,"Rajiv Gandhi MC & CSMH, Thane",MBBS,1,158600
Maharashtra,"Rajiv Gandhi MC & CSMH, Thane",MBBS,0+1(VV),158600
Rajasthan,Government Medical College Bundi,MBBS,2,96029
Rajasthan,Government Medical College Bundi,MBBS,2,96029
Rajasthan,Government Medical College Bundi,MBBS,0+1(VV),96029
Maharashtra,"Govt Med Coll, Aurangabad",MBBS,8,158600
Maharashtra,"Govt Med Coll, Aurangabad",MBBS,8,158600
Maharashtra,"Govt Med Coll, Aurangabad",MBBS,5+1(VV),158600
Haryana,"Pt Neki Ram Sharma GovtMedColl, Bhiwani",MBBS,5,61410
Haryana,"Pt Neki Ram Sharma GovtMedColl, Bhiwani",MBBS,3+1(VV),61410
Rajasthan,"Government Med Coll, Hanumangarh",MBBS,5,96029
Rajasthan,"Government Med Coll, Hanumangarh",MBBS,5,96029
Rajasthan,"Government Med Coll, Hanumangarh",MBBS,1+4(VV),96029
Rajasthan,"Government Med Coll, Hanumangarh",MBBS,1,96029
Tamil Nadu,"Govt Erode Med Coll,Perundurai",MBBS,7,18073
Tamil Nadu,"Govt Erode Med Coll,Perundurai",MBBS,7,18073
Tamil Nadu,"Govt Erode Med Coll,Perundurai",MBBS,1+6(VV),18073
Tamil Nadu,"Govt Erode Med Coll,Perundurai",MBBS,1,18073
Tamil Nadu,Govt Dharmapuri Med Coll,MBBS,7,18073
Tamil Nadu,Govt Dharmapuri Med Coll,MBBS,7,18073
Tamil Nadu,Govt Dharmapuri Med Coll,MBBS,1+6(VV),18073
Bihar,"Jawaharlal Nehru, Bhagalpur",MBBS,2,9500
Bihar,"Jawaharlal Nehru, Bhagalpur",MBBS,2,9500
Bihar,"Jawaharlal Nehru, Bhagalpur",MBBS,0+1(VV),9500
Jharkhand,"MGM Med Coll, Jamshedpur",MBBS,6,9130
Jharkhand,"MGM Med Coll, Jamshedpur",MBBS,5+1(VV),9130
Jharkhand,"MGM Med Coll, Jamshedpur",MBBS,3,9130
Jharkhand,"MGM Med Coll, Jamshedpur",MBBS,4+2(VV),9130
Jharkhand,"MGM Med Coll, Jamshedpur",MBBS,3,9130
Himachal Pradesh,"Govt Med Coll, Chamba",MBBS,5,50000
Himachal Pradesh,"Govt Med Coll, Chamba",MBBS,5,50000
Himachal Pradesh,"Govt Med Coll, Chamba",MBBS,1+3(VV),50000
Karnataka,"Belagavi IMS, Belagavi",MBBS,8,64350
Karnataka,"Belagavi IMS, Belagavi",MBBS,11+1(VV),64350
Karnataka,"Belagavi IMS, Belagavi",MBBS,3+5(VV),64350
Karnataka,"Belagavi IMS, Belagavi",MBBS,1,64350
Rajasthan,"Govt Med Coll, Nagaur",MBBS,5,96029
Rajasthan,"Govt Med Coll, Nagaur",MBBS,5,96029
Rajasthan,"Govt Med Coll, Nagaur",MBBS,5,96029
Bihar,"AN Magadh, Gaya",MBBS,8,9500
Bihar,"AN Magadh, Gaya",MBBS,7+1(VV),9500
Bihar,"AN Magadh, Gaya",MBBS,3+5(VV),9500
Tamil Nadu,Govt Vellore Med Coll,MBBS,4,18073
Tamil Nadu,Govt Vellore Med Coll,MBBS,4,18073
Tamil Nadu,Govt Vellore Med Coll,MBBS,3+1(VV),18073
Tamil Nadu,Govt Vellore Med Coll,MBBS,2,18073
Bihar,"ESIC Med Coll, Patna",MBBS,4,100000
Bihar,"ESIC Med Coll, Patna",MBBS,2+1(VV),100000
Madhya Pradesh,"Bundelkhand Med Coll, Sagar",MBBS,7,100000
Madhya Pradesh,"Bundelkhand Med Coll, Sagar",MBBS,9,100000
Madhya Pradesh,"Bundelkhand Med Coll, Sagar",MBBS,4+4(VV),100000
Himachal Pradesh,"DrRadhakrishnan GovtColl,Hamirpur",MBBS,5,50000
Himachal Pradesh,"DrRadhakrishnan GovtColl,Hamirpur",MBBS,4+1(VV),50000
Himachal Pradesh,"DrRadhakrishnan GovtColl,Hamirpur",MBBS,4+1(VV),50000
Karnataka,"Mandya IMS, Mandya",MBBS,8,64350
Karnataka,"Mandya IMS, Mandya",MBBS,8,64350
Karnataka,"Mandya IMS, Mandya",MBBS,6+2(VV),64350
Karnataka,"Mandya IMS, Mandya",MBBS,1,64350
Uttar Pradesh,"Govt Med Coll, Badaun",MBBS,6,24000
Uttar Pradesh,"Govt Med Coll, Badaun",MBBS,5+1(VV),24000
Uttar Pradesh,"Govt Med Coll, Badaun",MBBS,2+3(VV),24000
Uttar Pradesh,"Govt Med Coll, Badaun",MBBS,1,24000
Haryana,"SHKM, Nalhar",MBBS,5,61410
Haryana,"SHKM, Nalhar",MBBS,3+1(VV),61410
Haryana,"SHKM, Nalhar",MBBS,1,61410
Uttarakhand,"VCSG Med Coll, Pauri Garhwal",MBBS,9,150000
Uttarakhand,"VCSG Med Coll, Pauri Garhwal",MBBS,8+1(VV),150000
Uttarakhand,"VCSG Med Coll, Pauri Garhwal",MBBS,6+3(VV),150000
Uttarakhand,"VCSG Med Coll, Pauri Garhwal",MBBS,1,150000
Chhattisgarh,"Pt JNM Med Coll, Raipur",MBBS,9,50000
Chhattisgarh,"Pt JNM Med Coll, Raipur",MBBS,5+3(VV),50000
Chhattisgarh,"Pt JNM Med Coll, Raipur",MBBS,1+7(VV),50000
Bihar,"Sri Krishna, Muzzafarpur",MBBS,2,9500
Bihar,"Sri Krishna, Muzzafarpur",MBBS,2,9500
Bihar,"Sri Krishna, Muzzafarpur",MBBS,0+2(VV),9500
Uttar Pradesh,"Govt Med Coll, Faizabad",MBBS,5,24000
Uttar Pradesh,"Govt Med Coll, Faizabad",MBBS,4+1(VV),24000
Uttar Pradesh,"Govt Med Coll, Faizabad",MBBS,4+1(VV),24000
Uttar Pradesh,"Govt Med Coll, Faizabad",MBBS,2,24000
Chhattisgarh,"Pt JNM Med Coll, Raipur",MBBS,3,50000
Chhattisgarh,"Pt JNM Med Coll, Raipur",MBBS,2+1(VV),50000
Chhattisgarh,"Pt JNM Med Coll, Raipur",MBBS,0+2(VV),50000
West Bengal,Calcutta National Med Coll,MBBS,4,9000
West Bengal,Calcutta National Med Coll,MBBS,3+1(VV),9000
West Bengal,Calcutta National Med Coll,MBBS,1+3(VV),9000
Tamil Nadu,"Govt Erode Med Coll,Perundurai",MBBS,4,18073
Tamil Nadu,"Govt Erode Med Coll,Perundurai",MBBS,4,18073
Tamil Nadu,"Govt Erode Med Coll,Perundurai",MBBS,1+3(VV),18073
Maharashtra,"AIIMS, Nagpur",MBBS,9,1350
Maharashtra,"AIIMS, Nagpur",MBBS,0+1(VV),1350
Maharashtra,"AIIMS, Nagpur",MBBS,0+1(VV),1350
Rajasthan,"Government Med Coll, Dholpur",MBBS,3,96029
Rajasthan,"Government Med Coll, Dholpur",MBBS,3,96029
Rajasthan,"Government Med Coll, Dholpur",MBBS,2,96029
Uttar Pradesh,"Auton. State Med Coll, Etah",MBBS,5,24000
Uttar Pradesh,"Auton. State Med Coll, Etah",MBBS,2+2(VV),24000
Uttar Pradesh,"Auton. State Med Coll, Etah",MBBS,2+1(VV),24000
Uttar Pradesh,"Govt Med Coll, Firozobad",MBBS,1,24000
Uttar Pradesh,"Govt Med Coll, Firozobad",MBBS,1,24000
Rajasthan,"Government Med Coll, Hanumangarh",MBBS,2,96029
Rajasthan,"Government Med Coll, Hanumangarh",MBBS,2,96029
Rajasthan,"Government Med Coll, Hanumangarh",MBBS,0+2(VV),96029
Rajasthan,"Government Med Coll,Chittorgarh",MBBS,2,96029
Rajasthan,"Government Med Coll,Chittorgarh",MBBS,2,96029
Rajasthan,"Government Med Coll,Chittorgarh",MBBS,0+2(VV),96029
Rajasthan,"Government Med Coll, Hanumangarh",MBBS,4,96029
Rajasthan,"Government Med Coll, Hanumangarh",MBBS,4,96029
Rajasthan,"Government Med Coll, Hanumangarh",MBBS,2+2(VV),96029
West Bengal,"ESI, Joka, Kolkata",MBBS,8,100000
West Bengal,"ESI, Joka, Kolkata",MBBS,8,100000
West Bengal,"ESI, Joka, Kolkata",MBBS,5+3(VV),100000
West Bengal,"ESI, Joka, Kolkata",MBBS,2,100000
Rajasthan,"Government Med Coll, Karauli",MBBS,1,96029
Rajasthan,"Government Med Coll, Karauli",MBBS,0+1(VV),96029
Rajasthan,"Government Med Coll, Karauli",MBBS,0+1(VV),96029
Jharkhand,"MGM Med Coll, Jamshedpur",MBBS,1,9130
Jharkhand,"MGM Med Coll, Jamshedpur",MBBS,1,9130
Jharkhand,"MGM Med Coll, Jamshedpur",MBBS,1,9130
Jharkhand,"MGM Med Coll, Jamshedpur",MBBS,0+1(VV),9130
Maharashtra,"Govt Med Coll, Aurangabad",MBBS,2,158600
Maharashtra,"Govt Med Coll, Aurangabad",MBBS,2,158600
Maharashtra,"Govt Med Coll, Aurangabad",MBBS,0+1(VV),158600
Uttar Pradesh,"MRA Med Coll, Ambedkarnagar",MBBS,3,24000
Uttar Pradesh,"MRA Med Coll, Ambedkarnagar",MBBS,1+2(VV),24000
Uttar Pradesh,"MRA Med Coll, Ambedkarnagar",MBBS,0+3(VV),24000
Rajasthan,"Govt Med Coll, Sawai Madhopur",MBBS,6,96029
Rajasthan,"Govt Med Coll, Sawai Madhopur",MBBS,5+1(VV),96029
Rajasthan,"Govt Med Coll, Sawai Madhopur",MBBS,4+2(VV),96029
Uttar Pradesh,"Govt Med Coll, Azamgarh",MBBS,6,24000
Uttar Pradesh,"Govt Med Coll, Azamgarh",MBBS,6,24000
Uttar Pradesh,"Govt Med Coll, Azamgarh",MBBS,4+2(VV),24000
Uttar Pradesh,"Govt Med Coll, Azamgarh",MBBS,1,24000
Tamil Nadu,"Govt Med Coll, Thiruvallur",MBBS,6,18073
Tamil Nadu,"Govt Med Coll, Thiruvallur",MBBS,6,18073
Tamil Nadu,"Govt Med Coll, Thiruvallur",MBBS,0+6(VV),18073
Uttar Pradesh,"Rajkiya Med Coll, Jalaun",MBBS,5,24000
Uttar Pradesh,"Rajkiya Med Coll, Jalaun",MBBS,5,24000
Uttar Pradesh,"Rajkiya Med Coll, Jalaun",MBBS,2+1(VV),24000
Uttar Pradesh,"Rajkiya Med Coll, Jalaun",MBBS,1,24000
Gujarat,"BJMC, Ahmedabad",MBBS,6,25000
Gujarat,"BJMC, Ahmedabad",MBBS,0+1(VV),25000
Gujarat,"BJMC, Ahmedabad",MBBS,0+1(VV),25000
Tamil Nadu,Govt Thoothukudi Med Coll,MBBS,9,18073
Tamil Nadu,Govt Thoothukudi Med Coll,MBBS,9,18073
Tamil Nadu,Govt Thoothukudi Med Coll,MBBS,0+9(VV),18073
Uttar Pradesh,"Govt Allopathic Med Coll,Banda",MBBS,2,24000
Uttar Pradesh,"Govt Allopathic Med Coll,Banda",MBBS,2,24000
Uttar Pradesh,"Govt Allopathic Med Coll,Banda",MBBS,0+1(VV),24000
Haryana,"AB Vajpay GovtMedColl,Faridabad",MBBS,3,61410
Haryana,"AB Vajpay GovtMedColl,Faridabad",MBBS,3,61410
Haryana,"AB Vajpay GovtMedColl,Faridabad",MBBS,3,61410
Rajasthan,"Government Med Coll, Dholpur",MBBS,1,96029
Rajasthan,"Government Med Coll, Dholpur",MBBS,1,96029
Rajasthan,"Government Med Coll, Dholpur",MBBS,0+1(VV),96029
Maharashtra,"Indira Gandhi MedColl, Nagpur",MBBS,2,158600
Maharashtra,"Indira Gandhi MedColl, Nagpur",MBBS,2,158600
Maharashtra,"Indira Gandhi MedColl, Nagpur",MBBS,0+2(VV),158600
Uttar Pradesh,"Govt Med Coll, Firozobad",MBBS,7,24000
Uttar Pradesh,"Govt Med Coll, Firozobad",MBBS,5+2(VV),24000
Uttar Pradesh,"Govt Med Coll, Firozobad",MBBS,0+6(VV),24000
Uttar Pradesh,"Govt Med Coll, Firozobad",MBBS,1,24000
Tamil Nadu,Govt Villupuram Med Coll,MBBS,5,18073
Tamil Nadu,Govt Villupuram Med Coll,MBBS,4+1(VV),18073
Tamil Nadu,Govt Villupuram Med Coll,MBBS,2+3(VV),18073
Tamil Nadu,"Govt Med Coll, Karur",MBBS,9,18073
Tamil Nadu,"Govt Med Coll, Karur",MBBS,9,18073
Tamil Nadu,"Govt Med Coll, Karur",MBBS,1+8(VV),18073
Madhya Pradesh,"Atal Bihari Vajpayee, Vidisha",MBBS,6,100000
Madhya Pradesh,"Atal Bihari Vajpayee, Vidisha",MBBS,6,100000
Madhya Pradesh,"Atal Bihari Vajpayee, Vidisha",MBBS,4+1(VV),100000
Rajasthan,Government Medical College Bundi,MBBS,4,96029
Rajasthan,Government Medical College Bundi,MBBS,4,96029
Rajasthan,Government Medical College Bundi,MBBS,2+2(VV),96029
West Bengal,"College of Med & SDH, Kolkata",MBBS,8,9000
West Bengal,"College of Med & SDH, Kolkata",MBBS,7+1(VV),9000
West Bengal,"College of Med & SDH, Kolkata",MBBS,5+3(VV),9000
West Bengal,"College of Med & SDH, Kolkata",MBBS,2,9000
Tamil Nadu,"Govt Med Coll, Nilgiris",MBBS,8,18073
Tamil Nadu,"Govt Med Coll, Nilgiris",MBBS,7+1(VV),18073
Tamil Nadu,"Govt Med Coll, Nilgiris",MBBS,0+7(VV),18073
Rajasthan,"Govt Med Coll, Nagaur",MBBS,2,96029
Rajasthan,"Govt Med Coll, Nagaur",MBBS,2,96029
Rajasthan,"Govt Med Coll, Nagaur",MBBS,0+1(VV),96029
Maharashtra,"Rajarshee CSM Govt MC,Kolhapur",MBBS,9,158600
Maharashtra,"Rajarshee CSM Govt MC,Kolhapur",MBBS,9,158600
Maharashtra,"Rajarshee CSM Govt MC,Kolhapur",MBBS,3+5(VV),158600
Maharashtra,"Rajarshee CSM Govt MC,Kolhapur",MBBS,2,158600
Odisha,"Sri Jagannath Med Coll, Puri",MBBS,6,22000
Odisha,"Sri Jagannath Med Coll, Puri",MBBS,6,22000
Odisha,"Sri Jagannath Med Coll, Puri",MBBS,3+2(VV),22000
Rajasthan,"Government Med Coll, Karauli",MBBS,6,96029
Rajasthan,"Government Med Coll, Karauli",MBBS,6,96029
Rajasthan,"Government Med Coll, Karauli",MBBS,4+1(VV),96029
Madhya Pradesh,"Bundelkhand Med Coll, Sagar",MBBS,5,100000
Madhya Pradesh,"Bundelkhand Med Coll, Sagar",MBBS,5,100000
Madhya Pradesh,"Bundelkhand Med Coll, Sagar",MBBS,0+2(VV),100000
Haryana,"Maharishi Chyawan Med Coll,Koriawas",MBBS,6,61410
Haryana,"Maharishi Chyawan Med Coll,Koriawas",MBBS,5+1(VV),61410
Haryana,"Maharishi Chyawan Med Coll,Koriawas",MBBS,1,61410
West Bengal,"RG Kar Med Coll, Kolkata",MBBS,3,9000
West Bengal,"RG Kar Med Coll, Kolkata",MBBS,3,9000
West Bengal,"RG Kar Med Coll, Kolkata",MBBS,1+1(VV),9000
Rajasthan,"Government Med Coll, Karauli",MBBS,3,96029
Rajasthan,"Government Med Coll, Karauli",MBBS,3,96029
Rajasthan,"Government Med Coll, Karauli",MBBS,2,96029
Bihar,"Vardhman IMS, Nalanda",MBBS,5,9500
Bihar,"Vardhman IMS, Nalanda",MBBS,4+1(VV),9500
Bihar,"Vardhman IMS, Nalanda",MBBS,5,9500
Tamil Nadu,"Govt Med Coll, Karur",MBBS,5,18073
Tamil Nadu,"Govt Med Coll, Karur",MBBS,5,18073
Tamil Nadu,"Govt Med Coll, Karur",MBBS,0+5(VV),18073
West Bengal,"College of Med & SDH, Kolkata",MBBS,1,9000
West Bengal,"College of Med & SDH, Kolkata",MBBS,1,9000
West Bengal,"College of Med & SDH, Kolkata",MBBS,1,9000
Maharashtra,"MGIMS, Wardha",MBBS,18,169410
Maharashtra,"MGIMS, Wardha",MBBS,17+1(VV),169410
Maharashtra,"MGIMS, Wardha",MBBS,4+12(VV),169410
Uttar Pradesh,"Govt Med Coll, Azamgarh",MBBS,2,24000
Uttar Pradesh,"Govt Med Coll, Azamgarh",MBBS,2,24000
Uttar Pradesh,"Govt Med Coll, Azamgarh",MBBS,0+2(VV),24000
Uttar Pradesh,"Govt Med Coll, Azamgarh",MBBS,1,24000
Uttar Pradesh,"Govt Med Coll, Azamgarh",MBBS,3,24000
Uttar Pradesh,"Govt Med Coll, Azamgarh",MBBS,2+1(VV),24000
Uttar Pradesh,"Govt Med Coll, Azamgarh",MBBS,1+2(VV),24000
Karnataka,"Shri Atal Bihari Vajpayee, BLR",MBBS,3,64350
Karnataka,"Shri Atal Bihari Vajpayee, BLR",MBBS,1+2(VV),64350
Karnataka,"Shri Atal Bihari Vajpayee, BLR",MBBS,1+2(VV),64350
Karnataka,"Shri Atal Bihari Vajpayee, BLR",MBBS,2,64350
Uttar Pradesh,"Rajkiya Med Coll, Jalaun",MBBS,4,24000
Uttar Pradesh,"Rajkiya Med Coll, Jalaun",MBBS,3+1(VV),24000
Uttar Pradesh,"Rajkiya Med Coll, Jalaun",MBBS,0+4(VV),24000
Odisha,"Sri Jagannath Med Coll, Puri",MBBS,4,22000
Odisha,"Sri Jagannath Med Coll, Puri",MBBS,4,22000
Odisha,"Sri Jagannath Med Coll, Puri",MBBS,1+3(VV),22000
Bihar,"AN Magadh, Gaya",MBBS,4,9500
Bihar,"AN Magadh, Gaya",MBBS,4,9500
Bihar,"AN Magadh, Gaya",MBBS,0+4(VV),9500
Chhattisgarh,"CIMS, Bilaspur",MBBS,9,50000
Chhattisgarh,"CIMS, Bilaspur",MBBS,8+1(VV),50000
Chhattisgarh,"CIMS, Bilaspur",MBBS,1+5(VV),50000
Haryana,"ESI Med Coll, Faridabad",MBBS,17,24000
Haryana,"ESI Med Coll, Faridabad",MBBS,4+6(VV),24000
Haryana,"ESI Med Coll, Faridabad",MBBS,1+6(VV),24000
Haryana,"ESI Med Coll, Faridabad",MBBS,1,24000
Uttar Pradesh,"Govt Med Coll, Faizabad",MBBS,5,24000
Uttar Pradesh,"Govt Med Coll, Faizabad",MBBS,5,24000
Uttar Pradesh,"Govt Med Coll, Faizabad",MBBS,1+4(VV),24000
Kerala,"GMC, Kasaragod",MBBS,3,23150
Kerala,"GMC, Kasaragod",MBBS,2+1(VV),23150
Kerala,"GMC, Kasaragod",MBBS,1,23150
Jammu and Kashmir,"Government Medical Coll,Kathua",MBBS,4,26250
Jammu and Kashmir,"Government Medical Coll,Kathua",MBBS,5+1(VV),26250
Jammu and Kashmir,"Government Medical Coll,Kathua",MBBS,0+6(VV),26250
Maharashtra,"Govt Med Coll, Baramati",MBBS,4,158600
Maharashtra,"Govt Med Coll, Baramati",MBBS,2+2(VV),158600
Maharashtra,"Govt Med Coll, Baramati",MBBS,0+4(VV),158600
Maharashtra,"Govt Med Coll, Baramati",MBBS,1,158600
Madhya Pradesh,"Govt Med Coll, Shivpuri",MBBS,6,100000
Madhya Pradesh,"Govt Med Coll, Shivpuri",MBBS,6,100000
Madhya Pradesh,"Govt Med Coll, Shivpuri",MBBS,2+3(VV),100000
Karnataka,"KIMS, Hubli",MBBS,7,64350
Karnataka,"KIMS, Hubli",MBBS,7,64350
Karnataka,"KIMS, Hubli",MBBS,4+3(VV),64350
Karnataka,"KIMS, Hubli",MBBS,3,64350
Rajasthan,"Govt Med Coll, Baran",MBBS,1,96029
Rajasthan,"Govt Med Coll, Baran",MBBS,1,96029
Rajasthan,"Govt Med Coll, Baran",MBBS,0+1(VV),96029
Uttar Pradesh,"Govt Med Coll, Badaun",MBBS,4,24000
Uttar Pradesh,"Govt Med Coll, Badaun",MBBS,2+2(VV),24000
Uttar Pradesh,"Govt Med Coll, Badaun",MBBS,1+3(VV),24000
Rajasthan,"GMC, Tonk",MBBS,1,96029
Rajasthan,"GMC, Tonk",MBBS,0+1(VV),96029
Haryana,"BPS Govt Med Coll, Sonepat",MBBS,2,61410
Haryana,"BPS Govt Med Coll, Sonepat",MBBS,2,61410
Haryana,"BPS Govt Med Coll, Sonepat",MBBS,1+1(VV),61410
Goa,"Goa Med Coll, Panaji",MBBS,8,154050
Goa,"Goa Med Coll, Panaji",MBBS,8,154050
Goa,"Goa Med Coll, Panaji",MBBS,2+1(VV),154050
West Bengal,"College of Med & JNM, Kalyani",MBBS,1,9000
West Bengal,"College of Med & JNM, Kalyani",MBBS,1,9000
West Bengal,"College of Med & JNM, Kalyani",MBBS,0+1(VV),9000
Madhya Pradesh,"Govt Med Coll, Shivpuri",MBBS,4,100000
Madhya Pradesh,"Govt Med Coll, Shivpuri",MBBS,3+1(VV),100000
Madhya Pradesh,"Govt Med Coll, Shivpuri",MBBS,2+2(VV),100000
Rajasthan,"Govt Med Coll, Sawai Madhopur",MBBS,3,96029
Rajasthan,"Govt Med Coll, Sawai Madhopur",MBBS,3,96029
Rajasthan,"Govt Med Coll, Sawai Madhopur",MBBS,2+1(VV),96029
Rajasthan,"Govt Med Coll, Sawai Madhopur",MBBS,1,96029
Bihar,"ESIC Med Coll, Patna",MBBS,2,100000
Bihar,"ESIC Med Coll, Patna",MBBS,0+1(VV),100000
Telangana,"Govt Med Coll, Nizamabad",MBBS,1,14000
Rajasthan,"Govt Med Coll, Nagaur",MBBS,4,96029
Rajasthan,"Govt Med Coll, Nagaur",MBBS,4,96029
Rajasthan,"Govt Med Coll, Nagaur",MBBS,3,96029
Rajasthan,"ESIC Med Coll, Jaipur",MBBS,6,24000
Madhya Pradesh,"Govt Med Coll, Shivpuri",MBBS,2,100000
Madhya Pradesh,"Govt Med Coll, Shivpuri",MBBS,2,100000
Madhya Pradesh,"Govt Med Coll, Shivpuri",MBBS,0+1(VV),100000
Madhya Pradesh,"Govt Med Coll, Shivpuri",MBBS,1,100000
Chhattisgarh,"Govt Med Coll, Rajnandgaon",MBBS,1,50000
Chhattisgarh,"Govt Med Coll, Rajnandgaon",MBBS,0+1(VV),50000
Chhattisgarh,"Govt Med Coll, Rajnandgaon",MBBS,0+1(VV),50000
Uttar Pradesh,"ESIC, Varanasi",MBBS,1,100000
Uttar Pradesh,"Auton. State Med Coll, Deoria",MBBS,7,24000
Uttar Pradesh,"Auton. State Med Coll, Deoria",MBBS,5+2(VV),24000
Uttar Pradesh,"Auton. State Med Coll, Deoria",MBBS,1+6(VV),24000
Uttar Pradesh,"Auton. State Med Coll, Deoria",MBBS,2,24000
Rajasthan,"Govt Med Coll, Banswara",MBBS,6,96029
Rajasthan,"Govt Med Coll, Banswara",MBBS,6,96029
Rajasthan,"Govt Med Coll, Banswara",MBBS,5+1(VV),96029
Rajasthan,"Govt Med Coll, Banswara",MBBS,1,96029
Bihar,"AN Magadh, Gaya",MBBS,1,9500
Bihar,"AN Magadh, Gaya",MBBS,1,9500
Bihar,"AIIMS, Patna",MBBS,17,1350
Bihar,"AIIMS, Patna",MBBS,1+8(VV),1350
Bihar,"AIIMS, Patna",MBBS,0+6(VV),1350
Rajasthan,"GMC, Tonk",MBBS,3,96029
Rajasthan,"GMC, Tonk",MBBS,3,96029
Punjab,"Guru Govind Singh, Faridkot",MBBS,6,192000
Punjab,"Guru Govind Singh, Faridkot",MBBS,8,192000
Punjab,"Guru Govind Singh, Faridkot",MBBS,5+5(VV),192000
Punjab,"Guru Govind Singh, Faridkot",MBBS,2,192000
Jammu and Kashmir,"Govt Med Coll, Srinagar",MBBS,7,26250
Jammu and Kashmir,"Govt Med Coll, Srinagar",MBBS,7,26250
Jammu and Kashmir,"Govt Med Coll, Srinagar",MBBS,3+2(VV),26250
Himachal Pradesh,"DrRadhakrishnan GovtColl,Hamirpur",MBBS,2,50000
Himachal Pradesh,"DrRadhakrishnan GovtColl,Hamirpur",MBBS,2,50000
Himachal Pradesh,"DrRadhakrishnan GovtColl,Hamirpur",MBBS,1+1(VV),50000
Madhya Pradesh,"Govt Med Coll, Mandsaur",MBBS,5,100000
Madhya Pradesh,"Govt Med Coll, Mandsaur",MBBS,4+1(VV),100000
Madhya Pradesh,"Govt Med Coll, Mandsaur",MBBS,0+2(VV),100000
Rajasthan,"Govt Med Coll, Baran",MBBS,6,96029
Rajasthan,"Govt Med Coll, Baran",MBBS,6,96029
Rajasthan,"Govt Med Coll, Baran",MBBS,4+2(VV),96029
Uttar Pradesh,"Govt Allopathic Med Coll,Banda",MBBS,4,24000
Uttar Pradesh,"Govt Allopathic Med Coll,Banda",MBBS,3+1(VV),24000
Uttar Pradesh,"Govt Allopathic Med Coll,Banda",MBBS,1+2(VV),24000
Tamil Nadu,"Govt Med Coll, Virudhunagar",MBBS,8,18073
Tamil Nadu,"Govt Med Coll, Virudhunagar",MBBS,7+1(VV),18073
Tamil Nadu,"Govt Med Coll, Virudhunagar",MBBS,2+6(VV),18073
Madhya Pradesh,"Govt Med Coll, Neemuch",MBBS,7,100000
Madhya Pradesh,"Govt Med Coll, Neemuch",MBBS,6+1(VV),100000
Madhya Pradesh,"Govt Med Coll, Neemuch",MBBS,2+3(VV),100000
Madhya Pradesh,"Govt Med Coll, Neemuch",MBBS,1,100000
Uttar Pradesh,"Govt Med Coll, Firozobad",MBBS,4,24000
Uttar Pradesh,"Govt Med Coll, Firozobad",MBBS,3+1(VV),24000
Uttar Pradesh,"Govt Med Coll, Firozobad",MBBS,0+4(VV),24000
Bihar,"Vardhman IMS, Nalanda",MBBS,2,9500
Bihar,"Vardhman IMS, Nalanda",MBBS,2,9500
Bihar,"Vardhman IMS, Nalanda",MBBS,1,9500
Madhya Pradesh,"Atal Bihari Vajpayee, Vidisha",MBBS,1,100000
Madhya Pradesh,"Atal Bihari Vajpayee, Vidisha",MBBS,1,100000
Madhya Pradesh,"Atal Bihari Vajpayee, Vidisha",MBBS,0+1(VV),100000
Tamil Nadu,Govt Thoothukudi Med Coll,MBBS,6,18073
Tamil Nadu,Govt Thoothukudi Med Coll,MBBS,6,18073
Tamil Nadu,Govt Thoothukudi Med Coll,MBBS,0+6(VV),18073
Karnataka,"ESIC Med Coll,Gulbarga",MBBS,5,100000
Karnataka,"ESIC Med Coll,Gulbarga",MBBS,4+1(VV),100000
Karnataka,"ESIC Med Coll,Gulbarga",MBBS,2+2(VV),100000
Haryana,"SHKM, Nalhar",MBBS,1,61410
Haryana,"SHKM, Nalhar",MBBS,0+1(VV),61410
Haryana,"SHKM, Nalhar",MBBS,1,61410
Uttar Pradesh,"Rajkiya Med Coll, Jalaun",MBBS,1,24000
Uttar Pradesh,"Rajkiya Med Coll, Jalaun",MBBS,1,24000
Uttar Pradesh,"Rajkiya Med Coll, Jalaun",MBBS,0+1(VV),24000
Rajasthan,"Govt Med Coll, Banswara",MBBS,4,96029
Rajasthan,"Govt Med Coll, Banswara",MBBS,4,96029
Rajasthan,"Govt Med Coll, Banswara",MBBS,2+2(VV),96029
Rajasthan,"Govt Med Coll, Baran",MBBS,4,96029
Rajasthan,"Govt Med Coll, Baran",MBBS,4,96029
Rajasthan,"Govt Med Coll, Baran",MBBS,3+1(VV),96029
Rajasthan,"GMC, Tonk",MBBS,2,96029
Rajasthan,"GMC, Tonk",MBBS,2,96029
Tamil Nadu,Govt Villupuram Med Coll,MBBS,4,18073
Tamil Nadu,Govt Villupuram Med Coll,MBBS,4,18073
Tamil Nadu,Govt Villupuram Med Coll,MBBS,0+4(VV),18073
Tamil Nadu,"ESI PGIMSR, KK Nagar, Chennai",MBBS,6,100000
Tamil Nadu,"ESI PGIMSR, KK Nagar, Chennai",MBBS,4+2(VV),100000
Tamil Nadu,"ESI PGIMSR, KK Nagar, Chennai",MBBS,2+3(VV),100000
Chhattisgarh,"CIMS, Bilaspur",MBBS,2,50000
Chhattisgarh,"CIMS, Bilaspur",MBBS,2,50000
Chhattisgarh,"CIMS, Bilaspur",MBBS,1+1(VV),50000
Uttar Pradesh,"Govt Med Coll, Badaun",MBBS,2,24000
Uttar Pradesh,"Govt Med Coll, Badaun",MBBS,2,24000
Uttar Pradesh,"Govt Med Coll, Badaun",MBBS,0+2(VV),24000
Madhya Pradesh,"SSMC, Rewa",MBBS,2,100000
Madhya Pradesh,"SSMC, Rewa",MBBS,1+1(VV),100000
Madhya Pradesh,"SSMC, Rewa",MBBS,0+2(VV),100000
Tamil Nadu,"Govt Med Coll, Thiruvallur",MBBS,3,18073
Tamil Nadu,"Govt Med Coll, Thiruvallur",MBBS,3,18073
Tamil Nadu,"Govt Med Coll, Thiruvallur",MBBS,1+2(VV),18073
Bihar,"Govt Med Coll, Bettiah",MBBS,7,9500
Bihar,"Govt Med Coll, Bettiah",MBBS,6+1(VV),9500
Bihar,"Govt Med Coll, Bettiah",MBBS,1+5(VV),9500
Haryana,"AB Vajpay GovtMedColl,Faridabad",MBBS,2,61410
Haryana,"AB Vajpay GovtMedColl,Faridabad",MBBS,1+1(VV),61410
Haryana,"AB Vajpay GovtMedColl,Faridabad",MBBS,2,61410
Haryana,"AB Vajpay GovtMedColl,Faridabad",MBBS,1,61410
Haryana,"AB Vajpay GovtMedColl,Faridabad",MBBS,1,61410
Andhra Pradesh,"Guntur Med Coll, Guntur",MBBS,9,15000
Andhra Pradesh,"Guntur Med Coll, Guntur",MBBS,4+5(VV),15000
Andhra Pradesh,"Guntur Med Coll, Guntur",MBBS,3+5(VV),15000
Andhra Pradesh,"Guntur Med Coll, Guntur",MBBS,3,15000
Uttar Pradesh,"Auton. State Med Coll, Etah",MBBS,4,24000
Uttar Pradesh,"Auton. State Med Coll, Etah",MBBS,2+2(VV),24000
Uttar Pradesh,"Auton. State Med Coll, Etah",MBBS,0+2(VV),24000
Telangana,"AIIMS, Bibinagar",MBBS,14,1350
Telangana,"AIIMS, Bibinagar",MBBS,1+8(VV),1350
Telangana,"AIIMS, Bibinagar",MBBS,0+8(VV),1350
Pondicherry,"IGMC & RI, Pondicherry",MBBS,10,73700
Pondicherry,"IGMC & RI, Pondicherry",MBBS,8+2(VV),73700
Pondicherry,"IGMC & RI, Pondicherry",MBBS,5+4(VV),73700
Pondicherry,"IGMC & RI, Pondicherry",MBBS,2,73700
Rajasthan,"GMC, Jaisalmer",MBBS,4,96029
Rajasthan,"GMC, Jaisalmer",MBBS,4,96029
Rajasthan,"GMC, Jaisalmer",MBBS,1,96029
Uttar Pradesh,"Govt Med Coll, Shahjhanpur",MBBS,5,24000
Uttar Pradesh,"Govt Med Coll, Shahjhanpur",MBBS,5,24000
Uttar Pradesh,"Govt Med Coll, Shahjhanpur",MBBS,3+2(VV),24000
Madhya Pradesh,"Govt Med Coll, Neemuch",MBBS,4,100000
Madhya Pradesh,"Govt Med Coll, Neemuch",MBBS,1+3(VV),100000
Madhya Pradesh,"Govt Med Coll, Neemuch",MBBS,0+3(VV),100000
Rajasthan,"GMC, Jaisalmer",MBBS,2,96029
Rajasthan,"GMC, Jaisalmer",MBBS,2,96029
Madhya Pradesh,"Govt Med Coll, Datia",MBBS,8,100000
Madhya Pradesh,"Govt Med Coll, Datia",MBBS,7+1(VV),100000
Madhya Pradesh,"Govt Med Coll, Datia",MBBS,3+5(VV),100000
West Bengal,"College of Med & SDH, Kolkata",MBBS,4,9000
West Bengal,"College of Med & SDH, Kolkata",MBBS,4,9000
West Bengal,"College of Med & SDH, Kolkata",MBBS,1+3(VV),9000
Uttarakhand,"VCSG Med Coll, Pauri Garhwal",MBBS,2,150000
Uttarakhand,"VCSG Med Coll, Pauri Garhwal",MBBS,2,150000
Uttarakhand,"VCSG Med Coll, Pauri Garhwal",MBBS,0+1(VV),150000
West Bengal,"AIIMS, Kalyani",MBBS,18,1350
West Bengal,"AIIMS, Kalyani",MBBS,2+4(VV),1350
West Bengal,"AIIMS, Kalyani",MBBS,0+3(VV),1350
Madhya Pradesh,"Govt Med Coll, Khandwa",MBBS,7,100000
Madhya Pradesh,"Govt Med Coll, Khandwa",MBBS,6+1(VV),100000
Madhya Pradesh,"Govt Med Coll, Khandwa",MBBS,1+6(VV),100000
Haryana,"Maharishi Chyawan Med Coll,Koriawas",MBBS,3,61410
Haryana,"Maharishi Chyawan Med Coll,Koriawas",MBBS,2,61410
Punjab,"DrBRAmbedkar State IMS,Mohali",MBBS,2,192000
Punjab,"DrBRAmbedkar State IMS,Mohali",MBBS,2,192000
Punjab,"DrBRAmbedkar State IMS,Mohali",MBBS,2,192000
Madhya Pradesh,"Govt Med Coll, Mandsaur",MBBS,4,100000
Madhya Pradesh,"Govt Med Coll, Mandsaur",MBBS,3+1(VV),100000
Madhya Pradesh,"Govt Med Coll, Mandsaur",MBBS,1+3(VV),100000
Odisha,"VIMSAR, Burla",MBBS,2,22000
Odisha,"VIMSAR, Burla",MBBS,2,22000
Odisha,"VIMSAR, Burla",MBBS,0+1(VV),22000
Andhra Pradesh,"Govt Siddhartha, Vijaywada",MBBS,10,15000
Andhra Pradesh,"Govt Siddhartha, Vijaywada",MBBS,6+4(VV),15000
Andhra Pradesh,"Govt Siddhartha, Vijaywada",MBBS,2+8(VV),15000
Andhra Pradesh,"Govt Siddhartha, Vijaywada",MBBS,1,15000
Tamil Nadu,"Govt Med Coll, Nilgiris",MBBS,6,18073
Tamil Nadu,"Govt Med Coll, Nilgiris",MBBS,6,18073
Tamil Nadu,"Govt Med Coll, Nilgiris",MBBS,0+5(VV),18073
Maharashtra,"VMMC, Solapur",MBBS,13,158600
Maharashtra,"VMMC, Solapur",MBBS,11+1(VV),158600
Maharashtra,"VMMC, Solapur",MBBS,6+6(VV),158600
Maharashtra,"VMMC, Solapur",MBBS,2,158600
Jharkhand,"MGM Med Coll, Jamshedpur",MBBS,5,9130
Jharkhand,"MGM Med Coll, Jamshedpur",MBBS,5,9130
Jharkhand,"MGM Med Coll, Jamshedpur",MBBS,2,9130
Jharkhand,"MGM Med Coll, Jamshedpur",MBBS,4+1(VV),9130
Chhattisgarh,"CIMS, Bilaspur",MBBS,6,50000
Chhattisgarh,"CIMS, Bilaspur",MBBS,6,50000
Chhattisgarh,"CIMS, Bilaspur",MBBS,2+4(VV),50000
Uttar Pradesh,"Govt Med Coll, Shahjhanpur",MBBS,4,24000
Uttar Pradesh,"Govt Med Coll, Shahjhanpur",MBBS,4,24000
Uttar Pradesh,"Govt Med Coll, Shahjhanpur",MBBS,1+3(VV),24000
Kerala,"GMC, Kasaragod",MBBS,2,23150
Kerala,"GMC, Kasaragod",MBBS,0+2(VV),23150
Jammu and Kashmir,"Sher-I-Kashmir, Srinagar",MBBS,4,36400
Jammu and Kashmir,"Sher-I-Kashmir, Srinagar",MBBS,4,36400
Jammu and Kashmir,"Sher-I-Kashmir, Srinagar",MBBS,2+2(VV),36400
Karnataka,"Belagavi IMS, Belagavi",MBBS,6,64350
Karnataka,"Belagavi IMS, Belagavi",MBBS,7+1(VV),64350
Karnataka,"Belagavi IMS, Belagavi",MBBS,2+5(VV),64350
Jharkhand,"Shaheed Nirmal Mahto, Dhanbad",MBBS,6,7400
Jharkhand,"Shaheed Nirmal Mahto, Dhanbad",MBBS,3+2(VV),7400
Jharkhand,"Shaheed Nirmal Mahto, Dhanbad",MBBS,5,7400
Uttarakhand,"Soban Singh Govt Inst, Almora",MBBS,6,150000
Uttarakhand,"Soban Singh Govt Inst, Almora",MBBS,6,150000
Uttarakhand,"Soban Singh Govt Inst, Almora",MBBS,1+5(VV),150000
Uttarakhand,"Soban Singh Govt Inst, Almora",MBBS,1,150000
Haryana,"Pt Neki Ram Sharma GovtMedColl, Bhiwani",MBBS,1,61410
Haryana,"Pt Neki Ram Sharma GovtMedColl, Bhiwani",MBBS,1,61410
Haryana,"Pt Neki Ram Sharma GovtMedColl, Bhiwani",MBBS,4,61410
Haryana,"Pt Neki Ram Sharma GovtMedColl, Bhiwani",MBBS,2+1(VV),61410
Karnataka,"Mandya IMS, Mandya",MBBS,6,64350
Karnataka,"Mandya IMS, Mandya",MBBS,6,64350
Karnataka,"Mandya IMS, Mandya",MBBS,2+4(VV),64350
Madhya Pradesh,"Govt Med Coll, Khandwa",MBBS,4,100000
Madhya Pradesh,"Govt Med Coll, Khandwa",MBBS,4,100000
Madhya Pradesh,"Govt Med Coll, Khandwa",MBBS,2+2(VV),100000
Madhya Pradesh,"Govt Med Coll, Datia",MBBS,5,100000
Madhya Pradesh,"Govt Med Coll, Datia",MBBS,5,100000
Madhya Pradesh,"Govt Med Coll, Datia",MBBS,1+2(VV),100000
Uttar Pradesh,"Govt Med Coll, Bahraich",MBBS,5,24000
Uttar Pradesh,"Govt Med Coll, Bahraich",MBBS,5,24000
Uttar Pradesh,"Govt Med Coll, Bahraich",MBBS,3+2(VV),24000
Madhya Pradesh,"Govt Med Coll, Chhindwara",MBBS,6,100000
Madhya Pradesh,"Govt Med Coll, Chhindwara",MBBS,7,100000
Madhya Pradesh,"Govt Med Coll, Chhindwara",MBBS,4+2(VV),100000
Uttar Pradesh,"Auton. State Med Coll,Ghazipur",MBBS,1,24000
Uttar Pradesh,"Auton. State Med Coll,Ghazipur",MBBS,0+1(VV),24000
Uttar Pradesh,"Auton. State Med Coll,Ghazipur",MBBS,0+1(VV),24000
Odisha,"Govt Med Coll, Balasore",MBBS,5,22000
Odisha,"Govt Med Coll, Balasore",MBBS,5,22000
Odisha,"Govt Med Coll, Balasore",MBBS,2+2(VV),22000
Pondicherry,"IGMC & RI, Pondicherry",MBBS,7,73700
Pondicherry,"IGMC & RI, Pondicherry",MBBS,7,73700
Pondicherry,"IGMC & RI, Pondicherry",MBBS,3+2(VV),73700
Uttar Pradesh,"Auto. State Med Coll, Bijnor",MBBS,5,24000
Uttar Pradesh,"Auto. State Med Coll, Bijnor",MBBS,5,24000
Uttar Pradesh,"Auto. State Med Coll, Bijnor",MBBS,3+2(VV),24000
Uttar Pradesh,"Auto. State Med Coll, Bijnor",MBBS,1,24000
Uttar Pradesh,"Auton. State Med Coll,Fatehpur",MBBS,6,24000
Uttar Pradesh,"Auton. State Med Coll,Fatehpur",MBBS,5+1(VV),24000
Uttar Pradesh,"Auton. State Med Coll,Fatehpur",MBBS,3+2(VV),24000
Uttar Pradesh,"Govt Med Coll, Rampur, Basti",MBBS,5,24000
Uttar Pradesh,"Govt Med Coll, Rampur, Basti",MBBS,5,24000
Uttar Pradesh,"Govt Med Coll, Rampur, Basti",MBBS,4+1(VV),24000
Uttar Pradesh,"Govt Med Coll, Rampur, Basti",MBBS,2,24000
West Bengal,"ESI, Joka, Kolkata",MBBS,2,100000
West Bengal,"ESI, Joka, Kolkata",MBBS,2,100000
West Bengal,"ESI, Joka, Kolkata",MBBS,2+1(VV),100000
West Bengal,"ESI, Joka, Kolkata",MBBS,1,100000
Karnataka,"Shimoga IMS, Shimoga",MBBS,9,64350
Karnataka,"Shimoga IMS, Shimoga",MBBS,8,64350
Karnataka,"Shimoga IMS, Shimoga",MBBS,3+5(VV),64350
Tamil Nadu,"Govt Med Coll, Namakkal",MBBS,3,18073
Tamil Nadu,"Govt Med Coll, Namakkal",MBBS,3,18073
Tamil Nadu,"Govt Med Coll, Namakkal",MBBS,0+3(VV),18073
Maharashtra,"Govt Med Coll, Nanded",MBBS,7,158600
Maharashtra,"Govt Med Coll, Nanded",MBBS,4+3(VV),158600
Maharashtra,"Govt Med Coll, Nanded",MBBS,1+4(VV),158600
Maharashtra,"Govt Med Coll, Nanded",MBBS,2,158600
Madhya Pradesh,"Govt Med Coll, Khandwa",MBBS,1,100000
Madhya Pradesh,"Govt Med Coll, Khandwa",MBBS,1,100000
Madhya Pradesh,"Govt Med Coll, Khandwa",MBBS,0+1(VV),100000
Tamil Nadu,"Govt Med Coll, Pudukottai",MBBS,9,18073
Tamil Nadu,"Govt Med Coll, Pudukottai",MBBS,8+1(VV),18073
Tamil Nadu,"Govt Med Coll, Pudukottai",MBBS,1+8(VV),18073
Karnataka,"KIMS, Hubli",MBBS,3,64350
Karnataka,"KIMS, Hubli",MBBS,3,64350
Karnataka,"KIMS, Hubli",MBBS,1+1(VV),64350
Maharashtra,"ESI, Andheri, Mumbai",MBBS,1,100000
Maharashtra,"ESI, Andheri, Mumbai",MBBS,1,100000
West Bengal,"ESI, Joka, Kolkata",MBBS,6,100000
West Bengal,"ESI, Joka, Kolkata",MBBS,6,100000
West Bengal,"ESI, Joka, Kolkata",MBBS,4+3(VV),100000
West Bengal,Burdwan Medical College,MBBS,11,9000
West Bengal,Burdwan Medical College,MBBS,9+1(VV),9000
West Bengal,Burdwan Medical College,MBBS,0+6(VV),9000
Uttar Pradesh,"Auton. State Med Coll, Hardoi",MBBS,7,24000
Uttar Pradesh,"Auton. State Med Coll, Hardoi",MBBS,5+2(VV),24000
"Auton. State Med Coll, Hardoi",MBBS,3+4(VV),"?24,000*",
Uttar Pradesh,"Auton. State Med Coll, Hardoi",MBBS,1,24000
Uttar Pradesh,"Auto. State Med Coll, Lalitpur",MBBS,6,24000
Uttar Pradesh,"Auto. State Med Coll, Lalitpur",MBBS,5+1(VV),24000
Uttar Pradesh,"Auto. State Med Coll, Lalitpur",MBBS,1+5(VV),24000
Bihar,"Government Med Coll, Purnea",MBBS,5,9500
Bihar,"Government Med Coll, Purnea",MBBS,5,9500
Bihar,"Government Med Coll, Purnea",MBBS,0+4(VV),9500
Jharkhand,"Shaheed Nirmal Mahto, Dhanbad",MBBS,2,7400
Jharkhand,"Shaheed Nirmal Mahto, Dhanbad",MBBS,2,7400
Jharkhand,"Shaheed Nirmal Mahto, Dhanbad",MBBS,2,7400
Rajasthan,"Govt Med Coll, Banswara",MBBS,2,96029
Rajasthan,"Govt Med Coll, Banswara",MBBS,2,96029
Rajasthan,"Govt Med Coll, Banswara",MBBS,0+2(VV),96029
Madhya Pradesh,"Govt Med Coll, Datia",MBBS,1,100000
Madhya Pradesh,"Govt Med Coll, Datia",MBBS,0+1(VV),100000
Madhya Pradesh,"Govt Med Coll, Datia",MBBS,0+1(VV),100000
Maharashtra,"Govt Med Coll, Miraj",MBBS,10,158600
Maharashtra,"Govt Med Coll, Miraj",MBBS,8+2(VV),158600
Maharashtra,"Govt Med Coll, Miraj",MBBS,5+5(VV),158600
Maharashtra,"Govt Med Coll, Miraj",MBBS,1,158600
Uttar Pradesh,"Auton. State Med Coll, Etah",MBBS,2,24000
Uttar Pradesh,"Auton. State Med Coll, Etah",MBBS,2,24000
Uttar Pradesh,"Auton. State Med Coll, Etah",MBBS,0+1(VV),24000
Uttar Pradesh,"Govt Med Coll, Faizabad",MBBS,2,24000
Uttar Pradesh,"Govt Med Coll, Faizabad",MBBS,2,24000
Uttar Pradesh,"Govt Med Coll, Faizabad",MBBS,1+1(VV),24000
Maharashtra,"Seth GS, Mumbai",MBBS,6,158600
Maharashtra,"Seth GS, Mumbai",MBBS,3,158600
Maharashtra,"Seth GS, Mumbai",MBBS,0+2(VV),158600
Telangana,"Kakatiya Med Coll, Warangal",MBBS,13,14000
Telangana,"Kakatiya Med Coll, Warangal",MBBS,11+2(VV),14000
Telangana,"Kakatiya Med Coll, Warangal",MBBS,3+6(VV),14000
Uttar Pradesh,"Auton. State Med Coll,Fatehpur",MBBS,1,24000
Uttar Pradesh,"Auton. State Med Coll,Fatehpur",MBBS,1,24000
Uttar Pradesh,"Auton. State Med Coll,Fatehpur",MBBS,0+1(VV),24000
Haryana,"ESI Med Coll, Faridabad",MBBS,11,24000
Haryana,"ESI Med Coll, Faridabad",MBBS,1+5(VV),24000
Haryana,"ESI Med Coll, Faridabad",MBBS,0+4(VV),24000
Uttarakhand,"VCSG Med Coll, Pauri Garhwal",MBBS,6,150000
Uttarakhand,"VCSG Med Coll, Pauri Garhwal",MBBS,5+1(VV),150000
Uttarakhand,"VCSG Med Coll, Pauri Garhwal",MBBS,4+2(VV),150000
Uttarakhand,"VCSG Med Coll, Pauri Garhwal",MBBS,1,150000
Madhya Pradesh,"GMC, Sheopur",MBBS,7,100000
Madhya Pradesh,"GMC, Sheopur",MBBS,4+2(VV),100000
Tamil Nadu,"Govt Med Coll, Dindigul",MBBS,9,18073
Tamil Nadu,"Govt Med Coll, Dindigul",MBBS,9,18073
Tamil Nadu,"Govt Med Coll, Dindigul",MBBS,2+6(VV),18073
Karnataka,"Hassan IMS, Hassan",MBBS,9,64350
Karnataka,"Hassan IMS, Hassan",MBBS,12,64350
Karnataka,"Hassan IMS, Hassan",MBBS,2+6(VV),64350
Andhra Pradesh,"Kurnool Med Coll, Kurnool",MBBS,14,15000
Andhra Pradesh,"Kurnool Med Coll, Kurnool",MBBS,5+7(VV),15000
Andhra Pradesh,"Kurnool Med Coll, Kurnool",MBBS,2+7(VV),15000
Uttar Pradesh,"Govt Med Coll, Rampur, Basti",MBBS,3,24000
Uttar Pradesh,"Govt Med Coll, Rampur, Basti",MBBS,3,24000
Uttar Pradesh,"Govt Med Coll, Rampur, Basti",MBBS,3,24000
Tamil Nadu,Govt Thiruvannamalai Med Coll,MBBS,6,18073
Tamil Nadu,Govt Thiruvannamalai Med Coll,MBBS,6,18073
Tamil Nadu,Govt Thiruvannamalai Med Coll,MBBS,1+5(VV),18073
Tamil Nadu,Govt Thiruvannamalai Med Coll,MBBS,1,18073
Tamil Nadu,"Govt Med Coll, Dindigul",MBBS,5,18073
Tamil Nadu,"Govt Med Coll, Dindigul",MBBS,4+1(VV),18073
Tamil Nadu,"Govt Med Coll, Dindigul",MBBS,1+4(VV),18073
Madhya Pradesh,"GMC, Sheopur",MBBS,3,100000
Madhya Pradesh,"GMC, Sheopur",MBBS,0+3(VV),100000
Himachal Pradesh,"Govt Med Coll, Chamba",MBBS,2,50000
Himachal Pradesh,"Govt Med Coll, Chamba",MBBS,2,50000
Himachal Pradesh,"Govt Med Coll, Chamba",MBBS,0+2(VV),50000
Tamil Nadu,"Govt Med Coll, Virudhunagar",MBBS,6,18073
Tamil Nadu,"Govt Med Coll, Virudhunagar",MBBS,6,18073
Tamil Nadu,"Govt Med Coll, Virudhunagar",MBBS,0+6(VV),18073
Madhya Pradesh,"Government Med Coll, Satna",MBBS,7,100000
Madhya Pradesh,"Government Med Coll, Satna",MBBS,6+1(VV),100000
Madhya Pradesh,"Government Med Coll, Satna",MBBS,4+3(VV),100000
Madhya Pradesh,"Government Med Coll, Satna",MBBS,2,100000
Uttar Pradesh,"JNMC (AMU), Aligarh",MBBS,69,60300
Uttar Pradesh,"JNMC (AMU), Aligarh",MBBS,0+8(VV),60300
Uttar Pradesh,"JNMC (AMU), Aligarh",MBBS,0+5(VV),60300
Assam,"ESIC, Beltola",MBBS,3,100000
Tamil Nadu,"Govt Med Coll, Namakkal",MBBS,6,18073
Tamil Nadu,"Govt Med Coll, Namakkal",MBBS,6,18073
Tamil Nadu,"Govt Med Coll, Namakkal",MBBS,0+6(VV),18073
Uttar Pradesh,"Govt Med Coll, Bahraich",MBBS,4,24000
Uttar Pradesh,"Govt Med Coll, Bahraich",MBBS,4,24000
Uttar Pradesh,"Govt Med Coll, Bahraich",MBBS,0+4(VV),24000
Tamil Nadu,"Govt Med Coll, Pudukottai",MBBS,6,18073
Tamil Nadu,"Govt Med Coll, Pudukottai",MBBS,6,18073
Tamil Nadu,"Govt Med Coll, Pudukottai",MBBS,1+5(VV),18073
Uttar Pradesh,"Auton. StateMed,Siddharthnagar",MBBS,6,24000
Uttar Pradesh,"Auton. StateMed,Siddharthnagar",MBBS,5+1(VV),24000
Uttar Pradesh,"Auton. StateMed,Siddharthnagar",MBBS,3+1(VV),24000
Uttar Pradesh,"Auton. StateMed,Siddharthnagar",MBBS,1,24000
West Bengal,"NBMC, Darjeeling",MBBS,11,9000
West Bengal,"NBMC, Darjeeling",MBBS,10,9000
West Bengal,"NBMC, Darjeeling",MBBS,3+6(VV),9000
West Bengal,"NBMC, Darjeeling",MBBS,1,9000
Maharashtra,"MPGIMER, Nashik",MBBS,2,158600
Maharashtra,"MPGIMER, Nashik",MBBS,2,158600
Maharashtra,"MPGIMER, Nashik",MBBS,1+1(VV),158600
Uttar Pradesh,"Auto. State Med Coll, Bijnor",MBBS,4,24000
Uttar Pradesh,"Auto. State Med Coll, Bijnor",MBBS,2+2(VV),24000
Uttar Pradesh,"Auto. State Med Coll, Bijnor",MBBS,2+2(VV),24000
Andhra Pradesh,"SV Med Coll, Tirupati",MBBS,14,15000
Andhra Pradesh,"SV Med Coll, Tirupati",MBBS,5+5(VV),15000
Andhra Pradesh,"SV Med Coll, Tirupati",MBBS,3+5(VV),15000
Uttar Pradesh,"Auton.State MedColl,Pratapgarh",MBBS,4,24000
Uttar Pradesh,"Auton.State MedColl,Pratapgarh",MBBS,3+1(VV),24000
Uttar Pradesh,"Auton.State MedColl,Pratapgarh",MBBS,2+2(VV),24000
Uttar Pradesh,"Auton. State Med Coll, Deoria",MBBS,4,24000
Uttar Pradesh,"Auton. State Med Coll, Deoria",MBBS,4,24000
Uttar Pradesh,"Auton. State Med Coll, Deoria",MBBS,1+2(VV),24000
Uttarakhand,"Government Med Coll, Haridwar",MBBS,4,150000
Uttarakhand,"Government Med Coll, Haridwar",MBBS,4,150000
Uttarakhand,"Government Med Coll, Haridwar",MBBS,4,150000
Uttar Pradesh,"Auton. State Med Coll, Hardoi",MBBS,4,24000
Uttar Pradesh,"Auton. State Med Coll, Hardoi",MBBS,4,24000
Uttar Pradesh,"Auton. State Med Coll, Hardoi",MBBS,1+3(VV),24000
Bihar,"Govt Med Coll, Bettiah",MBBS,2,9500
Bihar,"Govt Med Coll, Bettiah",MBBS,2,9500
Bihar,"Govt Med Coll, Bettiah",MBBS,0+1(VV),9500
Punjab,"Guru Govind Singh, Faridkot",MBBS,3,192000
Punjab,"Guru Govind Singh, Faridkot",MBBS,3,192000
Punjab,"Guru Govind Singh, Faridkot",MBBS,2+2(VV),192000
Punjab,"Guru Govind Singh, Faridkot",MBBS,1,192000
Haryana,"Maharishi Chyawan Med Coll,Koriawas",MBBS,1,61410
Haryana,"Maharishi Chyawan Med Coll,Koriawas",MBBS,0+1(VV),61410
Madhya Pradesh,"Govt Med Coll, Shahdol, MP",MBBS,6,100000
Madhya Pradesh,"Govt Med Coll, Shahdol, MP",MBBS,4+2(VV),100000
Madhya Pradesh,"Govt Med Coll, Shahdol, MP",MBBS,1+5(VV),100000
Madhya Pradesh,"Govt Med Coll, Shahdol, MP",MBBS,1,100000
Uttar Pradesh,"Auton. State Med Coll,Fatehpur",MBBS,4,24000
Uttar Pradesh,"Auton. State Med Coll,Fatehpur",MBBS,4,24000
Uttar Pradesh,"Auton. State Med Coll,Fatehpur",MBBS,1+3(VV),24000
Madhya Pradesh,"Govt Med Coll, Neemuch",MBBS,1,100000
Madhya Pradesh,"Govt Med Coll, Neemuch",MBBS,1,100000
Madhya Pradesh,"Govt Med Coll, Neemuch",MBBS,0+1(VV),100000
Uttarakhand,"Soban Singh Govt Inst, Almora",MBBS,4,150000
Uttarakhand,"Soban Singh Govt Inst, Almora",MBBS,4,150000
Uttarakhand,"Soban Singh Govt Inst, Almora",MBBS,4,150000
Tamil Nadu,Govt Sivagangai Med Coll,MBBS,6,18073
Tamil Nadu,Govt Sivagangai Med Coll,MBBS,6,18073
Tamil Nadu,Govt Sivagangai Med Coll,MBBS,0+6(VV),18073
Maharashtra,"Govt Med Coll, Jalgaon",MBBS,10,158600
Maharashtra,"Govt Med Coll, Jalgaon",MBBS,10,158600
Maharashtra,"Govt Med Coll, Jalgaon",MBBS,2+7(VV),158600
Maharashtra,"Rajarshee CSM Govt MC,Kolhapur",MBBS,5,158600
Maharashtra,"Rajarshee CSM Govt MC,Kolhapur",MBBS,4+1(VV),158600
Maharashtra,"Rajarshee CSM Govt MC,Kolhapur",MBBS,2+3(VV),158600
Maharashtra,"Rajarshee CSM Govt MC,Kolhapur",MBBS,1,158600
Delhi,"Dr BSA Med Coll, Delhi",MBBS,3,75000
Delhi,"Dr BSA Med Coll, Delhi",MBBS,3,75000
Delhi,"Dr BSA Med Coll, Delhi",MBBS,0+1(VV),75000
Uttar Pradesh,"Govt Med Coll, Rampur, Basti",MBBS,1,24000
Uttar Pradesh,"Govt Med Coll, Rampur, Basti",MBBS,1,24000
Uttar Pradesh,"Govt Med Coll, Rampur, Basti",MBBS,0+1(VV),24000
Jammu and Kashmir,"Government Med Coll, Udhampur",MBBS,5,27060
Jammu and Kashmir,"Government Med Coll, Udhampur",MBBS,5,27060
Jammu and Kashmir,"Government Med Coll, Udhampur",MBBS,3+1(VV),27060
Jammu and Kashmir,"Government Med Coll, Udhampur",MBBS,1,27060
Madhya Pradesh,"Govt Med Coll, Chhindwara",MBBS,4,100000
Madhya Pradesh,"Govt Med Coll, Chhindwara",MBBS,6,100000
Madhya Pradesh,"Govt Med Coll, Chhindwara",MBBS,1+5(VV),100000
Uttar Pradesh,"Auto. State MedColl, Kanpur Dehat",MBBS,7,24000
Uttar Pradesh,"Auto. State MedColl, Kanpur Dehat",MBBS,7,24000
Uttar Pradesh,"Auto. State MedColl, Kanpur Dehat",MBBS,4+2(VV),24000
Punjab,"AIIMS, Bathinda",MBBS,14,1350
Punjab,"AIIMS, Bathinda",MBBS,2+6(VV),1350
Punjab,"AIIMS, Bathinda",MBBS,0+7(VV),1350
Uttar Pradesh,"Auton. State Med Coll, Jaunpur",MBBS,6,24000
Uttar Pradesh,"Auton. State Med Coll, Jaunpur",MBBS,6,24000
Uttar Pradesh,"Auton. State Med Coll, Jaunpur",MBBS,2+4(VV),24000
Maharashtra,"Govt Med Coll, Akola",MBBS,12,158600
Maharashtra,"Govt Med Coll, Akola",MBBS,10+2(VV),158600
Maharashtra,"Govt Med Coll, Akola",MBBS,1+9(VV),158600
Uttar Pradesh,"Auton. StateMed,Siddharthnagar",MBBS,3,24000
Uttar Pradesh,"Auton. StateMed,Siddharthnagar",MBBS,3,24000
Uttar Pradesh,"Auton. StateMed,Siddharthnagar",MBBS,1+2(VV),24000
Tamil Nadu,"Rajah Muthiah MC, Annamalai",MBBS,9,18073
Tamil Nadu,"Rajah Muthiah MC, Annamalai",MBBS,9,18073
Tamil Nadu,"Rajah Muthiah MC, Annamalai",MBBS,1+8(VV),18073
Tamil Nadu,Govt Sivagangai Med Coll,MBBS,4,18073
Tamil Nadu,Govt Sivagangai Med Coll,MBBS,4,18073
Tamil Nadu,Govt Sivagangai Med Coll,MBBS,0+4(VV),18073
Madhya Pradesh,"Govt Med Coll, Shahdol, MP",MBBS,4,100000
Madhya Pradesh,"Govt Med Coll, Shahdol, MP",MBBS,4,100000
Madhya Pradesh,"Govt Med Coll, Shahdol, MP",MBBS,3+1(VV),100000
Uttar Pradesh,"Auto. State MedColl, Kanpur Dehat",MBBS,4,24000
Uttar Pradesh,"Auto. State MedColl, Kanpur Dehat",MBBS,3,24000
Uttar Pradesh,"Auto. State MedColl, Kanpur Dehat",MBBS,1+2(VV),24000
Uttar Pradesh,"Auto. State Med Coll, Pilibhit",MBBS,7,24000
Uttar Pradesh,"Auto. State Med Coll, Pilibhit",MBBS,4+2(VV),24000
Uttar Pradesh,"Auto. State Med Coll, Pilibhit",MBBS,3+2(VV),24000
Uttar Pradesh,"Auto. State Med Coll, Pilibhit",MBBS,1,24000
Assam,"Gauhati Med Coll, Guwahati",MBBS,8,6400
Assam,"Gauhati Med Coll, Guwahati",MBBS,8+1(VV),6400
Assam,"Gauhati Med Coll, Guwahati",MBBS,3+6(VV),6400
Assam,"Gauhati Med Coll, Guwahati",MBBS,1,6400
Uttar Pradesh,"Govt Med Coll, Auraiya",MBBS,7,24000
Uttar Pradesh,"Govt Med Coll, Auraiya",MBBS,6+1(VV),24000
Uttar Pradesh,"Govt Med Coll, Auraiya",MBBS,4+3(VV),24000
Maharashtra,"Govt Med Coll, Baramati",MBBS,1,158600
Maharashtra,"Govt Med Coll, Baramati",MBBS,1,158600
Maharashtra,"Govt Med Coll, Baramati",MBBS,0+1(VV),158600
Uttar Pradesh,"Auto. State Med Coll, Lalitpur",MBBS,4,24000
Uttar Pradesh,"Auto. State Med Coll, Lalitpur",MBBS,4,24000
Uttar Pradesh,"Auto. State Med Coll, Lalitpur",MBBS,1+3(VV),24000
Tamil Nadu,Govt Thiruvarur Med Coll,MBBS,5,18073
Tamil Nadu,Govt Thiruvarur Med Coll,MBBS,5,18073
Tamil Nadu,Govt Thiruvarur Med Coll,MBBS,1+4(VV),18073
Uttar Pradesh,"Auton.State MedColl,Pratapgarh",MBBS,4,24000
Uttar Pradesh,"Auton.State MedColl,Pratapgarh",MBBS,3+1(VV),24000
Uttar Pradesh,"Auton.State MedColl,Pratapgarh",MBBS,0+4(VV),24000
West Bengal,Burdwan Medical College,MBBS,8,9000
West Bengal,Burdwan Medical College,MBBS,8,9000
West Bengal,Burdwan Medical College,MBBS,1+5(VV),9000
Tamil Nadu,"Govt Med Coll, Krishnagiri",MBBS,8,18073
Tamil Nadu,"Govt Med Coll, Krishnagiri",MBBS,6+2(VV),18073
Tamil Nadu,"Govt Med Coll, Krishnagiri",MBBS,2+5(VV),18073
Bihar,"Govt Med Coll, Bettiah",MBBS,5,9500
Bihar,"Govt Med Coll, Bettiah",MBBS,5,9500
Bihar,"Govt Med Coll, Bettiah",MBBS,4+1(VV),9500
Tamil Nadu,"Govt Med Coll, Ariyalur",MBBS,8,18073
Tamil Nadu,"Govt Med Coll, Ariyalur",MBBS,8,18073
Tamil Nadu,"Govt Med Coll, Ariyalur",MBBS,0+8(VV),18073
Maharashtra,"Govt Med Coll, Chandrapur",MBBS,8,158600
Maharashtra,"Govt Med Coll, Chandrapur",MBBS,7+1(VV),158600
Maharashtra,"Govt Med Coll, Chandrapur",MBBS,2+5(VV),158600
Maharashtra,"Govt Med Coll, Chandrapur",MBBS,1,158600
Gujarat,"GMERS Medical College, Navsari",MBBS,3,375000
Gujarat,"GMERS Medical College, Navsari",MBBS,2+1(VV),375000
Gujarat,"GMERS Medical College, Navsari",MBBS,0+3(VV),375000
Rajasthan,"ESIC Med Coll, Alwar",MBBS,13,24000
Rajasthan,"ESIC Med Coll, Alwar",MBBS,2+6(VV),24000
Rajasthan,"ESIC Med Coll, Alwar",MBBS,0+7(VV),24000
Madhya Pradesh,"Government Med Coll, Satna",MBBS,5,100000
Madhya Pradesh,"Government Med Coll, Satna",MBBS,5,100000
Madhya Pradesh,"Government Med Coll, Satna",MBBS,2+3(VV),100000
Uttar Pradesh,"Govt Med Coll, Shahjhanpur",MBBS,1,24000
Uttar Pradesh,"Govt Med Coll, Shahjhanpur",MBBS,0+1(VV),24000
Uttar Pradesh,"Govt Med Coll, Shahjhanpur",MBBS,0+1(VV),24000
Uttar Pradesh,"Auton. State Med Coll,Mirzapur",MBBS,5,24000
Uttar Pradesh,"Auton. State Med Coll,Mirzapur",MBBS,5,24000
Uttar Pradesh,"Auton. State Med Coll,Mirzapur",MBBS,0+4(VV),24000
Uttar Pradesh,"Govt Med Coll, Bahraich",MBBS,1,24000
Uttar Pradesh,"Govt Med Coll, Bahraich",MBBS,1,24000
Uttar Pradesh,"Govt Med Coll, Bahraich",MBBS,0+1(VV),24000
Uttar Pradesh,"Govt Med Coll, Bahraich",MBBS,1,24000
Madhya Pradesh,"Govt Med Coll, Seoni",MBBS,7,100000
Madhya Pradesh,"Govt Med Coll, Seoni",MBBS,7,100000
Madhya Pradesh,"Govt Med Coll, Seoni",MBBS,4+3(VV),100000
Chhattisgarh,"Govt Med Coll, Rajnandgaon",MBBS,7,50000
Chhattisgarh,"Govt Med Coll, Rajnandgaon",MBBS,6+1(VV),50000
Chhattisgarh,"Govt Med Coll, Rajnandgaon",MBBS,0+4(VV),50000
West Bengal,"Barasat Govt Med Coll, Barasat",MBBS,6,9000
West Bengal,"Barasat Govt Med Coll, Barasat",MBBS,5+1(VV),9000
West Bengal,"Barasat Govt Med Coll, Barasat",MBBS,0+4(VV),9000
Jharkhand,"Shaheed Nirmal Mahto, Dhanbad",MBBS,4,7400
Jharkhand,"Shaheed Nirmal Mahto, Dhanbad",MBBS,4,7400
Jharkhand,"Shaheed Nirmal Mahto, Dhanbad",MBBS,3+1(VV),7400
Tamil Nadu,Govt Thiruvannamalai Med Coll,MBBS,4,18073
Tamil Nadu,Govt Thiruvannamalai Med Coll,MBBS,4,18073
Tamil Nadu,Govt Thiruvannamalai Med Coll,MBBS,0+4(VV),18073
Tamil Nadu,Govt Thiruvarur Med Coll,MBBS,3,18073
Tamil Nadu,Govt Thiruvarur Med Coll,MBBS,3,18073
Tamil Nadu,Govt Thiruvarur Med Coll,MBBS,1+2(VV),18073
Tamil Nadu,"Govt Med Coll, Krishnagiri",MBBS,6,18073
Tamil Nadu,"Govt Med Coll, Krishnagiri",MBBS,5+1(VV),18073
Tamil Nadu,"Govt Med Coll, Krishnagiri",MBBS,0+6(VV),18073
West Bengal,Burdwan Medical College,MBBS,3,9000
West Bengal,Burdwan Medical College,MBBS,3,9000
West Bengal,Burdwan Medical College,MBBS,1+2(VV),9000
Uttar Pradesh,"Auto. State Med Coll, Pilibhit",MBBS,4,24000
Uttar Pradesh,"Auto. State Med Coll, Pilibhit",MBBS,3+1(VV),24000
Uttar Pradesh,"Auto. State Med Coll, Pilibhit",MBBS,2+2(VV),24000
Uttar Pradesh,"Auto. State Med Coll, Pilibhit",MBBS,1,24000
Maharashtra,"Govt Med Coll, Akola",MBBS,7,158600
Maharashtra,"Govt Med Coll, Akola",MBBS,5+2(VV),158600
Maharashtra,"Govt Med Coll, Akola",MBBS,1+3(VV),158600
Uttar Pradesh,"Govt Med Coll, Auraiya",MBBS,4,24000
Uttar Pradesh,"Govt Med Coll, Auraiya",MBBS,3+1(VV),24000
Uttar Pradesh,"Govt Med Coll, Auraiya",MBBS,1+2(VV),24000
Uttar Pradesh,"Auton. State Med Coll, Jaunpur",MBBS,4,24000
Uttar Pradesh,"Auton. State Med Coll, Jaunpur",MBBS,4,24000
Uttar Pradesh,"Auton. State Med Coll, Jaunpur",MBBS,1+3(VV),24000
Uttar Pradesh,"Auton. State Med Coll, Hardoi",MBBS,1,24000
Uttar Pradesh,"Auton. State Med Coll, Hardoi",MBBS,1,24000
Uttar Pradesh,"Auton. State Med Coll, Hardoi",MBBS,0+1(VV),24000
Uttar Pradesh,"Auton. State Med Coll,Mirzapur",MBBS,3,24000
Uttar Pradesh,"Auton. State Med Coll,Mirzapur",MBBS,3,24000
Uttar Pradesh,"Auton. State Med Coll,Mirzapur",MBBS,0+2(VV),24000
Uttar Pradesh,"Auton. State Med Coll,Ghazipur",MBBS,6,24000
Uttar Pradesh,"Auton. State Med Coll,Ghazipur",MBBS,6,24000
Uttar Pradesh,"Auton. State Med Coll,Ghazipur",MBBS,2+4(VV),24000
Kerala,"Govt Med Coll, Kollam",MBBS,15,24000
Kerala,"Govt Med Coll, Kollam",MBBS,4+7(VV),24000
Kerala,"Govt Med Coll, Kollam",MBBS,0+9(VV),24000
Assam,"ESIC, Beltola",MBBS,2,100000
Maharashtra,"VMMC, Solapur",MBBS,8,158600
Maharashtra,"VMMC, Solapur",MBBS,8,158600
Maharashtra,"VMMC, Solapur",MBBS,4+3(VV),158600
Uttarakhand,"Government Med Coll, Haridwar",MBBS,2,150000
Uttarakhand,"Government Med Coll, Haridwar",MBBS,2,150000
Uttarakhand,"Government Med Coll, Haridwar",MBBS,2,150000
Uttar Pradesh,"Auton. State Med Coll,Amethi",MBBS,4,24000
Uttar Pradesh,"Auton. State Med Coll,Amethi",MBBS,1,24000
Maharashtra,"Govt Med Coll, Miraj",MBBS,7,158600
Maharashtra,"Govt Med Coll, Miraj",MBBS,7,158600
Maharashtra,"Govt Med Coll, Miraj",MBBS,2+4(VV),158600
Maharashtra,"Government Med Coll, Ambernath",MBBS,5,158600
Maharashtra,"Government Med Coll, Ambernath",MBBS,5,158600
Maharashtra,"Government Med Coll, Ambernath",MBBS,3+2(VV),158600
Uttar Pradesh,"Auto. State Med Coll, Sultanpur",MBBS,5,24000
Uttar Pradesh,"Auto. State Med Coll, Sultanpur",MBBS,5,24000
Uttar Pradesh,"Auto. State Med Coll, Sultanpur",MBBS,1+4(VV),24000
Madhya Pradesh,"Govt Med Coll, Seoni",MBBS,4,100000
Madhya Pradesh,"Govt Med Coll, Seoni",MBBS,4,100000
Madhya Pradesh,"Govt Med Coll, Seoni",MBBS,1+3(VV),100000
Karnataka,"Gulbarga IMS, Gulbarga",MBBS,8,64350
Karnataka,"Gulbarga IMS, Gulbarga",MBBS,10,64350
Karnataka,"Gulbarga IMS, Gulbarga",MBBS,5+5(VV),64350
West Bengal,"College of Med & JNM, Kalyani",MBBS,8,9000
West Bengal,"College of Med & JNM, Kalyani",MBBS,11,9000
West Bengal,"College of Med & JNM, Kalyani",MBBS,4+6(VV),9000
Rajasthan,"ESIC Med Coll, Jaipur",MBBS,2,24000
Bihar,"Jannayak Karpoori Med,Madhepura",MBBS,6,9500
Bihar,"Jannayak Karpoori Med,Madhepura",MBBS,6,9500
Bihar,"Jannayak Karpoori Med,Madhepura",MBBS,0+5(VV),9500
Odisha,"Govt Med Coll, Balasore",MBBS,5,22000
Odisha,"Govt Med Coll, Balasore",MBBS,5,22000
Odisha,"Govt Med Coll, Balasore",MBBS,2+3(VV),22000
Assam,"Gauhati Med Coll, Guwahati",MBBS,3,6400
Assam,"Gauhati Med Coll, Guwahati",MBBS,4,6400
Assam,"Gauhati Med Coll, Guwahati",MBBS,2+2(VV),6400
Assam,"Gauhati Med Coll, Guwahati",MBBS,1,6400
Andhra Pradesh,"ACSR Govt Med Coll, Nellore",MBBS,10,15000
Andhra Pradesh,"ACSR Govt Med Coll, Nellore",MBBS,7+2(VV),15000
Andhra Pradesh,"ACSR Govt Med Coll, Nellore",MBBS,1+6(VV),15000
Madhya Pradesh,"Govt Med Coll, Mandsaur",MBBS,2,100000
Madhya Pradesh,"Govt Med Coll, Mandsaur",MBBS,0+2(VV),100000
Madhya Pradesh,"Govt Med Coll, Mandsaur",MBBS,1+1(VV),100000
Maharashtra,"Govt Med Coll, Nanded",MBBS,5,158600
Maharashtra,"Govt Med Coll, Nanded",MBBS,5,158600
Maharashtra,"Govt Med Coll, Nanded",MBBS,2+3(VV),158600
Karnataka,"Hassan IMS, Hassan",MBBS,6,64350
Karnataka,"Hassan IMS, Hassan",MBBS,8,64350
Karnataka,"Hassan IMS, Hassan",MBBS,2+4(VV),64350
Tamil Nadu,"Rajah Muthiah MC, Annamalai",MBBS,7,18073
Tamil Nadu,"Rajah Muthiah MC, Annamalai",MBBS,7,18073
Tamil Nadu,"Rajah Muthiah MC, Annamalai",MBBS,0+7(VV),18073
Karnataka,Kodagu Inst of Med Sciences,MBBS,9,64350
Karnataka,Kodagu Inst of Med Sciences,MBBS,6+3(VV),64350
Karnataka,Kodagu Inst of Med Sciences,MBBS,1+6(VV),64350
Karnataka,Kodagu Inst of Med Sciences,MBBS,1,64350
Maharashtra,"Govt Med Coll, Akola",MBBS,2,158600
Maharashtra,"Govt Med Coll, Akola",MBBS,2,158600
Maharashtra,"Govt Med Coll, Akola",MBBS,1+1(VV),158600
West Bengal,"NBMC, Darjeeling",MBBS,8,9000
West Bengal,"NBMC, Darjeeling",MBBS,7+1(VV),9000
West Bengal,"NBMC, Darjeeling",MBBS,3+3(VV),9000
Uttar Pradesh,"Govt Med Coll, Lakhimpur Kheri",MBBS,4,24000
Uttar Pradesh,"Govt Med Coll, Lakhimpur Kheri",MBBS,4,24000
Uttar Pradesh,"Govt Med Coll, Lakhimpur Kheri",MBBS,1+3(VV),24000
Uttar Pradesh,"Auton. State Med Coll,Ghazipur",MBBS,5,24000
Uttar Pradesh,"Auton. State Med Coll,Ghazipur",MBBS,5,24000
Uttar Pradesh,"Auton. State Med Coll,Ghazipur",MBBS,1+4(VV),24000
Uttar Pradesh,"Auto. State Med Coll, Lalitpur",MBBS,2,24000
Uttar Pradesh,"Auto. State Med Coll, Lalitpur",MBBS,1+1(VV),24000
Uttar Pradesh,"Auto. State Med Coll, Lalitpur",MBBS,0+2(VV),24000
Andhra Pradesh,"Rangaraya Med Coll, Kakinada",MBBS,13,15000
Andhra Pradesh,"Rangaraya Med Coll, Kakinada",MBBS,7+5(VV),15000
Andhra Pradesh,"Rangaraya Med Coll, Kakinada",MBBS,5+4(VV),15000
Tamil Nadu,"Govt Med Coll, Ariyalur",MBBS,6,18073
Tamil Nadu,"Govt Med Coll, Ariyalur",MBBS,6,18073
Tamil Nadu,"Govt Med Coll, Ariyalur",MBBS,0+6(VV),18073
Uttar Pradesh,"Auton. StateMed,Siddharthnagar",MBBS,2,24000
Uttar Pradesh,"Auton. StateMed,Siddharthnagar",MBBS,2,24000
Uttar Pradesh,"Auton. StateMed,Siddharthnagar",MBBS,1,24000
Goa,"Goa Med Coll, Panaji",MBBS,3,154050
Goa,"Goa Med Coll, Panaji",MBBS,3,154050
Goa,"Goa Med Coll, Panaji",MBBS,2,154050
Goa,"Goa Med Coll, Panaji",MBBS,1,154050
Bihar,"Government Med Coll, Purnea",MBBS,4,9500
Bihar,"Government Med Coll, Purnea",MBBS,4,9500
Bihar,"Government Med Coll, Purnea",MBBS,2+2(VV),9500
Maharashtra,"Sri Bhausaheb, Dhule",MBBS,9,158600
Maharashtra,"Sri Bhausaheb, Dhule",MBBS,8+1(VV),158600
Maharashtra,"Sri Bhausaheb, Dhule",MBBS,4+5(VV),158600
Uttar Pradesh,"Auto. State Med Coll, Sultanpur",MBBS,4,24000
Uttar Pradesh,"Auto. State Med Coll, Sultanpur",MBBS,4,24000
Uttar Pradesh,"Auto. State Med Coll, Sultanpur",MBBS,1+3(VV),24000
Uttar Pradesh,"Govt Med Coll, Kaushambi",MBBS,6,24000
Uttar Pradesh,"Govt Med Coll, Kaushambi",MBBS,6,24000
Uttar Pradesh,"Govt Med Coll, Kaushambi",MBBS,3+3(VV),24000
Uttar Pradesh,"Auton. State Med Coll,Mirzapur",MBBS,2,24000
Uttar Pradesh,"Auton. State Med Coll,Mirzapur",MBBS,2,24000
Uttar Pradesh,"Auton. State Med Coll,Mirzapur",MBBS,0+1(VV),24000
Uttar Pradesh,"Govt Med Coll, Lakhimpur Kheri",MBBS,3,24000
Uttar Pradesh,"Govt Med Coll, Lakhimpur Kheri",MBBS,3,24000
Uttar Pradesh,"Govt Med Coll, Lakhimpur Kheri",MBBS,2+1(VV),24000
Tamil Nadu,"Govt Med Coll, Kallakurichi",MBBS,10,18073
Tamil Nadu,"Govt Med Coll, Kallakurichi",MBBS,9+1(VV),18073
Tamil Nadu,"Govt Med Coll, Kallakurichi",MBBS,1+9(VV),18073
Uttar Pradesh,"Govt Med Coll, Gonda",MBBS,5,24000
Uttar Pradesh,"Govt Med Coll, Gonda",MBBS,4+1(VV),24000
Uttar Pradesh,"Govt Med Coll, Gonda",MBBS,0+5(VV),24000
Jharkhand,"Hazaribagh Med Coll,Hazaribagh",MBBS,6,9180
Jharkhand,"Hazaribagh Med Coll,Hazaribagh",MBBS,6,9180
Jharkhand,"Hazaribagh Med Coll,Hazaribagh",MBBS,1+5(VV),9180
Jharkhand,"Hazaribagh Med Coll,Hazaribagh",MBBS,1,9180
Tamil Nadu,"Govt Med Coll, Kallakurichi",MBBS,6,18073
Tamil Nadu,"Govt Med Coll, Kallakurichi",MBBS,6,18073
Tamil Nadu,"Govt Med Coll, Kallakurichi",MBBS,1+5(VV),18073
Uttar Pradesh,"Auto. State Med Coll, Sultanpur",MBBS,2,24000
Uttar Pradesh,"Auto. State Med Coll, Sultanpur",MBBS,2,24000
Uttar Pradesh,"Auto. State Med Coll, Sultanpur",MBBS,0+2(VV),24000
West Bengal,"NBMC, Darjeeling",MBBS,3,9000
West Bengal,"NBMC, Darjeeling",MBBS,2+1(VV),9000
West Bengal,"NBMC, Darjeeling",MBBS,0+2(VV),9000
Odisha,"AIIMS, Bhubaneswar",MBBS,3,1350
Odisha,"AIIMS, Bhubaneswar",MBBS,1,1350
Telangana,"Kakatiya Med Coll, Warangal",MBBS,7,14000
Telangana,"Kakatiya Med Coll, Warangal",MBBS,5+2(VV),14000
Telangana,"Kakatiya Med Coll, Warangal",MBBS,1+6(VV),14000
Tamil Nadu,"Govt Med Coll, Ramanathapuram",MBBS,5,18073
Tamil Nadu,"Govt Med Coll, Ramanathapuram",MBBS,3+2(VV),18073
Tamil Nadu,"Govt Med Coll, Ramanathapuram",MBBS,2+3(VV),18073
Jammu and Kashmir,"Government Med Coll, Udhampur",MBBS,1,27060
Jammu and Kashmir,"Government Med Coll, Udhampur",MBBS,1,27060
Uttar Pradesh,"Govt Med Coll, Kaushambi",MBBS,4,24000
Uttar Pradesh,"Govt Med Coll, Kaushambi",MBBS,3+1(VV),24000
Uttar Pradesh,"Govt Med Coll, Kaushambi",MBBS,2+2(VV),24000
Uttar Pradesh,"Govt Med Coll, Kaushambi",MBBS,1,24000
Uttar Pradesh,"Auto. State Med Coll, Kushinagar",MBBS,8,24000
Uttar Pradesh,"Auto. State Med Coll, Kushinagar",MBBS,8,24000
Uttar Pradesh,"Auto. State Med Coll, Kushinagar",MBBS,2+6(VV),24000
Maharashtra,"Govt Med Coll, Latur",MBBS,10,158600
Maharashtra,"Govt Med Coll, Latur",MBBS,8+2(VV),158600
Maharashtra,"Govt Med Coll, Latur",MBBS,5+4(VV),158600
Uttar Pradesh,"IMS(BHU), Varanasi",MBBS,14,33739
Uttar Pradesh,"IMS(BHU), Varanasi",MBBS,2+5(VV),33739
Uttar Pradesh,"IMS(BHU), Varanasi",MBBS,0+6(VV),33739
Jammu and Kashmir,"Govt Med Coll, Srinagar",MBBS,2,26250
Jammu and Kashmir,"Govt Med Coll, Srinagar",MBBS,3,26250
Jammu and Kashmir,"Govt Med Coll, Srinagar",MBBS,2,26250
Jammu and Kashmir,"Govt Med Coll, Srinagar",MBBS,1,26250
West Bengal,"College of Med & JNM, Kalyani",MBBS,5,9000
West Bengal,"College of Med & JNM, Kalyani",MBBS,6,9000
West Bengal,"College of Med & JNM, Kalyani",MBBS,3+3(VV),9000
Uttar Pradesh,"Auto. State Med Coll, Kushinagar",MBBS,4,24000
Uttar Pradesh,"Auto. State Med Coll, Kushinagar",MBBS,4,24000
Uttar Pradesh,"Auto. State Med Coll, Kushinagar",MBBS,0+4(VV),24000
Maharashtra,"Govt Med Coll, Jalgaon",MBBS,7,158600
Maharashtra,"Govt Med Coll, Jalgaon",MBBS,7,158600
Maharashtra,"Govt Med Coll, Jalgaon",MBBS,2+3(VV),158600
Uttar Pradesh,"Govt Med Coll, Gonda",MBBS,4,24000
Uttar Pradesh,"Govt Med Coll, Gonda",MBBS,3+1(VV),24000
Uttar Pradesh,"Govt Med Coll, Gonda",MBBS,0+3(VV),24000
Maharashtra,"Govt Med Coll, Satara",MBBS,5,158600
Maharashtra,"Govt Med Coll, Satara",MBBS,4+1(VV),158600
Maharashtra,"Govt Med Coll, Satara",MBBS,1+3(VV),158600
Maharashtra,"Govt Med Coll, Satara",MBBS,1,158600
Madhya Pradesh,"Govt Med Coll, Chhindwara",MBBS,2,100000
Madhya Pradesh,"Govt Med Coll, Chhindwara",MBBS,3,100000
Madhya Pradesh,"Govt Med Coll, Chhindwara",MBBS,3,100000
Karnataka,"Belagavi IMS, Belagavi",MBBS,1,64350
Karnataka,"Belagavi IMS, Belagavi",MBBS,1,64350
Karnataka,"Belagavi IMS, Belagavi",MBBS,0+1(VV),64350
Andhra Pradesh,"Govt Siddhartha, Vijaywada",MBBS,7,15000
Andhra Pradesh,"Govt Siddhartha, Vijaywada",MBBS,6+1(VV),15000
Andhra Pradesh,"Govt Siddhartha, Vijaywada",MBBS,3+3(VV),15000
Karnataka,"Shimoga IMS, Shimoga",MBBS,6,64350
Karnataka,"Shimoga IMS, Shimoga",MBBS,6,64350
Karnataka,"Shimoga IMS, Shimoga",MBBS,1+5(VV),64350
Uttar Pradesh,"Auton. State Med Coll,Amethi",MBBS,4,24000
Maharashtra,"Govt Med Coll, Latur",MBBS,6,158600
Maharashtra,"Govt Med Coll, Latur",MBBS,6,158600
Maharashtra,"Govt Med Coll, Latur",MBBS,1+3(VV),158600
Madhya Pradesh,"Government Med Coll, Satna",MBBS,3,100000
Madhya Pradesh,"Government Med Coll, Satna",MBBS,3,100000
Madhya Pradesh,"Government Med Coll, Satna",MBBS,1+2(VV),100000
West Bengal,Bankura Sammilani Med Coll,MBBS,11,9000
West Bengal,Bankura Sammilani Med Coll,MBBS,6+3(VV),9000
West Bengal,Bankura Sammilani Med Coll,MBBS,2+5(VV),9000
Madhya Pradesh,"GMC, Singrauli",MBBS,6,100000
Madhya Pradesh,"GMC, Singrauli",MBBS,6,100000
Jharkhand,"Hazaribagh Med Coll,Hazaribagh",MBBS,4,9180
Jharkhand,"Hazaribagh Med Coll,Hazaribagh",MBBS,4,9180
Jharkhand,"Hazaribagh Med Coll,Hazaribagh",MBBS,0+3(VV),9180
Jharkhand,"Hazaribagh Med Coll,Hazaribagh",MBBS,1,9180
Jammu and Kashmir,"Government Med Coll, Udhampur",MBBS,4,27060
Jammu and Kashmir,"Government Med Coll, Udhampur",MBBS,4,27060
Jammu and Kashmir,"Government Med Coll, Udhampur",MBBS,3+1(VV),27060
Uttar Pradesh,"Govt Med Coll, Chandauli",MBBS,5,24000
Uttar Pradesh,"Govt Med Coll, Chandauli",MBBS,5,24000
Uttar Pradesh,"Govt Med Coll, Chandauli",MBBS,1+4(VV),24000
Odisha,"Govt Med Coll, Balasore",MBBS,1,22000
Odisha,"Govt Med Coll, Balasore",MBBS,1,22000
Odisha,"Govt Med Coll, Balasore",MBBS,1,22000
Odisha,"Govt Med Coll, Balasore",MBBS,1,22000
Maharashtra,"Sri Bhausaheb, Dhule",MBBS,7,158600
Maharashtra,"Sri Bhausaheb, Dhule",MBBS,7,158600
Maharashtra,"Sri Bhausaheb, Dhule",MBBS,2+5(VV),158600
Jharkhand,"Hazaribagh Med Coll,Hazaribagh",MBBS,1,9180
Jharkhand,"Hazaribagh Med Coll,Hazaribagh",MBBS,1,9180
Jharkhand,"Hazaribagh Med Coll,Hazaribagh",MBBS,1,9180
Bihar,"Jannayak Karpoori Med,Madhepura",MBBS,3,9500
Bihar,"Jannayak Karpoori Med,Madhepura",MBBS,3,9500
Bihar,"Jannayak Karpoori Med,Madhepura",MBBS,1+2(VV),9500
Karnataka,"VIMS, Bellary",MBBS,11,64350
Karnataka,"VIMS, Bellary",MBBS,13,64350
Karnataka,"VIMS, Bellary",MBBS,6+4(VV),64350
Karnataka,"VIMS, Bellary",MBBS,2,64350
Andhra Pradesh,"SV Med Coll, Tirupati",MBBS,10,15000
Andhra Pradesh,"SV Med Coll, Tirupati",MBBS,8,15000
Andhra Pradesh,"SV Med Coll, Tirupati",MBBS,6+2(VV),15000
Uttar Pradesh,"Auto. State Med Coll, Bijnor",MBBS,2,24000
Uttar Pradesh,"Auto. State Med Coll, Bijnor",MBBS,0+2(VV),24000
Uttar Pradesh,"Auto. State Med Coll, Bijnor",MBBS,1+1(VV),24000
Uttar Pradesh,"Auto. State MedColl, Kanpur Dehat",MBBS,1,24000
Uttar Pradesh,"Auto. State MedColl, Kanpur Dehat",MBBS,1,24000
Uttar Pradesh,"Auto. State MedColl, Kanpur Dehat",MBBS,1,24000
Uttar Pradesh,"Autonomous Med Coll, Sonebhadra",MBBS,6,24000
Uttar Pradesh,"Autonomous Med Coll, Sonebhadra",MBBS,5+1(VV),24000
Uttar Pradesh,"Autonomous Med Coll, Sonebhadra",MBBS,3+3(VV),24000
Maharashtra,"Govt Med Coll, Chandrapur",MBBS,7,158600
Maharashtra,"Govt Med Coll, Chandrapur",MBBS,7,158600
Maharashtra,"Govt Med Coll, Chandrapur",MBBS,1+5(VV),158600
Tamil Nadu,"Govt Med Coll, Ramanathapuram",MBBS,4,18073
Tamil Nadu,"Govt Med Coll, Ramanathapuram",MBBS,4,18073
Tamil Nadu,"Govt Med Coll, Ramanathapuram",MBBS,2+2(VV),18073
Madhya Pradesh,"GMC, Sheopur",MBBS,1,100000
Madhya Pradesh,"GMC, Sheopur",MBBS,0+1(VV),100000
Uttarakhand,"Soban Singh Govt Inst, Almora",MBBS,1,150000
Uttarakhand,"Soban Singh Govt Inst, Almora",MBBS,1,150000
Uttarakhand,"Soban Singh Govt Inst, Almora",MBBS,1,150000
Uttarakhand,"Soban Singh Govt Inst, Almora",MBBS,1,150000
Madhya Pradesh,"Govt Med Coll, Seoni",MBBS,1,100000
Madhya Pradesh,"Govt Med Coll, Seoni",MBBS,1,100000
Madhya Pradesh,"Govt Med Coll, Seoni",MBBS,1,100000
Tamil Nadu,"Govt Med Coll, Nagapattinam",MBBS,9,18073
Tamil Nadu,"Govt Med Coll, Nagapattinam",MBBS,8+1(VV),18073
Tamil Nadu,"Govt Med Coll, Nagapattinam",MBBS,0+9(VV),18073
Uttar Pradesh,"Auto. State Med Coll, Pilibhit",MBBS,1,24000
Uttar Pradesh,"Auto. State Med Coll, Pilibhit",MBBS,0+1(VV),24000
Uttar Pradesh,"Auto. State Med Coll, Pilibhit",MBBS,1,24000
Uttar Pradesh,"Auton.State MedColl,Pratapgarh",MBBS,2,24000
Uttar Pradesh,"Auton.State MedColl,Pratapgarh",MBBS,2,24000
Uttar Pradesh,"Auton.State MedColl,Pratapgarh",MBBS,2,24000
Maharashtra,"Shri VR Naik Govt, Yavatmal",MBBS,11,158600
Maharashtra,"Shri VR Naik Govt, Yavatmal",MBBS,11,158600
Maharashtra,"Shri VR Naik Govt, Yavatmal",MBBS,7+4(VV),158600
Maharashtra,"Shri VR Naik Govt, Yavatmal",MBBS,2,158600
Karnataka,Karwar Inst of Med Sciences,MBBS,8,64350
Karnataka,Karwar Inst of Med Sciences,MBBS,4+4(VV),64350
Karnataka,Karwar Inst of Med Sciences,MBBS,0+8(VV),64350
Odisha,"Pt Raghunath Med Coll,Baripada",MBBS,6,22000
Odisha,"Pt Raghunath Med Coll,Baripada",MBBS,6,22000
Odisha,"Pt Raghunath Med Coll,Baripada",MBBS,3+2(VV),22000
Odisha,"Pt Raghunath Med Coll,Baripada",MBBS,1,22000
West Bengal,"Barasat Govt Med Coll, Barasat",MBBS,4,9000
West Bengal,"Barasat Govt Med Coll, Barasat",MBBS,3+1(VV),9000
West Bengal,"Barasat Govt Med Coll, Barasat",MBBS,1+3(VV),9000
West Bengal,"Barasat Govt Med Coll, Barasat",MBBS,1,9000
Chhattisgarh,"Govt Med Coll, Rajnandgaon",MBBS,5,50000
Chhattisgarh,"Govt Med Coll, Rajnandgaon",MBBS,5,50000
Chhattisgarh,"Govt Med Coll, Rajnandgaon",MBBS,2+3(VV),50000
Uttar Pradesh,"Autonomous Med Coll, Sonebhadra",MBBS,4,24000
Uttar Pradesh,"Autonomous Med Coll, Sonebhadra",MBBS,4,24000
Uttar Pradesh,"Autonomous Med Coll, Sonebhadra",MBBS,0+4(VV),24000
Uttar Pradesh,"Auto. State Med Coll, Kushinagar",MBBS,1,24000
Uttar Pradesh,"Auto. State Med Coll, Kushinagar",MBBS,1,24000
Uttar Pradesh,"Auto. State Med Coll, Kushinagar",MBBS,1,24000
Uttar Pradesh,"Govt Med Coll, Kaushambi",MBBS,2,24000
Uttar Pradesh,"Govt Med Coll, Kaushambi",MBBS,2,24000
Uttar Pradesh,"Govt Med Coll, Kaushambi",MBBS,0+2(VV),24000
Assam,"Assam Med Coll, Dibrugarh",MBBS,12,6400
Assam,"Assam Med Coll, Dibrugarh",MBBS,11+2(VV),6400
Assam,"Assam Med Coll, Dibrugarh",MBBS,3+9(VV),6400
Andhra Pradesh,"Kurnool Med Coll, Kurnool",MBBS,10,15000
Andhra Pradesh,"Kurnool Med Coll, Kurnool",MBBS,4+5(VV),15000
Andhra Pradesh,"Kurnool Med Coll, Kurnool",MBBS,3+4(VV),15000
Andhra Pradesh,"Kurnool Med Coll, Kurnool",MBBS,1,15000
Uttar Pradesh,"Govt Med Coll, Chandauli",MBBS,3,24000
Uttar Pradesh,"Govt Med Coll, Chandauli",MBBS,3,24000
Uttar Pradesh,"Govt Med Coll, Chandauli",MBBS,0+3(VV),24000
Maharashtra,Government Med Coll Ratnagiri,MBBS,6,158600
Maharashtra,Government Med Coll Ratnagiri,MBBS,5+1(VV),158600
Maharashtra,Government Med Coll Ratnagiri,MBBS,1+2(VV),158600
Jammu and Kashmir,"Sher-I-Kashmir, Srinagar",MBBS,2,36400
Jammu and Kashmir,"Sher-I-Kashmir, Srinagar",MBBS,2,36400
Jammu and Kashmir,"Sher-I-Kashmir, Srinagar",MBBS,1,36400
Odisha,"Govt Med Coll, Balangir",MBBS,6,22000
Odisha,"Govt Med Coll, Balangir",MBBS,6,22000
Odisha,"Govt Med Coll, Balangir",MBBS,1+5(VV),22000
Madhya Pradesh,"GMC, Singrauli",MBBS,4,100000
Madhya Pradesh,"GMC, Singrauli",MBBS,2+2(VV),100000
Odisha,"Govt Med Coll, Balangir",MBBS,4,22000
Odisha,"Govt Med Coll, Balangir",MBBS,1+3(VV),22000
Odisha,"Govt Med Coll, Balangir",MBBS,0+3(VV),22000
Karnataka,"Mandya IMS, Mandya",MBBS,2,64350
Karnataka,"Mandya IMS, Mandya",MBBS,2,64350
Karnataka,"Mandya IMS, Mandya",MBBS,2,64350
Uttar Pradesh,"Autonomous Med Coll, Sonebhadra",MBBS,1,24000
Uttar Pradesh,"Autonomous Med Coll, Sonebhadra",MBBS,1,24000
Uttar Pradesh,"Autonomous Med Coll, Sonebhadra",MBBS,0+1(VV),24000
Haryana,"ESI Med Coll, Faridabad",MBBS,4,24000
Haryana,"ESI Med Coll, Faridabad",MBBS,0+2(VV),24000
Haryana,"ESI Med Coll, Faridabad",MBBS,0+2(VV),24000
Telangana,"Govt Med Coll, Mahabubnagar",MBBS,8,14000
Telangana,"Govt Med Coll, Mahabubnagar",MBBS,6+2(VV),14000
Telangana,"Govt Med Coll, Mahabubnagar",MBBS,0+6(VV),14000
Maharashtra,"MGIMS, Wardha",MBBS,12,169410
Maharashtra,"MGIMS, Wardha",MBBS,11+1(VV),169410
Maharashtra,"MGIMS, Wardha",MBBS,5+6(VV),169410
Maharashtra,"MGIMS, Wardha",MBBS,1,169410
Karnataka,"Gulbarga IMS, Gulbarga",MBBS,5,64350
Karnataka,"Gulbarga IMS, Gulbarga",MBBS,6,64350
Karnataka,"Gulbarga IMS, Gulbarga",MBBS,1+5(VV),64350
Maharashtra,"SRTT, Ambajogai",MBBS,9,158600
Maharashtra,"SRTT, Ambajogai",MBBS,8+1(VV),158600
Maharashtra,"SRTT, Ambajogai",MBBS,4+5(VV),158600
Uttar Pradesh,"Govt Med Coll, Lakhimpur Kheri",MBBS,1,24000
Uttar Pradesh,"Govt Med Coll, Lakhimpur Kheri",MBBS,1,24000
Uttar Pradesh,"Govt Med Coll, Lakhimpur Kheri",MBBS,1,24000
Karnataka,"Chamrajanagar IMS, Karnataka",MBBS,10,64350
Karnataka,"Chamrajanagar IMS, Karnataka",MBBS,8+1(VV),64350
Karnataka,"Chamrajanagar IMS, Karnataka",MBBS,3+5(VV),64350
Karnataka,"Chamrajanagar IMS, Karnataka",MBBS,1,64350
Maharashtra,"Government Med Coll, Amravati",MBBS,7,158600
Maharashtra,"Government Med Coll, Amravati",MBBS,7,158600
Maharashtra,"Government Med Coll, Amravati",MBBS,2+5(VV),158600
Tamil Nadu,"Govt Med Coll, Nagapattinam",MBBS,7,18073
Tamil Nadu,"Govt Med Coll, Nagapattinam",MBBS,6+1(VV),18073
Tamil Nadu,"Govt Med Coll, Nagapattinam",MBBS,1+6(VV),18073
Chhattisgarh,"Lakhi Ram Agrawal, Raigarh",MBBS,5,50000
Chhattisgarh,"Lakhi Ram Agrawal, Raigarh",MBBS,3+2(VV),50000
Chhattisgarh,"Lakhi Ram Agrawal, Raigarh",MBBS,1+3(VV),50000
Andhra Pradesh,"ACSR Govt Med Coll, Nellore",MBBS,6,15000
Andhra Pradesh,"ACSR Govt Med Coll, Nellore",MBBS,6,15000
Andhra Pradesh,"ACSR Govt Med Coll, Nellore",MBBS,2+4(VV),15000
Maharashtra,"Govt Med Coll, Gondia",MBBS,9,158600
Maharashtra,"Govt Med Coll, Gondia",MBBS,9,158600
Maharashtra,"Govt Med Coll, Gondia",MBBS,2+7(VV),158600
Jammu and Kashmir,"Government Med Coll,Rajouri",MBBS,7,26250
Jammu and Kashmir,"Government Med Coll,Rajouri",MBBS,7,26250
Jammu and Kashmir,"Government Med Coll,Rajouri",MBBS,1+6(VV),26250
Jammu and Kashmir,"Government Med Coll,Rajouri",MBBS,1,26250
Maharashtra,"Govt Med Coll, Satara",MBBS,4,158600
Maharashtra,"Govt Med Coll, Satara",MBBS,4,158600
Maharashtra,"Govt Med Coll, Satara",MBBS,2+2(VV),158600
Rajasthan,"ESIC Med Coll, Jaipur",MBBS,5,24000
Jammu and Kashmir,"Government Med Coll,Anantnag",MBBS,6,34214
Jammu and Kashmir,"Government Med Coll,Anantnag",MBBS,6,34214
Jammu and Kashmir,"Government Med Coll,Anantnag",MBBS,3,34214
Jammu and Kashmir,"Government Med Coll,Anantnag",MBBS,3+3(VV),34214
Karnataka,"VIMS, Bellary",MBBS,7,64350
Karnataka,"VIMS, Bellary",MBBS,9,64350
Karnataka,"VIMS, Bellary",MBBS,3+5(VV),64350
Maharashtra,"SRTT, Ambajogai",MBBS,6,158600
Maharashtra,"SRTT, Ambajogai",MBBS,6,158600
Maharashtra,"SRTT, Ambajogai",MBBS,1+4(VV),158600
Karnataka,"VIMS, Bellary",MBBS,3,64350
Karnataka,"VIMS, Bellary",MBBS,4,64350
Karnataka,"VIMS, Bellary",MBBS,0+3(VV),64350
Telangana,"Rajiv Gandhi IMS, Adilabad",MBBS,6,14000
Telangana,"Rajiv Gandhi IMS, Adilabad",MBBS,5,14000
Telangana,"Rajiv Gandhi IMS, Adilabad",MBBS,0+5(VV),14000
Maharashtra,"Government Med Coll, Ambernath",MBBS,4,158600
Maharashtra,"Government Med Coll, Ambernath",MBBS,4,158600
Maharashtra,"Government Med Coll, Ambernath",MBBS,2+2(VV),158600
Maharashtra,"Government Med Coll, Ambernath",MBBS,1,158600
Jammu and Kashmir,"Government Med Coll,Rajouri",MBBS,3,26250
Jammu and Kashmir,"Government Med Coll,Rajouri",MBBS,3,26250
Jammu and Kashmir,"Government Med Coll,Rajouri",MBBS,0+3(VV),26250
Maharashtra,"Shri VR Naik Govt, Yavatmal",MBBS,7,158600
Maharashtra,"Shri VR Naik Govt, Yavatmal",MBBS,6+1(VV),158600
Maharashtra,"Shri VR Naik Govt, Yavatmal",MBBS,2+5(VV),158600
West Bengal,Bankura Sammilani Med Coll,MBBS,3,9000
West Bengal,Bankura Sammilani Med Coll,MBBS,3,9000
West Bengal,Bankura Sammilani Med Coll,MBBS,0+2(VV),9000
Uttar Pradesh,"Auton. State Med Coll, Jaunpur",MBBS,2,24000
Uttar Pradesh,"Auton. State Med Coll, Jaunpur",MBBS,2,24000
Uttar Pradesh,"Auton. State Med Coll, Jaunpur",MBBS,0+2(VV),24000
West Bengal,"Diamond Harbour Govt MC, WB",MBBS,6,9000
West Bengal,"Diamond Harbour Govt MC, WB",MBBS,6+2(VV),9000
West Bengal,"Diamond Harbour Govt MC, WB",MBBS,3+5(VV),9000
Andhra Pradesh,"Rangaraya Med Coll, Kakinada",MBBS,9,15000
Andhra Pradesh,"Rangaraya Med Coll, Kakinada",MBBS,6+1(VV),15000
Andhra Pradesh,"Rangaraya Med Coll, Kakinada",MBBS,0+5(VV),15000
Odisha,"Pt Raghunath Med Coll,Baripada",MBBS,4,22000
Odisha,"Pt Raghunath Med Coll,Baripada",MBBS,4,22000
Odisha,"Pt Raghunath Med Coll,Baripada",MBBS,0+2(VV),22000
Maharashtra,"Govt Med Coll, Nandurbar",MBBS,5,158600
Maharashtra,"Govt Med Coll, Nandurbar",MBBS,4+1(VV),158600
Maharashtra,"Govt Med Coll, Nandurbar",MBBS,1+4(VV),158600
Jharkhand,"Dumka Medical Coll,Dighi Dumka",MBBS,6,20100
Jharkhand,"Dumka Medical Coll,Dighi Dumka",MBBS,6,20100
Jharkhand,"Dumka Medical Coll,Dighi Dumka",MBBS,3+3(VV),20100
Jharkhand,"Dumka Medical Coll,Dighi Dumka",MBBS,1,20100
Karnataka,"Chamrajanagar IMS, Karnataka",MBBS,5,64350
Karnataka,"Chamrajanagar IMS, Karnataka",MBBS,4+1(VV),64350
Karnataka,"Chamrajanagar IMS, Karnataka",MBBS,0+5(VV),64350
West Bengal,"Barasat Govt Med Coll, Barasat",MBBS,2,9000
West Bengal,"Barasat Govt Med Coll, Barasat",MBBS,2,9000
West Bengal,"Barasat Govt Med Coll, Barasat",MBBS,1+1(VV),9000
Karnataka,Kodagu Inst of Med Sciences,MBBS,6,64350
Karnataka,Kodagu Inst of Med Sciences,MBBS,5+1(VV),64350
Karnataka,Kodagu Inst of Med Sciences,MBBS,3+3(VV),64350
Maharashtra,"VMMC, Solapur",MBBS,3,158600
Maharashtra,"VMMC, Solapur",MBBS,2+1(VV),158600
Maharashtra,"VMMC, Solapur",MBBS,3,158600
Karnataka,Chikkaballapura Inst Of Med Sci,MBBS,5,64350
Karnataka,Chikkaballapura Inst Of Med Sci,MBBS,7,64350
Karnataka,Chikkaballapura Inst Of Med Sci,MBBS,1+5(VV),64350
Karnataka,Chikkaballapura Inst Of Med Sci,MBBS,1,64350
Jharkhand,"Dumka Medical Coll,Dighi Dumka",MBBS,4,20100
Jharkhand,"Dumka Medical Coll,Dighi Dumka",MBBS,4,20100
Jharkhand,"Dumka Medical Coll,Dighi Dumka",MBBS,1+3(VV),20100
Maharashtra,Government Med Coll Ratnagiri,MBBS,4,158600
Maharashtra,Government Med Coll Ratnagiri,MBBS,4,158600
Maharashtra,Government Med Coll Ratnagiri,MBBS,1+2(VV),158600
Andhra Pradesh,SVIMS-Sri Padmavathi,MBBS,10,67900
Andhra Pradesh,SVIMS-Sri Padmavathi,MBBS,7+3(VV),67900
Andhra Pradesh,SVIMS-Sri Padmavathi,MBBS,1+6(VV),67900
Karnataka,Karwar Inst of Med Sciences,MBBS,6,64350
Karnataka,Karwar Inst of Med Sciences,MBBS,6,64350
Karnataka,Karwar Inst of Med Sciences,MBBS,0+6(VV),64350
West Bengal,Midnapore Medical College,MBBS,12,9000
West Bengal,Midnapore Medical College,MBBS,11,9000
West Bengal,Midnapore Medical College,MBBS,1+6(VV),9000
Andhra Pradesh,"Rajiv Gandhi IMS, Kadapa",MBBS,11,15000
Andhra Pradesh,"Rajiv Gandhi IMS, Kadapa",MBBS,10+1(VV),15000
Andhra Pradesh,"Rajiv Gandhi IMS, Kadapa",MBBS,1+9(VV),15000
Maharashtra,"Govt Med Coll, Alibag",MBBS,6,158600
Maharashtra,"Govt Med Coll, Alibag",MBBS,4+2(VV),158600
Maharashtra,"Govt Med Coll, Alibag",MBBS,3+3(VV),158600
Assam,"Assam Med Coll, Dibrugarh",MBBS,8,6400
Assam,"Assam Med Coll, Dibrugarh",MBBS,9+1(VV),6400
Assam,"Assam Med Coll, Dibrugarh",MBBS,1+7(VV),6400
Maharashtra,"Govt Med Coll, Nandurbar",MBBS,4,158600
Maharashtra,"Govt Med Coll, Nandurbar",MBBS,4,158600
Maharashtra,"Govt Med Coll, Nandurbar",MBBS,0+4(VV),158600
Jammu and Kashmir,"Government Medical Coll, Doda",MBBS,6,26250
Jammu and Kashmir,"Government Medical Coll, Doda",MBBS,7+1(VV),26250
Jammu and Kashmir,"Government Medical Coll, Doda",MBBS,1+5(VV),26250
Jharkhand,"Palamu Medical College, Palamu",MBBS,4,9200
Jharkhand,"Palamu Medical College, Palamu",MBBS,4,9200
Jharkhand,"Palamu Medical College, Palamu",MBBS,1+3(VV),9200
Maharashtra,"Govt Med Coll, Gondia",MBBS,5,158600
Maharashtra,"Govt Med Coll, Gondia",MBBS,5,158600
Maharashtra,"Govt Med Coll, Gondia",MBBS,1+4(VV),158600
Maharashtra,"Government Med Coll, Amravati",MBBS,1,158600
Maharashtra,"Government Med Coll, Amravati",MBBS,1,158600
Maharashtra,"Government Med Coll, Amravati",MBBS,0+1(VV),158600
Rajasthan,"ESIC Med Coll, Alwar",MBBS,3,24000
Rajasthan,"ESIC Med Coll, Alwar",MBBS,0+2(VV),24000
Rajasthan,"ESIC Med Coll, Alwar",MBBS,0+2(VV),24000
Manipur,"RIMS, Imphal",MBBS,5,3000
Manipur,"RIMS, Imphal",MBBS,2,3000
Karnataka,"Bidar IMS, Bidar",MBBS,8,64350
Karnataka,"Bidar IMS, Bidar",MBBS,6+2(VV),64350
Karnataka,"Bidar IMS, Bidar",MBBS,2+6(VV),64350
Karnataka,"Bidar IMS, Bidar",MBBS,1,64350
Jammu and Kashmir,"Government Medical Coll,Kathua",MBBS,2,26250
Jammu and Kashmir,"Government Medical Coll,Kathua",MBBS,2+1(VV),26250
Jammu and Kashmir,"Government Medical Coll,Kathua",MBBS,0+2(VV),26250
Andhra Pradesh,"Guntur Med Coll, Guntur",MBBS,4,15000
Andhra Pradesh,"Guntur Med Coll, Guntur",MBBS,1+2(VV),15000
Andhra Pradesh,"Guntur Med Coll, Guntur",MBBS,0+3(VV),15000
Chhattisgarh,"Govt Med Coll, Ambikapur",MBBS,7,50000
Chhattisgarh,"Govt Med Coll, Ambikapur",MBBS,7,50000
Chhattisgarh,"Govt Med Coll, Ambikapur",MBBS,0+6(VV),50000
Andhra Pradesh,SVIMS-Sri Padmavathi,MBBS,5,67900
Andhra Pradesh,SVIMS-Sri Padmavathi,MBBS,5,67900
Andhra Pradesh,SVIMS-Sri Padmavathi,MBBS,0+3(VV),67900
Maharashtra,"Rajarshee CSM Govt MC,Kolhapur",MBBS,2,158600
Maharashtra,"Rajarshee CSM Govt MC,Kolhapur",MBBS,2,158600
Maharashtra,"Rajarshee CSM Govt MC,Kolhapur",MBBS,0+2(VV),158600
West Bengal,Bankura Sammilani Med Coll,MBBS,7,9000
West Bengal,Bankura Sammilani Med Coll,MBBS,6+1(VV),9000
West Bengal,Bankura Sammilani Med Coll,MBBS,1+6(VV),9000
Maharashtra,"Sri Bhausaheb, Dhule",MBBS,2,158600
Maharashtra,"Sri Bhausaheb, Dhule",MBBS,2,158600
Maharashtra,"Sri Bhausaheb, Dhule",MBBS,1+1(VV),158600
West Bengal,"Diamond Harbour Govt MC, WB",MBBS,2,9000
West Bengal,"Diamond Harbour Govt MC, WB",MBBS,3,9000
West Bengal,"Diamond Harbour Govt MC, WB",MBBS,1+2(VV),9000
West Bengal,"Diamond Harbour Govt MC, WB",MBBS,2,9000
Delhi,"NDMC Med College, Delhi",MBBS,1,105500
Delhi,"NDMC Med College, Delhi",MBBS,1,105500
Delhi,"NDMC Med College, Delhi",MBBS,0+1(VV),105500
Karnataka,"Bidar IMS, Bidar",MBBS,7,64350
Karnataka,"Bidar IMS, Bidar",MBBS,6+1(VV),64350
Karnataka,"Bidar IMS, Bidar",MBBS,2+5(VV),64350
Karnataka,"Bidar IMS, Bidar",MBBS,1,64350
Maharashtra,"Govt Med Coll, Alibag",MBBS,4,158600
Maharashtra,"Govt Med Coll, Alibag",MBBS,4,158600
Maharashtra,"Govt Med Coll, Alibag",MBBS,1+2(VV),158600
Karnataka,Chikkaballapura Inst Of Med Sci,MBBS,4,64350
Karnataka,Chikkaballapura Inst Of Med Sci,MBBS,6,64350
Karnataka,Chikkaballapura Inst Of Med Sci,MBBS,0+6(VV),64350
Kerala,"Govt Med Coll, Kottayam",MBBS,3,23150
Kerala,"Govt Med Coll, Kottayam",MBBS,2,23150
Telangana,"Govt Med Coll, Suryapet",MBBS,7,14000
Telangana,"Govt Med Coll, Suryapet",MBBS,7,14000
Telangana,"Govt Med Coll, Suryapet",MBBS,3+4(VV),14000
Telangana,"Govt Med Coll, Suryapet",MBBS,1,14000
Chhattisgarh,"Lakhi Ram Agrawal, Raigarh",MBBS,2,50000
Chhattisgarh,"Lakhi Ram Agrawal, Raigarh",MBBS,2,50000
Chhattisgarh,"Lakhi Ram Agrawal, Raigarh",MBBS,0+2(VV),50000
Maharashtra,"Government Med Coll, Amravati",MBBS,4,158600
Maharashtra,"Government Med Coll, Amravati",MBBS,4,158600
Maharashtra,"Government Med Coll, Amravati",MBBS,2+2(VV),158600
Uttar Pradesh,"Auton. State Med Coll,Amethi",MBBS,1,24000
Telangana,"Govt Med Coll, Suryapet",MBBS,5,14000
Telangana,"Govt Med Coll, Suryapet",MBBS,4+1(VV),14000
Telangana,"Govt Med Coll, Suryapet",MBBS,0+5(VV),14000
Telangana,"Rajiv Gandhi IMS, Adilabad",MBBS,4,14000
Telangana,"Rajiv Gandhi IMS, Adilabad",MBBS,4,14000
Telangana,"Rajiv Gandhi IMS, Adilabad",MBBS,1+3(VV),14000
Manipur,"RIMS, Imphal",MBBS,7,3000
Manipur,"RIMS, Imphal",MBBS,5,3000
Manipur,"RIMS, Imphal",MBBS,1+2(VV),3000
Tamil Nadu,"Stanley Med Coll, Chennai",MBBS,4,18073
Tamil Nadu,"Stanley Med Coll, Chennai",MBBS,2+2(VV),18073
Tamil Nadu,"Stanley Med Coll, Chennai",MBBS,2+1(VV),18073
Tamil Nadu,"Stanley Med Coll, Chennai",MBBS,1,18073
Tamil Nadu,"Stanley Med Coll, Chennai",MBBS,1,18073
Pondicherry,"JIPMER, Puducherry",MBBS,19,1200
Tamil Nadu,"ESI PGIMSR, KK Nagar, Chennai",MBBS,3,100000
Tamil Nadu,"ESI PGIMSR, KK Nagar, Chennai",MBBS,3,100000
Tamil Nadu,"ESI PGIMSR, KK Nagar, Chennai",MBBS,2+1(VV),100000
Tamil Nadu,"ESI PGIMSR, KK Nagar, Chennai",MBBS,1,100000
Chhattisgarh,"CCM Govt Medical College, Durg",MBBS,11,50000
Chhattisgarh,"CCM Govt Medical College, Durg",MBBS,8+3(VV),50000
Chhattisgarh,"CCM Govt Medical College, Durg",MBBS,4+7(VV),50000
Telangana,"Govt Med Coll, Nizamabad",MBBS,7,14000
Telangana,"Govt Med Coll, Nizamabad",MBBS,5+2(VV),14000
Telangana,"Govt Med Coll, Nizamabad",MBBS,3+3(VV),14000
Gujarat,"Govt Med College (GMERS), Morbi",MBBS,6,375000
Gujarat,"Govt Med College (GMERS), Morbi",MBBS,5+1(VV),375000
Gujarat,"Govt Med College (GMERS), Morbi",MBBS,3+3(VV),375000
Andhra Pradesh,"Kurnool Med Coll, Kurnool",MBBS,2,15000
Andhra Pradesh,"Kurnool Med Coll, Kurnool",MBBS,0+2(VV),15000
Andhra Pradesh,"Kurnool Med Coll, Kurnool",MBBS,0+2(VV),15000
Andhra Pradesh,"Govt Med Coll, Ananthapuram",MBBS,11,15000
Andhra Pradesh,"Govt Med Coll, Ananthapuram",MBBS,8+3(VV),15000
Andhra Pradesh,"Govt Med Coll, Ananthapuram",MBBS,4+6(VV),15000
Andhra Pradesh,"Rajiv Gandhi IMS, Kadapa",MBBS,7,15000
Andhra Pradesh,"Rajiv Gandhi IMS, Kadapa",MBBS,7,15000
Andhra Pradesh,"Rajiv Gandhi IMS, Kadapa",MBBS,1+5(VV),15000
Karnataka,Chikkamagaluru Inst of Med Sci,MBBS,9,64350
Karnataka,Chikkamagaluru Inst of Med Sci,MBBS,9,64350
Karnataka,Chikkamagaluru Inst of Med Sci,MBBS,1+8(VV),64350
West Bengal,Midnapore Medical College,MBBS,2,9000
West Bengal,Midnapore Medical College,MBBS,2,9000
West Bengal,Midnapore Medical College,MBBS,0+1(VV),9000
Uttar Pradesh,"Govt Med Coll, Gonda",MBBS,2,24000
Uttar Pradesh,"Govt Med Coll, Gonda",MBBS,2,24000
Uttar Pradesh,"Govt Med Coll, Gonda",MBBS,0+2(VV),24000
Gujarat,"Govt Med Coll (GMERS), Porbandar",MBBS,5,375000
Gujarat,"Govt Med Coll (GMERS), Porbandar",MBBS,5,375000
Gujarat,"Govt Med Coll (GMERS), Porbandar",MBBS,2+3(VV),375000
Gujarat,"Govt Med Coll (GMERS), Porbandar",MBBS,1,375000
Chhattisgarh,"BaliramKashyap NDMC, Jagdalpur",MBBS,7,50000
Chhattisgarh,"BaliramKashyap NDMC, Jagdalpur",MBBS,7,50000
Chhattisgarh,"BaliramKashyap NDMC, Jagdalpur",MBBS,3+4(VV),50000
Chhattisgarh,"Lakhi Ram Agrawal, Raigarh",MBBS,4,50000
Chhattisgarh,"Lakhi Ram Agrawal, Raigarh",MBBS,4,50000
Chhattisgarh,"Lakhi Ram Agrawal, Raigarh",MBBS,2+2(VV),50000
Telangana,"Govt Med Coll, Siddipet",MBBS,10,14000
Telangana,"Govt Med Coll, Siddipet",MBBS,9+1(VV),14000
Telangana,"Govt Med Coll, Siddipet",MBBS,0+6(VV),14000
Telangana,"Govt Med Coll, Quthbullapur",MBBS,3,14000
Telangana,"Govt Med Coll, Quthbullapur",MBBS,2+1(VV),14000
Telangana,"Govt Med Coll, Quthbullapur",MBBS,0+3(VV),14000
Telangana,"Govt Med Coll, Nalgonda",MBBS,7,14000
Telangana,"Govt Med Coll, Nalgonda",MBBS,2+5(VV),14000
Telangana,"Govt Med Coll, Nalgonda",MBBS,0+6(VV),14000
Karnataka,"Gadag IMS, Gadag",MBBS,8,64350
Karnataka,"Gadag IMS, Gadag",MBBS,8,64350
Karnataka,"Gadag IMS, Gadag",MBBS,4+4(VV),64350
Karnataka,"Gadag IMS, Gadag",MBBS,1,64350
Karnataka,"Gadag IMS, Gadag",MBBS,1,64350
Uttar Pradesh,"Govt Med Coll, Chandauli",MBBS,2,24000
Uttar Pradesh,"Govt Med Coll, Chandauli",MBBS,1+1(VV),24000
Uttar Pradesh,"Govt Med Coll, Chandauli",MBBS,0+2(VV),24000
Telangana,"Govt Med Coll, Quthbullapur",MBBS,2,14000
Telangana,"Govt Med Coll, Quthbullapur",MBBS,2,14000
Telangana,"Govt Med Coll, Quthbullapur",MBBS,0+2(VV),14000
Madhya Pradesh,"GMC, Singrauli",MBBS,2,100000
Madhya Pradesh,"GMC, Singrauli",MBBS,1+1(VV),100000
Madhya Pradesh,"GMC, Singrauli",MBBS,1,100000
West Bengal,Purulia Govt Med Coll,MBBS,5,9000
West Bengal,Purulia Govt Med Coll,MBBS,4+1(VV),9000
West Bengal,Purulia Govt Med Coll,MBBS,1+3(VV),9000
Karnataka,"Raichur IMS, Raichur",MBBS,9,64350
Karnataka,"Raichur IMS, Raichur",MBBS,12,64350
Karnataka,"Raichur IMS, Raichur",MBBS,4+7(VV),64350
Jammu and Kashmir,"Government Medical Coll, Doda",MBBS,4,26250
Jammu and Kashmir,"Government Medical Coll, Doda",MBBS,6,26250
Jammu and Kashmir,"Government Medical Coll, Doda",MBBS,1+4(VV),26250
Jammu and Kashmir,"Government Medical Coll, Doda",MBBS,1,26250
West Bengal,Jalpaiguri Govt Med Coll,MBBS,5,9000
West Bengal,Jalpaiguri Govt Med Coll,MBBS,4+1(VV),9000
West Bengal,Jalpaiguri Govt Med Coll,MBBS,2+3(VV),9000
Telangana,"Govt Med Coll, Nizamabad",MBBS,4,14000
Telangana,"Govt Med Coll, Nizamabad",MBBS,2+2(VV),14000
Telangana,"Govt Med Coll, Nizamabad",MBBS,1+3(VV),14000
Andhra Pradesh,"Govt Med Coll, Ananthapuram",MBBS,8,15000
Andhra Pradesh,"Govt Med Coll, Ananthapuram",MBBS,6+2(VV),15000
Andhra Pradesh,"Govt Med Coll, Ananthapuram",MBBS,1+6(VV),15000
West Bengal,"Diamond Harbour Govt MC, WB",MBBS,1,9000
West Bengal,"Diamond Harbour Govt MC, WB",MBBS,2,9000
West Bengal,"Diamond Harbour Govt MC, WB",MBBS,0+2(VV),9000
Odisha,"Govt Med Coll and Hosp, Jajpur",MBBS,1,22000
Odisha,"Govt Med Coll and Hosp, Jajpur",MBBS,1,22000
Odisha,"Govt Med Coll and Hosp, Jajpur",MBBS,0+1(VV),22000
Chhattisgarh,"AIIMS, Raipur",MBBS,9,1350
Chhattisgarh,"AIIMS, Raipur",MBBS,0+4(VV),1350
Chhattisgarh,"AIIMS, Raipur",MBBS,0+4(VV),1350
Jammu and Kashmir,"Government Med Coll,Rajouri",MBBS,1,26250
Jammu and Kashmir,"Government Med Coll,Rajouri",MBBS,1,26250
Jammu and Kashmir,"Government Med Coll,Rajouri",MBBS,1,26250
Jharkhand,"Palamu Medical College, Palamu",MBBS,4,9200
Jharkhand,"Palamu Medical College, Palamu",MBBS,4,9200
Jharkhand,"Palamu Medical College, Palamu",MBBS,2+2(VV),9200
West Bengal,Murshidabad Med Coll,MBBS,7,9000
West Bengal,Murshidabad Med Coll,MBBS,6+1(VV),9000
West Bengal,Murshidabad Med Coll,MBBS,1+6(VV),9000
Chhattisgarh,"CCM Govt Medical College, Durg",MBBS,7,50000
Chhattisgarh,"CCM Govt Medical College, Durg",MBBS,7,50000
Chhattisgarh,"CCM Govt Medical College, Durg",MBBS,0+7(VV),50000
Maharashtra,"Government Med Coll, Parbhani",MBBS,5,158600
Maharashtra,"Government Med Coll, Parbhani",MBBS,5,158600
Maharashtra,"Government Med Coll, Parbhani",MBBS,3+2(VV),158600
Jammu and Kashmir,"Government Med Coll,Anantnag",MBBS,4,34214
Jammu and Kashmir,"Government Med Coll,Anantnag",MBBS,4,34214
Jammu and Kashmir,"Government Med Coll,Anantnag",MBBS,3+1(VV),34214
Jammu and Kashmir,"Government Med Coll,Anantnag",MBBS,2,34214
Telangana,"Kakatiya Med Coll, Warangal",MBBS,3,14000
Telangana,"Kakatiya Med Coll, Warangal",MBBS,3,14000
Telangana,"Kakatiya Med Coll, Warangal",MBBS,2+1(VV),14000
West Bengal,Malda Med Coll,MBBS,7,9000
West Bengal,Malda Med Coll,MBBS,5+2(VV),9000
West Bengal,Malda Med Coll,MBBS,4+2(VV),9000
Maharashtra,"Government Med Coll, Osmanabad",MBBS,6,158600
Maharashtra,"Government Med Coll, Osmanabad",MBBS,6,158600
Maharashtra,"Government Med Coll, Osmanabad",MBBS,4+2(VV),158600
Maharashtra,"Govt Med Coll, Jalgaon",MBBS,2,158600
Maharashtra,"Govt Med Coll, Jalgaon",MBBS,2,158600
Maharashtra,"Govt Med Coll, Jalgaon",MBBS,1+1(VV),158600
Karnataka,Chikkamagaluru Inst of Med Sci,MBBS,6,64350
Karnataka,Chikkamagaluru Inst of Med Sci,MBBS,6,64350
Karnataka,Chikkamagaluru Inst of Med Sci,MBBS,2+4(VV),64350
Karnataka,"Raichur IMS, Raichur",MBBS,5,64350
Karnataka,"Raichur IMS, Raichur",MBBS,7,64350
Karnataka,"Raichur IMS, Raichur",MBBS,2+5(VV),64350
Tamil Nadu,"Govt Med Coll, Omandurar",MBBS,1,18073
Tamil Nadu,"Govt Med Coll, Omandurar",MBBS,1,18073
Chhattisgarh,"BaliramKashyap NDMC, Jagdalpur",MBBS,4,50000
Chhattisgarh,"BaliramKashyap NDMC, Jagdalpur",MBBS,4,50000
Chhattisgarh,"BaliramKashyap NDMC, Jagdalpur",MBBS,2+2(VV),50000
Chhattisgarh,"BaliramKashyap NDMC, Jagdalpur",MBBS,2,50000
Chhattisgarh,"BaliramKashyap NDMC, Jagdalpur",MBBS,1,50000
Maharashtra,"Government Med Coll, Sindhudurg",MBBS,6,158600
Maharashtra,"Government Med Coll, Sindhudurg",MBBS,5+1(VV),158600
Maharashtra,"Government Med Coll, Sindhudurg",MBBS,1+5(VV),158600
Maharashtra,"Govt Med Coll, Miraj",MBBS,3,158600
Maharashtra,"Govt Med Coll, Miraj",MBBS,3,158600
Maharashtra,"Govt Med Coll, Miraj",MBBS,0+3(VV),158600
Andhra Pradesh,"Rajiv Gandhi IMS, Ongole",MBBS,7,15000
Andhra Pradesh,"Rajiv Gandhi IMS, Ongole",MBBS,9,15000
Andhra Pradesh,"Rajiv Gandhi IMS, Ongole",MBBS,3+6(VV),15000
Jammu and Kashmir,"Government Medical Coll, Doda",MBBS,2,26250
Jammu and Kashmir,"Government Medical Coll, Doda",MBBS,1+1(VV),26250
Jammu and Kashmir,"Government Medical Coll, Doda",MBBS,0+2(VV),26250
Chhattisgarh,"Govt Med Coll, Ambikapur",MBBS,5,50000
Chhattisgarh,"Govt Med Coll, Ambikapur",MBBS,4+1(VV),50000
Chhattisgarh,"Govt Med Coll, Ambikapur",MBBS,1+4(VV),50000
Maharashtra,"Government Med Coll, Buldhana",MBBS,7,158600
Maharashtra,"Government Med Coll, Buldhana",MBBS,7,158600
Maharashtra,"Government Med Coll, Buldhana",MBBS,2+5(VV),158600
West Bengal,Midnapore Medical College,MBBS,8,9000
West Bengal,Midnapore Medical College,MBBS,8,9000
West Bengal,Midnapore Medical College,MBBS,0+6(VV),9000
West Bengal,"Prafulla CS Govt Med, Arambagh",MBBS,5,9000
West Bengal,"Prafulla CS Govt Med, Arambagh",MBBS,4+1(VV),9000
West Bengal,"Prafulla CS Govt Med, Arambagh",MBBS,1+3(VV),9000
Telangana,"Govt Med Coll, Nalgonda",MBBS,6,14000
Telangana,"Govt Med Coll, Nalgonda",MBBS,5+1(VV),14000
Telangana,"Govt Med Coll, Nalgonda",MBBS,1+3(VV),14000
West Bengal,"Sarat CC Govt Med Coll, Howrah",MBBS,6,9000
West Bengal,"Sarat CC Govt Med Coll, Howrah",MBBS,6,9000
West Bengal,"Sarat CC Govt Med Coll, Howrah",MBBS,0+6(VV),9000
Telangana,"Govt Med Coll, Siddipet",MBBS,6,14000
Telangana,"Govt Med Coll, Siddipet",MBBS,4+2(VV),14000
Telangana,"Govt Med Coll, Siddipet",MBBS,0+3(VV),14000
Maharashtra,"Government Med Coll, Osmanabad",MBBS,4,158600
Maharashtra,"Government Med Coll, Osmanabad",MBBS,4,158600
Maharashtra,"Government Med Coll, Osmanabad",MBBS,2+2(VV),158600
Chhattisgarh,"Government Med Coll, Mahasamund",MBBS,6,50000
Chhattisgarh,"Government Med Coll, Mahasamund",MBBS,6,50000
Chhattisgarh,"Government Med Coll, Mahasamund",MBBS,0+6(VV),50000
Telangana,"Govt Med Coll, Maheshwaram",MBBS,3,14000
Telangana,"Govt Med Coll, Maheshwaram",MBBS,1+2(VV),14000
Telangana,"Govt Med Coll, Maheshwaram",MBBS,2+1(VV),14000
Odisha,"Govt Med Coll and Hosp, Jajpur",MBBS,3,22000
Odisha,"Govt Med Coll and Hosp, Jajpur",MBBS,3,22000
Odisha,"Govt Med Coll and Hosp, Jajpur",MBBS,0+3(VV),22000
Odisha,"Govt Med Coll and Hosp, Jajpur",MBBS,1,22000
Andhra Pradesh,"Rajiv Gandhi IMS, Ongole",MBBS,4,15000
Andhra Pradesh,"Rajiv Gandhi IMS, Ongole",MBBS,2+3(VV),15000
Andhra Pradesh,"Rajiv Gandhi IMS, Ongole",MBBS,0+5(VV),15000
Telangana,"Govt Med Coll, Mahabubnagar",MBBS,6,14000
Telangana,"Govt Med Coll, Mahabubnagar",MBBS,5+1(VV),14000
Telangana,"Govt Med Coll, Mahabubnagar",MBBS,1+5(VV),14000
Bihar,"Jannayak Karpoori Med,Madhepura",MBBS,2,9500
Bihar,"Jannayak Karpoori Med,Madhepura",MBBS,2,9500
Bihar,"Jannayak Karpoori Med,Madhepura",MBBS,1+1(VV),9500
Maharashtra,"Govt Med Coll, Nanded",MBBS,2,158600
Maharashtra,"Govt Med Coll, Nanded",MBBS,2,158600
Maharashtra,"Govt Med Coll, Nanded",MBBS,0+2(VV),158600
Odisha,"Government Med Coll, Sundargarh",MBBS,1,22000
Odisha,"Government Med Coll, Sundargarh",MBBS,1,22000
Odisha,"Government Med Coll, Sundargarh",MBBS,0+1(VV),22000
Odisha,"Government Med Coll, Sundargarh",MBBS,8,22000
Odisha,"Government Med Coll, Sundargarh",MBBS,8,22000
Odisha,"Government Med Coll, Sundargarh",MBBS,3+4(VV),22000
Odisha,"Government Med Coll, Sundargarh",MBBS,1,22000
Bihar,"Government Med Coll, Purnea",MBBS,1,9500
Bihar,"Government Med Coll, Purnea",MBBS,1,9500
Bihar,"Government Med Coll, Purnea",MBBS,1,9500
Maharashtra,"Government Med Coll, Sindhudurg",MBBS,4,158600
Maharashtra,"Government Med Coll, Sindhudurg",MBBS,4,158600
Maharashtra,"Government Med Coll, Sindhudurg",MBBS,1+3(VV),158600
West Bengal,"Govt Med Coll, Raiganj",MBBS,4,9000
West Bengal,"Govt Med Coll, Raiganj",MBBS,3,9000
West Bengal,"Govt Med Coll, Raiganj",MBBS,2,9000
West Bengal,"Govt Med Coll, Raiganj",MBBS,1+1(VV),9000
Andhra Pradesh,"Rajiv Gandhi IMS, Srikakulam",MBBS,15,15000
Andhra Pradesh,"Rajiv Gandhi IMS, Srikakulam",MBBS,11+4(VV),15000
Andhra Pradesh,"Rajiv Gandhi IMS, Srikakulam",MBBS,1+14(VV),15000
West Bengal,"Sarat CC Govt Med Coll, Howrah",MBBS,4,9000
West Bengal,"Sarat CC Govt Med Coll, Howrah",MBBS,3+1(VV),9000
West Bengal,"Sarat CC Govt Med Coll, Howrah",MBBS,0+4(VV),9000
West Bengal,"Sarat CC Govt Med Coll, Howrah",MBBS,1,9000
Karnataka,"Gadag IMS, Gadag",MBBS,6,64350
Karnataka,"Gadag IMS, Gadag",MBBS,6,64350
Karnataka,"Gadag IMS, Gadag",MBBS,2+4(VV),64350
Karnataka,"Bidar IMS, Bidar",MBBS,2,64350
Karnataka,"Bidar IMS, Bidar",MBBS,2,64350
Karnataka,"Bidar IMS, Bidar",MBBS,0+1(VV),64350
West Bengal,Malda Med Coll,MBBS,2,9000
West Bengal,Malda Med Coll,MBBS,2,9000
West Bengal,Malda Med Coll,MBBS,0+1(VV),9000
Karnataka,"Koppal Inst of MS, Koppal",MBBS,10,64350
Karnataka,"Koppal Inst of MS, Koppal",MBBS,7+3(VV),64350
Karnataka,"Koppal Inst of MS, Koppal",MBBS,1+9(VV),64350
Karnataka,"Koppal Inst of MS, Koppal",MBBS,1,64350
Assam,"Assam Med Coll, Dibrugarh",MBBS,3,6400
Assam,"Assam Med Coll, Dibrugarh",MBBS,3,6400
Assam,"Assam Med Coll, Dibrugarh",MBBS,0+3(VV),6400
Telangana,"Govt Med Coll, Mahabubnagar",MBBS,2,14000
Telangana,"Govt Med Coll, Mahabubnagar",MBBS,2,14000
Telangana,"Govt Med Coll, Mahabubnagar",MBBS,1+1(VV),14000
West Bengal,Malda Med Coll,MBBS,5,9000
West Bengal,Malda Med Coll,MBBS,5,9000
West Bengal,Malda Med Coll,MBBS,1+3(VV),9000
Maharashtra,"Government Med Coll, Parbhani",MBBS,4,158600
Maharashtra,"Government Med Coll, Parbhani",MBBS,3+1(VV),158600
Maharashtra,"Government Med Coll, Parbhani",MBBS,2+2(VV),158600
Chhattisgarh,"CCM Govt Medical College, Durg",MBBS,3,50000
Chhattisgarh,"CCM Govt Medical College, Durg",MBBS,3,50000
Chhattisgarh,"CCM Govt Medical College, Durg",MBBS,1+2(VV),50000
Assam,"Jorhat Med Coll, Jorhat",MBBS,8,6400
Assam,"Jorhat Med Coll, Jorhat",MBBS,7+1(VV),6400
Assam,"Jorhat Med Coll, Jorhat",MBBS,1+6(VV),6400
West Bengal,"TamraliptoGovtMed,PurbaMedinpur",MBBS,6,9000
West Bengal,"TamraliptoGovtMed,PurbaMedinpur",MBBS,5+1(VV),9000
West Bengal,"TamraliptoGovtMed,PurbaMedinpur",MBBS,1+4(VV),9000
Telangana,"Government Med Coll, Sangareddy",MBBS,9,14000
Telangana,"Government Med Coll, Sangareddy",MBBS,7+2(VV),14000
Telangana,"Government Med Coll, Sangareddy",MBBS,0+8(VV),14000
Assam,"Pragjyotishpur Med Coll,Guwahati",MBBS,3,8400
Assam,"Pragjyotishpur Med Coll,Guwahati",MBBS,2+1(VV),8400
Assam,"Pragjyotishpur Med Coll,Guwahati",MBBS,3,8400
Rajasthan,"ESIC Med Coll, Alwar",MBBS,10,24000
Rajasthan,"ESIC Med Coll, Alwar",MBBS,0+6(VV),24000
Rajasthan,"ESIC Med Coll, Alwar",MBBS,0+5(VV),24000
Odisha,"Government Med Coll, Keonjhar",MBBS,3,22000
Odisha,"Government Med Coll, Keonjhar",MBBS,3,22000
Odisha,"Government Med Coll, Keonjhar",MBBS,0+2(VV),22000
Maharashtra,"Shri VR Naik Govt, Yavatmal",MBBS,2,158600
Maharashtra,"Shri VR Naik Govt, Yavatmal",MBBS,2,158600
Maharashtra,"Shri VR Naik Govt, Yavatmal",MBBS,0+2(VV),158600
Jammu and Kashmir,"Government Med Coll,Anantnag",MBBS,1,34214
Jammu and Kashmir,"Government Med Coll,Anantnag",MBBS,1,34214
Jammu and Kashmir,"Government Med Coll,Anantnag",MBBS,0+1(VV),34214
Jammu and Kashmir,"Government Med Coll,Anantnag",MBBS,1,34214
West Bengal,"Prafulla CS Govt Med, Arambagh",MBBS,4,9000
West Bengal,"Prafulla CS Govt Med, Arambagh",MBBS,4,9000
West Bengal,"Prafulla CS Govt Med, Arambagh",MBBS,1+3(VV),9000
Odisha,"Pt Raghunath Med Coll,Baripada",MBBS,2,22000
Odisha,"Pt Raghunath Med Coll,Baripada",MBBS,2,22000
Odisha,"Pt Raghunath Med Coll,Baripada",MBBS,0+2(VV),22000
Odisha,"Government Med Coll, Sundargarh",MBBS,2,22000
Odisha,"Government Med Coll, Sundargarh",MBBS,2,22000
Odisha,"Government Med Coll, Sundargarh",MBBS,0+1(VV),22000
Assam,"Silchar Med Coll, Silchar",MBBS,8,6400
Assam,"Silchar Med Coll, Silchar",MBBS,8+1(VV),6400
Assam,"Silchar Med Coll, Silchar",MBBS,5+4(VV),6400
Telangana,"Government Med Coll, Sangareddy",MBBS,5,14000
Telangana,"Government Med Coll, Sangareddy",MBBS,5,14000
Telangana,"Government Med Coll, Sangareddy",MBBS,0+5(VV),14000
Odisha,"Govt Med Coll and Hosp, Jajpur",MBBS,2,22000
Odisha,"Govt Med Coll and Hosp, Jajpur",MBBS,2,22000
Odisha,"Govt Med Coll and Hosp, Jajpur",MBBS,1,22000
Jammu and Kashmir,"Government Med Coll, Baramulla",MBBS,6,37636
Jammu and Kashmir,"Government Med Coll, Baramulla",MBBS,8+2(VV),37636
Jammu and Kashmir,"Government Med Coll, Baramulla",MBBS,3+7(VV),37636
Jammu and Kashmir,"Government Med Coll, Baramulla",MBBS,1,37636
Maharashtra,"Government Med Coll, Bhandara",MBBS,5,158600
Maharashtra,"Government Med Coll, Bhandara",MBBS,4+1(VV),158600
Maharashtra,"Government Med Coll, Bhandara",MBBS,2+3(VV),158600
Karnataka,"Haveri Inst of Med Sci, Haveri",MBBS,10,64350
Karnataka,"Haveri Inst of Med Sci, Haveri",MBBS,7+3(VV),64350
Karnataka,"Haveri Inst of Med Sci, Haveri",MBBS,3+7(VV),64350
Karnataka,"Koppal Inst of MS, Koppal",MBBS,6,64350
Karnataka,"Koppal Inst of MS, Koppal",MBBS,5+1(VV),64350
Karnataka,"Koppal Inst of MS, Koppal",MBBS,0+6(VV),64350
Maharashtra,"SRTT, Ambajogai",MBBS,3,158600
Maharashtra,"SRTT, Ambajogai",MBBS,3,158600
Maharashtra,"SRTT, Ambajogai",MBBS,0+3(VV),158600
Maharashtra,"Government Med Coll, Buldhana",MBBS,4,158600
Maharashtra,"Government Med Coll, Buldhana",MBBS,4,158600
Maharashtra,"Government Med Coll, Buldhana",MBBS,2+2(VV),158600
West Bengal,"Govt Med Coll, Rampurhat",MBBS,6,9000
West Bengal,"Govt Med Coll, Rampurhat",MBBS,5,9000
West Bengal,"Govt Med Coll, Rampurhat",MBBS,3+4(VV),9000
West Bengal,"Govt Med Coll, Rampurhat",MBBS,1,9000
Karnataka,"Haveri Inst of Med Sci, Haveri",MBBS,6,64350
Karnataka,"Haveri Inst of Med Sci, Haveri",MBBS,6,64350
Karnataka,"Haveri Inst of Med Sci, Haveri",MBBS,2+4(VV),64350
Andhra Pradesh,"Rajiv Gandhi IMS, Srikakulam",MBBS,10,15000
Andhra Pradesh,"Rajiv Gandhi IMS, Srikakulam",MBBS,9+1(VV),15000
Andhra Pradesh,"Rajiv Gandhi IMS, Srikakulam",MBBS,3+7(VV),15000
Maharashtra,"Govt Med Coll, Satara",MBBS,2,158600
Maharashtra,"Govt Med Coll, Satara",MBBS,2,158600
Maharashtra,"Govt Med Coll, Satara",MBBS,0+1(VV),158600
Telangana,"Government Med Coll, Khammam",MBBS,8,14000
Telangana,"Government Med Coll, Khammam",MBBS,5+3(VV),14000
Telangana,"Government Med Coll, Khammam",MBBS,0+8(VV),14000
Andhra Pradesh,"SV Med Coll, Tirupati",MBBS,3,15000
Andhra Pradesh,"SV Med Coll, Tirupati",MBBS,1+1(VV),15000
Andhra Pradesh,"SV Med Coll, Tirupati",MBBS,0+2(VV),15000
Odisha,"AIIMS, Bhubaneswar",MBBS,8,1350
Odisha,"AIIMS, Bhubaneswar",MBBS,0+3(VV),1350
Odisha,"AIIMS, Bhubaneswar",MBBS,0+3(VV),1350
Telangana,"Government Med Coll, Ramagundam",MBBS,7,14000
Telangana,"Government Med Coll, Ramagundam",MBBS,6+1(VV),14000
Telangana,"Government Med Coll, Ramagundam",MBBS,2+5(VV),14000
West Bengal,Purulia Govt Med Coll,MBBS,5,9000
West Bengal,Purulia Govt Med Coll,MBBS,5,9000
West Bengal,Purulia Govt Med Coll,MBBS,2+3(VV),9000
Telangana,"Government Med Coll, Khammam",MBBS,3,14000
Telangana,"Government Med Coll, Khammam",MBBS,3,14000
Telangana,"Government Med Coll, Khammam",MBBS,0+3(VV),14000
Maharashtra,"Government Med Coll, Ambernath",MBBS,2,158600
Maharashtra,"Government Med Coll, Ambernath",MBBS,2,158600
Maharashtra,"Government Med Coll, Ambernath",MBBS,1+1(VV),158600
Gujarat,"Govt Med College (GMERS), Morbi",MBBS,4,375000
Gujarat,"Govt Med College (GMERS), Morbi",MBBS,4,375000
Gujarat,"Govt Med College (GMERS), Morbi",MBBS,0+4(VV),375000
West Bengal,Murshidabad Med Coll,MBBS,5,9000
West Bengal,Murshidabad Med Coll,MBBS,5,9000
West Bengal,Murshidabad Med Coll,MBBS,1+4(VV),9000
Karnataka,"Gadag IMS, Gadag",MBBS,2,64350
Karnataka,"Gadag IMS, Gadag",MBBS,2,64350
Karnataka,"Gadag IMS, Gadag",MBBS,0+2(VV),64350
Gujarat,"Govt Med Coll (GMERS), Porbandar",MBBS,1,375000
Gujarat,"Govt Med Coll (GMERS), Porbandar",MBBS,1,375000
Gujarat,"Govt Med Coll (GMERS), Porbandar",MBBS,1,375000
Gujarat,"Govt Med Coll (GMERS), Porbandar",MBBS,1,375000
Maharashtra,"Government Med Coll, Gadchiroli",MBBS,6,158600
Maharashtra,"Government Med Coll, Gadchiroli",MBBS,5+1(VV),158600
Maharashtra,"Government Med Coll, Gadchiroli",MBBS,2+4(VV),158600
Maharashtra,"Government Med Coll, Gadchiroli",MBBS,1,158600
West Bengal,"MJN Med Coll, Coochbehar",MBBS,5,9000
West Bengal,"MJN Med Coll, Coochbehar",MBBS,4+1(VV),9000
West Bengal,"MJN Med Coll, Coochbehar",MBBS,4+4(VV),9000
Chhattisgarh,"Govt Med Coll, Kanker",MBBS,6,50000
Chhattisgarh,"Govt Med Coll, Kanker",MBBS,6,50000
Chhattisgarh,"Govt Med Coll, Kanker",MBBS,1+5(VV),50000
Maharashtra,"Govt Med Coll, Latur",MBBS,2,158600
Maharashtra,"Govt Med Coll, Latur",MBBS,2,158600
Maharashtra,"Govt Med Coll, Latur",MBBS,0+2(VV),158600
Delhi,"Maulana Azad IDS, New Delhi",BDS,2,5395
Delhi,"Maulana Azad IDS, New Delhi",BDS,2,5395
Delhi,"Maulana Azad IDS, New Delhi",BDS,2,5395
Delhi,"Maulana Azad IDS, New Delhi",BDS,1,5395
Assam,"Jorhat Med Coll, Jorhat",MBBS,4,6400
Assam,"Jorhat Med Coll, Jorhat",MBBS,3+1(VV),6400
Assam,"Jorhat Med Coll, Jorhat",MBBS,2+2(VV),6400
Maharashtra,"Government Med Coll, Jalna",MBBS,5,158600
Maharashtra,"Government Med Coll, Jalna",MBBS,5,158600
Maharashtra,"Government Med Coll, Jalna",MBBS,1+4(VV),158600
Maharashtra,"Government Med Coll, Jalna",MBBS,1,158600
Telangana,"Govt Med Coll, Nagarkurnool",MBBS,8,14000
Telangana,"Govt Med Coll, Nagarkurnool",MBBS,8,14000
Telangana,"Govt Med Coll, Nagarkurnool",MBBS,3+5(VV),14000
West Bengal,"TamraliptoGovtMed,PurbaMedinpur",MBBS,1,9000
West Bengal,"TamraliptoGovtMed,PurbaMedinpur",MBBS,1,9000
West Bengal,"TamraliptoGovtMed,PurbaMedinpur",MBBS,0+1(VV),9000
Telangana,"Government Med Coll, Ramagundam",MBBS,6,14000
Telangana,"Government Med Coll, Ramagundam",MBBS,4+2(VV),14000
Telangana,"Government Med Coll, Ramagundam",MBBS,1+4(VV),14000
West Bengal,"Sarat CC Govt Med Coll, Howrah",MBBS,1,9000
West Bengal,"Sarat CC Govt Med Coll, Howrah",MBBS,1,9000
West Bengal,"Sarat CC Govt Med Coll, Howrah",MBBS,0+1(VV),9000
Maharashtra,"Government Med Coll, Bhandara",MBBS,4,158600
Maharashtra,"Government Med Coll, Bhandara",MBBS,4,158600
Maharashtra,"Government Med Coll, Bhandara",MBBS,1+3(VV),158600
West Bengal,Murshidabad Med Coll,MBBS,1,9000
West Bengal,Murshidabad Med Coll,MBBS,1,9000
West Bengal,Murshidabad Med Coll,MBBS,1,9000
West Bengal,Murshidabad Med Coll,MBBS,1,9000
West Bengal,"MJN Med Coll, Coochbehar",MBBS,4,9000
West Bengal,"MJN Med Coll, Coochbehar",MBBS,4,9000
West Bengal,"MJN Med Coll, Coochbehar",MBBS,3+4(VV),9000
West Bengal,"TamraliptoGovtMed,PurbaMedinpur",MBBS,4,9000
West Bengal,"TamraliptoGovtMed,PurbaMedinpur",MBBS,4,9000
West Bengal,"TamraliptoGovtMed,PurbaMedinpur",MBBS,0+3(VV),9000
Assam,"Silchar Med Coll, Silchar",MBBS,2,6400
Assam,"Silchar Med Coll, Silchar",MBBS,2,6400
Assam,"Silchar Med Coll, Silchar",MBBS,0+2(VV),6400
West Bengal,"Jhargram Govt Med Coll,Jhargram",MBBS,6,9000
West Bengal,"Jhargram Govt Med Coll,Jhargram",MBBS,5,9000
West Bengal,"Jhargram Govt Med Coll,Jhargram",MBBS,1+4(VV),9000
West Bengal,"Jhargram Govt Med Coll,Jhargram",MBBS,2,9000
Karnataka,"Yadgiri Inst of Med Sci,Yadgiri",MBBS,10,64350
Karnataka,"Yadgiri Inst of Med Sci,Yadgiri",MBBS,9+1(VV),64350
Karnataka,"Yadgiri Inst of Med Sci,Yadgiri",MBBS,3+7(VV),64350
Jharkhand,"Dumka Medical Coll,Dighi Dumka",MBBS,2,20100
Jharkhand,"Dumka Medical Coll,Dighi Dumka",MBBS,2,20100
Jharkhand,"Dumka Medical Coll,Dighi Dumka",MBBS,1+1(VV),20100
West Bengal,"MJN Med Coll, Coochbehar",MBBS,2,9000
West Bengal,"MJN Med Coll, Coochbehar",MBBS,2,9000
Telangana,"Govt Med Coll, Medak",MBBS,2,14000
Telangana,"Govt Med Coll, Medak",MBBS,2,14000
Telangana,"Govt Med Coll, Medak",MBBS,0+2(VV),14000
Chhattisgarh,"Government Med Coll, Korba",MBBS,8,50000
Chhattisgarh,"Government Med Coll, Korba",MBBS,8,50000
Chhattisgarh,"Government Med Coll, Korba",MBBS,1+7(VV),50000
Tamil Nadu,Coimbatore Med Coll,MBBS,2,18073
Tamil Nadu,Coimbatore Med Coll,MBBS,2,18073
Tamil Nadu,Coimbatore Med Coll,MBBS,1+1(VV),18073
West Bengal,"Govt Med Coll, Rampurhat",MBBS,4,9000
West Bengal,"Govt Med Coll, Rampurhat",MBBS,3+1(VV),9000
West Bengal,"Govt Med Coll, Rampurhat",MBBS,2+3(VV),9000
Jammu and Kashmir,"Government Med Coll, Baramulla",MBBS,4,37636
Jammu and Kashmir,"Government Med Coll, Baramulla",MBBS,5,37636
Jammu and Kashmir,"Government Med Coll, Baramulla",MBBS,3+2(VV),37636
Telangana,"Government Med Coll,Mahabubabad",MBBS,10,14000
Telangana,"Government Med Coll,Mahabubabad",MBBS,8+2(VV),14000
Telangana,"Government Med Coll,Mahabubabad",MBBS,5+5(VV),14000
Odisha,"Govt Med Coll, Balangir",MBBS,2,22000
Odisha,"Govt Med Coll, Balangir",MBBS,2,22000
Odisha,"Govt Med Coll, Balangir",MBBS,1,22000
Odisha,"Saheed Laxman Nayak, Koraput",MBBS,7,22000
Odisha,"Saheed Laxman Nayak, Koraput",MBBS,7,22000
Odisha,"Saheed Laxman Nayak, Koraput",MBBS,1+4(VV),22000
Jammu and Kashmir,"Government Med Coll, Handwara",MBBS,5,34215
Jammu and Kashmir,"Government Med Coll, Handwara",MBBS,5,34215
Jammu and Kashmir,"Government Med Coll, Handwara",MBBS,3+2(VV),34215
Jammu and Kashmir,"Government Med Coll, Handwara",MBBS,1,34215
Telangana,"Government Med Coll,Mahabubabad",MBBS,5,14000
Telangana,"Government Med Coll,Mahabubabad",MBBS,4+1(VV),14000
Telangana,"Government Med Coll,Mahabubabad",MBBS,2+3(VV),14000
Maharashtra,"Govt Med Coll, Chandrapur",MBBS,2,158600
Maharashtra,"Govt Med Coll, Chandrapur",MBBS,2,158600
Maharashtra,"Govt Med Coll, Chandrapur",MBBS,0+2(VV),158600
Telangana,"Govt Med Coll, Siddipet",MBBS,2,14000
Telangana,"Govt Med Coll, Siddipet",MBBS,2,14000
Telangana,"Govt Med Coll, Siddipet",MBBS,0+2(VV),14000
Maharashtra,"Government Med Coll, Washim",MBBS,6,158600
Maharashtra,"Government Med Coll, Washim",MBBS,4+2(VV),158600
Maharashtra,"Government Med Coll, Washim",MBBS,1+5(VV),158600
Karnataka,Chitradurga Medical College,MBBS,8,64350
Karnataka,Chitradurga Medical College,MBBS,7+1(VV),64350
Karnataka,Chitradurga Medical College,MBBS,4+4(VV),64350
Karnataka,Chitradurga Medical College,MBBS,2,64350
Karnataka,Chitradurga Medical College,MBBS,1,64350
Maharashtra,"Government Med Coll, Buldhana",MBBS,1,158600
Maharashtra,"Government Med Coll, Buldhana",MBBS,0+1(VV),158600
Maharashtra,"Government Med Coll, Buldhana",MBBS,0+1(VV),158600
Kerala,"Medical College, Trivandrum",MBBS,4,23150
Kerala,"Medical College, Trivandrum",MBBS,3+1(VV),23150
Kerala,"Medical College, Trivandrum",MBBS,1+2(VV),23150
West Bengal,Jalpaiguri Govt Med Coll,MBBS,4,9000
West Bengal,Jalpaiguri Govt Med Coll,MBBS,4,9000
West Bengal,Jalpaiguri Govt Med Coll,MBBS,0+3(VV),9000
West Bengal,Jalpaiguri Govt Med Coll,MBBS,1,9000
Chhattisgarh,"BaliramKashyap NDMC, Jagdalpur",MBBS,2,50000
Chhattisgarh,"BaliramKashyap NDMC, Jagdalpur",MBBS,2,50000
Chhattisgarh,"BaliramKashyap NDMC, Jagdalpur",MBBS,1+1(VV),50000
Maharashtra,"Government Med Coll, Hingoli",MBBS,5,158600
Maharashtra,"Government Med Coll, Hingoli",MBBS,5,158600
Maharashtra,"Government Med Coll, Hingoli",MBBS,3+2(VV),158600
Chhattisgarh,"Government Med Coll, Mahasamund",MBBS,5,50000
Chhattisgarh,"Government Med Coll, Mahasamund",MBBS,5,50000
Chhattisgarh,"Government Med Coll, Mahasamund",MBBS,2+2(VV),50000
Odisha,"Government Med Coll, Keonjhar",MBBS,5,22000
Odisha,"Government Med Coll, Keonjhar",MBBS,5,22000
Odisha,"Government Med Coll, Keonjhar",MBBS,1+4(VV),22000
Odisha,"Saheed Laxman Nayak, Koraput",MBBS,2,22000
Odisha,"Saheed Laxman Nayak, Koraput",MBBS,1+1(VV),22000
Odisha,"Saheed Laxman Nayak, Koraput",MBBS,0+2(VV),22000
West Bengal,"Jhargram Govt Med Coll,Jhargram",MBBS,1,9000
West Bengal,"Jhargram Govt Med Coll,Jhargram",MBBS,1,9000
West Bengal,"Jhargram Govt Med Coll,Jhargram",MBBS,0+1(VV),9000
Andhra Pradesh,"Govt Med Coll, Rajamahendravaram",MBBS,8,15000
Andhra Pradesh,"Govt Med Coll, Rajamahendravaram",MBBS,4+3(VV),15000
Andhra Pradesh,"Govt Med Coll, Rajamahendravaram",MBBS,2+5(VV),15000
Gujarat,"Govt Med Coll (GMERS), Panchmahal",MBBS,8,375000
Gujarat,"Govt Med Coll (GMERS), Panchmahal",MBBS,8,375000
Gujarat,"Govt Med Coll (GMERS), Panchmahal",MBBS,5+3(VV),375000
Chhattisgarh,"Govt Med Coll, Kanker",MBBS,4,50000
Chhattisgarh,"Govt Med Coll, Kanker",MBBS,3+1(VV),50000
Chhattisgarh,"Govt Med Coll, Kanker",MBBS,0+4(VV),50000
Andhra Pradesh,"Government Med Coll, Eluru",MBBS,9,15000
Andhra Pradesh,"Government Med Coll, Eluru",MBBS,8+1(VV),15000
Andhra Pradesh,"Government Med Coll, Eluru",MBBS,1+8(VV),15000
Assam,"Fakhruddin Ali Ahmed, Barpeta",MBBS,7,6400
Assam,"Fakhruddin Ali Ahmed, Barpeta",MBBS,7,6400
Assam,"Fakhruddin Ali Ahmed, Barpeta",MBBS,0+6(VV),6400
West Bengal,"Govt Med Coll, Raiganj",MBBS,4,9000
West Bengal,"Govt Med Coll, Raiganj",MBBS,4,9000
West Bengal,"Govt Med Coll, Raiganj",MBBS,2,9000
West Bengal,"Govt Med Coll, Raiganj",MBBS,0+3(VV),9000
Andhra Pradesh,"Government Med Coll, Nandyal",MBBS,9,15000
Andhra Pradesh,"Government Med Coll, Nandyal",MBBS,9,15000
Andhra Pradesh,"Government Med Coll, Nandyal",MBBS,0+9(VV),15000
Assam,"Tezpur Med Coll, Tezpur",MBBS,5,6400
Assam,"Tezpur Med Coll, Tezpur",MBBS,5,6400
Assam,"Tezpur Med Coll, Tezpur",MBBS,3+1(VV),6400
Telangana,"Govt Med Coll, Nagarkurnool",MBBS,5,14000
Telangana,"Govt Med Coll, Nagarkurnool",MBBS,5,14000
Telangana,"Govt Med Coll, Nagarkurnool",MBBS,1+4(VV),14000
Telangana,"Govt Med Coll, Yadadri",MBBS,2,14000
Telangana,"Govt Med Coll, Yadadri",MBBS,2,14000
Telangana,"Govt Med Coll, Yadadri",MBBS,0+2(VV),14000
Telangana,"Rajiv Gandhi IMS, Adilabad",MBBS,2,14000
Telangana,"Rajiv Gandhi IMS, Adilabad",MBBS,2,14000
Telangana,"Rajiv Gandhi IMS, Adilabad",MBBS,0+2(VV),14000
Maharashtra,"Government Med Coll, Gadchiroli",MBBS,4,158600
Maharashtra,"Government Med Coll, Gadchiroli",MBBS,4,158600
Maharashtra,"Government Med Coll, Gadchiroli",MBBS,0+4(VV),158600
Maharashtra,"Government Med Coll, Gadchiroli",MBBS,1,158600
Chhattisgarh,"Government Med Coll, Korba",MBBS,5,50000
Chhattisgarh,"Government Med Coll, Korba",MBBS,3+1(VV),50000
Chhattisgarh,"Government Med Coll, Korba",MBBS,0+4(VV),50000
Telangana,"Government Med Coll, Jagtial",MBBS,6,14000
Telangana,"Government Med Coll, Jagtial",MBBS,5+1(VV),14000
Telangana,"Government Med Coll, Jagtial",MBBS,1+5(VV),14000
Telangana,"Government Med Coll, Karimnagar",MBBS,6,14000
Telangana,"Government Med Coll, Karimnagar",MBBS,6,14000
Telangana,"Government Med Coll, Karimnagar",MBBS,0+6(VV),14000
Telangana,"Government Med Coll, Wanaparthy",MBBS,8,14000
Telangana,"Government Med Coll, Wanaparthy",MBBS,5+3(VV),14000
Telangana,"Government Med Coll, Wanaparthy",MBBS,0+8(VV),14000
Assam,"Silchar Med Coll, Silchar",MBBS,5,6400
Assam,"Silchar Med Coll, Silchar",MBBS,7,6400
Assam,"Silchar Med Coll, Silchar",MBBS,3+4(VV),6400
Telangana,"Government Med Coll, Kamareddy",MBBS,7,14000
Telangana,"Government Med Coll, Kamareddy",MBBS,6+1(VV),14000
Telangana,"Government Med Coll, Kamareddy",MBBS,0+7(VV),14000
West Bengal,"Prafulla CS Govt Med, Arambagh",MBBS,2,9000
West Bengal,"Prafulla CS Govt Med, Arambagh",MBBS,1+1(VV),9000
West Bengal,"Prafulla CS Govt Med, Arambagh",MBBS,1+1(VV),9000
Maharashtra,"Government Med Coll, Hingoli",MBBS,3,158600
Maharashtra,"Government Med Coll, Hingoli",MBBS,3,158600
Maharashtra,"Government Med Coll, Hingoli",MBBS,1+2(VV),158600
Odisha,"Pabitra Mohan Pradhan MedColl&Hosp,Talcher",MBBS,5,22000
Odisha,"Pabitra Mohan Pradhan MedColl&Hosp,Talcher",MBBS,1+4(VV),22000
Meghalaya,"NEIGRIHMS, Shillong",MBBS,8,16600
Meghalaya,"NEIGRIHMS, Shillong",MBBS,6+1(VV),16600
Meghalaya,"NEIGRIHMS, Shillong",MBBS,3+3(VV),16600
Meghalaya,"NEIGRIHMS, Shillong",MBBS,1,16600
Telangana,"Govt Med Coll, Rajanna Sircilla",MBBS,6,14000
Telangana,"Govt Med Coll, Rajanna Sircilla",MBBS,6,14000
Telangana,"Govt Med Coll, Rajanna Sircilla",MBBS,4+1(VV),14000
Telangana,"Govt Med Coll, Rajanna Sircilla",MBBS,1,14000
Karnataka,"Hassan IMS, Hassan",MBBS,2,64350
Karnataka,"Hassan IMS, Hassan",MBBS,2,64350
Karnataka,"Hassan IMS, Hassan",MBBS,1+1(VV),64350
Karnataka,"Yadgiri Inst of Med Sci,Yadgiri",MBBS,6,64350
Karnataka,"Yadgiri Inst of Med Sci,Yadgiri",MBBS,6,64350
Karnataka,"Yadgiri Inst of Med Sci,Yadgiri",MBBS,0+5(VV),64350
Karnataka,"Yadgiri Inst of Med Sci,Yadgiri",MBBS,1,64350
Karnataka,Chitradurga Medical College,MBBS,6,64350
Karnataka,Chitradurga Medical College,MBBS,6,64350
Karnataka,Chitradurga Medical College,MBBS,0+6(VV),64350
Karnataka,Chitradurga Medical College,MBBS,1,64350
Karnataka,"Shimoga IMS, Shimoga",MBBS,2,64350
Karnataka,"Shimoga IMS, Shimoga",MBBS,2,64350
Karnataka,"Shimoga IMS, Shimoga",MBBS,2,64350
Maharashtra,"Government Med Coll, Washim",MBBS,3,158600
Maharashtra,"Government Med Coll, Washim",MBBS,2+1(VV),158600
Maharashtra,"Government Med Coll, Washim",MBBS,1+2(VV),158600
Andaman and Nicobar Islands,"Andaman & NicobarIMS,PortBlair",MBBS,5,59500
Andaman and Nicobar Islands,"Andaman & NicobarIMS,PortBlair",MBBS,5,59500
Andaman and Nicobar Islands,"Andaman & NicobarIMS,PortBlair",MBBS,3+1(VV),59500
Jharkhand,"Palamu Medical College, Palamu",MBBS,2,9200
Jharkhand,"Palamu Medical College, Palamu",MBBS,2,9200
Jharkhand,"Palamu Medical College, Palamu",MBBS,1+1(VV),9200
Jammu and Kashmir,"Government Med Coll, Handwara",MBBS,4,34215
Jammu and Kashmir,"Government Med Coll, Handwara",MBBS,4,34215
Jammu and Kashmir,"Government Med Coll, Handwara",MBBS,3+1(VV),34215
Jammu and Kashmir,"Government Med Coll, Handwara",MBBS,1,34215
Gujarat,"GMERS Medical College, Rajpipla",MBBS,7,375000
Gujarat,"GMERS Medical College, Rajpipla",MBBS,6+1(VV),375000
Gujarat,"GMERS Medical College, Rajpipla",MBBS,5+2(VV),375000
Karnataka,"Raichur IMS, Raichur",MBBS,1,64350
Karnataka,"Raichur IMS, Raichur",MBBS,2,64350
Karnataka,"Raichur IMS, Raichur",MBBS,0+2(VV),64350
Assam,"Fakhruddin Ali Ahmed, Barpeta",MBBS,5,6400
Assam,"Fakhruddin Ali Ahmed, Barpeta",MBBS,5,6400
Assam,"Fakhruddin Ali Ahmed, Barpeta",MBBS,1+3(VV),6400
Telangana,Govt Med Coll Jangaon,MBBS,5,14000
Telangana,Govt Med Coll Jangaon,MBBS,5,14000
Telangana,Govt Med Coll Jangaon,MBBS,2+3(VV),14000
Telangana,"Government Med Coll, Wanaparthy",MBBS,5,14000
Telangana,"Government Med Coll, Wanaparthy",MBBS,5,14000
Telangana,"Government Med Coll, Wanaparthy",MBBS,0+5(VV),14000
Maharashtra,"Government Med Coll, Jalna",MBBS,4,158600
Maharashtra,"Government Med Coll, Jalna",MBBS,4,158600
Maharashtra,"Government Med Coll, Jalna",MBBS,0+4(VV),158600
West Bengal,"Govt Med Coll, Raiganj",MBBS,2,9000
West Bengal,"Govt Med Coll, Raiganj",MBBS,2,9000
West Bengal,"Govt Med Coll, Raiganj",MBBS,0+2(VV),9000
West Bengal,"Govt Med Coll, Raiganj",MBBS,1,9000
West Bengal,"Jhargram Govt Med Coll,Jhargram",MBBS,4,9000
West Bengal,"Jhargram Govt Med Coll,Jhargram",MBBS,3+1(VV),9000
West Bengal,"Jhargram Govt Med Coll,Jhargram",MBBS,1+3(VV),9000
Gujarat,"Govt Med Coll (GMERS), Porbandar",MBBS,4,375000
Gujarat,"Govt Med Coll (GMERS), Porbandar",MBBS,4,375000
Gujarat,"Govt Med Coll (GMERS), Porbandar",MBBS,1+3(VV),375000
West Bengal,Purulia Govt Med Coll,MBBS,1,9000
West Bengal,Purulia Govt Med Coll,MBBS,1,9000
West Bengal,Purulia Govt Med Coll,MBBS,0+1(VV),9000
Odisha,Government Med Coll Bhawanipatna,MBBS,7,22000
Odisha,Government Med Coll Bhawanipatna,MBBS,7,22000
Odisha,Government Med Coll Bhawanipatna,MBBS,1+4(VV),22000
Maharashtra,"Govt Med Coll, Gondia",MBBS,3,158600
Maharashtra,"Govt Med Coll, Gondia",MBBS,3,158600
Maharashtra,"Govt Med Coll, Gondia",MBBS,1+2(VV),158600
Telangana,Govt Med Coll Narsampet,MBBS,2,14000
Telangana,Govt Med Coll Narsampet,MBBS,2,14000
Telangana,Govt Med Coll Narsampet,MBBS,0+2(VV),14000
Andhra Pradesh,Govt Med Coll Machilipatnam,MBBS,8,15000
Andhra Pradesh,Govt Med Coll Machilipatnam,MBBS,5+3(VV),15000
Andhra Pradesh,Govt Med Coll Machilipatnam,MBBS,1+7(VV),15000
Assam,"Tezpur Med Coll, Tezpur",MBBS,6,6400
Assam,"Tezpur Med Coll, Tezpur",MBBS,5+1(VV),6400
Assam,"Tezpur Med Coll, Tezpur",MBBS,0+5(VV),6400
Telangana,"Government Med Coll, Mancherial",MBBS,5,14000
Telangana,"Government Med Coll, Mancherial",MBBS,5,14000
Telangana,"Government Med Coll, Mancherial",MBBS,0+5(VV),14000
Andhra Pradesh,"Govt Med Coll, Rajamahendravaram",MBBS,6,15000
Andhra Pradesh,"Govt Med Coll, Rajamahendravaram",MBBS,6,15000
Andhra Pradesh,"Govt Med Coll, Rajamahendravaram",MBBS,0+6(VV),15000
West Bengal,"Govt Med Coll, Rampurhat",MBBS,2,9000
West Bengal,"Govt Med Coll, Rampurhat",MBBS,2,9000
West Bengal,"Govt Med Coll, Rampurhat",MBBS,1+2(VV),9000
West Bengal,Jalpaiguri Govt Med Coll,MBBS,2,9000
West Bengal,Jalpaiguri Govt Med Coll,MBBS,2,9000
West Bengal,Jalpaiguri Govt Med Coll,MBBS,0+1(VV),9000
Andhra Pradesh,"Government Med Coll, Eluru",MBBS,5,15000
Andhra Pradesh,"Government Med Coll, Eluru",MBBS,5,15000
Andhra Pradesh,"Government Med Coll, Eluru",MBBS,1+4(VV),15000
Telangana,"Government Med Coll, Karimnagar",MBBS,4,14000
Telangana,"Government Med Coll, Karimnagar",MBBS,4,14000
Telangana,"Government Med Coll, Karimnagar",MBBS,1+3(VV),14000
Telangana,"Govt Med Coll, Jogulamba",MBBS,2,14000
Telangana,"Govt Med Coll, Jogulamba",MBBS,2,14000
Telangana,"Govt Med Coll, Jogulamba",MBBS,1+1(VV),14000
Telangana,"Govt Med Coll, Jogulamba",MBBS,1,14000
Odisha,"Saheed Laxman Nayak, Koraput",MBBS,5,22000
Odisha,"Saheed Laxman Nayak, Koraput",MBBS,4+1(VV),22000
Odisha,"Saheed Laxman Nayak, Koraput",MBBS,1+4(VV),22000
Telangana,"Govt Med Coll, Rajanna Sircilla",MBBS,4,14000
Telangana,"Govt Med Coll, Rajanna Sircilla",MBBS,4,14000
Telangana,"Govt Med Coll, Rajanna Sircilla",MBBS,1+3(VV),14000
Gujarat,"Govt Med Coll (GMERS), Panchmahal",MBBS,3,375000
Gujarat,"Govt Med Coll (GMERS), Panchmahal",MBBS,3,375000
Gujarat,"Govt Med Coll (GMERS), Panchmahal",MBBS,1+2(VV),375000
Tripura,"Agartala Med Coll, Agartala",MBBS,6,59500
Tripura,"Agartala Med Coll, Agartala",MBBS,5,59500
Tripura,"Agartala Med Coll, Agartala",MBBS,1+2(VV),59500
Tripura,"Agartala Med Coll, Agartala",MBBS,1,59500
Assam,"Tezpur Med Coll, Tezpur",MBBS,2,6400
Assam,"Tezpur Med Coll, Tezpur",MBBS,2,6400
Assam,"Tezpur Med Coll, Tezpur",MBBS,0+1(VV),6400
Telangana,"Govt Med Coll, Jogulamba",MBBS,2,14000
Telangana,"Govt Med Coll, Jogulamba",MBBS,2,14000
Telangana,"Govt Med Coll, Jogulamba",MBBS,0+1(VV),14000
Chhattisgarh,"Govt Med Coll, Ambikapur",MBBS,2,50000
Chhattisgarh,"Govt Med Coll, Ambikapur",MBBS,0+2(VV),50000
Chhattisgarh,"Govt Med Coll, Ambikapur",MBBS,0+2(VV),50000
Assam,"Pragjyotishpur Med Coll,Guwahati",MBBS,2,8400
Assam,"Pragjyotishpur Med Coll,Guwahati",MBBS,0+2(VV),8400
Assam,"Pragjyotishpur Med Coll,Guwahati",MBBS,2,8400
Telangana,"Government Med Coll, Kamareddy",MBBS,4,14000
Telangana,"Government Med Coll, Kamareddy",MBBS,3+1(VV),14000
Telangana,"Government Med Coll, Kamareddy",MBBS,0+3(VV),14000
Gujarat,"GMERS Medical College, Navsari",MBBS,5,375000
Gujarat,"GMERS Medical College, Navsari",MBBS,4+1(VV),375000
Gujarat,"GMERS Medical College, Navsari",MBBS,2+3(VV),375000
Gujarat,"GMERS Medical College, Navsari",MBBS,1,375000
Maharashtra,"Government Med Coll, Parbhani",MBBS,2,158600
Maharashtra,"Government Med Coll, Parbhani",MBBS,2,158600
Maharashtra,"Government Med Coll, Parbhani",MBBS,1+1(VV),158600
Odisha,Government Med Coll Bhawanipatna,MBBS,3,22000
Odisha,Government Med Coll Bhawanipatna,MBBS,3,22000
Odisha,Government Med Coll Bhawanipatna,MBBS,0+3(VV),22000
Telangana,Govt Med Coll Jangaon,MBBS,4,14000
Telangana,Govt Med Coll Jangaon,MBBS,3+1(VV),14000
Telangana,Govt Med Coll Jangaon,MBBS,0+4(VV),14000
Andhra Pradesh,"Government Med Coll, Nandyal",MBBS,6,15000
Andhra Pradesh,"Government Med Coll, Nandyal",MBBS,6,15000
Andhra Pradesh,"Government Med Coll, Nandyal",MBBS,0+6(VV),15000
Tamil Nadu,"Madurai Med Coll, Madurai",MBBS,4,18073
Tamil Nadu,"Madurai Med Coll, Madurai",MBBS,3+1(VV),18073
Tamil Nadu,"Madurai Med Coll, Madurai",MBBS,1+3(VV),18073
Telangana,"Govt Med Coll, Narayanpet",MBBS,2,14000
Telangana,"Govt Med Coll, Narayanpet",MBBS,2,14000
Telangana,"Govt Med Coll, Narayanpet",MBBS,0+2(VV),14000
Andhra Pradesh,Government Med Coll Vizianagaram,MBBS,10,15000
Andhra Pradesh,Government Med Coll Vizianagaram,MBBS,7+2(VV),15000
Andhra Pradesh,Government Med Coll Vizianagaram,MBBS,0+9(VV),15000
Andhra Pradesh,Government Med Coll Vizianagaram,MBBS,1,15000
Maharashtra,"Govt Med Coll, Nandurbar",MBBS,2,158600
Maharashtra,"Govt Med Coll, Nandurbar",MBBS,2,158600
Maharashtra,"Govt Med Coll, Nandurbar",MBBS,1+1(VV),158600
Odisha,"Pabitra Mohan Pradhan MedColl&Hosp,Talcher",MBBS,4,22000
Odisha,"Pabitra Mohan Pradhan MedColl&Hosp,Talcher",MBBS,0+3(VV),22000
Andhra Pradesh,Govt Med Coll Machilipatnam,MBBS,5,15000
Andhra Pradesh,Govt Med Coll Machilipatnam,MBBS,4+1(VV),15000
Andhra Pradesh,Govt Med Coll Machilipatnam,MBBS,1+4(VV),15000
Assam,Kokrajhar Medical College,MBBS,2,6400
Assam,Kokrajhar Medical College,MBBS,1+1(VV),6400
Assam,Kokrajhar Medical College,MBBS,0+1(VV),6400
Andhra Pradesh,"Government Medical College, Paderu",MBBS,2,15000
Andhra Pradesh,"Government Medical College, Paderu",MBBS,2,15000
Andhra Pradesh,"Government Medical College, Paderu",MBBS,0+1(VV),15000
Telangana,"GovtMedColl,BhadradriKothagudem",MBBS,9,14000
Telangana,"GovtMedColl,BhadradriKothagudem",MBBS,9,14000
Telangana,"GovtMedColl,BhadradriKothagudem",MBBS,2+7(VV),14000
Gujarat,"GMERS Medical College, Rajpipla",MBBS,3,375000
Gujarat,"GMERS Medical College, Rajpipla",MBBS,3,375000
Gujarat,"GMERS Medical College, Rajpipla",MBBS,1+2(VV),375000
Telangana,"Govt Med Coll, Medak",MBBS,3,14000
Telangana,"Govt Med Coll, Medak",MBBS,3,14000
Telangana,"Govt Med Coll, Medak",MBBS,0+3(VV),14000
Maharashtra,"Govt Med Coll, Alibag",MBBS,1,158600
Maharashtra,"Govt Med Coll, Alibag",MBBS,1,158600
Maharashtra,"Govt Med Coll, Alibag",MBBS,0+1(VV),158600
Telangana,"Govt Med Coll, Yadadri",MBBS,2,14000
Telangana,"Govt Med Coll, Yadadri",MBBS,1+1(VV),14000
Telangana,"Govt Med Coll, Yadadri",MBBS,0+2(VV),14000
Telangana,"Government Med Coll, Vikarabad",MBBS,8,14000
Telangana,"Government Med Coll, Vikarabad",MBBS,5+3(VV),14000
Telangana,"Government Med Coll, Vikarabad",MBBS,2+6(VV),14000
Telangana,"Government Med Coll, Vikarabad",MBBS,1,14000
Assam,"Lakhimpur Med Coll, Lakhimpur",MBBS,5,6400
Assam,"Lakhimpur Med Coll, Lakhimpur",MBBS,3+2(VV),6400
Assam,"Lakhimpur Med Coll, Lakhimpur",MBBS,2+3(VV),6400
Assam,"Dhubri Medical College, Dhubri",MBBS,5,6400
Assam,"Dhubri Medical College, Dhubri",MBBS,5,6400
Assam,"Dhubri Medical College, Dhubri",MBBS,0+5(VV),6400
Assam,"Dhubri Medical College, Dhubri",MBBS,2,6400
Arunachal Pradesh,"Tomo Riba IHMS, Naharlagun",MBBS,1,33000
Arunachal Pradesh,"Tomo Riba IHMS, Naharlagun",MBBS,1,33000
Arunachal Pradesh,"Tomo Riba IHMS, Naharlagun",MBBS,0+1(VV),33000
Manipur,"RIMS, Imphal",MBBS,2,3000
Manipur,"RIMS, Imphal",MBBS,0+2(VV),3000
Manipur,"RIMS, Imphal",MBBS,0+1(VV),3000
Telangana,"Govt Med Coll, Maheshwaram",MBBS,2,14000
Telangana,"Govt Med Coll, Maheshwaram",MBBS,2,14000
Telangana,"Govt Med Coll, Maheshwaram",MBBS,0+2(VV),14000
Karnataka,"Gulbarga IMS, Gulbarga",MBBS,2,64350
Karnataka,"Gulbarga IMS, Gulbarga",MBBS,3,64350
Karnataka,"Gulbarga IMS, Gulbarga",MBBS,0+3(VV),64350
Jammu and Kashmir,"Government Med Coll, Baramulla",MBBS,2,37636
Jammu and Kashmir,"Government Med Coll, Baramulla",MBBS,3,37636
Jammu and Kashmir,"Government Med Coll, Baramulla",MBBS,1+2(VV),37636
Telangana,"Government Med Coll, Nirmal",MBBS,6,14000
Telangana,"Government Med Coll, Nirmal",MBBS,6,14000
Telangana,"Government Med Coll, Nirmal",MBBS,1+4(VV),14000
Telangana,Govt Med Coll Narsampet,MBBS,2,14000
Telangana,Govt Med Coll Narsampet,MBBS,2,14000
Telangana,Govt Med Coll Narsampet,MBBS,1+1(VV),14000
Telangana,"GovtMedColl,BhadradriKothagudem",MBBS,6,14000
Telangana,"GovtMedColl,BhadradriKothagudem",MBBS,5,14000
Telangana,"GovtMedColl,BhadradriKothagudem",MBBS,0+5(VV),14000
Andhra Pradesh,Government Med Coll Vizianagaram,MBBS,6,15000
Andhra Pradesh,Government Med Coll Vizianagaram,MBBS,4+2(VV),15000
Andhra Pradesh,Government Med Coll Vizianagaram,MBBS,2+4(VV),15000
Odisha,"Government MedColl&Hosp, Phulbani",MBBS,5,22000
Odisha,"Government MedColl&Hosp, Phulbani",MBBS,2+2(VV),22000
Telangana,"GMC, Kodangal",MBBS,2,14000
Telangana,"GMC, Kodangal",MBBS,1+1(VV),14000
Maharashtra,"MGIMS, Wardha",MBBS,5,169410
Maharashtra,"MGIMS, Wardha",MBBS,4+1(VV),169410
Maharashtra,"MGIMS, Wardha",MBBS,4+1(VV),169410
Assam,"Jorhat Med Coll, Jorhat",MBBS,2,6400
Assam,"Jorhat Med Coll, Jorhat",MBBS,1+1(VV),6400
Assam,"Jorhat Med Coll, Jorhat",MBBS,0+2(VV),6400
Telangana,"Govt Med Coll, Mulugu",MBBS,3,14000
Telangana,"Govt Med Coll, Mulugu",MBBS,3,14000
Telangana,"Govt Med Coll, Mulugu",MBBS,1+2(VV),14000
Telangana,"Govt Med Coll, Kumuram Bheem",MBBS,4,14000
Telangana,"Govt Med Coll, Kumuram Bheem",MBBS,3+1(VV),14000
Telangana,"Govt Med Coll, Kumuram Bheem",MBBS,1+3(VV),14000
Maharashtra,"Government Med Coll, Gadchiroli",MBBS,1,158600
Maharashtra,"Government Med Coll, Gadchiroli",MBBS,1,158600
Maharashtra,"Government Med Coll, Gadchiroli",MBBS,0+1(VV),158600
Andhra Pradesh,"Government Medical College, Paderu",MBBS,2,15000
Andhra Pradesh,"Government Medical College, Paderu",MBBS,0+2(VV),15000
Andhra Pradesh,"Government Medical College, Paderu",MBBS,0+2(VV),15000
Assam,"Lakhimpur Med Coll, Lakhimpur",MBBS,1,6400
Assam,"Lakhimpur Med Coll, Lakhimpur",MBBS,0+1(VV),6400
Assam,"Lakhimpur Med Coll, Lakhimpur",MBBS,0+1(VV),6400
Assam,"Fakhruddin Ali Ahmed, Barpeta",MBBS,1,6400
Assam,"Fakhruddin Ali Ahmed, Barpeta",MBBS,1,6400
Assam,"Fakhruddin Ali Ahmed, Barpeta",MBBS,1,6400
Tamil Nadu,"Kilpauk Med Coll, Chennai",MBBS,3,18073
Tamil Nadu,"Kilpauk Med Coll, Chennai",MBBS,2+1(VV),18073
Tamil Nadu,"Kilpauk Med Coll, Chennai",MBBS,0+3(VV),18073
Andhra Pradesh,"Govt Siddhartha, Vijaywada",MBBS,3,15000
Andhra Pradesh,"Govt Siddhartha, Vijaywada",MBBS,2+1(VV),15000
Andhra Pradesh,"Govt Siddhartha, Vijaywada",MBBS,0+3(VV),15000
Assam,"Dhubri Medical College, Dhubri",MBBS,3,6400
Assam,"Dhubri Medical College, Dhubri",MBBS,3,6400
Assam,"Dhubri Medical College, Dhubri",MBBS,0+2(VV),6400
Assam,"Diphu Med Coll, Assam",MBBS,6,6400
Assam,"Diphu Med Coll, Assam",MBBS,6,6400
Assam,"Diphu Med Coll, Assam",MBBS,0+6(VV),6400
Telangana,"Government Med Coll, Bhupalpally",MBBS,7,14000
Telangana,"Government Med Coll, Bhupalpally",MBBS,7,14000
Telangana,"Government Med Coll, Bhupalpally",MBBS,1+6(VV),14000
Telangana,"Government Med Coll, Jagtial",MBBS,6,14000
Telangana,"Government Med Coll, Jagtial",MBBS,6,14000
Telangana,"Government Med Coll, Jagtial",MBBS,2+4(VV),14000
Maharashtra,"Government Med Coll, Osmanabad",MBBS,2,158600
Maharashtra,"Government Med Coll, Osmanabad",MBBS,1+1(VV),158600
Maharashtra,"Government Med Coll, Osmanabad",MBBS,0+2(VV),158600
Maharashtra,"Government Med Coll, Osmanabad",MBBS,1,158600
Manipur,"Govt Med Coll, Churachandpur",MBBS,5,6000
Manipur,"Govt Med Coll, Churachandpur",MBBS,5,6000
Manipur,"Govt Med Coll, Churachandpur",MBBS,3+2(VV),6000
Manipur,"Govt Med Coll, Churachandpur",MBBS,1,6000
Telangana,"Government Med Coll, Mancherial",MBBS,4,14000
Telangana,"Government Med Coll, Mancherial",MBBS,2+2(VV),14000
Telangana,"Government Med Coll, Mancherial",MBBS,0+4(VV),14000
Telangana,"Govt Med Coll, Narayanpet",MBBS,2,14000
Telangana,"Govt Med Coll, Narayanpet",MBBS,2,14000
Telangana,"Govt Med Coll, Narayanpet",MBBS,0+2(VV),14000
Odisha,"Government MedColl&Hosp, Phulbani",MBBS,4,22000
Odisha,"Government MedColl&Hosp, Phulbani",MBBS,0+4(VV),22000
Telangana,"Government Med Coll, Vikarabad",MBBS,4,14000
Telangana,"Government Med Coll, Vikarabad",MBBS,4,14000
Telangana,"Government Med Coll, Vikarabad",MBBS,1+2(VV),14000
Maharashtra,Government Med Coll Ratnagiri,MBBS,1,158600
Maharashtra,Government Med Coll Ratnagiri,MBBS,1,158600
Maharashtra,Government Med Coll Ratnagiri,MBBS,1,158600
Uttar Pradesh,"ESIC MedCollHosp,Noida",MBBS,3,24000
Uttar Pradesh,"ESIC MedCollHosp,Noida",MBBS,0+3(VV),24000
Andhra Pradesh,"Rangaraya Med Coll, Kakinada",MBBS,4,15000
Andhra Pradesh,"Rangaraya Med Coll, Kakinada",MBBS,2+1(VV),15000
Andhra Pradesh,"Rangaraya Med Coll, Kakinada",MBBS,0+2(VV),15000
Telangana,"Govt Med Coll, Kumuram Bheem",MBBS,4,14000
Telangana,"Govt Med Coll, Kumuram Bheem",MBBS,2+2(VV),14000
Telangana,"Govt Med Coll, Kumuram Bheem",MBBS,0+4(VV),14000
Telangana,"Government Med Coll, Nirmal",MBBS,4,14000
Telangana,"Government Med Coll, Nirmal",MBBS,4,14000
Telangana,"Government Med Coll, Nirmal",MBBS,0+4(VV),14000
Telangana,"Government Med Coll, Khammam",MBBS,1,14000
Telangana,"Government Med Coll, Khammam",MBBS,1,14000
Telangana,"Government Med Coll, Khammam",MBBS,0+1(VV),14000
Chhattisgarh,"Government Med Coll, Korba",MBBS,1,50000
Chhattisgarh,"Government Med Coll, Korba",MBBS,1,50000
Telangana,"GMC, Kodangal",MBBS,2,14000
Telangana,"GMC, Kodangal",MBBS,0+2(VV),14000
Telangana,"GMC, Kodangal",MBBS,1,14000
Telangana,"Govt Med Coll, Mulugu",MBBS,2,14000
Telangana,"Govt Med Coll, Mulugu",MBBS,2,14000
Telangana,"Govt Med Coll, Mulugu",MBBS,0+2(VV),14000
Assam,"Diphu Med Coll, Assam",MBBS,4,6400
Assam,"Diphu Med Coll, Assam",MBBS,3+1(VV),6400
Assam,"Diphu Med Coll, Assam",MBBS,0+4(VV),6400
Assam,Kokrajhar Medical College,MBBS,6,6400
Assam,Kokrajhar Medical College,MBBS,6,6400
Assam,Kokrajhar Medical College,MBBS,1+4(VV),6400
Arunachal Pradesh,"Tomo Riba IHMS, Naharlagun",MBBS,6,33000
Arunachal Pradesh,"Tomo Riba IHMS, Naharlagun",MBBS,6,33000
Arunachal Pradesh,"Tomo Riba IHMS, Naharlagun",MBBS,3+3(VV),33000
Arunachal Pradesh,"Tomo Riba IHMS, Naharlagun",MBBS,2,33000
Telangana,"Government Med Coll, Bhupalpally",MBBS,4,14000
Telangana,"Government Med Coll, Bhupalpally",MBBS,4,14000
Telangana,"Government Med Coll, Bhupalpally",MBBS,1+3(VV),14000
Tripura,"Agartala Med Coll, Agartala",MBBS,5,59500
Tripura,"Agartala Med Coll, Agartala",MBBS,5,59500
Tripura,"Agartala Med Coll, Agartala",MBBS,2+3(VV),59500
Assam,"Nalbari Medical College, Nalbari",MBBS,7,6400
Assam,"Nalbari Medical College, Nalbari",MBBS,7,6400
Assam,"Nalbari Medical College, Nalbari",MBBS,4+2(VV),6400
Assam,"Nalbari Medical College, Nalbari",MBBS,1,6400
Manipur,"JNIMS, Imphal",MBBS,9,6000
Manipur,"JNIMS, Imphal",MBBS,9,6000
Manipur,"JNIMS, Imphal",MBBS,6+3(VV),6000
Manipur,"JNIMS, Imphal",MBBS,1,6000
Assam,"Lakhimpur Med Coll, Lakhimpur",MBBS,4,6400
Assam,"Lakhimpur Med Coll, Lakhimpur",MBBS,3+1(VV),6400
Assam,"Lakhimpur Med Coll, Lakhimpur",MBBS,1+3(VV),6400
Assam,"Lakhimpur Med Coll, Lakhimpur",MBBS,1,6400
Assam,Kokrajhar Medical College,MBBS,4,6400
Assam,Kokrajhar Medical College,MBBS,4,6400
Assam,Kokrajhar Medical College,MBBS,1+3(VV),6400
Assam,Nagaon Medical College,MBBS,5,6400
Assam,Nagaon Medical College,MBBS,5,6400
Assam,Nagaon Medical College,MBBS,1+3(VV),6400
Assam,Tinsukia Med Coll & Hosp,MBBS,6,6400
Assam,Tinsukia Med Coll & Hosp,MBBS,4+2(VV),6400
Assam,Tinsukia Med Coll & Hosp,MBBS,2+4(VV),6400
Tamil Nadu,Govt Vellore Med Coll,MBBS,1,18073
Tamil Nadu,Govt Vellore Med Coll,MBBS,1,18073
Tamil Nadu,Govt Vellore Med Coll,MBBS,1,18073
Assam,Tinsukia Med Coll & Hosp,MBBS,4,6400
Assam,Tinsukia Med Coll & Hosp,MBBS,4,6400
Assam,Tinsukia Med Coll & Hosp,MBBS,0+3(VV),6400
Assam,"Nalbari Medical College, Nalbari",MBBS,3,6400
Assam,"Nalbari Medical College, Nalbari",MBBS,2+1(VV),6400
Assam,"Nalbari Medical College, Nalbari",MBBS,0+3(VV),6400
Assam,Nagaon Medical College,MBBS,4,6400
Assam,Nagaon Medical College,MBBS,4,6400
Assam,Nagaon Medical College,MBBS,1+3(VV),6400
Arunachal Pradesh,"Tomo Riba IHMS, Naharlagun",MBBS,5,33000
Arunachal Pradesh,"Tomo Riba IHMS, Naharlagun",MBBS,5,33000
Arunachal Pradesh,"Tomo Riba IHMS, Naharlagun",MBBS,2+3(VV),33000
Gujarat,"Govt Med College (GMERS), Morbi",MBBS,1,375000
Gujarat,"Govt Med College (GMERS), Morbi",MBBS,1,375000
Gujarat,"Govt Med College (GMERS), Morbi",MBBS,0+1(VV),375000
Manipur,"JNIMS, Imphal",MBBS,6,6000
Manipur,"JNIMS, Imphal",MBBS,6,6000
Manipur,"JNIMS, Imphal",MBBS,3+3(VV),6000
Kerala,"Govt Med Coll, Palakkad",MBBS,1,23150
Kerala,"Govt Med Coll, Palakkad",MBBS,1,23150
Kerala,"Govt Med Coll, Palakkad",MBBS,0+1(VV),23150
Mizoram,"Zoram Med Coll, Mizoram",MBBS,6,49150
Mizoram,"Zoram Med Coll, Mizoram",MBBS,5+1(VV),49150
Mizoram,"Zoram Med Coll, Mizoram",MBBS,2+4(VV),49150
Mizoram,"Zoram Med Coll, Mizoram",MBBS,3,49150
Mizoram,"Zoram Med Coll, Mizoram",MBBS,3,49150
Mizoram,"Zoram Med Coll, Mizoram",MBBS,1+2(VV),49150
Telangana,"Govt Med Coll, Suryapet",MBBS,2,14000
Telangana,"Govt Med Coll, Suryapet",MBBS,2,14000
Telangana,"Govt Med Coll, Suryapet",MBBS,0+2(VV),14000
Kerala,"Govt Med Coll, Thrissur",MBBS,2,23150
Kerala,"Govt Med Coll, Thrissur",MBBS,2,23150
Kerala,"Govt Med Coll, Thrissur",MBBS,1+1(VV),23150
Kerala,"Govt Med Coll, Thrissur",MBBS,1,23150
Manipur,"Govt Med Coll, Churachandpur",MBBS,4,6000
Manipur,"Govt Med Coll, Churachandpur",MBBS,4,6000
Manipur,"Govt Med Coll, Churachandpur",MBBS,1+3(VV),6000
Andaman and Nicobar Islands,"Andaman & NicobarIMS,PortBlair",MBBS,5,59500
Andaman and Nicobar Islands,"Andaman & NicobarIMS,PortBlair",MBBS,5,59500
Andaman and Nicobar Islands,"Andaman & NicobarIMS,PortBlair",MBBS,5,59500
Nagaland,NIMSR Kohima,MBBS,6,60000
Nagaland,NIMSR Kohima,MBBS,6,60000
Nagaland,NIMSR Kohima,MBBS,5+1(VV),60000
Nagaland,NIMSR Kohima,MBBS,1,60000
Andhra Pradesh,"Rajiv Gandhi IMS, Kadapa",MBBS,3,15000
Andhra Pradesh,"Rajiv Gandhi IMS, Kadapa",MBBS,2+1(VV),15000
Andhra Pradesh,"Rajiv Gandhi IMS, Kadapa",MBBS,0+2(VV),15000
Assam,"Dhubri Medical College, Dhubri",MBBS,2,6400
Assam,"Dhubri Medical College, Dhubri",MBBS,2,6400
Assam,"Dhubri Medical College, Dhubri",MBBS,0+2(VV),6400
Tamil Nadu,Thanjavur Med Coll,MBBS,2,18073
Tamil Nadu,Thanjavur Med Coll,MBBS,2,18073
Tamil Nadu,Thanjavur Med Coll,MBBS,1,18073
Nagaland,NIMSR Kohima,MBBS,4,60000
Nagaland,NIMSR Kohima,MBBS,4,60000
Nagaland,NIMSR Kohima,MBBS,1+3(VV),60000
Assam,"Nalbari Medical College, Nalbari",MBBS,1,6400
Assam,"Nalbari Medical College, Nalbari",MBBS,1,6400
Assam,"Nalbari Medical College, Nalbari",MBBS,0+1(VV),6400
Maharashtra,"Government Med Coll, Hingoli",MBBS,1,158600
Maharashtra,"Government Med Coll, Hingoli",MBBS,1,158600
Maharashtra,"Government Med Coll, Hingoli",MBBS,0+1(VV),158600
Telangana,"Government Med Coll, Kamareddy",MBBS,1,14000
Telangana,"Government Med Coll, Kamareddy",MBBS,1,14000
Telangana,"Government Med Coll, Kamareddy",MBBS,0+1(VV),14000
Pondicherry,"IGMC & RI, Pondicherry",MBBS,2,73700
Pondicherry,"IGMC & RI, Pondicherry",MBBS,2,73700
Pondicherry,"IGMC & RI, Pondicherry",MBBS,1+1(VV),73700
Assam,Nagaon Medical College,MBBS,1,6400
Assam,Nagaon Medical College,MBBS,1,6400
Assam,Nagaon Medical College,MBBS,0+1(VV),6400
Maharashtra,"Government Med Coll, Jalna",MBBS,2,158600
Maharashtra,"Government Med Coll, Jalna",MBBS,2,158600
Maharashtra,"Government Med Coll, Jalna",MBBS,0+2(VV),158600
Karnataka,Chikkaballapura Inst Of Med Sci,MBBS,1,64350
Karnataka,Chikkaballapura Inst Of Med Sci,MBBS,2,64350
Karnataka,Chikkaballapura Inst Of Med Sci,MBBS,1+1(VV),64350
Karnataka,Karwar Inst of Med Sciences,MBBS,3,64350
Karnataka,Karwar Inst of Med Sciences,MBBS,3,64350
Karnataka,Karwar Inst of Med Sciences,MBBS,1+2(VV),64350
Jammu and Kashmir,"Government Med Coll, Handwara",MBBS,1,34215
Jammu and Kashmir,"Government Med Coll, Handwara",MBBS,1,34215
Jammu and Kashmir,"Government Med Coll, Handwara",MBBS,1,34215
Jammu and Kashmir,"Government Med Coll, Handwara",MBBS,1,34215
Assam,"Pragjyotishpur Med Coll,Guwahati",MBBS,1,8400
Assam,"Pragjyotishpur Med Coll,Guwahati",MBBS,0+1(VV),8400
Assam,"Pragjyotishpur Med Coll,Guwahati",MBBS,1,8400
Telangana,"Government Med Coll, Ramagundam",MBBS,2,14000
Telangana,"Government Med Coll, Ramagundam",MBBS,1+1(VV),14000
Telangana,"Government Med Coll, Ramagundam",MBBS,0+2(VV),14000
Uttar Pradesh,"ESIC MedCollHosp,Noida",MBBS,7,24000
Uttar Pradesh,"ESIC MedCollHosp,Noida",MBBS,0+7(VV),24000
Assam,"Diphu Med Coll, Assam",MBBS,2,6400
Assam,"Diphu Med Coll, Assam",MBBS,2,6400
Assam,"Diphu Med Coll, Assam",MBBS,0+2(VV),6400
Maharashtra,"Government Med Coll, Washim",MBBS,2,158600
Maharashtra,"Government Med Coll, Washim",MBBS,2,158600
Maharashtra,"Government Med Coll, Washim",MBBS,0+2(VV),158600
Telangana,"Govt Med Coll, Nalgonda",MBBS,2,14000
Telangana,"Govt Med Coll, Nalgonda",MBBS,2,14000
Telangana,"Govt Med Coll, Nalgonda",MBBS,0+1(VV),14000
Odisha,"Government Med Coll, Keonjhar",MBBS,1,22000
Odisha,"Government Med Coll, Keonjhar",MBBS,1,22000
Odisha,"Government Med Coll, Keonjhar",MBBS,0+1(VV),22000
Gujarat,"Govt Med Coll (GMERS), Panchmahal",MBBS,1,375000
Gujarat,"Govt Med Coll (GMERS), Panchmahal",MBBS,0+1(VV),375000
Gujarat,"Govt Med Coll (GMERS), Panchmahal",MBBS,0+1(VV),375000
Gujarat,"Govt Med Coll (GMERS), Panchmahal",MBBS,1,375000
Chhattisgarh,"Govt Med Coll, Kanker",MBBS,2,50000
Chhattisgarh,"Govt Med Coll, Kanker",MBBS,2,50000
Chhattisgarh,"Govt Med Coll, Kanker",MBBS,0+2(VV),50000
Chhattisgarh,"Govt Med Coll, Kanker",MBBS,1,50000
Odisha,Government Med Coll Bhawanipatna,MBBS,1,22000
Odisha,Government Med Coll Bhawanipatna,MBBS,1,22000
Odisha,Government Med Coll Bhawanipatna,MBBS,1,22000
Andhra Pradesh,"ACSR Govt Med Coll, Nellore",MBBS,2,15000
Andhra Pradesh,"ACSR Govt Med Coll, Nellore",MBBS,2,15000
Andhra Pradesh,"ACSR Govt Med Coll, Nellore",MBBS,0+1(VV),15000
Telangana,"Government Med Coll,Mahabubabad",MBBS,2,14000
Telangana,"Government Med Coll,Mahabubabad",MBBS,2,14000
Telangana,"Government Med Coll,Mahabubabad",MBBS,0+2(VV),14000
Maharashtra,"Government Med Coll, Bhandara",MBBS,2,158600
Maharashtra,"Government Med Coll, Bhandara",MBBS,2,158600
Maharashtra,"Government Med Coll, Bhandara",MBBS,0+2(VV),158600
Andhra Pradesh,"Govt Med Coll, Ananthapuram",MBBS,3,15000
Andhra Pradesh,"Govt Med Coll, Ananthapuram",MBBS,3,15000
Andhra Pradesh,"Govt Med Coll, Ananthapuram",MBBS,0+3(VV),15000
Tripura,"Agartala Med Coll, Agartala",MBBS,2,59500
Tripura,"Agartala Med Coll, Agartala",MBBS,1+1(VV),59500
Tripura,"Agartala Med Coll, Agartala",MBBS,0+2(VV),59500
Tamil Nadu,Chengalpattu Med Coll,MBBS,1,18073
Tamil Nadu,Chengalpattu Med Coll,MBBS,1,18073
Tamil Nadu,Chengalpattu Med Coll,MBBS,0+1(VV),18073
Tamil Nadu,"Govt Med Coll & ESI,Coimbatore",MBBS,1,18073
Tamil Nadu,"Govt Med Coll & ESI,Coimbatore",MBBS,1,18073
Tamil Nadu,"Govt Med Coll & ESI,Coimbatore",MBBS,1,18073
Chhattisgarh,"Government Med Coll, Mahasamund",MBBS,2,50000
Chhattisgarh,"Government Med Coll, Mahasamund",MBBS,2,50000
Chhattisgarh,"Government Med Coll, Mahasamund",MBBS,0+2(VV),50000
Assam,Tinsukia Med Coll & Hosp,MBBS,2,6400
Assam,Tinsukia Med Coll & Hosp,MBBS,2,6400
Assam,Tinsukia Med Coll & Hosp,MBBS,0+2(VV),6400
Gujarat,"GMERS Medical College, Navsari",MBBS,1,375000
Gujarat,"GMERS Medical College, Navsari",MBBS,1,375000
Gujarat,"GMERS Medical College, Navsari",MBBS,0+1(VV),375000
Kerala,"Govt Med Coll, Kollam",MBBS,2,23150
Kerala,"Govt Med Coll, Kollam",MBBS,2,23150
Kerala,"Govt Med Coll, Kollam",MBBS,0+1(VV),23150
Karnataka,Kodagu Inst of Med Sciences,MBBS,1,64350
Karnataka,Kodagu Inst of Med Sciences,MBBS,1,64350
Karnataka,Kodagu Inst of Med Sciences,MBBS,0+1(VV),64350
Andhra Pradesh,SVIMS-Sri Padmavathi,MBBS,2,67900
Andhra Pradesh,SVIMS-Sri Padmavathi,MBBS,2,67900
Andhra Pradesh,SVIMS-Sri Padmavathi,MBBS,0+2(VV),67900
Telangana,"Government Med Coll, Mancherial",MBBS,1,14000
Telangana,"Government Med Coll, Mancherial",MBBS,1,14000
Telangana,"Government Med Coll, Mancherial",MBBS,1,14000
Telangana,"Government Med Coll, Sangareddy",MBBS,2,14000
Telangana,"Government Med Coll, Sangareddy",MBBS,2,14000
Telangana,"Government Med Coll, Sangareddy",MBBS,1+1(VV),14000
Telangana,"Government Med Coll, Wanaparthy",MBBS,3,14000
Telangana,"Government Med Coll, Wanaparthy",MBBS,3,14000
Telangana,"Government Med Coll, Wanaparthy",MBBS,0+3(VV),14000
Tamil Nadu,"KAPV Med Coll, Trichy",MBBS,2,18073
Tamil Nadu,"KAPV Med Coll, Trichy",MBBS,0+2(VV),18073
Tamil Nadu,"KAPV Med Coll, Trichy",MBBS,0+2(VV),18073
Telangana,"Govt Med Coll, Narayanpet",MBBS,1,14000
Telangana,"Govt Med Coll, Narayanpet",MBBS,1,14000
Telangana,"Govt Med Coll, Narayanpet",MBBS,0+1(VV),14000
Odisha,"Pabitra Mohan Pradhan MedColl&Hosp,Talcher",MBBS,2,22000
Odisha,"Pabitra Mohan Pradhan MedColl&Hosp,Talcher",MBBS,0+2(VV),22000
Andhra Pradesh,"Rajiv Gandhi IMS, Ongole",MBBS,2,15000
Andhra Pradesh,"Rajiv Gandhi IMS, Ongole",MBBS,1+2(VV),15000
Andhra Pradesh,"Rajiv Gandhi IMS, Ongole",MBBS,1+1(VV),15000
Karnataka,"Haveri Inst of Med Sci, Haveri",MBBS,2,64350
Karnataka,"Haveri Inst of Med Sci, Haveri",MBBS,1+1(VV),64350
Karnataka,"Haveri Inst of Med Sci, Haveri",MBBS,0+2(VV),64350
Delhi,"Maulana Azad IDS, New Delhi",BDS,2,5395
Delhi,"Maulana Azad IDS, New Delhi",BDS,2,5395
Delhi,"Maulana Azad IDS, New Delhi",BDS,1+1(VV),5395
Andhra Pradesh,"Rajiv Gandhi IMS, Srikakulam",MBBS,3,15000
Andhra Pradesh,"Rajiv Gandhi IMS, Srikakulam",MBBS,3,15000
Andhra Pradesh,"Rajiv Gandhi IMS, Srikakulam",MBBS,1+2(VV),15000
Manipur,"JNIMS, Imphal",MBBS,2,6000
Manipur,"JNIMS, Imphal",MBBS,2,6000
Manipur,"JNIMS, Imphal",MBBS,0+2(VV),6000
Andhra Pradesh,Government Med Coll Vizianagaram,MBBS,2,15000
Andhra Pradesh,Government Med Coll Vizianagaram,MBBS,1+1(VV),15000
Andhra Pradesh,Government Med Coll Vizianagaram,MBBS,1+1(VV),15000
Uttar Pradesh,"Faculty of Dental Sci, Lucknow",BDS,2,47600
Uttar Pradesh,"Faculty of Dental Sci, Lucknow",BDS,2,47600
Uttar Pradesh,"Faculty of Dental Sci, Lucknow",BDS,2,47600
Uttar Pradesh,"Faculty of Dental Sci, Lucknow",BDS,1,47600
Uttar Pradesh,"Faculty of Dental Sci, Lucknow",BDS,1,47600
Odisha,"Government MedColl&Hosp, Phulbani",MBBS,2,22000
Odisha,"Government MedColl&Hosp, Phulbani",MBBS,0+2(VV),22000
Andhra Pradesh,"Government Medical College, Paderu",MBBS,1,15000
Andhra Pradesh,"Government Medical College, Paderu",MBBS,1,15000
Tamil Nadu,Govt Dharmapuri Med Coll,MBBS,1,18073
Tamil Nadu,Govt Dharmapuri Med Coll,MBBS,1,18073
Tamil Nadu,Govt Dharmapuri Med Coll,MBBS,0+1(VV),18073
Telangana,"Govt Med Coll, Nagarkurnool",MBBS,3,14000
Telangana,"Govt Med Coll, Nagarkurnool",MBBS,3,14000
Telangana,"Govt Med Coll, Nagarkurnool",MBBS,0+3(VV),14000
Gujarat,"GMERS Medical College, Rajpipla",MBBS,2,375000
Gujarat,"GMERS Medical College, Rajpipla",MBBS,1+1(VV),375000
Gujarat,"GMERS Medical College, Rajpipla",MBBS,1+1(VV),375000
Karnataka,"Koppal Inst of MS, Koppal",MBBS,3,64350
Karnataka,"Koppal Inst of MS, Koppal",MBBS,3,64350
Karnataka,"Koppal Inst of MS, Koppal",MBBS,0+3(VV),64350
Karnataka,"Chamrajanagar IMS, Karnataka",MBBS,3,64350
Karnataka,"Chamrajanagar IMS, Karnataka",MBBS,3,64350
Karnataka,"Chamrajanagar IMS, Karnataka",MBBS,1+2(VV),64350
Telangana,"Government Med Coll, Karimnagar",MBBS,1,14000
Telangana,"Government Med Coll, Karimnagar",MBBS,1,14000
Telangana,"Government Med Coll, Karimnagar",MBBS,1,14000
Kerala,"TD Med Coll, Allepey",MBBS,3,23150
Kerala,"TD Med Coll, Allepey",MBBS,3,23150
Kerala,"TD Med Coll, Allepey",MBBS,2+1(VV),23150
Telangana,"Govt Med Coll, Quthbullapur",MBBS,1,14000
Telangana,"Govt Med Coll, Quthbullapur",MBBS,0+1(VV),14000
Telangana,"Govt Med Coll, Quthbullapur",MBBS,0+1(VV),14000
Telangana,"Govt Med Coll, Kumuram Bheem",MBBS,2,14000
Telangana,"Govt Med Coll, Kumuram Bheem",MBBS,1+1(VV),14000
Telangana,"Govt Med Coll, Kumuram Bheem",MBBS,0+1(VV),14000
Telangana,"Govt Med Coll, Rajanna Sircilla",MBBS,1,14000
Telangana,"Govt Med Coll, Rajanna Sircilla",MBBS,1,14000
Telangana,"Govt Med Coll, Rajanna Sircilla",MBBS,1,14000
Andhra Pradesh,Govt Med Coll Machilipatnam,MBBS,3,15000
Andhra Pradesh,Govt Med Coll Machilipatnam,MBBS,3,15000
Andhra Pradesh,Govt Med Coll Machilipatnam,MBBS,1+2(VV),15000
Telangana,Govt Med Coll Jangaon,MBBS,2,14000
Telangana,Govt Med Coll Jangaon,MBBS,2,14000
Telangana,Govt Med Coll Jangaon,MBBS,0+2(VV),14000
Kerala,"Govt Med Coll, Ernakulam",MBBS,1,23150
Kerala,"Govt Med Coll, Ernakulam",MBBS,0+1(VV),23150
Kerala,"Govt Med Coll, Ernakulam",MBBS,0+1(VV),23150
Andhra Pradesh,"Government Med Coll, Eluru",MBBS,2,15000
Andhra Pradesh,"Government Med Coll, Eluru",MBBS,2,15000
Andhra Pradesh,"Government Med Coll, Eluru",MBBS,0+2(VV),15000
Telangana,"Government Med Coll, Bhupalpally",MBBS,1,14000
Telangana,"Government Med Coll, Bhupalpally",MBBS,1,14000
Telangana,"Government Med Coll, Bhupalpally",MBBS,1,14000
Tamil Nadu,"Mohan Kumaramangalam, Salem",MBBS,1,18073
Tamil Nadu,"Mohan Kumaramangalam, Salem",MBBS,0+1(VV),18073
Tamil Nadu,"Mohan Kumaramangalam, Salem",MBBS,0+1(VV),18073
Tamil Nadu,Tirunelveli Med Coll,MBBS,3,18073
Tamil Nadu,Tirunelveli Med Coll,MBBS,3,18073
Tamil Nadu,Tirunelveli Med Coll,MBBS,2+1(VV),18073
Uttar Pradesh,"ESIC MedCollHosp,Noida",MBBS,9,24000
Uttar Pradesh,"ESIC MedCollHosp,Noida",MBBS,0+9(VV),24000
Tamil Nadu,"Govt Med Coll, Thiruvallur",MBBS,2,18073
Tamil Nadu,"Govt Med Coll, Thiruvallur",MBBS,2,18073
Tamil Nadu,"Govt Med Coll, Thiruvallur",MBBS,0+2(VV),18073
Tamil Nadu,"Govt Erode Med Coll,Perundurai",MBBS,1,18073
Tamil Nadu,"Govt Erode Med Coll,Perundurai",MBBS,1,18073
Tamil Nadu,"Govt Erode Med Coll,Perundurai",MBBS,0+1(VV),18073
Tamil Nadu,"Govt Med Coll, Virudhunagar",MBBS,2,18073
Tamil Nadu,"Govt Med Coll, Virudhunagar",MBBS,2,18073
Tamil Nadu,"Govt Med Coll, Virudhunagar",MBBS,0+2(VV),18073
Telangana,"Govt Med Coll, Maheshwaram",MBBS,1,14000
Telangana,"Govt Med Coll, Maheshwaram",MBBS,1,14000
Telangana,"Govt Med Coll, Maheshwaram",MBBS,1,14000
Telangana,"GovtMedColl,BhadradriKothagudem",MBBS,2,14000
Telangana,"GovtMedColl,BhadradriKothagudem",MBBS,2,14000
Telangana,"GovtMedColl,BhadradriKothagudem",MBBS,0+2(VV),14000
Andhra Pradesh,"Govt Med Coll, Rajamahendravaram",MBBS,1,15000
Andhra Pradesh,"Govt Med Coll, Rajamahendravaram",MBBS,1,15000
Andhra Pradesh,"Govt Med Coll, Rajamahendravaram",MBBS,0+1(VV),15000
Karnataka,Chikkamagaluru Inst of Med Sci,MBBS,3,64350
Karnataka,Chikkamagaluru Inst of Med Sci,MBBS,3,64350
Karnataka,Chikkamagaluru Inst of Med Sci,MBBS,1+2(VV),64350
Telangana,"Govt Med Coll, Medak",MBBS,1,14000
Telangana,"Govt Med Coll, Medak",MBBS,1,14000
Telangana,"Govt Med Coll, Medak",MBBS,0+1(VV),14000
Kerala,"Academy of Med Sci, Pariyaram",MBBS,2,23150
Kerala,"Academy of Med Sci, Pariyaram",MBBS,2,23150
Kerala,"Academy of Med Sci, Pariyaram",MBBS,0+2(VV),23150
Telangana,"Government Med Coll, Vikarabad",MBBS,1,14000
Telangana,"Government Med Coll, Vikarabad",MBBS,1,14000
Telangana,"Government Med Coll, Vikarabad",MBBS,1,14000
Uttar Pradesh,"IMS(BHU), Varanasi",MBBS,8,33739
Uttar Pradesh,"IMS(BHU), Varanasi",MBBS,1+6(VV),33739
Uttar Pradesh,"IMS(BHU), Varanasi",MBBS,0+6(VV),33739
Kerala,"Govt Dental Coll, Kottayam",BDS,1,20840
Kerala,"Govt Dental Coll, Kottayam",BDS,1,20840
Kerala,"Govt Dental Coll, Kottayam",BDS,1,20840
Kerala,"Govt Dental Coll, Kottayam",BDS,1,20840
Telangana,"Govt Med Coll, Yadadri",MBBS,1,14000
Telangana,"Govt Med Coll, Yadadri",MBBS,1,14000
Telangana,"Govt Med Coll, Yadadri",MBBS,0+1(VV),14000
Tamil Nadu,"Govt Med Coll, Krishnagiri",MBBS,3,18073
Tamil Nadu,"Govt Med Coll, Krishnagiri",MBBS,3,18073
Tamil Nadu,"Govt Med Coll, Krishnagiri",MBBS,0+2(VV),18073
Uttar Pradesh,"Faculty of Dental Sci, Lucknow",BDS,2,47600
Uttar Pradesh,"Faculty of Dental Sci, Lucknow",BDS,2,47600
Uttar Pradesh,"Faculty of Dental Sci, Lucknow",BDS,1+1(VV),47600
Karnataka,"Yadgiri Inst of Med Sci,Yadgiri",MBBS,2,64350
Karnataka,"Yadgiri Inst of Med Sci,Yadgiri",MBBS,1+1(VV),64350
Karnataka,"Yadgiri Inst of Med Sci,Yadgiri",MBBS,0+2(VV),64350
Karnataka,Chitradurga Medical College,MBBS,2,64350
Karnataka,Chitradurga Medical College,MBBS,2,64350
Karnataka,Chitradurga Medical College,MBBS,0+2(VV),64350
Andhra Pradesh,"Government Med Coll, Nandyal",MBBS,2,15000
Andhra Pradesh,"Government Med Coll, Nandyal",MBBS,1+1(VV),15000
Andhra Pradesh,"Government Med Coll, Nandyal",MBBS,1+1(VV),15000
Tamil Nadu,Govt Thiruvannamalai Med Coll,MBBS,1,18073
Tamil Nadu,Govt Thiruvannamalai Med Coll,MBBS,0+1(VV),18073
Tamil Nadu,Govt Thiruvannamalai Med Coll,MBBS,0+1(VV),18073
Rajasthan,"SMS, Jaipur",MBBS,2,96100
Rajasthan,"SMS, Jaipur",MBBS,0+1(VV),96100
Telangana,"Government Med Coll, Jagtial",MBBS,2,14000
Telangana,"Government Med Coll, Jagtial",MBBS,2,14000
Telangana,"Government Med Coll, Jagtial",MBBS,0+2(VV),14000
Andaman and Nicobar Islands,"Andaman & NicobarIMS,PortBlair",MBBS,2,59500
Andaman and Nicobar Islands,"Andaman & NicobarIMS,PortBlair",MBBS,2,59500
Andaman and Nicobar Islands,"Andaman & NicobarIMS,PortBlair",MBBS,2,59500
Andaman and Nicobar Islands,"Andaman & NicobarIMS,PortBlair",MBBS,1,59500
Telangana,Govt Med Coll Narsampet,MBBS,1,14000
Telangana,Govt Med Coll Narsampet,MBBS,1,14000
Telangana,Govt Med Coll Narsampet,MBBS,1,14000
Kerala,"Government Medical Coll, Konni",MBBS,1,23150
Kerala,"Government Medical Coll, Konni",MBBS,0+1(VV),23150
Kerala,"Government Medical Coll, Konni",MBBS,0+1(VV),23150
Kerala,"Govt Med Coll, Manjeri",MBBS,2,23150
Kerala,"Govt Med Coll, Manjeri",MBBS,2,23150
Kerala,"Govt Med Coll, Manjeri",MBBS,0+2(VV),23150
Kerala,"Govt Dental Coll, Kozhikode",BDS,3,20840
Kerala,"Govt Dental Coll, Kozhikode",BDS,3,20840
Kerala,"Govt Dental Coll, Kozhikode",BDS,1+2(VV),20840
Telangana,"Govt Med Coll, Mulugu",MBBS,1,14000
Telangana,"Govt Med Coll, Mulugu",MBBS,0+1(VV),14000
Telangana,"Govt Med Coll, Mulugu",MBBS,0+1(VV),14000
Kerala,"Govt Dental Coll, Kottayam",BDS,3,20840
Kerala,"Govt Dental Coll, Kottayam",BDS,3,20840
Kerala,"Govt Dental Coll, Kottayam",BDS,2+1(VV),20840
Kerala,"Govt Dental Coll, Kottayam",BDS,1,20840
Telangana,"Government Med Coll, Nirmal",MBBS,2,14000
Telangana,"Government Med Coll, Nirmal",MBBS,2,14000
Telangana,"Government Med Coll, Nirmal",MBBS,0+2(VV),14000
Kerala,"GMC, Wayanad",MBBS,1,23150
Kerala,"GMC, Wayanad",MBBS,0+1(VV),23150
Kerala,"Government Med Coll, Idukki",MBBS,1,23150
Kerala,"Government Med Coll, Idukki",MBBS,1,23150
Kerala,"Government Med Coll, Idukki",MBBS,0+1(VV),23150
Tamil Nadu,Govt Villupuram Med Coll,MBBS,2,18073
Tamil Nadu,Govt Villupuram Med Coll,MBBS,2,18073
Tamil Nadu,Govt Villupuram Med Coll,MBBS,0+2(VV),18073
Tamil Nadu,Govt Theni Med Coll,MBBS,2,18073
Tamil Nadu,Govt Theni Med Coll,MBBS,2,18073
Tamil Nadu,Govt Theni Med Coll,MBBS,0+2(VV),18073
Tamil Nadu,"Rajah Muthiah MC, Annamalai",MBBS,2,18073
Tamil Nadu,"Rajah Muthiah MC, Annamalai",MBBS,2,18073
Tamil Nadu,"Rajah Muthiah MC, Annamalai",MBBS,0+2(VV),18073
Tamil Nadu,"Govt Med Coll, Ariyalur",MBBS,3,18073
Tamil Nadu,"Govt Med Coll, Ariyalur",MBBS,3,18073
Tamil Nadu,"Govt Med Coll, Ariyalur",MBBS,1+2(VV),18073
Telangana,"GMC, Kodangal",MBBS,1,14000
Telangana,"GMC, Kodangal",MBBS,0+1(VV),14000
Manipur,"Govt Med Coll, Churachandpur",MBBS,2,6000
Manipur,"Govt Med Coll, Churachandpur",MBBS,1+1(VV),6000
Manipur,"Govt Med Coll, Churachandpur",MBBS,2,6000
Tamil Nadu,Govt Thiruvarur Med Coll,MBBS,2,18073
Tamil Nadu,Govt Thiruvarur Med Coll,MBBS,2,18073
Tamil Nadu,Govt Thiruvarur Med Coll,MBBS,0+2(VV),18073
Tamil Nadu,Govt Thoothukudi Med Coll,MBBS,2,18073
Tamil Nadu,Govt Thoothukudi Med Coll,MBBS,2,18073
Tamil Nadu,Govt Thoothukudi Med Coll,MBBS,0+2(VV),18073
Tamil Nadu,"Govt Med Coll, Pudukottai",MBBS,3,18073
Tamil Nadu,"Govt Med Coll, Pudukottai",MBBS,3,18073
Tamil Nadu,"Govt Med Coll, Pudukottai",MBBS,0+2(VV),18073
Tamil Nadu,"Govt Med Coll, Nagapattinam",MBBS,2,18073
Tamil Nadu,"Govt Med Coll, Nagapattinam",MBBS,0+2(VV),18073
Tamil Nadu,"Govt Med Coll, Nagapattinam",MBBS,0+2(VV),18073
Mizoram,"Zoram Med Coll, Mizoram",MBBS,1,49150
Mizoram,"Zoram Med Coll, Mizoram",MBBS,1,49150
Mizoram,"Zoram Med Coll, Mizoram",MBBS,1,49150
Nagaland,NIMSR Kohima,MBBS,1,60000
Nagaland,NIMSR Kohima,MBBS,1,60000
Nagaland,NIMSR Kohima,MBBS,1,60000
Tamil Nadu,Kanyakumari Med Coll,MBBS,3,18073
Tamil Nadu,Kanyakumari Med Coll,MBBS,2+1(VV),18073
Tamil Nadu,Kanyakumari Med Coll,MBBS,1+2(VV),18073
Tamil Nadu,"Govt Med Coll, Tiruppur",MBBS,2,18073
Tamil Nadu,"Govt Med Coll, Tiruppur",MBBS,1+1(VV),18073
Tamil Nadu,"Govt Med Coll, Tiruppur",MBBS,1+1(VV),18073
Tamil Nadu,Govt Sivagangai Med Coll,MBBS,1,18073
Tamil Nadu,Govt Sivagangai Med Coll,MBBS,1,18073
Tamil Nadu,Govt Sivagangai Med Coll,MBBS,0+1(VV),18073
Tamil Nadu,"Govt Med Coll, Ramanathapuram",MBBS,1,18073
Tamil Nadu,"Govt Med Coll, Ramanathapuram",MBBS,1,18073
Tamil Nadu,"Govt Med Coll, Ramanathapuram",MBBS,1,18073
Kerala,"Govt Dental Coll, Kozhikode",BDS,2,20840
Kerala,"Govt Dental Coll, Kozhikode",BDS,1+1(VV),20840
Kerala,"Govt Dental Coll, Kozhikode",BDS,0+2(VV),20840
Tamil Nadu,"Govt Med Coll, Karur",MBBS,2,18073
Tamil Nadu,"Govt Med Coll, Karur",MBBS,2,18073
Tamil Nadu,"Govt Med Coll, Karur",MBBS,0+2(VV),18073
Tamil Nadu,"Govt Med Coll, Dindigul",MBBS,2,18073
Tamil Nadu,"Govt Med Coll, Dindigul",MBBS,2,18073
Tamil Nadu,"Govt Med Coll, Dindigul",MBBS,0+2(VV),18073
Tamil Nadu,"Govt Med Coll, Nilgiris",MBBS,3,18073
Tamil Nadu,"Govt Med Coll, Nilgiris",MBBS,3,18073
Tamil Nadu,"Govt Med Coll, Nilgiris",MBBS,1+2(VV),18073
Tamil Nadu,"Govt Med Coll & ESI,Coimbatore",MBBS,9,24000
Tamil Nadu,"Govt Med Coll & ESI,Coimbatore",MBBS,5+2(VV),24000
Tamil Nadu,"Govt Med Coll & ESI,Coimbatore",MBBS,0+4(VV),24000
Tamil Nadu,"Govt Med Coll, Kallakurichi",MBBS,2,18073
Tamil Nadu,"Govt Med Coll, Kallakurichi",MBBS,1+1(VV),18073
Tamil Nadu,"Govt Med Coll, Kallakurichi",MBBS,0+2(VV),18073
Kerala,"Govt Dental Coll, Trivandrum",BDS,2,20840
Kerala,"Govt Dental Coll, Trivandrum",BDS,2,20840
Kerala,"Govt Dental Coll, Trivandrum",BDS,2,20840
Kerala,"Govt Dental Coll, Trivandrum",BDS,2,20840
Kerala,"Govt Dental Coll, Trivandrum",BDS,1,20840
Uttar Pradesh,"Faculty of Dental Sci, Lucknow",BDS,2,47600
Uttar Pradesh,"Faculty of Dental Sci, Lucknow",BDS,1+1(VV),47600
Uttar Pradesh,"Faculty of Dental Sci, Lucknow",BDS,1+1(VV),47600
Uttar Pradesh,"Faculty of Dental Sci, Lucknow",BDS,1,47600
Madhya Pradesh,"ESIC Med Coll, Indore",MBBS,7,24000
Himachal Pradesh,"AIIMS, Bilaspur, Himachal",MBBS,14,1350
Himachal Pradesh,"AIIMS, Bilaspur, Himachal",MBBS,2+4(VV),1350
Himachal Pradesh,"AIIMS, Bilaspur, Himachal",MBBS,1+4(VV),1350
Delhi,"Maulana Azad IDS, New Delhi",BDS,16,5395
Delhi,"Maulana Azad IDS, New Delhi",BDS,8+5(VV),5395
Delhi,"Maulana Azad IDS, New Delhi",BDS,1+11(VV),5395
Delhi,"Maulana Azad IDS, New Delhi",BDS,1,5395
Rajasthan,"RUHS Coll of Dental Sci,Jaipur",BDS,2,35077
Rajasthan,"RUHS Coll of Dental Sci,Jaipur",BDS,2,35077
Rajasthan,"RUHS Coll of Dental Sci,Jaipur",BDS,2,35077
Andhra Pradesh,"AIIMS, Mangalagiri",MBBS,10,1350
Andhra Pradesh,"AIIMS, Mangalagiri",MBBS,0+1(VV),1350
Andhra Pradesh,"AIIMS, Mangalagiri",MBBS,0+1(VV),1350
Tamil Nadu,"ESI PGIMSR, KK Nagar, Chennai",MBBS,11,24000
Tamil Nadu,"ESI PGIMSR, KK Nagar, Chennai",MBBS,2+5(VV),24000
Tamil Nadu,"ESI PGIMSR, KK Nagar, Chennai",MBBS,0+5(VV),24000
Uttar Pradesh,"GSVM Med Coll, Kanpur",MBBS,1,24000
Uttar Pradesh,"GSVM Med Coll, Kanpur",MBBS,1,24000
Delhi,"Maulana Azad IDS, New Delhi",BDS,9,5395
Delhi,"Maulana Azad IDS, New Delhi",BDS,2+5(VV),5395
Delhi,"Maulana Azad IDS, New Delhi",BDS,1+6(VV),5395
Himachal Pradesh,"LalBahShastri Govt Med, Mandi",MBBS,15,24000
Himachal Pradesh,"LalBahShastri Govt Med, Mandi",MBBS,4+7(VV),24000
Himachal Pradesh,"LalBahShastri Govt Med, Mandi",MBBS,1+10(VV),24000
Assam,"AIIMS, Guwahati",MBBS,14,1350
Assam,"AIIMS, Guwahati",MBBS,2+4(VV),1350
Assam,"AIIMS, Guwahati",MBBS,1+3(VV),1350
Uttar Pradesh,"AIIMS, Gorakhpur",MBBS,18,1350
Uttar Pradesh,"AIIMS, Gorakhpur",MBBS,5+9(VV),1350
Uttar Pradesh,"AIIMS, Gorakhpur",MBBS,2+5(VV),1350
Kerala,"Pariyaram Dental Coll, Kannur",BDS,3,20840
Kerala,"Pariyaram Dental Coll, Kannur",BDS,3,20840
Kerala,"Pariyaram Dental Coll, Kannur",BDS,3,20840
Kerala,"Pariyaram Dental Coll, Kannur",BDS,3,20840
Kerala,"Pariyaram Dental Coll, Kannur",BDS,1,20840
Himachal Pradesh,"LalBahShastri Govt Med, Mandi",MBBS,3,24000
Himachal Pradesh,"LalBahShastri Govt Med, Mandi",MBBS,0+2(VV),24000
Himachal Pradesh,"LalBahShastri Govt Med, Mandi",MBBS,0+2(VV),24000
Uttar Pradesh,"IMS-Faculty of Dental, BHU",BDS,24,33739
Uttar Pradesh,"IMS-Faculty of Dental, BHU",BDS,20+4(VV),33739
Uttar Pradesh,"IMS-Faculty of Dental, BHU",BDS,5+17(VV),33739
Uttar Pradesh,"IMS-Faculty of Dental, BHU",BDS,4,33739
Karnataka,"ESI, Bangalore",MBBS,27,24000
Karnataka,"ESI, Bangalore",MBBS,4+16(VV),24000
Karnataka,"ESI, Bangalore",MBBS,1+15(VV),24000
Rajasthan,"SMS, Jaipur",MBBS,5,96100
Rajasthan,"SMS, Jaipur",MBBS,1+3(VV),96100
Rajasthan,"SMS, Jaipur",MBBS,0+4(VV),96100
Bihar,"Patna Dental Coll, Patna",BDS,4,9500
Bihar,"Patna Dental Coll, Patna",BDS,2+2(VV),9500
Bihar,"Patna Dental Coll, Patna",BDS,1+2(VV),9500
Bihar,"Patna Dental Coll, Patna",BDS,1,9500
Uttarakhand,"AIIMS, Rishikesh",MBBS,9,1350
Uttarakhand,"AIIMS, Rishikesh",MBBS,0+4(VV),1350
Uttarakhand,"AIIMS, Rishikesh",MBBS,0+4(VV),1350
Andhra Pradesh,"Govt Dental Coll, Vijayawada",BDS,3,9000
Andhra Pradesh,"Govt Dental Coll, Vijayawada",BDS,3,9000
Andhra Pradesh,"Govt Dental Coll, Vijayawada",BDS,2+1(VV),9000
Andhra Pradesh,"Govt Dental Coll, Vijayawada",BDS,3,9000
Tamil Nadu,"Govt Med Coll & ESI,Coimbatore",MBBS,5,24000
Tamil Nadu,"Govt Med Coll & ESI,Coimbatore",MBBS,4,24000
Tamil Nadu,"Govt Med Coll & ESI,Coimbatore",MBBS,0+1(VV),24000
Kerala,"Govt Med Coll, Kollam",MBBS,9,24000
Kerala,"Govt Med Coll, Kollam",MBBS,1+3(VV),24000
Kerala,"Govt Med Coll, Kollam",MBBS,0+4(VV),24000
Pondicherry,"JIPMER, Puducherry",MBBS,3,1200
Telangana,"Gandhi Med Coll, Secunderabad",MBBS,4,14000
Telangana,"Gandhi Med Coll, Secunderabad",MBBS,1+3(VV),14000
Telangana,"Gandhi Med Coll, Secunderabad",MBBS,0+3(VV),14000
Madhya Pradesh,"ESIC Med Coll, Indore",MBBS,5,24000
Delhi,"Lady Hardinge, Delhi",MBBS,3,1665
Delhi,"Lady Hardinge, Delhi",MBBS,1,1665
Karnataka,"Govt Dental Coll, Bangalore",BDS,1,49350
Karnataka,"Govt Dental Coll, Bangalore",BDS,0+1(VV),49350
Karnataka,"Govt Dental Coll, Bangalore",BDS,0+1(VV),49350
Bihar,"Patna Dental Coll, Patna",BDS,1,9500
Bihar,"Patna Dental Coll, Patna",BDS,0+1(VV),9500
Bihar,"Patna Dental Coll, Patna",BDS,0+1(VV),9500
Maharashtra,"Grant Med Coll, Mumbai",MBBS,4,158600
Maharashtra,"Grant Med Coll, Mumbai",MBBS,3+1(VV),158600
Maharashtra,"Grant Med Coll, Mumbai",MBBS,1+2(VV),158600
Himachal Pradesh,"LalBahShastri Govt Med, Mandi",MBBS,8,24000
Himachal Pradesh,"LalBahShastri Govt Med, Mandi",MBBS,0+6(VV),24000
Himachal Pradesh,"LalBahShastri Govt Med, Mandi",MBBS,0+6(VV),24000
Haryana,"Govt Dental Coll, Rohtak",BDS,7,37500
Haryana,"Govt Dental Coll, Rohtak",BDS,5+2(VV),37500
Haryana,"Govt Dental Coll, Rohtak",BDS,2+4(VV),37500
Haryana,"Govt Dental Coll, Rohtak",BDS,3,37500
Haryana,"Govt Dental Coll, Rohtak",BDS,1,37500
Tripura,"Government Dental Coll, Agartala",BDS,5,42000
Tripura,"Government Dental Coll, Agartala",BDS,5,42000
Tripura,"Government Dental Coll, Agartala",BDS,5,42000
Tripura,"Government Dental Coll, Agartala",BDS,5,42000
Tripura,"Government Dental Coll, Agartala",BDS,5,42000
Tripura,"Government Dental Coll, Agartala",BDS,1,42000
Uttar Pradesh,"AIIMS, Rai Bareli",MBBS,14,1350
Uttar Pradesh,"AIIMS, Rai Bareli",MBBS,9+4(VV),1350
Uttar Pradesh,"AIIMS, Rai Bareli",MBBS,3+3(VV),1350
Uttar Pradesh,"IMS-Faculty of Dental, BHU",BDS,16,33739
Uttar Pradesh,"IMS-Faculty of Dental, BHU",BDS,9+7(VV),33739
Uttar Pradesh,"IMS-Faculty of Dental, BHU",BDS,1+11(VV),33739
Karnataka,"Govt Dental Coll, Bangalore",BDS,2,49350
Karnataka,"Govt Dental Coll, Bangalore",BDS,2,49350
Karnataka,"Govt Dental Coll, Bangalore",BDS,2,49350
Karnataka,"Govt Dental Coll, Bangalore",BDS,1,49350
Delhi,"ESIC Dental Coll, New Delhi",BDS,1,100000
Delhi,"ESIC Dental Coll, New Delhi",BDS,1,100000
Delhi,"ESIC Dental Coll, New Delhi",BDS,0+1(VV),100000
Gujarat,"AIIMS, Rajkot",MBBS,11,1350
Gujarat,"AIIMS, Rajkot",MBBS,4+4(VV),1350
Gujarat,"AIIMS, Rajkot",MBBS,1+4(VV),1350
Karnataka,"Mysore Med Coll, Mysore",MBBS,2,64350
Karnataka,"Mysore Med Coll, Mysore",MBBS,1,64350
Andhra Pradesh,"Govt Dental Coll, Vijayawada",BDS,1,9000
Andhra Pradesh,"Govt Dental Coll, Vijayawada",BDS,1,9000
Andhra Pradesh,"Govt Dental Coll, Vijayawada",BDS,1,9000
Andhra Pradesh,"Govt Dental Coll, Vijayawada",BDS,1,9000
Tamil Nadu,"ESI PGIMSR, KK Nagar, Chennai",MBBS,7,24000
Tamil Nadu,"ESI PGIMSR, KK Nagar, Chennai",MBBS,1+4(VV),24000
Tamil Nadu,"ESI PGIMSR, KK Nagar, Chennai",MBBS,0+2(VV),24000
Delhi,"ESIC Dental Coll, New Delhi",BDS,2,100000
Delhi,"ESIC Dental Coll, New Delhi",BDS,2,100000
Delhi,"ESIC Dental Coll, New Delhi",BDS,2,100000
Delhi,"ESIC Dental Coll, New Delhi",BDS,1,100000
Delhi,"ESIC Dental Coll, New Delhi",BDS,1,100000
Maharashtra,"Nair Hosp Dental Coll, Mumbai",BDS,4,118900
Maharashtra,"Nair Hosp Dental Coll, Mumbai",BDS,3,118900
Maharashtra,"Nair Hosp Dental Coll, Mumbai",BDS,3,118900
Maharashtra,"Nair Hosp Dental Coll, Mumbai",BDS,1,118900
Kerala,"Govt Dental Coll, Trivandrum",BDS,2,20840
Kerala,"Govt Dental Coll, Trivandrum",BDS,1+1(VV),20840
Kerala,"Govt Dental Coll, Trivandrum",BDS,1+1(VV),20840
Kerala,"Govt Dental Coll, Trivandrum",BDS,1,20840
Telangana,"ESIC Med Coll,Sanath Nagar",MBBS,17,24000
Telangana,"ESIC Med Coll,Sanath Nagar",MBBS,3+10(VV),24000
Telangana,"ESIC Med Coll,Sanath Nagar",MBBS,3,24000
Telangana,"ESIC Med Coll,Sanath Nagar",MBBS,0+13(VV),24000
Uttar Pradesh,"IMS-Faculty of Dental, BHU",BDS,6,33739
Uttar Pradesh,"IMS-Faculty of Dental, BHU",BDS,3+2(VV),33739
Uttar Pradesh,"IMS-Faculty of Dental, BHU",BDS,1+3(VV),33739
Telangana,"ESIC Med Coll,Sanath Nagar",MBBS,4,24000
Telangana,"ESIC Med Coll,Sanath Nagar",MBBS,0+4(VV),24000
Telangana,"ESIC Med Coll,Sanath Nagar",MBBS,1,24000
Telangana,"ESIC Med Coll,Sanath Nagar",MBBS,0+5(VV),24000
Delhi,"Faculty of Dent,Jamial Millia",BDS,18,41775
Delhi,"Faculty of Dent,Jamial Millia",BDS,16+2(VV),41775
Delhi,"Faculty of Dent,Jamial Millia",BDS,4+12(VV),41775
Delhi,"Faculty of Dent,Jamial Millia",BDS,3,41775
Delhi,"Faculty of Dent,Jamial Millia",BDS,2,41775
Gujarat,"ESIC Med Coll, Naroda",MBBS,10,24000
Tamil Nadu,"Govt Dental Coll, Chennai",BDS,7,16073
Tamil Nadu,"Govt Dental Coll, Chennai",BDS,6,16073
Tamil Nadu,"Govt Dental Coll, Chennai",BDS,6,16073
Tamil Nadu,"Govt Dental Coll, Chennai",BDS,6,16073
Tamil Nadu,"Govt Dental Coll, Chennai",BDS,1,16073
West Bengal,"Burdwan Dental Coll, Burdwan",BDS,7,7800
West Bengal,"Burdwan Dental Coll, Burdwan",BDS,7,7800
West Bengal,"Burdwan Dental Coll, Burdwan",BDS,7,7800
West Bengal,"Burdwan Dental Coll, Burdwan",BDS,6,7800
West Bengal,"Burdwan Dental Coll, Burdwan",BDS,2,7800
Karnataka,"ESIC Dental Coll, Gulbarga",BDS,5,100000
Karnataka,"ESIC Dental Coll, Gulbarga",BDS,5,100000
Karnataka,"ESIC Dental Coll, Gulbarga",BDS,5,100000
Karnataka,"ESIC Dental Coll, Gulbarga",BDS,5,100000
Karnataka,"ESIC Dental Coll, Gulbarga",BDS,1,100000
Kerala,"Govt Dental Coll, Kozhikode",BDS,1,20840
Kerala,"Govt Dental Coll, Kozhikode",BDS,1,20840
Kerala,"Govt Dental Coll, Kozhikode",BDS,1,20840
Kerala,"Govt Dental Coll, Kozhikode",BDS,1,20840
Rajasthan,"RUHS Coll of Dental Sci,Jaipur",BDS,1,35077
Rajasthan,"RUHS Coll of Dental Sci,Jaipur",BDS,1,35077
Rajasthan,"RUHS Coll of Dental Sci,Jaipur",BDS,0+1(VV),35077
Himachal Pradesh,"Govt Dental Coll, Shimla",BDS,3,37000
Himachal Pradesh,"Govt Dental Coll, Shimla",BDS,3,37000
Himachal Pradesh,"Govt Dental Coll, Shimla",BDS,1+1(VV),37000
Himachal Pradesh,"Govt Dental Coll, Shimla",BDS,1,37000
Himachal Pradesh,"Govt Dental Coll, Shimla",BDS,1,37000
Haryana,"Govt Dental Coll, Rohtak",BDS,1,37500
Haryana,"Govt Dental Coll, Rohtak",BDS,1,37500
Haryana,"Govt Dental Coll, Rohtak",BDS,0+1(VV),37500
Maharashtra,"Govt Dental Coll, Nagpur",BDS,3,118900
Maharashtra,"Govt Dental Coll, Nagpur",BDS,3,118900
Maharashtra,"Govt Dental Coll, Nagpur",BDS,3,118900
Maharashtra,"Govt Dental Coll, Nagpur",BDS,1,118900
Jharkhand,"AIIMS, Deoghar",MBBS,18,1350
Jharkhand,"AIIMS, Deoghar",MBBS,5+5(VV),1350
Jharkhand,"AIIMS, Deoghar",MBBS,1+7(VV),1350
Delhi,"Maulana Azad IDS, New Delhi",BDS,4,5395
Delhi,"Maulana Azad IDS, New Delhi",BDS,1+3(VV),5395
Delhi,"Maulana Azad IDS, New Delhi",BDS,0+4(VV),5395
Karnataka,"ESI, Bangalore",MBBS,17,24000
Karnataka,"ESI, Bangalore",MBBS,0+15(VV),24000
Karnataka,"ESI, Bangalore",MBBS,0+13(VV),24000
Uttar Pradesh,"Dr ZA Dental Coll, AMU,Aligarh",BDS,16,53000
Uttar Pradesh,"Dr ZA Dental Coll, AMU,Aligarh",BDS,10+6(VV),53000
Uttar Pradesh,"Dr ZA Dental Coll, AMU,Aligarh",BDS,11+5(VV),53000
Uttar Pradesh,"Dr ZA Dental Coll, AMU,Aligarh",BDS,6,53000
Rajasthan,"GDC, Jodhpur",BDS,4,35077
Rajasthan,"GDC, Jodhpur",BDS,4,35077
Rajasthan,"GDC, Jodhpur",BDS,2,35077
Maharashtra,"Nair Hosp Dental Coll, Mumbai",BDS,1,118900
Maharashtra,"Nair Hosp Dental Coll, Mumbai",BDS,1,118900
Maharashtra,"Nair Hosp Dental Coll, Mumbai",BDS,0+1(VV),118900
Punjab,"ESIC MedCollHosp,Ludhiana",MBBS,9,24000
Tripura,"Government Dental Coll, Agartala",BDS,2,42000
Tripura,"Government Dental Coll, Agartala",BDS,2,42000
Tripura,"Government Dental Coll, Agartala",BDS,2,42000
Tripura,"Government Dental Coll, Agartala",BDS,2,42000
Tripura,"Government Dental Coll, Agartala",BDS,2,42000
Kerala,"Govt Dental Coll, Thrissur",BDS,2,20840
Kerala,"Govt Dental Coll, Thrissur",BDS,2,20840
Kerala,"Govt Dental Coll, Thrissur",BDS,2,20840
Kerala,"Govt Dental Coll, Thrissur",BDS,1,20840
Bihar,Government Dental Coll Paithna,BDS,5,9500
Bihar,Government Dental Coll Paithna,BDS,4,9500
Bihar,Government Dental Coll Paithna,BDS,2,9500
Bihar,Government Dental Coll Paithna,BDS,1,9500
Maharashtra,"Nair Hosp Dental Coll, Mumbai",BDS,2,118900
Maharashtra,"Nair Hosp Dental Coll, Mumbai",BDS,2,118900
Maharashtra,"Nair Hosp Dental Coll, Mumbai",BDS,1+1(VV),118900
Maharashtra,"Nair Hosp Dental Coll, Mumbai",BDS,1,118900
Rajasthan,"GDC, Jodhpur",BDS,2,35077
Rajasthan,"GDC, Jodhpur",BDS,0+1(VV),35077
Gujarat,"Govt Dental Coll, Ahmedabad",BDS,7,20000
Gujarat,"Govt Dental Coll, Ahmedabad",BDS,5+2(VV),20000
Gujarat,"Govt Dental Coll, Ahmedabad",BDS,0+5(VV),20000
West Bengal,"Dr R Ahmed Dental Coll,Kolkata",BDS,8,7800
West Bengal,"Dr R Ahmed Dental Coll,Kolkata",BDS,8,7800
West Bengal,"Dr R Ahmed Dental Coll,Kolkata",BDS,3+1(VV),7800
West Bengal,"Dr R Ahmed Dental Coll,Kolkata",BDS,2,7800
Punjab,"Govt Dental Coll, Patiala",BDS,3,80000
Punjab,"Govt Dental Coll, Patiala",BDS,3,80000
Punjab,"Govt Dental Coll, Patiala",BDS,3,80000
Punjab,"Govt Dental Coll, Patiala",BDS,2,80000
Haryana,"Govt Dental Coll, Rohtak",BDS,4,37500
Haryana,"Govt Dental Coll, Rohtak",BDS,4,37500
Haryana,"Govt Dental Coll, Rohtak",BDS,1+1(VV),37500
Haryana,"Govt Dental Coll, Rohtak",BDS,1,37500
Haryana,"Govt Dental Coll, Rohtak",BDS,1,37500
Haryana,"Govt Dental Coll, Rohtak",BDS,1,37500
Maharashtra,"Govt Dental Coll, Mumbai",BDS,8,118900
Maharashtra,"Govt Dental Coll, Mumbai",BDS,7,118900
Maharashtra,"Govt Dental Coll, Mumbai",BDS,4+3(VV),118900
Maharashtra,"Govt Dental Coll, Mumbai",BDS,2,118900
Himachal Pradesh,"RPG, Tanda",MBBS,2,50000
Madhya Pradesh,"Govt Coll of Dentistry, Indore",BDS,4,100000
Madhya Pradesh,"Govt Coll of Dentistry, Indore",BDS,4,100000
Madhya Pradesh,"Govt Coll of Dentistry, Indore",BDS,3+1(VV),100000
Madhya Pradesh,"Govt Coll of Dentistry, Indore",BDS,1,100000
Punjab,"Govt Dental Coll, Amritsar",BDS,3,80000
Punjab,"Govt Dental Coll, Amritsar",BDS,3,80000
Punjab,"Govt Dental Coll, Amritsar",BDS,2+1(VV),80000
Punjab,"Govt Dental Coll, Amritsar",BDS,1,80000
Uttar Pradesh,"ESIC, Varanasi",MBBS,9,24000
West Bengal,"Dr R Ahmed Dental Coll,Kolkata",BDS,1,7800
West Bengal,"Dr R Ahmed Dental Coll,Kolkata",BDS,1,7800
West Bengal,"Dr R Ahmed Dental Coll,Kolkata",BDS,0+1(VV),7800
West Bengal,"Burdwan Dental Coll, Burdwan",BDS,1,7800
West Bengal,"Burdwan Dental Coll, Burdwan",BDS,1,7800
West Bengal,"Burdwan Dental Coll, Burdwan",BDS,1,7800
West Bengal,"Burdwan Dental Coll, Burdwan",BDS,1,7800
Haryana,"Pt BD Sharma, Rohtak",MBBS,6,61410
Haryana,"Pt BD Sharma, Rohtak",MBBS,1+1(VV),61410
Haryana,"Pt BD Sharma, Rohtak",MBBS,0+1(VV),61410
West Bengal,"North Bengal Dental,Darjeeling",BDS,3,7800
West Bengal,"North Bengal Dental,Darjeeling",BDS,3,7800
West Bengal,"North Bengal Dental,Darjeeling",BDS,3,7800
West Bengal,"North Bengal Dental,Darjeeling",BDS,2,7800
Kerala,"Govt Dental Coll, Thrissur",BDS,3,20840
Kerala,"Govt Dental Coll, Thrissur",BDS,3,20840
Kerala,"Govt Dental Coll, Thrissur",BDS,1+1(VV),20840
Odisha,"SCB Dental Coll, Cuttack",BDS,4,22000
Odisha,"SCB Dental Coll, Cuttack",BDS,4,22000
Odisha,"SCB Dental Coll, Cuttack",BDS,1+2(VV),22000
Odisha,"SCB Dental Coll, Cuttack",BDS,1,22000
Odisha,"SCB Dental Coll, Cuttack",BDS,1,22000
Jharkhand,"Dental Institute, RIMS, Ranchi",BDS,3,10050
Jharkhand,"Dental Institute, RIMS, Ranchi",BDS,3,10050
Jharkhand,"Dental Institute, RIMS, Ranchi",BDS,2+1(VV),10050
Maharashtra,"Govt Dental Coll, Aurangabad",BDS,3,118900
Maharashtra,"Govt Dental Coll, Aurangabad",BDS,3,118900
Maharashtra,"Govt Dental Coll, Aurangabad",BDS,1+2(VV),118900
Maharashtra,"Govt Dental Coll, Aurangabad",BDS,1,118900
Gujarat,"Govt Dental Coll, Ahmedabad",BDS,2,20000
Gujarat,"Govt Dental Coll, Ahmedabad",BDS,1+1(VV),20000
Gujarat,"Govt Dental Coll, Ahmedabad",BDS,0+2(VV),20000
Kerala,"Pariyaram Dental Coll, Kannur",BDS,2,20840
Kerala,"Pariyaram Dental Coll, Kannur",BDS,2,20840
Kerala,"Pariyaram Dental Coll, Kannur",BDS,0+2(VV),20840
Odisha,"SCB, Cuttack",MBBS,6,22000
Odisha,"SCB, Cuttack",MBBS,1+3(VV),22000
Odisha,"SCB, Cuttack",MBBS,0+2(VV),22000
Telangana,"Osmania Med Coll, Hyderabad",MBBS,5,14000
Telangana,"Osmania Med Coll, Hyderabad",MBBS,0+4(VV),14000
Telangana,"Osmania Med Coll, Hyderabad",MBBS,0+2(VV),14000
Karnataka,"Bangalore Med Coll, Bangalore",MBBS,3,64350
Karnataka,"Bangalore Med Coll, Bangalore",MBBS,0+1(VV),64350
Karnataka,"Bangalore Med Coll, Bangalore",MBBS,0+1(VV),64350
Tamil Nadu,"Govt Med Coll & ESI,Coimbatore",MBBS,1,24000
Tamil Nadu,"Govt Med Coll & ESI,Coimbatore",MBBS,0+1(VV),24000
Tamil Nadu,"Govt Med Coll & ESI,Coimbatore",MBBS,0+1(VV),24000
Punjab,"Govt Dental Coll, Amritsar",BDS,1,80000
Punjab,"Govt Dental Coll, Amritsar",BDS,0+1(VV),80000
Punjab,"Govt Dental Coll, Amritsar",BDS,0+1(VV),80000
Gujarat,"Govt Dental Coll, Jamnagar",BDS,6,20000
Gujarat,"Govt Dental Coll, Jamnagar",BDS,6,20000
Gujarat,"Govt Dental Coll, Jamnagar",BDS,4+2(VV),20000
Gujarat,"Govt Dental Coll, Jamnagar",BDS,1,20000
Gujarat,"Govt Dental Coll, Jamnagar",BDS,1,20000
Chhattisgarh,"Govt Dental Coll, Raipur",BDS,2,20500
Chhattisgarh,"Govt Dental Coll, Raipur",BDS,0+2(VV),20500
Chhattisgarh,"Govt Dental Coll, Raipur",BDS,0+2(VV),20500
Manipur,"Dental College, RIMS, Imphal",BDS,3,3000
Manipur,"Dental College, RIMS, Imphal",BDS,3,3000
Manipur,"Dental College, RIMS, Imphal",BDS,3,3000
Manipur,"Dental College, RIMS, Imphal",BDS,3,3000
Manipur,"Dental College, RIMS, Imphal",BDS,2,3000
Telangana,"ESIC Med Coll,Sanath Nagar",MBBS,11,24000
Telangana,"ESIC Med Coll,Sanath Nagar",MBBS,1+6(VV),24000
Telangana,"ESIC Med Coll,Sanath Nagar",MBBS,2,24000
Telangana,"ESIC Med Coll,Sanath Nagar",MBBS,0+9(VV),24000
Kerala,"Govt Dental Coll, Alappuzha",BDS,4,20840
Kerala,"Govt Dental Coll, Alappuzha",BDS,4,20840
Kerala,"Govt Dental Coll, Alappuzha",BDS,3,20840
Kerala,"Govt Dental Coll, Alappuzha",BDS,1,20840
Gujarat,"Govt Dental Coll, Ahmedabad",BDS,5,20000
Gujarat,"Govt Dental Coll, Ahmedabad",BDS,2+3(VV),20000
Gujarat,"Govt Dental Coll, Ahmedabad",BDS,0+4(VV),20000
Himachal Pradesh,"AIIMS, Bilaspur, Himachal",MBBS,8,1350
Himachal Pradesh,"AIIMS, Bilaspur, Himachal",MBBS,3+1(VV),1350
Himachal Pradesh,"AIIMS, Bilaspur, Himachal",MBBS,0+1(VV),1350
Maharashtra,"Govt Dental Coll, Mumbai",BDS,1,118900
Maharashtra,"Govt Dental Coll, Mumbai",BDS,1,118900
Maharashtra,"Govt Dental Coll, Mumbai",BDS,0+1(VV),118900
West Bengal,"Dr R Ahmed Dental Coll,Kolkata",BDS,5,7800
West Bengal,"Dr R Ahmed Dental Coll,Kolkata",BDS,3+2(VV),7800
West Bengal,"Dr R Ahmed Dental Coll,Kolkata",BDS,2+3(VV),7800
West Bengal,"Dr R Ahmed Dental Coll,Kolkata",BDS,1,7800
Jharkhand,"Dental Institute, RIMS, Ranchi",BDS,1,10050
Jharkhand,"Dental Institute, RIMS, Ranchi",BDS,1,10050
Odisha,"SCB Dental Coll, Cuttack",BDS,2,22000
Odisha,"SCB Dental Coll, Cuttack",BDS,2,22000
Odisha,"SCB Dental Coll, Cuttack",BDS,0+2(VV),22000
Odisha,"SCB Dental Coll, Cuttack",BDS,1,22000
Odisha,"SCB Dental Coll, Cuttack",BDS,1,22000
Odisha,"SCB Dental Coll, Cuttack",BDS,0+1(VV),22000
Pondicherry,"JIPMER, Puducherry",MBBS,12,1200
Pondicherry,"JIPMER, Puducherry",MBBS,0+1(VV),1200
Pondicherry,"JIPMER, Puducherry",MBBS,0+1(VV),1200
Haryana,"ESI Med Coll, Faridabad",MBBS,3,100000
Haryana,"ESI Med Coll, Faridabad",MBBS,1+2(VV),100000
Haryana,"ESI Med Coll, Faridabad",MBBS,0+2(VV),100000
Kerala,"Govt Dental Coll, Alappuzha",BDS,2,20840
Kerala,"Govt Dental Coll, Alappuzha",BDS,2,20840
Kerala,"Govt Dental Coll, Alappuzha",BDS,1+1(VV),20840
Tamil Nadu,"Govt Dental Coll, Pudukkottai",BDS,5,16073
Tamil Nadu,"Govt Dental Coll, Pudukkottai",BDS,5,16073
Tamil Nadu,"Govt Dental Coll, Pudukkottai",BDS,5,16073
Tamil Nadu,"Govt Dental Coll, Pudukkottai",BDS,5,16073
Tamil Nadu,"Govt Dental Coll, Pudukkottai",BDS,1,16073
Tamil Nadu,"Govt Dental Coll, Pudukkottai",BDS,1,16073
Jammu and Kashmir,"Indira Gandhi Govt Dental,Jammu",BDS,4,26250
Jammu and Kashmir,"Indira Gandhi Govt Dental,Jammu",BDS,4,26250
Jammu and Kashmir,"Indira Gandhi Govt Dental,Jammu",BDS,1+3(VV),26250
Jammu and Kashmir,"Indira Gandhi Govt Dental,Jammu",BDS,1,26250
Jammu and Kashmir,"Indira Gandhi Govt Dental,Jammu",BDS,1,26250
Jammu and Kashmir,"Govt Med Coll, Srinagar",MBBS,2,26250
Delhi,"Faculty of Dent,Jamial Millia",BDS,5,41775
Delhi,"Faculty of Dent,Jamial Millia",BDS,4+1(VV),41775
Delhi,"Faculty of Dent,Jamial Millia",BDS,0+3(VV),41775
Delhi,"ESIC Dental Coll, New Delhi",BDS,3,100000
Delhi,"ESIC Dental Coll, New Delhi",BDS,2+1(VV),100000
Delhi,"ESIC Dental Coll, New Delhi",BDS,2+1(VV),100000
Delhi,"ESIC Dental Coll, New Delhi",BDS,1,100000
Karnataka,"ESIC Dental Coll, Gulbarga",BDS,2,100000
Karnataka,"ESIC Dental Coll, Gulbarga",BDS,2,100000
Karnataka,"ESIC Dental Coll, Gulbarga",BDS,2,100000
Karnataka,"ESIC Dental Coll, Gulbarga",BDS,2,100000
Maharashtra,"Govt Dental Coll, Nagpur",BDS,3,118900
Maharashtra,"Govt Dental Coll, Nagpur",BDS,3,118900
Maharashtra,"Govt Dental Coll, Nagpur",BDS,2+1(VV),118900
Maharashtra,"Govt Dental Coll, Nagpur",BDS,1,118900
Maharashtra,"Govt Dental Coll, Nagpur",BDS,1,118900
Maharashtra,"Govt Dental Coll, Nagpur",BDS,1,118900
Madhya Pradesh,"Govt Coll of Dentistry, Indore",BDS,2,100000
Madhya Pradesh,"Govt Coll of Dentistry, Indore",BDS,2,100000
Madhya Pradesh,"Govt Coll of Dentistry, Indore",BDS,2,100000
Punjab,"AIIMS, Bathinda",MBBS,7,1350
Punjab,"AIIMS, Bathinda",MBBS,2+4(VV),1350
Punjab,"AIIMS, Bathinda",MBBS,0+4(VV),1350
Gujarat,"ESIC Med Coll, Naroda",MBBS,6,24000
Uttar Pradesh,"ESIC, Varanasi",MBBS,2,24000
Bihar,Government Dental Coll Paithna,BDS,5,9500
Bihar,Government Dental Coll Paithna,BDS,5,9500
Bihar,Government Dental Coll Paithna,BDS,2+3(VV),9500
Karnataka,"ESIC Dental Coll, Gulbarga",BDS,1,100000
Karnataka,"ESIC Dental Coll, Gulbarga",BDS,1,100000
Karnataka,"ESIC Dental Coll, Gulbarga",BDS,1,100000
Gujarat,"ESIC Med Coll, Naroda",MBBS,2,24000
Karnataka,"Bangalore Med Coll, Bangalore",MBBS,5,64350
Karnataka,"Bangalore Med Coll, Bangalore",MBBS,4,64350
Karnataka,"Bangalore Med Coll, Bangalore",MBBS,1+1(VV),64350
Tamil Nadu,"Rajah Muthiah DC, Annamalai",BDS,4,16073
Tamil Nadu,"Rajah Muthiah DC, Annamalai",BDS,4,16073
Tamil Nadu,"Rajah Muthiah DC, Annamalai",BDS,4,16073
Tamil Nadu,"Rajah Muthiah DC, Annamalai",BDS,2,16073
Tamil Nadu,"Rajah Muthiah DC, Annamalai",BDS,1,16073
Tamil Nadu,"Rajah Muthiah DC, Annamalai",BDS,1,16073
Punjab,"ESIC MedCollHosp,Ludhiana",MBBS,3,24000
Delhi,"MAMC, Delhi",MBBS,1,2095
Delhi,"Faculty of Dent,Jamial Millia",BDS,15,41775
Delhi,"Faculty of Dent,Jamial Millia",BDS,7+8(VV),41775
Delhi,"Faculty of Dent,Jamial Millia",BDS,2+10(VV),41775
Jharkhand,"Dental Institute, RIMS, Ranchi",BDS,3,10050
Jharkhand,"Dental Institute, RIMS, Ranchi",BDS,3,10050
Jharkhand,"Dental Institute, RIMS, Ranchi",BDS,2,10050
Jharkhand,"Dental Institute, RIMS, Ranchi",BDS,1,10050
Jharkhand,"Dental Institute, RIMS, Ranchi",BDS,1,10050
Jharkhand,"Dental Institute, RIMS, Ranchi",BDS,1,10050
Jammu and Kashmir,"AIIMS, Jammu",MBBS,6,1350
Jammu and Kashmir,"AIIMS, Jammu",MBBS,0+2(VV),1350
Jammu and Kashmir,"AIIMS, Jammu",MBBS,0+2(VV),1350
Assam,"Regional Dental Coll, Guwahati",BDS,3,5000
Assam,"Regional Dental Coll, Guwahati",BDS,3,5000
Assam,"Regional Dental Coll, Guwahati",BDS,2+1(VV),5000
Assam,"Regional Dental Coll, Guwahati",BDS,2,5000
Bihar,"ESIC Med Coll, Patna",MBBS,14,24000
Bihar,"ESIC Med Coll, Patna",MBBS,0+12(VV),24000
Himachal Pradesh,"Govt Dental Coll, Shimla",BDS,3,37000
Himachal Pradesh,"Govt Dental Coll, Shimla",BDS,2+1(VV),37000
Himachal Pradesh,"Govt Dental Coll, Shimla",BDS,2+1(VV),37000
Himachal Pradesh,"Govt Dental Coll, Shimla",BDS,1,37000
Maharashtra,"Govt Dental Coll, Mumbai",BDS,5,118900
Maharashtra,"Govt Dental Coll, Mumbai",BDS,4+1(VV),118900
Maharashtra,"Govt Dental Coll, Mumbai",BDS,3+2(VV),118900
Maharashtra,"Govt Dental Coll, Mumbai",BDS,1,118900
Maharashtra,"ESI, Andheri, Mumbai",MBBS,10,24000
Chhattisgarh,"Govt Dental Coll, Raipur",BDS,5,20500
Chhattisgarh,"Govt Dental Coll, Raipur",BDS,5,20500
Chhattisgarh,"Govt Dental Coll, Raipur",BDS,2+3(VV),20500
Karnataka,"Kasturba Med Coll, Manipal",MBBS,212,1770000
Karnataka,"Kasturba Med Coll, Manipal",MBBS,54+52(VV),1770000
Karnataka,"Kasturba Med Coll, Manipal",MBBS,4+60(VV),1770000
Telangana,"Govt Dental Coll, Hyderabad",BDS,5,14000
Telangana,"Govt Dental Coll, Hyderabad",BDS,5,14000
Telangana,"Govt Dental Coll, Hyderabad",BDS,2+3(VV),14000
Telangana,"Govt Dental Coll, Hyderabad",BDS,1,14000
Tamil Nadu,"Govt Dental Coll, Pudukkottai",BDS,1,16073
Tamil Nadu,"Govt Dental Coll, Pudukkottai",BDS,1,16073
Tamil Nadu,"Govt Dental Coll, Pudukkottai",BDS,1,16073
Tamil Nadu,"Govt Dental Coll, Pudukkottai",BDS,1,16073
Andhra Pradesh,"Guntur Med Coll, Guntur",MBBS,6,15000
Andhra Pradesh,"Guntur Med Coll, Guntur",MBBS,2+1(VV),15000
Andhra Pradesh,"Guntur Med Coll, Guntur",MBBS,0+1(VV),15000
Maharashtra,"Govt. Dental Coll, Jalgaon",BDS,3,118900
Maharashtra,"Govt. Dental Coll, Jalgaon",BDS,3,118900
Maharashtra,"Govt. Dental Coll, Jalgaon",BDS,3,118900
Maharashtra,"Govt. Dental Coll, Jalgaon",BDS,2,118900
Maharashtra,"Govt. Dental Coll, Jalgaon",BDS,1,118900
Goa,"Govt Dental Coll, Goa",BDS,5,152450
Goa,"Govt Dental Coll, Goa",BDS,5,152450
Goa,"Govt Dental Coll, Goa",BDS,5,152450
Goa,"Govt Dental Coll, Goa",BDS,4,152450
Goa,"Govt Dental Coll, Goa",BDS,1,152450
Goa,"Govt Dental Coll, Goa",BDS,1,152450
Bihar,Government Dental Coll Paithna,BDS,2,9500
Bihar,Government Dental Coll Paithna,BDS,1+1(VV),9500
Bihar,Government Dental Coll Paithna,BDS,0+2(VV),9500
Karnataka,"Govt Dental Coll, Bangalore",BDS,3,49350
Karnataka,"Govt Dental Coll, Bangalore",BDS,3,49350
Karnataka,"Govt Dental Coll, Bangalore",BDS,3,49350
Karnataka,"Govt Dental Coll, Bangalore",BDS,1,49350
Karnataka,"Govt Dental Coll, Bangalore",BDS,1,49350
Uttar Pradesh,"KGMU, Lucknow",MBBS,5,47600
Uttar Pradesh,"KGMU, Lucknow",MBBS,2+3(VV),47600
Uttar Pradesh,"KGMU, Lucknow",MBBS,1+3(VV),47600
Karnataka,"ESIC Med Coll,Gulbarga",MBBS,24,24000
Karnataka,"ESIC Med Coll,Gulbarga",MBBS,4+20(VV),24000
Karnataka,"ESIC Med Coll,Gulbarga",MBBS,0+22(VV),24000
Tamil Nadu,"Govt Dental Coll, Chennai",BDS,4,16073
Tamil Nadu,"Govt Dental Coll, Chennai",BDS,4,16073
Tamil Nadu,"Govt Dental Coll, Chennai",BDS,4,16073
Tamil Nadu,"Govt Dental Coll, Chennai",BDS,3,16073
Tamil Nadu,"Govt Dental Coll, Chennai",BDS,2,16073
Tamil Nadu,"Govt Dental Coll, Chennai",BDS,1,16073
Telangana,"AIIMS, Bibinagar",MBBS,8,1350
Telangana,"AIIMS, Bibinagar",MBBS,1+4(VV),1350
Telangana,"AIIMS, Bibinagar",MBBS,0+4(VV),1350
Tamil Nadu,"Govt Dental Coll, Chennai",BDS,1,16073
Tamil Nadu,"Govt Dental Coll, Chennai",BDS,1,16073
Tamil Nadu,"Govt Dental Coll, Chennai",BDS,1,16073
Delhi,"Faculty of Dent,Jamial Millia",BDS,4,41775
Delhi,"Faculty of Dent,Jamial Millia",BDS,3+1(VV),41775
Delhi,"Faculty of Dent,Jamial Millia",BDS,4,41775
Delhi,"Faculty of Dent,Jamial Millia",BDS,1,41775
Himachal Pradesh,"IGMC, Shimla",MBBS,2,50000
Himachal Pradesh,"IGMC, Shimla",MBBS,1+1(VV),50000
Himachal Pradesh,"IGMC, Shimla",MBBS,0+2(VV),50000
Himachal Pradesh,"IGMC, Shimla",MBBS,1,50000
Bihar,"AIIMS, Patna",MBBS,8,1350
Bihar,"AIIMS, Patna",MBBS,1+6(VV),1350
Bihar,"AIIMS, Patna",MBBS,0+6(VV),1350
Bihar,"AIIMS, Patna",MBBS,1,1350
Punjab,"Govt Dental Coll, Patiala",BDS,2,80000
Punjab,"Govt Dental Coll, Patiala",BDS,2,80000
Punjab,"Govt Dental Coll, Patiala",BDS,1+1(VV),80000
Jammu and Kashmir,"Government Dental Coll, Srinagar",BDS,4,35680
Jammu and Kashmir,"Government Dental Coll, Srinagar",BDS,4,35680
Jammu and Kashmir,"Government Dental Coll, Srinagar",BDS,3+1(VV),35680
Jammu and Kashmir,"Government Dental Coll, Srinagar",BDS,1,35680
Jammu and Kashmir,"Government Dental Coll, Srinagar",BDS,1,35680
Uttar Pradesh,"ESIC, Varanasi",MBBS,7,24000
Jammu and Kashmir,"Indira Gandhi Govt Dental,Jammu",BDS,2,26250
Jammu and Kashmir,"Indira Gandhi Govt Dental,Jammu",BDS,1+1(VV),26250
Jammu and Kashmir,"Indira Gandhi Govt Dental,Jammu",BDS,1+1(VV),26250
Himachal Pradesh,"Govt Dental Coll, Shimla",BDS,1,37000
Himachal Pradesh,"Govt Dental Coll, Shimla",BDS,1,37000
Himachal Pradesh,"Govt Dental Coll, Shimla",BDS,0+1(VV),37000
Karnataka,"ESI, Bangalore",MBBS,7,24000
Karnataka,"ESI, Bangalore",MBBS,0+5(VV),24000
Karnataka,"ESI, Bangalore",MBBS,0+5(VV),24000
Jammu and Kashmir,"Government Dental Coll, Srinagar",BDS,2,35680
Jammu and Kashmir,"Government Dental Coll, Srinagar",BDS,2,35680
Jammu and Kashmir,"Government Dental Coll, Srinagar",BDS,1,35680
Jammu and Kashmir,"Government Dental Coll, Srinagar",BDS,1,35680
Pondicherry,"JIPMER, Karaikal",MBBS,7,1200
Pondicherry,"JIPMER, Karaikal",MBBS,4+2(VV),1200
Pondicherry,"JIPMER, Karaikal",MBBS,2+3(VV),1200
Pondicherry,"JIPMER, Karaikal",MBBS,1,1200
Chandigarh,"GMC, Chandigarh",MBBS,1,24979
Chandigarh,"GMC, Chandigarh",MBBS,1,24979
West Bengal,"Burdwan Dental Coll, Burdwan",BDS,5,7800
West Bengal,"Burdwan Dental Coll, Burdwan",BDS,5,7800
West Bengal,"Burdwan Dental Coll, Burdwan",BDS,5,7800
West Bengal,"Burdwan Dental Coll, Burdwan",BDS,4,7800
West Bengal,"Burdwan Dental Coll, Burdwan",BDS,1,7800
Pondicherry,"MG Dental Coll, Pondicherry",BDS,7,43420
Pondicherry,"MG Dental Coll, Pondicherry",BDS,7,43420
Pondicherry,"MG Dental Coll, Pondicherry",BDS,6+1(VV),43420
Pondicherry,"MG Dental Coll, Pondicherry",BDS,3,43420
Pondicherry,"MG Dental Coll, Pondicherry",BDS,2,43420
Pondicherry,"MG Dental Coll, Pondicherry",BDS,2,43420
Punjab,"ESIC MedCollHosp,Ludhiana",MBBS,6,24000
Assam,"Regional Dental Coll, Guwahati",BDS,1,5000
Assam,"Regional Dental Coll, Guwahati",BDS,0+1(VV),5000
Assam,"Regional Dental Coll, Guwahati",BDS,0+1(VV),5000
Maharashtra,"ESI, Andheri, Mumbai",MBBS,3,24000
West Bengal,"North Bengal Dental,Darjeeling",BDS,2,7800
West Bengal,"North Bengal Dental,Darjeeling",BDS,1+1(VV),7800
West Bengal,"North Bengal Dental,Darjeeling",BDS,0+2(VV),7800
West Bengal,"North Bengal Dental,Darjeeling",BDS,1,7800
Gujarat,"Govt Dental Coll, Jamnagar",BDS,5,20000
Gujarat,"Govt Dental Coll, Jamnagar",BDS,5,20000
Gujarat,"Govt Dental Coll, Jamnagar",BDS,3+2(VV),20000
Gujarat,"Govt Dental Coll, Jamnagar",BDS,1,20000
Uttar Pradesh,"AIIMS, Gorakhpur",MBBS,10,1350
Uttar Pradesh,"AIIMS, Gorakhpur",MBBS,3+4(VV),1350
Uttar Pradesh,"AIIMS, Gorakhpur",MBBS,0+3(VV),1350
Telangana,"Osmania Med Coll, Hyderabad",MBBS,2,14000
Telangana,"Osmania Med Coll, Hyderabad",MBBS,0+1(VV),14000
Telangana,"Osmania Med Coll, Hyderabad",MBBS,0+1(VV),14000
Punjab,"Govt Dental Coll, Amritsar",BDS,2,80000
Punjab,"Govt Dental Coll, Amritsar",BDS,2,80000
Punjab,"Govt Dental Coll, Amritsar",BDS,1+1(VV),80000
Rajasthan,"RUHS, Jaipur",MBBS,3,96029
Rajasthan,"RUHS, Jaipur",MBBS,3,96029
Rajasthan,"RUHS, Jaipur",MBBS,0+1(VV),96029
Gujarat,"Govt Dental Coll, Jamnagar",BDS,2,20000
Gujarat,"Govt Dental Coll, Jamnagar",BDS,1+1(VV),20000
Gujarat,"Govt Dental Coll, Jamnagar",BDS,1+1(VV),20000
Bihar,"ESIC Med Coll, Patna",MBBS,3,24000
Bihar,"ESIC Med Coll, Patna",MBBS,0+3(VV),24000
Karnataka,"Govt Dental Coll, Bellary",BDS,4,49350
Karnataka,"Govt Dental Coll, Bellary",BDS,4,49350
Karnataka,"Govt Dental Coll, Bellary",BDS,4,49350
Karnataka,"Govt Dental Coll, Bellary",BDS,3,49350
Karnataka,"Govt Dental Coll, Bellary",BDS,1,49350
Maharashtra,"Govt Dental Coll, Aurangabad",BDS,2,118900
Maharashtra,"Govt Dental Coll, Aurangabad",BDS,2,118900
Maharashtra,"Govt Dental Coll, Aurangabad",BDS,2,118900
Tamil Nadu,"AIIMS, Madurai",MBBS,7,1350
Tamil Nadu,"AIIMS, Madurai",MBBS,6,1350
Tamil Nadu,"AIIMS, Madurai",MBBS,3+1(VV),1350
Tamil Nadu,"Rajah Muthiah DC, Annamalai",BDS,4,16073
Tamil Nadu,"Rajah Muthiah DC, Annamalai",BDS,4,16073
Tamil Nadu,"Rajah Muthiah DC, Annamalai",BDS,4,16073
Tamil Nadu,"Rajah Muthiah DC, Annamalai",BDS,2,16073
Tamil Nadu,"Rajah Muthiah DC, Annamalai",BDS,1,16073
Tamil Nadu,"Rajah Muthiah DC, Annamalai",BDS,1,16073
Karnataka,"ESIC Med Coll,Gulbarga",MBBS,19,24000
Karnataka,"ESIC Med Coll,Gulbarga",MBBS,2+17(VV),24000
Karnataka,"ESIC Med Coll,Gulbarga",MBBS,0+16(VV),24000
Karnataka,"ESIC Med Coll,Gulbarga",MBBS,1,24000
Jammu and Kashmir,"Government Dental Coll, Srinagar",BDS,1,35680
Jammu and Kashmir,"Government Dental Coll, Srinagar",BDS,1,35680
Jammu and Kashmir,"Government Dental Coll, Srinagar",BDS,1,35680
Jammu and Kashmir,"Government Dental Coll, Srinagar",BDS,1,35680
Chhattisgarh,"Govt Dental Coll, Raipur",BDS,4,20500
Chhattisgarh,"Govt Dental Coll, Raipur",BDS,3+1(VV),20500
Chhattisgarh,"Govt Dental Coll, Raipur",BDS,1+3(VV),20500
Assam,"Govt Dental College, Dibrugarh",BDS,4,5000
Assam,"Govt Dental College, Dibrugarh",BDS,4,5000
Assam,"Govt Dental College, Dibrugarh",BDS,2+2(VV),5000
Assam,"Govt Dental College, Dibrugarh",BDS,2,5000
Assam,"Govt Dental College, Dibrugarh",BDS,1,5000
Goa,"Govt Dental Coll, Goa",BDS,1,152450
Goa,"Govt Dental Coll, Goa",BDS,1,152450
Goa,"Govt Dental Coll, Goa",BDS,0+1(VV),152450
Goa,"Govt Dental Coll, Goa",BDS,1,152450
Goa,"Govt Dental Coll, Goa",BDS,1,152450
West Bengal,"North Bengal Dental,Darjeeling",BDS,1,7800
West Bengal,"North Bengal Dental,Darjeeling",BDS,1,7800
West Bengal,"North Bengal Dental,Darjeeling",BDS,0+1(VV),7800
Telangana,"Govt Dental Coll, Hyderabad",BDS,5,14000
Telangana,"Govt Dental Coll, Hyderabad",BDS,5,14000
Telangana,"Govt Dental Coll, Hyderabad",BDS,1+4(VV),14000
Telangana,"Govt Dental Coll, Hyderabad",BDS,1,14000
Telangana,"Govt Dental Coll, Hyderabad",BDS,1,14000
Assam,"Govt Dental College, Silchar",BDS,3,5000
Assam,"Govt Dental College, Silchar",BDS,3,5000
Assam,"Govt Dental College, Silchar",BDS,3,5000
Assam,"Govt Dental College, Silchar",BDS,3,5000
Assam,"Govt Dental College, Silchar",BDS,1,5000
Pondicherry,"JIPMER, Karaikal",MBBS,6,1200
Pondicherry,"JIPMER, Karaikal",MBBS,1+5(VV),1200
Pondicherry,"JIPMER, Karaikal",MBBS,0+6(VV),1200
Maharashtra,"Govt Dental Coll, Nagpur",BDS,1,118900
Maharashtra,"Govt Dental Coll, Nagpur",BDS,1,118900
Maharashtra,"Govt Dental Coll, Nagpur",BDS,1,118900
Maharashtra,"Govt Dental Coll, Nagpur",BDS,1,118900
Andhra Pradesh,"Govt Dental Coll, Kadapa",BDS,6,9000
Andhra Pradesh,"Govt Dental Coll, Kadapa",BDS,6,9000
Andhra Pradesh,"Govt Dental Coll, Kadapa",BDS,6,9000
Andhra Pradesh,"Govt Dental Coll, Kadapa",BDS,4,9000
Andhra Pradesh,"Govt Dental Coll, Kadapa",BDS,1,9000
Andhra Pradesh,"Govt Dental Coll, Kadapa",BDS,1,9000
West Bengal,"ESI, Joka, Kolkata",MBBS,24,24000
West Bengal,"ESI, Joka, Kolkata",MBBS,3+14(VV),24000
West Bengal,"ESI, Joka, Kolkata",MBBS,8+11(VV),24000
West Bengal,"ESI, Joka, Kolkata",MBBS,1,24000
Assam,"Govt Dental College, Dibrugarh",BDS,3,5000
Assam,"Govt Dental College, Dibrugarh",BDS,3,5000
Assam,"Govt Dental College, Dibrugarh",BDS,3,5000
Assam,"Govt Dental College, Dibrugarh",BDS,1,5000
Maharashtra,"ESI, Andheri, Mumbai",MBBS,7,24000
Telangana,"Govt Dental Coll, Hyderabad",BDS,2,14000
Telangana,"Govt Dental Coll, Hyderabad",BDS,2,14000
Telangana,"Govt Dental Coll, Hyderabad",BDS,0+2(VV),14000
Telangana,"Gandhi Med Coll, Secunderabad",MBBS,2,14000
Telangana,"Gandhi Med Coll, Secunderabad",MBBS,0+1(VV),14000
Telangana,"Gandhi Med Coll, Secunderabad",MBBS,0+1(VV),14000
Tamil Nadu,"Stanley Med Coll, Chennai",MBBS,5,18073
Tamil Nadu,"Stanley Med Coll, Chennai",MBBS,5,18073
Tamil Nadu,"Stanley Med Coll, Chennai",MBBS,1+2(VV),18073
Bihar,"ESIC Med Coll, Patna",MBBS,9,24000
Bihar,"ESIC Med Coll, Patna",MBBS,0+9(VV),24000
Karnataka,"Govt Dental Coll, Bellary",BDS,2,49350
Karnataka,"Govt Dental Coll, Bellary",BDS,2,49350
Karnataka,"Govt Dental Coll, Bellary",BDS,2,49350
Karnataka,"Govt Dental Coll, Bellary",BDS,1,49350
Manipur,"JN Inst of Dental Sci, Imphal",BDS,3,6000
Manipur,"JN Inst of Dental Sci, Imphal",BDS,3,6000
Manipur,"JN Inst of Dental Sci, Imphal",BDS,3,6000
Manipur,"JN Inst of Dental Sci, Imphal",BDS,2,6000
Rajasthan,"GDC, Jodhpur",BDS,1,35077
Rajasthan,"GDC, Jodhpur",BDS,0+1(VV),35077
Pondicherry,"MG Dental Coll, Pondicherry",BDS,5,43420
Pondicherry,"MG Dental Coll, Pondicherry",BDS,5,43420
Pondicherry,"MG Dental Coll, Pondicherry",BDS,3+2(VV),43420
Pondicherry,"MG Dental Coll, Pondicherry",BDS,1,43420
Rajasthan,"RUHS, Jaipur",MBBS,2,96029
Rajasthan,"RUHS, Jaipur",MBBS,1+1(VV),96029
Rajasthan,"RUHS, Jaipur",MBBS,1+1(VV),96029
Assam,"Govt Dental College, Silchar",BDS,2,5000
Assam,"Govt Dental College, Silchar",BDS,2,5000
Assam,"Govt Dental College, Silchar",BDS,1+1(VV),5000
Assam,"Govt Dental College, Silchar",BDS,1,5000
Andhra Pradesh,"Govt Dental Coll, Kadapa",BDS,4,9000
Andhra Pradesh,"Govt Dental Coll, Kadapa",BDS,4,9000
Andhra Pradesh,"Govt Dental Coll, Kadapa",BDS,2+2(VV),9000
Andhra Pradesh,"Govt Dental Coll, Kadapa",BDS,2,9000
Andhra Pradesh,"Govt Dental Coll, Kadapa",BDS,1,9000
Andhra Pradesh,"Govt Dental Coll, Kadapa",BDS,1,9000
Delhi,"Dr BSA Med Coll, Delhi",MBBS,1,75000
Delhi,"Dr BSA Med Coll, Delhi",MBBS,1,75000
Delhi,"Dr BSA Med Coll, Delhi",MBBS,1,75000
Tamil Nadu,"ESI PGIMSR, KK Nagar, Chennai",MBBS,4,24000
Tamil Nadu,"ESI PGIMSR, KK Nagar, Chennai",MBBS,0+4(VV),24000
Tamil Nadu,"ESI PGIMSR, KK Nagar, Chennai",MBBS,0+4(VV),24000
Assam,"ESIC, Beltola",MBBS,10,24000
Pondicherry,"JIPMER, Karaikal",MBBS,4,1200
Pondicherry,"JIPMER, Karaikal",MBBS,0+4(VV),1200
Pondicherry,"JIPMER, Karaikal",MBBS,0+4(VV),1200
Maharashtra,"Govt. Dental Coll, Jalgaon",BDS,2,118900
Maharashtra,"Govt. Dental Coll, Jalgaon",BDS,2,118900
Maharashtra,"Govt. Dental Coll, Jalgaon",BDS,1+1(VV),118900
Maharashtra,"Govt. Dental Coll, Jalgaon",BDS,1,118900
West Bengal,"Medical College, Kolkata",MBBS,5,9000
West Bengal,"Medical College, Kolkata",MBBS,1+1(VV),9000
West Bengal,"Medical College, Kolkata",MBBS,1+1(VV),9000
West Bengal,"Medical College, Kolkata",MBBS,1,9000
Maharashtra,"Symbiosis Med Coll Women, Pune",MBBS,127,1000000
Maharashtra,"Symbiosis Med Coll Women, Pune",MBBS,27+53(VV),1000000
Maharashtra,"Symbiosis Med Coll Women, Pune",MBBS,2+61(VV),1000000
Punjab,"Govt Dental Coll, Patiala",BDS,1,80000
Punjab,"Govt Dental Coll, Patiala",BDS,1,80000
Punjab,"Govt Dental Coll, Patiala",BDS,1,80000
Punjab,"Govt Dental Coll, Patiala",BDS,1,80000
Assam,"Regional Dental Coll, Guwahati",BDS,1,5000
Assam,"Regional Dental Coll, Guwahati",BDS,0+1(VV),5000
Assam,"Regional Dental Coll, Guwahati",BDS,0+1(VV),5000
Manipur,"Dental College, RIMS, Imphal",BDS,2,3000
Manipur,"Dental College, RIMS, Imphal",BDS,2,3000
Manipur,"Dental College, RIMS, Imphal",BDS,2,3000
Manipur,"Dental College, RIMS, Imphal",BDS,2,3000
Manipur,"Dental College, RIMS, Imphal",BDS,1,3000
Manipur,"Dental College, RIMS, Imphal",BDS,1,3000
Manipur,"JN Inst of Dental Sci, Imphal",BDS,2,6000
Manipur,"JN Inst of Dental Sci, Imphal",BDS,2,6000
Manipur,"JN Inst of Dental Sci, Imphal",BDS,2,6000
Manipur,"JN Inst of Dental Sci, Imphal",BDS,1,6000
Kerala,"Govt Dental Coll, Trivandrum",BDS,1,20840
Kerala,"Govt Dental Coll, Trivandrum",BDS,1,20840
Himachal Pradesh,"RPG, Tanda",MBBS,1,50000
Himachal Pradesh,"RPG, Tanda",MBBS,0+1(VV),50000
Himachal Pradesh,"RPG, Tanda",MBBS,0+1(VV),50000
Assam,"ESIC, Beltola",MBBS,3,24000
Assam,"ESIC, Beltola",MBBS,5,24000
Uttar Pradesh,"AIIMS, Rai Bareli",MBBS,6,1350
Uttar Pradesh,"AIIMS, Rai Bareli",MBBS,1+4(VV),1350
Uttar Pradesh,"AIIMS, Rai Bareli",MBBS,0+3(VV),1350
Jammu and Kashmir,"AIIMS, Jammu",MBBS,14,1350
Jammu and Kashmir,"AIIMS, Jammu",MBBS,2+7(VV),1350
Jammu and Kashmir,"AIIMS, Jammu",MBBS,2+5(VV),1350
Jammu and Kashmir,"AIIMS, Jammu",MBBS,1,1350
Jammu and Kashmir,"AIIMS, Jammu",MBBS,1,1350
West Bengal,"ESI, Joka, Kolkata",MBBS,17,24000
West Bengal,"ESI, Joka, Kolkata",MBBS,0+16(VV),24000
West Bengal,"ESI, Joka, Kolkata",MBBS,3+16(VV),24000
Chandigarh,"GMC, Chandigarh",MBBS,1,24979
Chandigarh,"GMC, Chandigarh",MBBS,1,24979
Chandigarh,"GMC, Chandigarh",MBBS,0+1(VV),24979
Rajasthan,"SP Med Coll, Bikaner",MBBS,6,96100
Rajasthan,"SP Med Coll, Bikaner",MBBS,2+4(VV),96100
Rajasthan,"SP Med Coll, Bikaner",MBBS,2+1(VV),96100
Rajasthan,"SP Med Coll, Bikaner",MBBS,1,96100
Maharashtra,"Govt Dental Coll, Aurangabad",BDS,1,118900
Maharashtra,"Govt Dental Coll, Aurangabad",BDS,1,118900
Maharashtra,"Govt Dental Coll, Aurangabad",BDS,0+1(VV),118900
Delhi,"ESIC Dental Coll, New Delhi",BDS,21,100000
Delhi,"ESIC Dental Coll, New Delhi",BDS,11+10(VV),100000
Delhi,"ESIC Dental Coll, New Delhi",BDS,6+13(VV),100000
Delhi,"ESIC Dental Coll, New Delhi",BDS,1,100000
Delhi,"ESIC Dental Coll, New Delhi",BDS,1,100000
Delhi,"ESIC Dental Coll, New Delhi",BDS,1,100000
Maharashtra,"Govt. Dental Coll, Jalgaon",BDS,1,118900
Maharashtra,"Govt. Dental Coll, Jalgaon",BDS,1,118900
Maharashtra,"Govt. Dental Coll, Jalgaon",BDS,1,118900
Maharashtra,"Govt. Dental Coll, Jalgaon",BDS,1,118900
Tamil Nadu,"Madras Med Coll, Chennai",MBBS,3,18073
Tamil Nadu,"Madras Med Coll, Chennai",MBBS,1+2(VV),18073
Tamil Nadu,"Madras Med Coll, Chennai",MBBS,0+2(VV),18073
Andhra Pradesh,"Govt Dental Coll, Kadapa",BDS,2,9000
Andhra Pradesh,"Govt Dental Coll, Kadapa",BDS,2,9000
Andhra Pradesh,"Govt Dental Coll, Kadapa",BDS,2,9000
Andhra Pradesh,"Govt Dental Coll, Kadapa",BDS,1,9000
Andhra Pradesh,"Govt Dental Coll, Kadapa",BDS,1,9000
Andhra Pradesh,"Govt Dental Coll, Kadapa",BDS,1,9000
Assam,"Govt Dental College, Silchar",BDS,1,5000
Assam,"Govt Dental College, Silchar",BDS,1,5000
Assam,"Govt Dental College, Silchar",BDS,0+1(VV),5000
Assam,"Govt Dental College, Silchar",BDS,1,5000
Jammu and Kashmir,"Indira Gandhi Govt Dental,Jammu",BDS,1,26250
Jammu and Kashmir,"Indira Gandhi Govt Dental,Jammu",BDS,1,26250
Jammu and Kashmir,"Indira Gandhi Govt Dental,Jammu",BDS,0+1(VV),26250
Karnataka,"Govt Dental Coll, Bellary",BDS,1,49350
Karnataka,"Govt Dental Coll, Bellary",BDS,1,49350
Karnataka,"Govt Dental Coll, Bellary",BDS,1,49350
West Bengal,"Nilratan Sircar, Kolkata",MBBS,4,9000
West Bengal,"Nilratan Sircar, Kolkata",MBBS,2+1(VV),9000
West Bengal,"Nilratan Sircar, Kolkata",MBBS,0+2(VV),9000
Andhra Pradesh,"Kurnool Med Coll, Kurnool",MBBS,5,15000
Andhra Pradesh,"Kurnool Med Coll, Kurnool",MBBS,0+2(VV),15000
Andhra Pradesh,"Kurnool Med Coll, Kurnool",MBBS,0+2(VV),15000
Gujarat,"AIIMS, Rajkot",MBBS,5,1350
Gujarat,"AIIMS, Rajkot",MBBS,2+3(VV),1350
Gujarat,"AIIMS, Rajkot",MBBS,0+3(VV),1350
Delhi,"ESI, Basaidarpur, Delhi",MBBS,1,100000
Delhi,"ESI, Basaidarpur, Delhi",MBBS,1,100000
Manipur,"JN Inst of Dental Sci, Imphal",BDS,1,6000
Manipur,"JN Inst of Dental Sci, Imphal",BDS,1,6000
Manipur,"JN Inst of Dental Sci, Imphal",BDS,1,6000
Manipur,"JN Inst of Dental Sci, Imphal",BDS,1,6000
Delhi,"MAMC, Delhi",MBBS,29,2095
Delhi,"MAMC, Delhi",MBBS,1+7(VV),2095
Delhi,"MAMC, Delhi",MBBS,0+7(VV),2095
Kerala,"Govt Dental Coll, Alappuzha",BDS,1,20840
Kerala,"Govt Dental Coll, Alappuzha",BDS,1,20840
Kerala,"Govt Dental Coll, Alappuzha",BDS,1,20840
Kerala,"Govt Dental Coll, Alappuzha",BDS,1,20840
Uttar Pradesh,"Dr RML IMS, Lucknow",MBBS,5,24000
Uttar Pradesh,"Dr RML IMS, Lucknow",MBBS,5,24000
Uttar Pradesh,"Dr RML IMS, Lucknow",MBBS,1,24000
Karnataka,"ESIC Med Coll,Gulbarga",MBBS,7,24000
Karnataka,"ESIC Med Coll,Gulbarga",MBBS,0+7(VV),24000
Karnataka,"ESIC Med Coll,Gulbarga",MBBS,0+6(VV),24000
Delhi,"VMMC, Delhi",MBBS,18,41000
Delhi,"VMMC, Delhi",MBBS,0+1(VV),41000
Delhi,"VMMC, Delhi",MBBS,0+1(VV),41000
Gujarat,"Medical College, Baroda",MBBS,4,25000
Gujarat,"Medical College, Baroda",MBBS,4,25000
Gujarat,"Medical College, Baroda",MBBS,2+1(VV),25000
Madhya Pradesh,"MGM Med Coll, Indore",MBBS,2,100000
Madhya Pradesh,"MGM Med Coll, Indore",MBBS,0+1(VV),100000
Madhya Pradesh,"MGM Med Coll, Indore",MBBS,0+1(VV),100000
West Bengal,"ESI, Joka, Kolkata",MBBS,6,24000
West Bengal,"ESI, Joka, Kolkata",MBBS,1+4(VV),24000
West Bengal,"ESI, Joka, Kolkata",MBBS,2+5(VV),24000
Rajasthan,"RNT, Udaipur",MBBS,5,96029
Rajasthan,"RNT, Udaipur",MBBS,5,96029
Rajasthan,"RNT, Udaipur",MBBS,1+1(VV),96029
West Bengal,"AIIMS, Kalyani",MBBS,9,1350
West Bengal,"AIIMS, Kalyani",MBBS,2+2(VV),1350
West Bengal,"AIIMS, Kalyani",MBBS,1+2(VV),1350
West Bengal,"AIIMS, Kalyani",MBBS,1,1350
Tamil Nadu,"Kilpauk Med Coll, Chennai",MBBS,3,18073
Tamil Nadu,"Kilpauk Med Coll, Chennai",MBBS,3,18073
Tamil Nadu,"Kilpauk Med Coll, Chennai",MBBS,2+1(VV),18073
Kerala,"Govt Med Coll, Kollam",MBBS,3,24000
Kerala,"Govt Med Coll, Kollam",MBBS,0+3(VV),24000
Kerala,"Govt Med Coll, Kollam",MBBS,0+3(VV),24000
Uttar Pradesh,"Dr ZA Dental Coll, AMU,Aligarh",BDS,17,53000
Uttar Pradesh,"Dr ZA Dental Coll, AMU,Aligarh",BDS,7+7(VV),53000
Uttar Pradesh,"Dr ZA Dental Coll, AMU,Aligarh",BDS,3+6(VV),53000
Uttar Pradesh,"Dr ZA Dental Coll, AMU,Aligarh",BDS,1,53000
Karnataka,"Kasturba Med Coll, Mangalore",MBBS,161,1770000
Karnataka,"Kasturba Med Coll, Mangalore",MBBS,22+106(VV),1770000
Karnataka,"Kasturba Med Coll, Mangalore",MBBS,4+103(VV),1770000
Tamil Nadu,"Madurai Med Coll, Madurai",MBBS,5,18073
Tamil Nadu,"Madurai Med Coll, Madurai",MBBS,4,18073
Tamil Nadu,"Madurai Med Coll, Madurai",MBBS,0+1(VV),18073
Delhi,"Faculty of Dent,Jamial Millia",BDS,2,41775
Delhi,"Faculty of Dent,Jamial Millia",BDS,1+1(VV),41775
Delhi,"Faculty of Dent,Jamial Millia",BDS,0+2(VV),41775
Uttar Pradesh,"IMS(BHU), Varanasi",MBBS,2,33739
Andhra Pradesh,"Andhra Med Coll, Vizag",MBBS,2,15000
Delhi,"ABVIMS (Dr RML Hosp), Delhi",MBBS,13,41000
Delhi,"ABVIMS (Dr RML Hosp), Delhi",MBBS,0+5(VV),41000
Delhi,"ABVIMS (Dr RML Hosp), Delhi",MBBS,0+5(VV),41000
Andhra Pradesh,"Andhra Med Coll, Vizag",MBBS,6,15000
Andhra Pradesh,"Andhra Med Coll, Vizag",MBBS,2+2(VV),15000
Andhra Pradesh,"Andhra Med Coll, Vizag",MBBS,0+3(VV),15000
Pondicherry,"MG Dental Coll, Pondicherry",BDS,2,43420
Pondicherry,"MG Dental Coll, Pondicherry",BDS,2,43420
Pondicherry,"MG Dental Coll, Pondicherry",BDS,2,43420
Tamil Nadu,"Govt Med Coll, Omandurar",MBBS,2,18073
Tamil Nadu,"Govt Med Coll, Omandurar",MBBS,2,18073
Tamil Nadu,"Govt Med Coll, Omandurar",MBBS,1+1(VV),18073
Kerala,"Pariyaram Dental Coll, Kannur",BDS,2,20840
Kerala,"Pariyaram Dental Coll, Kannur",BDS,2,20840
Kerala,"Pariyaram Dental Coll, Kannur",BDS,2,20840
Kerala,"Pariyaram Dental Coll, Kannur",BDS,2,20840
Telangana,"Govt Med Coll, Nizamabad",MBBS,1,14000
Telangana,"Govt Med Coll, Nizamabad",MBBS,0+1(VV),14000
Telangana,"Govt Med Coll, Nizamabad",MBBS,0+1(VV),14000
Rajasthan,"SNMC, Jodhpur",MBBS,6,96100
Rajasthan,"SNMC, Jodhpur",MBBS,4+1(VV),96100
Rajasthan,"SNMC, Jodhpur",MBBS,2+1(VV),96100
Tamil Nadu,"Rajah Muthiah DC, Annamalai",BDS,2,16073
Tamil Nadu,"Rajah Muthiah DC, Annamalai",BDS,1,16073
Tamil Nadu,"Rajah Muthiah DC, Annamalai",BDS,1,16073
Rajasthan,"JLNMC, Ajmer",MBBS,5,96075
Rajasthan,"JLNMC, Ajmer",MBBS,5,96075
Rajasthan,"JLNMC, Ajmer",MBBS,1+1(VV),96075
Assam,"Gauhati Med Coll, Guwahati",MBBS,2,6400
Assam,"Gauhati Med Coll, Guwahati",MBBS,0+1(VV),6400
Assam,"Gauhati Med Coll, Guwahati",MBBS,0+1(VV),6400
Maharashtra,"Topiwala, Mumbai",MBBS,4,158600
Maharashtra,"Topiwala, Mumbai",MBBS,3,158600
Maharashtra,"Topiwala, Mumbai",MBBS,1,158600
Jharkhand,"AIIMS, Deoghar",MBBS,10,1350
Jharkhand,"AIIMS, Deoghar",MBBS,7+3(VV),1350
Jharkhand,"AIIMS, Deoghar",MBBS,1+7(VV),1350
Uttar Pradesh,"KGMU, Lucknow",MBBS,3,47600
Uttar Pradesh,"KGMU, Lucknow",MBBS,1+2(VV),47600
Uttar Pradesh,"KGMU, Lucknow",MBBS,2,47600
Karnataka,"ESIC Dental Coll, Gulbarga",BDS,10,24000
Karnataka,"ESIC Dental Coll, Gulbarga",BDS,6+4(VV),24000
Karnataka,"ESIC Dental Coll, Gulbarga",BDS,1+8(VV),24000
Karnataka,"ESIC Dental Coll, Gulbarga",BDS,2,24000
Karnataka,"ESIC Dental Coll, Gulbarga",BDS,1,24000
Manipur,"RIMS, Imphal",MBBS,3,3000
Assam,"AIIMS, Guwahati",MBBS,8,1350
Assam,"AIIMS, Guwahati",MBBS,1+3(VV),1350
Assam,"AIIMS, Guwahati",MBBS,0+4(VV),1350
Assam,"AIIMS, Guwahati",MBBS,1,1350
Uttar Pradesh,"GSVM Med Coll, Kanpur",MBBS,4,24000
Uttar Pradesh,"GSVM Med Coll, Kanpur",MBBS,3+1(VV),24000
Uttar Pradesh,"GSVM Med Coll, Kanpur",MBBS,1+2(VV),24000
Uttar Pradesh,"Govt IMS, Kasna",MBBS,2,24000
Uttar Pradesh,"Govt IMS, Kasna",MBBS,2,24000
Uttar Pradesh,"Govt IMS, Kasna",MBBS,2,24000
Uttar Pradesh,"Govt IMS, Kasna",MBBS,1,24000
Punjab,"DrBRAmbedkar State IMS,Mohali",MBBS,1,192000
Punjab,"DrBRAmbedkar State IMS,Mohali",MBBS,1,192000
Punjab,"DrBRAmbedkar State IMS,Mohali",MBBS,1,192000
Punjab,"DrBRAmbedkar State IMS,Mohali",MBBS,1,192000
Karnataka,"ESIC Dental Coll, Gulbarga",BDS,7,24000
Karnataka,"ESIC Dental Coll, Gulbarga",BDS,5+2(VV),24000
Karnataka,"ESIC Dental Coll, Gulbarga",BDS,0+7(VV),24000
West Bengal,"IPGMER, Kolkata",MBBS,4,9000
West Bengal,"IPGMER, Kolkata",MBBS,2+1(VV),9000
West Bengal,"IPGMER, Kolkata",MBBS,1+1(VV),9000
Delhi,"ESIC Dental Coll, New Delhi",BDS,14,100000
Delhi,"ESIC Dental Coll, New Delhi",BDS,10+4(VV),100000
Delhi,"ESIC Dental Coll, New Delhi",BDS,3+10(VV),100000
Delhi,"ESIC Dental Coll, New Delhi",BDS,1,100000
Rajasthan,"SP Med Coll, Bikaner",MBBS,3,96100
Rajasthan,"SP Med Coll, Bikaner",MBBS,3,96100
Rajasthan,"SP Med Coll, Bikaner",MBBS,0+1(VV),96100
Maharashtra,"Govt Med Coll, Nagpur",MBBS,6,158600
Maharashtra,"Govt Med Coll, Nagpur",MBBS,3+1(VV),158600
Maharashtra,"Govt Med Coll, Nagpur",MBBS,2+1(VV),158600
Telangana,"Kakatiya Med Coll, Warangal",MBBS,2,14000
Telangana,"Kakatiya Med Coll, Warangal",MBBS,1,14000
Karnataka,"ESIC Dental Coll, Gulbarga",BDS,3,24000
Karnataka,"ESIC Dental Coll, Gulbarga",BDS,2+1(VV),24000
Karnataka,"ESIC Dental Coll, Gulbarga",BDS,0+3(VV),24000
Rajasthan,"JLNMC, Ajmer",MBBS,3,96075
Rajasthan,"JLNMC, Ajmer",MBBS,2+1(VV),96075
Rajasthan,"JLNMC, Ajmer",MBBS,0+2(VV),96075
Delhi,"UCMS, Delhi",MBBS,20,31340
Delhi,"UCMS, Delhi",MBBS,0+12(VV),31340
Delhi,"UCMS, Delhi",MBBS,0+12(VV),31340
Delhi,"UCMS, Delhi",MBBS,2,31340
Rajasthan,"ESIC Med Coll, Alwar",MBBS,2,100000
Rajasthan,"ESIC Med Coll, Alwar",MBBS,2,100000
Rajasthan,"ESIC Med Coll, Alwar",MBBS,1+1(VV),100000
Rajasthan,"ESIC Med Coll, Alwar",MBBS,1,100000
Telangana,"Rajiv Gandhi IMS, Adilabad",MBBS,1,14000
Telangana,"Rajiv Gandhi IMS, Adilabad",MBBS,0+1(VV),14000
Telangana,"Rajiv Gandhi IMS, Adilabad",MBBS,0+1(VV),14000
Delhi,"ESIC Dental Coll, New Delhi",BDS,5,100000
Delhi,"ESIC Dental Coll, New Delhi",BDS,3+2(VV),100000
Delhi,"ESIC Dental Coll, New Delhi",BDS,1+4(VV),100000
Jammu and Kashmir,"Gove Med Coll, Jammu",MBBS,2,26250
Jammu and Kashmir,"Gove Med Coll, Jammu",MBBS,1+2(VV),26250
Jammu and Kashmir,"Gove Med Coll, Jammu",MBBS,0+2(VV),26250
Tamil Nadu,"AIIMS, Madurai",MBBS,3,1350
Tamil Nadu,"AIIMS, Madurai",MBBS,1+2(VV),1350
Tamil Nadu,"AIIMS, Madurai",MBBS,1+2(VV),1350
Tamil Nadu,"AIIMS, Madurai",MBBS,2,1350
Uttar Pradesh,"Dr ZA Dental Coll, AMU,Aligarh",BDS,5,53000
Uttar Pradesh,"Dr ZA Dental Coll, AMU,Aligarh",BDS,3+2(VV),53000
Uttar Pradesh,"Dr ZA Dental Coll, AMU,Aligarh",BDS,0+4(VV),53000
West Bengal,"IPGMER, Kolkata",MBBS,2,9000
West Bengal,"IPGMER, Kolkata",MBBS,1,9000
West Bengal,"IPGMER, Kolkata",MBBS,1,9000
Pondicherry,"JIPMER, Karaikal",MBBS,4,1200
Pondicherry,"JIPMER, Karaikal",MBBS,2+2(VV),1200
Pondicherry,"JIPMER, Karaikal",MBBS,1+3(VV),1200
Rajasthan,"ESIC Med Coll, Jaipur",MBBS,1,100000
Rajasthan,"Govt Med Coll, Kota",MBBS,5,96100
Rajasthan,"Govt Med Coll, Kota",MBBS,5,96100
Rajasthan,"Govt Med Coll, Kota",MBBS,3+2(VV),96100
Odisha,"MKCG, Berhampur",MBBS,5,22000
Odisha,"MKCG, Berhampur",MBBS,3+1(VV),22000
Odisha,"MKCG, Berhampur",MBBS,2+2(VV),22000
Odisha,"MKCG, Berhampur",MBBS,1,22000
Madhya Pradesh,"MGM Med Coll, Indore",MBBS,4,100000
Madhya Pradesh,"MGM Med Coll, Indore",MBBS,1+1(VV),100000
Madhya Pradesh,"MGM Med Coll, Indore",MBBS,0+1(VV),100000
Rajasthan,"Shri Kalyan MedColl,Sikar",MBBS,2,96029
Rajasthan,"Shri Kalyan MedColl,Sikar",MBBS,2,96029
Rajasthan,"Shri Kalyan MedColl,Sikar",MBBS,1,96029
Uttar Pradesh,"Dr RML IMS, Lucknow",MBBS,3,24000
Uttar Pradesh,"Dr RML IMS, Lucknow",MBBS,2+1(VV),24000
Uttar Pradesh,"Dr RML IMS, Lucknow",MBBS,0+2(VV),24000
Gujarat,"BJMC, Ahmedabad",MBBS,3,25000
Gujarat,"BJMC, Ahmedabad",MBBS,2,25000
Gujarat,"BJMC, Ahmedabad",MBBS,1,25000
Himachal Pradesh,"IGMC, Shimla",MBBS,2,50000
Himachal Pradesh,"IGMC, Shimla",MBBS,0+2(VV),50000
Himachal Pradesh,"IGMC, Shimla",MBBS,0+1(VV),50000
Gujarat,"Govt Med Coll, Surat",MBBS,6,25000
Gujarat,"Govt Med Coll, Surat",MBBS,2+2(VV),25000
Gujarat,"Govt Med Coll, Surat",MBBS,2+2(VV),25000
Odisha,"VIMSAR, Burla",MBBS,4,22000
Odisha,"VIMSAR, Burla",MBBS,2+1(VV),22000
Odisha,"VIMSAR, Burla",MBBS,3,22000
Rajasthan,"SNMC, Jodhpur",MBBS,3,96100
Rajasthan,"SNMC, Jodhpur",MBBS,3,96100
Rajasthan,"SNMC, Jodhpur",MBBS,0+3(VV),96100
Uttar Pradesh,"Govt IMS, Kasna",MBBS,1,24000
Uttar Pradesh,"Govt IMS, Kasna",MBBS,0+1(VV),24000
Uttar Pradesh,"Govt IMS, Kasna",MBBS,0+1(VV),24000
Tamil Nadu,Chengalpattu Med Coll,MBBS,1,18073
Tamil Nadu,Chengalpattu Med Coll,MBBS,1,18073
Rajasthan,"RNT, Udaipur",MBBS,3,96029
Rajasthan,"RNT, Udaipur",MBBS,2,96029
Rajasthan,"RNT, Udaipur",MBBS,0+2(VV),96029
Rajasthan,"Govt Med Coll, Kota",MBBS,2,96100
Rajasthan,"Govt Med Coll, Kota",MBBS,1+1(VV),96100
Rajasthan,"Govt Med Coll, Kota",MBBS,0+1(VV),96100
Rajasthan,"Govt Med Coll, Bhilwara",MBBS,4,96029
Rajasthan,"Govt Med Coll, Bhilwara",MBBS,8,96029
Rajasthan,"Govt Med Coll, Bhilwara",MBBS,0+6(VV),96029
Maharashtra,"BJMC, Pune",MBBS,5,158600
Maharashtra,"BJMC, Pune",MBBS,2+2(VV),158600
Maharashtra,"BJMC, Pune",MBBS,1+2(VV),158600
Rajasthan,"Jhalawar Med Coll, Jhalawar",MBBS,5,96029
Rajasthan,"Jhalawar Med Coll, Jhalawar",MBBS,5,96029
Rajasthan,"Jhalawar Med Coll, Jhalawar",MBBS,3+2(VV),96029
Rajasthan,"Jhalawar Med Coll, Jhalawar",MBBS,1,96029
Delhi,"Lady Hardinge, Delhi",MBBS,26,1665
Delhi,"Lady Hardinge, Delhi",MBBS,0+12(VV),1665
Delhi,"Lady Hardinge, Delhi",MBBS,0+11(VV),1665
Rajasthan,"Shri Kalyan MedColl,Sikar",MBBS,1,96029
Rajasthan,"Shri Kalyan MedColl,Sikar",MBBS,1,96029
Rajasthan,"Shri Kalyan MedColl,Sikar",MBBS,1,96029
Gujarat,"Govt Med Coll, Surat",MBBS,3,25000
Gujarat,"Govt Med Coll, Surat",MBBS,2+1(VV),25000
Gujarat,"Govt Med Coll, Surat",MBBS,0+3(VV),25000
Gujarat,"ESIC Med Coll, Naroda",MBBS,1,100000
Haryana,"AB Vajpay GovtMedColl,Faridabad",MBBS,1,61410
Haryana,"AB Vajpay GovtMedColl,Faridabad",MBBS,0+1(VV),61410
Haryana,"AB Vajpay GovtMedColl,Faridabad",MBBS,0+1(VV),61410
Haryana,"Kalpana Chawala Govt MC,Karnal",MBBS,1,61410
Haryana,"Kalpana Chawala Govt MC,Karnal",MBBS,0+1(VV),61410
Haryana,"Kalpana Chawala Govt MC,Karnal",MBBS,1,61410
Uttar Pradesh,"Govt Med Coll, Firozobad",MBBS,1,24000
Uttar Pradesh,"Govt Med Coll, Firozobad",MBBS,1,24000
Madhya Pradesh,"Gaja Raja Med Coll, Gwalior",MBBS,2,100000
Madhya Pradesh,"Gaja Raja Med Coll, Gwalior",MBBS,2,100000
Chhattisgarh,"Pt JNM Med Coll, Raipur",MBBS,5,50000
Chhattisgarh,"Pt JNM Med Coll, Raipur",MBBS,2+3(VV),50000
Chhattisgarh,"Pt JNM Med Coll, Raipur",MBBS,0+4(VV),50000
Rajasthan,"Govt Med Coll, Sawai Madhopur",MBBS,1,96029
Rajasthan,"Govt Med Coll, Sawai Madhopur",MBBS,0+1(VV),96029
Rajasthan,"Govt Med Coll, Sawai Madhopur",MBBS,0+1(VV),96029
Rajasthan,"Govt Med Coll, Pali",MBBS,3,96029
Rajasthan,"Govt Med Coll, Pali",MBBS,3,96029
Rajasthan,"Govt Med Coll, Pali",MBBS,1+1(VV),96029
Gujarat,"PDU Med Coll, Rajkot",MBBS,4,25000
Gujarat,"PDU Med Coll, Rajkot",MBBS,3+1(VV),25000
Gujarat,"PDU Med Coll, Rajkot",MBBS,1,25000
Uttar Pradesh,"S N Med Coll, Agra",MBBS,4,24000
Uttar Pradesh,"S N Med Coll, Agra",MBBS,3+1(VV),24000
Uttar Pradesh,"S N Med Coll, Agra",MBBS,1+3(VV),24000
Uttar Pradesh,"S N Med Coll, Agra",MBBS,1,24000
Rajasthan,"Jhalawar Med Coll, Jhalawar",MBBS,2,96029
Rajasthan,"Jhalawar Med Coll, Jhalawar",MBBS,2,96029
Rajasthan,"Jhalawar Med Coll, Jhalawar",MBBS,1+1(VV),96029
Jharkhand,"Manipal TataMedColl,Jamshedpur",MBBS,120,1609000
Jharkhand,"Manipal TataMedColl,Jamshedpur",MBBS,80+51(VV),1609000
Jharkhand,"Manipal TataMedColl,Jamshedpur",MBBS,3+63(VV),1609000
Uttar Pradesh,"LLRM Med Coll, Meerut",MBBS,4,24000
Uttar Pradesh,"LLRM Med Coll, Meerut",MBBS,3+1(VV),24000
Uttar Pradesh,"LLRM Med Coll, Meerut",MBBS,1+1(VV),24000
Madhya Pradesh,"Gandhi Med Coll, Bhopal",MBBS,6,100000
Madhya Pradesh,"Gandhi Med Coll, Bhopal",MBBS,5,100000
Madhya Pradesh,"Gandhi Med Coll, Bhopal",MBBS,2,100000
Rajasthan,"Govt Med Coll, Churu",MBBS,3,96029
Rajasthan,"Govt Med Coll, Churu",MBBS,3,96029
Rajasthan,"Govt Med Coll, Churu",MBBS,0+2(VV),96029
Rajasthan,"Govt Med Coll, Churu",MBBS,1,96029
Rajasthan,"Govt Med Coll, Bharatpur",MBBS,4,96029
Rajasthan,"Govt Med Coll, Bharatpur",MBBS,4,96029
Rajasthan,"Govt Med Coll, Bharatpur",MBBS,1+1(VV),96029
Rajasthan,"Govt Med Coll, Bharatpur",MBBS,1,96029
Himachal Pradesh,"LalBahShastri Govt Med, Mandi",MBBS,1,50000
Himachal Pradesh,"LalBahShastri Govt Med, Mandi",MBBS,0+1(VV),50000
Tamil Nadu,"Govt Med Coll, Omandurar",MBBS,1,18073
Tamil Nadu,"Govt Med Coll, Omandurar",MBBS,0+1(VV),18073
Tamil Nadu,"Govt Med Coll, Omandurar",MBBS,0+1(VV),18073
Uttar Pradesh,"MLB Med Coll, Jhansi",MBBS,3,24000
Uttar Pradesh,"MLB Med Coll, Jhansi",MBBS,2,24000
Uttar Pradesh,"MLB Med Coll, Jhansi",MBBS,0+2(VV),24000
Gujarat,"MP Shah, Jamnagar",MBBS,6,25000
Gujarat,"MP Shah, Jamnagar",MBBS,6,25000
Gujarat,"MP Shah, Jamnagar",MBBS,1+4(VV),25000
Uttarakhand,"Doon Med Coll, Dehradun",MBBS,4,150000
Uttarakhand,"Doon Med Coll, Dehradun",MBBS,2+2(VV),150000
Uttarakhand,"Doon Med Coll, Dehradun",MBBS,0+4(VV),150000
Tamil Nadu,Thanjavur Med Coll,MBBS,4,18073
Tamil Nadu,Thanjavur Med Coll,MBBS,3,18073
Tamil Nadu,Thanjavur Med Coll,MBBS,2+1(VV),18073
Rajasthan,"Government Med Coll,Chittorgarh",MBBS,2,96029
Rajasthan,"Government Med Coll,Chittorgarh",MBBS,2,96029
Rajasthan,"Government Med Coll,Chittorgarh",MBBS,2,96029
Rajasthan,"Government Med Coll,Chittorgarh",MBBS,1,96029
Punjab,"Govt Med Coll, Patiala",MBBS,6,192000
Punjab,"Govt Med Coll, Patiala",MBBS,1+3(VV),192000
Punjab,"Govt Med Coll, Patiala",MBBS,3+1(VV),192000
Uttar Pradesh,"MLN Med Coll, Allahabad",MBBS,4,24000
Uttar Pradesh,"MLN Med Coll, Allahabad",MBBS,3+1(VV),24000
Uttar Pradesh,"MLN Med Coll, Allahabad",MBBS,1+1(VV),24000
Uttar Pradesh,"MLN Med Coll, Allahabad",MBBS,1,24000
Rajasthan,"Govt Med Coll, Bhilwara",MBBS,2,96029
Rajasthan,"Govt Med Coll, Bhilwara",MBBS,4,96029
Maharashtra,"Lokmanya Tilak, Sion, Mumbai",MBBS,5,158600
Maharashtra,"Lokmanya Tilak, Sion, Mumbai",MBBS,3,158600
Maharashtra,"Lokmanya Tilak, Sion, Mumbai",MBBS,1,158600
Maharashtra,"Lokmanya Tilak, Sion, Mumbai",MBBS,1,158600
Uttar Pradesh,"Shaik-ul-Hind, Saharanpur",MBBS,2,24000
Uttar Pradesh,"Shaik-ul-Hind, Saharanpur",MBBS,1+1(VV),24000
Uttar Pradesh,"Shaik-ul-Hind, Saharanpur",MBBS,0+1(VV),24000
Odisha,"Sri Jagannath Med Coll, Puri",MBBS,2,22000
Odisha,"Sri Jagannath Med Coll, Puri",MBBS,2,22000
Odisha,"Sri Jagannath Med Coll, Puri",MBBS,2,22000
Odisha,"Sri Jagannath Med Coll, Puri",MBBS,1,22000
Jharkhand,"Rajendra IMS, Ranchi",MBBS,2,17500
Jharkhand,"Rajendra IMS, Ranchi",MBBS,0+2(VV),17500
Jharkhand,"Rajendra IMS, Ranchi",MBBS,0+2(VV),17500
Uttar Pradesh,"ESIC, Varanasi",MBBS,1,100000
Uttar Pradesh,"ESIC, Varanasi",MBBS,1,100000
Rajasthan,"ESIC Med Coll, Alwar",MBBS,1,100000
Rajasthan,"ESIC Med Coll, Alwar",MBBS,1,100000
Rajasthan,"ESIC Med Coll, Alwar",MBBS,1,100000
Telangana,"ESIC Med Coll,Sanath Nagar",MBBS,2,100000
Telangana,"ESIC Med Coll,Sanath Nagar",MBBS,2+1(VV),100000
Telangana,"ESIC Med Coll,Sanath Nagar",MBBS,2+1(VV),100000
Madhya Pradesh,"Gaja Raja Med Coll, Gwalior",MBBS,4,100000
Madhya Pradesh,"Gaja Raja Med Coll, Gwalior",MBBS,4,100000
Madhya Pradesh,"Gaja Raja Med Coll, Gwalior",MBBS,2+1(VV),100000
Delhi,"ESI, Basaidarpur, Delhi",MBBS,5,100000
Delhi,"ESI, Basaidarpur, Delhi",MBBS,2,100000
Manipur,"RIMS, Imphal",MBBS,1,3000
Manipur,"RIMS, Imphal",MBBS,1,3000
Maharashtra,"Govt Med Coll, Aurangabad",MBBS,5,158600
Maharashtra,"Govt Med Coll, Aurangabad",MBBS,3+1(VV),158600
Maharashtra,"Govt Med Coll, Aurangabad",MBBS,1+1(VV),158600
Dadra and Nagar Haveli,"NAMO MERI Govt MedColl,Silvassa",MBBS,2,53000
Dadra and Nagar Haveli,"NAMO MERI Govt MedColl,Silvassa",MBBS,1+1(VV),53000
Dadra and Nagar Haveli,"NAMO MERI Govt MedColl,Silvassa",MBBS,1+1(VV),53000
Bihar,"Patna Med Coll, Patna",MBBS,2,9500
Bihar,"Patna Med Coll, Patna",MBBS,1+1(VV),9500
Bihar,"Patna Med Coll, Patna",MBBS,0+2(VV),9500
Maharashtra,"Seth GS, Mumbai",MBBS,3,158600
Maharashtra,"Seth GS, Mumbai",MBBS,2+1(VV),158600
Maharashtra,"Seth GS, Mumbai",MBBS,1+2(VV),158600
Dadra and Nagar Haveli,"NAMO MERI Govt MedColl,Silvassa",MBBS,1,53000
Dadra and Nagar Haveli,"NAMO MERI Govt MedColl,Silvassa",MBBS,1,53000
Jammu and Kashmir,"Gove Med Coll, Jammu",MBBS,4,26250
Jammu and Kashmir,"Gove Med Coll, Jammu",MBBS,1+3(VV),26250
Jammu and Kashmir,"Gove Med Coll, Jammu",MBBS,0+4(VV),26250
Uttar Pradesh,"GSVM Med Coll, Kanpur",MBBS,2,24000
Uttar Pradesh,"GSVM Med Coll, Kanpur",MBBS,2,24000
Uttar Pradesh,"GSVM Med Coll, Kanpur",MBBS,0+1(VV),24000
Himachal Pradesh,"LalBahShastri Govt Med, Mandi",MBBS,3,50000
Himachal Pradesh,"LalBahShastri Govt Med, Mandi",MBBS,3,50000
Himachal Pradesh,"LalBahShastri Govt Med, Mandi",MBBS,1+1(VV),50000
Gujarat,"Govt Med Coll, Bhavnagar",MBBS,5,25000
Gujarat,"Govt Med Coll, Bhavnagar",MBBS,4,25000
Gujarat,"Govt Med Coll, Bhavnagar",MBBS,2+2(VV),25000
Tamil Nadu,Coimbatore Med Coll,MBBS,4,18073
Tamil Nadu,Coimbatore Med Coll,MBBS,4,18073
Tamil Nadu,Coimbatore Med Coll,MBBS,0+2(VV),18073
Maharashtra,"HBT & RN Cooper, Mumbai",MBBS,5,158600
Maharashtra,"HBT & RN Cooper, Mumbai",MBBS,3+2(VV),158600
Maharashtra,"HBT & RN Cooper, Mumbai",MBBS,4+1(VV),158600
West Bengal,Calcutta National Med Coll,MBBS,5,9000
West Bengal,Calcutta National Med Coll,MBBS,5,9000
West Bengal,Calcutta National Med Coll,MBBS,1+2(VV),9000
Gujarat,"Medical College, Baroda",MBBS,3,25000
Gujarat,"Medical College, Baroda",MBBS,1,25000
Gujarat,"Medical College, Baroda",MBBS,1,25000
Himachal Pradesh,"DrRadhakrishnan GovtColl,Hamirpur",MBBS,3,50000
Himachal Pradesh,"DrRadhakrishnan GovtColl,Hamirpur",MBBS,2,50000
Himachal Pradesh,"DrRadhakrishnan GovtColl,Hamirpur",MBBS,1+1(VV),50000
Karnataka,"Mysore Med Coll, Mysore",MBBS,5,64350
Karnataka,"Mysore Med Coll, Mysore",MBBS,5,64350
Karnataka,"Mysore Med Coll, Mysore",MBBS,3,64350
Karnataka,"Mysore Med Coll, Mysore",MBBS,1,64350
Maharashtra,"Indira Gandhi MedColl, Nagpur",MBBS,4,158600
Maharashtra,"Indira Gandhi MedColl, Nagpur",MBBS,4,158600
Maharashtra,"Indira Gandhi MedColl, Nagpur",MBBS,4,158600
Delhi,"ESI, Basaidarpur, Delhi",MBBS,1,100000
Delhi,"ESI, Basaidarpur, Delhi",MBBS,0+1(VV),100000
Rajasthan,"AIIMS, Jodhpur",MBBS,3,1350
Assam,"Gauhati Med Coll, Guwahati",MBBS,4,6400
Assam,"Gauhati Med Coll, Guwahati",MBBS,2+1(VV),6400
Assam,"Gauhati Med Coll, Guwahati",MBBS,1,6400
Tamil Nadu,"Stanley Med Coll, Chennai",MBBS,3,18073
Tamil Nadu,"Stanley Med Coll, Chennai",MBBS,0+3(VV),18073
Tamil Nadu,"Stanley Med Coll, Chennai",MBBS,1+1(VV),18073
Odisha,"Govt Med Coll, Balangir",MBBS,2,22000
Odisha,"Govt Med Coll, Balangir",MBBS,2,22000
Odisha,"Govt Med Coll, Balangir",MBBS,2,22000
Tamil Nadu,Govt Villupuram Med Coll,MBBS,2,18073
Tamil Nadu,Govt Villupuram Med Coll,MBBS,2,18073
Tamil Nadu,Govt Villupuram Med Coll,MBBS,0+2(VV),18073
Andhra Pradesh,"Guntur Med Coll, Guntur",MBBS,3,15000
Andhra Pradesh,"Guntur Med Coll, Guntur",MBBS,0+3(VV),15000
Andhra Pradesh,"Guntur Med Coll, Guntur",MBBS,0+3(VV),15000
Andhra Pradesh,"Guntur Med Coll, Guntur",MBBS,1,15000
Uttar Pradesh,"UP Univ of Med Sci, Etawah",MBBS,2,24000
Uttar Pradesh,"UP Univ of Med Sci, Etawah",MBBS,0+2(VV),24000
Uttar Pradesh,"UP Univ of Med Sci, Etawah",MBBS,0+2(VV),24000
Uttarakhand,"Govt Med Coll, Haldwani",MBBS,3,150000
Uttarakhand,"Govt Med Coll, Haldwani",MBBS,3,150000
Uttarakhand,"Govt Med Coll, Haldwani",MBBS,0+2(VV),150000
Uttar Pradesh,"S N Med Coll, Agra",MBBS,2,24000
Uttar Pradesh,"S N Med Coll, Agra",MBBS,1,24000
Uttar Pradesh,"S N Med Coll, Agra",MBBS,0+1(VV),24000
Madhya Pradesh,"NSC Bose Med Coll, Jabalpur",MBBS,6,100000
Madhya Pradesh,"NSC Bose Med Coll, Jabalpur",MBBS,5,100000
Madhya Pradesh,"NSC Bose Med Coll, Jabalpur",MBBS,1+3(VV),100000
Jharkhand,"Rajendra IMS, Ranchi",MBBS,4,17500
Jharkhand,"Rajendra IMS, Ranchi",MBBS,2+1(VV),17500
Jharkhand,"Rajendra IMS, Ranchi",MBBS,0+3(VV),17500
Punjab,"Govt Med Coll, Amritsar",MBBS,6,192000
Punjab,"Govt Med Coll, Amritsar",MBBS,3+3(VV),192000
Punjab,"Govt Med Coll, Amritsar",MBBS,2+3(VV),192000
Rajasthan,"Government Med Coll,Chittorgarh",MBBS,1,96029
Rajasthan,"Government Med Coll,Chittorgarh",MBBS,1,96029
Rajasthan,"Government Med Coll,Chittorgarh",MBBS,0+1(VV),96029
Uttar Pradesh,"UP Univ of Med Sci, Etawah",MBBS,4,24000
Uttar Pradesh,"UP Univ of Med Sci, Etawah",MBBS,3+1(VV),24000
Uttar Pradesh,"UP Univ of Med Sci, Etawah",MBBS,2+1(VV),24000
Gujarat,"MP Shah, Jamnagar",MBBS,2,25000
Gujarat,"MP Shah, Jamnagar",MBBS,1+1(VV),25000
Gujarat,"MP Shah, Jamnagar",MBBS,0+2(VV),25000
Uttar Pradesh,"ESIC MedCollHosp,Noida",MBBS,1,100000
Uttar Pradesh,"ESIC MedCollHosp,Noida",MBBS,1,100000
Uttar Pradesh,"LLRM Med Coll, Meerut",MBBS,2,24000
Uttar Pradesh,"LLRM Med Coll, Meerut",MBBS,1+1(VV),24000
Uttar Pradesh,"LLRM Med Coll, Meerut",MBBS,0+2(VV),24000
Rajasthan,"Govt Med Coll, Dungapur",MBBS,3,96029
Rajasthan,"Govt Med Coll, Dungapur",MBBS,3,96029
Rajasthan,"Govt Med Coll, Dungapur",MBBS,1+2(VV),96029
Rajasthan,"Govt Med Coll, Barmer",MBBS,3,96029
Rajasthan,"Govt Med Coll, Barmer",MBBS,3,96029
Rajasthan,"Govt Med Coll, Barmer",MBBS,3,96029
Delhi,"MAMC, Delhi",MBBS,1,2095
Uttar Pradesh,"BRD Med Coll, Gorakhpur",MBBS,3,24000
Uttar Pradesh,"BRD Med Coll, Gorakhpur",MBBS,3,24000
Uttar Pradesh,"BRD Med Coll, Gorakhpur",MBBS,1+2(VV),24000
Maharashtra,"Grant Med Coll, Mumbai",MBBS,3,158600
Maharashtra,"Grant Med Coll, Mumbai",MBBS,2,158600
Maharashtra,"Grant Med Coll, Mumbai",MBBS,1,158600
Chhattisgarh,"Pt JNM Med Coll, Raipur",MBBS,3,50000
Chhattisgarh,"Pt JNM Med Coll, Raipur",MBBS,0+1(VV),50000
Chhattisgarh,"Pt JNM Med Coll, Raipur",MBBS,0+1(VV),50000
Uttar Pradesh,"Govt Med Coll, Kannauj",MBBS,2,24000
Uttar Pradesh,"Govt Med Coll, Kannauj",MBBS,2,24000
Uttar Pradesh,"Govt Med Coll, Kannauj",MBBS,0+2(VV),24000
Rajasthan,"Govt Med Coll, Bharatpur",MBBS,2,96029
Rajasthan,"Govt Med Coll, Bharatpur",MBBS,2,96029
Rajasthan,"Govt Med Coll, Bharatpur",MBBS,2,96029
Karnataka,"ESI, Bangalore",MBBS,3,100000
Karnataka,"ESI, Bangalore",MBBS,2+1(VV),100000
Karnataka,"ESI, Bangalore",MBBS,1+2(VV),100000
Karnataka,"ESI, Bangalore",MBBS,3,100000
Rajasthan,"Government Med Coll, Alwar",MBBS,2,96029
Rajasthan,"Government Med Coll, Alwar",MBBS,2,96029
Rajasthan,"Government Med Coll, Alwar",MBBS,2,96029
Bihar,"IGIMS, Patna",MBBS,2,81667
Bihar,"IGIMS, Patna",MBBS,1,81667
Madhya Pradesh,"ESIC Med Coll, Indore",MBBS,1,100000
Andhra Pradesh,"SV Med Coll, Tirupati",MBBS,6,15000
Andhra Pradesh,"SV Med Coll, Tirupati",MBBS,5,15000
Andhra Pradesh,"SV Med Coll, Tirupati",MBBS,2,15000
Rajasthan,"Government Med Coll, Dausa",MBBS,1,96029
Rajasthan,"Government Med Coll, Dausa",MBBS,1,96029
Haryana,"ESI Med Coll, Faridabad",MBBS,2,100000
Haryana,"ESI Med Coll, Faridabad",MBBS,2,100000
Haryana,"ESI Med Coll, Faridabad",MBBS,1,100000
Rajasthan,"Govt Med Coll, Churu",MBBS,1,96029
Rajasthan,"Govt Med Coll, Churu",MBBS,1,96029
Rajasthan,"Govt Med Coll, Churu",MBBS,0+1(VV),96029
Madhya Pradesh,"Govt Med Coll, Ratlam",MBBS,4,100000
Madhya Pradesh,"Govt Med Coll, Ratlam",MBBS,3+1(VV),100000
Madhya Pradesh,"Govt Med Coll, Ratlam",MBBS,1+2(VV),100000
Rajasthan,"Government Med Coll, Dausa",MBBS,2,96029
Rajasthan,"Government Med Coll, Dausa",MBBS,2,96029
Rajasthan,"Government Med Coll, Dausa",MBBS,0+1(VV),96029
Telangana,"ESIC Med Coll,Sanath Nagar",MBBS,1,100000
Telangana,"ESIC Med Coll,Sanath Nagar",MBBS,0+1(VV),100000
Telangana,"ESIC Med Coll,Sanath Nagar",MBBS,1,100000
Karnataka,"KIMS, Hubli",MBBS,1,64350
Delhi,"Lady Hardinge, Delhi",MBBS,1,1665
Uttar Pradesh,"Govt Med Coll, Bulandshahr",MBBS,3,24000
Uttar Pradesh,"Govt Med Coll, Bulandshahr",MBBS,3,24000
Uttar Pradesh,"Govt Med Coll, Bulandshahr",MBBS,0+2(VV),24000
Rajasthan,"Government Med Coll, Alwar",MBBS,1,96029
Rajasthan,"Government Med Coll, Alwar",MBBS,1,96029
Madhya Pradesh,"Gandhi Med Coll, Bhopal",MBBS,3,100000
Madhya Pradesh,"Gandhi Med Coll, Bhopal",MBBS,2,100000
Madhya Pradesh,"Gandhi Med Coll, Bhopal",MBBS,1+1(VV),100000
Uttar Pradesh,"MLN Med Coll, Allahabad",MBBS,2,24000
Uttar Pradesh,"MLN Med Coll, Allahabad",MBBS,1,24000
Uttar Pradesh,"MLN Med Coll, Allahabad",MBBS,1,24000
Maharashtra,"Govt Med Coll, Mumbai",MBBS,1,158600
Maharashtra,"Govt Med Coll, Mumbai",MBBS,1,158600
Maharashtra,"Govt Med Coll, Mumbai",MBBS,0+1(VV),158600
Odisha,"Govt Med Coll, Balasore",MBBS,2,22000
Odisha,"Govt Med Coll, Balasore",MBBS,1+1(VV),22000
Odisha,"Govt Med Coll, Balasore",MBBS,1+1(VV),22000
Karnataka,"ESI, Bangalore",MBBS,2,100000
Karnataka,"ESI, Bangalore",MBBS,2,100000
Rajasthan,"Govt Med Coll, Pali",MBBS,2,96029
Rajasthan,"Govt Med Coll, Pali",MBBS,1+1(VV),96029
Rajasthan,"Govt Med Coll, Pali",MBBS,0+2(VV),96029
Assam,"AIIMS, Guwahati",MBBS,1,1350
Assam,"AIIMS, Guwahati",MBBS,1,1350
Assam,"AIIMS, Guwahati",MBBS,0+1(VV),1350
Uttar Pradesh,"MRA Med Coll, Ambedkarnagar",MBBS,1,24000
Uttar Pradesh,"MRA Med Coll, Ambedkarnagar",MBBS,1,24000
Uttar Pradesh,"MRA Med Coll, Ambedkarnagar",MBBS,0+1(VV),24000
Haryana,"BPS Govt Med Coll, Sonepat",MBBS,3,61410
Haryana,"BPS Govt Med Coll, Sonepat",MBBS,2+1(VV),61410
Haryana,"BPS Govt Med Coll, Sonepat",MBBS,2+1(VV),61410
Uttar Pradesh,"Auton. State Med Coll, Etah",MBBS,2,24000
Uttar Pradesh,"Auton. State Med Coll, Etah",MBBS,1+1(VV),24000
Uttar Pradesh,"Auton. State Med Coll, Etah",MBBS,0+1(VV),24000
Odisha,"Saheed Laxman Nayak, Koraput",MBBS,3,22000
Odisha,"Saheed Laxman Nayak, Koraput",MBBS,3,22000
Odisha,"Saheed Laxman Nayak, Koraput",MBBS,1,22000
Uttarakhand,"Government Med Coll, Haridwar",MBBS,2,150000
Uttarakhand,"Government Med Coll, Haridwar",MBBS,2,150000
Rajasthan,"Government Med Coll, Sirohi",MBBS,2,96029
Rajasthan,"Government Med Coll, Sirohi",MBBS,1+1(VV),96029
Rajasthan,"Government Med Coll, Sirohi",MBBS,1+1(VV),96029
Jammu and Kashmir,"Government Medical Coll,Kathua",MBBS,1,26250
Jammu and Kashmir,"Government Medical Coll,Kathua",MBBS,2,26250
Jammu and Kashmir,"Government Medical Coll,Kathua",MBBS,0+1(VV),26250
Gujarat,"PDU Med Coll, Rajkot",MBBS,2,25000
Gujarat,"PDU Med Coll, Rajkot",MBBS,1+1(VV),25000
Gujarat,"PDU Med Coll, Rajkot",MBBS,0+2(VV),25000
Maharashtra,"Govt Med Coll, Baramati",MBBS,2,158600
Maharashtra,"Govt Med Coll, Baramati",MBBS,2,158600
Maharashtra,"Govt Med Coll, Baramati",MBBS,0+2(VV),158600
Andhra Pradesh,"Rangaraya Med Coll, Kakinada",MBBS,6,15000
Andhra Pradesh,"Rangaraya Med Coll, Kakinada",MBBS,4+2(VV),15000
Andhra Pradesh,"Rangaraya Med Coll, Kakinada",MBBS,1+2(VV),15000
Maharashtra,"Rajiv Gandhi MC & CSMH, Thane",MBBS,2,158600
Maharashtra,"Rajiv Gandhi MC & CSMH, Thane",MBBS,2,158600
Maharashtra,"Rajiv Gandhi MC & CSMH, Thane",MBBS,0+2(VV),158600
Chhattisgarh,"CIMS, Bilaspur",MBBS,3,50000
Chhattisgarh,"CIMS, Bilaspur",MBBS,3,50000
Chhattisgarh,"CIMS, Bilaspur",MBBS,0+2(VV),50000
Rajasthan,"Govt Med Coll, Sri Ganganagar",MBBS,2,96029
Rajasthan,"Govt Med Coll, Sri Ganganagar",MBBS,2,96029
Rajasthan,"Govt Med Coll, Sri Ganganagar",MBBS,2,96029
Rajasthan,Government Medical College Bundi,MBBS,1,96029
Rajasthan,Government Medical College Bundi,MBBS,1,96029
Rajasthan,Government Medical College Bundi,MBBS,0+1(VV),96029
Madhya Pradesh,"Govt Med Coll, Shivpuri",MBBS,2,100000
Madhya Pradesh,"Govt Med Coll, Shivpuri",MBBS,1,100000
Madhya Pradesh,"Govt Med Coll, Shivpuri",MBBS,1,100000
Uttar Pradesh,"MLB Med Coll, Jhansi",MBBS,2,24000
Uttar Pradesh,"MLB Med Coll, Jhansi",MBBS,2,24000
Uttar Pradesh,"MLB Med Coll, Jhansi",MBBS,1+1(VV),24000
Bihar,"IGIMS, Patna",MBBS,3,81667
Bihar,"IGIMS, Patna",MBBS,2+1(VV),81667
Bihar,"IGIMS, Patna",MBBS,1+1(VV),81667
Haryana,"SHKM, Nalhar",MBBS,3,61410
Haryana,"SHKM, Nalhar",MBBS,2+1(VV),61410
Haryana,"SHKM, Nalhar",MBBS,1+1(VV),61410
Tamil Nadu,"KAPV Med Coll, Trichy",MBBS,3,18073
Tamil Nadu,"KAPV Med Coll, Trichy",MBBS,2,18073
Tamil Nadu,"KAPV Med Coll, Trichy",MBBS,2,18073
Uttar Pradesh,"Auto. State MedColl, Kanpur Dehat",MBBS,1,24000
Uttar Pradesh,"Auto. State MedColl, Kanpur Dehat",MBBS,0+1(VV),24000
Uttar Pradesh,"Auto. State MedColl, Kanpur Dehat",MBBS,0+1(VV),24000
Tamil Nadu,"Govt Med Coll, Thiruvallur",MBBS,1,18073
Tamil Nadu,"Govt Med Coll, Thiruvallur",MBBS,1,18073
Andhra Pradesh,"Govt Siddhartha, Vijaywada",MBBS,2,15000
Andhra Pradesh,"Govt Siddhartha, Vijaywada",MBBS,1+1(VV),15000
Andhra Pradesh,"Govt Siddhartha, Vijaywada",MBBS,0+2(VV),15000
Jammu and Kashmir,"Sher-I-Kashmir, Srinagar",MBBS,2,36400
Jammu and Kashmir,"Sher-I-Kashmir, Srinagar",MBBS,1,36400
West Bengal,"Medical College, Kolkata",MBBS,3,9000
West Bengal,"Medical College, Kolkata",MBBS,2+1(VV),9000
West Bengal,"Medical College, Kolkata",MBBS,0+1(VV),9000
Rajasthan,"GMC, Tonk",MBBS,1,96029
Rajasthan,"GMC, Tonk",MBBS,0+1(VV),96029
Himachal Pradesh,"Govt Med Coll, Chamba",MBBS,2,50000
Himachal Pradesh,"Govt Med Coll, Chamba",MBBS,2,50000
Himachal Pradesh,"Govt Med Coll, Chamba",MBBS,0+2(VV),50000
Himachal Pradesh,"Govt Med Coll, Chamba",MBBS,1,50000
Bihar,"ESIC Med Coll, Patna",MBBS,2,100000
Bihar,"ESIC Med Coll, Patna",MBBS,0+1(VV),100000
Rajasthan,Government Medical College Bundi,MBBS,2,96029
Rajasthan,Government Medical College Bundi,MBBS,1+1(VV),96029
Rajasthan,Government Medical College Bundi,MBBS,1+1(VV),96029
Rajasthan,Government Medical College Bundi,MBBS,1,96029
Haryana,"AB Vajpay GovtMedColl,Faridabad",MBBS,2,61410
Haryana,"AB Vajpay GovtMedColl,Faridabad",MBBS,2,61410
Haryana,"AB Vajpay GovtMedColl,Faridabad",MBBS,2,61410
Rajasthan,"Government Med Coll, Dholpur",MBBS,2,96029
Rajasthan,"Government Med Coll, Dholpur",MBBS,1+1(VV),96029
Rajasthan,"Government Med Coll, Dholpur",MBBS,0+2(VV),96029
Uttar Pradesh,"Govt Med Coll, Faizabad",MBBS,2,24000
Uttar Pradesh,"Govt Med Coll, Faizabad",MBBS,2,24000
Uttar Pradesh,"Govt Med Coll, Faizabad",MBBS,1+1(VV),24000
Tamil Nadu,Govt Theni Med Coll,MBBS,2,18073
Tamil Nadu,Govt Theni Med Coll,MBBS,2,18073
Tamil Nadu,Govt Theni Med Coll,MBBS,0+1(VV),18073
Madhya Pradesh,"Govt Med Coll, Neemuch",MBBS,2,100000
Madhya Pradesh,"Govt Med Coll, Neemuch",MBBS,2,100000
Madhya Pradesh,"Govt Med Coll, Neemuch",MBBS,0+2(VV),100000
Rajasthan,"Government Med Coll, Sirohi",MBBS,1,96029
Rajasthan,"Government Med Coll, Sirohi",MBBS,1,96029
Rajasthan,"Government Med Coll, Karauli",MBBS,3,96029
Rajasthan,"Government Med Coll, Karauli",MBBS,3,96029
Rajasthan,"Government Med Coll, Karauli",MBBS,2,96029
Maharashtra,"ESI, Andheri, Mumbai",MBBS,1,100000
Maharashtra,"ESI, Andheri, Mumbai",MBBS,1,100000
Rajasthan,"Govt Med Coll, Jhunjhunu",MBBS,2,96029
Rajasthan,"Govt Med Coll, Jhunjhunu",MBBS,2,96029
Rajasthan,"Govt Med Coll, Jhunjhunu",MBBS,0+1(VV),96029
Bihar,"Patna Med Coll, Patna",MBBS,5,9500
Bihar,"Patna Med Coll, Patna",MBBS,2+2(VV),9500
Bihar,"Patna Med Coll, Patna",MBBS,1+3(VV),9500
Karnataka,"Shri Atal Bihari Vajpayee, BLR",MBBS,3,64350
Karnataka,"Shri Atal Bihari Vajpayee, BLR",MBBS,3+1(VV),64350
Karnataka,"Shri Atal Bihari Vajpayee, BLR",MBBS,2,64350
Madhya Pradesh,"SSMC, Rewa",MBBS,3,100000
Madhya Pradesh,"SSMC, Rewa",MBBS,2+1(VV),100000
Madhya Pradesh,"SSMC, Rewa",MBBS,1+2(VV),100000
Punjab,"DrBRAmbedkar State IMS,Mohali",MBBS,2,192000
Punjab,"DrBRAmbedkar State IMS,Mohali",MBBS,2,192000
Punjab,"DrBRAmbedkar State IMS,Mohali",MBBS,2,192000
Madhya Pradesh,"Govt Med Coll, Datia",MBBS,3,100000
Madhya Pradesh,"Govt Med Coll, Datia",MBBS,3,100000
Madhya Pradesh,"Govt Med Coll, Datia",MBBS,1+1(VV),100000
Tamil Nadu,"Mohan Kumaramangalam, Salem",MBBS,3,18073
Tamil Nadu,"Mohan Kumaramangalam, Salem",MBBS,3,18073
Tamil Nadu,"Mohan Kumaramangalam, Salem",MBBS,1,18073
Rajasthan,"Government Med Coll, Hanumangarh",MBBS,3,96029
Rajasthan,"Government Med Coll, Hanumangarh",MBBS,3,96029
Rajasthan,"Government Med Coll, Hanumangarh",MBBS,1+1(VV),96029
Uttar Pradesh,"Govt Med Coll, Azamgarh",MBBS,2,24000
Uttar Pradesh,"Govt Med Coll, Azamgarh",MBBS,2,24000
Uttar Pradesh,"Govt Med Coll, Azamgarh",MBBS,0+2(VV),24000
Rajasthan,"Govt Med Coll, Sawai Madhopur",MBBS,2,96029
Rajasthan,"Govt Med Coll, Sawai Madhopur",MBBS,2,96029
Rajasthan,"Govt Med Coll, Sawai Madhopur",MBBS,1,96029
Maharashtra,"Govt Med Coll, Nagpur",MBBS,3,158600
Maharashtra,"Govt Med Coll, Nagpur",MBBS,2,158600
Maharashtra,"Govt Med Coll, Nagpur",MBBS,0+2(VV),158600
Kerala,"Medical College, Trivandrum",MBBS,6,23150
Kerala,"Medical College, Trivandrum",MBBS,3,23150
Kerala,"Medical College, Trivandrum",MBBS,1+1(VV),23150
Uttarakhand,"Soban Singh Govt Inst, Almora",MBBS,2,150000
Uttarakhand,"Soban Singh Govt Inst, Almora",MBBS,2,150000
Uttarakhand,"Soban Singh Govt Inst, Almora",MBBS,1+1(VV),150000
Uttarakhand,"Soban Singh Govt Inst, Almora",MBBS,1,150000
Madhya Pradesh,"NSC Bose Med Coll, Jabalpur",MBBS,3,100000
Madhya Pradesh,"NSC Bose Med Coll, Jabalpur",MBBS,3,100000
Madhya Pradesh,"NSC Bose Med Coll, Jabalpur",MBBS,0+3(VV),100000
Punjab,"ESIC MedCollHosp,Ludhiana",MBBS,2,100000
Punjab,"ESIC MedCollHosp,Ludhiana",MBBS,1+1(VV),100000
Punjab,"ESIC MedCollHosp,Ludhiana",MBBS,1,100000
Rajasthan,"Govt Med Coll, Nagaur",MBBS,3,96029
Rajasthan,"Govt Med Coll, Nagaur",MBBS,3,96029
Rajasthan,"Govt Med Coll, Nagaur",MBBS,1+1(VV),96029
Uttar Pradesh,"Govt Med Coll, Badaun",MBBS,2,24000
Uttar Pradesh,"Govt Med Coll, Badaun",MBBS,1+1(VV),24000
Uttar Pradesh,"Govt Med Coll, Badaun",MBBS,2,24000
Tamil Nadu,Govt Dharmapuri Med Coll,MBBS,2,18073
Tamil Nadu,Govt Dharmapuri Med Coll,MBBS,2,18073
Bihar,"Nalanda Med Coll, Patna",MBBS,3,9500
Bihar,"Nalanda Med Coll, Patna",MBBS,3,9500
Bihar,"Nalanda Med Coll, Patna",MBBS,1+1(VV),9500
Rajasthan,"Govt Med Coll, Baran",MBBS,2,96029
Rajasthan,"Govt Med Coll, Baran",MBBS,2,96029
Rajasthan,"Govt Med Coll, Baran",MBBS,0+2(VV),96029
Rajasthan,"Govt Med Coll, Baran",MBBS,1,96029
Karnataka,"KIMS, Hubli",MBBS,4,64350
Karnataka,"KIMS, Hubli",MBBS,2+1(VV),64350
Karnataka,"KIMS, Hubli",MBBS,0+1(VV),64350
West Bengal,"RG Kar Med Coll, Kolkata",MBBS,6,9000
West Bengal,"RG Kar Med Coll, Kolkata",MBBS,6,9000
West Bengal,"RG Kar Med Coll, Kolkata",MBBS,3+3(VV),9000
Rajasthan,"Govt Med Coll, Banswara",MBBS,1,96029
Rajasthan,"Govt Med Coll, Banswara",MBBS,1,96029
Rajasthan,"Govt Med Coll, Banswara",MBBS,0+1(VV),96029
Jharkhand,"Shaheed Nirmal Mahto, Dhanbad",MBBS,2,7400
Jharkhand,"Shaheed Nirmal Mahto, Dhanbad",MBBS,2,7400
Jharkhand,"Shaheed Nirmal Mahto, Dhanbad",MBBS,0+1(VV),7400
Rajasthan,"Govt Med Coll, Barmer",MBBS,2,96029
Rajasthan,"Govt Med Coll, Barmer",MBBS,2,96029
Rajasthan,"Govt Med Coll, Barmer",MBBS,0+2(VV),96029
Rajasthan,"GMC, Tonk",MBBS,1,96029
Rajasthan,"GMC, Tonk",MBBS,1,96029
Gujarat,"Govt Med Coll, Bhavnagar",MBBS,3,25000
Gujarat,"Govt Med Coll, Bhavnagar",MBBS,2+1(VV),25000
Gujarat,"Govt Med Coll, Bhavnagar",MBBS,2+1(VV),25000
Gujarat,"Govt Med Coll, Bhavnagar",MBBS,1,25000
Rajasthan,"GMC, Jaisalmer",MBBS,1,96029
Rajasthan,"GMC, Jaisalmer",MBBS,1,96029
Karnataka,"ESIC Med Coll,Gulbarga",MBBS,1,100000
Karnataka,"ESIC Med Coll,Gulbarga",MBBS,1,100000
Karnataka,"ESIC Med Coll,Gulbarga",MBBS,0+1(VV),100000
Himachal Pradesh,"Govt Med Coll, Nahan",MBBS,3,50000
Himachal Pradesh,"Govt Med Coll, Nahan",MBBS,3,50000
Himachal Pradesh,"Govt Med Coll, Nahan",MBBS,1+2(VV),50000
Uttar Pradesh,"Rajkiya Med Coll, Jalaun",MBBS,3,24000
Uttar Pradesh,"Rajkiya Med Coll, Jalaun",MBBS,2,24000
Uttar Pradesh,"Rajkiya Med Coll, Jalaun",MBBS,1+1(VV),24000
Madhya Pradesh,"Atal Bihari Vajpayee, Vidisha",MBBS,3,100000
Madhya Pradesh,"Atal Bihari Vajpayee, Vidisha",MBBS,3,100000
Madhya Pradesh,"Atal Bihari Vajpayee, Vidisha",MBBS,2+1(VV),100000
Madhya Pradesh,"Atal Bihari Vajpayee, Vidisha",MBBS,2,100000
Uttar Pradesh,"MRA Med Coll, Ambedkarnagar",MBBS,2,24000
Uttar Pradesh,"MRA Med Coll, Ambedkarnagar",MBBS,2,24000
Uttar Pradesh,"MRA Med Coll, Ambedkarnagar",MBBS,1+1(VV),24000
Haryana,"SHKM, Nalhar",MBBS,1,61410
Haryana,"SHKM, Nalhar",MBBS,1,61410
Haryana,"SHKM, Nalhar",MBBS,0+1(VV),61410
Haryana,"Pt Neki Ram Sharma GovtMedColl, Bhiwani",MBBS,1,61410
Haryana,"Pt Neki Ram Sharma GovtMedColl, Bhiwani",MBBS,1,61410
Goa,"Goa Med Coll, Panaji",MBBS,4,154050
Goa,"Goa Med Coll, Panaji",MBBS,2+2(VV),154050
Goa,"Goa Med Coll, Panaji",MBBS,3+1(VV),154050
Manipur,"JNIMS, Imphal",MBBS,3,6000
Manipur,"JNIMS, Imphal",MBBS,0+3(VV),6000
Manipur,"JNIMS, Imphal",MBBS,0+1(VV),6000
Punjab,"Guru Govind Singh, Faridkot",MBBS,2,192000
Punjab,"Guru Govind Singh, Faridkot",MBBS,2,192000
Punjab,"Guru Govind Singh, Faridkot",MBBS,3+1(VV),192000
Uttar Pradesh,"Govt Allopathic Med Coll,Banda",MBBS,2,24000
Uttar Pradesh,"Govt Allopathic Med Coll,Banda",MBBS,2,24000
Uttar Pradesh,"Govt Allopathic Med Coll,Banda",MBBS,1+1(VV),24000
Bihar,"Sri Krishna, Muzzafarpur",MBBS,1,9500
Bihar,"Sri Krishna, Muzzafarpur",MBBS,1,9500
Bihar,"Sri Krishna, Muzzafarpur",MBBS,0+1(VV),9500
Tamil Nadu,"ESI PGIMSR, KK Nagar, Chennai",MBBS,4,100000
Tamil Nadu,"ESI PGIMSR, KK Nagar, Chennai",MBBS,4,100000
Tamil Nadu,"ESI PGIMSR, KK Nagar, Chennai",MBBS,2+2(VV),100000
Madhya Pradesh,"Govt Med Coll, Chhindwara",MBBS,2,100000
Madhya Pradesh,"Govt Med Coll, Chhindwara",MBBS,3,100000
Madhya Pradesh,"Govt Med Coll, Chhindwara",MBBS,0+3(VV),100000
Uttarakhand,"Doon Med Coll, Dehradun",MBBS,2,150000
Uttarakhand,"Doon Med Coll, Dehradun",MBBS,1+1(VV),150000
Uttarakhand,"Doon Med Coll, Dehradun",MBBS,1+1(VV),150000
Uttarakhand,"Doon Med Coll, Dehradun",MBBS,1,150000
Madhya Pradesh,"Govt Med Coll, Ratlam",MBBS,2,100000
Madhya Pradesh,"Govt Med Coll, Ratlam",MBBS,1+1(VV),100000
Madhya Pradesh,"Govt Med Coll, Ratlam",MBBS,0+1(VV),100000
Rajasthan,"Govt Med Coll, Dungapur",MBBS,2,96029
Rajasthan,"Govt Med Coll, Dungapur",MBBS,2,96029
Rajasthan,"Govt Med Coll, Dungapur",MBBS,1+1(VV),96029
Maharashtra,"HBT & RN Cooper, Mumbai",MBBS,2,158600
Maharashtra,"HBT & RN Cooper, Mumbai",MBBS,2,158600
Maharashtra,"HBT & RN Cooper, Mumbai",MBBS,1,158600
Madhya Pradesh,"Bundelkhand Med Coll, Sagar",MBBS,3,100000
Madhya Pradesh,"Bundelkhand Med Coll, Sagar",MBBS,3+1(VV),100000
Madhya Pradesh,"Bundelkhand Med Coll, Sagar",MBBS,1+3(VV),100000
Madhya Pradesh,"Bundelkhand Med Coll, Sagar",MBBS,1,100000
Odisha,Government Med Coll Bhawanipatna,MBBS,2,22000
Odisha,Government Med Coll Bhawanipatna,MBBS,2,22000
Odisha,Government Med Coll Bhawanipatna,MBBS,0+1(VV),22000
Tamil Nadu,Govt Vellore Med Coll,MBBS,3,18073
Tamil Nadu,Govt Vellore Med Coll,MBBS,3,18073
Tamil Nadu,Govt Vellore Med Coll,MBBS,2+1(VV),18073
Haryana,"Pt BD Sharma, Rohtak",MBBS,3,61410
Haryana,"Pt BD Sharma, Rohtak",MBBS,3,61410
Haryana,"Pt BD Sharma, Rohtak",MBBS,0+1(VV),61410
Rajasthan,"Government Med Coll, Dholpur",MBBS,1,96029
Rajasthan,"Government Med Coll, Dholpur",MBBS,1,96029
Rajasthan,"Government Med Coll, Dholpur",MBBS,0+1(VV),96029
Tamil Nadu,Govt Thiruvannamalai Med Coll,MBBS,2,18073
Tamil Nadu,Govt Thiruvannamalai Med Coll,MBBS,2,18073
Tamil Nadu,Govt Thiruvannamalai Med Coll,MBBS,0+2(VV),18073
West Bengal,"College of Med & SDH, Kolkata",MBBS,2,9000
West Bengal,"College of Med & SDH, Kolkata",MBBS,1+1(VV),9000
West Bengal,"College of Med & SDH, Kolkata",MBBS,1+1(VV),9000
West Bengal,"College of Med & SDH, Kolkata",MBBS,1,9000
West Bengal,"Nilratan Sircar, Kolkata",MBBS,1,9000
West Bengal,"Nilratan Sircar, Kolkata",MBBS,1,9000
West Bengal,"Nilratan Sircar, Kolkata",MBBS,0+1(VV),9000
Uttar Pradesh,"Govt Med Coll, Shahjhanpur",MBBS,2,24000
Uttar Pradesh,"Govt Med Coll, Shahjhanpur",MBBS,2,24000
Uttar Pradesh,"Govt Med Coll, Shahjhanpur",MBBS,0+2(VV),24000
Kerala,"Govt Med Coll, Thrissur",MBBS,2,23150
Kerala,"Govt Med Coll, Thrissur",MBBS,1+1(VV),23150
Kerala,"Govt Med Coll, Thrissur",MBBS,0+1(VV),23150
Assam,"Gauhati Med Coll, Guwahati",MBBS,1,6400
Madhya Pradesh,"Govt Med Coll, Mandsaur",MBBS,2,100000
Madhya Pradesh,"Govt Med Coll, Mandsaur",MBBS,2,100000
Madhya Pradesh,"Govt Med Coll, Mandsaur",MBBS,1+1(VV),100000
Uttarakhand,"VCSG Med Coll, Pauri Garhwal",MBBS,2,150000
Uttarakhand,"VCSG Med Coll, Pauri Garhwal",MBBS,1+1(VV),150000
Uttarakhand,"VCSG Med Coll, Pauri Garhwal",MBBS,2,150000
Assam,"Assam Med Coll, Dibrugarh",MBBS,2,6400
Assam,"Assam Med Coll, Dibrugarh",MBBS,2,6400
Assam,"Assam Med Coll, Dibrugarh",MBBS,0+1(VV),6400
Rajasthan,"Government Med Coll, Karauli",MBBS,2,96029
Rajasthan,"Government Med Coll, Karauli",MBBS,2,96029
Rajasthan,"Government Med Coll, Karauli",MBBS,1,96029
Uttarakhand,"Government Med Coll, Haridwar",MBBS,1,150000
Uttarakhand,"Government Med Coll, Haridwar",MBBS,1,150000
Uttarakhand,"Government Med Coll, Haridwar",MBBS,0+1(VV),150000
Uttar Pradesh,"Auto. State MedColl, Kanpur Dehat",MBBS,2,24000
Uttar Pradesh,"Auto. State MedColl, Kanpur Dehat",MBBS,2,24000
Uttar Pradesh,"Auto. State MedColl, Kanpur Dehat",MBBS,0+2(VV),24000
Madhya Pradesh,"Atal Bihari Vajpayee, Vidisha",MBBS,1,100000
Madhya Pradesh,"Atal Bihari Vajpayee, Vidisha",MBBS,1,100000
Madhya Pradesh,"Atal Bihari Vajpayee, Vidisha",MBBS,0+1(VV),100000
Uttar Pradesh,"BRD Med Coll, Gorakhpur",MBBS,2,24000
Uttar Pradesh,"BRD Med Coll, Gorakhpur",MBBS,1+1(VV),24000
Uttar Pradesh,"BRD Med Coll, Gorakhpur",MBBS,0+2(VV),24000
Uttar Pradesh,"Govt Med Coll, Bulandshahr",MBBS,1,24000
Uttar Pradesh,"Govt Med Coll, Bulandshahr",MBBS,0+1(VV),24000
Uttar Pradesh,"Govt Med Coll, Bulandshahr",MBBS,1,24000
Madhya Pradesh,"Govt Med Coll, Shahdol, MP",MBBS,1,100000
Madhya Pradesh,"Govt Med Coll, Shahdol, MP",MBBS,1,100000
Uttar Pradesh,"Auton. State Med Coll, Deoria",MBBS,1,24000
Uttar Pradesh,"Auton. State Med Coll, Deoria",MBBS,1,24000
Uttar Pradesh,"Auton. State Med Coll, Deoria",MBBS,0+1(VV),24000
Maharashtra,"Govt Med Coll, Alibag",MBBS,1,158600
Maharashtra,"Govt Med Coll, Alibag",MBBS,1,158600
Jammu and Kashmir,"Govt Med Coll, Srinagar",MBBS,4,26250
Jammu and Kashmir,"Govt Med Coll, Srinagar",MBBS,4,26250
Jammu and Kashmir,"Govt Med Coll, Srinagar",MBBS,1+2(VV),26250
Madhya Pradesh,"Bundelkhand Med Coll, Sagar",MBBS,2,100000
Madhya Pradesh,"Bundelkhand Med Coll, Sagar",MBBS,2,100000
Madhya Pradesh,"Bundelkhand Med Coll, Sagar",MBBS,0+2(VV),100000
Maharashtra,"BJMC, Pune",MBBS,3,158600
Maharashtra,"BJMC, Pune",MBBS,2+1(VV),158600
Maharashtra,"BJMC, Pune",MBBS,1+2(VV),158600
Andhra Pradesh,"Rajiv Gandhi IMS, Ongole",MBBS,3,15000
Andhra Pradesh,"Rajiv Gandhi IMS, Ongole",MBBS,3,15000
Andhra Pradesh,"Rajiv Gandhi IMS, Ongole",MBBS,0+3(VV),15000
Maharashtra,"Govt Med Coll, Jalgaon",MBBS,3,158600
Maharashtra,"Govt Med Coll, Jalgaon",MBBS,1+2(VV),158600
Maharashtra,"Govt Med Coll, Jalgaon",MBBS,0+3(VV),158600
Uttar Pradesh,"Auto. State Med Coll, Bijnor",MBBS,3,24000
Uttar Pradesh,"Auto. State Med Coll, Bijnor",MBBS,3,24000
Uttar Pradesh,"Auto. State Med Coll, Bijnor",MBBS,2,24000
Uttar Pradesh,"Auto. State Med Coll, Lalitpur",MBBS,2,24000
Uttar Pradesh,"Auto. State Med Coll, Lalitpur",MBBS,1+1(VV),24000
Uttar Pradesh,"Auto. State Med Coll, Lalitpur",MBBS,1+1(VV),24000
Telangana,"Kakatiya Med Coll, Warangal",MBBS,4,14000
Telangana,"Kakatiya Med Coll, Warangal",MBBS,4,14000
Telangana,"Kakatiya Med Coll, Warangal",MBBS,2+2(VV),14000
Uttar Pradesh,"Auton. State Med Coll, Hardoi",MBBS,2,24000
Uttar Pradesh,"Auton. State Med Coll, Hardoi",MBBS,1+1(VV),24000
Uttar Pradesh,"Auton. State Med Coll, Hardoi",MBBS,1+1(VV),24000
Haryana,"Maharishi Chyawan Med Coll,Koriawas",MBBS,3,61410
Haryana,"Maharishi Chyawan Med Coll,Koriawas",MBBS,3,61410
Haryana,"Maharishi Chyawan Med Coll,Koriawas",MBBS,2,61410
Madhya Pradesh,"Govt Med Coll, Khandwa",MBBS,3,100000
Madhya Pradesh,"Govt Med Coll, Khandwa",MBBS,3,100000
Madhya Pradesh,"Govt Med Coll, Khandwa",MBBS,0+3(VV),100000
Uttar Pradesh,"Govt Med Coll, Auraiya",MBBS,1,24000
Uttar Pradesh,"Govt Med Coll, Auraiya",MBBS,1,24000
Uttar Pradesh,"Govt Med Coll, Auraiya",MBBS,0+1(VV),24000
Rajasthan,"Govt Med Coll, Jhunjhunu",MBBS,1,96029
Rajasthan,"Govt Med Coll, Jhunjhunu",MBBS,1,96029
Rajasthan,"Govt Med Coll, Jhunjhunu",MBBS,0+1(VV),96029
Madhya Pradesh,"Govt Med Coll, Khandwa",MBBS,1,100000
Madhya Pradesh,"Govt Med Coll, Khandwa",MBBS,1,100000
Madhya Pradesh,"Govt Med Coll, Khandwa",MBBS,0+1(VV),100000
Uttar Pradesh,"Govt Med Coll, Badaun",MBBS,1,24000
Uttar Pradesh,"Govt Med Coll, Badaun",MBBS,1,24000
Maharashtra,"Topiwala, Mumbai",MBBS,2,158600
Maharashtra,"Topiwala, Mumbai",MBBS,2,158600
Maharashtra,"Topiwala, Mumbai",MBBS,1+1(VV),158600
Chhattisgarh,"Government Med Coll, Korba",MBBS,1,50000
Chhattisgarh,"Government Med Coll, Korba",MBBS,1,50000
Chhattisgarh,"Government Med Coll, Korba",MBBS,0+1(VV),50000
Maharashtra,"MPGIMER, Nashik",MBBS,1,158600
Maharashtra,"MPGIMER, Nashik",MBBS,1,158600
Maharashtra,"MPGIMER, Nashik",MBBS,1,158600
Uttar Pradesh,"Auto. State Med Coll, Pilibhit",MBBS,2,24000
Uttar Pradesh,"Auto. State Med Coll, Pilibhit",MBBS,2,24000
Uttar Pradesh,"Auto. State Med Coll, Pilibhit",MBBS,0+2(VV),24000
Bihar,"AN Magadh, Gaya",MBBS,3,9500
Bihar,"AN Magadh, Gaya",MBBS,2+1(VV),9500
Bihar,"AN Magadh, Gaya",MBBS,1+1(VV),9500
Telangana,"AIIMS, Bibinagar",MBBS,1,1350
Telangana,"AIIMS, Bibinagar",MBBS,0+1(VV),1350
Madhya Pradesh,"SSMC, Rewa",MBBS,2,100000
Madhya Pradesh,"SSMC, Rewa",MBBS,1+1(VV),100000
Madhya Pradesh,"SSMC, Rewa",MBBS,1+1(VV),100000
Odisha,"Government MedColl&Hosp, Phulbani",MBBS,3,22000
Odisha,"Government MedColl&Hosp, Phulbani",MBBS,0+1(VV),22000
Kerala,"Govt Med Coll, Kottayam",MBBS,4,23150
Kerala,"Govt Med Coll, Kottayam",MBBS,2,23150
Kerala,"Govt Med Coll, Kottayam",MBBS,0+1(VV),23150
Kerala,"Govt Med Coll, Kottayam",MBBS,1,23150
Tamil Nadu,Thanjavur Med Coll,MBBS,2,18073
Tamil Nadu,Thanjavur Med Coll,MBBS,0+1(VV),18073
Tamil Nadu,Thanjavur Med Coll,MBBS,0+1(VV),18073
Uttar Pradesh,"Auton. State Med Coll, Deoria",MBBS,1,24000
Uttar Pradesh,"Govt Med Coll, Bahraich",MBBS,3,24000
Uttar Pradesh,"Govt Med Coll, Bahraich",MBBS,2+1(VV),24000
Uttar Pradesh,"Govt Med Coll, Bahraich",MBBS,3,24000
Karnataka,"Shri Atal Bihari Vajpayee, BLR",MBBS,1,64350
Karnataka,"Shri Atal Bihari Vajpayee, BLR",MBBS,2,64350
Karnataka,"Shri Atal Bihari Vajpayee, BLR",MBBS,2,64350
Uttar Pradesh,"Govt Med Coll, Faizabad",MBBS,1,24000
Uttar Pradesh,"Govt Med Coll, Faizabad",MBBS,1,24000
Uttar Pradesh,"Govt Med Coll, Faizabad",MBBS,1,24000
Jharkhand,"MGM Med Coll, Jamshedpur",MBBS,2,9130
Jharkhand,"MGM Med Coll, Jamshedpur",MBBS,2,9130
Jharkhand,"MGM Med Coll, Jamshedpur",MBBS,1,9130
Jharkhand,"MGM Med Coll, Jamshedpur",MBBS,1+1(VV),9130
Uttar Pradesh,"Auton. State Med Coll,Fatehpur",MBBS,2,24000
Uttar Pradesh,"Auton. State Med Coll,Fatehpur",MBBS,2,24000
Uttar Pradesh,"Auton. State Med Coll,Fatehpur",MBBS,1+1(VV),24000
Maharashtra,"Govt Med Coll, Miraj",MBBS,5,158600
Maharashtra,"Govt Med Coll, Miraj",MBBS,4,158600
Maharashtra,"Govt Med Coll, Miraj",MBBS,1+3(VV),158600
Madhya Pradesh,"Govt Med Coll, Neemuch",MBBS,1,100000
Madhya Pradesh,"Govt Med Coll, Neemuch",MBBS,1,100000
Madhya Pradesh,"Govt Med Coll, Neemuch",MBBS,0+1(VV),100000
Uttar Pradesh,"Auton. State Med Coll,Mirzapur",MBBS,2,24000
Uttar Pradesh,"Auton. State Med Coll,Mirzapur",MBBS,2,24000
Uttar Pradesh,"Auton. State Med Coll,Mirzapur",MBBS,0+1(VV),24000
Uttar Pradesh,"Auton. State Med Coll,Mirzapur",MBBS,1,24000
Uttar Pradesh,"Dr ZA Dental Coll, AMU,Aligarh",BDS,5,53000
Uttar Pradesh,"Dr ZA Dental Coll, AMU,Aligarh",BDS,0+4(VV),53000
Uttar Pradesh,"Dr ZA Dental Coll, AMU,Aligarh",BDS,0+3(VV),53000
West Bengal,"ESI, Joka, Kolkata",MBBS,2,100000
West Bengal,"ESI, Joka, Kolkata",MBBS,2,100000
West Bengal,"ESI, Joka, Kolkata",MBBS,3,100000
Tamil Nadu,Tirunelveli Med Coll,MBBS,4,18073
Tamil Nadu,Tirunelveli Med Coll,MBBS,4,18073
Tamil Nadu,Tirunelveli Med Coll,MBBS,2+1(VV),18073
Uttar Pradesh,"Govt Med Coll, Rampur, Basti",MBBS,3,24000
Uttar Pradesh,"Govt Med Coll, Rampur, Basti",MBBS,2+1(VV),24000
Uttar Pradesh,"Govt Med Coll, Rampur, Basti",MBBS,0+3(VV),24000
Maharashtra,"Rajiv Gandhi MC & CSMH, Thane",MBBS,1,158600
Maharashtra,"Rajiv Gandhi MC & CSMH, Thane",MBBS,1,158600
Maharashtra,"Rajiv Gandhi MC & CSMH, Thane",MBBS,0+1(VV),158600
West Bengal,"ESI, Joka, Kolkata",MBBS,1,100000
West Bengal,"ESI, Joka, Kolkata",MBBS,1,100000
Uttarakhand,"Govt Med Coll, Haldwani",MBBS,2,150000
Uttarakhand,"Govt Med Coll, Haldwani",MBBS,1+1(VV),150000
Uttarakhand,"Govt Med Coll, Haldwani",MBBS,0+2(VV),150000
Madhya Pradesh,"Govt Med Coll, Mandsaur",MBBS,1,100000
Madhya Pradesh,"Govt Med Coll, Mandsaur",MBBS,1,100000
Maharashtra,"Indira Gandhi MedColl, Nagpur",MBBS,2,158600
Maharashtra,"Indira Gandhi MedColl, Nagpur",MBBS,1+1(VV),158600
Maharashtra,"Indira Gandhi MedColl, Nagpur",MBBS,1+1(VV),158600
Maharashtra,"VMMC, Solapur",MBBS,2,158600
Maharashtra,"VMMC, Solapur",MBBS,1+1(VV),158600
Maharashtra,"VMMC, Solapur",MBBS,0+1(VV),158600
Madhya Pradesh,"Govt Med Coll, Seoni",MBBS,2,100000
Madhya Pradesh,"Govt Med Coll, Seoni",MBBS,2,100000
Madhya Pradesh,"Govt Med Coll, Seoni",MBBS,2,100000
Madhya Pradesh,"Govt Med Coll, Seoni",MBBS,1,100000
Uttar Pradesh,"Auto. State Med Coll, Kushinagar",MBBS,2,24000
Uttar Pradesh,"Auto. State Med Coll, Kushinagar",MBBS,2,24000
Uttar Pradesh,"Auto. State Med Coll, Kushinagar",MBBS,0+1(VV),24000
Maharashtra,"Lokmanya Tilak, Sion, Mumbai",MBBS,3,158600
Maharashtra,"Lokmanya Tilak, Sion, Mumbai",MBBS,2,158600
Maharashtra,"Lokmanya Tilak, Sion, Mumbai",MBBS,1+2(VV),158600
Bihar,"Vardhman IMS, Nalanda",MBBS,2,9500
Bihar,"Vardhman IMS, Nalanda",MBBS,2,9500
Bihar,"Vardhman IMS, Nalanda",MBBS,1+1(VV),9500
Maharashtra,"Govt Med Coll, Aurangabad",MBBS,2,158600
Maharashtra,"Govt Med Coll, Aurangabad",MBBS,1+1(VV),158600
Maharashtra,"Govt Med Coll, Aurangabad",MBBS,0+2(VV),158600
Maharashtra,"Rajarshee CSM Govt MC,Kolhapur",MBBS,3,158600
Maharashtra,"Rajarshee CSM Govt MC,Kolhapur",MBBS,3,158600
Maharashtra,"Rajarshee CSM Govt MC,Kolhapur",MBBS,1+2(VV),158600
Rajasthan,"Govt Med Coll, Nagaur",MBBS,1,96029
Rajasthan,"Govt Med Coll, Nagaur",MBBS,1,96029
Rajasthan,"Govt Med Coll, Nagaur",MBBS,1,96029
Uttar Pradesh,"UP Univ of Med Sci, Etawah",MBBS,1,24000
Uttar Pradesh,"UP Univ of Med Sci, Etawah",MBBS,0+1(VV),24000
Uttar Pradesh,"UP Univ of Med Sci, Etawah",MBBS,1,24000
Maharashtra,"Shri VR Naik Govt, Yavatmal",MBBS,4,158600
Maharashtra,"Shri VR Naik Govt, Yavatmal",MBBS,2+1(VV),158600
Maharashtra,"Shri VR Naik Govt, Yavatmal",MBBS,0+3(VV),158600
Rajasthan,"Govt Med Coll, Sri Ganganagar",MBBS,1,96029
Rajasthan,"Govt Med Coll, Sri Ganganagar",MBBS,0+1(VV),96029
Rajasthan,"Govt Med Coll, Sri Ganganagar",MBBS,1,96029
Madhya Pradesh,"GMC, Sheopur",MBBS,2,100000
Madhya Pradesh,"GMC, Sheopur",MBBS,0+2(VV),100000
Rajasthan,"Government Med Coll, Hanumangarh",MBBS,1,96029
Rajasthan,"Government Med Coll, Hanumangarh",MBBS,1,96029
Rajasthan,"Government Med Coll, Hanumangarh",MBBS,0+1(VV),96029
Bihar,"Govt Med Coll, Bettiah",MBBS,2,9500
Bihar,"Govt Med Coll, Bettiah",MBBS,2,9500
Bihar,"Govt Med Coll, Bettiah",MBBS,0+2(VV),9500
Jammu and Kashmir,"Sher-I-Kashmir, Srinagar",MBBS,3,36400
Jammu and Kashmir,"Sher-I-Kashmir, Srinagar",MBBS,2+1(VV),36400
Jammu and Kashmir,"Sher-I-Kashmir, Srinagar",MBBS,3,36400
Uttar Pradesh,"Auton. State Med Coll, Etah",MBBS,1,24000
Uttar Pradesh,"Auton. State Med Coll, Etah",MBBS,1,24000
Uttar Pradesh,"Auton. State Med Coll, Etah",MBBS,1,24000
Bihar,"Sri Krishna, Muzzafarpur",MBBS,2,9500
Bihar,"Sri Krishna, Muzzafarpur",MBBS,1+1(VV),9500
Bihar,"Sri Krishna, Muzzafarpur",MBBS,0+2(VV),9500
Uttar Pradesh,"Auton.State MedColl,Pratapgarh",MBBS,3,24000
Uttar Pradesh,"Auton.State MedColl,Pratapgarh",MBBS,3,24000
Uttar Pradesh,"Auton.State MedColl,Pratapgarh",MBBS,1+2(VV),24000
Uttar Pradesh,"Govt Med Coll, Kannauj",MBBS,1,24000
Uttar Pradesh,"Govt Med Coll, Kannauj",MBBS,1,24000
Uttar Pradesh,"Govt Med Coll, Kannauj",MBBS,0+1(VV),24000
Telangana,"Govt Med Coll, Nizamabad",MBBS,2,14000
Telangana,"Govt Med Coll, Nizamabad",MBBS,2,14000
Telangana,"Govt Med Coll, Nizamabad",MBBS,1,14000
Himachal Pradesh,"DrRadhakrishnan GovtColl,Hamirpur",MBBS,1,50000
Himachal Pradesh,"DrRadhakrishnan GovtColl,Hamirpur",MBBS,1,50000
Himachal Pradesh,"DrRadhakrishnan GovtColl,Hamirpur",MBBS,1,50000
Madhya Pradesh,"Govt Med Coll, Shahdol, MP",MBBS,3,100000
Madhya Pradesh,"Govt Med Coll, Shahdol, MP",MBBS,3,100000
Madhya Pradesh,"Govt Med Coll, Shahdol, MP",MBBS,0+3(VV),100000
Bihar,"Darbhanga, Lehriasarai",MBBS,3,9500
Bihar,"Darbhanga, Lehriasarai",MBBS,3,9500
Bihar,"Darbhanga, Lehriasarai",MBBS,0+1(VV),9500
Uttar Pradesh,"Auton. StateMed,Siddharthnagar",MBBS,2,24000
Uttar Pradesh,"Auton. StateMed,Siddharthnagar",MBBS,1+1(VV),24000
Uttar Pradesh,"Auton. StateMed,Siddharthnagar",MBBS,1+1(VV),24000
West Bengal,Burdwan Medical College,MBBS,5,9000
West Bengal,Burdwan Medical College,MBBS,3+1(VV),9000
West Bengal,Burdwan Medical College,MBBS,1+3(VV),9000
Karnataka,"ESIC Med Coll,Gulbarga",MBBS,3,100000
Karnataka,"ESIC Med Coll,Gulbarga",MBBS,2+1(VV),100000
Karnataka,"ESIC Med Coll,Gulbarga",MBBS,1+1(VV),100000
Madhya Pradesh,"Government Med Coll, Satna",MBBS,2,100000
Madhya Pradesh,"Government Med Coll, Satna",MBBS,2,100000
Madhya Pradesh,"Government Med Coll, Satna",MBBS,0+2(VV),100000
Karnataka,"Mandya IMS, Mandya",MBBS,3,64350
Karnataka,"Mandya IMS, Mandya",MBBS,3,64350
Karnataka,"Mandya IMS, Mandya",MBBS,1+1(VV),64350
Bihar,"Jawaharlal Nehru, Bhagalpur",MBBS,3,9500
Bihar,"Jawaharlal Nehru, Bhagalpur",MBBS,3,9500
Bihar,"Jawaharlal Nehru, Bhagalpur",MBBS,1+2(VV),9500
Bihar,"Jawaharlal Nehru, Bhagalpur",MBBS,1,9500
Chhattisgarh,"Govt Med Coll, Rajnandgaon",MBBS,3,50000
Chhattisgarh,"Govt Med Coll, Rajnandgaon",MBBS,2,50000
Chhattisgarh,"Govt Med Coll, Rajnandgaon",MBBS,1+1(VV),50000
Andhra Pradesh,"Rajiv Gandhi IMS, Kadapa",MBBS,3,15000
Andhra Pradesh,"Rajiv Gandhi IMS, Kadapa",MBBS,1+2(VV),15000
Andhra Pradesh,"Rajiv Gandhi IMS, Kadapa",MBBS,0+3(VV),15000
Rajasthan,"Govt Med Coll, Baran",MBBS,1,96029
Rajasthan,"Govt Med Coll, Baran",MBBS,1,96029
Rajasthan,"Govt Med Coll, Baran",MBBS,1,96029
Madhya Pradesh,"Govt Med Coll, Shivpuri",MBBS,1,100000
Madhya Pradesh,"Govt Med Coll, Shivpuri",MBBS,1,100000
Madhya Pradesh,"Govt Med Coll, Shivpuri",MBBS,0+1(VV),100000
Odisha,"Pt Raghunath Med Coll,Baripada",MBBS,2,22000
Odisha,"Pt Raghunath Med Coll,Baripada",MBBS,1+1(VV),22000
Odisha,"Pt Raghunath Med Coll,Baripada",MBBS,2,22000
Maharashtra,"VMMC, Solapur",MBBS,4,158600
Maharashtra,"VMMC, Solapur",MBBS,3+1(VV),158600
Maharashtra,"VMMC, Solapur",MBBS,3+1(VV),158600
Uttar Pradesh,"Auto. State Med Coll, Sultanpur",MBBS,3,24000
Uttar Pradesh,"Auto. State Med Coll, Sultanpur",MBBS,2+1(VV),24000
Uttar Pradesh,"Auto. State Med Coll, Sultanpur",MBBS,0+3(VV),24000
Uttar Pradesh,"Govt Med Coll, Azamgarh",MBBS,1,24000
Uttar Pradesh,"Govt Med Coll, Azamgarh",MBBS,1,24000
Uttar Pradesh,"Govt Med Coll, Azamgarh",MBBS,0+1(VV),24000
Uttar Pradesh,"Govt Med Coll, Azamgarh",MBBS,1,24000
Telangana,"Govt Med Coll, Suryapet",MBBS,2,14000
Telangana,"Govt Med Coll, Suryapet",MBBS,0+1(VV),14000
Telangana,"Govt Med Coll, Suryapet",MBBS,0+1(VV),14000
Punjab,"Govt Med Coll, Patiala",MBBS,3,192000
Punjab,"Govt Med Coll, Patiala",MBBS,2+1(VV),192000
Punjab,"Govt Med Coll, Patiala",MBBS,1+2(VV),192000
Madhya Pradesh,"Govt Med Coll, Seoni",MBBS,1,100000
Madhya Pradesh,"Govt Med Coll, Seoni",MBBS,1,100000
Madhya Pradesh,"Govt Med Coll, Seoni",MBBS,0+1(VV),100000
Uttar Pradesh,"Auton. State Med Coll,Ghazipur",MBBS,2,24000
Uttar Pradesh,"Auton. State Med Coll,Ghazipur",MBBS,1+1(VV),24000
Uttar Pradesh,"Auton. State Med Coll,Ghazipur",MBBS,0+2(VV),24000
Madhya Pradesh,"Govt Med Coll, Datia",MBBS,1,100000
Madhya Pradesh,"Govt Med Coll, Datia",MBBS,1,100000
Madhya Pradesh,"Govt Med Coll, Datia",MBBS,1,100000
Kerala,"GMC, Kasaragod",MBBS,1,23150
Kerala,"GMC, Kasaragod",MBBS,0+1(VV),23150
Kerala,"GMC, Kasaragod",MBBS,1,23150
Karnataka,"Belagavi IMS, Belagavi",MBBS,3,64350
Karnataka,"Belagavi IMS, Belagavi",MBBS,4,64350
Karnataka,"Belagavi IMS, Belagavi",MBBS,1+2(VV),64350
Maharashtra,"Govt Med Coll, Nanded",MBBS,4,158600
Maharashtra,"Govt Med Coll, Nanded",MBBS,4,158600
Maharashtra,"Govt Med Coll, Nanded",MBBS,2+1(VV),158600
Himachal Pradesh,"Govt Med Coll, Nahan",MBBS,2,50000
Himachal Pradesh,"Govt Med Coll, Nahan",MBBS,1+1(VV),50000
Himachal Pradesh,"Govt Med Coll, Nahan",MBBS,0+2(VV),50000
Uttar Pradesh,"Govt Med Coll, Kaushambi",MBBS,2,24000
Uttar Pradesh,"Govt Med Coll, Kaushambi",MBBS,2,24000
Uttar Pradesh,"Govt Med Coll, Kaushambi",MBBS,1+1(VV),24000
Bihar,"Nalanda Med Coll, Patna",MBBS,2,9500
Bihar,"Nalanda Med Coll, Patna",MBBS,1+1(VV),9500
Bihar,"Nalanda Med Coll, Patna",MBBS,0+2(VV),9500
Bihar,"Nalanda Med Coll, Patna",MBBS,1,9500
Madhya Pradesh,"GMC, Singrauli",MBBS,1,100000
Madhya Pradesh,"GMC, Singrauli",MBBS,1,100000
Uttar Pradesh,"Auton. State Med Coll, Jaunpur",MBBS,2,24000
Uttar Pradesh,"Auton. State Med Coll, Jaunpur",MBBS,1+1(VV),24000
Uttar Pradesh,"Auton. State Med Coll, Jaunpur",MBBS,2,24000
Maharashtra,"ESI, Andheri, Mumbai",MBBS,1,100000
Maharashtra,"ESI, Andheri, Mumbai",MBBS,0+1(VV),100000
Uttar Pradesh,"Govt Med Coll, Lakhimpur Kheri",MBBS,3,24000
Uttar Pradesh,"Govt Med Coll, Lakhimpur Kheri",MBBS,3,24000
Uttar Pradesh,"Govt Med Coll, Lakhimpur Kheri",MBBS,2+1(VV),24000
Uttar Pradesh,"Govt Med Coll, Lakhimpur Kheri",MBBS,1,24000
Himachal Pradesh,"Govt Med Coll, Chamba",MBBS,1,50000
Himachal Pradesh,"Govt Med Coll, Chamba",MBBS,1,50000
Himachal Pradesh,"Govt Med Coll, Chamba",MBBS,1,50000
Chhattisgarh,"BaliramKashyap NDMC, Jagdalpur",MBBS,3,50000
Chhattisgarh,"BaliramKashyap NDMC, Jagdalpur",MBBS,2,50000
Chhattisgarh,"BaliramKashyap NDMC, Jagdalpur",MBBS,0+1(VV),50000
Uttar Pradesh,"Govt Med Coll, Gonda",MBBS,2,24000
Uttar Pradesh,"Govt Med Coll, Gonda",MBBS,1+1(VV),24000
Uttar Pradesh,"Govt Med Coll, Gonda",MBBS,0+1(VV),24000
Jharkhand,"Dumka Medical Coll,Dighi Dumka",MBBS,2,20100
Jharkhand,"Dumka Medical Coll,Dighi Dumka",MBBS,1+1(VV),20100
Jharkhand,"Dumka Medical Coll,Dighi Dumka",MBBS,1+1(VV),20100
Bihar,"Jannayak Karpoori Med,Madhepura",MBBS,2,9500
Bihar,"Jannayak Karpoori Med,Madhepura",MBBS,2,9500
Bihar,"Jannayak Karpoori Med,Madhepura",MBBS,1+1(VV),9500
Bihar,"Jawaharlal Nehru, Bhagalpur",MBBS,1,9500
Bihar,"Jawaharlal Nehru, Bhagalpur",MBBS,1,9500
Bihar,"Jawaharlal Nehru, Bhagalpur",MBBS,0+1(VV),9500
Bihar,"Jawaharlal Nehru, Bhagalpur",MBBS,1,9500
Andhra Pradesh,"ACSR Govt Med Coll, Nellore",MBBS,3,15000
Andhra Pradesh,"ACSR Govt Med Coll, Nellore",MBBS,2,15000
Andhra Pradesh,"ACSR Govt Med Coll, Nellore",MBBS,0+2(VV),15000
Jharkhand,"Hazaribagh Med Coll,Hazaribagh",MBBS,3,9180
Jharkhand,"Hazaribagh Med Coll,Hazaribagh",MBBS,3,9180
Jharkhand,"Hazaribagh Med Coll,Hazaribagh",MBBS,1,9180
Jammu and Kashmir,"Government Med Coll, Udhampur",MBBS,2,27060
Jammu and Kashmir,"Government Med Coll, Udhampur",MBBS,2,27060
Jammu and Kashmir,"Government Med Coll, Udhampur",MBBS,0+2(VV),27060
Uttar Pradesh,"Govt Med Coll, Chandauli",MBBS,2,24000
Uttar Pradesh,"Govt Med Coll, Chandauli",MBBS,1,24000
Uttar Pradesh,"Govt Med Coll, Chandauli",MBBS,0+1(VV),24000
Uttar Pradesh,"Govt Allopathic Med Coll,Banda",MBBS,1,24000
Uttar Pradesh,"Govt Allopathic Med Coll,Banda",MBBS,1,24000
Uttar Pradesh,"Govt Allopathic Med Coll,Banda",MBBS,1,24000
Bihar,"ESIC Med Coll, Patna",MBBS,1,100000
Bihar,"ESIC Med Coll, Patna",MBBS,0+1(VV),100000
Uttar Pradesh,"Rajkiya Med Coll, Jalaun",MBBS,2,24000
Uttar Pradesh,"Rajkiya Med Coll, Jalaun",MBBS,2,24000
Uttar Pradesh,"Rajkiya Med Coll, Jalaun",MBBS,0+1(VV),24000
Uttar Pradesh,"Autonomous Med Coll, Sonebhadra",MBBS,2,24000
Uttar Pradesh,"Autonomous Med Coll, Sonebhadra",MBBS,2,24000
Uttar Pradesh,"Autonomous Med Coll, Sonebhadra",MBBS,1+1(VV),24000
Maharashtra,"Govt Med Coll, Nandurbar",MBBS,2,158600
Maharashtra,"Govt Med Coll, Nandurbar",MBBS,1,158600
Maharashtra,"Govt Med Coll, Nandurbar",MBBS,1,158600
Uttarakhand,"VCSG Med Coll, Pauri Garhwal",MBBS,1,150000
Uttarakhand,"VCSG Med Coll, Pauri Garhwal",MBBS,1,150000
Uttarakhand,"VCSG Med Coll, Pauri Garhwal",MBBS,1,150000
Jharkhand,"MGM Med Coll, Jamshedpur",MBBS,1,9130
Jharkhand,"MGM Med Coll, Jamshedpur",MBBS,1,9130
Jharkhand,"MGM Med Coll, Jamshedpur",MBBS,1,9130
Jharkhand,"MGM Med Coll, Jamshedpur",MBBS,1,9130
Odisha,"Govt Med Coll and Hosp, Jajpur",MBBS,1,22000
Odisha,"Govt Med Coll and Hosp, Jajpur",MBBS,1,22000
Odisha,"Govt Med Coll and Hosp, Jajpur",MBBS,1,22000
Maharashtra,"Govt Med Coll, Akola",MBBS,4,158600
Maharashtra,"Govt Med Coll, Akola",MBBS,3+1(VV),158600
Maharashtra,"Govt Med Coll, Akola",MBBS,2+2(VV),158600
Chhattisgarh,"Govt Med Coll, Ambikapur",MBBS,3,50000
Chhattisgarh,"Govt Med Coll, Ambikapur",MBBS,3,50000
Chhattisgarh,"Govt Med Coll, Ambikapur",MBBS,0+3(VV),50000
West Bengal,"NBMC, Darjeeling",MBBS,5,9000
West Bengal,"NBMC, Darjeeling",MBBS,4,9000
West Bengal,"NBMC, Darjeeling",MBBS,3+1(VV),9000
West Bengal,"NBMC, Darjeeling",MBBS,1,9000
Bihar,"Government Med Coll, Purnea",MBBS,2,9500
Bihar,"Government Med Coll, Purnea",MBBS,1+1(VV),9500
Bihar,"Government Med Coll, Purnea",MBBS,1,9500
Jammu and Kashmir,"Government Med Coll, Udhampur",MBBS,1,27060
Jammu and Kashmir,"Government Med Coll, Udhampur",MBBS,1,27060
Jammu and Kashmir,"Government Med Coll, Udhampur",MBBS,1,27060
Maharashtra,"SRTT, Ambajogai",MBBS,3,158600
Maharashtra,"SRTT, Ambajogai",MBBS,3,158600
Maharashtra,"SRTT, Ambajogai",MBBS,0+3(VV),158600
Punjab,"Govt Med Coll, Amritsar",MBBS,2,192000
Punjab,"Govt Med Coll, Amritsar",MBBS,1+1(VV),192000
Punjab,"Govt Med Coll, Amritsar",MBBS,0+2(VV),192000
Tamil Nadu,"Govt Med Coll & ESI,Coimbatore",MBBS,2,18073
Tamil Nadu,"Govt Med Coll & ESI,Coimbatore",MBBS,2,18073
Tamil Nadu,"Govt Med Coll & ESI,Coimbatore",MBBS,1,18073
Telangana,"Govt Med Coll, Mahabubnagar",MBBS,3,14000
Telangana,"Govt Med Coll, Mahabubnagar",MBBS,2+1(VV),14000
Telangana,"Govt Med Coll, Mahabubnagar",MBBS,0+1(VV),14000
Karnataka,"VIMS, Bellary",MBBS,5,64350
Karnataka,"VIMS, Bellary",MBBS,5+1(VV),64350
Karnataka,"VIMS, Bellary",MBBS,0+4(VV),64350
Kerala,"Govt Med Coll, Kollam",MBBS,2,23150
Kerala,"Govt Med Coll, Kollam",MBBS,2,23150
Kerala,"Govt Med Coll, Kollam",MBBS,2,23150
Kerala,"Govt Med Coll, Kollam",MBBS,2,23150
Tamil Nadu,Kanyakumari Med Coll,MBBS,3,18073
Tamil Nadu,Kanyakumari Med Coll,MBBS,3,18073
Tamil Nadu,Kanyakumari Med Coll,MBBS,0+2(VV),18073
Chhattisgarh,"CCM Govt Medical College, Durg",MBBS,5,50000
Chhattisgarh,"CCM Govt Medical College, Durg",MBBS,5,50000
Chhattisgarh,"CCM Govt Medical College, Durg",MBBS,0+5(VV),50000
Uttar Pradesh,"Auton. State Med Coll,Amethi",MBBS,3,24000
Uttar Pradesh,"Auton. State Med Coll,Amethi",MBBS,1,24000
Uttar Pradesh,"Auton. State Med Coll,Amethi",MBBS,1,24000
Uttar Pradesh,"Govt Med Coll, Rampur, Basti",MBBS,1,24000
Uttar Pradesh,"Govt Med Coll, Rampur, Basti",MBBS,0+1(VV),24000
Uttar Pradesh,"Govt Med Coll, Rampur, Basti",MBBS,0+1(VV),24000
Uttar Pradesh,"Auton. State Med Coll,Mirzapur",MBBS,1,24000
Uttar Pradesh,"Auton. State Med Coll,Mirzapur",MBBS,1,24000
Uttar Pradesh,"Auton. State Med Coll,Mirzapur",MBBS,0+1(VV),24000
Jammu and Kashmir,"Government Med Coll,Rajouri",MBBS,1,26250
Jammu and Kashmir,"Government Med Coll,Rajouri",MBBS,1,26250
Jammu and Kashmir,"Government Med Coll,Rajouri",MBBS,0+1(VV),26250
Karnataka,"Mandya IMS, Mandya",MBBS,2,64350
Karnataka,"Mandya IMS, Mandya",MBBS,2,64350
Karnataka,"Mandya IMS, Mandya",MBBS,0+2(VV),64350
Delhi,"VMMC, Delhi",MBBS,10,41000
Madhya Pradesh,"AIIMS, Bhopal",MBBS,3,1350
Uttar Pradesh,"Govt Med Coll, Shahjhanpur",MBBS,1,24000
Uttar Pradesh,"Govt Med Coll, Shahjhanpur",MBBS,1,24000
Uttar Pradesh,"Govt Med Coll, Shahjhanpur",MBBS,1,24000
Kerala,"Medical College, Trivandrum",MBBS,3,23150
Kerala,"Medical College, Trivandrum",MBBS,3,23150
Kerala,"Medical College, Trivandrum",MBBS,0+3(VV),23150
Madhya Pradesh,"AIIMS, Bhopal",MBBS,1,1350
Madhya Pradesh,"Govt Med Coll, Chhindwara",MBBS,1,100000
Madhya Pradesh,"Govt Med Coll, Chhindwara",MBBS,2,100000
Madhya Pradesh,"Govt Med Coll, Chhindwara",MBBS,0+2(VV),100000
Chhattisgarh,"Lakhi Ram Agrawal, Raigarh",MBBS,2,50000
Chhattisgarh,"Lakhi Ram Agrawal, Raigarh",MBBS,2,50000
Chhattisgarh,"Lakhi Ram Agrawal, Raigarh",MBBS,2,50000
Maharashtra,"Sri Bhausaheb, Dhule",MBBS,3,158600
Maharashtra,"Sri Bhausaheb, Dhule",MBBS,3,158600
Maharashtra,"Sri Bhausaheb, Dhule",MBBS,1+2(VV),158600
Bihar,"Vardhman IMS, Nalanda",MBBS,1,9500
Bihar,"Vardhman IMS, Nalanda",MBBS,1,9500
Bihar,"Vardhman IMS, Nalanda",MBBS,1,9500
Uttar Pradesh,"Auton. State Med Coll, Hardoi",MBBS,1,24000
Uttar Pradesh,"Auton. State Med Coll, Hardoi",MBBS,1,24000
Uttar Pradesh,"Auton. State Med Coll, Hardoi",MBBS,0+1(VV),24000
West Bengal,Calcutta National Med Coll,MBBS,3,9000
West Bengal,Calcutta National Med Coll,MBBS,3,9000
West Bengal,Calcutta National Med Coll,MBBS,1,9000
Kerala,"Govt Med Coll, Ernakulam",MBBS,3,23150
Kerala,"Govt Med Coll, Ernakulam",MBBS,3,23150
Kerala,"Govt Med Coll, Ernakulam",MBBS,2+1(VV),23150
Uttar Pradesh,"Auto. State Med Coll, Bijnor",MBBS,1,24000
Uttar Pradesh,"Auto. State Med Coll, Bijnor",MBBS,1,24000
Chhattisgarh,"CIMS, Bilaspur",MBBS,1,50000
Chhattisgarh,"CIMS, Bilaspur",MBBS,0+1(VV),50000
Chhattisgarh,"CIMS, Bilaspur",MBBS,0+1(VV),50000
Maharashtra,"Govt Med Coll, Latur",MBBS,3,158600
Maharashtra,"Govt Med Coll, Latur",MBBS,3,158600
Maharashtra,"Govt Med Coll, Latur",MBBS,3,158600
Karnataka,"Gulbarga IMS, Gulbarga",MBBS,4,64350
Karnataka,"Gulbarga IMS, Gulbarga",MBBS,5,64350
Karnataka,"Gulbarga IMS, Gulbarga",MBBS,0+2(VV),64350
Jammu and Kashmir,"Government Med Coll,Rajouri",MBBS,2,26250
Jammu and Kashmir,"Government Med Coll,Rajouri",MBBS,2,26250
Jammu and Kashmir,"Government Med Coll,Rajouri",MBBS,0+2(VV),26250
Jammu and Kashmir,"Government Med Coll,Rajouri",MBBS,1,26250
Jammu and Kashmir,"Government Med Coll,Rajouri",MBBS,1,26250
Telangana,"Govt Med Coll, Quthbullapur",MBBS,1,14000
Telangana,"Govt Med Coll, Quthbullapur",MBBS,1,14000
Telangana,"Govt Med Coll, Quthbullapur",MBBS,0+1(VV),14000
Telangana,"Govt Med Coll, Quthbullapur",MBBS,1,14000
Odisha,"Government Med Coll, Sundargarh",MBBS,2,22000
Odisha,"Government Med Coll, Sundargarh",MBBS,1+1(VV),22000
Odisha,"Government Med Coll, Sundargarh",MBBS,1+1(VV),22000
Jharkhand,"Palamu Medical College, Palamu",MBBS,2,9200
Jharkhand,"Palamu Medical College, Palamu",MBBS,1+1(VV),9200
Jharkhand,"Palamu Medical College, Palamu",MBBS,0+2(VV),9200
Jharkhand,"Shaheed Nirmal Mahto, Dhanbad",MBBS,1,7400
Jharkhand,"Shaheed Nirmal Mahto, Dhanbad",MBBS,1,7400
Jharkhand,"Shaheed Nirmal Mahto, Dhanbad",MBBS,0+1(VV),7400
West Bengal,"MJN Med Coll, Coochbehar",MBBS,1,9000
West Bengal,"MJN Med Coll, Coochbehar",MBBS,1,9000
West Bengal,"MJN Med Coll, Coochbehar",MBBS,1,9000
Maharashtra,"Government Med Coll, Amravati",MBBS,2,158600
Maharashtra,"Government Med Coll, Amravati",MBBS,2,158600
Maharashtra,"Government Med Coll, Amravati",MBBS,2,158600
Karnataka,"Hassan IMS, Hassan",MBBS,3,64350
Karnataka,"Hassan IMS, Hassan",MBBS,5,64350
Karnataka,"Hassan IMS, Hassan",MBBS,1+3(VV),64350
Maharashtra,"Govt Med Coll, Chandrapur",MBBS,3,158600
Maharashtra,"Govt Med Coll, Chandrapur",MBBS,3,158600
Maharashtra,"Govt Med Coll, Chandrapur",MBBS,1+2(VV),158600
Maharashtra,"Govt Med Coll, Gondia",MBBS,3,158600
Maharashtra,"Govt Med Coll, Gondia",MBBS,3,158600
Maharashtra,"Govt Med Coll, Gondia",MBBS,1+2(VV),158600
Maharashtra,"Govt Med Coll, Gondia",MBBS,1,158600
West Bengal,"College of Med & JNM, Kalyani",MBBS,2,9000
West Bengal,"College of Med & JNM, Kalyani",MBBS,2,9000
West Bengal,"College of Med & JNM, Kalyani",MBBS,1+1(VV),9000
West Bengal,"College of Med & JNM, Kalyani",MBBS,1,9000
Bihar,"Darbhanga, Lehriasarai",MBBS,1,9500
Bihar,"Darbhanga, Lehriasarai",MBBS,1,9500
Bihar,"Darbhanga, Lehriasarai",MBBS,0+1(VV),9500
Bihar,"AN Magadh, Gaya",MBBS,1,9500
Bihar,"AN Magadh, Gaya",MBBS,1,9500
Bihar,"AN Magadh, Gaya",MBBS,0+1(VV),9500
Odisha,"Government Med Coll, Keonjhar",MBBS,3,22000
Odisha,"Government Med Coll, Keonjhar",MBBS,3,22000
Odisha,"Government Med Coll, Keonjhar",MBBS,2+1(VV),22000
Odisha,"Government Med Coll, Keonjhar",MBBS,1,22000
Uttar Pradesh,"Govt Med Coll, Gonda",MBBS,1,24000
Uttar Pradesh,"Govt Med Coll, Gonda",MBBS,1,24000
Odisha,"Pabitra Mohan Pradhan MedColl&Hosp,Talcher",MBBS,2,22000
Odisha,"Pabitra Mohan Pradhan MedColl&Hosp,Talcher",MBBS,2,22000
Maharashtra,"Govt Med Coll, Satara",MBBS,2,158600
Maharashtra,"Govt Med Coll, Satara",MBBS,2,158600
Maharashtra,"Govt Med Coll, Satara",MBBS,1+1(VV),158600
Telangana,"Govt Med Coll, Mahabubnagar",MBBS,2,14000
Telangana,"Govt Med Coll, Mahabubnagar",MBBS,0+2(VV),14000
Telangana,"Govt Med Coll, Mahabubnagar",MBBS,2,14000
Telangana,"Govt Med Coll, Mahabubnagar",MBBS,1,14000
Tamil Nadu,"Kilpauk Med Coll, Chennai",MBBS,2,18073
Tamil Nadu,"Kilpauk Med Coll, Chennai",MBBS,0+1(VV),18073
Tamil Nadu,"Kilpauk Med Coll, Chennai",MBBS,0+1(VV),18073
Kerala,"Govt Med Coll, Thrissur",MBBS,4,23150
Kerala,"Govt Med Coll, Thrissur",MBBS,2+1(VV),23150
Kerala,"Govt Med Coll, Thrissur",MBBS,1+2(VV),23150
Kerala,"Govt Med Coll, Thrissur",MBBS,1,23150
Odisha,"SCB, Cuttack",MBBS,3,22000
Odisha,"SCB, Cuttack",MBBS,2,22000
Odisha,"SCB, Cuttack",MBBS,1+1(VV),22000
Maharashtra,"Govt Med Coll, Latur",MBBS,1,158600
Maharashtra,"Govt Med Coll, Latur",MBBS,1,158600
Maharashtra,"Govt Med Coll, Latur",MBBS,0+1(VV),158600
Madhya Pradesh,"AIIMS, Bhopal",MBBS,1,1350
Uttar Pradesh,"Auton. State Med Coll,Fatehpur",MBBS,2,24000
Uttar Pradesh,"Auton. State Med Coll,Fatehpur",MBBS,2,24000
Uttar Pradesh,"Auton. State Med Coll,Fatehpur",MBBS,0+1(VV),24000
Madhya Pradesh,"GMC, Sheopur",MBBS,1,100000
Madhya Pradesh,"GMC, Sheopur",MBBS,0+1(VV),100000
West Bengal,"Sarat CC Govt Med Coll, Howrah",MBBS,2,9000
West Bengal,"Sarat CC Govt Med Coll, Howrah",MBBS,2,9000
West Bengal,"Sarat CC Govt Med Coll, Howrah",MBBS,0+2(VV),9000
West Bengal,Jalpaiguri Govt Med Coll,MBBS,3,9000
West Bengal,Jalpaiguri Govt Med Coll,MBBS,3,9000
Telangana,"Govt Med Coll, Siddipet",MBBS,3,14000
Telangana,"Govt Med Coll, Siddipet",MBBS,1+2(VV),14000
Telangana,"Govt Med Coll, Siddipet",MBBS,0+2(VV),14000
Chhattisgarh,"Govt Med Coll, Kanker",MBBS,3,50000
Chhattisgarh,"Govt Med Coll, Kanker",MBBS,2+1(VV),50000
Chhattisgarh,"Govt Med Coll, Kanker",MBBS,2+1(VV),50000
Gujarat,"Govt Med College (GMERS), Morbi",MBBS,2,375000
Gujarat,"Govt Med College (GMERS), Morbi",MBBS,1+1(VV),375000
Gujarat,"Govt Med College (GMERS), Morbi",MBBS,0+1(VV),375000
Gujarat,"GMERS Medical College, Rajpipla",MBBS,2,375000
Gujarat,"GMERS Medical College, Rajpipla",MBBS,1+1(VV),375000
Gujarat,"GMERS Medical College, Rajpipla",MBBS,0+2(VV),375000
Gujarat,"GMERS Medical College, Rajpipla",MBBS,1,375000
Karnataka,"Raichur IMS, Raichur",MBBS,2,64350
Karnataka,"Raichur IMS, Raichur",MBBS,3,64350
Karnataka,"Raichur IMS, Raichur",MBBS,0+3(VV),64350
Chhattisgarh,"Government Med Coll, Mahasamund",MBBS,3,50000
Chhattisgarh,"Government Med Coll, Mahasamund",MBBS,3,50000
Chhattisgarh,"Government Med Coll, Mahasamund",MBBS,1+2(VV),50000
Maharashtra,"Govt Med Coll, Baramati",MBBS,1,158600
Maharashtra,"Govt Med Coll, Baramati",MBBS,1,158600
Maharashtra,"Govt Med Coll, Baramati",MBBS,0+1(VV),158600
Uttar Pradesh,"Auto. State Med Coll, Lalitpur",MBBS,1,24000
Uttar Pradesh,"Auto. State Med Coll, Lalitpur",MBBS,1,24000
Uttar Pradesh,"Auto. State Med Coll, Lalitpur",MBBS,1,24000
Delhi,"VMMC, Delhi",MBBS,1,41000
Madhya Pradesh,"Government Med Coll, Satna",MBBS,2,100000
Madhya Pradesh,"Government Med Coll, Satna",MBBS,2,100000
Madhya Pradesh,"Government Med Coll, Satna",MBBS,0+2(VV),100000
Telangana,"Rajiv Gandhi IMS, Adilabad",MBBS,2,14000
Telangana,"Rajiv Gandhi IMS, Adilabad",MBBS,2,14000
Telangana,"Rajiv Gandhi IMS, Adilabad",MBBS,0+2(VV),14000
Karnataka,"Bidar IMS, Bidar",MBBS,3,64350
Karnataka,"Bidar IMS, Bidar",MBBS,3,64350
Karnataka,"Bidar IMS, Bidar",MBBS,2+1(VV),64350
Maharashtra,"Government Med Coll, Osmanabad",MBBS,2,158600
Maharashtra,"Government Med Coll, Osmanabad",MBBS,2,158600
Maharashtra,"Government Med Coll, Osmanabad",MBBS,1+1(VV),158600
Andhra Pradesh,Govt Med Coll Machilipatnam,MBBS,3,15000
Andhra Pradesh,Govt Med Coll Machilipatnam,MBBS,0+1(VV),15000
Uttar Pradesh,"Govt Med Coll, Bahraich",MBBS,2,24000
Uttar Pradesh,"Govt Med Coll, Bahraich",MBBS,1+1(VV),24000
Uttar Pradesh,"Govt Med Coll, Bahraich",MBBS,0+2(VV),24000
Rajasthan,"AIIMS, Jodhpur",MBBS,1,1350
Assam,"Assam Med Coll, Dibrugarh",MBBS,4,6400
Assam,"Assam Med Coll, Dibrugarh",MBBS,3+3(VV),6400
Assam,"Assam Med Coll, Dibrugarh",MBBS,2+3(VV),6400
Assam,"Assam Med Coll, Dibrugarh",MBBS,1,6400
Assam,"Assam Med Coll, Dibrugarh",MBBS,1,6400
Maharashtra,"Shri VR Naik Govt, Yavatmal",MBBS,2,158600
Maharashtra,"Shri VR Naik Govt, Yavatmal",MBBS,1+1(VV),158600
Maharashtra,"Shri VR Naik Govt, Yavatmal",MBBS,0+2(VV),158600
Telangana,Govt Med Coll Jangaon,MBBS,2,14000
Telangana,Govt Med Coll Jangaon,MBBS,1+1(VV),14000
Telangana,Govt Med Coll Jangaon,MBBS,0+2(VV),14000
Andhra Pradesh,"Govt Med Coll, Rajamahendravaram",MBBS,3,15000
Andhra Pradesh,"Govt Med Coll, Rajamahendravaram",MBBS,3,15000
Andhra Pradesh,"Govt Med Coll, Rajamahendravaram",MBBS,2+1(VV),15000
Andhra Pradesh,"Govt Med Coll, Rajamahendravaram",MBBS,1,15000
Karnataka,"Belagavi IMS, Belagavi",MBBS,1,64350
Karnataka,"Belagavi IMS, Belagavi",MBBS,1,64350
Uttar Pradesh,"Auton. StateMed,Siddharthnagar",MBBS,1,24000
Uttar Pradesh,"Auton. StateMed,Siddharthnagar",MBBS,0+1(VV),24000
Uttar Pradesh,"Auton. StateMed,Siddharthnagar",MBBS,0+1(VV),24000
Uttarakhand,"Soban Singh Govt Inst, Almora",MBBS,1,150000
Uttarakhand,"Soban Singh Govt Inst, Almora",MBBS,1,150000
Uttarakhand,"Soban Singh Govt Inst, Almora",MBBS,0+1(VV),150000
Maharashtra,"SRTT, Ambajogai",MBBS,1,158600
Maharashtra,"SRTT, Ambajogai",MBBS,1,158600
Maharashtra,"SRTT, Ambajogai",MBBS,1,158600
Haryana,"BPS Govt Med Coll, Sonepat",MBBS,1,61410
Haryana,"BPS Govt Med Coll, Sonepat",MBBS,0+1(VV),61410
Haryana,"BPS Govt Med Coll, Sonepat",MBBS,0+1(VV),61410
Assam,"ESIC, Beltola",MBBS,1,100000
West Bengal,Midnapore Medical College,MBBS,5,9000
West Bengal,Midnapore Medical College,MBBS,4+1(VV),9000
West Bengal,Midnapore Medical College,MBBS,0+4(VV),9000
Karnataka,"Shimoga IMS, Shimoga",MBBS,4,64350
Karnataka,"Shimoga IMS, Shimoga",MBBS,4,64350
Karnataka,"Shimoga IMS, Shimoga",MBBS,1+2(VV),64350
Punjab,"Guru Govind Singh, Faridkot",MBBS,2,192000
Punjab,"Guru Govind Singh, Faridkot",MBBS,3,192000
Punjab,"Guru Govind Singh, Faridkot",MBBS,2+1(VV),192000
Odisha,"Sri Jagannath Med Coll, Puri",MBBS,1,22000
Odisha,"Sri Jagannath Med Coll, Puri",MBBS,1,22000
Haryana,"Pt Neki Ram Sharma GovtMedColl, Bhiwani",MBBS,1,61410
Haryana,"Pt Neki Ram Sharma GovtMedColl, Bhiwani",MBBS,0+1(VV),61410
West Bengal,"Barasat Govt Med Coll, Barasat",MBBS,2,9000
West Bengal,"Barasat Govt Med Coll, Barasat",MBBS,2,9000
West Bengal,"Barasat Govt Med Coll, Barasat",MBBS,1,9000
Assam,"ESIC, Beltola",MBBS,1,100000
Kerala,"TD Med Coll, Allepey",MBBS,4,23150
Kerala,"TD Med Coll, Allepey",MBBS,4,23150
Kerala,"TD Med Coll, Allepey",MBBS,1+3(VV),23150
Karnataka,"Chamrajanagar IMS, Karnataka",MBBS,1,64350
Karnataka,"Chamrajanagar IMS, Karnataka",MBBS,1,64350
Karnataka,"Chamrajanagar IMS, Karnataka",MBBS,0+1(VV),64350
West Bengal,Purulia Govt Med Coll,MBBS,2,9000
West Bengal,Purulia Govt Med Coll,MBBS,2,9000
West Bengal,Purulia Govt Med Coll,MBBS,0+2(VV),9000
Andhra Pradesh,"Rajiv Gandhi IMS, Srikakulam",MBBS,6,15000
Andhra Pradesh,"Rajiv Gandhi IMS, Srikakulam",MBBS,6,15000
Andhra Pradesh,"Rajiv Gandhi IMS, Srikakulam",MBBS,1+4(VV),15000
Andhra Pradesh,"Rajiv Gandhi IMS, Srikakulam",MBBS,1,15000
Maharashtra,"Government Med Coll, Ambernath",MBBS,3,158600
Maharashtra,"Government Med Coll, Ambernath",MBBS,1+2(VV),158600
Maharashtra,"Government Med Coll, Ambernath",MBBS,1+2(VV),158600
Karnataka,"Gadag IMS, Gadag",MBBS,3,64350
Karnataka,"Gadag IMS, Gadag",MBBS,3,64350
Karnataka,"Gadag IMS, Gadag",MBBS,1+2(VV),64350
Andhra Pradesh,"Govt Med Coll, Ananthapuram",MBBS,4,15000
Andhra Pradesh,"Govt Med Coll, Ananthapuram",MBBS,3+1(VV),15000
Andhra Pradesh,"Govt Med Coll, Ananthapuram",MBBS,1+3(VV),15000
Telangana,"Govt Med Coll, Medak",MBBS,1,14000
Telangana,"Govt Med Coll, Medak",MBBS,1,14000
Telangana,"Govt Med Coll, Medak",MBBS,0+1(VV),14000
Gujarat,"Govt Med College (GMERS), Morbi",MBBS,1,375000
Gujarat,"Govt Med College (GMERS), Morbi",MBBS,1,375000
Gujarat,"Govt Med College (GMERS), Morbi",MBBS,0+1(VV),375000
Uttar Pradesh,"Govt Med Coll, Chandauli",MBBS,1,24000
Uttar Pradesh,"Govt Med Coll, Chandauli",MBBS,1,24000
Uttar Pradesh,"Govt Med Coll, Chandauli",MBBS,0+1(VV),24000
Maharashtra,Government Med Coll Ratnagiri,MBBS,3,158600
Maharashtra,Government Med Coll Ratnagiri,MBBS,2+1(VV),158600
Maharashtra,Government Med Coll Ratnagiri,MBBS,1+2(VV),158600
Karnataka,"Chamrajanagar IMS, Karnataka",MBBS,3,64350
Karnataka,"Chamrajanagar IMS, Karnataka",MBBS,3,64350
Karnataka,"Chamrajanagar IMS, Karnataka",MBBS,0+2(VV),64350
Haryana,"Maharishi Chyawan Med Coll,Koriawas",MBBS,1,61410
Haryana,"Maharishi Chyawan Med Coll,Koriawas",MBBS,0+1(VV),61410
Madhya Pradesh,"GMC, Singrauli",MBBS,1,100000
Madhya Pradesh,"GMC, Singrauli",MBBS,1,100000
West Bengal,"RG Kar Med Coll, Kolkata",MBBS,2,9000
West Bengal,"RG Kar Med Coll, Kolkata",MBBS,2,9000
West Bengal,"RG Kar Med Coll, Kolkata",MBBS,0+1(VV),9000
Maharashtra,"Govt Med Coll, Gondia",MBBS,2,158600
Maharashtra,"Govt Med Coll, Gondia",MBBS,1,158600
Maharashtra,"Govt Med Coll, Gondia",MBBS,0+1(VV),158600
Maharashtra,"Govt Med Coll, Nandurbar",MBBS,1,158600
Maharashtra,"Govt Med Coll, Nandurbar",MBBS,1,158600
Maharashtra,"Govt Med Coll, Nandurbar",MBBS,0+1(VV),158600
Haryana,"ESI Med Coll, Faridabad",MBBS,6,24000
Haryana,"ESI Med Coll, Faridabad",MBBS,3+2(VV),24000
Haryana,"ESI Med Coll, Faridabad",MBBS,0+2(VV),24000
Tamil Nadu,"Madurai Med Coll, Madurai",MBBS,3,18073
Tamil Nadu,"Madurai Med Coll, Madurai",MBBS,3,18073
Tamil Nadu,"Madurai Med Coll, Madurai",MBBS,0+2(VV),18073
Maharashtra,"Govt Med Coll, Akola",MBBS,2,158600
Maharashtra,"Govt Med Coll, Akola",MBBS,1+1(VV),158600
Maharashtra,"Govt Med Coll, Akola",MBBS,0+2(VV),158600
Maharashtra,"Govt Med Coll, Jalgaon",MBBS,1,158600
Maharashtra,"Govt Med Coll, Jalgaon",MBBS,1,158600
Maharashtra,"Govt Med Coll, Jalgaon",MBBS,1,158600
Kerala,"Govt Med Coll, Ernakulam",MBBS,1,23150
Kerala,"Govt Med Coll, Ernakulam",MBBS,1,23150
Andhra Pradesh,Government Med Coll Vizianagaram,MBBS,3,15000
Andhra Pradesh,Government Med Coll Vizianagaram,MBBS,3,15000
Andhra Pradesh,Government Med Coll Vizianagaram,MBBS,0+2(VV),15000
Andhra Pradesh,Government Med Coll Vizianagaram,MBBS,1,15000
West Bengal,Burdwan Medical College,MBBS,2,9000
West Bengal,Burdwan Medical College,MBBS,1,9000
Kerala,"TD Med Coll, Allepey",MBBS,2,23150
Kerala,"TD Med Coll, Allepey",MBBS,1+1(VV),23150
Bihar,"Jannayak Karpoori Med,Madhepura",MBBS,1,9500
Bihar,"Jannayak Karpoori Med,Madhepura",MBBS,1,9500
Assam,"Pragjyotishpur Med Coll,Guwahati",MBBS,1,8400
Assam,"Pragjyotishpur Med Coll,Guwahati",MBBS,1,8400
Andhra Pradesh,"Government Medical College, Paderu",MBBS,1,15000
Andhra Pradesh,"Government Medical College, Paderu",MBBS,1,15000
Kerala,"Govt Med Coll, Kozhikode",MBBS,3,23150
Kerala,"Govt Med Coll, Kozhikode",MBBS,1,23150
Kerala,"Govt Med Coll, Kozhikode",MBBS,1,23150
Telangana,"Govt Med Coll, Narayanpet",MBBS,1,14000
Telangana,"Govt Med Coll, Narayanpet",MBBS,1,14000
Telangana,"Govt Med Coll, Narayanpet",MBBS,0+1(VV),14000
Uttar Pradesh,"Auton.State MedColl,Pratapgarh",MBBS,1,24000
Uttar Pradesh,"Auton.State MedColl,Pratapgarh",MBBS,0+1(VV),24000
Uttar Pradesh,"Auton.State MedColl,Pratapgarh",MBBS,0+1(VV),24000
Maharashtra,"Sri Bhausaheb, Dhule",MBBS,2,158600
Maharashtra,"Sri Bhausaheb, Dhule",MBBS,2,158600
Maharashtra,"Sri Bhausaheb, Dhule",MBBS,0+2(VV),158600
West Bengal,Malda Med Coll,MBBS,3,9000
West Bengal,Malda Med Coll,MBBS,3,9000
West Bengal,Malda Med Coll,MBBS,1+2(VV),9000
Uttar Pradesh,"Autonomous Med Coll, Sonebhadra",MBBS,1,24000
Uttar Pradesh,"Autonomous Med Coll, Sonebhadra",MBBS,1,24000
Kerala,"Govt Med Coll, Kottayam",MBBS,1,23150
Kerala,"Govt Med Coll, Kottayam",MBBS,1,23150
Kerala,"Govt Med Coll, Kottayam",MBBS,1,23150
Goa,"Goa Med Coll, Panaji",MBBS,2,154050
Goa,"Goa Med Coll, Panaji",MBBS,2,154050
Goa,"Goa Med Coll, Panaji",MBBS,1+1(VV),154050
Tamil Nadu,"Govt Erode Med Coll,Perundurai",MBBS,2,18073
Tamil Nadu,"Govt Erode Med Coll,Perundurai",MBBS,2,18073
Tamil Nadu,"Govt Erode Med Coll,Perundurai",MBBS,2,18073
West Bengal,"TamraliptoGovtMed,PurbaMedinpur",MBBS,3,9000
West Bengal,"TamraliptoGovtMed,PurbaMedinpur",MBBS,2+1(VV),9000
West Bengal,"TamraliptoGovtMed,PurbaMedinpur",MBBS,0+2(VV),9000
Telangana,"Govt Med Coll, Suryapet",MBBS,3,14000
Telangana,"Govt Med Coll, Suryapet",MBBS,3,14000
Telangana,"Govt Med Coll, Suryapet",MBBS,0+3(VV),14000
Assam,Kokrajhar Medical College,MBBS,1,6400
Assam,Kokrajhar Medical College,MBBS,0+1(VV),6400
Assam,Kokrajhar Medical College,MBBS,0+1(VV),6400
Gujarat,"Govt Med Coll (GMERS), Panchmahal",MBBS,2,375000
Gujarat,"Govt Med Coll (GMERS), Panchmahal",MBBS,2,375000
Gujarat,"Govt Med Coll (GMERS), Panchmahal",MBBS,2,375000
Kerala,"Academy of Med Sci, Pariyaram",MBBS,3,23150
Kerala,"Academy of Med Sci, Pariyaram",MBBS,3,23150
Kerala,"Academy of Med Sci, Pariyaram",MBBS,2+1(VV),23150
Telangana,"Govt Med Coll, Nalgonda",MBBS,3,14000
Telangana,"Govt Med Coll, Nalgonda",MBBS,3,14000
Telangana,"Govt Med Coll, Nalgonda",MBBS,1+2(VV),14000
Uttar Pradesh,"Auton. State Med Coll, Jaunpur",MBBS,1,24000
Uttar Pradesh,"Auton. State Med Coll, Jaunpur",MBBS,1,24000
Uttar Pradesh,"Auton. State Med Coll, Jaunpur",MBBS,0+1(VV),24000
Uttar Pradesh,"Auto. State Med Coll, Pilibhit",MBBS,1,24000
Uttar Pradesh,"Auto. State Med Coll, Pilibhit",MBBS,0+1(VV),24000
Uttar Pradesh,"Auto. State Med Coll, Pilibhit",MBBS,1,24000
Maharashtra,"MPGIMER, Nashik",MBBS,1,158600
Maharashtra,"MPGIMER, Nashik",MBBS,1,158600
Maharashtra,"MPGIMER, Nashik",MBBS,1,158600
Andhra Pradesh,SVIMS-Sri Padmavathi,MBBS,4,67900
Andhra Pradesh,SVIMS-Sri Padmavathi,MBBS,4,67900
Andhra Pradesh,SVIMS-Sri Padmavathi,MBBS,1+2(VV),67900
Andhra Pradesh,SVIMS-Sri Padmavathi,MBBS,1,67900
Maharashtra,"Government Med Coll, Buldhana",MBBS,2,158600
Maharashtra,"Government Med Coll, Buldhana",MBBS,2,158600
Maharashtra,"Government Med Coll, Buldhana",MBBS,0+2(VV),158600
Karnataka,Karwar Inst of Med Sciences,MBBS,3,64350
Karnataka,Karwar Inst of Med Sciences,MBBS,3,64350
Karnataka,Karwar Inst of Med Sciences,MBBS,0+3(VV),64350
Telangana,"Government Med Coll, Kamareddy",MBBS,2,14000
Telangana,"Government Med Coll, Kamareddy",MBBS,2,14000
Telangana,"Government Med Coll, Kamareddy",MBBS,0+2(VV),14000
Telangana,"Government Med Coll, Sangareddy",MBBS,3,14000
Telangana,"Government Med Coll, Sangareddy",MBBS,1+2(VV),14000
Telangana,"Government Med Coll, Sangareddy",MBBS,1+2(VV),14000
Telangana,"Government Med Coll, Sangareddy",MBBS,1,14000
Maharashtra,"Government Med Coll, Sindhudurg",MBBS,2,158600
Maharashtra,"Government Med Coll, Sindhudurg",MBBS,2,158600
Maharashtra,"Government Med Coll, Sindhudurg",MBBS,2,158600
Kerala,"Govt Med Coll, Manjeri",MBBS,1,23150
Kerala,"Govt Med Coll, Manjeri",MBBS,0+1(VV),23150
Kerala,"Govt Med Coll, Manjeri",MBBS,0+1(VV),23150
West Bengal,"Diamond Harbour Govt MC, WB",MBBS,3,9000
West Bengal,"Diamond Harbour Govt MC, WB",MBBS,3,9000
West Bengal,"Diamond Harbour Govt MC, WB",MBBS,0+3(VV),9000
West Bengal,"Diamond Harbour Govt MC, WB",MBBS,2,9000
Chhattisgarh,"BaliramKashyap NDMC, Jagdalpur",MBBS,1,50000
Chhattisgarh,"BaliramKashyap NDMC, Jagdalpur",MBBS,0+1(VV),50000
Chhattisgarh,"BaliramKashyap NDMC, Jagdalpur",MBBS,0+1(VV),50000
Jammu and Kashmir,"Government Medical Coll, Doda",MBBS,2,26250
Jammu and Kashmir,"Government Medical Coll, Doda",MBBS,3,26250
Jammu and Kashmir,"Government Medical Coll, Doda",MBBS,0+3(VV),26250
Karnataka,"Haveri Inst of Med Sci, Haveri",MBBS,3,64350
Karnataka,"Haveri Inst of Med Sci, Haveri",MBBS,3,64350
Karnataka,"Haveri Inst of Med Sci, Haveri",MBBS,2+1(VV),64350
Chhattisgarh,"Govt Med Coll, Rajnandgaon",MBBS,2,50000
Chhattisgarh,"Govt Med Coll, Rajnandgaon",MBBS,2,50000
Chhattisgarh,"Govt Med Coll, Rajnandgaon",MBBS,0+2(VV),50000
Gujarat,"GMERS Medical College, Navsari",MBBS,2,375000
Gujarat,"GMERS Medical College, Navsari",MBBS,2,375000
Gujarat,"GMERS Medical College, Navsari",MBBS,1+1(VV),375000
Pondicherry,"IGMC & RI, Pondicherry",MBBS,4,73700
Pondicherry,"IGMC & RI, Pondicherry",MBBS,4,73700
Pondicherry,"IGMC & RI, Pondicherry",MBBS,3+1(VV),73700
Pondicherry,"IGMC & RI, Pondicherry",MBBS,1,73700
Pondicherry,"IGMC & RI, Pondicherry",MBBS,1,73700
Andhra Pradesh,"Government Med Coll, Eluru",MBBS,3,15000
Andhra Pradesh,"Government Med Coll, Eluru",MBBS,3,15000
Andhra Pradesh,"Government Med Coll, Eluru",MBBS,2,15000
Andhra Pradesh,"Government Med Coll, Eluru",MBBS,1,15000
Uttar Pradesh,"Auto. State Med Coll, Sultanpur",MBBS,1,24000
Uttar Pradesh,"Auto. State Med Coll, Sultanpur",MBBS,0+1(VV),24000
Uttar Pradesh,"Auto. State Med Coll, Sultanpur",MBBS,0+1(VV),24000
West Bengal,Bankura Sammilani Med Coll,MBBS,5,9000
West Bengal,Bankura Sammilani Med Coll,MBBS,4+1(VV),9000
West Bengal,Bankura Sammilani Med Coll,MBBS,1+4(VV),9000
West Bengal,Bankura Sammilani Med Coll,MBBS,1,9000
Karnataka,"Shimoga IMS, Shimoga",MBBS,2,64350
Karnataka,"Shimoga IMS, Shimoga",MBBS,2,64350
Karnataka,"Shimoga IMS, Shimoga",MBBS,1,64350
West Bengal,Murshidabad Med Coll,MBBS,3,9000
West Bengal,Murshidabad Med Coll,MBBS,1+1(VV),9000
West Bengal,Murshidabad Med Coll,MBBS,0+2(VV),9000
Tamil Nadu,"Govt Med Coll, Pudukottai",MBBS,3,18073
Tamil Nadu,"Govt Med Coll, Pudukottai",MBBS,3,18073
Tamil Nadu,"Govt Med Coll, Pudukottai",MBBS,0+2(VV),18073
Maharashtra,"Rajarshee CSM Govt MC,Kolhapur",MBBS,2,158600
Maharashtra,"Rajarshee CSM Govt MC,Kolhapur",MBBS,2,158600
Maharashtra,"Rajarshee CSM Govt MC,Kolhapur",MBBS,1+1(VV),158600
West Bengal,"College of Med & SDH, Kolkata",MBBS,1,9000
West Bengal,"College of Med & SDH, Kolkata",MBBS,0+1(VV),9000
West Bengal,"College of Med & SDH, Kolkata",MBBS,0+1(VV),9000
Maharashtra,"Government Med Coll, Washim",MBBS,2,158600
Maharashtra,"Government Med Coll, Washim",MBBS,2,158600
Maharashtra,"Government Med Coll, Washim",MBBS,0+2(VV),158600
Karnataka,"VIMS, Bellary",MBBS,3,64350
Karnataka,"VIMS, Bellary",MBBS,3,64350
Karnataka,"VIMS, Bellary",MBBS,1+1(VV),64350
Jammu and Kashmir,"Government Med Coll,Anantnag",MBBS,2,34214
Jammu and Kashmir,"Government Med Coll,Anantnag",MBBS,2,34214
Jammu and Kashmir,"Government Med Coll,Anantnag",MBBS,1+1(VV),34214
Jammu and Kashmir,"Government Med Coll,Anantnag",MBBS,1,34214
West Bengal,"MJN Med Coll, Coochbehar",MBBS,1,9000
Kerala,"GMC, Wayanad",MBBS,1,23150
Kerala,"GMC, Wayanad",MBBS,0+1(VV),23150
Telangana,"Government Med Coll,Mahabubabad",MBBS,3,14000
Telangana,"Government Med Coll,Mahabubabad",MBBS,3,14000
Telangana,"Government Med Coll,Mahabubabad",MBBS,0+3(VV),14000
Uttar Pradesh,"Govt Med Coll, Kaushambi",MBBS,1,24000
Uttar Pradesh,"Govt Med Coll, Kaushambi",MBBS,1,24000
Uttar Pradesh,"Govt Med Coll, Kaushambi",MBBS,0+1(VV),24000
Andhra Pradesh,"Government Med Coll, Nandyal",MBBS,3,15000
Andhra Pradesh,"Government Med Coll, Nandyal",MBBS,3,15000
Andhra Pradesh,"Government Med Coll, Nandyal",MBBS,0+2(VV),15000
Telangana,"Govt Med Coll, Nagarkurnool",MBBS,3,14000
Telangana,"Govt Med Coll, Nagarkurnool",MBBS,3,14000
Telangana,"Govt Med Coll, Nagarkurnool",MBBS,0+3(VV),14000
Karnataka,"Koppal Inst of MS, Koppal",MBBS,3,64350
Karnataka,"Koppal Inst of MS, Koppal",MBBS,3,64350
Karnataka,"Koppal Inst of MS, Koppal",MBBS,0+3(VV),64350
Gujarat,"Govt Med Coll (GMERS), Porbandar",MBBS,2,375000
Gujarat,"Govt Med Coll (GMERS), Porbandar",MBBS,2,375000
Gujarat,"Govt Med Coll (GMERS), Porbandar",MBBS,1+1(VV),375000
Uttar Pradesh,"Auton. State Med Coll,Ghazipur",MBBS,1,24000
Uttar Pradesh,"Auton. State Med Coll,Ghazipur",MBBS,0+1(VV),24000
Uttar Pradesh,"Auton. State Med Coll,Ghazipur",MBBS,1,24000
Maharashtra,"Government Med Coll, Parbhani",MBBS,2,158600
Maharashtra,"Government Med Coll, Parbhani",MBBS,2,158600
Maharashtra,"Government Med Coll, Parbhani",MBBS,1+1(VV),158600
Maharashtra,"Government Med Coll, Bhandara",MBBS,2,158600
Maharashtra,"Government Med Coll, Bhandara",MBBS,2,158600
Maharashtra,"Government Med Coll, Bhandara",MBBS,0+2(VV),158600
Jammu and Kashmir,"Government Med Coll,Anantnag",MBBS,1,34214
Jammu and Kashmir,"Government Med Coll,Anantnag",MBBS,1,34214
Jammu and Kashmir,"Government Med Coll,Anantnag",MBBS,0+1(VV),34214
Jammu and Kashmir,"Government Med Coll,Anantnag",MBBS,1,34214
Telangana,"Government Med Coll, Ramagundam",MBBS,4,14000
Telangana,"Government Med Coll, Ramagundam",MBBS,3+1(VV),14000
Telangana,"Government Med Coll, Ramagundam",MBBS,0+3(VV),14000
Telangana,"Govt Med Coll, Yadadri",MBBS,2,14000
Telangana,"Govt Med Coll, Yadadri",MBBS,2,14000
Telangana,"Govt Med Coll, Yadadri",MBBS,1+1(VV),14000
Odisha,"MKCG, Berhampur",MBBS,2,22000
Odisha,"MKCG, Berhampur",MBBS,1,22000
Odisha,"MKCG, Berhampur",MBBS,1,22000
West Bengal,"Govt Med Coll, Raiganj",MBBS,2,9000
West Bengal,"Govt Med Coll, Raiganj",MBBS,2,9000
West Bengal,"Govt Med Coll, Raiganj",MBBS,1,9000
West Bengal,"Govt Med Coll, Raiganj",MBBS,2,9000
Kerala,"Govt Med Coll, Manjeri",MBBS,2,23150
Kerala,"Govt Med Coll, Manjeri",MBBS,2,23150
Kerala,"Govt Med Coll, Manjeri",MBBS,2,23150
West Bengal,"Govt Med Coll, Rampurhat",MBBS,2,9000
West Bengal,"Govt Med Coll, Rampurhat",MBBS,2,9000
West Bengal,"Govt Med Coll, Rampurhat",MBBS,1+1(VV),9000
West Bengal,"Jhargram Govt Med Coll,Jhargram",MBBS,3,9000
West Bengal,"Jhargram Govt Med Coll,Jhargram",MBBS,2+1(VV),9000
West Bengal,"Jhargram Govt Med Coll,Jhargram",MBBS,1+2(VV),9000
Jammu and Kashmir,"Government Med Coll, Baramulla",MBBS,2,37636
Jammu and Kashmir,"Government Med Coll, Baramulla",MBBS,3,37636
Jammu and Kashmir,"Government Med Coll, Baramulla",MBBS,2+1(VV),37636
Karnataka,"Gulbarga IMS, Gulbarga",MBBS,2,64350
Karnataka,"Gulbarga IMS, Gulbarga",MBBS,0+2(VV),64350
Karnataka,"Gulbarga IMS, Gulbarga",MBBS,0+2(VV),64350
Telangana,"Government Med Coll, Khammam",MBBS,2,14000
Telangana,"Government Med Coll, Khammam",MBBS,2,14000
Telangana,"Government Med Coll, Khammam",MBBS,0+2(VV),14000
Telangana,"Govt Med Coll, Kumuram Bheem",MBBS,2,14000
Telangana,"Govt Med Coll, Kumuram Bheem",MBBS,1+1(VV),14000
Telangana,"Govt Med Coll, Kumuram Bheem",MBBS,1+1(VV),14000
Kerala,"Govt Med Coll, Palakkad",MBBS,3,23150
Kerala,"Govt Med Coll, Palakkad",MBBS,3,23150
Kerala,"Govt Med Coll, Palakkad",MBBS,1+1(VV),23150
Kerala,"Govt Med Coll, Palakkad",MBBS,1,23150
Jammu and Kashmir,"Government Med Coll, Handwara",MBBS,3,34215
Jammu and Kashmir,"Government Med Coll, Handwara",MBBS,3,34215
Jammu and Kashmir,"Government Med Coll, Handwara",MBBS,3,34215
West Bengal,"Prafulla CS Govt Med, Arambagh",MBBS,2,9000
West Bengal,"Prafulla CS Govt Med, Arambagh",MBBS,2,9000
West Bengal,"Prafulla CS Govt Med, Arambagh",MBBS,0+2(VV),9000
Maharashtra,"Government Med Coll, Amravati",MBBS,1,158600
Maharashtra,"Government Med Coll, Amravati",MBBS,1,158600
Maharashtra,"Government Med Coll, Amravati",MBBS,0+1(VV),158600
Uttar Pradesh,"Govt Med Coll, Lakhimpur Kheri",MBBS,2,24000
Uttar Pradesh,"Govt Med Coll, Lakhimpur Kheri",MBBS,2,24000
Uttar Pradesh,"Govt Med Coll, Lakhimpur Kheri",MBBS,0+2(VV),24000
Karnataka,Kodagu Inst of Med Sciences,MBBS,4,64350
Karnataka,Kodagu Inst of Med Sciences,MBBS,4,64350
Karnataka,Kodagu Inst of Med Sciences,MBBS,0+4(VV),64350
Assam,Kokrajhar Medical College,MBBS,2,6400
Assam,Kokrajhar Medical College,MBBS,1+1(VV),6400
Assam,Kokrajhar Medical College,MBBS,0+2(VV),6400
Andhra Pradesh,"Rajiv Gandhi IMS, Ongole",MBBS,1,15000
Andhra Pradesh,"Rajiv Gandhi IMS, Ongole",MBBS,1,15000
Andhra Pradesh,"Rajiv Gandhi IMS, Ongole",MBBS,0+1(VV),15000
Maharashtra,"Government Med Coll, Gadchiroli",MBBS,3,158600
Maharashtra,"Government Med Coll, Gadchiroli",MBBS,3,158600
Maharashtra,"Government Med Coll, Gadchiroli",MBBS,1+2(VV),158600
Andhra Pradesh,"Kurnool Med Coll, Kurnool",MBBS,3,15000
Andhra Pradesh,"Kurnool Med Coll, Kurnool",MBBS,1+1(VV),15000
Andhra Pradesh,"Kurnool Med Coll, Kurnool",MBBS,1+1(VV),15000
Maharashtra,"MGIMS, Wardha",MBBS,6,169410
Maharashtra,"MGIMS, Wardha",MBBS,6,169410
Maharashtra,"MGIMS, Wardha",MBBS,3+2(VV),169410
Assam,"Nalbari Medical College, Nalbari",MBBS,2,6400
Assam,"Nalbari Medical College, Nalbari",MBBS,1+1(VV),6400
Assam,"Nalbari Medical College, Nalbari",MBBS,0+2(VV),6400
Bihar,"Govt Med Coll, Bettiah",MBBS,2,9500
Bihar,"Govt Med Coll, Bettiah",MBBS,2,9500
Bihar,"Govt Med Coll, Bettiah",MBBS,0+2(VV),9500
Uttar Pradesh,"Auton. State Med Coll,Amethi",MBBS,2,24000
Tamil Nadu,"Govt Med Coll & ESI,Coimbatore",MBBS,1,18073
Tamil Nadu,"Govt Med Coll & ESI,Coimbatore",MBBS,1,18073
Tamil Nadu,"Govt Med Coll & ESI,Coimbatore",MBBS,1,18073
Karnataka,Chikkaballapura Inst Of Med Sci,MBBS,3,64350
Karnataka,Chikkaballapura Inst Of Med Sci,MBBS,3+1(VV),64350
Karnataka,Chikkaballapura Inst Of Med Sci,MBBS,1+3(VV),64350
Karnataka,"Yadgiri Inst of Med Sci,Yadgiri",MBBS,3,64350
Karnataka,"Yadgiri Inst of Med Sci,Yadgiri",MBBS,2+1(VV),64350
Karnataka,"Yadgiri Inst of Med Sci,Yadgiri",MBBS,2+1(VV),64350
Assam,Nagaon Medical College,MBBS,1,6400
Assam,Nagaon Medical College,MBBS,1,6400
Assam,Nagaon Medical College,MBBS,0+1(VV),6400
Assam,"Silchar Med Coll, Silchar",MBBS,3,6400
Assam,"Silchar Med Coll, Silchar",MBBS,3,6400
Assam,"Silchar Med Coll, Silchar",MBBS,1+2(VV),6400
Jharkhand,"Hazaribagh Med Coll,Hazaribagh",MBBS,1,9180
Jharkhand,"Hazaribagh Med Coll,Hazaribagh",MBBS,1,9180
Jharkhand,"Hazaribagh Med Coll,Hazaribagh",MBBS,1,9180
Maharashtra,"Government Med Coll, Jalna",MBBS,2,158600
Maharashtra,"Government Med Coll, Jalna",MBBS,2,158600
Maharashtra,"Government Med Coll, Jalna",MBBS,1+1(VV),158600
Maharashtra,"Government Med Coll, Jalna",MBBS,1,158600
Maharashtra,"Government Med Coll, Hingoli",MBBS,2,158600
Maharashtra,"Government Med Coll, Hingoli",MBBS,2,158600
Maharashtra,"Government Med Coll, Hingoli",MBBS,1+1(VV),158600
Tamil Nadu,"Rajah Muthiah MC, Annamalai",MBBS,3,18073
Tamil Nadu,"Rajah Muthiah MC, Annamalai",MBBS,3,18073
Tamil Nadu,"Rajah Muthiah MC, Annamalai",MBBS,2+1(VV),18073
Telangana,"Govt Med Coll, Maheshwaram",MBBS,1,14000
Telangana,"Govt Med Coll, Maheshwaram",MBBS,0+1(VV),14000
Telangana,"Govt Med Coll, Maheshwaram",MBBS,1,14000
Chhattisgarh,"Government Med Coll, Korba",MBBS,1,50000
Chhattisgarh,"Government Med Coll, Korba",MBBS,1,50000
Chhattisgarh,"Government Med Coll, Korba",MBBS,0+1(VV),50000
Telangana,Govt Med Coll Narsampet,MBBS,1,14000
Telangana,Govt Med Coll Narsampet,MBBS,1,14000
Telangana,Govt Med Coll Narsampet,MBBS,0+1(VV),14000
Maharashtra,"Govt Med Coll, Miraj",MBBS,3,158600
Maharashtra,"Govt Med Coll, Miraj",MBBS,3,158600
Maharashtra,"Govt Med Coll, Miraj",MBBS,1+2(VV),158600
Jammu and Kashmir,"Government Medical Coll, Doda",MBBS,1,26250
Jammu and Kashmir,"Government Medical Coll, Doda",MBBS,2,26250
Jammu and Kashmir,"Government Medical Coll, Doda",MBBS,0+2(VV),26250
Telangana,"Government Med Coll, Karimnagar",MBBS,2,14000
Telangana,"Government Med Coll, Karimnagar",MBBS,2,14000
Telangana,"Government Med Coll, Karimnagar",MBBS,1+1(VV),14000
Telangana,"Government Med Coll, Karimnagar",MBBS,1,14000
Maharashtra,"Govt Med Coll, Nanded",MBBS,2,158600
Maharashtra,"Govt Med Coll, Nanded",MBBS,2,158600
Maharashtra,"Govt Med Coll, Nanded",MBBS,0+2(VV),158600
Karnataka,Chikkamagaluru Inst of Med Sci,MBBS,3,64350
Karnataka,Chikkamagaluru Inst of Med Sci,MBBS,3,64350
Karnataka,Chikkamagaluru Inst of Med Sci,MBBS,0+3(VV),64350
Maharashtra,"MGIMS, Wardha",MBBS,2,169410
Maharashtra,"MGIMS, Wardha",MBBS,2,169410
Maharashtra,"MGIMS, Wardha",MBBS,2,169410
Telangana,"Government Med Coll, Wanaparthy",MBBS,3,14000
Telangana,"Government Med Coll, Wanaparthy",MBBS,3,14000
Telangana,"Government Med Coll, Wanaparthy",MBBS,0+3(VV),14000
Telangana,"Government Med Coll, Bhupalpally",MBBS,2,14000
Telangana,"Government Med Coll, Bhupalpally",MBBS,2,14000
Telangana,"Government Med Coll, Bhupalpally",MBBS,2,14000
Telangana,"Govt Med Coll, Jogulamba",MBBS,2,14000
Telangana,"Govt Med Coll, Jogulamba",MBBS,2,14000
Telangana,"Govt Med Coll, Jogulamba",MBBS,0+2(VV),14000
Telangana,"GMC, Kodangal",MBBS,1,14000
Telangana,"GMC, Kodangal",MBBS,1,14000
Telangana,"Government Med Coll, Jagtial",MBBS,4,14000
Telangana,"Government Med Coll, Jagtial",MBBS,4,14000
Telangana,"Government Med Coll, Jagtial",MBBS,0+2(VV),14000
Karnataka,Chitradurga Medical College,MBBS,3,64350
Karnataka,Chitradurga Medical College,MBBS,3,64350
Karnataka,Chitradurga Medical College,MBBS,1+2(VV),64350
Manipur,"Govt Med Coll, Churachandpur",MBBS,2,6000
Manipur,"Govt Med Coll, Churachandpur",MBBS,2,6000
Manipur,"Govt Med Coll, Churachandpur",MBBS,0+2(VV),6000
West Bengal,Jalpaiguri Govt Med Coll,MBBS,1,9000
Maharashtra,"Govt Med Coll, Chandrapur",MBBS,2,158600
Maharashtra,"Govt Med Coll, Chandrapur",MBBS,1+1(VV),158600
Maharashtra,"Govt Med Coll, Chandrapur",MBBS,0+2(VV),158600
Telangana,"Govt Med Coll, Rajanna Sircilla",MBBS,3,14000
Telangana,"Govt Med Coll, Rajanna Sircilla",MBBS,3,14000
Telangana,"Govt Med Coll, Rajanna Sircilla",MBBS,0+3(VV),14000
Telangana,"GovtMedColl,BhadradriKothagudem",MBBS,3,14000
Telangana,"GovtMedColl,BhadradriKothagudem",MBBS,3,14000
Telangana,"GovtMedColl,BhadradriKothagudem",MBBS,1+2(VV),14000
Kerala,"Government Med Coll, Idukki",MBBS,1,23150
Kerala,"Government Med Coll, Idukki",MBBS,1,23150
Kerala,"Government Med Coll, Idukki",MBBS,0+1(VV),23150
Assam,"Tezpur Med Coll, Tezpur",MBBS,3,6400
Assam,"Tezpur Med Coll, Tezpur",MBBS,3,6400
Assam,"Tezpur Med Coll, Tezpur",MBBS,0+2(VV),6400
Telangana,"Government Med Coll, Nirmal",MBBS,2,14000
Telangana,"Government Med Coll, Nirmal",MBBS,2,14000
Telangana,"Government Med Coll, Nirmal",MBBS,1+1(VV),14000
Karnataka,"Hassan IMS, Hassan",MBBS,1,64350
Karnataka,"Hassan IMS, Hassan",MBBS,2,64350
Karnataka,"Hassan IMS, Hassan",MBBS,0+2(VV),64350
Tamil Nadu,"ESI PGIMSR, KK Nagar, Chennai",MBBS,1,100000
Tamil Nadu,"ESI PGIMSR, KK Nagar, Chennai",MBBS,1,100000
Tamil Nadu,"ESI PGIMSR, KK Nagar, Chennai",MBBS,0+1(VV),100000
Telangana,"Government Med Coll, Mancherial",MBBS,2,14000
Telangana,"Government Med Coll, Mancherial",MBBS,1+1(VV),14000
Telangana,"Government Med Coll, Mancherial",MBBS,0+2(VV),14000
Kerala,"Government Medical Coll, Konni",MBBS,2,23150
Kerala,"Government Medical Coll, Konni",MBBS,2,23150
Kerala,"Government Medical Coll, Konni",MBBS,2,23150
West Bengal,"NBMC, Darjeeling",MBBS,3,9000
West Bengal,"NBMC, Darjeeling",MBBS,3,9000
West Bengal,"NBMC, Darjeeling",MBBS,1+2(VV),9000
West Bengal,"NBMC, Darjeeling",MBBS,1,9000
Maharashtra,Government Med Coll Ratnagiri,MBBS,1,158600
Maharashtra,Government Med Coll Ratnagiri,MBBS,0+1(VV),158600
Maharashtra,Government Med Coll Ratnagiri,MBBS,0+1(VV),158600
Tamil Nadu,"Govt Med Coll, Krishnagiri",MBBS,3,18073
Tamil Nadu,"Govt Med Coll, Krishnagiri",MBBS,3,18073
Tamil Nadu,"Govt Med Coll, Krishnagiri",MBBS,1,18073
Telangana,"Govt Med Coll, Mulugu",MBBS,1,14000
Telangana,"Govt Med Coll, Mulugu",MBBS,1,14000
Telangana,"Govt Med Coll, Mulugu",MBBS,0+1(VV),14000
Telangana,"Government Med Coll, Vikarabad",MBBS,1,14000
Telangana,"Government Med Coll, Vikarabad",MBBS,1,14000
Telangana,"Government Med Coll, Vikarabad",MBBS,0+1(VV),14000
Maharashtra,"Govt Med Coll, Satara",MBBS,2,158600
Maharashtra,"Govt Med Coll, Satara",MBBS,2,158600
Maharashtra,"Govt Med Coll, Satara",MBBS,0+2(VV),158600
Pondicherry,"IGMC & RI, Pondicherry",MBBS,2,73700
Pondicherry,"IGMC & RI, Pondicherry",MBBS,2,73700
Pondicherry,"IGMC & RI, Pondicherry",MBBS,0+2(VV),73700
Pondicherry,"IGMC & RI, Pondicherry",MBBS,1,73700
Tamil Nadu,"Govt Med Coll, Namakkal",MBBS,3,18073
Tamil Nadu,"Govt Med Coll, Namakkal",MBBS,3,18073
Tamil Nadu,"Govt Med Coll, Namakkal",MBBS,2,18073
Gujarat,"GMERS Medical College, Rajpipla",MBBS,1,375000
Gujarat,"GMERS Medical College, Rajpipla",MBBS,1,375000
Gujarat,"GMERS Medical College, Rajpipla",MBBS,1,375000
Assam,Tinsukia Med Coll & Hosp,MBBS,2,6400
Assam,Tinsukia Med Coll & Hosp,MBBS,2,6400
Assam,Tinsukia Med Coll & Hosp,MBBS,0+2(VV),6400
Tamil Nadu,"Govt Med Coll, Ariyalur",MBBS,4,18073
Tamil Nadu,"Govt Med Coll, Ariyalur",MBBS,4,18073
Tamil Nadu,"Govt Med Coll, Ariyalur",MBBS,1+3(VV),18073
Tamil Nadu,"Govt Med Coll, Ariyalur",MBBS,1,18073
Tamil Nadu,Govt Thoothukudi Med Coll,MBBS,4,18073
Tamil Nadu,Govt Thoothukudi Med Coll,MBBS,4,18073
Tamil Nadu,Govt Thoothukudi Med Coll,MBBS,1+3(VV),18073
Maharashtra,"Government Med Coll, Osmanabad",MBBS,1,158600
Maharashtra,"Government Med Coll, Osmanabad",MBBS,1,158600
Maharashtra,"Government Med Coll, Osmanabad",MBBS,1,158600
Maharashtra,"Government Med Coll, Osmanabad",MBBS,1,158600
Tamil Nadu,Govt Thiruvarur Med Coll,MBBS,2,18073
Tamil Nadu,Govt Thiruvarur Med Coll,MBBS,2,18073
Tamil Nadu,Govt Thiruvarur Med Coll,MBBS,0+2(VV),18073
Jammu and Kashmir,"Government Med Coll, Baramulla",MBBS,1,37636
Jammu and Kashmir,"Government Med Coll, Baramulla",MBBS,1,37636
Jammu and Kashmir,"Government Med Coll, Baramulla",MBBS,1,37636
Assam,"Jorhat Med Coll, Jorhat",MBBS,3,6400
Assam,"Jorhat Med Coll, Jorhat",MBBS,2+1(VV),6400
Assam,"Jorhat Med Coll, Jorhat",MBBS,1+1(VV),6400
Arunachal Pradesh,"Tomo Riba IHMS, Naharlagun",MBBS,1,33000
Arunachal Pradesh,"Tomo Riba IHMS, Naharlagun",MBBS,1,33000
Arunachal Pradesh,"Tomo Riba IHMS, Naharlagun",MBBS,0+1(VV),33000
Nagaland,NIMSR Kohima,MBBS,2,60000
Nagaland,NIMSR Kohima,MBBS,2,60000
Nagaland,NIMSR Kohima,MBBS,1+1(VV),60000
Mizoram,"Zoram Med Coll, Mizoram",MBBS,2,49150
Mizoram,"Zoram Med Coll, Mizoram",MBBS,2,49150
Mizoram,"Zoram Med Coll, Mizoram",MBBS,0+1(VV),49150
Assam,"Fakhruddin Ali Ahmed, Barpeta",MBBS,3,6400
Assam,"Fakhruddin Ali Ahmed, Barpeta",MBBS,3,6400
Assam,"Fakhruddin Ali Ahmed, Barpeta",MBBS,0+2(VV),6400
Tamil Nadu,Govt Sivagangai Med Coll,MBBS,2,18073
Tamil Nadu,Govt Sivagangai Med Coll,MBBS,2,18073
Tamil Nadu,Govt Sivagangai Med Coll,MBBS,1+1(VV),18073
Assam,"Dhubri Medical College, Dhubri",MBBS,2,6400
Assam,"Dhubri Medical College, Dhubri",MBBS,2,6400
Assam,"Dhubri Medical College, Dhubri",MBBS,1+1(VV),6400
Tamil Nadu,"Govt Med Coll, Tiruppur",MBBS,2,18073
Tamil Nadu,"Govt Med Coll, Tiruppur",MBBS,2,18073
Tamil Nadu,"Govt Med Coll, Tiruppur",MBBS,1,18073
Tamil Nadu,"Govt Med Coll, Nilgiris",MBBS,3,18073
Tamil Nadu,"Govt Med Coll, Nilgiris",MBBS,2+1(VV),18073
Tamil Nadu,"Govt Med Coll, Nilgiris",MBBS,1+1(VV),18073
Jharkhand,"Palamu Medical College, Palamu",MBBS,1,9200
Jharkhand,"Palamu Medical College, Palamu",MBBS,0+1(VV),9200
Jharkhand,"Palamu Medical College, Palamu",MBBS,0+1(VV),9200
Assam,"Diphu Med Coll, Assam",MBBS,2,6400
Assam,"Diphu Med Coll, Assam",MBBS,2,6400
Assam,"Diphu Med Coll, Assam",MBBS,1+1(VV),6400
Pondicherry,"JIPMER, Puducherry",MBBS,7,1200
Tamil Nadu,"Govt Med Coll, Dindigul",MBBS,3,18073
Tamil Nadu,"Govt Med Coll, Dindigul",MBBS,3,18073
Tamil Nadu,"Govt Med Coll, Dindigul",MBBS,2+1(VV),18073
Tamil Nadu,"Govt Med Coll, Kallakurichi",MBBS,3,18073
Tamil Nadu,"Govt Med Coll, Kallakurichi",MBBS,3,18073
Tamil Nadu,"Govt Med Coll, Kallakurichi",MBBS,0+3(VV),18073
Tamil Nadu,"Govt Med Coll, Nagapattinam",MBBS,3,18073
Tamil Nadu,"Govt Med Coll, Nagapattinam",MBBS,3,18073
Tamil Nadu,"Govt Med Coll, Nagapattinam",MBBS,0+3(VV),18073
Assam,"Lakhimpur Med Coll, Lakhimpur",MBBS,3,6400
Assam,"Lakhimpur Med Coll, Lakhimpur",MBBS,3,6400
Assam,"Lakhimpur Med Coll, Lakhimpur",MBBS,1+2(VV),6400
Gujarat,"Govt Med Coll (GMERS), Panchmahal",MBBS,1,375000
Gujarat,"Govt Med Coll (GMERS), Panchmahal",MBBS,1,375000
Gujarat,"Govt Med Coll (GMERS), Panchmahal",MBBS,1,375000
Tamil Nadu,"Govt Med Coll, Karur",MBBS,4,18073
Tamil Nadu,"Govt Med Coll, Karur",MBBS,3+1(VV),18073
Tamil Nadu,"Govt Med Coll, Karur",MBBS,1+1(VV),18073
Tamil Nadu,"Govt Med Coll, Ramanathapuram",MBBS,3,18073
Tamil Nadu,"Govt Med Coll, Ramanathapuram",MBBS,3,18073
Tamil Nadu,"Govt Med Coll, Ramanathapuram",MBBS,2+1(VV),18073
Bihar,"Government Med Coll, Purnea",MBBS,1,9500
Bihar,"Government Med Coll, Purnea",MBBS,0+1(VV),9500
Bihar,"Government Med Coll, Purnea",MBBS,0+1(VV),9500
Tripura,"Agartala Med Coll, Agartala",MBBS,4,59500
Tripura,"Agartala Med Coll, Agartala",MBBS,3,59500
Tripura,"Agartala Med Coll, Agartala",MBBS,3,59500
Tamil Nadu,"Govt Med Coll, Virudhunagar",MBBS,4,18073
Tamil Nadu,"Govt Med Coll, Virudhunagar",MBBS,4,18073
Tamil Nadu,"Govt Med Coll, Virudhunagar",MBBS,3+1(VV),18073
Andaman and Nicobar Islands,"Andaman & NicobarIMS,PortBlair",MBBS,3,59500
Andaman and Nicobar Islands,"Andaman & NicobarIMS,PortBlair",MBBS,3,59500
Andaman and Nicobar Islands,"Andaman & NicobarIMS,PortBlair",MBBS,3,59500
Arunachal Pradesh,"Tomo Riba IHMS, Naharlagun",MBBS,2,33000
Arunachal Pradesh,"Tomo Riba IHMS, Naharlagun",MBBS,1+1(VV),33000
Arunachal Pradesh,"Tomo Riba IHMS, Naharlagun",MBBS,2,33000
Jharkhand,"Dumka Medical Coll,Dighi Dumka",MBBS,1,20100
Jharkhand,"Dumka Medical Coll,Dighi Dumka",MBBS,1,20100
Jharkhand,"Dumka Medical Coll,Dighi Dumka",MBBS,1,20100
Maharashtra,"Government Med Coll, Ambernath",MBBS,1,158600
Maharashtra,"Government Med Coll, Ambernath",MBBS,1,158600
Maharashtra,"Government Med Coll, Ambernath",MBBS,0+1(VV),158600
Andhra Pradesh,"Government Med Coll, Eluru",MBBS,1,15000
Andhra Pradesh,"Government Med Coll, Eluru",MBBS,0+1(VV),15000
Andhra Pradesh,"Government Med Coll, Eluru",MBBS,0+1(VV),15000
Kerala,"Academy of Med Sci, Pariyaram",MBBS,1,23150
Kerala,"Academy of Med Sci, Pariyaram",MBBS,0+1(VV),23150
Kerala,"Academy of Med Sci, Pariyaram",MBBS,1,23150
Andhra Pradesh,"Govt Siddhartha, Vijaywada",MBBS,1,15000
Andhra Pradesh,"Govt Siddhartha, Vijaywada",MBBS,0+1(VV),15000
Andhra Pradesh,"Govt Siddhartha, Vijaywada",MBBS,0+1(VV),15000
Maharashtra,"AIIMS, Nagpur",MBBS,2,1350
Maharashtra,"AIIMS, Nagpur",MBBS,1,1350
Maharashtra,"AIIMS, Nagpur",MBBS,1,1350
West Bengal,"Sarat CC Govt Med Coll, Howrah",MBBS,1,9000
West Bengal,"Sarat CC Govt Med Coll, Howrah",MBBS,1,9000
West Bengal,"Sarat CC Govt Med Coll, Howrah",MBBS,0+1(VV),9000
Karnataka,"KS Hegde, Mangalore",MBBS,175,1778000
Karnataka,"KS Hegde, Mangalore",MBBS,71+68(VV),1778000
Karnataka,"KS Hegde, Mangalore",MBBS,12+65(VV),1778000
Karnataka,"KS Hegde, Mangalore",MBBS,2,1778000
Maharashtra,"Government Med Coll, Bhandara",MBBS,1,158600
Maharashtra,"Government Med Coll, Bhandara",MBBS,1,158600
Maharashtra,"Government Med Coll, Bhandara",MBBS,1,158600
Delhi,"MAMC, Delhi",MBBS,14,2095
Delhi,"MAMC, Delhi",MBBS,0+3(VV),2095
Delhi,"MAMC, Delhi",MBBS,0+3(VV),2095
Chhattisgarh,"CCM Govt Medical College, Durg",MBBS,3,50000
Chhattisgarh,"CCM Govt Medical College, Durg",MBBS,3,50000
Chhattisgarh,"CCM Govt Medical College, Durg",MBBS,1+2(VV),50000
Tamil Nadu,Govt Vellore Med Coll,MBBS,1,18073
Tamil Nadu,Govt Vellore Med Coll,MBBS,1,18073
Tamil Nadu,Govt Vellore Med Coll,MBBS,1,18073
West Bengal,Midnapore Medical College,MBBS,2,9000
West Bengal,Midnapore Medical College,MBBS,2,9000
West Bengal,Midnapore Medical College,MBBS,0+1(VV),9000
Chhattisgarh,"Lakhi Ram Agrawal, Raigarh",MBBS,1,50000
Chhattisgarh,"Lakhi Ram Agrawal, Raigarh",MBBS,1,50000
Chhattisgarh,"Lakhi Ram Agrawal, Raigarh",MBBS,0+1(VV),50000
Andhra Pradesh,"Rangaraya Med Coll, Kakinada",MBBS,3,15000
Andhra Pradesh,"Rangaraya Med Coll, Kakinada",MBBS,3,15000
Andhra Pradesh,"Rangaraya Med Coll, Kakinada",MBBS,0+3(VV),15000
Andhra Pradesh,"SV Med Coll, Tirupati",MBBS,3,15000
Andhra Pradesh,"SV Med Coll, Tirupati",MBBS,2,15000
Andhra Pradesh,"SV Med Coll, Tirupati",MBBS,2,15000
Maharashtra,"Government Med Coll, Jalna",MBBS,1,158600
Maharashtra,"Government Med Coll, Jalna",MBBS,1,158600
Maharashtra,"Government Med Coll, Jalna",MBBS,1,158600
West Bengal,"Govt Med Coll, Raiganj",MBBS,2,9000
West Bengal,"Govt Med Coll, Raiganj",MBBS,2,9000
West Bengal,"Govt Med Coll, Raiganj",MBBS,1,9000
West Bengal,"Govt Med Coll, Raiganj",MBBS,1+1(VV),9000
Rajasthan,"GDC, Jodhpur",BDS,1,35077
Rajasthan,"GDC, Jodhpur",BDS,0+1(VV),35077
Rajasthan,"GDC, Jodhpur",BDS,1,35077
Uttar Pradesh,"Faculty of Dental Sci, Lucknow",BDS,1,47600
Uttar Pradesh,"Faculty of Dental Sci, Lucknow",BDS,1,47600
Uttar Pradesh,"Faculty of Dental Sci, Lucknow",BDS,1,47600
Maharashtra,"Government Med Coll, Parbhani",MBBS,1,158600
Maharashtra,"Government Med Coll, Parbhani",MBBS,1,158600
Maharashtra,"Government Med Coll, Parbhani",MBBS,0+1(VV),158600
Maharashtra,"Rural Med Coll, LONI",MBBS,170,1900000
Maharashtra,"Rural Med Coll, LONI",MBBS,41+86(VV),1900000
Maharashtra,"Rural Med Coll, LONI",MBBS,6+101(VV),1900000
Karnataka,"Yadgiri Inst of Med Sci,Yadgiri",MBBS,1,64350
Karnataka,"Yadgiri Inst of Med Sci,Yadgiri",MBBS,1,64350
Karnataka,"Yadgiri Inst of Med Sci,Yadgiri",MBBS,0+1(VV),64350
West Bengal,Bankura Sammilani Med Coll,MBBS,3,9000
West Bengal,Bankura Sammilani Med Coll,MBBS,2+1(VV),9000
West Bengal,Bankura Sammilani Med Coll,MBBS,0+3(VV),9000
Jammu and Kashmir,"Government Med Coll, Handwara",MBBS,1,34215
Jammu and Kashmir,"Government Med Coll, Handwara",MBBS,1,34215
Jammu and Kashmir,"Government Med Coll, Handwara",MBBS,0+1(VV),34215
Odisha,"Govt Med Coll, Balangir",MBBS,1,22000
Odisha,"Govt Med Coll, Balangir",MBBS,1,22000
Odisha,"Govt Med Coll, Balangir",MBBS,0+1(VV),22000
Delhi,"Maulana Azad IDS, New Delhi",BDS,1,5395
Delhi,"Maulana Azad IDS, New Delhi",BDS,0+1(VV),5395
Delhi,"Maulana Azad IDS, New Delhi",BDS,0+1(VV),5395
Karnataka,Chikkaballapura Inst Of Med Sci,MBBS,1,64350
Karnataka,Chikkaballapura Inst Of Med Sci,MBBS,2,64350
Maharashtra,"Government Med Coll, Buldhana",MBBS,1,158600
Maharashtra,"Government Med Coll, Buldhana",MBBS,0+1(VV),158600
Maharashtra,"Government Med Coll, Buldhana",MBBS,0+1(VV),158600
Maharashtra,"Government Med Coll, Buldhana",MBBS,1,158600
Telangana,"Govt Med Coll, Yadadri",MBBS,1,14000
Telangana,"Govt Med Coll, Yadadri",MBBS,1,14000
Telangana,"Govt Med Coll, Yadadri",MBBS,0+1(VV),14000
Telangana,"Government Med Coll,Mahabubabad",MBBS,1,14000
Telangana,"Government Med Coll,Mahabubabad",MBBS,1,14000
Telangana,"Government Med Coll,Mahabubabad",MBBS,0+1(VV),14000
West Bengal,"Diamond Harbour Govt MC, WB",MBBS,2,9000
West Bengal,"Diamond Harbour Govt MC, WB",MBBS,1+1(VV),9000
West Bengal,"Diamond Harbour Govt MC, WB",MBBS,1+1(VV),9000
Chhattisgarh,"Govt Med Coll, Kanker",MBBS,1,50000
Chhattisgarh,"Govt Med Coll, Kanker",MBBS,1,50000
Chhattisgarh,"Govt Med Coll, Kanker",MBBS,1,50000
Tamil Nadu,"Govt Erode Med Coll,Perundurai",MBBS,1,18073
Tamil Nadu,"Govt Erode Med Coll,Perundurai",MBBS,1,18073
Tamil Nadu,"Govt Erode Med Coll,Perundurai",MBBS,0+1(VV),18073
Tamil Nadu,Coimbatore Med Coll,MBBS,3,18073
Tamil Nadu,Coimbatore Med Coll,MBBS,1+2(VV),18073
Tamil Nadu,Coimbatore Med Coll,MBBS,1+2(VV),18073
Telangana,"Govt Med Coll, Siddipet",MBBS,1,14000
Telangana,"Govt Med Coll, Siddipet",MBBS,1,14000
Telangana,"Govt Med Coll, Siddipet",MBBS,1,14000
Maharashtra,"Government Med Coll, Washim",MBBS,1,158600
Maharashtra,"Government Med Coll, Washim",MBBS,1,158600
Maharashtra,"Government Med Coll, Washim",MBBS,0+1(VV),158600
Maharashtra,"Government Med Coll, Gadchiroli",MBBS,1,158600
Maharashtra,"Government Med Coll, Gadchiroli",MBBS,0+1(VV),158600
Maharashtra,"Government Med Coll, Gadchiroli",MBBS,0+1(VV),158600
Kerala,"Govt Med Coll, Kozhikode",MBBS,1,23150
Chhattisgarh,"Govt Med Coll, Ambikapur",MBBS,1,50000
Chhattisgarh,"Govt Med Coll, Ambikapur",MBBS,0+1(VV),50000
Chhattisgarh,"Govt Med Coll, Ambikapur",MBBS,0+1(VV),50000
Odisha,"VIMSAR, Burla",MBBS,2,22000
Odisha,"VIMSAR, Burla",MBBS,2,22000
Odisha,"VIMSAR, Burla",MBBS,0+2(VV),22000
Karnataka,"Bidar IMS, Bidar",MBBS,2,64350
Karnataka,"Bidar IMS, Bidar",MBBS,1+1(VV),64350
Karnataka,"Bidar IMS, Bidar",MBBS,1+1(VV),64350
Maharashtra,"Govt Med Coll, Nanded",MBBS,1,158600
Maharashtra,"Govt Med Coll, Nanded",MBBS,1,158600
Maharashtra,"Govt Med Coll, Nanded",MBBS,1,158600
Odisha,"Saheed Laxman Nayak, Koraput",MBBS,1,22000
Odisha,"Saheed Laxman Nayak, Koraput",MBBS,1,22000
Odisha,"Saheed Laxman Nayak, Koraput",MBBS,0+1(VV),22000
Telangana,"Government Med Coll, Khammam",MBBS,1,14000
Telangana,"Government Med Coll, Khammam",MBBS,1,14000
Telangana,"Government Med Coll, Khammam",MBBS,0+1(VV),14000
Tamil Nadu,"Rajah Muthiah MC, Annamalai",MBBS,1,18073
Tamil Nadu,"Rajah Muthiah MC, Annamalai",MBBS,0+1(VV),18073
Tamil Nadu,"Rajah Muthiah MC, Annamalai",MBBS,0+1(VV),18073
Chhattisgarh,"Government Med Coll, Mahasamund",MBBS,2,50000
Chhattisgarh,"Government Med Coll, Mahasamund",MBBS,1+1(VV),50000
Chhattisgarh,"Government Med Coll, Mahasamund",MBBS,0+2(VV),50000
Delhi,"Maulana Azad IDS, New Delhi",BDS,1,5395
Delhi,"Maulana Azad IDS, New Delhi",BDS,1,5395
Delhi,"Maulana Azad IDS, New Delhi",BDS,1,5395
Telangana,"Govt Med Coll, Nalgonda",MBBS,1,14000
Telangana,"Govt Med Coll, Nalgonda",MBBS,0+1(VV),14000
Telangana,"Govt Med Coll, Nalgonda",MBBS,1,14000
West Bengal,"Barasat Govt Med Coll, Barasat",MBBS,1,9000
West Bengal,"Barasat Govt Med Coll, Barasat",MBBS,0+1(VV),9000
West Bengal,"Barasat Govt Med Coll, Barasat",MBBS,0+1(VV),9000
Goa,"Govt Dental Coll, Goa",BDS,1,152450
Goa,"Govt Dental Coll, Goa",BDS,1,152450
Goa,"Govt Dental Coll, Goa",BDS,1,152450
Goa,"Govt Dental Coll, Goa",BDS,1,152450
West Bengal,Malda Med Coll,MBBS,2,9000
West Bengal,Malda Med Coll,MBBS,1+1(VV),9000
West Bengal,Malda Med Coll,MBBS,1+1(VV),9000
Maharashtra,"Government Med Coll, Hingoli",MBBS,2,158600
Maharashtra,"Government Med Coll, Hingoli",MBBS,2,158600
Maharashtra,"Government Med Coll, Hingoli",MBBS,2,158600
Telangana,"Government Med Coll, Ramagundam",MBBS,2,14000
Telangana,"Government Med Coll, Ramagundam",MBBS,1+1(VV),14000
Telangana,"Government Med Coll, Ramagundam",MBBS,0+2(VV),14000
West Bengal,Murshidabad Med Coll,MBBS,2,9000
West Bengal,Murshidabad Med Coll,MBBS,2,9000
West Bengal,Murshidabad Med Coll,MBBS,0+2(VV),9000
Rajasthan,"SMS, Jaipur",MBBS,1,96100
Rajasthan,"ESIC Med Coll, Alwar",MBBS,6,24000
Rajasthan,"ESIC Med Coll, Alwar",MBBS,2+2(VV),24000
Rajasthan,"ESIC Med Coll, Alwar",MBBS,0+4(VV),24000
Tamil Nadu,"Mohan Kumaramangalam, Salem",MBBS,1,18073
Tamil Nadu,"Mohan Kumaramangalam, Salem",MBBS,0+1(VV),18073
Tamil Nadu,"Mohan Kumaramangalam, Salem",MBBS,1,18073
West Bengal,"Govt Med Coll, Rampurhat",MBBS,1,9000
West Bengal,"Govt Med Coll, Rampurhat",MBBS,1,9000
West Bengal,"Govt Med Coll, Rampurhat",MBBS,1+1(VV),9000
Odisha,"Pt Raghunath Med Coll,Baripada",MBBS,2,22000
Odisha,"Pt Raghunath Med Coll,Baripada",MBBS,2,22000
Odisha,"Pt Raghunath Med Coll,Baripada",MBBS,0+1(VV),22000
Kerala,"Govt Med Coll, Kollam",MBBS,1,23150
Kerala,"Govt Med Coll, Kollam",MBBS,1,23150
Kerala,"Govt Med Coll, Kollam",MBBS,0+1(VV),23150
West Bengal,"Prafulla CS Govt Med, Arambagh",MBBS,1,9000
West Bengal,"Prafulla CS Govt Med, Arambagh",MBBS,1,9000
West Bengal,"Prafulla CS Govt Med, Arambagh",MBBS,0+1(VV),9000
Tamil Nadu,"Govt Med Coll, Tiruppur",MBBS,1,18073
Tamil Nadu,"Govt Med Coll, Tiruppur",MBBS,1,18073
Tamil Nadu,"Govt Med Coll, Tiruppur",MBBS,0+1(VV),18073
Karnataka,"Raichur IMS, Raichur",MBBS,2,64350
Karnataka,"Raichur IMS, Raichur",MBBS,3,64350
Karnataka,"Raichur IMS, Raichur",MBBS,0+3(VV),64350
Odisha,"SCB Dental Coll, Cuttack",BDS,1,22000
Odisha,"SCB Dental Coll, Cuttack",BDS,1,22000
Odisha,"SCB Dental Coll, Cuttack",BDS,1,22000
Odisha,"SCB Dental Coll, Cuttack",BDS,1,22000
Telangana,"Government Med Coll, Kamareddy",MBBS,1,14000
Telangana,"Government Med Coll, Kamareddy",MBBS,1,14000
Telangana,"Government Med Coll, Kamareddy",MBBS,0+1(VV),14000
Andhra Pradesh,"Rajiv Gandhi IMS, Kadapa",MBBS,2,15000
Andhra Pradesh,"Rajiv Gandhi IMS, Kadapa",MBBS,1+1(VV),15000
Andhra Pradesh,"Rajiv Gandhi IMS, Kadapa",MBBS,0+2(VV),15000
West Bengal,Purulia Govt Med Coll,MBBS,1,9000
West Bengal,Purulia Govt Med Coll,MBBS,0+1(VV),9000
West Bengal,Purulia Govt Med Coll,MBBS,1,9000
Gujarat,"GMERS Medical College, Navsari",MBBS,1,375000
Gujarat,"GMERS Medical College, Navsari",MBBS,0+1(VV),375000
Gujarat,"GMERS Medical College, Navsari",MBBS,0+1(VV),375000
Karnataka,Chitradurga Medical College,MBBS,2,64350
Karnataka,Chitradurga Medical College,MBBS,2,64350
Karnataka,Chitradurga Medical College,MBBS,1+1(VV),64350
Assam,"Nalbari Medical College, Nalbari",MBBS,1,6400
Assam,"Nalbari Medical College, Nalbari",MBBS,1,6400
Assam,"Nalbari Medical College, Nalbari",MBBS,0+1(VV),6400
West Bengal,"Jhargram Govt Med Coll,Jhargram",MBBS,1,9000
West Bengal,"Jhargram Govt Med Coll,Jhargram",MBBS,1,9000
West Bengal,"Jhargram Govt Med Coll,Jhargram",MBBS,0+1(VV),9000
Rajasthan,"RUHS Coll of Dental Sci,Jaipur",BDS,2,35077
Rajasthan,"RUHS Coll of Dental Sci,Jaipur",BDS,2,35077
Rajasthan,"RUHS Coll of Dental Sci,Jaipur",BDS,2,35077
West Bengal,"TamraliptoGovtMed,PurbaMedinpur",MBBS,1,9000
West Bengal,"TamraliptoGovtMed,PurbaMedinpur",MBBS,1,9000
West Bengal,"TamraliptoGovtMed,PurbaMedinpur",MBBS,0+1(VV),9000
Odisha,"Govt Med Coll, Balasore",MBBS,1,22000
Odisha,"Govt Med Coll, Balasore",MBBS,1,22000
Odisha,"Govt Med Coll, Balasore",MBBS,0+1(VV),22000
Delhi,"ABVIMS (Dr RML Hosp), Delhi",MBBS,6,41000
Delhi,"ABVIMS (Dr RML Hosp), Delhi",MBBS,0+3(VV),41000
Delhi,"ABVIMS (Dr RML Hosp), Delhi",MBBS,0+3(VV),41000
Telangana,"Govt Med Coll, Rajanna Sircilla",MBBS,1,14000
Telangana,"Govt Med Coll, Rajanna Sircilla",MBBS,1,14000
Telangana,"Govt Med Coll, Rajanna Sircilla",MBBS,1,14000
Telangana,"Govt Med Coll, Rajanna Sircilla",MBBS,1,14000
Delhi,"ESIC Dental Coll, New Delhi",BDS,2,100000
Delhi,"ESIC Dental Coll, New Delhi",BDS,2,100000
Delhi,"ESIC Dental Coll, New Delhi",BDS,0+1(VV),100000
Odisha,"Government Med Coll, Sundargarh",MBBS,1,22000
Odisha,"Government Med Coll, Sundargarh",MBBS,1,22000
Odisha,"Government Med Coll, Sundargarh",MBBS,1,22000
Karnataka,"Govt Dental Coll, Bellary",BDS,1,49350
Karnataka,"Govt Dental Coll, Bellary",BDS,1,49350
Karnataka,"Govt Dental Coll, Bellary",BDS,1,49350
Karnataka,"Govt Dental Coll, Bellary",BDS,1,49350
Telangana,"Government Med Coll, Karimnagar",MBBS,1,14000
Telangana,"Government Med Coll, Karimnagar",MBBS,1,14000
Telangana,"Government Med Coll, Karimnagar",MBBS,0+1(VV),14000
Karnataka,Karwar Inst of Med Sciences,MBBS,2,64350
Karnataka,Karwar Inst of Med Sciences,MBBS,1+1(VV),64350
Karnataka,Karwar Inst of Med Sciences,MBBS,1+1(VV),64350
Andhra Pradesh,"Govt Med Coll, Ananthapuram",MBBS,2,15000
Andhra Pradesh,"Govt Med Coll, Ananthapuram",MBBS,2,15000
Andhra Pradesh,"Govt Med Coll, Ananthapuram",MBBS,0+2(VV),15000
Odisha,"Government Med Coll, Keonjhar",MBBS,2,22000
Odisha,"Government Med Coll, Keonjhar",MBBS,1+1(VV),22000
Odisha,"Government Med Coll, Keonjhar",MBBS,0+2(VV),22000
Karnataka,"Gadag IMS, Gadag",MBBS,2,64350
Karnataka,"Gadag IMS, Gadag",MBBS,2,64350
Karnataka,"Gadag IMS, Gadag",MBBS,1+1(VV),64350
Odisha,Government Med Coll Bhawanipatna,MBBS,1,22000
Odisha,Government Med Coll Bhawanipatna,MBBS,1,22000
Odisha,Government Med Coll Bhawanipatna,MBBS,0+1(VV),22000
Delhi,"Maulana Azad IDS, New Delhi",BDS,6,5395
Delhi,"Maulana Azad IDS, New Delhi",BDS,1+5(VV),5395
Delhi,"Maulana Azad IDS, New Delhi",BDS,0+6(VV),5395
Assam,"Silchar Med Coll, Silchar",MBBS,1,6400
Assam,"Silchar Med Coll, Silchar",MBBS,0+1(VV),6400
Assam,"Silchar Med Coll, Silchar",MBBS,1,6400
Odisha,"Government MedColl&Hosp, Phulbani",MBBS,1,22000
Andhra Pradesh,"ACSR Govt Med Coll, Nellore",MBBS,2,15000
Andhra Pradesh,"ACSR Govt Med Coll, Nellore",MBBS,1,15000
Andhra Pradesh,"ACSR Govt Med Coll, Nellore",MBBS,1,15000
Andhra Pradesh,"Government Medical College, Paderu",MBBS,1,15000
Andhra Pradesh,"Government Medical College, Paderu",MBBS,1,15000
Andhra Pradesh,"Government Medical College, Paderu",MBBS,0+1(VV),15000
Odisha,"Pabitra Mohan Pradhan MedColl&Hosp,Talcher",MBBS,2,22000
Odisha,"Pabitra Mohan Pradhan MedColl&Hosp,Talcher",MBBS,0+2(VV),22000
Telangana,"Government Med Coll, Sangareddy",MBBS,2,14000
Telangana,"Government Med Coll, Sangareddy",MBBS,2,14000
Telangana,"Government Med Coll, Sangareddy",MBBS,1+1(VV),14000
Gujarat,"Govt Med Coll (GMERS), Porbandar",MBBS,1,375000
Gujarat,"Govt Med Coll (GMERS), Porbandar",MBBS,1,375000
Gujarat,"Govt Med Coll (GMERS), Porbandar",MBBS,0+1(VV),375000
Andhra Pradesh,SVIMS-Sri Padmavathi,MBBS,2,67900
Andhra Pradesh,SVIMS-Sri Padmavathi,MBBS,2,67900
Andhra Pradesh,SVIMS-Sri Padmavathi,MBBS,0+2(VV),67900
Andhra Pradesh,"Rajiv Gandhi IMS, Srikakulam",MBBS,3,15000
Andhra Pradesh,"Rajiv Gandhi IMS, Srikakulam",MBBS,2+1(VV),15000
Andhra Pradesh,"Rajiv Gandhi IMS, Srikakulam",MBBS,0+3(VV),15000
Telangana,"Govt Med Coll, Jogulamba",MBBS,1,14000
Telangana,"Govt Med Coll, Jogulamba",MBBS,0+1(VV),14000
Telangana,"Govt Med Coll, Jogulamba",MBBS,0+1(VV),14000
Telangana,"GovtMedColl,BhadradriKothagudem",MBBS,2,14000
Telangana,"GovtMedColl,BhadradriKothagudem",MBBS,2,14000
Telangana,"GovtMedColl,BhadradriKothagudem",MBBS,0+2(VV),14000
Uttarakhand,"AIIMS, Rishikesh",MBBS,3,1350
Uttarakhand,"AIIMS, Rishikesh",MBBS,2,1350
Karnataka,Kodagu Inst of Med Sciences,MBBS,2,64350
Karnataka,Kodagu Inst of Med Sciences,MBBS,2,64350
Karnataka,Kodagu Inst of Med Sciences,MBBS,0+2(VV),64350
Telangana,Govt Med Coll Jangaon,MBBS,1,14000
Telangana,Govt Med Coll Jangaon,MBBS,1,14000
Telangana,Govt Med Coll Jangaon,MBBS,0+1(VV),14000
Karnataka,"Koppal Inst of MS, Koppal",MBBS,1,64350
Karnataka,"Koppal Inst of MS, Koppal",MBBS,1,64350
Karnataka,"Koppal Inst of MS, Koppal",MBBS,0+1(VV),64350
Telangana,"Govt Med Coll, Nagarkurnool",MBBS,1,14000
Telangana,"Govt Med Coll, Nagarkurnool",MBBS,1,14000
Telangana,"Govt Med Coll, Nagarkurnool",MBBS,0+1(VV),14000
Telangana,"Government Med Coll, Wanaparthy",MBBS,1,14000
Telangana,"Government Med Coll, Wanaparthy",MBBS,1,14000
Telangana,"Government Med Coll, Wanaparthy",MBBS,0+1(VV),14000
Karnataka,Chikkamagaluru Inst of Med Sci,MBBS,2,64350
Karnataka,Chikkamagaluru Inst of Med Sci,MBBS,2,64350
Karnataka,Chikkamagaluru Inst of Med Sci,MBBS,2,64350
Karnataka,"Haveri Inst of Med Sci, Haveri",MBBS,2,64350
Karnataka,"Haveri Inst of Med Sci, Haveri",MBBS,2,64350
Karnataka,"Haveri Inst of Med Sci, Haveri",MBBS,2,64350
Assam,Tinsukia Med Coll & Hosp,MBBS,1,6400
Assam,Tinsukia Med Coll & Hosp,MBBS,1,6400
Assam,Tinsukia Med Coll & Hosp,MBBS,0+1(VV),6400
Tamil Nadu,Tirunelveli Med Coll,MBBS,3,18073
Tamil Nadu,Tirunelveli Med Coll,MBBS,3,18073
Tamil Nadu,Tirunelveli Med Coll,MBBS,2+1(VV),18073
Jharkhand,"Dental Institute, RIMS, Ranchi",BDS,1,10050
Jharkhand,"Dental Institute, RIMS, Ranchi",BDS,1,10050
Jharkhand,"Dental Institute, RIMS, Ranchi",BDS,0+1(VV),10050
Telangana,"Government Med Coll, Mancherial",MBBS,1,14000
Telangana,"Government Med Coll, Mancherial",MBBS,0+1(VV),14000
Telangana,"Government Med Coll, Mancherial",MBBS,0+1(VV),14000
Telangana,"Government Med Coll, Jagtial",MBBS,2,14000
Telangana,"Government Med Coll, Jagtial",MBBS,2,14000
Telangana,"Government Med Coll, Jagtial",MBBS,1+1(VV),14000
Tamil Nadu,"Govt Med Coll, Krishnagiri",MBBS,2,18073
Tamil Nadu,"Govt Med Coll, Krishnagiri",MBBS,0+1(VV),18073
Tamil Nadu,"Govt Med Coll, Krishnagiri",MBBS,0+1(VV),18073
Kerala,"Govt Med Coll, Palakkad",MBBS,2,23150
Kerala,"Govt Med Coll, Palakkad",MBBS,2,23150
Kerala,"Govt Med Coll, Palakkad",MBBS,0+2(VV),23150
Telangana,Govt Med Coll Narsampet,MBBS,1,14000
Telangana,Govt Med Coll Narsampet,MBBS,1,14000
Telangana,Govt Med Coll Narsampet,MBBS,0+1(VV),14000
Telangana,"Government Med Coll, Nirmal",MBBS,1,14000
Telangana,"Government Med Coll, Nirmal",MBBS,1,14000
Telangana,"Government Med Coll, Nirmal",MBBS,0+1(VV),14000
Telangana,"Govt Med Coll, Kumuram Bheem",MBBS,2,14000
Telangana,"Govt Med Coll, Kumuram Bheem",MBBS,2,14000
Telangana,"Govt Med Coll, Kumuram Bheem",MBBS,0+2(VV),14000
Assam,"Dhubri Medical College, Dhubri",MBBS,1,6400
Assam,"Dhubri Medical College, Dhubri",MBBS,1,6400
Assam,"Dhubri Medical College, Dhubri",MBBS,1,6400
Assam,"Dhubri Medical College, Dhubri",MBBS,1,6400
Manipur,"JNIMS, Imphal",MBBS,2,6000
Manipur,"JNIMS, Imphal",MBBS,2,6000
Manipur,"JNIMS, Imphal",MBBS,2,6000
Andhra Pradesh,"Govt Med Coll, Rajamahendravaram",MBBS,2,15000
Andhra Pradesh,"Govt Med Coll, Rajamahendravaram",MBBS,2,15000
Andhra Pradesh,"Govt Med Coll, Rajamahendravaram",MBBS,2,15000
Assam,"Lakhimpur Med Coll, Lakhimpur",MBBS,2,6400
Assam,"Lakhimpur Med Coll, Lakhimpur",MBBS,2,6400
Assam,"Lakhimpur Med Coll, Lakhimpur",MBBS,1+1(VV),6400
Telangana,"Govt Med Coll, Narayanpet",MBBS,1,14000
Telangana,"Govt Med Coll, Narayanpet",MBBS,1,14000
Telangana,"Govt Med Coll, Narayanpet",MBBS,0+1(VV),14000
Telangana,"Govt Med Coll, Narayanpet",MBBS,1,14000
Telangana,"Government Med Coll, Vikarabad",MBBS,1,14000
Telangana,"Government Med Coll, Vikarabad",MBBS,1,14000
Telangana,"Government Med Coll, Vikarabad",MBBS,0+1(VV),14000
Assam,"Jorhat Med Coll, Jorhat",MBBS,1,6400
Assam,"Jorhat Med Coll, Jorhat",MBBS,1,6400
Assam,"Jorhat Med Coll, Jorhat",MBBS,1,6400
Telangana,"Government Med Coll, Bhupalpally",MBBS,1,14000
Telangana,"Government Med Coll, Bhupalpally",MBBS,1,14000
Telangana,"Government Med Coll, Bhupalpally",MBBS,0+1(VV),14000
Telangana,"GMC, Kodangal",MBBS,1,14000
Telangana,"GMC, Kodangal",MBBS,0+1(VV),14000
Tamil Nadu,Govt Villupuram Med Coll,MBBS,1,18073
Tamil Nadu,Govt Villupuram Med Coll,MBBS,1,18073
Tamil Nadu,Govt Villupuram Med Coll,MBBS,1,18073
Andhra Pradesh,Govt Med Coll Machilipatnam,MBBS,2,15000
Andhra Pradesh,Govt Med Coll Machilipatnam,MBBS,2,15000
Andhra Pradesh,Govt Med Coll Machilipatnam,MBBS,0+2(VV),15000
Manipur,"RIMS, Imphal",MBBS,1,3000
Andhra Pradesh,"Government Med Coll, Nandyal",MBBS,1,15000
Andhra Pradesh,"Government Med Coll, Nandyal",MBBS,1,15000
Andhra Pradesh,"Government Med Coll, Nandyal",MBBS,0+1(VV),15000
Tamil Nadu,Kanyakumari Med Coll,MBBS,2,18073
Tamil Nadu,Kanyakumari Med Coll,MBBS,1+1(VV),18073
Tamil Nadu,Kanyakumari Med Coll,MBBS,1+1(VV),18073
Andhra Pradesh,Government Med Coll Vizianagaram,MBBS,1,15000
Andhra Pradesh,Government Med Coll Vizianagaram,MBBS,1,15000
Andhra Pradesh,Government Med Coll Vizianagaram,MBBS,0+1(VV),15000
Kerala,"Government Med Coll, Idukki",MBBS,1,23150
Kerala,"Government Med Coll, Idukki",MBBS,1,23150
Kerala,"Government Med Coll, Idukki",MBBS,0+1(VV),23150
Tamil Nadu,"Govt Med Coll, Karur",MBBS,1,18073
Tamil Nadu,"Govt Med Coll, Karur",MBBS,1,18073
Tamil Nadu,"Govt Med Coll, Karur",MBBS,0+1(VV),18073
Kerala,"GMC, Kasaragod",MBBS,1,23150
Kerala,"GMC, Kasaragod",MBBS,0+1(VV),23150
Tamil Nadu,Govt Theni Med Coll,MBBS,1,18073
Tamil Nadu,Govt Theni Med Coll,MBBS,1,18073
Tamil Nadu,Govt Theni Med Coll,MBBS,1,18073
Assam,"Diphu Med Coll, Assam",MBBS,1,6400
Assam,"Diphu Med Coll, Assam",MBBS,1,6400
Assam,"Diphu Med Coll, Assam",MBBS,1,6400
Maharashtra,"BJMC, Pune",MBBS,1,158600
Telangana,"Govt Med Coll, Mulugu",MBBS,1,14000
Telangana,"Govt Med Coll, Mulugu",MBBS,1,14000
Telangana,"Govt Med Coll, Mulugu",MBBS,0+1(VV),14000
West Bengal,"Medical College, Kolkata",MBBS,1,9000
Manipur,"Govt Med Coll, Churachandpur",MBBS,1,6000
Manipur,"Govt Med Coll, Churachandpur",MBBS,1,6000
Manipur,"Govt Med Coll, Churachandpur",MBBS,1,6000
Assam,"Fakhruddin Ali Ahmed, Barpeta",MBBS,2,6400
Assam,"Fakhruddin Ali Ahmed, Barpeta",MBBS,1+1(VV),6400
Assam,"Fakhruddin Ali Ahmed, Barpeta",MBBS,1+1(VV),6400
Haryana,"Govt Dental Coll, Rohtak",BDS,2,37500
Haryana,"Govt Dental Coll, Rohtak",BDS,2,37500
Haryana,"Govt Dental Coll, Rohtak",BDS,1+1(VV),37500
Tamil Nadu,"Govt Med Coll, Ariyalur",MBBS,2,18073
Tamil Nadu,"Govt Med Coll, Ariyalur",MBBS,2,18073
Tamil Nadu,"Govt Med Coll, Ariyalur",MBBS,1+1(VV),18073
Kerala,"Government Medical Coll, Konni",MBBS,1,23150
Kerala,"Government Medical Coll, Konni",MBBS,0+1(VV),23150
Kerala,"Government Medical Coll, Konni",MBBS,1,23150
Tamil Nadu,Govt Thoothukudi Med Coll,MBBS,2,18073
Tamil Nadu,Govt Thoothukudi Med Coll,MBBS,1+1(VV),18073
Tamil Nadu,Govt Thoothukudi Med Coll,MBBS,1+1(VV),18073
Assam,"Tezpur Med Coll, Tezpur",MBBS,2,6400
Assam,"Tezpur Med Coll, Tezpur",MBBS,1,6400
Assam,"Tezpur Med Coll, Tezpur",MBBS,1,6400
Assam,"Pragjyotishpur Med Coll,Guwahati",MBBS,1,8400
Assam,"Pragjyotishpur Med Coll,Guwahati",MBBS,0+1(VV),8400
Tamil Nadu,"Govt Med Coll, Nilgiris",MBBS,2,18073
Tamil Nadu,"Govt Med Coll, Nilgiris",MBBS,2,18073
Tamil Nadu,"Govt Med Coll, Nilgiris",MBBS,1+1(VV),18073
Tamil Nadu,"Govt Med Coll, Nilgiris",MBBS,1,18073
Tamil Nadu,Govt Dharmapuri Med Coll,MBBS,1,18073
Tamil Nadu,Govt Dharmapuri Med Coll,MBBS,1,18073
Tamil Nadu,Govt Dharmapuri Med Coll,MBBS,0+1(VV),18073
Tamil Nadu,Govt Thiruvarur Med Coll,MBBS,2,18073
Tamil Nadu,Govt Thiruvarur Med Coll,MBBS,1+1(VV),18073
Tamil Nadu,Govt Thiruvarur Med Coll,MBBS,0+2(VV),18073
Tamil Nadu,Govt Thiruvannamalai Med Coll,MBBS,1,18073
Tamil Nadu,Govt Thiruvannamalai Med Coll,MBBS,0+1(VV),18073
Tamil Nadu,Govt Thiruvannamalai Med Coll,MBBS,0+1(VV),18073
Tamil Nadu,"Govt Med Coll, Pudukottai",MBBS,2,18073
Tamil Nadu,"Govt Med Coll, Pudukottai",MBBS,1+1(VV),18073
Tamil Nadu,"Govt Med Coll, Pudukottai",MBBS,0+1(VV),18073
Tamil Nadu,"Govt Med Coll, Pudukottai",MBBS,1,18073
Tamil Nadu,"Govt Dental Coll, Pudukkottai",BDS,1,16073
Tamil Nadu,"Govt Dental Coll, Pudukkottai",BDS,1,16073
Tamil Nadu,"Govt Dental Coll, Pudukkottai",BDS,1,16073
Tamil Nadu,"Govt Dental Coll, Pudukkottai",BDS,1,16073
Tamil Nadu,"Govt Med Coll, Dindigul",MBBS,2,18073
Tamil Nadu,"Govt Med Coll, Dindigul",MBBS,1+1(VV),18073
Tamil Nadu,"Govt Med Coll, Dindigul",MBBS,0+2(VV),18073
Tamil Nadu,Govt Sivagangai Med Coll,MBBS,1,18073
Tamil Nadu,Govt Sivagangai Med Coll,MBBS,1,18073
Tamil Nadu,Govt Sivagangai Med Coll,MBBS,0+1(VV),18073
Tamil Nadu,Govt Sivagangai Med Coll,MBBS,1,18073
Tamil Nadu,"Govt Med Coll, Ramanathapuram",MBBS,1,18073
Tamil Nadu,"Govt Med Coll, Ramanathapuram",MBBS,1,18073
Tamil Nadu,"Govt Med Coll, Ramanathapuram",MBBS,1,18073
Tripura,"Agartala Med Coll, Agartala",MBBS,2,59500
Tripura,"Agartala Med Coll, Agartala",MBBS,1+1(VV),59500
Tripura,"Agartala Med Coll, Agartala",MBBS,0+2(VV),59500
Tripura,"Agartala Med Coll, Agartala",MBBS,1,59500
Tamil Nadu,"Govt Med Coll, Namakkal",MBBS,1,18073
Tamil Nadu,"Govt Med Coll, Namakkal",MBBS,1,18073
Tamil Nadu,"Govt Med Coll, Namakkal",MBBS,0+1(VV),18073
Tamil Nadu,"Govt Med Coll, Virudhunagar",MBBS,2,18073
Tamil Nadu,"Govt Med Coll, Virudhunagar",MBBS,2,18073
Tamil Nadu,"Govt Med Coll, Virudhunagar",MBBS,1+1(VV),18073
Uttarakhand,"AIIMS, Rishikesh",MBBS,1,1350
Tamil Nadu,"Govt Med Coll, Kallakurichi",MBBS,1,18073
Tamil Nadu,"Govt Med Coll, Kallakurichi",MBBS,1,18073
Tamil Nadu,"Govt Med Coll, Kallakurichi",MBBS,1,18073
Tamil Nadu,"Govt Med Coll, Nagapattinam",MBBS,2,18073
Tamil Nadu,"Govt Med Coll, Nagapattinam",MBBS,2,18073
Tamil Nadu,"Govt Med Coll, Nagapattinam",MBBS,0+2(VV),18073
Andaman and Nicobar Islands,"Andaman & NicobarIMS,PortBlair",MBBS,2,59500
Andaman and Nicobar Islands,"Andaman & NicobarIMS,PortBlair",MBBS,2,59500
Andaman and Nicobar Islands,"Andaman & NicobarIMS,PortBlair",MBBS,1+1(VV),59500
Kerala,"Govt Dental Coll, Alappuzha",BDS,1,20840
Kerala,"Govt Dental Coll, Alappuzha",BDS,1,20840
Kerala,"Govt Dental Coll, Alappuzha",BDS,1,20840
Kerala,"Govt Dental Coll, Alappuzha",BDS,1,20840
Kerala,"Govt Dental Coll, Alappuzha",BDS,1,20840
Kerala,"Govt Dental Coll, Alappuzha",BDS,1,20840
Nagaland,NIMSR Kohima,MBBS,2,60000
Nagaland,NIMSR Kohima,MBBS,2,60000
Nagaland,NIMSR Kohima,MBBS,2,60000
Pondicherry,"JIPMER, Karaikal",MBBS,2,1200
Pondicherry,"JIPMER, Karaikal",MBBS,0+2(VV),1200
Pondicherry,"JIPMER, Karaikal",MBBS,0+2(VV),1200
Delhi,"Maulana Azad IDS, New Delhi",BDS,1,5395
Delhi,"Maulana Azad IDS, New Delhi",BDS,1,5395
Delhi,"Maulana Azad IDS, New Delhi",BDS,1,5395
Maharashtra,"BJMC, Pune",MBBS,1,158600
Gujarat,"Govt Dental Coll, Ahmedabad",BDS,3,20000
Gujarat,"Govt Dental Coll, Ahmedabad",BDS,1+2(VV),20000
Gujarat,"Govt Dental Coll, Ahmedabad",BDS,0+3(VV),20000
Rajasthan,"RUHS Coll of Dental Sci,Jaipur",BDS,1,35077
Rajasthan,"RUHS Coll of Dental Sci,Jaipur",BDS,1,35077
Rajasthan,"RUHS Coll of Dental Sci,Jaipur",BDS,1,35077
Punjab,"Govt Dental Coll, Patiala",BDS,1,80000
Punjab,"Govt Dental Coll, Patiala",BDS,1,80000
Punjab,"Govt Dental Coll, Patiala",BDS,1,80000
Punjab,"Govt Dental Coll, Patiala",BDS,1,80000
Uttar Pradesh,"IMS-Faculty of Dental, BHU",BDS,9,33739
Uttar Pradesh,"IMS-Faculty of Dental, BHU",BDS,9,33739
Uttar Pradesh,"IMS-Faculty of Dental, BHU",BDS,4+3(VV),33739
Uttar Pradesh,"IMS-Faculty of Dental, BHU",BDS,2,33739
Uttar Pradesh,"IMS-Faculty of Dental, BHU",BDS,1,33739
Kerala,"Govt Dental Coll, Kozhikode",BDS,1,20840
Kerala,"Govt Dental Coll, Kozhikode",BDS,1,20840
Kerala,"Govt Dental Coll, Kozhikode",BDS,1,20840
Kerala,"Govt Dental Coll, Kozhikode",BDS,1,20840
Karnataka,"ESIC Dental Coll, Gulbarga",BDS,1,100000
Karnataka,"ESIC Dental Coll, Gulbarga",BDS,1,100000
Karnataka,"ESIC Dental Coll, Gulbarga",BDS,1,100000
Karnataka,"ESIC Dental Coll, Gulbarga",BDS,1,100000
Karnataka,"ESIC Dental Coll, Gulbarga",BDS,1,100000
Kerala,"Pariyaram Dental Coll, Kannur",BDS,1,20840
Kerala,"Pariyaram Dental Coll, Kannur",BDS,1,20840
Kerala,"Pariyaram Dental Coll, Kannur",BDS,1,20840
Kerala,"Pariyaram Dental Coll, Kannur",BDS,1,20840
Manipur,"Dental College, RIMS, Imphal",BDS,1,3000
Manipur,"Dental College, RIMS, Imphal",BDS,1,3000
Manipur,"Dental College, RIMS, Imphal",BDS,1,3000
Karnataka,"JSS Med Coll, Mysore",MBBS,200,2195100
Karnataka,"JSS Med Coll, Mysore",MBBS,78+56(VV),2195100
Karnataka,"JSS Med Coll, Mysore",MBBS,6+60(VV),2195100
Punjab,"Govt Dental Coll, Amritsar",BDS,1,80000
Punjab,"Govt Dental Coll, Amritsar",BDS,1,80000
Punjab,"Govt Dental Coll, Amritsar",BDS,1,80000
Jammu and Kashmir,"Government Med Coll,Anantnag",MBBS,1,34214
Jammu and Kashmir,"Government Med Coll,Anantnag",MBBS,1,34214
Delhi,"UCMS, Delhi",MBBS,10,31340
Delhi,"UCMS, Delhi",MBBS,0+6(VV),31340
Delhi,"UCMS, Delhi",MBBS,0+6(VV),31340
Maharashtra,"AIIMS, Nagpur",MBBS,2,1350
Telangana,"ESIC Med Coll,Sanath Nagar",MBBS,6,24000
Telangana,"ESIC Med Coll,Sanath Nagar",MBBS,0+4(VV),24000
Telangana,"ESIC Med Coll,Sanath Nagar",MBBS,2,24000
Telangana,"ESIC Med Coll,Sanath Nagar",MBBS,0+3(VV),24000
Maharashtra,"Grant Med Coll, Mumbai",MBBS,1,158600
Maharashtra,"Grant Med Coll, Mumbai",MBBS,1,158600
Maharashtra,"Grant Med Coll, Mumbai",MBBS,1,158600
Delhi,"VMMC, Delhi",MBBS,2,41000
Tripura,"Government Dental Coll, Agartala",BDS,2,42000
Tripura,"Government Dental Coll, Agartala",BDS,2,42000
Tripura,"Government Dental Coll, Agartala",BDS,2,42000
Tripura,"Government Dental Coll, Agartala",BDS,2,42000
Tripura,"Government Dental Coll, Agartala",BDS,2,42000
Tripura,"Government Dental Coll, Agartala",BDS,2,42000
Maharashtra,"Govt Dental Coll, Aurangabad",BDS,1,118900
Maharashtra,"Govt Dental Coll, Aurangabad",BDS,1,118900
Maharashtra,"Govt Dental Coll, Aurangabad",BDS,1,118900
Maharashtra,"Govt Dental Coll, Aurangabad",BDS,1,118900
Maharashtra,"Govt Dental Coll, Aurangabad",BDS,1,118900
Maharashtra,"Govt Dental Coll, Nagpur",BDS,1,118900
Maharashtra,"Govt Dental Coll, Nagpur",BDS,1,118900
Maharashtra,"Govt Dental Coll, Nagpur",BDS,0+1(VV),118900
Delhi,"ESIC Dental Coll, New Delhi",BDS,8,100000
Delhi,"ESIC Dental Coll, New Delhi",BDS,2+5(VV),100000
Delhi,"ESIC Dental Coll, New Delhi",BDS,2+5(VV),100000
Karnataka,"ESIC Med Coll,Gulbarga",MBBS,1,100000
Himachal Pradesh,"Govt Dental Coll, Shimla",BDS,2,37000
Himachal Pradesh,"Govt Dental Coll, Shimla",BDS,2,37000
Himachal Pradesh,"Govt Dental Coll, Shimla",BDS,2,37000
Himachal Pradesh,"Govt Dental Coll, Shimla",BDS,1,37000
Himachal Pradesh,"Govt Dental Coll, Shimla",BDS,1,37000
Maharashtra,"Nair Hosp Dental Coll, Mumbai",BDS,2,118900
Maharashtra,"Nair Hosp Dental Coll, Mumbai",BDS,1,118900
Maharashtra,"Nair Hosp Dental Coll, Mumbai",BDS,1,118900
Jammu and Kashmir,"Government Dental Coll, Srinagar",BDS,1,35680
Jammu and Kashmir,"Government Dental Coll, Srinagar",BDS,1,35680
Jammu and Kashmir,"Government Dental Coll, Srinagar",BDS,1,35680
Jammu and Kashmir,"Government Dental Coll, Srinagar",BDS,1,35680
Delhi,"UCMS, Delhi",MBBS,1,31340
Tamil Nadu,"Govt Dental Coll, Chennai",BDS,2,16073
Tamil Nadu,"Govt Dental Coll, Chennai",BDS,2,16073
Tamil Nadu,"Govt Dental Coll, Chennai",BDS,2,16073
Tamil Nadu,"Govt Dental Coll, Chennai",BDS,2,16073
Tamil Nadu,"Govt Dental Coll, Chennai",BDS,1,16073
West Bengal,"Burdwan Dental Coll, Burdwan",BDS,3,7800
West Bengal,"Burdwan Dental Coll, Burdwan",BDS,3,7800
West Bengal,"Burdwan Dental Coll, Burdwan",BDS,3,7800
West Bengal,"Burdwan Dental Coll, Burdwan",BDS,3,7800
West Bengal,"Burdwan Dental Coll, Burdwan",BDS,3,7800
West Bengal,"Burdwan Dental Coll, Burdwan",BDS,2,7800
Punjab,"AIIMS, Bathinda",MBBS,2,1350
Kerala,"Govt Med Coll, Kollam",MBBS,4,24000
Kerala,"Govt Med Coll, Kollam",MBBS,0+2(VV),24000
Kerala,"Govt Med Coll, Kollam",MBBS,0+2(VV),24000
Tamil Nadu,"Rajah Muthiah DC, Annamalai",BDS,2,16073
Tamil Nadu,"Rajah Muthiah DC, Annamalai",BDS,2,16073
Tamil Nadu,"Rajah Muthiah DC, Annamalai",BDS,2,16073
Tamil Nadu,"Rajah Muthiah DC, Annamalai",BDS,2,16073
Tamil Nadu,"Rajah Muthiah DC, Annamalai",BDS,1,16073
Tamil Nadu,"Rajah Muthiah DC, Annamalai",BDS,1,16073
Kerala,"Govt Dental Coll, Trivandrum",BDS,1,20840
Kerala,"Govt Dental Coll, Trivandrum",BDS,1,20840
Kerala,"Govt Dental Coll, Trivandrum",BDS,0+1(VV),20840
Karnataka,"Bangalore Med Coll, Bangalore",MBBS,1,64350
Andhra Pradesh,"Govt Dental Coll, Vijayawada",BDS,1,9000
Andhra Pradesh,"Govt Dental Coll, Vijayawada",BDS,1,9000
Andhra Pradesh,"Govt Dental Coll, Vijayawada",BDS,1,9000
Andhra Pradesh,"Govt Dental Coll, Vijayawada",BDS,1,9000
Andhra Pradesh,"Govt Dental Coll, Vijayawada",BDS,1,9000
Gujarat,"Govt Dental Coll, Jamnagar",BDS,2,20000
Gujarat,"Govt Dental Coll, Jamnagar",BDS,2,20000
Gujarat,"Govt Dental Coll, Jamnagar",BDS,1+1(VV),20000
Uttar Pradesh,"IMS-Faculty of Dental, BHU",BDS,4,33739
Uttar Pradesh,"IMS-Faculty of Dental, BHU",BDS,2+2(VV),33739
Uttar Pradesh,"IMS-Faculty of Dental, BHU",BDS,2+2(VV),33739
Uttar Pradesh,"IMS-Faculty of Dental, BHU",BDS,1,33739
Uttar Pradesh,"IMS-Faculty of Dental, BHU",BDS,1,33739
Andhra Pradesh,"Govt Dental Coll, Kadapa",BDS,2,9000
Andhra Pradesh,"Govt Dental Coll, Kadapa",BDS,2,9000
Andhra Pradesh,"Govt Dental Coll, Kadapa",BDS,2,9000
Andhra Pradesh,"Govt Dental Coll, Kadapa",BDS,2,9000
Andhra Pradesh,"Govt Dental Coll, Kadapa",BDS,1,9000
West Bengal,"Dr R Ahmed Dental Coll,Kolkata",BDS,2,7800
West Bengal,"Dr R Ahmed Dental Coll,Kolkata",BDS,2,7800
West Bengal,"Dr R Ahmed Dental Coll,Kolkata",BDS,2,7800
Delhi,"Lady Hardinge, Delhi",MBBS,12,1665
Delhi,"Lady Hardinge, Delhi",MBBS,0+5(VV),1665
Delhi,"Lady Hardinge, Delhi",MBBS,0+5(VV),1665
Pondicherry,"MG Dental Coll, Pondicherry",BDS,2,43420
Pondicherry,"MG Dental Coll, Pondicherry",BDS,2,43420
Pondicherry,"MG Dental Coll, Pondicherry",BDS,1+1(VV),43420
Pondicherry,"MG Dental Coll, Pondicherry",BDS,1,43420
Pondicherry,"MG Dental Coll, Pondicherry",BDS,1,43420
Jammu and Kashmir,"Indira Gandhi Govt Dental,Jammu",BDS,2,26250
Jammu and Kashmir,"Indira Gandhi Govt Dental,Jammu",BDS,2,26250
Jammu and Kashmir,"Indira Gandhi Govt Dental,Jammu",BDS,0+2(VV),26250
Maharashtra,"Govt. Dental Coll, Jalgaon",BDS,1,118900
Maharashtra,"Govt. Dental Coll, Jalgaon",BDS,1,118900
Maharashtra,"Govt. Dental Coll, Jalgaon",BDS,1,118900
Maharashtra,"Govt. Dental Coll, Jalgaon",BDS,1,118900
Bihar,"Patna Dental Coll, Patna",BDS,1,9500
Bihar,"Patna Dental Coll, Patna",BDS,1,9500
Bihar,"Patna Dental Coll, Patna",BDS,1,9500
Maharashtra,"Govt Dental Coll, Mumbai",BDS,3,118900
Maharashtra,"Govt Dental Coll, Mumbai",BDS,3,118900
Maharashtra,"Govt Dental Coll, Mumbai",BDS,2+1(VV),118900
Kerala,"Govt Dental Coll, Thrissur",BDS,1,20840
Kerala,"Govt Dental Coll, Thrissur",BDS,1,20840
Kerala,"Govt Dental Coll, Thrissur",BDS,1,20840
Madhya Pradesh,"Govt Coll of Dentistry, Indore",BDS,2,100000
Madhya Pradesh,"Govt Coll of Dentistry, Indore",BDS,2,100000
Madhya Pradesh,"Govt Coll of Dentistry, Indore",BDS,1+1(VV),100000
Madhya Pradesh,"Govt Coll of Dentistry, Indore",BDS,2,100000
Madhya Pradesh,"Govt Coll of Dentistry, Indore",BDS,1,100000
Assam,"Regional Dental Coll, Guwahati",BDS,1,5000
Assam,"Regional Dental Coll, Guwahati",BDS,1,5000
Assam,"Regional Dental Coll, Guwahati",BDS,1,5000
Bihar,Government Dental Coll Paithna,BDS,2,9500
Bihar,Government Dental Coll Paithna,BDS,2,9500
Bihar,Government Dental Coll Paithna,BDS,1,9500
Bihar,Government Dental Coll Paithna,BDS,1,9500
Assam,"Govt Dental College, Silchar",BDS,1,5000
Assam,"Govt Dental College, Silchar",BDS,1,5000
Assam,"Govt Dental College, Silchar",BDS,1,5000
Assam,"Govt Dental College, Silchar",BDS,1,5000
Assam,"Govt Dental College, Silchar",BDS,1,5000
Assam,"Govt Dental College, Dibrugarh",BDS,2,5000
Assam,"Govt Dental College, Dibrugarh",BDS,2,5000
Assam,"Govt Dental College, Dibrugarh",BDS,2,5000
Assam,"Govt Dental College, Dibrugarh",BDS,2,5000
Assam,"Govt Dental College, Dibrugarh",BDS,1,5000
Telangana,"Govt Dental Coll, Hyderabad",BDS,2,14000
Telangana,"Govt Dental Coll, Hyderabad",BDS,2,14000
Telangana,"Govt Dental Coll, Hyderabad",BDS,2,14000
Telangana,"Govt Dental Coll, Hyderabad",BDS,2,14000
Telangana,"Govt Dental Coll, Hyderabad",BDS,1,14000
Chhattisgarh,"Govt Dental Coll, Raipur",BDS,2,20500
Chhattisgarh,"Govt Dental Coll, Raipur",BDS,1+1(VV),20500
Chhattisgarh,"Govt Dental Coll, Raipur",BDS,2,20500
Chhattisgarh,"Govt Dental Coll, Raipur",BDS,1,20500
Karnataka,"Govt Dental Coll, Bangalore",BDS,2,49350
Karnataka,"Govt Dental Coll, Bangalore",BDS,2,49350
Karnataka,"Govt Dental Coll, Bangalore",BDS,2,49350
Karnataka,"Govt Dental Coll, Bangalore",BDS,1,49350
Delhi,"UCMS, Delhi",MBBS,1,31340
West Bengal,"North Bengal Dental,Darjeeling",BDS,1,7800
West Bengal,"North Bengal Dental,Darjeeling",BDS,1,7800
West Bengal,"North Bengal Dental,Darjeeling",BDS,1,7800
West Bengal,"North Bengal Dental,Darjeeling",BDS,1,7800
West Bengal,"North Bengal Dental,Darjeeling",BDS,1,7800
West Bengal,"North Bengal Dental,Darjeeling",BDS,1,7800
Andhra Pradesh,"Govt Dental Coll, Vijayawada",BDS,1,9000
Andhra Pradesh,"Govt Dental Coll, Vijayawada",BDS,1,9000
Andhra Pradesh,"Govt Dental Coll, Vijayawada",BDS,0+1(VV),9000
Manipur,"JN Inst of Dental Sci, Imphal",BDS,1,6000
Manipur,"JN Inst of Dental Sci, Imphal",BDS,1,6000
Manipur,"JN Inst of Dental Sci, Imphal",BDS,1,6000
Manipur,"JN Inst of Dental Sci, Imphal",BDS,1,6000
Tamil Nadu,"Govt Med Coll & ESI,Coimbatore",MBBS,3,24000
Tamil Nadu,"Govt Med Coll & ESI,Coimbatore",MBBS,2+1(VV),24000
Tamil Nadu,"Govt Med Coll & ESI,Coimbatore",MBBS,1+1(VV),24000
Kerala,"Govt Dental Coll, Kottayam",BDS,1,20840
Kerala,"Govt Dental Coll, Kottayam",BDS,1,20840
Kerala,"Govt Dental Coll, Kottayam",BDS,1,20840
Delhi,"ESIC Dental Coll, New Delhi",BDS,1,100000
Delhi,"ESIC Dental Coll, New Delhi",BDS,1,100000
Delhi,"ESIC Dental Coll, New Delhi",BDS,0+1(VV),100000
West Bengal,"North Bengal Dental,Darjeeling",BDS,1,7800
West Bengal,"North Bengal Dental,Darjeeling",BDS,1,7800
West Bengal,"North Bengal Dental,Darjeeling",BDS,1,7800
West Bengal,"North Bengal Dental,Darjeeling",BDS,1,7800
Maharashtra,"MGM Med Coll, Navi Mumbai",MBBS,170,2350000
Maharashtra,"MGM Med Coll, Navi Mumbai",MBBS,30+84(VV),2350000
Maharashtra,"MGM Med Coll, Navi Mumbai",MBBS,9+73(VV),2350000
Himachal Pradesh,"Govt Dental Coll, Shimla",BDS,1,37000
Himachal Pradesh,"Govt Dental Coll, Shimla",BDS,0+1(VV),37000
Himachal Pradesh,"Govt Dental Coll, Shimla",BDS,1,37000
Rajasthan,"ESIC Med Coll, Jaipur",MBBS,2,24000
Chhattisgarh,"AIIMS, Raipur",MBBS,3,1350
Chhattisgarh,"AIIMS, Raipur",MBBS,0+2(VV),1350
Chhattisgarh,"AIIMS, Raipur",MBBS,0+2(VV),1350
Delhi,"ESI, Basaidarpur, Delhi",MBBS,2,100000
Karnataka,"JN Medical College, Belgaum",MBBS,158,1920000
Karnataka,"JN Medical College, Belgaum",MBBS,10+45(VV),1920000
Karnataka,"JN Medical College, Belgaum",MBBS,43,1920000
Karnataka,"JN Medical College, Belgaum",MBBS,2,1920000
Karnataka,"ESI, Bangalore",MBBS,10,24000
Karnataka,"ESI, Bangalore",MBBS,2+5(VV),24000
Karnataka,"ESI, Bangalore",MBBS,0+4(VV),24000
Uttar Pradesh,"Faculty of Dental Sci, Lucknow",BDS,1,47600
Uttar Pradesh,"Faculty of Dental Sci, Lucknow",BDS,1,47600
Uttar Pradesh,"Faculty of Dental Sci, Lucknow",BDS,0+1(VV),47600
Assam,"Govt Dental College, Silchar",BDS,1,5000
Assam,"Govt Dental College, Silchar",BDS,1,5000
Assam,"Govt Dental College, Silchar",BDS,1,5000
Assam,"Govt Dental College, Silchar",BDS,1,5000
Assam,"Govt Dental College, Silchar",BDS,1,5000
Assam,"Govt Dental College, Silchar",BDS,1,5000
Maharashtra,"Nair Hosp Dental Coll, Mumbai",BDS,1,118900
Maharashtra,"Nair Hosp Dental Coll, Mumbai",BDS,1,118900
Maharashtra,"Nair Hosp Dental Coll, Mumbai",BDS,0+1(VV),118900
Maharashtra,"Govt Dental Coll, Mumbai",BDS,2,118900
Maharashtra,"Govt Dental Coll, Mumbai",BDS,2,118900
Maharashtra,"Govt Dental Coll, Mumbai",BDS,2,118900
Maharashtra,"Govt Dental Coll, Mumbai",BDS,1,118900
Tamil Nadu,"ESI PGIMSR, KK Nagar, Chennai",MBBS,4,24000
Tamil Nadu,"ESI PGIMSR, KK Nagar, Chennai",MBBS,1+1(VV),24000
Tamil Nadu,"ESI PGIMSR, KK Nagar, Chennai",MBBS,0+1(VV),24000
Odisha,"Kalinga IMS, Bhubaneswar",MBBS,213,1850000
Odisha,"Kalinga IMS, Bhubaneswar",MBBS,44+79(VV),1850000
Odisha,"Kalinga IMS, Bhubaneswar",MBBS,3+77(VV),1850000
Odisha,"Kalinga IMS, Bhubaneswar",MBBS,2,1850000
Chhattisgarh,"Govt Dental Coll, Raipur",BDS,1,20500
Chhattisgarh,"Govt Dental Coll, Raipur",BDS,0+1(VV),20500
Chhattisgarh,"Govt Dental Coll, Raipur",BDS,0+1(VV),20500
Jammu and Kashmir,"Gove Med Coll, Jammu",MBBS,1,26250
Maharashtra,"BJMC, Pune",MBBS,1,158600
Jammu and Kashmir,"Indira Gandhi Govt Dental,Jammu",BDS,1,26250
Jammu and Kashmir,"Indira Gandhi Govt Dental,Jammu",BDS,1,26250
Jammu and Kashmir,"Indira Gandhi Govt Dental,Jammu",BDS,0+1(VV),26250
Odisha,"AIIMS, Bhubaneswar",MBBS,1,1350
Karnataka,"ESIC Med Coll,Gulbarga",MBBS,10,24000
Karnataka,"ESIC Med Coll,Gulbarga",MBBS,1+6(VV),24000
Karnataka,"ESIC Med Coll,Gulbarga",MBBS,0+4(VV),24000
Karnataka,"Govt Dental Coll, Bangalore",BDS,1,49350
Karnataka,"Govt Dental Coll, Bangalore",BDS,1,49350
Karnataka,"Govt Dental Coll, Bangalore",BDS,1,49350
Himachal Pradesh,"LalBahShastri Govt Med, Mandi",MBBS,5,24000
Himachal Pradesh,"LalBahShastri Govt Med, Mandi",MBBS,1+3(VV),24000
Himachal Pradesh,"LalBahShastri Govt Med, Mandi",MBBS,0+2(VV),24000
Maharashtra,"ESI, Andheri, Mumbai",MBBS,3,24000
West Bengal,"ESI, Joka, Kolkata",MBBS,9,24000
West Bengal,"ESI, Joka, Kolkata",MBBS,2+1(VV),24000
West Bengal,"ESI, Joka, Kolkata",MBBS,2+2(VV),24000
Uttar Pradesh,"ESIC MedCollHosp,Noida",MBBS,2,24000
Uttar Pradesh,"ESIC MedCollHosp,Noida",MBBS,0+1(VV),24000
Delhi,"Maulana Azad IDS, New Delhi",BDS,3,5395
Delhi,"Maulana Azad IDS, New Delhi",BDS,2+1(VV),5395
Delhi,"Maulana Azad IDS, New Delhi",BDS,0+2(VV),5395
Tamil Nadu,"Rajah Muthiah DC, Annamalai",BDS,2,16073
Tamil Nadu,"Rajah Muthiah DC, Annamalai",BDS,2,16073
Tamil Nadu,"Rajah Muthiah DC, Annamalai",BDS,2,16073
Tamil Nadu,"Rajah Muthiah DC, Annamalai",BDS,2,16073
Madhya Pradesh,"ESIC Med Coll, Indore",MBBS,2,24000
Madhya Pradesh,"Gandhi Med Coll, Bhopal",MBBS,1,100000
Gujarat,"Govt Dental Coll, Ahmedabad",BDS,2,20000
Gujarat,"Govt Dental Coll, Ahmedabad",BDS,1+1(VV),20000
Gujarat,"Govt Dental Coll, Ahmedabad",BDS,1+1(VV),20000
Delhi,"Faculty of Dent,Jamial Millia",BDS,1,41775
Delhi,"Faculty of Dent,Jamial Millia",BDS,0+1(VV),41775
Delhi,"Faculty of Dent,Jamial Millia",BDS,1,41775
Telangana,"AIIMS, Bibinagar",MBBS,2,1350
Telangana,"AIIMS, Bibinagar",MBBS,0+1(VV),1350
Telangana,"AIIMS, Bibinagar",MBBS,0+1(VV),1350
Bihar,"AIIMS, Patna",MBBS,2,1350
Assam,"Regional Dental Coll, Guwahati",BDS,1,5000
Assam,"Regional Dental Coll, Guwahati",BDS,1,5000
Assam,"Regional Dental Coll, Guwahati",BDS,1,5000
Assam,"Regional Dental Coll, Guwahati",BDS,1,5000
Assam,"Regional Dental Coll, Guwahati",BDS,1,5000
Assam,"Regional Dental Coll, Guwahati",BDS,1,5000
West Bengal,"Burdwan Dental Coll, Burdwan",BDS,2,7800
West Bengal,"Burdwan Dental Coll, Burdwan",BDS,2,7800
West Bengal,"Burdwan Dental Coll, Burdwan",BDS,2,7800
West Bengal,"Burdwan Dental Coll, Burdwan",BDS,2,7800
West Bengal,"Burdwan Dental Coll, Burdwan",BDS,2,7800
West Bengal,"Burdwan Dental Coll, Burdwan",BDS,2,7800
Telangana,"AIIMS, Bibinagar",MBBS,1,1350
Telangana,"AIIMS, Bibinagar",MBBS,0+1(VV),1350
Telangana,"AIIMS, Bibinagar",MBBS,0+1(VV),1350
Uttar Pradesh,"ESIC, Varanasi",MBBS,4,24000
Manipur,"Dental College, RIMS, Imphal",BDS,1,3000
Manipur,"Dental College, RIMS, Imphal",BDS,1,3000
Manipur,"Dental College, RIMS, Imphal",BDS,1,3000
Manipur,"Dental College, RIMS, Imphal",BDS,1,3000
Manipur,"Dental College, RIMS, Imphal",BDS,1,3000
Jharkhand,"Dental Institute, RIMS, Ranchi",BDS,1,10050
Jharkhand,"Dental Institute, RIMS, Ranchi",BDS,1,10050
Jharkhand,"Dental Institute, RIMS, Ranchi",BDS,1,10050
Jharkhand,"Dental Institute, RIMS, Ranchi",BDS,1,10050
Jharkhand,"Dental Institute, RIMS, Ranchi",BDS,1,10050
Gujarat,"ESIC Med Coll, Naroda",MBBS,4,24000
Madhya Pradesh,"Gaja Raja Med Coll, Gwalior",MBBS,1,100000
Madhya Pradesh,"Gaja Raja Med Coll, Gwalior",MBBS,1,100000
Gujarat,"Govt Dental Coll, Jamnagar",BDS,1,20000
Gujarat,"Govt Dental Coll, Jamnagar",BDS,1,20000
Gujarat,"Govt Dental Coll, Jamnagar",BDS,1,20000
Bihar,"ESIC Med Coll, Patna",MBBS,6,24000
Bihar,"ESIC Med Coll, Patna",MBBS,0+4(VV),24000
Bihar,"ESIC Med Coll, Patna",MBBS,2,24000
Gujarat,"AIIMS, Rajkot",MBBS,2,1350
Madhya Pradesh,"Govt Coll of Dentistry, Indore",BDS,1,100000
Madhya Pradesh,"Govt Coll of Dentistry, Indore",BDS,1,100000
Madhya Pradesh,"Govt Coll of Dentistry, Indore",BDS,1,100000
Uttar Pradesh,"IMS(BHU), Varanasi",MBBS,2,33739
Assam,"Tezpur Med Coll, Tezpur",MBBS,1,6400
Tamil Nadu,"Govt Dental Coll, Chennai",BDS,1,16073
Tamil Nadu,"Govt Dental Coll, Chennai",BDS,1,16073
Tamil Nadu,"Govt Dental Coll, Chennai",BDS,1,16073
Tamil Nadu,"Govt Dental Coll, Chennai",BDS,1,16073
Tamil Nadu,"Govt Dental Coll, Chennai",BDS,1,16073
Telangana,"Govt Dental Coll, Hyderabad",BDS,1,14000
Telangana,"Govt Dental Coll, Hyderabad",BDS,0+1(VV),14000
Telangana,"Govt Dental Coll, Hyderabad",BDS,1,14000
Telangana,"Govt Dental Coll, Hyderabad",BDS,1,14000
Telangana,"Govt Dental Coll, Hyderabad",BDS,1,14000
Bihar,Government Dental Coll Paithna,BDS,1,9500
Bihar,Government Dental Coll Paithna,BDS,1,9500
Bihar,Government Dental Coll Paithna,BDS,1,9500
Bihar,Government Dental Coll Paithna,BDS,1,9500
Punjab,"ESIC MedCollHosp,Ludhiana",MBBS,4,24000
Haryana,"Govt Dental Coll, Rohtak",BDS,1,37500
Haryana,"Govt Dental Coll, Rohtak",BDS,1,37500
Haryana,"Govt Dental Coll, Rohtak",BDS,1,37500
Rajasthan,"AIIMS, Jodhpur",MBBS,1,1350
Punjab,"Govt Dental Coll, Patiala",BDS,1,80000
Punjab,"Govt Dental Coll, Patiala",BDS,1,80000
Punjab,"Govt Dental Coll, Patiala",BDS,1,80000
Kerala,"Govt Dental Coll, Kozhikode",BDS,1,20840
Kerala,"Govt Dental Coll, Kozhikode",BDS,1,20840
Kerala,"Govt Dental Coll, Kozhikode",BDS,1,20840
Maharashtra,"Govt Dental Coll, Aurangabad",BDS,1,118900
Maharashtra,"Govt Dental Coll, Aurangabad",BDS,1,118900
Maharashtra,"Govt Dental Coll, Aurangabad",BDS,1,118900
Maharashtra,"Govt Dental Coll, Aurangabad",BDS,1,118900
Pondicherry,"MG Dental Coll, Pondicherry",BDS,1,43420
Pondicherry,"MG Dental Coll, Pondicherry",BDS,1,43420
Pondicherry,"MG Dental Coll, Pondicherry",BDS,1,43420
Pondicherry,"MG Dental Coll, Pondicherry",BDS,1,43420
Pondicherry,"MG Dental Coll, Pondicherry",BDS,1,43420
Assam,"ESIC, Beltola",MBBS,4,24000
Odisha,"SCB Dental Coll, Cuttack",BDS,1,22000
Odisha,"SCB Dental Coll, Cuttack",BDS,1,22000
Odisha,"SCB Dental Coll, Cuttack",BDS,1,22000
Karnataka,"Govt Dental Coll, Bellary",BDS,1,49350
Karnataka,"Govt Dental Coll, Bellary",BDS,1,49350
Karnataka,"Govt Dental Coll, Bellary",BDS,1,49350
Odisha,"AIIMS, Bhubaneswar",MBBS,2,1350
Himachal Pradesh,"AIIMS, Bilaspur, Himachal",MBBS,2,1350
Andhra Pradesh,"Govt Dental Coll, Kadapa",BDS,1,9000
Andhra Pradesh,"Govt Dental Coll, Kadapa",BDS,1,9000
Andhra Pradesh,"Govt Dental Coll, Kadapa",BDS,1,9000
Andhra Pradesh,"Govt Dental Coll, Kadapa",BDS,1,9000
Andhra Pradesh,"Govt Dental Coll, Kadapa",BDS,1,9000
Andhra Pradesh,"Govt Dental Coll, Kadapa",BDS,1,9000
Delhi,"Lady Hardinge, Delhi",MBBS,1,1665
Delhi,"Lady Hardinge, Delhi",MBBS,1,1665
Kerala,"Pariyaram Dental Coll, Kannur",BDS,1,20840
Kerala,"Pariyaram Dental Coll, Kannur",BDS,1,20840
Kerala,"Pariyaram Dental Coll, Kannur",BDS,1,20840
Uttar Pradesh,"JNMC (AMU), Aligarh",MBBS,5,2293362
Uttar Pradesh,"JNMC (AMU), Aligarh",MBBS,2,2293362
Gujarat,"BJMC, Ahmedabad",MBBS,1,25000
Karnataka,"SDU Med Coll, Kolar",MBBS,170,1940000
Karnataka,"SDU Med Coll, Kolar",MBBS,64+72(VV),1940000
Karnataka,"SDU Med Coll, Kolar",MBBS,4+69(VV),1940000
Karnataka,"SDU Med Coll, Kolar",MBBS,2,1940000
Delhi,"VMMC, Delhi",MBBS,2,41000
Delhi,"VMMC, Delhi",MBBS,0+1(VV),41000
Delhi,"VMMC, Delhi",MBBS,0+1(VV),41000
West Bengal,"IPGMER, Kolkata",MBBS,1,9000
Uttar Pradesh,"MLB Med Coll, Jhansi",MBBS,1,24000
Uttar Pradesh,"MLB Med Coll, Jhansi",MBBS,1,24000
Delhi,"MAMC, Delhi",MBBS,1,2095
Kerala,"Medical College, Trivandrum",MBBS,1,23150
Kerala,"Medical College, Trivandrum",MBBS,1,23150
Kerala,"Medical College, Trivandrum",MBBS,0+1(VV),23150
Madhya Pradesh,"AIIMS, Bhopal",MBBS,1,1350
West Bengal,"AIIMS, Kalyani",MBBS,2,1350
Uttar Pradesh,"IMS(BHU), Varanasi",MBBS,1,33739
Punjab,"AIIMS, Bathinda",MBBS,2,1350
West Bengal,"IPGMER, Kolkata",MBBS,1,9000
Rajasthan,"ESIC Med Coll, Alwar",MBBS,2,24000
Odisha,"AIIMS, Bhubaneswar",MBBS,1,1350
Telangana,"AIIMS, Bibinagar",MBBS,1,1350
Delhi,"ESIC Dental Coll, New Delhi",BDS,4,100000
Delhi,"ESIC Dental Coll, New Delhi",BDS,1+3(VV),100000
Delhi,"ESIC Dental Coll, New Delhi",BDS,2+2(VV),100000
Delhi,"ESIC Dental Coll, New Delhi",BDS,2,100000
Delhi,"ESIC Dental Coll, New Delhi",BDS,2,100000
Karnataka,"ESIC Dental Coll, Gulbarga",BDS,4,24000
Karnataka,"ESIC Dental Coll, Gulbarga",BDS,3+1(VV),24000
Karnataka,"ESIC Dental Coll, Gulbarga",BDS,1+3(VV),24000
Pondicherry,"JIPMER, Puducherry",MBBS,1,1200
Maharashtra,"Govt Med Coll, Nagpur",MBBS,1,158600
Maharashtra,"Govt Med Coll, Nagpur",MBBS,1,158600
Andhra Pradesh,"AIIMS, Mangalagiri",MBBS,3,1350
Andhra Pradesh,"AIIMS, Mangalagiri",MBBS,1,1350
Delhi,"Lady Hardinge, Delhi",MBBS,1,1665
Pondicherry,"JIPMER, Karaikal",MBBS,1,1200
Pondicherry,"JIPMER, Karaikal",MBBS,0+1(VV),1200
Pondicherry,"JIPMER, Karaikal",MBBS,0+1(VV),1200
Maharashtra,"Rajarshee CSM Govt MC,Kolhapur",MBBS,1,158600
Maharashtra,"Rajarshee CSM Govt MC,Kolhapur",MBBS,1,158600
Karnataka,"Manipal Coll Dental, Manipal",BDS,100,550000
Karnataka,"Manipal Coll Dental, Manipal",BDS,24+14(VV),550000
Karnataka,"Manipal Coll Dental, Manipal",BDS,3+19(VV),550000
Karnataka,"Manipal Coll Dental, Manipal",BDS,1,550000
Kerala,"Amrita School of Med, Kochi",MBBS,127,2580000
Kerala,"Amrita School of Med, Kochi",MBBS,40+28(VV),2580000
Kerala,"Amrita School of Med, Kochi",MBBS,3+29(VV),2580000
Kerala,"Amrita School of Med, Kochi",MBBS,2,2580000
Uttar Pradesh,"KGMU, Lucknow",MBBS,1,47600
Uttar Pradesh,"KGMU, Lucknow",MBBS,1,47600
Uttar Pradesh,"AIIMS, Gorakhpur",MBBS,2,1350
Uttar Pradesh,"AIIMS, Gorakhpur",MBBS,0+2(VV),1350
Uttar Pradesh,"AIIMS, Gorakhpur",MBBS,0+2(VV),1350
Rajasthan,"SNMC, Jodhpur",MBBS,1,96100
Rajasthan,"SNMC, Jodhpur",MBBS,1,96100
Delhi,"MAMC, Delhi",MBBS,5,2095
Maharashtra,"MGM Med Coll, Aurangabad",MBBS,170,2350000
Maharashtra,"MGM Med Coll, Aurangabad",MBBS,67+83(VV),2350000
Maharashtra,"MGM Med Coll, Aurangabad",MBBS,11+94(VV),2350000
Maharashtra,"MGM Med Coll, Aurangabad",MBBS,1,2350000
Uttar Pradesh,"KGMU, Lucknow",MBBS,1,47600
Maharashtra,"Govt Med Coll, Akola",MBBS,1,158600
Karnataka,"Shri BM Patil, Vijayapura",MBBS,170,1900000
Karnataka,"Shri BM Patil, Vijayapura",MBBS,93+78(VV),1900000
Karnataka,"Shri BM Patil, Vijayapura",MBBS,22+77(VV),1900000
Karnataka,"Shri BM Patil, Vijayapura",MBBS,2,1900000
Jharkhand,"AIIMS, Deoghar",MBBS,2,1350
Jharkhand,"AIIMS, Deoghar",MBBS,1,1350
Jharkhand,"AIIMS, Deoghar",MBBS,0+1(VV),1350
Chhattisgarh,"AIIMS, Raipur",MBBS,2,1350
Telangana,"Osmania Med Coll, Hyderabad",MBBS,1,14000
Assam,"AIIMS, Guwahati",MBBS,2,1350
Delhi,"AIIMS, Delhi",MBBS,2,1350
Delhi,"AIIMS, Delhi",MBBS,1,1350
Delhi,"AIIMS, Delhi",MBBS,1,1350
Delhi,"AIIMS, Delhi",MBBS,1,1350
Uttar Pradesh,"Govt Med Coll, Rampur, Basti",MBBS,1,24000
Uttar Pradesh,"Govt Med Coll, Rampur, Basti",MBBS,1,24000
Uttar Pradesh,"Govt Med Coll, Rampur, Basti",MBBS,0+1(VV),24000
Maharashtra,Mahatma Gandhi Mission Vashi,MBBS,85,2350000
Maharashtra,Mahatma Gandhi Mission Vashi,MBBS,19+47(VV),2350000
Maharashtra,Mahatma Gandhi Mission Vashi,MBBS,2+49(VV),2350000
Gujarat,"AIIMS, Rajkot",MBBS,1,1350
Gujarat,"AIIMS, Rajkot",MBBS,0+1(VV),1350
Gujarat,"AIIMS, Rajkot",MBBS,0+1(VV),1350
West Bengal,"Medical College, Kolkata",MBBS,1,9000
Maharashtra,"Lokmanya Tilak, Sion, Mumbai",MBBS,1,158600
Maharashtra,"Lokmanya Tilak, Sion, Mumbai",MBBS,1,158600
Maharashtra,"Lokmanya Tilak, Sion, Mumbai",MBBS,1,158600
Tamil Nadu,"Sri Lalithambigai Med, Chennai",MBBS,128,2100000
Tamil Nadu,"Sri Lalithambigai Med, Chennai",MBBS,64+8(VV),2100000
Tamil Nadu,"Sri Lalithambigai Med, Chennai",MBBS,11+13(VV),2100000
Bihar,"AIIMS, Patna",MBBS,2,1350
Bihar,"AIIMS, Patna",MBBS,0+2(VV),1350
Bihar,"AIIMS, Patna",MBBS,0+2(VV),1350
Uttar Pradesh,"AIIMS, Rai Bareli",MBBS,2,1350
Uttar Pradesh,"AIIMS, Rai Bareli",MBBS,1+1(VV),1350
Uttar Pradesh,"AIIMS, Rai Bareli",MBBS,0+1(VV),1350
Himachal Pradesh,"AIIMS, Bilaspur, Himachal",MBBS,2,1350
Tamil Nadu,"SRMC & RI, Chennai",MBBS,212,3003000
Tamil Nadu,"SRMC & RI, Chennai",MBBS,48+31(VV),3003000
Tamil Nadu,"SRMC & RI, Chennai",MBBS,10+36(VV),3003000
Uttar Pradesh,"MLN Med Coll, Allahabad",MBBS,1,24000
Uttar Pradesh,"MLN Med Coll, Allahabad",MBBS,1,24000
Maharashtra,"AIIMS, Nagpur",MBBS,1,1350
Delhi,"ABVIMS (Dr RML Hosp), Delhi",MBBS,2,41000
Bihar,"Patna Med Coll, Patna",MBBS,1,9500
Karnataka,"ESIC Med Coll,Gulbarga",MBBS,1,100000
West Bengal,"Nilratan Sircar, Kolkata",MBBS,1,9000
West Bengal,"Nilratan Sircar, Kolkata",MBBS,0+1(VV),9000
West Bengal,"Nilratan Sircar, Kolkata",MBBS,0+1(VV),9000
Delhi,"AIIMS, Delhi",MBBS,1,1350
Delhi,"AIIMS, Delhi",MBBS,1,1350
Delhi,"AIIMS, Delhi",MBBS,1,1350
Delhi,"AIIMS, Delhi",MBBS,1,1350
Assam,"Fakhruddin Ali Ahmed, Barpeta",MBBS,1,6400
Pondicherry,"JIPMER, Puducherry",MBBS,5,1200
Gujarat,"Govt Med Coll, Bhavnagar",MBBS,1,25000
Gujarat,"Govt Med Coll, Bhavnagar",MBBS,1,25000
Uttar Pradesh,"AIIMS, Rai Bareli",MBBS,1,1350
Odisha,"VIMSAR, Burla",MBBS,1,22000
Odisha,"VIMSAR, Burla",MBBS,1,22000
Rajasthan,"SMS, Jaipur",MBBS,1,96100
Rajasthan,"SMS, Jaipur",MBBS,1,96100
Delhi,"Lady Hardinge, Delhi",MBBS,1,1665
Jharkhand,"Rajendra IMS, Ranchi",MBBS,1,17500
Jharkhand,"Rajendra IMS, Ranchi",MBBS,1,17500
Punjab,"Govt Med Coll, Patiala",MBBS,1,192000
Punjab,"Govt Med Coll, Patiala",MBBS,0+1(VV),192000
Punjab,"Govt Med Coll, Patiala",MBBS,0+1(VV),192000
Rajasthan,"ESIC Med Coll, Jaipur",MBBS,1,24000
Haryana,"ESI Med Coll, Faridabad",MBBS,3,24000
Haryana,"ESI Med Coll, Faridabad",MBBS,0+1(VV),24000
Haryana,"ESI Med Coll, Faridabad",MBBS,0+1(VV),24000
Chhattisgarh,"AIIMS, Raipur",MBBS,1,1350
Chhattisgarh,"AIIMS, Raipur",MBBS,0+1(VV),1350
Chhattisgarh,"AIIMS, Raipur",MBBS,0+1(VV),1350
Delhi,"MAMC, Delhi",MBBS,1,2095
Maharashtra,"HBT & RN Cooper, Mumbai",MBBS,1,158600
Maharashtra,"HBT & RN Cooper, Mumbai",MBBS,0+1(VV),158600
Maharashtra,"HBT & RN Cooper, Mumbai",MBBS,0+1(VV),158600
Haryana,Amrita School of Med. Faridabad,MBBS,135,2594800
Haryana,Amrita School of Med. Faridabad,MBBS,26+28(VV),2594800
Haryana,Amrita School of Med. Faridabad,MBBS,7+31(VV),2594800
Uttar Pradesh,"AIIMS, Rai Bareli",MBBS,1,1350
Jharkhand,"AIIMS, Deoghar",MBBS,2,1350
Jharkhand,"AIIMS, Deoghar",MBBS,0+1(VV),1350
Jharkhand,"AIIMS, Deoghar",MBBS,0+1(VV),1350
Karnataka,"Yenepoya Med Coll, Mangalore",MBBS,65,2300000
Karnataka,"Yenepoya Med Coll, Mangalore",MBBS,23+12(VV),2300000
Karnataka,"Yenepoya Med Coll, Mangalore",MBBS,5+13(VV),2300000
Himachal Pradesh,"RPG, Tanda",MBBS,1,50000
Andhra Pradesh,"Govt Siddhartha, Vijaywada",MBBS,1,15000
Andhra Pradesh,"Govt Siddhartha, Vijaywada",MBBS,0+1(VV),15000
Andhra Pradesh,"Govt Siddhartha, Vijaywada",MBBS,1,15000
Uttar Pradesh,"MLB Med Coll, Jhansi",MBBS,1,24000
Gujarat,"Govt Med Coll, Surat",MBBS,1,25000
Maharashtra,"MGM Med Coll, Nerul",MBBS,42,2350000
Maharashtra,"MGM Med Coll, Nerul",MBBS,4+31(VV),2350000
Maharashtra,"MGM Med Coll, Nerul",MBBS,2+31(VV),2350000
Maharashtra,"MGM Med Coll, Nerul",MBBS,1,2350000
West Bengal,"AIIMS, Kalyani",MBBS,2,1350
West Bengal,"AIIMS, Kalyani",MBBS,0+1(VV),1350
West Bengal,"AIIMS, Kalyani",MBBS,0+1(VV),1350
Karnataka,"Mandya IMS, Mandya",MBBS,1,64350
Karnataka,"Manipal Coll Dental, Mangalore",BDS,100,490000
Karnataka,"Manipal Coll Dental, Mangalore",BDS,20+40(VV),490000
Karnataka,"Manipal Coll Dental, Mangalore",BDS,4+39(VV),490000
Delhi,"MAMC, Delhi",MBBS,3,2095
Delhi,"MAMC, Delhi",MBBS,0+1(VV),2095
Delhi,"MAMC, Delhi",MBBS,0+1(VV),2095
Karnataka,"Jagadguru Gangadhar, Hubli",MBBS,90,1920000
Karnataka,"Jagadguru Gangadhar, Hubli",MBBS,83+38(VV),1920000
Karnataka,"Jagadguru Gangadhar, Hubli",MBBS,13+57(VV),1920000
Karnataka,"Jagadguru Gangadhar, Hubli",MBBS,3,1920000
Punjab,"Govt Med Coll, Amritsar",MBBS,1,192000
Odisha,"IMS & SH, Campus II, Phulnakhara",MBBS,127,1795000
Odisha,"IMS & SH, Campus II, Phulnakhara",MBBS,83+43(VV),1795000
Odisha,"IMS & SH, Campus II, Phulnakhara",MBBS,52+62(VV),1795000
Odisha,"IMS & SH, Campus II, Phulnakhara",MBBS,8,1795000
Odisha,"IMS & SUM, Bhubaneswar",MBBS,212,2195000
Odisha,"IMS & SUM, Bhubaneswar",MBBS,38+86(VV),2195000
Odisha,"IMS & SUM, Bhubaneswar",MBBS,5+66(VV),2195000
Odisha,"IMS & SUM, Bhubaneswar",MBBS,2,2195000
Jharkhand,"Rajendra IMS, Ranchi",MBBS,1,17500
Uttar Pradesh,"JNMC (AMU), Aligarh",MBBS,4,60300
Uttar Pradesh,"JNMC (AMU), Aligarh",MBBS,1,60300
Karnataka,"Siddhartha Med Coll, Tumkur",MBBS,170,1880000
Karnataka,"Siddhartha Med Coll, Tumkur",MBBS,73+70(VV),1880000
Karnataka,"Siddhartha Med Coll, Tumkur",MBBS,52+64(VV),1880000
Karnataka,"Siddhartha Med Coll, Tumkur",MBBS,9,1880000
Karnataka,"Siddhartha Med Coll, Tumkur",MBBS,1,1880000
Karnataka,"Yenepoya Med Coll, Mangalore",MBBS,109,2300000
Karnataka,"Yenepoya Med Coll, Mangalore",MBBS,28+44(VV),2300000
Karnataka,"Yenepoya Med Coll, Mangalore",MBBS,6+36(VV),2300000
Kerala,"Amrita SchoolofDentistry,Kochi",BDS,47,480010
Kerala,"Amrita SchoolofDentistry,Kochi",BDS,10+8(VV),480010
Kerala,"Amrita SchoolofDentistry,Kochi",BDS,1+9(VV),480010
Maharashtra,"Govt Med Coll, Chandrapur",MBBS,1,158600
Maharashtra,"Govt Med Coll, Chandrapur",MBBS,0+1(VV),158600
Maharashtra,"Govt Med Coll, Chandrapur",MBBS,0+1(VV),158600
Jammu and Kashmir,"AIIMS, Jammu",MBBS,2,1350
Jammu and Kashmir,"AIIMS, Jammu",MBBS,0+1(VV),1350
West Bengal,"AIIMS, Kalyani",MBBS,1,1350
Andhra Pradesh,"AIIMS, Mangalagiri",MBBS,1,1350
Andhra Pradesh,"AIIMS, Mangalagiri",MBBS,0+1(VV),1350
Andhra Pradesh,"AIIMS, Mangalagiri",MBBS,1,1350
Andhra Pradesh,"AIIMS, Mangalagiri",MBBS,1,1350
Rajasthan,"Govt Med Coll, Kota",MBBS,1,96100
Karnataka,"Kasturba Med Coll, Mangalore",MBBS,37,3173400
Karnataka,"Kasturba Med Coll, Mangalore",MBBS,2+3(VV),3173400
Karnataka,"Kasturba Med Coll, Mangalore",MBBS,0+4(VV),3173400
Bihar,"Darbhanga, Lehriasarai",MBBS,1,9500
Bihar,"Darbhanga, Lehriasarai",MBBS,1,9500
Uttar Pradesh,"AIIMS, Gorakhpur",MBBS,2,1350
Uttar Pradesh,"AIIMS, Gorakhpur",MBBS,1+1(VV),1350
Uttar Pradesh,"AIIMS, Gorakhpur",MBBS,2,1350
Uttar Pradesh,"AIIMS, Gorakhpur",MBBS,2,1350
Uttar Pradesh,"AIIMS, Gorakhpur",MBBS,1,1350
Jammu and Kashmir,"AIIMS, Jammu",MBBS,1,1350
Jammu and Kashmir,"AIIMS, Jammu",MBBS,1,1350
Andhra Pradesh,"AIIMS, Mangalagiri",MBBS,1,1350
Andhra Pradesh,"AIIMS, Mangalagiri",MBBS,0+1(VV),1350
Andhra Pradesh,"AIIMS, Mangalagiri",MBBS,0+1(VV),1350
Madhya Pradesh,"Gandhi Med Coll, Bhopal",MBBS,1,100000
Madhya Pradesh,"Gandhi Med Coll, Bhopal",MBBS,1,100000
West Bengal,Calcutta National Med Coll,MBBS,1,9000
West Bengal,Calcutta National Med Coll,MBBS,1,9000
Andhra Pradesh,"Guntur Med Coll, Guntur",MBBS,1,15000
Andhra Pradesh,"Guntur Med Coll, Guntur",MBBS,0+1(VV),15000
Andhra Pradesh,"Guntur Med Coll, Guntur",MBBS,0+1(VV),15000
Bihar,"AIIMS, Patna",MBBS,1,1350
Bihar,"AIIMS, Patna",MBBS,0+1(VV),1350
Bihar,"AIIMS, Patna",MBBS,0+1(VV),1350
Jammu and Kashmir,"AIIMS, Jammu",MBBS,1,1350
Himachal Pradesh,"LalBahShastri Govt Med, Mandi",MBBS,3,24000
Himachal Pradesh,"LalBahShastri Govt Med, Mandi",MBBS,0+2(VV),24000
Himachal Pradesh,"LalBahShastri Govt Med, Mandi",MBBS,0+1(VV),24000
Jammu and Kashmir,"Government Med Coll, Handwara",MBBS,1,34215
Jammu and Kashmir,"Government Med Coll, Handwara",MBBS,1,34215
Uttar Pradesh,"ESIC MedCollHosp,Noida",MBBS,2,24000
Uttar Pradesh,"ESIC MedCollHosp,Noida",MBBS,0+2(VV),24000
Andhra Pradesh,"Kurnool Med Coll, Kurnool",MBBS,1,15000
Pondicherry,"JIPMER, Karaikal",MBBS,2,1200
Pondicherry,"JIPMER, Karaikal",MBBS,0+2(VV),1200
Pondicherry,"JIPMER, Karaikal",MBBS,0+2(VV),1200
Uttarakhand,"VCSG Med Coll, Pauri Garhwal",MBBS,1,150000
Maharashtra,"Topiwala, Mumbai",MBBS,1,158600
Maharashtra,"Topiwala, Mumbai",MBBS,1,158600
Telangana,"Malla Reddy IMS, Hyderabad",MBBS,170,2150000
Telangana,"Malla Reddy IMS, Hyderabad",MBBS,55+81(VV),2150000
Telangana,"Malla Reddy IMS, Hyderabad",MBBS,14+82(VV),2150000
Telangana,"Malla Reddy IMS, Hyderabad",MBBS,1,2150000
Madhya Pradesh,"Atal Bihari Vajpayee, Vidisha",MBBS,1,100000
Andhra Pradesh,"Rajiv Gandhi IMS, Srikakulam",MBBS,1,15000
Andhra Pradesh,"Rajiv Gandhi IMS, Srikakulam",MBBS,1,15000
Andhra Pradesh,"Rajiv Gandhi IMS, Srikakulam",MBBS,1,15000
Andhra Pradesh,"Rajiv Gandhi IMS, Srikakulam",MBBS,1,15000
Karnataka,"Hassan IMS, Hassan",MBBS,1,64350
Gujarat,"ESIC Med Coll, Naroda",MBBS,1,24000
Rajasthan,Government Medical College Bundi,MBBS,1,96029
Karnataka,"ESI, Bangalore",MBBS,5,24000
Karnataka,"ESI, Bangalore",MBBS,0+1(VV),24000
Karnataka,"ESI, Bangalore",MBBS,0+1(VV),24000
Delhi,"Maulana Azad IDS, New Delhi",BDS,1,5395
Delhi,"Maulana Azad IDS, New Delhi",BDS,0+1(VV),5395
Delhi,"Maulana Azad IDS, New Delhi",BDS,0+1(VV),5395
Haryana,"MMIMS, Mullana, Ambala",MBBS,170,1818300
Haryana,"MMIMS, Mullana, Ambala",MBBS,94+40(VV),1818300
Haryana,"MMIMS, Mullana, Ambala",MBBS,24+41(VV),1818300
Haryana,"MMIMS, Mullana, Ambala",MBBS,12,1818300
Uttar Pradesh,"Govt Med Coll, Gonda",MBBS,1,24000
Uttar Pradesh,"Govt Med Coll, Gonda",MBBS,0+1(VV),24000
Uttar Pradesh,"Govt Med Coll, Gonda",MBBS,1,24000
Himachal Pradesh,"IGMC, Shimla",MBBS,1,50000
Himachal Pradesh,"IGMC, Shimla",MBBS,1,50000
Himachal Pradesh,"IGMC, Shimla",MBBS,0+1(VV),50000
Tamil Nadu,"ESI PGIMSR, KK Nagar, Chennai",MBBS,3,24000
Tamil Nadu,"ESI PGIMSR, KK Nagar, Chennai",MBBS,0+2(VV),24000
Tamil Nadu,"ESI PGIMSR, KK Nagar, Chennai",MBBS,0+1(VV),24000
Haryana,"Kalpana Chawala Govt MC,Karnal",MBBS,1,61410
Haryana,"Kalpana Chawala Govt MC,Karnal",MBBS,1,61410
Haryana,"Kalpana Chawala Govt MC,Karnal",MBBS,1,61410
Telangana,"ESIC Med Coll,Sanath Nagar",MBBS,2,24000
Telangana,"ESIC Med Coll,Sanath Nagar",MBBS,1+1(VV),24000
Telangana,"ESIC Med Coll,Sanath Nagar",MBBS,1,24000
Telangana,"ESIC Med Coll,Sanath Nagar",MBBS,0+1(VV),24000
Maharashtra,"Govt Med Coll, Miraj",MBBS,1,158600
Maharashtra,"Govt Med Coll, Miraj",MBBS,1,158600
Tripura,"Agartala Med Coll, Agartala",MBBS,1,59500
Himachal Pradesh,"AIIMS, Bilaspur, Himachal",MBBS,1,1350
Bihar,"Patna Med Coll, Patna",MBBS,1,9500
Haryana,"SHKM, Nalhar",MBBS,1,61410
Rajasthan,"AIIMS, Jodhpur",MBBS,2,1350
Rajasthan,"AIIMS, Jodhpur",MBBS,1,1350
Rajasthan,"AIIMS, Jodhpur",MBBS,1,1350
Rajasthan,"AIIMS, Jodhpur",MBBS,1,1350
Rajasthan,"Shri Kalyan MedColl,Sikar",MBBS,1,96029
Uttar Pradesh,"Auton.State MedColl,Pratapgarh",MBBS,1,24000
Uttar Pradesh,"Auton.State MedColl,Pratapgarh",MBBS,1,24000
Uttar Pradesh,"Auton.State MedColl,Pratapgarh",MBBS,1,24000
Karnataka,"AB Shetty Mem IDS, Mangalore",BDS,97,507000
Karnataka,"AB Shetty Mem IDS, Mangalore",BDS,23+36(VV),507000
Karnataka,"AB Shetty Mem IDS, Mangalore",BDS,4+38(VV),507000
Karnataka,"AB Shetty Mem IDS, Mangalore",BDS,1,507000
Uttar Pradesh,"AIIMS, Gorakhpur",MBBS,1,1350
Uttar Pradesh,"AIIMS, Gorakhpur",MBBS,1,1350
West Bengal,"AIIMS, Kalyani",MBBS,1,1350
West Bengal,"AIIMS, Kalyani",MBBS,0+1(VV),1350
West Bengal,"AIIMS, Kalyani",MBBS,0+1(VV),1350
Maharashtra,"Govt Med Coll, Nanded",MBBS,1,158600
Maharashtra,"Govt Med Coll, Nanded",MBBS,1,158600
Karnataka,"ESIC Med Coll,Gulbarga",MBBS,4,24000
Karnataka,"ESIC Med Coll,Gulbarga",MBBS,0+2(VV),24000
Karnataka,"Sri Siddhartha IMS, T. Begur",MBBS,127,1880000
Karnataka,"Sri Siddhartha IMS, T. Begur",MBBS,54+62(VV),1880000
Karnataka,"Sri Siddhartha IMS, T. Begur",MBBS,25+47(VV),1880000
Karnataka,"Sri Siddhartha IMS, T. Begur",MBBS,21,1880000
Karnataka,"Sri Siddhartha IMS, T. Begur",MBBS,6,1880000
Maharashtra,"Govt Med Coll, Nagpur",MBBS,1,158600
Maharashtra,"Govt Med Coll, Nagpur",MBBS,1,158600
Jammu and Kashmir,"AIIMS, Jammu",MBBS,1,1350
Andhra Pradesh,"Kurnool Med Coll, Kurnool",MBBS,1,15000
Tamil Nadu,Thanjavur Med Coll,MBBS,1,18073
Tamil Nadu,Thanjavur Med Coll,MBBS,1,18073
Tamil Nadu,Thanjavur Med Coll,MBBS,1,18073
Gujarat,"Medical College, Baroda",MBBS,1,25000
Gujarat,"Medical College, Baroda",MBBS,1,25000
Gujarat,"Medical College, Baroda",MBBS,1,25000
Tamil Nadu,"Govt Med Coll & ESI,Coimbatore",MBBS,1,24000
Tamil Nadu,"Govt Med Coll & ESI,Coimbatore",MBBS,1,24000
Tamil Nadu,"Govt Med Coll & ESI,Coimbatore",MBBS,0+1(VV),24000
Tamil Nadu,"Saveetha, Kanchipuram",MBBS,250,2700000
Tamil Nadu,"Saveetha, Kanchipuram",MBBS,53+42(VV),2700000
Tamil Nadu,"Saveetha, Kanchipuram",MBBS,10+32(VV),2700000
Tamil Nadu,"Saveetha, Kanchipuram",MBBS,3,2700000
Assam,Nagaon Medical College,MBBS,1,6400
Assam,Nagaon Medical College,MBBS,0+1(VV),6400
Assam,Nagaon Medical College,MBBS,0+1(VV),6400
Maharashtra,"DY Patil, Pimpri, Pune",MBBS,212,2700000
Maharashtra,"DY Patil, Pimpri, Pune",MBBS,53+74(VV),2700000
Maharashtra,"DY Patil, Pimpri, Pune",MBBS,10+71(VV),2700000
Maharashtra,"DY Patil, Pimpri, Pune",MBBS,3,2700000
Maharashtra,"DY Patil, Pimpri, Pune",MBBS,3,2700000
Tamil Nadu,"Sri Ramachandra Dental,Chennai",BDS,90,600000
Tamil Nadu,"Sri Ramachandra Dental,Chennai",BDS,10+14(VV),600000
Tamil Nadu,"Sri Ramachandra Dental,Chennai",BDS,0+13(VV),600000
Tamil Nadu,"Sri Ramachandra Dental,Chennai",BDS,1,600000
Karnataka,"Rajeshwari, Bangalore",MBBS,212,2450000
Karnataka,"Rajeshwari, Bangalore",MBBS,89+62(VV),2450000
Karnataka,"Rajeshwari, Bangalore",MBBS,36+54(VV),2450000
Karnataka,"Rajeshwari, Bangalore",MBBS,7,2450000
Punjab,"ESIC MedCollHosp,Ludhiana",MBBS,1,100000
Chhattisgarh,"Pt JNM Med Coll, Raipur",MBBS,1,50000
Chhattisgarh,"Pt JNM Med Coll, Raipur",MBBS,1,50000
Dadra and Nagar Haveli,"NAMO MERI Govt MedColl,Silvassa",MBBS,1,53000
Dadra and Nagar Haveli,"NAMO MERI Govt MedColl,Silvassa",MBBS,0+1(VV),53000
Dadra and Nagar Haveli,"NAMO MERI Govt MedColl,Silvassa",MBBS,0+1(VV),53000
Tripura,"Agartala Med Coll, Agartala",MBBS,1,59500
Maharashtra,"AIIMS, Nagpur",MBBS,1,1350
Maharashtra,"AIIMS, Nagpur",MBBS,1,1350
Uttar Pradesh,"Shaik-ul-Hind, Saharanpur",MBBS,1,24000
Uttar Pradesh,"Shaik-ul-Hind, Saharanpur",MBBS,1,24000
Gujarat,"SBKS, Vadadora",MBBS,107,2275000
Gujarat,"SBKS, Vadadora",MBBS,35+33(VV),2275000
Gujarat,"SBKS, Vadadora",MBBS,21+28(VV),2275000
Gujarat,"SBKS, Vadadora",MBBS,9,2275000
Tamil Nadu,"SRM Dental Coll, Chennai",BDS,100,390000
Tamil Nadu,"SRM Dental Coll, Chennai",BDS,11+25(VV),390000
Tamil Nadu,"SRM Dental Coll, Chennai",BDS,2+23(VV),390000
Maharashtra,"DY Patil, Navi Mumbai",MBBS,212,2700000
Maharashtra,"DY Patil, Navi Mumbai",MBBS,41+68(VV),2700000
Maharashtra,"DY Patil, Navi Mumbai",MBBS,14+58(VV),2700000
Maharashtra,"DY Patil, Navi Mumbai",MBBS,2,2700000
Punjab,"AIIMS, Bathinda",MBBS,1,1350
West Bengal,"MJN Med Coll, Coochbehar",MBBS,1,9000
West Bengal,"MJN Med Coll, Coochbehar",MBBS,1,9000
Karnataka,"KIMS, Hubli",MBBS,1,64350
Uttar Pradesh,"Govt Med Coll, Rampur, Basti",MBBS,1,24000
Uttar Pradesh,"Govt Med Coll, Rampur, Basti",MBBS,1,24000
Tamil Nadu,"Saveetha Dental Coll, Chennai",BDS,99,910000
Tamil Nadu,"Saveetha Dental Coll, Chennai",BDS,12+3(VV),910000
Tamil Nadu,"Saveetha Dental Coll, Chennai",BDS,3+1(VV),910000
Maharashtra,"DY Patil, Kolhapur",MBBS,127,2400000
Maharashtra,"DY Patil, Kolhapur",MBBS,17+68(VV),2400000
Maharashtra,"DY Patil, Kolhapur",MBBS,6+60(VV),2400000
Maharashtra,"DY Patil, Kolhapur",MBBS,2,2400000
Rajasthan,"Govt Med Coll, Bhilwara",MBBS,1,96029
Rajasthan,"Govt Med Coll, Bhilwara",MBBS,0+1(VV),96029
Maharashtra,"Grant Med Coll, Mumbai",MBBS,1,158600
Tamil Nadu,"Govt Med Coll & ESI,Coimbatore",MBBS,1,24000
Telangana,"Govt Med Coll, Mahabubnagar",MBBS,1,14000
Telangana,"Govt Med Coll, Mahabubnagar",MBBS,0+1(VV),14000
Telangana,"Govt Med Coll, Mahabubnagar",MBBS,0+1(VV),14000
Karnataka,"Kasturba Med Coll, Manipal",MBBS,38,4231200
Karnataka,"Kasturba Med Coll, Manipal",MBBS,2+8(VV),4231200
Karnataka,"Kasturba Med Coll, Manipal",MBBS,1+8(VV),4231200
West Bengal,"Nilratan Sircar, Kolkata",MBBS,1,9000
Maharashtra,"SRTT, Ambajogai",MBBS,1,158600
Maharashtra,"SRTT, Ambajogai",MBBS,1,158600
Karnataka,"Bangalore Med Coll, Bangalore",MBBS,1,64350
Rajasthan,"Government Med Coll, Dausa",MBBS,1,96029
Rajasthan,"Government Med Coll, Dausa",MBBS,0+1(VV),96029
Rajasthan,"Government Med Coll, Dausa",MBBS,0+1(VV),96029
Telangana,"Malla Reddy(Women), Hyderabad",MBBS,170,2050000
Telangana,"Malla Reddy(Women), Hyderabad",MBBS,46+93(VV),2050000
Telangana,"Malla Reddy(Women), Hyderabad",MBBS,19+85(VV),2050000
Telangana,"Malla Reddy(Women), Hyderabad",MBBS,7,2050000
Punjab,"ESIC MedCollHosp,Ludhiana",MBBS,2,24000
Madhya Pradesh,"NSC Bose Med Coll, Jabalpur",MBBS,1,100000
Maharashtra,"ESI, Andheri, Mumbai",MBBS,2,24000
Kerala,"Govt Med Coll, Kollam",MBBS,3,24000
Kerala,"Govt Med Coll, Kollam",MBBS,0+3(VV),24000
Kerala,"Govt Med Coll, Kollam",MBBS,0+3(VV),24000
Karnataka,"Mysore Med Coll, Mysore",MBBS,1,64350
Uttar Pradesh,"Shaik-ul-Hind, Saharanpur",MBBS,1,24000
Punjab,"Guru Govind Singh, Faridkot",MBBS,1,192000
Punjab,"Guru Govind Singh, Faridkot",MBBS,1,192000
Punjab,"Guru Govind Singh, Faridkot",MBBS,1,192000
Punjab,"Guru Govind Singh, Faridkot",MBBS,1,192000
Rajasthan,"JLNMC, Ajmer",MBBS,1,96075
Rajasthan,"JLNMC, Ajmer",MBBS,1,96075
Uttarakhand,"Graphic Era IMS, Dehradun",MBBS,127,2520000
Uttarakhand,"Graphic Era IMS, Dehradun",MBBS,49+45(VV),2520000
Uttarakhand,"Graphic Era IMS, Dehradun",MBBS,28+35(VV),2520000
Uttarakhand,"Graphic Era IMS, Dehradun",MBBS,18,2520000
Uttarakhand,"Graphic Era IMS, Dehradun",MBBS,4,2520000
Uttar Pradesh,"Govt Allopathic Med Coll,Banda",MBBS,1,24000
Uttar Pradesh,"Govt Allopathic Med Coll,Banda",MBBS,1,24000
West Bengal,"Sarat CC Govt Med Coll, Howrah",MBBS,1,9000
Delhi,"UCMS, Delhi",MBBS,2,31340
Karnataka,"KIMS, Hubli",MBBS,1,64350
Karnataka,"KIMS, Hubli",MBBS,1,64350
Uttar Pradesh,"Santosh Med Coll, Ghaziabad",MBBS,127,2400000
Uttar Pradesh,"Santosh Med Coll, Ghaziabad",MBBS,71+14(VV),2400000
Uttar Pradesh,"Santosh Med Coll, Ghaziabad",MBBS,33+9(VV),2400000
Uttar Pradesh,"Santosh Med Coll, Ghaziabad",MBBS,12,2400000
Rajasthan,"Govt Med Coll, Kota",MBBS,1,96100
Rajasthan,"Govt Med Coll, Kota",MBBS,1,96100
West Bengal,Calcutta National Med Coll,MBBS,1,9000
Maharashtra,"DY Patil Dental Coll, Pune",BDS,95,650000
Maharashtra,"DY Patil Dental Coll, Pune",BDS,18+27(VV),650000
Maharashtra,"DY Patil Dental Coll, Pune",BDS,4+25(VV),650000
Uttar Pradesh,"Govt Med Coll, Shahjhanpur",MBBS,1,24000
Uttar Pradesh,"Govt Med Coll, Shahjhanpur",MBBS,1,24000
Uttar Pradesh,"Govt Med Coll, Shahjhanpur",MBBS,0+1(VV),24000
Maharashtra,"JN Med College, Meghe, Wardha",MBBS,212,2325000
Maharashtra,"JN Med College, Meghe, Wardha",MBBS,59+90(VV),2325000
Maharashtra,"JN Med College, Meghe, Wardha",MBBS,16+75(VV),2325000
Maharashtra,"JN Med College, Meghe, Wardha",MBBS,2,2325000
Maharashtra,"JN Med College, Meghe, Wardha",MBBS,1,2325000
Bihar,"ESIC Med Coll, Patna",MBBS,3,24000
Bihar,"ESIC Med Coll, Patna",MBBS,0+3(VV),24000
Bihar,"ESIC Med Coll, Patna",MBBS,1,24000
Bihar,"ESIC Med Coll, Patna",MBBS,1,24000
Uttar Pradesh,"Govt Med Coll, Lakhimpur Kheri",MBBS,1,24000
Uttar Pradesh,"Govt Med Coll, Lakhimpur Kheri",MBBS,1,24000
Uttar Pradesh,"AIIMS, Gorakhpur",MBBS,1,1350
Maharashtra,"BVDU Dental Coll, Pune",BDS,85,591250
Maharashtra,"BVDU Dental Coll, Pune",BDS,20+33(VV),591250
Maharashtra,"BVDU Dental Coll, Pune",BDS,4+33(VV),591250
Maharashtra,"BVDU Dental Coll, Pune",BDS,1,591250
Maharashtra,"BVDU Dental Coll, Pune",BDS,1,591250
Maharashtra,"Rural Dental Coll, Loni",BDS,85,350000
Maharashtra,"Rural Dental Coll, Loni",BDS,10+30(VV),350000
Maharashtra,"Rural Dental Coll, Loni",BDS,2+29(VV),350000
Maharashtra,"Rural Dental Coll, Loni",BDS,1,350000
Maharashtra,"Government Med Coll, Parbhani",MBBS,1,158600
Maharashtra,"Government Med Coll, Parbhani",MBBS,1,158600
Maharashtra,"Government Med Coll, Parbhani",MBBS,0+1(VV),158600
Pondicherry,"JIPMER, Puducherry",MBBS,3,1200
Pondicherry,"JIPMER, Puducherry",MBBS,2,1200
Pondicherry,"JIPMER, Puducherry",MBBS,2,1200
Uttar Pradesh,"ESIC, Varanasi",MBBS,2,24000
Karnataka,"JSS Dental Coll, Mysore",BDS,100,551100
Karnataka,"JSS Dental Coll, Mysore",BDS,23+30(VV),551100
Karnataka,"JSS Dental Coll, Mysore",BDS,7+24(VV),551100
Maharashtra,"BVDU, Pune",MBBS,127,2855600
Maharashtra,"BVDU, Pune",MBBS,105+42(VV),2855600
Maharashtra,"BVDU, Pune",MBBS,19+72(VV),2855600
Maharashtra,"BVDU, Pune",MBBS,8,2855600
Maharashtra,"BVDU, Pune",MBBS,2,2855600
Uttar Pradesh,"Auton. State Med Coll, Etah",MBBS,1,24000
Uttar Pradesh,"Auton. State Med Coll, Etah",MBBS,1,24000
Uttar Pradesh,"Auton. State Med Coll, Etah",MBBS,0+1(VV),24000
Goa,"Goa Med Coll, Panaji",MBBS,1,154050
Goa,"Goa Med Coll, Panaji",MBBS,1,154050
Goa,"Goa Med Coll, Panaji",MBBS,1,154050
Uttar Pradesh,"Govt Med Coll, Chandauli",MBBS,1,24000
Uttar Pradesh,"Govt Med Coll, Chandauli",MBBS,0+1(VV),24000
Jharkhand,"AIIMS, Deoghar",MBBS,1,1350
Jharkhand,"AIIMS, Deoghar",MBBS,0+1(VV),1350
Maharashtra,"Krishna IMS, Karad",MBBS,212,2450000
Maharashtra,"Krishna IMS, Karad",MBBS,46+88(VV),2450000
Maharashtra,"Krishna IMS, Karad",MBBS,10+75(VV),2450000
Maharashtra,"Krishna IMS, Karad",MBBS,2,2450000
Tamil Nadu,"Vels Med Coll, Tiruvallur",MBBS,127,2197000
Tamil Nadu,"Vels Med Coll, Tiruvallur",MBBS,98+6(VV),2197000
Tamil Nadu,"Vels Med Coll, Tiruvallur",MBBS,66+10(VV),2197000
Tamil Nadu,"Vels Med Coll, Tiruvallur",MBBS,7,2197000
Delhi,"Lady Hardinge, Delhi",MBBS,4,1665
Odisha,"VIMSAR, Burla",MBBS,1,22000
Odisha,"VIMSAR, Burla",MBBS,0+1(VV),22000
Odisha,"VIMSAR, Burla",MBBS,0+1(VV),22000
Rajasthan,"Govt Med Coll, Sri Ganganagar",MBBS,1,96029
Rajasthan,"Govt Med Coll, Sri Ganganagar",MBBS,0+1(VV),96029
Rajasthan,"Govt Med Coll, Sri Ganganagar",MBBS,0+1(VV),96029
Pondicherry,"JIPMER, Puducherry",MBBS,1,1200
Andhra Pradesh,"GITAM IMS, Vizag",MBBS,127,2537000
Andhra Pradesh,"GITAM IMS, Vizag",MBBS,32+48(VV),2537000
Andhra Pradesh,"GITAM IMS, Vizag",MBBS,8+50(VV),2537000
Andhra Pradesh,"GITAM IMS, Vizag",MBBS,6,2537000
Andhra Pradesh,"GITAM IMS, Vizag",MBBS,2,2537000
West Bengal,"ESI, Joka, Kolkata",MBBS,5,24000
West Bengal,"ESI, Joka, Kolkata",MBBS,2+3(VV),24000
West Bengal,"ESI, Joka, Kolkata",MBBS,1+4(VV),24000
Tamil Nadu,"SRM Katt DentColl,Kancheepuram",BDS,100,390000
Tamil Nadu,"SRM Katt DentColl,Kancheepuram",BDS,11+20(VV),390000
Tamil Nadu,"SRM Katt DentColl,Kancheepuram",BDS,2+18(VV),390000
Tamil Nadu,"SRM Katt DentColl,Kancheepuram",BDS,1,390000
Karnataka,"KLE VK Inst of DentSci,Belgaum",BDS,95,373000
Karnataka,"KLE VK Inst of DentSci,Belgaum",BDS,14+17(VV),373000
Karnataka,"KLE VK Inst of DentSci,Belgaum",BDS,1+17(VV),373000
Bihar,"Jawaharlal Nehru, Bhagalpur",MBBS,1,9500
Bihar,"Jawaharlal Nehru, Bhagalpur",MBBS,1,9500
Bihar,"Nalanda Med Coll, Patna",MBBS,1,9500
Jharkhand,"Palamu Medical College, Palamu",MBBS,1,9200
Jharkhand,"Palamu Medical College, Palamu",MBBS,0+1(VV),9200
Jharkhand,"Palamu Medical College, Palamu",MBBS,0+1(VV),9200
Maharashtra,"MGM Med Coll,Panvel",MBBS,85,2350000
Maharashtra,"MGM Med Coll,Panvel",MBBS,4,2350000
Uttar Pradesh,"Auton. StateMed,Siddharthnagar",MBBS,1,24000
Uttar Pradesh,"Auton. StateMed,Siddharthnagar",MBBS,1,24000
Delhi,"MAMC, Delhi",MBBS,3,2095
Delhi,"MAMC, Delhi",MBBS,1,2095
Uttar Pradesh,"Autonomous Med Coll, Sonebhadra",MBBS,1,24000
Tamil Nadu,"AIIMS, Madurai",MBBS,1,1350
Tamil Nadu,"AIIMS, Madurai",MBBS,1,1350
Tamil Nadu,"AIIMS, Madurai",MBBS,1,1350
Andhra Pradesh,"AIIMS, Mangalagiri",MBBS,1,1350
Andhra Pradesh,"AIIMS, Mangalagiri",MBBS,0+1(VV),1350
Andhra Pradesh,"AIIMS, Mangalagiri",MBBS,0+1(VV),1350
Delhi,"UCMS, Delhi",MBBS,3,31340
Delhi,"UCMS, Delhi",MBBS,0+1(VV),31340
Delhi,"UCMS, Delhi",MBBS,0+1(VV),31340
Uttar Pradesh,"Govt Med Coll, Azamgarh",MBBS,1,24000
Uttar Pradesh,"Govt Med Coll, Azamgarh",MBBS,1,24000
Uttar Pradesh,"Govt Med Coll, Azamgarh",MBBS,0+1(VV),24000
Jammu and Kashmir,"Government Medical Coll, Doda",MBBS,1,26250
Jammu and Kashmir,"Government Medical Coll, Doda",MBBS,0+1(VV),26250
Karnataka,"Gadag IMS, Gadag",MBBS,1,64350
Madhya Pradesh,"AIIMS, Bhopal",MBBS,1,1350
Maharashtra,"BJMC, Pune",MBBS,1,158600
Uttar Pradesh,"Govt Med Coll, Kannauj",MBBS,1,24000
Uttar Pradesh,"Govt Med Coll, Kannauj",MBBS,1,24000
Uttar Pradesh,"Govt Med Coll, Kannauj",MBBS,1,24000
Maharashtra,"Datta Meghe Med Coll, Nagpur",MBBS,127,2325000
Maharashtra,"Datta Meghe Med Coll, Nagpur",MBBS,75+37(VV),2325000
Maharashtra,"Datta Meghe Med Coll, Nagpur",MBBS,62+43(VV),2325000
Maharashtra,"Datta Meghe Med Coll, Nagpur",MBBS,10,2325000
Maharashtra,"Datta Meghe Med Coll, Nagpur",MBBS,1,2325000
Madhya Pradesh,"GMC, Sheopur",MBBS,1,100000
Haryana,"BPS Govt Med Coll, Sonepat",MBBS,1,61410
Haryana,"BPS Govt Med Coll, Sonepat",MBBS,1,61410
Haryana,"BPS Govt Med Coll, Sonepat",MBBS,0+1(VV),61410
Assam,"ESIC, Beltola",MBBS,2,24000
Delhi,"ESI, Basaidarpur, Delhi",MBBS,1,100000
Bihar,"AN Magadh, Gaya",MBBS,1,9500
Bihar,"AN Magadh, Gaya",MBBS,1,9500
Karnataka,"Bidar IMS, Bidar",MBBS,1,64350
Karnataka,"Bidar IMS, Bidar",MBBS,1,64350
Karnataka,"Bidar IMS, Bidar",MBBS,0+1(VV),64350
Uttar Pradesh,"GSVM Med Coll, Kanpur",MBBS,1,24000
Tamil Nadu,"Vinayaka Missions, Salem",MBBS,150,2250000
Tamil Nadu,"Vinayaka Missions, Salem",MBBS,57+26(VV),2250000
Tamil Nadu,"Vinayaka Missions, Salem",MBBS,13+21(VV),2250000
Tamil Nadu,"Vinayaka Missions, Salem",MBBS,4,2250000
Tamil Nadu,"Meenakshi Med Coll, Enathur",MBBS,250,2300000
Tamil Nadu,"Meenakshi Med Coll, Enathur",MBBS,77+67(VV),2300000
Tamil Nadu,"Meenakshi Med Coll, Enathur",MBBS,20+65(VV),2300000
Tamil Nadu,"Meenakshi Med Coll, Enathur",MBBS,7,2300000
Haryana,"Kalpana Chawala Govt MC,Karnal",MBBS,1,61410
Haryana,"Kalpana Chawala Govt MC,Karnal",MBBS,0+1(VV),61410
Haryana,"Kalpana Chawala Govt MC,Karnal",MBBS,0+1(VV),61410
Karnataka,Chikkaballapura Inst Of Med Sci,MBBS,1,64350
Karnataka,Chikkaballapura Inst Of Med Sci,MBBS,1,64350
Karnataka,Chikkaballapura Inst Of Med Sci,MBBS,0+1(VV),64350
Maharashtra,"DY Patil UniversitySclofMed,Taluka Maval",MBBS,42,2500000
Maharashtra,"DY Patil UniversitySclofMed,Taluka Maval",MBBS,43+20(VV),2500000
Maharashtra,"DY Patil UniversitySclofMed,Taluka Maval",MBBS,8,2500000
Maharashtra,"DY Patil UniversitySclofMed,Taluka Maval",MBBS,1,2500000
Delhi,"VMMC, Delhi",MBBS,2,41000
Gujarat,"Govt Med Coll, Bhavnagar",MBBS,1,25000
Gujarat,"Govt Med Coll, Bhavnagar",MBBS,0+1(VV),25000
Maharashtra,"BVDU, Sangli",MBBS,127,2552550
Maharashtra,"BVDU, Sangli",MBBS,111+61(VV),2552550
Maharashtra,"BVDU, Sangli",MBBS,19+66(VV),2552550
Maharashtra,"BVDU, Sangli",MBBS,6,2552550
Maharashtra,"BVDU, Sangli",MBBS,1,2552550
Bihar,"Government Med Coll, Purnea",MBBS,1,9500
Bihar,"Government Med Coll, Purnea",MBBS,0+1(VV),9500
Dadra and Nagar Haveli,"NAMO MERI Govt MedColl,Silvassa",MBBS,1,53000
Dadra and Nagar Haveli,"NAMO MERI Govt MedColl,Silvassa",MBBS,0+1(VV),53000
Dadra and Nagar Haveli,"NAMO MERI Govt MedColl,Silvassa",MBBS,0+1(VV),53000
Rajasthan,"RUHS, Jaipur",MBBS,1,96029
Rajasthan,"RUHS, Jaipur",MBBS,1,96029
Rajasthan,"RUHS, Jaipur",MBBS,1,96029
Rajasthan,"RUHS, Jaipur",MBBS,1,96029
West Bengal,"AIIMS, Kalyani",MBBS,1,1350
Telangana,"ESIC Med Coll,Sanath Nagar",MBBS,1,100000
Telangana,"ESIC Med Coll,Sanath Nagar",MBBS,0+1(VV),100000
Telangana,"ESIC Med Coll,Sanath Nagar",MBBS,0+1(VV),100000
Delhi,"MAMC, Delhi",MBBS,1,2095
Uttar Pradesh,"IMS(BHU), Varanasi",MBBS,1,33739
Maharashtra,"Grant Med Coll, Mumbai",MBBS,1,158600
Maharashtra,"Grant Med Coll, Mumbai",MBBS,1,158600
Maharashtra,"Grant Med Coll, Mumbai",MBBS,1,158600
Assam,"Assam Med Coll, Dibrugarh",MBBS,1,6400
Assam,"Assam Med Coll, Dibrugarh",MBBS,1,6400
Rajasthan,"Govt Med Coll, Baran",MBBS,1,96029
Rajasthan,"Govt Med Coll, Baran",MBBS,0+1(VV),96029
Rajasthan,"Govt Med Coll, Baran",MBBS,0+1(VV),96029
Gujarat,"AIIMS, Rajkot",MBBS,1,1350
Gujarat,"AIIMS, Rajkot",MBBS,1,1350
Jammu and Kashmir,"Government Med Coll, Udhampur",MBBS,1,27060
Jammu and Kashmir,"Government Med Coll, Udhampur",MBBS,0+1(VV),27060
Karnataka,"Sri Siddhartha DentColl,Tumkur",BDS,34,311000
Karnataka,"Sri Siddhartha DentColl,Tumkur",BDS,7+12(VV),311000
Karnataka,"Sri Siddhartha DentColl,Tumkur",BDS,3+9(VV),311000
Uttar Pradesh,"ESIC MedCollHosp,Noida",MBBS,1,100000
Uttar Pradesh,"ESIC MedCollHosp,Noida",MBBS,1,100000
Chhattisgarh,"AIIMS, Raipur",MBBS,1,1350
Chhattisgarh,"AIIMS, Raipur",MBBS,1,1350
Chhattisgarh,"AIIMS, Raipur",MBBS,1,1350
Chhattisgarh,"AIIMS, Raipur",MBBS,1,1350
West Bengal,"RG Kar Med Coll, Kolkata",MBBS,1,9000
West Bengal,"RG Kar Med Coll, Kolkata",MBBS,0+1(VV),9000
West Bengal,"RG Kar Med Coll, Kolkata",MBBS,0+1(VV),9000
Haryana,"Kalpana Chawala Govt MC,Karnal",MBBS,1,61410
Haryana,"Kalpana Chawala Govt MC,Karnal",MBBS,0+1(VV),61410
Pondicherry,"Vinayaka Missions, Karaikal",MBBS,150,2188000
Pondicherry,"Vinayaka Missions, Karaikal",MBBS,72+34(VV),2188000
Pondicherry,"Vinayaka Missions, Karaikal",MBBS,25+40(VV),2188000
Pondicherry,"Vinayaka Missions, Karaikal",MBBS,9,2188000
Himachal Pradesh,"DrRadhakrishnan GovtColl,Hamirpur",MBBS,1,50000
Himachal Pradesh,"DrRadhakrishnan GovtColl,Hamirpur",MBBS,0+1(VV),50000
Himachal Pradesh,"DrRadhakrishnan GovtColl,Hamirpur",MBBS,1,50000
Gujarat,"ESIC Med Coll, Naroda",MBBS,1,100000
Haryana,"MM Coll Dental, Mullana,Ambala",BDS,100,318300
Haryana,"MM Coll Dental, Mullana,Ambala",BDS,19+17(VV),318300
Haryana,"MM Coll Dental, Mullana,Ambala",BDS,3+19(VV),318300
Haryana,"MM Coll Dental, Mullana,Ambala",BDS,1,318300
Madhya Pradesh,"NSC Bose Med Coll, Jabalpur",MBBS,1,100000
Madhya Pradesh,"NSC Bose Med Coll, Jabalpur",MBBS,1,100000
Karnataka,"Shri Atal Bihari Vajpayee, BLR",MBBS,1,64350
Karnataka,"Shri Atal Bihari Vajpayee, BLR",MBBS,1,64350
Karnataka,"Shri Atal Bihari Vajpayee, BLR",MBBS,0+1(VV),64350
Tamil Nadu,"SRM Med Coll, Kancheepuram",MBBS,247,2800000
Tamil Nadu,"SRM Med Coll, Kancheepuram",MBBS,94+76(VV),2800000
Tamil Nadu,"SRM Med Coll, Kancheepuram",MBBS,27+84(VV),2800000
Tamil Nadu,"SRM Med Coll, Kancheepuram",MBBS,4,2800000
Rajasthan,"SNMC, Jodhpur",MBBS,1,96100
Rajasthan,"SNMC, Jodhpur",MBBS,0+1(VV),96100
Rajasthan,"SNMC, Jodhpur",MBBS,0+1(VV),96100
Tamil Nadu,"AIIMS, Madurai",MBBS,1,1350
Tamil Nadu,"AIIMS, Madurai",MBBS,1,1350
Tamil Nadu,"AIIMS, Madurai",MBBS,1,1350
Tamil Nadu,"AIIMS, Madurai",MBBS,1,1350
Assam,"Jorhat Med Coll, Jorhat",MBBS,1,6400
Assam,"Jorhat Med Coll, Jorhat",MBBS,1,6400
Assam,"Jorhat Med Coll, Jorhat",MBBS,0+1(VV),6400
Karnataka,"AB Shetty Mem IDS, Mangalore",BDS,3,807000
Karnataka,"AB Shetty Mem IDS, Mangalore",BDS,0+2(VV),807000
Karnataka,"AB Shetty Mem IDS, Mangalore",BDS,0+2(VV),807000
Delhi,"ABVIMS (Dr RML Hosp), Delhi",MBBS,2,41000
Andhra Pradesh,"Government Med Coll, Nandyal",MBBS,1,15000
Andhra Pradesh,"Government Med Coll, Nandyal",MBBS,1,15000
Andhra Pradesh,"Government Med Coll, Nandyal",MBBS,0+1(VV),15000
West Bengal,"Govt Med Coll, Raiganj",MBBS,1,9000
West Bengal,"Govt Med Coll, Raiganj",MBBS,1,9000
Maharashtra,"BV Dental Coll, Navi Mumbai",BDS,90,591250
Maharashtra,"BV Dental Coll, Navi Mumbai",BDS,20+30(VV),591250
Maharashtra,"BV Dental Coll, Navi Mumbai",BDS,4+27(VV),591250
West Bengal,"Prafulla CS Govt Med, Arambagh",MBBS,1,9000
West Bengal,"Prafulla CS Govt Med, Arambagh",MBBS,1,9000
Maharashtra,"DYPatil Dent Coll, Navi Mumbai",BDS,98,875000
Maharashtra,"DYPatil Dent Coll, Navi Mumbai",BDS,21+28(VV),875000
Maharashtra,"DYPatil Dent Coll, Navi Mumbai",BDS,3+35(VV),875000
Maharashtra,"DYPatil Dent Coll, Navi Mumbai",BDS,2,875000
Maharashtra,"DYPatil Dent Coll, Navi Mumbai",BDS,1,875000
Maharashtra,"School of DentSci, KIMS, Karad",BDS,95,425000
Maharashtra,"School of DentSci, KIMS, Karad",BDS,6+41(VV),425000
Maharashtra,"School of DentSci, KIMS, Karad",BDS,2+43(VV),425000
Andhra Pradesh,SVIMS-Sri Padmavathi,MBBS,1,67900
Uttar Pradesh,"Govt Med Coll, Lakhimpur Kheri",MBBS,1,24000
Uttar Pradesh,"Govt Med Coll, Lakhimpur Kheri",MBBS,1,24000
Karnataka,"KS Hegde, Mangalore",MBBS,38,2828000
Karnataka,"KS Hegde, Mangalore",MBBS,7+14(VV),2828000
Karnataka,"KS Hegde, Mangalore",MBBS,0+13(VV),2828000
Dadra and Nagar Haveli,"NAMO MERI Govt MedColl,Silvassa",MBBS,1,53000
Assam,"AIIMS, Guwahati",MBBS,1,1350
Uttar Pradesh,"Santosh Dental Coll, Ghaziabad",BDS,100,280000
Uttar Pradesh,"Santosh Dental Coll, Ghaziabad",BDS,17+6(VV),280000
Uttar Pradesh,"Santosh Dental Coll, Ghaziabad",BDS,3+7(VV),280000
Maharashtra,"Rajiv Gandhi MC & CSMH, Thane",MBBS,1,158600
Maharashtra,"Rajiv Gandhi MC & CSMH, Thane",MBBS,1,158600
Maharashtra,"Rajiv Gandhi MC & CSMH, Thane",MBBS,1,158600
Tamil Nadu,"ACS Med Coll, Chennai",MBBS,212,2500000
Tamil Nadu,"ACS Med Coll, Chennai",MBBS,58+64(VV),2500000
Tamil Nadu,"ACS Med Coll, Chennai",MBBS,16+58(VV),2500000
Tamil Nadu,"ACS Med Coll, Chennai",MBBS,4,2500000
Punjab,"Guru Govind Singh, Faridkot",MBBS,1,192000
Punjab,"Guru Govind Singh, Faridkot",MBBS,1,192000
Punjab,"Guru Govind Singh, Faridkot",MBBS,0+1(VV),192000
Tamil Nadu,"Madras Med Coll, Chennai",MBBS,1,18073
Tamil Nadu,"Madras Med Coll, Chennai",MBBS,0+1(VV),18073
Gujarat,"Medical College, Baroda",MBBS,1,25000
Odisha,"Saheed Laxman Nayak, Koraput",MBBS,1,22000
Chhattisgarh,"CIMS, Bilaspur",MBBS,1,50000
Chhattisgarh,"CIMS, Bilaspur",MBBS,0+1(VV),50000
Chhattisgarh,"CIMS, Bilaspur",MBBS,0+1(VV),50000
Telangana,"Osmania Med Coll, Hyderabad",MBBS,1,14000
West Bengal,Murshidabad Med Coll,MBBS,1,9000
West Bengal,Murshidabad Med Coll,MBBS,0+1(VV),9000
West Bengal,Murshidabad Med Coll,MBBS,1,9000
Madhya Pradesh,"Atal Bihari Vajpayee, Vidisha",MBBS,1,100000
Madhya Pradesh,"Atal Bihari Vajpayee, Vidisha",MBBS,1,100000
Madhya Pradesh,"Atal Bihari Vajpayee, Vidisha",MBBS,1,100000
Bihar,"Government Med Coll, Purnea",MBBS,1,9500
Bihar,"Government Med Coll, Purnea",MBBS,0+1(VV),9500
Bihar,"Government Med Coll, Purnea",MBBS,0+1(VV),9500
Maharashtra,"BV Dental Coll, Sangli",BDS,90,414750
Maharashtra,"BV Dental Coll, Sangli",BDS,11+31(VV),414750
Maharashtra,"BV Dental Coll, Sangli",BDS,1+29(VV),414750
Odisha,"Government Med Coll, Sundargarh",MBBS,1,22000
Odisha,"Government Med Coll, Sundargarh",MBBS,0+1(VV),22000
Odisha,"Government Med Coll, Sundargarh",MBBS,0+1(VV),22000
Karnataka,"Yadgiri Inst of Med Sci,Yadgiri",MBBS,1,64350
Karnataka,"Yenepoya Dental Coll, Yenepoya",BDS,35,526000
Karnataka,"Yenepoya Dental Coll, Yenepoya",BDS,7+9(VV),526000
Karnataka,"Yenepoya Dental Coll, Yenepoya",BDS,1+12(VV),526000
Pondicherry,"Aarupadai Veedu, Pondicherry",MBBS,150,2388000
Pondicherry,"Aarupadai Veedu, Pondicherry",MBBS,78+30(VV),2388000
Pondicherry,"Aarupadai Veedu, Pondicherry",MBBS,35+34(VV),2388000
Pondicherry,"Aarupadai Veedu, Pondicherry",MBBS,14,2388000
Pondicherry,"Aarupadai Veedu, Pondicherry",MBBS,4,2388000
Delhi,"VMMC, Delhi",MBBS,2,41000
Maharashtra,"Govt Med Coll, Akola",MBBS,1,158600
Maharashtra,"Govt Med Coll, Akola",MBBS,1,158600
Karnataka,"Yenepoya Dental Coll, Yenepoya",BDS,50,526000
Karnataka,"Yenepoya Dental Coll, Yenepoya",BDS,17+21(VV),526000
Karnataka,"Yenepoya Dental Coll, Yenepoya",BDS,4+24(VV),526000
Rajasthan,"Jhalawar Med Coll, Jhalawar",MBBS,1,96029
Rajasthan,"Jhalawar Med Coll, Jhalawar",MBBS,1,96029
Rajasthan,"Jhalawar Med Coll, Jhalawar",MBBS,1,96029
Gujarat,"KM Shah Dental Coll, Vadadora",BDS,25,250000
Gujarat,"KM Shah Dental Coll, Vadadora",BDS,1+4(VV),250000
Gujarat,"KM Shah Dental Coll, Vadadora",BDS,1+2(VV),250000
West Bengal,"College of Med & SDH, Kolkata",MBBS,1,9000
West Bengal,"College of Med & SDH, Kolkata",MBBS,0+1(VV),9000
West Bengal,"College of Med & SDH, Kolkata",MBBS,0+1(VV),9000
Delhi,"ESI, Basaidarpur, Delhi",MBBS,1,100000
Delhi,"ESI, Basaidarpur, Delhi",MBBS,1,100000
Uttar Pradesh,"MRA Med Coll, Ambedkarnagar",MBBS,1,24000
Uttar Pradesh,"MRA Med Coll, Ambedkarnagar",MBBS,0+1(VV),24000
Uttar Pradesh,"MRA Med Coll, Ambedkarnagar",MBBS,0+1(VV),24000
Karnataka,"ESIC Dental Coll, Gulbarga",BDS,2,24000
Karnataka,"ESIC Dental Coll, Gulbarga",BDS,1+1(VV),24000
Karnataka,"ESIC Dental Coll, Gulbarga",BDS,2,24000
Tamil Nadu,"Chettinad Hosp&RI,Kanchipuram",MBBS,250,2700000
Tamil Nadu,"Chettinad Hosp&RI,Kanchipuram",MBBS,72+66(VV),2700000
Tamil Nadu,"Chettinad Hosp&RI,Kanchipuram",MBBS,16+53(VV),2700000
West Bengal,Bankura Sammilani Med Coll,MBBS,1,9000
West Bengal,Bankura Sammilani Med Coll,MBBS,1,9000
Jammu and Kashmir,"AIIMS, Jammu",MBBS,1,1350
Chhattisgarh,"CCM Govt Medical College, Durg",MBBS,1,50000
Chhattisgarh,"CCM Govt Medical College, Durg",MBBS,0+1(VV),50000
Chhattisgarh,"CCM Govt Medical College, Durg",MBBS,0+1(VV),50000
Maharashtra,"MGIMS, Wardha",MBBS,1,169410
Maharashtra,"MGIMS, Wardha",MBBS,1,169410
Odisha,"Inst of Dental Sci,Bhubaneswar",BDS,100,600000
Odisha,"Inst of Dental Sci,Bhubaneswar",BDS,18+17(VV),600000
Odisha,"Inst of Dental Sci,Bhubaneswar",BDS,2+22(VV),600000
Delhi,"UCMS, Delhi",MBBS,1,31340
Delhi,"UCMS, Delhi",MBBS,1,31340
Madhya Pradesh,"Government Med Coll, Satna",MBBS,1,100000
Madhya Pradesh,"Government Med Coll, Satna",MBBS,1,100000
Delhi,"ABVIMS (Dr RML Hosp), Delhi",MBBS,1,41000
Gujarat,"KM Shah Dental Coll, Vadadora",BDS,75,375000
Gujarat,"KM Shah Dental Coll, Vadadora",BDS,19+19(VV),375000
Gujarat,"KM Shah Dental Coll, Vadadora",BDS,5+20(VV),375000
Tamil Nadu,"Govt Med Coll, Ramanathapuram",MBBS,1,18073
Tamil Nadu,"Govt Med Coll, Ramanathapuram",MBBS,0+1(VV),18073
Tamil Nadu,"Govt Med Coll, Ramanathapuram",MBBS,0+1(VV),18073
Odisha,"AIIMS, Bhubaneswar",MBBS,1,1350
Rajasthan,"SNMC, Jodhpur",MBBS,1,96100
Rajasthan,"SNMC, Jodhpur",MBBS,1,96100
Tamil Nadu,"Rajah Muthiah MC, Annamalai",MBBS,1,18073
Tamil Nadu,"Rajah Muthiah MC, Annamalai",MBBS,0+1(VV),18073
Tamil Nadu,"Rajah Muthiah MC, Annamalai",MBBS,0+1(VV),18073
Delhi,"AIIMS, Delhi",MBBS,1,1350
Delhi,"AIIMS, Delhi",MBBS,1,1350
Uttar Pradesh,"Auton. State Med Coll,Amethi",MBBS,1,24000
Maharashtra,"Govt Med Coll, Miraj",MBBS,1,158600
Maharashtra,"Govt Med Coll, Miraj",MBBS,1,158600
Maharashtra,"Govt Med Coll, Miraj",MBBS,1,158600
Uttar Pradesh,"Shaik-ul-Hind, Saharanpur",MBBS,1,24000
Uttar Pradesh,"Shaik-ul-Hind, Saharanpur",MBBS,1,24000
Uttar Pradesh,"Shaik-ul-Hind, Saharanpur",MBBS,1,24000
Karnataka,"Raichur IMS, Raichur",MBBS,1,64350
Madhya Pradesh,"Govt Med Coll, Ratlam",MBBS,1,100000
Madhya Pradesh,"Govt Med Coll, Ratlam",MBBS,1,100000
Tamil Nadu,"Stanley Med Coll, Chennai",MBBS,1,18073
Tamil Nadu,"Stanley Med Coll, Chennai",MBBS,1,18073
Uttar Pradesh,"Govt Med Coll, Auraiya",MBBS,1,24000
Uttar Pradesh,"Govt Med Coll, Auraiya",MBBS,1,24000
Uttar Pradesh,"Govt Med Coll, Auraiya",MBBS,0+1(VV),24000
Haryana,"Manav Rachna Dental, Faridabad",BDS,98,415000
Haryana,"Manav Rachna Dental, Faridabad",BDS,30+10(VV),415000
Haryana,"Manav Rachna Dental, Faridabad",BDS,5+18(VV),415000
Chhattisgarh,"Lakhi Ram Agrawal, Raigarh",MBBS,1,50000
Chhattisgarh,"Lakhi Ram Agrawal, Raigarh",MBBS,1,50000
Tamil Nadu,"Shri Satya Sai, Kancheepuram",MBBS,250,2402000
Tamil Nadu,"Shri Satya Sai, Kancheepuram",MBBS,121+83(VV),2402000
Tamil Nadu,"Shri Satya Sai, Kancheepuram",MBBS,50+92(VV),2402000
Tamil Nadu,"Shri Satya Sai, Kancheepuram",MBBS,20,2402000
Tamil Nadu,"Shri Satya Sai, Kancheepuram",MBBS,3,2402000
Jammu and Kashmir,"Government Med Coll, Udhampur",MBBS,1,27060
Jammu and Kashmir,"Government Med Coll, Udhampur",MBBS,1,27060
Jammu and Kashmir,"Government Med Coll, Udhampur",MBBS,0+1(VV),27060
Pondicherry,"MGMC & RI, Pondicherry",MBBS,225,2702000
Pondicherry,"MGMC & RI, Pondicherry",MBBS,95+77(VV),2702000
Pondicherry,"MGMC & RI, Pondicherry",MBBS,35+75(VV),2702000
Pondicherry,"MGMC & RI, Pondicherry",MBBS,13,2702000
Pondicherry,"MGMC & RI, Pondicherry",MBBS,2,2702000
Maharashtra,"Government Med Coll, Hingoli",MBBS,1,158600
Maharashtra,"Government Med Coll, Hingoli",MBBS,1,158600
Odisha,"Pt Raghunath Med Coll,Baripada",MBBS,1,22000
Delhi,"VMMC, Delhi",MBBS,1,41000
Maharashtra,"MGM Med Coll,Panvel",MBBS,15,5160000
Maharashtra,"MGM Med Coll,Panvel",MBBS,3,5160000
Maharashtra,"MGM Med Coll,Panvel",MBBS,1,5160000
Madhya Pradesh,"MGM Med Coll, Indore",MBBS,1,100000
Madhya Pradesh,"MGM Med Coll, Indore",MBBS,1,100000
Rajasthan,"RNT, Udaipur",MBBS,1,96029
Rajasthan,"RNT, Udaipur",MBBS,1,96029
Rajasthan,"RNT, Udaipur",MBBS,0+1(VV),96029
Maharashtra,"Lokmanya Tilak, Sion, Mumbai",MBBS,1,158600
Maharashtra,"Lokmanya Tilak, Sion, Mumbai",MBBS,1,158600
Maharashtra,"Lokmanya Tilak, Sion, Mumbai",MBBS,1,158600
Maharashtra,"Sharad Pawar Dent Coll, Wardha",BDS,100,460000
Maharashtra,"Sharad Pawar Dent Coll, Wardha",BDS,21+39(VV),460000
Maharashtra,"Sharad Pawar Dent Coll, Wardha",BDS,6+43(VV),460000
Maharashtra,"Sharad Pawar Dent Coll, Wardha",BDS,2,460000
Andhra Pradesh,"Govt Med Coll, Rajamahendravaram",MBBS,1,15000
Tamil Nadu,"Meenakshi Ammal Dental,Chennai",BDS,100,550000
Tamil Nadu,"Meenakshi Ammal Dental,Chennai",BDS,17+46(VV),550000
Tamil Nadu,"Meenakshi Ammal Dental,Chennai",BDS,4+44(VV),550000
Uttarakhand,"Soban Singh Govt Inst, Almora",MBBS,1,150000
Uttarakhand,"Soban Singh Govt Inst, Almora",MBBS,1,150000
Madhya Pradesh,"Government Med Coll, Satna",MBBS,1,100000
Madhya Pradesh,"Government Med Coll, Satna",MBBS,1,100000
Madhya Pradesh,"Government Med Coll, Satna",MBBS,0+1(VV),100000
Tamil Nadu,Coimbatore Med Coll,MBBS,1,18073
Tamil Nadu,Coimbatore Med Coll,MBBS,1,18073
Tamil Nadu,Coimbatore Med Coll,MBBS,0+1(VV),18073
Maharashtra,"Govt Med Coll, Alibag",MBBS,1,158600
Maharashtra,"Govt Med Coll, Alibag",MBBS,1,158600
Maharashtra,"Govt Med Coll, Alibag",MBBS,0+1(VV),158600
Jharkhand,"Manipal TataMedColl,Jamshedpur",MBBS,5,2390800
Jharkhand,"Manipal TataMedColl,Jamshedpur",MBBS,3+2(VV),2390800
Jharkhand,"Manipal TataMedColl,Jamshedpur",MBBS,0+3(VV),2390800
Bihar,"Jannayak Karpoori Med,Madhepura",MBBS,1,9500
Bihar,"Jannayak Karpoori Med,Madhepura",MBBS,1,9500
Karnataka,"Chamrajanagar IMS, Karnataka",MBBS,1,64350
Maharashtra,"Government Med Coll, Washim",MBBS,1,158600
Maharashtra,"Government Med Coll, Washim",MBBS,1,158600
Tamil Nadu,"Govt Med Coll, Karur",MBBS,1,18073
Pondicherry,"IG Inst Dental Sci,Pondicherry",BDS,100,342000
Pondicherry,"IG Inst Dental Sci,Pondicherry",BDS,45+22(VV),342000
Pondicherry,"IG Inst Dental Sci,Pondicherry",BDS,6+34(VV),342000
Pondicherry,"IG Inst Dental Sci,Pondicherry",BDS,2,342000
Pondicherry,"IG Inst Dental Sci,Pondicherry",BDS,1,342000
Odisha,"Pt Raghunath Med Coll,Baripada",MBBS,1,22000
Odisha,"Pt Raghunath Med Coll,Baripada",MBBS,0+1(VV),22000
Tamil Nadu,"Sree Balaji Med Coll, Chennai",MBBS,245,3050000
Tamil Nadu,"Sree Balaji Med Coll, Chennai",MBBS,86+82(VV),3050000
Tamil Nadu,"Sree Balaji Med Coll, Chennai",MBBS,25+88(VV),3050000
Tamil Nadu,"Sree Balaji Med Coll, Chennai",MBBS,6,3050000
Bihar,"AIIMS, Patna",MBBS,1,1350
Bihar,"AIIMS, Patna",MBBS,0+1(VV),1350
Bihar,"AIIMS, Patna",MBBS,0+1(VV),1350
Delhi,"Lady Hardinge, Delhi",MBBS,4,1665
Uttar Pradesh,"Auton. State Med Coll, Deoria",MBBS,1,24000
West Bengal,"College of Med & SDH, Kolkata",MBBS,1,9000
West Bengal,"College of Med & SDH, Kolkata",MBBS,1,9000
Gujarat,"SBKS, Vadadora",MBBS,37,3440000
Gujarat,"SBKS, Vadadora",MBBS,37,3440000
Gujarat,"SBKS, Vadadora",MBBS,34+1(VV),3440000
Delhi,"Faculty of Dent,Jamial Millia",BDS,2,4300000
Jammu and Kashmir,"Govt Med Coll, Srinagar",MBBS,1,26250
Jammu and Kashmir,"Govt Med Coll, Srinagar",MBBS,1,26250
Maharashtra,"Shri VR Naik Govt, Yavatmal",MBBS,1,158600
Maharashtra,"Shri VR Naik Govt, Yavatmal",MBBS,1,158600
Maharashtra,"Shri VR Naik Govt, Yavatmal",MBBS,1,158600
Rajasthan,"Government Med Coll,Chittorgarh",MBBS,1,96029
Rajasthan,"Government Med Coll,Chittorgarh",MBBS,1,96029
Gujarat,"MP Shah, Jamnagar",MBBS,1,25000
Gujarat,"MP Shah, Jamnagar",MBBS,1,25000
Gujarat,"MP Shah, Jamnagar",MBBS,1,25000
Tamil Nadu,"Bhaarat Med Coll, Chennai",MBBS,150,2750000
Tamil Nadu,"Bhaarat Med Coll, Chennai",MBBS,121+24(VV),2750000
Tamil Nadu,"Bhaarat Med Coll, Chennai",MBBS,86+38(VV),2750000
Tamil Nadu,"Bhaarat Med Coll, Chennai",MBBS,19,2750000
Tamil Nadu,"Bhaarat Med Coll, Chennai",MBBS,4,2750000
Maharashtra,"Government Med Coll, Jalna",MBBS,1,158600
Maharashtra,"Government Med Coll, Jalna",MBBS,1,158600
Maharashtra,"Government Med Coll, Jalna",MBBS,1,158600
Pondicherry,"SLIMS, Pondicherry",MBBS,250,2600000
Pondicherry,"SLIMS, Pondicherry",MBBS,124+69(VV),2600000
Pondicherry,"SLIMS, Pondicherry",MBBS,48+65(VV),2600000
Pondicherry,"SLIMS, Pondicherry",MBBS,19,2600000
Pondicherry,"SLIMS, Pondicherry",MBBS,2,2600000
Odisha,"Kalinga IDS, Bhubaneswar",BDS,100,650000
Odisha,"Kalinga IDS, Bhubaneswar",BDS,25+21(VV),650000
Odisha,"Kalinga IDS, Bhubaneswar",BDS,7+23(VV),650000
Odisha,"Kalinga IDS, Bhubaneswar",BDS,1,650000
Uttarakhand,"Doon Med Coll, Dehradun",MBBS,1,150000
Uttarakhand,"Doon Med Coll, Dehradun",MBBS,0+1(VV),150000
Uttarakhand,"Doon Med Coll, Dehradun",MBBS,1,150000
Telangana,"Govt Med Coll, Suryapet",MBBS,1,14000
Assam,"ESIC, Beltola",MBBS,1,100000
Assam,"ESIC, Beltola",MBBS,1,100000
Maharashtra,"MGIMS, Wardha",MBBS,1,169410
Maharashtra,"MGIMS, Wardha",MBBS,1,169410
Maharashtra,"MGIMS, Wardha",MBBS,1,169410
Kerala,"Govt Med Coll, Kozhikode",MBBS,1,23150
Rajasthan,"Govt Med Coll, Banswara",MBBS,1,96029
Uttar Pradesh,"Auton. State Med Coll,Mirzapur",MBBS,1,24000
Uttar Pradesh,"Auton. State Med Coll,Mirzapur",MBBS,1,24000
Uttar Pradesh,"Auton. State Med Coll,Mirzapur",MBBS,1,24000
Telangana,"Govt Med Coll, Kumuram Bheem",MBBS,1,14000
Telangana,"Govt Med Coll, Kumuram Bheem",MBBS,0+1(VV),14000
Telangana,"Govt Med Coll, Kumuram Bheem",MBBS,0+1(VV),14000
Tamil Nadu,"Sree Balaji DentalColl,Chennai",BDS,100,500000
Tamil Nadu,"Sree Balaji DentalColl,Chennai",BDS,14+27(VV),500000
Tamil Nadu,"Sree Balaji DentalColl,Chennai",BDS,2+24(VV),500000
Tamil Nadu,"Sree Balaji DentalColl,Chennai",BDS,1,500000
Tamil Nadu,"Sree Balaji DentalColl,Chennai",BDS,1,500000
Andhra Pradesh,"Rangaraya Med Coll, Kakinada",MBBS,1,15000
Andhra Pradesh,"Rangaraya Med Coll, Kakinada",MBBS,1,15000
Andhra Pradesh,"Rangaraya Med Coll, Kakinada",MBBS,0+1(VV),15000
Madhya Pradesh,"Govt Med Coll, Chhindwara",MBBS,1,100000
Madhya Pradesh,"Govt Med Coll, Chhindwara",MBBS,1,100000
Kerala,"Government Med Coll, Idukki",MBBS,1,23150
Kerala,"Government Med Coll, Idukki",MBBS,1,23150
Kerala,"Government Med Coll, Idukki",MBBS,0+1(VV),23150
Kerala,"Govt Med Coll, Thrissur",MBBS,1,23150
Kerala,"Govt Med Coll, Thrissur",MBBS,1,23150
Karnataka,"Raichur IMS, Raichur",MBBS,1,64350
Karnataka,"Raichur IMS, Raichur",MBBS,1,64350
Karnataka,"Raichur IMS, Raichur",MBBS,0+1(VV),64350
Rajasthan,"Govt Med Coll, Jhunjhunu",MBBS,1,96029
Rajasthan,"Govt Med Coll, Jhunjhunu",MBBS,1,96029
Rajasthan,"Govt Med Coll, Jhunjhunu",MBBS,0+1(VV),96029
Tamil Nadu,"SRM Med Coll, Kancheepuram",MBBS,3,4300000
Tamil Nadu,"SRM Med Coll, Kancheepuram",MBBS,3,4300000
Tamil Nadu,"SRM Med Coll, Kancheepuram",MBBS,3,4300000
Tamil Nadu,"JR Med Coll & Hosp, Avanampattu",MBBS,150,2600000
Tamil Nadu,"JR Med Coll & Hosp, Avanampattu",MBBS,96+38(VV),2600000
Tamil Nadu,"JR Med Coll & Hosp, Avanampattu",MBBS,100+46(VV),2600000
Tamil Nadu,"JR Med Coll & Hosp, Avanampattu",MBBS,29,2600000
Tamil Nadu,"JR Med Coll & Hosp, Avanampattu",MBBS,2,2600000
West Bengal,Midnapore Medical College,MBBS,1,9000
West Bengal,Midnapore Medical College,MBBS,0+1(VV),9000
Telangana,"Malla Reddy InstofDent Sci,HYD",BDS,100,400000
Telangana,"Malla Reddy InstofDent Sci,HYD",BDS,20+22(VV),400000
Telangana,"Malla Reddy InstofDent Sci,HYD",BDS,5+25(VV),400000
Maharashtra,"Government Med Coll, Bhandara",MBBS,1,158600
Maharashtra,"Government Med Coll, Bhandara",MBBS,1,158600
Maharashtra,"Government Med Coll, Bhandara",MBBS,1,158600
Andhra Pradesh,SVIMS-Sri Padmavathi,MBBS,1,67900
Andhra Pradesh,SVIMS-Sri Padmavathi,MBBS,0+1(VV),67900
Andhra Pradesh,SVIMS-Sri Padmavathi,MBBS,0+1(VV),67900
Delhi,"UCMS, Delhi",MBBS,2,31340
Delhi,"UCMS, Delhi",MBBS,1,31340
Delhi,"UCMS, Delhi",MBBS,0+1(VV),31340
Maharashtra,"Govt Med Coll, Nandurbar",MBBS,1,158600
Maharashtra,"Govt Med Coll, Nandurbar",MBBS,1,158600
Maharashtra,"Govt Med Coll, Nandurbar",MBBS,1,158600
Telangana,"Govt Med Coll, Nagarkurnool",MBBS,1,14000
Telangana,"Govt Med Coll, Nagarkurnool",MBBS,1,14000
Telangana,"Govt Med Coll, Nagarkurnool",MBBS,1,14000
Andhra Pradesh,"Rajiv Gandhi IMS, Ongole",MBBS,1,15000
Delhi,"Maulana Azad IDS, New Delhi",BDS,1,5395
Delhi,"Maulana Azad IDS, New Delhi",BDS,0+1(VV),5395
Delhi,"Maulana Azad IDS, New Delhi",BDS,0+1(VV),5395
Himachal Pradesh,"RPG, Tanda",MBBS,1,50000
Himachal Pradesh,"RPG, Tanda",MBBS,0+1(VV),50000
Himachal Pradesh,"RPG, Tanda",MBBS,0+1(VV),50000
Uttar Pradesh,"Auton. State Med Coll,Mirzapur",MBBS,1,24000
Uttar Pradesh,"Auton. State Med Coll,Mirzapur",MBBS,0+1(VV),24000
Uttar Pradesh,"Auton. State Med Coll,Mirzapur",MBBS,0+1(VV),24000
Chhattisgarh,"Govt Med Coll, Kanker",MBBS,1,50000
Chhattisgarh,"Govt Med Coll, Kanker",MBBS,0+1(VV),50000
Chhattisgarh,"Govt Med Coll, Kanker",MBBS,0+1(VV),50000
Andhra Pradesh,"Government Med Coll, Eluru",MBBS,1,15000
Telangana,"Govt Med Coll, Suryapet",MBBS,1,14000
Telangana,"Govt Med Coll, Suryapet",MBBS,1,14000
Telangana,"Govt Med Coll, Suryapet",MBBS,0+1(VV),14000
Haryana,"Kalpana Chawala Govt MC,Karnal",MBBS,1,61410
Haryana,"Kalpana Chawala Govt MC,Karnal",MBBS,1,61410
Haryana,"Kalpana Chawala Govt MC,Karnal",MBBS,1,61410
Telangana,Govt Med Coll Jangaon,MBBS,1,14000
Telangana,Govt Med Coll Jangaon,MBBS,1,14000
Telangana,Govt Med Coll Jangaon,MBBS,0+1(VV),14000
Telangana,"MallaReddy DentalColl Women,HYD",BDS,100,375000
Telangana,"MallaReddy DentalColl Women,HYD",BDS,24+31(VV),375000
Telangana,"MallaReddy DentalColl Women,HYD",BDS,5+30(VV),375000
Telangana,"MallaReddy DentalColl Women,HYD",BDS,1,375000
Rajasthan,"Govt Med Coll, Bharatpur",MBBS,1,96029
Rajasthan,"Govt Med Coll, Bharatpur",MBBS,1,96029
Uttar Pradesh,"Govt Med Coll, Shahjhanpur",MBBS,1,24000
Tamil Nadu,"Sathyabhama DentalColl,Chennai",BDS,100,400000
Tamil Nadu,"Sathyabhama DentalColl,Chennai",BDS,17+31(VV),400000
Tamil Nadu,"Sathyabhama DentalColl,Chennai",BDS,1+33(VV),400000
West Bengal,"MJN Med Coll, Coochbehar",MBBS,1,9000
West Bengal,"MJN Med Coll, Coochbehar",MBBS,1,9000
West Bengal,"MJN Med Coll, Coochbehar",MBBS,0+1(VV),9000
Uttar Pradesh,"Dr ZA Dental Coll, AMU,Aligarh",BDS,5,860000
Uttar Pradesh,"Dr ZA Dental Coll, AMU,Aligarh",BDS,3,860000
Uttar Pradesh,"Dr ZA Dental Coll, AMU,Aligarh",BDS,0+1(VV),860000
Madhya Pradesh,"Govt Med Coll, Khandwa",MBBS,1,100000
Madhya Pradesh,"Govt Med Coll, Khandwa",MBBS,1,100000
Madhya Pradesh,"Govt Med Coll, Khandwa",MBBS,1,100000
Tamil Nadu,"VinayakaMissionsDentColl,Salem",BDS,100,400000
Tamil Nadu,"VinayakaMissionsDentColl,Salem",BDS,17+13(VV),400000
Tamil Nadu,"VinayakaMissionsDentColl,Salem",BDS,1+12(VV),400000
Rajasthan,"Government Med Coll, Dholpur",MBBS,1,96029
Rajasthan,"Government Med Coll, Dholpur",MBBS,1,96029
Karnataka,"Gulbarga IMS, Gulbarga",MBBS,1,64350
Karnataka,"Gulbarga IMS, Gulbarga",MBBS,2,64350
Karnataka,"Gulbarga IMS, Gulbarga",MBBS,0+2(VV),64350
Uttar Pradesh,"Govt Med Coll, Chandauli",MBBS,1,24000
Uttar Pradesh,"Govt Med Coll, Chandauli",MBBS,1,24000
Uttar Pradesh,"Govt Med Coll, Chandauli",MBBS,0+1(VV),24000
Pondicherry,"JIPMER, Karaikal",MBBS,1,1200
Pondicherry,"JIPMER, Karaikal",MBBS,0+1(VV),1200
Pondicherry,"JIPMER, Karaikal",MBBS,0+1(VV),1200
Telangana,"Government Med Coll, Sangareddy",MBBS,1,14000
Telangana,"Government Med Coll, Sangareddy",MBBS,1,14000
Telangana,"Government Med Coll, Sangareddy",MBBS,0+1(VV),14000
Karnataka,"Mandya IMS, Mandya",MBBS,1,64350
Karnataka,"Mandya IMS, Mandya",MBBS,1,64350
Uttar Pradesh,"ESIC, Varanasi",MBBS,1,100000
Assam,"Nalbari Medical College, Nalbari",MBBS,1,6400
Assam,"Nalbari Medical College, Nalbari",MBBS,1,6400
West Bengal,"Diamond Harbour Govt MC, WB",MBBS,1,9000
West Bengal,"Diamond Harbour Govt MC, WB",MBBS,2,9000
West Bengal,"Diamond Harbour Govt MC, WB",MBBS,0+1(VV),9000
West Bengal,"Diamond Harbour Govt MC, WB",MBBS,1,9000
Andhra Pradesh,"Kurnool Med Coll, Kurnool",MBBS,1,15000
Telangana,Govt Med Coll Narsampet,MBBS,1,14000
Telangana,Govt Med Coll Narsampet,MBBS,1,14000
Telangana,Govt Med Coll Narsampet,MBBS,1,14000
Telangana,Govt Med Coll Narsampet,MBBS,1,14000
Uttar Pradesh,"JNMC (AMU), Aligarh",MBBS,4,60300
Uttar Pradesh,"JNMC (AMU), Aligarh",MBBS,0+1(VV),60300
Uttar Pradesh,"JNMC (AMU), Aligarh",MBBS,0+1(VV),60300
Maharashtra,"Govt Med Coll, Gondia",MBBS,1,158600
Maharashtra,"Govt Med Coll, Gondia",MBBS,1,158600
Maharashtra,"Govt Med Coll, Gondia",MBBS,1,158600
Madhya Pradesh,"Govt Med Coll, Mandsaur",MBBS,1,100000
Madhya Pradesh,"Govt Med Coll, Mandsaur",MBBS,0+1(VV),100000
Madhya Pradesh,"Govt Med Coll, Mandsaur",MBBS,0+1(VV),100000
West Bengal,Purulia Govt Med Coll,MBBS,1,9000
West Bengal,Purulia Govt Med Coll,MBBS,1,9000
West Bengal,Purulia Govt Med Coll,MBBS,0+1(VV),9000
Uttarakhand,"Doon Med Coll, Dehradun",MBBS,1,150000
Uttarakhand,"Doon Med Coll, Dehradun",MBBS,0+1(VV),150000
Uttarakhand,"Doon Med Coll, Dehradun",MBBS,0+1(VV),150000
Maharashtra,"Shri VR Naik Govt, Yavatmal",MBBS,1,158600
Maharashtra,"Shri VR Naik Govt, Yavatmal",MBBS,1,158600
Telangana,"Govt Med Coll, Nalgonda",MBBS,1,14000
Telangana,"Govt Med Coll, Nalgonda",MBBS,1,14000
Telangana,"Govt Med Coll, Nalgonda",MBBS,0+1(VV),14000
Assam,"Dhubri Medical College, Dhubri",MBBS,1,6400
Assam,"Dhubri Medical College, Dhubri",MBBS,1,6400
Assam,"Dhubri Medical College, Dhubri",MBBS,0+1(VV),6400
Kerala,"Government Medical Coll, Konni",MBBS,1,23150
Kerala,"Government Medical Coll, Konni",MBBS,1,23150
Kerala,"Government Medical Coll, Konni",MBBS,1,23150
Rajasthan,"Govt Med Coll, Dungapur",MBBS,1,96029
Rajasthan,"Govt Med Coll, Dungapur",MBBS,1,96029
Rajasthan,"Govt Med Coll, Dungapur",MBBS,0+1(VV),96029
Maharashtra,"Shri VR Naik Govt, Yavatmal",MBBS,1,158600
Maharashtra,"Shri VR Naik Govt, Yavatmal",MBBS,1,158600
Maharashtra,"Shri VR Naik Govt, Yavatmal",MBBS,1,158600
Tamil Nadu,"Thaimoogambigai Dental,Chennai",BDS,100,450000
Tamil Nadu,"Thaimoogambigai Dental,Chennai",BDS,23+17(VV),450000
Tamil Nadu,"Thaimoogambigai Dental,Chennai",BDS,6+20(VV),450000
Tamil Nadu,"Thaimoogambigai Dental,Chennai",BDS,1,450000
Madhya Pradesh,"Govt Med Coll, Khandwa",MBBS,1,100000
Madhya Pradesh,"Govt Med Coll, Khandwa",MBBS,0+1(VV),100000
Telangana,"ESIC Med Coll,Sanath Nagar",MBBS,1,100000
Telangana,"ESIC Med Coll,Sanath Nagar",MBBS,0+1(VV),100000
Telangana,"ESIC Med Coll,Sanath Nagar",MBBS,0+1(VV),100000
Assam,Nagaon Medical College,MBBS,1,6400
Jharkhand,"Palamu Medical College, Palamu",MBBS,1,9200
Jharkhand,"Palamu Medical College, Palamu",MBBS,1,9200
Jharkhand,"Palamu Medical College, Palamu",MBBS,0+1(VV),9200
Karnataka,"KIMS, Hubli",MBBS,1,64350
West Bengal,Burdwan Medical College,MBBS,1,9000
West Bengal,Burdwan Medical College,MBBS,1,9000
West Bengal,Burdwan Medical College,MBBS,0+1(VV),9000
Gujarat,"Govt Med College (GMERS), Morbi",MBBS,1,375000
Gujarat,"Govt Med College (GMERS), Morbi",MBBS,1,375000
Gujarat,"Govt Med College (GMERS), Morbi",MBBS,1,375000
Karnataka,"KLE VK Inst of DentSci,Belgaum",BDS,5,1075000
Karnataka,"KLE VK Inst of DentSci,Belgaum",BDS,5,1075000
Karnataka,"KLE VK Inst of DentSci,Belgaum",BDS,5,1075000
Karnataka,"KLE VK Inst of DentSci,Belgaum",BDS,3,1075000
Karnataka,"KLE VK Inst of DentSci,Belgaum",BDS,3,1075000
Rajasthan,"Govt Med Coll, Sawai Madhopur",MBBS,1,96029
Rajasthan,"Govt Med Coll, Sawai Madhopur",MBBS,1,96029
Rajasthan,"Govt Med Coll, Sawai Madhopur",MBBS,0+1(VV),96029
Kerala,"Government Medical Coll, Konni",MBBS,1,23150
Kerala,"Government Medical Coll, Konni",MBBS,1,23150
Delhi,"ESIC Dental Coll, New Delhi",BDS,1,100000
Delhi,"ESIC Dental Coll, New Delhi",BDS,0+1(VV),100000
Delhi,"ESIC Dental Coll, New Delhi",BDS,0+1(VV),100000
Odisha,Government Med Coll Bhawanipatna,MBBS,1,22000
Odisha,Government Med Coll Bhawanipatna,MBBS,1,22000
Odisha,Government Med Coll Bhawanipatna,MBBS,1,22000
Chhattisgarh,"Govt Med Coll, Kanker",MBBS,1,50000
Chhattisgarh,"Govt Med Coll, Kanker",MBBS,0+1(VV),50000
Maharashtra,"MGM Med Coll, Navi Mumbai",MBBS,30,5160000
Maharashtra,"MGM Med Coll, Navi Mumbai",MBBS,3+2(VV),5160000
Maharashtra,"MGM Med Coll, Navi Mumbai",MBBS,0+2(VV),5160000
Kerala,"Amrita SchoolofDentistry,Kochi",BDS,3,516000
Kerala,"Amrita SchoolofDentistry,Kochi",BDS,1+1(VV),516000
Kerala,"Amrita SchoolofDentistry,Kochi",BDS,0+1(VV),516000
Telangana,"ESIC Med Coll,Sanath Nagar",MBBS,1,100000
Telangana,"ESIC Med Coll,Sanath Nagar",MBBS,0+1(VV),100000
Telangana,"ESIC Med Coll,Sanath Nagar",MBBS,0+1(VV),100000
Telangana,"Kakatiya Med Coll, Warangal",MBBS,1,14000
Telangana,"Kakatiya Med Coll, Warangal",MBBS,1,14000
Telangana,"Kakatiya Med Coll, Warangal",MBBS,0+1(VV),14000
Andhra Pradesh,"ACSR Govt Med Coll, Nellore",MBBS,1,15000
Andhra Pradesh,"ACSR Govt Med Coll, Nellore",MBBS,1,15000
Andhra Pradesh,"ACSR Govt Med Coll, Nellore",MBBS,0+1(VV),15000
Rajasthan,"Govt Med Coll, Dungapur",MBBS,1,96029
Rajasthan,"Govt Med Coll, Dungapur",MBBS,1,96029
Rajasthan,"Govt Med Coll, Dungapur",MBBS,1,96029
Rajasthan,"Govt Med Coll, Dungapur",MBBS,1,96029
Telangana,"Government Med Coll, Jagtial",MBBS,1,14000
Telangana,"Government Med Coll, Jagtial",MBBS,1,14000
Tamil Nadu,"Govt Med Coll, Dindigul",MBBS,1,18073
Tamil Nadu,"Govt Med Coll, Dindigul",MBBS,1,18073
Tamil Nadu,"Govt Med Coll, Dindigul",MBBS,1,18073
Odisha,"Govt Med Coll and Hosp, Jajpur",MBBS,1,22000
Odisha,"Govt Med Coll and Hosp, Jajpur",MBBS,1,22000
Odisha,"Govt Med Coll and Hosp, Jajpur",MBBS,1,22000
Odisha,"Govt Med Coll and Hosp, Jajpur",MBBS,1,22000
Delhi,"MAMC, Delhi",MBBS,5,2095
Delhi,"ABVIMS (Dr RML Hosp), Delhi",MBBS,1,41000
Delhi,"ABVIMS (Dr RML Hosp), Delhi",MBBS,0+1(VV),41000
Delhi,"ABVIMS (Dr RML Hosp), Delhi",MBBS,0+1(VV),41000
Haryana,"AB Vajpay GovtMedColl,Faridabad",MBBS,1,61410
Haryana,"AB Vajpay GovtMedColl,Faridabad",MBBS,0+1(VV),61410
Haryana,"AB Vajpay GovtMedColl,Faridabad",MBBS,1,61410
Gujarat,"Govt Med Coll (GMERS), Porbandar",MBBS,1,375000
Gujarat,"Govt Med Coll (GMERS), Porbandar",MBBS,0+1(VV),375000
Gujarat,"Govt Med Coll (GMERS), Porbandar",MBBS,0+1(VV),375000
Haryana,"Maharishi Chyawan Med Coll,Koriawas",MBBS,1,61410
Haryana,"Maharishi Chyawan Med Coll,Koriawas",MBBS,1,61410
Mizoram,"Zoram Med Coll, Mizoram",MBBS,1,49150
Mizoram,"Zoram Med Coll, Mizoram",MBBS,1,49150
Andhra Pradesh,"ACSR Govt Med Coll, Nellore",MBBS,1,15000
Andhra Pradesh,"ACSR Govt Med Coll, Nellore",MBBS,1,15000
Pondicherry,"JIPMER, Puducherry",MBBS,1,1200
Pondicherry,"JIPMER, Puducherry",MBBS,1,1200
Maharashtra,"Rural Dental Coll, Loni",BDS,15,1770740
Maharashtra,"Rural Dental Coll, Loni",BDS,15,1770740
Maharashtra,"Rural Dental Coll, Loni",BDS,14,1770740
Maharashtra,"Rural Dental Coll, Loni",BDS,12,1770740
Maharashtra,"Rural Dental Coll, Loni",BDS,6,1770740
Odisha,"Kalinga IMS, Bhubaneswar",MBBS,37,4300000
Odisha,"Kalinga IMS, Bhubaneswar",MBBS,37,4300000
Odisha,"Kalinga IMS, Bhubaneswar",MBBS,36,4300000
Odisha,"Kalinga IMS, Bhubaneswar",MBBS,1,4300000
Tamil Nadu,"Govt Med Coll, Krishnagiri",MBBS,1,18073
Tamil Nadu,"Govt Med Coll, Krishnagiri",MBBS,1,18073
Tamil Nadu,"Govt Med Coll, Krishnagiri",MBBS,0+1(VV),18073
Jammu and Kashmir,"Government Med Coll,Rajouri",MBBS,1,26250
Jammu and Kashmir,"Government Med Coll,Rajouri",MBBS,1,26250
Jammu and Kashmir,"Government Med Coll,Rajouri",MBBS,0+1(VV),26250
Karnataka,"VIMS, Bellary",MBBS,1,64350
Karnataka,"VIMS, Bellary",MBBS,1,64350
Karnataka,"VIMS, Bellary",MBBS,0+1(VV),64350
Telangana,"Government Med Coll, Karimnagar",MBBS,1,14000
Telangana,"Government Med Coll, Karimnagar",MBBS,0+1(VV),14000
Telangana,"Government Med Coll, Karimnagar",MBBS,1,14000
Telangana,"Government Med Coll, Karimnagar",MBBS,1,14000
Uttar Pradesh,"AIIMS, Rai Bareli",MBBS,1,1350
Uttar Pradesh,"AIIMS, Rai Bareli",MBBS,0+1(VV),1350
Uttar Pradesh,"AIIMS, Rai Bareli",MBBS,0+1(VV),1350
Rajasthan,"AIIMS, Jodhpur",MBBS,1,1350
Rajasthan,"AIIMS, Jodhpur",MBBS,1,1350
Telangana,"Government Med Coll, Wanaparthy",MBBS,1,14000
Telangana,"Government Med Coll, Wanaparthy",MBBS,1,14000
Telangana,"Government Med Coll, Wanaparthy",MBBS,0+1(VV),14000
Andhra Pradesh,Govt Med Coll Machilipatnam,MBBS,1,15000
Andhra Pradesh,Govt Med Coll Machilipatnam,MBBS,1,15000
Andhra Pradesh,"Guntur Med Coll, Guntur",MBBS,1,15000
Andhra Pradesh,"Guntur Med Coll, Guntur",MBBS,1,15000
Andhra Pradesh,"Guntur Med Coll, Guntur",MBBS,0+1(VV),15000
Tamil Nadu,"Govt Med Coll, Nilgiris",MBBS,1,18073
Tamil Nadu,"Govt Med Coll, Nilgiris",MBBS,1,18073
Chhattisgarh,"BaliramKashyap NDMC, Jagdalpur",MBBS,1,50000
Chhattisgarh,"BaliramKashyap NDMC, Jagdalpur",MBBS,1,50000
Chhattisgarh,"BaliramKashyap NDMC, Jagdalpur",MBBS,0+1(VV),50000
Tamil Nadu,"Govt Med Coll, Virudhunagar",MBBS,1,18073
Tamil Nadu,"Govt Med Coll, Virudhunagar",MBBS,1,18073
Tamil Nadu,"Govt Med Coll, Virudhunagar",MBBS,0+1(VV),18073
Maharashtra,"DY Patil Dental Coll, Pune",BDS,5,1462000
Maharashtra,"DY Patil Dental Coll, Pune",BDS,5,1462000
Maharashtra,"DY Patil Dental Coll, Pune",BDS,3+1(VV),1462000
Maharashtra,"DY Patil Dental Coll, Pune",BDS,2,1462000
Maharashtra,"DY Patil Dental Coll, Pune",BDS,2,1462000
Haryana,"ESI Med Coll, Faridabad",MBBS,1,24000
Tamil Nadu,"ESI PGIMSR, KK Nagar, Chennai",MBBS,1,100000
Tamil Nadu,"ESI PGIMSR, KK Nagar, Chennai",MBBS,1,100000
Tamil Nadu,"ESI PGIMSR, KK Nagar, Chennai",MBBS,1,100000
Rajasthan,"Jhalawar Med Coll, Jhalawar",MBBS,1,96029
Rajasthan,"Jhalawar Med Coll, Jhalawar",MBBS,1,96029
Maharashtra,"School of DentSci, KIMS, Karad",BDS,5,602000
Maharashtra,"School of DentSci, KIMS, Karad",BDS,4,602000
Haryana,"Pt Neki Ram Sharma GovtMedColl, Bhiwani",MBBS,1,61410
Tamil Nadu,"Govt Med Coll, Dindigul",MBBS,1,18073
Tamil Nadu,"Govt Med Coll, Dindigul",MBBS,1,18073
Maharashtra,Mahatma Gandhi Mission Vashi,MBBS,15,5160000
Maharashtra,Mahatma Gandhi Mission Vashi,MBBS,2+2(VV),5160000
Maharashtra,Mahatma Gandhi Mission Vashi,MBBS,0+2(VV),5160000
Maharashtra,"BV Dental Coll, Sangli",BDS,10,1833090
Maharashtra,"BV Dental Coll, Sangli",BDS,10,1833090
Maharashtra,"BV Dental Coll, Sangli",BDS,9,1833090
Maharashtra,"BV Dental Coll, Sangli",BDS,8,1833090
Maharashtra,"BV Dental Coll, Sangli",BDS,6,1833090
Gujarat,"Govt Med Coll (GMERS), Porbandar",MBBS,1,375000
Gujarat,"Govt Med Coll (GMERS), Porbandar",MBBS,0+1(VV),375000
Gujarat,"Govt Med Coll (GMERS), Porbandar",MBBS,1,375000
Kerala,"Amrita School of Med, Kochi",MBBS,23,4379980
Kerala,"Amrita School of Med, Kochi",MBBS,7+5(VV),4379980
Kerala,"Amrita School of Med, Kochi",MBBS,6+5(VV),4379980
Kerala,"Amrita School of Med, Kochi",MBBS,1,4379980
Gujarat,"SBKS, Vadadora",MBBS,106,2275000
Gujarat,"SBKS, Vadadora",MBBS,20+33(VV),2275000
Gujarat,"SBKS, Vadadora",MBBS,8+27(VV),2275000
Gujarat,"SBKS, Vadadora",MBBS,1,2275000
Odisha,"Govt Med Coll, Balasore",MBBS,1,22000
Odisha,"Govt Med Coll, Balasore",MBBS,0+1(VV),22000
Odisha,"Govt Med Coll, Balasore",MBBS,0+1(VV),22000
Karnataka,Kodagu Inst of Med Sciences,MBBS,1,64350
Karnataka,Kodagu Inst of Med Sciences,MBBS,1,64350
Karnataka,Kodagu Inst of Med Sciences,MBBS,0+1(VV),64350
Haryana,"MMIMS, Mullana, Ambala",MBBS,30,3440000
Haryana,"MMIMS, Mullana, Ambala",MBBS,30,3440000
Haryana,"MMIMS, Mullana, Ambala",MBBS,26,3440000
Haryana,"MMIMS, Mullana, Ambala",MBBS,1,3440000
Maharashtra,"MGM Med Coll, Aurangabad",MBBS,30,5160000
Maharashtra,"MGM Med Coll, Aurangabad",MBBS,10+6(VV),5160000
Maharashtra,"MGM Med Coll, Aurangabad",MBBS,1+6(VV),5160000
Maharashtra,"DY Patil, Pimpri, Pune",MBBS,38,5160000
Maharashtra,"DY Patil, Pimpri, Pune",MBBS,37,5160000
Maharashtra,"DY Patil, Pimpri, Pune",MBBS,31+1(VV),5160000
Maharashtra,"DY Patil, Pimpri, Pune",MBBS,3,5160000
Maharashtra,"DY Patil, Pimpri, Pune",MBBS,1,5160000
Maharashtra,"DYPatil Dent Coll, Navi Mumbai",BDS,2,Info not available
Maharashtra,"DYPatil Dent Coll, Navi Mumbai",BDS,2,Info not available
Maharashtra,"DYPatil Dent Coll, Navi Mumbai",BDS,1,Info not available
Maharashtra,"DYPatil Dent Coll, Navi Mumbai",BDS,1,Info not available
Tamil Nadu,"Saveetha Dental Coll, Chennai",BDS,1,Info not available
Tamil Nadu,"Saveetha Dental Coll, Chennai",BDS,0+1(VV),Info not available
Tamil Nadu,"Saveetha Dental Coll, Chennai",BDS,0+1(VV),Info not available
Odisha,"IMS & SUM, Bhubaneswar",MBBS,38,4300000
Odisha,"IMS & SUM, Bhubaneswar",MBBS,38,4300000
Odisha,"IMS & SUM, Bhubaneswar",MBBS,37,4300000
Tamil Nadu,Govt Villupuram Med Coll,MBBS,1,18073
Tamil Nadu,Govt Villupuram Med Coll,MBBS,1,18073
Tamil Nadu,Govt Villupuram Med Coll,MBBS,1,18073
Uttarakhand,"Graphic Era IMS, Dehradun",MBBS,23,4300000
Uttarakhand,"Graphic Era IMS, Dehradun",MBBS,22,4300000
Uttarakhand,"Graphic Era IMS, Dehradun",MBBS,22,4300000
Uttarakhand,"Graphic Era IMS, Dehradun",MBBS,1,4300000
Telangana,"Govt Med Coll, Nagarkurnool",MBBS,1,14000
Telangana,"Govt Med Coll, Nagarkurnool",MBBS,0+1(VV),14000
Telangana,"Govt Med Coll, Nagarkurnool",MBBS,0+1(VV),14000
Maharashtra,"Symbiosis Med Coll Women, Pune",MBBS,23,3495470
Maharashtra,"Symbiosis Med Coll Women, Pune",MBBS,12+1(VV),3495470
Maharashtra,"Symbiosis Med Coll Women, Pune",MBBS,2,3495470
Uttar Pradesh,"Santosh Med Coll, Ghaziabad",MBBS,23,4300000
Uttar Pradesh,"Santosh Med Coll, Ghaziabad",MBBS,9,4300000
Uttar Pradesh,"Santosh Med Coll, Ghaziabad",MBBS,4,4300000
Telangana,"Government Med Coll, Wanaparthy",MBBS,1,14000
Telangana,"Government Med Coll, Wanaparthy",MBBS,1,14000
Telangana,"Government Med Coll, Wanaparthy",MBBS,0+1(VV),14000
Tamil Nadu,"Madurai Med Coll, Madurai",MBBS,1,18073
Tamil Nadu,"Madurai Med Coll, Madurai",MBBS,1,18073
Tamil Nadu,"Madurai Med Coll, Madurai",MBBS,0+1(VV),18073
Pondicherry,"IGMC & RI, Pondicherry",MBBS,1,73700
Pondicherry,"IGMC & RI, Pondicherry",MBBS,1,73700
Pondicherry,"IGMC & RI, Pondicherry",MBBS,0+1(VV),73700
Telangana,"Government Med Coll, Ramagundam",MBBS,1,14000
Telangana,"Government Med Coll, Ramagundam",MBBS,1,14000
Telangana,"Government Med Coll, Ramagundam",MBBS,0+1(VV),14000
Jammu and Kashmir,"Government Medical Coll,Kathua",MBBS,1,26250
Chhattisgarh,"Government Med Coll, Korba",MBBS,1,50000
Chhattisgarh,"Government Med Coll, Korba",MBBS,0+1(VV),50000
Chhattisgarh,"Government Med Coll, Korba",MBBS,1,50000
Maharashtra,"Govt Med Coll, Akola",MBBS,1,158600
Maharashtra,"Govt Med Coll, Akola",MBBS,1,158600
Maharashtra,"Govt Med Coll, Akola",MBBS,1,158600
Tamil Nadu,Govt Sivagangai Med Coll,MBBS,1,18073
Tamil Nadu,Govt Sivagangai Med Coll,MBBS,0+1(VV),18073
Tamil Nadu,Govt Sivagangai Med Coll,MBBS,0+1(VV),18073
Kerala,"Govt Med Coll, Kottayam",MBBS,1,23150
Kerala,"Govt Med Coll, Kottayam",MBBS,1,23150
Kerala,"Govt Med Coll, Kottayam",MBBS,0+1(VV),23150
Manipur,"Govt Med Coll, Churachandpur",MBBS,1,6000
Manipur,"Govt Med Coll, Churachandpur",MBBS,1,6000
Manipur,"Govt Med Coll, Churachandpur",MBBS,1,6000
Kerala,"Govt Med Coll, Thrissur",MBBS,1,23150
Kerala,"Govt Med Coll, Thrissur",MBBS,1,23150
Tamil Nadu,Govt Thiruvannamalai Med Coll,MBBS,1,18073
Tamil Nadu,Govt Thiruvannamalai Med Coll,MBBS,1,18073
Tamil Nadu,Govt Thiruvannamalai Med Coll,MBBS,1,18073
Maharashtra,"BVDU Dental Coll, Pune",BDS,15,2024440
Maharashtra,"BVDU Dental Coll, Pune",BDS,14,2024440
Maharashtra,"BVDU Dental Coll, Pune",BDS,11,2024440
Maharashtra,"BVDU Dental Coll, Pune",BDS,8,2024440
Maharashtra,"BVDU Dental Coll, Pune",BDS,5,2024440
Andhra Pradesh,"Government Med Coll, Eluru",MBBS,1,15000
Andhra Pradesh,"Government Med Coll, Eluru",MBBS,1,15000
Andhra Pradesh,"Government Med Coll, Eluru",MBBS,0+1(VV),15000
Andhra Pradesh,"Government Med Coll, Eluru",MBBS,1,15000
Tamil Nadu,"Govt Med Coll & ESI,Coimbatore",MBBS,1,18073
Tamil Nadu,"Govt Med Coll & ESI,Coimbatore",MBBS,1,18073
Tamil Nadu,"Govt Med Coll & ESI,Coimbatore",MBBS,1,18073
Tamil Nadu,"Govt Med Coll & ESI,Coimbatore",MBBS,1,18073
Tamil Nadu,Tirunelveli Med Coll,MBBS,1,18073
Tamil Nadu,Tirunelveli Med Coll,MBBS,1,18073
Tamil Nadu,Tirunelveli Med Coll,MBBS,0+1(VV),18073
Tamil Nadu,"Mohan Kumaramangalam, Salem",MBBS,1,18073
Tamil Nadu,"Mohan Kumaramangalam, Salem",MBBS,1,18073
Tamil Nadu,"Mohan Kumaramangalam, Salem",MBBS,0+1(VV),18073
Tamil Nadu,Kanyakumari Med Coll,MBBS,1,18073
Tamil Nadu,Kanyakumari Med Coll,MBBS,1,18073
Tamil Nadu,Kanyakumari Med Coll,MBBS,0+1(VV),18073
Tamil Nadu,"Sree Balaji Med Coll, Chennai",MBBS,5,5160000
Tamil Nadu,"Sree Balaji Med Coll, Chennai",MBBS,5,5160000
Tamil Nadu,"Sree Balaji Med Coll, Chennai",MBBS,5,5160000
Tamil Nadu,"Sree Balaji Med Coll, Chennai",MBBS,1,5160000
Tamil Nadu,"Govt Med Coll, Namakkal",MBBS,1,18073
Tamil Nadu,"Govt Med Coll, Namakkal",MBBS,1,18073
Assam,"Govt Dental College, Silchar",BDS,1,5000
Assam,"Govt Dental College, Silchar",BDS,0+1(VV),5000
Assam,"Govt Dental College, Silchar",BDS,0+1(VV),5000
West Bengal,"College of Med & JNM, Kalyani",MBBS,1,9000
Andhra Pradesh,"Rangaraya Med Coll, Kakinada",MBBS,1,15000
Andhra Pradesh,"Rangaraya Med Coll, Kakinada",MBBS,0+1(VV),15000
Andhra Pradesh,"Rangaraya Med Coll, Kakinada",MBBS,0+1(VV),15000
Telangana,"Osmania Med Coll, Hyderabad",MBBS,1,14000
Telangana,"Osmania Med Coll, Hyderabad",MBBS,1,14000
Telangana,"Osmania Med Coll, Hyderabad",MBBS,0+1(VV),14000
Telangana,"Government Med Coll,Mahabubabad",MBBS,1,14000
Telangana,"Government Med Coll,Mahabubabad",MBBS,0+1(VV),14000
Telangana,"Government Med Coll,Mahabubabad",MBBS,0+1(VV),14000
Karnataka,"Mysore Med Coll, Mysore",MBBS,1,64350
Maharashtra,"MGM Med Coll, Nerul",MBBS,8,5160000
Maharashtra,"MGM Med Coll, Nerul",MBBS,2+6(VV),5160000
Maharashtra,"MGM Med Coll, Nerul",MBBS,0+6(VV),5160000
Karnataka,"Belagavi IMS, Belagavi",MBBS,1,64350
Karnataka,"Belagavi IMS, Belagavi",MBBS,1,64350
Karnataka,"Belagavi IMS, Belagavi",MBBS,0+1(VV),64350
Tamil Nadu,"Govt Med Coll, Thiruvallur",MBBS,1,18073
Tamil Nadu,"Govt Med Coll, Thiruvallur",MBBS,1,18073
Jammu and Kashmir,"Government Medical Coll,Kathua",MBBS,1,26250
Jammu and Kashmir,"Government Medical Coll,Kathua",MBBS,1,26250
Pondicherry,"IGMC & RI, Pondicherry",MBBS,1,73700
Pondicherry,"IGMC & RI, Pondicherry",MBBS,1,73700
Pondicherry,"IGMC & RI, Pondicherry",MBBS,0+1(VV),73700
Tamil Nadu,Govt Thiruvarur Med Coll,MBBS,1,18073
Tamil Nadu,Govt Thiruvarur Med Coll,MBBS,1,18073
Tamil Nadu,Govt Thiruvarur Med Coll,MBBS,0+1(VV),18073
Maharashtra,"BV Dental Coll, Navi Mumbai",BDS,10,2024440
Maharashtra,"BV Dental Coll, Navi Mumbai",BDS,10,2024440
Maharashtra,"BV Dental Coll, Navi Mumbai",BDS,9,2024440
Maharashtra,"BV Dental Coll, Navi Mumbai",BDS,7,2024440
Maharashtra,"BV Dental Coll, Navi Mumbai",BDS,4,2024440
Gujarat,"PDU Med Coll, Rajkot",MBBS,1,25000
Gujarat,"PDU Med Coll, Rajkot",MBBS,1,25000
Gujarat,"PDU Med Coll, Rajkot",MBBS,0+1(VV),25000
Tamil Nadu,Kanyakumari Med Coll,MBBS,1,18073
Tamil Nadu,Kanyakumari Med Coll,MBBS,0+1(VV),18073
Tamil Nadu,Kanyakumari Med Coll,MBBS,1,18073
Assam,Nagaon Medical College,MBBS,1,6400
Assam,Nagaon Medical College,MBBS,0+1(VV),6400
Assam,Nagaon Medical College,MBBS,0+1(VV),6400
Uttar Pradesh,"Govt Med Coll, Auraiya",MBBS,1,24000
Uttar Pradesh,"Govt Med Coll, Auraiya",MBBS,0+1(VV),24000
Uttar Pradesh,"Govt Med Coll, Auraiya",MBBS,1,24000
Uttar Pradesh,"Dr ZA Dental Coll, AMU,Aligarh",BDS,1,53000
Uttar Pradesh,"Dr ZA Dental Coll, AMU,Aligarh",BDS,1,53000
Uttar Pradesh,"Dr ZA Dental Coll, AMU,Aligarh",BDS,1,53000
Uttar Pradesh,"Dr ZA Dental Coll, AMU,Aligarh",BDS,1,53000
Uttar Pradesh,"Dr ZA Dental Coll, AMU,Aligarh",BDS,1,53000
Kerala,"Govt Med Coll, Kollam",MBBS,1,24000
Telangana,"Govt Med Coll, Nalgonda",MBBS,1,14000
Telangana,"Govt Med Coll, Nalgonda",MBBS,1,14000
Tamil Nadu,"Rajah Muthiah DC, Annamalai",BDS,1,16073
Tamil Nadu,"Rajah Muthiah DC, Annamalai",BDS,1,16073
Tamil Nadu,"Rajah Muthiah DC, Annamalai",BDS,1,16073
Tamil Nadu,"Rajah Muthiah DC, Annamalai",BDS,1,16073
Tamil Nadu,"Rajah Muthiah DC, Annamalai",BDS,1,16073
Karnataka,"Siddhartha Med Coll, Tumkur",MBBS,30,4200000
Karnataka,"Siddhartha Med Coll, Tumkur",MBBS,23,4200000
Karnataka,"Siddhartha Med Coll, Tumkur",MBBS,24,4200000
Karnataka,"Siddhartha Med Coll, Tumkur",MBBS,1,4200000
Karnataka,"Siddhartha Med Coll, Tumkur",MBBS,1,4200000
Tripura,"Agartala Med Coll, Agartala",MBBS,1,59500
Delhi,"VMMC, Delhi",MBBS,2,41000
Delhi,"VMMC, Delhi",MBBS,2,41000
Karnataka,"JN Medical College, Belgaum",MBBS,30,3913000
Karnataka,"JN Medical College, Belgaum",MBBS,16,3913000
Karnataka,"JN Medical College, Belgaum",MBBS,7,3913000
Karnataka,"JN Medical College, Belgaum",MBBS,1,3913000
Odisha,"IMS & SH, Campus II, Phulnakhara",MBBS,23,3440000
Odisha,"IMS & SH, Campus II, Phulnakhara",MBBS,21+1(VV),3440000
Odisha,"IMS & SH, Campus II, Phulnakhara",MBBS,17+1(VV),3440000
Odisha,"IMS & SH, Campus II, Phulnakhara",MBBS,1,3440000
Maharashtra,"HBT & RN Cooper, Mumbai",MBBS,1,158600
Maharashtra,"HBT & RN Cooper, Mumbai",MBBS,1,158600
Maharashtra,"HBT & RN Cooper, Mumbai",MBBS,1,158600
Karnataka,"Sri Siddhartha DentColl,Tumkur",BDS,6,561000
Karnataka,"Sri Siddhartha DentColl,Tumkur",BDS,6,561000
Karnataka,"Sri Siddhartha DentColl,Tumkur",BDS,6,561000
Karnataka,"Sri Siddhartha DentColl,Tumkur",BDS,2,561000
Karnataka,"Sri Siddhartha DentColl,Tumkur",BDS,1,561000
Pondicherry,"MGMC & RI, Pondicherry",MBBS,25,4932014
Pondicherry,"MGMC & RI, Pondicherry",MBBS,25,4932014
Pondicherry,"MGMC & RI, Pondicherry",MBBS,24,4932014
Tamil Nadu,"Sri Ramachandra Dental,Chennai",BDS,10,2150000
Tamil Nadu,"Sri Ramachandra Dental,Chennai",BDS,10,2150000
Tamil Nadu,"Sri Ramachandra Dental,Chennai",BDS,8+2(VV),2150000
Tamil Nadu,"Sri Ramachandra Dental,Chennai",BDS,5,2150000
Tamil Nadu,"Sri Ramachandra Dental,Chennai",BDS,4,2150000
Telangana,"Malla Reddy IMS, Hyderabad",MBBS,30,3612000
Telangana,"Malla Reddy IMS, Hyderabad",MBBS,22,3612000
Telangana,"Malla Reddy IMS, Hyderabad",MBBS,14,3612000
Karnataka,"Jagadguru Gangadhar, Hubli",MBBS,23,3913000
Karnataka,"Jagadguru Gangadhar, Hubli",MBBS,29,3913000
Karnataka,"Jagadguru Gangadhar, Hubli",MBBS,22,3913000
Assam,"Regional Dental Coll, Guwahati",BDS,1,5000
Assam,"Regional Dental Coll, Guwahati",BDS,1,5000
Assam,"Regional Dental Coll, Guwahati",BDS,1,5000
West Bengal,"Nilratan Sircar, Kolkata",MBBS,1,9000
West Bengal,"Nilratan Sircar, Kolkata",MBBS,1,9000
West Bengal,"Nilratan Sircar, Kolkata",MBBS,1,9000
Maharashtra,"DY Patil, Navi Mumbai",MBBS,38,4730000
Maharashtra,"DY Patil, Navi Mumbai",MBBS,26+1(VV),4730000
Maharashtra,"DY Patil, Navi Mumbai",MBBS,3+2(VV),4730000
Karnataka,"JSS Med Coll, Mysore",MBBS,38,3545100
Karnataka,"JSS Med Coll, Mysore",MBBS,15+5(VV),3545100
Karnataka,"JSS Med Coll, Mysore",MBBS,4+5(VV),3545100
Karnataka,"Yenepoya Dental Coll, Yenepoya",BDS,15,626000
Karnataka,"Yenepoya Dental Coll, Yenepoya",BDS,9+2(VV),626000
Karnataka,"Yenepoya Dental Coll, Yenepoya",BDS,0+1(VV),626000
West Bengal,"Burdwan Dental Coll, Burdwan",BDS,1,7800
West Bengal,"Burdwan Dental Coll, Burdwan",BDS,1,7800
West Bengal,"Burdwan Dental Coll, Burdwan",BDS,1,7800
West Bengal,"Burdwan Dental Coll, Burdwan",BDS,1,7800
West Bengal,"Burdwan Dental Coll, Burdwan",BDS,1,7800
Uttar Pradesh,"Govt Med Coll, Firozobad",MBBS,1,24000
Uttar Pradesh,"Govt Med Coll, Firozobad",MBBS,1,24000
Andhra Pradesh,"GITAM IMS, Vizag",MBBS,23,3870000
Andhra Pradesh,"GITAM IMS, Vizag",MBBS,21,3870000
Andhra Pradesh,"GITAM IMS, Vizag",MBBS,13,3870000
Karnataka,"Shri BM Patil, Vijayapura",MBBS,30,2850000
Karnataka,"Shri BM Patil, Vijayapura",MBBS,26+7(VV),2850000
Karnataka,"Shri BM Patil, Vijayapura",MBBS,21+6(VV),2850000
Karnataka,"Shri BM Patil, Vijayapura",MBBS,1,2850000
Karnataka,"Shri BM Patil, Vijayapura",MBBS,1,2850000
Uttar Pradesh,"IMS-Faculty of Dental, BHU",BDS,1,33739
Uttar Pradesh,"IMS-Faculty of Dental, BHU",BDS,1,33739
Uttar Pradesh,"IMS-Faculty of Dental, BHU",BDS,0+1(VV),33739
Karnataka,"Yenepoya Med Coll, Mangalore",MBBS,38,5504000
Karnataka,"Yenepoya Med Coll, Mangalore",MBBS,22+5(VV),5504000
Karnataka,"Yenepoya Med Coll, Mangalore",MBBS,17+4(VV),5504000
Karnataka,"Yenepoya Med Coll, Mangalore",MBBS,2,5504000
Karnataka,"Yenepoya Med Coll, Mangalore",MBBS,1,5504000
Delhi,"UCMS, Delhi",MBBS,2,31340
Telangana,"Malla Reddy(Women), Hyderabad",MBBS,30,3612000
Telangana,"Malla Reddy(Women), Hyderabad",MBBS,19+2(VV),3612000
Telangana,"Malla Reddy(Women), Hyderabad",MBBS,17+2(VV),3612000
Telangana,"Malla Reddy(Women), Hyderabad",MBBS,1,3612000
Maharashtra,"DY Patil UniversitySclofMed,Taluka Maval",MBBS,8,3870000
Maharashtra,"DY Patil UniversitySclofMed,Taluka Maval",MBBS,7+1(VV),3870000
Karnataka,"SDU Med Coll, Kolar",MBBS,30,3956000
Karnataka,"SDU Med Coll, Kolar",MBBS,21,3956000
Karnataka,"SDU Med Coll, Kolar",MBBS,2+1(VV),3956000
Maharashtra,"DY Patil, Kolhapur",MBBS,23,3612000
Maharashtra,"DY Patil, Kolhapur",MBBS,19,3612000
Maharashtra,"DY Patil, Kolhapur",MBBS,14+1(VV),3612000
Tamil Nadu,"ACS Med Coll, Chennai",MBBS,38,3784000
Tamil Nadu,"ACS Med Coll, Chennai",MBBS,38,3784000
Tamil Nadu,"ACS Med Coll, Chennai",MBBS,35,3784000
Maharashtra,"BVDU, Pune",MBBS,23,7426272
Maharashtra,"BVDU, Pune",MBBS,27,7426272
Maharashtra,"BVDU, Pune",MBBS,19,7426272
Tamil Nadu,"SRMC & RI, Chennai",MBBS,38,12900000
Tamil Nadu,"SRMC & RI, Chennai",MBBS,16+6(VV),12900000
Tamil Nadu,"SRMC & RI, Chennai",MBBS,2+5(VV),12900000
West Bengal,"College of Med & SDH, Kolkata",MBBS,1,9000
West Bengal,"College of Med & SDH, Kolkata",MBBS,0+1(VV),9000
West Bengal,"College of Med & SDH, Kolkata",MBBS,0+1(VV),9000
Maharashtra,"Krishna IMS, Karad",MBBS,38,4300000
Maharashtra,"Krishna IMS, Karad",MBBS,17,4300000
Maharashtra,"Krishna IMS, Karad",MBBS,2,4300000
Maharashtra,"Rural Med Coll, LONI",MBBS,30,9611360
Maharashtra,"Rural Med Coll, LONI",MBBS,15,9611360
Karnataka,"Sri Siddhartha IMS, T. Begur",MBBS,23,4300000
Karnataka,"Sri Siddhartha IMS, T. Begur",MBBS,22,4300000
Karnataka,"Sri Siddhartha IMS, T. Begur",MBBS,19+1(VV),4300000
Karnataka,"Sri Siddhartha IMS, T. Begur",MBBS,2,4300000
Rajasthan,"Govt Med Coll, Banswara",MBBS,1,96029
Rajasthan,"Govt Med Coll, Banswara",MBBS,1,96029
Maharashtra,"Datta Meghe Med Coll, Nagpur",MBBS,23,2967000
Maharashtra,"Datta Meghe Med Coll, Nagpur",MBBS,26,2967000
Maharashtra,"Datta Meghe Med Coll, Nagpur",MBBS,21+2(VV),2967000
Maharashtra,"Datta Meghe Med Coll, Nagpur",MBBS,1,2967000
Tamil Nadu,"Vels Med Coll, Tiruvallur",MBBS,23,3594800
Tamil Nadu,"Vels Med Coll, Tiruvallur",MBBS,23,3594800
Tamil Nadu,"Vels Med Coll, Tiruvallur",MBBS,29,3594800
Tamil Nadu,"Vels Med Coll, Tiruvallur",MBBS,1,3594800
Bihar,"Vardhman IMS, Nalanda",MBBS,1,9500
Bihar,"Vardhman IMS, Nalanda",MBBS,0+1(VV),9500
Bihar,"Vardhman IMS, Nalanda",MBBS,0+1(VV),9500
Maharashtra,"JN Med College, Meghe, Wardha",MBBS,38,2967000
Maharashtra,"JN Med College, Meghe, Wardha",MBBS,35+1(VV),2967000
Maharashtra,"JN Med College, Meghe, Wardha",MBBS,12+5(VV),2967000
Maharashtra,"JN Med College, Meghe, Wardha",MBBS,1,2967000
Maharashtra,"Shri VR Naik Govt, Yavatmal",MBBS,1,158600
Maharashtra,"Shri VR Naik Govt, Yavatmal",MBBS,1,158600
Delhi,"Lady Hardinge, Delhi",MBBS,3,1665
Delhi,"Lady Hardinge, Delhi",MBBS,3,1665
Haryana,Amrita School of Med. Faridabad,MBBS,15,4394772
Haryana,Amrita School of Med. Faridabad,MBBS,13,4394772
Haryana,Amrita School of Med. Faridabad,MBBS,12,4394772
Haryana,Amrita School of Med. Faridabad,MBBS,1,4394772
Madhya Pradesh,"Atal Bihari Vajpayee, Vidisha",MBBS,1,100000
Madhya Pradesh,"Atal Bihari Vajpayee, Vidisha",MBBS,1,100000
Maharashtra,"BVDU, Sangli",MBBS,23,7426272
Maharashtra,"BVDU, Sangli",MBBS,29,7426272
Maharashtra,"BVDU, Sangli",MBBS,15,7426272
Tamil Nadu,"Sri Lalithambigai Med, Chennai",MBBS,22,2838000
Tamil Nadu,"Sri Lalithambigai Med, Chennai",MBBS,29,2838000
Tamil Nadu,"Sri Lalithambigai Med, Chennai",MBBS,14,2838000
Karnataka,"Rajeshwari, Bangalore",MBBS,38,3784000
Karnataka,"Rajeshwari, Bangalore",MBBS,36+1(VV),3784000
Karnataka,"Rajeshwari, Bangalore",MBBS,31+1(VV),3784000
Meghalaya,"Shillong MedColl, Meghalaya",MBBS,4,14000
Meghalaya,"Shillong MedColl, Meghalaya",MBBS,4,14000
Meghalaya,"Shillong MedColl, Meghalaya",MBBS,1,14000
Uttarakhand,"VCSG Med Coll, Pauri Garhwal",MBBS,1,150000
Uttarakhand,"VCSG Med Coll, Pauri Garhwal",MBBS,1,150000
Uttarakhand,"VCSG Med Coll, Pauri Garhwal",MBBS,1,150000
Maharashtra,"Govt Med Coll, Alibag",MBBS,1,158600
Maharashtra,"Govt Med Coll, Alibag",MBBS,1,158600
Maharashtra,"Govt Med Coll, Alibag",MBBS,1,158600
Delhi,"Faculty of Dent,Jamial Millia",BDS,3,41775
Delhi,"Faculty of Dent,Jamial Millia",BDS,3,41775
Delhi,"Faculty of Dent,Jamial Millia",BDS,3,41775
Delhi,"Faculty of Dent,Jamial Millia",BDS,3,41775
Delhi,"Faculty of Dent,Jamial Millia",BDS,3,41775
Rajasthan,"RUHS, Jaipur",MBBS,1,96029
Rajasthan,"RUHS, Jaipur",MBBS,1,96029
Rajasthan,"RUHS, Jaipur",MBBS,1,96029
Maharashtra,"Government Med Coll, Sindhudurg",MBBS,1,158600
Maharashtra,"Government Med Coll, Sindhudurg",MBBS,1,158600
Maharashtra,"Government Med Coll, Sindhudurg",MBBS,1,158600
Rajasthan,"Govt Med Coll, Kota",MBBS,1,96100
Rajasthan,"Govt Med Coll, Kota",MBBS,1,96100
Rajasthan,"Govt Med Coll, Kota",MBBS,1,96100
Uttar Pradesh,"IMS-Faculty of Dental, BHU",BDS,1,33739
Uttar Pradesh,"IMS-Faculty of Dental, BHU",BDS,0+1(VV),33739
Uttar Pradesh,"IMS-Faculty of Dental, BHU",BDS,0+1(VV),33739
Uttar Pradesh,"IMS-Faculty of Dental, BHU",BDS,1,33739
Uttar Pradesh,"IMS-Faculty of Dental, BHU",BDS,1,33739
Dadra and Nagar Haveli,"NAMO MERI Govt MedColl,Silvassa",MBBS,1,53000
Dadra and Nagar Haveli,"NAMO MERI Govt MedColl,Silvassa",MBBS,0+1(VV),53000
Dadra and Nagar Haveli,"NAMO MERI Govt MedColl,Silvassa",MBBS,1,53000
Madhya Pradesh,"MGM Med Coll, Indore",MBBS,1,100000
Madhya Pradesh,"MGM Med Coll, Indore",MBBS,1,100000
Madhya Pradesh,"MGM Med Coll, Indore",MBBS,1,100000
Mizoram,"Zoram Med Coll, Mizoram",MBBS,1,49150
Mizoram,"Zoram Med Coll, Mizoram",MBBS,1,49150
Mizoram,"Zoram Med Coll, Mizoram",MBBS,1,49150
West Bengal,"Nilratan Sircar, Kolkata",MBBS,1,9000
West Bengal,"Nilratan Sircar, Kolkata",MBBS,1,9000
West Bengal,"Nilratan Sircar, Kolkata",MBBS,1,9000
Haryana,"Manav Rachna Dental, Faridabad",BDS,2,Info not available
Haryana,"Manav Rachna Dental, Faridabad",BDS,1,Info not available
Haryana,"Manav Rachna Dental, Faridabad",BDS,2,Info not available
Haryana,"Manav Rachna Dental, Faridabad",BDS,2,Info not available
Haryana,"Manav Rachna Dental, Faridabad",BDS,2,Info not available
Maharashtra,"Government Med Coll, Hingoli",MBBS,1,158600
Maharashtra,"Government Med Coll, Hingoli",MBBS,1,158600
Maharashtra,"Government Med Coll, Hingoli",MBBS,1,158600
Kerala,"Govt Med Coll, Ernakulam",MBBS,1,23150
Kerala,"Govt Med Coll, Ernakulam",MBBS,1,23150
Kerala,"Govt Med Coll, Ernakulam",MBBS,1,23150
Andhra Pradesh,"Govt Med Coll, Rajamahendravaram",MBBS,1,15000
Andhra Pradesh,"Govt Med Coll, Rajamahendravaram",MBBS,1,15000
Andhra Pradesh,"Govt Med Coll, Rajamahendravaram",MBBS,1,15000
Himachal Pradesh,"Govt Med Coll, Chamba",MBBS,1,50000
Himachal Pradesh,"Govt Med Coll, Chamba",MBBS,0+1(VV),50000
Himachal Pradesh,"Govt Med Coll, Chamba",MBBS,1,50000
Maharashtra,"Govt Dental Coll, Nagpur",BDS,1,118900
Maharashtra,"Govt Dental Coll, Nagpur",BDS,1,118900
Maharashtra,"Govt Dental Coll, Nagpur",BDS,1,118900
Maharashtra,"Govt Dental Coll, Nagpur",BDS,1,118900
Maharashtra,"Govt Dental Coll, Nagpur",BDS,1,118900
Kerala,"Govt Dental Coll, Kottayam",BDS,1,20840
Kerala,"Govt Dental Coll, Kottayam",BDS,1,20840
Kerala,"Govt Dental Coll, Kottayam",BDS,1,20840
Kerala,"Govt Dental Coll, Kottayam",BDS,1,20840
Kerala,"Govt Dental Coll, Kottayam",BDS,1,20840
Uttar Pradesh,"Faculty of Dental Sci, Lucknow",BDS,1,47600
Uttar Pradesh,"Faculty of Dental Sci, Lucknow",BDS,1,47600
Uttar Pradesh,"Faculty of Dental Sci, Lucknow",BDS,1,47600
Uttar Pradesh,"Faculty of Dental Sci, Lucknow",BDS,1,47600
Uttar Pradesh,"Faculty of Dental Sci, Lucknow",BDS,1,47600
Karnataka,"Govt Dental Coll, Bellary",BDS,1,49350
Karnataka,"Govt Dental Coll, Bellary",BDS,1,49350
Karnataka,"Govt Dental Coll, Bellary",BDS,1,49350
Karnataka,"Govt Dental Coll, Bellary",BDS,1,49350
Karnataka,"Govt Dental Coll, Bellary",BDS,1,49350
Odisha,"Pt Raghunath Med Coll,Baripada",MBBS,1,22000
Odisha,"Pt Raghunath Med Coll,Baripada",MBBS,1,22000
Odisha,"Pt Raghunath Med Coll,Baripada",MBBS,1,22000
Tamil Nadu,"Madras Med Coll, Chennai",MBBS,1,18073
Tamil Nadu,"Madras Med Coll, Chennai",MBBS,0+1(VV),18073
Tamil Nadu,"Madras Med Coll, Chennai",MBBS,1,18073
Rajasthan,"Govt Med Coll, Kota",MBBS,1,96100
Rajasthan,"Govt Med Coll, Kota",MBBS,1,96100
Rajasthan,"Govt Med Coll, Kota",MBBS,1,96100
Himachal Pradesh,"Govt Dental Coll, Shimla",BDS,1,37000
Himachal Pradesh,"Govt Dental Coll, Shimla",BDS,1,37000
Himachal Pradesh,"Govt Dental Coll, Shimla",BDS,1,37000
Himachal Pradesh,"Govt Dental Coll, Shimla",BDS,1,37000
Himachal Pradesh,"Govt Dental Coll, Shimla",BDS,1,37000
Uttar Pradesh,"Govt Med Coll, Firozobad",MBBS,1,24000
Uttar Pradesh,"Govt Med Coll, Firozobad",MBBS,1,24000
Uttar Pradesh,"Govt Med Coll, Firozobad",MBBS,1,24000
Karnataka,"Gulbarga IMS, Gulbarga",MBBS,1,64350
Karnataka,"Gulbarga IMS, Gulbarga",MBBS,0+1(VV),64350
Karnataka,"Gulbarga IMS, Gulbarga",MBBS,1,64350
Pondicherry,"MG Dental Coll, Pondicherry",BDS,1,43420
Pondicherry,"MG Dental Coll, Pondicherry",BDS,1,43420
Pondicherry,"MG Dental Coll, Pondicherry",BDS,0+1(VV),43420
Pondicherry,"MG Dental Coll, Pondicherry",BDS,1,43420
Pondicherry,"MG Dental Coll, Pondicherry",BDS,1,43420
Uttar Pradesh,"Auton. State Med Coll, Deoria",MBBS,1,24000
Madhya Pradesh,"Government Med Coll, Satna",MBBS,1,100000
Madhya Pradesh,"Government Med Coll, Satna",MBBS,1,100000
Uttar Pradesh,"Auton. State Med Coll, Deoria",MBBS,0+1(VV),24000
Uttar Pradesh,"Auton. State Med Coll, Deoria",MBBS,1,24000
Madhya Pradesh,"Government Med Coll, Satna",MBBS,0+1(VV),100000
Maharashtra,"Government Med Coll, Sindhudurg",MBBS,1,158600
Maharashtra,"Government Med Coll, Sindhudurg",MBBS,1,158600
Maharashtra,"Government Med Coll, Sindhudurg",MBBS,0+1(VV),158600
Madhya Pradesh,"Atal Bihari Vajpayee, Vidisha",MBBS,1,100000
Madhya Pradesh,"Atal Bihari Vajpayee, Vidisha",MBBS,1,100000
Madhya Pradesh,"Atal Bihari Vajpayee, Vidisha",MBBS,1,100000
Gujarat,"Govt Dental Coll, Jamnagar",BDS,1,20000
Gujarat,"Govt Dental Coll, Jamnagar",BDS,1,20000
Gujarat,"Govt Dental Coll, Jamnagar",BDS,1,20000
Gujarat,"Govt Dental Coll, Jamnagar",BDS,1,20000
Gujarat,"Govt Dental Coll, Jamnagar",BDS,1,20000
Karnataka,"ESI, Bangalore",MBBS,1,100000
Karnataka,"ESI, Bangalore",MBBS,0+1(VV),100000
Karnataka,"ESI, Bangalore",MBBS,1,100000
Chhattisgarh,"Government Med Coll, Korba",MBBS,1,50000
Chhattisgarh,"Government Med Coll, Korba",MBBS,1,50000
Chhattisgarh,"Government Med Coll, Korba",MBBS,1,50000
Tamil Nadu,"Kilpauk Med Coll, Chennai",MBBS,1,18073
Tamil Nadu,"Kilpauk Med Coll, Chennai",MBBS,1,18073
Tamil Nadu,"Kilpauk Med Coll, Chennai",MBBS,1,18073
Madhya Pradesh,"Govt Med Coll, Shahdol, MP",MBBS,1,100000
Rajasthan,"Govt Med Coll, Sawai Madhopur",MBBS,1,96029
Madhya Pradesh,"Govt Med Coll, Shahdol, MP",MBBS,1,100000
Rajasthan,"Govt Med Coll, Sawai Madhopur",MBBS,0+1(VV),96029
Madhya Pradesh,"Govt Med Coll, Shahdol, MP",MBBS,1,100000
Rajasthan,"Govt Med Coll, Sawai Madhopur",MBBS,1,96029
Tamil Nadu,"Stanley Med Coll, Chennai",MBBS,1,18073
Tamil Nadu,"Stanley Med Coll, Chennai",MBBS,1,18073
Tamil Nadu,"Stanley Med Coll, Chennai",MBBS,1,18073
Chhattisgarh,"Govt Dental Coll, Raipur",BDS,1,20500
Chhattisgarh,"Govt Dental Coll, Raipur",BDS,1,20500
Chhattisgarh,"Govt Dental Coll, Raipur",BDS,1,20500
Chhattisgarh,"Govt Dental Coll, Raipur",BDS,1,20500
Chhattisgarh,"Govt Dental Coll, Raipur",BDS,1,20500
Goa,"Govt Dental Coll, Goa",BDS,1,152450
Goa,"Govt Dental Coll, Goa",BDS,1,152450
Goa,"Govt Dental Coll, Goa",BDS,1,152450
Goa,"Govt Dental Coll, Goa",BDS,1,152450
Goa,"Govt Dental Coll, Goa",BDS,1,152450
Bihar,"Vardhman IMS, Nalanda",MBBS,1,9500
Pondicherry,"JIPMER, Puducherry",MBBS,1,1200
Bihar,"Vardhman IMS, Nalanda",MBBS,1,9500
Pondicherry,"JIPMER, Puducherry",MBBS,0+1(VV),1200
Pondicherry,"JIPMER, Puducherry",MBBS,1,1200
Bihar,"Vardhman IMS, Nalanda",MBBS,0+1(VV),9500
Assam,"Dhubri Medical College, Dhubri",MBBS,1,6400
Assam,"Dhubri Medical College, Dhubri",MBBS,0+1(VV),6400
Assam,"Dhubri Medical College, Dhubri",MBBS,1,6400
Maharashtra,"Nair Hosp Dental Coll, Mumbai",BDS,1,118900
Maharashtra,"Nair Hosp Dental Coll, Mumbai",BDS,1,118900
Maharashtra,"Nair Hosp Dental Coll, Mumbai",BDS,1,118900
Maharashtra,"Nair Hosp Dental Coll, Mumbai",BDS,1,118900
Maharashtra,"Nair Hosp Dental Coll, Mumbai",BDS,1,118900
Telangana,"Govt Med Coll, Suryapet",MBBS,1,14000
Telangana,"Govt Med Coll, Suryapet",MBBS,1,14000
Telangana,"Govt Med Coll, Suryapet",MBBS,1,14000
Delhi,"AIIMS, Delhi",MBBS,1,1350
Odisha,"VIMSAR, Burla",MBBS,1,22000
Odisha,"VIMSAR, Burla",MBBS,1,22000
Odisha,"VIMSAR, Burla",MBBS,1,22000
Delhi,"Lady Hardinge, Delhi",MBBS,1,1665
Delhi,"Lady Hardinge, Delhi",MBBS,1,1665
Delhi,"Lady Hardinge, Delhi",MBBS,1,1665
Andhra Pradesh,"ACSR Govt Med Coll, Nellore",MBBS,1,15000
Andhra Pradesh,"ACSR Govt Med Coll, Nellore",MBBS,1,15000
Andhra Pradesh,"ACSR Govt Med Coll, Nellore",MBBS,1,15000
Delhi,"UCMS, Delhi",MBBS,1,31340
Andhra Pradesh,"Govt Siddhartha, Vijaywada",MBBS,1,15000
West Bengal,"Dr R Ahmed Dental Coll,Kolkata",BDS,1,7800
Pondicherry,"JIPMER, Puducherry",MBBS,1,1200
Delhi,"Lady Hardinge, Delhi",MBBS,1,1665
Delhi,"ABVIMS (Dr RML Hosp), Delhi",MBBS,1,41000
Delhi,"Lady Hardinge, Delhi",MBBS,1,1665
Delhi,"Lady Hardinge, Delhi",MBBS,1,1665
Delhi,"Maulana Azad IDS, New Delhi",BDS,1,5395
Delhi,"MAMC, Delhi",MBBS,1,2095
Delhi,"UCMS, Delhi",MBBS,1,31340
Delhi,"VMMC, Delhi",MBBS,1,41000
Uttar Pradesh,"IMS-Faculty of Dental, BHU",BDS,1,33739
Uttar Pradesh,"IMS-Faculty of Dental, BHU",BDS,1,33739
Rajasthan,"ESIC Med Coll, Alwar",MBBS,1,24000
Karnataka,"ESIC Dental Coll, Gulbarga",BDS,1,24000
Karnataka,"ESIC Dental Coll, Gulbarga",BDS,1,24000
Tamil Nadu,"ESI PGIMSR, KK Nagar, Chennai",MBBS,1,24000
Haryana,"ESI Med Coll, Faridabad",MBBS,1,24000
Karnataka,"ESIC Med Coll,Gulbarga",MBBS,2,24000
Karnataka,"ESIC Med Coll,Gulbarga",MBBS,1,24000
Karnataka,"ESIC Med Coll,Gulbarga",MBBS,1,24000
Telangana,"ESIC Med Coll,Sanath Nagar",MBBS,1,24000
Telangana,"ESIC Med Coll,Sanath Nagar",MBBS,1,24000
Telangana,"ESIC Med Coll,Sanath Nagar",MBBS,1,24000
West Bengal,"ESI, Joka, Kolkata",MBBS,2,24000
West Bengal,"ESI, Joka, Kolkata",MBBS,1,24000
West Bengal,"ESI, Joka, Kolkata",MBBS,1,24000
Karnataka,"ESI, Bangalore",MBBS,1,24000
Kerala,"Govt Med Coll, Kollam",MBBS,1,24000
Kerala,"Govt Med Coll, Kollam",MBBS,1,24000
Kerala,"Govt Med Coll, Kollam",MBBS,1,24000
Himachal Pradesh,"LalBahShastri Govt Med, Mandi",MBBS,1,24000
Himachal Pradesh,"LalBahShastri Govt Med, Mandi",MBBS,1,24000
Odisha,"VIMSAR, Burla",MBBS,1,22000
Andhra Pradesh,"Govt Med Coll, Ananthapuram",MBBS,1,15000
Andhra Pradesh,"Govt Med Coll, Ananthapuram",MBBS,1,15000
Andhra Pradesh,"Govt Siddhartha, Vijaywada",MBBS,1,15000
Tamil Nadu,Tirunelveli Med Coll,MBBS,1,18073
Andhra Pradesh,SVIMS-Sri Padmavathi,MBBS,1,67900
Assam,Nagaon Medical College,MBBS,1,6400
Delhi,"Maulana Azad IDS, New Delhi",BDS,1,5395
Delhi,"Maulana Azad IDS, New Delhi",BDS,1,5395
Gujarat,"GMERS Medical College, Navsari",MBBS,1,375000
Gujarat,"GMERS Medical College, Navsari",MBBS,1,375000
Gujarat,"GMERS Medical College, Navsari",MBBS,1,375000
Delhi,"VMMC, Delhi",MBBS,1,41000
Jammu and Kashmir,"Government Dental Coll, Srinagar",BDS,1,35680
Karnataka,"Belagavi IMS, Belagavi",MBBS,1,64350
Karnataka,"Belagavi IMS, Belagavi",MBBS,1,64350
Karnataka,"KIMS, Hubli",MBBS,1,64350
Karnataka,"Raichur IMS, Raichur",MBBS,1,64350
Kerala,"Govt Med Coll, Manjeri",MBBS,1,23150
Kerala,"Govt Dental Coll, Thrissur",BDS,1,20840
Kerala,"Govt Dental Coll, Thrissur",BDS,1,20840
Kerala,"Govt Dental Coll, Trivandrum",BDS,1,20840
Kerala,"Govt Med Coll, Kollam",MBBS,1,23150
Maharashtra,"Govt Med Coll, Alibag",MBBS,1,158600
Maharashtra,"Government Med Coll, Sindhudurg",MBBS,1,158600
Maharashtra,"Govt Dental Coll, Aurangabad",BDS,1,118900
Maharashtra,"MGIMS, Wardha",MBBS,1,169410
Mizoram,"Zoram Med Coll, Mizoram",MBBS,1,49150
Odisha,"Government Med Coll, Keonjhar",MBBS,1,22000
Pondicherry,"MG Dental Coll, Pondicherry",BDS,1,43420
Rajasthan,"Govt Med Coll, Sawai Madhopur",MBBS,1,96029
Uttar Pradesh,"Dr ZA Dental Coll, AMU,Aligarh",BDS,1,53000
Rajasthan,"RUHS Coll of Dental Sci,Jaipur",BDS,1,35077
Tamil Nadu,Chengalpattu Med Coll,MBBS,1,18073
Tamil Nadu,Chengalpattu Med Coll,MBBS,1,18073
Karnataka,"ESI, Bangalore",MBBS,1,24000
Tamil Nadu,Chengalpattu Med Coll,MBBS,1,18073
Tamil Nadu,"Govt Med Coll, Kallakurichi",MBBS,1,18073
Tamil Nadu,"Govt Med Coll, Namakkal",MBBS,1,18073
Tamil Nadu,"Govt Med Coll, Thiruvallur",MBBS,1,18073
Tamil Nadu,"Govt Med Coll, Thiruvallur",MBBS,1,18073
Tamil Nadu,Tirunelveli Med Coll,MBBS,1,18073
Tamil Nadu,"KAPV Med Coll, Trichy",MBBS,1,18073
Tamil Nadu,"KAPV Med Coll, Trichy",MBBS,1,18073
Telangana,"Government Med Coll, Jagtial",MBBS,1,14000
Telangana,"Government Med Coll, Mancherial",MBBS,1,14000
Telangana,"Government Med Coll, Mancherial",MBBS,1,14000
Telangana,"Govt Med Coll, Nalgonda",MBBS,1,14000
Telangana,"ESIC Med Coll,Sanath Nagar",MBBS,1,100000
Uttar Pradesh,"Govt Med Coll, Auraiya",MBBS,1,24000
Uttar Pradesh,"Shaik-ul-Hind, Saharanpur",MBBS,1,24000
West Bengal,"College of Med & JNM, Kalyani",MBBS,1,9000
West Bengal,"College of Med & JNM, Kalyani",MBBS,1,9000
West Bengal,"Dr R Ahmed Dental Coll,Kolkata",BDS,1,7800
West Bengal,"Dr R Ahmed Dental Coll,Kolkata",BDS,1,7800
West Bengal,"North Bengal Dental,Darjeeling",BDS,1,7800
Pondicherry,"JIPMER, Puducherry",MBBS,1,1200
Pondicherry,"JIPMER, Karaikal",MBBS,2,1200
Meghalaya,"Shillong MedColl, Meghalaya",MBBS,1,14000
Kerala,"Govt Dental Coll, Trivandrum",BDS,1,20840
Meghalaya,"Shillong MedColl, Meghalaya",MBBS,2,14000
Uttar Pradesh,"Dr ZA Dental Coll, AMU,Aligarh",BDS,1,53000
Meghalaya,"Shillong MedColl, Meghalaya",MBBS,1,14000
Pondicherry,"JIPMER, Puducherry",MBBS,1,1200
Karnataka,"ESIC Dental Coll, Gulbarga",BDS,1,24000
Karnataka,"Belagavi IMS, Belagavi",MBBS,1,64350
Himachal Pradesh,"LalBahShastri Govt Med, Mandi",MBBS,1,24000
Karnataka,"Belagavi IMS, Belagavi",MBBS,1,64350
Rajasthan,"Govt Med Coll, Sawai Madhopur",MBBS,1,96029
Tamil Nadu,Chengalpattu Med Coll,MBBS,1,18073
Himachal Pradesh,"LalBahShastri Govt Med, Mandi",MBBS,1,24000
Karnataka,"ESIC Med Coll,Gulbarga",MBBS,2,24000
Tamil Nadu,Chengalpattu Med Coll,MBBS,1,18073
Tamil Nadu,Chengalpattu Med Coll,MBBS,1,18073
West Bengal,"ESI, Joka, Kolkata",MBBS,2,24000
West Bengal,"College of Med & JNM, Kalyani",MBBS,1,9000
West Bengal,"College of Med & JNM, Kalyani",MBBS,1,9000
West Bengal,"Diamond Harbour Govt MC, WB",MBBS,1,9000
West Bengal,"Diamond Harbour Govt MC, WB",MBBS,1,9000
West Bengal,"Dr R Ahmed Dental Coll,Kolkata",BDS,1,7800
Telangana,"Government Med Coll, Mancherial",MBBS,1,14000
Telangana,"Government Med Coll, Mancherial",MBBS,1,14000
Kerala,"Govt Med Coll, Manjeri",MBBS,1,23150
West Bengal,"Dr R Ahmed Dental Coll,Kolkata",BDS,1,7800
West Bengal,"Dr R Ahmed Dental Coll,Kolkata",BDS,1,7800
Telangana,"ESIC Med Coll,Sanath Nagar",MBBS,1,24000
Mizoram,"Zoram Med Coll, Mizoram",MBBS,1,49150
Telangana,"ESIC Med Coll,Sanath Nagar",MBBS,1,24000
Andhra Pradesh,"Govt Siddhartha, Vijaywada",MBBS,1,15000
Andhra Pradesh,SVIMS-Sri Padmavathi,MBBS,1,67900
Telangana,"ESIC Med Coll,Sanath Nagar",MBBS,1,24000
Telangana,"Govt Med Coll, Nalgonda",MBBS,1,14000
West Bengal,"ESI, Joka, Kolkata",MBBS,1,24000
Tamil Nadu,"Govt Med Coll, Thiruvallur",MBBS,1,18073
Karnataka,"ESIC Med Coll,Gulbarga",MBBS,1,24000
Tamil Nadu,"Govt Med Coll, Thiruvallur",MBBS,1,18073
Delhi,"VMMC, Delhi",MBBS,1,41000
Rajasthan,"ESIC Med Coll, Alwar",MBBS,1,24000
Delhi,"UCMS, Delhi",MBBS,1,31340
Tamil Nadu,Tirunelveli Med Coll,MBBS,1,18073
Karnataka,"ESIC Med Coll,Gulbarga",MBBS,1,24000
Maharashtra,"Government Med Coll, Sindhudurg",MBBS,1,158600
Karnataka,"ESI, Bangalore",MBBS,1,24000
West Bengal,"ESI, Joka, Kolkata",MBBS,1,24000
Tamil Nadu,"Govt Med Coll, Kallakurichi",MBBS,1,18073
Delhi,"Lady Hardinge, Delhi",MBBS,1,1665
Delhi,"Lady Hardinge, Delhi",MBBS,1,1665
Delhi,"Lady Hardinge, Delhi",MBBS,1,1665
Telangana,"Government Med Coll, Jagtial",MBBS,1,14000
Andhra Pradesh,"Govt Med Coll, Ananthapuram",MBBS,1,15000
Pondicherry,"MG Dental Coll, Pondicherry",BDS,1,43420
Maharashtra,"MGIMS, Wardha",MBBS,1,169410
Karnataka,"KIMS, Hubli",MBBS,1,64350
Andhra Pradesh,"Govt Med Coll, Ananthapuram",MBBS,1,15000
Delhi,"Maulana Azad IDS, New Delhi",BDS,1,5395
Delhi,"Maulana Azad IDS, New Delhi",BDS,1,5395
Maharashtra,"Govt Med Coll, Alibag",MBBS,1,158600
Delhi,"Maulana Azad IDS, New Delhi",BDS,1,5395
Delhi,"MAMC, Delhi",MBBS,1,2095
Kerala,"Govt Dental Coll, Thrissur",BDS,1,20840
Odisha,"Government Med Coll, Keonjhar",MBBS,1,22000
Tamil Nadu,"KAPV Med Coll, Trichy",MBBS,1,18073
Tamil Nadu,"KAPV Med Coll, Trichy",MBBS,1,18073
Kerala,"Govt Dental Coll, Thrissur",BDS,1,20840
Jammu and Kashmir,"Government Dental Coll, Srinagar",BDS,1,35680
Kerala,"Govt Med Coll, Kollam",MBBS,1,23150
Pondicherry,"JIPMER, Puducherry",MBBS,1,1200
Assam,Nagaon Medical College,MBBS,1,6400
Maharashtra,"Govt Dental Coll, Aurangabad",BDS,1,118900
West Bengal,"North Bengal Dental,Darjeeling",BDS,1,7800
Delhi,"ABVIMS (Dr RML Hosp), Delhi",MBBS,1,41000
Madhya Pradesh,"GMC, Singrauli",MBBS,1,100000
Haryana,"Pt Neki Ram Sharma GovtMedColl, Bhiwani",MBBS,1,61410
Haryana,"Pt Neki Ram Sharma GovtMedColl, Bhiwani",MBBS,1,61410
Kerala,"Govt Med Coll, Kollam",MBBS,1,24000
Gujarat,"GMERS Medical College, Navsari",MBBS,1,375000
Gujarat,"GMERS Medical College, Navsari",MBBS,1,375000
Karnataka,"Raichur IMS, Raichur",MBBS,1,64350
Kerala,"Govt Med Coll, Kollam",MBBS,1,24000
Uttar Pradesh,"IMS-Faculty of Dental, BHU",BDS,1,33739
Gujarat,"GMERS Medical College, Navsari",MBBS,1,375000
Uttar Pradesh,"IMS-Faculty of Dental, BHU",BDS,1,33739
Andhra Pradesh,"Govt Siddhartha, Vijaywada",MBBS,1,15000
Tamil Nadu,"ESI PGIMSR, KK Nagar, Chennai",MBBS,1,24000
Haryana,"ESI Med Coll, Faridabad",MBBS,1,24000
Tamil Nadu,"Govt Med Coll, Namakkal",MBBS,1,18073
Uttar Pradesh,"ESIC MedCollHosp,Noida",MBBS,1,24000
Uttar Pradesh,"ESIC MedCollHosp,Noida",MBBS,1,24000
Punjab,"ESIC MedCollHosp,Ludhiana",MBBS,1,100000
Kerala,"Govt Med Coll, Kollam",MBBS,1,24000
Karnataka,"ESIC Dental Coll, Gulbarga",BDS,1,24000
Rajasthan,"RUHS Coll of Dental Sci,Jaipur",BDS,1,35077
Uttar Pradesh,"Govt Med Coll, Auraiya",MBBS,1,24000
Uttar Pradesh,"Shaik-ul-Hind, Saharanpur",MBBS,1,24000
Karnataka,"ESI, Bangalore",MBBS,1,24000
Pondicherry,"JIPMER, Karaikal",MBBS,2,1200
Delhi,"VMMC, Delhi",MBBS,1,41000
Tamil Nadu,Tirunelveli Med Coll,MBBS,1,18073
Delhi,"UCMS, Delhi",MBBS,1,31340
Odisha,"VIMSAR, Burla",MBBS,1,22000
Telangana,"ESIC Med Coll,Sanath Nagar",MBBS,1,100000
West Bengal,"College of Med & JNM, Kalyani",MBBS,1,9000
West Bengal,"College of Med & JNM, Kalyani",MBBS,1,9000
West Bengal,"Diamond Harbour Govt MC, WB",MBBS,1,9000
West Bengal,"Diamond Harbour Govt MC, WB",MBBS,1,9000
West Bengal,"Dr R Ahmed Dental Coll,Kolkata",BDS,1,7800
West Bengal,"Dr R Ahmed Dental Coll,Kolkata",BDS,1,7800
West Bengal,"Dr R Ahmed Dental Coll,Kolkata",BDS,1,7800
Telangana,"ESIC Med Coll,Sanath Nagar",MBBS,1,24000
Meghalaya,"Shillong MedColl, Meghalaya",MBBS,2,14000
Telangana,"ESIC Med Coll,Sanath Nagar",MBBS,1,24000
Telangana,"ESIC Med Coll,Sanath Nagar",MBBS,1,24000
Telangana,"ESIC Med Coll,Sanath Nagar",MBBS,1,100000
Andhra Pradesh,"Govt Siddhartha, Vijaywada",MBBS,1,15000
Rajasthan,"ESIC Med Coll, Alwar",MBBS,1,24000
Pondicherry,"JIPMER, Puducherry",MBBS,1,1200
Karnataka,"ESI, Bangalore",MBBS,1,24000
Karnataka,"ESIC Med Coll,Gulbarga",MBBS,2,24000
Karnataka,"ESIC Med Coll,Gulbarga",MBBS,1,24000
Karnataka,"ESIC Med Coll,Gulbarga",MBBS,1,24000
West Bengal,"ESI, Joka, Kolkata",MBBS,1,24000
West Bengal,"ESI, Joka, Kolkata",MBBS,1,24000
West Bengal,"ESI, Joka, Kolkata",MBBS,2,24000
Karnataka,"ESIC Dental Coll, Gulbarga",BDS,1,24000
Karnataka,"ESIC Dental Coll, Gulbarga",BDS,1,24000
Punjab,"ESIC MedCollHosp,Ludhiana",MBBS,1,100000
Punjab,"ESIC MedCollHosp,Ludhiana",MBBS,1,24000
Uttar Pradesh,"ESIC MedCollHosp,Noida",MBBS,1,24000
Uttar Pradesh,"ESIC MedCollHosp,Noida",MBBS,1,24000
Delhi,"VMMC, Delhi",MBBS,1,41000
Haryana,"ESI Med Coll, Faridabad",MBBS,1,24000
Gujarat,"ESIC Med Coll, Naroda",MBBS,1,24000
Gujarat,"ESIC Med Coll, Naroda",MBBS,1,24000
Delhi,"ESI, Basaidarpur, Delhi",MBBS,1,100000
Delhi,"ESI, Basaidarpur, Delhi",MBBS,1,100000
Tamil Nadu,"ESI PGIMSR, KK Nagar, Chennai",MBBS,1,24000
Gujarat,"GMERS Medical College, Navsari",MBBS,1,375000
Gujarat,"GMERS Medical College, Navsari",MBBS,1,375000
Gujarat,"GMERS Medical College, Navsari",MBBS,1,375000
Madhya Pradesh,"GMC, Singrauli",MBBS,1,100000
Maharashtra,"Govt Dental Coll, Aurangabad",BDS,1,118900
Jammu and Kashmir,"Government Dental Coll, Srinagar",BDS,1,35680
Kerala,"Govt Dental Coll, Thrissur",BDS,1,20840
Kerala,"Govt Dental Coll, Thrissur",BDS,1,20840
Kerala,"Govt Dental Coll, Trivandrum",BDS,1,20840
Maharashtra,"Govt Med Coll, Alibag",MBBS,1,158600
Andhra Pradesh,"Govt Med Coll, Ananthapuram",MBBS,1,15000
Andhra Pradesh,"Govt Med Coll, Ananthapuram",MBBS,1,15000
Telangana,"Government Med Coll, Jagtial",MBBS,1,14000
Tamil Nadu,"Govt Med Coll, Kallakurichi",MBBS,1,18073
Odisha,"Government Med Coll, Keonjhar",MBBS,1,22000
Kerala,"Govt Med Coll, Kollam",MBBS,1,23150
Kerala,"Govt Med Coll, Kollam",MBBS,1,24000
Kerala,"Govt Med Coll, Kollam",MBBS,1,24000
Kerala,"Govt Med Coll, Kollam",MBBS,1,24000
Telangana,"Government Med Coll, Mancherial",MBBS,1,14000
Telangana,"Government Med Coll, Mancherial",MBBS,1,14000
Kerala,"Govt Med Coll, Manjeri",MBBS,1,23150
Telangana,"Govt Med Coll, Nalgonda",MBBS,1,14000
Tamil Nadu,"Govt Med Coll, Namakkal",MBBS,1,18073
Maharashtra,"Government Med Coll, Sindhudurg",MBBS,1,158600
Tamil Nadu,"Govt Med Coll, Thiruvallur",MBBS,1,18073
Tamil Nadu,"Govt Med Coll, Thiruvallur",MBBS,1,18073
Andhra Pradesh,"Govt Siddhartha, Vijaywada",MBBS,1,15000
Rajasthan,"Govt Med Coll, Sawai Madhopur",MBBS,1,96029
Uttar Pradesh,"IMS-Faculty of Dental, BHU",BDS,1,33739
Uttar Pradesh,"IMS-Faculty of Dental, BHU",BDS,1,33739
Pondicherry,"JIPMER, Puducherry",MBBS,1,1200
Tamil Nadu,"KAPV Med Coll, Trichy",MBBS,1,18073
Tamil Nadu,"KAPV Med Coll, Trichy",MBBS,1,18073
Karnataka,"KIMS, Hubli",MBBS,1,64350
Delhi,"Lady Hardinge, Delhi",MBBS,1,1665
Delhi,"Lady Hardinge, Delhi",MBBS,1,1665
Delhi,"Lady Hardinge, Delhi",MBBS,1,1665
Pondicherry,"MG Dental Coll, Pondicherry",BDS,1,43420
Pondicherry,"JIPMER, Karaikal",MBBS,2,1200
Delhi,"Maulana Azad IDS, New Delhi",BDS,1,5395
Delhi,"Maulana Azad IDS, New Delhi",BDS,1,5395
Delhi,"Maulana Azad IDS, New Delhi",BDS,1,5395
Assam,Nagaon Medical College,MBBS,1,6400
West Bengal,"North Bengal Dental,Darjeeling",BDS,1,7800
Delhi,"ABVIMS (Dr RML Hosp), Delhi",MBBS,1,41000
Haryana,"Pt Neki Ram Sharma GovtMedColl, Bhiwani",MBBS,1,61410
Haryana,"Pt Neki Ram Sharma GovtMedColl, Bhiwani",MBBS,1,61410
Karnataka,"Raichur IMS, Raichur",MBBS,1,64350
Rajasthan,"RUHS Coll of Dental Sci,Jaipur",BDS,1,35077
Uttar Pradesh,"Shaik-ul-Hind, Saharanpur",MBBS,1,24000
Himachal Pradesh,"LalBahShastri Govt Med, Mandi",MBBS,1,24000
Himachal Pradesh,"LalBahShastri Govt Med, Mandi",MBBS,1,24000
Andhra Pradesh,SVIMS-Sri Padmavathi,MBBS,1,67900
Tamil Nadu,Tirunelveli Med Coll,MBBS,1,18073
Delhi,"UCMS, Delhi",MBBS,1,31340
Delhi,"VMMC, Delhi",MBBS,1,41000
Mizoram,"Zoram Med Coll, Mizoram",MBBS,1,49150
Maharashtra,"MGIMS, Wardha",MBBS,1,169410
Uttar Pradesh,"Govt Med Coll, Auraiya",MBBS,1,24000
Karnataka,"Belagavi IMS, Belagavi",MBBS,1,64350
Karnataka,"Belagavi IMS, Belagavi",MBBS,1,64350
Tamil Nadu,Chengalpattu Med Coll,MBBS,1,18073
Tamil Nadu,Chengalpattu Med Coll,MBBS,1,18073
Tamil Nadu,Chengalpattu Med Coll,MBBS,1,18073
Karnataka,"ESI, Bangalore",MBBS,1,24000
Uttar Pradesh,"Dr ZA Dental Coll, AMU,Aligarh",BDS,1,53000
Meghalaya,"Shillong MedColl, Meghalaya",MBBS,1,14000
Delhi,"MAMC, Delhi",MBBS,1,2095
Meghalaya,"Shillong MedColl, Meghalaya",MBBS,1,14000
Assam,"ESIC, Beltola",MBBS,1,24000
Uttar Pradesh,"ESIC, Varanasi",MBBS,1,24000
Madhya Pradesh,"ESIC Med Coll, Indore",MBBS,1,24000
Rajasthan,"ESIC Med Coll, Jaipur",MBBS,1,100000
Rajasthan,"ESIC Med Coll, Jaipur",MBBS,1,100000
Rajasthan,"ESIC Med Coll, Jaipur",MBBS,1,24000
Delhi,"UCMS, Delhi",MBBS,1,31340
Tamil Nadu,Tirunelveli Med Coll,MBBS,1,18073
Madhya Pradesh,"ESIC Med Coll, Indore",MBBS,1,24000
Madhya Pradesh,"ESIC Med Coll, Indore",MBBS,1,24000
Odisha,"VIMSAR, Burla",MBBS,1,22000
Delhi,"Maulana Azad IDS, New Delhi",BDS,1,5395
West Bengal,"North Bengal Dental,Darjeeling",BDS,1,7800
West Bengal,"Dr R Ahmed Dental Coll,Kolkata",BDS,1,7800
Kerala,"Govt Dental Coll, Trivandrum",BDS,1,20840
West Bengal,"Dr R Ahmed Dental Coll,Kolkata",BDS,1,7800
West Bengal,"Dr R Ahmed Dental Coll,Kolkata",BDS,1,7800
Uttar Pradesh,"IMS-Faculty of Dental, BHU",BDS,1,33739
Uttar Pradesh,"IMS-Faculty of Dental, BHU",BDS,1,33739
Rajasthan,"RUHS Coll of Dental Sci,Jaipur",BDS,1,35077
Pondicherry,"MG Dental Coll, Pondicherry",BDS,1,43420
Maharashtra,"Govt Dental Coll, Aurangabad",BDS,1,118900
Kerala,"Govt Dental Coll, Thrissur",BDS,1,20840
Kerala,"Govt Dental Coll, Thrissur",BDS,1,20840
Karnataka,"ESIC Dental Coll, Gulbarga",BDS,1,24000
Karnataka,"ESIC Dental Coll, Gulbarga",BDS,1,24000
Jammu and Kashmir,"Government Dental Coll, Srinagar",BDS,1,35680
Delhi,"Maulana Azad IDS, New Delhi",BDS,1,5395
Delhi,"Maulana Azad IDS, New Delhi",BDS,1,5395
Uttar Pradesh,"Dr ZA Dental Coll, AMU,Aligarh",BDS,1,53000
Uttar Pradesh,"Dr ZA Dental Coll, AMU,Aligarh",BDS,1,53000
Kerala,"Govt Dental Coll, Trivandrum",BDS,1,20840
Uttar Pradesh,"IMS-Faculty of Dental, BHU",BDS,1,33739
West Bengal,"North Bengal Dental,Darjeeling",BDS,1,7800
Uttar Pradesh,"IMS-Faculty of Dental, BHU",BDS,1,33739
Delhi,"Maulana Azad IDS, New Delhi",BDS,1,5395
Pondicherry,"MG Dental Coll, Pondicherry",BDS,1,43420
Maharashtra,"Govt Dental Coll, Aurangabad",BDS,1,118900
West Bengal,"Dr R Ahmed Dental Coll,Kolkata",BDS,1,7800
Jammu and Kashmir,"Government Dental Coll, Srinagar",BDS,1,35680
West Bengal,"Dr R Ahmed Dental Coll,Kolkata",BDS,1,7800
Karnataka,"ESIC Dental Coll, Gulbarga",BDS,1,24000
Kerala,"Govt Dental Coll, Thrissur",BDS,1,20840
Delhi,"Maulana Azad IDS, New Delhi",BDS,1,5395
Kerala,"Govt Dental Coll, Thrissur",BDS,1,20840
Delhi,"Maulana Azad IDS, New Delhi",BDS,1,5395
Rajasthan,"RUHS Coll of Dental Sci,Jaipur",BDS,1,35077
West Bengal,"Dr R Ahmed Dental Coll,Kolkata",BDS,1,7800
Karnataka,"ESIC Dental Coll, Gulbarga",BDS,1,24000
