STATE,INSTITUTE,COURSE,QUOTA,FEE,BEDS,BOND YEARS,BOND PENALTY,STIPEND YEAR 1
Gujarat,"BJMC, Ahmedabad",ANAESTHESIOLOGY,AIQ,"₹ 30,000.00",1557,1,"₹ 40,00,000.00","₹ 1,00,800.00"
Gujarat,"BJMC, Ahmedabad",PAEDIATRICS,AIQ,"₹ 30,000.00",1557,1,"₹ 40,00,000.00","₹ 1,00,800.00"
Gujarat,"BJMC, Ahmedabad",GENERAL MEDICINE,AIQ,"₹ 30,000.00",1557,1,"₹ 40,00,000.00","₹ 1,00,800.00"
Gujarat,"BJMC, Ahmedabad",ORTHOPAEDICS,AIQ,"₹ 30,000.00",1557,1,"₹ 40,00,000.00","₹ 1,00,800.00"
Gujarat,"BJMC, Ahmedabad",IHBT,AIQ,"₹ 30,000.00",1557,1,"₹ 40,00,000.00","₹ 1,00,800.00"
Gujarat,"BJMC, Ahmedabad",OBG,AIQ,"₹ 30,000.00",1557,1,"₹ 40,00,000.00","₹ 1,00,800.00"
Gujarat,"BJMC, Ahmedabad",DERMATOLOGY,AIQ,"₹ 30,000.00",1557,1,"₹ 40,00,000.00","₹ 1,00,800.00"
Gujarat,"BJMC, Ahmedabad",FORENSIC MEDICINE,AIQ,"₹ 30,000.00",1557,0,₹ 0.00,"₹ 1,00,800.00"
Maharashtra,"Datta Meghe Med Coll, Nagpur",OBG,MNG,"₹ 43,75,000.00",925,1,"₹ 5,00,000.00","₹ 66,629.00"
Maharashtra,"Datta Meghe Med Coll, Nagpur",GENERAL MEDICINE,NRI,"₹ 66,22,000.00",925,1,"₹ 5,00,000.00","₹ 66,629.00"
Maharashtra,"Datta Meghe Med Coll, Nagpur",DERMATOLOGY,NRI,"₹ 75,15,000.00",925,1,"₹ 5,00,000.00","₹ 66,629.00"
Maharashtra,"Datta Meghe Med Coll, Nagpur",RADIO DIAGNOSIS,NRI,"₹ 75,15,000.00",925,1,"₹ 5,00,000.00","₹ 66,629.00"
Maharashtra,"Datta Meghe Med Coll, Nagpur",OBG,NRI,"₹ 55,36,000.00",925,1,"₹ 5,00,000.00","₹ 66,629.00"
Gujarat,"BJMC, Ahmedabad",TBRD,AIQ,"₹ 30,000.00",1557,1,"₹ 40,00,000.00","₹ 1,00,800.00"
Gujarat,"BJMC, Ahmedabad",MICROBIOLOGY,AIQ,"₹ 30,000.00",1557,1,"₹ 40,00,000.00","₹ 1,00,800.00"
Gujarat,"BJMC, Ahmedabad",ENT,AIQ,"₹ 30,000.00",1557,1,"₹ 40,00,000.00","₹ 1,00,800.00"
Gujarat,"BJMC, Ahmedabad",PHYSIOLOGY,AIQ,"₹ 30,000.00",1557,0,₹ 0.00,"₹ 1,00,800.00"
Gujarat,"BJMC, Ahmedabad",GENERAL SURGERY,AIQ,"₹ 30,000.00",1557,1,"₹ 40,00,000.00","₹ 1,00,800.00"
Gujarat,"BJMC, Ahmedabad",SPM,AIQ,"₹ 30,000.00",1557,0,₹ 0.00,"₹ 1,00,800.00"
Gujarat,"BJMC, Ahmedabad",RADIATION ONCOLOGY,AIQ,"₹ 30,000.00",1557,1,"₹ 40,00,000.00","₹ 1,00,800.00"
Gujarat,"BJMC, Ahmedabad",PSYCHIATRY,AIQ,"₹ 30,000.00",1557,1,"₹ 40,00,000.00","₹ 1,00,800.00"
Andhra Pradesh,"SVIMS, Tirupati",PATHOLOGY,AIQ,"₹ 2,11,600.00",1257,1,"₹ 40,00,000.00","₹ 80,904.00"
Gujarat,"BJMC, Ahmedabad",OPHTHALMOLOGY,AIQ,"₹ 30,000.00",1557,1,"₹ 40,00,000.00","₹ 1,00,800.00"
Gujarat,"BJMC, Ahmedabad",RADIO DIAGNOSIS,AIQ,"₹ 30,000.00",1557,1,"₹ 40,00,000.00","₹ 1,00,800.00"
Gujarat,"BJMC, Ahmedabad",PHARMACOLOGY,AIQ,"₹ 30,000.00",1557,0,₹ 0.00,"₹ 1,00,800.00"
Gujarat,"BJMC, Ahmedabad",PATHOLOGY,AIQ,"₹ 30,000.00",1557,1,"₹ 40,00,000.00","₹ 1,00,800.00"
Gujarat,"BJMC, Ahmedabad",ANATOMY,AIQ,"₹ 30,000.00",1557,0,₹ 0.00,"₹ 1,00,800.00"
Gujarat,"BJMC, Ahmedabad",PALLIATIVE MEDICINE,AIQ,"₹ 30,000.00",1557,1,"₹ 40,00,000.00","₹ 1,00,800.00"
Gujarat,"BJMC, Ahmedabad",EMERGENCY MEDICINE,AIQ,"₹ 30,000.00",1557,1,"₹ 40,00,000.00","₹ 1,00,800.00"
Gujarat,"BJMC, Ahmedabad",BIOCHEMISTRY,AIQ,"₹ 30,000.00",1557,0,₹ 0.00,"₹ 1,00,800.00"
Gujarat,"Govt Med Coll, Bhavnagar",DCH,AIQ,"₹ 20,000.00",720,1,"₹ 40,00,000.00","₹ 75,600.00"
Gujarat,"Govt Med Coll, Bhavnagar",DPM (Psychiatry),AIQ,"₹ 20,000.00",720,1,"₹ 40,00,000.00","₹ 75,600.00"
Gujarat,"Govt Med Coll, Bhavnagar",ANAESTHESIOLOGY,AIQ,"₹ 30,000.00",720,1,"₹ 40,00,000.00","₹ 1,00,800.00"
Gujarat,"Govt Med Coll, Bhavnagar",ANATOMY,AIQ,"₹ 30,000.00",720,0,₹ 0.00,"₹ 1,00,800.00"
Gujarat,"Govt Med Coll, Bhavnagar",BIOCHEMISTRY,AIQ,"₹ 30,000.00",720,0,₹ 0.00,"₹ 1,00,800.00"
Gujarat,"Govt Med Coll, Bhavnagar",DERMATOLOGY,AIQ,"₹ 30,000.00",720,1,"₹ 40,00,000.00","₹ 1,00,800.00"
Gujarat,"Govt Med Coll, Bhavnagar",FORENSIC MEDICINE,AIQ,"₹ 30,000.00",720,0,₹ 0.00,"₹ 1,00,800.00"
Gujarat,"Govt Med Coll, Bhavnagar",GENERAL MEDICINE,AIQ,"₹ 30,000.00",720,1,"₹ 40,00,000.00","₹ 1,00,800.00"
Gujarat,"Govt Med Coll, Bhavnagar",MICROBIOLOGY,AIQ,"₹ 30,000.00",720,1,"₹ 40,00,000.00","₹ 1,00,800.00"
Gujarat,"Govt Med Coll, Bhavnagar",PAEDIATRICS,AIQ,"₹ 30,000.00",720,1,"₹ 40,00,000.00","₹ 1,00,800.00"
Gujarat,"Govt Med Coll, Bhavnagar",PATHOLOGY,AIQ,"₹ 30,000.00",720,1,"₹ 40,00,000.00","₹ 1,00,800.00"
Gujarat,"Govt Med Coll, Bhavnagar",PHARMACOLOGY,AIQ,"₹ 30,000.00",720,0,₹ 0.00,"₹ 1,00,800.00"
Gujarat,"Govt Med Coll, Bhavnagar",PHYSIOLOGY,AIQ,"₹ 30,000.00",720,0,₹ 0.00,"₹ 1,00,800.00"
Gujarat,"Govt Med Coll, Bhavnagar",PSYCHIATRY,AIQ,"₹ 30,000.00",720,1,"₹ 40,00,000.00","₹ 1,00,800.00"
Gujarat,"Govt Med Coll, Bhavnagar",RADIO DIAGNOSIS,AIQ,"₹ 30,000.00",720,1,"₹ 40,00,000.00","₹ 1,00,800.00"
Gujarat,"Govt Med Coll, Bhavnagar",SPM,AIQ,"₹ 30,000.00",720,0,₹ 0.00,"₹ 1,00,800.00"
Gujarat,"Govt Med Coll, Bhavnagar",TBRD,AIQ,"₹ 30,000.00",720,1,"₹ 40,00,000.00","₹ 1,00,800.00"
Gujarat,"Govt Med Coll, Bhavnagar",ENT,AIQ,"₹ 30,000.00",720,1,"₹ 40,00,000.00","₹ 1,00,800.00"
Gujarat,"Govt Med Coll, Bhavnagar",GENERAL SURGERY,AIQ,"₹ 30,000.00",720,1,"₹ 40,00,000.00","₹ 1,00,800.00"
Gujarat,"Govt Med Coll, Bhavnagar",OBG,AIQ,"₹ 30,000.00",720,1,"₹ 40,00,000.00","₹ 1,00,800.00"
Gujarat,"Govt Med Coll, Bhavnagar",OPHTHALMOLOGY,AIQ,"₹ 30,000.00",720,1,"₹ 40,00,000.00","₹ 1,00,800.00"
Gujarat,"Govt Med Coll, Bhavnagar",ORTHOPAEDICS,AIQ,"₹ 30,000.00",720,1,"₹ 40,00,000.00","₹ 1,00,800.00"
Andhra Pradesh,"SVIMS, Tirupati",RADIATION ONCOLOGY,AIQ,"₹ 2,11,600.00",1257,1,"₹ 40,00,000.00","₹ 80,904.00"
Gujarat,"Govt Med Coll, Bhavnagar",DDVL,AIQ,"₹ 20,000.00",720,1,"₹ 40,00,000.00","₹ 75,600.00"
Gujarat,"Govt Med Coll, Surat",DCP,AIQ,"₹ 20,000.00",1150,1,"₹ 40,00,000.00","₹ 75,600.00"
Gujarat,"Govt Med Coll, Surat",DCM,AIQ,"₹ 20,000.00",1150,0,₹ 0.00,"₹ 75,600.00"
Gujarat,"Govt Med Coll, Surat",ANAESTHESIOLOGY,AIQ,"₹ 30,000.00",1150,1,"₹ 40,00,000.00","₹ 1,00,800.00"
Gujarat,"Govt Med Coll, Surat",ANATOMY,AIQ,"₹ 30,000.00",1150,0,₹ 0.00,"₹ 1,00,800.00"
Gujarat,"Govt Med Coll, Surat",BIOCHEMISTRY,AIQ,"₹ 30,000.00",1150,0,₹ 0.00,"₹ 1,00,800.00"
Gujarat,"Govt Med Coll, Surat",DERMATOLOGY,AIQ,"₹ 30,000.00",1150,1,"₹ 40,00,000.00","₹ 1,00,800.00"
Gujarat,"Govt Med Coll, Surat",FORENSIC MEDICINE,AIQ,"₹ 30,000.00",1150,0,₹ 0.00,"₹ 1,00,800.00"
Gujarat,"Govt Med Coll, Surat",GENERAL MEDICINE,AIQ,"₹ 30,000.00",1150,1,"₹ 40,00,000.00","₹ 1,00,800.00"
Gujarat,"Govt Med Coll, Surat",IHBT,AIQ,"₹ 30,000.00",1150,1,"₹ 40,00,000.00","₹ 1,00,800.00"
Gujarat,"Govt Med Coll, Surat",MICROBIOLOGY,AIQ,"₹ 30,000.00",1150,1,"₹ 40,00,000.00","₹ 1,00,800.00"
Gujarat,"Govt Med Coll, Surat",PAEDIATRICS,AIQ,"₹ 30,000.00",1150,1,"₹ 40,00,000.00","₹ 1,00,800.00"
Gujarat,"Govt Med Coll, Surat",PATHOLOGY,AIQ,"₹ 30,000.00",1150,1,"₹ 40,00,000.00","₹ 1,00,800.00"
Gujarat,"Govt Med Coll, Surat",PHARMACOLOGY,AIQ,"₹ 30,000.00",1150,0,₹ 0.00,"₹ 1,00,800.00"
Gujarat,"Govt Med Coll, Surat",PHYSIOLOGY,AIQ,"₹ 30,000.00",1150,0,₹ 0.00,"₹ 1,00,800.00"
Gujarat,"Govt Med Coll, Surat",PSYCHIATRY,AIQ,"₹ 30,000.00",1150,1,"₹ 40,00,000.00","₹ 1,00,800.00"
Gujarat,"Govt Med Coll, Surat",RADIO DIAGNOSIS,AIQ,"₹ 30,000.00",1150,1,"₹ 40,00,000.00","₹ 1,00,800.00"
Gujarat,"Govt Med Coll, Surat",SPM,AIQ,"₹ 30,000.00",1150,0,₹ 0.00,"₹ 1,00,800.00"
Gujarat,"Govt Med Coll, Surat",TBRD,AIQ,"₹ 30,000.00",1150,1,"₹ 40,00,000.00","₹ 1,00,800.00"
Gujarat,"Govt Med Coll, Surat",ENT,AIQ,"₹ 30,000.00",1150,1,"₹ 40,00,000.00","₹ 1,00,800.00"
Gujarat,"Govt Med Coll, Surat",GENERAL SURGERY,AIQ,"₹ 30,000.00",1150,1,"₹ 40,00,000.00","₹ 1,00,800.00"
Gujarat,"Govt Med Coll, Surat",OBG,AIQ,"₹ 30,000.00",1150,1,"₹ 40,00,000.00","₹ 1,00,800.00"
Gujarat,"Govt Med Coll, Surat",OPHTHALMOLOGY,AIQ,"₹ 30,000.00",1150,1,"₹ 40,00,000.00","₹ 1,00,800.00"
Gujarat,"Govt Med Coll, Surat",ORTHOPAEDICS,AIQ,"₹ 30,000.00",1150,1,"₹ 40,00,000.00","₹ 1,00,800.00"
Gujarat,"Govt Med Coll, Surat",DA,AIQ,"₹ 20,000.00",1150,0,₹ 0.00,"₹ 75,600.00"
Gujarat,"Medical College, Baroda",ANAESTHESIOLOGY,AIQ,"₹ 30,000.00",1250,1,"₹ 40,00,000.00","₹ 1,00,800.00"
Gujarat,"Medical College, Baroda",ANATOMY,AIQ,"₹ 30,000.00",1250,0,₹ 0.00,"₹ 1,00,800.00"
Gujarat,"Medical College, Baroda",BIOCHEMISTRY,AIQ,"₹ 30,000.00",1250,0,₹ 0.00,"₹ 1,00,800.00"
Gujarat,"Medical College, Baroda",DERMATOLOGY,AIQ,"₹ 30,000.00",1250,1,"₹ 40,00,000.00","₹ 1,00,800.00"
Gujarat,"Medical College, Baroda",FORENSIC MEDICINE,AIQ,"₹ 30,000.00",1250,0,₹ 0.00,"₹ 1,00,800.00"
Gujarat,"Medical College, Baroda",GENERAL MEDICINE,AIQ,"₹ 30,000.00",1250,1,"₹ 40,00,000.00","₹ 1,00,800.00"
Gujarat,"Medical College, Baroda",IHBT,AIQ,"₹ 30,000.00",1250,1,"₹ 40,00,000.00","₹ 1,00,800.00"
Gujarat,"Medical College, Baroda",MICROBIOLOGY,AIQ,"₹ 30,000.00",1250,1,"₹ 40,00,000.00","₹ 1,00,800.00"
Gujarat,"Medical College, Baroda",PAEDIATRICS,AIQ,"₹ 30,000.00",1250,1,"₹ 40,00,000.00","₹ 1,00,800.00"
Gujarat,"Medical College, Baroda",PATHOLOGY,AIQ,"₹ 30,000.00",1250,1,"₹ 40,00,000.00","₹ 1,00,800.00"
Gujarat,"Medical College, Baroda",PHARMACOLOGY,AIQ,"₹ 30,000.00",1250,0,₹ 0.00,"₹ 1,00,800.00"
Gujarat,"Medical College, Baroda",PHYSIOLOGY,AIQ,"₹ 30,000.00",1250,0,₹ 0.00,"₹ 1,00,800.00"
Gujarat,"Medical College, Baroda",PSYCHIATRY,AIQ,"₹ 30,000.00",1250,1,"₹ 40,00,000.00","₹ 1,00,800.00"
Gujarat,"Medical College, Baroda",RADIATION ONCOLOGY,AIQ,"₹ 30,000.00",1250,1,"₹ 40,00,000.00","₹ 1,00,800.00"
Gujarat,"Medical College, Baroda",RADIO DIAGNOSIS,AIQ,"₹ 30,000.00",1250,1,"₹ 40,00,000.00","₹ 1,00,800.00"
Gujarat,"Medical College, Baroda",SPM,AIQ,"₹ 30,000.00",1250,0,₹ 0.00,"₹ 1,00,800.00"
Gujarat,"Medical College, Baroda",TBRD,AIQ,"₹ 30,000.00",1250,1,"₹ 40,00,000.00","₹ 1,00,800.00"
Gujarat,"Medical College, Baroda",ENT,AIQ,"₹ 30,000.00",1250,1,"₹ 40,00,000.00","₹ 1,00,800.00"
Gujarat,"Medical College, Baroda",GENERAL SURGERY,AIQ,"₹ 30,000.00",1250,1,"₹ 40,00,000.00","₹ 1,00,800.00"
Gujarat,"Medical College, Baroda",OBG,AIQ,"₹ 30,000.00",1250,1,"₹ 40,00,000.00","₹ 1,00,800.00"
Gujarat,"Medical College, Baroda",OPHTHALMOLOGY,AIQ,"₹ 30,000.00",1250,1,"₹ 40,00,000.00","₹ 1,00,800.00"
Gujarat,"Medical College, Baroda",ORTHOPAEDICS,AIQ,"₹ 30,000.00",1250,1,"₹ 40,00,000.00","₹ 1,00,800.00"
Gujarat,"MP Shah, Jamnagar",DA,AIQ,"₹ 20,000.00",1250,1,"₹ 40,00,000.00","₹ 75,600.00"
Gujarat,"MP Shah, Jamnagar",DCH,AIQ,"₹ 20,000.00",1250,1,"₹ 40,00,000.00","₹ 75,600.00"
Gujarat,"MP Shah, Jamnagar",DGO,AIQ,"₹ 20,000.00",1250,1,"₹ 40,00,000.00","₹ 75,600.00"
Gujarat,"MP Shah, Jamnagar",DO,AIQ,"₹ 20,000.00",1250,1,"₹ 40,00,000.00","₹ 75,600.00"
Gujarat,"MP Shah, Jamnagar",DMRD,AIQ,"₹ 20,000.00",1250,1,"₹ 40,00,000.00","₹ 75,600.00"
Gujarat,"MP Shah, Jamnagar",DTBCD,AIQ,"₹ 20,000.00",1250,1,"₹ 40,00,000.00","₹ 75,600.00"
Gujarat,"MP Shah, Jamnagar",ANAESTHESIOLOGY,AIQ,"₹ 30,000.00",1250,1,"₹ 40,00,000.00","₹ 1,00,800.00"
Gujarat,"MP Shah, Jamnagar",ANATOMY,AIQ,"₹ 30,000.00",1250,0,₹ 0.00,"₹ 1,00,800.00"
Gujarat,"MP Shah, Jamnagar",DERMATOLOGY,AIQ,"₹ 30,000.00",1250,1,"₹ 40,00,000.00","₹ 1,00,800.00"
Gujarat,"MP Shah, Jamnagar",FORENSIC MEDICINE,AIQ,"₹ 30,000.00",1250,0,₹ 0.00,"₹ 1,00,800.00"
Gujarat,"MP Shah, Jamnagar",GENERAL MEDICINE,AIQ,"₹ 30,000.00",1250,1,"₹ 40,00,000.00","₹ 1,00,800.00"
Gujarat,"MP Shah, Jamnagar",IHBT,AIQ,"₹ 30,000.00",1250,1,"₹ 40,00,000.00","₹ 1,00,800.00"
Gujarat,"MP Shah, Jamnagar",MICROBIOLOGY,AIQ,"₹ 30,000.00",1250,1,"₹ 40,00,000.00","₹ 1,00,800.00"
Gujarat,"MP Shah, Jamnagar",PAEDIATRICS,AIQ,"₹ 30,000.00",1250,1,"₹ 40,00,000.00","₹ 1,00,800.00"
Gujarat,"MP Shah, Jamnagar",PATHOLOGY,AIQ,"₹ 30,000.00",1250,1,"₹ 40,00,000.00","₹ 1,00,800.00"
Gujarat,"MP Shah, Jamnagar",PHARMACOLOGY,AIQ,"₹ 30,000.00",1250,0,₹ 0.00,"₹ 1,00,800.00"
Gujarat,"MP Shah, Jamnagar",PHYSIOLOGY,AIQ,"₹ 30,000.00",1250,0,₹ 0.00,"₹ 1,00,800.00"
Gujarat,"MP Shah, Jamnagar",PSYCHIATRY,AIQ,"₹ 30,000.00",1250,1,"₹ 40,00,000.00","₹ 1,00,800.00"
Gujarat,"MP Shah, Jamnagar",RADIO DIAGNOSIS,AIQ,"₹ 30,000.00",1250,1,"₹ 40,00,000.00","₹ 1,00,800.00"
Gujarat,"MP Shah, Jamnagar",SPM,AIQ,"₹ 30,000.00",1250,0,₹ 0.00,"₹ 1,00,800.00"
Gujarat,"MP Shah, Jamnagar",TBRD,AIQ,"₹ 30,000.00",1250,1,"₹ 40,00,000.00","₹ 1,00,800.00"
Gujarat,"MP Shah, Jamnagar",ENT,AIQ,"₹ 30,000.00",1250,1,"₹ 40,00,000.00","₹ 1,00,800.00"
Gujarat,"MP Shah, Jamnagar",GENERAL SURGERY,AIQ,"₹ 30,000.00",1250,1,"₹ 40,00,000.00","₹ 1,00,800.00"
Gujarat,"MP Shah, Jamnagar",OBG,AIQ,"₹ 30,000.00",1250,1,"₹ 40,00,000.00","₹ 1,00,800.00"
Gujarat,"MP Shah, Jamnagar",OPHTHALMOLOGY,AIQ,"₹ 30,000.00",1250,1,"₹ 40,00,000.00","₹ 1,00,800.00"
Gujarat,"MP Shah, Jamnagar",ORTHOPAEDICS,AIQ,"₹ 30,000.00",1250,1,"₹ 40,00,000.00","₹ 1,00,800.00"
Gujarat,"PDU Med Coll, Rajkot",ANAESTHESIOLOGY,AIQ,"₹ 30,000.00",750,1,"₹ 40,00,000.00","₹ 1,00,800.00"
Gujarat,"PDU Med Coll, Rajkot",ANATOMY,AIQ,"₹ 30,000.00",750,0,₹ 0.00,"₹ 1,00,800.00"
Gujarat,"PDU Med Coll, Rajkot",BIOCHEMISTRY,AIQ,"₹ 30,000.00",750,0,₹ 0.00,"₹ 1,00,800.00"
Gujarat,"PDU Med Coll, Rajkot",DERMATOLOGY,AIQ,"₹ 30,000.00",750,1,"₹ 40,00,000.00","₹ 1,00,800.00"
Gujarat,"PDU Med Coll, Rajkot",FORENSIC MEDICINE,AIQ,"₹ 30,000.00",750,0,₹ 0.00,"₹ 1,00,800.00"
Gujarat,"PDU Med Coll, Rajkot",GENERAL MEDICINE,AIQ,"₹ 30,000.00",750,1,"₹ 40,00,000.00","₹ 1,00,800.00"
Gujarat,"PDU Med Coll, Rajkot",DA,AIQ,"₹ 20,000.00",750,1,"₹ 40,00,000.00","₹ 75,600.00"
Gujarat,"PDU Med Coll, Rajkot",MICROBIOLOGY,AIQ,"₹ 30,000.00",750,1,"₹ 40,00,000.00","₹ 1,00,800.00"
Gujarat,"PDU Med Coll, Rajkot",DCH,AIQ,"₹ 20,000.00",750,1,"₹ 40,00,000.00","₹ 75,600.00"
Gujarat,"PDU Med Coll, Rajkot",PAEDIATRICS,AIQ,"₹ 30,000.00",750,1,"₹ 40,00,000.00","₹ 1,00,800.00"
Gujarat,"PDU Med Coll, Rajkot",PATHOLOGY,AIQ,"₹ 30,000.00",750,1,"₹ 40,00,000.00","₹ 1,00,800.00"
Gujarat,"PDU Med Coll, Rajkot",PHARMACOLOGY,AIQ,"₹ 30,000.00",750,0,₹ 0.00,"₹ 1,00,800.00"
Gujarat,"PDU Med Coll, Rajkot",PHYSIOLOGY,AIQ,"₹ 30,000.00",750,0,₹ 0.00,"₹ 1,00,800.00"
Gujarat,"PDU Med Coll, Rajkot",PSYCHIATRY,AIQ,"₹ 30,000.00",750,1,"₹ 40,00,000.00","₹ 1,00,800.00"
Gujarat,"PDU Med Coll, Rajkot",RADIATION ONCOLOGY,AIQ,"₹ 30,000.00",750,1,"₹ 40,00,000.00","₹ 1,00,800.00"
Gujarat,"PDU Med Coll, Rajkot",DDVL,AIQ,"₹ 20,000.00",750,1,"₹ 40,00,000.00","₹ 75,600.00"
Gujarat,"PDU Med Coll, Rajkot",RADIO DIAGNOSIS,AIQ,"₹ 30,000.00",750,1,"₹ 40,00,000.00","₹ 1,00,800.00"
Andhra Pradesh,"SVIMS, Tirupati",SPM,AIQ,"₹ 2,11,600.00",1257,1,"₹ 40,00,000.00","₹ 80,904.00"
Gujarat,"PDU Med Coll, Rajkot",DGO,AIQ,"₹ 20,000.00",750,1,"₹ 40,00,000.00","₹ 75,600.00"
Gujarat,"PDU Med Coll, Rajkot",SPM,AIQ,"₹ 30,000.00",750,0,₹ 0.00,"₹ 1,00,800.00"
Gujarat,"PDU Med Coll, Rajkot",TBRD,AIQ,"₹ 30,000.00",750,1,"₹ 40,00,000.00","₹ 1,00,800.00"
Gujarat,"PDU Med Coll, Rajkot",ENT,AIQ,"₹ 30,000.00",750,1,"₹ 40,00,000.00","₹ 1,00,800.00"
Gujarat,"PDU Med Coll, Rajkot",GENERAL SURGERY,AIQ,"₹ 30,000.00",750,1,"₹ 40,00,000.00","₹ 1,00,800.00"
Gujarat,"PDU Med Coll, Rajkot",OBG,AIQ,"₹ 30,000.00",750,1,"₹ 40,00,000.00","₹ 1,00,800.00"
Gujarat,"PDU Med Coll, Rajkot",OPHTHALMOLOGY,AIQ,"₹ 30,000.00",750,1,"₹ 40,00,000.00","₹ 1,00,800.00"
Gujarat,"PDU Med Coll, Rajkot",DO,AIQ,"₹ 20,000.00",750,1,"₹ 40,00,000.00","₹ 75,600.00"
Gujarat,"PDU Med Coll, Rajkot",ORTHOPAEDICS,AIQ,"₹ 30,000.00",750,1,"₹ 40,00,000.00","₹ 1,00,800.00"
Gujarat,"PDU Med Coll, Rajkot",DORTHO,AIQ,"₹ 20,000.00",750,1,"₹ 40,00,000.00","₹ 75,600.00"
Gujarat,"GR Doshi & KM Mehta, Ahmedabad",ANAESTHESIOLOGY,AIQ,"₹ 30,000.00",400,1,"₹ 40,00,000.00","₹ 1,00,800.00"
Kerala,"Govt of Med Sci, Pariyaram",GENERAL MEDICINE,AIQ,"₹ 69,470.00",1752,1,"₹ 50,00,000.00","₹ 57,876.00"
Kerala,"Govt of Med Sci, Pariyaram",OBG,AIQ,"₹ 69,470.00",1752,1,"₹ 50,00,000.00","₹ 57,876.00"
Kerala,"Govt of Med Sci, Pariyaram",DERMATOLOGY,AIQ,"₹ 69,470.00",1752,1,"₹ 50,00,000.00","₹ 57,876.00"
Kerala,"Govt of Med Sci, Pariyaram",PAEDIATRICS,AIQ,"₹ 69,470.00",1752,1,"₹ 50,00,000.00","₹ 57,876.00"
Kerala,"Govt of Med Sci, Pariyaram",ENT,AIQ,"₹ 69,470.00",1752,1,"₹ 50,00,000.00","₹ 57,876.00"
Kerala,"Govt of Med Sci, Pariyaram",TBRD,AIQ,"₹ 69,470.00",1752,1,"₹ 50,00,000.00","₹ 57,876.00"
Kerala,"Govt of Med Sci, Pariyaram",RADIO DIAGNOSIS,AIQ,"₹ 69,470.00",1752,1,"₹ 50,00,000.00","₹ 57,876.00"
Kerala,"Govt of Med Sci, Pariyaram",PATHOLOGY,AIQ,"₹ 69,470.00",1752,1,"₹ 50,00,000.00","₹ 57,876.00"
Kerala,"Govt of Med Sci, Pariyaram",ANAESTHESIOLOGY,AIQ,"₹ 69,470.00",1752,1,"₹ 50,00,000.00","₹ 57,876.00"
Kerala,"Govt of Med Sci, Pariyaram",OPHTHALMOLOGY,AIQ,"₹ 69,470.00",1752,1,"₹ 50,00,000.00","₹ 57,876.00"
Kerala,"Govt of Med Sci, Pariyaram",PSYCHIATRY,AIQ,"₹ 69,470.00",1752,1,"₹ 50,00,000.00","₹ 57,876.00"
Kerala,"Govt of Med Sci, Pariyaram",EMERGENCY MEDICINE,AIQ,"₹ 69,470.00",1752,1,"₹ 50,00,000.00","₹ 57,876.00"
Kerala,"Govt of Med Sci, Pariyaram",MICROBIOLOGY,AIQ,"₹ 69,470.00",1752,1,"₹ 50,00,000.00","₹ 57,876.00"
Kerala,"Govt of Med Sci, Pariyaram",GENERAL SURGERY,AIQ,"₹ 69,470.00",1752,1,"₹ 50,00,000.00","₹ 57,876.00"
Kerala,"Govt of Med Sci, Pariyaram",ORTHOPAEDICS,AIQ,"₹ 69,470.00",1752,1,"₹ 50,00,000.00","₹ 57,876.00"
Kerala,"Govt of Med Sci, Pariyaram",SPM,AIQ,"₹ 69,470.00",1752,1,"₹ 50,00,000.00","₹ 57,876.00"
Kerala,"Govt of Med Sci, Pariyaram",PHYSIOLOGY,AIQ,"₹ 69,470.00",1752,1,"₹ 50,00,000.00","₹ 57,876.00"
Odisha,"Acharya Harihar Cancer,Cuttack",PATHOLOGY,AIQ,"₹ 38,500.00",NA,2,"₹ 66,30,000.00","₹ 88,686.00"
Odisha,"Acharya Harihar Cancer,Cuttack",ANAESTHESIOLOGY,AIQ,"₹ 38,500.00",NA,2,"₹ 53,30,000.00","₹ 70,686.00"
Andhra Pradesh,"ACSR Medical College, Nellore",SPM,AIQ,"₹ 48,600.00",355,0,₹ 0.00,"₹ 60,823.00"
Andhra Pradesh,"ACSR Medical College, Nellore",ANATOMY,AIQ,"₹ 48,600.00",355,0,₹ 0.00,"₹ 60,823.00"
Andhra Pradesh,"ACSR Medical College, Nellore",TBRD,AIQ,"₹ 48,600.00",355,0,₹ 0.00,"₹ 60,823.00"
Andhra Pradesh,"ACSR Medical College, Nellore",PAEDIATRICS,AIQ,"₹ 48,600.00",355,0,₹ 0.00,"₹ 60,823.00"
Andhra Pradesh,"ACSR Medical College, Nellore",FORENSIC MEDICINE,AIQ,"₹ 48,600.00",355,0,₹ 0.00,"₹ 60,823.00"
Andhra Pradesh,"ACSR Medical College, Nellore",ANAESTHESIOLOGY,AIQ,"₹ 48,600.00",355,0,₹ 0.00,"₹ 60,823.00"
Andhra Pradesh,"ACSR Medical College, Nellore",OPHTHALMOLOGY,AIQ,"₹ 48,600.00",355,0,₹ 0.00,"₹ 60,823.00"
Andhra Pradesh,"ACSR Medical College, Nellore",PSYCHIATRY,AIQ,"₹ 48,600.00",355,0,₹ 0.00,"₹ 60,823.00"
Andhra Pradesh,"ACSR Medical College, Nellore",GENERAL MEDICINE,AIQ,"₹ 48,600.00",355,0,₹ 0.00,"₹ 60,823.00"
Andhra Pradesh,"ACSR Medical College, Nellore",OBG,AIQ,"₹ 48,600.00",355,0,₹ 0.00,"₹ 60,823.00"
Tripura,"Agartala Med Coll, Agartala",RADIATION ONCOLOGY,AIQ,"₹ 1,50,000.00",580,1,"₹ 50,00,000.00","₹ 55,200.00"
Tripura,"Agartala Med Coll, Agartala",PHYSIOLOGY,AIQ,"₹ 1,50,000.00",580,1,"₹ 35,00,000.00","₹ 55,200.00"
Tripura,"Agartala Med Coll, Agartala",PHARMACOLOGY,AIQ,"₹ 1,50,000.00",580,1,"₹ 35,00,000.00","₹ 55,200.00"
Tripura,"Agartala Med Coll, Agartala",TBRD,AIQ,"₹ 1,50,000.00",580,1,"₹ 50,00,000.00","₹ 55,200.00"
Andhra Pradesh,"SVIMS, Tirupati",ANAESTHESIOLOGY,AIQ,"₹ 2,11,600.00",1257,1,"₹ 40,00,000.00","₹ 80,904.00"
Tripura,"Agartala Med Coll, Agartala",ANATOMY,AIQ,"₹ 1,50,000.00",580,1,"₹ 35,00,000.00","₹ 55,200.00"
Tripura,"Agartala Med Coll, Agartala",PATHOLOGY,AIQ,"₹ 1,50,000.00",580,1,"₹ 35,00,000.00","₹ 55,200.00"
Tripura,"Agartala Med Coll, Agartala",BIOCHEMISTRY,AIQ,"₹ 1,50,000.00",580,1,"₹ 35,00,000.00","₹ 55,200.00"
Tripura,"Agartala Med Coll, Agartala",OPHTHALMOLOGY,AIQ,"₹ 1,50,000.00",580,1,"₹ 50,00,000.00","₹ 55,200.00"
Tripura,"Agartala Med Coll, Agartala",GENERAL MEDICINE,AIQ,"₹ 1,50,000.00",580,1,"₹ 50,00,000.00","₹ 55,200.00"
Tripura,"Agartala Med Coll, Agartala",ORTHOPAEDICS,AIQ,"₹ 1,50,000.00",580,1,"₹ 50,00,000.00","₹ 55,200.00"
Tripura,"Agartala Med Coll, Agartala",ENT,AIQ,"₹ 1,50,000.00",580,1,"₹ 50,00,000.00","₹ 55,200.00"
Tripura,"Agartala Med Coll, Agartala",GENERAL SURGERY,AIQ,"₹ 1,50,000.00",580,1,"₹ 50,00,000.00","₹ 55,200.00"
Tripura,"Agartala Med Coll, Agartala",SPM,AIQ,"₹ 1,50,000.00",580,1,"₹ 35,00,000.00","₹ 55,200.00"
Tripura,"Agartala Med Coll, Agartala",MICROBIOLOGY,AIQ,"₹ 1,50,000.00",580,1,"₹ 35,00,000.00","₹ 55,200.00"
Tripura,"Agartala Med Coll, Agartala",RADIO DIAGNOSIS,AIQ,"₹ 1,50,000.00",580,1,"₹ 50,00,000.00","₹ 55,200.00"
Tripura,"Agartala Med Coll, Agartala",OBG,AIQ,"₹ 1,50,000.00",580,1,"₹ 50,00,000.00","₹ 55,200.00"
Tripura,"Agartala Med Coll, Agartala",PAEDIATRICS,AIQ,"₹ 1,50,000.00",580,1,"₹ 50,00,000.00","₹ 55,200.00"
Tripura,"Agartala Med Coll, Agartala",ANAESTHESIOLOGY,AIQ,"₹ 1,50,000.00",580,1,"₹ 50,00,000.00","₹ 55,200.00"
Tripura,"Agartala Med Coll, Agartala",FORENSIC MEDICINE,AIQ,"₹ 1,50,000.00",580,1,"₹ 35,00,000.00","₹ 55,200.00"
Tripura,"Agartala Med Coll, Agartala",PSYCHIATRY,AIQ,"₹ 1,50,000.00",580,1,"₹ 50,00,000.00","₹ 55,200.00"
West Bengal,"AIIHPH, Kolkata",SPM,AIQ,"₹ 12,000.00",NA,0,₹ 0.00,"₹ 1,11,780.00"
West Bengal,"AIIHPH, Kolkata",EPIDEMIOLOGY,AIQ,"₹ 12,000.00",NA,0,₹ 0.00,"₹ 1,11,780.00"
Maharashtra,"AIIPMR, Mumbai",PMR,AIQ,"₹ 1,43,300.00",NA,0,₹ 0.00,"₹ 1,08,799.00"
Andhra Pradesh,"Andhra Med Coll, Vizag",TBRD,AIQ,"₹ 48,600.00",1030,0,₹ 0.00,"₹ 60,823.00"
Andhra Pradesh,"Andhra Med Coll, Vizag",OPHTHALMOLOGY,AIQ,"₹ 48,600.00",1030,0,₹ 0.00,"₹ 60,823.00"
Andhra Pradesh,"Andhra Med Coll, Vizag",FORENSIC MEDICINE,AIQ,"₹ 48,600.00",1030,0,₹ 0.00,"₹ 60,823.00"
Andhra Pradesh,"Andhra Med Coll, Vizag",ORTHOPAEDICS,AIQ,"₹ 48,600.00",1030,0,₹ 0.00,"₹ 60,823.00"
Andhra Pradesh,"Andhra Med Coll, Vizag",PATHOLOGY,AIQ,"₹ 48,600.00",1030,0,₹ 0.00,"₹ 60,823.00"
Andhra Pradesh,"Andhra Med Coll, Vizag",ENT,AIQ,"₹ 48,600.00",1030,0,₹ 0.00,"₹ 60,823.00"
Andhra Pradesh,"Andhra Med Coll, Vizag",PAEDIATRICS,AIQ,"₹ 48,600.00",1030,0,₹ 0.00,"₹ 60,823.00"
Andhra Pradesh,"Andhra Med Coll, Vizag",BIOCHEMISTRY,AIQ,"₹ 48,600.00",1030,0,₹ 0.00,"₹ 60,823.00"
Andhra Pradesh,"Andhra Med Coll, Vizag",RADIO DIAGNOSIS,AIQ,"₹ 48,600.00",1030,0,₹ 0.00,"₹ 60,823.00"
Andhra Pradesh,"Andhra Med Coll, Vizag",ANATOMY,AIQ,"₹ 48,600.00",1030,0,₹ 0.00,"₹ 60,823.00"
Andhra Pradesh,"Andhra Med Coll, Vizag",MICROBIOLOGY,AIQ,"₹ 48,600.00",1030,0,₹ 0.00,"₹ 60,823.00"
Andhra Pradesh,"Andhra Med Coll, Vizag",SPM,AIQ,"₹ 48,600.00",1030,0,₹ 0.00,"₹ 60,823.00"
Andhra Pradesh,"Andhra Med Coll, Vizag",PHARMACOLOGY,AIQ,"₹ 48,600.00",1030,0,₹ 0.00,"₹ 60,823.00"
Andhra Pradesh,"Andhra Med Coll, Vizag",PHYSIOLOGY,AIQ,"₹ 48,600.00",1030,0,₹ 0.00,"₹ 60,823.00"
Andhra Pradesh,"Andhra Med Coll, Vizag",ANAESTHESIOLOGY,AIQ,"₹ 48,600.00",1030,0,₹ 0.00,"₹ 60,823.00"
Andhra Pradesh,"Andhra Med Coll, Vizag",GENERAL SURGERY,AIQ,"₹ 48,600.00",1030,0,₹ 0.00,"₹ 60,823.00"
Andhra Pradesh,"Andhra Med Coll, Vizag",GENERAL MEDICINE,AIQ,"₹ 48,600.00",1030,0,₹ 0.00,"₹ 60,823.00"
Andhra Pradesh,"Andhra Med Coll, Vizag",PSYCHIATRY,AIQ,"₹ 48,600.00",1030,0,₹ 0.00,"₹ 60,823.00"
Andhra Pradesh,"Andhra Med Coll, Vizag",DERMATOLOGY,AIQ,"₹ 48,600.00",1030,0,₹ 0.00,"₹ 60,823.00"
Andhra Pradesh,"Andhra Med Coll, Vizag",OBG,AIQ,"₹ 48,600.00",1030,0,₹ 0.00,"₹ 60,823.00"
Andhra Pradesh,"Andhra Med Coll, Vizag",RADIATION ONCOLOGY,AIQ,"₹ 48,600.00",1030,0,₹ 0.00,"₹ 60,823.00"
Maharashtra,"JN Med College, Meghe, Wardha",EMERGENCY MEDICINE,MNG,"₹ 30,00,000.00",2150,1,"₹ 5,00,000.00","₹ 66,829.00"
Bihar,"AN Magadh, Gaya",ORTHOPAEDICS,AIQ,"₹ 9,000.00",425,3,"₹ 25,00,000.00","₹ 82,000.00"
Bihar,"AN Magadh, Gaya",MICROBIOLOGY,AIQ,"₹ 9,000.00",425,3,"₹ 25,00,000.00","₹ 82,000.00"
Bihar,"AN Magadh, Gaya",OPHTHALMOLOGY,AIQ,"₹ 9,000.00",425,3,"₹ 25,00,000.00","₹ 82,000.00"
Bihar,"AN Magadh, Gaya",BIOCHEMISTRY,AIQ,"₹ 9,000.00",425,3,"₹ 25,00,000.00","₹ 82,000.00"
Bihar,"AN Magadh, Gaya",DERMATOLOGY,AIQ,"₹ 9,000.00",425,3,"₹ 25,00,000.00","₹ 82,000.00"
Bihar,"AN Magadh, Gaya",PAEDIATRICS,AIQ,"₹ 9,000.00",425,3,"₹ 25,00,000.00","₹ 82,000.00"
Bihar,"AN Magadh, Gaya",GENERAL SURGERY,AIQ,"₹ 9,000.00",425,3,"₹ 25,00,000.00","₹ 82,000.00"
Bihar,"AN Magadh, Gaya",PATHOLOGY,AIQ,"₹ 9,000.00",425,3,"₹ 25,00,000.00","₹ 82,000.00"
Bihar,"AN Magadh, Gaya",ANAESTHESIOLOGY,AIQ,"₹ 9,000.00",425,3,"₹ 25,00,000.00","₹ 82,000.00"
Bihar,"AN Magadh, Gaya",PHYSIOLOGY,AIQ,"₹ 9,000.00",425,3,"₹ 25,00,000.00","₹ 82,000.00"
Bihar,"AN Magadh, Gaya",ENT,AIQ,"₹ 9,000.00",425,3,"₹ 25,00,000.00","₹ 82,000.00"
Bihar,"AN Magadh, Gaya",PHARMACOLOGY,AIQ,"₹ 9,000.00",425,3,"₹ 25,00,000.00","₹ 82,000.00"
Bihar,"AN Magadh, Gaya",ANATOMY,AIQ,"₹ 9,000.00",425,3,"₹ 25,00,000.00","₹ 82,000.00"
Bihar,"AN Magadh, Gaya",OBG,AIQ,"₹ 9,000.00",425,3,"₹ 25,00,000.00","₹ 82,000.00"
Assam,"Assam Med Coll, Dibrugarh",OPHTHALMOLOGY,AIQ,"₹ 17,900.00",1365,2,"₹ 20,00,000.00","₹ 55,200.00"
Assam,"Assam Med Coll, Dibrugarh",RADIO DIAGNOSIS,AIQ,"₹ 17,900.00",1365,2,"₹ 20,00,000.00","₹ 55,200.00"
Assam,"Assam Med Coll, Dibrugarh",GENERAL SURGERY,AIQ,"₹ 17,900.00",1365,2,"₹ 20,00,000.00","₹ 55,200.00"
Assam,"Assam Med Coll, Dibrugarh",PAEDIATRICS,AIQ,"₹ 17,900.00",1365,2,"₹ 20,00,000.00","₹ 55,200.00"
Assam,"Assam Med Coll, Dibrugarh",PHYSIOLOGY,AIQ,"₹ 17,900.00",1365,2,"₹ 20,00,000.00","₹ 55,200.00"
Assam,"Assam Med Coll, Dibrugarh",RADIATION ONCOLOGY,AIQ,"₹ 17,900.00",1365,2,"₹ 20,00,000.00","₹ 55,200.00"
Assam,"Assam Med Coll, Dibrugarh",DERMATOLOGY,AIQ,"₹ 17,900.00",1365,2,"₹ 20,00,000.00","₹ 55,200.00"
Assam,"Assam Med Coll, Dibrugarh",ORTHOPAEDICS,AIQ,"₹ 17,900.00",1365,2,"₹ 20,00,000.00","₹ 55,200.00"
Assam,"Assam Med Coll, Dibrugarh",OBG,AIQ,"₹ 17,900.00",1365,2,"₹ 20,00,000.00","₹ 55,200.00"
Assam,"Assam Med Coll, Dibrugarh",ANATOMY,AIQ,"₹ 17,900.00",1365,2,"₹ 20,00,000.00","₹ 55,200.00"
Assam,"Assam Med Coll, Dibrugarh",FORENSIC MEDICINE,AIQ,"₹ 17,900.00",1365,2,"₹ 20,00,000.00","₹ 55,200.00"
Assam,"Assam Med Coll, Dibrugarh",BIOCHEMISTRY,AIQ,"₹ 17,900.00",1365,2,"₹ 20,00,000.00","₹ 55,200.00"
Assam,"Assam Med Coll, Dibrugarh",GENERAL MEDICINE,AIQ,"₹ 17,900.00",1365,2,"₹ 20,00,000.00","₹ 55,200.00"
Assam,"Assam Med Coll, Dibrugarh",MICROBIOLOGY,AIQ,"₹ 17,900.00",1365,2,"₹ 20,00,000.00","₹ 55,200.00"
Assam,"Assam Med Coll, Dibrugarh",PATHOLOGY,AIQ,"₹ 17,900.00",1365,2,"₹ 20,00,000.00","₹ 55,200.00"
Assam,"Assam Med Coll, Dibrugarh",PHARMACOLOGY,AIQ,"₹ 17,900.00",1365,2,"₹ 20,00,000.00","₹ 55,200.00"
Assam,"Assam Med Coll, Dibrugarh",ENT,AIQ,"₹ 17,900.00",1365,2,"₹ 20,00,000.00","₹ 55,200.00"
Assam,"Assam Med Coll, Dibrugarh",PSYCHIATRY,AIQ,"₹ 17,900.00",1365,2,"₹ 20,00,000.00","₹ 55,200.00"
Assam,"Assam Med Coll, Dibrugarh",ANAESTHESIOLOGY,AIQ,"₹ 17,900.00",1365,2,"₹ 20,00,000.00","₹ 55,200.00"
Assam,"Assam Med Coll, Dibrugarh",SPM,AIQ,"₹ 17,900.00",1365,2,"₹ 20,00,000.00","₹ 55,200.00"
Assam,"Assam Med Coll, Dibrugarh",DCH,AIQ,"₹ 17,900.00",1365,2,"₹ 15,00,000.00","₹ 55,200.00"
Madhya Pradesh,"Atal Bihari Vajpayee, Vidisha",OBG,AIQ,"₹ 1,01,500.00",300,1,"₹ 10,00,000.00","₹ 75,444.00"
Madhya Pradesh,"Atal Bihari Vajpayee, Vidisha",PHYSIOLOGY,AIQ,"₹ 1,01,500.00",300,1,"₹ 10,00,000.00","₹ 75,444.00"
Madhya Pradesh,"Atal Bihari Vajpayee, Vidisha",PAEDIATRICS,AIQ,"₹ 1,01,500.00",300,1,"₹ 10,00,000.00","₹ 75,444.00"
Madhya Pradesh,"Atal Bihari Vajpayee, Vidisha",BIOCHEMISTRY,AIQ,"₹ 1,01,500.00",300,1,"₹ 10,00,000.00","₹ 75,444.00"
Madhya Pradesh,"Atal Bihari Vajpayee, Vidisha",PATHOLOGY,AIQ,"₹ 1,01,500.00",300,1,"₹ 10,00,000.00","₹ 75,444.00"
Madhya Pradesh,"Atal Bihari Vajpayee, Vidisha",ENT,AIQ,"₹ 1,01,500.00",300,1,"₹ 10,00,000.00","₹ 75,444.00"
Madhya Pradesh,"Atal Bihari Vajpayee, Vidisha",FORENSIC MEDICINE,AIQ,"₹ 1,01,500.00",300,1,"₹ 10,00,000.00","₹ 75,444.00"
Madhya Pradesh,"Atal Bihari Vajpayee, Vidisha",ORTHOPAEDICS,AIQ,"₹ 1,01,500.00",300,1,"₹ 10,00,000.00","₹ 75,444.00"
Madhya Pradesh,"Atal Bihari Vajpayee, Vidisha",MICROBIOLOGY,AIQ,"₹ 1,01,500.00",300,1,"₹ 10,00,000.00","₹ 75,444.00"
Madhya Pradesh,"Atal Bihari Vajpayee, Vidisha",GENERAL SURGERY,AIQ,"₹ 1,01,500.00",300,1,"₹ 10,00,000.00","₹ 75,444.00"
Madhya Pradesh,"Atal Bihari Vajpayee, Vidisha",OPHTHALMOLOGY,AIQ,"₹ 1,01,500.00",300,1,"₹ 10,00,000.00","₹ 75,444.00"
Madhya Pradesh,"Atal Bihari Vajpayee, Vidisha",SPM,AIQ,"₹ 1,01,500.00",300,1,"₹ 10,00,000.00","₹ 75,444.00"
Uttar Pradesh,"Auton. State Med Coll, Ayodhya",ANATOMY,AIQ,"₹ 40,000.00",NA,2,"₹ 40,00,000.00","₹ 1,00,980.00"
Uttar Pradesh,"Auton. State Med Coll, Ayodhya",BIOCHEMISTRY,AIQ,"₹ 40,000.00",NA,2,"₹ 40,00,000.00","₹ 1,00,980.00"
Uttar Pradesh,"Auton. State Med Coll, Ayodhya",GENERAL MEDICINE,AIQ,"₹ 40,000.00",NA,2,"₹ 40,00,000.00","₹ 1,00,980.00"
Uttar Pradesh,"Auton. State Med Coll, Ayodhya",PATHOLOGY,AIQ,"₹ 40,000.00",NA,2,"₹ 40,00,000.00","₹ 1,00,980.00"
Uttar Pradesh,"Auton. State Med Coll, Ayodhya",PHARMACOLOGY,AIQ,"₹ 40,000.00",NA,2,"₹ 40,00,000.00","₹ 1,00,980.00"
Uttar Pradesh,"Auton. State Med Coll, Ayodhya",PHYSIOLOGY,AIQ,"₹ 40,000.00",NA,2,"₹ 40,00,000.00","₹ 1,00,980.00"
Uttar Pradesh,"Auton. State Med Coll, Ayodhya",SPM,AIQ,"₹ 40,000.00",NA,2,"₹ 40,00,000.00","₹ 1,00,980.00"
Maharashtra,"BJMC, Pune",GENERAL SURGERY,AIQ,"₹ 1,43,300.00",1296,1,"₹ 50,00,000.00","₹ 92,522.00"
Maharashtra,"BJMC, Pune",MICROBIOLOGY,AIQ,"₹ 1,43,300.00",1296,1,"₹ 50,00,000.00","₹ 92,522.00"
Maharashtra,"BJMC, Pune",OPHTHALMOLOGY,AIQ,"₹ 1,43,300.00",1296,1,"₹ 50,00,000.00","₹ 92,522.00"
Maharashtra,"BJMC, Pune",PAEDIATRICS,AIQ,"₹ 1,43,300.00",1296,1,"₹ 50,00,000.00","₹ 92,522.00"
Maharashtra,"BJMC, Pune",PHARMACOLOGY,AIQ,"₹ 1,43,300.00",1296,1,"₹ 50,00,000.00","₹ 92,522.00"
Maharashtra,"BJMC, Pune",PATHOLOGY,AIQ,"₹ 1,43,300.00",1296,1,"₹ 50,00,000.00","₹ 92,522.00"
Maharashtra,"BJMC, Pune",PSYCHIATRY,AIQ,"₹ 1,43,300.00",1296,1,"₹ 50,00,000.00","₹ 92,522.00"
Maharashtra,"BJMC, Pune",ANATOMY,AIQ,"₹ 1,43,300.00",1296,1,"₹ 50,00,000.00","₹ 92,522.00"
Maharashtra,"BJMC, Pune",RADIO DIAGNOSIS,AIQ,"₹ 1,43,300.00",1296,1,"₹ 50,00,000.00","₹ 92,522.00"
Maharashtra,"BJMC, Pune",ENT,AIQ,"₹ 1,43,300.00",1296,1,"₹ 50,00,000.00","₹ 92,522.00"
Maharashtra,"BJMC, Pune",ANAESTHESIOLOGY,AIQ,"₹ 1,43,300.00",1296,1,"₹ 50,00,000.00","₹ 92,522.00"
Maharashtra,"BJMC, Pune",OBG,AIQ,"₹ 1,43,300.00",1296,1,"₹ 50,00,000.00","₹ 92,522.00"
Maharashtra,"BJMC, Pune",BIOCHEMISTRY,AIQ,"₹ 1,43,300.00",1296,1,"₹ 50,00,000.00","₹ 92,522.00"
Maharashtra,"BJMC, Pune",TBRD,AIQ,"₹ 1,43,300.00",1296,1,"₹ 50,00,000.00","₹ 92,522.00"
Maharashtra,"BJMC, Pune",SPM,AIQ,"₹ 1,43,300.00",1296,1,"₹ 50,00,000.00","₹ 92,522.00"
Maharashtra,"BJMC, Pune",GENERAL MEDICINE,AIQ,"₹ 1,43,300.00",1296,1,"₹ 50,00,000.00","₹ 92,522.00"
Maharashtra,"BJMC, Pune",PHYSIOLOGY,AIQ,"₹ 1,43,300.00",1296,1,"₹ 50,00,000.00","₹ 92,522.00"
Maharashtra,"BJMC, Pune",ORTHOPAEDICS,AIQ,"₹ 1,43,300.00",1296,1,"₹ 50,00,000.00","₹ 92,522.00"
Maharashtra,"BJMC, Pune",DERMATOLOGY,AIQ,"₹ 1,43,300.00",1296,1,"₹ 50,00,000.00","₹ 92,522.00"
Maharashtra,"BJMC, Pune",EMERGENCY MEDICINE,AIQ,"₹ 1,43,300.00",1296,1,"₹ 50,00,000.00","₹ 92,522.00"
Maharashtra,"BJMC, Pune",FORENSIC MEDICINE,AIQ,"₹ 1,43,300.00",1296,1,"₹ 50,00,000.00","₹ 92,522.00"
Karnataka,"Bangalore Med Coll, Bangalore",GENERAL MEDICINE,AIQ,"₹ 1,24,150.00",1993,3,"₹ 50,00,000.00","₹ 56,250.00"
Karnataka,"Bangalore Med Coll, Bangalore",PATHOLOGY,AIQ,"₹ 69,150.00",1993,3,"₹ 50,00,000.00","₹ 56,250.00"
Karnataka,"Bangalore Med Coll, Bangalore",PAEDIATRICS,AIQ,"₹ 1,24,150.00",1993,3,"₹ 50,00,000.00","₹ 56,250.00"
Karnataka,"Bangalore Med Coll, Bangalore",ORTHOPAEDICS,AIQ,"₹ 1,24,150.00",1993,3,"₹ 50,00,000.00","₹ 56,250.00"
Karnataka,"Bangalore Med Coll, Bangalore",FORENSIC MEDICINE,AIQ,"₹ 69,150.00",1993,3,"₹ 50,00,000.00","₹ 56,250.00"
Karnataka,"Bangalore Med Coll, Bangalore",DERMATOLOGY,AIQ,"₹ 1,24,150.00",1993,3,"₹ 50,00,000.00","₹ 56,250.00"
Karnataka,"Bangalore Med Coll, Bangalore",SPM,AIQ,"₹ 69,150.00",1993,3,"₹ 50,00,000.00","₹ 56,250.00"
Karnataka,"Bangalore Med Coll, Bangalore",MICROBIOLOGY,AIQ,"₹ 69,150.00",1993,3,"₹ 50,00,000.00","₹ 56,250.00"
Karnataka,"Bangalore Med Coll, Bangalore",ANATOMY,AIQ,"₹ 41,650.00",1993,3,"₹ 50,00,000.00","₹ 56,250.00"
Karnataka,"Bangalore Med Coll, Bangalore",BIOCHEMISTRY,AIQ,"₹ 41,650.00",1993,3,"₹ 50,00,000.00","₹ 56,250.00"
Karnataka,"Bangalore Med Coll, Bangalore",PHARMACOLOGY,AIQ,"₹ 69,150.00",1993,3,"₹ 50,00,000.00","₹ 56,250.00"
Karnataka,"Bangalore Med Coll, Bangalore",ENT,AIQ,"₹ 1,24,150.00",1993,3,"₹ 50,00,000.00","₹ 56,250.00"
Karnataka,"Bangalore Med Coll, Bangalore",RADIO DIAGNOSIS,AIQ,"₹ 1,24,150.00",1993,3,"₹ 50,00,000.00","₹ 56,250.00"
Karnataka,"Bangalore Med Coll, Bangalore",OBG,AIQ,"₹ 1,24,150.00",1993,3,"₹ 50,00,000.00","₹ 56,250.00"
Karnataka,"Bangalore Med Coll, Bangalore",RADIATION ONCOLOGY,AIQ,"₹ 1,24,150.00",1993,3,"₹ 50,00,000.00","₹ 56,250.00"
Karnataka,"Bangalore Med Coll, Bangalore",OPHTHALMOLOGY,AIQ,"₹ 1,24,150.00",1993,3,"₹ 50,00,000.00","₹ 56,250.00"
Karnataka,"Bangalore Med Coll, Bangalore",PSYCHIATRY,AIQ,"₹ 1,24,150.00",1993,3,"₹ 50,00,000.00","₹ 56,250.00"
Karnataka,"Bangalore Med Coll, Bangalore",ANAESTHESIOLOGY,AIQ,"₹ 1,24,150.00",1993,3,"₹ 50,00,000.00","₹ 56,250.00"
Karnataka,"Bangalore Med Coll, Bangalore",PHYSIOLOGY,AIQ,"₹ 41,650.00",1993,3,"₹ 50,00,000.00","₹ 56,250.00"
Karnataka,"Bangalore Med Coll, Bangalore",GENERAL SURGERY,AIQ,"₹ 1,24,150.00",1993,3,"₹ 50,00,000.00","₹ 56,250.00"
Karnataka,"Bangalore Med Coll, Bangalore",SPORTS MEDICINE,AIQ,"₹ 1,24,150.00",1993,3,"₹ 50,00,000.00","₹ 56,250.00"
Karnataka,"Bangalore Med Coll, Bangalore",GERIATRICS,AIQ,"₹ 1,24,150.00",1993,3,"₹ 50,00,000.00","₹ 56,250.00"
Karnataka,"Bangalore Med Coll, Bangalore",IHBT,AIQ,"₹ 1,24,150.00",1993,3,"₹ 50,00,000.00","₹ 56,250.00"
Karnataka,"Bangalore Med Coll, Bangalore",TBRD,AIQ,"₹ 1,24,150.00",1993,3,"₹ 50,00,000.00","₹ 56,250.00"
West Bengal,Bankura Sammilani Med Coll,ORTHOPAEDICS,AIQ,"₹ 12,000.00",1441,3,"₹ 30,00,000.00","₹ 49,884.00"
West Bengal,Bankura Sammilani Med Coll,FORENSIC MEDICINE,AIQ,"₹ 12,000.00",1441,3,"₹ 30,00,000.00","₹ 49,884.00"
West Bengal,Bankura Sammilani Med Coll,SPM,AIQ,"₹ 12,000.00",1441,3,"₹ 30,00,000.00","₹ 49,884.00"
West Bengal,Bankura Sammilani Med Coll,PATHOLOGY,AIQ,"₹ 12,000.00",1441,3,"₹ 30,00,000.00","₹ 49,884.00"
West Bengal,Bankura Sammilani Med Coll,ANAESTHESIOLOGY,AIQ,"₹ 12,000.00",1441,3,"₹ 30,00,000.00","₹ 49,884.00"
West Bengal,Bankura Sammilani Med Coll,ENT,AIQ,"₹ 12,000.00",1441,3,"₹ 30,00,000.00","₹ 49,884.00"
West Bengal,Bankura Sammilani Med Coll,OPHTHALMOLOGY,AIQ,"₹ 12,000.00",1441,3,"₹ 30,00,000.00","₹ 49,884.00"
West Bengal,Bankura Sammilani Med Coll,TBRD,AIQ,"₹ 12,000.00",1441,3,"₹ 30,00,000.00","₹ 49,884.00"
West Bengal,Bankura Sammilani Med Coll,ANATOMY,AIQ,"₹ 12,000.00",1441,3,"₹ 30,00,000.00","₹ 49,884.00"
West Bengal,Bankura Sammilani Med Coll,BIOCHEMISTRY,AIQ,"₹ 12,000.00",1441,3,"₹ 30,00,000.00","₹ 49,884.00"
West Bengal,Bankura Sammilani Med Coll,RADIO DIAGNOSIS,AIQ,"₹ 12,000.00",1441,3,"₹ 30,00,000.00","₹ 49,884.00"
West Bengal,Bankura Sammilani Med Coll,MICROBIOLOGY,AIQ,"₹ 12,000.00",1441,3,"₹ 30,00,000.00","₹ 49,884.00"
West Bengal,Bankura Sammilani Med Coll,PHARMACOLOGY,AIQ,"₹ 12,000.00",1441,3,"₹ 30,00,000.00","₹ 49,884.00"
West Bengal,Bankura Sammilani Med Coll,DERMATOLOGY,AIQ,"₹ 12,000.00",1441,3,"₹ 30,00,000.00","₹ 49,884.00"
West Bengal,Bankura Sammilani Med Coll,PHYSIOLOGY,AIQ,"₹ 12,000.00",1441,3,"₹ 30,00,000.00","₹ 49,884.00"
West Bengal,Bankura Sammilani Med Coll,GENERAL SURGERY,AIQ,"₹ 12,000.00",1441,3,"₹ 30,00,000.00","₹ 49,884.00"
West Bengal,Bankura Sammilani Med Coll,OBG,AIQ,"₹ 12,000.00",1441,3,"₹ 30,00,000.00","₹ 49,884.00"
West Bengal,Bankura Sammilani Med Coll,PAEDIATRICS,AIQ,"₹ 12,000.00",1441,3,"₹ 30,00,000.00","₹ 49,884.00"
West Bengal,Bankura Sammilani Med Coll,GENERAL MEDICINE,AIQ,"₹ 12,000.00",1441,3,"₹ 30,00,000.00","₹ 49,884.00"
Karnataka,"Belagavi IMS, Belagavi",GENERAL SURGERY,AIQ,"₹ 1,24,150.00",1000,3,"₹ 50,00,000.00","₹ 56,250.00"
Karnataka,"Belagavi IMS, Belagavi",ENT,AIQ,"₹ 1,24,150.00",1000,3,"₹ 50,00,000.00","₹ 56,250.00"
Karnataka,"Belagavi IMS, Belagavi",ORTHOPAEDICS,AIQ,"₹ 1,24,150.00",1000,3,"₹ 50,00,000.00","₹ 56,250.00"
Karnataka,"Belagavi IMS, Belagavi",ANAESTHESIOLOGY,AIQ,"₹ 1,24,150.00",1000,3,"₹ 50,00,000.00","₹ 56,250.00"
Karnataka,"Belagavi IMS, Belagavi",TBRD,AIQ,"₹ 1,24,150.00",1000,3,"₹ 50,00,000.00","₹ 56,250.00"
Karnataka,"Belagavi IMS, Belagavi",RADIO DIAGNOSIS,AIQ,"₹ 1,24,150.00",1000,3,"₹ 50,00,000.00","₹ 56,250.00"
Karnataka,"Belagavi IMS, Belagavi",OBG,AIQ,"₹ 1,24,150.00",1000,3,"₹ 50,00,000.00","₹ 56,250.00"
Karnataka,"Belagavi IMS, Belagavi",GENERAL MEDICINE,AIQ,"₹ 1,24,150.00",1000,3,"₹ 50,00,000.00","₹ 56,250.00"
Karnataka,"Belagavi IMS, Belagavi",PSYCHIATRY,AIQ,"₹ 1,24,150.00",1000,3,"₹ 50,00,000.00","₹ 56,250.00"
Karnataka,"Belagavi IMS, Belagavi",OPHTHALMOLOGY,AIQ,"₹ 1,24,150.00",1000,3,"₹ 50,00,000.00","₹ 56,250.00"
Karnataka,"Belagavi IMS, Belagavi",DERMATOLOGY,AIQ,"₹ 1,24,150.00",1000,3,"₹ 50,00,000.00","₹ 56,250.00"
Karnataka,"Belagavi IMS, Belagavi",PAEDIATRICS,AIQ,"₹ 1,24,150.00",1000,3,"₹ 50,00,000.00","₹ 56,250.00"
Karnataka,"Belagavi IMS, Belagavi",FORENSIC MEDICINE,AIQ,"₹ 69,150.00",1000,3,"₹ 50,00,000.00","₹ 56,250.00"
Karnataka,"Belagavi IMS, Belagavi",SPM,AIQ,"₹ 69,150.00",1000,3,"₹ 50,00,000.00","₹ 56,250.00"
Karnataka,"Belagavi IMS, Belagavi",PHARMACOLOGY,AIQ,"₹ 69,150.00",1000,3,"₹ 50,00,000.00","₹ 56,250.00"
Karnataka,"Belagavi IMS, Belagavi",PHYSIOLOGY,AIQ,"₹ 41,650.00",1000,3,"₹ 50,00,000.00","₹ 56,250.00"
Karnataka,"Belagavi IMS, Belagavi",ANATOMY,AIQ,"₹ 41,650.00",1000,3,"₹ 50,00,000.00","₹ 56,250.00"
Karnataka,"Belagavi IMS, Belagavi",BIOCHEMISTRY,AIQ,"₹ 41,650.00",1000,3,"₹ 50,00,000.00","₹ 56,250.00"
Karnataka,"Belagavi IMS, Belagavi",PATHOLOGY,AIQ,"₹ 69,150.00",1000,3,"₹ 50,00,000.00","₹ 56,250.00"
Karnataka,"Belagavi IMS, Belagavi",MICROBIOLOGY,AIQ,"₹ 69,150.00",1000,3,"₹ 50,00,000.00","₹ 56,250.00"
Maharashtra,"BARC, Mumbai",NUCLEAR MEDICINE,AIQ,"₹ 75,500.00",390,1,"₹ 25,00,000.00","₹ 72,000.00"
Madhya Pradesh,Bhopal Memorial Hosp & RC,PSYCHIATRY,AIQ,"₹ 1,27,420.00",350,1,"₹ 10,00,000.00","₹ 75,444.00"
Madhya Pradesh,Bhopal Memorial Hosp & RC,OPHTHALMOLOGY,AIQ,"₹ 1,27,420.00",350,1,"₹ 10,00,000.00","₹ 75,444.00"
Madhya Pradesh,Bhopal Memorial Hosp & RC,MICROBIOLOGY,AIQ,"₹ 1,27,420.00",350,1,"₹ 10,00,000.00","₹ 75,444.00"
Madhya Pradesh,Bhopal Memorial Hosp & RC,ANAESTHESIOLOGY,AIQ,"₹ 1,27,420.00",350,1,"₹ 10,00,000.00","₹ 75,444.00"
Madhya Pradesh,Bhopal Memorial Hosp & RC,NEUROSURGERY 6 YRS,AIQ,"₹ 1,27,420.00",350,1,"₹ 10,00,000.00","₹ 75,444.00"
Karnataka,"Bidar IMS, Bidar",BIOCHEMISTRY,AIQ,"₹ 41,650.00",500,3,"₹ 50,00,000.00","₹ 56,250.00"
Karnataka,"Bidar IMS, Bidar",FORENSIC MEDICINE,AIQ,"₹ 69,150.00",500,3,"₹ 50,00,000.00","₹ 56,250.00"
Karnataka,"Bidar IMS, Bidar",ANATOMY,AIQ,"₹ 41,650.00",500,3,"₹ 50,00,000.00","₹ 56,250.00"
Karnataka,"Bidar IMS, Bidar",PHARMACOLOGY,AIQ,"₹ 69,150.00",500,3,"₹ 50,00,000.00","₹ 56,250.00"
Karnataka,"Bidar IMS, Bidar",PHYSIOLOGY,AIQ,"₹ 41,650.00",500,3,"₹ 50,00,000.00","₹ 56,250.00"
Karnataka,"Bidar IMS, Bidar",ANAESTHESIOLOGY,AIQ,"₹ 1,24,150.00",500,3,"₹ 50,00,000.00","₹ 56,250.00"
Karnataka,"Bidar IMS, Bidar",GENERAL MEDICINE,AIQ,"₹ 1,24,150.00",500,3,"₹ 50,00,000.00","₹ 56,250.00"
Karnataka,"Bidar IMS, Bidar",MICROBIOLOGY,AIQ,"₹ 69,150.00",500,3,"₹ 50,00,000.00","₹ 56,250.00"
Karnataka,"Bidar IMS, Bidar",PAEDIATRICS,AIQ,"₹ 1,24,150.00",500,3,"₹ 50,00,000.00","₹ 56,250.00"
Karnataka,"Bidar IMS, Bidar",PATHOLOGY,AIQ,"₹ 69,150.00",500,3,"₹ 50,00,000.00","₹ 56,250.00"
Karnataka,"Bidar IMS, Bidar",SPM,AIQ,"₹ 69,150.00",500,3,"₹ 50,00,000.00","₹ 56,250.00"
Karnataka,"Bidar IMS, Bidar",GENERAL SURGERY,AIQ,"₹ 1,24,150.00",500,3,"₹ 50,00,000.00","₹ 56,250.00"
Karnataka,"Bidar IMS, Bidar",OBG,AIQ,"₹ 1,24,150.00",500,3,"₹ 50,00,000.00","₹ 56,250.00"
Karnataka,"Bidar IMS, Bidar",OPHTHALMOLOGY,AIQ,"₹ 1,24,150.00",500,3,"₹ 50,00,000.00","₹ 56,250.00"
Karnataka,"Bidar IMS, Bidar",ORTHOPAEDICS,AIQ,"₹ 1,24,150.00",500,3,"₹ 50,00,000.00","₹ 56,250.00"
Haryana,"BPS Govt Med Coll, Sonepat",FORENSIC MEDICINE,AIQ,"₹ 1,25,000.00",506,0,₹ 0.00,"₹ 1,00,980.00"
Haryana,"BPS Govt Med Coll, Sonepat",PHARMACOLOGY,AIQ,"₹ 1,25,000.00",506,0,₹ 0.00,"₹ 1,00,980.00"
Haryana,"BPS Govt Med Coll, Sonepat",PHYSIOLOGY,AIQ,"₹ 1,25,000.00",506,0,₹ 0.00,"₹ 1,00,980.00"
Haryana,"BPS Govt Med Coll, Sonepat",SPM,AIQ,"₹ 1,25,000.00",506,0,₹ 0.00,"₹ 1,00,980.00"
Haryana,"BPS Govt Med Coll, Sonepat",PATHOLOGY,AIQ,"₹ 1,25,000.00",506,0,₹ 0.00,"₹ 1,00,980.00"
Haryana,"BPS Govt Med Coll, Sonepat",BIOCHEMISTRY,AIQ,"₹ 1,25,000.00",506,0,₹ 0.00,"₹ 1,00,980.00"
Haryana,"BPS Govt Med Coll, Sonepat",ANATOMY,AIQ,"₹ 1,25,000.00",506,0,₹ 0.00,"₹ 1,00,980.00"
Uttar Pradesh,"BRD Med Coll, Gorakhpur",ANATOMY,AIQ,"₹ 40,000.00",1050,2,"₹ 40,00,000.00","₹ 1,00,980.00"
Uttar Pradesh,"BRD Med Coll, Gorakhpur",DCH,AIQ,"₹ 40,000.00",1050,2,"₹ 20,00,000.00","₹ 1,00,980.00"
Uttar Pradesh,"BRD Med Coll, Gorakhpur",OPHTHALMOLOGY,AIQ,"₹ 40,000.00",1050,2,"₹ 40,00,000.00","₹ 1,00,980.00"
Uttar Pradesh,"BRD Med Coll, Gorakhpur",SPM,AIQ,"₹ 40,000.00",1050,2,"₹ 40,00,000.00","₹ 1,00,980.00"
Uttar Pradesh,"BRD Med Coll, Gorakhpur",DORTHO,AIQ,"₹ 40,000.00",1050,2,"₹ 20,00,000.00","₹ 1,00,980.00"
Uttar Pradesh,"BRD Med Coll, Gorakhpur",DA,AIQ,"₹ 40,000.00",1050,2,"₹ 20,00,000.00","₹ 1,00,980.00"
Uttar Pradesh,"BRD Med Coll, Gorakhpur",OBG,AIQ,"₹ 40,000.00",1050,2,"₹ 40,00,000.00","₹ 1,00,980.00"
Uttar Pradesh,"BRD Med Coll, Gorakhpur",PHYSIOLOGY,AIQ,"₹ 40,000.00",1050,2,"₹ 40,00,000.00","₹ 1,00,980.00"
Uttar Pradesh,"BRD Med Coll, Gorakhpur",ANAESTHESIOLOGY,AIQ,"₹ 40,000.00",1050,2,"₹ 40,00,000.00","₹ 1,00,980.00"
Uttar Pradesh,"BRD Med Coll, Gorakhpur",PAEDIATRICS,AIQ,"₹ 40,000.00",1050,2,"₹ 40,00,000.00","₹ 1,00,980.00"
Uttar Pradesh,"BRD Med Coll, Gorakhpur",PATHOLOGY,AIQ,"₹ 40,000.00",1050,2,"₹ 40,00,000.00","₹ 1,00,980.00"
Uttar Pradesh,"BRD Med Coll, Gorakhpur",DGO,AIQ,"₹ 40,000.00",1050,2,"₹ 20,00,000.00","₹ 1,00,980.00"
Uttar Pradesh,"BRD Med Coll, Gorakhpur",DERMATOLOGY,AIQ,"₹ 40,000.00",1050,2,"₹ 40,00,000.00","₹ 1,00,980.00"
Uttar Pradesh,"BRD Med Coll, Gorakhpur",ORTHOPAEDICS,AIQ,"₹ 40,000.00",1050,2,"₹ 40,00,000.00","₹ 1,00,980.00"
Uttar Pradesh,"BRD Med Coll, Gorakhpur",ENT,AIQ,"₹ 40,000.00",1050,2,"₹ 40,00,000.00","₹ 1,00,980.00"
Uttar Pradesh,"BRD Med Coll, Gorakhpur",GENERAL SURGERY,AIQ,"₹ 40,000.00",1050,2,"₹ 40,00,000.00","₹ 1,00,980.00"
Uttar Pradesh,"BRD Med Coll, Gorakhpur",GENERAL MEDICINE,AIQ,"₹ 40,000.00",1050,2,"₹ 40,00,000.00","₹ 1,00,980.00"
Uttar Pradesh,"BRD Med Coll, Gorakhpur",PHARMACOLOGY,AIQ,"₹ 40,000.00",1050,2,"₹ 40,00,000.00","₹ 1,00,980.00"
Uttar Pradesh,"BRD Med Coll, Gorakhpur",RADIO DIAGNOSIS,AIQ,"₹ 40,000.00",1050,2,"₹ 40,00,000.00","₹ 1,00,980.00"
Uttar Pradesh,"BRD Med Coll, Gorakhpur",PSYCHIATRY,AIQ,"₹ 40,000.00",1050,2,"₹ 40,00,000.00","₹ 1,00,980.00"
Madhya Pradesh,"Bundelkhand Med Coll, Sagar",FORENSIC MEDICINE,AIQ,"₹ 1,01,500.00",750,1,"₹ 10,00,000.00","₹ 75,444.00"
Madhya Pradesh,"Bundelkhand Med Coll, Sagar",OPHTHALMOLOGY,AIQ,"₹ 1,01,500.00",750,1,"₹ 10,00,000.00","₹ 75,444.00"
Madhya Pradesh,"Bundelkhand Med Coll, Sagar",GENERAL SURGERY,AIQ,"₹ 1,01,500.00",750,1,"₹ 10,00,000.00","₹ 75,444.00"
Madhya Pradesh,"Bundelkhand Med Coll, Sagar",GENERAL MEDICINE,AIQ,"₹ 1,01,500.00",750,1,"₹ 10,00,000.00","₹ 75,444.00"
Madhya Pradesh,"Bundelkhand Med Coll, Sagar",PATHOLOGY,AIQ,"₹ 1,01,500.00",750,1,"₹ 10,00,000.00","₹ 75,444.00"
Madhya Pradesh,"Bundelkhand Med Coll, Sagar",ORTHOPAEDICS,AIQ,"₹ 1,01,500.00",750,1,"₹ 10,00,000.00","₹ 75,444.00"
Madhya Pradesh,"Bundelkhand Med Coll, Sagar",ANAESTHESIOLOGY,AIQ,"₹ 1,01,500.00",750,1,"₹ 10,00,000.00","₹ 75,444.00"
Madhya Pradesh,"Bundelkhand Med Coll, Sagar",PAEDIATRICS,AIQ,"₹ 1,01,500.00",750,1,"₹ 10,00,000.00","₹ 75,444.00"
Madhya Pradesh,"Bundelkhand Med Coll, Sagar",OBG,AIQ,"₹ 1,01,500.00",750,1,"₹ 10,00,000.00","₹ 75,444.00"
Madhya Pradesh,"Bundelkhand Med Coll, Sagar",MICROBIOLOGY,AIQ,"₹ 1,01,500.00",750,1,"₹ 10,00,000.00","₹ 75,444.00"
Madhya Pradesh,"Bundelkhand Med Coll, Sagar",BIOCHEMISTRY,AIQ,"₹ 1,01,500.00",750,1,"₹ 10,00,000.00","₹ 75,444.00"
Madhya Pradesh,"Bundelkhand Med Coll, Sagar",ENT,AIQ,"₹ 1,01,500.00",750,1,"₹ 10,00,000.00","₹ 75,444.00"
Madhya Pradesh,"Bundelkhand Med Coll, Sagar",SPM,AIQ,"₹ 1,01,500.00",750,1,"₹ 10,00,000.00","₹ 75,444.00"
Madhya Pradesh,"Bundelkhand Med Coll, Sagar",PHARMACOLOGY,AIQ,"₹ 1,01,500.00",750,1,"₹ 10,00,000.00","₹ 75,444.00"
Madhya Pradesh,"Bundelkhand Med Coll, Sagar",ANATOMY,AIQ,"₹ 1,01,500.00",750,1,"₹ 10,00,000.00","₹ 75,444.00"
Madhya Pradesh,"Bundelkhand Med Coll, Sagar",PHYSIOLOGY,AIQ,"₹ 1,01,500.00",750,1,"₹ 10,00,000.00","₹ 75,444.00"
Madhya Pradesh,"Bundelkhand Med Coll, Sagar",EMERGENCY MEDICINE,AIQ,"₹ 1,01,500.00",750,1,"₹ 10,00,000.00","₹ 75,444.00"
West Bengal,Burdwan Medical College,PHARMACOLOGY,AIQ,"₹ 12,000.00",1099,3,"₹ 30,00,000.00","₹ 49,884.00"
West Bengal,Burdwan Medical College,OBG,AIQ,"₹ 12,000.00",1099,3,"₹ 30,00,000.00","₹ 49,884.00"
West Bengal,Burdwan Medical College,DGO,AIQ,"₹ 12,000.00",1099,2,"₹ 20,00,000.00","₹ 49,884.00"
West Bengal,Burdwan Medical College,ANAESTHESIOLOGY,AIQ,"₹ 12,000.00",1099,3,"₹ 30,00,000.00","₹ 49,884.00"
West Bengal,Burdwan Medical College,DO,AIQ,"₹ 12,000.00",1099,2,"₹ 20,00,000.00","₹ 49,884.00"
West Bengal,Burdwan Medical College,ORTHOPAEDICS,AIQ,"₹ 12,000.00",1099,3,"₹ 30,00,000.00","₹ 49,884.00"
West Bengal,Burdwan Medical College,MICROBIOLOGY,AIQ,"₹ 12,000.00",1099,3,"₹ 30,00,000.00","₹ 49,884.00"
West Bengal,Burdwan Medical College,BIOCHEMISTRY,AIQ,"₹ 12,000.00",1099,3,"₹ 30,00,000.00","₹ 49,884.00"
West Bengal,Burdwan Medical College,PAEDIATRICS,AIQ,"₹ 12,000.00",1099,3,"₹ 30,00,000.00","₹ 49,884.00"
West Bengal,Burdwan Medical College,ANATOMY,AIQ,"₹ 12,000.00",1099,3,"₹ 30,00,000.00","₹ 49,884.00"
West Bengal,Burdwan Medical College,RADIATION ONCOLOGY,AIQ,"₹ 12,000.00",1099,3,"₹ 30,00,000.00","₹ 49,884.00"
West Bengal,Burdwan Medical College,RADIO DIAGNOSIS,AIQ,"₹ 12,000.00",1099,3,"₹ 30,00,000.00","₹ 49,884.00"
West Bengal,Burdwan Medical College,FORENSIC MEDICINE,AIQ,"₹ 12,000.00",1099,3,"₹ 30,00,000.00","₹ 49,884.00"
West Bengal,Burdwan Medical College,PSYCHIATRY,AIQ,"₹ 12,000.00",1099,3,"₹ 30,00,000.00","₹ 49,884.00"
West Bengal,Burdwan Medical College,GENERAL MEDICINE,AIQ,"₹ 12,000.00",1099,3,"₹ 30,00,000.00","₹ 49,884.00"
West Bengal,Burdwan Medical College,OPHTHALMOLOGY,AIQ,"₹ 12,000.00",1099,3,"₹ 30,00,000.00","₹ 49,884.00"
West Bengal,Burdwan Medical College,DERMATOLOGY,AIQ,"₹ 12,000.00",1099,3,"₹ 30,00,000.00","₹ 49,884.00"
West Bengal,Burdwan Medical College,SPM,AIQ,"₹ 12,000.00",1099,3,"₹ 30,00,000.00","₹ 49,884.00"
West Bengal,Burdwan Medical College,TBRD,AIQ,"₹ 12,000.00",1099,3,"₹ 30,00,000.00","₹ 49,884.00"
West Bengal,Burdwan Medical College,GENERAL SURGERY,AIQ,"₹ 12,000.00",1099,3,"₹ 30,00,000.00","₹ 49,884.00"
West Bengal,Burdwan Medical College,PATHOLOGY,AIQ,"₹ 12,000.00",1099,3,"₹ 30,00,000.00","₹ 49,884.00"
West Bengal,Burdwan Medical College,PHYSIOLOGY,AIQ,"₹ 12,000.00",1099,3,"₹ 30,00,000.00","₹ 49,884.00"
West Bengal,Burdwan Medical College,ENT,AIQ,"₹ 12,000.00",1099,3,"₹ 30,00,000.00","₹ 49,884.00"
West Bengal,Calcutta National Med Coll,OBG,AIQ,"₹ 12,000.00",1470,3,"₹ 30,00,000.00","₹ 49,884.00"
West Bengal,Calcutta National Med Coll,BIOCHEMISTRY,AIQ,"₹ 12,000.00",1470,3,"₹ 30,00,000.00","₹ 49,884.00"
West Bengal,Calcutta National Med Coll,DA,AIQ,"₹ 12,000.00",1470,2,"₹ 20,00,000.00","₹ 49,884.00"
West Bengal,Calcutta National Med Coll,TBRD,AIQ,"₹ 12,000.00",1470,3,"₹ 30,00,000.00","₹ 49,884.00"
West Bengal,Calcutta National Med Coll,GENERAL SURGERY,AIQ,"₹ 12,000.00",1470,3,"₹ 30,00,000.00","₹ 49,884.00"
West Bengal,Calcutta National Med Coll,PATHOLOGY,AIQ,"₹ 12,000.00",1470,3,"₹ 30,00,000.00","₹ 49,884.00"
West Bengal,Calcutta National Med Coll,GENERAL MEDICINE,AIQ,"₹ 12,000.00",1470,3,"₹ 30,00,000.00","₹ 49,884.00"
West Bengal,Calcutta National Med Coll,PHARMACOLOGY,AIQ,"₹ 12,000.00",1470,3,"₹ 30,00,000.00","₹ 49,884.00"
West Bengal,Calcutta National Med Coll,PHYSIOLOGY,AIQ,"₹ 12,000.00",1470,3,"₹ 30,00,000.00","₹ 49,884.00"
West Bengal,Calcutta National Med Coll,SPM,AIQ,"₹ 12,000.00",1470,3,"₹ 30,00,000.00","₹ 49,884.00"
West Bengal,Calcutta National Med Coll,DERMATOLOGY,AIQ,"₹ 12,000.00",1470,3,"₹ 30,00,000.00","₹ 49,884.00"
West Bengal,Calcutta National Med Coll,ANATOMY,AIQ,"₹ 12,000.00",1470,3,"₹ 30,00,000.00","₹ 49,884.00"
West Bengal,Calcutta National Med Coll,MICROBIOLOGY,AIQ,"₹ 12,000.00",1470,3,"₹ 30,00,000.00","₹ 49,884.00"
West Bengal,Calcutta National Med Coll,PSYCHIATRY,AIQ,"₹ 12,000.00",1470,3,"₹ 30,00,000.00","₹ 49,884.00"
West Bengal,Calcutta National Med Coll,ANAESTHESIOLOGY,AIQ,"₹ 12,000.00",1470,3,"₹ 30,00,000.00","₹ 49,884.00"
West Bengal,Calcutta National Med Coll,ORTHOPAEDICS,AIQ,"₹ 12,000.00",1470,3,"₹ 30,00,000.00","₹ 49,884.00"
West Bengal,Calcutta National Med Coll,OPHTHALMOLOGY,AIQ,"₹ 12,000.00",1470,3,"₹ 30,00,000.00","₹ 49,884.00"
West Bengal,Calcutta National Med Coll,ENT,AIQ,"₹ 12,000.00",1470,3,"₹ 30,00,000.00","₹ 49,884.00"
West Bengal,Calcutta National Med Coll,PAEDIATRICS,AIQ,"₹ 12,000.00",1470,3,"₹ 30,00,000.00","₹ 49,884.00"
Jharkhand,"CIP, Ranchi",PSYCHIATRY,AIQ,"₹ 3,000.00",643,0,₹ 0.00,"₹ 1,00,706.00"
Delhi,"Chacha Nehru Bal Chikit, Delhi",PAEDIATRICS,AIQ,"₹ 18,000.00",221,0,₹ 0.00,"₹ 1,10,652.00"
Karnataka,"Chamrajanagar IMS, Karnataka",OBG,AIQ,"₹ 1,24,150.00",750,3,"₹ 50,00,000.00","₹ 56,250.00"
Karnataka,"Chamrajanagar IMS, Karnataka",MICROBIOLOGY,AIQ,"₹ 69,150.00",750,3,"₹ 50,00,000.00","₹ 56,250.00"
Karnataka,"Chamrajanagar IMS, Karnataka",PATHOLOGY,AIQ,"₹ 69,150.00",750,3,"₹ 50,00,000.00","₹ 56,250.00"
Karnataka,"Chamrajanagar IMS, Karnataka",ANAESTHESIOLOGY,AIQ,"₹ 1,24,150.00",750,3,"₹ 50,00,000.00","₹ 56,250.00"
Karnataka,"Chamrajanagar IMS, Karnataka",GENERAL SURGERY,AIQ,"₹ 1,24,150.00",750,3,"₹ 50,00,000.00","₹ 56,250.00"
Karnataka,"Chamrajanagar IMS, Karnataka",ORTHOPAEDICS,AIQ,"₹ 1,24,150.00",750,3,"₹ 50,00,000.00","₹ 56,250.00"
Karnataka,"Chamrajanagar IMS, Karnataka",SPM,AIQ,"₹ 69,150.00",750,3,"₹ 50,00,000.00","₹ 56,250.00"
Karnataka,"Chamrajanagar IMS, Karnataka",BIOCHEMISTRY,AIQ,"₹ 41,650.00",750,3,"₹ 50,00,000.00","₹ 56,250.00"
Karnataka,"Chamrajanagar IMS, Karnataka",ENT,AIQ,"₹ 1,24,150.00",750,3,"₹ 50,00,000.00","₹ 56,250.00"
Karnataka,"Chamrajanagar IMS, Karnataka",OPHTHALMOLOGY,AIQ,"₹ 1,24,150.00",750,3,"₹ 50,00,000.00","₹ 56,250.00"
Karnataka,"Chamrajanagar IMS, Karnataka",GENERAL MEDICINE,AIQ,"₹ 1,24,150.00",750,3,"₹ 50,00,000.00","₹ 56,250.00"
Tamil Nadu,Chengalpattu Med Coll,OBG,AIQ,"₹ 50,000.00",700,2,"₹ 40,00,000.00","₹ 52,451.00"
Tamil Nadu,Chengalpattu Med Coll,GENERAL MEDICINE,AIQ,"₹ 50,000.00",700,2,"₹ 40,00,000.00","₹ 52,451.00"
Tamil Nadu,Chengalpattu Med Coll,DERMATOLOGY,AIQ,"₹ 50,000.00",700,2,"₹ 40,00,000.00","₹ 52,451.00"
Tamil Nadu,Chengalpattu Med Coll,ANAESTHESIOLOGY,AIQ,"₹ 50,000.00",700,2,"₹ 40,00,000.00","₹ 52,451.00"
Andhra Pradesh,"SVIMS, Tirupati",GENERAL SURGERY,AIQ,"₹ 2,11,600.00",1257,1,"₹ 40,00,000.00","₹ 80,904.00"
Tamil Nadu,Chengalpattu Med Coll,PAEDIATRICS,AIQ,"₹ 50,000.00",700,2,"₹ 40,00,000.00","₹ 52,451.00"
Tamil Nadu,Chengalpattu Med Coll,TBRD,AIQ,"₹ 50,000.00",700,2,"₹ 40,00,000.00","₹ 52,451.00"
Tamil Nadu,Chengalpattu Med Coll,GENERAL SURGERY,AIQ,"₹ 50,000.00",700,2,"₹ 40,00,000.00","₹ 52,451.00"
Tamil Nadu,Chengalpattu Med Coll,EMERGENCY MEDICINE,AIQ,"₹ 50,000.00",700,2,"₹ 40,00,000.00","₹ 52,451.00"
Tamil Nadu,Chengalpattu Med Coll,FORENSIC MEDICINE,AIQ,"₹ 50,000.00",700,2,"₹ 40,00,000.00","₹ 52,451.00"
Tamil Nadu,Chengalpattu Med Coll,RADIATION ONCOLOGY,AIQ,"₹ 50,000.00",700,2,"₹ 40,00,000.00","₹ 52,451.00"
Tamil Nadu,Chengalpattu Med Coll,BIOCHEMISTRY,AIQ,"₹ 50,000.00",700,2,"₹ 40,00,000.00","₹ 52,451.00"
Tamil Nadu,Chengalpattu Med Coll,ORTHOPAEDICS,AIQ,"₹ 50,000.00",700,2,"₹ 40,00,000.00","₹ 52,451.00"
Tamil Nadu,Chengalpattu Med Coll,OPHTHALMOLOGY,AIQ,"₹ 50,000.00",700,2,"₹ 40,00,000.00","₹ 52,451.00"
Tamil Nadu,Chengalpattu Med Coll,SPM,AIQ,"₹ 50,000.00",700,2,"₹ 40,00,000.00","₹ 52,451.00"
Tamil Nadu,Chengalpattu Med Coll,ENT,AIQ,"₹ 50,000.00",700,2,"₹ 40,00,000.00","₹ 52,451.00"
Tamil Nadu,Chengalpattu Med Coll,PSYCHIATRY,AIQ,"₹ 50,000.00",700,2,"₹ 40,00,000.00","₹ 52,451.00"
Tamil Nadu,Chengalpattu Med Coll,PHARMACOLOGY,AIQ,"₹ 50,000.00",700,2,"₹ 40,00,000.00","₹ 52,451.00"
Tamil Nadu,Chengalpattu Med Coll,PHYSIOLOGY,AIQ,"₹ 50,000.00",700,2,"₹ 40,00,000.00","₹ 52,451.00"
Tamil Nadu,Chengalpattu Med Coll,MICROBIOLOGY,AIQ,"₹ 50,000.00",700,2,"₹ 40,00,000.00","₹ 52,451.00"
Tamil Nadu,Chengalpattu Med Coll,PATHOLOGY,AIQ,"₹ 50,000.00",700,2,"₹ 40,00,000.00","₹ 52,451.00"
Chhattisgarh,"CIMS, Bilaspur",DERMATOLOGY,AIQ,"₹ 20,000.00",550,2,"₹ 50,00,000.00","₹ 67,500.00"
Chhattisgarh,"CIMS, Bilaspur",OBG,AIQ,"₹ 20,000.00",550,2,"₹ 50,00,000.00","₹ 67,500.00"
Chhattisgarh,"CIMS, Bilaspur",ANAESTHESIOLOGY,AIQ,"₹ 20,000.00",550,2,"₹ 50,00,000.00","₹ 67,500.00"
Chhattisgarh,"CIMS, Bilaspur",PATHOLOGY,AIQ,"₹ 20,000.00",550,2,"₹ 50,00,000.00","₹ 67,500.00"
Chhattisgarh,"CIMS, Bilaspur",PSYCHIATRY,AIQ,"₹ 20,000.00",550,2,"₹ 50,00,000.00","₹ 67,500.00"
Chhattisgarh,"CIMS, Bilaspur",GENERAL MEDICINE,AIQ,"₹ 20,000.00",550,2,"₹ 50,00,000.00","₹ 67,500.00"
Chhattisgarh,"CIMS, Bilaspur",MICROBIOLOGY,AIQ,"₹ 20,000.00",550,2,"₹ 50,00,000.00","₹ 67,500.00"
Chhattisgarh,"CIMS, Bilaspur",PAEDIATRICS,AIQ,"₹ 20,000.00",550,2,"₹ 50,00,000.00","₹ 67,500.00"
Chhattisgarh,"CIMS, Bilaspur",OPHTHALMOLOGY,AIQ,"₹ 20,000.00",550,2,"₹ 50,00,000.00","₹ 67,500.00"
Chhattisgarh,"CIMS, Bilaspur",PHARMACOLOGY,AIQ,"₹ 20,000.00",550,2,"₹ 50,00,000.00","₹ 67,500.00"
Chhattisgarh,"CIMS, Bilaspur",ENT,AIQ,"₹ 20,000.00",550,2,"₹ 50,00,000.00","₹ 67,500.00"
Chhattisgarh,"CIMS, Bilaspur",BIOCHEMISTRY,AIQ,"₹ 20,000.00",550,2,"₹ 50,00,000.00","₹ 67,500.00"
Chhattisgarh,"CIMS, Bilaspur",FORENSIC MEDICINE,AIQ,"₹ 20,000.00",550,2,"₹ 50,00,000.00","₹ 67,500.00"
Chhattisgarh,"CIMS, Bilaspur",SPM,AIQ,"₹ 20,000.00",550,2,"₹ 50,00,000.00","₹ 67,500.00"
Chhattisgarh,"CIMS, Bilaspur",ANATOMY,AIQ,"₹ 20,000.00",550,2,"₹ 50,00,000.00","₹ 67,500.00"
Chhattisgarh,"CIMS, Bilaspur",GENERAL SURGERY,AIQ,"₹ 20,000.00",550,2,"₹ 50,00,000.00","₹ 67,500.00"
Chhattisgarh,"CIMS, Bilaspur",ORTHOPAEDICS,AIQ,"₹ 20,000.00",550,2,"₹ 50,00,000.00","₹ 67,500.00"
West Bengal,"Chittaranjan CancerInst,Kolkata",LAB MEDICINE,AIQ,"₹ 12,000.00",670,1,"₹ 10,00,000.00","₹ 49,884.00"
West Bengal,"Chittaranjan CancerInst,Kolkata",RADIATION ONCOLOGY,AIQ,"₹ 12,000.00",670,1,"₹ 10,00,000.00","₹ 49,884.00"
West Bengal,"Chittaranjan CancerInst,Kolkata",ANAESTHESIOLOGY,AIQ,"₹ 12,000.00",670,1,"₹ 10,00,000.00","₹ 49,884.00"
West Bengal,"Chittaranjan CancerInst,Kolkata",RADIO DIAGNOSIS,AIQ,"₹ 12,000.00",670,1,"₹ 10,00,000.00","₹ 49,884.00"
West Bengal,"Chittaranjan Seva, Kolkata",PAEDIATRICS,AIQ,"₹ 12,000.00",NA,3,"₹ 30,00,000.00","₹ 49,884.00"
West Bengal,"Chittaranjan Seva, Kolkata",OBG,AIQ,"₹ 12,000.00",NA,3,"₹ 30,00,000.00","₹ 49,884.00"
Tamil Nadu,Coimbatore Med Coll,DERMATOLOGY,AIQ,"₹ 50,000.00",1182,2,"₹ 40,00,000.00","₹ 52,451.00"
Tamil Nadu,Coimbatore Med Coll,PAEDIATRICS,AIQ,"₹ 50,000.00",1182,2,"₹ 40,00,000.00","₹ 52,451.00"
Tamil Nadu,Coimbatore Med Coll,ORTHOPAEDICS,AIQ,"₹ 50,000.00",1182,2,"₹ 40,00,000.00","₹ 52,451.00"
Tamil Nadu,Coimbatore Med Coll,OBG,AIQ,"₹ 50,000.00",1182,2,"₹ 40,00,000.00","₹ 52,451.00"
Tamil Nadu,Coimbatore Med Coll,ENT,AIQ,"₹ 50,000.00",1182,2,"₹ 40,00,000.00","₹ 52,451.00"
Tamil Nadu,Coimbatore Med Coll,PATHOLOGY,AIQ,"₹ 50,000.00",1182,2,"₹ 40,00,000.00","₹ 52,451.00"
Tamil Nadu,Coimbatore Med Coll,GENERAL SURGERY,AIQ,"₹ 50,000.00",1182,2,"₹ 40,00,000.00","₹ 52,451.00"
Tamil Nadu,Coimbatore Med Coll,GENERAL MEDICINE,AIQ,"₹ 50,000.00",1182,2,"₹ 40,00,000.00","₹ 52,451.00"
Tamil Nadu,Coimbatore Med Coll,PHYSIOLOGY,AIQ,"₹ 50,000.00",1182,2,"₹ 40,00,000.00","₹ 52,451.00"
Tamil Nadu,Coimbatore Med Coll,MICROBIOLOGY,AIQ,"₹ 50,000.00",1182,2,"₹ 40,00,000.00","₹ 52,451.00"
Tamil Nadu,Coimbatore Med Coll,OPHTHALMOLOGY,AIQ,"₹ 50,000.00",1182,2,"₹ 40,00,000.00","₹ 52,451.00"
Tamil Nadu,Coimbatore Med Coll,EMERGENCY MEDICINE,AIQ,"₹ 50,000.00",1182,2,"₹ 40,00,000.00","₹ 52,451.00"
Tamil Nadu,Coimbatore Med Coll,PSYCHIATRY,AIQ,"₹ 50,000.00",1182,2,"₹ 40,00,000.00","₹ 52,451.00"
Tamil Nadu,Coimbatore Med Coll,TBRD,AIQ,"₹ 50,000.00",1182,2,"₹ 40,00,000.00","₹ 52,451.00"
Tamil Nadu,Coimbatore Med Coll,FORENSIC MEDICINE,AIQ,"₹ 50,000.00",1182,2,"₹ 40,00,000.00","₹ 52,451.00"
Tamil Nadu,Coimbatore Med Coll,PHARMACOLOGY,AIQ,"₹ 50,000.00",1182,2,"₹ 40,00,000.00","₹ 52,451.00"
Tamil Nadu,Coimbatore Med Coll,BIOCHEMISTRY,AIQ,"₹ 50,000.00",1182,2,"₹ 40,00,000.00","₹ 52,451.00"
Tamil Nadu,Coimbatore Med Coll,ANAESTHESIOLOGY,AIQ,"₹ 50,000.00",1182,2,"₹ 40,00,000.00","₹ 52,451.00"
Tamil Nadu,Coimbatore Med Coll,RADIO DIAGNOSIS,AIQ,"₹ 50,000.00",1182,2,"₹ 40,00,000.00","₹ 52,451.00"
West Bengal,"College of Med & JNM, Kalyani",PHARMACOLOGY,AIQ,"₹ 12,000.00",450,3,"₹ 30,00,000.00","₹ 49,884.00"
West Bengal,"College of Med & JNM, Kalyani",GENERAL SURGERY,AIQ,"₹ 12,000.00",450,3,"₹ 30,00,000.00","₹ 49,884.00"
West Bengal,"College of Med & JNM, Kalyani",MICROBIOLOGY,AIQ,"₹ 12,000.00",450,3,"₹ 30,00,000.00","₹ 49,884.00"
West Bengal,"College of Med & JNM, Kalyani",FORENSIC MEDICINE,AIQ,"₹ 12,000.00",450,3,"₹ 30,00,000.00","₹ 49,884.00"
West Bengal,"College of Med & JNM, Kalyani",PHYSIOLOGY,AIQ,"₹ 12,000.00",450,3,"₹ 30,00,000.00","₹ 49,884.00"
West Bengal,"College of Med & JNM, Kalyani",PSYCHIATRY,AIQ,"₹ 12,000.00",450,3,"₹ 30,00,000.00","₹ 49,884.00"
West Bengal,"College of Med & JNM, Kalyani",ANATOMY,AIQ,"₹ 12,000.00",450,3,"₹ 30,00,000.00","₹ 49,884.00"
West Bengal,"College of Med & JNM, Kalyani",ENT,AIQ,"₹ 12,000.00",450,3,"₹ 30,00,000.00","₹ 49,884.00"
West Bengal,"College of Med & JNM, Kalyani",ANAESTHESIOLOGY,AIQ,"₹ 12,000.00",450,3,"₹ 30,00,000.00","₹ 49,884.00"
West Bengal,"College of Med & JNM, Kalyani",SPM,AIQ,"₹ 12,000.00",450,3,"₹ 30,00,000.00","₹ 49,884.00"
West Bengal,"College of Med & JNM, Kalyani",OBG,AIQ,"₹ 12,000.00",450,3,"₹ 30,00,000.00","₹ 49,884.00"
West Bengal,"College of Med & SDH, Kolkata",MICROBIOLOGY,AIQ,"₹ 12,000.00",500,3,"₹ 30,00,000.00","₹ 49,884.00"
West Bengal,"College of Med & SDH, Kolkata",PATHOLOGY,AIQ,"₹ 12,000.00",500,3,"₹ 30,00,000.00","₹ 49,884.00"
West Bengal,"College of Med & SDH, Kolkata",GENERAL MEDICINE,AIQ,"₹ 12,000.00",500,3,"₹ 30,00,000.00","₹ 49,884.00"
West Bengal,"College of Med & SDH, Kolkata",PAEDIATRICS,AIQ,"₹ 12,000.00",500,3,"₹ 30,00,000.00","₹ 49,884.00"
West Bengal,"College of Med & SDH, Kolkata",ANAESTHESIOLOGY,AIQ,"₹ 12,000.00",500,3,"₹ 30,00,000.00","₹ 49,884.00"
West Bengal,"College of Med & SDH, Kolkata",PSYCHIATRY,AIQ,"₹ 12,000.00",500,3,"₹ 30,00,000.00","₹ 49,884.00"
West Bengal,"College of Med & SDH, Kolkata",TBRD,AIQ,"₹ 12,000.00",500,3,"₹ 30,00,000.00","₹ 49,884.00"
West Bengal,"College of Med & SDH, Kolkata",SPM,AIQ,"₹ 12,000.00",500,3,"₹ 30,00,000.00","₹ 49,884.00"
West Bengal,"College of Med & SDH, Kolkata",OBG,AIQ,"₹ 12,000.00",500,3,"₹ 30,00,000.00","₹ 49,884.00"
West Bengal,"College of Med & SDH, Kolkata",OPHTHALMOLOGY,AIQ,"₹ 12,000.00",500,3,"₹ 30,00,000.00","₹ 49,884.00"
West Bengal,"College of Med & SDH, Kolkata",BIOCHEMISTRY,AIQ,"₹ 12,000.00",500,3,"₹ 30,00,000.00","₹ 49,884.00"
West Bengal,"College of Med & SDH, Kolkata",PHARMACOLOGY,AIQ,"₹ 12,000.00",500,3,"₹ 30,00,000.00","₹ 49,884.00"
Bihar,"Darbhanga, Lehriasarai",SPM,AIQ,"₹ 9,000.00",1030,3,"₹ 25,00,000.00","₹ 82,000.00"
Bihar,"Darbhanga, Lehriasarai",RADIO DIAGNOSIS,AIQ,"₹ 9,000.00",1030,3,"₹ 25,00,000.00","₹ 82,000.00"
Bihar,"Darbhanga, Lehriasarai",FORENSIC MEDICINE,AIQ,"₹ 9,000.00",1030,3,"₹ 25,00,000.00","₹ 82,000.00"
Bihar,"Darbhanga, Lehriasarai",DA,AIQ,"₹ 9,000.00",1030,3,"₹ 25,00,000.00","₹ 82,000.00"
Bihar,"Darbhanga, Lehriasarai",GENERAL MEDICINE,AIQ,"₹ 9,000.00",1030,3,"₹ 25,00,000.00","₹ 82,000.00"
Bihar,"Darbhanga, Lehriasarai",ORTHOPAEDICS,AIQ,"₹ 9,000.00",1030,3,"₹ 25,00,000.00","₹ 82,000.00"
Bihar,"Darbhanga, Lehriasarai",PAEDIATRICS,AIQ,"₹ 9,000.00",1030,3,"₹ 25,00,000.00","₹ 82,000.00"
Bihar,"Darbhanga, Lehriasarai",OBG,AIQ,"₹ 9,000.00",1030,3,"₹ 25,00,000.00","₹ 82,000.00"
Bihar,"Darbhanga, Lehriasarai",ANATOMY,AIQ,"₹ 9,000.00",1030,3,"₹ 25,00,000.00","₹ 82,000.00"
Bihar,"Darbhanga, Lehriasarai",ENT,AIQ,"₹ 9,000.00",1030,3,"₹ 25,00,000.00","₹ 82,000.00"
Bihar,"Darbhanga, Lehriasarai",BIOCHEMISTRY,AIQ,"₹ 9,000.00",1030,3,"₹ 25,00,000.00","₹ 82,000.00"
Bihar,"Darbhanga, Lehriasarai",PHYSIOLOGY,AIQ,"₹ 9,000.00",1030,3,"₹ 25,00,000.00","₹ 82,000.00"
Bihar,"Darbhanga, Lehriasarai",GENERAL SURGERY,AIQ,"₹ 9,000.00",1030,3,"₹ 25,00,000.00","₹ 82,000.00"
Bihar,"Darbhanga, Lehriasarai",PATHOLOGY,AIQ,"₹ 9,000.00",1030,3,"₹ 25,00,000.00","₹ 82,000.00"
Bihar,"Darbhanga, Lehriasarai",ANAESTHESIOLOGY,AIQ,"₹ 9,000.00",1030,3,"₹ 25,00,000.00","₹ 82,000.00"
Bihar,"Darbhanga, Lehriasarai",OPHTHALMOLOGY,AIQ,"₹ 9,000.00",1030,3,"₹ 25,00,000.00","₹ 82,000.00"
Bihar,"Darbhanga, Lehriasarai",MICROBIOLOGY,AIQ,"₹ 9,000.00",1030,3,"₹ 25,00,000.00","₹ 82,000.00"
Bihar,"Darbhanga, Lehriasarai",PHARMACOLOGY,AIQ,"₹ 9,000.00",1030,3,"₹ 25,00,000.00","₹ 82,000.00"
Bihar,"Darbhanga, Lehriasarai",TBRD,AIQ,"₹ 9,000.00",1030,3,"₹ 25,00,000.00","₹ 82,000.00"
Karnataka,"Dharward IMHANS, Dharwad",PSYCHIATRY,AIQ,"₹ 1,24,150.00",375,3,"₹ 50,00,000.00","₹ 56,250.00"
Uttarakhand,"Doon Med Coll, Dehradun",PATHOLOGY,AIQ,"₹ 60,000.00",436,2,"₹ 2,50,00,000.00","₹ 71,257.00"
Uttarakhand,"Doon Med Coll, Dehradun",ANAESTHESIOLOGY,AIQ,"₹ 60,000.00",436,2,"₹ 2,50,00,000.00","₹ 71,257.00"
Uttarakhand,"Doon Med Coll, Dehradun",ENT,AIQ,"₹ 60,000.00",436,2,"₹ 2,50,00,000.00","₹ 71,257.00"
Uttarakhand,"Doon Med Coll, Dehradun",OBG,AIQ,"₹ 60,000.00",436,2,"₹ 2,50,00,000.00","₹ 71,257.00"
Uttarakhand,"Doon Med Coll, Dehradun",GENERAL SURGERY,AIQ,"₹ 60,000.00",436,2,"₹ 2,50,00,000.00","₹ 71,257.00"
Uttarakhand,"Doon Med Coll, Dehradun",BIOCHEMISTRY,AIQ,"₹ 1,00,000.00",436,0,₹ 0.00,"₹ 71,257.00"
Uttarakhand,"Doon Med Coll, Dehradun",ORTHOPAEDICS,AIQ,"₹ 60,000.00",436,2,"₹ 2,50,00,000.00","₹ 71,257.00"
Andhra Pradesh,"SVIMS, Tirupati",NUCLEAR MEDICINE,AIQ,"₹ 2,11,600.00",1257,1,"₹ 40,00,000.00","₹ 80,904.00"
Uttarakhand,"Doon Med Coll, Dehradun",GENERAL MEDICINE,AIQ,"₹ 60,000.00",436,2,"₹ 2,50,00,000.00","₹ 71,257.00"
Uttarakhand,"Doon Med Coll, Dehradun",OPHTHALMOLOGY,AIQ,"₹ 60,000.00",436,2,"₹ 2,50,00,000.00","₹ 71,257.00"
Uttarakhand,"Doon Med Coll, Dehradun",FORENSIC MEDICINE,AIQ,"₹ 1,00,000.00",436,0,₹ 0.00,"₹ 71,257.00"
Uttarakhand,"Doon Med Coll, Dehradun",ANATOMY,AIQ,"₹ 1,00,000.00",436,0,₹ 0.00,"₹ 71,257.00"
Uttarakhand,"Doon Med Coll, Dehradun",PHARMACOLOGY,AIQ,"₹ 1,00,000.00",436,0,₹ 0.00,"₹ 71,257.00"
Uttarakhand,"Doon Med Coll, Dehradun",PHYSIOLOGY,AIQ,"₹ 1,00,000.00",436,0,₹ 0.00,"₹ 71,257.00"
Uttarakhand,"Doon Med Coll, Dehradun",SPM,AIQ,"₹ 1,00,000.00",436,0,₹ 0.00,"₹ 71,257.00"
Uttarakhand,"Doon Med Coll, Dehradun",MICROBIOLOGY,AIQ,"₹ 1,00,000.00",436,0,₹ 0.00,"₹ 71,257.00"
Uttarakhand,"Doon Med Coll, Dehradun",PAEDIATRICS,AIQ,"₹ 60,000.00",436,2,"₹ 2,50,00,000.00","₹ 71,257.00"
Rajasthan,"SNMC, Jodhpur",ANAESTHESIOLOGY,AIQ,"₹ 12,812.00",3101,2,"₹ 25,00,000.00","₹ 82,800.00"
Rajasthan,"SNMC, Jodhpur",PATHOLOGY,AIQ,"₹ 12,812.00",3101,2,"₹ 25,00,000.00","₹ 82,800.00"
Rajasthan,"SNMC, Jodhpur",ANATOMY,AIQ,"₹ 12,812.00",3101,2,"₹ 25,00,000.00","₹ 82,800.00"
Rajasthan,"SNMC, Jodhpur",FORENSIC MEDICINE,AIQ,"₹ 12,812.00",3101,2,"₹ 25,00,000.00","₹ 82,800.00"
Rajasthan,"SNMC, Jodhpur",DERMATOLOGY,AIQ,"₹ 12,812.00",3101,2,"₹ 25,00,000.00","₹ 82,800.00"
Rajasthan,"SNMC, Jodhpur",PHARMACOLOGY,AIQ,"₹ 12,812.00",3101,2,"₹ 25,00,000.00","₹ 82,800.00"
Rajasthan,"SNMC, Jodhpur",OBG,AIQ,"₹ 12,812.00",3101,2,"₹ 25,00,000.00","₹ 82,800.00"
Rajasthan,"SNMC, Jodhpur",MICROBIOLOGY,AIQ,"₹ 12,812.00",3101,2,"₹ 25,00,000.00","₹ 82,800.00"
Rajasthan,"SNMC, Jodhpur",PAEDIATRICS,AIQ,"₹ 12,812.00",3101,2,"₹ 25,00,000.00","₹ 82,800.00"
Rajasthan,"SNMC, Jodhpur",GENERAL MEDICINE,AIQ,"₹ 12,812.00",3101,2,"₹ 25,00,000.00","₹ 82,800.00"
Rajasthan,"SNMC, Jodhpur",RADIATION ONCOLOGY,AIQ,"₹ 12,812.00",3101,2,"₹ 25,00,000.00","₹ 82,800.00"
Rajasthan,"SNMC, Jodhpur",OPHTHALMOLOGY,AIQ,"₹ 12,812.00",3101,2,"₹ 25,00,000.00","₹ 82,800.00"
Rajasthan,"SNMC, Jodhpur",TBRD,AIQ,"₹ 12,812.00",3101,2,"₹ 25,00,000.00","₹ 82,800.00"
Rajasthan,"SNMC, Jodhpur",RADIO DIAGNOSIS,AIQ,"₹ 12,812.00",3101,2,"₹ 25,00,000.00","₹ 82,800.00"
Rajasthan,"SNMC, Jodhpur",SPM,AIQ,"₹ 12,812.00",3101,2,"₹ 25,00,000.00","₹ 82,800.00"
Rajasthan,"SNMC, Jodhpur",ORTHOPAEDICS,AIQ,"₹ 12,812.00",3101,2,"₹ 25,00,000.00","₹ 82,800.00"
Rajasthan,"SNMC, Jodhpur",PHYSIOLOGY,AIQ,"₹ 12,812.00",3101,2,"₹ 25,00,000.00","₹ 82,800.00"
Rajasthan,"SNMC, Jodhpur",ENT,AIQ,"₹ 12,812.00",3101,2,"₹ 25,00,000.00","₹ 82,800.00"
Rajasthan,"SNMC, Jodhpur",GENERAL SURGERY,AIQ,"₹ 12,812.00",3101,2,"₹ 25,00,000.00","₹ 82,800.00"
Rajasthan,"SNMC, Jodhpur",IHBT,AIQ,"₹ 12,812.00",3101,2,"₹ 25,00,000.00","₹ 82,800.00"
Rajasthan,"SNMC, Jodhpur",GERIATRICS,AIQ,"₹ 12,812.00",3101,2,"₹ 25,00,000.00","₹ 82,800.00"
Rajasthan,"SNMC, Jodhpur",BIOCHEMISTRY,AIQ,"₹ 12,812.00",3101,2,"₹ 25,00,000.00","₹ 82,800.00"
Rajasthan,"SNMC, Jodhpur",PSYCHIATRY,AIQ,"₹ 12,812.00",3101,2,"₹ 25,00,000.00","₹ 82,800.00"
Maharashtra,"VMMC, Solapur",RADIO DIAGNOSIS,AIQ,"₹ 1,43,300.00",763,1,"₹ 50,00,000.00","₹ 92,522.00"
Maharashtra,"VMMC, Solapur",MICROBIOLOGY,AIQ,"₹ 1,43,300.00",763,1,"₹ 50,00,000.00","₹ 92,522.00"
Maharashtra,"VMMC, Solapur",GENERAL MEDICINE,AIQ,"₹ 1,43,300.00",763,1,"₹ 50,00,000.00","₹ 92,522.00"
Maharashtra,"VMMC, Solapur",PAEDIATRICS,AIQ,"₹ 1,43,300.00",763,1,"₹ 50,00,000.00","₹ 92,522.00"
Maharashtra,"VMMC, Solapur",ANAESTHESIOLOGY,AIQ,"₹ 1,43,300.00",763,1,"₹ 50,00,000.00","₹ 92,522.00"
Maharashtra,"VMMC, Solapur",OBG,AIQ,"₹ 1,43,300.00",763,1,"₹ 50,00,000.00","₹ 92,522.00"
Maharashtra,"VMMC, Solapur",ANATOMY,AIQ,"₹ 1,43,300.00",763,1,"₹ 50,00,000.00","₹ 92,522.00"
Maharashtra,"VMMC, Solapur",GENERAL SURGERY,AIQ,"₹ 1,43,300.00",763,1,"₹ 50,00,000.00","₹ 92,522.00"
Maharashtra,"VMMC, Solapur",OPHTHALMOLOGY,AIQ,"₹ 1,43,300.00",763,1,"₹ 50,00,000.00","₹ 92,522.00"
Maharashtra,"VMMC, Solapur",PATHOLOGY,AIQ,"₹ 1,43,300.00",763,1,"₹ 50,00,000.00","₹ 92,522.00"
Maharashtra,"VMMC, Solapur",PHARMACOLOGY,AIQ,"₹ 1,43,300.00",763,1,"₹ 50,00,000.00","₹ 92,522.00"
Maharashtra,"VMMC, Solapur",PHYSIOLOGY,AIQ,"₹ 1,43,300.00",763,1,"₹ 50,00,000.00","₹ 92,522.00"
Maharashtra,"VMMC, Solapur",ORTHOPAEDICS,AIQ,"₹ 1,43,300.00",763,1,"₹ 50,00,000.00","₹ 92,522.00"
Maharashtra,"VMMC, Solapur",SPM,AIQ,"₹ 1,43,300.00",763,1,"₹ 50,00,000.00","₹ 92,522.00"
Maharashtra,"VMMC, Solapur",ENT,AIQ,"₹ 1,43,300.00",763,1,"₹ 50,00,000.00","₹ 92,522.00"
Maharashtra,"VMMC, Solapur",FORENSIC MEDICINE,AIQ,"₹ 1,43,300.00",763,1,"₹ 50,00,000.00","₹ 92,522.00"
Maharashtra,"VMMC, Solapur",BIOCHEMISTRY,AIQ,"₹ 1,43,300.00",763,1,"₹ 50,00,000.00","₹ 92,522.00"
West Bengal,"BCRoy PGI of PaedSci,Kolkata",PAEDIATRICS,AIQ,"₹ 12,000.00",620,3,"₹ 30,00,000.00","₹ 49,884.00"
Assam,"Dr B Borooah, Guwahati",RADIATION ONCOLOGY,AIQ,"₹ 1,05,000.00",275,1,"₹ 25,00,000.00","₹ 1,00,800.00"
Himachal Pradesh,"RPG, Tanda",GENERAL MEDICINE,AIQ,"₹ 39,000.00",802,3,"₹ 40,00,000.00","₹ 40,000.00"
Himachal Pradesh,"RPG, Tanda",DERMATOLOGY,AIQ,"₹ 39,000.00",802,3,"₹ 40,00,000.00","₹ 40,000.00"
Himachal Pradesh,"RPG, Tanda",OBG,AIQ,"₹ 39,000.00",802,3,"₹ 40,00,000.00","₹ 40,000.00"
Himachal Pradesh,"RPG, Tanda",PATHOLOGY,AIQ,"₹ 39,000.00",802,3,"₹ 40,00,000.00","₹ 40,000.00"
Himachal Pradesh,"RPG, Tanda",ENT,AIQ,"₹ 39,000.00",802,3,"₹ 40,00,000.00","₹ 40,000.00"
Himachal Pradesh,"RPG, Tanda",PAEDIATRICS,AIQ,"₹ 39,000.00",802,3,"₹ 40,00,000.00","₹ 40,000.00"
Himachal Pradesh,"RPG, Tanda",FORENSIC MEDICINE,AIQ,"₹ 39,000.00",802,3,"₹ 40,00,000.00","₹ 40,000.00"
Himachal Pradesh,"RPG, Tanda",ANATOMY,AIQ,"₹ 39,000.00",802,3,"₹ 40,00,000.00","₹ 40,000.00"
Himachal Pradesh,"RPG, Tanda",ANAESTHESIOLOGY,AIQ,"₹ 39,000.00",802,3,"₹ 40,00,000.00","₹ 40,000.00"
Himachal Pradesh,"RPG, Tanda",OPHTHALMOLOGY,AIQ,"₹ 39,000.00",802,3,"₹ 40,00,000.00","₹ 40,000.00"
Himachal Pradesh,"RPG, Tanda",RADIO DIAGNOSIS,AIQ,"₹ 39,000.00",802,3,"₹ 40,00,000.00","₹ 40,000.00"
Himachal Pradesh,"RPG, Tanda",GENERAL SURGERY,AIQ,"₹ 39,000.00",802,3,"₹ 40,00,000.00","₹ 40,000.00"
Himachal Pradesh,"RPG, Tanda",BIOCHEMISTRY,AIQ,"₹ 39,000.00",802,3,"₹ 40,00,000.00","₹ 40,000.00"
Himachal Pradesh,"RPG, Tanda",PHARMACOLOGY,AIQ,"₹ 39,000.00",802,3,"₹ 40,00,000.00","₹ 40,000.00"
Himachal Pradesh,"RPG, Tanda",MICROBIOLOGY,AIQ,"₹ 39,000.00",802,3,"₹ 40,00,000.00","₹ 40,000.00"
Himachal Pradesh,"RPG, Tanda",ORTHOPAEDICS,AIQ,"₹ 39,000.00",802,3,"₹ 40,00,000.00","₹ 40,000.00"
Himachal Pradesh,"RPG, Tanda",SPM,AIQ,"₹ 39,000.00",802,3,"₹ 40,00,000.00","₹ 40,000.00"
Himachal Pradesh,"RPG, Tanda",PSYCHIATRY,AIQ,"₹ 39,000.00",802,3,"₹ 40,00,000.00","₹ 40,000.00"
Uttar Pradesh,"Dr RML IMS, Lucknow",ENT,AIQ,"₹ 37,500.00",NA,2,"₹ 40,00,000.00","₹ 1,08,672.00"
Uttar Pradesh,"Dr RML IMS, Lucknow",EMERGENCY MEDICINE,AIQ,"₹ 37,500.00",NA,2,"₹ 40,00,000.00","₹ 1,08,672.00"
Uttar Pradesh,"Dr RML IMS, Lucknow",PAEDIATRICS,AIQ,"₹ 37,500.00",NA,2,"₹ 40,00,000.00","₹ 1,08,672.00"
Uttar Pradesh,"Dr RML IMS, Lucknow",ANATOMY,AIQ,"₹ 37,500.00",NA,2,"₹ 40,00,000.00","₹ 1,08,672.00"
Uttar Pradesh,"Dr RML IMS, Lucknow",GENERAL MEDICINE,AIQ,"₹ 37,500.00",NA,2,"₹ 40,00,000.00","₹ 1,08,672.00"
Uttar Pradesh,"Dr RML IMS, Lucknow",OBG,AIQ,"₹ 37,500.00",NA,2,"₹ 40,00,000.00","₹ 1,08,672.00"
Uttar Pradesh,"Dr RML IMS, Lucknow",GENERAL SURGERY,AIQ,"₹ 37,500.00",NA,2,"₹ 40,00,000.00","₹ 1,08,672.00"
Uttar Pradesh,"Dr RML IMS, Lucknow",ORTHOPAEDICS,AIQ,"₹ 37,500.00",NA,2,"₹ 40,00,000.00","₹ 1,08,672.00"
Uttar Pradesh,"Dr RML IMS, Lucknow",PHARMACOLOGY,AIQ,"₹ 37,500.00",NA,2,"₹ 40,00,000.00","₹ 1,08,672.00"
Uttar Pradesh,"Dr RML IMS, Lucknow",SPM,AIQ,"₹ 37,500.00",NA,2,"₹ 40,00,000.00","₹ 1,08,672.00"
Uttar Pradesh,"Dr RML IMS, Lucknow",PHYSIOLOGY,AIQ,"₹ 37,500.00",NA,2,"₹ 40,00,000.00","₹ 1,08,672.00"
Uttar Pradesh,"Dr RML IMS, Lucknow",MICROBIOLOGY,AIQ,"₹ 37,500.00",NA,2,"₹ 40,00,000.00","₹ 1,08,672.00"
Uttar Pradesh,"Dr RML IMS, Lucknow",RADIO DIAGNOSIS,AIQ,"₹ 37,500.00",NA,2,"₹ 40,00,000.00","₹ 1,08,672.00"
Uttar Pradesh,"Dr RML IMS, Lucknow",ANAESTHESIOLOGY,AIQ,"₹ 37,500.00",NA,2,"₹ 40,00,000.00","₹ 1,08,672.00"
Uttar Pradesh,"Dr RML IMS, Lucknow",PATHOLOGY,AIQ,"₹ 37,500.00",NA,2,"₹ 40,00,000.00","₹ 1,08,672.00"
Uttar Pradesh,"Dr RML IMS, Lucknow",RADIATION ONCOLOGY,AIQ,"₹ 37,500.00",NA,2,"₹ 40,00,000.00","₹ 1,08,672.00"
Maharashtra,"Govt Med Coll, Nanded",GENERAL MEDICINE,AIQ,"₹ 1,43,300.00",750,1,"₹ 50,00,000.00","₹ 92,522.00"
Maharashtra,"Govt Med Coll, Nanded",ENT,AIQ,"₹ 1,43,300.00",750,1,"₹ 50,00,000.00","₹ 92,522.00"
Maharashtra,"Govt Med Coll, Nanded",OBG,AIQ,"₹ 1,43,300.00",750,1,"₹ 50,00,000.00","₹ 92,522.00"
Maharashtra,"Govt Med Coll, Nanded",OPHTHALMOLOGY,AIQ,"₹ 1,43,300.00",750,1,"₹ 50,00,000.00","₹ 92,522.00"
Maharashtra,"Govt Med Coll, Nanded",GENERAL SURGERY,AIQ,"₹ 1,43,300.00",750,1,"₹ 50,00,000.00","₹ 92,522.00"
Maharashtra,"Govt Med Coll, Nanded",ANAESTHESIOLOGY,AIQ,"₹ 1,43,300.00",750,1,"₹ 50,00,000.00","₹ 92,522.00"
Maharashtra,"Govt Med Coll, Nanded",PHARMACOLOGY,AIQ,"₹ 1,43,300.00",750,1,"₹ 50,00,000.00","₹ 92,522.00"
Maharashtra,"Govt Med Coll, Nanded",PHYSIOLOGY,AIQ,"₹ 1,43,300.00",750,1,"₹ 50,00,000.00","₹ 92,522.00"
Maharashtra,"Govt Med Coll, Nanded",ANATOMY,AIQ,"₹ 1,43,300.00",750,1,"₹ 50,00,000.00","₹ 92,522.00"
Maharashtra,"Govt Med Coll, Nanded",BIOCHEMISTRY,AIQ,"₹ 1,43,300.00",750,1,"₹ 50,00,000.00","₹ 92,522.00"
Maharashtra,"Govt Med Coll, Nanded",TBRD,AIQ,"₹ 1,43,300.00",750,1,"₹ 50,00,000.00","₹ 92,522.00"
Maharashtra,"Govt Med Coll, Nanded",SPM,AIQ,"₹ 1,43,300.00",750,1,"₹ 50,00,000.00","₹ 92,522.00"
Maharashtra,"Govt Med Coll, Nanded",MICROBIOLOGY,AIQ,"₹ 1,43,300.00",750,1,"₹ 50,00,000.00","₹ 92,522.00"
Maharashtra,"Govt Med Coll, Nanded",PATHOLOGY,AIQ,"₹ 1,43,300.00",750,1,"₹ 50,00,000.00","₹ 92,522.00"
Maharashtra,"Govt Med Coll, Nanded",RADIO DIAGNOSIS,AIQ,"₹ 1,43,300.00",750,1,"₹ 50,00,000.00","₹ 92,522.00"
Maharashtra,"Govt Med Coll, Nanded",DERMATOLOGY,AIQ,"₹ 1,43,300.00",750,1,"₹ 50,00,000.00","₹ 92,522.00"
Maharashtra,"Govt Med Coll, Nanded",PSYCHIATRY,AIQ,"₹ 1,43,300.00",750,1,"₹ 50,00,000.00","₹ 92,522.00"
Maharashtra,"Govt Med Coll, Nanded",PAEDIATRICS,AIQ,"₹ 1,43,300.00",750,1,"₹ 50,00,000.00","₹ 92,522.00"
Maharashtra,"Govt Med Coll, Nanded",FORENSIC MEDICINE,AIQ,"₹ 1,43,300.00",750,1,"₹ 50,00,000.00","₹ 92,522.00"
Maharashtra,"Govt Med Coll, Nanded",ORTHOPAEDICS,AIQ,"₹ 1,43,300.00",750,1,"₹ 50,00,000.00","₹ 92,522.00"
Himachal Pradesh,"Govt Med Coll, Nahan",SPM,AIQ,"₹ 39,000.00",NA,3,"₹ 40,00,000.00","₹ 40,000.00"
Telangana,"ESIC Med Coll,Sanath Nagar",GENERAL SURGERY,AIQ,"₹ 2,50,000.00",690,2,"₹ 10,00,000.00","₹ 1,26,927.00"
Telangana,"ESIC Med Coll,Sanath Nagar",ORTHOPAEDICS,AIQ,"₹ 2,50,000.00",690,2,"₹ 10,00,000.00","₹ 1,26,927.00"
Telangana,"ESIC Med Coll,Sanath Nagar",PAEDIATRICS,AIQ,"₹ 2,50,000.00",690,2,"₹ 10,00,000.00","₹ 1,26,927.00"
Telangana,"ESIC Med Coll,Sanath Nagar",DERMATOLOGY,AIQ,"₹ 2,50,000.00",690,2,"₹ 10,00,000.00","₹ 1,26,927.00"
Telangana,"ESIC Med Coll,Sanath Nagar",OBG,AIQ,"₹ 2,50,000.00",690,2,"₹ 10,00,000.00","₹ 1,26,927.00"
Telangana,"ESIC Med Coll,Sanath Nagar",ANAESTHESIOLOGY,AIQ,"₹ 2,50,000.00",690,2,"₹ 10,00,000.00","₹ 1,26,927.00"
Andhra Pradesh,"SVIMS, Tirupati",EMERGENCY MEDICINE,AIQ,"₹ 2,11,600.00",1257,1,"₹ 40,00,000.00","₹ 80,904.00"
Telangana,"ESIC Med Coll,Sanath Nagar",TBRD,AIQ,"₹ 2,50,000.00",690,2,"₹ 10,00,000.00","₹ 1,26,927.00"
Telangana,"ESIC Med Coll,Sanath Nagar",ENT,AIQ,"₹ 2,50,000.00",690,2,"₹ 10,00,000.00","₹ 1,26,927.00"
Telangana,"ESIC Med Coll,Sanath Nagar",MICROBIOLOGY,AIQ,"₹ 2,50,000.00",690,2,"₹ 10,00,000.00","₹ 1,26,927.00"
Telangana,"ESIC Med Coll,Sanath Nagar",BIOCHEMISTRY,AIQ,"₹ 2,50,000.00",690,2,"₹ 10,00,000.00","₹ 1,26,927.00"
Telangana,"ESIC Med Coll,Sanath Nagar",PSYCHIATRY,AIQ,"₹ 2,50,000.00",690,2,"₹ 10,00,000.00","₹ 1,26,927.00"
Telangana,"ESIC Med Coll,Sanath Nagar",GENERAL MEDICINE,AIQ,"₹ 2,50,000.00",690,2,"₹ 10,00,000.00","₹ 1,26,927.00"
Telangana,"ESIC Med Coll,Sanath Nagar",OPHTHALMOLOGY,AIQ,"₹ 2,50,000.00",690,2,"₹ 10,00,000.00","₹ 1,26,927.00"
Telangana,"ESIC Med Coll,Sanath Nagar",ANATOMY,AIQ,"₹ 2,50,000.00",690,2,"₹ 10,00,000.00","₹ 1,26,927.00"
Telangana,"ESIC Med Coll,Sanath Nagar",IHBT,AIQ,"₹ 2,50,000.00",690,2,"₹ 10,00,000.00","₹ 1,26,927.00"
Telangana,"ESIC Med Coll,Sanath Nagar",RADIO DIAGNOSIS,AIQ,"₹ 2,50,000.00",690,2,"₹ 10,00,000.00","₹ 1,26,927.00"
Telangana,"ESIC Med Coll,Sanath Nagar",EMERGENCY MEDICINE,AIQ,"₹ 2,50,000.00",690,2,"₹ 10,00,000.00","₹ 1,26,927.00"
Telangana,"ESIC Med Coll,Sanath Nagar",PHYSIOLOGY,AIQ,"₹ 2,50,000.00",690,2,"₹ 10,00,000.00","₹ 1,26,927.00"
Telangana,"ESIC Med Coll,Sanath Nagar",PMR,AIQ,"₹ 2,50,000.00",690,2,"₹ 10,00,000.00","₹ 1,26,927.00"
Telangana,"ESIC Med Coll,Sanath Nagar",PATHOLOGY,AIQ,"₹ 2,50,000.00",690,2,"₹ 10,00,000.00","₹ 1,26,927.00"
Telangana,"ESIC Med Coll,Sanath Nagar",SPM,AIQ,"₹ 2,50,000.00",690,2,"₹ 10,00,000.00","₹ 1,26,927.00"
Telangana,"ESIC Med Coll,Sanath Nagar",PHARMACOLOGY,AIQ,"₹ 2,50,000.00",690,2,"₹ 10,00,000.00","₹ 1,26,927.00"
Karnataka,"ESI, Bangalore",RADIO DIAGNOSIS,AIQ,"₹ 2,50,000.00",530,2,"₹ 10,00,000.00","₹ 1,11,780.00"
Karnataka,"ESI, Bangalore",PHYSIOLOGY,AIQ,"₹ 2,50,000.00",530,2,"₹ 10,00,000.00","₹ 1,11,780.00"
Karnataka,"ESI, Bangalore",ANATOMY,AIQ,"₹ 2,50,000.00",530,2,"₹ 10,00,000.00","₹ 1,11,780.00"
Karnataka,"ESI, Bangalore",ORTHOPAEDICS,AIQ,"₹ 2,50,000.00",530,2,"₹ 10,00,000.00","₹ 1,11,780.00"
Karnataka,"ESI, Bangalore",SPM,AIQ,"₹ 2,50,000.00",530,2,"₹ 10,00,000.00","₹ 1,11,780.00"
Karnataka,"ESI, Bangalore",GENERAL SURGERY,AIQ,"₹ 2,50,000.00",530,2,"₹ 10,00,000.00","₹ 1,11,780.00"
Karnataka,"ESI, Bangalore",PAEDIATRICS,AIQ,"₹ 2,50,000.00",530,2,"₹ 10,00,000.00","₹ 1,11,780.00"
Karnataka,"ESI, Bangalore",ANAESTHESIOLOGY,AIQ,"₹ 2,50,000.00",530,2,"₹ 10,00,000.00","₹ 1,11,780.00"
Karnataka,"ESI, Bangalore",OBG,AIQ,"₹ 2,50,000.00",530,2,"₹ 10,00,000.00","₹ 1,11,780.00"
Karnataka,"ESI, Bangalore",BIOCHEMISTRY,AIQ,"₹ 2,50,000.00",530,2,"₹ 10,00,000.00","₹ 1,11,780.00"
Karnataka,"ESI, Bangalore",GENERAL MEDICINE,AIQ,"₹ 2,50,000.00",530,2,"₹ 10,00,000.00","₹ 1,11,780.00"
Karnataka,"ESI, Bangalore",MICROBIOLOGY,AIQ,"₹ 2,50,000.00",530,2,"₹ 10,00,000.00","₹ 1,11,780.00"
Karnataka,"ESI, Bangalore",PATHOLOGY,AIQ,"₹ 2,50,000.00",530,2,"₹ 10,00,000.00","₹ 1,11,780.00"
Karnataka,"ESI, Bangalore",PHARMACOLOGY,AIQ,"₹ 2,50,000.00",530,2,"₹ 10,00,000.00","₹ 1,11,780.00"
Haryana,"ESIC Med Coll, Faridabad",PAEDIATRICS,AIQ,"₹ 2,50,000.00",625,2,"₹ 10,00,000.00","₹ 1,15,853.00"
Haryana,"ESIC Med Coll, Faridabad",GENERAL MEDICINE,AIQ,"₹ 2,50,000.00",625,2,"₹ 10,00,000.00","₹ 1,15,853.00"
Haryana,"ESIC Med Coll, Faridabad",DERMATOLOGY,AIQ,"₹ 2,50,000.00",625,2,"₹ 10,00,000.00","₹ 1,15,853.00"
Haryana,"ESIC Med Coll, Faridabad",PSYCHIATRY,AIQ,"₹ 2,50,000.00",625,2,"₹ 10,00,000.00","₹ 1,15,853.00"
Haryana,"ESIC Med Coll, Faridabad",TBRD,AIQ,"₹ 2,50,000.00",625,2,"₹ 10,00,000.00","₹ 1,15,853.00"
Haryana,"ESIC Med Coll, Faridabad",PHYSIOLOGY,AIQ,"₹ 2,50,000.00",625,2,"₹ 10,00,000.00","₹ 1,15,853.00"
Haryana,"ESIC Med Coll, Faridabad",PMR,AIQ,"₹ 2,50,000.00",625,2,"₹ 10,00,000.00","₹ 1,15,853.00"
Haryana,"ESIC Med Coll, Faridabad",ANATOMY,AIQ,"₹ 2,50,000.00",625,2,"₹ 10,00,000.00","₹ 1,15,853.00"
Haryana,"ESIC Med Coll, Faridabad",FORENSIC MEDICINE,AIQ,"₹ 2,50,000.00",625,2,"₹ 10,00,000.00","₹ 1,15,853.00"
Haryana,"ESIC Med Coll, Faridabad",EMERGENCY MEDICINE,AIQ,"₹ 2,50,000.00",625,2,"₹ 10,00,000.00","₹ 1,15,853.00"
Haryana,"ESIC Med Coll, Faridabad",PHARMACOLOGY,AIQ,"₹ 2,50,000.00",625,2,"₹ 10,00,000.00","₹ 1,15,853.00"
Haryana,"ESIC Med Coll, Faridabad",GENERAL SURGERY,AIQ,"₹ 2,50,000.00",625,2,"₹ 10,00,000.00","₹ 1,15,853.00"
Haryana,"ESIC Med Coll, Faridabad",OPHTHALMOLOGY,AIQ,"₹ 2,50,000.00",625,2,"₹ 10,00,000.00","₹ 1,15,853.00"
Haryana,"ESIC Med Coll, Faridabad",PATHOLOGY,AIQ,"₹ 2,50,000.00",625,2,"₹ 10,00,000.00","₹ 1,15,853.00"
Haryana,"ESIC Med Coll, Faridabad",OBG,AIQ,"₹ 2,50,000.00",625,2,"₹ 10,00,000.00","₹ 1,15,853.00"
Haryana,"ESIC Med Coll, Faridabad",SPM,AIQ,"₹ 2,50,000.00",625,2,"₹ 10,00,000.00","₹ 1,15,853.00"
Haryana,"ESIC Med Coll, Faridabad",ORTHOPAEDICS,AIQ,"₹ 2,50,000.00",625,2,"₹ 10,00,000.00","₹ 1,15,853.00"
Haryana,"ESIC Med Coll, Faridabad",RADIO DIAGNOSIS,AIQ,"₹ 2,50,000.00",625,2,"₹ 10,00,000.00","₹ 1,15,853.00"
Haryana,"ESIC Med Coll, Faridabad",ENT,AIQ,"₹ 2,50,000.00",625,2,"₹ 10,00,000.00","₹ 1,15,853.00"
Haryana,"ESIC Med Coll, Faridabad",ANAESTHESIOLOGY,AIQ,"₹ 2,50,000.00",625,2,"₹ 10,00,000.00","₹ 1,15,853.00"
Haryana,"ESIC Med Coll, Faridabad",BIOCHEMISTRY,AIQ,"₹ 2,50,000.00",625,2,"₹ 10,00,000.00","₹ 1,15,853.00"
Haryana,"ESIC Med Coll, Faridabad",IHBT,AIQ,"₹ 2,50,000.00",625,2,"₹ 10,00,000.00","₹ 1,15,853.00"
Haryana,"ESIC Med Coll, Faridabad",MICROBIOLOGY,AIQ,"₹ 2,50,000.00",625,2,"₹ 10,00,000.00","₹ 1,15,853.00"
Karnataka,"ESIC Med Coll,Gulbarga",SPM,AIQ,"₹ 2,50,000.00",480,2,"₹ 10,00,000.00","₹ 1,11,780.00"
Karnataka,"ESIC Med Coll,Gulbarga",PAEDIATRICS,AIQ,"₹ 2,50,000.00",480,2,"₹ 10,00,000.00","₹ 1,11,780.00"
Karnataka,"ESIC Med Coll,Gulbarga",MICROBIOLOGY,AIQ,"₹ 2,50,000.00",480,2,"₹ 10,00,000.00","₹ 1,11,780.00"
Karnataka,"ESIC Med Coll,Gulbarga",BIOCHEMISTRY,AIQ,"₹ 2,50,000.00",480,2,"₹ 10,00,000.00","₹ 1,11,780.00"
Karnataka,"ESIC Med Coll,Gulbarga",GENERAL SURGERY,AIQ,"₹ 2,50,000.00",480,2,"₹ 10,00,000.00","₹ 1,11,780.00"
Karnataka,"ESIC Med Coll,Gulbarga",OBG,AIQ,"₹ 2,50,000.00",480,2,"₹ 10,00,000.00","₹ 1,11,780.00"
Karnataka,"ESIC Med Coll,Gulbarga",GENERAL MEDICINE,AIQ,"₹ 2,50,000.00",480,2,"₹ 10,00,000.00","₹ 1,11,780.00"
Karnataka,"ESIC Med Coll,Gulbarga",OPHTHALMOLOGY,AIQ,"₹ 2,50,000.00",480,2,"₹ 10,00,000.00","₹ 1,11,780.00"
Karnataka,"ESIC Med Coll,Gulbarga",ENT,AIQ,"₹ 2,50,000.00",480,2,"₹ 10,00,000.00","₹ 1,11,780.00"
Karnataka,"ESIC Med Coll,Gulbarga",ANAESTHESIOLOGY,AIQ,"₹ 2,50,000.00",480,2,"₹ 10,00,000.00","₹ 1,11,780.00"
Karnataka,"ESIC Med Coll,Gulbarga",ANATOMY,AIQ,"₹ 2,50,000.00",480,2,"₹ 10,00,000.00","₹ 1,11,780.00"
Karnataka,"ESIC Med Coll,Gulbarga",ORTHOPAEDICS,AIQ,"₹ 2,50,000.00",480,2,"₹ 10,00,000.00","₹ 1,11,780.00"
Karnataka,"ESIC Med Coll,Gulbarga",PATHOLOGY,AIQ,"₹ 2,50,000.00",480,2,"₹ 10,00,000.00","₹ 1,11,780.00"
Karnataka,"ESIC Med Coll,Gulbarga",PHARMACOLOGY,AIQ,"₹ 2,50,000.00",480,2,"₹ 10,00,000.00","₹ 1,11,780.00"
Karnataka,"ESIC Med Coll,Gulbarga",PHYSIOLOGY,AIQ,"₹ 2,50,000.00",480,2,"₹ 10,00,000.00","₹ 1,11,780.00"
West Bengal,"ESI, Joka, Kolkata",ENT,AIQ,"₹ 2,50,000.00",470,2,"₹ 10,00,000.00","₹ 1,00,980.00"
West Bengal,"ESI, Joka, Kolkata",PAEDIATRICS,AIQ,"₹ 2,50,000.00",470,2,"₹ 10,00,000.00","₹ 1,00,980.00"
West Bengal,"ESI, Joka, Kolkata",ANAESTHESIOLOGY,AIQ,"₹ 2,50,000.00",470,2,"₹ 10,00,000.00","₹ 1,00,980.00"
West Bengal,"ESI, Joka, Kolkata",SPM,AIQ,"₹ 2,50,000.00",470,2,"₹ 10,00,000.00","₹ 1,00,980.00"
West Bengal,"ESI, Joka, Kolkata",GENERAL MEDICINE,AIQ,"₹ 2,50,000.00",470,2,"₹ 10,00,000.00","₹ 1,00,980.00"
West Bengal,"ESI, Joka, Kolkata",ORTHOPAEDICS,AIQ,"₹ 2,50,000.00",470,2,"₹ 10,00,000.00","₹ 1,00,980.00"
West Bengal,"ESI, Joka, Kolkata",PATHOLOGY,AIQ,"₹ 2,50,000.00",470,2,"₹ 10,00,000.00","₹ 1,00,980.00"
West Bengal,"ESI, Joka, Kolkata",OBG,AIQ,"₹ 2,50,000.00",470,2,"₹ 10,00,000.00","₹ 1,00,980.00"
West Bengal,"ESI, Joka, Kolkata",GENERAL SURGERY,AIQ,"₹ 2,50,000.00",470,2,"₹ 10,00,000.00","₹ 1,00,980.00"
Tamil Nadu,"ESI PGIMSR, KK Nagar, Chennai",MICROBIOLOGY,AIQ,"₹ 2,50,000.00",470,2,"₹ 10,00,000.00","₹ 1,11,780.00"
Tamil Nadu,"ESI PGIMSR, KK Nagar, Chennai",ORTHOPAEDICS,AIQ,"₹ 2,50,000.00",470,2,"₹ 10,00,000.00","₹ 1,11,780.00"
Tamil Nadu,"ESI PGIMSR, KK Nagar, Chennai",GENERAL SURGERY,AIQ,"₹ 2,50,000.00",470,2,"₹ 10,00,000.00","₹ 1,11,780.00"
Tamil Nadu,"ESI PGIMSR, KK Nagar, Chennai",PATHOLOGY,AIQ,"₹ 2,50,000.00",470,2,"₹ 10,00,000.00","₹ 1,11,780.00"
Tamil Nadu,"ESI PGIMSR, KK Nagar, Chennai",ANAESTHESIOLOGY,AIQ,"₹ 2,50,000.00",470,2,"₹ 10,00,000.00","₹ 1,11,780.00"
Tamil Nadu,"ESI PGIMSR, KK Nagar, Chennai",GENERAL MEDICINE,AIQ,"₹ 2,50,000.00",470,2,"₹ 10,00,000.00","₹ 1,11,780.00"
Tamil Nadu,"ESI PGIMSR, KK Nagar, Chennai",PAEDIATRICS,AIQ,"₹ 2,50,000.00",470,2,"₹ 10,00,000.00","₹ 1,11,780.00"
Tamil Nadu,"ESI PGIMSR, KK Nagar, Chennai",OBG,AIQ,"₹ 2,50,000.00",470,2,"₹ 10,00,000.00","₹ 1,11,780.00"
Tamil Nadu,"ESI PGIMSR, KK Nagar, Chennai",ANATOMY,AIQ,"₹ 2,50,000.00",470,2,"₹ 10,00,000.00","₹ 1,11,780.00"
Tamil Nadu,"ESI PGIMSR, KK Nagar, Chennai",BIOCHEMISTRY,AIQ,"₹ 2,50,000.00",470,2,"₹ 10,00,000.00","₹ 1,11,780.00"
Tamil Nadu,"ESI PGIMSR, KK Nagar, Chennai",EMERGENCY MEDICINE,AIQ,"₹ 2,50,000.00",470,2,"₹ 10,00,000.00","₹ 1,11,780.00"
Tamil Nadu,"ESI PGIMSR, KK Nagar, Chennai",ENT,AIQ,"₹ 2,50,000.00",470,2,"₹ 10,00,000.00","₹ 1,11,780.00"
Tamil Nadu,"ESI PGIMSR, KK Nagar, Chennai",FORENSIC MEDICINE,AIQ,"₹ 2,50,000.00",470,2,"₹ 10,00,000.00","₹ 1,11,780.00"
Tamil Nadu,"ESI PGIMSR, KK Nagar, Chennai",OPHTHALMOLOGY,AIQ,"₹ 2,50,000.00",470,2,"₹ 10,00,000.00","₹ 1,11,780.00"
Tamil Nadu,"ESI PGIMSR, KK Nagar, Chennai",PHYSIOLOGY,AIQ,"₹ 2,50,000.00",470,2,"₹ 10,00,000.00","₹ 1,11,780.00"
Tamil Nadu,"ESI PGIMSR, KK Nagar, Chennai",SPM,AIQ,"₹ 2,50,000.00",470,2,"₹ 10,00,000.00","₹ 1,11,780.00"
Tamil Nadu,"ESI PGIMSR, KK Nagar, Chennai",PSYCHIATRY,AIQ,"₹ 2,50,000.00",470,2,"₹ 10,00,000.00","₹ 1,11,780.00"
Tamil Nadu,"ESI PGIMSR, KK Nagar, Chennai",TBRD,AIQ,"₹ 2,50,000.00",470,2,"₹ 10,00,000.00","₹ 1,11,780.00"
Delhi,"ESI, Basaidarpur, Delhi",PATHOLOGY,AIQ,"₹ 2,50,000.00",600,2,"₹ 10,00,000.00","₹ 1,15,000.00"
Delhi,"ESI, Basaidarpur, Delhi",GENERAL MEDICINE,AIQ,"₹ 2,50,000.00",600,2,"₹ 10,00,000.00","₹ 1,15,000.00"
Delhi,"ESI, Basaidarpur, Delhi",PAEDIATRICS,AIQ,"₹ 2,50,000.00",600,2,"₹ 10,00,000.00","₹ 1,15,000.00"
Delhi,"ESI, Basaidarpur, Delhi",GENERAL SURGERY,AIQ,"₹ 2,50,000.00",600,2,"₹ 10,00,000.00","₹ 1,15,000.00"
Delhi,"ESI, Basaidarpur, Delhi",MICROBIOLOGY,AIQ,"₹ 2,50,000.00",600,2,"₹ 10,00,000.00","₹ 1,15,000.00"
Delhi,"ESI, Basaidarpur, Delhi",OPHTHALMOLOGY,AIQ,"₹ 2,50,000.00",600,2,"₹ 10,00,000.00","₹ 1,15,000.00"
Delhi,"ESI, Basaidarpur, Delhi",DERMATOLOGY,AIQ,"₹ 2,50,000.00",600,2,"₹ 10,00,000.00","₹ 1,15,000.00"
Delhi,"ESI, Basaidarpur, Delhi",ANAESTHESIOLOGY,AIQ,"₹ 2,50,000.00",600,2,"₹ 10,00,000.00","₹ 1,15,000.00"
Delhi,"ESI, Basaidarpur, Delhi",OBG,AIQ,"₹ 2,50,000.00",600,2,"₹ 10,00,000.00","₹ 1,15,000.00"
Delhi,"ESI, Basaidarpur, Delhi",ORTHOPAEDICS,AIQ,"₹ 2,50,000.00",600,2,"₹ 10,00,000.00","₹ 1,15,000.00"
Assam,"Fakhruddin Ali Ahmed, Barpeta",GENERAL MEDICINE,AIQ,"₹ 17,900.00",470,2,"₹ 20,00,000.00","₹ 55,200.00"
Assam,"Fakhruddin Ali Ahmed, Barpeta",BIOCHEMISTRY,AIQ,"₹ 17,900.00",470,2,"₹ 20,00,000.00","₹ 55,200.00"
Assam,"Fakhruddin Ali Ahmed, Barpeta",RADIO DIAGNOSIS,AIQ,"₹ 17,900.00",470,2,"₹ 20,00,000.00","₹ 55,200.00"
Assam,"Fakhruddin Ali Ahmed, Barpeta",MICROBIOLOGY,AIQ,"₹ 17,900.00",470,2,"₹ 20,00,000.00","₹ 55,200.00"
Assam,"Fakhruddin Ali Ahmed, Barpeta",ANAESTHESIOLOGY,AIQ,"₹ 17,900.00",470,2,"₹ 20,00,000.00","₹ 55,200.00"
Assam,"Fakhruddin Ali Ahmed, Barpeta",OBG,AIQ,"₹ 17,900.00",470,2,"₹ 20,00,000.00","₹ 55,200.00"
Assam,"Fakhruddin Ali Ahmed, Barpeta",PAEDIATRICS,AIQ,"₹ 17,900.00",470,2,"₹ 20,00,000.00","₹ 55,200.00"
Assam,"Fakhruddin Ali Ahmed, Barpeta",GENERAL SURGERY,AIQ,"₹ 17,900.00",470,2,"₹ 20,00,000.00","₹ 55,200.00"
Assam,"Fakhruddin Ali Ahmed, Barpeta",PATHOLOGY,AIQ,"₹ 17,900.00",470,2,"₹ 20,00,000.00","₹ 55,200.00"
Assam,"Fakhruddin Ali Ahmed, Barpeta",SPM,AIQ,"₹ 17,900.00",470,2,"₹ 20,00,000.00","₹ 55,200.00"
Delhi,"GB Pant IPGMER, Delhi",RADIO DIAGNOSIS,AIQ,"₹ 57,600.00",714,0,₹ 0.00,"₹ 1,26,927.00"
Delhi,"GB Pant IPGMER, Delhi",PATHOLOGY,AIQ,"₹ 57,600.00",714,0,₹ 0.00,"₹ 1,26,927.00"
Delhi,"GB Pant IPGMER, Delhi",MICROBIOLOGY,AIQ,"₹ 57,600.00",714,0,₹ 0.00,"₹ 1,26,927.00"
Delhi,"GB Pant IPGMER, Delhi",BIOCHEMISTRY,AIQ,"₹ 57,600.00",714,0,₹ 0.00,"₹ 1,26,927.00"
Karnataka,"Gadag IMS, Gadag",DERMATOLOGY,AIQ,"₹ 1,24,150.00",NA,3,"₹ 50,00,000.00","₹ 56,250.00"
Karnataka,"Gadag IMS, Gadag",OPHTHALMOLOGY,AIQ,"₹ 1,24,150.00",NA,3,"₹ 50,00,000.00","₹ 56,250.00"
Karnataka,"Gadag IMS, Gadag",ORTHOPAEDICS,AIQ,"₹ 1,24,150.00",NA,3,"₹ 50,00,000.00","₹ 56,250.00"
Karnataka,"Gadag IMS, Gadag",ANAESTHESIOLOGY,AIQ,"₹ 1,24,150.00",NA,3,"₹ 50,00,000.00","₹ 56,250.00"
Karnataka,"Gadag IMS, Gadag",GENERAL MEDICINE,AIQ,"₹ 1,24,150.00",NA,3,"₹ 50,00,000.00","₹ 56,250.00"
Karnataka,"Gadag IMS, Gadag",ENT,AIQ,"₹ 1,24,150.00",NA,3,"₹ 50,00,000.00","₹ 56,250.00"
Karnataka,"Gadag IMS, Gadag",RADIO DIAGNOSIS,AIQ,"₹ 1,24,150.00",NA,3,"₹ 50,00,000.00","₹ 56,250.00"
Karnataka,"Gadag IMS, Gadag",PHYSIOLOGY,AIQ,"₹ 41,650.00",NA,3,"₹ 50,00,000.00","₹ 56,250.00"
Karnataka,"Gadag IMS, Gadag",MICROBIOLOGY,AIQ,"₹ 69,150.00",NA,3,"₹ 50,00,000.00","₹ 56,250.00"
Karnataka,"Gadag IMS, Gadag",PSYCHIATRY,AIQ,"₹ 1,24,150.00",NA,3,"₹ 50,00,000.00","₹ 56,250.00"
Karnataka,"Gadag IMS, Gadag",SPM,AIQ,"₹ 69,150.00",NA,3,"₹ 50,00,000.00","₹ 56,250.00"
Karnataka,"Gadag IMS, Gadag",OBG,AIQ,"₹ 1,24,150.00",NA,3,"₹ 50,00,000.00","₹ 56,250.00"
Karnataka,"Gadag IMS, Gadag",PATHOLOGY,AIQ,"₹ 69,150.00",NA,3,"₹ 50,00,000.00","₹ 56,250.00"
Karnataka,"Gadag IMS, Gadag",FORENSIC MEDICINE,AIQ,"₹ 69,150.00",NA,3,"₹ 50,00,000.00","₹ 56,250.00"
Karnataka,"Gadag IMS, Gadag",ANATOMY,AIQ,"₹ 41,650.00",NA,3,"₹ 50,00,000.00","₹ 56,250.00"
Karnataka,"Gadag IMS, Gadag",PHARMACOLOGY,AIQ,"₹ 69,150.00",NA,3,"₹ 50,00,000.00","₹ 56,250.00"
Karnataka,"Gadag IMS, Gadag",BIOCHEMISTRY,AIQ,"₹ 41,650.00",NA,3,"₹ 50,00,000.00","₹ 56,250.00"
Karnataka,"Gadag IMS, Gadag",GENERAL SURGERY,AIQ,"₹ 1,24,150.00",NA,3,"₹ 50,00,000.00","₹ 56,250.00"
Karnataka,"Gadag IMS, Gadag",PAEDIATRICS,AIQ,"₹ 1,24,150.00",NA,3,"₹ 50,00,000.00","₹ 56,250.00"
Madhya Pradesh,"Gajra Raja Med Coll, Gwalior",ANATOMY,AIQ,"₹ 1,01,500.00",1100,1,"₹ 10,00,000.00","₹ 75,444.00"
Madhya Pradesh,"Gajra Raja Med Coll, Gwalior",SPM,AIQ,"₹ 1,01,500.00",1100,1,"₹ 10,00,000.00","₹ 75,444.00"
Madhya Pradesh,"Gajra Raja Med Coll, Gwalior",RADIO DIAGNOSIS,AIQ,"₹ 1,01,500.00",1100,1,"₹ 10,00,000.00","₹ 75,444.00"
Madhya Pradesh,"Gajra Raja Med Coll, Gwalior",PHARMACOLOGY,AIQ,"₹ 1,01,500.00",1100,1,"₹ 10,00,000.00","₹ 75,444.00"
Madhya Pradesh,"Gajra Raja Med Coll, Gwalior",ENT,AIQ,"₹ 1,01,500.00",1100,1,"₹ 10,00,000.00","₹ 75,444.00"
Madhya Pradesh,"Gajra Raja Med Coll, Gwalior",OBG,AIQ,"₹ 1,01,500.00",1100,1,"₹ 10,00,000.00","₹ 75,444.00"
Madhya Pradesh,"Gajra Raja Med Coll, Gwalior",ANAESTHESIOLOGY,AIQ,"₹ 1,01,500.00",1100,1,"₹ 10,00,000.00","₹ 75,444.00"
Madhya Pradesh,"Gajra Raja Med Coll, Gwalior",OPHTHALMOLOGY,AIQ,"₹ 1,01,500.00",1100,1,"₹ 10,00,000.00","₹ 75,444.00"
Madhya Pradesh,"Gajra Raja Med Coll, Gwalior",PHYSIOLOGY,AIQ,"₹ 1,01,500.00",1100,1,"₹ 10,00,000.00","₹ 75,444.00"
Madhya Pradesh,"Gajra Raja Med Coll, Gwalior",GENERAL SURGERY,AIQ,"₹ 1,01,500.00",1100,1,"₹ 10,00,000.00","₹ 75,444.00"
Madhya Pradesh,"Gajra Raja Med Coll, Gwalior",MICROBIOLOGY,AIQ,"₹ 1,01,500.00",1100,1,"₹ 10,00,000.00","₹ 75,444.00"
Madhya Pradesh,"Gajra Raja Med Coll, Gwalior",ORTHOPAEDICS,AIQ,"₹ 1,01,500.00",1100,1,"₹ 10,00,000.00","₹ 75,444.00"
Madhya Pradesh,"Gajra Raja Med Coll, Gwalior",PATHOLOGY,AIQ,"₹ 1,01,500.00",1100,1,"₹ 10,00,000.00","₹ 75,444.00"
Madhya Pradesh,"Gajra Raja Med Coll, Gwalior",PAEDIATRICS,AIQ,"₹ 1,01,500.00",1100,1,"₹ 10,00,000.00","₹ 75,444.00"
Madhya Pradesh,"Gajra Raja Med Coll, Gwalior",PSYCHIATRY,AIQ,"₹ 1,01,500.00",1100,1,"₹ 10,00,000.00","₹ 75,444.00"
Madhya Pradesh,"Gajra Raja Med Coll, Gwalior",GENERAL MEDICINE,AIQ,"₹ 1,01,500.00",1100,1,"₹ 10,00,000.00","₹ 75,444.00"
Madhya Pradesh,"Gajra Raja Med Coll, Gwalior",EMERGENCY MEDICINE,AIQ,"₹ 1,01,500.00",1100,1,"₹ 10,00,000.00","₹ 75,444.00"
Madhya Pradesh,"Gajra Raja Med Coll, Gwalior",BIOCHEMISTRY,AIQ,"₹ 1,01,500.00",1100,1,"₹ 10,00,000.00","₹ 75,444.00"
Madhya Pradesh,"Gajra Raja Med Coll, Gwalior",FORENSIC MEDICINE,AIQ,"₹ 1,01,500.00",1100,1,"₹ 10,00,000.00","₹ 75,444.00"
Madhya Pradesh,"Gajra Raja Med Coll, Gwalior",RADIATION ONCOLOGY,AIQ,"₹ 1,01,500.00",1100,1,"₹ 10,00,000.00","₹ 75,444.00"
Madhya Pradesh,"Gandhi Med Coll, Bhopal",ENT,AIQ,"₹ 1,01,500.00",1135,1,"₹ 10,00,000.00","₹ 75,444.00"
Madhya Pradesh,"Gandhi Med Coll, Bhopal",PATHOLOGY,AIQ,"₹ 1,01,500.00",1135,1,"₹ 10,00,000.00","₹ 75,444.00"
Madhya Pradesh,"Gandhi Med Coll, Bhopal",OBG,AIQ,"₹ 1,01,500.00",1135,1,"₹ 10,00,000.00","₹ 75,444.00"
Madhya Pradesh,"Gandhi Med Coll, Bhopal",FORENSIC MEDICINE,AIQ,"₹ 1,01,500.00",1135,1,"₹ 10,00,000.00","₹ 75,444.00"
Madhya Pradesh,"Gandhi Med Coll, Bhopal",ANATOMY,AIQ,"₹ 1,01,500.00",1135,1,"₹ 10,00,000.00","₹ 75,444.00"
Madhya Pradesh,"Gandhi Med Coll, Bhopal",ANAESTHESIOLOGY,AIQ,"₹ 1,01,500.00",1135,1,"₹ 10,00,000.00","₹ 75,444.00"
Madhya Pradesh,"Gandhi Med Coll, Bhopal",PAEDIATRICS,AIQ,"₹ 1,01,500.00",1135,1,"₹ 10,00,000.00","₹ 75,444.00"
Madhya Pradesh,"Gandhi Med Coll, Bhopal",PHYSIOLOGY,AIQ,"₹ 1,01,500.00",1135,1,"₹ 10,00,000.00","₹ 75,444.00"
Madhya Pradesh,"Gandhi Med Coll, Bhopal",DERMATOLOGY,AIQ,"₹ 1,01,500.00",1135,1,"₹ 10,00,000.00","₹ 75,444.00"
Madhya Pradesh,"Gandhi Med Coll, Bhopal",GENERAL MEDICINE,AIQ,"₹ 1,01,500.00",1135,1,"₹ 10,00,000.00","₹ 75,444.00"
Madhya Pradesh,"Gandhi Med Coll, Bhopal",OPHTHALMOLOGY,AIQ,"₹ 1,01,500.00",1135,1,"₹ 10,00,000.00","₹ 75,444.00"
Madhya Pradesh,"Gandhi Med Coll, Bhopal",RADIO DIAGNOSIS,AIQ,"₹ 1,01,500.00",1135,1,"₹ 10,00,000.00","₹ 75,444.00"
Madhya Pradesh,"Gandhi Med Coll, Bhopal",ORTHOPAEDICS,AIQ,"₹ 1,01,500.00",1135,1,"₹ 10,00,000.00","₹ 75,444.00"
Madhya Pradesh,"Gandhi Med Coll, Bhopal",SPM,AIQ,"₹ 1,01,500.00",1135,1,"₹ 10,00,000.00","₹ 75,444.00"
Madhya Pradesh,"Gandhi Med Coll, Bhopal",EMERGENCY MEDICINE,AIQ,"₹ 1,01,500.00",1135,1,"₹ 10,00,000.00","₹ 75,444.00"
Madhya Pradesh,"Gandhi Med Coll, Bhopal",PSYCHIATRY,AIQ,"₹ 1,01,500.00",1135,1,"₹ 10,00,000.00","₹ 75,444.00"
Madhya Pradesh,"Gandhi Med Coll, Bhopal",PHARMACOLOGY,AIQ,"₹ 1,01,500.00",1135,1,"₹ 10,00,000.00","₹ 75,444.00"
Madhya Pradesh,"Gandhi Med Coll, Bhopal",BIOCHEMISTRY,AIQ,"₹ 1,01,500.00",1135,1,"₹ 10,00,000.00","₹ 75,444.00"
Madhya Pradesh,"Gandhi Med Coll, Bhopal",TBRD,AIQ,"₹ 1,01,500.00",1135,1,"₹ 10,00,000.00","₹ 75,444.00"
Madhya Pradesh,"Gandhi Med Coll, Bhopal",MICROBIOLOGY,AIQ,"₹ 1,01,500.00",1135,1,"₹ 10,00,000.00","₹ 75,444.00"
Madhya Pradesh,"Gandhi Med Coll, Bhopal",GENERAL SURGERY,AIQ,"₹ 1,01,500.00",1135,1,"₹ 10,00,000.00","₹ 75,444.00"
Telangana,"Gandhi Med Coll, Secunderabad",SPM,AIQ,"₹ 25,000.00",1200,1,"₹ 20,00,000.00","₹ 58,289.00"
Telangana,"Gandhi Med Coll, Secunderabad",PATHOLOGY,AIQ,"₹ 25,000.00",1200,1,"₹ 20,00,000.00","₹ 58,289.00"
Telangana,"Gandhi Med Coll, Secunderabad",GENERAL MEDICINE,AIQ,"₹ 25,000.00",1200,1,"₹ 20,00,000.00","₹ 58,289.00"
Telangana,"Gandhi Med Coll, Secunderabad",OBG,AIQ,"₹ 25,000.00",1200,1,"₹ 20,00,000.00","₹ 58,289.00"
Telangana,"Gandhi Med Coll, Secunderabad",BIOCHEMISTRY,AIQ,"₹ 25,000.00",1200,1,"₹ 20,00,000.00","₹ 58,289.00"
Telangana,"Gandhi Med Coll, Secunderabad",ANAESTHESIOLOGY,AIQ,"₹ 25,000.00",1200,1,"₹ 20,00,000.00","₹ 58,289.00"
Telangana,"Gandhi Med Coll, Secunderabad",GENERAL SURGERY,AIQ,"₹ 25,000.00",1200,1,"₹ 20,00,000.00","₹ 58,289.00"
Telangana,"Gandhi Med Coll, Secunderabad",ORTHOPAEDICS,AIQ,"₹ 25,000.00",1200,1,"₹ 20,00,000.00","₹ 58,289.00"
Telangana,"Gandhi Med Coll, Secunderabad",ANATOMY,AIQ,"₹ 25,000.00",1200,1,"₹ 20,00,000.00","₹ 58,289.00"
Telangana,"Gandhi Med Coll, Secunderabad",MICROBIOLOGY,AIQ,"₹ 25,000.00",1200,1,"₹ 20,00,000.00","₹ 58,289.00"
Telangana,"Gandhi Med Coll, Secunderabad",PHYSIOLOGY,AIQ,"₹ 25,000.00",1200,1,"₹ 20,00,000.00","₹ 58,289.00"
Telangana,"Gandhi Med Coll, Secunderabad",ENT,AIQ,"₹ 25,000.00",1200,1,"₹ 20,00,000.00","₹ 58,289.00"
Telangana,"Gandhi Med Coll, Secunderabad",OPHTHALMOLOGY,AIQ,"₹ 25,000.00",1200,1,"₹ 20,00,000.00","₹ 58,289.00"
Telangana,"Gandhi Med Coll, Secunderabad",RADIO DIAGNOSIS,AIQ,"₹ 25,000.00",1200,1,"₹ 20,00,000.00","₹ 58,289.00"
Telangana,"Gandhi Med Coll, Secunderabad",PHARMACOLOGY,AIQ,"₹ 25,000.00",1200,1,"₹ 20,00,000.00","₹ 58,289.00"
Telangana,"Gandhi Med Coll, Secunderabad",FORENSIC MEDICINE,AIQ,"₹ 25,000.00",1200,1,"₹ 20,00,000.00","₹ 58,289.00"
Telangana,"Gandhi Med Coll, Secunderabad",PAEDIATRICS,AIQ,"₹ 25,000.00",1200,1,"₹ 20,00,000.00","₹ 58,289.00"
Telangana,"Gandhi Med Coll, Secunderabad",DERMATOLOGY,AIQ,"₹ 25,000.00",1200,1,"₹ 20,00,000.00","₹ 58,289.00"
Telangana,"Gandhi Med Coll, Secunderabad",HOSPITAL ADMINISTRATION,AIQ,"₹ 25,000.00",1200,1,"₹ 20,00,000.00","₹ 58,289.00"
Telangana,"Gandhi Med Coll, Secunderabad",PSYCHIATRY,AIQ,"₹ 25,000.00",1200,1,"₹ 20,00,000.00","₹ 58,289.00"
Telangana,"Gandhi Med Coll, Secunderabad",TBRD,AIQ,"₹ 25,000.00",1200,1,"₹ 20,00,000.00","₹ 58,289.00"
Telangana,"Gandhi Med Coll, Secunderabad",GERIATRICS,AIQ,"₹ 25,000.00",1200,1,"₹ 20,00,000.00","₹ 58,289.00"
Assam,"Gauhati Med Coll, Guwahati",DERMATOLOGY,AIQ,"₹ 17,900.00",2185,2,"₹ 20,00,000.00","₹ 55,200.00"
Assam,"Gauhati Med Coll, Guwahati",PHARMACOLOGY,AIQ,"₹ 17,900.00",2185,2,"₹ 20,00,000.00","₹ 55,200.00"
Assam,"Gauhati Med Coll, Guwahati",MICROBIOLOGY,AIQ,"₹ 17,900.00",2185,2,"₹ 20,00,000.00","₹ 55,200.00"
Assam,"Gauhati Med Coll, Guwahati",GENERAL SURGERY,AIQ,"₹ 17,900.00",2185,2,"₹ 20,00,000.00","₹ 55,200.00"
Assam,"Gauhati Med Coll, Guwahati",DFM,AIQ,"₹ 17,900.00",2185,2,"₹ 15,00,000.00","₹ 55,200.00"
Assam,"Gauhati Med Coll, Guwahati",PHYSIOLOGY,AIQ,"₹ 17,900.00",2185,2,"₹ 20,00,000.00","₹ 55,200.00"
Assam,"Gauhati Med Coll, Guwahati",OPHTHALMOLOGY,AIQ,"₹ 17,900.00",2185,2,"₹ 20,00,000.00","₹ 55,200.00"
Assam,"Gauhati Med Coll, Guwahati",RADIO DIAGNOSIS,AIQ,"₹ 17,900.00",2185,2,"₹ 20,00,000.00","₹ 55,200.00"
Assam,"Gauhati Med Coll, Guwahati",SPM,AIQ,"₹ 17,900.00",2185,2,"₹ 20,00,000.00","₹ 55,200.00"
Assam,"Gauhati Med Coll, Guwahati",GENERAL MEDICINE,AIQ,"₹ 17,900.00",2185,2,"₹ 20,00,000.00","₹ 55,200.00"
Assam,"Gauhati Med Coll, Guwahati",PAEDIATRICS,AIQ,"₹ 17,900.00",2185,2,"₹ 20,00,000.00","₹ 55,200.00"
Assam,"Gauhati Med Coll, Guwahati",PSYCHIATRY,AIQ,"₹ 17,900.00",2185,2,"₹ 20,00,000.00","₹ 55,200.00"
Assam,"Gauhati Med Coll, Guwahati",FORENSIC MEDICINE,AIQ,"₹ 17,900.00",2185,2,"₹ 20,00,000.00","₹ 55,200.00"
Assam,"Gauhati Med Coll, Guwahati",ANAESTHESIOLOGY,AIQ,"₹ 17,900.00",2185,2,"₹ 20,00,000.00","₹ 55,200.00"
Assam,"Gauhati Med Coll, Guwahati",BIOCHEMISTRY,AIQ,"₹ 17,900.00",2185,2,"₹ 20,00,000.00","₹ 55,200.00"
Assam,"Gauhati Med Coll, Guwahati",OBG,AIQ,"₹ 17,900.00",2185,2,"₹ 20,00,000.00","₹ 55,200.00"
Assam,"Gauhati Med Coll, Guwahati",ORTHOPAEDICS,AIQ,"₹ 17,900.00",2185,2,"₹ 20,00,000.00","₹ 55,200.00"
Assam,"Gauhati Med Coll, Guwahati",PATHOLOGY,AIQ,"₹ 17,900.00",2185,2,"₹ 20,00,000.00","₹ 55,200.00"
Assam,"Gauhati Med Coll, Guwahati",DLO,AIQ,"₹ 17,900.00",2185,2,"₹ 15,00,000.00","₹ 55,200.00"
Assam,"Gauhati Med Coll, Guwahati",RADIATION ONCOLOGY,AIQ,"₹ 17,900.00",2185,2,"₹ 20,00,000.00","₹ 55,200.00"
Assam,"Gauhati Med Coll, Guwahati",ENT,AIQ,"₹ 17,900.00",2185,2,"₹ 20,00,000.00","₹ 55,200.00"
Assam,"Gauhati Med Coll, Guwahati",ANATOMY,AIQ,"₹ 17,900.00",2185,2,"₹ 20,00,000.00","₹ 55,200.00"
Assam,"Gauhati Med Coll, Guwahati",TBRD,AIQ,"₹ 17,900.00",2185,2,"₹ 20,00,000.00","₹ 55,200.00"
Assam,"Gauhati Med Coll, Guwahati",EMERGENCY MEDICINE,AIQ,"₹ 17,900.00",2185,2,"₹ 20,00,000.00","₹ 55,200.00"
Assam,"Gauhati Med Coll, Guwahati",DA,AIQ,"₹ 17,900.00",2185,2,"₹ 15,00,000.00","₹ 55,200.00"
Assam,"Gauhati Med Coll, Guwahati",DCH,AIQ,"₹ 17,900.00",2185,2,"₹ 15,00,000.00","₹ 55,200.00"
Assam,"Gauhati Med Coll, Guwahati",DCP,AIQ,"₹ 17,900.00",2185,2,"₹ 15,00,000.00","₹ 55,200.00"
Uttar Pradesh,"Govt Allopathic Med Coll,Banda",ANATOMY,AIQ,"₹ 40,000.00",430,2,"₹ 40,00,000.00","₹ 1,00,980.00"
Uttar Pradesh,"Govt Allopathic Med Coll,Banda",SPM,AIQ,"₹ 40,000.00",430,2,"₹ 40,00,000.00","₹ 1,00,980.00"
Uttar Pradesh,"Govt Allopathic Med Coll,Banda",PHYSIOLOGY,AIQ,"₹ 40,000.00",430,2,"₹ 40,00,000.00","₹ 1,00,980.00"
Uttar Pradesh,"Govt Allopathic Med Coll,Banda",FORENSIC MEDICINE,AIQ,"₹ 40,000.00",430,2,"₹ 40,00,000.00","₹ 1,00,980.00"
Uttar Pradesh,"Govt Allopathic Med Coll,Banda",ANAESTHESIOLOGY,AIQ,"₹ 40,000.00",430,2,"₹ 40,00,000.00","₹ 1,00,980.00"
Uttar Pradesh,"Govt Allopathic Med Coll,Banda",ENT,AIQ,"₹ 40,000.00",430,2,"₹ 40,00,000.00","₹ 1,00,980.00"
Uttar Pradesh,"Govt Allopathic Med Coll,Banda",GENERAL SURGERY,AIQ,"₹ 40,000.00",430,2,"₹ 40,00,000.00","₹ 1,00,980.00"
Uttar Pradesh,"Govt Allopathic Med Coll,Banda",PHARMACOLOGY,AIQ,"₹ 40,000.00",430,2,"₹ 40,00,000.00","₹ 1,00,980.00"
Tamil Nadu,Govt Dharmapuri Med Coll,EMERGENCY MEDICINE,AIQ,"₹ 50,000.00",NA,2,"₹ 40,00,000.00","₹ 52,451.00"
Tamil Nadu,Govt Dharmapuri Med Coll,ANAESTHESIOLOGY,AIQ,"₹ 50,000.00",NA,2,"₹ 40,00,000.00","₹ 52,451.00"
Tamil Nadu,Govt Dharmapuri Med Coll,GENERAL MEDICINE,AIQ,"₹ 50,000.00",NA,2,"₹ 40,00,000.00","₹ 52,451.00"
Tamil Nadu,Govt Dharmapuri Med Coll,ORTHOPAEDICS,AIQ,"₹ 50,000.00",NA,2,"₹ 40,00,000.00","₹ 52,451.00"
Tamil Nadu,Govt Dharmapuri Med Coll,OBG,AIQ,"₹ 50,000.00",NA,2,"₹ 40,00,000.00","₹ 52,451.00"
Tamil Nadu,Govt Dharmapuri Med Coll,GENERAL SURGERY,AIQ,"₹ 50,000.00",NA,2,"₹ 40,00,000.00","₹ 52,451.00"
Tamil Nadu,Govt Dharmapuri Med Coll,OPHTHALMOLOGY,AIQ,"₹ 50,000.00",NA,2,"₹ 40,00,000.00","₹ 52,451.00"
Tamil Nadu,Govt Dharmapuri Med Coll,PAEDIATRICS,AIQ,"₹ 50,000.00",NA,2,"₹ 40,00,000.00","₹ 52,451.00"
Tamil Nadu,"Govt Erode Med Coll,Perundurai",GENERAL SURGERY,AIQ,"₹ 50,000.00",600,2,"₹ 40,00,000.00","₹ 52,451.00"
Tamil Nadu,"Govt Erode Med Coll,Perundurai",EMERGENCY MEDICINE,AIQ,"₹ 50,000.00",600,2,"₹ 40,00,000.00","₹ 52,451.00"
Tamil Nadu,"Govt Erode Med Coll,Perundurai",DERMATOLOGY,AIQ,"₹ 50,000.00",600,2,"₹ 40,00,000.00","₹ 52,451.00"
Uttar Pradesh,"Govt IMS, Kasna",ANATOMY,AIQ,"₹ 40,000.00",500,2,"₹ 40,00,000.00","₹ 1,00,980.00"
Uttar Pradesh,"Govt IMS, Kasna",ANAESTHESIOLOGY,AIQ,"₹ 40,000.00",500,2,"₹ 40,00,000.00","₹ 1,00,980.00"
Uttar Pradesh,"Govt IMS, Kasna",BIOCHEMISTRY,AIQ,"₹ 40,000.00",500,2,"₹ 40,00,000.00","₹ 1,00,980.00"
Uttar Pradesh,"Govt IMS, Kasna",ENT,AIQ,"₹ 40,000.00",500,2,"₹ 40,00,000.00","₹ 1,00,980.00"
Uttar Pradesh,"Govt IMS, Kasna",GENERAL MEDICINE,AIQ,"₹ 40,000.00",500,2,"₹ 40,00,000.00","₹ 1,00,980.00"
Uttar Pradesh,"Govt IMS, Kasna",GENERAL SURGERY,AIQ,"₹ 40,000.00",500,2,"₹ 40,00,000.00","₹ 1,00,980.00"
Uttar Pradesh,"Govt IMS, Kasna",MICROBIOLOGY,AIQ,"₹ 40,000.00",500,2,"₹ 40,00,000.00","₹ 1,00,980.00"
Uttar Pradesh,"Govt IMS, Kasna",ORTHOPAEDICS,AIQ,"₹ 40,000.00",500,2,"₹ 40,00,000.00","₹ 1,00,980.00"
Uttar Pradesh,"Govt IMS, Kasna",PAEDIATRICS,AIQ,"₹ 40,000.00",500,2,"₹ 40,00,000.00","₹ 1,00,980.00"
Uttar Pradesh,"Govt IMS, Kasna",PATHOLOGY,AIQ,"₹ 40,000.00",500,2,"₹ 40,00,000.00","₹ 1,00,980.00"
Uttar Pradesh,"Govt IMS, Kasna",PHARMACOLOGY,AIQ,"₹ 40,000.00",500,2,"₹ 40,00,000.00","₹ 1,00,980.00"
Uttar Pradesh,"Govt IMS, Kasna",PHYSIOLOGY,AIQ,"₹ 40,000.00",500,2,"₹ 40,00,000.00","₹ 1,00,980.00"
Uttar Pradesh,"Govt IMS, Kasna",SPM,AIQ,"₹ 40,000.00",500,2,"₹ 40,00,000.00","₹ 1,00,980.00"
Tamil Nadu,"Govt Med Coll & ESI,Coimbatore",EMERGENCY MEDICINE,AIQ,"₹ 50,000.00",300,2,"₹ 40,00,000.00","₹ 52,451.00"
Maharashtra,"Govt Med Coll, Baramati",SPM,AIQ,"₹ 1,43,300.00",310,1,"₹ 50,00,000.00","₹ 92,522.00"
Maharashtra,"Govt Med Coll, Baramati",PHYSIOLOGY,AIQ,"₹ 1,43,300.00",310,1,"₹ 50,00,000.00","₹ 92,522.00"
Maharashtra,"Govt Med Coll, Baramati",ANAESTHESIOLOGY,AIQ,"₹ 1,43,300.00",310,1,"₹ 50,00,000.00","₹ 92,522.00"
Uttar Pradesh,"Govt Med Coll, Azamgarh",PHARMACOLOGY,AIQ,"₹ 40,000.00",550,2,"₹ 40,00,000.00","₹ 1,00,980.00"
Uttar Pradesh,"Govt Med Coll, Azamgarh",ANATOMY,AIQ,"₹ 40,000.00",550,2,"₹ 40,00,000.00","₹ 1,00,980.00"
Uttar Pradesh,"Govt Med Coll, Azamgarh",SPM,AIQ,"₹ 40,000.00",550,2,"₹ 40,00,000.00","₹ 1,00,980.00"
Uttar Pradesh,"Govt Med Coll, Azamgarh",ANAESTHESIOLOGY,AIQ,"₹ 40,000.00",550,2,"₹ 40,00,000.00","₹ 1,00,980.00"
Uttar Pradesh,"Govt Med Coll, Azamgarh",ENT,AIQ,"₹ 40,000.00",550,2,"₹ 40,00,000.00","₹ 1,00,980.00"
Maharashtra,"JN Med College, Meghe, Wardha",ORTHOPAEDICS,NRI,"₹ 53,86,000.00",2150,1,"₹ 5,00,000.00","₹ 66,829.00"
Chhattisgarh,"Govt Med Coll, Rajnandgaon",ENT,AIQ,"₹ 20,000.00",650,2,"₹ 50,00,000.00","₹ 67,500.00"
Chhattisgarh,"Govt Med Coll, Rajnandgaon",OPHTHALMOLOGY,AIQ,"₹ 20,000.00",650,2,"₹ 50,00,000.00","₹ 67,500.00"
Chhattisgarh,"Govt Med Coll, Rajnandgaon",ANAESTHESIOLOGY,AIQ,"₹ 20,000.00",650,2,"₹ 50,00,000.00","₹ 67,500.00"
Chhattisgarh,"Govt Med Coll, Rajnandgaon",SPM,AIQ,"₹ 20,000.00",650,2,"₹ 50,00,000.00","₹ 67,500.00"
Maharashtra,"DY Patil, Pimpri, Pune",GENERAL MEDICINE,MNG,"₹ 45,00,000.00",2011,1,₹ 0.00,"₹ 76,629.00"
Maharashtra,"DY Patil, Pimpri, Pune",OBG,MNG,"₹ 55,00,000.00",2011,1,₹ 0.00,"₹ 76,629.00"
Maharashtra,"DY Patil, Pimpri, Pune",OPHTHALMOLOGY,MNG,"₹ 45,00,000.00",2011,1,₹ 0.00,"₹ 76,629.00"
Maharashtra,"DY Patil, Pimpri, Pune",PHARMACOLOGY,MNG,"₹ 9,00,000.00",2011,1,₹ 0.00,"₹ 76,629.00"
Maharashtra,"DY Patil, Pimpri, Pune",BIOCHEMISTRY,MNG,"₹ 9,00,000.00",2011,1,₹ 0.00,"₹ 76,629.00"
Maharashtra,"DY Patil, Pimpri, Pune",GENERAL SURGERY,MNG,"₹ 45,00,000.00",2011,1,₹ 0.00,"₹ 76,629.00"
Maharashtra,"DY Patil, Pimpri, Pune",EMERGENCY MEDICINE,MNG,"₹ 45,00,000.00",2011,1,₹ 0.00,"₹ 76,629.00"
Maharashtra,"DY Patil, Pimpri, Pune",TBRD,MNG,"₹ 40,00,000.00",2011,1,₹ 0.00,"₹ 76,629.00"
Maharashtra,"DY Patil, Pimpri, Pune",DERMATOLOGY,NRI,"₹ 1,08,55,000.00",2011,1,₹ 0.00,"₹ 76,629.00"
Maharashtra,"DY Patil, Pimpri, Pune",ORTHOPAEDICS,NRI,"₹ 1,08,55,000.00",2011,1,₹ 0.00,"₹ 76,629.00"
Maharashtra,"Datta Meghe Med Coll, Nagpur",ORTHOPAEDICS,MNG,"₹ 41,50,000.00",925,1,"₹ 5,00,000.00","₹ 66,629.00"
Maharashtra,"Datta Meghe Med Coll, Nagpur",GENERAL MEDICINE,MNG,"₹ 45,25,000.00",925,1,"₹ 5,00,000.00","₹ 66,629.00"
Maharashtra,"Datta Meghe Med Coll, Nagpur",PAEDIATRICS,MNG,"₹ 41,50,000.00",925,1,"₹ 5,00,000.00","₹ 66,629.00"
Maharashtra,"Datta Meghe Med Coll, Nagpur",DERMATOLOGY,MNG,"₹ 48,00,000.00",925,1,"₹ 5,00,000.00","₹ 66,629.00"
Maharashtra,"JN Med College, Meghe, Wardha",PAEDIATRICS,NRI,"₹ 53,69,000.00",2150,1,"₹ 5,00,000.00","₹ 66,829.00"
Maharashtra,"JN Med College, Meghe, Wardha",OPHTHALMOLOGY,NRI,"₹ 48,85,000.00",2150,1,"₹ 5,00,000.00","₹ 66,829.00"
Maharashtra,"DY Patil, Pimpri, Pune",RADIO DIAGNOSIS,NRI,"₹ 1,08,55,000.00",2011,1,₹ 0.00,"₹ 76,629.00"
Maharashtra,"DY Patil, Pimpri, Pune",PAEDIATRICS,NRI,"₹ 91,85,000.00",2011,1,₹ 0.00,"₹ 76,629.00"
Uttarakhand,"Govt Med Coll, Haldwani",TBRD,AIQ,"₹ 60,000.00",600,2,"₹ 2,50,00,000.00","₹ 71,257.00"
Maharashtra,"DY Patil, Pimpri, Pune",GENERAL MEDICINE,NRI,"₹ 1,08,55,000.00",2011,1,₹ 0.00,"₹ 76,629.00"
Maharashtra,"DY Patil, Pimpri, Pune",OBG,NRI,"₹ 1,08,55,000.00",2011,1,₹ 0.00,"₹ 76,629.00"
Maharashtra,"DY Patil, Pimpri, Pune",GENERAL SURGERY,NRI,"₹ 91,85,000.00",2011,1,₹ 0.00,"₹ 76,629.00"
Jammu and Kashmir,"District Hospital, Pulwama, JK",DA(NBEMS),NBE Diploma,"₹ 1,25,000.00",200,0,₹ 0.00,"₹ 48,000.00"
Jammu and Kashmir,"District Hospital, Pulwama, JK",DCH(NBEMS),NBE Diploma,"₹ 1,25,000.00",200,0,₹ 0.00,"₹ 48,000.00"
Maharashtra,"JN Med College, Meghe, Wardha",PHYSIOLOGY,NRI,"₹ 7,32,000.00",2150,1,"₹ 5,00,000.00","₹ 66,829.00"
Uttarakhand,"Govt Med Coll, Haldwani",FORENSIC MEDICINE,AIQ,"₹ 1,00,000.00",600,0,₹ 0.00,"₹ 71,257.00"
Jammu and Kashmir,"Govt Dist Hosp, Shopian Kashmir",DA(NBEMS),NBE Diploma,"₹ 1,25,000.00",105,0,₹ 0.00,"₹ 48,000.00"
Jammu and Kashmir,"Govt Hosp, Gandhi Nagar, JK",DGO(NBEMS),NBE Diploma,"₹ 1,25,000.00",160,0,₹ 0.00,"₹ 48,000.00"
Uttarakhand,"Govt Med Coll, Haldwani",PHARMACOLOGY,AIQ,"₹ 1,00,000.00",600,0,₹ 0.00,"₹ 71,257.00"
Maharashtra,"JN Med College, Meghe, Wardha",ANATOMY,NRI,"₹ 7,32,000.00",2150,1,"₹ 5,00,000.00","₹ 66,829.00"
Maharashtra,"JN Med College, Meghe, Wardha",PHARMACOLOGY,NRI,"₹ 7,32,000.00",2150,1,"₹ 5,00,000.00","₹ 66,829.00"
Uttarakhand,"Govt Med Coll, Haldwani",MICROBIOLOGY,AIQ,"₹ 1,00,000.00",600,0,₹ 0.00,"₹ 71,257.00"
Jammu and Kashmir,"Govt Hosp, Gandhi Nagar, JK",DO(NBEMS),NBE Diploma,"₹ 1,25,000.00",160,0,₹ 0.00,"₹ 48,000.00"
Maharashtra,"JN Med College, Meghe, Wardha",MICROBIOLOGY,NRI,"₹ 7,32,000.00",2150,1,"₹ 5,00,000.00","₹ 66,829.00"
Maharashtra,"JN Med College, Meghe, Wardha",SPM,NRI,"₹ 7,32,000.00",2150,1,"₹ 5,00,000.00","₹ 66,829.00"
Maharashtra,"JN Med College, Meghe, Wardha",BIOCHEMISTRY,NRI,"₹ 7,32,000.00",2150,1,"₹ 5,00,000.00","₹ 66,829.00"
Uttarakhand,"Govt Med Coll, Haldwani",PATHOLOGY,AIQ,"₹ 60,000.00",600,2,"₹ 2,50,00,000.00","₹ 71,257.00"
Uttarakhand,"Govt Med Coll, Haldwani",GENERAL SURGERY,AIQ,"₹ 60,000.00",600,2,"₹ 2,50,00,000.00","₹ 71,257.00"
Uttarakhand,"Govt Med Coll, Haldwani",GENERAL MEDICINE,AIQ,"₹ 60,000.00",600,2,"₹ 2,50,00,000.00","₹ 71,257.00"
Uttarakhand,"Govt Med Coll, Haldwani",OBG,AIQ,"₹ 60,000.00",600,2,"₹ 2,50,00,000.00","₹ 71,257.00"
Uttarakhand,"Govt Med Coll, Haldwani",ENT,AIQ,"₹ 60,000.00",600,2,"₹ 2,50,00,000.00","₹ 71,257.00"
Andhra Pradesh,"SVIMS, Tirupati",RADIO DIAGNOSIS,AIQ,"₹ 2,11,600.00",1257,1,"₹ 40,00,000.00","₹ 80,904.00"
Andhra Pradesh,"SVIMS, Tirupati",IHBT,AIQ,"₹ 2,11,600.00",1257,1,"₹ 40,00,000.00","₹ 80,904.00"
Uttarakhand,"Govt Med Coll, Haldwani",PAEDIATRICS,AIQ,"₹ 60,000.00",600,2,"₹ 2,50,00,000.00","₹ 71,257.00"
Uttarakhand,"Govt Med Coll, Haldwani",OPHTHALMOLOGY,AIQ,"₹ 60,000.00",600,2,"₹ 2,50,00,000.00","₹ 71,257.00"
Uttarakhand,"Govt Med Coll, Haldwani",ANAESTHESIOLOGY,AIQ,"₹ 60,000.00",600,2,"₹ 2,50,00,000.00","₹ 71,257.00"
Uttarakhand,"Govt Med Coll, Haldwani",SPM,AIQ,"₹ 1,00,000.00",600,0,₹ 0.00,"₹ 71,257.00"
Uttarakhand,"Govt Med Coll, Haldwani",ANATOMY,AIQ,"₹ 1,00,000.00",600,0,₹ 0.00,"₹ 71,257.00"
Maharashtra,"Govt Med Coll, Akola",RADIO DIAGNOSIS,AIQ,"₹ 1,43,300.00",840,1,"₹ 50,00,000.00","₹ 92,522.00"
Maharashtra,"Govt Med Coll, Akola",PAEDIATRICS,AIQ,"₹ 1,43,300.00",840,1,"₹ 50,00,000.00","₹ 92,522.00"
Maharashtra,"Govt Med Coll, Akola",ANAESTHESIOLOGY,AIQ,"₹ 1,43,300.00",840,1,"₹ 50,00,000.00","₹ 92,522.00"
Maharashtra,"Govt Med Coll, Akola",ENT,AIQ,"₹ 1,43,300.00",840,1,"₹ 50,00,000.00","₹ 92,522.00"
Maharashtra,"Govt Med Coll, Akola",TBRD,AIQ,"₹ 1,43,300.00",840,1,"₹ 50,00,000.00","₹ 92,522.00"
Maharashtra,"Govt Med Coll, Akola",OPHTHALMOLOGY,AIQ,"₹ 1,43,300.00",840,1,"₹ 50,00,000.00","₹ 92,522.00"
Maharashtra,"Govt Med Coll, Akola",ANATOMY,AIQ,"₹ 1,43,300.00",840,1,"₹ 50,00,000.00","₹ 92,522.00"
Maharashtra,"Govt Med Coll, Akola",DERMATOLOGY,AIQ,"₹ 1,43,300.00",840,1,"₹ 50,00,000.00","₹ 92,522.00"
Maharashtra,"Govt Med Coll, Akola",SPM,AIQ,"₹ 1,43,300.00",840,1,"₹ 50,00,000.00","₹ 92,522.00"
Maharashtra,"Govt Med Coll, Akola",PHYSIOLOGY,AIQ,"₹ 1,43,300.00",840,1,"₹ 50,00,000.00","₹ 92,522.00"
Maharashtra,"Govt Med Coll, Akola",OBG,AIQ,"₹ 1,43,300.00",840,1,"₹ 50,00,000.00","₹ 92,522.00"
Maharashtra,"Govt Med Coll, Akola",BIOCHEMISTRY,AIQ,"₹ 1,43,300.00",840,1,"₹ 50,00,000.00","₹ 92,522.00"
Maharashtra,"JN Med College, Meghe, Wardha",ENT,MNG,"₹ 24,00,000.00",2150,1,"₹ 5,00,000.00","₹ 66,829.00"
Maharashtra,"Govt Med Coll, Akola",FORENSIC MEDICINE,AIQ,"₹ 1,43,300.00",840,1,"₹ 50,00,000.00","₹ 92,522.00"
Maharashtra,"Govt Med Coll, Akola",PATHOLOGY,AIQ,"₹ 1,43,300.00",840,1,"₹ 50,00,000.00","₹ 92,522.00"
Maharashtra,"Govt Med Coll, Akola",PHARMACOLOGY,AIQ,"₹ 1,43,300.00",840,1,"₹ 50,00,000.00","₹ 92,522.00"
Maharashtra,"Govt Med Coll, Akola",MICROBIOLOGY,AIQ,"₹ 1,43,300.00",840,1,"₹ 50,00,000.00","₹ 92,522.00"
Chhattisgarh,"Govt Med Coll, Ambikapur",ORTHOPAEDICS,AIQ,"₹ 20,000.00",785,2,"₹ 50,00,000.00","₹ 67,500.00"
Chhattisgarh,"Govt Med Coll, Ambikapur",ANAESTHESIOLOGY,AIQ,"₹ 20,000.00",785,2,"₹ 50,00,000.00","₹ 67,500.00"
Chhattisgarh,"Govt Med Coll, Ambikapur",GENERAL MEDICINE,AIQ,"₹ 20,000.00",785,2,"₹ 50,00,000.00","₹ 67,500.00"
Chhattisgarh,"Govt Med Coll, Ambikapur",ANATOMY,AIQ,"₹ 20,000.00",785,2,"₹ 50,00,000.00","₹ 67,500.00"
Chhattisgarh,"Govt Med Coll, Ambikapur",PATHOLOGY,AIQ,"₹ 20,000.00",785,2,"₹ 50,00,000.00","₹ 67,500.00"
Chhattisgarh,"Govt Med Coll, Ambikapur",OBG,AIQ,"₹ 20,000.00",785,2,"₹ 50,00,000.00","₹ 67,500.00"
Chhattisgarh,"Govt Med Coll, Ambikapur",ENT,AIQ,"₹ 20,000.00",785,2,"₹ 50,00,000.00","₹ 67,500.00"
Chhattisgarh,"Govt Med Coll, Ambikapur",PHYSIOLOGY,AIQ,"₹ 20,000.00",785,2,"₹ 50,00,000.00","₹ 67,500.00"
Chhattisgarh,"Govt Med Coll, Ambikapur",GENERAL SURGERY,AIQ,"₹ 20,000.00",785,2,"₹ 50,00,000.00","₹ 67,500.00"
Chhattisgarh,"Govt Med Coll, Ambikapur",PAEDIATRICS,AIQ,"₹ 20,000.00",785,2,"₹ 50,00,000.00","₹ 67,500.00"
Chhattisgarh,"Govt Med Coll, Ambikapur",BIOCHEMISTRY,AIQ,"₹ 20,000.00",785,2,"₹ 50,00,000.00","₹ 67,500.00"
Chhattisgarh,"Govt Med Coll, Ambikapur",SPM,AIQ,"₹ 20,000.00",785,2,"₹ 50,00,000.00","₹ 67,500.00"
Chhattisgarh,"Govt Med Coll, Ambikapur",MICROBIOLOGY,AIQ,"₹ 20,000.00",785,2,"₹ 50,00,000.00","₹ 67,500.00"
Chhattisgarh,"Govt Med Coll, Ambikapur",OPHTHALMOLOGY,AIQ,"₹ 20,000.00",785,2,"₹ 50,00,000.00","₹ 67,500.00"
Punjab,"Govt Med Coll, Amritsar",DERMATOLOGY,AIQ,"₹ 1,25,000.00",951,1,"₹ 10,00,000.00","₹ 67,968.00"
Punjab,"Govt Med Coll, Amritsar",PATHOLOGY,AIQ,"₹ 1,25,000.00",951,1,"₹ 10,00,000.00","₹ 67,968.00"
Punjab,"Govt Med Coll, Amritsar",GENERAL MEDICINE,AIQ,"₹ 1,25,000.00",951,1,"₹ 10,00,000.00","₹ 67,968.00"
Punjab,"Govt Med Coll, Amritsar",ANAESTHESIOLOGY,AIQ,"₹ 1,25,000.00",951,1,"₹ 10,00,000.00","₹ 67,968.00"
Punjab,"Govt Med Coll, Amritsar",DA,AIQ,"₹ 1,25,000.00",951,1,"₹ 10,00,000.00","₹ 67,968.00"
Punjab,"Govt Med Coll, Amritsar",RADIO DIAGNOSIS,AIQ,"₹ 1,25,000.00",951,1,"₹ 10,00,000.00","₹ 67,968.00"
Punjab,"Govt Med Coll, Amritsar",FORENSIC MEDICINE,AIQ,"₹ 1,00,000.00",951,1,"₹ 10,00,000.00","₹ 67,968.00"
Punjab,"Govt Med Coll, Amritsar",PSYCHIATRY,AIQ,"₹ 1,25,000.00",951,1,"₹ 10,00,000.00","₹ 67,968.00"
Punjab,"Govt Med Coll, Amritsar",PHYSIOLOGY,AIQ,"₹ 1,00,000.00",951,1,"₹ 10,00,000.00","₹ 67,968.00"
Punjab,"Govt Med Coll, Amritsar",DCH,AIQ,"₹ 1,25,000.00",951,1,"₹ 10,00,000.00","₹ 67,968.00"
Punjab,"Govt Med Coll, Amritsar",PHARMACOLOGY,AIQ,"₹ 1,00,000.00",951,1,"₹ 10,00,000.00","₹ 67,968.00"
Punjab,"Govt Med Coll, Amritsar",OPHTHALMOLOGY,AIQ,"₹ 1,25,000.00",951,1,"₹ 10,00,000.00","₹ 67,968.00"
Punjab,"Govt Med Coll, Amritsar",PAEDIATRICS,AIQ,"₹ 1,25,000.00",951,1,"₹ 10,00,000.00","₹ 67,968.00"
Punjab,"Govt Med Coll, Amritsar",OBG,AIQ,"₹ 1,25,000.00",951,1,"₹ 10,00,000.00","₹ 67,968.00"
Punjab,"Govt Med Coll, Amritsar",SPM,AIQ,"₹ 1,00,000.00",951,1,"₹ 10,00,000.00","₹ 67,968.00"
Punjab,"Govt Med Coll, Amritsar",GENERAL SURGERY,AIQ,"₹ 1,25,000.00",951,1,"₹ 10,00,000.00","₹ 67,968.00"
Punjab,"Govt Med Coll, Amritsar",TBRD,AIQ,"₹ 1,25,000.00",951,1,"₹ 10,00,000.00","₹ 67,968.00"
Punjab,"Govt Med Coll, Amritsar",ENT,AIQ,"₹ 1,25,000.00",951,1,"₹ 10,00,000.00","₹ 67,968.00"
Karnataka,"District Hospital, Vijayapura",DNBANAESTHESIOLOGY,DNB Post MBBS,"₹ 1,25,000.00",426,1,"₹ 20,00,000.00","₹ 45,000.00"
Maharashtra,"KEM Hospital, Pune",DNBANAESTHESIOLOGY,DNB Post MBBS,"₹ 1,25,000.00",550,0,₹ 0.00,"₹ 90,000.00"
Maharashtra,"KEM Hospital, Pune",DNBEMERGENCY MEDICINE,DNB Post MBBS,"₹ 1,25,000.00",550,0,₹ 0.00,"₹ 90,000.00"
Maharashtra,"KEM Hospital, Pune",DNBOBG,DNB Post MBBS,"₹ 1,25,000.00",550,0,₹ 0.00,"₹ 90,000.00"
Maharashtra,"KEM Hospital, Pune",DNBPAEDIATRICS,DNB Post MBBS,"₹ 1,25,000.00",550,0,₹ 0.00,"₹ 90,000.00"
Maharashtra,"KEM Hospital, Pune",DNBRADIO DIAGNOSIS,DNB Post MBBS,"₹ 1,25,000.00",550,0,₹ 0.00,"₹ 90,000.00"
Rajasthan,"ShalbyHosp,VaishaliNagar,Jaipur",DNBANAESTHESIOLOGY,DNB Post MBBS,"₹ 1,25,000.00",240,0,₹ 0.00,"₹ 55,000.00"
Maharashtra,"KEM Hospital, Pune",DNBPATHOLOGY,DNB Post MBBS,"₹ 1,25,000.00",550,0,₹ 0.00,"₹ 90,000.00"
Maharashtra,"KEM Hospital, Pune",DCH(NBEMS),NBE Diploma,"₹ 1,25,000.00",550,0,₹ 0.00,"₹ 90,000.00"
Maharashtra,"KEM Hospital, Pune",DLO(NBEMS),NBE Diploma,"₹ 1,25,000.00",550,0,₹ 0.00,"₹ 90,000.00"
Maharashtra,"KEM Hospital, Pune",DTBCD(NBEMS),NBE Diploma,"₹ 1,25,000.00",550,0,₹ 0.00,"₹ 90,000.00"
Punjab,"Govt Med Coll, Amritsar",MICROBIOLOGY,AIQ,"₹ 1,00,000.00",951,1,"₹ 10,00,000.00","₹ 67,968.00"
Punjab,"Govt Med Coll, Amritsar",BIOCHEMISTRY,AIQ,"₹ 1,00,000.00",951,1,"₹ 10,00,000.00","₹ 67,968.00"
Punjab,"Govt Med Coll, Amritsar",ORTHOPAEDICS,AIQ,"₹ 1,25,000.00",951,1,"₹ 10,00,000.00","₹ 67,968.00"
Uttar Pradesh,"KGMU, Lucknow",EMERGENCY MEDICINE,AIQ,"₹ 54,700.00",4500,2,"₹ 40,00,000.00","₹ 1,09,955.00"
Madhya Pradesh,"MGM Med Coll, Indore",EMERGENCY MEDICINE,AIQ,"₹ 1,01,500.00",1300,1,"₹ 10,00,000.00","₹ 75,444.00"
Tamil Nadu,"Madras Med Coll, Chennai",EMERGENCY MEDICINE,AIQ,"₹ 50,000.00",7285,2,"₹ 40,00,000.00","₹ 52,451.00"
Tamil Nadu,"Madurai Med Coll, Madurai",EMERGENCY MEDICINE,AIQ,"₹ 50,000.00",3518,2,"₹ 40,00,000.00","₹ 52,451.00"
Maharashtra,"Govt&MPGIMER, Nashik",EMERGENCY MEDICINE,AIQ,"₹ 1,43,300.00",NA,1,"₹ 50,00,000.00","₹ 92,522.00"
Kerala,"Medical College, Trivandrum",EMERGENCY MEDICINE,AIQ,"₹ 69,470.00",2126,1,"₹ 50,00,000.00","₹ 57,876.00"
Tamil Nadu,"Govt. Mohan Kumaramangalam, Salem",EMERGENCY MEDICINE,AIQ,"₹ 50,000.00",1642,2,"₹ 40,00,000.00","₹ 52,451.00"
Telangana,"NIMS, Hyderabad",EMERGENCY MEDICINE,AIQ,"₹ 72,000.00",1498,1,"₹ 20,00,000.00","₹ 1,11,780.00"
Tamil Nadu,"Rajah Muthiah, Annamalainagar",EMERGENCY MEDICINE,AIQ,"₹ 50,000.00",1400,2,"₹ 40,00,000.00","₹ 52,451.00"
Andhra Pradesh,"Rajiv Gandhi IMS, Kadapa",EMERGENCY MEDICINE,AIQ,"₹ 48,600.00",715,0,₹ 0.00,"₹ 60,823.00"
Uttar Pradesh,"SGPGI, Lucknow",EMERGENCY MEDICINE,AIQ,"₹ 61,600.00",1609,2,"₹ 40,00,000.00","₹ 1,11,780.00"
Rajasthan,"SMS, Jaipur",EMERGENCY MEDICINE,AIQ,"₹ 11,647.00",5702,2,"₹ 25,00,000.00","₹ 82,800.00"
Tamil Nadu,"Stanley Med Coll, Chennai",EMERGENCY MEDICINE,AIQ,"₹ 50,000.00",1661,2,"₹ 40,00,000.00","₹ 52,451.00"
Tamil Nadu,Thanjavur Med Coll,EMERGENCY MEDICINE,AIQ,"₹ 50,000.00",1466,2,"₹ 40,00,000.00","₹ 52,451.00"
Tamil Nadu,Govt Theni Med Coll,EMERGENCY MEDICINE,AIQ,"₹ 50,000.00",940,2,"₹ 40,00,000.00","₹ 52,451.00"
Tamil Nadu,Govt Thiruvarur Med Coll,EMERGENCY MEDICINE,AIQ,"₹ 50,000.00",555,2,"₹ 40,00,000.00","₹ 52,451.00"
Tamil Nadu,Govt Thoothukudi Med Coll,EMERGENCY MEDICINE,AIQ,"₹ 50,000.00",1212,2,"₹ 40,00,000.00","₹ 52,451.00"
Tamil Nadu,Tirunelveli Med Coll,EMERGENCY MEDICINE,AIQ,"₹ 50,000.00",1737,2,"₹ 40,00,000.00","₹ 52,451.00"
Andhra Pradesh,"Rajiv Gandhi IMS, Srikakulam",EMERGENCY MEDICINE,AIQ,"₹ 48,600.00",532,0,₹ 0.00,"₹ 60,823.00"
Karnataka,"ESI, Bangalore",EMERGENCY MEDICINE,AIQ,"₹ 2,50,000.00",530,2,"₹ 10,00,000.00","₹ 1,11,780.00"
Telangana,"Malla Reddy IMS, Hyderabad",EMERGENCY MEDICINE,MNG,"₹ 25,00,000.00",940,1,"₹ 15,00,000.00","₹ 45,000.00"
Telangana,"Malla Reddy(Women), Hyderabad",EMERGENCY MEDICINE,MNG,"₹ 25,00,000.00",1050,1,"₹ 15,00,000.00","₹ 45,000.00"
Pondicherry,"Aarupadai Veedu, Pondicherry",EMERGENCY MEDICINE,MNG,"₹ 35,00,000.00",584,0,₹ 0.00,"₹ 40,000.00"
Tamil Nadu,"ACS Med Coll, Chennai",EMERGENCY MEDICINE,MNG,"₹ 30,00,000.00",1050,0,₹ 0.00,"₹ 20,000.00"
Kerala,"Amrita School of Med, Kochi",EMERGENCY MEDICINE,MNG,"₹ 21,00,000.00",1110,0,₹ 0.00,"₹ 43,000.00"
Maharashtra,"BVDU, Sangli",EMERGENCY MEDICINE,MNG,"₹ 24,31,010.00",853,1,"₹ 12,00,000.00","₹ 76,000.00"
Maharashtra,"BVDU, Pune",EMERGENCY MEDICINE,MNG,"₹ 30,67,705.00",856,1,"₹ 12,00,000.00","₹ 76,000.00"
Odisha,"IMS & SUM, Bhubaneswar",EMERGENCY MEDICINE,MNG,"₹ 19,80,000.00",1410,0,₹ 0.00,"₹ 60,000.00"
Karnataka,"JN Medical College, Belgaum",EMERGENCY MEDICINE,MNG,"₹ 8,85,000.00",2400,1,"₹ 10,00,000.00","₹ 45,000.00"
Karnataka,"JSS Med Coll, Mysore",EMERGENCY MEDICINE,MNG,"₹ 22,00,000.00",2060,0,₹ 0.00,"₹ 45,000.00"
Odisha,"Kalinga IMS, Bhubaneswar",EMERGENCY MEDICINE,MNG,"₹ 21,00,000.00",1750,0,₹ 0.00,"₹ 70,000.00"
Karnataka,"Kasturba Med Coll, Manipal",EMERGENCY MEDICINE,MNG,"₹ 26,50,000.00",2032,0,₹ 0.00,"₹ 45,000.00"
Maharashtra,"Krishna IMS, Karad",EMERGENCY MEDICINE,MNG,"₹ 27,00,000.00",1125,0,₹ 0.00,"₹ 88,213.00"
Maharashtra,"MGM Med Coll, Aurangabad",EMERGENCY MEDICINE,MNG,"₹ 30,00,000.00",700,1,"₹ 25,00,000.00","₹ 88,000.00"
Maharashtra,"MGM Med Coll, Navi Mumbai",EMERGENCY MEDICINE,MNG,"₹ 30,00,000.00",1740,1,"₹ 25,00,000.00","₹ 88,000.00"
Maharashtra,"DY Patil, Navi Mumbai",EMERGENCY MEDICINE,MNG,"₹ 42,50,000.00",1662,1,"₹ 10,00,000.00","₹ 76,629.00"
Karnataka,"Rajeshwari, Bangalore",EMERGENCY MEDICINE,MNG,"₹ 32,00,000.00",1460,0,₹ 0.00,"₹ 25,000.00"
Uttar Pradesh,"Santosh Med Coll, Ghaziabad",EMERGENCY MEDICINE,MNG,"₹ 32,00,000.00",800,0,₹ 0.00,"₹ 56,010.00"
Karnataka,"Shri BM Patil, Vijayapura",EMERGENCY MEDICINE,MNG,"₹ 22,00,000.00",1130,0,₹ 0.00,"₹ 45,000.00"
Karnataka,"SDU Med Coll, Kolar",EMERGENCY MEDICINE,MNG,"₹ 30,00,000.00",1100,1,"₹ 22,00,000.00","₹ 45,000.00"
Pondicherry,"SLIMS, Pondicherry",EMERGENCY MEDICINE,MNG,"₹ 40,00,000.00",1230,0,₹ 0.00,"₹ 43,000.00"
Tamil Nadu,"SRMC & RI, Chennai",EMERGENCY MEDICINE,MNG,"₹ 32,00,000.00",1800,0,₹ 0.00,"₹ 48,000.00"
Karnataka,"Siddhartha Med Coll, Tumkur",EMERGENCY MEDICINE,MNG,"₹ 31,50,000.00",960,0,₹ 0.00,"₹ 30,000.00"
Tamil Nadu,"SRM Med Coll, Kancheepuram",EMERGENCY MEDICINE,MNG,"₹ 30,00,000.00",1590,0,₹ 0.00,"₹ 50,923.00"
Tamil Nadu,"Vinayaka Missions, Salem",EMERGENCY MEDICINE,MNG,"₹ 27,50,000.00",560,0,₹ 0.00,"₹ 35,000.00"
Karnataka,"Yenepoya Med Coll, Mangalore",EMERGENCY MEDICINE,MNG,"₹ 35,00,000.00",910,0,₹ 0.00,"₹ 45,000.00"
Tamil Nadu,"Chettinad Hosp&RI,Kanchipuram",EMERGENCY MEDICINE,MNG,"₹ 25,00,000.00",1180,0,₹ 0.00,"₹ 48,000.00"
Karnataka,"Kasturba Med Coll, Mangalore",EMERGENCY MEDICINE,MNG,"₹ 26,50,000.00",1290,0,₹ 0.00,"₹ 45,000.00"
Bihar,"Govt Med Coll, Bettiah",OPHTHALMOLOGY,AIQ,"₹ 9,000.00",470,3,"₹ 25,00,000.00","₹ 82,000.00"
Bihar,"Govt Med Coll, Bettiah",MICROBIOLOGY,AIQ,"₹ 9,000.00",470,3,"₹ 25,00,000.00","₹ 82,000.00"
Bihar,"Govt Med Coll, Bettiah",PHYSIOLOGY,AIQ,"₹ 9,000.00",470,3,"₹ 25,00,000.00","₹ 82,000.00"
Bihar,"Govt Med Coll, Bettiah",ANATOMY,AIQ,"₹ 9,000.00",470,3,"₹ 25,00,000.00","₹ 82,000.00"
Bihar,"Govt Med Coll, Bettiah",RADIO DIAGNOSIS,AIQ,"₹ 9,000.00",470,3,"₹ 25,00,000.00","₹ 82,000.00"
Bihar,"Govt Med Coll, Bettiah",OBG,AIQ,"₹ 9,000.00",470,3,"₹ 25,00,000.00","₹ 82,000.00"
Rajasthan,"Govt Med Coll, Bharatpur",MICROBIOLOGY,AIQ,"₹ 12,812.00",NA,2,"₹ 25,00,000.00","₹ 82,800.00"
Rajasthan,"Govt Med Coll, Bharatpur",SPM,AIQ,"₹ 12,812.00",NA,2,"₹ 25,00,000.00","₹ 82,800.00"
Rajasthan,"Govt Med Coll, Bharatpur",PATHOLOGY,AIQ,"₹ 12,812.00",NA,2,"₹ 25,00,000.00","₹ 82,800.00"
Rajasthan,"Govt Med Coll, Bharatpur",ANATOMY,AIQ,"₹ 12,812.00",NA,2,"₹ 25,00,000.00","₹ 82,800.00"
Rajasthan,"Govt Med Coll, Bharatpur",GENERAL MEDICINE,AIQ,"₹ 12,812.00",NA,2,"₹ 25,00,000.00","₹ 82,800.00"
Rajasthan,"Govt Med Coll, Bhilwara",PATHOLOGY,AIQ,"₹ 12,812.00",NA,2,"₹ 25,00,000.00","₹ 82,800.00"
Rajasthan,"Govt Med Coll, Bhilwara",MICROBIOLOGY,AIQ,"₹ 12,812.00",NA,2,"₹ 25,00,000.00","₹ 82,800.00"
Rajasthan,"Govt Med Coll, Bhilwara",ANAESTHESIOLOGY,AIQ,"₹ 12,812.00",NA,2,"₹ 25,00,000.00","₹ 82,800.00"
Rajasthan,"Govt Med Coll, Bhilwara",BIOCHEMISTRY,AIQ,"₹ 12,812.00",NA,2,"₹ 25,00,000.00","₹ 82,800.00"
Rajasthan,"Govt Med Coll, Bhilwara",GENERAL SURGERY,AIQ,"₹ 12,812.00",NA,2,"₹ 25,00,000.00","₹ 82,800.00"
Chandigarh,"GMC, Chandigarh",PATHOLOGY,AIQ,"₹ 34,500.00",967,0,₹ 0.00,"₹ 1,07,000.00"
Chandigarh,"GMC, Chandigarh",ORTHOPAEDICS,AIQ,"₹ 34,500.00",967,0,₹ 0.00,"₹ 1,07,000.00"
Chandigarh,"GMC, Chandigarh",ANATOMY,AIQ,"₹ 34,500.00",967,0,₹ 0.00,"₹ 1,07,000.00"
Chandigarh,"GMC, Chandigarh",OPHTHALMOLOGY,AIQ,"₹ 34,500.00",967,0,₹ 0.00,"₹ 1,07,000.00"
Chandigarh,"GMC, Chandigarh",OBG,AIQ,"₹ 34,500.00",967,0,₹ 0.00,"₹ 1,07,000.00"
Chandigarh,"GMC, Chandigarh",FORENSIC MEDICINE,AIQ,"₹ 34,500.00",967,0,₹ 0.00,"₹ 1,07,000.00"
Chandigarh,"GMC, Chandigarh",IHBT,AIQ,"₹ 34,500.00",967,0,₹ 0.00,"₹ 1,07,000.00"
Chandigarh,"GMC, Chandigarh",SPM,AIQ,"₹ 34,500.00",967,0,₹ 0.00,"₹ 1,07,000.00"
Chandigarh,"GMC, Chandigarh",ANAESTHESIOLOGY,AIQ,"₹ 34,500.00",967,0,₹ 0.00,"₹ 1,07,000.00"
Chandigarh,"GMC, Chandigarh",PHARMACOLOGY,AIQ,"₹ 34,500.00",967,0,₹ 0.00,"₹ 1,07,000.00"
Chandigarh,"GMC, Chandigarh",PHYSIOLOGY,AIQ,"₹ 34,500.00",967,0,₹ 0.00,"₹ 1,07,000.00"
Chandigarh,"GMC, Chandigarh",RADIATION ONCOLOGY,AIQ,"₹ 34,500.00",967,0,₹ 0.00,"₹ 1,07,000.00"
Chandigarh,"GMC, Chandigarh",RADIO DIAGNOSIS,AIQ,"₹ 34,500.00",967,0,₹ 0.00,"₹ 1,07,000.00"
Chandigarh,"GMC, Chandigarh",BIOCHEMISTRY,AIQ,"₹ 34,500.00",967,0,₹ 0.00,"₹ 1,07,000.00"
Chandigarh,"GMC, Chandigarh",PAEDIATRICS,AIQ,"₹ 34,500.00",967,0,₹ 0.00,"₹ 1,07,000.00"
Chandigarh,"GMC, Chandigarh",GENERAL MEDICINE,AIQ,"₹ 34,500.00",967,0,₹ 0.00,"₹ 1,07,000.00"
Chandigarh,"GMC, Chandigarh",DERMATOLOGY,AIQ,"₹ 34,500.00",967,0,₹ 0.00,"₹ 1,07,000.00"
Chandigarh,"GMC, Chandigarh",GENERAL SURGERY,AIQ,"₹ 34,500.00",967,0,₹ 0.00,"₹ 1,07,000.00"
Chandigarh,"GMC, Chandigarh",MICROBIOLOGY,AIQ,"₹ 34,500.00",967,0,₹ 0.00,"₹ 1,07,000.00"
Chandigarh,"GMC, Chandigarh",ENT,AIQ,"₹ 34,500.00",967,0,₹ 0.00,"₹ 1,07,000.00"
Chandigarh,"GMC, Chandigarh",PSYCHIATRY,AIQ,"₹ 34,500.00",967,0,₹ 0.00,"₹ 1,07,000.00"
Maharashtra,"Govt Med Coll, Chandrapur",ENT,AIQ,"₹ 1,43,300.00",650,1,"₹ 50,00,000.00","₹ 92,522.00"
Maharashtra,"Govt Med Coll, Chandrapur",ORTHOPAEDICS,AIQ,"₹ 1,43,300.00",650,1,"₹ 50,00,000.00","₹ 92,522.00"
Maharashtra,"Govt Med Coll, Chandrapur",GENERAL MEDICINE,AIQ,"₹ 1,43,300.00",650,1,"₹ 50,00,000.00","₹ 92,522.00"
Maharashtra,"Govt Med Coll, Chandrapur",DERMATOLOGY,AIQ,"₹ 1,43,300.00",650,1,"₹ 50,00,000.00","₹ 92,522.00"
Maharashtra,"Govt Med Coll, Chandrapur",SPM,AIQ,"₹ 1,43,300.00",650,1,"₹ 50,00,000.00","₹ 92,522.00"
Maharashtra,"Govt Med Coll, Chandrapur",PHARMACOLOGY,AIQ,"₹ 1,43,300.00",650,1,"₹ 50,00,000.00","₹ 92,522.00"
Maharashtra,"JN Med College, Meghe, Wardha",ANAESTHESIOLOGY,MNG,"₹ 24,00,000.00",2150,1,"₹ 5,00,000.00","₹ 66,829.00"
Maharashtra,"Govt Med Coll, Chandrapur",GENERAL SURGERY,AIQ,"₹ 1,43,300.00",650,1,"₹ 50,00,000.00","₹ 92,522.00"
Maharashtra,"Govt Med Coll, Chandrapur",PSYCHIATRY,AIQ,"₹ 1,43,300.00",650,1,"₹ 50,00,000.00","₹ 92,522.00"
Maharashtra,"Govt Med Coll, Chandrapur",PAEDIATRICS,AIQ,"₹ 1,43,300.00",650,1,"₹ 50,00,000.00","₹ 92,522.00"
Maharashtra,"Govt Med Coll, Chandrapur",PATHOLOGY,AIQ,"₹ 1,43,300.00",650,1,"₹ 50,00,000.00","₹ 92,522.00"
Maharashtra,"Govt Med Coll, Chandrapur",BIOCHEMISTRY,AIQ,"₹ 1,43,300.00",650,1,"₹ 50,00,000.00","₹ 92,522.00"
Maharashtra,"Govt Med Coll, Chandrapur",OBG,AIQ,"₹ 1,43,300.00",650,1,"₹ 50,00,000.00","₹ 92,522.00"
Andhra Pradesh,"Govt Med Coll, Ananthapuram",FORENSIC MEDICINE,AIQ,"₹ 48,600.00",500,0,₹ 0.00,"₹ 60,823.00"
Maharashtra,"GovtMedColl,ChhatrapatiSambhajiNgr",FORENSIC MEDICINE,AIQ,"₹ 1,43,300.00",1177,1,"₹ 50,00,000.00","₹ 92,522.00"
Uttar Pradesh,"Govt Med Coll, Bahraich",FORENSIC MEDICINE,AIQ,"₹ 40,000.00",NA,2,"₹ 40,00,000.00","₹ 1,00,980.00"
Maharashtra,"Govt Med Coll, Chandrapur",FORENSIC MEDICINE,AIQ,"₹ 1,43,300.00",650,1,"₹ 50,00,000.00","₹ 92,522.00"
Uttar Pradesh,"Govt Med Coll, Firozobad",FORENSIC MEDICINE,AIQ,"₹ 40,000.00",517,2,"₹ 40,00,000.00","₹ 1,00,980.00"
Maharashtra,"Govt Med Coll, Gondia",FORENSIC MEDICINE,AIQ,"₹ 1,43,300.00",500,1,"₹ 50,00,000.00","₹ 92,522.00"
Madhya Pradesh,"Govt Med Coll, Khandwa",FORENSIC MEDICINE,AIQ,"₹ 1,01,500.00",NA,1,"₹ 10,00,000.00","₹ 75,444.00"
Kerala,"Govt Med Coll, Kollam",FORENSIC MEDICINE,AIQ,"₹ 69,470.00",500,1,"₹ 50,00,000.00","₹ 57,876.00"
Rajasthan,"Govt Med Coll, Kota",FORENSIC MEDICINE,AIQ,"₹ 12,812.00",2581,2,"₹ 25,00,000.00","₹ 82,800.00"
Kerala,"Govt Med Coll, Kottayam",FORENSIC MEDICINE,AIQ,"₹ 69,470.00",NA,1,"₹ 50,00,000.00","₹ 57,876.00"
Kerala,"Govt Med Coll, Kozhikode",FORENSIC MEDICINE,AIQ,"₹ 69,470.00",3025,1,"₹ 50,00,000.00","₹ 57,876.00"
Maharashtra,"Govt Med Coll, Latur",FORENSIC MEDICINE,AIQ,"₹ 1,43,300.00",750,1,"₹ 50,00,000.00","₹ 92,522.00"
Telangana,"Govt Med Coll, Mahabubnagar",FORENSIC MEDICINE,AIQ,"₹ 25,000.00",900,1,"₹ 20,00,000.00","₹ 58,289.00"
Maharashtra,"Govt Med Coll, Miraj",FORENSIC MEDICINE,AIQ,"₹ 1,43,300.00",725,1,"₹ 50,00,000.00","₹ 92,522.00"
Maharashtra,"Govt Med Coll, Nagpur",FORENSIC MEDICINE,AIQ,"₹ 1,43,300.00",1866,1,"₹ 50,00,000.00","₹ 92,522.00"
Telangana,"Govt Med Coll, Nalgonda",FORENSIC MEDICINE,AIQ,"₹ 25,000.00",580,1,"₹ 20,00,000.00","₹ 58,289.00"
Telangana,"Govt Med Coll, Nizamabad",FORENSIC MEDICINE,AIQ,"₹ 25,000.00",500,1,"₹ 20,00,000.00","₹ 58,289.00"
Punjab,"Govt Med Coll, Patiala",FORENSIC MEDICINE,AIQ,"₹ 1,00,000.00",1130,1,"₹ 10,00,000.00","₹ 67,968.00"
Madhya Pradesh,"Govt Med Coll, Ratlam",FORENSIC MEDICINE,AIQ,"₹ 1,01,500.00",300,1,"₹ 10,00,000.00","₹ 75,444.00"
Madhya Pradesh,"Govt Med Coll, Shahdol, MP",FORENSIC MEDICINE,AIQ,"₹ 1,01,500.00",300,1,"₹ 10,00,000.00","₹ 75,444.00"
Uttar Pradesh,"Govt Med Coll, Shahjhanpur",FORENSIC MEDICINE,AIQ,"₹ 40,000.00",460,2,"₹ 40,00,000.00","₹ 1,00,980.00"
Telangana,"Govt Med Coll, Siddipet",FORENSIC MEDICINE,AIQ,"₹ 25,000.00",780,1,"₹ 20,00,000.00","₹ 58,289.00"
Kerala,"Govt Med Coll, Thrissur",FORENSIC MEDICINE,AIQ,"₹ 69,470.00",1400,1,"₹ 50,00,000.00","₹ 57,876.00"
Andhra Pradesh,"Govt Siddhartha, Vijaywada",FORENSIC MEDICINE,AIQ,"₹ 48,600.00",707,0,₹ 0.00,"₹ 60,823.00"
Maharashtra,"Grant Med Coll, Mumbai",FORENSIC MEDICINE,AIQ,"₹ 1,43,300.00",2844,1,"₹ 50,00,000.00","₹ 92,522.00"
Uttar Pradesh,"GSVM Med Coll, Kanpur",FORENSIC MEDICINE,AIQ,"₹ 40,000.00",2083,2,"₹ 40,00,000.00","₹ 1,00,980.00"
Karnataka,"Gulbarga IMS, Gulbarga",FORENSIC MEDICINE,AIQ,"₹ 69,150.00",873,3,"₹ 50,00,000.00","₹ 56,250.00"
Andhra Pradesh,"Guntur Med Coll, Guntur",FORENSIC MEDICINE,AIQ,"₹ 48,600.00",1170,0,₹ 0.00,"₹ 60,823.00"
Punjab,"Guru Govind Singh, Faridkot",FORENSIC MEDICINE,AIQ,"₹ 1,00,000.00",1000,1,"₹ 10,00,000.00","₹ 67,968.00"
Maharashtra,"HBT & RN Cooper, Mumbai",FORENSIC MEDICINE,AIQ,"₹ 1,43,300.00",940,1,"₹ 50,00,000.00","₹ 92,522.00"
Karnataka,"Hassan IMS, Hassan",FORENSIC MEDICINE,AIQ,"₹ 69,150.00",NA,3,"₹ 50,00,000.00","₹ 56,250.00"
Bihar,"IGIMS, Patna",FORENSIC MEDICINE,AIQ,"₹ 1,60,000.00",1062,0,₹ 0.00,"₹ 1,05,000.00"
Maharashtra,"Indira Gandhi MedColl, Nagpur",FORENSIC MEDICINE,AIQ,"₹ 1,43,300.00",822,1,"₹ 50,00,000.00","₹ 92,522.00"
Pondicherry,"IGMC & RI, Pondicherry",FORENSIC MEDICINE,AIQ,"₹ 1,10,000.00",750,0,₹ 0.00,"₹ 43,000.00"
Himachal Pradesh,"IGMC, Shimla",FORENSIC MEDICINE,AIQ,"₹ 39,000.00",1031,3,"₹ 40,00,000.00","₹ 40,000.00"
Uttar Pradesh,"IMS(BHU), Varanasi",FORENSIC MEDICINE,AIQ,"₹ 48,226.00",1165,0,₹ 0.00,"₹ 1,00,706.00"
Manipur,"JNIMS, Imphal",FORENSIC MEDICINE,AIQ,"₹ 1,00,000.00",643,0,₹ 0.00,"₹ 50,000.00"
Rajasthan,"JLNMC, Ajmer",FORENSIC MEDICINE,AIQ,"₹ 10,982.00",1428,2,"₹ 25,00,000.00","₹ 82,800.00"
Uttar Pradesh,"JNMC (AMU), Aligarh",FORENSIC MEDICINE,AIQ,"₹ 38,000.00",1269,0,₹ 0.00,"₹ 1,08,000.00"
Bihar,"Jawaharlal Nehru, Bhagalpur",FORENSIC MEDICINE,AIQ,"₹ 9,000.00",800,3,"₹ 25,00,000.00","₹ 82,000.00"
Rajasthan,"Jhalawar Med Coll, Jhalawar",FORENSIC MEDICINE,AIQ,"₹ 88,265.00",NA,2,"₹ 25,00,000.00","₹ 82,800.00"
Assam,"Jorhat Med Coll, Jorhat",FORENSIC MEDICINE,AIQ,"₹ 17,900.00",814,2,"₹ 20,00,000.00","₹ 55,200.00"
Tamil Nadu,"KAPV Med Coll, Trichy",FORENSIC MEDICINE,AIQ,"₹ 50,000.00",2500,2,"₹ 40,00,000.00","₹ 52,451.00"
Telangana,"Kakatiya Med Coll, Warangal",FORENSIC MEDICINE,AIQ,"₹ 25,000.00",1150,1,"₹ 20,00,000.00","₹ 58,289.00"
Haryana,"Kalpana Chawala Govt MC,Karnal",FORENSIC MEDICINE,AIQ,"₹ 1,25,000.00",500,0,₹ 0.00,"₹ 1,00,980.00"
Karnataka,"KIMS, Hubli",FORENSIC MEDICINE,AIQ,"₹ 69,150.00",1200,3,"₹ 50,00,000.00","₹ 56,250.00"
Karnataka,Karwar Inst of Med Sciences,FORENSIC MEDICINE,AIQ,"₹ 69,150.00",650,3,"₹ 50,00,000.00","₹ 56,250.00"
Tamil Nadu,"Kilpauk Med Coll, Chennai",FORENSIC MEDICINE,AIQ,"₹ 50,000.00",1700,2,"₹ 40,00,000.00","₹ 52,451.00"
Uttar Pradesh,"KGMU, Lucknow",FORENSIC MEDICINE,AIQ,"₹ 54,700.00",4500,2,"₹ 40,00,000.00","₹ 1,09,955.00"
Karnataka,Kodagu Inst of Med Sciences,FORENSIC MEDICINE,AIQ,"₹ 69,150.00",600,3,"₹ 50,00,000.00","₹ 56,250.00"
Karnataka,"Koppal Inst of MS, Koppal",FORENSIC MEDICINE,AIQ,"₹ 69,150.00",NA,3,"₹ 50,00,000.00","₹ 56,250.00"
Andhra Pradesh,"Kurnool Med Coll, Kurnool",FORENSIC MEDICINE,AIQ,"₹ 48,600.00",1150,0,₹ 0.00,"₹ 60,823.00"
Delhi,"Lady Hardinge, Delhi",FORENSIC MEDICINE,AIQ,"₹ 57,600.00",877,0,₹ 0.00,"₹ 1,26,927.00"
Chhattisgarh,"BaliramKashyap NDMC, Jagdalpur",FORENSIC MEDICINE,AIQ,"₹ 20,000.00",500,2,"₹ 50,00,000.00","₹ 67,500.00"
Chhattisgarh,"Lakhi Ram Agrawal, Raigarh",FORENSIC MEDICINE,AIQ,"₹ 20,000.00",650,2,"₹ 50,00,000.00","₹ 67,500.00"
Maharashtra,"Lokmanya Tilak, Sion, Mumbai",FORENSIC MEDICINE,AIQ,"₹ 1,43,300.00",1462,1,"₹ 50,00,000.00","₹ 92,522.00"
Madhya Pradesh,"MGM Med Coll, Indore",FORENSIC MEDICINE,AIQ,"₹ 1,01,500.00",1300,1,"₹ 10,00,000.00","₹ 75,444.00"
Tamil Nadu,"Madras Med Coll, Chennai",FORENSIC MEDICINE,AIQ,"₹ 50,000.00",7285,2,"₹ 40,00,000.00","₹ 52,451.00"
Tamil Nadu,"Madurai Med Coll, Madurai",FORENSIC MEDICINE,AIQ,"₹ 50,000.00",3518,2,"₹ 40,00,000.00","₹ 52,451.00"
Maharashtra,"Govt&MPGIMER, Nashik",FORENSIC MEDICINE,AIQ,"₹ 1,43,300.00",NA,1,"₹ 50,00,000.00","₹ 92,522.00"
Maharashtra,"MGIMS, Wardha",FORENSIC MEDICINE,AIQ,"₹ 1,43,300.00",1000,1,"₹ 50,00,000.00","₹ 89,698.00"
Karnataka,"Mandya IMS, Mandya",FORENSIC MEDICINE,AIQ,"₹ 69,150.00",NA,3,"₹ 50,00,000.00","₹ 56,250.00"
Delhi,"MAMC, Delhi",FORENSIC MEDICINE,AIQ,"₹ 57,600.00",2800,0,₹ 0.00,"₹ 1,26,927.00"
West Bengal,"Govt. Med College, Kolkata",FORENSIC MEDICINE,AIQ,"₹ 12,000.00",2668,3,"₹ 30,00,000.00","₹ 49,884.00"
Kerala,"Medical College, Trivandrum",FORENSIC MEDICINE,AIQ,"₹ 69,470.00",2126,1,"₹ 50,00,000.00","₹ 57,876.00"
West Bengal,Midnapore Medical College,FORENSIC MEDICINE,AIQ,"₹ 12,000.00",1051,3,"₹ 30,00,000.00","₹ 49,884.00"
Odisha,"MKCG, Berhampur",FORENSIC MEDICINE,AIQ,"₹ 38,500.00",1140,2,"₹ 66,30,000.00","₹ 88,686.00"
Tamil Nadu,"Govt. Mohan Kumaramangalam, Salem",FORENSIC MEDICINE,AIQ,"₹ 50,000.00",1642,2,"₹ 40,00,000.00","₹ 52,451.00"
Uttar Pradesh,"MLN Med Coll, Allahabad",FORENSIC MEDICINE,AIQ,"₹ 40,000.00",NA,2,"₹ 40,00,000.00","₹ 1,00,980.00"
Karnataka,"Mysore Med Coll, Mysore",FORENSIC MEDICINE,AIQ,"₹ 69,150.00",1050,3,"₹ 50,00,000.00","₹ 56,250.00"
Bihar,"Nalanda Med Coll, Patna",FORENSIC MEDICINE,AIQ,"₹ 9,000.00",750,3,"₹ 25,00,000.00","₹ 82,000.00"
Madhya Pradesh,"NSC Bose Med Coll, Jabalpur",FORENSIC MEDICINE,AIQ,"₹ 1,01,500.00",1150,1,"₹ 10,00,000.00","₹ 75,444.00"
West Bengal,"Nilratan Sircar, Kolkata",FORENSIC MEDICINE,AIQ,"₹ 12,000.00",1920,3,"₹ 30,00,000.00","₹ 49,884.00"
West Bengal,"NBMC, Darjeeling",FORENSIC MEDICINE,AIQ,"₹ 12,000.00",843,3,"₹ 30,00,000.00","₹ 49,884.00"
Meghalaya,"NEIGRIHMS, Shillong",FORENSIC MEDICINE,AIQ,"₹ 16,300.00",594,0,₹ 0.00,"₹ 96,000.00"
Telangana,"Osmania Med Coll, Hyderabad",FORENSIC MEDICINE,AIQ,"₹ 25,000.00",4800,1,"₹ 20,00,000.00","₹ 58,289.00"
Bihar,"Patna Med Coll, Patna",FORENSIC MEDICINE,AIQ,"₹ 9,000.00",1748,3,"₹ 25,00,000.00","₹ 82,000.00"
Haryana,"Pt BD Sharma, Rohtak",FORENSIC MEDICINE,AIQ,"₹ 1,25,000.00",2080,0,₹ 0.00,"₹ 1,00,980.00"
Maharashtra,"SRTT, Ambajogai",FORENSIC MEDICINE,AIQ,"₹ 1,43,300.00",518,1,"₹ 50,00,000.00","₹ 92,522.00"
Chhattisgarh,"Pt JNM Med Coll, Raipur",FORENSIC MEDICINE,AIQ,"₹ 20,000.00",1246,2,"₹ 50,00,000.00","₹ 67,500.00"
Rajasthan,"RNT, Udaipur",FORENSIC MEDICINE,AIQ,"₹ 12,812.00",2206,2,"₹ 25,00,000.00","₹ 82,800.00"
Karnataka,"Raichur IMS, Raichur",FORENSIC MEDICINE,AIQ,"₹ 69,150.00",500,3,"₹ 50,00,000.00","₹ 56,250.00"
Maharashtra,"Rajarshee CSM Govt MC,Kolhapur",FORENSIC MEDICINE,AIQ,"₹ 1,43,300.00",665,1,"₹ 50,00,000.00","₹ 92,522.00"
Jharkhand,"Rajendra IMS, Ranchi",FORENSIC MEDICINE,AIQ,"₹ 1,500.00",1754,3,"₹ 30,00,000.00","₹ 1,00,770.00"
Telangana,"Rajiv Gandhi IMS, Adilabad",FORENSIC MEDICINE,AIQ,"₹ 25,000.00",NA,1,"₹ 20,00,000.00","₹ 58,289.00"
Andhra Pradesh,"Rajiv Gandhi IMS, Kadapa",FORENSIC MEDICINE,AIQ,"₹ 48,600.00",715,0,₹ 0.00,"₹ 60,823.00"
Andhra Pradesh,"Rajiv Gandhi IMS, Srikakulam",FORENSIC MEDICINE,AIQ,"₹ 48,600.00",532,0,₹ 0.00,"₹ 60,823.00"
Andhra Pradesh,"Rajiv Gandhi IMS, Ongole",FORENSIC MEDICINE,AIQ,"₹ 48,600.00",500,0,₹ 0.00,"₹ 60,823.00"
Maharashtra,"Rajiv Gandhi MC & CSMH, Thane",FORENSIC MEDICINE,AIQ,"₹ 1,43,300.00",500,1,"₹ 50,00,000.00","₹ 92,522.00"
Andhra Pradesh,"Rangaraya Med Coll, Kakinada",FORENSIC MEDICINE,AIQ,"₹ 48,600.00",1450,0,₹ 0.00,"₹ 60,823.00"
Manipur,"RIMS, Imphal",FORENSIC MEDICINE,AIQ,"₹ 5,000.00",1074,0,₹ 0.00,"₹ 1,06,380.00"
West Bengal,"RG Kar Med Coll, Kolkata",FORENSIC MEDICINE,AIQ,"₹ 12,000.00",1663,3,"₹ 30,00,000.00","₹ 49,884.00"
Uttar Pradesh,"SN Med Coll, Agra",FORENSIC MEDICINE,AIQ,"₹ 40,000.00",976,2,"₹ 40,00,000.00","₹ 1,00,980.00"
Andhra Pradesh,"SV Med Coll, Tirupati",FORENSIC MEDICINE,AIQ,"₹ 48,600.00",940,0,₹ 0.00,"₹ 60,823.00"
Rajasthan,"SP Med Coll, Bikaner",FORENSIC MEDICINE,AIQ,"₹ 12,812.00",NA,2,"₹ 25,00,000.00","₹ 82,800.00"
Odisha,"SCB, Cuttack",FORENSIC MEDICINE,AIQ,"₹ 38,500.00",2106,2,"₹ 66,30,000.00","₹ 88,686.00"
Maharashtra,"Seth GS, Mumbai",FORENSIC MEDICINE,AIQ,"₹ 1,43,300.00",2250,1,"₹ 50,00,000.00","₹ 92,522.00"
Haryana,"SHKM, Nalhar",FORENSIC MEDICINE,AIQ,"₹ 1,25,000.00",500,0,₹ 0.00,"₹ 1,00,980.00"
Karnataka,"Shimoga IMS, Shimoga",FORENSIC MEDICINE,AIQ,"₹ 69,150.00",950,3,"₹ 50,00,000.00","₹ 56,250.00"
Karnataka,"Shri Atal Bihari Vajpayee, BLR",FORENSIC MEDICINE,AIQ,"₹ 69,150.00",956,3,"₹ 50,00,000.00","₹ 56,250.00"
Maharashtra,"Shri VR Naik Govt, Yavatmal",FORENSIC MEDICINE,AIQ,"₹ 1,43,300.00",756,1,"₹ 50,00,000.00","₹ 92,522.00"
Madhya Pradesh,"SSMC, Rewa",FORENSIC MEDICINE,AIQ,"₹ 1,01,500.00",1140,1,"₹ 10,00,000.00","₹ 75,444.00"
Assam,"Silchar Med Coll, Silchar",FORENSIC MEDICINE,AIQ,"₹ 17,900.00",1256,2,"₹ 20,00,000.00","₹ 55,200.00"
Rajasthan,"SMS, Jaipur",FORENSIC MEDICINE,AIQ,"₹ 11,647.00",5702,2,"₹ 25,00,000.00","₹ 82,800.00"
Maharashtra,"Sri Bhausaheb, Dhule",FORENSIC MEDICINE,AIQ,"₹ 1,43,300.00",545,1,"₹ 50,00,000.00","₹ 92,522.00"
Tamil Nadu,"Stanley Med Coll, Chennai",FORENSIC MEDICINE,AIQ,"₹ 50,000.00",1661,2,"₹ 40,00,000.00","₹ 52,451.00"
Kerala,"TD Med Coll, Allepey",FORENSIC MEDICINE,AIQ,"₹ 69,470.00",1050,1,"₹ 50,00,000.00","₹ 57,876.00"
Tamil Nadu,Govt Thoothukudi Med Coll,FORENSIC MEDICINE,AIQ,"₹ 50,000.00",1212,2,"₹ 40,00,000.00","₹ 52,451.00"
Tamil Nadu,Tirunelveli Med Coll,FORENSIC MEDICINE,AIQ,"₹ 50,000.00",1737,2,"₹ 40,00,000.00","₹ 52,451.00"
Maharashtra,"Topiwala, Mumbai",FORENSIC MEDICINE,AIQ,"₹ 1,43,300.00",1300,1,"₹ 50,00,000.00","₹ 92,522.00"
Delhi,"UCMS, Delhi",FORENSIC MEDICINE,AIQ,"₹ 57,600.00",1000,0,₹ 0.00,"₹ 1,26,927.00"
Delhi,"VMMC, Delhi",FORENSIC MEDICINE,AIQ,"₹ 41,000.00",1550,0,₹ 0.00,"₹ 1,20,965.00"
Uttarakhand,"VCSG Med Coll, Pauri Garhwal",FORENSIC MEDICINE,AIQ,"₹ 1,00,000.00",NA,0,₹ 0.00,"₹ 76,600.00"
Odisha,"VIMSAR, Burla",FORENSIC MEDICINE,AIQ,"₹ 38,500.00",1071,2,"₹ 66,30,000.00","₹ 88,686.00"
Goa,"Goa Med Coll, Panaji",FORENSIC MEDICINE,AIQ,"₹ 1,22,522.00",1160,1,"₹ 50,00,000.00","₹ 60,000.00"
Maharashtra,"Govt Med Coll, Jalgaon",FORENSIC MEDICINE,AIQ,"₹ 1,43,300.00",441,1,"₹ 50,00,000.00","₹ 92,522.00"
Tamil Nadu,"ACS Med Coll, Chennai",FORENSIC MEDICINE,MNG,"₹ 5,00,000.00",1050,0,₹ 0.00,"₹ 20,000.00"
Kerala,"Amrita School of Med, Kochi",FORENSIC MEDICINE,MNG,"₹ 6,60,000.00",1110,0,₹ 0.00,"₹ 43,000.00"
Karnataka,"JN Medical College, Belgaum",FORENSIC MEDICINE,MNG,"₹ 2,80,000.00",2400,1,"₹ 10,00,000.00","₹ 45,000.00"
Karnataka,"JSS Med Coll, Mysore",FORENSIC MEDICINE,MNG,"₹ 10,000.00",2060,0,₹ 0.00,"₹ 45,000.00"
Karnataka,"KS Hegde, Mangalore",FORENSIC MEDICINE,MNG,"₹ 1,90,000.00",1000,0,₹ 0.00,"₹ 45,000.00"
Karnataka,"Kasturba Med Coll, Manipal",FORENSIC MEDICINE,MNG,"₹ 4,95,000.00",2032,0,₹ 0.00,"₹ 45,000.00"
Haryana,"MMIMS, Mullana, Ambala",FORENSIC MEDICINE,MNG,"₹ 7,30,000.00",940,1,"₹ 10,00,000.00","₹ 56,100.00"
Maharashtra,"DY Patil, Navi Mumbai",FORENSIC MEDICINE,MNG,"₹ 8,50,000.00",1662,1,"₹ 10,00,000.00","₹ 76,629.00"
Karnataka,"Rajeshwari, Bangalore",FORENSIC MEDICINE,MNG,"₹ 6,00,000.00",1460,0,₹ 0.00,"₹ 25,000.00"
Maharashtra,"Rural Med Coll, LONI",FORENSIC MEDICINE,MNG,"₹ 6,70,000.00",1275,0,₹ 0.00,"₹ 64,559.00"
Karnataka,"Shri BM Patil, Vijayapura",FORENSIC MEDICINE,MNG,"₹ 55,000.00",1130,0,₹ 0.00,"₹ 45,000.00"
Tamil Nadu,"Shri Satya Sai, Kancheepuram",FORENSIC MEDICINE,MNG,"₹ 2,00,000.00",1120,0,₹ 0.00,₹ 0.00
Karnataka,"SDU Med Coll, Kolar",FORENSIC MEDICINE,MNG,₹ 0.00,1100,1,"₹ 22,00,000.00","₹ 45,000.00"
Tamil Nadu,"SRMC & RI, Chennai",FORENSIC MEDICINE,MNG,"₹ 7,50,000.00",1800,0,₹ 0.00,"₹ 48,000.00"
Tamil Nadu,"SRM Med Coll, Kancheepuram",FORENSIC MEDICINE,MNG,"₹ 3,00,000.00",1590,0,₹ 0.00,"₹ 50,923.00"
Pondicherry,"Vinayaka Missions, Karaikal",FORENSIC MEDICINE,MNG,"₹ 4,00,000.00",590,0,₹ 0.00,₹ 0.00
Karnataka,"Yenepoya Med Coll, Mangalore",FORENSIC MEDICINE,MNG,"₹ 10,000.00",910,0,₹ 0.00,"₹ 45,000.00"
Tamil Nadu,"Chettinad Hosp&RI,Kanchipuram",FORENSIC MEDICINE,MNG,"₹ 4,00,000.00",1180,0,₹ 0.00,"₹ 48,000.00"
Karnataka,"Kasturba Med Coll, Mangalore",FORENSIC MEDICINE,MNG,"₹ 4,95,000.00",1290,0,₹ 0.00,"₹ 45,000.00"
Karnataka,"Yenepoya Med Coll, Mangalore",FORENSIC MEDICINE,MM,"₹ 10,000.00",910,0,₹ 0.00,"₹ 45,000.00"
Karnataka,"Kasturba Med Coll, Manipal",FORENSIC MEDICINE,NRI,"₹ 11,44,000.00",2032,0,₹ 0.00,"₹ 45,000.00"
Maharashtra,"Rural Med Coll, LONI",FORENSIC MEDICINE,NRI,"₹ 34,11,000.00",1275,0,₹ 0.00,"₹ 64,559.00"
Delhi,"MAMC, Delhi",FORENSIC MEDICINE,DU,"₹ 57,600.00",2800,0,₹ 0.00,"₹ 1,26,927.00"
Delhi,"UCMS, Delhi",FORENSIC MEDICINE,DU,"₹ 57,600.00",1000,0,₹ 0.00,"₹ 1,26,927.00"
Delhi,"Lady Hardinge, Delhi",FORENSIC MEDICINE,DU,"₹ 57,600.00",877,0,₹ 0.00,"₹ 1,26,927.00"
Delhi,"VMMC, Delhi",FORENSIC MEDICINE,IP,"₹ 41,000.00",1550,0,₹ 0.00,"₹ 1,20,965.00"
Uttar Pradesh,"IMS(BHU), Varanasi",FORENSIC MEDICINE,BHU,"₹ 48,226.00",1165,0,₹ 0.00,"₹ 1,00,706.00"
Uttar Pradesh,"JNMC (AMU), Aligarh",FORENSIC MEDICINE,AMU,"₹ 38,000.00",1269,0,₹ 0.00,"₹ 1,08,000.00"
Maharashtra,"AFMC, Pune",FORENSIC MEDICINE,AFMS,"₹ 1,43,500.00",1082,5,"₹ 57,50,000.00","₹ 91,282.00"
Andhra Pradesh,"Govt Med Coll, Ananthapuram",GENERAL MEDICINE,AIQ,"₹ 48,600.00",500,0,₹ 0.00,"₹ 60,823.00"
Maharashtra,"GovtMedColl,ChhatrapatiSambhajiNgr",GENERAL MEDICINE,AIQ,"₹ 1,43,300.00",1177,1,"₹ 50,00,000.00","₹ 92,522.00"
Madhya Pradesh,"Govt Med Coll, Datia",GENERAL MEDICINE,AIQ,"₹ 1,01,500.00",540,1,"₹ 10,00,000.00","₹ 75,444.00"
Kerala,"Govt Med Coll, Ernakulam",GENERAL MEDICINE,AIQ,"₹ 69,470.00",700,1,"₹ 50,00,000.00","₹ 57,876.00"
Maharashtra,"Govt Med Coll, Jalgaon",GENERAL MEDICINE,AIQ,"₹ 1,43,300.00",441,1,"₹ 50,00,000.00","₹ 92,522.00"
Jammu and Kashmir,"Govt Med Coll, Jammu",GENERAL MEDICINE,AIQ,"₹ 25,000.00",1700,0,₹ 0.00,"₹ 59,500.00"
Rajasthan,"Govt Med Coll, Kota",GENERAL MEDICINE,AIQ,"₹ 12,812.00",2581,2,"₹ 25,00,000.00","₹ 82,800.00"
Kerala,"Govt Med Coll, Kottayam",GENERAL MEDICINE,AIQ,"₹ 69,470.00",NA,1,"₹ 50,00,000.00","₹ 57,876.00"
Kerala,"Govt Med Coll, Kozhikode",GENERAL MEDICINE,AIQ,"₹ 69,470.00",3025,1,"₹ 50,00,000.00","₹ 57,876.00"
Maharashtra,"Govt Med Coll, Latur",GENERAL MEDICINE,AIQ,"₹ 1,43,300.00",750,1,"₹ 50,00,000.00","₹ 92,522.00"
Maharashtra,"Govt Med Coll, Miraj",GENERAL MEDICINE,AIQ,"₹ 1,43,300.00",725,1,"₹ 50,00,000.00","₹ 92,522.00"
Maharashtra,"Govt Med Coll, Nagpur",GENERAL MEDICINE,AIQ,"₹ 1,43,300.00",1866,1,"₹ 50,00,000.00","₹ 92,522.00"
Telangana,"Govt Med Coll, Nizamabad",GENERAL MEDICINE,AIQ,"₹ 25,000.00",500,1,"₹ 20,00,000.00","₹ 58,289.00"
Tamil Nadu,"Govt Med Coll, Omandurar",GENERAL MEDICINE,AIQ,"₹ 50,000.00",NA,2,"₹ 40,00,000.00","₹ 52,451.00"
Punjab,"Govt Med Coll, Patiala",GENERAL MEDICINE,AIQ,"₹ 1,25,000.00",1130,1,"₹ 10,00,000.00","₹ 67,968.00"
Madhya Pradesh,"Govt Med Coll, Ratlam",GENERAL MEDICINE,AIQ,"₹ 1,01,500.00",300,1,"₹ 10,00,000.00","₹ 75,444.00"
Jammu and Kashmir,"Govt Med Coll, Srinagar",GENERAL MEDICINE,AIQ,"₹ 35,750.00",2150,0,₹ 0.00,"₹ 59,500.00"
Kerala,"Govt Med Coll, Thrissur",GENERAL MEDICINE,AIQ,"₹ 69,470.00",1400,1,"₹ 50,00,000.00","₹ 57,876.00"
Andhra Pradesh,"Govt Siddhartha, Vijaywada",GENERAL MEDICINE,AIQ,"₹ 48,600.00",707,0,₹ 0.00,"₹ 60,823.00"
Tamil Nadu,Govt Sivagangai Med Coll,GENERAL MEDICINE,AIQ,"₹ 50,000.00",NA,2,"₹ 40,00,000.00","₹ 52,451.00"
Tamil Nadu,Govt Thiruvannamalai Med Coll,GENERAL MEDICINE,AIQ,"₹ 50,000.00",500,2,"₹ 40,00,000.00","₹ 52,451.00"
Tamil Nadu,Govt Vellore Med Coll,GENERAL MEDICINE,AIQ,"₹ 50,000.00",2858,2,"₹ 40,00,000.00","₹ 52,451.00"
Tamil Nadu,Govt Villupuram Med Coll,GENERAL MEDICINE,AIQ,"₹ 50,000.00",670,2,"₹ 40,00,000.00","₹ 52,451.00"
Maharashtra,"Grant Med Coll, Mumbai",GENERAL MEDICINE,AIQ,"₹ 1,43,300.00",2844,1,"₹ 50,00,000.00","₹ 92,522.00"
Uttar Pradesh,"GSVM Med Coll, Kanpur",GENERAL MEDICINE,AIQ,"₹ 40,000.00",2083,2,"₹ 40,00,000.00","₹ 1,00,980.00"
Karnataka,"Gulbarga IMS, Gulbarga",GENERAL MEDICINE,AIQ,"₹ 1,24,150.00",873,3,"₹ 50,00,000.00","₹ 56,250.00"
Andhra Pradesh,"Guntur Med Coll, Guntur",GENERAL MEDICINE,AIQ,"₹ 48,600.00",1170,0,₹ 0.00,"₹ 60,823.00"
Punjab,"Guru Govind Singh, Faridkot",GENERAL MEDICINE,AIQ,"₹ 1,25,000.00",1000,1,"₹ 10,00,000.00","₹ 67,968.00"
Maharashtra,"HBT & RN Cooper, Mumbai",GENERAL MEDICINE,AIQ,"₹ 1,43,300.00",940,1,"₹ 50,00,000.00","₹ 92,522.00"
Karnataka,"Hassan IMS, Hassan",GENERAL MEDICINE,AIQ,"₹ 1,24,150.00",NA,3,"₹ 50,00,000.00","₹ 56,250.00"
Bihar,"IGIMS, Patna",GENERAL MEDICINE,AIQ,"₹ 1,60,000.00",1062,0,₹ 0.00,"₹ 1,05,000.00"
Maharashtra,"Indira Gandhi MedColl, Nagpur",GENERAL MEDICINE,AIQ,"₹ 1,43,300.00",822,1,"₹ 50,00,000.00","₹ 92,522.00"
Pondicherry,"IGMC & RI, Pondicherry",GENERAL MEDICINE,AIQ,"₹ 1,10,000.00",750,0,₹ 0.00,"₹ 43,000.00"
Himachal Pradesh,"IGMC, Shimla",GENERAL MEDICINE,AIQ,"₹ 39,000.00",1031,3,"₹ 40,00,000.00","₹ 40,000.00"
Uttar Pradesh,"IMS(BHU), Varanasi",GENERAL MEDICINE,AIQ,"₹ 48,226.00",1165,0,₹ 0.00,"₹ 1,00,706.00"
West Bengal,"IPGMER, Kolkata",GENERAL MEDICINE,AIQ,"₹ 12,000.00",2300,3,"₹ 30,00,000.00","₹ 49,884.00"
Manipur,"JNIMS, Imphal",GENERAL MEDICINE,AIQ,"₹ 1,00,000.00",643,1,"₹ 20,00,000.00","₹ 50,000.00"
Rajasthan,"JLNMC, Ajmer",GENERAL MEDICINE,AIQ,"₹ 10,982.00",1428,2,"₹ 25,00,000.00","₹ 82,800.00"
Uttar Pradesh,"JNMC (AMU), Aligarh",GENERAL MEDICINE,AIQ,"₹ 38,000.00",1269,0,₹ 0.00,"₹ 1,08,000.00"
Bihar,"Jawaharlal Nehru, Bhagalpur",GENERAL MEDICINE,AIQ,"₹ 9,000.00",800,3,"₹ 25,00,000.00","₹ 82,000.00"
Rajasthan,"Jhalawar Med Coll, Jhalawar",GENERAL MEDICINE,AIQ,"₹ 88,265.00",NA,2,"₹ 25,00,000.00","₹ 82,800.00"
Assam,"Jorhat Med Coll, Jorhat",GENERAL MEDICINE,AIQ,"₹ 17,900.00",814,2,"₹ 20,00,000.00","₹ 55,200.00"
Tamil Nadu,"KAPV Med Coll, Trichy",GENERAL MEDICINE,AIQ,"₹ 50,000.00",2500,2,"₹ 40,00,000.00","₹ 52,451.00"
Andhra Pradesh,"SVIMS, Tirupati",GENERAL MEDICINE,AIQ,"₹ 2,11,600.00",1257,1,"₹ 40,00,000.00","₹ 80,904.00"
Telangana,"Kakatiya Med Coll, Warangal",GENERAL MEDICINE,AIQ,"₹ 25,000.00",1150,1,"₹ 20,00,000.00","₹ 58,289.00"
Tamil Nadu,"Kanyakumari Med Coll, Asaripallam",GENERAL MEDICINE,AIQ,"₹ 50,000.00",840,2,"₹ 40,00,000.00","₹ 52,451.00"
Karnataka,"KIMS, Hubli",GENERAL MEDICINE,AIQ,"₹ 1,24,150.00",1200,3,"₹ 50,00,000.00","₹ 56,250.00"
Karnataka,Karwar Inst of Med Sciences,GENERAL MEDICINE,AIQ,"₹ 1,24,150.00",650,3,"₹ 50,00,000.00","₹ 56,250.00"
Tamil Nadu,"Kilpauk Med Coll, Chennai",GENERAL MEDICINE,AIQ,"₹ 50,000.00",1700,2,"₹ 40,00,000.00","₹ 52,451.00"
Uttar Pradesh,"KGMU, Lucknow",GENERAL MEDICINE,AIQ,"₹ 54,700.00",4500,2,"₹ 40,00,000.00","₹ 1,09,955.00"
Karnataka,"Koppal Inst of MS, Koppal",GENERAL MEDICINE,AIQ,"₹ 1,24,150.00",NA,3,"₹ 50,00,000.00","₹ 56,250.00"
Andhra Pradesh,"Kurnool Med Coll, Kurnool",GENERAL MEDICINE,AIQ,"₹ 48,600.00",1150,0,₹ 0.00,"₹ 60,823.00"
Delhi,"Lady Hardinge, Delhi",GENERAL MEDICINE,AIQ,"₹ 57,600.00",877,0,₹ 0.00,"₹ 1,26,927.00"
Uttar Pradesh,"LLRM Med Coll, Meerut",GENERAL MEDICINE,AIQ,"₹ 40,000.00",1090,2,"₹ 40,00,000.00","₹ 1,00,980.00"
Maharashtra,"Lokmanya Tilak, Sion, Mumbai",GENERAL MEDICINE,AIQ,"₹ 1,43,300.00",1462,1,"₹ 50,00,000.00","₹ 92,522.00"
Madhya Pradesh,"MGM Med Coll, Indore",GENERAL MEDICINE,AIQ,"₹ 1,01,500.00",1300,1,"₹ 10,00,000.00","₹ 75,444.00"
Jharkhand,"MGM Med Coll, Jamshedpur",GENERAL MEDICINE,AIQ,"₹ 1,500.00",540,3,"₹ 30,00,000.00","₹ 54,500.00"
Tamil Nadu,"Madras Med Coll, Chennai",GENERAL MEDICINE,AIQ,"₹ 50,000.00",7285,2,"₹ 40,00,000.00","₹ 52,451.00"
Tamil Nadu,"Madurai Med Coll, Madurai",GENERAL MEDICINE,AIQ,"₹ 50,000.00",3518,2,"₹ 40,00,000.00","₹ 52,451.00"
Uttar Pradesh,"MLB Med Coll, Jhansi",GENERAL MEDICINE,AIQ,"₹ 40,000.00",700,2,"₹ 40,00,000.00","₹ 1,00,980.00"
Maharashtra,"Govt&MPGIMER, Nashik",GENERAL MEDICINE,AIQ,"₹ 1,43,300.00",NA,1,"₹ 50,00,000.00","₹ 92,522.00"
Maharashtra,"MGIMS, Wardha",GENERAL MEDICINE,AIQ,"₹ 1,43,300.00",1000,1,"₹ 50,00,000.00","₹ 89,698.00"
Karnataka,"Mandya IMS, Mandya",GENERAL MEDICINE,AIQ,"₹ 1,24,150.00",NA,3,"₹ 50,00,000.00","₹ 56,250.00"
Delhi,"MAMC, Delhi",GENERAL MEDICINE,AIQ,"₹ 57,600.00",2800,0,₹ 0.00,"₹ 1,26,927.00"
West Bengal,"Govt. Med College, Kolkata",GENERAL MEDICINE,AIQ,"₹ 12,000.00",2668,3,"₹ 30,00,000.00","₹ 49,884.00"
Kerala,"Medical College, Trivandrum",GENERAL MEDICINE,AIQ,"₹ 69,470.00",2126,1,"₹ 50,00,000.00","₹ 57,876.00"
West Bengal,Midnapore Medical College,GENERAL MEDICINE,AIQ,"₹ 12,000.00",1051,3,"₹ 30,00,000.00","₹ 49,884.00"
Odisha,"MKCG, Berhampur",GENERAL MEDICINE,AIQ,"₹ 38,500.00",1140,2,"₹ 53,30,000.00","₹ 70,686.00"
Tamil Nadu,"Govt. Mohan Kumaramangalam, Salem",GENERAL MEDICINE,AIQ,"₹ 50,000.00",1642,2,"₹ 40,00,000.00","₹ 52,451.00"
Uttar Pradesh,"MLN Med Coll, Allahabad",GENERAL MEDICINE,AIQ,"₹ 40,000.00",NA,2,"₹ 40,00,000.00","₹ 1,00,980.00"
Karnataka,"Mysore Med Coll, Mysore",GENERAL MEDICINE,AIQ,"₹ 1,24,150.00",1050,3,"₹ 50,00,000.00","₹ 56,250.00"
Bihar,"Nalanda Med Coll, Patna",GENERAL MEDICINE,AIQ,"₹ 9,000.00",750,3,"₹ 25,00,000.00","₹ 82,000.00"
Madhya Pradesh,"NSC Bose Med Coll, Jabalpur",GENERAL MEDICINE,AIQ,"₹ 1,01,500.00",1150,1,"₹ 10,00,000.00","₹ 75,444.00"
West Bengal,"Nilratan Sircar, Kolkata",GENERAL MEDICINE,AIQ,"₹ 12,000.00",1920,3,"₹ 30,00,000.00","₹ 49,884.00"
Telangana,"NIMS, Hyderabad",GENERAL MEDICINE,AIQ,"₹ 72,000.00",1498,1,"₹ 20,00,000.00","₹ 1,11,780.00"
West Bengal,"NBMC, Darjeeling",GENERAL MEDICINE,AIQ,"₹ 12,000.00",843,3,"₹ 30,00,000.00","₹ 49,884.00"
Meghalaya,"NEIGRIHMS, Shillong",GENERAL MEDICINE,AIQ,"₹ 16,300.00",594,0,₹ 0.00,"₹ 96,000.00"
Telangana,"Osmania Med Coll, Hyderabad",GENERAL MEDICINE,AIQ,"₹ 25,000.00",4800,1,"₹ 20,00,000.00","₹ 58,289.00"
Bihar,"Patna Med Coll, Patna",GENERAL MEDICINE,AIQ,"₹ 9,000.00",1748,3,"₹ 25,00,000.00","₹ 82,000.00"
Delhi,"ABVIMS (Dr RML Hosp), Delhi",GENERAL MEDICINE,AIQ,"₹ 41,000.00",1626,0,₹ 0.00,"₹ 1,20,965.00"
Maharashtra,"Pimpri Chinchwad, Pimpri",GENERAL MEDICINE,AIQ,"₹ 1,43,300.00",750,1,"₹ 50,00,000.00","₹ 92,522.00"
Odisha,"PGIMER&CapitalHosp,Bhubaneswar",GENERAL MEDICINE,AIQ,"₹ 38,500.00",760,2,"₹ 53,30,000.00","₹ 70,686.00"
Haryana,"Pt BD Sharma, Rohtak",GENERAL MEDICINE,AIQ,"₹ 1,25,000.00",2080,0,₹ 0.00,"₹ 1,00,980.00"
Chhattisgarh,"Pt JNM Med Coll, Raipur",GENERAL MEDICINE,AIQ,"₹ 20,000.00",1246,2,"₹ 50,00,000.00","₹ 67,500.00"
Maharashtra,"SRTT, Ambajogai",GENERAL MEDICINE,AIQ,"₹ 1,43,300.00",518,1,"₹ 50,00,000.00","₹ 92,522.00"
Rajasthan,"RNT, Udaipur",GENERAL MEDICINE,AIQ,"₹ 12,812.00",2206,2,"₹ 25,00,000.00","₹ 82,800.00"
Karnataka,"Raichur IMS, Raichur",GENERAL MEDICINE,AIQ,"₹ 1,24,150.00",500,3,"₹ 50,00,000.00","₹ 56,250.00"
Tamil Nadu,"Rajah Muthiah, Annamalainagar",GENERAL MEDICINE,AIQ,"₹ 50,000.00",1400,2,"₹ 40,00,000.00","₹ 52,451.00"
Maharashtra,"Rajarshee CSM Govt MC,Kolhapur",GENERAL MEDICINE,AIQ,"₹ 1,43,300.00",665,1,"₹ 50,00,000.00","₹ 92,522.00"
Jharkhand,"Rajendra IMS, Ranchi",GENERAL MEDICINE,AIQ,"₹ 1,500.00",1754,3,"₹ 30,00,000.00","₹ 1,00,770.00"
Telangana,"Rajiv Gandhi IMS, Adilabad",GENERAL MEDICINE,AIQ,"₹ 25,000.00",NA,1,"₹ 20,00,000.00","₹ 58,289.00"
Andhra Pradesh,"Rajiv Gandhi IMS, Kadapa",GENERAL MEDICINE,AIQ,"₹ 48,600.00",715,0,₹ 0.00,"₹ 60,823.00"
Andhra Pradesh,"Rajiv Gandhi IMS, Srikakulam",GENERAL MEDICINE,AIQ,"₹ 48,600.00",532,0,₹ 0.00,"₹ 60,823.00"
Andhra Pradesh,"Rajiv Gandhi IMS, Ongole",GENERAL MEDICINE,AIQ,"₹ 48,600.00",500,0,₹ 0.00,"₹ 60,823.00"
Andhra Pradesh,"Rangaraya Med Coll, Kakinada",GENERAL MEDICINE,AIQ,"₹ 48,600.00",1450,0,₹ 0.00,"₹ 60,823.00"
Manipur,"RIMS, Imphal",GENERAL MEDICINE,AIQ,"₹ 5,000.00",1074,1,"₹ 20,00,000.00","₹ 1,06,380.00"
West Bengal,"RG Kar Med Coll, Kolkata",GENERAL MEDICINE,AIQ,"₹ 12,000.00",1663,3,"₹ 30,00,000.00","₹ 49,884.00"
Uttar Pradesh,"SN Med Coll, Agra",GENERAL MEDICINE,AIQ,"₹ 40,000.00",976,2,"₹ 40,00,000.00","₹ 1,00,980.00"
Andhra Pradesh,"SV Med Coll, Tirupati",GENERAL MEDICINE,AIQ,"₹ 48,600.00",940,0,₹ 0.00,"₹ 60,823.00"
Rajasthan,"SP Med Coll, Bikaner",GENERAL MEDICINE,AIQ,"₹ 12,812.00",NA,2,"₹ 25,00,000.00","₹ 82,800.00"
Odisha,"SCB, Cuttack",GENERAL MEDICINE,AIQ,"₹ 38,500.00",2106,2,"₹ 53,30,000.00","₹ 70,686.00"
Maharashtra,"Seth GS, Mumbai",GENERAL MEDICINE,AIQ,"₹ 1,43,300.00",2250,1,"₹ 50,00,000.00","₹ 92,522.00"
Jharkhand,"Shaheed Nirmal Mahto, Dhanbad",GENERAL MEDICINE,AIQ,"₹ 1,500.00",560,3,"₹ 30,00,000.00","₹ 54,500.00"
Uttar Pradesh,"Shaik-ul-Hind, Saharanpur",GENERAL MEDICINE,AIQ,"₹ 40,000.00",500,2,"₹ 40,00,000.00","₹ 1,00,980.00"
Jammu and Kashmir,"Sher-I-Kashmir, Srinagar",GENERAL MEDICINE,AIQ,"₹ 11,000.00",NA,0,₹ 0.00,"₹ 82,000.00"
Karnataka,"Shimoga IMS, Shimoga",GENERAL MEDICINE,AIQ,"₹ 1,24,150.00",950,3,"₹ 50,00,000.00","₹ 56,250.00"
Bihar,"Sri Krishna, Muzzafarpur",GENERAL MEDICINE,AIQ,"₹ 9,000.00",610,3,"₹ 25,00,000.00","₹ 82,000.00"
Madhya Pradesh,"SSMC, Rewa",GENERAL MEDICINE,AIQ,"₹ 1,01,500.00",1140,1,"₹ 10,00,000.00","₹ 75,444.00"
Assam,"Silchar Med Coll, Silchar",GENERAL MEDICINE,AIQ,"₹ 17,900.00",1256,2,"₹ 20,00,000.00","₹ 55,200.00"
Rajasthan,"SMS, Jaipur",GENERAL MEDICINE,AIQ,"₹ 11,647.00",5702,2,"₹ 25,00,000.00","₹ 82,800.00"
Maharashtra,"Sri Bhausaheb, Dhule",GENERAL MEDICINE,AIQ,"₹ 1,43,300.00",545,1,"₹ 50,00,000.00","₹ 92,522.00"
Tamil Nadu,"Stanley Med Coll, Chennai",GENERAL MEDICINE,AIQ,"₹ 50,000.00",1661,2,"₹ 40,00,000.00","₹ 52,451.00"
Kerala,"TD Med Coll, Allepey",GENERAL MEDICINE,AIQ,"₹ 69,470.00",1050,1,"₹ 50,00,000.00","₹ 57,876.00"
Assam,"Tezpur Med Coll, Tezpur",GENERAL MEDICINE,AIQ,"₹ 17,900.00",500,2,"₹ 20,00,000.00","₹ 55,200.00"
Tamil Nadu,Thanjavur Med Coll,GENERAL MEDICINE,AIQ,"₹ 50,000.00",1466,2,"₹ 40,00,000.00","₹ 52,451.00"
Tamil Nadu,Govt Theni Med Coll,GENERAL MEDICINE,AIQ,"₹ 50,000.00",940,2,"₹ 40,00,000.00","₹ 52,451.00"
Tamil Nadu,Govt Thiruvarur Med Coll,GENERAL MEDICINE,AIQ,"₹ 50,000.00",555,2,"₹ 40,00,000.00","₹ 52,451.00"
Tamil Nadu,Govt Thoothukudi Med Coll,GENERAL MEDICINE,AIQ,"₹ 50,000.00",1212,2,"₹ 40,00,000.00","₹ 52,451.00"
Tamil Nadu,Tirunelveli Med Coll,GENERAL MEDICINE,AIQ,"₹ 50,000.00",1737,2,"₹ 40,00,000.00","₹ 52,451.00"
Maharashtra,"Topiwala, Mumbai",GENERAL MEDICINE,AIQ,"₹ 1,43,300.00",1300,1,"₹ 50,00,000.00","₹ 92,522.00"
Delhi,"UCMS, Delhi",GENERAL MEDICINE,AIQ,"₹ 57,600.00",1000,0,₹ 0.00,"₹ 1,26,927.00"
Bihar,"Vardhman IMS, Nalanda",GENERAL MEDICINE,AIQ,"₹ 9,000.00",640,3,"₹ 25,00,000.00","₹ 82,000.00"
Delhi,"VMMC, Delhi",GENERAL MEDICINE,AIQ,"₹ 41,000.00",1550,0,₹ 0.00,"₹ 1,20,965.00"
Odisha,"VIMSAR, Burla",GENERAL MEDICINE,AIQ,"₹ 38,500.00",1071,2,"₹ 53,30,000.00","₹ 70,686.00"
Karnataka,"VIMS, Bellary",GENERAL MEDICINE,AIQ,"₹ 1,24,150.00",1295,3,"₹ 50,00,000.00","₹ 56,250.00"
Goa,"Goa Med Coll, Panaji",GENERAL MEDICINE,AIQ,"₹ 1,22,522.00",1160,1,"₹ 50,00,000.00","₹ 60,000.00"
Maharashtra,"PGIMS, Navi Mumbai",GENERAL MEDICINE,AIQ,"₹ 1,43,300.00",NA,1,"₹ 50,00,000.00","₹ 92,522.00"
Uttar Pradesh,"Rajkiya Med Coll, Jalaun",GENERAL MEDICINE,AIQ,"₹ 40,000.00",NA,2,"₹ 40,00,000.00","₹ 1,00,980.00"
Telangana,"Malla Reddy IMS, Hyderabad",GENERAL MEDICINE,MNG,"₹ 55,00,000.00",940,1,"₹ 15,00,000.00","₹ 45,000.00"
Telangana,"Malla Reddy(Women), Hyderabad",GENERAL MEDICINE,MNG,"₹ 55,00,000.00",1050,1,"₹ 15,00,000.00","₹ 45,000.00"
Gujarat,"SBKS, Vadodara",GENERAL MEDICINE,MNG,"₹ 31,00,000.00",1340,0,₹ 0.00,"₹ 1,00,800.00"
Pondicherry,"Aarupadai Veedu, Pondicherry",GENERAL MEDICINE,MNG,"₹ 43,00,000.00",584,0,₹ 0.00,"₹ 40,000.00"
Tamil Nadu,"ACS Med Coll, Chennai",GENERAL MEDICINE,MNG,"₹ 40,00,000.00",1050,0,₹ 0.00,"₹ 20,000.00"
Kerala,"Amrita School of Med, Kochi",GENERAL MEDICINE,MNG,"₹ 35,00,000.00",1110,0,₹ 0.00,"₹ 43,000.00"
Maharashtra,"BVDU, Sangli",GENERAL MEDICINE,MNG,"₹ 28,01,450.00",853,1,"₹ 12,00,000.00","₹ 76,000.00"
Maharashtra,"BVDU, Pune",GENERAL MEDICINE,MNG,"₹ 35,65,485.00",856,1,"₹ 12,00,000.00","₹ 76,000.00"
Tamil Nadu,"Chettinad Hosp&RI,Kanchipuram",GENERAL MEDICINE,MNG,"₹ 38,00,000.00",1180,0,₹ 0.00,"₹ 48,000.00"
Maharashtra,"DY Patil, Kolhapur",GENERAL MEDICINE,MNG,"₹ 32,55,000.00",800,1,"₹ 20,00,000.00","₹ 76,629.00"
Andhra Pradesh,"GITAM IMS, Vizag",GENERAL MEDICINE,MNG,"₹ 33,00,000.00",780,0,₹ 0.00,"₹ 44,075.00"
Delhi,"Hamdard Institute, Delhi",GENERAL MEDICINE,MNG,"₹ 25,00,000.00",710,0,₹ 0.00,"₹ 80,000.00"
Odisha,"IMS & SUM, Bhubaneswar",GENERAL MEDICINE,MNG,"₹ 28,00,000.00",1410,0,₹ 0.00,"₹ 60,000.00"
Karnataka,"JN Medical College, Belgaum",GENERAL MEDICINE,MNG,"₹ 33,82,000.00",2400,1,"₹ 10,00,000.00","₹ 45,000.00"
Karnataka,"JSS Med Coll, Mysore",GENERAL MEDICINE,MNG,"₹ 34,00,000.00",2060,0,₹ 0.00,"₹ 45,000.00"
Karnataka,"KS Hegde, Mangalore",GENERAL MEDICINE,MNG,"₹ 27,30,000.00",1000,0,₹ 0.00,"₹ 45,000.00"
Odisha,"Kalinga IMS, Bhubaneswar",GENERAL MEDICINE,MNG,"₹ 21,00,000.00",1750,0,₹ 0.00,"₹ 70,000.00"
Karnataka,"Kasturba Med Coll, Mangalore",GENERAL MEDICINE,MNG,"₹ 27,92,000.00",1290,0,₹ 0.00,"₹ 45,000.00"
Karnataka,"Kasturba Med Coll, Manipal",GENERAL MEDICINE,MNG,"₹ 27,92,000.00",2032,0,₹ 0.00,"₹ 45,000.00"
Maharashtra,"Krishna IMS, Karad",GENERAL MEDICINE,MNG,"₹ 38,00,000.00",1125,0,₹ 0.00,"₹ 88,213.00"
Haryana,"MMIMS, Mullana, Ambala",GENERAL MEDICINE,MNG,"₹ 31,95,000.00",940,1,"₹ 10,00,000.00","₹ 56,100.00"
Pondicherry,"MGMC & RI, Pondicherry",GENERAL MEDICINE,MNG,"₹ 40,00,000.00",1380,0,₹ 0.00,"₹ 40,000.00"
Maharashtra,"MGM Med Coll, Aurangabad",GENERAL MEDICINE,MNG,"₹ 40,00,000.00",700,1,"₹ 25,00,000.00","₹ 88,000.00"
Maharashtra,"MGM Med Coll, Navi Mumbai",GENERAL MEDICINE,MNG,"₹ 40,00,000.00",1740,1,"₹ 25,00,000.00","₹ 88,000.00"
Tamil Nadu,"Meenakshi Med Coll, Enathur",GENERAL MEDICINE,MNG,"₹ 40,00,000.00",1110,0,₹ 0.00,"₹ 25,000.00"
Maharashtra,"DY Patil, Navi Mumbai",GENERAL MEDICINE,MNG,"₹ 46,00,000.00",1662,1,"₹ 10,00,000.00","₹ 76,629.00"
Karnataka,"Rajeshwari, Bangalore",GENERAL MEDICINE,MNG,"₹ 45,00,000.00",1460,0,₹ 0.00,"₹ 25,000.00"
Maharashtra,"Rural Med Coll, LONI",GENERAL MEDICINE,MNG,"₹ 30,00,000.00",1275,1,"₹ 5,00,000.00","₹ 64,559.00"
Uttar Pradesh,"Santosh Med Coll, Ghaziabad",GENERAL MEDICINE,MNG,"₹ 50,00,000.00",800,0,₹ 0.00,"₹ 56,010.00"
Tamil Nadu,"Saveetha, Kanchipuram",GENERAL MEDICINE,MNG,"₹ 40,00,000.00",1250,0,₹ 0.00,"₹ 35,000.00"
Karnataka,"Shri BM Patil, Vijayapura",GENERAL MEDICINE,MNG,"₹ 34,00,000.00",1130,0,₹ 0.00,"₹ 45,000.00"
Tamil Nadu,"Shri Satya Sai, Kancheepuram",GENERAL MEDICINE,MNG,"₹ 40,00,000.00",1120,0,₹ 0.00,"₹ 35,000.00"
Tamil Nadu,"Sree Balaji Med Coll, Chennai",GENERAL MEDICINE,MNG,"₹ 50,00,000.00",1250,0,₹ 0.00,"₹ 25,000.00"
Karnataka,"SDU Med Coll, Kolar",GENERAL MEDICINE,MNG,"₹ 33,80,000.00",1100,1,"₹ 22,00,000.00","₹ 45,000.00"
Pondicherry,"SLIMS, Pondicherry",GENERAL MEDICINE,MNG,"₹ 50,00,000.00",1230,0,₹ 0.00,"₹ 43,000.00"
Tamil Nadu,"SRMC & RI, Chennai",GENERAL MEDICINE,MNG,"₹ 32,00,000.00",1800,0,₹ 0.00,"₹ 48,000.00"
Karnataka,"Siddhartha Med Coll, Tumkur",GENERAL MEDICINE,MNG,"₹ 31,50,000.00",960,0,₹ 0.00,"₹ 30,000.00"
Tamil Nadu,"SRM Med Coll, Kancheepuram",GENERAL MEDICINE,MNG,"₹ 35,00,000.00",1590,0,₹ 0.00,"₹ 50,923.00"
Tamil Nadu,"Vinayaka Missions, Salem",GENERAL MEDICINE,MNG,"₹ 40,12,000.00",560,0,₹ 0.00,"₹ 35,000.00"
Pondicherry,"Vinayaka Missions, Karaikal",GENERAL MEDICINE,MNG,"₹ 35,00,000.00",590,0,₹ 0.00,"₹ 40,000.00"
Karnataka,"Yenepoya Med Coll, Mangalore",GENERAL MEDICINE,MNG,"₹ 40,00,000.00",910,0,₹ 0.00,"₹ 45,000.00"
Maharashtra,"JN Med College, Meghe, Wardha",GENERAL MEDICINE,MNG,"₹ 45,25,000.00",2150,1,"₹ 5,00,000.00","₹ 66,829.00"
Delhi,"Hamdard Institute, Delhi",GENERAL MEDICINE,MM,"₹ 25,00,000.00",710,0,₹ 0.00,"₹ 80,000.00"
Karnataka,"Yenepoya Med Coll, Mangalore",GENERAL MEDICINE,MM,"₹ 40,00,000.00",910,0,₹ 0.00,"₹ 45,000.00"
Gujarat,"SBKS, Vadodara",GENERAL MEDICINE,JM,"₹ 27,90,000.00",1340,1,"₹ 15,00,000.00","₹ 1,00,800.00"
Telangana,"Malla Reddy IMS, Hyderabad",GENERAL MEDICINE,NRI,"₹ 1,00,20,000.00",940,1,"₹ 15,00,000.00","₹ 45,000.00"
Telangana,"Malla Reddy(Women), Hyderabad",GENERAL MEDICINE,NRI,"₹ 1,00,20,000.00",1050,1,"₹ 15,00,000.00","₹ 45,000.00"
Gujarat,"SBKS, Vadodara",GENERAL MEDICINE,NRI,"₹ 63,04,000.00",1340,0,₹ 0.00,"₹ 1,00,800.00"
Pondicherry,"Aarupadai Veedu, Pondicherry",GENERAL MEDICINE,NRI,"₹ 64,02,000.00",584,0,₹ 0.00,"₹ 40,000.00"
Tamil Nadu,"ACS Med Coll, Chennai",GENERAL MEDICINE,NRI,"₹ 65,13,000.00",1050,0,₹ 0.00,"₹ 20,000.00"
Kerala,"Amrita School of Med, Kochi",GENERAL MEDICINE,NRI,"₹ 66,80,000.00",1110,0,₹ 0.00,"₹ 43,000.00"
Maharashtra,"BVDU, Sangli",GENERAL MEDICINE,NRI,"₹ 91,62,000.00",853,1,"₹ 12,00,000.00","₹ 76,000.00"
Maharashtra,"BVDU, Pune",GENERAL MEDICINE,NRI,"₹ 1,06,09,000.00",856,1,"₹ 12,00,000.00","₹ 76,000.00"
Tamil Nadu,"Chettinad Hosp&RI,Kanchipuram",GENERAL MEDICINE,NRI,"₹ 69,58,000.00",1180,0,₹ 0.00,"₹ 48,000.00"
Maharashtra,"DY Patil, Kolhapur",GENERAL MEDICINE,NRI,"₹ 64,30,000.00",800,1,"₹ 20,00,000.00","₹ 76,629.00"
Andhra Pradesh,"GITAM IMS, Vizag",GENERAL MEDICINE,NRI,"₹ 1,33,60,000.00",780,0,₹ 0.00,"₹ 44,075.00"
Delhi,"Hamdard Institute, Delhi",GENERAL MEDICINE,NRI,"₹ 58,45,000.00",710,0,₹ 0.00,"₹ 80,000.00"
Odisha,"IMS & SUM, Bhubaneswar",GENERAL MEDICINE,NRI,"₹ 68,05,000.00",1410,0,₹ 0.00,"₹ 60,000.00"
Karnataka,"JN Medical College, Belgaum",GENERAL MEDICINE,NRI,"₹ 82,08,000.00",2400,1,"₹ 10,00,000.00","₹ 45,000.00"
Karnataka,"JSS Med Coll, Mysore",GENERAL MEDICINE,NRI,"₹ 88,20,000.00",2060,0,₹ 0.00,"₹ 45,000.00"
Karnataka,"KS Hegde, Mangalore",GENERAL MEDICINE,NRI,"₹ 63,30,000.00",1000,0,₹ 0.00,"₹ 45,000.00"
Odisha,"Kalinga IMS, Bhubaneswar",GENERAL MEDICINE,NRI,"₹ 50,10,000.00",1750,0,₹ 0.00,"₹ 70,000.00"
Karnataka,"Kasturba Med Coll, Mangalore",GENERAL MEDICINE,NRI,"₹ 49,77,000.00",1290,0,₹ 0.00,"₹ 45,000.00"
Karnataka,"Kasturba Med Coll, Manipal",GENERAL MEDICINE,NRI,"₹ 49,77,000.00",2032,0,₹ 0.00,"₹ 45,000.00"
Maharashtra,"Krishna IMS, Karad",GENERAL MEDICINE,NRI,"₹ 96,03,000.00",1125,0,₹ 0.00,"₹ 88,213.00"
Haryana,"MMIMS, Mullana, Ambala",GENERAL MEDICINE,NRI,"₹ 83,50,000.00",940,1,"₹ 10,00,000.00","₹ 56,100.00"
Pondicherry,"MGMC & RI, Pondicherry",GENERAL MEDICINE,NRI,"₹ 58,45,000.00",1380,0,₹ 0.00,"₹ 40,000.00"
Maharashtra,"MGM Med Coll, Aurangabad",GENERAL MEDICINE,NRI,"₹ 1,00,00,000.00",700,1,"₹ 25,00,000.00","₹ 88,000.00"
Maharashtra,"MGM Med Coll, Navi Mumbai",GENERAL MEDICINE,NRI,"₹ 1,00,00,000.00",1740,1,"₹ 25,00,000.00","₹ 88,000.00"
Tamil Nadu,"Meenakshi Med Coll, Enathur",GENERAL MEDICINE,NRI,"₹ 58,45,000.00",1110,0,₹ 0.00,"₹ 25,000.00"
Karnataka,"Rajeshwari, Bangalore",GENERAL MEDICINE,NRI,"₹ 67,22,000.00",1460,0,₹ 0.00,"₹ 25,000.00"
Maharashtra,"Rural Med Coll, LONI",GENERAL MEDICINE,NRI,"₹ 1,52,74,000.00",1275,1,"₹ 5,00,000.00","₹ 64,559.00"
Uttar Pradesh,"Santosh Med Coll, Ghaziabad",GENERAL MEDICINE,NRI,"₹ 1,00,20,000.00",800,0,₹ 0.00,"₹ 56,010.00"
Tamil Nadu,"Saveetha, Kanchipuram",GENERAL MEDICINE,NRI,"₹ 54,28,000.00",1250,0,₹ 0.00,"₹ 35,000.00"
Karnataka,"Shri BM Patil, Vijayapura",GENERAL MEDICINE,NRI,"₹ 50,00,000.00",1130,0,₹ 0.00,"₹ 45,000.00"
Tamil Nadu,"Shri Satya Sai, Kancheepuram",GENERAL MEDICINE,NRI,"₹ 58,45,000.00",1120,0,₹ 0.00,"₹ 35,000.00"
Karnataka,"SDU Med Coll, Kolar",GENERAL MEDICINE,NRI,"₹ 85,17,000.00",1100,1,"₹ 22,00,000.00","₹ 45,000.00"
Tamil Nadu,"SRMC & RI, Chennai",GENERAL MEDICINE,NRI,"₹ 62,63,000.00",1800,0,₹ 0.00,"₹ 48,000.00"
Karnataka,"Siddhartha Med Coll, Tumkur",GENERAL MEDICINE,NRI,"₹ 85,00,000.00",960,0,₹ 0.00,"₹ 30,000.00"
Tamil Nadu,"SRM Med Coll, Kancheepuram",GENERAL MEDICINE,NRI,"₹ 83,50,000.00",1590,0,₹ 0.00,"₹ 50,923.00"
Tamil Nadu,"Vinayaka Missions, Salem",GENERAL MEDICINE,NRI,"₹ 58,45,000.00",560,0,₹ 0.00,"₹ 35,000.00"
Pondicherry,"Vinayaka Missions, Karaikal",GENERAL MEDICINE,NRI,"₹ 50,10,000.00",590,0,₹ 0.00,"₹ 40,000.00"
Karnataka,"Yenepoya Med Coll, Mangalore",GENERAL MEDICINE,NRI,"₹ 70,00,000.00",910,0,₹ 0.00,"₹ 45,000.00"
Maharashtra,"DY Patil, Navi Mumbai",GENERAL MEDICINE,NRI,"₹ 91,85,000.00",1662,1,"₹ 10,00,000.00","₹ 76,629.00"
Maharashtra,"JN Med College, Meghe, Wardha",GENERAL MEDICINE,NRI,"₹ 66,22,000.00",2150,1,"₹ 5,00,000.00","₹ 66,829.00"
Delhi,"MAMC, Delhi",GENERAL MEDICINE,DU,"₹ 57,600.00",2800,0,₹ 0.00,"₹ 1,26,927.00"
Delhi,"Lady Hardinge, Delhi",GENERAL MEDICINE,DU,"₹ 57,600.00",877,0,₹ 0.00,"₹ 1,26,927.00"
Delhi,"UCMS, Delhi",GENERAL MEDICINE,DU,"₹ 57,600.00",1000,0,₹ 0.00,"₹ 1,26,927.00"
Delhi,"VMMC, Delhi",GENERAL MEDICINE,IP,"₹ 41,000.00",1550,0,₹ 0.00,"₹ 1,20,965.00"
Delhi,"ESI, Basaidarpur, Delhi",GENERAL MEDICINE,IP,"₹ 2,50,000.00",600,2,"₹ 10,00,000.00","₹ 1,15,000.00"
Delhi,"ABVIMS (Dr RML Hosp), Delhi",GENERAL MEDICINE,IP,"₹ 41,000.00",1626,0,₹ 0.00,"₹ 1,20,965.00"
Uttar Pradesh,"IMS(BHU), Varanasi",GENERAL MEDICINE,BHU,"₹ 48,226.00",1165,0,₹ 0.00,"₹ 1,00,706.00"
Uttar Pradesh,"JNMC (AMU), Aligarh",GENERAL MEDICINE,AMU,"₹ 38,000.00",1269,0,₹ 0.00,"₹ 1,08,000.00"
Uttar Pradesh,"Command Hospital, Lucknow",GENERAL MEDICINE,AFMS,"₹ 38,700.00",780,5,"₹ 57,50,000.00","₹ 1,21,878.00"
Haryana,"Command Hospital, Chandimandir",GENERAL MEDICINE,AFMS,"₹ 1,17,000.00",658,5,"₹ 57,50,000.00","₹ 1,00,980.00"
Maharashtra,"INHS, Aswini",GENERAL MEDICINE,AFMS,"₹ 1,71,850.00",825,5,"₹ 57,50,000.00","₹ 91,082.00"
Karnataka,"Command Hospital, Bangalore",GENERAL MEDICINE,AFMS,"₹ 20,000.00",716,5,"₹ 57,50,000.00","₹ 56,250.00"
West Bengal,"Command Hospital, Kolkata",GENERAL MEDICINE,AFMS,"₹ 12,000.00",760,5,"₹ 57,50,000.00","₹ 49,884.00"
Maharashtra,"AFMC, Pune",GENERAL MEDICINE,AFMS,"₹ 1,43,500.00",1082,5,"₹ 57,50,000.00","₹ 91,282.00"
Maharashtra,"GovtMedColl,ChhatrapatiSambhajiNgr",GERIATRICS,AIQ,"₹ 1,43,300.00",1177,1,"₹ 50,00,000.00","₹ 92,522.00"
Maharashtra,"Grant Med Coll, Mumbai",GERIATRICS,AIQ,"₹ 1,43,300.00",2844,1,"₹ 50,00,000.00","₹ 92,522.00"
Uttar Pradesh,"IMS(BHU), Varanasi",GERIATRICS,AIQ,"₹ 48,226.00",1165,0,₹ 0.00,"₹ 1,00,706.00"
Tamil Nadu,"Madras Med Coll, Chennai",GERIATRICS,AIQ,"₹ 50,000.00",7285,2,"₹ 40,00,000.00","₹ 52,451.00"
West Bengal,"Govt. Med College, Kolkata",GERIATRICS,AIQ,"₹ 12,000.00",2668,3,"₹ 30,00,000.00","₹ 49,884.00"
Goa,"Goa Med Coll, Panaji",GERIATRICS,AIQ,"₹ 1,22,522.00",1160,1,"₹ 50,00,000.00","₹ 60,000.00"
Rajasthan,"SMS, Jaipur",GERIATRICS,AIQ,"₹ 11,647.00",5702,2,"₹ 25,00,000.00","₹ 82,800.00"
Kerala,"Amrita School of Med, Kochi",GERIATRICS,MNG,"₹ 21,00,000.00",1110,0,₹ 0.00,"₹ 43,000.00"
Karnataka,"JSS Med Coll, Mysore",GERIATRICS,MNG,"₹ 15,00,000.00",2060,0,₹ 0.00,"₹ 45,000.00"
Maharashtra,"MGM Med Coll, Navi Mumbai",GERIATRICS,MNG,"₹ 30,00,000.00",1740,1,"₹ 25,00,000.00","₹ 88,000.00"
Maharashtra,"DY Patil, Navi Mumbai",GERIATRICS,MNG,"₹ 30,00,000.00",1662,1,"₹ 10,00,000.00","₹ 76,629.00"
Karnataka,"Shri BM Patil, Vijayapura",GERIATRICS,MNG,"₹ 15,00,000.00",1130,0,₹ 0.00,"₹ 45,000.00"
Karnataka,"Yenepoya Med Coll, Mangalore",GERIATRICS,MNG,"₹ 30,00,000.00",910,0,₹ 0.00,"₹ 45,000.00"
Karnataka,"Yenepoya Med Coll, Mangalore",GERIATRICS,MM,"₹ 30,00,000.00",910,0,₹ 0.00,"₹ 45,000.00"
Uttar Pradesh,"IMS(BHU), Varanasi",GERIATRICS,BHU,"₹ 48,226.00",1165,0,₹ 0.00,"₹ 1,00,706.00"
Uttar Pradesh,"KGMU, Lucknow",HOSPITAL ADMINISTRATION,AIQ,"₹ 54,700.00",4500,2,"₹ 40,00,000.00","₹ 1,09,955.00"
Telangana,"NIMS, Hyderabad",HOSPITAL ADMINISTRATION,AIQ,"₹ 72,000.00",1498,1,"₹ 20,00,000.00","₹ 1,11,780.00"
Andhra Pradesh,"Rangaraya Med Coll, Kakinada",HOSPITAL ADMINISTRATION,AIQ,"₹ 48,600.00",1450,0,₹ 0.00,"₹ 60,823.00"
Jammu and Kashmir,"Sher-I-Kashmir, Srinagar",HOSPITAL ADMINISTRATION,AIQ,"₹ 11,000.00",NA,0,₹ 0.00,"₹ 82,000.00"
Karnataka,"JSS Med Coll, Mysore",HOSPITAL ADMINISTRATION,MNG,"₹ 8,00,000.00",2060,0,₹ 0.00,"₹ 45,000.00"
Karnataka,"Kasturba Med Coll, Manipal",HOSPITAL ADMINISTRATION,MNG,"₹ 17,10,000.00",2032,0,₹ 0.00,"₹ 45,000.00"
Karnataka,"Kasturba Med Coll, Manipal",HOSPITAL ADMINISTRATION,NRI,"₹ 35,24,000.00",2032,0,₹ 0.00,"₹ 45,000.00"
Jammu and Kashmir,"Govt Med Coll, Jammu",IHBT,AIQ,"₹ 25,000.00",1700,0,₹ 0.00,"₹ 59,500.00"
Rajasthan,"Govt Med Coll, Kota",IHBT,AIQ,"₹ 12,812.00",2581,2,"₹ 25,00,000.00","₹ 82,800.00"
Maharashtra,"Grant Med Coll, Mumbai",IHBT,AIQ,"₹ 1,43,300.00",2844,1,"₹ 50,00,000.00","₹ 92,522.00"
Punjab,"Guru Govind Singh, Faridkot",IHBT,AIQ,"₹ 1,25,000.00",1000,1,"₹ 10,00,000.00","₹ 67,968.00"
Rajasthan,"JLNMC, Ajmer",IHBT,AIQ,"₹ 10,982.00",1428,2,"₹ 25,00,000.00","₹ 82,800.00"
Uttar Pradesh,"KGMU, Lucknow",IHBT,AIQ,"₹ 54,700.00",4500,2,"₹ 40,00,000.00","₹ 1,09,955.00"
Madhya Pradesh,"MGM Med Coll, Indore",IHBT,AIQ,"₹ 1,01,500.00",1300,1,"₹ 10,00,000.00","₹ 75,444.00"
Tamil Nadu,"Madras Med Coll, Chennai",IHBT,AIQ,"₹ 50,000.00",7285,2,"₹ 40,00,000.00","₹ 52,451.00"
Tamil Nadu,"Madurai Med Coll, Madurai",IHBT,AIQ,"₹ 50,000.00",3518,2,"₹ 40,00,000.00","₹ 52,451.00"
West Bengal,"Govt. Med College, Kolkata",IHBT,AIQ,"₹ 12,000.00",2668,3,"₹ 30,00,000.00","₹ 49,884.00"
Kerala,"Medical College, Trivandrum",IHBT,AIQ,"₹ 69,470.00",2126,1,"₹ 50,00,000.00","₹ 57,876.00"
Odisha,"MKCG, Berhampur",IHBT,AIQ,"₹ 38,500.00",1140,2,"₹ 53,30,000.00","₹ 70,686.00"
Uttar Pradesh,"MLN Med Coll, Allahabad",IHBT,AIQ,"₹ 40,000.00",NA,2,"₹ 40,00,000.00","₹ 1,00,980.00"
Rajasthan,"RNT, Udaipur",IHBT,AIQ,"₹ 12,812.00",2206,2,"₹ 25,00,000.00","₹ 82,800.00"
Manipur,"RIMS, Imphal",IHBT,AIQ,"₹ 5,000.00",1074,1,"₹ 20,00,000.00","₹ 1,06,380.00"
Uttar Pradesh,"SGPGI, Lucknow",IHBT,AIQ,"₹ 61,600.00",1609,2,"₹ 40,00,000.00","₹ 1,11,780.00"
Rajasthan,"SP Med Coll, Bikaner",IHBT,AIQ,"₹ 12,812.00",NA,2,"₹ 25,00,000.00","₹ 82,800.00"
Odisha,"SCB, Cuttack",IHBT,AIQ,"₹ 38,500.00",2106,2,"₹ 53,30,000.00","₹ 70,686.00"
Maharashtra,"Seth GS, Mumbai",IHBT,AIQ,"₹ 1,43,300.00",2250,1,"₹ 50,00,000.00","₹ 92,522.00"
Rajasthan,"SMS, Jaipur",IHBT,AIQ,"₹ 11,647.00",5702,2,"₹ 25,00,000.00","₹ 82,800.00"
Kerala,"TD Med Coll, Allepey",IHBT,AIQ,"₹ 69,470.00",1050,1,"₹ 50,00,000.00","₹ 57,876.00"
Maharashtra,"Tata Memorial, Mumbai",IHBT,AIQ,"₹ 1,05,500.00",614,1,"₹ 25,00,000.00","₹ 1,00,800.00"
Tamil Nadu,"TamilNadu MGR Med Univ,Chennai",IHBT,AIQ,"₹ 50,000.00",NA,2,"₹ 40,00,000.00","₹ 52,451.00"
Tamil Nadu,Tirunelveli Med Coll,IHBT,AIQ,"₹ 50,000.00",1737,2,"₹ 40,00,000.00","₹ 52,451.00"
Goa,"Goa Med Coll, Panaji",IHBT,AIQ,"₹ 1,22,522.00",1160,1,"₹ 50,00,000.00","₹ 60,000.00"
Karnataka,"ESI, Bangalore",IHBT,AIQ,"₹ 2,50,000.00",530,2,"₹ 10,00,000.00","₹ 1,11,780.00"
Maharashtra,"BVDU, Pune",IHBT,MNG,"₹ 14,70,000.00",856,1,"₹ 12,00,000.00","₹ 76,000.00"
Odisha,"IMS & SUM, Bhubaneswar",IHBT,MNG,"₹ 9,75,000.00",1410,0,₹ 0.00,"₹ 60,000.00"
Odisha,"Kalinga IMS, Bhubaneswar",IHBT,MNG,"₹ 9,00,000.00",1750,0,₹ 0.00,"₹ 70,000.00"
Karnataka,"Kasturba Med Coll, Manipal",IHBT,MNG,"₹ 19,60,000.00",2032,0,₹ 0.00,"₹ 45,000.00"
Maharashtra,"MGM Med Coll, Navi Mumbai",IHBT,MNG,"₹ 20,00,000.00",1740,1,"₹ 25,00,000.00","₹ 88,000.00"
Maharashtra,"DY Patil, Navi Mumbai",IHBT,MNG,"₹ 30,00,000.00",1662,1,"₹ 10,00,000.00","₹ 76,629.00"
Uttar Pradesh,"Santosh Med Coll, Ghaziabad",IHBT,MNG,"₹ 10,00,000.00",800,0,₹ 0.00,"₹ 56,010.00"
Tamil Nadu,"Saveetha, Kanchipuram",IHBT,MNG,"₹ 10,00,000.00",1250,0,₹ 0.00,"₹ 35,000.00"
Tamil Nadu,"SRMC & RI, Chennai",IHBT,MNG,"₹ 9,00,000.00",1800,0,₹ 0.00,"₹ 48,000.00"
Tamil Nadu,"Vinayaka Missions, Salem",IHBT,MNG,"₹ 10,00,000.00",560,0,₹ 0.00,₹ 0.00
Karnataka,"Kasturba Med Coll, Manipal",IHBT,NRI,"₹ 35,24,000.00",2032,0,₹ 0.00,"₹ 45,000.00"
Tamil Nadu,"SRMC & RI, Chennai",IHBT,NRI,"₹ 25,05,000.00",1800,0,₹ 0.00,"₹ 48,000.00"
Andhra Pradesh,"Govt Med Coll, Ananthapuram",MICROBIOLOGY,AIQ,"₹ 48,600.00",500,0,₹ 0.00,"₹ 60,823.00"
Maharashtra,"GovtMedColl,ChhatrapatiSambhajiNgr",MICROBIOLOGY,AIQ,"₹ 1,43,300.00",1177,1,"₹ 50,00,000.00","₹ 92,522.00"
Maharashtra,"Govt Med Coll, Chandrapur",MICROBIOLOGY,AIQ,"₹ 1,43,300.00",650,1,"₹ 50,00,000.00","₹ 92,522.00"
Madhya Pradesh,"Govt Med Coll, Datia",MICROBIOLOGY,AIQ,"₹ 1,01,500.00",540,1,"₹ 10,00,000.00","₹ 75,444.00"
Kerala,"Govt Med Coll, Ernakulam",MICROBIOLOGY,AIQ,"₹ 69,470.00",700,1,"₹ 50,00,000.00","₹ 57,876.00"
Uttar Pradesh,"Govt Med Coll, Firozobad",MICROBIOLOGY,AIQ,"₹ 40,000.00",517,2,"₹ 40,00,000.00","₹ 1,00,980.00"
Maharashtra,"Govt Med Coll, Gondia",MICROBIOLOGY,AIQ,"₹ 1,43,300.00",500,1,"₹ 50,00,000.00","₹ 92,522.00"
Maharashtra,"Govt Med Coll, Jalgaon",MICROBIOLOGY,AIQ,"₹ 1,43,300.00",441,1,"₹ 50,00,000.00","₹ 92,522.00"
Jammu and Kashmir,"Govt Med Coll, Jammu",MICROBIOLOGY,AIQ,"₹ 25,000.00",1700,0,₹ 0.00,"₹ 59,500.00"
Madhya Pradesh,"Govt Med Coll, Khandwa",MICROBIOLOGY,AIQ,"₹ 1,01,500.00",NA,1,"₹ 10,00,000.00","₹ 75,444.00"
Kerala,"Govt Med Coll, Kollam",MICROBIOLOGY,AIQ,"₹ 69,470.00",500,1,"₹ 50,00,000.00","₹ 57,876.00"
Rajasthan,"Govt Med Coll, Kota",MICROBIOLOGY,AIQ,"₹ 12,812.00",2581,2,"₹ 25,00,000.00","₹ 82,800.00"
Kerala,"Govt Med Coll, Kottayam",MICROBIOLOGY,AIQ,"₹ 69,470.00",NA,1,"₹ 50,00,000.00","₹ 57,876.00"
Kerala,"Govt Med Coll, Kozhikode",MICROBIOLOGY,AIQ,"₹ 69,470.00",3025,1,"₹ 50,00,000.00","₹ 57,876.00"
Maharashtra,"Govt Med Coll, Latur",MICROBIOLOGY,AIQ,"₹ 1,43,300.00",750,1,"₹ 50,00,000.00","₹ 92,522.00"
Telangana,"Govt Med Coll, Mahabubnagar",MICROBIOLOGY,AIQ,"₹ 25,000.00",900,1,"₹ 20,00,000.00","₹ 58,289.00"
Maharashtra,"Govt Med Coll, Miraj",MICROBIOLOGY,AIQ,"₹ 1,43,300.00",725,1,"₹ 50,00,000.00","₹ 92,522.00"
Maharashtra,"Govt Med Coll, Nagpur",MICROBIOLOGY,AIQ,"₹ 1,43,300.00",1866,1,"₹ 50,00,000.00","₹ 92,522.00"
Telangana,"Govt Med Coll, Nalgonda",MICROBIOLOGY,AIQ,"₹ 25,000.00",580,1,"₹ 20,00,000.00","₹ 58,289.00"
Telangana,"Govt Med Coll, Nizamabad",MICROBIOLOGY,AIQ,"₹ 25,000.00",500,1,"₹ 20,00,000.00","₹ 58,289.00"
Rajasthan,"Govt Med Coll, Pali",MICROBIOLOGY,AIQ,"₹ 12,812.00",NA,2,"₹ 25,00,000.00","₹ 82,800.00"
Punjab,"Govt Med Coll, Patiala",MICROBIOLOGY,AIQ,"₹ 1,00,000.00",1130,1,"₹ 10,00,000.00","₹ 67,968.00"
Uttar Pradesh,"Govt Med Coll, Rampur, Basti",MICROBIOLOGY,AIQ,"₹ 40,000.00",500,2,"₹ 40,00,000.00","₹ 1,00,980.00"
Madhya Pradesh,"Govt Med Coll, Ratlam",MICROBIOLOGY,AIQ,"₹ 1,01,500.00",300,1,"₹ 10,00,000.00","₹ 75,444.00"
Madhya Pradesh,"Govt Med Coll, Shahdol, MP",MICROBIOLOGY,AIQ,"₹ 1,01,500.00",300,1,"₹ 10,00,000.00","₹ 75,444.00"
Uttar Pradesh,"Govt Med Coll, Shahjhanpur",MICROBIOLOGY,AIQ,"₹ 40,000.00",460,2,"₹ 40,00,000.00","₹ 1,00,980.00"
Madhya Pradesh,"Govt Med Coll, Shivpuri",MICROBIOLOGY,AIQ,"₹ 1,01,500.00",520,1,"₹ 10,00,000.00","₹ 75,444.00"
Telangana,"Govt Med Coll, Siddipet",MICROBIOLOGY,AIQ,"₹ 25,000.00",780,1,"₹ 20,00,000.00","₹ 58,289.00"
Jammu and Kashmir,"Govt Med Coll, Srinagar",MICROBIOLOGY,AIQ,"₹ 35,750.00",2150,0,₹ 0.00,"₹ 59,500.00"
Telangana,"Govt Med Coll, Suryapet",MICROBIOLOGY,AIQ,"₹ 25,000.00",580,1,"₹ 20,00,000.00","₹ 58,289.00"
Kerala,"Govt Med Coll, Thrissur",MICROBIOLOGY,AIQ,"₹ 69,470.00",1400,1,"₹ 50,00,000.00","₹ 57,876.00"
Andhra Pradesh,"Govt Siddhartha, Vijaywada",MICROBIOLOGY,AIQ,"₹ 48,600.00",707,0,₹ 0.00,"₹ 60,823.00"
Maharashtra,"Grant Med Coll, Mumbai",MICROBIOLOGY,AIQ,"₹ 1,43,300.00",2844,1,"₹ 50,00,000.00","₹ 92,522.00"
Karnataka,"Gulbarga IMS, Gulbarga",MICROBIOLOGY,AIQ,"₹ 69,150.00",873,3,"₹ 50,00,000.00","₹ 56,250.00"
Andhra Pradesh,"Guntur Med Coll, Guntur",MICROBIOLOGY,AIQ,"₹ 48,600.00",1170,0,₹ 0.00,"₹ 60,823.00"
Punjab,"Guru Govind Singh, Faridkot",MICROBIOLOGY,AIQ,"₹ 1,00,000.00",1000,1,"₹ 10,00,000.00","₹ 67,968.00"
Karnataka,"Hassan IMS, Hassan",MICROBIOLOGY,AIQ,"₹ 69,150.00",NA,3,"₹ 50,00,000.00","₹ 56,250.00"
Bihar,"IGIMS, Patna",MICROBIOLOGY,AIQ,"₹ 1,60,000.00",1062,0,₹ 0.00,"₹ 1,05,000.00"
Maharashtra,"Indira Gandhi MedColl, Nagpur",MICROBIOLOGY,AIQ,"₹ 1,43,300.00",822,1,"₹ 50,00,000.00","₹ 92,522.00"
Pondicherry,"IGMC & RI, Pondicherry",MICROBIOLOGY,AIQ,"₹ 1,10,000.00",750,0,₹ 0.00,"₹ 43,000.00"
Himachal Pradesh,"IGMC, Shimla",MICROBIOLOGY,AIQ,"₹ 39,000.00",1031,3,"₹ 40,00,000.00","₹ 40,000.00"
Uttar Pradesh,"IMS(BHU), Varanasi",MICROBIOLOGY,AIQ,"₹ 48,226.00",1165,0,₹ 0.00,"₹ 1,00,706.00"
West Bengal,"IPGMER, Kolkata",MICROBIOLOGY,AIQ,"₹ 12,000.00",2300,3,"₹ 30,00,000.00","₹ 49,884.00"
Manipur,"JNIMS, Imphal",MICROBIOLOGY,AIQ,"₹ 1,00,000.00",643,0,₹ 0.00,"₹ 50,000.00"
Rajasthan,"JLNMC, Ajmer",MICROBIOLOGY,AIQ,"₹ 10,982.00",1428,2,"₹ 25,00,000.00","₹ 82,800.00"
Uttar Pradesh,"JNMC (AMU), Aligarh",MICROBIOLOGY,AIQ,"₹ 38,000.00",1269,0,₹ 0.00,"₹ 1,08,000.00"
Bihar,"Jawaharlal Nehru, Bhagalpur",MICROBIOLOGY,AIQ,"₹ 9,000.00",800,3,"₹ 25,00,000.00","₹ 82,000.00"
Rajasthan,"Jhalawar Med Coll, Jhalawar",MICROBIOLOGY,AIQ,"₹ 88,265.00",NA,2,"₹ 25,00,000.00","₹ 82,800.00"
Assam,"Jorhat Med Coll, Jorhat",MICROBIOLOGY,AIQ,"₹ 17,900.00",814,2,"₹ 20,00,000.00","₹ 55,200.00"
Tamil Nadu,"KAPV Med Coll, Trichy",MICROBIOLOGY,AIQ,"₹ 50,000.00",2500,2,"₹ 40,00,000.00","₹ 52,451.00"
Telangana,"Kakatiya Med Coll, Warangal",MICROBIOLOGY,AIQ,"₹ 25,000.00",1150,1,"₹ 20,00,000.00","₹ 58,289.00"
Haryana,"Kalpana Chawala Govt MC,Karnal",MICROBIOLOGY,AIQ,"₹ 1,25,000.00",500,0,₹ 0.00,"₹ 1,00,980.00"
Karnataka,"KIMS, Hubli",MICROBIOLOGY,AIQ,"₹ 69,150.00",1200,3,"₹ 50,00,000.00","₹ 56,250.00"
Karnataka,Karwar Inst of Med Sciences,MICROBIOLOGY,AIQ,"₹ 69,150.00",650,3,"₹ 50,00,000.00","₹ 56,250.00"
Karnataka,"Kidwai Memorial, Bangalore",MICROBIOLOGY,AIQ,"₹ 69,150.00",680,3,"₹ 50,00,000.00","₹ 56,250.00"
Tamil Nadu,"Kilpauk Med Coll, Chennai",MICROBIOLOGY,AIQ,"₹ 50,000.00",1700,2,"₹ 40,00,000.00","₹ 52,451.00"
Uttar Pradesh,"KGMU, Lucknow",MICROBIOLOGY,AIQ,"₹ 54,700.00",4500,2,"₹ 40,00,000.00","₹ 1,09,955.00"
Karnataka,Kodagu Inst of Med Sciences,MICROBIOLOGY,AIQ,"₹ 69,150.00",600,3,"₹ 50,00,000.00","₹ 56,250.00"
Karnataka,"Koppal Inst of MS, Koppal",MICROBIOLOGY,AIQ,"₹ 69,150.00",NA,3,"₹ 50,00,000.00","₹ 56,250.00"
Andhra Pradesh,"Kurnool Med Coll, Kurnool",MICROBIOLOGY,AIQ,"₹ 48,600.00",1150,0,₹ 0.00,"₹ 60,823.00"
Delhi,"Lady Hardinge, Delhi",MICROBIOLOGY,AIQ,"₹ 57,600.00",877,0,₹ 0.00,"₹ 1,26,927.00"
Uttar Pradesh,"LLRM Med Coll, Meerut",MICROBIOLOGY,AIQ,"₹ 40,000.00",1090,2,"₹ 40,00,000.00","₹ 1,00,980.00"
Maharashtra,"Lokmanya Tilak, Sion, Mumbai",MICROBIOLOGY,AIQ,"₹ 1,43,300.00",1462,1,"₹ 50,00,000.00","₹ 92,522.00"
Madhya Pradesh,"MGM Med Coll, Indore",MICROBIOLOGY,AIQ,"₹ 1,01,500.00",1300,1,"₹ 10,00,000.00","₹ 75,444.00"
Tamil Nadu,"Madras Med Coll, Chennai",MICROBIOLOGY,AIQ,"₹ 50,000.00",7285,2,"₹ 40,00,000.00","₹ 52,451.00"
Tamil Nadu,"Madurai Med Coll, Madurai",MICROBIOLOGY,AIQ,"₹ 50,000.00",3518,2,"₹ 40,00,000.00","₹ 52,451.00"
Maharashtra,"Govt&MPGIMER, Nashik",MICROBIOLOGY,AIQ,"₹ 1,43,300.00",NA,1,"₹ 50,00,000.00","₹ 92,522.00"
Andhra Pradesh,"SVIMS, Tirupati",MICROBIOLOGY,AIQ,"₹ 2,11,600.00",1257,1,"₹ 40,00,000.00","₹ 80,904.00"
Maharashtra,"MGIMS, Wardha",MICROBIOLOGY,AIQ,"₹ 1,43,300.00",1000,1,"₹ 50,00,000.00","₹ 89,698.00"
West Bengal,Malda Med Coll,MICROBIOLOGY,AIQ,"₹ 12,000.00",NA,3,"₹ 30,00,000.00","₹ 49,884.00"
Karnataka,"Mandya IMS, Mandya",MICROBIOLOGY,AIQ,"₹ 69,150.00",NA,3,"₹ 50,00,000.00","₹ 56,250.00"
Delhi,"MAMC, Delhi",MICROBIOLOGY,AIQ,"₹ 57,600.00",2800,0,₹ 0.00,"₹ 1,26,927.00"
West Bengal,"Govt. Med College, Kolkata",MICROBIOLOGY,AIQ,"₹ 12,000.00",2668,3,"₹ 30,00,000.00","₹ 49,884.00"
Kerala,"Medical College, Trivandrum",MICROBIOLOGY,AIQ,"₹ 69,470.00",2126,1,"₹ 50,00,000.00","₹ 57,876.00"
Odisha,"MKCG, Berhampur",MICROBIOLOGY,AIQ,"₹ 38,500.00",1140,2,"₹ 66,30,000.00","₹ 88,686.00"
Tamil Nadu,"Govt. Mohan Kumaramangalam, Salem",MICROBIOLOGY,AIQ,"₹ 50,000.00",1642,2,"₹ 40,00,000.00","₹ 52,451.00"
Uttar Pradesh,"MLN Med Coll, Allahabad",MICROBIOLOGY,AIQ,"₹ 40,000.00",NA,2,"₹ 40,00,000.00","₹ 1,00,980.00"
Karnataka,"Mysore Med Coll, Mysore",MICROBIOLOGY,AIQ,"₹ 69,150.00",1050,3,"₹ 50,00,000.00","₹ 56,250.00"
Bihar,"Nalanda Med Coll, Patna",MICROBIOLOGY,AIQ,"₹ 9,000.00",750,3,"₹ 25,00,000.00","₹ 82,000.00"
Dadra and Nagar Haveli,"NAMO MERI Govt MedColl,Silvassa",MICROBIOLOGY,AIQ,"₹ 5,75,000.00",650,3,"₹ 50,00,000.00","₹ 50,000.00"
Madhya Pradesh,"NSC Bose Med Coll, Jabalpur",MICROBIOLOGY,AIQ,"₹ 1,01,500.00",1150,1,"₹ 10,00,000.00","₹ 75,444.00"
West Bengal,"Nilratan Sircar, Kolkata",MICROBIOLOGY,AIQ,"₹ 12,000.00",1920,3,"₹ 30,00,000.00","₹ 49,884.00"
Telangana,"NIMS, Hyderabad",MICROBIOLOGY,AIQ,"₹ 72,000.00",1498,1,"₹ 20,00,000.00","₹ 1,11,780.00"
West Bengal,"NBMC, Darjeeling",MICROBIOLOGY,AIQ,"₹ 12,000.00",843,3,"₹ 30,00,000.00","₹ 49,884.00"
Meghalaya,"NEIGRIHMS, Shillong",MICROBIOLOGY,AIQ,"₹ 16,300.00",594,0,₹ 0.00,"₹ 96,000.00"
Telangana,"Osmania Med Coll, Hyderabad",MICROBIOLOGY,AIQ,"₹ 25,000.00",4800,1,"₹ 20,00,000.00","₹ 58,289.00"
Bihar,"Patna Med Coll, Patna",MICROBIOLOGY,AIQ,"₹ 9,000.00",1748,3,"₹ 25,00,000.00","₹ 82,000.00"
Delhi,"ABVIMS (Dr RML Hosp), Delhi",MICROBIOLOGY,AIQ,"₹ 41,000.00",1626,0,₹ 0.00,"₹ 1,20,965.00"
Maharashtra,"Pimpri Chinchwad, Pimpri",MICROBIOLOGY,AIQ,"₹ 1,43,300.00",750,1,"₹ 50,00,000.00","₹ 92,522.00"
Haryana,"Pt BD Sharma, Rohtak",MICROBIOLOGY,AIQ,"₹ 1,25,000.00",2080,0,₹ 0.00,"₹ 1,00,980.00"
Maharashtra,"SRTT, Ambajogai",MICROBIOLOGY,AIQ,"₹ 1,43,300.00",518,1,"₹ 50,00,000.00","₹ 92,522.00"
Chhattisgarh,"Pt JNM Med Coll, Raipur",MICROBIOLOGY,AIQ,"₹ 20,000.00",1246,2,"₹ 50,00,000.00","₹ 67,500.00"
Rajasthan,"RNT, Udaipur",MICROBIOLOGY,AIQ,"₹ 12,812.00",2206,2,"₹ 25,00,000.00","₹ 82,800.00"
Karnataka,"Raichur IMS, Raichur",MICROBIOLOGY,AIQ,"₹ 69,150.00",500,3,"₹ 50,00,000.00","₹ 56,250.00"
Tamil Nadu,"Rajah Muthiah, Annamalainagar",MICROBIOLOGY,AIQ,"₹ 50,000.00",1400,2,"₹ 40,00,000.00","₹ 52,451.00"
Maharashtra,"Rajarshee CSM Govt MC,Kolhapur",MICROBIOLOGY,AIQ,"₹ 1,43,300.00",665,1,"₹ 50,00,000.00","₹ 92,522.00"
Jharkhand,"Rajendra IMS, Ranchi",MICROBIOLOGY,AIQ,"₹ 1,500.00",1754,3,"₹ 30,00,000.00","₹ 1,00,770.00"
Andhra Pradesh,"Rajiv Gandhi IMS, Kadapa",MICROBIOLOGY,AIQ,"₹ 48,600.00",715,0,₹ 0.00,"₹ 60,823.00"
Andhra Pradesh,"Rajiv Gandhi IMS, Srikakulam",MICROBIOLOGY,AIQ,"₹ 48,600.00",532,0,₹ 0.00,"₹ 60,823.00"
Andhra Pradesh,"Rajiv Gandhi IMS, Ongole",MICROBIOLOGY,AIQ,"₹ 48,600.00",500,0,₹ 0.00,"₹ 60,823.00"
Maharashtra,"Rajiv Gandhi MC & CSMH, Thane",MICROBIOLOGY,AIQ,"₹ 1,43,300.00",500,1,"₹ 50,00,000.00","₹ 92,522.00"
Andhra Pradesh,"Rangaraya Med Coll, Kakinada",MICROBIOLOGY,AIQ,"₹ 48,600.00",1450,0,₹ 0.00,"₹ 60,823.00"
Manipur,"RIMS, Imphal",MICROBIOLOGY,AIQ,"₹ 5,000.00",1074,0,₹ 0.00,"₹ 1,06,380.00"
West Bengal,"RG Kar Med Coll, Kolkata",MICROBIOLOGY,AIQ,"₹ 12,000.00",1663,3,"₹ 30,00,000.00","₹ 49,884.00"
Rajasthan,"RUHS, Jaipur",MICROBIOLOGY,AIQ,"₹ 30,491.00",300,2,"₹ 25,00,000.00","₹ 82,800.00"
Uttar Pradesh,"SN Med Coll, Agra",MICROBIOLOGY,AIQ,"₹ 40,000.00",976,2,"₹ 40,00,000.00","₹ 1,00,980.00"
Andhra Pradesh,"SV Med Coll, Tirupati",MICROBIOLOGY,AIQ,"₹ 48,600.00",940,0,₹ 0.00,"₹ 60,823.00"
Uttar Pradesh,"SGPGI, Lucknow",MICROBIOLOGY,AIQ,"₹ 61,600.00",1609,2,"₹ 40,00,000.00","₹ 1,11,780.00"
Rajasthan,"SP Med Coll, Bikaner",MICROBIOLOGY,AIQ,"₹ 12,812.00",NA,2,"₹ 25,00,000.00","₹ 82,800.00"
Odisha,"SCB, Cuttack",MICROBIOLOGY,AIQ,"₹ 38,500.00",2106,2,"₹ 66,30,000.00","₹ 88,686.00"
West Bengal,"School of Tropical Med,Kolkata",MICROBIOLOGY,AIQ,"₹ 12,000.00",173,3,"₹ 30,00,000.00","₹ 49,884.00"
Maharashtra,"Seth GS, Mumbai",MICROBIOLOGY,AIQ,"₹ 1,43,300.00",2250,1,"₹ 50,00,000.00","₹ 92,522.00"
Haryana,"SHKM, Nalhar",MICROBIOLOGY,AIQ,"₹ 1,25,000.00",500,0,₹ 0.00,"₹ 1,00,980.00"
Jammu and Kashmir,"Sher-I-Kashmir, Srinagar",MICROBIOLOGY,AIQ,"₹ 11,000.00",NA,0,₹ 0.00,"₹ 82,000.00"
Karnataka,"Shimoga IMS, Shimoga",MICROBIOLOGY,AIQ,"₹ 69,150.00",950,3,"₹ 50,00,000.00","₹ 56,250.00"
Karnataka,"Shri Atal Bihari Vajpayee, BLR",MICROBIOLOGY,AIQ,"₹ 69,150.00",956,3,"₹ 50,00,000.00","₹ 56,250.00"
Himachal Pradesh,"LalBahShastri Govt Med, Mandi",MICROBIOLOGY,AIQ,"₹ 39,000.00",500,3,"₹ 40,00,000.00","₹ 40,000.00"
Maharashtra,"Shri VR Naik Govt, Yavatmal",MICROBIOLOGY,AIQ,"₹ 1,43,300.00",756,1,"₹ 50,00,000.00","₹ 92,522.00"
Madhya Pradesh,"SSMC, Rewa",MICROBIOLOGY,AIQ,"₹ 1,01,500.00",1140,1,"₹ 10,00,000.00","₹ 75,444.00"
Assam,"Silchar Med Coll, Silchar",MICROBIOLOGY,AIQ,"₹ 17,900.00",1256,2,"₹ 20,00,000.00","₹ 55,200.00"
Rajasthan,"SMS, Jaipur",MICROBIOLOGY,AIQ,"₹ 11,647.00",5702,2,"₹ 25,00,000.00","₹ 82,800.00"
Maharashtra,"Sri Bhausaheb, Dhule",MICROBIOLOGY,AIQ,"₹ 1,43,300.00",545,1,"₹ 50,00,000.00","₹ 92,522.00"
Tamil Nadu,"Stanley Med Coll, Chennai",MICROBIOLOGY,AIQ,"₹ 50,000.00",1661,2,"₹ 40,00,000.00","₹ 52,451.00"
Uttar Pradesh,"PG Inst of Child Health, Noida",MICROBIOLOGY,AIQ,"₹ 40,000.00",312,2,"₹ 40,00,000.00","₹ 1,00,980.00"
Kerala,"TD Med Coll, Allepey",MICROBIOLOGY,AIQ,"₹ 69,470.00",1050,1,"₹ 50,00,000.00","₹ 57,876.00"
Maharashtra,"Tata Memorial, Mumbai",MICROBIOLOGY,AIQ,"₹ 1,05,500.00",614,1,"₹ 25,00,000.00","₹ 1,00,800.00"
Assam,"Tezpur Med Coll, Tezpur",MICROBIOLOGY,AIQ,"₹ 17,900.00",500,2,"₹ 20,00,000.00","₹ 55,200.00"
Tamil Nadu,Thanjavur Med Coll,MICROBIOLOGY,AIQ,"₹ 50,000.00",1466,2,"₹ 40,00,000.00","₹ 52,451.00"
Tamil Nadu,Tirunelveli Med Coll,MICROBIOLOGY,AIQ,"₹ 50,000.00",1737,2,"₹ 40,00,000.00","₹ 52,451.00"
Maharashtra,"Topiwala, Mumbai",MICROBIOLOGY,AIQ,"₹ 1,43,300.00",1300,1,"₹ 50,00,000.00","₹ 92,522.00"
Delhi,"UCMS, Delhi",MICROBIOLOGY,AIQ,"₹ 57,600.00",1000,0,₹ 0.00,"₹ 1,26,927.00"
Uttar Pradesh,"UP Univ of Med Sci, Etawah",MICROBIOLOGY,AIQ,"₹ 40,000.00",1268,2,"₹ 40,00,000.00","₹ 1,00,980.00"
Delhi,"VMMC, Delhi",MICROBIOLOGY,AIQ,"₹ 41,000.00",1550,0,₹ 0.00,"₹ 1,20,965.00"
Uttarakhand,"VCSG Med Coll, Pauri Garhwal",MICROBIOLOGY,AIQ,"₹ 1,00,000.00",NA,0,₹ 0.00,"₹ 76,600.00"
Odisha,"VIMSAR, Burla",MICROBIOLOGY,AIQ,"₹ 38,500.00",1071,2,"₹ 66,30,000.00","₹ 88,686.00"
Karnataka,"VIMS, Bellary",MICROBIOLOGY,AIQ,"₹ 69,150.00",1295,3,"₹ 50,00,000.00","₹ 56,250.00"
Delhi,"VP Chest Institute, Delhi",MICROBIOLOGY,AIQ,"₹ 57,600.00",128,0,₹ 0.00,"₹ 1,26,927.00"
Goa,"Goa Med Coll, Panaji",MICROBIOLOGY,AIQ,"₹ 1,22,522.00",1160,1,"₹ 50,00,000.00","₹ 60,000.00"
Uttar Pradesh,"Govt Med Coll, Kannauj",MICROBIOLOGY,AIQ,"₹ 40,000.00",470,2,"₹ 40,00,000.00","₹ 1,00,980.00"
Uttar Pradesh,"GSVM Med Coll, Kanpur",MICROBIOLOGY,AIQ,"₹ 40,000.00",2083,2,"₹ 40,00,000.00","₹ 1,00,980.00"
Punjab,"DrBRAmbedkar State IMS,Mohali",MICROBIOLOGY,AIQ,"₹ 1,50,000.00",NA,1,"₹ 10,00,000.00","₹ 67,968.00"
Telangana,"Malla Reddy IMS, Hyderabad",MICROBIOLOGY,MNG,"₹ 2,50,000.00",940,1,"₹ 15,00,000.00","₹ 45,000.00"
Gujarat,"SBKS, Vadodara",MICROBIOLOGY,MNG,"₹ 3,00,000.00",1340,0,₹ 0.00,"₹ 1,00,800.00"
Pondicherry,"Aarupadai Veedu, Pondicherry",MICROBIOLOGY,MNG,₹ 0.00,584,0,₹ 0.00,₹ 0.00
Tamil Nadu,"ACS Med Coll, Chennai",MICROBIOLOGY,MNG,"₹ 5,00,000.00",1050,0,₹ 0.00,"₹ 20,000.00"
Kerala,"Amrita School of Med, Kochi",MICROBIOLOGY,MNG,"₹ 9,00,000.00",1110,0,₹ 0.00,"₹ 43,000.00"
Maharashtra,"BVDU, Sangli",MICROBIOLOGY,MNG,"₹ 10,00,000.00",853,1,"₹ 12,00,000.00","₹ 76,000.00"
Maharashtra,"BVDU, Pune",MICROBIOLOGY,MNG,"₹ 10,00,000.00",856,1,"₹ 12,00,000.00","₹ 76,000.00"
Tamil Nadu,"Chettinad Hosp&RI,Kanchipuram",MICROBIOLOGY,MNG,"₹ 6,00,000.00",1180,0,₹ 0.00,"₹ 48,000.00"
Maharashtra,"JN Med College, Meghe, Wardha",MICROBIOLOGY,MNG,"₹ 3,75,000.00",2150,1,"₹ 5,00,000.00","₹ 66,829.00"
Delhi,"Hamdard Institute, Delhi",MICROBIOLOGY,MNG,"₹ 12,00,000.00",710,0,₹ 0.00,"₹ 80,000.00"
Odisha,"IMS & SUM, Bhubaneswar",MICROBIOLOGY,MNG,"₹ 5,00,000.00",1410,0,₹ 0.00,"₹ 60,000.00"
Karnataka,"JN Medical College, Belgaum",MICROBIOLOGY,MNG,"₹ 27,500.00",2400,1,"₹ 10,00,000.00","₹ 45,000.00"
Karnataka,"JSS Med Coll, Mysore",MICROBIOLOGY,MNG,"₹ 10,000.00",2060,0,₹ 0.00,"₹ 45,000.00"
Karnataka,"KS Hegde, Mangalore",MICROBIOLOGY,MNG,"₹ 1,90,000.00",1000,0,₹ 0.00,"₹ 45,000.00"
Odisha,"Kalinga IMS, Bhubaneswar",MICROBIOLOGY,MNG,"₹ 9,00,000.00",1750,0,₹ 0.00,"₹ 70,000.00"
Karnataka,"Kasturba Med Coll, Mangalore",MICROBIOLOGY,MNG,"₹ 14,10,000.00",1290,0,₹ 0.00,"₹ 45,000.00"
Karnataka,"Kasturba Med Coll, Manipal",MICROBIOLOGY,MNG,"₹ 14,10,000.00",2032,0,₹ 0.00,"₹ 45,000.00"
Maharashtra,"Krishna IMS, Karad",MICROBIOLOGY,MNG,₹ 0.00,1125,1,"₹ 5,00,000.00","₹ 88,213.00"
Haryana,"MMIMS, Mullana, Ambala",MICROBIOLOGY,MNG,"₹ 5,30,000.00",940,1,"₹ 10,00,000.00","₹ 56,100.00"
Pondicherry,"MGMC & RI, Pondicherry",MICROBIOLOGY,MNG,"₹ 2,00,000.00",1380,0,₹ 0.00,₹ 0.00
Maharashtra,"MGM Med Coll, Aurangabad",MICROBIOLOGY,MNG,"₹ 1,00,000.00",700,1,"₹ 25,00,000.00","₹ 88,000.00"
Maharashtra,"MGM Med Coll, Navi Mumbai",MICROBIOLOGY,MNG,"₹ 1,00,000.00",1740,1,"₹ 25,00,000.00","₹ 88,000.00"
Tamil Nadu,"Meenakshi Med Coll, Enathur",MICROBIOLOGY,MNG,"₹ 1,00,000.00",1110,0,₹ 0.00,NA
Maharashtra,"DY Patil, Navi Mumbai",MICROBIOLOGY,MNG,"₹ 8,50,000.00",1662,1,"₹ 10,00,000.00","₹ 76,629.00"
Karnataka,"Rajeshwari, Bangalore",MICROBIOLOGY,MNG,"₹ 6,00,000.00",1460,0,₹ 0.00,"₹ 25,000.00"
Maharashtra,"Rural Med Coll, LONI",MICROBIOLOGY,MNG,"₹ 6,70,000.00",1275,0,₹ 0.00,"₹ 64,559.00"
Uttar Pradesh,"Santosh Med Coll, Ghaziabad",MICROBIOLOGY,MNG,"₹ 2,00,000.00",800,0,₹ 0.00,"₹ 56,010.00"
Tamil Nadu,"Saveetha, Kanchipuram",MICROBIOLOGY,MNG,"₹ 5,00,000.00",1250,0,₹ 0.00,"₹ 35,000.00"
Karnataka,"Shri BM Patil, Vijayapura",MICROBIOLOGY,MNG,"₹ 55,000.00",1130,0,₹ 0.00,"₹ 45,000.00"
Tamil Nadu,"Shri Satya Sai, Kancheepuram",MICROBIOLOGY,MNG,"₹ 2,00,000.00",1120,0,₹ 0.00,₹ 0.00
Tamil Nadu,"Sree Balaji Med Coll, Chennai",MICROBIOLOGY,MNG,"₹ 1,00,000.00",1250,0,₹ 0.00,"₹ 25,000.00"
Karnataka,"SDU Med Coll, Kolar",MICROBIOLOGY,MNG,₹ 0.00,1100,1,"₹ 22,00,000.00","₹ 45,000.00"
Tamil Nadu,"SRMC & RI, Chennai",MICROBIOLOGY,MNG,"₹ 7,50,000.00",1800,0,₹ 0.00,"₹ 48,000.00"
Karnataka,"Siddhartha Med Coll, Tumkur",MICROBIOLOGY,MNG,"₹ 2,50,000.00",960,0,₹ 0.00,"₹ 30,000.00"
Tamil Nadu,"SRM Med Coll, Kancheepuram",MICROBIOLOGY,MNG,"₹ 3,00,000.00",1590,0,₹ 0.00,"₹ 50,923.00"
Tamil Nadu,"Vinayaka Missions, Salem",MICROBIOLOGY,MNG,"₹ 3,35,000.00",560,0,₹ 0.00,₹ 0.00
Karnataka,"Yenepoya Med Coll, Mangalore",MICROBIOLOGY,MNG,"₹ 10,000.00",910,0,₹ 0.00,"₹ 45,000.00"
Maharashtra,"DY Patil, Pimpri, Pune",MICROBIOLOGY,MNG,"₹ 9,00,000.00",2011,1,₹ 0.00,"₹ 76,629.00"
Delhi,"Hamdard Institute, Delhi",MICROBIOLOGY,MM,"₹ 12,00,000.00",710,0,₹ 0.00,"₹ 80,000.00"
Karnataka,"Yenepoya Med Coll, Mangalore",MICROBIOLOGY,MM,"₹ 10,000.00",910,0,₹ 0.00,"₹ 45,000.00"
Gujarat,"SBKS, Vadodara",MICROBIOLOGY,JM,"₹ 3,00,000.00",1340,1,"₹ 15,00,000.00","₹ 1,00,800.00"
Maharashtra,"BVDU, Sangli",MICROBIOLOGY,NRI,"₹ 25,05,000.00",853,1,"₹ 12,00,000.00","₹ 76,000.00"
Maharashtra,"BVDU, Pune",MICROBIOLOGY,NRI,"₹ 25,05,000.00",856,1,"₹ 12,00,000.00","₹ 76,000.00"
Karnataka,"Kasturba Med Coll, Mangalore",MICROBIOLOGY,NRI,"₹ 32,65,000.00",1290,0,₹ 0.00,"₹ 45,000.00"
Karnataka,"Kasturba Med Coll, Manipal",MICROBIOLOGY,NRI,"₹ 32,65,000.00",2032,0,₹ 0.00,"₹ 45,000.00"
Maharashtra,"Rural Med Coll, LONI",MICROBIOLOGY,NRI,"₹ 34,11,000.00",1275,0,₹ 0.00,"₹ 64,559.00"
Delhi,"MAMC, Delhi",MICROBIOLOGY,DU,"₹ 57,600.00",2800,0,₹ 0.00,"₹ 1,26,927.00"
Delhi,"UCMS, Delhi",MICROBIOLOGY,DU,"₹ 57,600.00",1000,0,₹ 0.00,"₹ 1,26,927.00"
Delhi,"VP Chest Institute, Delhi",MICROBIOLOGY,DU,"₹ 57,600.00",128,0,₹ 0.00,"₹ 1,26,927.00"
Delhi,"Lady Hardinge, Delhi",MICROBIOLOGY,DU,"₹ 57,600.00",877,0,₹ 0.00,"₹ 1,26,927.00"
Delhi,"GB Pant IPGMER, Delhi",MICROBIOLOGY,DU,"₹ 57,600.00",714,0,₹ 0.00,"₹ 1,26,927.00"
Delhi,"VMMC, Delhi",MICROBIOLOGY,IP,"₹ 41,000.00",1550,0,₹ 0.00,"₹ 1,20,965.00"
Delhi,"ESI, Basaidarpur, Delhi",MICROBIOLOGY,IP,"₹ 2,50,000.00",600,2,"₹ 10,00,000.00","₹ 1,15,000.00"
Delhi,"ABVIMS (Dr RML Hosp), Delhi",MICROBIOLOGY,IP,"₹ 41,000.00",1626,0,₹ 0.00,"₹ 1,20,965.00"
Uttar Pradesh,"IMS(BHU), Varanasi",MICROBIOLOGY,BHU,"₹ 48,226.00",1165,0,₹ 0.00,"₹ 1,00,706.00"
Uttar Pradesh,"JNMC (AMU), Aligarh",MICROBIOLOGY,AMU,"₹ 38,000.00",1269,0,₹ 0.00,"₹ 1,08,000.00"
Delhi,"Army R&R, Delhi",MICROBIOLOGY,AFMS,"₹ 57,600.00",995,5,"₹ 57,50,000.00","₹ 1,26,927.00"
Maharashtra,"AFMC, Pune",MICROBIOLOGY,AFMS,"₹ 1,43,500.00",1082,5,"₹ 57,50,000.00","₹ 91,282.00"
Uttar Pradesh,"SGPGI, Lucknow",NUCLEAR MEDICINE,AIQ,"₹ 61,600.00",1609,2,"₹ 40,00,000.00","₹ 1,11,780.00"
Maharashtra,"Tata Memorial, Mumbai",NUCLEAR MEDICINE,AIQ,"₹ 1,05,500.00",614,1,"₹ 25,00,000.00","₹ 1,00,800.00"
Kerala,"Amrita School of Med, Kochi",NUCLEAR MEDICINE,MNG,"₹ 35,00,000.00",1110,0,₹ 0.00,"₹ 43,000.00"
Assam,"Jorhat Med Coll, Jorhat",OBG,AIQ,"₹ 17,900.00",814,2,"₹ 20,00,000.00","₹ 55,200.00"
Assam,"Jorhat Med Coll, Jorhat",GENERAL SURGERY,AIQ,"₹ 17,900.00",814,2,"₹ 20,00,000.00","₹ 55,200.00"
Assam,"Jorhat Med Coll, Jorhat",RADIO DIAGNOSIS,AIQ,"₹ 17,900.00",814,2,"₹ 20,00,000.00","₹ 55,200.00"
Assam,"Jorhat Med Coll, Jorhat",ANAESTHESIOLOGY,AIQ,"₹ 17,900.00",814,2,"₹ 20,00,000.00","₹ 55,200.00"
Assam,"Jorhat Med Coll, Jorhat",ORTHOPAEDICS,AIQ,"₹ 17,900.00",814,2,"₹ 20,00,000.00","₹ 55,200.00"
Assam,"Jorhat Med Coll, Jorhat",ENT,AIQ,"₹ 17,900.00",814,2,"₹ 20,00,000.00","₹ 55,200.00"
Assam,"Jorhat Med Coll, Jorhat",PATHOLOGY,AIQ,"₹ 17,900.00",814,2,"₹ 20,00,000.00","₹ 55,200.00"
Assam,"Jorhat Med Coll, Jorhat",BIOCHEMISTRY,AIQ,"₹ 17,900.00",814,2,"₹ 20,00,000.00","₹ 55,200.00"
Assam,"Jorhat Med Coll, Jorhat",ANATOMY,AIQ,"₹ 17,900.00",814,2,"₹ 20,00,000.00","₹ 55,200.00"
Assam,"Jorhat Med Coll, Jorhat",PHARMACOLOGY,AIQ,"₹ 17,900.00",814,2,"₹ 20,00,000.00","₹ 55,200.00"
Assam,"Jorhat Med Coll, Jorhat",SPM,AIQ,"₹ 17,900.00",814,2,"₹ 20,00,000.00","₹ 55,200.00"
Assam,"Jorhat Med Coll, Jorhat",PHYSIOLOGY,AIQ,"₹ 17,900.00",814,2,"₹ 20,00,000.00","₹ 55,200.00"
Tamil Nadu,"KAPV Med Coll, Trichy",OBG,AIQ,"₹ 50,000.00",2500,2,"₹ 40,00,000.00","₹ 52,451.00"
Tamil Nadu,"KAPV Med Coll, Trichy",RADIO DIAGNOSIS,AIQ,"₹ 50,000.00",2500,2,"₹ 40,00,000.00","₹ 52,451.00"
Tamil Nadu,"KAPV Med Coll, Trichy",GENERAL SURGERY,AIQ,"₹ 50,000.00",2500,2,"₹ 40,00,000.00","₹ 52,451.00"
Tamil Nadu,"KAPV Med Coll, Trichy",EMERGENCY MEDICINE,AIQ,"₹ 50,000.00",2500,2,"₹ 40,00,000.00","₹ 52,451.00"
Tamil Nadu,"KAPV Med Coll, Trichy",DERMATOLOGY,AIQ,"₹ 50,000.00",2500,2,"₹ 40,00,000.00","₹ 52,451.00"
Tamil Nadu,"KAPV Med Coll, Trichy",ENT,AIQ,"₹ 50,000.00",2500,2,"₹ 40,00,000.00","₹ 52,451.00"
Tamil Nadu,"KAPV Med Coll, Trichy",PATHOLOGY,AIQ,"₹ 50,000.00",2500,2,"₹ 40,00,000.00","₹ 52,451.00"
Tamil Nadu,"KAPV Med Coll, Trichy",OPHTHALMOLOGY,AIQ,"₹ 50,000.00",2500,2,"₹ 40,00,000.00","₹ 52,451.00"
Tamil Nadu,"KAPV Med Coll, Trichy",ANATOMY,AIQ,"₹ 50,000.00",2500,2,"₹ 40,00,000.00","₹ 52,451.00"
Tamil Nadu,"KAPV Med Coll, Trichy",ORTHOPAEDICS,AIQ,"₹ 50,000.00",2500,2,"₹ 40,00,000.00","₹ 52,451.00"
Tamil Nadu,"KAPV Med Coll, Trichy",PSYCHIATRY,AIQ,"₹ 50,000.00",2500,2,"₹ 40,00,000.00","₹ 52,451.00"
Tamil Nadu,"KAPV Med Coll, Trichy",BIOCHEMISTRY,AIQ,"₹ 50,000.00",2500,2,"₹ 40,00,000.00","₹ 52,451.00"
Tamil Nadu,"KAPV Med Coll, Trichy",ANAESTHESIOLOGY,AIQ,"₹ 50,000.00",2500,2,"₹ 40,00,000.00","₹ 52,451.00"
Tamil Nadu,"KAPV Med Coll, Trichy",PAEDIATRICS,AIQ,"₹ 50,000.00",2500,2,"₹ 40,00,000.00","₹ 52,451.00"
Telangana,"Kakatiya Med Coll, Warangal",PAEDIATRICS,AIQ,"₹ 25,000.00",1150,1,"₹ 20,00,000.00","₹ 58,289.00"
Telangana,"Kakatiya Med Coll, Warangal",BIOCHEMISTRY,AIQ,"₹ 25,000.00",1150,1,"₹ 20,00,000.00","₹ 58,289.00"
Telangana,"Kakatiya Med Coll, Warangal",GENERAL SURGERY,AIQ,"₹ 25,000.00",1150,1,"₹ 20,00,000.00","₹ 58,289.00"
Telangana,"Kakatiya Med Coll, Warangal",RADIO DIAGNOSIS,AIQ,"₹ 25,000.00",1150,1,"₹ 20,00,000.00","₹ 58,289.00"
Telangana,"Kakatiya Med Coll, Warangal",OBG,AIQ,"₹ 25,000.00",1150,1,"₹ 20,00,000.00","₹ 58,289.00"
Telangana,"Kakatiya Med Coll, Warangal",OPHTHALMOLOGY,AIQ,"₹ 25,000.00",1150,1,"₹ 20,00,000.00","₹ 58,289.00"
Telangana,"Kakatiya Med Coll, Warangal",PHARMACOLOGY,AIQ,"₹ 25,000.00",1150,1,"₹ 20,00,000.00","₹ 58,289.00"
Telangana,"Kakatiya Med Coll, Warangal",DMRD,AIQ,"₹ 25,000.00",1150,1,"₹ 10,00,000.00","₹ 58,289.00"
Telangana,"Kakatiya Med Coll, Warangal",PHYSIOLOGY,AIQ,"₹ 25,000.00",1150,1,"₹ 20,00,000.00","₹ 58,289.00"
Telangana,"Kakatiya Med Coll, Warangal",ANAESTHESIOLOGY,AIQ,"₹ 25,000.00",1150,1,"₹ 20,00,000.00","₹ 58,289.00"
Telangana,"Kakatiya Med Coll, Warangal",ORTHOPAEDICS,AIQ,"₹ 25,000.00",1150,1,"₹ 20,00,000.00","₹ 58,289.00"
Telangana,"Kakatiya Med Coll, Warangal",ANATOMY,AIQ,"₹ 25,000.00",1150,1,"₹ 20,00,000.00","₹ 58,289.00"
Telangana,"Kakatiya Med Coll, Warangal",TBRD,AIQ,"₹ 25,000.00",1150,1,"₹ 20,00,000.00","₹ 58,289.00"
Telangana,"Kakatiya Med Coll, Warangal",DERMATOLOGY,AIQ,"₹ 25,000.00",1150,1,"₹ 20,00,000.00","₹ 58,289.00"
Tamil Nadu,Govt Thiruvannamalai Med Coll,PAEDIATRICS,AIQ,"₹ 50,000.00",500,2,"₹ 40,00,000.00","₹ 52,451.00"
Tamil Nadu,Govt Vellore Med Coll,PAEDIATRICS,AIQ,"₹ 50,000.00",2858,2,"₹ 40,00,000.00","₹ 52,451.00"
Tamil Nadu,Govt Villupuram Med Coll,PAEDIATRICS,AIQ,"₹ 50,000.00",670,2,"₹ 40,00,000.00","₹ 52,451.00"
Maharashtra,"Grant Med Coll, Mumbai",PAEDIATRICS,AIQ,"₹ 1,43,300.00",2844,1,"₹ 50,00,000.00","₹ 92,522.00"
Uttar Pradesh,"GSVM Med Coll, Kanpur",PAEDIATRICS,AIQ,"₹ 40,000.00",2083,2,"₹ 40,00,000.00","₹ 1,00,980.00"
Karnataka,"Gulbarga IMS, Gulbarga",PAEDIATRICS,AIQ,"₹ 1,24,150.00",873,3,"₹ 50,00,000.00","₹ 56,250.00"
Andhra Pradesh,"Guntur Med Coll, Guntur",PAEDIATRICS,AIQ,"₹ 48,600.00",1170,0,₹ 0.00,"₹ 60,823.00"
Punjab,"Guru Govind Singh, Faridkot",PAEDIATRICS,AIQ,"₹ 1,25,000.00",1000,1,"₹ 10,00,000.00","₹ 67,968.00"
Maharashtra,"HBT & RN Cooper, Mumbai",PAEDIATRICS,AIQ,"₹ 1,43,300.00",940,1,"₹ 50,00,000.00","₹ 92,522.00"
Karnataka,"Hassan IMS, Hassan",PAEDIATRICS,AIQ,"₹ 1,24,150.00",NA,3,"₹ 50,00,000.00","₹ 56,250.00"
Karnataka,"IGICH, Bangalore",PAEDIATRICS,AIQ,"₹ 1,24,150.00",500,3,"₹ 50,00,000.00","₹ 56,250.00"
Bihar,"IGIMS, Patna",PAEDIATRICS,AIQ,"₹ 1,60,000.00",1062,0,₹ 0.00,"₹ 1,05,000.00"
Maharashtra,"Indira Gandhi MedColl, Nagpur",PAEDIATRICS,AIQ,"₹ 1,43,300.00",822,1,"₹ 50,00,000.00","₹ 92,522.00"
Himachal Pradesh,"IGMC, Shimla",PAEDIATRICS,AIQ,"₹ 39,000.00",1031,3,"₹ 40,00,000.00","₹ 40,000.00"
West Bengal,"Inst of Child Health, Kolkata",PAEDIATRICS,AIQ,"₹ 12,000.00",NA,3,"₹ 30,00,000.00","₹ 49,884.00"
Uttar Pradesh,"IMS(BHU), Varanasi",PAEDIATRICS,AIQ,"₹ 48,226.00",1165,0,₹ 0.00,"₹ 1,00,706.00"
West Bengal,"IPGMER, Kolkata",PAEDIATRICS,AIQ,"₹ 12,000.00",2300,3,"₹ 30,00,000.00","₹ 49,884.00"
Manipur,"JNIMS, Imphal",PAEDIATRICS,AIQ,"₹ 1,00,000.00",643,1,"₹ 20,00,000.00","₹ 50,000.00"
Rajasthan,"JLNMC, Ajmer",PAEDIATRICS,AIQ,"₹ 10,982.00",1428,2,"₹ 25,00,000.00","₹ 82,800.00"
Uttar Pradesh,"JNMC (AMU), Aligarh",PAEDIATRICS,AIQ,"₹ 38,000.00",1269,0,₹ 0.00,"₹ 1,08,000.00"
Bihar,"Jawaharlal Nehru, Bhagalpur",PAEDIATRICS,AIQ,"₹ 9,000.00",800,3,"₹ 25,00,000.00","₹ 82,000.00"
Rajasthan,"Jhalawar Med Coll, Jhalawar",PAEDIATRICS,AIQ,"₹ 88,265.00",NA,2,"₹ 25,00,000.00","₹ 82,800.00"
Assam,"Jorhat Med Coll, Jorhat",PAEDIATRICS,AIQ,"₹ 17,900.00",814,2,"₹ 20,00,000.00","₹ 55,200.00"
Haryana,"Kalpana Chawala Govt MC,Karnal",PAEDIATRICS,AIQ,"₹ 1,25,000.00",500,0,₹ 0.00,"₹ 1,00,980.00"
Tamil Nadu,"Kanyakumari Med Coll, Asaripallam",PAEDIATRICS,AIQ,"₹ 50,000.00",840,2,"₹ 40,00,000.00","₹ 52,451.00"
Karnataka,"KIMS, Hubli",PAEDIATRICS,AIQ,"₹ 1,24,150.00",1200,3,"₹ 50,00,000.00","₹ 56,250.00"
Karnataka,Karwar Inst of Med Sciences,PAEDIATRICS,AIQ,"₹ 1,24,150.00",650,3,"₹ 50,00,000.00","₹ 56,250.00"
Tamil Nadu,"Kilpauk Med Coll, Chennai",PAEDIATRICS,AIQ,"₹ 50,000.00",1700,2,"₹ 40,00,000.00","₹ 52,451.00"
Uttar Pradesh,"KGMU, Lucknow",PAEDIATRICS,AIQ,"₹ 54,700.00",4500,2,"₹ 40,00,000.00","₹ 1,09,955.00"
Karnataka,Kodagu Inst of Med Sciences,PAEDIATRICS,AIQ,"₹ 1,24,150.00",600,3,"₹ 50,00,000.00","₹ 56,250.00"
Karnataka,"Koppal Inst of MS, Koppal",PAEDIATRICS,AIQ,"₹ 1,24,150.00",NA,3,"₹ 50,00,000.00","₹ 56,250.00"
Andhra Pradesh,"Kurnool Med Coll, Kurnool",PAEDIATRICS,AIQ,"₹ 48,600.00",1150,0,₹ 0.00,"₹ 60,823.00"
Delhi,"Lady Hardinge, Delhi",PAEDIATRICS,AIQ,"₹ 57,600.00",877,0,₹ 0.00,"₹ 1,26,927.00"
Uttar Pradesh,"LLRM Med Coll, Meerut",PAEDIATRICS,AIQ,"₹ 40,000.00",1090,2,"₹ 40,00,000.00","₹ 1,00,980.00"
Maharashtra,"Lokmanya Tilak, Sion, Mumbai",PAEDIATRICS,AIQ,"₹ 1,43,300.00",1462,1,"₹ 50,00,000.00","₹ 92,522.00"
Madhya Pradesh,"MGM Med Coll, Indore",PAEDIATRICS,AIQ,"₹ 1,01,500.00",1300,1,"₹ 10,00,000.00","₹ 75,444.00"
Jharkhand,"MGM Med Coll, Jamshedpur",PAEDIATRICS,AIQ,"₹ 1,500.00",540,3,"₹ 30,00,000.00","₹ 54,500.00"
Tamil Nadu,"Madras Med Coll, Chennai",PAEDIATRICS,AIQ,"₹ 50,000.00",7285,2,"₹ 40,00,000.00","₹ 52,451.00"
Tamil Nadu,"Madurai Med Coll, Madurai",PAEDIATRICS,AIQ,"₹ 50,000.00",3518,2,"₹ 40,00,000.00","₹ 52,451.00"
Uttar Pradesh,"MLB Med Coll, Jhansi",PAEDIATRICS,AIQ,"₹ 40,000.00",700,2,"₹ 40,00,000.00","₹ 1,00,980.00"
Maharashtra,"Govt&MPGIMER, Nashik",PAEDIATRICS,AIQ,"₹ 1,43,300.00",NA,1,"₹ 50,00,000.00","₹ 92,522.00"
Maharashtra,"MGIMS, Wardha",PAEDIATRICS,AIQ,"₹ 1,43,300.00",1000,1,"₹ 50,00,000.00","₹ 89,698.00"
West Bengal,Malda Med Coll,PAEDIATRICS,AIQ,"₹ 12,000.00",NA,3,"₹ 30,00,000.00","₹ 49,884.00"
Karnataka,"Mandya IMS, Mandya",PAEDIATRICS,AIQ,"₹ 1,24,150.00",NA,3,"₹ 50,00,000.00","₹ 56,250.00"
Delhi,"MAMC, Delhi",PAEDIATRICS,AIQ,"₹ 57,600.00",2800,0,₹ 0.00,"₹ 1,26,927.00"
West Bengal,"Govt. Med College, Kolkata",PAEDIATRICS,AIQ,"₹ 12,000.00",2668,3,"₹ 30,00,000.00","₹ 49,884.00"
Kerala,"Medical College, Trivandrum",PAEDIATRICS,AIQ,"₹ 69,470.00",2126,1,"₹ 50,00,000.00","₹ 57,876.00"
West Bengal,Midnapore Medical College,PAEDIATRICS,AIQ,"₹ 12,000.00",1051,3,"₹ 30,00,000.00","₹ 49,884.00"
Karnataka,Karwar Inst of Med Sciences,SPM,AIQ,"₹ 69,150.00",650,3,"₹ 50,00,000.00","₹ 56,250.00"
Karnataka,Karwar Inst of Med Sciences,PHYSIOLOGY,AIQ,"₹ 41,650.00",650,3,"₹ 50,00,000.00","₹ 56,250.00"
Karnataka,Karwar Inst of Med Sciences,ORTHOPAEDICS,AIQ,"₹ 1,24,150.00",650,3,"₹ 50,00,000.00","₹ 56,250.00"
Karnataka,Karwar Inst of Med Sciences,ANAESTHESIOLOGY,AIQ,"₹ 1,24,150.00",650,3,"₹ 50,00,000.00","₹ 56,250.00"
Karnataka,Karwar Inst of Med Sciences,OBG,AIQ,"₹ 1,24,150.00",650,3,"₹ 50,00,000.00","₹ 56,250.00"
Karnataka,Karwar Inst of Med Sciences,PATHOLOGY,AIQ,"₹ 69,150.00",650,3,"₹ 50,00,000.00","₹ 56,250.00"
Delhi,"Kasturba Hospital, Delhi",OBG,AIQ,"₹ 57,600.00",450,0,₹ 0.00,"₹ 1,26,927.00"
Delhi,"Kasturba Hospital, Delhi",DCH,AIQ,"₹ 57,600.00",450,0,₹ 0.00,"₹ 1,26,927.00"
Delhi,"Kasturba Hospital, Delhi",DGO,AIQ,"₹ 57,600.00",450,0,₹ 0.00,"₹ 1,26,927.00"
Karnataka,"Kidwai Memorial, Bangalore",DMRT,AIQ,"₹ 1,24,150.00",680,3,"₹ 25,00,000.00","₹ 56,250.00"
Karnataka,"Kidwai Memorial, Bangalore",RADIATION ONCOLOGY,AIQ,"₹ 1,24,150.00",680,3,"₹ 50,00,000.00","₹ 56,250.00"
Karnataka,"Kidwai Memorial, Bangalore",RADIO DIAGNOSIS,AIQ,"₹ 1,24,150.00",680,3,"₹ 50,00,000.00","₹ 56,250.00"
Karnataka,"Kidwai Memorial, Bangalore",ANAESTHESIOLOGY,AIQ,"₹ 1,24,150.00",680,3,"₹ 50,00,000.00","₹ 56,250.00"
Karnataka,"Kidwai Memorial, Bangalore",PATHOLOGY,AIQ,"₹ 69,150.00",680,3,"₹ 50,00,000.00","₹ 56,250.00"
Karnataka,"Kidwai Memorial, Bangalore",BIOCHEMISTRY,AIQ,"₹ 41,650.00",680,3,"₹ 50,00,000.00","₹ 56,250.00"
Tamil Nadu,"Kilpauk Med Coll, Chennai",PHYSIOLOGY,AIQ,"₹ 50,000.00",1700,2,"₹ 40,00,000.00","₹ 52,451.00"
Tamil Nadu,"Kilpauk Med Coll, Chennai",OBG,AIQ,"₹ 50,000.00",1700,2,"₹ 40,00,000.00","₹ 52,451.00"
Tamil Nadu,"Kilpauk Med Coll, Chennai",ORTHOPAEDICS,AIQ,"₹ 50,000.00",1700,2,"₹ 40,00,000.00","₹ 52,451.00"
Tamil Nadu,"Kilpauk Med Coll, Chennai",GENERAL SURGERY,AIQ,"₹ 50,000.00",1700,2,"₹ 40,00,000.00","₹ 52,451.00"
Tamil Nadu,"Kilpauk Med Coll, Chennai",PATHOLOGY,AIQ,"₹ 50,000.00",1700,2,"₹ 40,00,000.00","₹ 52,451.00"
Tamil Nadu,"Kilpauk Med Coll, Chennai",EMERGENCY MEDICINE,AIQ,"₹ 50,000.00",1700,2,"₹ 40,00,000.00","₹ 52,451.00"
Tamil Nadu,"Kilpauk Med Coll, Chennai",RADIATION ONCOLOGY,AIQ,"₹ 50,000.00",1700,2,"₹ 40,00,000.00","₹ 52,451.00"
Tamil Nadu,"Kilpauk Med Coll, Chennai",OPHTHALMOLOGY,AIQ,"₹ 50,000.00",1700,2,"₹ 40,00,000.00","₹ 52,451.00"
Tamil Nadu,"Kilpauk Med Coll, Chennai",PMR,AIQ,"₹ 50,000.00",1700,2,"₹ 40,00,000.00","₹ 52,451.00"
Tamil Nadu,"Kilpauk Med Coll, Chennai",DERMATOLOGY,AIQ,"₹ 50,000.00",1700,2,"₹ 40,00,000.00","₹ 52,451.00"
Tamil Nadu,"Kilpauk Med Coll, Chennai",ANATOMY,AIQ,"₹ 50,000.00",1700,2,"₹ 40,00,000.00","₹ 52,451.00"
Tamil Nadu,"Kilpauk Med Coll, Chennai",RADIO DIAGNOSIS,AIQ,"₹ 50,000.00",1700,2,"₹ 40,00,000.00","₹ 52,451.00"
Tamil Nadu,"Kilpauk Med Coll, Chennai",TBRD,AIQ,"₹ 50,000.00",1700,2,"₹ 40,00,000.00","₹ 52,451.00"
Tamil Nadu,"Kilpauk Med Coll, Chennai",PSYCHIATRY,AIQ,"₹ 50,000.00",1700,2,"₹ 40,00,000.00","₹ 52,451.00"
Tamil Nadu,"Kilpauk Med Coll, Chennai",SPM,AIQ,"₹ 50,000.00",1700,2,"₹ 40,00,000.00","₹ 52,451.00"
Tamil Nadu,"Kilpauk Med Coll, Chennai",BIOCHEMISTRY,AIQ,"₹ 50,000.00",1700,2,"₹ 40,00,000.00","₹ 52,451.00"
Tamil Nadu,"Kilpauk Med Coll, Chennai",PHARMACOLOGY,AIQ,"₹ 50,000.00",1700,2,"₹ 40,00,000.00","₹ 52,451.00"
Tamil Nadu,"Kilpauk Med Coll, Chennai",ENT,AIQ,"₹ 50,000.00",1700,2,"₹ 40,00,000.00","₹ 52,451.00"
Tamil Nadu,"Kilpauk Med Coll, Chennai",ANAESTHESIOLOGY,AIQ,"₹ 50,000.00",1700,2,"₹ 40,00,000.00","₹ 52,451.00"
Uttar Pradesh,"KGMU, Lucknow",ANAESTHESIOLOGY,AIQ,"₹ 54,700.00",4500,2,"₹ 40,00,000.00","₹ 1,09,955.00"
Uttar Pradesh,"KGMU, Lucknow",OBG,AIQ,"₹ 54,700.00",4500,2,"₹ 40,00,000.00","₹ 1,09,955.00"
Uttar Pradesh,"KGMU, Lucknow",TBRD,AIQ,"₹ 54,700.00",4500,2,"₹ 40,00,000.00","₹ 1,09,955.00"
Uttar Pradesh,"KGMU, Lucknow",PATHOLOGY,AIQ,"₹ 54,700.00",4500,2,"₹ 40,00,000.00","₹ 1,09,955.00"
Uttar Pradesh,"KGMU, Lucknow",RADIATION ONCOLOGY,AIQ,"₹ 54,700.00",4500,2,"₹ 40,00,000.00","₹ 1,09,955.00"
Uttar Pradesh,"KGMU, Lucknow",ORTHOPAEDICS,AIQ,"₹ 54,700.00",4500,2,"₹ 40,00,000.00","₹ 1,09,955.00"
Uttar Pradesh,"KGMU, Lucknow",ANATOMY,AIQ,"₹ 54,700.00",4500,2,"₹ 40,00,000.00","₹ 1,09,955.00"
Uttar Pradesh,"KGMU, Lucknow",ENT,AIQ,"₹ 54,700.00",4500,2,"₹ 40,00,000.00","₹ 1,09,955.00"
Uttar Pradesh,"KGMU, Lucknow",SPM,AIQ,"₹ 54,700.00",4500,2,"₹ 40,00,000.00","₹ 1,09,955.00"
Delhi,"UCMS, Delhi",PAEDIATRICS,AIQ,"₹ 57,600.00",1000,0,₹ 0.00,"₹ 1,26,927.00"
Uttar Pradesh,"UP Univ of Med Sci, Etawah",PAEDIATRICS,AIQ,"₹ 40,000.00",1268,2,"₹ 40,00,000.00","₹ 1,00,980.00"
Delhi,"VMMC, Delhi",PAEDIATRICS,AIQ,"₹ 41,000.00",1550,0,₹ 0.00,"₹ 1,20,965.00"
Odisha,"VIMSAR, Burla",PAEDIATRICS,AIQ,"₹ 38,500.00",1071,2,"₹ 53,30,000.00","₹ 70,686.00"
Karnataka,"VIMS, Bellary",PAEDIATRICS,AIQ,"₹ 1,24,150.00",1295,3,"₹ 50,00,000.00","₹ 56,250.00"
Goa,"Goa Med Coll, Panaji",PAEDIATRICS,AIQ,"₹ 1,22,522.00",1160,1,"₹ 50,00,000.00","₹ 60,000.00"
Telangana,"Govt Med Coll, Mahabubnagar",PAEDIATRICS,AIQ,"₹ 25,000.00",900,1,"₹ 20,00,000.00","₹ 58,289.00"
Maharashtra,"PGIMS, Navi Mumbai",PAEDIATRICS,AIQ,"₹ 1,43,300.00",NA,1,"₹ 50,00,000.00","₹ 92,522.00"
Uttar Pradesh,"Govt Med Coll, Kannauj",PAEDIATRICS,AIQ,"₹ 40,000.00",470,2,"₹ 40,00,000.00","₹ 1,00,980.00"
Uttar Pradesh,"Rajkiya Med Coll, Jalaun",PAEDIATRICS,AIQ,"₹ 40,000.00",NA,2,"₹ 40,00,000.00","₹ 1,00,980.00"
Maharashtra,"DY Patil, Pimpri, Pune",PAEDIATRICS,MNG,"₹ 45,00,000.00",2011,1,₹ 0.00,"₹ 76,629.00"
Telangana,"Malla Reddy IMS, Hyderabad",PAEDIATRICS,MNG,"₹ 50,00,000.00",940,1,"₹ 15,00,000.00","₹ 45,000.00"
Telangana,"Malla Reddy(Women), Hyderabad",PAEDIATRICS,MNG,"₹ 50,00,000.00",1050,1,"₹ 15,00,000.00","₹ 45,000.00"
Gujarat,"SBKS, Vadodara",PAEDIATRICS,MNG,"₹ 28,50,000.00",1340,0,₹ 0.00,"₹ 1,00,800.00"
Pondicherry,"Aarupadai Veedu, Pondicherry",PAEDIATRICS,MNG,"₹ 43,00,000.00",584,0,₹ 0.00,"₹ 40,000.00"
Tamil Nadu,"ACS Med Coll, Chennai",PAEDIATRICS,MNG,"₹ 40,00,000.00",1050,0,₹ 0.00,"₹ 20,000.00"
Kerala,"Amrita School of Med, Kochi",PAEDIATRICS,MNG,"₹ 35,00,000.00",1110,0,₹ 0.00,"₹ 43,000.00"
Maharashtra,"BVDU, Sangli",PAEDIATRICS,MNG,"₹ 26,74,110.00",853,1,"₹ 12,00,000.00","₹ 76,000.00"
Maharashtra,"BVDU, Pune",PAEDIATRICS,MNG,"₹ 34,03,420.00",856,1,"₹ 12,00,000.00","₹ 76,000.00"
Tamil Nadu,"Chettinad Hosp&RI,Kanchipuram",PAEDIATRICS,MNG,"₹ 38,00,000.00",1180,0,₹ 0.00,"₹ 48,000.00"
Maharashtra,"DY Patil, Kolhapur",PAEDIATRICS,MNG,"₹ 23,30,000.00",800,1,"₹ 20,00,000.00","₹ 76,629.00"
Andhra Pradesh,"GITAM IMS, Vizag",PAEDIATRICS,MNG,"₹ 33,00,000.00",780,0,₹ 0.00,"₹ 44,075.00"
Delhi,"Hamdard Institute, Delhi",PAEDIATRICS,MNG,"₹ 27,00,000.00",710,0,₹ 0.00,"₹ 80,000.00"
Odisha,"IMS & SUM, Bhubaneswar",PAEDIATRICS,MNG,"₹ 28,00,000.00",1410,0,₹ 0.00,"₹ 60,000.00"
Karnataka,"JN Medical College, Belgaum",PAEDIATRICS,MNG,"₹ 30,30,000.00",2400,1,"₹ 10,00,000.00","₹ 45,000.00"
Karnataka,"JSS Med Coll, Mysore",PAEDIATRICS,MNG,"₹ 32,00,000.00",2060,0,₹ 0.00,"₹ 45,000.00"
Karnataka,"KS Hegde, Mangalore",PAEDIATRICS,MNG,"₹ 31,30,000.00",1000,0,₹ 0.00,"₹ 45,000.00"
Odisha,"Kalinga IMS, Bhubaneswar",PAEDIATRICS,MNG,"₹ 23,00,000.00",1750,0,₹ 0.00,"₹ 70,000.00"
Karnataka,"Kasturba Med Coll, Mangalore",PAEDIATRICS,MNG,"₹ 28,70,000.00",1290,0,₹ 0.00,"₹ 45,000.00"
Karnataka,"Kasturba Med Coll, Manipal",PAEDIATRICS,MNG,"₹ 28,70,000.00",2032,0,₹ 0.00,"₹ 45,000.00"
Maharashtra,"Krishna IMS, Karad",PAEDIATRICS,MNG,"₹ 35,00,000.00",1125,0,₹ 0.00,"₹ 88,213.00"
Haryana,"MMIMS, Mullana, Ambala",PAEDIATRICS,MNG,"₹ 31,95,000.00",940,1,"₹ 10,00,000.00","₹ 56,100.00"
Pondicherry,"MGMC & RI, Pondicherry",PAEDIATRICS,MNG,"₹ 40,00,000.00",1380,0,₹ 0.00,"₹ 40,000.00"
Maharashtra,"MGM Med Coll, Aurangabad",PAEDIATRICS,MNG,"₹ 40,00,000.00",700,1,"₹ 25,00,000.00","₹ 88,000.00"
Maharashtra,"MGM Med Coll, Navi Mumbai",PAEDIATRICS,MNG,"₹ 40,00,000.00",1740,1,"₹ 25,00,000.00","₹ 88,000.00"
Tamil Nadu,"Meenakshi Med Coll, Enathur",PAEDIATRICS,MNG,"₹ 40,00,000.00",1110,0,₹ 0.00,"₹ 25,000.00"
Maharashtra,"DY Patil, Navi Mumbai",PAEDIATRICS,MNG,"₹ 43,50,000.00",1662,1,"₹ 10,00,000.00","₹ 76,629.00"
Karnataka,"Rajeshwari, Bangalore",PAEDIATRICS,MNG,"₹ 45,00,000.00",1460,0,₹ 0.00,"₹ 25,000.00"
Maharashtra,"Rural Med Coll, LONI",PAEDIATRICS,MNG,"₹ 30,00,000.00",1275,1,"₹ 5,00,000.00","₹ 64,559.00"
Uttar Pradesh,"Santosh Med Coll, Ghaziabad",PAEDIATRICS,MNG,"₹ 48,00,000.00",800,0,₹ 0.00,"₹ 56,010.00"
Tamil Nadu,"Saveetha, Kanchipuram",PAEDIATRICS,MNG,"₹ 36,00,000.00",1250,0,₹ 0.00,"₹ 35,000.00"
Karnataka,"Shri BM Patil, Vijayapura",PAEDIATRICS,MNG,"₹ 34,00,000.00",1130,0,₹ 0.00,"₹ 45,000.00"
Tamil Nadu,"Shri Satya Sai, Kancheepuram",PAEDIATRICS,MNG,"₹ 40,00,000.00",1120,0,₹ 0.00,"₹ 35,000.00"
Tamil Nadu,"Sree Balaji Med Coll, Chennai",PAEDIATRICS,MNG,"₹ 50,00,000.00",1250,0,₹ 0.00,"₹ 25,000.00"
Karnataka,"SDU Med Coll, Kolar",PAEDIATRICS,MNG,"₹ 33,80,000.00",1100,1,"₹ 22,00,000.00","₹ 45,000.00"
Pondicherry,"SLIMS, Pondicherry",PAEDIATRICS,MNG,"₹ 50,00,000.00",1230,0,₹ 0.00,"₹ 43,000.00"
Tamil Nadu,"SRMC & RI, Chennai",PAEDIATRICS,MNG,"₹ 32,00,000.00",1800,0,₹ 0.00,"₹ 48,000.00"
Karnataka,"Siddhartha Med Coll, Tumkur",PAEDIATRICS,MNG,"₹ 31,50,000.00",960,0,₹ 0.00,"₹ 30,000.00"
Tamil Nadu,"SRM Med Coll, Kancheepuram",PAEDIATRICS,MNG,"₹ 35,00,000.00",1590,0,₹ 0.00,"₹ 50,923.00"
Andhra Pradesh,"Kurnool Med Coll, Kurnool",ENT,AIQ,"₹ 48,600.00",1150,0,₹ 0.00,"₹ 60,823.00"
Andhra Pradesh,"Kurnool Med Coll, Kurnool",DERMATOLOGY,AIQ,"₹ 48,600.00",1150,0,₹ 0.00,"₹ 60,823.00"
Andhra Pradesh,"Kurnool Med Coll, Kurnool",RADIO DIAGNOSIS,AIQ,"₹ 48,600.00",1150,0,₹ 0.00,"₹ 60,823.00"
Andhra Pradesh,"Kurnool Med Coll, Kurnool",OBG,AIQ,"₹ 48,600.00",1150,0,₹ 0.00,"₹ 60,823.00"
Andhra Pradesh,"Kurnool Med Coll, Kurnool",PATHOLOGY,AIQ,"₹ 48,600.00",1150,0,₹ 0.00,"₹ 60,823.00"
Andhra Pradesh,"Kurnool Med Coll, Kurnool",GENERAL SURGERY,AIQ,"₹ 48,600.00",1150,0,₹ 0.00,"₹ 60,823.00"
Andhra Pradesh,"Kurnool Med Coll, Kurnool",PHARMACOLOGY,AIQ,"₹ 48,600.00",1150,0,₹ 0.00,"₹ 60,823.00"
Andhra Pradesh,"Kurnool Med Coll, Kurnool",PHYSIOLOGY,AIQ,"₹ 48,600.00",1150,0,₹ 0.00,"₹ 60,823.00"
Andhra Pradesh,"Kurnool Med Coll, Kurnool",ANAESTHESIOLOGY,AIQ,"₹ 48,600.00",1150,0,₹ 0.00,"₹ 60,823.00"
Andhra Pradesh,"Kurnool Med Coll, Kurnool",TBRD,AIQ,"₹ 48,600.00",1150,0,₹ 0.00,"₹ 60,823.00"
Andhra Pradesh,"Kurnool Med Coll, Kurnool",PSYCHIATRY,AIQ,"₹ 48,600.00",1150,0,₹ 0.00,"₹ 60,823.00"
Andhra Pradesh,"Kurnool Med Coll, Kurnool",RADIATION ONCOLOGY,AIQ,"₹ 48,600.00",1150,0,₹ 0.00,"₹ 60,823.00"
Delhi,"Lady Hardinge, Delhi",OPHTHALMOLOGY,AIQ,"₹ 57,600.00",877,0,₹ 0.00,"₹ 1,26,927.00"
Delhi,"Lady Hardinge, Delhi",ANAESTHESIOLOGY,AIQ,"₹ 57,600.00",877,0,₹ 0.00,"₹ 1,26,927.00"
Delhi,"Lady Hardinge, Delhi",PMR,AIQ,"₹ 57,600.00",877,0,₹ 0.00,"₹ 1,26,927.00"
Delhi,"Lady Hardinge, Delhi",PATHOLOGY,AIQ,"₹ 57,600.00",877,0,₹ 0.00,"₹ 1,26,927.00"
Delhi,"Lady Hardinge, Delhi",BIOCHEMISTRY,AIQ,"₹ 57,600.00",877,0,₹ 0.00,"₹ 1,26,927.00"
Delhi,"Lady Hardinge, Delhi",SPM,AIQ,"₹ 57,600.00",877,0,₹ 0.00,"₹ 1,26,927.00"
Delhi,"Lady Hardinge, Delhi",RADIO DIAGNOSIS,AIQ,"₹ 57,600.00",877,0,₹ 0.00,"₹ 1,26,927.00"
Delhi,"Lady Hardinge, Delhi",GENERAL SURGERY,AIQ,"₹ 57,600.00",877,0,₹ 0.00,"₹ 1,26,927.00"
Delhi,"Lady Hardinge, Delhi",OBG,AIQ,"₹ 57,600.00",877,0,₹ 0.00,"₹ 1,26,927.00"
Delhi,"Lady Hardinge, Delhi",PHARMACOLOGY,AIQ,"₹ 57,600.00",877,0,₹ 0.00,"₹ 1,26,927.00"
Delhi,"Lady Hardinge, Delhi",ENT,AIQ,"₹ 57,600.00",877,0,₹ 0.00,"₹ 1,26,927.00"
Delhi,"Lady Hardinge, Delhi",PHYSIOLOGY,AIQ,"₹ 57,600.00",877,0,₹ 0.00,"₹ 1,26,927.00"
Delhi,"Lady Hardinge, Delhi",DERMATOLOGY,AIQ,"₹ 57,600.00",877,0,₹ 0.00,"₹ 1,26,927.00"
Delhi,"Lady Hardinge, Delhi",ANATOMY,AIQ,"₹ 57,600.00",877,0,₹ 0.00,"₹ 1,26,927.00"
Delhi,"Lady Hardinge, Delhi",PSYCHIATRY,AIQ,"₹ 57,600.00",877,0,₹ 0.00,"₹ 1,26,927.00"
Delhi,"Lady Hardinge, Delhi",ORTHOPAEDICS,AIQ,"₹ 57,600.00",877,0,₹ 0.00,"₹ 1,26,927.00"
Chhattisgarh,"BaliramKashyap NDMC, Jagdalpur",SPM,AIQ,"₹ 20,000.00",500,2,"₹ 50,00,000.00","₹ 67,500.00"
Chhattisgarh,"BaliramKashyap NDMC, Jagdalpur",OPHTHALMOLOGY,AIQ,"₹ 20,000.00",500,2,"₹ 50,00,000.00","₹ 67,500.00"
Chhattisgarh,"BaliramKashyap NDMC, Jagdalpur",TBRD,AIQ,"₹ 20,000.00",500,2,"₹ 50,00,000.00","₹ 67,500.00"
Chhattisgarh,"Lakhi Ram Agrawal, Raigarh",ANAESTHESIOLOGY,AIQ,"₹ 20,000.00",650,2,"₹ 50,00,000.00","₹ 67,500.00"
Chhattisgarh,"Lakhi Ram Agrawal, Raigarh",ANATOMY,AIQ,"₹ 20,000.00",650,2,"₹ 50,00,000.00","₹ 67,500.00"
Chhattisgarh,"Lakhi Ram Agrawal, Raigarh",PSYCHIATRY,AIQ,"₹ 20,000.00",650,2,"₹ 50,00,000.00","₹ 67,500.00"
Chhattisgarh,"Lakhi Ram Agrawal, Raigarh",ENT,AIQ,"₹ 20,000.00",650,2,"₹ 50,00,000.00","₹ 67,500.00"
Chhattisgarh,"Lakhi Ram Agrawal, Raigarh",BIOCHEMISTRY,AIQ,"₹ 20,000.00",650,2,"₹ 50,00,000.00","₹ 67,500.00"
Chhattisgarh,"Lakhi Ram Agrawal, Raigarh",PHYSIOLOGY,AIQ,"₹ 20,000.00",650,2,"₹ 50,00,000.00","₹ 67,500.00"
Chhattisgarh,"Lakhi Ram Agrawal, Raigarh",SPM,AIQ,"₹ 20,000.00",650,2,"₹ 50,00,000.00","₹ 67,500.00"
Chhattisgarh,"Lakhi Ram Agrawal, Raigarh",ORTHOPAEDICS,AIQ,"₹ 20,000.00",650,2,"₹ 50,00,000.00","₹ 67,500.00"
Chhattisgarh,"Lakhi Ram Agrawal, Raigarh",PATHOLOGY,AIQ,"₹ 20,000.00",650,2,"₹ 50,00,000.00","₹ 67,500.00"
Uttar Pradesh,"LLRM Med Coll, Meerut",ORTHOPAEDICS,AIQ,"₹ 40,000.00",1090,2,"₹ 40,00,000.00","₹ 1,00,980.00"
Delhi,"ESI, Basaidarpur, Delhi",PAEDIATRICS,IP,"₹ 2,50,000.00",600,2,"₹ 10,00,000.00","₹ 1,15,000.00"
Delhi,"ABVIMS (Dr RML Hosp), Delhi",PAEDIATRICS,IP,"₹ 41,000.00",1626,0,₹ 0.00,"₹ 1,20,965.00"
Uttar Pradesh,"IMS(BHU), Varanasi",PAEDIATRICS,BHU,"₹ 48,226.00",1165,0,₹ 0.00,"₹ 1,00,706.00"
Uttar Pradesh,"JNMC (AMU), Aligarh",PAEDIATRICS,AMU,"₹ 38,000.00",1269,0,₹ 0.00,"₹ 1,08,000.00"
Uttar Pradesh,"Command Hospital, Lucknow",PAEDIATRICS,AFMS,"₹ 38,700.00",780,5,"₹ 57,50,000.00","₹ 1,21,878.00"
Maharashtra,"INHS, Aswini",PAEDIATRICS,AFMS,"₹ 1,71,850.00",825,5,"₹ 57,50,000.00","₹ 91,082.00"
Delhi,"Army R&R, Delhi",PAEDIATRICS,AFMS,"₹ 57,600.00",995,5,"₹ 57,50,000.00","₹ 1,26,927.00"
West Bengal,"Command Hospital, Kolkata",PAEDIATRICS,AFMS,"₹ 12,000.00",760,5,"₹ 57,50,000.00","₹ 49,884.00"
Maharashtra,"AFMC, Pune",PAEDIATRICS,AFMS,"₹ 1,43,500.00",1082,5,"₹ 57,50,000.00","₹ 91,282.00"
Rajasthan,"JLNMC, Ajmer",PALLIATIVE MEDICINE,AIQ,"₹ 10,982.00",1428,2,"₹ 25,00,000.00","₹ 82,800.00"
Rajasthan,"SMS, Jaipur",PALLIATIVE MEDICINE,AIQ,"₹ 11,647.00",5702,2,"₹ 25,00,000.00","₹ 82,800.00"
Maharashtra,"Tata Memorial, Mumbai",PALLIATIVE MEDICINE,AIQ,"₹ 1,05,500.00",614,1,"₹ 25,00,000.00","₹ 1,00,800.00"
Kerala,"Amrita School of Med, Kochi",PALLIATIVE MEDICINE,MNG,"₹ 20,00,000.00",1110,0,₹ 0.00,"₹ 43,000.00"
Karnataka,"Kasturba Med Coll, Manipal",PALLIATIVE MEDICINE,MNG,"₹ 14,10,000.00",2032,0,₹ 0.00,"₹ 45,000.00"
Karnataka,"Kasturba Med Coll, Manipal",PALLIATIVE MEDICINE,NRI,"₹ 32,65,000.00",2032,0,₹ 0.00,"₹ 45,000.00"
Andhra Pradesh,"Govt Med Coll, Ananthapuram",PATHOLOGY,AIQ,"₹ 48,600.00",500,0,₹ 0.00,"₹ 60,823.00"
Maharashtra,"GovtMedColl,ChhatrapatiSambhajiNgr",PATHOLOGY,AIQ,"₹ 1,43,300.00",1177,1,"₹ 50,00,000.00","₹ 92,522.00"
Rajasthan,"Govt Med Coll, Churu",PATHOLOGY,AIQ,"₹ 12,812.00",NA,2,"₹ 25,00,000.00","₹ 82,800.00"
Madhya Pradesh,"Govt Med Coll, Datia",PATHOLOGY,AIQ,"₹ 1,01,500.00",540,1,"₹ 10,00,000.00","₹ 75,444.00"
Kerala,"Govt Med Coll, Ernakulam",PATHOLOGY,AIQ,"₹ 69,470.00",700,1,"₹ 50,00,000.00","₹ 57,876.00"
Uttar Pradesh,"Govt Med Coll, Firozobad",PATHOLOGY,AIQ,"₹ 40,000.00",517,2,"₹ 40,00,000.00","₹ 1,00,980.00"
Maharashtra,"Govt Med Coll, Gondia",PATHOLOGY,AIQ,"₹ 1,43,300.00",500,1,"₹ 50,00,000.00","₹ 92,522.00"
Maharashtra,"Govt Med Coll, Jalgaon",PATHOLOGY,AIQ,"₹ 1,43,300.00",441,1,"₹ 50,00,000.00","₹ 92,522.00"
Jammu and Kashmir,"Govt Med Coll, Jammu",PATHOLOGY,AIQ,"₹ 25,000.00",1700,0,₹ 0.00,"₹ 59,500.00"
Madhya Pradesh,"Govt Med Coll, Khandwa",PATHOLOGY,AIQ,"₹ 1,01,500.00",NA,1,"₹ 10,00,000.00","₹ 75,444.00"
Kerala,"Govt Med Coll, Kollam",PATHOLOGY,AIQ,"₹ 69,470.00",500,1,"₹ 50,00,000.00","₹ 57,876.00"
Rajasthan,"Govt Med Coll, Kota",PATHOLOGY,AIQ,"₹ 12,812.00",2581,2,"₹ 25,00,000.00","₹ 82,800.00"
Kerala,"Govt Med Coll, Kottayam",PATHOLOGY,AIQ,"₹ 69,470.00",NA,1,"₹ 50,00,000.00","₹ 57,876.00"
Kerala,"Govt Med Coll, Kozhikode",PATHOLOGY,AIQ,"₹ 69,470.00",3025,1,"₹ 50,00,000.00","₹ 57,876.00"
Maharashtra,"Govt Med Coll, Latur",PATHOLOGY,AIQ,"₹ 1,43,300.00",750,1,"₹ 50,00,000.00","₹ 92,522.00"
Telangana,"Govt Med Coll, Mahabubnagar",PATHOLOGY,AIQ,"₹ 25,000.00",900,1,"₹ 20,00,000.00","₹ 58,289.00"
Maharashtra,"Govt Med Coll, Miraj",PATHOLOGY,AIQ,"₹ 1,43,300.00",725,1,"₹ 50,00,000.00","₹ 92,522.00"
Maharashtra,"Govt Med Coll, Nagpur",PATHOLOGY,AIQ,"₹ 1,43,300.00",1866,1,"₹ 50,00,000.00","₹ 92,522.00"
Telangana,"Govt Med Coll, Nizamabad",PATHOLOGY,AIQ,"₹ 25,000.00",500,1,"₹ 20,00,000.00","₹ 58,289.00"
Rajasthan,"Govt Med Coll, Pali",PATHOLOGY,AIQ,"₹ 12,812.00",NA,2,"₹ 25,00,000.00","₹ 82,800.00"
Punjab,"Govt Med Coll, Patiala",PATHOLOGY,AIQ,"₹ 1,25,000.00",1130,1,"₹ 10,00,000.00","₹ 67,968.00"
Uttar Pradesh,"Govt Med Coll, Rampur, Basti",PATHOLOGY,AIQ,"₹ 40,000.00",500,2,"₹ 40,00,000.00","₹ 1,00,980.00"
Madhya Pradesh,"Govt Med Coll, Ratlam",PATHOLOGY,AIQ,"₹ 1,01,500.00",300,1,"₹ 10,00,000.00","₹ 75,444.00"
Madhya Pradesh,"Govt Med Coll, Shivpuri",PATHOLOGY,AIQ,"₹ 1,01,500.00",520,1,"₹ 10,00,000.00","₹ 75,444.00"
Tamil Nadu,"Madras Med Coll, Chennai",DERMATOLOGY,AIQ,"₹ 50,000.00",7285,2,"₹ 40,00,000.00","₹ 52,451.00"
Tamil Nadu,"Madras Med Coll, Chennai",OBG,AIQ,"₹ 50,000.00",7285,2,"₹ 40,00,000.00","₹ 52,451.00"
Tamil Nadu,"Madras Med Coll, Chennai",ENT,AIQ,"₹ 50,000.00",7285,2,"₹ 40,00,000.00","₹ 52,451.00"
Tamil Nadu,"Madras Med Coll, Chennai",ANAESTHESIOLOGY,AIQ,"₹ 50,000.00",7285,2,"₹ 40,00,000.00","₹ 52,451.00"
Tamil Nadu,"Madras Med Coll, Chennai",BIOCHEMISTRY,AIQ,"₹ 50,000.00",7285,2,"₹ 40,00,000.00","₹ 52,451.00"
Tamil Nadu,"Madras Med Coll, Chennai",DDIAB,AIQ,"₹ 50,000.00",7285,2,"₹ 20,00,000.00","₹ 52,451.00"
Tamil Nadu,"Madras Med Coll, Chennai",PSYCHIATRY,AIQ,"₹ 50,000.00",7285,2,"₹ 40,00,000.00","₹ 52,451.00"
Tamil Nadu,"Madras Med Coll, Chennai",RADIATION ONCOLOGY,AIQ,"₹ 50,000.00",7285,2,"₹ 40,00,000.00","₹ 52,451.00"
Tamil Nadu,"Madras Med Coll, Chennai",ORTHOPAEDICS,AIQ,"₹ 50,000.00",7285,2,"₹ 40,00,000.00","₹ 52,451.00"
Tamil Nadu,"Madras Med Coll, Chennai",ANATOMY,AIQ,"₹ 50,000.00",7285,2,"₹ 40,00,000.00","₹ 52,451.00"
Tamil Nadu,"Madras Med Coll, Chennai",SPM,AIQ,"₹ 50,000.00",7285,2,"₹ 40,00,000.00","₹ 52,451.00"
Tamil Nadu,"Madras Med Coll, Chennai",PMR,AIQ,"₹ 50,000.00",7285,2,"₹ 40,00,000.00","₹ 52,451.00"
Tamil Nadu,"Madurai Med Coll, Madurai",OBG,AIQ,"₹ 50,000.00",3518,2,"₹ 40,00,000.00","₹ 52,451.00"
Tamil Nadu,"Madurai Med Coll, Madurai",DERMATOLOGY,AIQ,"₹ 50,000.00",3518,2,"₹ 40,00,000.00","₹ 52,451.00"
Tamil Nadu,"Madurai Med Coll, Madurai",ENT,AIQ,"₹ 50,000.00",3518,2,"₹ 40,00,000.00","₹ 52,451.00"
Tamil Nadu,"Madurai Med Coll, Madurai",ORTHOPAEDICS,AIQ,"₹ 50,000.00",3518,2,"₹ 40,00,000.00","₹ 52,451.00"
Tamil Nadu,"Madurai Med Coll, Madurai",RADIO DIAGNOSIS,AIQ,"₹ 50,000.00",3518,2,"₹ 40,00,000.00","₹ 52,451.00"
Tamil Nadu,"Madurai Med Coll, Madurai",ANAESTHESIOLOGY,AIQ,"₹ 50,000.00",3518,2,"₹ 40,00,000.00","₹ 52,451.00"
Tamil Nadu,"Madurai Med Coll, Madurai",PHYSIOLOGY,AIQ,"₹ 50,000.00",3518,2,"₹ 40,00,000.00","₹ 52,451.00"
Tamil Nadu,"Madurai Med Coll, Madurai",PSYCHIATRY,AIQ,"₹ 50,000.00",3518,2,"₹ 40,00,000.00","₹ 52,451.00"
Tamil Nadu,"Madurai Med Coll, Madurai",ANATOMY,AIQ,"₹ 50,000.00",3518,2,"₹ 40,00,000.00","₹ 52,451.00"
Tamil Nadu,"Madurai Med Coll, Madurai",OPHTHALMOLOGY,AIQ,"₹ 50,000.00",3518,2,"₹ 40,00,000.00","₹ 52,451.00"
Tamil Nadu,"Madurai Med Coll, Madurai",GENERAL SURGERY,AIQ,"₹ 50,000.00",3518,2,"₹ 40,00,000.00","₹ 52,451.00"
Tamil Nadu,"Madurai Med Coll, Madurai",PHARMACOLOGY,AIQ,"₹ 50,000.00",3518,2,"₹ 40,00,000.00","₹ 52,451.00"
Tamil Nadu,"Madurai Med Coll, Madurai",PATHOLOGY,AIQ,"₹ 50,000.00",3518,2,"₹ 40,00,000.00","₹ 52,451.00"
Tamil Nadu,"Madurai Med Coll, Madurai",BIOCHEMISTRY,AIQ,"₹ 50,000.00",3518,2,"₹ 40,00,000.00","₹ 52,451.00"
Tamil Nadu,"Madurai Med Coll, Madurai",SPM,AIQ,"₹ 50,000.00",3518,2,"₹ 40,00,000.00","₹ 52,451.00"
Tamil Nadu,"Madurai Med Coll, Madurai",TBRD,AIQ,"₹ 50,000.00",3518,2,"₹ 40,00,000.00","₹ 52,451.00"
Uttar Pradesh,"MLB Med Coll, Jhansi",DMRD,AIQ,"₹ 40,000.00",700,2,"₹ 20,00,000.00","₹ 1,00,980.00"
Uttar Pradesh,"MLB Med Coll, Jhansi",RADIO DIAGNOSIS,AIQ,"₹ 40,000.00",700,2,"₹ 40,00,000.00","₹ 1,00,980.00"
Uttar Pradesh,"MLB Med Coll, Jhansi",ORTHOPAEDICS,AIQ,"₹ 40,000.00",700,2,"₹ 40,00,000.00","₹ 1,00,980.00"
Uttar Pradesh,"MLB Med Coll, Jhansi",GENERAL SURGERY,AIQ,"₹ 40,000.00",700,2,"₹ 40,00,000.00","₹ 1,00,980.00"
Uttar Pradesh,"MLB Med Coll, Jhansi",PHARMACOLOGY,AIQ,"₹ 40,000.00",700,2,"₹ 40,00,000.00","₹ 1,00,980.00"
Uttar Pradesh,"MLB Med Coll, Jhansi",OBG,AIQ,"₹ 40,000.00",700,2,"₹ 40,00,000.00","₹ 1,00,980.00"
Uttar Pradesh,"MLB Med Coll, Jhansi",OPHTHALMOLOGY,AIQ,"₹ 40,000.00",700,2,"₹ 40,00,000.00","₹ 1,00,980.00"
Uttar Pradesh,"MLB Med Coll, Jhansi",SPM,AIQ,"₹ 40,000.00",700,2,"₹ 40,00,000.00","₹ 1,00,980.00"
Uttar Pradesh,"MLB Med Coll, Jhansi",PHYSIOLOGY,AIQ,"₹ 40,000.00",700,2,"₹ 40,00,000.00","₹ 1,00,980.00"
Uttar Pradesh,"MLB Med Coll, Jhansi",DA,AIQ,"₹ 40,000.00",700,2,"₹ 20,00,000.00","₹ 1,00,980.00"
Uttar Pradesh,"MLN Med Coll, Allahabad",PATHOLOGY,AIQ,"₹ 40,000.00",NA,2,"₹ 40,00,000.00","₹ 1,00,980.00"
West Bengal,Murshidabad Med Coll,PATHOLOGY,AIQ,"₹ 12,000.00",1208,3,"₹ 30,00,000.00","₹ 49,884.00"
Karnataka,"Mysore Med Coll, Mysore",PATHOLOGY,AIQ,"₹ 69,150.00",1050,3,"₹ 50,00,000.00","₹ 56,250.00"
Bihar,"Nalanda Med Coll, Patna",PATHOLOGY,AIQ,"₹ 9,000.00",750,3,"₹ 25,00,000.00","₹ 82,000.00"
Madhya Pradesh,"NSC Bose Med Coll, Jabalpur",PATHOLOGY,AIQ,"₹ 1,01,500.00",1150,1,"₹ 10,00,000.00","₹ 75,444.00"
West Bengal,"Nilratan Sircar, Kolkata",PATHOLOGY,AIQ,"₹ 12,000.00",1920,3,"₹ 30,00,000.00","₹ 49,884.00"
Telangana,"NIMS, Hyderabad",PATHOLOGY,AIQ,"₹ 72,000.00",1498,1,"₹ 20,00,000.00","₹ 1,11,780.00"
West Bengal,"NBMC, Darjeeling",PATHOLOGY,AIQ,"₹ 12,000.00",843,3,"₹ 30,00,000.00","₹ 49,884.00"
Meghalaya,"NEIGRIHMS, Shillong",PATHOLOGY,AIQ,"₹ 16,300.00",594,0,₹ 0.00,"₹ 96,000.00"
Telangana,"Osmania Med Coll, Hyderabad",PATHOLOGY,AIQ,"₹ 25,000.00",4800,1,"₹ 20,00,000.00","₹ 58,289.00"
Bihar,"Patna Med Coll, Patna",PATHOLOGY,AIQ,"₹ 9,000.00",1748,3,"₹ 25,00,000.00","₹ 82,000.00"
Delhi,"ABVIMS (Dr RML Hosp), Delhi",PATHOLOGY,AIQ,"₹ 41,000.00",1626,0,₹ 0.00,"₹ 1,20,965.00"
Maharashtra,"Pimpri Chinchwad, Pimpri",PATHOLOGY,AIQ,"₹ 1,43,300.00",750,1,"₹ 50,00,000.00","₹ 92,522.00"
Haryana,"Pt BD Sharma, Rohtak",PATHOLOGY,AIQ,"₹ 1,25,000.00",2080,0,₹ 0.00,"₹ 1,00,980.00"
Maharashtra,"SRTT, Ambajogai",PATHOLOGY,AIQ,"₹ 1,43,300.00",518,1,"₹ 50,00,000.00","₹ 92,522.00"
Chhattisgarh,"Pt JNM Med Coll, Raipur",PATHOLOGY,AIQ,"₹ 20,000.00",1246,2,"₹ 50,00,000.00","₹ 67,500.00"
Rajasthan,"RNT, Udaipur",PATHOLOGY,AIQ,"₹ 12,812.00",2206,2,"₹ 25,00,000.00","₹ 82,800.00"
Karnataka,"Raichur IMS, Raichur",PATHOLOGY,AIQ,"₹ 69,150.00",500,3,"₹ 50,00,000.00","₹ 56,250.00"
Tamil Nadu,"Rajah Muthiah, Annamalainagar",PATHOLOGY,AIQ,"₹ 50,000.00",1400,2,"₹ 40,00,000.00","₹ 52,451.00"
Maharashtra,"Rajarshee CSM Govt MC,Kolhapur",PATHOLOGY,AIQ,"₹ 1,43,300.00",665,1,"₹ 50,00,000.00","₹ 92,522.00"
Jharkhand,"Rajendra IMS, Ranchi",PATHOLOGY,AIQ,"₹ 1,500.00",1754,3,"₹ 30,00,000.00","₹ 1,00,770.00"
Telangana,"Rajiv Gandhi IMS, Adilabad",PATHOLOGY,AIQ,"₹ 25,000.00",NA,1,"₹ 20,00,000.00","₹ 58,289.00"
Andhra Pradesh,"Rajiv Gandhi IMS, Kadapa",PATHOLOGY,AIQ,"₹ 48,600.00",715,0,₹ 0.00,"₹ 60,823.00"
Andhra Pradesh,"Rajiv Gandhi IMS, Srikakulam",PATHOLOGY,AIQ,"₹ 48,600.00",532,0,₹ 0.00,"₹ 60,823.00"
Andhra Pradesh,"Rajiv Gandhi IMS, Ongole",PATHOLOGY,AIQ,"₹ 48,600.00",500,0,₹ 0.00,"₹ 60,823.00"
Maharashtra,"Rajiv Gandhi MC & CSMH, Thane",PATHOLOGY,AIQ,"₹ 1,43,300.00",500,1,"₹ 50,00,000.00","₹ 92,522.00"
Uttar Pradesh,"Rajkiya Med Coll, Jalaun",PATHOLOGY,AIQ,"₹ 40,000.00",NA,2,"₹ 40,00,000.00","₹ 1,00,980.00"
Andhra Pradesh,"Rangaraya Med Coll, Kakinada",PATHOLOGY,AIQ,"₹ 48,600.00",1450,0,₹ 0.00,"₹ 60,823.00"
Kerala,"RCC, Thiruvananthapuram",PATHOLOGY,AIQ,"₹ 3,00,000.00",432,1,"₹ 50,00,000.00","₹ 57,876.00"
Manipur,"RIMS, Imphal",PATHOLOGY,AIQ,"₹ 5,000.00",1074,0,₹ 0.00,"₹ 1,06,380.00"
West Bengal,"RG Kar Med Coll, Kolkata",PATHOLOGY,AIQ,"₹ 12,000.00",1663,3,"₹ 30,00,000.00","₹ 49,884.00"
Rajasthan,"RUHS, Jaipur",PATHOLOGY,AIQ,"₹ 30,491.00",300,2,"₹ 25,00,000.00","₹ 82,800.00"
Uttar Pradesh,"SN Med Coll, Agra",PATHOLOGY,AIQ,"₹ 40,000.00",976,2,"₹ 40,00,000.00","₹ 1,00,980.00"
Andhra Pradesh,"SV Med Coll, Tirupati",PATHOLOGY,AIQ,"₹ 48,600.00",940,0,₹ 0.00,"₹ 60,823.00"
Uttar Pradesh,"SGPGI, Lucknow",PATHOLOGY,AIQ,"₹ 61,600.00",1609,2,"₹ 40,00,000.00","₹ 1,11,780.00"
Rajasthan,"SP Med Coll, Bikaner",PATHOLOGY,AIQ,"₹ 12,812.00",NA,2,"₹ 25,00,000.00","₹ 82,800.00"
Odisha,"SCB, Cuttack",PATHOLOGY,AIQ,"₹ 38,500.00",2106,2,"₹ 66,30,000.00","₹ 88,686.00"
Maharashtra,"Seth GS, Mumbai",PATHOLOGY,AIQ,"₹ 1,43,300.00",2250,1,"₹ 50,00,000.00","₹ 92,522.00"
Haryana,"SHKM, Nalhar",PATHOLOGY,AIQ,"₹ 1,25,000.00",500,0,₹ 0.00,"₹ 1,00,980.00"
Uttar Pradesh,"Shaik-ul-Hind, Saharanpur",PATHOLOGY,AIQ,"₹ 40,000.00",500,2,"₹ 40,00,000.00","₹ 1,00,980.00"
Jammu and Kashmir,"Sher-I-Kashmir, Srinagar",PATHOLOGY,AIQ,"₹ 11,000.00",NA,0,₹ 0.00,"₹ 82,000.00"
Karnataka,"Shimoga IMS, Shimoga",PATHOLOGY,AIQ,"₹ 69,150.00",950,3,"₹ 50,00,000.00","₹ 56,250.00"
Karnataka,"Shri Atal Bihari Vajpayee, BLR",PATHOLOGY,AIQ,"₹ 69,150.00",956,3,"₹ 50,00,000.00","₹ 56,250.00"
Bihar,"Sri Krishna, Muzzafarpur",PATHOLOGY,AIQ,"₹ 9,000.00",610,3,"₹ 25,00,000.00","₹ 82,000.00"
Maharashtra,"Shri VR Naik Govt, Yavatmal",PATHOLOGY,AIQ,"₹ 1,43,300.00",756,1,"₹ 50,00,000.00","₹ 92,522.00"
Madhya Pradesh,"SSMC, Rewa",PATHOLOGY,AIQ,"₹ 1,01,500.00",1140,1,"₹ 10,00,000.00","₹ 75,444.00"
Assam,"Silchar Med Coll, Silchar",PATHOLOGY,AIQ,"₹ 17,900.00",1256,2,"₹ 20,00,000.00","₹ 55,200.00"
Rajasthan,"SMS, Jaipur",PATHOLOGY,AIQ,"₹ 11,647.00",5702,2,"₹ 25,00,000.00","₹ 82,800.00"
Maharashtra,"Sri Bhausaheb, Dhule",PATHOLOGY,AIQ,"₹ 1,43,300.00",545,1,"₹ 50,00,000.00","₹ 92,522.00"
Tamil Nadu,"Stanley Med Coll, Chennai",PATHOLOGY,AIQ,"₹ 50,000.00",1661,2,"₹ 40,00,000.00","₹ 52,451.00"
Karnataka,"Mandya IMS, Mandya",ANAESTHESIOLOGY,AIQ,"₹ 1,24,150.00",NA,3,"₹ 50,00,000.00","₹ 56,250.00"
Karnataka,"Mandya IMS, Mandya",OPHTHALMOLOGY,AIQ,"₹ 1,24,150.00",NA,3,"₹ 50,00,000.00","₹ 56,250.00"
Karnataka,"Mandya IMS, Mandya",PHYSIOLOGY,AIQ,"₹ 41,650.00",NA,3,"₹ 50,00,000.00","₹ 56,250.00"
Karnataka,"Mandya IMS, Mandya",ENT,AIQ,"₹ 1,24,150.00",NA,3,"₹ 50,00,000.00","₹ 56,250.00"
Karnataka,"Mandya IMS, Mandya",DERMATOLOGY,AIQ,"₹ 1,24,150.00",NA,3,"₹ 50,00,000.00","₹ 56,250.00"
Karnataka,"Mandya IMS, Mandya",ANATOMY,AIQ,"₹ 41,650.00",NA,3,"₹ 50,00,000.00","₹ 56,250.00"
Karnataka,"Mandya IMS, Mandya",BIOCHEMISTRY,AIQ,"₹ 41,650.00",NA,3,"₹ 50,00,000.00","₹ 56,250.00"
Karnataka,"Mandya IMS, Mandya",PATHOLOGY,AIQ,"₹ 69,150.00",NA,3,"₹ 50,00,000.00","₹ 56,250.00"
Karnataka,"Mandya IMS, Mandya",SPM,AIQ,"₹ 69,150.00",NA,3,"₹ 50,00,000.00","₹ 56,250.00"
Karnataka,"Mandya IMS, Mandya",PHARMACOLOGY,AIQ,"₹ 69,150.00",NA,3,"₹ 50,00,000.00","₹ 56,250.00"
Delhi,"MAMC, Delhi",PHARMACOLOGY,AIQ,"₹ 57,600.00",2800,0,₹ 0.00,"₹ 1,26,927.00"
Delhi,"MAMC, Delhi",PHYSIOLOGY,AIQ,"₹ 57,600.00",2800,0,₹ 0.00,"₹ 1,26,927.00"
Delhi,"MAMC, Delhi",OPHTHALMOLOGY,AIQ,"₹ 57,600.00",2800,0,₹ 0.00,"₹ 1,26,927.00"
Delhi,"MAMC, Delhi",ANAESTHESIOLOGY,AIQ,"₹ 57,600.00",2800,0,₹ 0.00,"₹ 1,26,927.00"
Delhi,"MAMC, Delhi",ENT,AIQ,"₹ 57,600.00",2800,0,₹ 0.00,"₹ 1,26,927.00"
Delhi,"MAMC, Delhi",BIOCHEMISTRY,AIQ,"₹ 57,600.00",2800,0,₹ 0.00,"₹ 1,26,927.00"
Delhi,"MAMC, Delhi",OBG,AIQ,"₹ 57,600.00",2800,0,₹ 0.00,"₹ 1,26,927.00"
Delhi,"MAMC, Delhi",DERMATOLOGY,AIQ,"₹ 57,600.00",2800,0,₹ 0.00,"₹ 1,26,927.00"
Delhi,"MAMC, Delhi",PSYCHIATRY,AIQ,"₹ 57,600.00",2800,0,₹ 0.00,"₹ 1,26,927.00"
Delhi,"MAMC, Delhi",DDVL,AIQ,"₹ 57,600.00",2800,0,₹ 0.00,"₹ 1,26,927.00"
Delhi,"MAMC, Delhi",ANATOMY,AIQ,"₹ 57,600.00",2800,0,₹ 0.00,"₹ 1,26,927.00"
Delhi,"MAMC, Delhi",GENERAL SURGERY,AIQ,"₹ 57,600.00",2800,0,₹ 0.00,"₹ 1,26,927.00"
Delhi,"MAMC, Delhi",RADIO DIAGNOSIS,AIQ,"₹ 57,600.00",2800,0,₹ 0.00,"₹ 1,26,927.00"
Delhi,"MAMC, Delhi",PATHOLOGY,AIQ,"₹ 57,600.00",2800,0,₹ 0.00,"₹ 1,26,927.00"
Delhi,"MAMC, Delhi",ORTHOPAEDICS,AIQ,"₹ 57,600.00",2800,0,₹ 0.00,"₹ 1,26,927.00"
Delhi,"MAMC, Delhi",RADIATION ONCOLOGY,AIQ,"₹ 57,600.00",2800,0,₹ 0.00,"₹ 1,26,927.00"
Delhi,"MAMC, Delhi",SPM,AIQ,"₹ 57,600.00",2800,0,₹ 0.00,"₹ 1,26,927.00"
West Bengal,"Govt. Med College, Kolkata",ANATOMY,AIQ,"₹ 12,000.00",2668,3,"₹ 30,00,000.00","₹ 49,884.00"
West Bengal,"Govt. Med College, Kolkata",OBG,AIQ,"₹ 12,000.00",2668,3,"₹ 30,00,000.00","₹ 49,884.00"
West Bengal,"Govt. Med College, Kolkata",RADIATION ONCOLOGY,AIQ,"₹ 12,000.00",2668,3,"₹ 30,00,000.00","₹ 49,884.00"
West Bengal,"Govt. Med College, Kolkata",OPHTHALMOLOGY,AIQ,"₹ 12,000.00",2668,3,"₹ 30,00,000.00","₹ 49,884.00"
West Bengal,"Govt. Med College, Kolkata",ENT,AIQ,"₹ 12,000.00",2668,3,"₹ 30,00,000.00","₹ 49,884.00"
West Bengal,"Govt. Med College, Kolkata",GENERAL SURGERY,AIQ,"₹ 12,000.00",2668,3,"₹ 30,00,000.00","₹ 49,884.00"
West Bengal,"Govt. Med College, Kolkata",PSYCHIATRY,AIQ,"₹ 12,000.00",2668,3,"₹ 30,00,000.00","₹ 49,884.00"
West Bengal,"Govt. Med College, Kolkata",ORTHOPAEDICS,AIQ,"₹ 12,000.00",2668,3,"₹ 30,00,000.00","₹ 49,884.00"
West Bengal,"Govt. Med College, Kolkata",BIOCHEMISTRY,AIQ,"₹ 12,000.00",2668,3,"₹ 30,00,000.00","₹ 49,884.00"
West Bengal,"Govt. Med College, Kolkata",RADIO DIAGNOSIS,AIQ,"₹ 12,000.00",2668,3,"₹ 30,00,000.00","₹ 49,884.00"
West Bengal,"Govt. Med College, Kolkata",DLO,AIQ,"₹ 12,000.00",2668,2,"₹ 20,00,000.00","₹ 49,884.00"
West Bengal,"Govt. Med College, Kolkata",DO,AIQ,"₹ 12,000.00",2668,2,"₹ 20,00,000.00","₹ 49,884.00"
West Bengal,"Govt. Med College, Kolkata",DORTHO,AIQ,"₹ 12,000.00",2668,2,"₹ 20,00,000.00","₹ 49,884.00"
West Bengal,"Govt. Med College, Kolkata",DA,AIQ,"₹ 12,000.00",2668,2,"₹ 20,00,000.00","₹ 49,884.00"
West Bengal,"Govt. Med College, Kolkata",DERMATOLOGY,AIQ,"₹ 12,000.00",2668,3,"₹ 30,00,000.00","₹ 49,884.00"
Tamil Nadu,"SRM Med Coll, Kancheepuram",PATHOLOGY,MNG,"₹ 10,00,000.00",1590,0,₹ 0.00,"₹ 50,923.00"
Tamil Nadu,"Vinayaka Missions, Salem",PATHOLOGY,MNG,"₹ 13,12,000.00",560,0,₹ 0.00,"₹ 25,000.00"
Pondicherry,"Vinayaka Missions, Karaikal",PATHOLOGY,MNG,"₹ 10,00,000.00",590,0,₹ 0.00,₹ 0.00
Karnataka,"Yenepoya Med Coll, Mangalore",PATHOLOGY,MNG,"₹ 12,50,000.00",910,0,₹ 0.00,"₹ 45,000.00"
Maharashtra,"JN Med College, Meghe, Wardha",PATHOLOGY,MNG,"₹ 15,55,000.00",2150,1,"₹ 5,00,000.00","₹ 66,829.00"
Maharashtra,"DY Patil, Pimpri, Pune",PATHOLOGY,MNG,"₹ 18,00,000.00",2011,1,₹ 0.00,"₹ 76,629.00"
Telangana,"Malla Reddy IMS, Hyderabad",PATHOLOGY,MNG,"₹ 11,00,000.00",940,1,"₹ 15,00,000.00","₹ 45,000.00"
Karnataka,"Rajeshwari, Bangalore",PATHOLOGY,MNG,"₹ 12,00,000.00",1460,0,₹ 0.00,"₹ 25,000.00"
Telangana,"Malla Reddy(Women), Hyderabad",PATHOLOGY,MNG,"₹ 11,00,000.00",1050,1,"₹ 15,00,000.00","₹ 45,000.00"
Maharashtra,"Datta Meghe Med Coll, Nagpur",PATHOLOGY,MNG,"₹ 15,55,000.00",925,1,"₹ 5,00,000.00","₹ 66,629.00"
Delhi,"Hamdard Institute, Delhi",PATHOLOGY,MM,"₹ 15,00,000.00",710,0,₹ 0.00,"₹ 80,000.00"
Karnataka,"Yenepoya Med Coll, Mangalore",PATHOLOGY,MM,"₹ 12,50,000.00",910,0,₹ 0.00,"₹ 45,000.00"
Gujarat,"SBKS, Vadodara",PATHOLOGY,JM,"₹ 13,50,000.00",1340,1,"₹ 15,00,000.00","₹ 1,00,800.00"
Gujarat,"SBKS, Vadodara",PATHOLOGY,NRI,"₹ 29,23,000.00",1340,1,"₹ 5,00,000.00","₹ 1,00,800.00"
Maharashtra,"BVDU, Sangli",PATHOLOGY,NRI,"₹ 52,61,000.00",853,1,"₹ 12,00,000.00","₹ 76,000.00"
Maharashtra,"BVDU, Pune",PATHOLOGY,NRI,"₹ 50,10,000.00",856,1,"₹ 12,00,000.00","₹ 76,000.00"
Karnataka,"Kasturba Med Coll, Mangalore",PATHOLOGY,NRI,"₹ 35,24,000.00",1290,0,₹ 0.00,"₹ 45,000.00"
Karnataka,"Kasturba Med Coll, Manipal",PATHOLOGY,NRI,"₹ 35,24,000.00",2032,0,₹ 0.00,"₹ 45,000.00"
Maharashtra,"Rural Med Coll, LONI",PATHOLOGY,NRI,"₹ 85,54,000.00",1275,0,₹ 0.00,"₹ 64,559.00"
Karnataka,"Shri BM Patil, Vijayapura",PATHOLOGY,NRI,"₹ 25,00,000.00",1130,0,₹ 0.00,"₹ 45,000.00"
Tamil Nadu,"SRMC & RI, Chennai",PATHOLOGY,NRI,"₹ 29,23,000.00",1800,0,₹ 0.00,"₹ 48,000.00"
Karnataka,"Sri Siddhartha IMS, T. Begur",PATHOLOGY,NRI,"₹ 18,79,000.00",720,0,₹ 0.00,"₹ 30,000.00"
Tamil Nadu,"SRM Med Coll, Kancheepuram",PATHOLOGY,NRI,"₹ 50,10,000.00",1590,0,₹ 0.00,"₹ 50,923.00"
Maharashtra,"JN Med College, Meghe, Wardha",PATHOLOGY,NRI,"₹ 24,42,000.00",2150,1,"₹ 5,00,000.00","₹ 66,829.00"
Delhi,"Lady Hardinge, Delhi",PATHOLOGY,DU,"₹ 57,600.00",877,0,₹ 0.00,"₹ 1,26,927.00"
Delhi,"UCMS, Delhi",PATHOLOGY,DU,"₹ 57,600.00",1000,0,₹ 0.00,"₹ 1,26,927.00"
Delhi,"MAMC, Delhi",PATHOLOGY,DU,"₹ 57,600.00",2800,0,₹ 0.00,"₹ 1,26,927.00"
Delhi,"GB Pant IPGMER, Delhi",PATHOLOGY,DU,"₹ 57,600.00",714,0,₹ 0.00,"₹ 1,26,927.00"
Delhi,"VMMC, Delhi",PATHOLOGY,IP,"₹ 41,000.00",1550,0,₹ 0.00,"₹ 1,20,965.00"
Delhi,"ESI, Basaidarpur, Delhi",PATHOLOGY,IP,"₹ 2,50,000.00",600,2,"₹ 10,00,000.00","₹ 1,15,000.00"
Delhi,"ABVIMS (Dr RML Hosp), Delhi",PATHOLOGY,IP,"₹ 41,000.00",1626,0,₹ 0.00,"₹ 1,20,965.00"
Uttar Pradesh,"IMS(BHU), Varanasi",PATHOLOGY,BHU,"₹ 48,226.00",1165,0,₹ 0.00,"₹ 1,00,706.00"
Uttar Pradesh,"JNMC (AMU), Aligarh",PATHOLOGY,AMU,"₹ 38,000.00",1269,0,₹ 0.00,"₹ 1,08,000.00"
Uttar Pradesh,"Command Hospital, Lucknow",PATHOLOGY,AFMS,"₹ 38,700.00",780,5,"₹ 57,50,000.00","₹ 1,21,878.00"
Maharashtra,"INHS, Aswini",PATHOLOGY,AFMS,"₹ 1,71,850.00",825,5,"₹ 57,50,000.00","₹ 91,082.00"
Delhi,"Army R&R, Delhi",PATHOLOGY,AFMS,"₹ 57,600.00",995,5,"₹ 57,50,000.00","₹ 1,26,927.00"
Karnataka,"Command Hospital, Bangalore",PATHOLOGY,AFMS,"₹ 20,000.00",716,5,"₹ 57,50,000.00","₹ 56,250.00"
West Bengal,"Command Hospital, Kolkata",PATHOLOGY,AFMS,"₹ 12,000.00",760,5,"₹ 57,50,000.00","₹ 49,884.00"
Maharashtra,"AFMC, Pune",PATHOLOGY,AFMS,"₹ 1,43,500.00",1082,5,"₹ 57,50,000.00","₹ 91,282.00"
Andhra Pradesh,"Govt Med Coll, Ananthapuram",PHARMACOLOGY,AIQ,"₹ 48,600.00",500,0,₹ 0.00,"₹ 60,823.00"
Maharashtra,"GovtMedColl,ChhatrapatiSambhajiNgr",PHARMACOLOGY,AIQ,"₹ 1,43,300.00",1177,1,"₹ 50,00,000.00","₹ 92,522.00"
Madhya Pradesh,"Govt Med Coll, Datia",PHARMACOLOGY,AIQ,"₹ 1,01,500.00",540,1,"₹ 10,00,000.00","₹ 75,444.00"
Rajasthan,"Govt Med Coll, Dungapur",PHARMACOLOGY,AIQ,"₹ 12,812.00",700,2,"₹ 25,00,000.00","₹ 82,800.00"
Maharashtra,"Govt Med Coll, Gondia",PHARMACOLOGY,AIQ,"₹ 1,43,300.00",500,1,"₹ 50,00,000.00","₹ 92,522.00"
Maharashtra,"Govt Med Coll, Jalgaon",PHARMACOLOGY,AIQ,"₹ 1,43,300.00",441,1,"₹ 50,00,000.00","₹ 92,522.00"
Jammu and Kashmir,"Govt Med Coll, Jammu",PHARMACOLOGY,AIQ,"₹ 25,000.00",1700,0,₹ 0.00,"₹ 59,500.00"
Uttar Pradesh,"Govt Med Coll, Kannauj",PHARMACOLOGY,AIQ,"₹ 40,000.00",470,2,"₹ 40,00,000.00","₹ 1,00,980.00"
Kerala,"Govt Med Coll, Kottayam",PHARMACOLOGY,AIQ,"₹ 69,470.00",NA,1,"₹ 50,00,000.00","₹ 57,876.00"
Kerala,"Govt Med Coll, Kozhikode",PHARMACOLOGY,AIQ,"₹ 69,470.00",3025,1,"₹ 50,00,000.00","₹ 57,876.00"
Maharashtra,"Govt Med Coll, Latur",PHARMACOLOGY,AIQ,"₹ 1,43,300.00",750,1,"₹ 50,00,000.00","₹ 92,522.00"
Telangana,"Govt Med Coll, Mahabubnagar",PHARMACOLOGY,AIQ,"₹ 25,000.00",900,1,"₹ 20,00,000.00","₹ 58,289.00"
Maharashtra,"Govt Med Coll, Miraj",PHARMACOLOGY,AIQ,"₹ 1,43,300.00",725,1,"₹ 50,00,000.00","₹ 92,522.00"
Maharashtra,"Govt Med Coll, Nagpur",PHARMACOLOGY,AIQ,"₹ 1,43,300.00",1866,1,"₹ 50,00,000.00","₹ 92,522.00"
Telangana,"Govt Med Coll, Nalgonda",PHARMACOLOGY,AIQ,"₹ 25,000.00",580,1,"₹ 20,00,000.00","₹ 58,289.00"
Telangana,"Govt Med Coll, Nizamabad",PHARMACOLOGY,AIQ,"₹ 25,000.00",500,1,"₹ 20,00,000.00","₹ 58,289.00"
Punjab,"Govt Med Coll, Patiala",PHARMACOLOGY,AIQ,"₹ 1,00,000.00",1130,1,"₹ 10,00,000.00","₹ 67,968.00"
Madhya Pradesh,"Govt Med Coll, Ratlam",PHARMACOLOGY,AIQ,"₹ 1,01,500.00",300,1,"₹ 10,00,000.00","₹ 75,444.00"
Uttar Pradesh,"Govt Med Coll, Shahjhanpur",PHARMACOLOGY,AIQ,"₹ 40,000.00",460,2,"₹ 40,00,000.00","₹ 1,00,980.00"
Madhya Pradesh,"Govt Med Coll, Shivpuri",PHARMACOLOGY,AIQ,"₹ 1,01,500.00",520,1,"₹ 10,00,000.00","₹ 75,444.00"
Telangana,"Govt Med Coll, Siddipet",PHARMACOLOGY,AIQ,"₹ 25,000.00",780,1,"₹ 20,00,000.00","₹ 58,289.00"
Jammu and Kashmir,"Govt Med Coll, Srinagar",PHARMACOLOGY,AIQ,"₹ 35,750.00",2150,0,₹ 0.00,"₹ 59,500.00"
Telangana,"Govt Med Coll, Suryapet",PHARMACOLOGY,AIQ,"₹ 25,000.00",580,1,"₹ 20,00,000.00","₹ 58,289.00"
Kerala,"Govt Med Coll, Thrissur",PHARMACOLOGY,AIQ,"₹ 69,470.00",1400,1,"₹ 50,00,000.00","₹ 57,876.00"
Andhra Pradesh,"Govt Siddhartha, Vijaywada",PHARMACOLOGY,AIQ,"₹ 48,600.00",707,0,₹ 0.00,"₹ 60,823.00"
Maharashtra,"Grant Med Coll, Mumbai",PHARMACOLOGY,AIQ,"₹ 1,43,300.00",2844,1,"₹ 50,00,000.00","₹ 92,522.00"
Uttar Pradesh,"GSVM Med Coll, Kanpur",PHARMACOLOGY,AIQ,"₹ 40,000.00",2083,2,"₹ 40,00,000.00","₹ 1,00,980.00"
Karnataka,"Gulbarga IMS, Gulbarga",PHARMACOLOGY,AIQ,"₹ 69,150.00",873,3,"₹ 50,00,000.00","₹ 56,250.00"
Andhra Pradesh,"Guntur Med Coll, Guntur",PHARMACOLOGY,AIQ,"₹ 48,600.00",1170,0,₹ 0.00,"₹ 60,823.00"
Punjab,"Guru Govind Singh, Faridkot",PHARMACOLOGY,AIQ,"₹ 1,00,000.00",1000,1,"₹ 10,00,000.00","₹ 67,968.00"
Maharashtra,"HBT & RN Cooper, Mumbai",PHARMACOLOGY,AIQ,"₹ 1,43,300.00",940,1,"₹ 50,00,000.00","₹ 92,522.00"
Karnataka,"Hassan IMS, Hassan",PHARMACOLOGY,AIQ,"₹ 69,150.00",NA,3,"₹ 50,00,000.00","₹ 56,250.00"
Bihar,"IGIMS, Patna",PHARMACOLOGY,AIQ,"₹ 1,60,000.00",1062,0,₹ 0.00,"₹ 1,05,000.00"
Maharashtra,"Indira Gandhi MedColl, Nagpur",PHARMACOLOGY,AIQ,"₹ 1,43,300.00",822,1,"₹ 50,00,000.00","₹ 92,522.00"
Pondicherry,"IGMC & RI, Pondicherry",PHARMACOLOGY,AIQ,"₹ 1,10,000.00",750,0,₹ 0.00,"₹ 43,000.00"
Himachal Pradesh,"IGMC, Shimla",PHARMACOLOGY,AIQ,"₹ 39,000.00",1031,3,"₹ 40,00,000.00","₹ 40,000.00"
Uttar Pradesh,"IMS(BHU), Varanasi",PHARMACOLOGY,AIQ,"₹ 48,226.00",1165,0,₹ 0.00,"₹ 1,00,706.00"
West Bengal,"IPGMER, Kolkata",PHARMACOLOGY,AIQ,"₹ 12,000.00",2300,3,"₹ 30,00,000.00","₹ 49,884.00"
Manipur,"JNIMS, Imphal",PHARMACOLOGY,AIQ,"₹ 1,00,000.00",643,0,₹ 0.00,"₹ 50,000.00"
Rajasthan,"JLNMC, Ajmer",PHARMACOLOGY,AIQ,"₹ 10,982.00",1428,2,"₹ 25,00,000.00","₹ 82,800.00"
Uttar Pradesh,"JNMC (AMU), Aligarh",PHARMACOLOGY,AIQ,"₹ 38,000.00",1269,0,₹ 0.00,"₹ 1,08,000.00"
Bihar,"Jawaharlal Nehru, Bhagalpur",PHARMACOLOGY,AIQ,"₹ 9,000.00",800,3,"₹ 25,00,000.00","₹ 82,000.00"
Haryana,"Kalpana Chawala Govt MC,Karnal",PHARMACOLOGY,AIQ,"₹ 1,25,000.00",500,0,₹ 0.00,"₹ 1,00,980.00"
Karnataka,"KIMS, Hubli",PHARMACOLOGY,AIQ,"₹ 69,150.00",1200,3,"₹ 50,00,000.00","₹ 56,250.00"
Karnataka,Karwar Inst of Med Sciences,PHARMACOLOGY,AIQ,"₹ 69,150.00",650,3,"₹ 50,00,000.00","₹ 56,250.00"
Uttar Pradesh,"KGMU, Lucknow",PHARMACOLOGY,AIQ,"₹ 54,700.00",4500,2,"₹ 40,00,000.00","₹ 1,09,955.00"
Karnataka,Kodagu Inst of Med Sciences,PHARMACOLOGY,AIQ,"₹ 69,150.00",600,3,"₹ 50,00,000.00","₹ 56,250.00"
Karnataka,"Koppal Inst of MS, Koppal",PHARMACOLOGY,AIQ,"₹ 69,150.00",NA,3,"₹ 50,00,000.00","₹ 56,250.00"
Uttar Pradesh,"LLRM Med Coll, Meerut",PHARMACOLOGY,AIQ,"₹ 40,000.00",1090,2,"₹ 40,00,000.00","₹ 1,00,980.00"
Maharashtra,"Lokmanya Tilak, Sion, Mumbai",PHARMACOLOGY,AIQ,"₹ 1,43,300.00",1462,1,"₹ 50,00,000.00","₹ 92,522.00"
Madhya Pradesh,"MGM Med Coll, Indore",PHARMACOLOGY,AIQ,"₹ 1,01,500.00",1300,1,"₹ 10,00,000.00","₹ 75,444.00"
Jharkhand,"MGM Med Coll, Jamshedpur",PHARMACOLOGY,AIQ,"₹ 1,500.00",540,3,"₹ 30,00,000.00","₹ 54,500.00"
Tamil Nadu,"Madras Med Coll, Chennai",PHARMACOLOGY,AIQ,"₹ 50,000.00",7285,2,"₹ 40,00,000.00","₹ 52,451.00"
Maharashtra,"MGIMS, Wardha",PHARMACOLOGY,AIQ,"₹ 1,43,300.00",1000,1,"₹ 50,00,000.00","₹ 89,698.00"
West Bengal,"Govt. Med College, Kolkata",PHARMACOLOGY,AIQ,"₹ 12,000.00",2668,3,"₹ 30,00,000.00","₹ 49,884.00"
Kerala,"Medical College, Trivandrum",PHARMACOLOGY,AIQ,"₹ 69,470.00",2126,1,"₹ 50,00,000.00","₹ 57,876.00"
West Bengal,Midnapore Medical College,PHARMACOLOGY,AIQ,"₹ 12,000.00",1051,3,"₹ 30,00,000.00","₹ 49,884.00"
Odisha,"MKCG, Berhampur",PHARMACOLOGY,AIQ,"₹ 38,500.00",1140,2,"₹ 66,30,000.00","₹ 88,686.00"
Uttar Pradesh,"MLN Med Coll, Allahabad",PHARMACOLOGY,AIQ,"₹ 40,000.00",NA,2,"₹ 40,00,000.00","₹ 1,00,980.00"
Karnataka,"Mysore Med Coll, Mysore",PHARMACOLOGY,AIQ,"₹ 69,150.00",1050,3,"₹ 50,00,000.00","₹ 56,250.00"
Bihar,"Nalanda Med Coll, Patna",PHARMACOLOGY,AIQ,"₹ 9,000.00",750,3,"₹ 25,00,000.00","₹ 82,000.00"
Madhya Pradesh,"NSC Bose Med Coll, Jabalpur",PHARMACOLOGY,AIQ,"₹ 1,01,500.00",1150,1,"₹ 10,00,000.00","₹ 75,444.00"
West Bengal,"Nilratan Sircar, Kolkata",PHARMACOLOGY,AIQ,"₹ 12,000.00",1920,3,"₹ 30,00,000.00","₹ 49,884.00"
Meghalaya,"NEIGRIHMS, Shillong",PHARMACOLOGY,AIQ,"₹ 16,300.00",594,0,₹ 0.00,"₹ 96,000.00"
Telangana,"Osmania Med Coll, Hyderabad",PHARMACOLOGY,AIQ,"₹ 25,000.00",4800,1,"₹ 20,00,000.00","₹ 58,289.00"
Bihar,"Patna Med Coll, Patna",PHARMACOLOGY,AIQ,"₹ 9,000.00",1748,3,"₹ 25,00,000.00","₹ 82,000.00"
Haryana,"Pt BD Sharma, Rohtak",PHARMACOLOGY,AIQ,"₹ 1,25,000.00",2080,0,₹ 0.00,"₹ 1,00,980.00"
Maharashtra,"SRTT, Ambajogai",PHARMACOLOGY,AIQ,"₹ 1,43,300.00",518,1,"₹ 50,00,000.00","₹ 92,522.00"
Chhattisgarh,"Pt JNM Med Coll, Raipur",PHARMACOLOGY,AIQ,"₹ 20,000.00",1246,2,"₹ 50,00,000.00","₹ 67,500.00"
Rajasthan,"RNT, Udaipur",PHARMACOLOGY,AIQ,"₹ 12,812.00",2206,2,"₹ 25,00,000.00","₹ 82,800.00"
Karnataka,"Raichur IMS, Raichur",PHARMACOLOGY,AIQ,"₹ 69,150.00",500,3,"₹ 50,00,000.00","₹ 56,250.00"
Tamil Nadu,"Rajah Muthiah, Annamalainagar",PHARMACOLOGY,AIQ,"₹ 50,000.00",1400,2,"₹ 40,00,000.00","₹ 52,451.00"
Maharashtra,"Rajarshee CSM Govt MC,Kolhapur",PHARMACOLOGY,AIQ,"₹ 1,43,300.00",665,1,"₹ 50,00,000.00","₹ 92,522.00"
Jharkhand,"Rajendra IMS, Ranchi",PHARMACOLOGY,AIQ,"₹ 1,500.00",1754,3,"₹ 30,00,000.00","₹ 1,00,770.00"
Telangana,"Rajiv Gandhi IMS, Adilabad",PHARMACOLOGY,AIQ,"₹ 25,000.00",NA,1,"₹ 20,00,000.00","₹ 58,289.00"
Andhra Pradesh,"Rajiv Gandhi IMS, Kadapa",PHARMACOLOGY,AIQ,"₹ 48,600.00",715,0,₹ 0.00,"₹ 60,823.00"
Andhra Pradesh,"Rajiv Gandhi IMS, Srikakulam",PHARMACOLOGY,AIQ,"₹ 48,600.00",532,0,₹ 0.00,"₹ 60,823.00"
Andhra Pradesh,"Rajiv Gandhi IMS, Ongole",PHARMACOLOGY,AIQ,"₹ 48,600.00",500,0,₹ 0.00,"₹ 60,823.00"
Maharashtra,"Rajiv Gandhi MC & CSMH, Thane",PHARMACOLOGY,AIQ,"₹ 1,43,300.00",500,1,"₹ 50,00,000.00","₹ 92,522.00"
Andhra Pradesh,"Rangaraya Med Coll, Kakinada",PHARMACOLOGY,AIQ,"₹ 48,600.00",1450,0,₹ 0.00,"₹ 60,823.00"
Manipur,"RIMS, Imphal",PHARMACOLOGY,AIQ,"₹ 5,000.00",1074,0,₹ 0.00,"₹ 1,06,380.00"
West Bengal,"RG Kar Med Coll, Kolkata",PHARMACOLOGY,AIQ,"₹ 12,000.00",1663,3,"₹ 30,00,000.00","₹ 49,884.00"
Rajasthan,"RUHS, Jaipur",PHARMACOLOGY,AIQ,"₹ 30,491.00",300,2,"₹ 25,00,000.00","₹ 82,800.00"
Uttar Pradesh,"SN Med Coll, Agra",PHARMACOLOGY,AIQ,"₹ 40,000.00",976,2,"₹ 40,00,000.00","₹ 1,00,980.00"
Andhra Pradesh,"SV Med Coll, Tirupati",PHARMACOLOGY,AIQ,"₹ 48,600.00",940,0,₹ 0.00,"₹ 60,823.00"
Rajasthan,"SP Med Coll, Bikaner",PHARMACOLOGY,AIQ,"₹ 12,812.00",NA,2,"₹ 25,00,000.00","₹ 82,800.00"
Odisha,"SCB, Cuttack",PHARMACOLOGY,AIQ,"₹ 38,500.00",2106,2,"₹ 66,30,000.00","₹ 88,686.00"
West Bengal,"School of Tropical Med,Kolkata",PHARMACOLOGY,AIQ,"₹ 12,000.00",173,3,"₹ 30,00,000.00","₹ 49,884.00"
Maharashtra,"Seth GS, Mumbai",PHARMACOLOGY,AIQ,"₹ 1,43,300.00",2250,1,"₹ 50,00,000.00","₹ 92,522.00"
Haryana,"SHKM, Nalhar",PHARMACOLOGY,AIQ,"₹ 1,25,000.00",500,0,₹ 0.00,"₹ 1,00,980.00"
Uttar Pradesh,"Shaik-ul-Hind, Saharanpur",PHARMACOLOGY,AIQ,"₹ 40,000.00",500,2,"₹ 40,00,000.00","₹ 1,00,980.00"
Karnataka,"Shimoga IMS, Shimoga",PHARMACOLOGY,AIQ,"₹ 69,150.00",950,3,"₹ 50,00,000.00","₹ 56,250.00"
Karnataka,"Shri Atal Bihari Vajpayee, BLR",PHARMACOLOGY,AIQ,"₹ 69,150.00",956,3,"₹ 50,00,000.00","₹ 56,250.00"
Bihar,"Sri Krishna, Muzzafarpur",PHARMACOLOGY,AIQ,"₹ 9,000.00",610,3,"₹ 25,00,000.00","₹ 82,000.00"
Himachal Pradesh,"LalBahShastri Govt Med, Mandi",PHARMACOLOGY,AIQ,"₹ 39,000.00",500,3,"₹ 40,00,000.00","₹ 40,000.00"
Maharashtra,"Shri VR Naik Govt, Yavatmal",PHARMACOLOGY,AIQ,"₹ 1,43,300.00",756,1,"₹ 50,00,000.00","₹ 92,522.00"
Madhya Pradesh,"SSMC, Rewa",PHARMACOLOGY,AIQ,"₹ 1,01,500.00",1140,1,"₹ 10,00,000.00","₹ 75,444.00"
Assam,"Silchar Med Coll, Silchar",PHARMACOLOGY,AIQ,"₹ 17,900.00",1256,2,"₹ 20,00,000.00","₹ 55,200.00"
Rajasthan,"SMS, Jaipur",PHARMACOLOGY,AIQ,"₹ 11,647.00",5702,2,"₹ 25,00,000.00","₹ 82,800.00"
Andhra Pradesh,"SVIMS, Tirupati",PHARMACOLOGY,AIQ,"₹ 2,11,600.00",1257,1,"₹ 40,00,000.00","₹ 80,904.00"
Tamil Nadu,"Stanley Med Coll, Chennai",PHARMACOLOGY,AIQ,"₹ 50,000.00",1661,2,"₹ 40,00,000.00","₹ 52,451.00"
Kerala,"TD Med Coll, Allepey",PHARMACOLOGY,AIQ,"₹ 69,470.00",1050,1,"₹ 50,00,000.00","₹ 57,876.00"
Assam,"Tezpur Med Coll, Tezpur",PHARMACOLOGY,AIQ,"₹ 17,900.00",500,2,"₹ 20,00,000.00","₹ 55,200.00"
Tamil Nadu,Tirunelveli Med Coll,PHARMACOLOGY,AIQ,"₹ 50,000.00",1737,2,"₹ 40,00,000.00","₹ 52,451.00"
Maharashtra,"Topiwala, Mumbai",PHARMACOLOGY,AIQ,"₹ 1,43,300.00",1300,1,"₹ 50,00,000.00","₹ 92,522.00"
Delhi,"UCMS, Delhi",PHARMACOLOGY,AIQ,"₹ 57,600.00",1000,0,₹ 0.00,"₹ 1,26,927.00"
Uttar Pradesh,"UP Univ of Med Sci, Etawah",PHARMACOLOGY,AIQ,"₹ 40,000.00",1268,2,"₹ 40,00,000.00","₹ 1,00,980.00"
Bihar,"Vardhman IMS, Nalanda",PHARMACOLOGY,AIQ,"₹ 9,000.00",640,3,"₹ 25,00,000.00","₹ 82,000.00"
Delhi,"VMMC, Delhi",PHARMACOLOGY,AIQ,"₹ 41,000.00",1550,0,₹ 0.00,"₹ 1,20,965.00"
Uttarakhand,"VCSG Med Coll, Pauri Garhwal",PHARMACOLOGY,AIQ,"₹ 1,00,000.00",NA,0,₹ 0.00,"₹ 76,600.00"
Odisha,"VIMSAR, Burla",PHARMACOLOGY,AIQ,"₹ 38,500.00",1071,2,"₹ 66,30,000.00","₹ 88,686.00"
Karnataka,"VIMS, Bellary",PHARMACOLOGY,AIQ,"₹ 69,150.00",1295,3,"₹ 50,00,000.00","₹ 56,250.00"
Delhi,"VP Chest Institute, Delhi",PHARMACOLOGY,AIQ,"₹ 57,600.00",128,0,₹ 0.00,"₹ 1,26,927.00"
Goa,"Goa Med Coll, Panaji",PHARMACOLOGY,AIQ,"₹ 1,22,522.00",1160,1,"₹ 50,00,000.00","₹ 60,000.00"
Tamil Nadu,"ESI PGIMSR, KK Nagar, Chennai",PHARMACOLOGY,AIQ,"₹ 2,50,000.00",470,2,"₹ 10,00,000.00","₹ 1,11,780.00"
Uttar Pradesh,"Govt Med Coll, Firozobad",PHARMACOLOGY,AIQ,"₹ 40,000.00",517,2,"₹ 40,00,000.00","₹ 1,00,980.00"
Telangana,"Malla Reddy(Women), Hyderabad",PHARMACOLOGY,MNG,"₹ 2,50,000.00",1050,1,"₹ 15,00,000.00","₹ 45,000.00"
Gujarat,"SBKS, Vadodara",PHARMACOLOGY,MNG,"₹ 3,00,000.00",1340,0,₹ 0.00,"₹ 1,00,800.00"
Pondicherry,"Aarupadai Veedu, Pondicherry",PHARMACOLOGY,MNG,"₹ 5,00,000.00",584,0,₹ 0.00,"₹ 30,000.00"
Tamil Nadu,"ACS Med Coll, Chennai",PHARMACOLOGY,MNG,"₹ 5,00,000.00",1050,0,₹ 0.00,"₹ 20,000.00"
Kerala,"Amrita School of Med, Kochi",PHARMACOLOGY,MNG,"₹ 5,00,000.00",1110,0,₹ 0.00,"₹ 43,000.00"
Maharashtra,"BVDU, Sangli",PHARMACOLOGY,MNG,"₹ 10,00,000.00",853,1,"₹ 12,00,000.00","₹ 76,000.00"
Maharashtra,"JN Med College, Meghe, Wardha",PHARMACOLOGY,MNG,"₹ 3,75,000.00",2150,1,"₹ 5,00,000.00","₹ 66,829.00"
Maharashtra,"BVDU, Pune",PHARMACOLOGY,MNG,"₹ 10,00,000.00",856,1,"₹ 12,00,000.00","₹ 76,000.00"
Tamil Nadu,"Chettinad Hosp&RI,Kanchipuram",PHARMACOLOGY,MNG,"₹ 6,00,000.00",1180,0,₹ 0.00,"₹ 48,000.00"
Delhi,"Hamdard Institute, Delhi",PHARMACOLOGY,MNG,"₹ 10,50,000.00",710,0,₹ 0.00,"₹ 80,000.00"
Odisha,"IMS & SUM, Bhubaneswar",PHARMACOLOGY,MNG,₹ 0.00,1410,0,₹ 0.00,"₹ 60,000.00"
Karnataka,"JN Medical College, Belgaum",PHARMACOLOGY,MNG,"₹ 2,80,000.00",2400,1,"₹ 10,00,000.00","₹ 45,000.00"
Karnataka,"JSS Med Coll, Mysore",PHARMACOLOGY,MNG,"₹ 10,000.00",2060,0,₹ 0.00,"₹ 45,000.00"
Karnataka,"KS Hegde, Mangalore",PHARMACOLOGY,MNG,"₹ 1,90,000.00",1000,0,₹ 0.00,"₹ 45,000.00"
Odisha,"Kalinga IMS, Bhubaneswar",PHARMACOLOGY,MNG,"₹ 7,50,000.00",1750,0,₹ 0.00,"₹ 70,000.00"
Karnataka,"Kasturba Med Coll, Mangalore",PHARMACOLOGY,MNG,"₹ 12,10,000.00",1290,0,₹ 0.00,"₹ 45,000.00"
Karnataka,"Kasturba Med Coll, Manipal",PHARMACOLOGY,MNG,"₹ 12,10,000.00",2032,0,₹ 0.00,"₹ 45,000.00"
Maharashtra,"Krishna IMS, Karad",PHARMACOLOGY,MNG,"₹ 1,00,000.00",1125,1,"₹ 5,00,000.00","₹ 88,213.00"
Haryana,"MMIMS, Mullana, Ambala",PHARMACOLOGY,MNG,"₹ 5,30,000.00",940,1,"₹ 10,00,000.00","₹ 56,100.00"
Pondicherry,"MGMC & RI, Pondicherry",PHARMACOLOGY,MNG,"₹ 2,00,000.00",1380,0,₹ 0.00,₹ 0.00
Maharashtra,"MGM Med Coll, Aurangabad",PHARMACOLOGY,MNG,"₹ 1,00,000.00",700,1,"₹ 25,00,000.00","₹ 88,000.00"
Maharashtra,"MGM Med Coll, Navi Mumbai",PHARMACOLOGY,MNG,"₹ 1,00,000.00",1740,1,"₹ 25,00,000.00","₹ 88,000.00"
Tamil Nadu,"Meenakshi Med Coll, Enathur",PHARMACOLOGY,MNG,"₹ 1,00,000.00",1110,0,₹ 0.00,NA
Maharashtra,"DY Patil, Navi Mumbai",PHARMACOLOGY,MNG,"₹ 8,50,000.00",1662,1,"₹ 10,00,000.00","₹ 76,629.00"
Karnataka,"Rajeshwari, Bangalore",PHARMACOLOGY,MNG,"₹ 6,00,000.00",1460,0,₹ 0.00,"₹ 25,000.00"
Maharashtra,"Rural Med Coll, LONI",PHARMACOLOGY,MNG,"₹ 6,70,000.00",1275,0,₹ 0.00,"₹ 64,559.00"
Uttar Pradesh,"Santosh Med Coll, Ghaziabad",PHARMACOLOGY,MNG,"₹ 2,00,000.00",800,0,₹ 0.00,"₹ 56,010.00"
Tamil Nadu,"Saveetha, Kanchipuram",PHARMACOLOGY,MNG,"₹ 5,00,000.00",1250,0,₹ 0.00,"₹ 35,000.00"
Karnataka,"Shri BM Patil, Vijayapura",PHARMACOLOGY,MNG,"₹ 55,000.00",1130,0,₹ 0.00,"₹ 45,000.00"
Tamil Nadu,"Shri Satya Sai, Kancheepuram",PHARMACOLOGY,MNG,"₹ 2,00,000.00",1120,0,₹ 0.00,₹ 0.00
Tamil Nadu,"Sree Balaji Med Coll, Chennai",PHARMACOLOGY,MNG,"₹ 6,00,000.00",1250,0,₹ 0.00,"₹ 25,000.00"
Karnataka,"SDU Med Coll, Kolar",PHARMACOLOGY,MNG,₹ 0.00,1100,1,"₹ 22,00,000.00","₹ 45,000.00"
Tamil Nadu,"SRMC & RI, Chennai",PHARMACOLOGY,MNG,"₹ 7,00,000.00",1800,0,₹ 0.00,"₹ 48,000.00"
Karnataka,"Sri Siddhartha IMS, T. Begur",PHARMACOLOGY,MNG,"₹ 5,50,000.00",720,0,₹ 0.00,"₹ 30,000.00"
Tamil Nadu,"SRM Med Coll, Kancheepuram",PHARMACOLOGY,MNG,"₹ 3,00,000.00",1590,0,₹ 0.00,"₹ 50,923.00"
Tamil Nadu,"Vinayaka Missions, Salem",PHARMACOLOGY,MNG,"₹ 3,35,000.00",560,0,₹ 0.00,₹ 0.00
Karnataka,"Yenepoya Med Coll, Mangalore",PHARMACOLOGY,MNG,"₹ 10,000.00",910,0,₹ 0.00,"₹ 45,000.00"
Delhi,"Hamdard Institute, Delhi",PHARMACOLOGY,MM,"₹ 10,50,000.00",710,0,₹ 0.00,"₹ 80,000.00"
Karnataka,"Yenepoya Med Coll, Mangalore",PHARMACOLOGY,MM,"₹ 10,000.00",910,0,₹ 0.00,"₹ 45,000.00"
Gujarat,"SBKS, Vadodara",PHARMACOLOGY,JM,"₹ 3,00,000.00",1340,1,"₹ 15,00,000.00","₹ 1,00,800.00"
Maharashtra,"BVDU, Sangli",PHARMACOLOGY,NRI,"₹ 25,05,000.00",853,1,"₹ 12,00,000.00","₹ 76,000.00"
Maharashtra,"BVDU, Pune",PHARMACOLOGY,NRI,"₹ 25,05,000.00",856,1,"₹ 12,00,000.00","₹ 76,000.00"
Karnataka,"Kasturba Med Coll, Mangalore",PHARMACOLOGY,NRI,"₹ 19,37,000.00",1290,0,₹ 0.00,"₹ 45,000.00"
Karnataka,"Kasturba Med Coll, Manipal",PHARMACOLOGY,NRI,"₹ 19,37,000.00",2032,0,₹ 0.00,"₹ 45,000.00"
Maharashtra,"Rural Med Coll, LONI",PHARMACOLOGY,NRI,"₹ 34,11,000.00",1275,0,₹ 0.00,"₹ 64,559.00"
Karnataka,"Shri BM Patil, Vijayapura",PHARMACOLOGY,NRI,"₹ 25,00,000.00",1130,0,₹ 0.00,"₹ 45,000.00"
Karnataka,"Sri Siddhartha IMS, T. Begur",PHARMACOLOGY,NRI,"₹ 18,79,000.00",720,0,₹ 0.00,"₹ 30,000.00"
Delhi,"MAMC, Delhi",PHARMACOLOGY,DU,"₹ 57,600.00",2800,0,₹ 0.00,"₹ 1,26,927.00"
Delhi,"UCMS, Delhi",PHARMACOLOGY,DU,"₹ 57,600.00",1000,0,₹ 0.00,"₹ 1,26,927.00"
Delhi,"Lady Hardinge, Delhi",PHARMACOLOGY,DU,"₹ 57,600.00",877,0,₹ 0.00,"₹ 1,26,927.00"
Delhi,"VP Chest Institute, Delhi",PHARMACOLOGY,DU,"₹ 57,600.00",128,0,₹ 0.00,"₹ 1,26,927.00"
Delhi,"VMMC, Delhi",PHARMACOLOGY,IP,"₹ 41,000.00",1550,0,₹ 0.00,"₹ 1,20,965.00"
Uttar Pradesh,"IMS(BHU), Varanasi",PHARMACOLOGY,BHU,"₹ 48,226.00",1165,0,₹ 0.00,"₹ 1,00,706.00"
Uttar Pradesh,"JNMC (AMU), Aligarh",PHARMACOLOGY,AMU,"₹ 38,000.00",1269,0,₹ 0.00,"₹ 1,08,000.00"
Maharashtra,"AFMC, Pune",PHARMACOLOGY,AFMS,"₹ 1,43,500.00",1082,5,"₹ 57,50,000.00","₹ 91,282.00"
Kerala,"Govt Med Coll, Kottayam",PMR,AIQ,"₹ 69,470.00",NA,1,"₹ 50,00,000.00","₹ 57,876.00"
Kerala,"Govt Med Coll, Kozhikode",PMR,AIQ,"₹ 69,470.00",3025,1,"₹ 50,00,000.00","₹ 57,876.00"
West Bengal,"IPGMER, Kolkata",PMR,AIQ,"₹ 12,000.00",2300,3,"₹ 30,00,000.00","₹ 49,884.00"
Bihar,"Jawaharlal Nehru, Bhagalpur",PMR,AIQ,"₹ 9,000.00",800,3,"₹ 25,00,000.00","₹ 82,000.00"
Uttar Pradesh,"KGMU, Lucknow",PMR,AIQ,"₹ 54,700.00",4500,2,"₹ 40,00,000.00","₹ 1,09,955.00"
Kerala,"Medical College, Trivandrum",PMR,AIQ,"₹ 69,470.00",2126,1,"₹ 50,00,000.00","₹ 57,876.00"
West Bengal,"Nilratan Sircar, Kolkata",PMR,AIQ,"₹ 12,000.00",1920,3,"₹ 30,00,000.00","₹ 49,884.00"
Bihar,"Patna Med Coll, Patna",PMR,AIQ,"₹ 9,000.00",1748,3,"₹ 25,00,000.00","₹ 82,000.00"
Delhi,"ABVIMS (Dr RML Hosp), Delhi",PMR,AIQ,"₹ 41,000.00",1626,0,₹ 0.00,"₹ 1,20,965.00"
Tamil Nadu,"Rajah Muthiah, Annamalainagar",PMR,AIQ,"₹ 50,000.00",1400,2,"₹ 40,00,000.00","₹ 52,451.00"
Manipur,"RIMS, Imphal",PMR,AIQ,"₹ 5,000.00",1074,1,"₹ 20,00,000.00","₹ 1,06,380.00"
West Bengal,"RG Kar Med Coll, Kolkata",PMR,AIQ,"₹ 12,000.00",1663,3,"₹ 30,00,000.00","₹ 49,884.00"
Rajasthan,"SMS, Jaipur",PMR,AIQ,"₹ 11,647.00",5702,2,"₹ 25,00,000.00","₹ 82,800.00"
Delhi,"VMMC, Delhi",PMR,AIQ,"₹ 41,000.00",1550,0,₹ 0.00,"₹ 1,20,965.00"
Kerala,"Amrita School of Med, Kochi",PMR,MNG,"₹ 21,00,000.00",1110,0,₹ 0.00,"₹ 43,000.00"
Delhi,"Lady Hardinge, Delhi",PMR,DU,"₹ 57,600.00",877,0,₹ 0.00,"₹ 1,26,927.00"
Delhi,"VMMC, Delhi",PMR,IP,"₹ 41,000.00",1550,0,₹ 0.00,"₹ 1,20,965.00"
Delhi,"ABVIMS (Dr RML Hosp), Delhi",PMR,IP,"₹ 41,000.00",1626,0,₹ 0.00,"₹ 1,20,965.00"
Andhra Pradesh,"Govt Med Coll, Ananthapuram",PHYSIOLOGY,AIQ,"₹ 48,600.00",500,0,₹ 0.00,"₹ 60,823.00"
Maharashtra,"GovtMedColl,ChhatrapatiSambhajiNgr",PHYSIOLOGY,AIQ,"₹ 1,43,300.00",1177,1,"₹ 50,00,000.00","₹ 92,522.00"
Uttar Pradesh,"Govt Med Coll, Bahraich",PHYSIOLOGY,AIQ,"₹ 40,000.00",NA,2,"₹ 40,00,000.00","₹ 1,00,980.00"
Maharashtra,"Govt Med Coll, Chandrapur",PHYSIOLOGY,AIQ,"₹ 1,43,300.00",650,1,"₹ 50,00,000.00","₹ 92,522.00"
Madhya Pradesh,"Govt Med Coll, Datia",PHYSIOLOGY,AIQ,"₹ 1,01,500.00",540,1,"₹ 10,00,000.00","₹ 75,444.00"
Uttar Pradesh,"Govt Med Coll, Firozobad",PHYSIOLOGY,AIQ,"₹ 40,000.00",517,2,"₹ 40,00,000.00","₹ 1,00,980.00"
Maharashtra,"Govt Med Coll, Gondia",PHYSIOLOGY,AIQ,"₹ 1,43,300.00",500,1,"₹ 50,00,000.00","₹ 92,522.00"
Jammu and Kashmir,"Govt Med Coll, Jammu",PHYSIOLOGY,AIQ,"₹ 25,000.00",1700,0,₹ 0.00,"₹ 59,500.00"
Uttar Pradesh,"Govt Med Coll, Kannauj",PHYSIOLOGY,AIQ,"₹ 40,000.00",470,2,"₹ 40,00,000.00","₹ 1,00,980.00"
Rajasthan,"Govt Med Coll, Kota",PHYSIOLOGY,AIQ,"₹ 12,812.00",2581,2,"₹ 25,00,000.00","₹ 82,800.00"
Kerala,"Govt Med Coll, Kottayam",PHYSIOLOGY,AIQ,"₹ 69,470.00",NA,1,"₹ 50,00,000.00","₹ 57,876.00"
Kerala,"Govt Med Coll, Kozhikode",PHYSIOLOGY,AIQ,"₹ 69,470.00",3025,1,"₹ 50,00,000.00","₹ 57,876.00"
Maharashtra,"Govt Med Coll, Latur",PHYSIOLOGY,AIQ,"₹ 1,43,300.00",750,1,"₹ 50,00,000.00","₹ 92,522.00"
Telangana,"Govt Med Coll, Mahabubnagar",PHYSIOLOGY,AIQ,"₹ 25,000.00",900,1,"₹ 20,00,000.00","₹ 58,289.00"
Maharashtra,"Govt Med Coll, Miraj",PHYSIOLOGY,AIQ,"₹ 1,43,300.00",725,1,"₹ 50,00,000.00","₹ 92,522.00"
Maharashtra,"Govt Med Coll, Nagpur",PHYSIOLOGY,AIQ,"₹ 1,43,300.00",1866,1,"₹ 50,00,000.00","₹ 92,522.00"
Telangana,"Govt Med Coll, Nalgonda",PHYSIOLOGY,AIQ,"₹ 25,000.00",580,1,"₹ 20,00,000.00","₹ 58,289.00"
Telangana,"Govt Med Coll, Nizamabad",PHYSIOLOGY,AIQ,"₹ 25,000.00",500,1,"₹ 20,00,000.00","₹ 58,289.00"
Rajasthan,"Govt Med Coll, Pali",PHYSIOLOGY,AIQ,"₹ 12,812.00",NA,2,"₹ 25,00,000.00","₹ 82,800.00"
Punjab,"Govt Med Coll, Patiala",PHYSIOLOGY,AIQ,"₹ 1,00,000.00",1130,1,"₹ 10,00,000.00","₹ 67,968.00"
Uttar Pradesh,"Govt Med Coll, Rampur, Basti",PHYSIOLOGY,AIQ,"₹ 40,000.00",500,2,"₹ 40,00,000.00","₹ 1,00,980.00"
Madhya Pradesh,"Govt Med Coll, Ratlam",PHYSIOLOGY,AIQ,"₹ 1,01,500.00",300,1,"₹ 10,00,000.00","₹ 75,444.00"
Madhya Pradesh,"Govt Med Coll, Shivpuri",PHYSIOLOGY,AIQ,"₹ 1,01,500.00",520,1,"₹ 10,00,000.00","₹ 75,444.00"
Telangana,"Govt Med Coll, Siddipet",PHYSIOLOGY,AIQ,"₹ 25,000.00",780,1,"₹ 20,00,000.00","₹ 58,289.00"
Jammu and Kashmir,"Govt Med Coll, Srinagar",PHYSIOLOGY,AIQ,"₹ 35,750.00",2150,0,₹ 0.00,"₹ 59,500.00"
Telangana,"Govt Med Coll, Suryapet",PHYSIOLOGY,AIQ,"₹ 25,000.00",580,1,"₹ 20,00,000.00","₹ 58,289.00"
Kerala,"Govt Med Coll, Thrissur",PHYSIOLOGY,AIQ,"₹ 69,470.00",1400,1,"₹ 50,00,000.00","₹ 57,876.00"
Andhra Pradesh,"Govt Siddhartha, Vijaywada",PHYSIOLOGY,AIQ,"₹ 48,600.00",707,0,₹ 0.00,"₹ 60,823.00"
Maharashtra,"Grant Med Coll, Mumbai",PHYSIOLOGY,AIQ,"₹ 1,43,300.00",2844,1,"₹ 50,00,000.00","₹ 92,522.00"
Uttar Pradesh,"GSVM Med Coll, Kanpur",PHYSIOLOGY,AIQ,"₹ 40,000.00",2083,2,"₹ 40,00,000.00","₹ 1,00,980.00"
Karnataka,"Gulbarga IMS, Gulbarga",PHYSIOLOGY,AIQ,"₹ 41,650.00",873,3,"₹ 50,00,000.00","₹ 56,250.00"
Andhra Pradesh,"Guntur Med Coll, Guntur",PHYSIOLOGY,AIQ,"₹ 48,600.00",1170,0,₹ 0.00,"₹ 60,823.00"
Punjab,"Guru Govind Singh, Faridkot",PHYSIOLOGY,AIQ,"₹ 1,00,000.00",1000,1,"₹ 10,00,000.00","₹ 67,968.00"
Maharashtra,"HBT & RN Cooper, Mumbai",PHYSIOLOGY,AIQ,"₹ 1,43,300.00",940,1,"₹ 50,00,000.00","₹ 92,522.00"
Karnataka,"Hassan IMS, Hassan",PHYSIOLOGY,AIQ,"₹ 41,650.00",NA,3,"₹ 50,00,000.00","₹ 56,250.00"
Bihar,"IGIMS, Patna",PHYSIOLOGY,AIQ,"₹ 1,60,000.00",1062,0,₹ 0.00,"₹ 1,05,000.00"
Maharashtra,"Indira Gandhi MedColl, Nagpur",PHYSIOLOGY,AIQ,"₹ 1,43,300.00",822,1,"₹ 50,00,000.00","₹ 92,522.00"
Himachal Pradesh,"IGMC, Shimla",PHYSIOLOGY,AIQ,"₹ 39,000.00",1031,3,"₹ 40,00,000.00","₹ 40,000.00"
Uttar Pradesh,"IMS(BHU), Varanasi",PHYSIOLOGY,AIQ,"₹ 48,226.00",1165,0,₹ 0.00,"₹ 1,00,706.00"
West Bengal,"IPGMER, Kolkata",PHYSIOLOGY,AIQ,"₹ 12,000.00",2300,3,"₹ 30,00,000.00","₹ 49,884.00"
Manipur,"JNIMS, Imphal",PHYSIOLOGY,AIQ,"₹ 1,00,000.00",643,0,₹ 0.00,"₹ 50,000.00"
Rajasthan,"JLNMC, Ajmer",PHYSIOLOGY,AIQ,"₹ 10,982.00",1428,2,"₹ 25,00,000.00","₹ 82,800.00"
Uttar Pradesh,"JNMC (AMU), Aligarh",PHYSIOLOGY,AIQ,"₹ 38,000.00",1269,0,₹ 0.00,"₹ 1,08,000.00"
Bihar,"Jawaharlal Nehru, Bhagalpur",PHYSIOLOGY,AIQ,"₹ 9,000.00",800,3,"₹ 25,00,000.00","₹ 82,000.00"
Rajasthan,"Jhalawar Med Coll, Jhalawar",PHYSIOLOGY,AIQ,"₹ 88,265.00",NA,2,"₹ 25,00,000.00","₹ 82,800.00"
Haryana,"Kalpana Chawala Govt MC,Karnal",PHYSIOLOGY,AIQ,"₹ 1,25,000.00",500,0,₹ 0.00,"₹ 1,00,980.00"
Karnataka,"KIMS, Hubli",PHYSIOLOGY,AIQ,"₹ 41,650.00",1200,3,"₹ 50,00,000.00","₹ 56,250.00"
Uttar Pradesh,"KGMU, Lucknow",PHYSIOLOGY,AIQ,"₹ 54,700.00",4500,2,"₹ 40,00,000.00","₹ 1,09,955.00"
Karnataka,Kodagu Inst of Med Sciences,PHYSIOLOGY,AIQ,"₹ 41,650.00",600,3,"₹ 50,00,000.00","₹ 56,250.00"
Karnataka,"Koppal Inst of MS, Koppal",PHYSIOLOGY,AIQ,"₹ 41,650.00",NA,3,"₹ 50,00,000.00","₹ 56,250.00"
Uttar Pradesh,"LLRM Med Coll, Meerut",PHYSIOLOGY,AIQ,"₹ 40,000.00",1090,2,"₹ 40,00,000.00","₹ 1,00,980.00"
Maharashtra,"Lokmanya Tilak, Sion, Mumbai",PHYSIOLOGY,AIQ,"₹ 1,43,300.00",1462,1,"₹ 50,00,000.00","₹ 92,522.00"
Madhya Pradesh,"MGM Med Coll, Indore",PHYSIOLOGY,AIQ,"₹ 1,01,500.00",1300,1,"₹ 10,00,000.00","₹ 75,444.00"
Jharkhand,"MGM Med Coll, Jamshedpur",PHYSIOLOGY,AIQ,"₹ 1,500.00",540,3,"₹ 30,00,000.00","₹ 54,500.00"
Tamil Nadu,"Madras Med Coll, Chennai",PHYSIOLOGY,AIQ,"₹ 50,000.00",7285,2,"₹ 40,00,000.00","₹ 52,451.00"
Maharashtra,"MGIMS, Wardha",PHYSIOLOGY,AIQ,"₹ 1,43,300.00",1000,1,"₹ 50,00,000.00","₹ 89,698.00"
West Bengal,"Govt. Med College, Kolkata",PHYSIOLOGY,AIQ,"₹ 12,000.00",2668,3,"₹ 30,00,000.00","₹ 49,884.00"
Kerala,"Medical College, Trivandrum",PHYSIOLOGY,AIQ,"₹ 69,470.00",2126,1,"₹ 50,00,000.00","₹ 57,876.00"
Odisha,"MKCG, Berhampur",PHYSIOLOGY,AIQ,"₹ 38,500.00",1140,2,"₹ 66,30,000.00","₹ 88,686.00"
Uttar Pradesh,"MLN Med Coll, Allahabad",PHYSIOLOGY,AIQ,"₹ 40,000.00",NA,2,"₹ 40,00,000.00","₹ 1,00,980.00"
West Bengal,Murshidabad Med Coll,PHYSIOLOGY,AIQ,"₹ 12,000.00",1208,3,"₹ 30,00,000.00","₹ 49,884.00"
Karnataka,"Mysore Med Coll, Mysore",PHYSIOLOGY,AIQ,"₹ 41,650.00",1050,3,"₹ 50,00,000.00","₹ 56,250.00"
Bihar,"Nalanda Med Coll, Patna",PHYSIOLOGY,AIQ,"₹ 9,000.00",750,3,"₹ 25,00,000.00","₹ 82,000.00"
Andhra Pradesh,"SVIMS, Tirupati",PHYSIOLOGY,AIQ,"₹ 2,11,600.00",1257,1,"₹ 40,00,000.00","₹ 80,904.00"
Madhya Pradesh,"NSC Bose Med Coll, Jabalpur",PHYSIOLOGY,AIQ,"₹ 1,01,500.00",1150,1,"₹ 10,00,000.00","₹ 75,444.00"
West Bengal,"NBMC, Darjeeling",PHYSIOLOGY,AIQ,"₹ 12,000.00",843,3,"₹ 30,00,000.00","₹ 49,884.00"
Telangana,"Osmania Med Coll, Hyderabad",PHYSIOLOGY,AIQ,"₹ 25,000.00",4800,1,"₹ 20,00,000.00","₹ 58,289.00"
Bihar,"Patna Med Coll, Patna",PHYSIOLOGY,AIQ,"₹ 9,000.00",1748,3,"₹ 25,00,000.00","₹ 82,000.00"
Maharashtra,"SRTT, Ambajogai",PHYSIOLOGY,AIQ,"₹ 1,43,300.00",518,1,"₹ 50,00,000.00","₹ 92,522.00"
Haryana,"Pt BD Sharma, Rohtak",PHYSIOLOGY,AIQ,"₹ 1,25,000.00",2080,0,₹ 0.00,"₹ 1,00,980.00"
Chhattisgarh,"Pt JNM Med Coll, Raipur",PHYSIOLOGY,AIQ,"₹ 20,000.00",1246,2,"₹ 50,00,000.00","₹ 67,500.00"
Rajasthan,"RNT, Udaipur",PHYSIOLOGY,AIQ,"₹ 12,812.00",2206,2,"₹ 25,00,000.00","₹ 82,800.00"
Karnataka,"Raichur IMS, Raichur",PHYSIOLOGY,AIQ,"₹ 41,650.00",500,3,"₹ 50,00,000.00","₹ 56,250.00"
Tamil Nadu,"Rajah Muthiah, Annamalainagar",PHYSIOLOGY,AIQ,"₹ 50,000.00",1400,2,"₹ 40,00,000.00","₹ 52,451.00"
Maharashtra,"Rajarshee CSM Govt MC,Kolhapur",PHYSIOLOGY,AIQ,"₹ 1,43,300.00",665,1,"₹ 50,00,000.00","₹ 92,522.00"
Jharkhand,"Rajendra IMS, Ranchi",PHYSIOLOGY,AIQ,"₹ 1,500.00",1754,3,"₹ 30,00,000.00","₹ 1,00,770.00"
Telangana,"Rajiv Gandhi IMS, Adilabad",PHYSIOLOGY,AIQ,"₹ 25,000.00",NA,1,"₹ 20,00,000.00","₹ 58,289.00"
Andhra Pradesh,"Rajiv Gandhi IMS, Srikakulam",PHYSIOLOGY,AIQ,"₹ 48,600.00",532,0,₹ 0.00,"₹ 60,823.00"
Andhra Pradesh,"Rajiv Gandhi IMS, Ongole",PHYSIOLOGY,AIQ,"₹ 48,600.00",500,0,₹ 0.00,"₹ 60,823.00"
Maharashtra,"Rajiv Gandhi MC & CSMH, Thane",PHYSIOLOGY,AIQ,"₹ 1,43,300.00",500,1,"₹ 50,00,000.00","₹ 92,522.00"
Andhra Pradesh,"Rangaraya Med Coll, Kakinada",PHYSIOLOGY,AIQ,"₹ 48,600.00",1450,0,₹ 0.00,"₹ 60,823.00"
Manipur,"RIMS, Imphal",PHYSIOLOGY,AIQ,"₹ 5,000.00",1074,0,₹ 0.00,"₹ 1,06,380.00"
West Bengal,"RG Kar Med Coll, Kolkata",PHYSIOLOGY,AIQ,"₹ 12,000.00",1663,3,"₹ 30,00,000.00","₹ 49,884.00"
Rajasthan,"RUHS, Jaipur",PHYSIOLOGY,AIQ,"₹ 12,812.00",300,2,"₹ 25,00,000.00","₹ 82,800.00"
Uttar Pradesh,"SN Med Coll, Agra",PHYSIOLOGY,AIQ,"₹ 40,000.00",976,2,"₹ 40,00,000.00","₹ 1,00,980.00"
Andhra Pradesh,"SV Med Coll, Tirupati",PHYSIOLOGY,AIQ,"₹ 48,600.00",940,0,₹ 0.00,"₹ 60,823.00"
Rajasthan,"SP Med Coll, Bikaner",PHYSIOLOGY,AIQ,"₹ 12,812.00",NA,2,"₹ 25,00,000.00","₹ 82,800.00"
Odisha,"SCB, Cuttack",PHYSIOLOGY,AIQ,"₹ 38,500.00",2106,2,"₹ 66,30,000.00","₹ 88,686.00"
Maharashtra,"Seth GS, Mumbai",PHYSIOLOGY,AIQ,"₹ 1,43,300.00",2250,1,"₹ 50,00,000.00","₹ 92,522.00"
Haryana,"SHKM, Nalhar",PHYSIOLOGY,AIQ,"₹ 1,25,000.00",500,0,₹ 0.00,"₹ 1,00,980.00"
Karnataka,"Shimoga IMS, Shimoga",PHYSIOLOGY,AIQ,"₹ 41,650.00",950,3,"₹ 50,00,000.00","₹ 56,250.00"
Karnataka,"Shri Atal Bihari Vajpayee, BLR",PHYSIOLOGY,AIQ,"₹ 41,650.00",956,3,"₹ 50,00,000.00","₹ 56,250.00"
Bihar,"Sri Krishna, Muzzafarpur",PHYSIOLOGY,AIQ,"₹ 9,000.00",610,3,"₹ 25,00,000.00","₹ 82,000.00"
Madhya Pradesh,"SSMC, Rewa",PHYSIOLOGY,AIQ,"₹ 1,01,500.00",1140,1,"₹ 10,00,000.00","₹ 75,444.00"
Assam,"Silchar Med Coll, Silchar",PHYSIOLOGY,AIQ,"₹ 17,900.00",1256,2,"₹ 20,00,000.00","₹ 55,200.00"
Rajasthan,"SMS, Jaipur",PHYSIOLOGY,AIQ,"₹ 11,647.00",5702,2,"₹ 25,00,000.00","₹ 82,800.00"
Tamil Nadu,"Stanley Med Coll, Chennai",PHYSIOLOGY,AIQ,"₹ 50,000.00",1661,2,"₹ 40,00,000.00","₹ 52,451.00"
Kerala,"TD Med Coll, Allepey",PHYSIOLOGY,AIQ,"₹ 69,470.00",1050,1,"₹ 50,00,000.00","₹ 57,876.00"
Tamil Nadu,Thanjavur Med Coll,PHYSIOLOGY,AIQ,"₹ 50,000.00",1466,2,"₹ 40,00,000.00","₹ 52,451.00"
Tamil Nadu,Tirunelveli Med Coll,PHYSIOLOGY,AIQ,"₹ 50,000.00",1737,2,"₹ 40,00,000.00","₹ 52,451.00"
Maharashtra,"Topiwala, Mumbai",PHYSIOLOGY,AIQ,"₹ 1,43,300.00",1300,1,"₹ 50,00,000.00","₹ 92,522.00"
Delhi,"UCMS, Delhi",PHYSIOLOGY,AIQ,"₹ 57,600.00",1000,0,₹ 0.00,"₹ 1,26,927.00"
Uttar Pradesh,"UP Univ of Med Sci, Etawah",PHYSIOLOGY,AIQ,"₹ 40,000.00",1268,2,"₹ 40,00,000.00","₹ 1,00,980.00"
Bihar,"Vardhman IMS, Nalanda",PHYSIOLOGY,AIQ,"₹ 9,000.00",640,3,"₹ 25,00,000.00","₹ 82,000.00"
Delhi,"VMMC, Delhi",PHYSIOLOGY,AIQ,"₹ 41,000.00",1550,0,₹ 0.00,"₹ 1,20,965.00"
Uttarakhand,"VCSG Med Coll, Pauri Garhwal",PHYSIOLOGY,AIQ,"₹ 1,00,000.00",NA,0,₹ 0.00,"₹ 76,600.00"
Odisha,"VIMSAR, Burla",PHYSIOLOGY,AIQ,"₹ 38,500.00",1071,2,"₹ 66,30,000.00","₹ 88,686.00"
Karnataka,"VIMS, Bellary",PHYSIOLOGY,AIQ,"₹ 41,650.00",1295,3,"₹ 50,00,000.00","₹ 56,250.00"
Delhi,"VP Chest Institute, Delhi",PHYSIOLOGY,AIQ,"₹ 57,600.00",128,0,₹ 0.00,"₹ 1,26,927.00"
Goa,"Goa Med Coll, Panaji",PHYSIOLOGY,AIQ,"₹ 1,22,522.00",1160,1,"₹ 50,00,000.00","₹ 60,000.00"
Uttar Pradesh,"Govt Med Coll, Shahjhanpur",PHYSIOLOGY,AIQ,"₹ 40,000.00",460,2,"₹ 40,00,000.00","₹ 1,00,980.00"
Madhya Pradesh,"Govt Med Coll, Khandwa",PHYSIOLOGY,AIQ,"₹ 1,01,500.00",NA,1,"₹ 10,00,000.00","₹ 75,444.00"
Gujarat,"SBKS, Vadodara",PHYSIOLOGY,MNG,₹ 0.00,1340,2,"₹ 5,00,000.00","₹ 1,00,800.00"
Maharashtra,"JN Med College, Meghe, Wardha",PHYSIOLOGY,MNG,"₹ 3,75,000.00",2150,1,"₹ 5,00,000.00","₹ 66,829.00"
Tamil Nadu,"ACS Med Coll, Chennai",PHYSIOLOGY,MNG,"₹ 5,00,000.00",1050,0,₹ 0.00,"₹ 20,000.00"
Kerala,"Amrita School of Med, Kochi",PHYSIOLOGY,MNG,"₹ 6,00,000.00",1110,0,₹ 0.00,"₹ 43,000.00"
Maharashtra,"BVDU, Sangli",PHYSIOLOGY,MNG,"₹ 10,00,000.00",853,1,"₹ 12,00,000.00","₹ 76,000.00"
Maharashtra,"BVDU, Pune",PHYSIOLOGY,MNG,"₹ 10,00,000.00",856,1,"₹ 12,00,000.00","₹ 76,000.00"
Tamil Nadu,"Chettinad Hosp&RI,Kanchipuram",PHYSIOLOGY,MNG,"₹ 3,00,000.00",1180,0,₹ 0.00,"₹ 48,000.00"
Odisha,"IMS & SUM, Bhubaneswar",PHYSIOLOGY,MNG,₹ 0.00,1410,0,₹ 0.00,"₹ 60,000.00"
Karnataka,"JN Medical College, Belgaum",PHYSIOLOGY,MNG,"₹ 27,500.00",2400,1,"₹ 10,00,000.00","₹ 45,000.00"
Karnataka,"JSS Med Coll, Mysore",PHYSIOLOGY,MNG,"₹ 10,000.00",2060,0,₹ 0.00,"₹ 45,000.00"
Karnataka,"KS Hegde, Mangalore",PHYSIOLOGY,MNG,"₹ 10,000.00",1000,0,₹ 0.00,"₹ 45,000.00"
Odisha,"Kalinga IMS, Bhubaneswar",PHYSIOLOGY,MNG,"₹ 7,50,000.00",1750,0,₹ 0.00,"₹ 70,000.00"
Karnataka,"Kasturba Med Coll, Mangalore",PHYSIOLOGY,MNG,"₹ 4,95,000.00",1290,0,₹ 0.00,"₹ 45,000.00"
Karnataka,"Kasturba Med Coll, Manipal",PHYSIOLOGY,MNG,"₹ 4,95,000.00",2032,0,₹ 0.00,"₹ 45,000.00"
Maharashtra,"Krishna IMS, Karad",PHYSIOLOGY,MNG,₹ 0.00,1125,1,"₹ 5,00,000.00","₹ 88,213.00"
Haryana,"MMIMS, Mullana, Ambala",PHYSIOLOGY,MNG,"₹ 4,30,000.00",940,1,"₹ 10,00,000.00","₹ 56,100.00"
Pondicherry,"MGMC & RI, Pondicherry",PHYSIOLOGY,MNG,"₹ 1,00,000.00",1380,0,₹ 0.00,₹ 0.00
Maharashtra,"MGM Med Coll, Aurangabad",PHYSIOLOGY,MNG,"₹ 1,00,000.00",700,1,"₹ 25,00,000.00","₹ 88,000.00"
Maharashtra,"MGM Med Coll, Navi Mumbai",PHYSIOLOGY,MNG,"₹ 1,00,000.00",1740,1,"₹ 25,00,000.00","₹ 88,000.00"
Tamil Nadu,"Meenakshi Med Coll, Enathur",PHYSIOLOGY,MNG,"₹ 1,00,000.00",1110,0,₹ 0.00,NA
Maharashtra,"DY Patil, Navi Mumbai",PHYSIOLOGY,MNG,"₹ 8,50,000.00",1662,1,"₹ 10,00,000.00","₹ 76,629.00"
Karnataka,"Rajeshwari, Bangalore",PHYSIOLOGY,MNG,"₹ 5,00,000.00",1460,0,₹ 0.00,"₹ 25,000.00"
Maharashtra,"Rural Med Coll, LONI",PHYSIOLOGY,MNG,"₹ 6,70,000.00",1275,0,₹ 0.00,"₹ 64,559.00"
Uttar Pradesh,"Santosh Med Coll, Ghaziabad",PHYSIOLOGY,MNG,"₹ 75,000.00",800,0,₹ 0.00,"₹ 56,010.00"
Tamil Nadu,"Saveetha, Kanchipuram",PHYSIOLOGY,MNG,"₹ 50,000.00",1250,0,₹ 0.00,"₹ 35,000.00"
Karnataka,"Shri BM Patil, Vijayapura",PHYSIOLOGY,MNG,"₹ 55,000.00",1130,0,₹ 0.00,"₹ 45,000.00"
Tamil Nadu,"Sree Balaji Med Coll, Chennai",PHYSIOLOGY,MNG,"₹ 1,00,000.00",1250,0,₹ 0.00,"₹ 25,000.00"
Karnataka,"SDU Med Coll, Kolar",PHYSIOLOGY,MNG,₹ 0.00,1100,1,"₹ 22,00,000.00","₹ 45,000.00"
Tamil Nadu,"SRMC & RI, Chennai",PHYSIOLOGY,MNG,"₹ 6,00,000.00",1800,0,₹ 0.00,"₹ 48,000.00"
Karnataka,"Sri Siddhartha IMS, T. Begur",PHYSIOLOGY,MNG,"₹ 3,00,000.00",720,0,₹ 0.00,"₹ 30,000.00"
Karnataka,"Siddhartha Med Coll, Tumkur",PHYSIOLOGY,MNG,"₹ 3,00,000.00",960,0,₹ 0.00,"₹ 30,000.00"
Tamil Nadu,"SRM Med Coll, Kancheepuram",PHYSIOLOGY,MNG,₹ 0.00,1590,0,₹ 0.00,"₹ 50,923.00"
Tamil Nadu,"Vinayaka Missions, Salem",PHYSIOLOGY,MNG,"₹ 2,68,000.00",560,0,₹ 0.00,₹ 0.00
Karnataka,"Yenepoya Med Coll, Mangalore",PHYSIOLOGY,MNG,"₹ 10,000.00",910,0,₹ 0.00,"₹ 45,000.00"
Maharashtra,"DY Patil, Pimpri, Pune",PHYSIOLOGY,MNG,"₹ 9,00,000.00",2011,1,₹ 0.00,"₹ 76,629.00"
Karnataka,"Yenepoya Med Coll, Mangalore",PHYSIOLOGY,MM,"₹ 10,000.00",910,0,₹ 0.00,"₹ 45,000.00"
Gujarat,"SBKS, Vadodara",PHYSIOLOGY,JM,₹ 0.00,1340,2,"₹ 15,00,000.00","₹ 1,00,800.00"
Maharashtra,"BVDU, Sangli",PHYSIOLOGY,NRI,"₹ 25,05,000.00",853,1,"₹ 12,00,000.00","₹ 76,000.00"
Maharashtra,"BVDU, Pune",PHYSIOLOGY,NRI,"₹ 25,05,000.00",856,1,"₹ 12,00,000.00","₹ 76,000.00"
Karnataka,"Kasturba Med Coll, Mangalore",PHYSIOLOGY,NRI,"₹ 11,44,000.00",1290,0,₹ 0.00,"₹ 45,000.00"
Karnataka,"Kasturba Med Coll, Manipal",PHYSIOLOGY,NRI,"₹ 11,44,000.00",2032,0,₹ 0.00,"₹ 45,000.00"
Maharashtra,"Rural Med Coll, LONI",PHYSIOLOGY,NRI,"₹ 34,11,000.00",1275,0,₹ 0.00,"₹ 64,559.00"
Karnataka,"Shri BM Patil, Vijayapura",PHYSIOLOGY,NRI,"₹ 12,50,000.00",1130,0,₹ 0.00,"₹ 45,000.00"
Delhi,"MAMC, Delhi",PHYSIOLOGY,DU,"₹ 57,600.00",2800,0,₹ 0.00,"₹ 1,26,927.00"
Delhi,"UCMS, Delhi",PHYSIOLOGY,DU,"₹ 57,600.00",1000,0,₹ 0.00,"₹ 1,26,927.00"
Delhi,"VP Chest Institute, Delhi",PHYSIOLOGY,DU,"₹ 57,600.00",128,0,₹ 0.00,"₹ 1,26,927.00"
Delhi,"Lady Hardinge, Delhi",PHYSIOLOGY,DU,"₹ 57,600.00",877,0,₹ 0.00,"₹ 1,26,927.00"
Delhi,"VMMC, Delhi",PHYSIOLOGY,IP,"₹ 41,000.00",1550,0,₹ 0.00,"₹ 1,20,965.00"
Uttar Pradesh,"IMS(BHU), Varanasi",PHYSIOLOGY,BHU,"₹ 48,226.00",1165,0,₹ 0.00,"₹ 1,00,706.00"
Uttar Pradesh,"JNMC (AMU), Aligarh",PHYSIOLOGY,AMU,"₹ 38,000.00",1269,0,₹ 0.00,"₹ 1,08,000.00"
Maharashtra,"AFMC, Pune",PHYSIOLOGY,AFMS,"₹ 1,43,500.00",1082,5,"₹ 57,50,000.00","₹ 91,282.00"
Andhra Pradesh,"Govt Med Coll, Ananthapuram",PSYCHIATRY,AIQ,"₹ 48,600.00",500,0,₹ 0.00,"₹ 60,823.00"
Maharashtra,"GovtMedColl,ChhatrapatiSambhajiNgr",PSYCHIATRY,AIQ,"₹ 1,43,300.00",1177,1,"₹ 50,00,000.00","₹ 92,522.00"
Kerala,"Govt Med Coll, Ernakulam",PSYCHIATRY,AIQ,"₹ 69,470.00",700,1,"₹ 50,00,000.00","₹ 57,876.00"
Rajasthan,"Govt Med Coll, Kota",PSYCHIATRY,AIQ,"₹ 12,812.00",2581,2,"₹ 25,00,000.00","₹ 82,800.00"
Kerala,"Govt Med Coll, Kottayam",PSYCHIATRY,AIQ,"₹ 69,470.00",NA,1,"₹ 50,00,000.00","₹ 57,876.00"
Kerala,"Govt Med Coll, Kozhikode",PSYCHIATRY,AIQ,"₹ 69,470.00",3025,1,"₹ 50,00,000.00","₹ 57,876.00"
Maharashtra,"Govt Med Coll, Miraj",PSYCHIATRY,AIQ,"₹ 1,43,300.00",725,1,"₹ 50,00,000.00","₹ 92,522.00"
Maharashtra,"Govt Med Coll, Nagpur",PSYCHIATRY,AIQ,"₹ 1,43,300.00",1866,1,"₹ 50,00,000.00","₹ 92,522.00"
Telangana,"Govt Med Coll, Nizamabad",PSYCHIATRY,AIQ,"₹ 25,000.00",500,1,"₹ 20,00,000.00","₹ 58,289.00"
Punjab,"Govt Med Coll, Patiala",PSYCHIATRY,AIQ,"₹ 1,25,000.00",1130,1,"₹ 10,00,000.00","₹ 67,968.00"
Telangana,"Govt Med Coll, Siddipet",PSYCHIATRY,AIQ,"₹ 25,000.00",780,1,"₹ 20,00,000.00","₹ 58,289.00"
Jammu and Kashmir,"Govt Med Coll, Srinagar",PSYCHIATRY,AIQ,"₹ 35,750.00",2150,0,₹ 0.00,"₹ 59,500.00"
Kerala,"Govt Med Coll, Thrissur",PSYCHIATRY,AIQ,"₹ 69,470.00",1400,1,"₹ 50,00,000.00","₹ 57,876.00"
Andhra Pradesh,"Govt Siddhartha, Vijaywada",PSYCHIATRY,AIQ,"₹ 48,600.00",707,0,₹ 0.00,"₹ 60,823.00"
Maharashtra,"Grant Med Coll, Mumbai",PSYCHIATRY,AIQ,"₹ 1,43,300.00",2844,1,"₹ 50,00,000.00","₹ 92,522.00"
Andhra Pradesh,"Guntur Med Coll, Guntur",PSYCHIATRY,AIQ,"₹ 48,600.00",1170,0,₹ 0.00,"₹ 60,823.00"
Punjab,"Guru Govind Singh, Faridkot",PSYCHIATRY,AIQ,"₹ 1,25,000.00",1000,1,"₹ 10,00,000.00","₹ 67,968.00"
Madhya Pradesh,"Gwalior Mansik, Madhya Pradesh",PSYCHIATRY,AIQ,"₹ 1,01,500.00",50,1,"₹ 10,00,000.00","₹ 75,444.00"
Karnataka,"Hassan IMS, Hassan",PSYCHIATRY,AIQ,"₹ 1,24,150.00",NA,3,"₹ 50,00,000.00","₹ 56,250.00"
Bihar,"IGIMS, Patna",PSYCHIATRY,AIQ,"₹ 1,60,000.00",1062,0,₹ 0.00,"₹ 1,05,000.00"
Maharashtra,"Indira Gandhi MedColl, Nagpur",PSYCHIATRY,AIQ,"₹ 1,43,300.00",822,1,"₹ 50,00,000.00","₹ 92,522.00"
Himachal Pradesh,"IGMC, Shimla",PSYCHIATRY,AIQ,"₹ 39,000.00",1031,3,"₹ 40,00,000.00","₹ 40,000.00"
Delhi,"IHBAS, Delhi",PSYCHIATRY,AIQ,"₹ 57,600.00",260,0,₹ 0.00,"₹ 1,26,927.00"
Uttar Pradesh,"IMS(BHU), Varanasi",PSYCHIATRY,AIQ,"₹ 48,226.00",1165,0,₹ 0.00,"₹ 1,00,706.00"
Uttar Pradesh,"IMHH, Agra",PSYCHIATRY,AIQ,"₹ 40,000.00",718,2,"₹ 40,00,000.00","₹ 1,00,980.00"
West Bengal,"IPGMER, Kolkata",PSYCHIATRY,AIQ,"₹ 12,000.00",2300,3,"₹ 30,00,000.00","₹ 49,884.00"
Manipur,"JNIMS, Imphal",PSYCHIATRY,AIQ,"₹ 1,00,000.00",643,1,"₹ 20,00,000.00","₹ 50,000.00"
Rajasthan,"JLNMC, Ajmer",PSYCHIATRY,AIQ,"₹ 10,982.00",1428,2,"₹ 25,00,000.00","₹ 82,800.00"
Uttar Pradesh,"JNMC (AMU), Aligarh",PSYCHIATRY,AIQ,"₹ 38,000.00",1269,0,₹ 0.00,"₹ 1,08,000.00"
Bihar,"Jawaharlal Nehru, Bhagalpur",PSYCHIATRY,AIQ,"₹ 9,000.00",800,3,"₹ 25,00,000.00","₹ 82,000.00"
Assam,"Jorhat Med Coll, Jorhat",PSYCHIATRY,AIQ,"₹ 17,900.00",814,2,"₹ 20,00,000.00","₹ 55,200.00"
Telangana,"Kakatiya Med Coll, Warangal",PSYCHIATRY,AIQ,"₹ 25,000.00",1150,1,"₹ 20,00,000.00","₹ 58,289.00"
Karnataka,"KIMS, Hubli",PSYCHIATRY,AIQ,"₹ 1,24,150.00",1200,3,"₹ 50,00,000.00","₹ 56,250.00"
Uttar Pradesh,"KGMU, Lucknow",PSYCHIATRY,AIQ,"₹ 54,700.00",4500,2,"₹ 40,00,000.00","₹ 1,09,955.00"
Uttar Pradesh,"LLRM Med Coll, Meerut",PSYCHIATRY,AIQ,"₹ 40,000.00",1090,2,"₹ 40,00,000.00","₹ 1,00,980.00"
Maharashtra,"Lokmanya Tilak, Sion, Mumbai",PSYCHIATRY,AIQ,"₹ 1,43,300.00",1462,1,"₹ 50,00,000.00","₹ 92,522.00"
Assam,"Lokopriya (LGBRIMH),Tezpur",PSYCHIATRY,AIQ,"₹ 56,850.00",336,2,"₹ 5,00,000.00","₹ 1,00,980.00"
Madhya Pradesh,"MGM Med Coll, Indore",PSYCHIATRY,AIQ,"₹ 1,01,500.00",1300,1,"₹ 10,00,000.00","₹ 75,444.00"
Maharashtra,"MGIMS, Wardha",PSYCHIATRY,AIQ,"₹ 1,43,300.00",1000,1,"₹ 50,00,000.00","₹ 89,698.00"
Karnataka,"Mandya IMS, Mandya",PSYCHIATRY,AIQ,"₹ 1,24,150.00",NA,3,"₹ 50,00,000.00","₹ 56,250.00"
Kerala,"Medical College, Trivandrum",PSYCHIATRY,AIQ,"₹ 69,470.00",2126,1,"₹ 50,00,000.00","₹ 57,876.00"
Odisha,"MKCG, Berhampur",PSYCHIATRY,AIQ,"₹ 38,500.00",1140,2,"₹ 53,30,000.00","₹ 70,686.00"
Tamil Nadu,"Govt. Mohan Kumaramangalam, Salem",PSYCHIATRY,AIQ,"₹ 50,000.00",1642,2,"₹ 40,00,000.00","₹ 52,451.00"
Uttar Pradesh,"MLN Med Coll, Allahabad",PSYCHIATRY,AIQ,"₹ 40,000.00",NA,2,"₹ 40,00,000.00","₹ 1,00,980.00"
Karnataka,"Mysore Med Coll, Mysore",PSYCHIATRY,AIQ,"₹ 1,24,150.00",1050,3,"₹ 50,00,000.00","₹ 56,250.00"
Bihar,"Nalanda Med Coll, Patna",PSYCHIATRY,AIQ,"₹ 9,000.00",750,3,"₹ 25,00,000.00","₹ 82,000.00"
Madhya Pradesh,"NSC Bose Med Coll, Jabalpur",PSYCHIATRY,AIQ,"₹ 1,01,500.00",1150,1,"₹ 10,00,000.00","₹ 75,444.00"
West Bengal,"Nilratan Sircar, Kolkata",PSYCHIATRY,AIQ,"₹ 12,000.00",1920,3,"₹ 30,00,000.00","₹ 49,884.00"
West Bengal,"NBMC, Darjeeling",PSYCHIATRY,AIQ,"₹ 12,000.00",843,3,"₹ 30,00,000.00","₹ 49,884.00"
Telangana,"Osmania Med Coll, Hyderabad",PSYCHIATRY,AIQ,"₹ 25,000.00",4800,1,"₹ 20,00,000.00","₹ 58,289.00"
Bihar,"Patna Med Coll, Patna",PSYCHIATRY,AIQ,"₹ 9,000.00",1748,3,"₹ 25,00,000.00","₹ 82,000.00"
Delhi,"ABVIMS (Dr RML Hosp), Delhi",PSYCHIATRY,AIQ,"₹ 41,000.00",1626,0,₹ 0.00,"₹ 1,20,965.00"
Maharashtra,"Pimpri Chinchwad, Pimpri",PSYCHIATRY,AIQ,"₹ 1,43,300.00",750,1,"₹ 50,00,000.00","₹ 92,522.00"
Haryana,"Pt BD Sharma, Rohtak",PSYCHIATRY,AIQ,"₹ 1,25,000.00",2080,0,₹ 0.00,"₹ 1,00,980.00"
Chhattisgarh,"Pt JNM Med Coll, Raipur",PSYCHIATRY,AIQ,"₹ 20,000.00",1246,2,"₹ 50,00,000.00","₹ 67,500.00"
Rajasthan,"RNT, Udaipur",PSYCHIATRY,AIQ,"₹ 12,812.00",2206,2,"₹ 25,00,000.00","₹ 82,800.00"
Tamil Nadu,"Rajah Muthiah, Annamalainagar",PSYCHIATRY,AIQ,"₹ 50,000.00",1400,2,"₹ 40,00,000.00","₹ 52,451.00"
Maharashtra,"Rajarshee CSM Govt MC,Kolhapur",PSYCHIATRY,AIQ,"₹ 1,43,300.00",665,1,"₹ 50,00,000.00","₹ 92,522.00"
Andhra Pradesh,"Rajiv Gandhi IMS, Kadapa",PSYCHIATRY,AIQ,"₹ 48,600.00",715,0,₹ 0.00,"₹ 60,823.00"
Andhra Pradesh,"Rajiv Gandhi IMS, Srikakulam",PSYCHIATRY,AIQ,"₹ 48,600.00",532,0,₹ 0.00,"₹ 60,823.00"
Andhra Pradesh,"Rajiv Gandhi IMS, Ongole",PSYCHIATRY,AIQ,"₹ 48,600.00",500,0,₹ 0.00,"₹ 60,823.00"
Andhra Pradesh,"Rangaraya Med Coll, Kakinada",PSYCHIATRY,AIQ,"₹ 48,600.00",1450,0,₹ 0.00,"₹ 60,823.00"
Manipur,"RIMS, Imphal",PSYCHIATRY,AIQ,"₹ 5,000.00",1074,1,"₹ 20,00,000.00","₹ 1,06,380.00"
West Bengal,"RG Kar Med Coll, Kolkata",PSYCHIATRY,AIQ,"₹ 12,000.00",1663,3,"₹ 30,00,000.00","₹ 49,884.00"
Uttar Pradesh,"SN Med Coll, Agra",PSYCHIATRY,AIQ,"₹ 40,000.00",976,2,"₹ 40,00,000.00","₹ 1,00,980.00"
Andhra Pradesh,"SV Med Coll, Tirupati",PSYCHIATRY,AIQ,"₹ 48,600.00",940,0,₹ 0.00,"₹ 60,823.00"
Rajasthan,"SP Med Coll, Bikaner",PSYCHIATRY,AIQ,"₹ 12,812.00",NA,2,"₹ 25,00,000.00","₹ 82,800.00"
Odisha,"SCB, Cuttack",PSYCHIATRY,AIQ,"₹ 38,500.00",2106,2,"₹ 53,30,000.00","₹ 70,686.00"
Maharashtra,"Seth GS, Mumbai",PSYCHIATRY,AIQ,"₹ 1,43,300.00",2250,1,"₹ 50,00,000.00","₹ 92,522.00"
Jammu and Kashmir,"Sher-I-Kashmir, Srinagar",PSYCHIATRY,AIQ,"₹ 11,000.00",NA,0,₹ 0.00,"₹ 82,000.00"
Madhya Pradesh,"SSMC, Rewa",PSYCHIATRY,AIQ,"₹ 1,01,500.00",1140,1,"₹ 10,00,000.00","₹ 75,444.00"
Assam,"Silchar Med Coll, Silchar",PSYCHIATRY,AIQ,"₹ 17,900.00",1256,2,"₹ 20,00,000.00","₹ 55,200.00"
Rajasthan,"SMS, Jaipur",PSYCHIATRY,AIQ,"₹ 11,647.00",5702,2,"₹ 25,00,000.00","₹ 82,800.00"
Maharashtra,"Sri Bhausaheb, Dhule",PSYCHIATRY,AIQ,"₹ 1,43,300.00",545,1,"₹ 50,00,000.00","₹ 92,522.00"
Tamil Nadu,"Stanley Med Coll, Chennai",PSYCHIATRY,AIQ,"₹ 50,000.00",1661,2,"₹ 40,00,000.00","₹ 52,451.00"
Kerala,"TD Med Coll, Allepey",PSYCHIATRY,AIQ,"₹ 69,470.00",1050,1,"₹ 50,00,000.00","₹ 57,876.00"
Assam,"Tezpur Med Coll, Tezpur",PSYCHIATRY,AIQ,"₹ 17,900.00",500,2,"₹ 20,00,000.00","₹ 55,200.00"
Tamil Nadu,Thanjavur Med Coll,PSYCHIATRY,AIQ,"₹ 50,000.00",1466,2,"₹ 40,00,000.00","₹ 52,451.00"
Tamil Nadu,Govt Theni Med Coll,PSYCHIATRY,AIQ,"₹ 50,000.00",940,2,"₹ 40,00,000.00","₹ 52,451.00"
Tamil Nadu,Tirunelveli Med Coll,PSYCHIATRY,AIQ,"₹ 50,000.00",1737,2,"₹ 40,00,000.00","₹ 52,451.00"
Maharashtra,"Topiwala, Mumbai",PSYCHIATRY,AIQ,"₹ 1,43,300.00",1300,1,"₹ 50,00,000.00","₹ 92,522.00"
Delhi,"UCMS, Delhi",PSYCHIATRY,AIQ,"₹ 57,600.00",1000,0,₹ 0.00,"₹ 1,26,927.00"
Delhi,"VMMC, Delhi",PSYCHIATRY,AIQ,"₹ 41,000.00",1550,0,₹ 0.00,"₹ 1,20,965.00"
Goa,"Goa Med Coll, Panaji",PSYCHIATRY,AIQ,"₹ 1,22,522.00",1160,1,"₹ 50,00,000.00","₹ 60,000.00"
Maharashtra,"VMMC, Solapur",PSYCHIATRY,AIQ,"₹ 1,43,300.00",763,1,"₹ 50,00,000.00","₹ 92,522.00"
Maharashtra,"JN Med College, Meghe, Wardha",PSYCHIATRY,MNG,"₹ 27,50,000.00",2150,1,"₹ 5,00,000.00","₹ 66,829.00"
Maharashtra,"DY Patil, Pimpri, Pune",PSYCHIATRY,MNG,"₹ 40,00,000.00",2011,1,₹ 0.00,"₹ 76,629.00"
Telangana,"Malla Reddy(Women), Hyderabad",PSYCHIATRY,MNG,"₹ 20,00,000.00",1050,1,"₹ 15,00,000.00","₹ 45,000.00"
Gujarat,"SBKS, Vadodara",PSYCHIATRY,MNG,"₹ 20,00,000.00",1340,0,₹ 0.00,"₹ 1,00,800.00"
Pondicherry,"Aarupadai Veedu, Pondicherry",PSYCHIATRY,MNG,"₹ 30,00,000.00",584,0,₹ 0.00,"₹ 40,000.00"
Tamil Nadu,"ACS Med Coll, Chennai",PSYCHIATRY,MNG,"₹ 30,00,000.00",1050,0,₹ 0.00,"₹ 20,000.00"
Kerala,"Amrita School of Med, Kochi",PSYCHIATRY,MNG,"₹ 21,00,000.00",1110,0,₹ 0.00,"₹ 43,000.00"
Maharashtra,"BVDU, Sangli",PSYCHIATRY,MNG,"₹ 23,15,250.00",853,1,"₹ 12,00,000.00","₹ 76,000.00"
Maharashtra,"BVDU, Pune",PSYCHIATRY,MNG,"₹ 29,21,625.00",856,1,"₹ 12,00,000.00","₹ 76,000.00"
Tamil Nadu,"Chettinad Hosp&RI,Kanchipuram",PSYCHIATRY,MNG,"₹ 33,00,000.00",1180,0,₹ 0.00,"₹ 48,000.00"
Maharashtra,"DY Patil, Kolhapur",PSYCHIATRY,MNG,"₹ 25,25,000.00",800,1,"₹ 20,00,000.00","₹ 76,629.00"
Andhra Pradesh,"GITAM IMS, Vizag",PSYCHIATRY,MNG,"₹ 22,00,000.00",780,0,₹ 0.00,"₹ 44,075.00"
Odisha,"IMS & SUM, Bhubaneswar",PSYCHIATRY,MNG,"₹ 19,80,000.00",1410,0,₹ 0.00,"₹ 60,000.00"
Karnataka,"JN Medical College, Belgaum",PSYCHIATRY,MNG,"₹ 27,90,000.00",2400,1,"₹ 10,00,000.00","₹ 45,000.00"
Karnataka,"JSS Med Coll, Mysore",PSYCHIATRY,MNG,"₹ 22,00,000.00",2060,0,₹ 0.00,"₹ 45,000.00"
Karnataka,"KS Hegde, Mangalore",PSYCHIATRY,MNG,"₹ 21,30,000.00",1000,0,₹ 0.00,"₹ 45,000.00"
Odisha,"Kalinga IMS, Bhubaneswar",PSYCHIATRY,MNG,"₹ 21,00,000.00",1750,0,₹ 0.00,"₹ 70,000.00"
Karnataka,"Kasturba Med Coll, Mangalore",PSYCHIATRY,MNG,"₹ 21,88,000.00",1290,0,₹ 0.00,"₹ 45,000.00"
Karnataka,"Kasturba Med Coll, Manipal",PSYCHIATRY,MNG,"₹ 21,88,000.00",2032,0,₹ 0.00,"₹ 45,000.00"
Maharashtra,"Krishna IMS, Karad",PSYCHIATRY,MNG,"₹ 20,00,000.00",1125,0,₹ 0.00,"₹ 88,213.00"
Haryana,"MMIMS, Mullana, Ambala",PSYCHIATRY,MNG,"₹ 27,95,000.00",940,1,"₹ 10,00,000.00","₹ 56,100.00"
Pondicherry,"MGMC & RI, Pondicherry",PSYCHIATRY,MNG,"₹ 35,00,000.00",1380,0,₹ 0.00,"₹ 40,000.00"
Maharashtra,"MGM Med Coll, Aurangabad",PSYCHIATRY,MNG,"₹ 30,00,000.00",700,1,"₹ 25,00,000.00","₹ 88,000.00"
Maharashtra,"MGM Med Coll, Navi Mumbai",PSYCHIATRY,MNG,"₹ 30,00,000.00",1740,1,"₹ 25,00,000.00","₹ 88,000.00"
Tamil Nadu,"Meenakshi Med Coll, Enathur",PSYCHIATRY,MNG,"₹ 25,00,000.00",1110,0,₹ 0.00,"₹ 25,000.00"
Maharashtra,"DY Patil, Navi Mumbai",PSYCHIATRY,MNG,"₹ 33,00,000.00",1662,1,"₹ 10,00,000.00","₹ 76,629.00"
Karnataka,"Rajeshwari, Bangalore",PSYCHIATRY,MNG,"₹ 30,00,000.00",1460,0,₹ 0.00,"₹ 25,000.00"
Maharashtra,"Rural Med Coll, LONI",PSYCHIATRY,MNG,"₹ 22,40,000.00",1275,1,"₹ 5,00,000.00","₹ 64,559.00"
Uttar Pradesh,"Santosh Med Coll, Ghaziabad",PSYCHIATRY,MNG,"₹ 30,00,000.00",800,0,₹ 0.00,"₹ 56,010.00"
Tamil Nadu,"Saveetha, Kanchipuram",PSYCHIATRY,MNG,"₹ 20,00,000.00",1250,0,₹ 0.00,"₹ 35,000.00"
Karnataka,"Shri BM Patil, Vijayapura",PSYCHIATRY,MNG,"₹ 22,00,000.00",1130,0,₹ 0.00,"₹ 45,000.00"
Tamil Nadu,"Sree Balaji Med Coll, Chennai",PSYCHIATRY,MNG,"₹ 35,00,000.00",1250,0,₹ 0.00,"₹ 25,000.00"
Karnataka,"SDU Med Coll, Kolar",PSYCHIATRY,MNG,"₹ 30,00,000.00",1100,1,"₹ 22,00,000.00","₹ 45,000.00"
Pondicherry,"SLIMS, Pondicherry",PSYCHIATRY,MNG,"₹ 35,00,000.00",1230,0,₹ 0.00,"₹ 43,000.00"
Tamil Nadu,"SRMC & RI, Chennai",PSYCHIATRY,MNG,"₹ 32,00,000.00",1800,0,₹ 0.00,"₹ 48,000.00"
Karnataka,"Siddhartha Med Coll, Tumkur",PSYCHIATRY,MNG,"₹ 31,50,000.00",960,0,₹ 0.00,"₹ 30,000.00"
Tamil Nadu,"SRM Med Coll, Kancheepuram",PSYCHIATRY,MNG,"₹ 25,00,000.00",1590,0,₹ 0.00,"₹ 50,923.00"
Tamil Nadu,"Vinayaka Missions, Salem",PSYCHIATRY,MNG,"₹ 23,12,000.00",560,0,₹ 0.00,"₹ 35,000.00"
Pondicherry,"Vinayaka Missions, Karaikal",PSYCHIATRY,MNG,"₹ 23,00,000.00",590,0,₹ 0.00,"₹ 40,000.00"
Karnataka,"Yenepoya Med Coll, Mangalore",PSYCHIATRY,MNG,"₹ 35,00,000.00",910,0,₹ 0.00,"₹ 45,000.00"
Telangana,"Malla Reddy IMS, Hyderabad",PSYCHIATRY,MNG,"₹ 20,00,000.00",940,1,"₹ 15,00,000.00","₹ 45,000.00"
Maharashtra,"Datta Meghe Med Coll, Nagpur",PSYCHIATRY,MNG,"₹ 27,50,000.00",925,1,"₹ 10,00,000.00","₹ 76,629.00"
Karnataka,"Yenepoya Med Coll, Mangalore",PSYCHIATRY,MM,"₹ 35,00,000.00",910,0,₹ 0.00,"₹ 45,000.00"
Gujarat,"SBKS, Vadodara",PSYCHIATRY,JM,"₹ 18,00,000.00",1340,1,"₹ 15,00,000.00","₹ 1,00,800.00"
Gujarat,"SBKS, Vadodara",PSYCHIATRY,NRI,"₹ 46,29,000.00",1340,0,₹ 0.00,"₹ 1,00,800.00"
Maharashtra,"BVDU, Sangli",PSYCHIATRY,NRI,"₹ 71,89,000.00",853,1,"₹ 12,00,000.00","₹ 76,000.00"
Maharashtra,"BVDU, Pune",PSYCHIATRY,NRI,"₹ 71,89,000.00",856,1,"₹ 12,00,000.00","₹ 76,000.00"
Odisha,"Kalinga IMS, Bhubaneswar",PSYCHIATRY,NRI,"₹ 41,75,000.00",1750,0,₹ 0.00,"₹ 70,000.00"
Karnataka,"Kasturba Med Coll, Mangalore",PSYCHIATRY,NRI,"₹ 45,26,000.00",1290,0,₹ 0.00,"₹ 45,000.00"
Karnataka,"Kasturba Med Coll, Manipal",PSYCHIATRY,NRI,"₹ 45,26,000.00",2032,0,₹ 0.00,"₹ 45,000.00"
Haryana,"MMIMS, Mullana, Ambala",PSYCHIATRY,NRI,"₹ 41,75,000.00",940,1,"₹ 10,00,000.00","₹ 56,100.00"
Maharashtra,"MGM Med Coll, Aurangabad",PSYCHIATRY,NRI,"₹ 65,00,000.00",700,1,"₹ 25,00,000.00","₹ 88,000.00"
Maharashtra,"MGM Med Coll, Navi Mumbai",PSYCHIATRY,NRI,"₹ 65,00,000.00",1740,1,"₹ 25,00,000.00","₹ 88,000.00"
Maharashtra,"Rural Med Coll, LONI",PSYCHIATRY,NRI,"₹ 1,14,04,000.00",1275,1,"₹ 5,00,000.00","₹ 64,559.00"
Uttar Pradesh,"Santosh Med Coll, Ghaziabad",PSYCHIATRY,NRI,"₹ 75,15,000.00",800,0,₹ 0.00,"₹ 56,010.00"
Tamil Nadu,"SRMC & RI, Chennai",PSYCHIATRY,NRI,"₹ 62,63,000.00",1800,0,₹ 0.00,"₹ 48,000.00"
Tamil Nadu,"SRM Med Coll, Kancheepuram",PSYCHIATRY,NRI,"₹ 50,10,000.00",1590,0,₹ 0.00,"₹ 50,923.00"
Maharashtra,"JN Med College, Meghe, Wardha",PSYCHIATRY,NRI,"₹ 31,13,000.00",2150,1,"₹ 5,00,000.00","₹ 66,829.00"
Maharashtra,"Datta Meghe Med Coll, Nagpur",PSYCHIATRY,NRI,"₹ 31,12,880.00",925,1,"₹ 10,00,000.00","₹ 76,629.00"
Delhi,"IHBAS, Delhi",PSYCHIATRY,DU,"₹ 57,600.00",260,0,₹ 0.00,"₹ 1,26,927.00"
Delhi,"MAMC, Delhi",PSYCHIATRY,DU,"₹ 57,600.00",2800,0,₹ 0.00,"₹ 1,26,927.00"
Delhi,"Lady Hardinge, Delhi",PSYCHIATRY,DU,"₹ 57,600.00",877,0,₹ 0.00,"₹ 1,26,927.00"
Delhi,"UCMS, Delhi",PSYCHIATRY,DU,"₹ 57,600.00",1000,0,₹ 0.00,"₹ 1,26,927.00"
Delhi,"VMMC, Delhi",PSYCHIATRY,IP,"₹ 41,000.00",1550,0,₹ 0.00,"₹ 1,20,965.00"
Delhi,"ABVIMS (Dr RML Hosp), Delhi",PSYCHIATRY,IP,"₹ 41,000.00",1626,0,₹ 0.00,"₹ 1,20,965.00"
Uttar Pradesh,"IMS(BHU), Varanasi",PSYCHIATRY,BHU,"₹ 48,226.00",1165,0,₹ 0.00,"₹ 1,00,706.00"
Uttar Pradesh,"JNMC (AMU), Aligarh",PSYCHIATRY,AMU,"₹ 38,000.00",1269,0,₹ 0.00,"₹ 1,08,000.00"
Maharashtra,"INHS, Aswini",PSYCHIATRY,AFMS,"₹ 1,71,850.00",825,5,"₹ 57,50,000.00","₹ 91,082.00"
West Bengal,"Command Hospital, Kolkata",PSYCHIATRY,AFMS,"₹ 12,000.00",760,5,"₹ 57,50,000.00","₹ 49,884.00"
Maharashtra,"GovtMedColl,ChhatrapatiSambhajiNgr",RADIATION ONCOLOGY,AIQ,"₹ 1,43,300.00",1177,1,"₹ 50,00,000.00","₹ 92,522.00"
Rajasthan,"Govt Med Coll, Kota",RADIATION ONCOLOGY,AIQ,"₹ 12,812.00",2581,2,"₹ 25,00,000.00","₹ 82,800.00"
Kerala,"Govt Med Coll, Kottayam",RADIATION ONCOLOGY,AIQ,"₹ 69,470.00",NA,1,"₹ 50,00,000.00","₹ 57,876.00"
Kerala,"Govt Med Coll, Kozhikode",RADIATION ONCOLOGY,AIQ,"₹ 69,470.00",3025,1,"₹ 50,00,000.00","₹ 57,876.00"
Maharashtra,"Govt Med Coll, Nagpur",RADIATION ONCOLOGY,AIQ,"₹ 1,43,300.00",1866,1,"₹ 50,00,000.00","₹ 92,522.00"
Punjab,"Govt Med Coll, Patiala",RADIATION ONCOLOGY,AIQ,"₹ 1,25,000.00",1130,1,"₹ 10,00,000.00","₹ 67,968.00"
Jammu and Kashmir,"Govt Med Coll, Srinagar",RADIATION ONCOLOGY,AIQ,"₹ 35,750.00",2150,0,₹ 0.00,"₹ 59,500.00"
Kerala,"Govt Med Coll, Thrissur",RADIATION ONCOLOGY,AIQ,"₹ 69,470.00",1400,1,"₹ 50,00,000.00","₹ 57,876.00"
Uttar Pradesh,"GSVM Med Coll, Kanpur",RADIATION ONCOLOGY,AIQ,"₹ 40,000.00",2083,2,"₹ 40,00,000.00","₹ 1,00,980.00"
Andhra Pradesh,"Guntur Med Coll, Guntur",RADIATION ONCOLOGY,AIQ,"₹ 48,600.00",1170,0,₹ 0.00,"₹ 60,823.00"
Punjab,"Guru Govind Singh, Faridkot",RADIATION ONCOLOGY,AIQ,"₹ 1,25,000.00",1000,1,"₹ 10,00,000.00","₹ 67,968.00"
Andhra Pradesh,"Homi Bhabha CancerHosp,Vizag",RADIATION ONCOLOGY,AIQ,"₹ 1,05,500.00",100,1,"₹ 25,00,000.00","₹ 1,00,800.00"
Punjab,"Homi Bhabha CancerHosp,Sangrur",RADIATION ONCOLOGY,AIQ,"₹ 1,05,500.00",100,1,"₹ 25,00,000.00","₹ 1,00,800.00"
Uttar Pradesh,"Homi Bhabha CancHosp, Varanasi",RADIATION ONCOLOGY,AIQ,"₹ 1,05,500.00",180,1,"₹ 25,00,000.00","₹ 1,00,800.00"
Bihar,"IGIMS, Patna",RADIATION ONCOLOGY,AIQ,"₹ 1,60,000.00",1062,0,₹ 0.00,"₹ 1,05,000.00"
Himachal Pradesh,"IGMC, Shimla",RADIATION ONCOLOGY,AIQ,"₹ 39,000.00",1031,3,"₹ 40,00,000.00","₹ 40,000.00"
Uttar Pradesh,"IMS(BHU), Varanasi",RADIATION ONCOLOGY,AIQ,"₹ 48,226.00",1165,0,₹ 0.00,"₹ 1,00,706.00"
West Bengal,"IPGMER, Kolkata",RADIATION ONCOLOGY,AIQ,"₹ 12,000.00",2300,3,"₹ 30,00,000.00","₹ 49,884.00"
Rajasthan,"JLNMC, Ajmer",RADIATION ONCOLOGY,AIQ,"₹ 10,982.00",1428,2,"₹ 25,00,000.00","₹ 82,800.00"
Uttar Pradesh,"JNMC (AMU), Aligarh",RADIATION ONCOLOGY,AIQ,"₹ 38,000.00",1269,0,₹ 0.00,"₹ 1,08,000.00"
Madhya Pradesh,"MGM Med Coll, Indore",RADIATION ONCOLOGY,AIQ,"₹ 1,01,500.00",1300,1,"₹ 10,00,000.00","₹ 75,444.00"
Maharashtra,"MGIMS, Wardha",RADIATION ONCOLOGY,AIQ,"₹ 1,43,300.00",1000,1,"₹ 50,00,000.00","₹ 89,698.00"
Kerala,"Medical College, Trivandrum",RADIATION ONCOLOGY,AIQ,"₹ 69,470.00",2126,1,"₹ 50,00,000.00","₹ 57,876.00"
Uttar Pradesh,"MLN Med Coll, Allahabad",RADIATION ONCOLOGY,AIQ,"₹ 40,000.00",NA,2,"₹ 40,00,000.00","₹ 1,00,980.00"
Madhya Pradesh,"NSC Bose Med Coll, Jabalpur",RADIATION ONCOLOGY,AIQ,"₹ 1,01,500.00",1150,1,"₹ 10,00,000.00","₹ 75,444.00"
West Bengal,"Nilratan Sircar, Kolkata",RADIATION ONCOLOGY,AIQ,"₹ 12,000.00",1920,3,"₹ 30,00,000.00","₹ 49,884.00"
Telangana,"NIMS, Hyderabad",RADIATION ONCOLOGY,AIQ,"₹ 72,000.00",1498,1,"₹ 20,00,000.00","₹ 1,11,780.00"
Telangana,"Osmania Med Coll, Hyderabad",RADIATION ONCOLOGY,AIQ,"₹ 25,000.00",4800,1,"₹ 20,00,000.00","₹ 58,289.00"
Haryana,"Pt BD Sharma, Rohtak",RADIATION ONCOLOGY,AIQ,"₹ 1,25,000.00",2080,0,₹ 0.00,"₹ 1,00,980.00"
Chhattisgarh,"Pt JNM Med Coll, Raipur",RADIATION ONCOLOGY,AIQ,"₹ 20,000.00",1246,2,"₹ 50,00,000.00","₹ 67,500.00"
Rajasthan,"RNT, Udaipur",RADIATION ONCOLOGY,AIQ,"₹ 12,812.00",2206,2,"₹ 25,00,000.00","₹ 82,800.00"
Andhra Pradesh,"Rajiv Gandhi IMS, Kadapa",RADIATION ONCOLOGY,AIQ,"₹ 48,600.00",715,0,₹ 0.00,"₹ 60,823.00"
Andhra Pradesh,"Rangaraya Med Coll, Kakinada",RADIATION ONCOLOGY,AIQ,"₹ 48,600.00",1450,0,₹ 0.00,"₹ 60,823.00"
Kerala,"RCC, Thiruvananthapuram",RADIATION ONCOLOGY,AIQ,"₹ 3,00,000.00",432,1,"₹ 50,00,000.00","₹ 57,876.00"
Manipur,"RIMS, Imphal",RADIATION ONCOLOGY,AIQ,"₹ 5,000.00",1074,1,"₹ 20,00,000.00","₹ 1,06,380.00"
West Bengal,"RG Kar Med Coll, Kolkata",RADIATION ONCOLOGY,AIQ,"₹ 12,000.00",1663,3,"₹ 30,00,000.00","₹ 49,884.00"
Uttar Pradesh,"SN Med Coll, Agra",RADIATION ONCOLOGY,AIQ,"₹ 40,000.00",976,2,"₹ 40,00,000.00","₹ 1,00,980.00"
Uttar Pradesh,"SGPGI, Lucknow",RADIATION ONCOLOGY,AIQ,"₹ 61,600.00",1609,2,"₹ 40,00,000.00","₹ 1,11,780.00"
Rajasthan,"SP Med Coll, Bikaner",RADIATION ONCOLOGY,AIQ,"₹ 12,812.00",NA,2,"₹ 25,00,000.00","₹ 82,800.00"
Odisha,"SCB, Cuttack",RADIATION ONCOLOGY,AIQ,"₹ 38,500.00",2106,2,"₹ 53,30,000.00","₹ 70,686.00"
Jammu and Kashmir,"Sher-I-Kashmir, Srinagar",RADIATION ONCOLOGY,AIQ,"₹ 11,000.00",NA,0,₹ 0.00,"₹ 82,000.00"
Rajasthan,"SMS, Jaipur",RADIATION ONCOLOGY,AIQ,"₹ 11,647.00",5702,2,"₹ 25,00,000.00","₹ 82,800.00"
Kerala,"TD Med Coll, Allepey",RADIATION ONCOLOGY,AIQ,"₹ 69,470.00",1050,1,"₹ 50,00,000.00","₹ 57,876.00"
Maharashtra,"Tata Memorial, Mumbai",RADIATION ONCOLOGY,AIQ,"₹ 1,05,500.00",614,1,"₹ 25,00,000.00","₹ 1,00,800.00"
Tamil Nadu,Tirunelveli Med Coll,RADIATION ONCOLOGY,AIQ,"₹ 50,000.00",1737,2,"₹ 40,00,000.00","₹ 52,451.00"
Delhi,"VMMC, Delhi",RADIATION ONCOLOGY,AIQ,"₹ 41,000.00",1550,0,₹ 0.00,"₹ 1,20,965.00"
Telangana,"Malla Reddy(Women), Hyderabad",RADIATION ONCOLOGY,MNG,"₹ 25,00,000.00",1050,1,"₹ 15,00,000.00","₹ 45,000.00"
Kerala,"Amrita School of Med, Kochi",RADIATION ONCOLOGY,MNG,"₹ 25,00,000.00",1110,0,₹ 0.00,"₹ 43,000.00"
Karnataka,"Kasturba Med Coll, Mangalore",RADIATION ONCOLOGY,MNG,"₹ 19,90,000.00",1290,0,₹ 0.00,"₹ 45,000.00"
Karnataka,"Kasturba Med Coll, Manipal",RADIATION ONCOLOGY,MNG,"₹ 19,90,000.00",2032,0,₹ 0.00,"₹ 45,000.00"
Haryana,"MMIMS, Mullana, Ambala",RADIATION ONCOLOGY,MNG,"₹ 18,95,000.00",940,1,"₹ 10,00,000.00","₹ 56,100.00"
Maharashtra,"Rural Med Coll, LONI",RADIATION ONCOLOGY,MNG,"₹ 30,00,000.00",1275,1,"₹ 5,00,000.00","₹ 64,559.00"
Tamil Nadu,"SRMC & RI, Chennai",RADIATION ONCOLOGY,MNG,"₹ 32,00,000.00",1800,0,₹ 0.00,"₹ 48,000.00"
Karnataka,"Yenepoya Med Coll, Mangalore",RADIATION ONCOLOGY,MNG,"₹ 35,00,000.00",910,0,₹ 0.00,"₹ 45,000.00"
Karnataka,"Yenepoya Med Coll, Mangalore",RADIATION ONCOLOGY,MM,"₹ 35,00,000.00",910,0,₹ 0.00,"₹ 45,000.00"
Karnataka,"Kasturba Med Coll, Mangalore",RADIATION ONCOLOGY,NRI,"₹ 45,26,000.00",1290,0,₹ 0.00,"₹ 45,000.00"
Karnataka,"Kasturba Med Coll, Manipal",RADIATION ONCOLOGY,NRI,"₹ 45,26,000.00",2032,0,₹ 0.00,"₹ 45,000.00"
Maharashtra,"Rural Med Coll, LONI",RADIATION ONCOLOGY,NRI,"₹ 1,52,74,000.00",1275,1,"₹ 5,00,000.00","₹ 64,559.00"
Tamil Nadu,"SRMC & RI, Chennai",RADIATION ONCOLOGY,NRI,"₹ 62,63,000.00",1800,0,₹ 0.00,"₹ 48,000.00"
Delhi,"MAMC, Delhi",RADIATION ONCOLOGY,DU,"₹ 57,600.00",2800,0,₹ 0.00,"₹ 1,26,927.00"
Delhi,"VMMC, Delhi",RADIATION ONCOLOGY,IP,"₹ 41,000.00",1550,0,₹ 0.00,"₹ 1,20,965.00"
Uttar Pradesh,"IMS(BHU), Varanasi",RADIATION ONCOLOGY,BHU,"₹ 48,226.00",1165,0,₹ 0.00,"₹ 1,00,706.00"
Uttar Pradesh,"JNMC (AMU), Aligarh",RADIATION ONCOLOGY,AMU,"₹ 38,000.00",1269,0,₹ 0.00,"₹ 1,08,000.00"
Andhra Pradesh,"Govt Med Coll, Ananthapuram",RADIO DIAGNOSIS,AIQ,"₹ 48,600.00",500,0,₹ 0.00,"₹ 60,823.00"
Maharashtra,"GovtMedColl,ChhatrapatiSambhajiNgr",RADIO DIAGNOSIS,AIQ,"₹ 1,43,300.00",1177,1,"₹ 50,00,000.00","₹ 92,522.00"
Maharashtra,"Govt Med Coll, Jalgaon",RADIO DIAGNOSIS,AIQ,"₹ 1,43,300.00",441,1,"₹ 50,00,000.00","₹ 92,522.00"
Jammu and Kashmir,"Govt Med Coll, Jammu",RADIO DIAGNOSIS,AIQ,"₹ 25,000.00",1700,0,₹ 0.00,"₹ 59,500.00"
Rajasthan,"Govt Med Coll, Kota",RADIO DIAGNOSIS,AIQ,"₹ 12,812.00",2581,2,"₹ 25,00,000.00","₹ 82,800.00"
Kerala,"Govt Med Coll, Kottayam",RADIO DIAGNOSIS,AIQ,"₹ 69,470.00",NA,1,"₹ 50,00,000.00","₹ 57,876.00"
Kerala,"Govt Med Coll, Kozhikode",RADIO DIAGNOSIS,AIQ,"₹ 69,470.00",3025,1,"₹ 50,00,000.00","₹ 57,876.00"
Maharashtra,"Govt Med Coll, Latur",RADIO DIAGNOSIS,AIQ,"₹ 1,43,300.00",750,1,"₹ 50,00,000.00","₹ 92,522.00"
Maharashtra,"Govt Med Coll, Miraj",RADIO DIAGNOSIS,AIQ,"₹ 1,43,300.00",725,1,"₹ 50,00,000.00","₹ 92,522.00"
Maharashtra,"Govt Med Coll, Nagpur",RADIO DIAGNOSIS,AIQ,"₹ 1,43,300.00",1866,1,"₹ 50,00,000.00","₹ 92,522.00"
Telangana,"Govt Med Coll, Nizamabad",RADIO DIAGNOSIS,AIQ,"₹ 25,000.00",500,1,"₹ 20,00,000.00","₹ 58,289.00"
Punjab,"Govt Med Coll, Patiala",RADIO DIAGNOSIS,AIQ,"₹ 1,25,000.00",1130,1,"₹ 10,00,000.00","₹ 67,968.00"
Jammu and Kashmir,"Govt Med Coll, Srinagar",RADIO DIAGNOSIS,AIQ,"₹ 35,750.00",2150,0,₹ 0.00,"₹ 59,500.00"
Kerala,"Govt Med Coll, Thrissur",RADIO DIAGNOSIS,AIQ,"₹ 69,470.00",1400,1,"₹ 50,00,000.00","₹ 57,876.00"
Andhra Pradesh,"Govt Siddhartha, Vijaywada",RADIO DIAGNOSIS,AIQ,"₹ 48,600.00",707,0,₹ 0.00,"₹ 60,823.00"
Maharashtra,"Grant Med Coll, Mumbai",RADIO DIAGNOSIS,AIQ,"₹ 1,43,300.00",2844,1,"₹ 50,00,000.00","₹ 92,522.00"
Uttar Pradesh,"GSVM Med Coll, Kanpur",RADIO DIAGNOSIS,AIQ,"₹ 40,000.00",2083,2,"₹ 40,00,000.00","₹ 1,00,980.00"
Karnataka,"Gulbarga IMS, Gulbarga",RADIO DIAGNOSIS,AIQ,"₹ 1,24,150.00",873,3,"₹ 50,00,000.00","₹ 56,250.00"
Andhra Pradesh,"Guntur Med Coll, Guntur",RADIO DIAGNOSIS,AIQ,"₹ 48,600.00",1170,0,₹ 0.00,"₹ 60,823.00"
Karnataka,"Hassan IMS, Hassan",RADIO DIAGNOSIS,AIQ,"₹ 1,24,150.00",NA,3,"₹ 50,00,000.00","₹ 56,250.00"
Bihar,"IGIMS, Patna",RADIO DIAGNOSIS,AIQ,"₹ 1,60,000.00",1062,0,₹ 0.00,"₹ 1,05,000.00"
Maharashtra,"Indira Gandhi MedColl, Nagpur",RADIO DIAGNOSIS,AIQ,"₹ 1,43,300.00",822,1,"₹ 50,00,000.00","₹ 92,522.00"
Himachal Pradesh,"IGMC, Shimla",RADIO DIAGNOSIS,AIQ,"₹ 39,000.00",1031,3,"₹ 40,00,000.00","₹ 40,000.00"
Uttar Pradesh,"IMS(BHU), Varanasi",RADIO DIAGNOSIS,AIQ,"₹ 48,226.00",1165,0,₹ 0.00,"₹ 1,00,706.00"
West Bengal,"IPGMER, Kolkata",RADIO DIAGNOSIS,AIQ,"₹ 12,000.00",2300,3,"₹ 30,00,000.00","₹ 49,884.00"
Manipur,"JNIMS, Imphal",RADIO DIAGNOSIS,AIQ,"₹ 1,00,000.00",643,1,"₹ 20,00,000.00","₹ 50,000.00"
Rajasthan,"JLNMC, Ajmer",RADIO DIAGNOSIS,AIQ,"₹ 10,982.00",1428,2,"₹ 25,00,000.00","₹ 82,800.00"
Uttar Pradesh,"JNMC (AMU), Aligarh",RADIO DIAGNOSIS,AIQ,"₹ 38,000.00",1269,0,₹ 0.00,"₹ 1,08,000.00"
Karnataka,"KIMS, Hubli",RADIO DIAGNOSIS,AIQ,"₹ 1,24,150.00",1200,3,"₹ 50,00,000.00","₹ 56,250.00"
Uttar Pradesh,"KGMU, Lucknow",RADIO DIAGNOSIS,AIQ,"₹ 54,700.00",4500,2,"₹ 40,00,000.00","₹ 1,09,955.00"
Uttar Pradesh,"LLRM Med Coll, Meerut",RADIO DIAGNOSIS,AIQ,"₹ 40,000.00",1090,2,"₹ 40,00,000.00","₹ 1,00,980.00"
Maharashtra,"Lokmanya Tilak, Sion, Mumbai",RADIO DIAGNOSIS,AIQ,"₹ 1,43,300.00",1462,1,"₹ 50,00,000.00","₹ 92,522.00"
Madhya Pradesh,"MGM Med Coll, Indore",RADIO DIAGNOSIS,AIQ,"₹ 1,01,500.00",1300,1,"₹ 10,00,000.00","₹ 75,444.00"
Tamil Nadu,"Madras Med Coll, Chennai",RADIO DIAGNOSIS,AIQ,"₹ 50,000.00",7285,2,"₹ 40,00,000.00","₹ 52,451.00"
Maharashtra,"Govt&MPGIMER, Nashik",RADIO DIAGNOSIS,AIQ,"₹ 1,43,300.00",NA,1,"₹ 50,00,000.00","₹ 92,522.00"
Maharashtra,"MGIMS, Wardha",RADIO DIAGNOSIS,AIQ,"₹ 1,43,300.00",1000,1,"₹ 50,00,000.00","₹ 89,698.00"
Karnataka,"Mandya IMS, Mandya",RADIO DIAGNOSIS,AIQ,"₹ 1,24,150.00",NA,3,"₹ 50,00,000.00","₹ 56,250.00"
Kerala,"Medical College, Trivandrum",RADIO DIAGNOSIS,AIQ,"₹ 69,470.00",2126,1,"₹ 50,00,000.00","₹ 57,876.00"
Odisha,"MKCG, Berhampur",RADIO DIAGNOSIS,AIQ,"₹ 38,500.00",1140,2,"₹ 53,30,000.00","₹ 70,686.00"
Tamil Nadu,"Govt. Mohan Kumaramangalam, Salem",RADIO DIAGNOSIS,AIQ,"₹ 50,000.00",1642,2,"₹ 40,00,000.00","₹ 52,451.00"
Uttar Pradesh,"MLN Med Coll, Allahabad",RADIO DIAGNOSIS,AIQ,"₹ 40,000.00",NA,2,"₹ 40,00,000.00","₹ 1,00,980.00"
West Bengal,Murshidabad Med Coll,RADIO DIAGNOSIS,AIQ,"₹ 12,000.00",1208,3,"₹ 30,00,000.00","₹ 49,884.00"
Karnataka,"Mysore Med Coll, Mysore",RADIO DIAGNOSIS,AIQ,"₹ 1,24,150.00",1050,3,"₹ 50,00,000.00","₹ 56,250.00"
Bihar,"Nalanda Med Coll, Patna",RADIO DIAGNOSIS,AIQ,"₹ 9,000.00",750,3,"₹ 25,00,000.00","₹ 82,000.00"
Madhya Pradesh,"NSC Bose Med Coll, Jabalpur",RADIO DIAGNOSIS,AIQ,"₹ 1,01,500.00",1150,1,"₹ 10,00,000.00","₹ 75,444.00"
West Bengal,"Nilratan Sircar, Kolkata",RADIO DIAGNOSIS,AIQ,"₹ 12,000.00",1920,3,"₹ 30,00,000.00","₹ 49,884.00"
Telangana,"NIMS, Hyderabad",RADIO DIAGNOSIS,AIQ,"₹ 72,000.00",1498,1,"₹ 20,00,000.00","₹ 1,11,780.00"
West Bengal,"NBMC, Darjeeling",RADIO DIAGNOSIS,AIQ,"₹ 12,000.00",843,3,"₹ 30,00,000.00","₹ 49,884.00"
Meghalaya,"NEIGRIHMS, Shillong",RADIO DIAGNOSIS,AIQ,"₹ 16,300.00",594,0,₹ 0.00,"₹ 96,000.00"
Telangana,"Osmania Med Coll, Hyderabad",RADIO DIAGNOSIS,AIQ,"₹ 25,000.00",4800,1,"₹ 20,00,000.00","₹ 58,289.00"
Bihar,"Patna Med Coll, Patna",RADIO DIAGNOSIS,AIQ,"₹ 9,000.00",1748,3,"₹ 25,00,000.00","₹ 82,000.00"
Delhi,"ABVIMS (Dr RML Hosp), Delhi",RADIO DIAGNOSIS,AIQ,"₹ 41,000.00",1626,0,₹ 0.00,"₹ 1,20,965.00"
Haryana,"Pt BD Sharma, Rohtak",RADIO DIAGNOSIS,AIQ,"₹ 1,25,000.00",2080,0,₹ 0.00,"₹ 1,00,980.00"
Chhattisgarh,"Pt JNM Med Coll, Raipur",RADIO DIAGNOSIS,AIQ,"₹ 20,000.00",1246,2,"₹ 50,00,000.00","₹ 67,500.00"
Rajasthan,"RNT, Udaipur",RADIO DIAGNOSIS,AIQ,"₹ 12,812.00",2206,2,"₹ 25,00,000.00","₹ 82,800.00"
Maharashtra,"Rajarshee CSM Govt MC,Kolhapur",RADIO DIAGNOSIS,AIQ,"₹ 1,43,300.00",665,1,"₹ 50,00,000.00","₹ 92,522.00"
Jharkhand,"Rajendra IMS, Ranchi",RADIO DIAGNOSIS,AIQ,"₹ 1,500.00",1754,3,"₹ 30,00,000.00","₹ 1,00,770.00"
Andhra Pradesh,"Rajiv Gandhi IMS, Kadapa",RADIO DIAGNOSIS,AIQ,"₹ 48,600.00",715,0,₹ 0.00,"₹ 60,823.00"
Andhra Pradesh,"Rajiv Gandhi IMS, Srikakulam",RADIO DIAGNOSIS,AIQ,"₹ 48,600.00",532,0,₹ 0.00,"₹ 60,823.00"
Andhra Pradesh,"Rajiv Gandhi IMS, Ongole",RADIO DIAGNOSIS,AIQ,"₹ 48,600.00",500,0,₹ 0.00,"₹ 60,823.00"
Andhra Pradesh,"Rangaraya Med Coll, Kakinada",RADIO DIAGNOSIS,AIQ,"₹ 48,600.00",1450,0,₹ 0.00,"₹ 60,823.00"
Manipur,"RIMS, Imphal",RADIO DIAGNOSIS,AIQ,"₹ 5,000.00",1074,1,"₹ 20,00,000.00","₹ 1,06,380.00"
Uttar Pradesh,"SN Med Coll, Agra",RADIO DIAGNOSIS,AIQ,"₹ 40,000.00",976,2,"₹ 40,00,000.00","₹ 1,00,980.00"
Andhra Pradesh,"SV Med Coll, Tirupati",RADIO DIAGNOSIS,AIQ,"₹ 48,600.00",940,0,₹ 0.00,"₹ 60,823.00"
Uttar Pradesh,"SGPGI, Lucknow",RADIO DIAGNOSIS,AIQ,"₹ 61,600.00",1609,2,"₹ 40,00,000.00","₹ 1,11,780.00"
Rajasthan,"SP Med Coll, Bikaner",RADIO DIAGNOSIS,AIQ,"₹ 12,812.00",NA,2,"₹ 25,00,000.00","₹ 82,800.00"
Odisha,"SCB, Cuttack",RADIO DIAGNOSIS,AIQ,"₹ 38,500.00",2106,2,"₹ 53,30,000.00","₹ 70,686.00"
Maharashtra,"Seth GS, Mumbai",RADIO DIAGNOSIS,AIQ,"₹ 1,43,300.00",2250,1,"₹ 50,00,000.00","₹ 92,522.00"
Jammu and Kashmir,"Sher-I-Kashmir, Srinagar",RADIO DIAGNOSIS,AIQ,"₹ 11,000.00",NA,0,₹ 0.00,"₹ 82,000.00"
Karnataka,"Shimoga IMS, Shimoga",RADIO DIAGNOSIS,AIQ,"₹ 1,24,150.00",950,3,"₹ 50,00,000.00","₹ 56,250.00"
Madhya Pradesh,"SSMC, Rewa",RADIO DIAGNOSIS,AIQ,"₹ 1,01,500.00",1140,1,"₹ 10,00,000.00","₹ 75,444.00"
Assam,"Silchar Med Coll, Silchar",RADIO DIAGNOSIS,AIQ,"₹ 17,900.00",1256,2,"₹ 20,00,000.00","₹ 55,200.00"
Rajasthan,"SMS, Jaipur",RADIO DIAGNOSIS,AIQ,"₹ 11,647.00",5702,2,"₹ 25,00,000.00","₹ 82,800.00"
Tamil Nadu,"Stanley Med Coll, Chennai",RADIO DIAGNOSIS,AIQ,"₹ 50,000.00",1661,2,"₹ 40,00,000.00","₹ 52,451.00"
Kerala,"TD Med Coll, Allepey",RADIO DIAGNOSIS,AIQ,"₹ 69,470.00",1050,1,"₹ 50,00,000.00","₹ 57,876.00"
Maharashtra,"Tata Memorial, Mumbai",RADIO DIAGNOSIS,AIQ,"₹ 1,05,500.00",614,1,"₹ 25,00,000.00","₹ 1,00,800.00"
Assam,"Tezpur Med Coll, Tezpur",RADIO DIAGNOSIS,AIQ,"₹ 17,900.00",500,2,"₹ 20,00,000.00","₹ 55,200.00"
Tamil Nadu,Thanjavur Med Coll,RADIO DIAGNOSIS,AIQ,"₹ 50,000.00",1466,2,"₹ 40,00,000.00","₹ 52,451.00"
Tamil Nadu,Tirunelveli Med Coll,RADIO DIAGNOSIS,AIQ,"₹ 50,000.00",1737,2,"₹ 40,00,000.00","₹ 52,451.00"
Maharashtra,"Topiwala, Mumbai",RADIO DIAGNOSIS,AIQ,"₹ 1,43,300.00",1300,1,"₹ 50,00,000.00","₹ 92,522.00"
Delhi,"UCMS, Delhi",RADIO DIAGNOSIS,AIQ,"₹ 57,600.00",1000,0,₹ 0.00,"₹ 1,26,927.00"
Delhi,"VMMC, Delhi",RADIO DIAGNOSIS,AIQ,"₹ 41,000.00",1550,0,₹ 0.00,"₹ 1,20,965.00"
Odisha,"VIMSAR, Burla",RADIO DIAGNOSIS,AIQ,"₹ 38,500.00",1071,2,"₹ 53,30,000.00","₹ 70,686.00"
Goa,"Goa Med Coll, Panaji",RADIO DIAGNOSIS,AIQ,"₹ 1,22,522.00",1160,1,"₹ 50,00,000.00","₹ 60,000.00"
Maharashtra,"DY Patil, Pimpri, Pune",RADIO DIAGNOSIS,MNG,"₹ 65,00,000.00",2011,1,₹ 0.00,"₹ 76,629.00"
Maharashtra,"JN Med College, Meghe, Wardha",RADIO DIAGNOSIS,MNG,"₹ 49,00,000.00",2150,1,"₹ 5,00,000.00","₹ 66,829.00"
Telangana,"Malla Reddy IMS, Hyderabad",RADIO DIAGNOSIS,MNG,"₹ 60,00,000.00",940,1,"₹ 15,00,000.00","₹ 45,000.00"
Telangana,"Malla Reddy(Women), Hyderabad",RADIO DIAGNOSIS,MNG,"₹ 60,00,000.00",1050,1,"₹ 15,00,000.00","₹ 45,000.00"
Gujarat,"SBKS, Vadodara",RADIO DIAGNOSIS,MNG,"₹ 35,00,000.00",1340,0,₹ 0.00,"₹ 1,00,800.00"
Pondicherry,"Aarupadai Veedu, Pondicherry",RADIO DIAGNOSIS,MNG,"₹ 50,00,000.00",584,0,₹ 0.00,"₹ 40,000.00"
Tamil Nadu,"ACS Med Coll, Chennai",RADIO DIAGNOSIS,MNG,"₹ 50,00,000.00",1050,0,₹ 0.00,"₹ 20,000.00"
Kerala,"Amrita School of Med, Kochi",RADIO DIAGNOSIS,MNG,"₹ 40,00,000.00",1110,0,₹ 0.00,"₹ 43,000.00"
Maharashtra,"BVDU, Sangli",RADIO DIAGNOSIS,MNG,"₹ 42,44,625.00",853,1,"₹ 12,00,000.00","₹ 76,000.00"
Maharashtra,"BVDU, Pune",RADIO DIAGNOSIS,MNG,"₹ 42,44,625.00",856,1,"₹ 12,00,000.00","₹ 76,000.00"
Tamil Nadu,"Chettinad Hosp&RI,Kanchipuram",RADIO DIAGNOSIS,MNG,"₹ 48,00,000.00",1180,0,₹ 0.00,"₹ 48,000.00"
Maharashtra,"DY Patil, Kolhapur",RADIO DIAGNOSIS,MNG,"₹ 39,35,000.00",800,1,"₹ 20,00,000.00","₹ 76,629.00"
Andhra Pradesh,"GITAM IMS, Vizag",RADIO DIAGNOSIS,MNG,"₹ 38,50,000.00",780,0,₹ 0.00,"₹ 44,075.00"
Delhi,"Hamdard Institute, Delhi",RADIO DIAGNOSIS,MNG,"₹ 40,00,000.00",710,0,₹ 0.00,"₹ 80,000.00"
Odisha,"IMS & SUM, Bhubaneswar",RADIO DIAGNOSIS,MNG,"₹ 30,00,000.00",1410,0,₹ 0.00,"₹ 60,000.00"
Karnataka,"JN Medical College, Belgaum",RADIO DIAGNOSIS,MNG,"₹ 33,82,000.00",2400,1,"₹ 10,00,000.00","₹ 45,000.00"
Karnataka,"JSS Med Coll, Mysore",RADIO DIAGNOSIS,MNG,"₹ 35,00,000.00",2060,0,₹ 0.00,"₹ 45,000.00"
Karnataka,"KS Hegde, Mangalore",RADIO DIAGNOSIS,MNG,"₹ 31,30,000.00",1000,0,₹ 0.00,"₹ 45,000.00"
Odisha,"Kalinga IMS, Bhubaneswar",RADIO DIAGNOSIS,MNG,"₹ 23,00,000.00",1750,0,₹ 0.00,"₹ 70,000.00"
Karnataka,"Kasturba Med Coll, Mangalore",RADIO DIAGNOSIS,MNG,"₹ 33,98,000.00",1290,0,₹ 0.00,"₹ 45,000.00"
Karnataka,"Kasturba Med Coll, Manipal",RADIO DIAGNOSIS,MNG,"₹ 33,98,000.00",2032,0,₹ 0.00,"₹ 45,000.00"
Maharashtra,"Krishna IMS, Karad",RADIO DIAGNOSIS,MNG,"₹ 44,00,000.00",1125,0,₹ 0.00,"₹ 88,213.00"
Haryana,"MMIMS, Mullana, Ambala",RADIO DIAGNOSIS,MNG,"₹ 42,95,000.00",940,1,"₹ 10,00,000.00","₹ 56,100.00"
Pondicherry,"MGMC & RI, Pondicherry",RADIO DIAGNOSIS,MNG,"₹ 50,00,000.00",1380,0,₹ 0.00,"₹ 40,000.00"
Maharashtra,"MGM Med Coll, Aurangabad",RADIO DIAGNOSIS,MNG,"₹ 40,00,000.00",700,1,"₹ 25,00,000.00","₹ 88,000.00"
Maharashtra,"MGM Med Coll, Navi Mumbai",RADIO DIAGNOSIS,MNG,"₹ 40,00,000.00",1740,1,"₹ 25,00,000.00","₹ 88,000.00"
Tamil Nadu,"Meenakshi Med Coll, Enathur",RADIO DIAGNOSIS,MNG,"₹ 50,00,000.00",1110,0,₹ 0.00,"₹ 25,000.00"
Maharashtra,"DY Patil, Navi Mumbai",RADIO DIAGNOSIS,MNG,"₹ 68,50,000.00",1662,1,"₹ 10,00,000.00","₹ 76,629.00"
Karnataka,"Rajeshwari, Bangalore",RADIO DIAGNOSIS,MNG,"₹ 60,00,000.00",1460,0,₹ 0.00,"₹ 25,000.00"
Maharashtra,"Rural Med Coll, LONI",RADIO DIAGNOSIS,MNG,"₹ 30,00,000.00",1275,1,"₹ 5,00,000.00","₹ 64,559.00"
Uttar Pradesh,"Santosh Med Coll, Ghaziabad",RADIO DIAGNOSIS,MNG,"₹ 76,00,000.00",800,0,₹ 0.00,"₹ 56,010.00"
Tamil Nadu,"Saveetha, Kanchipuram",RADIO DIAGNOSIS,MNG,"₹ 40,00,000.00",1250,0,₹ 0.00,"₹ 35,000.00"
Karnataka,"Shri BM Patil, Vijayapura",RADIO DIAGNOSIS,MNG,"₹ 35,00,000.00",1130,0,₹ 0.00,"₹ 45,000.00"
Tamil Nadu,"Shri Satya Sai, Kancheepuram",RADIO DIAGNOSIS,MNG,"₹ 50,00,000.00",1120,0,₹ 0.00,"₹ 35,000.00"
Tamil Nadu,"Sree Balaji Med Coll, Chennai",RADIO DIAGNOSIS,MNG,"₹ 70,00,000.00",1250,0,₹ 0.00,"₹ 25,000.00"
Karnataka,"SDU Med Coll, Kolar",RADIO DIAGNOSIS,MNG,"₹ 35,20,000.00",1100,1,"₹ 22,00,000.00","₹ 45,000.00"
Pondicherry,"SLIMS, Pondicherry",RADIO DIAGNOSIS,MNG,"₹ 65,00,000.00",1230,0,₹ 0.00,"₹ 43,000.00"
Tamil Nadu,"SRMC & RI, Chennai",RADIO DIAGNOSIS,MNG,"₹ 32,00,000.00",1800,0,₹ 0.00,"₹ 48,000.00"
Karnataka,"Siddhartha Med Coll, Tumkur",RADIO DIAGNOSIS,MNG,"₹ 31,50,000.00",960,0,₹ 0.00,"₹ 30,000.00"
Tamil Nadu,"SRM Med Coll, Kancheepuram",RADIO DIAGNOSIS,MNG,"₹ 45,00,000.00",1590,0,₹ 0.00,"₹ 50,923.00"
Tamil Nadu,"Vinayaka Missions, Salem",RADIO DIAGNOSIS,MNG,"₹ 42,00,000.00",560,0,₹ 0.00,"₹ 35,000.00"
Pondicherry,"Vinayaka Missions, Karaikal",RADIO DIAGNOSIS,MNG,"₹ 42,00,000.00",590,0,₹ 0.00,"₹ 40,000.00"
Karnataka,"Yenepoya Med Coll, Mangalore",RADIO DIAGNOSIS,MNG,"₹ 50,00,000.00",910,0,₹ 0.00,"₹ 45,000.00"
Maharashtra,"Datta Meghe Med Coll, Nagpur",RADIO DIAGNOSIS,MNG,"₹ 49,00,000.00",925,1,"₹ 5,00,000.00","₹ 66,629.00"
Delhi,"Hamdard Institute, Delhi",RADIO DIAGNOSIS,MM,"₹ 40,00,000.00",710,0,₹ 0.00,"₹ 80,000.00"
Karnataka,"Yenepoya Med Coll, Mangalore",RADIO DIAGNOSIS,MM,"₹ 50,00,000.00",910,0,₹ 0.00,"₹ 45,000.00"
Gujarat,"SBKS, Vadodara",RADIO DIAGNOSIS,JM,"₹ 31,50,000.00",1340,1,"₹ 15,00,000.00","₹ 1,00,800.00"
Telangana,"Malla Reddy IMS, Hyderabad",RADIO DIAGNOSIS,NRI,"₹ 1,25,25,000.00",940,1,"₹ 15,00,000.00","₹ 45,000.00"
Telangana,"Malla Reddy(Women), Hyderabad",RADIO DIAGNOSIS,NRI,"₹ 1,25,25,000.00",1050,1,"₹ 15,00,000.00","₹ 45,000.00"
Gujarat,"SBKS, Vadodara",RADIO DIAGNOSIS,NRI,"₹ 70,98,000.00",1340,0,₹ 0.00,"₹ 1,00,800.00"
Pondicherry,"Aarupadai Veedu, Pondicherry",RADIO DIAGNOSIS,NRI,"₹ 65,41,000.00",584,0,₹ 0.00,"₹ 40,000.00"
Tamil Nadu,"ACS Med Coll, Chennai",RADIO DIAGNOSIS,NRI,"₹ 91,85,000.00",1050,0,₹ 0.00,"₹ 20,000.00"
Kerala,"Amrita School of Med, Kochi",RADIO DIAGNOSIS,NRI,"₹ 66,80,000.00",1110,0,₹ 0.00,"₹ 43,000.00"
Maharashtra,"BVDU, Sangli",RADIO DIAGNOSIS,NRI,"₹ 1,06,09,000.00",853,1,"₹ 12,00,000.00","₹ 76,000.00"
Maharashtra,"BVDU, Pune",RADIO DIAGNOSIS,NRI,"₹ 1,15,73,000.00",856,1,"₹ 12,00,000.00","₹ 76,000.00"
Tamil Nadu,"Chettinad Hosp&RI,Kanchipuram",RADIO DIAGNOSIS,NRI,"₹ 75,15,000.00",1180,0,₹ 0.00,"₹ 48,000.00"
Maharashtra,"DY Patil, Kolhapur",RADIO DIAGNOSIS,NRI,"₹ 64,30,000.00",800,1,"₹ 20,00,000.00","₹ 76,629.00"
Andhra Pradesh,"GITAM IMS, Vizag",RADIO DIAGNOSIS,NRI,"₹ 1,54,48,000.00",780,0,₹ 0.00,"₹ 44,075.00"
Delhi,"Hamdard Institute, Delhi",RADIO DIAGNOSIS,NRI,"₹ 70,98,000.00",710,0,₹ 0.00,"₹ 80,000.00"
Odisha,"IMS & SUM, Bhubaneswar",RADIO DIAGNOSIS,NRI,"₹ 68,05,000.00",1410,0,₹ 0.00,"₹ 60,000.00"
Karnataka,"JN Medical College, Belgaum",RADIO DIAGNOSIS,NRI,"₹ 1,00,87,000.00",2400,1,"₹ 10,00,000.00","₹ 45,000.00"
Karnataka,"JSS Med Coll, Mysore",RADIO DIAGNOSIS,NRI,"₹ 88,20,000.00",2060,0,₹ 0.00,"₹ 45,000.00"
Karnataka,"KS Hegde, Mangalore",RADIO DIAGNOSIS,NRI,"₹ 73,30,000.00",1000,0,₹ 0.00,"₹ 45,000.00"
Odisha,"Kalinga IMS, Bhubaneswar",RADIO DIAGNOSIS,NRI,"₹ 66,80,000.00",1750,0,₹ 0.00,"₹ 70,000.00"
Karnataka,"Kasturba Med Coll, Mangalore",RADIO DIAGNOSIS,NRI,"₹ 66,97,000.00",1290,0,₹ 0.00,"₹ 45,000.00"
Karnataka,"Kasturba Med Coll, Manipal",RADIO DIAGNOSIS,NRI,"₹ 66,97,000.00",2032,0,₹ 0.00,"₹ 45,000.00"
Maharashtra,"Krishna IMS, Karad",RADIO DIAGNOSIS,NRI,"₹ 1,04,38,000.00",1125,0,₹ 0.00,"₹ 88,213.00"
Haryana,"MMIMS, Mullana, Ambala",RADIO DIAGNOSIS,NRI,"₹ 1,00,20,000.00",940,1,"₹ 10,00,000.00","₹ 56,100.00"
Pondicherry,"MGMC & RI, Pondicherry",RADIO DIAGNOSIS,NRI,"₹ 62,63,000.00",1380,0,₹ 0.00,"₹ 40,000.00"
Maharashtra,"MGM Med Coll, Aurangabad",RADIO DIAGNOSIS,NRI,"₹ 1,00,00,000.00",700,1,"₹ 25,00,000.00","₹ 88,000.00"
Maharashtra,"MGM Med Coll, Navi Mumbai",RADIO DIAGNOSIS,NRI,"₹ 1,00,00,000.00",1740,1,"₹ 25,00,000.00","₹ 88,000.00"
Tamil Nadu,"Meenakshi Med Coll, Enathur",RADIO DIAGNOSIS,NRI,"₹ 64,30,000.00",1110,0,₹ 0.00,"₹ 25,000.00"
Karnataka,"Rajeshwari, Bangalore",RADIO DIAGNOSIS,NRI,"₹ 91,85,000.00",1460,0,₹ 0.00,"₹ 25,000.00"
Maharashtra,"Rural Med Coll, LONI",RADIO DIAGNOSIS,NRI,"₹ 1,52,74,000.00",1275,1,"₹ 5,00,000.00","₹ 64,559.00"
Uttar Pradesh,"Santosh Med Coll, Ghaziabad",RADIO DIAGNOSIS,NRI,"₹ 1,46,13,000.00",800,0,₹ 0.00,"₹ 56,010.00"
Tamil Nadu,"Saveetha, Kanchipuram",RADIO DIAGNOSIS,NRI,"₹ 58,45,000.00",1250,0,₹ 0.00,"₹ 35,000.00"
Karnataka,"Shri BM Patil, Vijayapura",RADIO DIAGNOSIS,NRI,"₹ 50,00,000.00",1130,0,₹ 0.00,"₹ 45,000.00"
Tamil Nadu,"Shri Satya Sai, Kancheepuram",RADIO DIAGNOSIS,NRI,"₹ 62,63,000.00",1120,0,₹ 0.00,"₹ 35,000.00"
Karnataka,"SDU Med Coll, Kolar",RADIO DIAGNOSIS,NRI,"₹ 95,19,000.00",1100,1,"₹ 22,00,000.00","₹ 45,000.00"
Tamil Nadu,"SRMC & RI, Chennai",RADIO DIAGNOSIS,NRI,"₹ 62,63,000.00",1800,0,₹ 0.00,"₹ 48,000.00"
Karnataka,"Siddhartha Med Coll, Tumkur",RADIO DIAGNOSIS,NRI,"₹ 1,00,00,000.00",960,0,₹ 0.00,"₹ 30,000.00"
Tamil Nadu,"SRM Med Coll, Kancheepuram",RADIO DIAGNOSIS,NRI,"₹ 1,00,20,000.00",1590,0,₹ 0.00,"₹ 50,923.00"
Tamil Nadu,"Vinayaka Missions, Salem",RADIO DIAGNOSIS,NRI,"₹ 62,63,000.00",560,0,₹ 0.00,"₹ 35,000.00"
Pondicherry,"Vinayaka Missions, Karaikal",RADIO DIAGNOSIS,NRI,"₹ 61,23,000.00",590,0,₹ 0.00,"₹ 40,000.00"
Karnataka,"Yenepoya Med Coll, Mangalore",RADIO DIAGNOSIS,NRI,"₹ 97,00,000.00",910,0,₹ 0.00,"₹ 45,000.00"
Maharashtra,"DY Patil, Navi Mumbai",RADIO DIAGNOSIS,NRI,"₹ 1,08,55,000.00",1662,1,"₹ 10,00,000.00","₹ 76,629.00"
Maharashtra,"JN Med College, Meghe, Wardha",RADIO DIAGNOSIS,NRI,"₹ 75,15,000.00",2150,1,"₹ 5,00,000.00","₹ 66,829.00"
Delhi,"Lady Hardinge, Delhi",RADIO DIAGNOSIS,DU,"₹ 57,600.00",877,0,₹ 0.00,"₹ 1,26,927.00"
Delhi,"UCMS, Delhi",RADIO DIAGNOSIS,DU,"₹ 57,600.00",1000,0,₹ 0.00,"₹ 1,26,927.00"
Delhi,"MAMC, Delhi",RADIO DIAGNOSIS,DU,"₹ 57,600.00",2800,0,₹ 0.00,"₹ 1,26,927.00"
Delhi,"GB Pant IPGMER, Delhi",RADIO DIAGNOSIS,DU,"₹ 57,600.00",714,0,₹ 0.00,"₹ 1,26,927.00"
Delhi,"VMMC, Delhi",RADIO DIAGNOSIS,IP,"₹ 41,000.00",1550,0,₹ 0.00,"₹ 1,20,965.00"
Delhi,"ABVIMS (Dr RML Hosp), Delhi",RADIO DIAGNOSIS,IP,"₹ 41,000.00",1626,0,₹ 0.00,"₹ 1,20,965.00"
Uttar Pradesh,"IMS(BHU), Varanasi",RADIO DIAGNOSIS,BHU,"₹ 48,226.00",1165,0,₹ 0.00,"₹ 1,00,706.00"
Uttar Pradesh,"JNMC (AMU), Aligarh",RADIO DIAGNOSIS,AMU,"₹ 38,000.00",1269,0,₹ 0.00,"₹ 1,08,000.00"
Uttar Pradesh,"Command Hospital, Lucknow",RADIO DIAGNOSIS,AFMS,"₹ 38,700.00",780,5,"₹ 57,50,000.00","₹ 1,21,878.00"
Maharashtra,"INHS, Aswini",RADIO DIAGNOSIS,AFMS,"₹ 1,71,850.00",825,5,"₹ 57,50,000.00","₹ 91,082.00"
Karnataka,"Command Hospital, Bangalore",RADIO DIAGNOSIS,AFMS,"₹ 20,000.00",716,5,"₹ 57,50,000.00","₹ 56,250.00"
West Bengal,"Command Hospital, Kolkata",RADIO DIAGNOSIS,AFMS,"₹ 12,000.00",760,5,"₹ 57,50,000.00","₹ 49,884.00"
Andhra Pradesh,"Govt Med Coll, Ananthapuram",SPM,AIQ,"₹ 48,600.00",500,0,₹ 0.00,"₹ 60,823.00"
Maharashtra,"GovtMedColl,ChhatrapatiSambhajiNgr",SPM,AIQ,"₹ 1,43,300.00",1177,1,"₹ 50,00,000.00","₹ 92,522.00"
Uttar Pradesh,"Govt Med Coll, Bahraich",SPM,AIQ,"₹ 40,000.00",NA,2,"₹ 40,00,000.00","₹ 1,00,980.00"
Rajasthan,"Govt Med Coll, Churu",SPM,AIQ,"₹ 12,812.00",NA,2,"₹ 25,00,000.00","₹ 82,800.00"
Madhya Pradesh,"Govt Med Coll, Datia",SPM,AIQ,"₹ 1,01,500.00",540,1,"₹ 10,00,000.00","₹ 75,444.00"
Rajasthan,"Govt Med Coll, Dungapur",SPM,AIQ,"₹ 12,812.00",700,2,"₹ 25,00,000.00","₹ 82,800.00"
Uttar Pradesh,"Govt Med Coll, Firozobad",SPM,AIQ,"₹ 40,000.00",517,2,"₹ 40,00,000.00","₹ 1,00,980.00"
Maharashtra,"Govt Med Coll, Gondia",SPM,AIQ,"₹ 1,43,300.00",500,1,"₹ 50,00,000.00","₹ 92,522.00"
Maharashtra,"Govt Med Coll, Jalgaon",SPM,AIQ,"₹ 1,43,300.00",441,1,"₹ 50,00,000.00","₹ 92,522.00"
Jammu and Kashmir,"Govt Med Coll, Jammu",SPM,AIQ,"₹ 25,000.00",1700,0,₹ 0.00,"₹ 59,500.00"
Madhya Pradesh,"Govt Med Coll, Khandwa",SPM,AIQ,"₹ 1,01,500.00",NA,1,"₹ 10,00,000.00","₹ 75,444.00"
Kerala,"Govt Med Coll, Kollam",SPM,AIQ,"₹ 69,470.00",500,1,"₹ 50,00,000.00","₹ 57,876.00"
Rajasthan,"Govt Med Coll, Kota",SPM,AIQ,"₹ 12,812.00",2581,2,"₹ 25,00,000.00","₹ 82,800.00"
Kerala,"Govt Med Coll, Kottayam",SPM,AIQ,"₹ 69,470.00",NA,1,"₹ 50,00,000.00","₹ 57,876.00"
Kerala,"Govt Med Coll, Kozhikode",SPM,AIQ,"₹ 69,470.00",3025,1,"₹ 50,00,000.00","₹ 57,876.00"
Maharashtra,"Govt Med Coll, Latur",SPM,AIQ,"₹ 1,43,300.00",750,1,"₹ 50,00,000.00","₹ 92,522.00"
Telangana,"Govt Med Coll, Mahabubnagar",SPM,AIQ,"₹ 25,000.00",900,1,"₹ 20,00,000.00","₹ 58,289.00"
Maharashtra,"Govt Med Coll, Miraj",SPM,AIQ,"₹ 1,43,300.00",725,1,"₹ 50,00,000.00","₹ 92,522.00"
Maharashtra,"Govt Med Coll, Nagpur",SPM,AIQ,"₹ 1,43,300.00",1866,1,"₹ 50,00,000.00","₹ 92,522.00"
Punjab,"Govt Med Coll, Patiala",SPM,AIQ,"₹ 1,00,000.00",1130,1,"₹ 10,00,000.00","₹ 67,968.00"
Uttar Pradesh,"Govt Med Coll, Rampur, Basti",SPM,AIQ,"₹ 40,000.00",500,2,"₹ 40,00,000.00","₹ 1,00,980.00"
Madhya Pradesh,"Govt Med Coll, Ratlam",SPM,AIQ,"₹ 1,01,500.00",300,1,"₹ 10,00,000.00","₹ 75,444.00"
Madhya Pradesh,"Govt Med Coll, Shivpuri",SPM,AIQ,"₹ 1,01,500.00",520,1,"₹ 10,00,000.00","₹ 75,444.00"
Telangana,"Govt Med Coll, Siddipet",SPM,AIQ,"₹ 25,000.00",780,1,"₹ 20,00,000.00","₹ 58,289.00"
Jammu and Kashmir,"Govt Med Coll, Srinagar",SPM,AIQ,"₹ 35,750.00",2150,0,₹ 0.00,"₹ 59,500.00"
Kerala,"Govt Med Coll, Thrissur",SPM,AIQ,"₹ 69,470.00",1400,1,"₹ 50,00,000.00","₹ 57,876.00"
Andhra Pradesh,"Govt Siddhartha, Vijaywada",SPM,AIQ,"₹ 48,600.00",707,0,₹ 0.00,"₹ 60,823.00"
Uttar Pradesh,"Govt Med Coll, Badaun",SPM,AIQ,"₹ 40,000.00",NA,2,"₹ 40,00,000.00","₹ 1,00,980.00"
Maharashtra,"Grant Med Coll, Mumbai",SPM,AIQ,"₹ 1,43,300.00",2844,1,"₹ 50,00,000.00","₹ 92,522.00"
Uttar Pradesh,"GSVM Med Coll, Kanpur",SPM,AIQ,"₹ 40,000.00",2083,2,"₹ 40,00,000.00","₹ 1,00,980.00"
Karnataka,"Gulbarga IMS, Gulbarga",SPM,AIQ,"₹ 69,150.00",873,3,"₹ 50,00,000.00","₹ 56,250.00"
Andhra Pradesh,"Guntur Med Coll, Guntur",SPM,AIQ,"₹ 48,600.00",1170,0,₹ 0.00,"₹ 60,823.00"
Punjab,"Guru Govind Singh, Faridkot",SPM,AIQ,"₹ 1,00,000.00",1000,1,"₹ 10,00,000.00","₹ 67,968.00"
Maharashtra,"HBT & RN Cooper, Mumbai",SPM,AIQ,"₹ 1,43,300.00",940,1,"₹ 50,00,000.00","₹ 92,522.00"
Karnataka,"Hassan IMS, Hassan",SPM,AIQ,"₹ 69,150.00",NA,3,"₹ 50,00,000.00","₹ 56,250.00"
Bihar,"IGIMS, Patna",SPM,AIQ,"₹ 1,60,000.00",1062,0,₹ 0.00,"₹ 1,05,000.00"
Maharashtra,"Indira Gandhi MedColl, Nagpur",SPM,AIQ,"₹ 1,43,300.00",822,1,"₹ 50,00,000.00","₹ 92,522.00"
Pondicherry,"IGMC & RI, Pondicherry",SPM,AIQ,"₹ 1,10,000.00",750,0,₹ 0.00,"₹ 43,000.00"
Himachal Pradesh,"IGMC, Shimla",SPM,AIQ,"₹ 39,000.00",1031,3,"₹ 40,00,000.00","₹ 40,000.00"
Uttar Pradesh,"IMS(BHU), Varanasi",SPM,AIQ,"₹ 48,226.00",1165,0,₹ 0.00,"₹ 1,00,706.00"
West Bengal,"IPGMER, Kolkata",SPM,AIQ,"₹ 12,000.00",2300,3,"₹ 30,00,000.00","₹ 49,884.00"
Manipur,"JNIMS, Imphal",SPM,AIQ,"₹ 1,00,000.00",643,1,"₹ 20,00,000.00","₹ 50,000.00"
Rajasthan,"JLNMC, Ajmer",SPM,AIQ,"₹ 10,982.00",1428,2,"₹ 25,00,000.00","₹ 82,800.00"
Uttar Pradesh,"JNMC (AMU), Aligarh",SPM,AIQ,"₹ 38,000.00",1269,0,₹ 0.00,"₹ 1,08,000.00"
Bihar,"Jawaharlal Nehru, Bhagalpur",SPM,AIQ,"₹ 9,000.00",800,3,"₹ 25,00,000.00","₹ 82,000.00"
Rajasthan,"Jhalawar Med Coll, Jhalawar",SPM,AIQ,"₹ 88,265.00",NA,2,"₹ 25,00,000.00","₹ 82,800.00"
Telangana,"Kakatiya Med Coll, Warangal",SPM,AIQ,"₹ 25,000.00",1150,1,"₹ 20,00,000.00","₹ 58,289.00"
Karnataka,"KIMS, Hubli",SPM,AIQ,"₹ 69,150.00",1200,3,"₹ 50,00,000.00","₹ 56,250.00"
Karnataka,Kodagu Inst of Med Sciences,SPM,AIQ,"₹ 69,150.00",600,3,"₹ 50,00,000.00","₹ 56,250.00"
Karnataka,"Koppal Inst of MS, Koppal",SPM,AIQ,"₹ 69,150.00",NA,3,"₹ 50,00,000.00","₹ 56,250.00"
Andhra Pradesh,"Kurnool Med Coll, Kurnool",SPM,AIQ,"₹ 48,600.00",1150,0,₹ 0.00,"₹ 60,823.00"
Uttar Pradesh,"LLRM Med Coll, Meerut",SPM,AIQ,"₹ 40,000.00",1090,2,"₹ 40,00,000.00","₹ 1,00,980.00"
Maharashtra,"Lokmanya Tilak, Sion, Mumbai",SPM,AIQ,"₹ 1,43,300.00",1462,1,"₹ 50,00,000.00","₹ 92,522.00"
Madhya Pradesh,"MGM Med Coll, Indore",SPM,AIQ,"₹ 1,01,500.00",1300,1,"₹ 10,00,000.00","₹ 75,444.00"
Maharashtra,"MGIMS, Wardha",SPM,AIQ,"₹ 1,43,300.00",1000,1,"₹ 50,00,000.00","₹ 89,698.00"
West Bengal,"Govt. Med College, Kolkata",SPM,AIQ,"₹ 12,000.00",2668,3,"₹ 30,00,000.00","₹ 49,884.00"
Kerala,"Medical College, Trivandrum",SPM,AIQ,"₹ 69,470.00",2126,1,"₹ 50,00,000.00","₹ 57,876.00"
Odisha,"MKCG, Berhampur",SPM,AIQ,"₹ 38,500.00",1140,2,"₹ 66,30,000.00","₹ 88,686.00"
Uttar Pradesh,"MLN Med Coll, Allahabad",SPM,AIQ,"₹ 40,000.00",NA,2,"₹ 40,00,000.00","₹ 1,00,980.00"
Uttar Pradesh,"MRA Med Coll, Ambedkarnagar",SPM,AIQ,"₹ 40,000.00",490,2,"₹ 40,00,000.00","₹ 1,00,980.00"
West Bengal,Murshidabad Med Coll,SPM,AIQ,"₹ 12,000.00",1208,3,"₹ 30,00,000.00","₹ 49,884.00"
Karnataka,"Mysore Med Coll, Mysore",SPM,AIQ,"₹ 69,150.00",1050,3,"₹ 50,00,000.00","₹ 56,250.00"
Bihar,"Nalanda Med Coll, Patna",SPM,AIQ,"₹ 9,000.00",750,3,"₹ 25,00,000.00","₹ 82,000.00"
Madhya Pradesh,"NSC Bose Med Coll, Jabalpur",SPM,AIQ,"₹ 1,01,500.00",1150,1,"₹ 10,00,000.00","₹ 75,444.00"
West Bengal,"Nilratan Sircar, Kolkata",SPM,AIQ,"₹ 12,000.00",1920,3,"₹ 30,00,000.00","₹ 49,884.00"
West Bengal,"NBMC, Darjeeling",SPM,AIQ,"₹ 12,000.00",843,3,"₹ 30,00,000.00","₹ 49,884.00"
Telangana,"Osmania Med Coll, Hyderabad",SPM,AIQ,"₹ 25,000.00",4800,1,"₹ 20,00,000.00","₹ 58,289.00"
Bihar,"Patna Med Coll, Patna",SPM,AIQ,"₹ 9,000.00",1748,3,"₹ 25,00,000.00","₹ 82,000.00"
Maharashtra,"Pimpri Chinchwad, Pimpri",SPM,AIQ,"₹ 1,43,300.00",750,1,"₹ 50,00,000.00","₹ 92,522.00"
Haryana,"Pt BD Sharma, Rohtak",SPM,AIQ,"₹ 1,25,000.00",2080,0,₹ 0.00,"₹ 1,00,980.00"
Maharashtra,"SRTT, Ambajogai",SPM,AIQ,"₹ 1,43,300.00",518,1,"₹ 50,00,000.00","₹ 92,522.00"
Chhattisgarh,"Pt JNM Med Coll, Raipur",SPM,AIQ,"₹ 20,000.00",1246,2,"₹ 50,00,000.00","₹ 67,500.00"
Rajasthan,"RNT, Udaipur",SPM,AIQ,"₹ 12,812.00",2206,2,"₹ 25,00,000.00","₹ 82,800.00"
Karnataka,"Raichur IMS, Raichur",SPM,AIQ,"₹ 69,150.00",500,3,"₹ 50,00,000.00","₹ 56,250.00"
Tamil Nadu,"Rajah Muthiah, Annamalainagar",SPM,AIQ,"₹ 50,000.00",1400,2,"₹ 40,00,000.00","₹ 52,451.00"
Maharashtra,"Rajarshee CSM Govt MC,Kolhapur",SPM,AIQ,"₹ 1,43,300.00",665,1,"₹ 50,00,000.00","₹ 92,522.00"
Jharkhand,"Rajendra IMS, Ranchi",SPM,AIQ,"₹ 1,500.00",1754,3,"₹ 30,00,000.00","₹ 1,00,770.00"
Telangana,"Rajiv Gandhi IMS, Adilabad",SPM,AIQ,"₹ 25,000.00",NA,1,"₹ 20,00,000.00","₹ 58,289.00"
Andhra Pradesh,"Rajiv Gandhi IMS, Kadapa",SPM,AIQ,"₹ 48,600.00",715,0,₹ 0.00,"₹ 60,823.00"
Andhra Pradesh,"Rajiv Gandhi IMS, Srikakulam",SPM,AIQ,"₹ 48,600.00",532,0,₹ 0.00,"₹ 60,823.00"
Andhra Pradesh,"Rajiv Gandhi IMS, Ongole",SPM,AIQ,"₹ 48,600.00",500,0,₹ 0.00,"₹ 60,823.00"
Maharashtra,"Rajiv Gandhi MC & CSMH, Thane",SPM,AIQ,"₹ 1,43,300.00",500,1,"₹ 50,00,000.00","₹ 92,522.00"
Uttar Pradesh,"Rajkiya Med Coll, Jalaun",SPM,AIQ,"₹ 40,000.00",NA,2,"₹ 40,00,000.00","₹ 1,00,980.00"
Andhra Pradesh,"Rangaraya Med Coll, Kakinada",SPM,AIQ,"₹ 48,600.00",1450,0,₹ 0.00,"₹ 60,823.00"
Manipur,"RIMS, Imphal",SPM,AIQ,"₹ 5,000.00",1074,0,₹ 0.00,"₹ 1,06,380.00"
West Bengal,"RG Kar Med Coll, Kolkata",SPM,AIQ,"₹ 12,000.00",1663,3,"₹ 30,00,000.00","₹ 49,884.00"
Rajasthan,"RUHS, Jaipur",SPM,AIQ,"₹ 30,491.00",300,2,"₹ 25,00,000.00","₹ 82,800.00"
Uttar Pradesh,"SN Med Coll, Agra",SPM,AIQ,"₹ 40,000.00",976,2,"₹ 40,00,000.00","₹ 1,00,980.00"
Andhra Pradesh,"SV Med Coll, Tirupati",SPM,AIQ,"₹ 48,600.00",940,0,₹ 0.00,"₹ 60,823.00"
Rajasthan,"SP Med Coll, Bikaner",SPM,AIQ,"₹ 12,812.00",NA,2,"₹ 25,00,000.00","₹ 82,800.00"
Odisha,"SCB, Cuttack",SPM,AIQ,"₹ 38,500.00",2106,2,"₹ 66,30,000.00","₹ 88,686.00"
Maharashtra,"Seth GS, Mumbai",SPM,AIQ,"₹ 1,43,300.00",2250,1,"₹ 50,00,000.00","₹ 92,522.00"
Haryana,"SHKM, Nalhar",SPM,AIQ,"₹ 1,25,000.00",500,0,₹ 0.00,"₹ 1,00,980.00"
Uttar Pradesh,"Shaik-ul-Hind, Saharanpur",SPM,AIQ,"₹ 40,000.00",500,2,"₹ 40,00,000.00","₹ 1,00,980.00"
Jammu and Kashmir,"Sher-I-Kashmir, Srinagar",SPM,AIQ,"₹ 11,000.00",NA,0,₹ 0.00,"₹ 82,000.00"
Karnataka,"Shimoga IMS, Shimoga",SPM,AIQ,"₹ 69,150.00",950,3,"₹ 50,00,000.00","₹ 56,250.00"
Karnataka,"Shri Atal Bihari Vajpayee, BLR",SPM,AIQ,"₹ 69,150.00",956,3,"₹ 50,00,000.00","₹ 56,250.00"
Maharashtra,"Shri VR Naik Govt, Yavatmal",SPM,AIQ,"₹ 1,43,300.00",756,1,"₹ 50,00,000.00","₹ 92,522.00"
Madhya Pradesh,"SSMC, Rewa",SPM,AIQ,"₹ 1,01,500.00",1140,1,"₹ 10,00,000.00","₹ 75,444.00"
Rajasthan,"SMS, Jaipur",SPM,AIQ,"₹ 11,647.00",5702,2,"₹ 25,00,000.00","₹ 82,800.00"
Tamil Nadu,"Stanley Med Coll, Chennai",SPM,AIQ,"₹ 50,000.00",1661,2,"₹ 40,00,000.00","₹ 52,451.00"
Kerala,"TD Med Coll, Allepey",SPM,AIQ,"₹ 69,470.00",1050,1,"₹ 50,00,000.00","₹ 57,876.00"
Assam,"Tezpur Med Coll, Tezpur",SPM,AIQ,"₹ 17,900.00",500,2,"₹ 20,00,000.00","₹ 55,200.00"
Maharashtra,"Topiwala, Mumbai",SPM,AIQ,"₹ 1,43,300.00",1300,1,"₹ 50,00,000.00","₹ 92,522.00"
Delhi,"UCMS, Delhi",SPM,AIQ,"₹ 57,600.00",1000,0,₹ 0.00,"₹ 1,26,927.00"
Uttar Pradesh,"UP Univ of Med Sci, Etawah",SPM,AIQ,"₹ 40,000.00",1268,2,"₹ 40,00,000.00","₹ 1,00,980.00"
Delhi,"VMMC, Delhi",SPM,AIQ,"₹ 41,000.00",1550,0,₹ 0.00,"₹ 1,20,965.00"
Uttarakhand,"VCSG Med Coll, Pauri Garhwal",SPM,AIQ,"₹ 1,00,000.00",NA,0,₹ 0.00,"₹ 76,600.00"
Odisha,"VIMSAR, Burla",SPM,AIQ,"₹ 38,500.00",1071,2,"₹ 66,30,000.00","₹ 88,686.00"
Karnataka,"VIMS, Bellary",SPM,AIQ,"₹ 69,150.00",1295,3,"₹ 50,00,000.00","₹ 56,250.00"
Goa,"Goa Med Coll, Panaji",SPM,AIQ,"₹ 1,22,522.00",1160,1,"₹ 50,00,000.00","₹ 60,000.00"
Dadra and Nagar Haveli,"NAMO MERI Govt MedColl,Silvassa",SPM,AIQ,"₹ 5,75,000.00",650,3,"₹ 50,00,000.00","₹ 50,000.00"
Uttar Pradesh,"Govt Med Coll, Kannauj",SPM,AIQ,"₹ 40,000.00",470,2,"₹ 40,00,000.00","₹ 1,00,980.00"
Uttar Pradesh,"Govt Med Coll, Shahjhanpur",SPM,AIQ,"₹ 40,000.00",460,2,"₹ 40,00,000.00","₹ 1,00,980.00"
Maharashtra,"DY Patil, Pimpri, Pune",SPM,MNG,"₹ 9,00,000.00",2011,1,₹ 0.00,"₹ 76,629.00"
Telangana,"Malla Reddy IMS, Hyderabad",SPM,MNG,"₹ 2,50,000.00",940,1,"₹ 15,00,000.00","₹ 45,000.00"
Gujarat,"SBKS, Vadodara",SPM,MNG,"₹ 3,00,000.00",1340,0,₹ 0.00,"₹ 1,00,800.00"
Pondicherry,"Aarupadai Veedu, Pondicherry",SPM,MNG,"₹ 4,00,000.00",584,0,₹ 0.00,"₹ 30,000.00"
Tamil Nadu,"ACS Med Coll, Chennai",SPM,MNG,"₹ 10,00,000.00",1050,0,₹ 0.00,"₹ 20,000.00"
Kerala,"Amrita School of Med, Kochi",SPM,MNG,"₹ 8,00,000.00",1110,0,₹ 0.00,"₹ 43,000.00"
Maharashtra,"BVDU, Sangli",SPM,MNG,"₹ 10,00,000.00",853,1,"₹ 12,00,000.00","₹ 76,000.00"
Maharashtra,"BVDU, Pune",SPM,MNG,"₹ 10,00,000.00",856,1,"₹ 12,00,000.00","₹ 76,000.00"
Tamil Nadu,"Chettinad Hosp&RI,Kanchipuram",SPM,MNG,"₹ 9,00,000.00",1180,0,₹ 0.00,"₹ 48,000.00"
Andhra Pradesh,"GITAM IMS, Vizag",SPM,MNG,"₹ 8,00,000.00",780,0,₹ 0.00,"₹ 44,075.00"
Delhi,"Hamdard Institute, Delhi",SPM,MNG,"₹ 11,00,000.00",710,0,₹ 0.00,"₹ 80,000.00"
Odisha,"IMS & SUM, Bhubaneswar",SPM,MNG,"₹ 5,00,000.00",1410,0,₹ 0.00,"₹ 60,000.00"
Karnataka,"JN Medical College, Belgaum",SPM,MNG,"₹ 2,80,000.00",2400,1,"₹ 10,00,000.00","₹ 45,000.00"
Karnataka,"JSS Med Coll, Mysore",SPM,MNG,"₹ 5,50,000.00",2060,0,₹ 0.00,"₹ 45,000.00"
Karnataka,"KS Hegde, Mangalore",SPM,MNG,"₹ 1,90,000.00",1000,0,₹ 0.00,"₹ 45,000.00"
Odisha,"Kalinga IMS, Bhubaneswar",SPM,MNG,"₹ 9,00,000.00",1750,0,₹ 0.00,"₹ 70,000.00"
Karnataka,"Kasturba Med Coll, Mangalore",SPM,MNG,"₹ 12,60,000.00",1290,0,₹ 0.00,"₹ 45,000.00"
Karnataka,"Kasturba Med Coll, Manipal",SPM,MNG,"₹ 12,60,000.00",2032,0,₹ 0.00,"₹ 45,000.00"
Maharashtra,"Krishna IMS, Karad",SPM,MNG,"₹ 2,00,000.00",1125,1,"₹ 5,00,000.00","₹ 88,213.00"
Haryana,"MMIMS, Mullana, Ambala",SPM,MNG,"₹ 7,30,000.00",940,1,"₹ 10,00,000.00","₹ 56,100.00"
Pondicherry,"MGMC & RI, Pondicherry",SPM,MNG,"₹ 5,00,000.00",1380,0,₹ 0.00,₹ 0.00
Maharashtra,"MGM Med Coll, Aurangabad",SPM,MNG,"₹ 1,00,000.00",700,1,"₹ 25,00,000.00","₹ 88,000.00"
Maharashtra,"MGM Med Coll, Navi Mumbai",SPM,MNG,"₹ 1,00,000.00",1740,1,"₹ 25,00,000.00","₹ 88,000.00"
Tamil Nadu,"Meenakshi Med Coll, Enathur",SPM,MNG,"₹ 4,00,000.00",1110,0,₹ 0.00,NA
Maharashtra,"DY Patil, Navi Mumbai",SPM,MNG,"₹ 8,50,000.00",1662,1,"₹ 10,00,000.00","₹ 76,629.00"
Karnataka,"Rajeshwari, Bangalore",SPM,MNG,"₹ 7,00,000.00",1460,0,₹ 0.00,"₹ 25,000.00"
Maharashtra,"Rural Med Coll, LONI",SPM,MNG,"₹ 6,70,000.00",1275,0,₹ 0.00,"₹ 64,559.00"
Uttar Pradesh,"Santosh Med Coll, Ghaziabad",SPM,MNG,"₹ 3,00,000.00",800,0,₹ 0.00,"₹ 56,010.00"
Tamil Nadu,"Saveetha, Kanchipuram",SPM,MNG,"₹ 7,00,000.00",1250,0,₹ 0.00,"₹ 35,000.00"
Karnataka,"Shri BM Patil, Vijayapura",SPM,MNG,"₹ 4,00,000.00",1130,0,₹ 0.00,"₹ 45,000.00"
Tamil Nadu,"Shri Satya Sai, Kancheepuram",SPM,MNG,"₹ 5,00,000.00",1120,0,₹ 0.00,₹ 0.00
Tamil Nadu,"Sree Balaji Med Coll, Chennai",SPM,MNG,"₹ 8,00,000.00",1250,0,₹ 0.00,"₹ 25,000.00"
Karnataka,"SDU Med Coll, Kolar",SPM,MNG,"₹ 3,00,000.00",1100,1,"₹ 22,00,000.00","₹ 45,000.00"
Pondicherry,"SLIMS, Pondicherry",SPM,MNG,"₹ 5,00,000.00",1230,0,₹ 0.00,"₹ 43,000.00"
Tamil Nadu,"SRMC & RI, Chennai",SPM,MNG,"₹ 9,00,000.00",1800,0,₹ 0.00,"₹ 48,000.00"
Maharashtra,"JN Med College, Meghe, Wardha",SPM,MNG,"₹ 3,75,000.00",2150,1,"₹ 5,00,000.00","₹ 66,829.00"
Karnataka,"Siddhartha Med Coll, Tumkur",SPM,MNG,"₹ 3,50,000.00",960,0,₹ 0.00,"₹ 30,000.00"
Tamil Nadu,"SRM Med Coll, Kancheepuram",SPM,MNG,"₹ 7,00,000.00",1590,0,₹ 0.00,"₹ 50,923.00"
Tamil Nadu,"Vinayaka Missions, Salem",SPM,MNG,"₹ 4,00,000.00",560,0,₹ 0.00,₹ 0.00
Pondicherry,"Vinayaka Missions, Karaikal",SPM,MNG,"₹ 4,00,000.00",590,0,₹ 0.00,₹ 0.00
Karnataka,"Yenepoya Med Coll, Mangalore",SPM,MNG,"₹ 3,00,000.00",910,0,₹ 0.00,"₹ 45,000.00"
Delhi,"Hamdard Institute, Delhi",SPM,MM,"₹ 11,00,000.00",710,0,₹ 0.00,"₹ 80,000.00"
Karnataka,"Yenepoya Med Coll, Mangalore",SPM,MM,"₹ 3,00,000.00",910,0,₹ 0.00,"₹ 45,000.00"
Gujarat,"SBKS, Vadodara",SPM,JM,"₹ 3,00,000.00",1340,1,"₹ 15,00,000.00","₹ 1,00,800.00"
Maharashtra,"BVDU, Sangli",SPM,NRI,"₹ 25,05,000.00",853,1,"₹ 12,00,000.00","₹ 76,000.00"
Maharashtra,"BVDU, Pune",SPM,NRI,"₹ 25,05,000.00",856,1,"₹ 12,00,000.00","₹ 76,000.00"
Karnataka,"Kasturba Med Coll, Mangalore",SPM,NRI,"₹ 19,37,000.00",1290,0,₹ 0.00,"₹ 45,000.00"
Karnataka,"Kasturba Med Coll, Manipal",SPM,NRI,"₹ 19,37,000.00",2032,0,₹ 0.00,"₹ 45,000.00"
Maharashtra,"Rural Med Coll, LONI",SPM,NRI,"₹ 34,11,000.00",1275,0,₹ 0.00,"₹ 64,559.00"
Karnataka,"Shri BM Patil, Vijayapura",SPM,NRI,"₹ 25,00,000.00",1130,0,₹ 0.00,"₹ 45,000.00"
Tamil Nadu,"SRMC & RI, Chennai",SPM,NRI,"₹ 25,05,000.00",1800,0,₹ 0.00,"₹ 48,000.00"
Tamil Nadu,"SRM Med Coll, Kancheepuram",SPM,NRI,"₹ 50,10,000.00",1590,0,₹ 0.00,"₹ 50,923.00"
Delhi,"UCMS, Delhi",SPM,DU,"₹ 57,600.00",1000,0,₹ 0.00,"₹ 1,26,927.00"
Delhi,"Lady Hardinge, Delhi",SPM,DU,"₹ 57,600.00",877,0,₹ 0.00,"₹ 1,26,927.00"
Delhi,"MAMC, Delhi",SPM,DU,"₹ 57,600.00",2800,0,₹ 0.00,"₹ 1,26,927.00"
Delhi,"VMMC, Delhi",SPM,IP,"₹ 41,000.00",1550,0,₹ 0.00,"₹ 1,20,965.00"
Uttar Pradesh,"IMS(BHU), Varanasi",SPM,BHU,"₹ 48,226.00",1165,0,₹ 0.00,"₹ 1,00,706.00"
Uttar Pradesh,"JNMC (AMU), Aligarh",SPM,AMU,"₹ 38,000.00",1269,0,₹ 0.00,"₹ 1,08,000.00"
Haryana,"Pt BD Sharma, Rohtak",SPORTS MEDICINE,AIQ,"₹ 1,25,000.00",2080,0,₹ 0.00,"₹ 1,00,980.00"
Manipur,"RIMS, Imphal",SPORTS MEDICINE,AIQ,"₹ 5,000.00",1074,1,"₹ 20,00,000.00","₹ 1,06,380.00"
Delhi,"VMMC, Delhi",SPORTS MEDICINE,AIQ,"₹ 41,000.00",1550,0,₹ 0.00,"₹ 1,20,965.00"
Tamil Nadu,"Chettinad Hosp&RI,Kanchipuram",SPORTS MEDICINE,MNG,"₹ 25,00,000.00",1180,0,₹ 0.00,"₹ 48,000.00"
Tamil Nadu,"Saveetha, Kanchipuram",SPORTS MEDICINE,MNG,"₹ 25,00,000.00",1250,0,₹ 0.00,"₹ 35,000.00"
Tamil Nadu,"SRMC & RI, Chennai",SPORTS MEDICINE,MNG,"₹ 32,00,000.00",1800,0,₹ 0.00,"₹ 48,000.00"
Tamil Nadu,"SRMC & RI, Chennai",SPORTS MEDICINE,NRI,"₹ 62,63,000.00",1800,0,₹ 0.00,"₹ 48,000.00"
Delhi,"VMMC, Delhi",SPORTS MEDICINE,IP,"₹ 41,000.00",1550,0,₹ 0.00,"₹ 1,20,965.00"
West Bengal,"School of Tropical Med,Kolkata",TROPICAL MEDICINE,AIQ,"₹ 12,000.00",173,3,"₹ 30,00,000.00","₹ 49,884.00"
Rajasthan,"SMS, Jaipur",TROPICAL MEDICINE,AIQ,"₹ 11,647.00",5702,2,"₹ 25,00,000.00","₹ 82,800.00"
Andhra Pradesh,"Govt Med Coll, Ananthapuram",TBRD,AIQ,"₹ 48,600.00",500,0,₹ 0.00,"₹ 60,823.00"
Rajasthan,"Govt Med Coll, Kota",TBRD,AIQ,"₹ 12,812.00",2581,2,"₹ 25,00,000.00","₹ 82,800.00"
Kerala,"Govt Med Coll, Kottayam",TBRD,AIQ,"₹ 69,470.00",NA,1,"₹ 50,00,000.00","₹ 57,876.00"
Kerala,"Govt Med Coll, Kozhikode",TBRD,AIQ,"₹ 69,470.00",3025,1,"₹ 50,00,000.00","₹ 57,876.00"
Maharashtra,"Govt Med Coll, Nagpur",TBRD,AIQ,"₹ 1,43,300.00",1866,1,"₹ 50,00,000.00","₹ 92,522.00"
Telangana,"Govt Med Coll, Nizamabad",TBRD,AIQ,"₹ 25,000.00",500,1,"₹ 20,00,000.00","₹ 58,289.00"
Punjab,"Govt Med Coll, Patiala",TBRD,AIQ,"₹ 1,25,000.00",1130,1,"₹ 10,00,000.00","₹ 67,968.00"
Jammu and Kashmir,"Govt Med Coll, Srinagar",TBRD,AIQ,"₹ 35,750.00",2150,0,₹ 0.00,"₹ 59,500.00"
Kerala,"Govt Med Coll, Thrissur",TBRD,AIQ,"₹ 69,470.00",1400,1,"₹ 50,00,000.00","₹ 57,876.00"
Andhra Pradesh,"Govt Siddhartha, Vijaywada",TBRD,AIQ,"₹ 48,600.00",707,0,₹ 0.00,"₹ 60,823.00"
Maharashtra,"Grant Med Coll, Mumbai",TBRD,AIQ,"₹ 1,43,300.00",2844,1,"₹ 50,00,000.00","₹ 92,522.00"
Uttar Pradesh,"GSVM Med Coll, Kanpur",TBRD,AIQ,"₹ 40,000.00",2083,2,"₹ 40,00,000.00","₹ 1,00,980.00"
Andhra Pradesh,"Guntur Med Coll, Guntur",TBRD,AIQ,"₹ 48,600.00",1170,0,₹ 0.00,"₹ 60,823.00"
Bihar,"IGIMS, Patna",TBRD,AIQ,"₹ 1,60,000.00",1062,0,₹ 0.00,"₹ 1,05,000.00"
Maharashtra,"Indira Gandhi MedColl, Nagpur",TBRD,AIQ,"₹ 1,43,300.00",822,1,"₹ 50,00,000.00","₹ 92,522.00"
Himachal Pradesh,"IGMC, Shimla",TBRD,AIQ,"₹ 39,000.00",1031,3,"₹ 40,00,000.00","₹ 40,000.00"
Uttar Pradesh,"IMS(BHU), Varanasi",TBRD,AIQ,"₹ 48,226.00",1165,0,₹ 0.00,"₹ 1,00,706.00"
West Bengal,"IPGMER, Kolkata",TBRD,AIQ,"₹ 12,000.00",2300,3,"₹ 30,00,000.00","₹ 49,884.00"
Manipur,"JNIMS, Imphal",TBRD,AIQ,"₹ 1,00,000.00",643,1,"₹ 20,00,000.00","₹ 50,000.00"
Rajasthan,"JLNMC, Ajmer",TBRD,AIQ,"₹ 10,982.00",1428,2,"₹ 25,00,000.00","₹ 82,800.00"
Uttar Pradesh,"JNMC (AMU), Aligarh",TBRD,AIQ,"₹ 38,000.00",1269,0,₹ 0.00,"₹ 1,08,000.00"
Bihar,"Jawaharlal Nehru, Bhagalpur",TBRD,AIQ,"₹ 9,000.00",800,3,"₹ 25,00,000.00","₹ 82,000.00"
Karnataka,"KIMS, Hubli",TBRD,AIQ,"₹ 1,24,150.00",1200,3,"₹ 50,00,000.00","₹ 56,250.00"
Maharashtra,"Lokmanya Tilak, Sion, Mumbai",TBRD,AIQ,"₹ 1,43,300.00",1462,1,"₹ 50,00,000.00","₹ 92,522.00"
Madhya Pradesh,"MGM Med Coll, Indore",TBRD,AIQ,"₹ 1,01,500.00",1300,1,"₹ 10,00,000.00","₹ 75,444.00"
Tamil Nadu,"Madras Med Coll, Chennai",TBRD,AIQ,"₹ 50,000.00",7285,2,"₹ 40,00,000.00","₹ 52,451.00"
Uttar Pradesh,"MLB Med Coll, Jhansi",TBRD,AIQ,"₹ 40,000.00",700,2,"₹ 40,00,000.00","₹ 1,00,980.00"
West Bengal,"Govt. Med College, Kolkata",TBRD,AIQ,"₹ 12,000.00",2668,3,"₹ 30,00,000.00","₹ 49,884.00"
Kerala,"Medical College, Trivandrum",TBRD,AIQ,"₹ 69,470.00",2126,1,"₹ 50,00,000.00","₹ 57,876.00"
Odisha,"MKCG, Berhampur",TBRD,AIQ,"₹ 38,500.00",1140,2,"₹ 53,30,000.00","₹ 70,686.00"
Uttar Pradesh,"MLN Med Coll, Allahabad",TBRD,AIQ,"₹ 40,000.00",NA,2,"₹ 40,00,000.00","₹ 1,00,980.00"
Karnataka,"Mysore Med Coll, Mysore",TBRD,AIQ,"₹ 1,24,150.00",1050,3,"₹ 50,00,000.00","₹ 56,250.00"
Bihar,"Nalanda Med Coll, Patna",TBRD,AIQ,"₹ 9,000.00",750,3,"₹ 25,00,000.00","₹ 82,000.00"
Madhya Pradesh,"NSC Bose Med Coll, Jabalpur",TBRD,AIQ,"₹ 1,01,500.00",1150,1,"₹ 10,00,000.00","₹ 75,444.00"
West Bengal,"Nilratan Sircar, Kolkata",TBRD,AIQ,"₹ 12,000.00",1920,3,"₹ 30,00,000.00","₹ 49,884.00"
Telangana,"Osmania Med Coll, Hyderabad",TBRD,AIQ,"₹ 25,000.00",4800,1,"₹ 20,00,000.00","₹ 58,289.00"
Bihar,"Patna Med Coll, Patna",TBRD,AIQ,"₹ 9,000.00",1748,3,"₹ 25,00,000.00","₹ 82,000.00"
Maharashtra,"Pimpri Chinchwad, Pimpri",TBRD,AIQ,"₹ 1,43,300.00",750,1,"₹ 50,00,000.00","₹ 92,522.00"
Odisha,"PGIMER&CapitalHosp,Bhubaneswar",TBRD,AIQ,"₹ 38,500.00",760,2,"₹ 53,30,000.00","₹ 70,686.00"
Maharashtra,"SRTT, Ambajogai",TBRD,AIQ,"₹ 1,43,300.00",518,1,"₹ 50,00,000.00","₹ 92,522.00"
Haryana,"Pt BD Sharma, Rohtak",TBRD,AIQ,"₹ 1,25,000.00",2080,0,₹ 0.00,"₹ 1,00,980.00"
Chhattisgarh,"Pt JNM Med Coll, Raipur",TBRD,AIQ,"₹ 20,000.00",1246,2,"₹ 50,00,000.00","₹ 67,500.00"
Rajasthan,"RNT, Udaipur",TBRD,AIQ,"₹ 12,812.00",2206,2,"₹ 25,00,000.00","₹ 82,800.00"
Maharashtra,"Rajarshee CSM Govt MC,Kolhapur",TBRD,AIQ,"₹ 1,43,300.00",665,1,"₹ 50,00,000.00","₹ 92,522.00"
Telangana,"Rajiv Gandhi IMS, Adilabad",TBRD,AIQ,"₹ 25,000.00",NA,1,"₹ 20,00,000.00","₹ 58,289.00"
Andhra Pradesh,"Rajiv Gandhi IMS, Kadapa",TBRD,AIQ,"₹ 48,600.00",715,0,₹ 0.00,"₹ 60,823.00"
Andhra Pradesh,"Rajiv Gandhi IMS, Ongole",TBRD,AIQ,"₹ 48,600.00",500,0,₹ 0.00,"₹ 60,823.00"
Andhra Pradesh,"Rangaraya Med Coll, Kakinada",TBRD,AIQ,"₹ 48,600.00",1450,0,₹ 0.00,"₹ 60,823.00"
Manipur,"RIMS, Imphal",TBRD,AIQ,"₹ 5,000.00",1074,1,"₹ 20,00,000.00","₹ 1,06,380.00"
West Bengal,"RG Kar Med Coll, Kolkata",TBRD,AIQ,"₹ 12,000.00",1663,3,"₹ 30,00,000.00","₹ 49,884.00"
Uttar Pradesh,"SN Med Coll, Agra",TBRD,AIQ,"₹ 40,000.00",976,2,"₹ 40,00,000.00","₹ 1,00,980.00"
Andhra Pradesh,"SV Med Coll, Tirupati",TBRD,AIQ,"₹ 48,600.00",940,0,₹ 0.00,"₹ 60,823.00"
Rajasthan,"SP Med Coll, Bikaner",TBRD,AIQ,"₹ 12,812.00",NA,2,"₹ 25,00,000.00","₹ 82,800.00"
Odisha,"SCB, Cuttack",TBRD,AIQ,"₹ 38,500.00",2106,2,"₹ 53,30,000.00","₹ 70,686.00"
Karnataka,"SDS TB Research, Bangalore",TBRD,AIQ,"₹ 1,24,150.00",470,3,"₹ 50,00,000.00","₹ 56,250.00"
Maharashtra,"Seth GS, Mumbai",TBRD,AIQ,"₹ 1,43,300.00",2250,1,"₹ 50,00,000.00","₹ 92,522.00"
Maharashtra,"Shri VR Naik Govt, Yavatmal",TBRD,AIQ,"₹ 1,43,300.00",756,1,"₹ 50,00,000.00","₹ 92,522.00"
Rajasthan,"SMS, Jaipur",TBRD,AIQ,"₹ 11,647.00",5702,2,"₹ 25,00,000.00","₹ 82,800.00"
Tamil Nadu,"Stanley Med Coll, Chennai",TBRD,AIQ,"₹ 50,000.00",1661,2,"₹ 40,00,000.00","₹ 52,451.00"
Kerala,"TD Med Coll, Allepey",TBRD,AIQ,"₹ 69,470.00",1050,1,"₹ 50,00,000.00","₹ 57,876.00"
Tamil Nadu,Thanjavur Med Coll,TBRD,AIQ,"₹ 50,000.00",1466,2,"₹ 40,00,000.00","₹ 52,451.00"
Tamil Nadu,Tirunelveli Med Coll,TBRD,AIQ,"₹ 50,000.00",1737,2,"₹ 40,00,000.00","₹ 52,451.00"
Maharashtra,"Topiwala, Mumbai",TBRD,AIQ,"₹ 1,43,300.00",1300,1,"₹ 50,00,000.00","₹ 92,522.00"
Uttar Pradesh,"UP Univ of Med Sci, Etawah",TBRD,AIQ,"₹ 40,000.00",1268,2,"₹ 40,00,000.00","₹ 1,00,980.00"
Odisha,"VIMSAR, Burla",TBRD,AIQ,"₹ 38,500.00",1071,2,"₹ 53,30,000.00","₹ 70,686.00"
Delhi,"VP Chest Institute, Delhi",TBRD,AIQ,"₹ 57,600.00",128,0,₹ 0.00,"₹ 1,26,927.00"
Goa,"Goa Med Coll, Panaji",TBRD,AIQ,"₹ 1,22,522.00",1160,1,"₹ 50,00,000.00","₹ 60,000.00"
Maharashtra,"GovtMedColl,ChhatrapatiSambhajiNgr",TBRD,AIQ,"₹ 1,43,300.00",1177,1,"₹ 50,00,000.00","₹ 92,522.00"
Punjab,"Guru Govind Singh, Faridkot",TBRD,AIQ,"₹ 1,25,000.00",1000,0,₹ 0.00,"₹ 68,000.00"
Maharashtra,"JN Med College, Meghe, Wardha",TBRD,MNG,"₹ 37,00,000.00",2150,1,"₹ 5,00,000.00","₹ 66,829.00"
Telangana,"Malla Reddy(Women), Hyderabad",TBRD,MNG,"₹ 30,00,000.00",1050,1,"₹ 15,00,000.00","₹ 45,000.00"
Gujarat,"SBKS, Vadodara",TBRD,MNG,"₹ 27,00,000.00",1340,0,₹ 0.00,"₹ 1,00,800.00"
Pondicherry,"Aarupadai Veedu, Pondicherry",TBRD,MNG,"₹ 40,00,000.00",584,0,₹ 0.00,"₹ 40,000.00"
Tamil Nadu,"ACS Med Coll, Chennai",TBRD,MNG,"₹ 35,00,000.00",1050,0,₹ 0.00,"₹ 20,000.00"
Kerala,"Amrita School of Med, Kochi",TBRD,MNG,"₹ 21,00,000.00",1110,0,₹ 0.00,"₹ 43,000.00"
Maharashtra,"BVDU, Pune",TBRD,MNG,"₹ 29,21,625.00",856,1,"₹ 12,00,000.00","₹ 76,000.00"
Tamil Nadu,"Chettinad Hosp&RI,Kanchipuram",TBRD,MNG,"₹ 38,00,000.00",1180,0,₹ 0.00,"₹ 48,000.00"
Andhra Pradesh,"GITAM IMS, Vizag",TBRD,MNG,"₹ 33,00,000.00",780,0,₹ 0.00,"₹ 44,075.00"
Odisha,"IMS & SUM, Bhubaneswar",TBRD,MNG,"₹ 19,80,000.00",1410,0,₹ 0.00,"₹ 60,000.00"
Karnataka,"JN Medical College, Belgaum",TBRD,MNG,"₹ 27,90,000.00",2400,1,"₹ 10,00,000.00","₹ 45,000.00"
Karnataka,"JSS Med Coll, Mysore",TBRD,MNG,"₹ 27,00,000.00",2060,0,₹ 0.00,"₹ 45,000.00"
Karnataka,"KS Hegde, Mangalore",TBRD,MNG,"₹ 27,30,000.00",1000,0,₹ 0.00,"₹ 45,000.00"
Odisha,"Kalinga IMS, Bhubaneswar",TBRD,MNG,"₹ 21,00,000.00",1750,0,₹ 0.00,"₹ 70,000.00"
Karnataka,"Kasturba Med Coll, Mangalore",TBRD,MNG,"₹ 19,90,000.00",1290,0,₹ 0.00,"₹ 45,000.00"
Karnataka,"Kasturba Med Coll, Manipal",TBRD,MNG,"₹ 19,90,000.00",2032,0,₹ 0.00,"₹ 45,000.00"
Haryana,"MMIMS, Mullana, Ambala",TBRD,MNG,"₹ 27,95,000.00",940,1,"₹ 10,00,000.00","₹ 56,100.00"
Pondicherry,"MGMC & RI, Pondicherry",TBRD,MNG,"₹ 40,00,000.00",1380,0,₹ 0.00,"₹ 40,000.00"
Maharashtra,"MGM Med Coll, Aurangabad",TBRD,MNG,"₹ 30,00,000.00",700,1,"₹ 25,00,000.00","₹ 88,000.00"
Maharashtra,"MGM Med Coll, Navi Mumbai",TBRD,MNG,"₹ 30,00,000.00",1740,1,"₹ 25,00,000.00","₹ 88,000.00"
Tamil Nadu,"Meenakshi Med Coll, Enathur",TBRD,MNG,"₹ 40,00,000.00",1110,0,₹ 0.00,"₹ 25,000.00"
Maharashtra,"DY Patil, Navi Mumbai",TBRD,MNG,"₹ 47,50,000.00",1662,1,"₹ 10,00,000.00","₹ 76,629.00"
Karnataka,"Rajeshwari, Bangalore",TBRD,MNG,"₹ 42,00,000.00",1460,0,₹ 0.00,"₹ 25,000.00"
Uttar Pradesh,"Santosh Med Coll, Ghaziabad",TBRD,MNG,"₹ 42,00,000.00",800,0,₹ 0.00,"₹ 56,010.00"
Tamil Nadu,"Saveetha, Kanchipuram",TBRD,MNG,"₹ 36,00,000.00",1250,0,₹ 0.00,"₹ 35,000.00"
Karnataka,"Shri BM Patil, Vijayapura",TBRD,MNG,"₹ 22,00,000.00",1130,0,₹ 0.00,"₹ 45,000.00"
Tamil Nadu,"Shri Satya Sai, Kancheepuram",TBRD,MNG,"₹ 40,00,000.00",1120,0,₹ 0.00,"₹ 35,000.00"
Tamil Nadu,"Sree Balaji Med Coll, Chennai",TBRD,MNG,"₹ 55,00,000.00",1250,0,₹ 0.00,"₹ 25,000.00"
Tamil Nadu,"SRMC & RI, Chennai",TBRD,MNG,"₹ 32,00,000.00",1800,0,₹ 0.00,"₹ 48,000.00"
Karnataka,"Siddhartha Med Coll, Tumkur",TBRD,MNG,"₹ 31,50,000.00",960,0,₹ 0.00,"₹ 30,000.00"
Tamil Nadu,"SRM Med Coll, Kancheepuram",TBRD,MNG,"₹ 30,00,000.00",1590,0,₹ 0.00,"₹ 50,923.00"
Karnataka,"Yenepoya Med Coll, Mangalore",TBRD,MNG,"₹ 40,00,000.00",910,0,₹ 0.00,"₹ 45,000.00"
Telangana,"Malla Reddy IMS, Hyderabad",TBRD,MNG,"₹ 30,00,000.00",940,1,"₹ 15,00,000.00","₹ 45,000.00"
Gujarat,"SBKS, Vadodara",TBRD,JM,"₹ 24,30,000.00",1340,1,"₹ 15,00,000.00","₹ 1,00,800.00"
Telangana,"Malla Reddy IMS, Hyderabad",TBRD,NRI,"₹ 70,98,000.00",940,1,"₹ 15,00,000.00","₹ 45,000.00"
Gujarat,"SBKS, Vadodara",TBRD,NRI,"₹ 54,28,000.00",1340,0,₹ 0.00,"₹ 1,00,800.00"
Maharashtra,"BVDU, Pune",TBRD,NRI,"₹ 71,02,000.00",856,1,"₹ 12,00,000.00","₹ 76,000.00"
Tamil Nadu,"Chettinad Hosp&RI,Kanchipuram",TBRD,NRI,"₹ 75,15,000.00",1180,0,₹ 0.00,"₹ 48,000.00"
Odisha,"IMS & SUM, Bhubaneswar",TBRD,NRI,"₹ 59,29,000.00",1410,0,₹ 0.00,"₹ 60,000.00"
Karnataka,"JN Medical College, Belgaum",TBRD,NRI,"₹ 82,08,000.00",2400,1,"₹ 10,00,000.00","₹ 45,000.00"
Odisha,"Kalinga IMS, Bhubaneswar",TBRD,NRI,"₹ 41,75,000.00",1750,0,₹ 0.00,"₹ 70,000.00"
Karnataka,"Kasturba Med Coll, Mangalore",TBRD,NRI,"₹ 45,26,000.00",1290,0,₹ 0.00,"₹ 45,000.00"
Karnataka,"Kasturba Med Coll, Manipal",TBRD,NRI,"₹ 45,26,000.00",2032,0,₹ 0.00,"₹ 45,000.00"
Haryana,"MMIMS, Mullana, Ambala",TBRD,NRI,"₹ 41,75,000.00",940,1,"₹ 10,00,000.00","₹ 56,100.00"
Maharashtra,"MGM Med Coll, Aurangabad",TBRD,NRI,"₹ 65,00,000.00",700,1,"₹ 25,00,000.00","₹ 88,000.00"
Uttar Pradesh,"Santosh Med Coll, Ghaziabad",TBRD,NRI,"₹ 91,85,000.00",800,0,₹ 0.00,"₹ 56,010.00"
Tamil Nadu,"Saveetha, Kanchipuram",TBRD,NRI,"₹ 50,10,000.00",1250,0,₹ 0.00,"₹ 35,000.00"
Tamil Nadu,"Shri Satya Sai, Kancheepuram",TBRD,NRI,"₹ 58,45,000.00",1120,0,₹ 0.00,"₹ 35,000.00"
Tamil Nadu,"SRMC & RI, Chennai",TBRD,NRI,"₹ 62,63,000.00",1800,0,₹ 0.00,"₹ 48,000.00"
Karnataka,"Yenepoya Med Coll, Mangalore",TBRD,NRI,"₹ 70,00,000.00",910,0,₹ 0.00,"₹ 45,000.00"
Pondicherry,"MGMC & RI, Pondicherry",TBRD,NRI,"₹ 58,45,000.00",1380,0,₹ 0.00,"₹ 40,000.00"
Maharashtra,"JN Med College, Meghe, Wardha",TBRD,NRI,"₹ 60,06,000.00",2150,1,"₹ 5,00,000.00","₹ 66,829.00"
Delhi,"VP Chest Institute, Delhi",TBRD,DU,"₹ 57,600.00",128,0,₹ 0.00,"₹ 1,26,927.00"
Uttar Pradesh,"IMS(BHU), Varanasi",TBRD,BHU,"₹ 48,226.00",1165,0,₹ 0.00,"₹ 1,00,706.00"
Uttar Pradesh,"JNMC (AMU), Aligarh",TBRD,AMU,"₹ 38,000.00",1269,0,₹ 0.00,"₹ 1,08,000.00"
Andhra Pradesh,"Govt Med Coll, Ananthapuram",ENT,AIQ,"₹ 48,600.00",500,0,₹ 0.00,"₹ 60,823.00"
Maharashtra,"GovtMedColl,ChhatrapatiSambhajiNgr",ENT,AIQ,"₹ 1,43,300.00",1177,1,"₹ 50,00,000.00","₹ 92,522.00"
Maharashtra,"Govt Med Coll, Gondia",ENT,AIQ,"₹ 1,43,300.00",500,1,"₹ 50,00,000.00","₹ 92,522.00"
Maharashtra,"Govt Med Coll, Jalgaon",ENT,AIQ,"₹ 1,43,300.00",441,1,"₹ 50,00,000.00","₹ 92,522.00"
Jammu and Kashmir,"Govt Med Coll, Jammu",ENT,AIQ,"₹ 25,000.00",1700,0,₹ 0.00,"₹ 59,500.00"
Madhya Pradesh,"Govt Med Coll, Khandwa",ENT,AIQ,"₹ 1,01,500.00",NA,1,"₹ 10,00,000.00","₹ 75,444.00"
Rajasthan,"Govt Med Coll, Kota",ENT,AIQ,"₹ 12,812.00",2581,2,"₹ 25,00,000.00","₹ 82,800.00"
Kerala,"Govt Med Coll, Kottayam",ENT,AIQ,"₹ 69,470.00",NA,1,"₹ 50,00,000.00","₹ 57,876.00"
Kerala,"Govt Med Coll, Kozhikode",ENT,AIQ,"₹ 69,470.00",3025,1,"₹ 50,00,000.00","₹ 57,876.00"
Maharashtra,"Govt Med Coll, Latur",ENT,AIQ,"₹ 1,43,300.00",750,1,"₹ 50,00,000.00","₹ 92,522.00"
Kerala,"Govt Med Coll, Manjeri",ENT,AIQ,"₹ 69,470.00",500,1,"₹ 50,00,000.00","₹ 57,876.00"
Maharashtra,"Govt Med Coll, Miraj",ENT,AIQ,"₹ 1,43,300.00",725,1,"₹ 50,00,000.00","₹ 92,522.00"
Maharashtra,"Govt Med Coll, Nagpur",ENT,AIQ,"₹ 1,43,300.00",1866,1,"₹ 50,00,000.00","₹ 92,522.00"
Telangana,"Govt Med Coll, Nizamabad",ENT,AIQ,"₹ 25,000.00",500,1,"₹ 20,00,000.00","₹ 58,289.00"
Punjab,"Govt Med Coll, Patiala",ENT,AIQ,"₹ 1,25,000.00",1130,1,"₹ 10,00,000.00","₹ 67,968.00"
Telangana,"Govt Med Coll, Siddipet",ENT,AIQ,"₹ 25,000.00",780,1,"₹ 20,00,000.00","₹ 58,289.00"
Jammu and Kashmir,"Govt Med Coll, Srinagar",ENT,AIQ,"₹ 35,750.00",2150,0,₹ 0.00,"₹ 59,500.00"
Telangana,"Govt Med Coll, Suryapet",ENT,AIQ,"₹ 25,000.00",580,1,"₹ 20,00,000.00","₹ 58,289.00"
Kerala,"Govt Med Coll, Thrissur",ENT,AIQ,"₹ 69,470.00",1400,1,"₹ 50,00,000.00","₹ 57,876.00"
Andhra Pradesh,"Govt Siddhartha, Vijaywada",ENT,AIQ,"₹ 48,600.00",707,0,₹ 0.00,"₹ 60,823.00"
Tamil Nadu,Govt Vellore Med Coll,ENT,AIQ,"₹ 50,000.00",2858,2,"₹ 40,00,000.00","₹ 52,451.00"
Maharashtra,"Grant Med Coll, Mumbai",ENT,AIQ,"₹ 1,43,300.00",2844,1,"₹ 50,00,000.00","₹ 92,522.00"
Uttar Pradesh,"GSVM Med Coll, Kanpur",ENT,AIQ,"₹ 40,000.00",2083,2,"₹ 40,00,000.00","₹ 1,00,980.00"
Karnataka,"Gulbarga IMS, Gulbarga",ENT,AIQ,"₹ 1,24,150.00",873,3,"₹ 50,00,000.00","₹ 56,250.00"
Andhra Pradesh,"Guntur Med Coll, Guntur",ENT,AIQ,"₹ 48,600.00",1170,0,₹ 0.00,"₹ 60,823.00"
Punjab,"Guru Govind Singh, Faridkot",ENT,AIQ,"₹ 1,25,000.00",1000,1,"₹ 10,00,000.00","₹ 67,968.00"
Maharashtra,"HBT & RN Cooper, Mumbai",ENT,AIQ,"₹ 1,43,300.00",940,1,"₹ 50,00,000.00","₹ 92,522.00"
Karnataka,"Hassan IMS, Hassan",ENT,AIQ,"₹ 1,24,150.00",NA,3,"₹ 50,00,000.00","₹ 56,250.00"
Bihar,"IGIMS, Patna",ENT,AIQ,"₹ 1,60,000.00",1062,0,₹ 0.00,"₹ 1,05,000.00"
Maharashtra,"Indira Gandhi MedColl, Nagpur",ENT,AIQ,"₹ 1,43,300.00",822,1,"₹ 50,00,000.00","₹ 92,522.00"
Pondicherry,"IGMC & RI, Pondicherry",ENT,AIQ,"₹ 1,10,000.00",750,0,₹ 0.00,"₹ 43,000.00"
Himachal Pradesh,"IGMC, Shimla",ENT,AIQ,"₹ 39,000.00",1031,3,"₹ 40,00,000.00","₹ 40,000.00"
Uttar Pradesh,"IMS(BHU), Varanasi",ENT,AIQ,"₹ 48,226.00",1165,0,₹ 0.00,"₹ 1,00,706.00"
West Bengal,"IPGMER, Kolkata",ENT,AIQ,"₹ 12,000.00",2300,3,"₹ 30,00,000.00","₹ 49,884.00"
Manipur,"JNIMS, Imphal",ENT,AIQ,"₹ 1,00,000.00",643,1,"₹ 20,00,000.00","₹ 50,000.00"
Rajasthan,"JLNMC, Ajmer",ENT,AIQ,"₹ 10,982.00",1428,2,"₹ 25,00,000.00","₹ 82,800.00"
Uttar Pradesh,"JNMC (AMU), Aligarh",ENT,AIQ,"₹ 38,000.00",1269,0,₹ 0.00,"₹ 1,08,000.00"
Rajasthan,"Jhalawar Med Coll, Jhalawar",ENT,AIQ,"₹ 88,265.00",NA,2,"₹ 25,00,000.00","₹ 82,800.00"
Telangana,"Kakatiya Med Coll, Warangal",ENT,AIQ,"₹ 25,000.00",1150,1,"₹ 20,00,000.00","₹ 58,289.00"
Tamil Nadu,"Kanyakumari Med Coll, Asaripallam",ENT,AIQ,"₹ 50,000.00",840,2,"₹ 40,00,000.00","₹ 52,451.00"
Karnataka,"KIMS, Hubli",ENT,AIQ,"₹ 1,24,150.00",1200,3,"₹ 50,00,000.00","₹ 56,250.00"
Karnataka,Karwar Inst of Med Sciences,ENT,AIQ,"₹ 1,24,150.00",650,3,"₹ 50,00,000.00","₹ 56,250.00"
Karnataka,Kodagu Inst of Med Sciences,ENT,AIQ,"₹ 1,24,150.00",600,3,"₹ 50,00,000.00","₹ 56,250.00"
Uttar Pradesh,"LLRM Med Coll, Meerut",ENT,AIQ,"₹ 40,000.00",1090,2,"₹ 40,00,000.00","₹ 1,00,980.00"
Maharashtra,"Lokmanya Tilak, Sion, Mumbai",ENT,AIQ,"₹ 1,43,300.00",1462,1,"₹ 50,00,000.00","₹ 92,522.00"
Madhya Pradesh,"MGM Med Coll, Indore",ENT,AIQ,"₹ 1,01,500.00",1300,1,"₹ 10,00,000.00","₹ 75,444.00"
Jharkhand,"MGM Med Coll, Jamshedpur",ENT,AIQ,"₹ 1,500.00",540,3,"₹ 30,00,000.00","₹ 54,500.00"
Uttar Pradesh,"MLB Med Coll, Jhansi",ENT,AIQ,"₹ 40,000.00",700,2,"₹ 40,00,000.00","₹ 1,00,980.00"
Maharashtra,"MGIMS, Wardha",ENT,AIQ,"₹ 1,43,300.00",1000,1,"₹ 50,00,000.00","₹ 89,698.00"
Kerala,"Medical College, Trivandrum",ENT,AIQ,"₹ 69,470.00",2126,1,"₹ 50,00,000.00","₹ 57,876.00"
West Bengal,Midnapore Medical College,ENT,AIQ,"₹ 12,000.00",1051,3,"₹ 30,00,000.00","₹ 49,884.00"
Odisha,"MKCG, Berhampur",ENT,AIQ,"₹ 38,500.00",1140,2,"₹ 53,30,000.00","₹ 70,686.00"
Tamil Nadu,"Govt. Mohan Kumaramangalam, Salem",ENT,AIQ,"₹ 50,000.00",1642,2,"₹ 40,00,000.00","₹ 52,451.00"
Uttar Pradesh,"MLN Med Coll, Allahabad",ENT,AIQ,"₹ 40,000.00",NA,2,"₹ 40,00,000.00","₹ 1,00,980.00"
Karnataka,"Mysore Med Coll, Mysore",ENT,AIQ,"₹ 1,24,150.00",1050,3,"₹ 50,00,000.00","₹ 56,250.00"
Bihar,"Nalanda Med Coll, Patna",ENT,AIQ,"₹ 9,000.00",750,3,"₹ 25,00,000.00","₹ 82,000.00"
Maharashtra,"SRTT, Ambajogai",ENT,AIQ,"₹ 1,43,300.00",518,1,"₹ 50,00,000.00","₹ 92,522.00"
Madhya Pradesh,"NSC Bose Med Coll, Jabalpur",ENT,AIQ,"₹ 1,01,500.00",1150,1,"₹ 10,00,000.00","₹ 75,444.00"
West Bengal,"Nilratan Sircar, Kolkata",ENT,AIQ,"₹ 12,000.00",1920,3,"₹ 30,00,000.00","₹ 49,884.00"
West Bengal,"NBMC, Darjeeling",ENT,AIQ,"₹ 12,000.00",843,3,"₹ 30,00,000.00","₹ 49,884.00"
Meghalaya,"NEIGRIHMS, Shillong",ENT,AIQ,"₹ 16,300.00",594,0,₹ 0.00,"₹ 96,000.00"
Telangana,"Osmania Med Coll, Hyderabad",ENT,AIQ,"₹ 25,000.00",4800,1,"₹ 20,00,000.00","₹ 58,289.00"
Bihar,"Patna Med Coll, Patna",ENT,AIQ,"₹ 9,000.00",1748,3,"₹ 25,00,000.00","₹ 82,000.00"
Delhi,"ABVIMS (Dr RML Hosp), Delhi",ENT,AIQ,"₹ 41,000.00",1626,0,₹ 0.00,"₹ 1,20,965.00"
Maharashtra,"Pimpri Chinchwad, Pimpri",ENT,AIQ,"₹ 1,43,300.00",750,1,"₹ 50,00,000.00","₹ 92,522.00"
Haryana,"Pt BD Sharma, Rohtak",ENT,AIQ,"₹ 1,25,000.00",2080,0,₹ 0.00,"₹ 1,00,980.00"
Chhattisgarh,"Pt JNM Med Coll, Raipur",ENT,AIQ,"₹ 20,000.00",1246,2,"₹ 50,00,000.00","₹ 67,500.00"
Rajasthan,"RNT, Udaipur",ENT,AIQ,"₹ 12,812.00",2206,2,"₹ 25,00,000.00","₹ 82,800.00"
Karnataka,"Raichur IMS, Raichur",ENT,AIQ,"₹ 1,24,150.00",500,3,"₹ 50,00,000.00","₹ 56,250.00"
Tamil Nadu,"Rajah Muthiah, Annamalainagar",ENT,AIQ,"₹ 50,000.00",1400,2,"₹ 40,00,000.00","₹ 52,451.00"
Maharashtra,"Rajarshee CSM Govt MC,Kolhapur",ENT,AIQ,"₹ 1,43,300.00",665,1,"₹ 50,00,000.00","₹ 92,522.00"
Jharkhand,"Rajendra IMS, Ranchi",ENT,AIQ,"₹ 1,500.00",1754,3,"₹ 30,00,000.00","₹ 1,00,770.00"
Telangana,"Rajiv Gandhi IMS, Adilabad",ENT,AIQ,"₹ 25,000.00",NA,1,"₹ 20,00,000.00","₹ 58,289.00"
Andhra Pradesh,"Rajiv Gandhi IMS, Kadapa",ENT,AIQ,"₹ 48,600.00",715,0,₹ 0.00,"₹ 60,823.00"
Andhra Pradesh,"Rajiv Gandhi IMS, Srikakulam",ENT,AIQ,"₹ 48,600.00",532,0,₹ 0.00,"₹ 60,823.00"
Andhra Pradesh,"Rajiv Gandhi IMS, Ongole",ENT,AIQ,"₹ 48,600.00",500,0,₹ 0.00,"₹ 60,823.00"
Andhra Pradesh,"Rangaraya Med Coll, Kakinada",ENT,AIQ,"₹ 48,600.00",1450,0,₹ 0.00,"₹ 60,823.00"
Manipur,"RIMS, Imphal",ENT,AIQ,"₹ 5,000.00",1074,1,"₹ 20,00,000.00","₹ 1,06,380.00"
West Bengal,"RG Kar Med Coll, Kolkata",ENT,AIQ,"₹ 12,000.00",1663,3,"₹ 30,00,000.00","₹ 49,884.00"
Uttar Pradesh,"SN Med Coll, Agra",ENT,AIQ,"₹ 40,000.00",976,2,"₹ 40,00,000.00","₹ 1,00,980.00"
Andhra Pradesh,"SV Med Coll, Tirupati",ENT,AIQ,"₹ 48,600.00",940,0,₹ 0.00,"₹ 60,823.00"
Rajasthan,"SP Med Coll, Bikaner",ENT,AIQ,"₹ 12,812.00",NA,2,"₹ 25,00,000.00","₹ 82,800.00"
Odisha,"SCB, Cuttack",ENT,AIQ,"₹ 38,500.00",2106,2,"₹ 53,30,000.00","₹ 70,686.00"
Maharashtra,"Seth GS, Mumbai",ENT,AIQ,"₹ 1,43,300.00",2250,1,"₹ 50,00,000.00","₹ 92,522.00"
Karnataka,"Shimoga IMS, Shimoga",ENT,AIQ,"₹ 1,24,150.00",950,3,"₹ 50,00,000.00","₹ 56,250.00"
Maharashtra,"Shri VR Naik Govt, Yavatmal",ENT,AIQ,"₹ 1,43,300.00",756,1,"₹ 50,00,000.00","₹ 92,522.00"
Madhya Pradesh,"SSMC, Rewa",ENT,AIQ,"₹ 1,01,500.00",1140,1,"₹ 10,00,000.00","₹ 75,444.00"
Assam,"Silchar Med Coll, Silchar",ENT,AIQ,"₹ 17,900.00",1256,2,"₹ 20,00,000.00","₹ 55,200.00"
Rajasthan,"SMS, Jaipur",ENT,AIQ,"₹ 11,647.00",5702,2,"₹ 25,00,000.00","₹ 82,800.00"
Maharashtra,"Sri Bhausaheb, Dhule",ENT,AIQ,"₹ 1,43,300.00",545,1,"₹ 50,00,000.00","₹ 92,522.00"
Tamil Nadu,"Stanley Med Coll, Chennai",ENT,AIQ,"₹ 50,000.00",1661,2,"₹ 40,00,000.00","₹ 52,451.00"
Kerala,"TD Med Coll, Allepey",ENT,AIQ,"₹ 69,470.00",1050,1,"₹ 50,00,000.00","₹ 57,876.00"
Assam,"Tezpur Med Coll, Tezpur",ENT,AIQ,"₹ 17,900.00",500,2,"₹ 20,00,000.00","₹ 55,200.00"
Tamil Nadu,Thanjavur Med Coll,ENT,AIQ,"₹ 50,000.00",1466,2,"₹ 40,00,000.00","₹ 52,451.00"
Tamil Nadu,Govt Thoothukudi Med Coll,ENT,AIQ,"₹ 50,000.00",1212,2,"₹ 40,00,000.00","₹ 52,451.00"
Tamil Nadu,Tirunelveli Med Coll,ENT,AIQ,"₹ 50,000.00",1737,2,"₹ 40,00,000.00","₹ 52,451.00"
Maharashtra,"Topiwala, Mumbai",ENT,AIQ,"₹ 1,43,300.00",1300,1,"₹ 50,00,000.00","₹ 92,522.00"
Delhi,"UCMS, Delhi",ENT,AIQ,"₹ 57,600.00",1000,0,₹ 0.00,"₹ 1,26,927.00"
Uttar Pradesh,"UP Univ of Med Sci, Etawah",ENT,AIQ,"₹ 40,000.00",1268,2,"₹ 40,00,000.00","₹ 1,00,980.00"
Delhi,"VMMC, Delhi",ENT,AIQ,"₹ 41,000.00",1550,0,₹ 0.00,"₹ 1,20,965.00"
Odisha,"VIMSAR, Burla",ENT,AIQ,"₹ 38,500.00",1071,2,"₹ 53,30,000.00","₹ 70,686.00"
Karnataka,"VIMS, Bellary",ENT,AIQ,"₹ 1,24,150.00",1295,3,"₹ 50,00,000.00","₹ 56,250.00"
Goa,"Goa Med Coll, Panaji",ENT,AIQ,"₹ 1,22,522.00",1160,1,"₹ 50,00,000.00","₹ 60,000.00"
Uttar Pradesh,"Govt Med Coll, Kannauj",ENT,AIQ,"₹ 40,000.00",470,2,"₹ 40,00,000.00","₹ 1,00,980.00"
Maharashtra,"Govt&MPGIMER, Nashik",ENT,AIQ,"₹ 1,25,000.00",NA,1,"₹ 50,00,000.00","₹ 80,000.00"
Madhya Pradesh,"Govt Med Coll, Ratlam",ENT,AIQ,"₹ 1,01,500.00",300,1,"₹ 10,00,000.00","₹ 75,444.00"
Telangana,"Malla Reddy IMS, Hyderabad",ENT,MNG,"₹ 26,00,000.00",940,1,"₹ 15,00,000.00","₹ 45,000.00"
Telangana,"Malla Reddy(Women), Hyderabad",ENT,MNG,"₹ 25,00,000.00",1050,1,"₹ 15,00,000.00","₹ 45,000.00"
Gujarat,"SBKS, Vadodara",ENT,MNG,"₹ 22,00,000.00",1340,0,₹ 0.00,"₹ 1,00,800.00"
Pondicherry,"Aarupadai Veedu, Pondicherry",ENT,MNG,"₹ 30,00,000.00",584,0,₹ 0.00,"₹ 40,000.00"
Tamil Nadu,"ACS Med Coll, Chennai",ENT,MNG,"₹ 30,00,000.00",1050,0,₹ 0.00,"₹ 20,000.00"
Kerala,"Amrita School of Med, Kochi",ENT,MNG,"₹ 25,00,000.00",1110,0,₹ 0.00,"₹ 43,000.00"
Maharashtra,"BVDU, Sangli",ENT,MNG,"₹ 23,15,250.00",853,1,"₹ 12,00,000.00","₹ 76,000.00"
Maharashtra,"BVDU, Pune",ENT,MNG,"₹ 29,21,625.00",856,1,"₹ 12,00,000.00","₹ 76,000.00"
Tamil Nadu,"Chettinad Hosp&RI,Kanchipuram",ENT,MNG,"₹ 33,00,000.00",1180,0,₹ 0.00,"₹ 48,000.00"
Maharashtra,"DY Patil, Kolhapur",ENT,MNG,"₹ 20,65,000.00",800,1,"₹ 20,00,000.00","₹ 76,629.00"
Andhra Pradesh,"GITAM IMS, Vizag",ENT,MNG,"₹ 27,50,000.00",780,0,₹ 0.00,"₹ 44,075.00"
Delhi,"Hamdard Institute, Delhi",ENT,MNG,"₹ 25,00,000.00",710,0,₹ 0.00,"₹ 80,000.00"
Odisha,"IMS & SUM, Bhubaneswar",ENT,MNG,"₹ 19,80,000.00",1410,0,₹ 0.00,"₹ 60,000.00"
Karnataka,"JN Medical College, Belgaum",ENT,MNG,"₹ 27,90,000.00",2400,1,"₹ 10,00,000.00","₹ 45,000.00"
Karnataka,"JSS Med Coll, Mysore",ENT,MNG,"₹ 22,00,000.00",2060,0,₹ 0.00,"₹ 45,000.00"
Karnataka,"KS Hegde, Mangalore",ENT,MNG,"₹ 27,30,000.00",1000,0,₹ 0.00,"₹ 45,000.00"
Odisha,"Kalinga IMS, Bhubaneswar",ENT,MNG,"₹ 21,00,000.00",1750,0,₹ 0.00,"₹ 70,000.00"
Karnataka,"Kasturba Med Coll, Mangalore",ENT,MNG,"₹ 26,50,000.00",1290,0,₹ 0.00,"₹ 45,000.00"
Karnataka,"Kasturba Med Coll, Manipal",ENT,MNG,"₹ 26,50,000.00",2032,0,₹ 0.00,"₹ 45,000.00"
Maharashtra,"Krishna IMS, Karad",ENT,MNG,"₹ 25,00,000.00",1125,0,₹ 0.00,"₹ 88,213.00"
Haryana,"MMIMS, Mullana, Ambala",ENT,MNG,"₹ 20,95,000.00",940,1,"₹ 10,00,000.00","₹ 56,100.00"
Pondicherry,"MGMC & RI, Pondicherry",ENT,MNG,"₹ 35,00,000.00",1380,0,₹ 0.00,"₹ 40,000.00"
Maharashtra,"MGM Med Coll, Aurangabad",ENT,MNG,"₹ 30,00,000.00",700,1,"₹ 25,00,000.00","₹ 88,000.00"
Maharashtra,"MGM Med Coll, Navi Mumbai",ENT,MNG,"₹ 30,00,000.00",1740,1,"₹ 25,00,000.00","₹ 88,000.00"
Tamil Nadu,"Meenakshi Med Coll, Enathur",ENT,MNG,"₹ 35,00,000.00",1110,0,₹ 0.00,"₹ 25,000.00"
Maharashtra,"DY Patil, Navi Mumbai",ENT,MNG,"₹ 30,00,000.00",1662,1,"₹ 10,00,000.00","₹ 76,629.00"
Karnataka,"Rajeshwari, Bangalore",ENT,MNG,"₹ 32,00,000.00",1460,0,₹ 0.00,"₹ 25,000.00"
Maharashtra,"Rural Med Coll, LONI",ENT,MNG,"₹ 30,00,000.00",1275,1,"₹ 5,00,000.00","₹ 64,559.00"
Uttar Pradesh,"Santosh Med Coll, Ghaziabad",ENT,MNG,"₹ 30,00,000.00",800,0,₹ 0.00,"₹ 56,010.00"
Tamil Nadu,"Saveetha, Kanchipuram",ENT,MNG,"₹ 22,00,000.00",1250,0,₹ 0.00,"₹ 35,000.00"
Karnataka,"Shri BM Patil, Vijayapura",ENT,MNG,"₹ 22,00,000.00",1130,0,₹ 0.00,"₹ 45,000.00"
Tamil Nadu,"Shri Satya Sai, Kancheepuram",ENT,MNG,"₹ 35,00,000.00",1120,0,₹ 0.00,"₹ 35,000.00"
Tamil Nadu,"Sree Balaji Med Coll, Chennai",ENT,MNG,"₹ 45,00,000.00",1250,0,₹ 0.00,"₹ 25,000.00"
Karnataka,"SDU Med Coll, Kolar",ENT,MNG,"₹ 30,00,000.00",1100,1,"₹ 22,00,000.00","₹ 45,000.00"
Pondicherry,"SLIMS, Pondicherry",ENT,MNG,"₹ 40,00,000.00",1230,0,₹ 0.00,"₹ 43,000.00"
Tamil Nadu,"SRMC & RI, Chennai",ENT,MNG,"₹ 32,00,000.00",1800,0,₹ 0.00,"₹ 48,000.00"
Karnataka,"Siddhartha Med Coll, Tumkur",ENT,MNG,"₹ 31,50,000.00",960,0,₹ 0.00,"₹ 30,000.00"
Tamil Nadu,"SRM Med Coll, Kancheepuram",ENT,MNG,"₹ 30,00,000.00",1590,0,₹ 0.00,"₹ 50,923.00"
Tamil Nadu,"Vinayaka Missions, Salem",ENT,MNG,"₹ 28,12,000.00",560,0,₹ 0.00,"₹ 35,000.00"
Pondicherry,"Vinayaka Missions, Karaikal",ENT,MNG,"₹ 27,00,000.00",590,0,₹ 0.00,"₹ 40,000.00"
Karnataka,"Yenepoya Med Coll, Mangalore",ENT,MNG,"₹ 35,00,000.00",910,0,₹ 0.00,"₹ 45,000.00"
Maharashtra,"DY Patil, Pimpri, Pune",ENT,MNG,"₹ 35,00,000.00",2011,1,₹ 0.00,"₹ 76,629.00"
Delhi,"Hamdard Institute, Delhi",ENT,MM,"₹ 25,00,000.00",710,0,₹ 0.00,"₹ 80,000.00"
Karnataka,"Yenepoya Med Coll, Mangalore",ENT,MM,"₹ 35,00,000.00",910,0,₹ 0.00,"₹ 45,000.00"
Gujarat,"SBKS, Vadodara",ENT,JM,"₹ 19,80,000.00",1340,1,"₹ 15,00,000.00","₹ 1,00,800.00"
Gujarat,"SBKS, Vadodara",ENT,NRI,"₹ 44,26,000.00",1340,1,"₹ 5,00,000.00","₹ 1,00,800.00"
Maharashtra,"BVDU, Sangli",ENT,NRI,"₹ 71,89,000.00",853,1,"₹ 12,00,000.00","₹ 76,000.00"
Maharashtra,"BVDU, Pune",ENT,NRI,"₹ 71,89,000.00",856,1,"₹ 12,00,000.00","₹ 76,000.00"
Karnataka,"JN Medical College, Belgaum",ENT,NRI,"₹ 82,08,000.00",2400,1,"₹ 10,00,000.00","₹ 45,000.00"
Odisha,"Kalinga IMS, Bhubaneswar",ENT,NRI,"₹ 41,75,000.00",1750,0,₹ 0.00,"₹ 70,000.00"
Karnataka,"Kasturba Med Coll, Mangalore",ENT,NRI,"₹ 49,43,000.00",1290,0,₹ 0.00,"₹ 45,000.00"
Karnataka,"Kasturba Med Coll, Manipal",ENT,NRI,"₹ 49,43,000.00",2032,0,₹ 0.00,"₹ 45,000.00"
Maharashtra,"MGM Med Coll, Aurangabad",ENT,NRI,"₹ 65,00,000.00",700,1,"₹ 25,00,000.00","₹ 88,000.00"
Maharashtra,"Rural Med Coll, LONI",ENT,NRI,"₹ 1,52,74,000.00",1275,1,"₹ 5,00,000.00","₹ 64,559.00"
Tamil Nadu,"SRMC & RI, Chennai",ENT,NRI,"₹ 62,63,000.00",1800,0,₹ 0.00,"₹ 48,000.00"
Maharashtra,"MGM Med Coll, Navi Mumbai",ENT,NRI,"₹ 65,00,000.00",1740,1,"₹ 25,00,000.00","₹ 88,000.00"
Tamil Nadu,"Shri Satya Sai, Kancheepuram",ENT,NRI,"₹ 50,10,000.00",1120,0,₹ 0.00,"₹ 35,000.00"
Maharashtra,"JN Med College, Meghe, Wardha",ENT,NRI,"₹ 32,75,000.00",2150,1,"₹ 5,00,000.00","₹ 66,829.00"
Delhi,"MAMC, Delhi",ENT,DU,"₹ 57,600.00",2800,0,₹ 0.00,"₹ 1,26,927.00"
Delhi,"Lady Hardinge, Delhi",ENT,DU,"₹ 57,600.00",877,0,₹ 0.00,"₹ 1,26,927.00"
Delhi,"UCMS, Delhi",ENT,DU,"₹ 57,600.00",1000,0,₹ 0.00,"₹ 1,26,927.00"
Delhi,"VMMC, Delhi",ENT,IP,"₹ 41,000.00",1550,0,₹ 0.00,"₹ 1,20,965.00"
Delhi,"ABVIMS (Dr RML Hosp), Delhi",ENT,IP,"₹ 41,000.00",1626,0,₹ 0.00,"₹ 1,20,965.00"
Uttar Pradesh,"IMS(BHU), Varanasi",ENT,BHU,"₹ 48,226.00",1165,0,₹ 0.00,"₹ 1,00,706.00"
Uttar Pradesh,"JNMC (AMU), Aligarh",ENT,AMU,"₹ 38,000.00",1269,0,₹ 0.00,"₹ 1,08,000.00"
Maharashtra,"INHS, Aswini",ENT,AFMS,"₹ 1,71,850.00",825,5,"₹ 57,50,000.00","₹ 91,082.00"
Maharashtra,"AFMC, Pune",ENT,AFMS,"₹ 1,43,500.00",1082,5,"₹ 57,50,000.00","₹ 91,282.00"
Delhi,"Army R&R, Delhi",ENT,AFMS,"₹ 57,600.00",995,5,"₹ 57,50,000.00","₹ 1,26,927.00"
Karnataka,"Command Hospital, Bangalore",ENT,AFMS,"₹ 20,000.00",716,5,"₹ 57,50,000.00","₹ 56,250.00"
West Bengal,"Command Hospital, Kolkata",ENT,AFMS,"₹ 12,000.00",760,5,"₹ 57,50,000.00","₹ 49,884.00"
Andhra Pradesh,"Govt Med Coll, Ananthapuram",GENERAL SURGERY,AIQ,"₹ 48,600.00",500,0,₹ 0.00,"₹ 60,823.00"
Maharashtra,"GovtMedColl,ChhatrapatiSambhajiNgr",GENERAL SURGERY,AIQ,"₹ 1,43,300.00",1177,1,"₹ 50,00,000.00","₹ 92,522.00"
Madhya Pradesh,"Govt Med Coll, Datia",GENERAL SURGERY,AIQ,"₹ 1,01,500.00",540,1,"₹ 10,00,000.00","₹ 75,444.00"
Maharashtra,"Govt Med Coll, Gondia",GENERAL SURGERY,AIQ,"₹ 1,43,300.00",500,1,"₹ 50,00,000.00","₹ 92,522.00"
Maharashtra,"Govt Med Coll, Jalgaon",GENERAL SURGERY,AIQ,"₹ 1,43,300.00",441,1,"₹ 50,00,000.00","₹ 92,522.00"
Jammu and Kashmir,"Govt Med Coll, Jammu",GENERAL SURGERY,AIQ,"₹ 25,000.00",1700,0,₹ 0.00,"₹ 59,500.00"
Rajasthan,"Govt Med Coll, Kota",GENERAL SURGERY,AIQ,"₹ 12,812.00",2581,2,"₹ 25,00,000.00","₹ 82,800.00"
Kerala,"Govt Med Coll, Kottayam",GENERAL SURGERY,AIQ,"₹ 69,470.00",NA,1,"₹ 50,00,000.00","₹ 57,876.00"
Kerala,"Govt Med Coll, Kozhikode",GENERAL SURGERY,AIQ,"₹ 69,470.00",3025,1,"₹ 50,00,000.00","₹ 57,876.00"
Maharashtra,"Govt Med Coll, Latur",GENERAL SURGERY,AIQ,"₹ 1,43,300.00",750,1,"₹ 50,00,000.00","₹ 92,522.00"
Maharashtra,"Govt Med Coll, Miraj",GENERAL SURGERY,AIQ,"₹ 1,43,300.00",725,1,"₹ 50,00,000.00","₹ 92,522.00"
Maharashtra,"Govt Med Coll, Nagpur",GENERAL SURGERY,AIQ,"₹ 1,43,300.00",1866,1,"₹ 50,00,000.00","₹ 92,522.00"
Telangana,"Govt Med Coll, Nizamabad",GENERAL SURGERY,AIQ,"₹ 25,000.00",500,1,"₹ 20,00,000.00","₹ 58,289.00"
Tamil Nadu,"Govt Med Coll, Omandurar",GENERAL SURGERY,AIQ,"₹ 50,000.00",NA,2,"₹ 40,00,000.00","₹ 52,451.00"
Rajasthan,"Govt Med Coll, Pali",GENERAL SURGERY,AIQ,"₹ 12,812.00",NA,2,"₹ 25,00,000.00","₹ 82,800.00"
Punjab,"Govt Med Coll, Patiala",GENERAL SURGERY,AIQ,"₹ 1,25,000.00",1130,1,"₹ 10,00,000.00","₹ 67,968.00"
Madhya Pradesh,"Govt Med Coll, Ratlam",GENERAL SURGERY,AIQ,"₹ 1,01,500.00",300,1,"₹ 10,00,000.00","₹ 75,444.00"
Telangana,"Govt Med Coll, Siddipet",GENERAL SURGERY,AIQ,"₹ 25,000.00",780,1,"₹ 20,00,000.00","₹ 58,289.00"
Jammu and Kashmir,"Govt Med Coll, Srinagar",GENERAL SURGERY,AIQ,"₹ 35,750.00",2150,0,₹ 0.00,"₹ 59,500.00"
Kerala,"Govt Med Coll, Thrissur",GENERAL SURGERY,AIQ,"₹ 69,470.00",1400,1,"₹ 50,00,000.00","₹ 57,876.00"
Andhra Pradesh,"Govt Siddhartha, Vijaywada",GENERAL SURGERY,AIQ,"₹ 48,600.00",707,0,₹ 0.00,"₹ 60,823.00"
Tamil Nadu,Govt Sivagangai Med Coll,GENERAL SURGERY,AIQ,"₹ 50,000.00",NA,2,"₹ 40,00,000.00","₹ 52,451.00"
Tamil Nadu,Govt Thiruvannamalai Med Coll,GENERAL SURGERY,AIQ,"₹ 50,000.00",500,2,"₹ 40,00,000.00","₹ 52,451.00"
Tamil Nadu,Govt Vellore Med Coll,GENERAL SURGERY,AIQ,"₹ 50,000.00",2858,2,"₹ 40,00,000.00","₹ 52,451.00"
Tamil Nadu,Govt Villupuram Med Coll,GENERAL SURGERY,AIQ,"₹ 50,000.00",670,2,"₹ 40,00,000.00","₹ 52,451.00"
Maharashtra,"Grant Med Coll, Mumbai",GENERAL SURGERY,AIQ,"₹ 1,43,300.00",2844,1,"₹ 50,00,000.00","₹ 92,522.00"
Uttar Pradesh,"GSVM Med Coll, Kanpur",GENERAL SURGERY,AIQ,"₹ 40,000.00",2083,2,"₹ 40,00,000.00","₹ 1,00,980.00"
Karnataka,"Gulbarga IMS, Gulbarga",GENERAL SURGERY,AIQ,"₹ 1,24,150.00",873,3,"₹ 50,00,000.00","₹ 56,250.00"
Andhra Pradesh,"Guntur Med Coll, Guntur",GENERAL SURGERY,AIQ,"₹ 48,600.00",1170,0,₹ 0.00,"₹ 60,823.00"
Punjab,"Guru Govind Singh, Faridkot",GENERAL SURGERY,AIQ,"₹ 1,25,000.00",1000,1,"₹ 10,00,000.00","₹ 67,968.00"
Maharashtra,"HBT & RN Cooper, Mumbai",GENERAL SURGERY,AIQ,"₹ 1,43,300.00",940,1,"₹ 50,00,000.00","₹ 92,522.00"
Karnataka,"Hassan IMS, Hassan",GENERAL SURGERY,AIQ,"₹ 1,24,150.00",NA,3,"₹ 50,00,000.00","₹ 56,250.00"
Bihar,"IGIMS, Patna",GENERAL SURGERY,AIQ,"₹ 1,60,000.00",1062,0,₹ 0.00,"₹ 1,05,000.00"
Maharashtra,"Indira Gandhi MedColl, Nagpur",GENERAL SURGERY,AIQ,"₹ 1,43,300.00",822,1,"₹ 50,00,000.00","₹ 92,522.00"
Pondicherry,"IGMC & RI, Pondicherry",GENERAL SURGERY,AIQ,"₹ 1,10,000.00",750,0,₹ 0.00,"₹ 43,000.00"
Himachal Pradesh,"IGMC, Shimla",GENERAL SURGERY,AIQ,"₹ 39,000.00",1031,3,"₹ 40,00,000.00","₹ 40,000.00"
Uttar Pradesh,"IMS(BHU), Varanasi",GENERAL SURGERY,AIQ,"₹ 48,226.00",1165,0,₹ 0.00,"₹ 1,00,706.00"
West Bengal,"IPGMER, Kolkata",GENERAL SURGERY,AIQ,"₹ 12,000.00",2300,3,"₹ 30,00,000.00","₹ 49,884.00"
Manipur,"JNIMS, Imphal",GENERAL SURGERY,AIQ,"₹ 1,00,000.00",643,1,"₹ 20,00,000.00","₹ 50,000.00"
Rajasthan,"JLNMC, Ajmer",GENERAL SURGERY,AIQ,"₹ 10,982.00",1428,2,"₹ 25,00,000.00","₹ 82,800.00"
Uttar Pradesh,"JNMC (AMU), Aligarh",GENERAL SURGERY,AIQ,"₹ 38,000.00",1269,0,₹ 0.00,"₹ 1,08,000.00"
Bihar,"Jawaharlal Nehru, Bhagalpur",GENERAL SURGERY,AIQ,"₹ 9,000.00",800,3,"₹ 25,00,000.00","₹ 82,000.00"
Rajasthan,"Jhalawar Med Coll, Jhalawar",GENERAL SURGERY,AIQ,"₹ 88,265.00",NA,2,"₹ 25,00,000.00","₹ 82,800.00"
Tamil Nadu,"Kanyakumari Med Coll, Asaripallam",GENERAL SURGERY,AIQ,"₹ 50,000.00",840,2,"₹ 40,00,000.00","₹ 52,451.00"
Karnataka,"KIMS, Hubli",GENERAL SURGERY,AIQ,"₹ 1,24,150.00",1200,3,"₹ 50,00,000.00","₹ 56,250.00"
Karnataka,Karwar Inst of Med Sciences,GENERAL SURGERY,AIQ,"₹ 1,24,150.00",650,3,"₹ 50,00,000.00","₹ 56,250.00"
Uttar Pradesh,"KGMU, Lucknow",GENERAL SURGERY,AIQ,"₹ 54,700.00",4500,2,"₹ 40,00,000.00","₹ 1,09,955.00"
Karnataka,Kodagu Inst of Med Sciences,GENERAL SURGERY,AIQ,"₹ 1,24,150.00",600,3,"₹ 50,00,000.00","₹ 56,250.00"
Karnataka,"Koppal Inst of MS, Koppal",GENERAL SURGERY,AIQ,"₹ 1,24,150.00",NA,3,"₹ 50,00,000.00","₹ 56,250.00"
Uttar Pradesh,"LLRM Med Coll, Meerut",GENERAL SURGERY,AIQ,"₹ 40,000.00",1090,2,"₹ 40,00,000.00","₹ 1,00,980.00"
Maharashtra,"Lokmanya Tilak, Sion, Mumbai",GENERAL SURGERY,AIQ,"₹ 1,43,300.00",1462,1,"₹ 50,00,000.00","₹ 92,522.00"
Madhya Pradesh,"MGM Med Coll, Indore",GENERAL SURGERY,AIQ,"₹ 1,01,500.00",1300,1,"₹ 10,00,000.00","₹ 75,444.00"
Jharkhand,"MGM Med Coll, Jamshedpur",GENERAL SURGERY,AIQ,"₹ 1,500.00",540,3,"₹ 30,00,000.00","₹ 54,500.00"
Tamil Nadu,"Madras Med Coll, Chennai",GENERAL SURGERY,AIQ,"₹ 50,000.00",7285,2,"₹ 40,00,000.00","₹ 52,451.00"
Maharashtra,"Govt&MPGIMER, Nashik",GENERAL SURGERY,AIQ,"₹ 1,43,300.00",NA,1,"₹ 50,00,000.00","₹ 92,522.00"
Maharashtra,"MGIMS, Wardha",GENERAL SURGERY,AIQ,"₹ 1,43,300.00",1000,1,"₹ 50,00,000.00","₹ 89,698.00"
Karnataka,"Mandya IMS, Mandya",GENERAL SURGERY,AIQ,"₹ 1,24,150.00",NA,3,"₹ 50,00,000.00","₹ 56,250.00"
Kerala,"Medical College, Trivandrum",GENERAL SURGERY,AIQ,"₹ 69,470.00",2126,1,"₹ 50,00,000.00","₹ 57,876.00"
West Bengal,Midnapore Medical College,GENERAL SURGERY,AIQ,"₹ 12,000.00",1051,3,"₹ 30,00,000.00","₹ 49,884.00"
Odisha,"MKCG, Berhampur",GENERAL SURGERY,AIQ,"₹ 38,500.00",1140,2,"₹ 53,30,000.00","₹ 70,686.00"
Tamil Nadu,"Govt. Mohan Kumaramangalam, Salem",GENERAL SURGERY,AIQ,"₹ 50,000.00",1642,2,"₹ 40,00,000.00","₹ 52,451.00"
Uttar Pradesh,"MLN Med Coll, Allahabad",GENERAL SURGERY,AIQ,"₹ 40,000.00",NA,2,"₹ 40,00,000.00","₹ 1,00,980.00"
West Bengal,Murshidabad Med Coll,GENERAL SURGERY,AIQ,"₹ 12,000.00",1208,3,"₹ 30,00,000.00","₹ 49,884.00"
Karnataka,"Mysore Med Coll, Mysore",GENERAL SURGERY,AIQ,"₹ 1,24,150.00",1050,3,"₹ 50,00,000.00","₹ 56,250.00"
Bihar,"Nalanda Med Coll, Patna",GENERAL SURGERY,AIQ,"₹ 9,000.00",750,3,"₹ 25,00,000.00","₹ 82,000.00"
Dadra and Nagar Haveli,"NAMO MERI Govt MedColl,Silvassa",GENERAL SURGERY,AIQ,"₹ 10,00,000.00",650,3,"₹ 50,00,000.00","₹ 50,000.00"
Maharashtra,"SRTT, Ambajogai",GENERAL SURGERY,AIQ,"₹ 1,43,300.00",518,1,"₹ 50,00,000.00","₹ 92,522.00"
Madhya Pradesh,"NSC Bose Med Coll, Jabalpur",GENERAL SURGERY,AIQ,"₹ 1,01,500.00",1150,1,"₹ 10,00,000.00","₹ 75,444.00"
West Bengal,"Nilratan Sircar, Kolkata",GENERAL SURGERY,AIQ,"₹ 12,000.00",1920,3,"₹ 30,00,000.00","₹ 49,884.00"
West Bengal,"NBMC, Darjeeling",GENERAL SURGERY,AIQ,"₹ 12,000.00",843,3,"₹ 30,00,000.00","₹ 49,884.00"
Telangana,"Osmania Med Coll, Hyderabad",GENERAL SURGERY,AIQ,"₹ 25,000.00",4800,1,"₹ 20,00,000.00","₹ 58,289.00"
Bihar,"Patna Med Coll, Patna",GENERAL SURGERY,AIQ,"₹ 9,000.00",1748,3,"₹ 25,00,000.00","₹ 82,000.00"
Delhi,"ABVIMS (Dr RML Hosp), Delhi",GENERAL SURGERY,AIQ,"₹ 41,000.00",1626,0,₹ 0.00,"₹ 1,20,965.00"
Maharashtra,"Pimpri Chinchwad, Pimpri",GENERAL SURGERY,AIQ,"₹ 1,43,300.00",750,1,"₹ 50,00,000.00","₹ 92,522.00"
Odisha,"PGIMER&CapitalHosp,Bhubaneswar",GENERAL SURGERY,AIQ,"₹ 38,500.00",760,2,"₹ 53,30,000.00","₹ 70,686.00"
Haryana,"Pt BD Sharma, Rohtak",GENERAL SURGERY,AIQ,"₹ 1,25,000.00",2080,0,₹ 0.00,"₹ 1,00,980.00"
Chhattisgarh,"Pt JNM Med Coll, Raipur",GENERAL SURGERY,AIQ,"₹ 20,000.00",1246,2,"₹ 50,00,000.00","₹ 67,500.00"
Rajasthan,"RNT, Udaipur",GENERAL SURGERY,AIQ,"₹ 12,812.00",2206,2,"₹ 25,00,000.00","₹ 82,800.00"
Karnataka,"Raichur IMS, Raichur",GENERAL SURGERY,AIQ,"₹ 1,24,150.00",500,3,"₹ 50,00,000.00","₹ 56,250.00"
Tamil Nadu,"Rajah Muthiah, Annamalainagar",GENERAL SURGERY,AIQ,"₹ 50,000.00",1400,2,"₹ 40,00,000.00","₹ 52,451.00"
Maharashtra,"Rajarshee CSM Govt MC,Kolhapur",GENERAL SURGERY,AIQ,"₹ 1,43,300.00",665,1,"₹ 50,00,000.00","₹ 92,522.00"
Jharkhand,"Rajendra IMS, Ranchi",GENERAL SURGERY,AIQ,"₹ 1,500.00",1754,3,"₹ 30,00,000.00","₹ 1,00,770.00"
Telangana,"Rajiv Gandhi IMS, Adilabad",GENERAL SURGERY,AIQ,"₹ 25,000.00",NA,1,"₹ 20,00,000.00","₹ 58,289.00"
Andhra Pradesh,"Rajiv Gandhi IMS, Kadapa",GENERAL SURGERY,AIQ,"₹ 48,600.00",715,0,₹ 0.00,"₹ 60,823.00"
Andhra Pradesh,"Rajiv Gandhi IMS, Srikakulam",GENERAL SURGERY,AIQ,"₹ 48,600.00",532,0,₹ 0.00,"₹ 60,823.00"
Andhra Pradesh,"Rajiv Gandhi IMS, Ongole",GENERAL SURGERY,AIQ,"₹ 48,600.00",500,0,₹ 0.00,"₹ 60,823.00"
Uttar Pradesh,"Rajkiya Med Coll, Jalaun",GENERAL SURGERY,AIQ,"₹ 40,000.00",NA,2,"₹ 40,00,000.00","₹ 1,00,980.00"
Andhra Pradesh,"Rangaraya Med Coll, Kakinada",GENERAL SURGERY,AIQ,"₹ 48,600.00",1450,0,₹ 0.00,"₹ 60,823.00"
Manipur,"RIMS, Imphal",GENERAL SURGERY,AIQ,"₹ 5,000.00",1074,1,"₹ 20,00,000.00","₹ 1,06,380.00"
West Bengal,"RG Kar Med Coll, Kolkata",GENERAL SURGERY,AIQ,"₹ 12,000.00",1663,3,"₹ 30,00,000.00","₹ 49,884.00"
Uttar Pradesh,"SN Med Coll, Agra",GENERAL SURGERY,AIQ,"₹ 40,000.00",976,2,"₹ 40,00,000.00","₹ 1,00,980.00"
Andhra Pradesh,"SV Med Coll, Tirupati",GENERAL SURGERY,AIQ,"₹ 48,600.00",940,0,₹ 0.00,"₹ 60,823.00"
Rajasthan,"SP Med Coll, Bikaner",GENERAL SURGERY,AIQ,"₹ 12,812.00",NA,2,"₹ 25,00,000.00","₹ 82,800.00"
Odisha,"SCB, Cuttack",GENERAL SURGERY,AIQ,"₹ 38,500.00",2106,2,"₹ 53,30,000.00","₹ 70,686.00"
Maharashtra,"Seth GS, Mumbai",GENERAL SURGERY,AIQ,"₹ 1,43,300.00",2250,1,"₹ 50,00,000.00","₹ 92,522.00"
Uttar Pradesh,"Shaik-ul-Hind, Saharanpur",GENERAL SURGERY,AIQ,"₹ 40,000.00",500,2,"₹ 40,00,000.00","₹ 1,00,980.00"
Jammu and Kashmir,"Sher-I-Kashmir, Srinagar",GENERAL SURGERY,AIQ,"₹ 11,000.00",NA,0,₹ 0.00,"₹ 82,000.00"
Karnataka,"Shimoga IMS, Shimoga",GENERAL SURGERY,AIQ,"₹ 1,24,150.00",950,3,"₹ 50,00,000.00","₹ 56,250.00"
Bihar,"Sri Krishna, Muzzafarpur",GENERAL SURGERY,AIQ,"₹ 9,000.00",610,3,"₹ 25,00,000.00","₹ 82,000.00"
Maharashtra,"Shri VR Naik Govt, Yavatmal",GENERAL SURGERY,AIQ,"₹ 1,43,300.00",756,1,"₹ 50,00,000.00","₹ 92,522.00"
Madhya Pradesh,"SSMC, Rewa",GENERAL SURGERY,AIQ,"₹ 1,01,500.00",1140,1,"₹ 10,00,000.00","₹ 75,444.00"
Assam,"Silchar Med Coll, Silchar",GENERAL SURGERY,AIQ,"₹ 17,900.00",1256,2,"₹ 20,00,000.00","₹ 55,200.00"
Rajasthan,"SMS, Jaipur",GENERAL SURGERY,AIQ,"₹ 11,647.00",5702,2,"₹ 25,00,000.00","₹ 82,800.00"
Maharashtra,"Sri Bhausaheb, Dhule",GENERAL SURGERY,AIQ,"₹ 1,43,300.00",545,1,"₹ 50,00,000.00","₹ 92,522.00"
Tamil Nadu,"Stanley Med Coll, Chennai",GENERAL SURGERY,AIQ,"₹ 50,000.00",1661,2,"₹ 40,00,000.00","₹ 52,451.00"
Kerala,"TD Med Coll, Allepey",GENERAL SURGERY,AIQ,"₹ 69,470.00",1050,1,"₹ 50,00,000.00","₹ 57,876.00"
Assam,"Tezpur Med Coll, Tezpur",GENERAL SURGERY,AIQ,"₹ 17,900.00",500,2,"₹ 20,00,000.00","₹ 55,200.00"
Tamil Nadu,Thanjavur Med Coll,GENERAL SURGERY,AIQ,"₹ 50,000.00",1466,2,"₹ 40,00,000.00","₹ 52,451.00"
Tamil Nadu,Govt Theni Med Coll,GENERAL SURGERY,AIQ,"₹ 50,000.00",940,2,"₹ 40,00,000.00","₹ 52,451.00"
Tamil Nadu,Govt Thiruvarur Med Coll,GENERAL SURGERY,AIQ,"₹ 50,000.00",555,2,"₹ 40,00,000.00","₹ 52,451.00"
Tamil Nadu,Govt Thoothukudi Med Coll,GENERAL SURGERY,AIQ,"₹ 50,000.00",1212,2,"₹ 40,00,000.00","₹ 52,451.00"
Tamil Nadu,Tirunelveli Med Coll,GENERAL SURGERY,AIQ,"₹ 50,000.00",1737,2,"₹ 40,00,000.00","₹ 52,451.00"
Maharashtra,"Topiwala, Mumbai",GENERAL SURGERY,AIQ,"₹ 1,43,300.00",1300,1,"₹ 50,00,000.00","₹ 92,522.00"
Delhi,"UCMS, Delhi",GENERAL SURGERY,AIQ,"₹ 57,600.00",1000,0,₹ 0.00,"₹ 1,26,927.00"
Uttar Pradesh,"UP Univ of Med Sci, Etawah",GENERAL SURGERY,AIQ,"₹ 40,000.00",1268,2,"₹ 40,00,000.00","₹ 1,00,980.00"
Delhi,"VMMC, Delhi",GENERAL SURGERY,AIQ,"₹ 41,000.00",1550,0,₹ 0.00,"₹ 1,20,965.00"
Odisha,"VIMSAR, Burla",GENERAL SURGERY,AIQ,"₹ 38,500.00",1071,2,"₹ 53,30,000.00","₹ 70,686.00"
Karnataka,"VIMS, Bellary",GENERAL SURGERY,AIQ,"₹ 1,24,150.00",1295,3,"₹ 50,00,000.00","₹ 56,250.00"
Goa,"Goa Med Coll, Panaji",GENERAL SURGERY,AIQ,"₹ 1,22,522.00",1160,1,"₹ 50,00,000.00","₹ 60,000.00"
Maharashtra,"PGIMS, Navi Mumbai",GENERAL SURGERY,AIQ,"₹ 1,43,300.00",NA,1,"₹ 50,00,000.00","₹ 92,522.00"
Uttar Pradesh,"Govt Med Coll, Kannauj",GENERAL SURGERY,AIQ,"₹ 40,000.00",470,2,"₹ 40,00,000.00","₹ 1,00,980.00"
Andhra Pradesh,"ACSR Medical College, Nellore",GENERAL SURGERY,AIQ,"₹ 48,600.00",355,0,₹ 0.00,"₹ 60,823.00"
Telangana,"Malla Reddy IMS, Hyderabad",GENERAL SURGERY,MNG,"₹ 40,00,000.00",940,1,"₹ 15,00,000.00","₹ 45,000.00"
Telangana,"Malla Reddy(Women), Hyderabad",GENERAL SURGERY,MNG,"₹ 40,00,000.00",1050,1,"₹ 15,00,000.00","₹ 45,000.00"
Gujarat,"SBKS, Vadodara",GENERAL SURGERY,MNG,"₹ 26,50,000.00",1340,0,₹ 0.00,"₹ 1,00,800.00"
Pondicherry,"Aarupadai Veedu, Pondicherry",GENERAL SURGERY,MNG,"₹ 40,00,000.00",584,0,₹ 0.00,"₹ 40,000.00"
Tamil Nadu,"ACS Med Coll, Chennai",GENERAL SURGERY,MNG,"₹ 40,00,000.00",1050,0,₹ 0.00,"₹ 20,000.00"
Kerala,"Amrita School of Med, Kochi",GENERAL SURGERY,MNG,"₹ 30,00,000.00",1110,0,₹ 0.00,"₹ 43,000.00"
Maharashtra,"BVDU, Sangli",GENERAL SURGERY,MNG,"₹ 24,31,010.00",853,1,"₹ 12,00,000.00","₹ 76,000.00"
Maharashtra,"BVDU, Pune",GENERAL SURGERY,MNG,"₹ 30,67,705.00",856,1,"₹ 12,00,000.00","₹ 76,000.00"
Tamil Nadu,"Chettinad Hosp&RI,Kanchipuram",GENERAL SURGERY,MNG,"₹ 36,00,000.00",1180,0,₹ 0.00,"₹ 48,000.00"
Maharashtra,"DY Patil, Kolhapur",GENERAL SURGERY,MNG,"₹ 27,25,000.00",800,1,"₹ 20,00,000.00","₹ 76,629.00"
Andhra Pradesh,"GITAM IMS, Vizag",GENERAL SURGERY,MNG,"₹ 27,50,000.00",780,0,₹ 0.00,"₹ 44,075.00"
Delhi,"Hamdard Institute, Delhi",GENERAL SURGERY,MNG,"₹ 25,00,000.00",710,0,₹ 0.00,"₹ 80,000.00"
Odisha,"IMS & SUM, Bhubaneswar",GENERAL SURGERY,MNG,"₹ 19,80,000.00",1410,0,₹ 0.00,"₹ 60,000.00"
Karnataka,"JN Medical College, Belgaum",GENERAL SURGERY,MNG,"₹ 27,90,000.00",2400,1,"₹ 10,00,000.00","₹ 45,000.00"
Karnataka,"JSS Med Coll, Mysore",GENERAL SURGERY,MNG,"₹ 32,00,000.00",2060,0,₹ 0.00,"₹ 45,000.00"
Karnataka,"KS Hegde, Mangalore",GENERAL SURGERY,MNG,"₹ 27,30,000.00",1000,0,₹ 0.00,"₹ 45,000.00"
Odisha,"Kalinga IMS, Bhubaneswar",GENERAL SURGERY,MNG,"₹ 21,00,000.00",1750,0,₹ 0.00,"₹ 70,000.00"
Karnataka,"Kasturba Med Coll, Mangalore",GENERAL SURGERY,MNG,"₹ 25,51,000.00",1290,0,₹ 0.00,"₹ 45,000.00"
Karnataka,"Kasturba Med Coll, Manipal",GENERAL SURGERY,MNG,"₹ 25,51,000.00",2032,0,₹ 0.00,"₹ 45,000.00"
Maharashtra,"Krishna IMS, Karad",GENERAL SURGERY,MNG,"₹ 35,00,000.00",1125,0,₹ 0.00,"₹ 88,213.00"
Haryana,"MMIMS, Mullana, Ambala",GENERAL SURGERY,MNG,"₹ 27,95,000.00",940,1,"₹ 10,00,000.00","₹ 56,100.00"
Pondicherry,"MGMC & RI, Pondicherry",GENERAL SURGERY,MNG,"₹ 40,00,000.00",1380,0,₹ 0.00,"₹ 40,000.00"
Maharashtra,"MGM Med Coll, Aurangabad",GENERAL SURGERY,MNG,"₹ 40,00,000.00",700,1,"₹ 25,00,000.00","₹ 88,000.00"
Maharashtra,"MGM Med Coll, Navi Mumbai",GENERAL SURGERY,MNG,"₹ 40,00,000.00",1740,1,"₹ 25,00,000.00","₹ 88,000.00"
Tamil Nadu,"Meenakshi Med Coll, Enathur",GENERAL SURGERY,MNG,"₹ 40,00,000.00",1110,0,₹ 0.00,"₹ 25,000.00"
Maharashtra,"DY Patil, Navi Mumbai",GENERAL SURGERY,MNG,"₹ 43,50,000.00",1662,1,"₹ 10,00,000.00","₹ 76,629.00"
Karnataka,"Rajeshwari, Bangalore",GENERAL SURGERY,MNG,"₹ 42,00,000.00",1460,0,₹ 0.00,"₹ 25,000.00"
Maharashtra,"Rural Med Coll, LONI",GENERAL SURGERY,MNG,"₹ 30,00,000.00",1275,1,"₹ 5,00,000.00","₹ 64,559.00"
Uttar Pradesh,"Santosh Med Coll, Ghaziabad",GENERAL SURGERY,MNG,"₹ 40,00,000.00",800,0,₹ 0.00,"₹ 56,010.00"
Tamil Nadu,"Saveetha, Kanchipuram",GENERAL SURGERY,MNG,"₹ 36,00,000.00",1250,0,₹ 0.00,"₹ 35,000.00"
Karnataka,"Shri BM Patil, Vijayapura",GENERAL SURGERY,MNG,"₹ 34,00,000.00",1130,0,₹ 0.00,"₹ 45,000.00"
Tamil Nadu,"Shri Satya Sai, Kancheepuram",GENERAL SURGERY,MNG,"₹ 40,00,000.00",1120,0,₹ 0.00,"₹ 35,000.00"
Tamil Nadu,"Sree Balaji Med Coll, Chennai",GENERAL SURGERY,MNG,"₹ 50,00,000.00",1250,0,₹ 0.00,"₹ 25,000.00"
Karnataka,"SDU Med Coll, Kolar",GENERAL SURGERY,MNG,"₹ 32,00,000.00",1100,1,"₹ 22,00,000.00","₹ 45,000.00"
Pondicherry,"SLIMS, Pondicherry",GENERAL SURGERY,MNG,"₹ 45,00,000.00",1230,0,₹ 0.00,"₹ 43,000.00"
Tamil Nadu,"SRMC & RI, Chennai",GENERAL SURGERY,MNG,"₹ 32,00,000.00",1800,0,₹ 0.00,"₹ 48,000.00"
Karnataka,"Siddhartha Med Coll, Tumkur",GENERAL SURGERY,MNG,"₹ 31,50,000.00",960,0,₹ 0.00,"₹ 30,000.00"
Tamil Nadu,"SRM Med Coll, Kancheepuram",GENERAL SURGERY,MNG,"₹ 35,00,000.00",1590,0,₹ 0.00,"₹ 50,923.00"
Tamil Nadu,"Vinayaka Missions, Salem",GENERAL SURGERY,MNG,"₹ 38,12,000.00",560,0,₹ 0.00,"₹ 35,000.00"
Pondicherry,"Vinayaka Missions, Karaikal",GENERAL SURGERY,MNG,"₹ 33,00,000.00",590,0,₹ 0.00,"₹ 40,000.00"
Karnataka,"Yenepoya Med Coll, Mangalore",GENERAL SURGERY,MNG,"₹ 35,00,000.00",910,0,₹ 0.00,"₹ 45,000.00"
Maharashtra,"JN Med College, Meghe, Wardha",GENERAL SURGERY,MNG,"₹ 40,00,000.00",2150,1,"₹ 5,00,000.00","₹ 66,829.00"
Maharashtra,"Datta Meghe Med Coll, Nagpur",GENERAL SURGERY,MNG,"₹ 40,00,000.00",925,1,"₹ 5,00,000.00","₹ 66,629.00"
Delhi,"Hamdard Institute, Delhi",GENERAL SURGERY,MM,"₹ 25,00,000.00",710,0,₹ 0.00,"₹ 80,000.00"
Karnataka,"Yenepoya Med Coll, Mangalore",GENERAL SURGERY,MM,"₹ 35,00,000.00",910,0,₹ 0.00,"₹ 45,000.00"
Gujarat,"SBKS, Vadodara",GENERAL SURGERY,JM,"₹ 23,85,000.00",1340,1,"₹ 15,00,000.00","₹ 1,00,800.00"
Telangana,"Malla Reddy IMS, Hyderabad",GENERAL SURGERY,NRI,"₹ 70,98,000.00",940,1,"₹ 15,00,000.00","₹ 45,000.00"
Telangana,"Malla Reddy(Women), Hyderabad",GENERAL SURGERY,NRI,"₹ 70,98,000.00",1050,1,"₹ 15,00,000.00","₹ 45,000.00"
Gujarat,"SBKS, Vadodara",GENERAL SURGERY,NRI,"₹ 55,95,000.00",1340,0,₹ 0.00,"₹ 1,00,800.00"
Tamil Nadu,"ACS Med Coll, Chennai",GENERAL SURGERY,NRI,"₹ 65,13,000.00",1050,0,₹ 0.00,"₹ 20,000.00"
Kerala,"Amrita School of Med, Kochi",GENERAL SURGERY,NRI,"₹ 62,63,000.00",1110,0,₹ 0.00,"₹ 43,000.00"
Maharashtra,"BVDU, Sangli",GENERAL SURGERY,NRI,"₹ 75,49,000.00",853,1,"₹ 12,00,000.00","₹ 76,000.00"
Maharashtra,"BVDU, Pune",GENERAL SURGERY,NRI,"₹ 75,49,000.00",856,1,"₹ 12,00,000.00","₹ 76,000.00"
Andhra Pradesh,"GITAM IMS, Vizag",GENERAL SURGERY,NRI,"₹ 1,08,55,000.00",780,0,₹ 0.00,"₹ 44,075.00"
Delhi,"Hamdard Institute, Delhi",GENERAL SURGERY,NRI,"₹ 58,45,000.00",710,0,₹ 0.00,"₹ 80,000.00"
Odisha,"IMS & SUM, Bhubaneswar",GENERAL SURGERY,NRI,"₹ 45,93,000.00",1410,0,₹ 0.00,"₹ 60,000.00"
Karnataka,"JN Medical College, Belgaum",GENERAL SURGERY,NRI,"₹ 82,08,000.00",2400,1,"₹ 10,00,000.00","₹ 45,000.00"
Karnataka,"JSS Med Coll, Mysore",GENERAL SURGERY,NRI,"₹ 75,60,000.00",2060,0,₹ 0.00,"₹ 45,000.00"
Karnataka,"KS Hegde, Mangalore",GENERAL SURGERY,NRI,"₹ 53,30,000.00",1000,0,₹ 0.00,"₹ 45,000.00"
Odisha,"Kalinga IMS, Bhubaneswar",GENERAL SURGERY,NRI,"₹ 41,75,000.00",1750,0,₹ 0.00,"₹ 70,000.00"
Karnataka,"Kasturba Med Coll, Mangalore",GENERAL SURGERY,NRI,"₹ 49,43,000.00",1290,0,₹ 0.00,"₹ 45,000.00"
Karnataka,"Kasturba Med Coll, Manipal",GENERAL SURGERY,NRI,"₹ 49,43,000.00",2032,0,₹ 0.00,"₹ 45,000.00"
Maharashtra,"Krishna IMS, Karad",GENERAL SURGERY,NRI,"₹ 83,50,000.00",1125,0,₹ 0.00,"₹ 88,213.00"
Haryana,"MMIMS, Mullana, Ambala",GENERAL SURGERY,NRI,"₹ 50,10,000.00",940,1,"₹ 10,00,000.00","₹ 56,100.00"
Pondicherry,"MGMC & RI, Pondicherry",GENERAL SURGERY,NRI,"₹ 58,45,000.00",1380,0,₹ 0.00,"₹ 40,000.00"
Maharashtra,"MGM Med Coll, Aurangabad",GENERAL SURGERY,NRI,"₹ 80,00,000.00",700,1,"₹ 25,00,000.00","₹ 88,000.00"
Maharashtra,"MGM Med Coll, Navi Mumbai",GENERAL SURGERY,NRI,"₹ 80,00,000.00",1740,1,"₹ 25,00,000.00","₹ 88,000.00"
Maharashtra,"Rural Med Coll, LONI",GENERAL SURGERY,NRI,"₹ 1,52,74,000.00",1275,1,"₹ 5,00,000.00","₹ 64,559.00"
Uttar Pradesh,"Santosh Med Coll, Ghaziabad",GENERAL SURGERY,NRI,"₹ 75,15,000.00",800,0,₹ 0.00,"₹ 56,010.00"
Tamil Nadu,"Saveetha, Kanchipuram",GENERAL SURGERY,NRI,"₹ 45,93,000.00",1250,0,₹ 0.00,"₹ 35,000.00"
Karnataka,"Shri BM Patil, Vijayapura",GENERAL SURGERY,NRI,"₹ 50,00,000.00",1130,0,₹ 0.00,"₹ 45,000.00"
Tamil Nadu,"Shri Satya Sai, Kancheepuram",GENERAL SURGERY,NRI,"₹ 58,45,000.00",1120,0,₹ 0.00,"₹ 35,000.00"
Tamil Nadu,"SRMC & RI, Chennai",GENERAL SURGERY,NRI,"₹ 62,63,000.00",1800,0,₹ 0.00,"₹ 48,000.00"
Tamil Nadu,"Vinayaka Missions, Salem",GENERAL SURGERY,NRI,"₹ 58,45,000.00",560,0,₹ 0.00,"₹ 35,000.00"
Karnataka,"Yenepoya Med Coll, Mangalore",GENERAL SURGERY,NRI,"₹ 70,00,000.00",910,0,₹ 0.00,"₹ 45,000.00"
Maharashtra,"DY Patil, Navi Mumbai",GENERAL SURGERY,NRI,"₹ 83,50,000.00",1662,1,"₹ 10,00,000.00","₹ 76,629.00"
Maharashtra,"JN Med College, Meghe, Wardha",GENERAL SURGERY,NRI,"₹ 50,35,000.00",2150,1,"₹ 5,00,000.00","₹ 66,829.00"
Delhi,"UCMS, Delhi",GENERAL SURGERY,DU,"₹ 57,600.00",1000,0,₹ 0.00,"₹ 1,26,927.00"
Delhi,"Lady Hardinge, Delhi",GENERAL SURGERY,DU,"₹ 57,600.00",877,0,₹ 0.00,"₹ 1,26,927.00"
Delhi,"MAMC, Delhi",GENERAL SURGERY,DU,"₹ 57,600.00",2800,0,₹ 0.00,"₹ 1,26,927.00"
Delhi,"VMMC, Delhi",GENERAL SURGERY,IP,"₹ 41,000.00",1550,0,₹ 0.00,"₹ 1,20,965.00"
Delhi,"ESI, Basaidarpur, Delhi",GENERAL SURGERY,IP,"₹ 2,50,000.00",600,2,"₹ 10,00,000.00","₹ 1,15,000.00"
Delhi,"ABVIMS (Dr RML Hosp), Delhi",GENERAL SURGERY,IP,"₹ 41,000.00",1626,0,₹ 0.00,"₹ 1,20,965.00"
Uttar Pradesh,"IMS(BHU), Varanasi",GENERAL SURGERY,BHU,"₹ 48,226.00",1165,0,₹ 0.00,"₹ 1,00,706.00"
Uttar Pradesh,"JNMC (AMU), Aligarh",GENERAL SURGERY,AMU,"₹ 38,000.00",1269,0,₹ 0.00,"₹ 1,08,000.00"
Uttar Pradesh,"Command Hospital, Lucknow",GENERAL SURGERY,AFMS,"₹ 38,700.00",780,5,"₹ 57,50,000.00","₹ 1,21,878.00"
Haryana,"Command Hospital, Chandimandir",GENERAL SURGERY,AFMS,"₹ 1,17,000.00",658,5,"₹ 57,50,000.00","₹ 1,00,980.00"
Maharashtra,"INHS, Aswini",GENERAL SURGERY,AFMS,"₹ 1,71,850.00",825,5,"₹ 57,50,000.00","₹ 91,082.00"
Maharashtra,"AFMC, Pune",GENERAL SURGERY,AFMS,"₹ 1,43,500.00",1082,5,"₹ 57,50,000.00","₹ 91,282.00"
West Bengal,"Command Hospital, Kolkata",GENERAL SURGERY,AFMS,"₹ 12,000.00",760,5,"₹ 57,50,000.00","₹ 49,884.00"
Andhra Pradesh,"Govt Med Coll, Ananthapuram",OBG,AIQ,"₹ 48,600.00",500,0,₹ 0.00,"₹ 60,823.00"
Maharashtra,"GovtMedColl,ChhatrapatiSambhajiNgr",OBG,AIQ,"₹ 1,43,300.00",1177,1,"₹ 50,00,000.00","₹ 92,522.00"
Madhya Pradesh,"Govt Med Coll, Datia",OBG,AIQ,"₹ 1,01,500.00",540,1,"₹ 10,00,000.00","₹ 75,444.00"
Maharashtra,"Govt Med Coll, Gondia",OBG,AIQ,"₹ 1,43,300.00",500,1,"₹ 50,00,000.00","₹ 92,522.00"
Maharashtra,"Govt Med Coll, Jalgaon",OBG,AIQ,"₹ 1,43,300.00",441,1,"₹ 50,00,000.00","₹ 92,522.00"
Jammu and Kashmir,"Govt Med Coll, Jammu",OBG,AIQ,"₹ 25,000.00",1700,0,₹ 0.00,"₹ 59,500.00"
Rajasthan,"Govt Med Coll, Kota",OBG,AIQ,"₹ 12,812.00",2581,2,"₹ 25,00,000.00","₹ 82,800.00"
Kerala,"Govt Med Coll, Kottayam",OBG,AIQ,"₹ 69,470.00",NA,1,"₹ 50,00,000.00","₹ 57,876.00"
Kerala,"Govt Med Coll, Kozhikode",OBG,AIQ,"₹ 69,470.00",3025,1,"₹ 50,00,000.00","₹ 57,876.00"
Maharashtra,"Govt Med Coll, Latur",OBG,AIQ,"₹ 1,43,300.00",750,1,"₹ 50,00,000.00","₹ 92,522.00"
Telangana,"Govt Med Coll, Mahabubnagar",OBG,AIQ,"₹ 25,000.00",900,1,"₹ 20,00,000.00","₹ 58,289.00"
Maharashtra,"Govt Med Coll, Miraj",OBG,AIQ,"₹ 1,43,300.00",725,1,"₹ 50,00,000.00","₹ 92,522.00"
Maharashtra,"Govt Med Coll, Nagpur",OBG,AIQ,"₹ 1,43,300.00",1866,1,"₹ 50,00,000.00","₹ 92,522.00"
Telangana,"Govt Med Coll, Nizamabad",OBG,AIQ,"₹ 25,000.00",500,1,"₹ 20,00,000.00","₹ 58,289.00"
Tamil Nadu,"Govt Med Coll, Omandurar",OBG,AIQ,"₹ 50,000.00",NA,2,"₹ 40,00,000.00","₹ 52,451.00"
Rajasthan,"Govt Med Coll, Pali",OBG,AIQ,"₹ 12,812.00",NA,2,"₹ 25,00,000.00","₹ 82,800.00"
Punjab,"Govt Med Coll, Patiala",OBG,AIQ,"₹ 1,25,000.00",1130,1,"₹ 10,00,000.00","₹ 67,968.00"
Madhya Pradesh,"Govt Med Coll, Ratlam",OBG,AIQ,"₹ 1,01,500.00",300,1,"₹ 10,00,000.00","₹ 75,444.00"
Telangana,"Govt Med Coll, Siddipet",OBG,AIQ,"₹ 25,000.00",780,1,"₹ 20,00,000.00","₹ 58,289.00"
Jammu and Kashmir,"Govt Med Coll, Srinagar",OBG,AIQ,"₹ 35,750.00",2150,0,₹ 0.00,"₹ 59,500.00"
Telangana,"Govt Med Coll, Suryapet",OBG,AIQ,"₹ 25,000.00",580,1,"₹ 20,00,000.00","₹ 58,289.00"
Kerala,"Govt Med Coll, Thrissur",OBG,AIQ,"₹ 69,470.00",1400,1,"₹ 50,00,000.00","₹ 57,876.00"
Andhra Pradesh,"Govt Siddhartha, Vijaywada",OBG,AIQ,"₹ 48,600.00",707,0,₹ 0.00,"₹ 60,823.00"
Tamil Nadu,Govt Sivagangai Med Coll,OBG,AIQ,"₹ 50,000.00",NA,2,"₹ 40,00,000.00","₹ 52,451.00"
Tamil Nadu,Govt Thiruvannamalai Med Coll,OBG,AIQ,"₹ 50,000.00",500,2,"₹ 40,00,000.00","₹ 52,451.00"
Tamil Nadu,Govt Vellore Med Coll,OBG,AIQ,"₹ 50,000.00",2858,2,"₹ 40,00,000.00","₹ 52,451.00"
Tamil Nadu,Govt Villupuram Med Coll,OBG,AIQ,"₹ 50,000.00",670,2,"₹ 40,00,000.00","₹ 52,451.00"
Maharashtra,"Grant Med Coll, Mumbai",OBG,AIQ,"₹ 1,43,300.00",2844,1,"₹ 50,00,000.00","₹ 92,522.00"
Uttar Pradesh,"GSVM Med Coll, Kanpur",OBG,AIQ,"₹ 40,000.00",2083,2,"₹ 40,00,000.00","₹ 1,00,980.00"
Karnataka,"Gulbarga IMS, Gulbarga",OBG,AIQ,"₹ 1,24,150.00",873,3,"₹ 50,00,000.00","₹ 56,250.00"
Andhra Pradesh,"Guntur Med Coll, Guntur",OBG,AIQ,"₹ 48,600.00",1170,0,₹ 0.00,"₹ 60,823.00"
Punjab,"Guru Govind Singh, Faridkot",OBG,AIQ,"₹ 1,25,000.00",1000,1,"₹ 10,00,000.00","₹ 67,968.00"
Karnataka,"Hassan IMS, Hassan",OBG,AIQ,"₹ 1,24,150.00",NA,3,"₹ 50,00,000.00","₹ 56,250.00"
Bihar,"IGIMS, Patna",OBG,AIQ,"₹ 1,60,000.00",1062,0,₹ 0.00,"₹ 1,05,000.00"
Maharashtra,"Indira Gandhi MedColl, Nagpur",OBG,AIQ,"₹ 1,43,300.00",822,1,"₹ 50,00,000.00","₹ 92,522.00"
Pondicherry,"IGMC & RI, Pondicherry",OBG,AIQ,"₹ 1,10,000.00",750,0,₹ 0.00,"₹ 43,000.00"
Himachal Pradesh,"IGMC, Shimla",OBG,AIQ,"₹ 39,000.00",1031,3,"₹ 40,00,000.00","₹ 40,000.00"
Uttar Pradesh,"IMS(BHU), Varanasi",OBG,AIQ,"₹ 48,226.00",1165,0,₹ 0.00,"₹ 1,00,706.00"
West Bengal,"IPGMER, Kolkata",OBG,AIQ,"₹ 12,000.00",2300,3,"₹ 30,00,000.00","₹ 49,884.00"
Manipur,"JNIMS, Imphal",OBG,AIQ,"₹ 1,00,000.00",643,1,"₹ 20,00,000.00","₹ 50,000.00"
Rajasthan,"JLNMC, Ajmer",OBG,AIQ,"₹ 10,982.00",1428,2,"₹ 25,00,000.00","₹ 82,800.00"
Uttar Pradesh,"JNMC (AMU), Aligarh",OBG,AIQ,"₹ 38,000.00",1269,0,₹ 0.00,"₹ 1,08,000.00"
Bihar,"Jawaharlal Nehru, Bhagalpur",OBG,AIQ,"₹ 9,000.00",800,3,"₹ 25,00,000.00","₹ 82,000.00"
Rajasthan,"Jhalawar Med Coll, Jhalawar",OBG,AIQ,"₹ 88,265.00",NA,2,"₹ 25,00,000.00","₹ 82,800.00"
Tamil Nadu,"Kanyakumari Med Coll, Asaripallam",OBG,AIQ,"₹ 50,000.00",840,2,"₹ 40,00,000.00","₹ 52,451.00"
Karnataka,"KIMS, Hubli",OBG,AIQ,"₹ 1,24,150.00",1200,3,"₹ 50,00,000.00","₹ 56,250.00"
Karnataka,Kodagu Inst of Med Sciences,OBG,AIQ,"₹ 1,24,150.00",600,3,"₹ 50,00,000.00","₹ 56,250.00"
Karnataka,"Koppal Inst of MS, Koppal",OBG,AIQ,"₹ 1,24,150.00",NA,3,"₹ 50,00,000.00","₹ 56,250.00"
Uttar Pradesh,"LLRM Med Coll, Meerut",OBG,AIQ,"₹ 40,000.00",1090,2,"₹ 40,00,000.00","₹ 1,00,980.00"
Maharashtra,"Lokmanya Tilak, Sion, Mumbai",OBG,AIQ,"₹ 1,43,300.00",1462,1,"₹ 50,00,000.00","₹ 92,522.00"
Madhya Pradesh,"MGM Med Coll, Indore",OBG,AIQ,"₹ 1,01,500.00",1300,1,"₹ 10,00,000.00","₹ 75,444.00"
Jharkhand,"MGM Med Coll, Jamshedpur",OBG,AIQ,"₹ 1,500.00",540,3,"₹ 30,00,000.00","₹ 54,500.00"
Maharashtra,"Govt&MPGIMER, Nashik",OBG,AIQ,"₹ 1,43,300.00",NA,1,"₹ 50,00,000.00","₹ 92,522.00"
Maharashtra,"MGIMS, Wardha",OBG,AIQ,"₹ 1,43,300.00",1000,1,"₹ 50,00,000.00","₹ 89,698.00"
West Bengal,Malda Med Coll,OBG,AIQ,"₹ 12,000.00",NA,3,"₹ 30,00,000.00","₹ 49,884.00"
Karnataka,"Mandya IMS, Mandya",OBG,AIQ,"₹ 1,24,150.00",NA,3,"₹ 50,00,000.00","₹ 56,250.00"
Kerala,"Medical College, Trivandrum",OBG,AIQ,"₹ 69,470.00",2126,1,"₹ 50,00,000.00","₹ 57,876.00"
West Bengal,Midnapore Medical College,OBG,AIQ,"₹ 12,000.00",1051,3,"₹ 30,00,000.00","₹ 49,884.00"
Odisha,"MKCG, Berhampur",OBG,AIQ,"₹ 38,500.00",1140,2,"₹ 53,30,000.00","₹ 70,686.00"
Tamil Nadu,"Govt. Mohan Kumaramangalam, Salem",OBG,AIQ,"₹ 50,000.00",1642,2,"₹ 40,00,000.00","₹ 52,451.00"
Uttar Pradesh,"MLN Med Coll, Allahabad",OBG,AIQ,"₹ 40,000.00",NA,2,"₹ 40,00,000.00","₹ 1,00,980.00"
West Bengal,Murshidabad Med Coll,OBG,AIQ,"₹ 12,000.00",1208,3,"₹ 30,00,000.00","₹ 49,884.00"
Karnataka,"Mysore Med Coll, Mysore",OBG,AIQ,"₹ 1,24,150.00",1050,3,"₹ 50,00,000.00","₹ 56,250.00"
Bihar,"Nalanda Med Coll, Patna",OBG,AIQ,"₹ 9,000.00",750,3,"₹ 25,00,000.00","₹ 82,000.00"
Dadra and Nagar Haveli,"NAMO MERI Govt MedColl,Silvassa",OBG,AIQ,"₹ 11,25,000.00",650,3,"₹ 50,00,000.00","₹ 50,000.00"
Maharashtra,"SRTT, Ambajogai",OBG,AIQ,"₹ 1,43,300.00",518,1,"₹ 50,00,000.00","₹ 92,522.00"
Madhya Pradesh,"NSC Bose Med Coll, Jabalpur",OBG,AIQ,"₹ 1,01,500.00",1150,1,"₹ 10,00,000.00","₹ 75,444.00"
West Bengal,"Nilratan Sircar, Kolkata",OBG,AIQ,"₹ 12,000.00",1920,3,"₹ 30,00,000.00","₹ 49,884.00"
West Bengal,"NBMC, Darjeeling",OBG,AIQ,"₹ 12,000.00",843,3,"₹ 30,00,000.00","₹ 49,884.00"
Meghalaya,"NEIGRIHMS, Shillong",OBG,AIQ,"₹ 16,300.00",594,0,₹ 0.00,"₹ 96,000.00"
Telangana,"Osmania Med Coll, Hyderabad",OBG,AIQ,"₹ 25,000.00",4800,1,"₹ 20,00,000.00","₹ 58,289.00"
Bihar,"Patna Med Coll, Patna",OBG,AIQ,"₹ 9,000.00",1748,3,"₹ 25,00,000.00","₹ 82,000.00"
Delhi,"ABVIMS (Dr RML Hosp), Delhi",OBG,AIQ,"₹ 41,000.00",1626,0,₹ 0.00,"₹ 1,20,965.00"
Maharashtra,"Pimpri Chinchwad, Pimpri",OBG,AIQ,"₹ 1,43,300.00",750,1,"₹ 50,00,000.00","₹ 92,522.00"
Odisha,"PGIMER&CapitalHosp,Bhubaneswar",OBG,AIQ,"₹ 38,500.00",760,2,"₹ 53,30,000.00","₹ 70,686.00"
Haryana,"Pt BD Sharma, Rohtak",OBG,AIQ,"₹ 1,25,000.00",2080,0,₹ 0.00,"₹ 1,00,980.00"
Chhattisgarh,"Pt JNM Med Coll, Raipur",OBG,AIQ,"₹ 20,000.00",1246,2,"₹ 50,00,000.00","₹ 67,500.00"
Rajasthan,"RNT, Udaipur",OBG,AIQ,"₹ 12,812.00",2206,2,"₹ 25,00,000.00","₹ 82,800.00"
Karnataka,"Raichur IMS, Raichur",OBG,AIQ,"₹ 1,24,150.00",500,3,"₹ 50,00,000.00","₹ 56,250.00"
Tamil Nadu,"Rajah Muthiah, Annamalainagar",OBG,AIQ,"₹ 50,000.00",1400,2,"₹ 40,00,000.00","₹ 52,451.00"
Maharashtra,"Rajarshee CSM Govt MC,Kolhapur",OBG,AIQ,"₹ 1,43,300.00",665,1,"₹ 50,00,000.00","₹ 92,522.00"
Jharkhand,"Rajendra IMS, Ranchi",OBG,AIQ,"₹ 1,500.00",1754,3,"₹ 30,00,000.00","₹ 1,00,770.00"
Telangana,"Rajiv Gandhi IMS, Adilabad",OBG,AIQ,"₹ 25,000.00",NA,1,"₹ 20,00,000.00","₹ 58,289.00"
Andhra Pradesh,"Rajiv Gandhi IMS, Kadapa",OBG,AIQ,"₹ 48,600.00",715,0,₹ 0.00,"₹ 60,823.00"
Andhra Pradesh,"Rajiv Gandhi IMS, Srikakulam",OBG,AIQ,"₹ 48,600.00",532,0,₹ 0.00,"₹ 60,823.00"
Andhra Pradesh,"Rajiv Gandhi IMS, Ongole",OBG,AIQ,"₹ 48,600.00",500,0,₹ 0.00,"₹ 60,823.00"
Andhra Pradesh,"Rangaraya Med Coll, Kakinada",OBG,AIQ,"₹ 48,600.00",1450,0,₹ 0.00,"₹ 60,823.00"
Manipur,"RIMS, Imphal",OBG,AIQ,"₹ 5,000.00",1074,1,"₹ 20,00,000.00","₹ 1,06,380.00"
West Bengal,"RG Kar Med Coll, Kolkata",OBG,AIQ,"₹ 12,000.00",1663,3,"₹ 30,00,000.00","₹ 49,884.00"
Uttar Pradesh,"SN Med Coll, Agra",OBG,AIQ,"₹ 40,000.00",976,2,"₹ 40,00,000.00","₹ 1,00,980.00"
Andhra Pradesh,"SV Med Coll, Tirupati",OBG,AIQ,"₹ 48,600.00",940,0,₹ 0.00,"₹ 60,823.00"
Rajasthan,"SP Med Coll, Bikaner",OBG,AIQ,"₹ 12,812.00",NA,2,"₹ 25,00,000.00","₹ 82,800.00"
Odisha,"SCB, Cuttack",OBG,AIQ,"₹ 38,500.00",2106,2,"₹ 53,30,000.00","₹ 70,686.00"
Maharashtra,"Seth GS, Mumbai",OBG,AIQ,"₹ 1,43,300.00",2250,1,"₹ 50,00,000.00","₹ 92,522.00"
Uttar Pradesh,"Shaik-ul-Hind, Saharanpur",OBG,AIQ,"₹ 40,000.00",500,2,"₹ 40,00,000.00","₹ 1,00,980.00"
Jammu and Kashmir,"Sher-I-Kashmir, Srinagar",OBG,AIQ,"₹ 11,000.00",NA,0,₹ 0.00,"₹ 82,000.00"
Karnataka,"Shimoga IMS, Shimoga",OBG,AIQ,"₹ 1,24,150.00",950,3,"₹ 50,00,000.00","₹ 56,250.00"
Bihar,"Sri Krishna, Muzzafarpur",OBG,AIQ,"₹ 9,000.00",610,3,"₹ 25,00,000.00","₹ 82,000.00"
Maharashtra,"Shri VR Naik Govt, Yavatmal",OBG,AIQ,"₹ 1,43,300.00",756,1,"₹ 50,00,000.00","₹ 92,522.00"
Madhya Pradesh,"SSMC, Rewa",OBG,AIQ,"₹ 1,01,500.00",1140,1,"₹ 10,00,000.00","₹ 75,444.00"
Assam,"Silchar Med Coll, Silchar",OBG,AIQ,"₹ 17,900.00",1256,2,"₹ 20,00,000.00","₹ 55,200.00"
Rajasthan,"SMS, Jaipur",OBG,AIQ,"₹ 11,647.00",5702,2,"₹ 25,00,000.00","₹ 82,800.00"
Maharashtra,"Sri Bhausaheb, Dhule",OBG,AIQ,"₹ 1,43,300.00",545,1,"₹ 50,00,000.00","₹ 92,522.00"
Tamil Nadu,"Stanley Med Coll, Chennai",OBG,AIQ,"₹ 50,000.00",1661,2,"₹ 40,00,000.00","₹ 52,451.00"
Kerala,"TD Med Coll, Allepey",OBG,AIQ,"₹ 69,470.00",1050,1,"₹ 50,00,000.00","₹ 57,876.00"
Assam,"Tezpur Med Coll, Tezpur",OBG,AIQ,"₹ 17,900.00",500,2,"₹ 20,00,000.00","₹ 55,200.00"
Tamil Nadu,Thanjavur Med Coll,OBG,AIQ,"₹ 50,000.00",1466,2,"₹ 40,00,000.00","₹ 52,451.00"
Tamil Nadu,Govt Theni Med Coll,OBG,AIQ,"₹ 50,000.00",940,2,"₹ 40,00,000.00","₹ 52,451.00"
Tamil Nadu,Govt Thiruvarur Med Coll,OBG,AIQ,"₹ 50,000.00",555,2,"₹ 40,00,000.00","₹ 52,451.00"
Tamil Nadu,Govt Thoothukudi Med Coll,OBG,AIQ,"₹ 50,000.00",1212,2,"₹ 40,00,000.00","₹ 52,451.00"
Tamil Nadu,Tirunelveli Med Coll,OBG,AIQ,"₹ 50,000.00",1737,2,"₹ 40,00,000.00","₹ 52,451.00"
Maharashtra,"Topiwala, Mumbai",OBG,AIQ,"₹ 1,43,300.00",1300,1,"₹ 50,00,000.00","₹ 92,522.00"
Delhi,"UCMS, Delhi",OBG,AIQ,"₹ 57,600.00",1000,0,₹ 0.00,"₹ 1,26,927.00"
Uttar Pradesh,"UP Univ of Med Sci, Etawah",OBG,AIQ,"₹ 40,000.00",1268,2,"₹ 40,00,000.00","₹ 1,00,980.00"
Delhi,"VMMC, Delhi",OBG,AIQ,"₹ 41,000.00",1550,0,₹ 0.00,"₹ 1,20,965.00"
Odisha,"VIMSAR, Burla",OBG,AIQ,"₹ 38,500.00",1071,2,"₹ 53,30,000.00","₹ 70,686.00"
Karnataka,"VIMS, Bellary",OBG,AIQ,"₹ 1,24,150.00",1295,3,"₹ 50,00,000.00","₹ 56,250.00"
Goa,"Goa Med Coll, Panaji",OBG,AIQ,"₹ 1,22,522.00",1160,1,"₹ 50,00,000.00","₹ 60,000.00"
Maharashtra,"PGIMS, Navi Mumbai",OBG,AIQ,"₹ 1,43,300.00",NA,1,"₹ 50,00,000.00","₹ 92,522.00"
Uttar Pradesh,"Govt Med Coll, Kannauj",OBG,AIQ,"₹ 40,000.00",470,2,"₹ 40,00,000.00","₹ 1,00,980.00"
Uttar Pradesh,"Rajkiya Med Coll, Jalaun",OBG,AIQ,"₹ 40,000.00",NA,2,"₹ 40,00,000.00","₹ 1,00,980.00"
Maharashtra,"JN Med College, Meghe, Wardha",OBG,MNG,"₹ 43,75,000.00",2150,1,"₹ 5,00,000.00","₹ 66,829.00"
Telangana,"Malla Reddy IMS, Hyderabad",OBG,MNG,"₹ 50,00,000.00",940,1,"₹ 15,00,000.00","₹ 45,000.00"
Telangana,"Malla Reddy(Women), Hyderabad",OBG,MNG,"₹ 50,00,000.00",1050,1,"₹ 15,00,000.00","₹ 45,000.00"
Gujarat,"SBKS, Vadodara",OBG,MNG,"₹ 31,50,000.00",1340,0,₹ 0.00,"₹ 1,00,800.00"
Pondicherry,"Aarupadai Veedu, Pondicherry",OBG,MNG,"₹ 48,00,000.00",584,0,₹ 0.00,"₹ 40,000.00"
Tamil Nadu,"ACS Med Coll, Chennai",OBG,MNG,"₹ 45,00,000.00",1050,0,₹ 0.00,"₹ 20,000.00"
Kerala,"Amrita School of Med, Kochi",OBG,MNG,"₹ 30,00,000.00",1110,0,₹ 0.00,"₹ 43,000.00"
Maharashtra,"BVDU, Sangli",OBG,MNG,"₹ 26,74,110.00",853,1,"₹ 12,00,000.00","₹ 76,000.00"
Maharashtra,"BVDU, Pune",OBG,MNG,"₹ 34,03,420.00",856,1,"₹ 12,00,000.00","₹ 76,000.00"
Tamil Nadu,"Chettinad Hosp&RI,Kanchipuram",OBG,MNG,"₹ 46,00,000.00",1180,0,₹ 0.00,"₹ 48,000.00"
Maharashtra,"DY Patil, Kolhapur",OBG,MNG,"₹ 31,10,000.00",800,1,"₹ 20,00,000.00","₹ 76,629.00"
Andhra Pradesh,"GITAM IMS, Vizag",OBG,MNG,"₹ 29,70,000.00",780,0,₹ 0.00,"₹ 44,075.00"
Delhi,"Hamdard Institute, Delhi",OBG,MNG,"₹ 25,00,000.00",710,0,₹ 0.00,"₹ 80,000.00"
Odisha,"IMS & SUM, Bhubaneswar",OBG,MNG,"₹ 30,00,000.00",1410,0,₹ 0.00,"₹ 60,000.00"
Karnataka,"JN Medical College, Belgaum",OBG,MNG,"₹ 30,30,000.00",2400,1,"₹ 10,00,000.00","₹ 45,000.00"
Karnataka,"JSS Med Coll, Mysore",OBG,MNG,"₹ 32,00,000.00",2060,0,₹ 0.00,"₹ 45,000.00"
Karnataka,"KS Hegde, Mangalore",OBG,MNG,"₹ 27,30,000.00",1000,0,₹ 0.00,"₹ 45,000.00"
Odisha,"Kalinga IMS, Bhubaneswar",OBG,MNG,"₹ 21,00,000.00",1750,0,₹ 0.00,"₹ 70,000.00"
Karnataka,"Kasturba Med Coll, Mangalore",OBG,MNG,"₹ 25,51,000.00",1290,0,₹ 0.00,"₹ 45,000.00"
Karnataka,"Kasturba Med Coll, Manipal",OBG,MNG,"₹ 25,51,000.00",2032,0,₹ 0.00,"₹ 45,000.00"
Maharashtra,"Krishna IMS, Karad",OBG,MNG,"₹ 38,00,000.00",1125,0,₹ 0.00,"₹ 88,213.00"
Haryana,"MMIMS, Mullana, Ambala",OBG,MNG,"₹ 31,95,000.00",940,1,"₹ 10,00,000.00","₹ 56,100.00"
Pondicherry,"MGMC & RI, Pondicherry",OBG,MNG,"₹ 50,00,000.00",1380,0,₹ 0.00,"₹ 40,000.00"
Maharashtra,"MGM Med Coll, Aurangabad",OBG,MNG,"₹ 40,00,000.00",700,1,"₹ 25,00,000.00","₹ 88,000.00"
Maharashtra,"MGM Med Coll, Navi Mumbai",OBG,MNG,"₹ 40,00,000.00",1740,1,"₹ 25,00,000.00","₹ 88,000.00"
Tamil Nadu,"Meenakshi Med Coll, Enathur",OBG,MNG,"₹ 45,00,000.00",1110,0,₹ 0.00,"₹ 25,000.00"
Maharashtra,"DY Patil, Navi Mumbai",OBG,MNG,"₹ 68,50,000.00",1662,1,"₹ 10,00,000.00","₹ 76,629.00"
Karnataka,"Rajeshwari, Bangalore",OBG,MNG,"₹ 50,00,000.00",1460,0,₹ 0.00,"₹ 25,000.00"
Maharashtra,"Rural Med Coll, LONI",OBG,MNG,"₹ 30,00,000.00",1275,1,"₹ 5,00,000.00","₹ 64,559.00"
Uttar Pradesh,"Santosh Med Coll, Ghaziabad",OBG,MNG,"₹ 50,00,000.00",800,0,₹ 0.00,"₹ 56,010.00"
Tamil Nadu,"Saveetha, Kanchipuram",OBG,MNG,"₹ 36,00,000.00",1250,0,₹ 0.00,"₹ 35,000.00"
Karnataka,"Shri BM Patil, Vijayapura",OBG,MNG,"₹ 34,00,000.00",1130,0,₹ 0.00,"₹ 45,000.00"
Tamil Nadu,"Shri Satya Sai, Kancheepuram",OBG,MNG,"₹ 50,00,000.00",1120,0,₹ 0.00,"₹ 35,000.00"
Tamil Nadu,"Sree Balaji Med Coll, Chennai",OBG,MNG,"₹ 60,00,000.00",1250,0,₹ 0.00,"₹ 25,000.00"
Karnataka,"SDU Med Coll, Kolar",OBG,MNG,"₹ 33,80,000.00",1100,1,"₹ 22,00,000.00","₹ 45,000.00"
Pondicherry,"SLIMS, Pondicherry",OBG,MNG,"₹ 60,00,000.00",1230,0,₹ 0.00,"₹ 43,000.00"
Tamil Nadu,"SRMC & RI, Chennai",OBG,MNG,"₹ 32,00,000.00",1800,0,₹ 0.00,"₹ 48,000.00"
Karnataka,"Siddhartha Med Coll, Tumkur",OBG,MNG,"₹ 31,50,000.00",960,0,₹ 0.00,"₹ 30,000.00"
Tamil Nadu,"SRM Med Coll, Kancheepuram",OBG,MNG,"₹ 45,00,000.00",1590,0,₹ 0.00,"₹ 50,923.00"
Tamil Nadu,"Vinayaka Missions, Salem",OBG,MNG,"₹ 40,12,000.00",560,0,₹ 0.00,"₹ 35,000.00"
Pondicherry,"Vinayaka Missions, Karaikal",OBG,MNG,"₹ 38,00,000.00",590,0,₹ 0.00,"₹ 40,000.00"
Karnataka,"Yenepoya Med Coll, Mangalore",OBG,MNG,"₹ 40,00,000.00",910,0,₹ 0.00,"₹ 45,000.00"
Delhi,"Hamdard Institute, Delhi",OBG,MM,"₹ 25,00,000.00",710,0,₹ 0.00,"₹ 80,000.00"
Karnataka,"Yenepoya Med Coll, Mangalore",OBG,MM,"₹ 40,00,000.00",910,0,₹ 0.00,"₹ 45,000.00"
Gujarat,"SBKS, Vadodara",OBG,JM,"₹ 28,35,500.00",1340,1,"₹ 15,00,000.00","₹ 1,00,800.00"
Telangana,"Malla Reddy IMS, Hyderabad",OBG,NRI,"₹ 91,85,000.00",940,1,"₹ 15,00,000.00","₹ 45,000.00"
Telangana,"Malla Reddy(Women), Hyderabad",OBG,NRI,"₹ 91,85,000.00",1050,1,"₹ 15,00,000.00","₹ 45,000.00"
Gujarat,"SBKS, Vadodara",OBG,NRI,"₹ 63,04,000.00",1340,0,₹ 0.00,"₹ 1,00,800.00"
Pondicherry,"Aarupadai Veedu, Pondicherry",OBG,NRI,"₹ 65,41,000.00",584,0,₹ 0.00,"₹ 40,000.00"
Tamil Nadu,"ACS Med Coll, Chennai",OBG,NRI,"₹ 83,50,000.00",1050,0,₹ 0.00,"₹ 20,000.00"
Kerala,"Amrita School of Med, Kochi",OBG,NRI,"₹ 66,80,000.00",1110,0,₹ 0.00,"₹ 43,000.00"
Maharashtra,"BVDU, Sangli",OBG,NRI,"₹ 91,62,000.00",853,1,"₹ 12,00,000.00","₹ 76,000.00"
Maharashtra,"BVDU, Pune",OBG,NRI,"₹ 1,01,26,000.00",856,1,"₹ 12,00,000.00","₹ 76,000.00"
Tamil Nadu,"Chettinad Hosp&RI,Kanchipuram",OBG,NRI,"₹ 75,15,000.00",1180,0,₹ 0.00,"₹ 48,000.00"
Maharashtra,"DY Patil, Kolhapur",OBG,NRI,"₹ 64,30,000.00",800,1,"₹ 20,00,000.00","₹ 76,629.00"
Andhra Pradesh,"GITAM IMS, Vizag",OBG,NRI,"₹ 1,16,90,000.00",780,0,₹ 0.00,"₹ 44,075.00"
Delhi,"Hamdard Institute, Delhi",OBG,NRI,"₹ 58,45,000.00",710,0,₹ 0.00,"₹ 80,000.00"
Odisha,"IMS & SUM, Bhubaneswar",OBG,NRI,"₹ 68,05,000.00",1410,0,₹ 0.00,"₹ 60,000.00"
Karnataka,"JN Medical College, Belgaum",OBG,NRI,"₹ 82,08,000.00",2400,1,"₹ 10,00,000.00","₹ 45,000.00"
Karnataka,"JSS Med Coll, Mysore",OBG,NRI,"₹ 79,80,000.00",2060,0,₹ 0.00,"₹ 45,000.00"
Karnataka,"KS Hegde, Mangalore",OBG,NRI,"₹ 58,30,000.00",1000,0,₹ 0.00,"₹ 45,000.00"
Odisha,"Kalinga IMS, Bhubaneswar",OBG,NRI,"₹ 66,80,000.00",1750,0,₹ 0.00,"₹ 70,000.00"
Karnataka,"Kasturba Med Coll, Mangalore",OBG,NRI,"₹ 49,43,000.00",1290,0,₹ 0.00,"₹ 45,000.00"
Karnataka,"Kasturba Med Coll, Manipal",OBG,NRI,"₹ 49,43,000.00",2032,0,₹ 0.00,"₹ 45,000.00"
Maharashtra,"Krishna IMS, Karad",OBG,NRI,"₹ 87,68,000.00",1125,0,₹ 0.00,"₹ 88,213.00"
Haryana,"MMIMS, Mullana, Ambala",OBG,NRI,"₹ 66,80,000.00",940,1,"₹ 10,00,000.00","₹ 56,100.00"
Pondicherry,"MGMC & RI, Pondicherry",OBG,NRI,"₹ 62,63,000.00",1380,0,₹ 0.00,"₹ 40,000.00"
Maharashtra,"MGM Med Coll, Aurangabad",OBG,NRI,"₹ 1,00,00,000.00",700,1,"₹ 25,00,000.00","₹ 88,000.00"
Maharashtra,"MGM Med Coll, Aurangabad",PAEDIATRICS,NRI,"₹ 80,00,000.00",700,1,"₹ 25,00,000.00","₹ 88,000.00"
Maharashtra,"MGM Med Coll, Aurangabad",ORTHOPAEDICS,NRI,"₹ 1,00,00,000.00",700,1,"₹ 25,00,000.00","₹ 88,000.00"
Maharashtra,"MGM Med Coll, Aurangabad",DERMATOLOGY,NRI,"₹ 1,00,00,000.00",700,1,"₹ 25,00,000.00","₹ 88,000.00"
Maharashtra,"MGM Med Coll, Aurangabad",ANAESTHESIOLOGY,NRI,"₹ 65,00,000.00",700,1,"₹ 25,00,000.00","₹ 88,000.00"
Maharashtra,"MGM Med Coll, Aurangabad",EMERGENCY MEDICINE,NRI,"₹ 65,00,000.00",700,1,"₹ 25,00,000.00","₹ 88,000.00"
Maharashtra,"MGM Med Coll, Navi Mumbai",OPHTHALMOLOGY,MNG,"₹ 40,00,000.00",1740,1,"₹ 25,00,000.00","₹ 88,000.00"
Maharashtra,"MGM Med Coll, Navi Mumbai",PATHOLOGY,MNG,"₹ 20,00,000.00",1740,1,"₹ 25,00,000.00","₹ 88,000.00"
Maharashtra,"MGM Med Coll, Navi Mumbai",ORTHOPAEDICS,MNG,"₹ 40,00,000.00",1740,1,"₹ 25,00,000.00","₹ 88,000.00"
Maharashtra,"MGM Med Coll, Navi Mumbai",ANATOMY,MNG,"₹ 1,00,000.00",1740,1,"₹ 25,00,000.00","₹ 88,000.00"
Maharashtra,"MGM Med Coll, Navi Mumbai",ANAESTHESIOLOGY,MNG,"₹ 30,00,000.00",1740,1,"₹ 25,00,000.00","₹ 88,000.00"
Maharashtra,"MGM Med Coll, Navi Mumbai",TRAUMATOLOGY AND SURGERY,MNG,"₹ 30,00,000.00",1740,1,"₹ 25,00,000.00","₹ 88,000.00"
Maharashtra,"MGM Med Coll, Navi Mumbai",FAMILY MEDICINE,MNG,"₹ 20,00,000.00",1740,1,"₹ 25,00,000.00","₹ 88,000.00"
Maharashtra,"MGM Med Coll, Navi Mumbai",DERMATOLOGY,MNG,"₹ 40,00,000.00",1740,1,"₹ 25,00,000.00","₹ 88,000.00"
Maharashtra,"MGM Med Coll, Navi Mumbai",BIOCHEMISTRY,MNG,"₹ 1,00,000.00",1740,1,"₹ 25,00,000.00","₹ 88,000.00"
Maharashtra,"MGM Med Coll, Navi Mumbai",OPHTHALMOLOGY,NRI,"₹ 80,00,000.00",1740,1,"₹ 25,00,000.00","₹ 88,000.00"
Maharashtra,"MGM Med Coll, Navi Mumbai",ORTHOPAEDICS,NRI,"₹ 1,00,00,000.00",1740,1,"₹ 25,00,000.00","₹ 88,000.00"
Maharashtra,"MGM Med Coll, Navi Mumbai",OBG,NRI,"₹ 1,00,00,000.00",1740,1,"₹ 25,00,000.00","₹ 88,000.00"
Maharashtra,"MGM Med Coll, Navi Mumbai",PAEDIATRICS,NRI,"₹ 80,00,000.00",1740,1,"₹ 25,00,000.00","₹ 88,000.00"
Maharashtra,"MGM Med Coll, Navi Mumbai",DERMATOLOGY,NRI,"₹ 1,00,00,000.00",1740,1,"₹ 25,00,000.00","₹ 88,000.00"
Tamil Nadu,"Meenakshi Med Coll, Enathur",PATHOLOGY,MNG,"₹ 10,00,000.00",1110,0,₹ 0.00,NA
Jammu and Kashmir,"Assoc Hosp Govt MC, Baramulla",DNBGENERAL SURGERY,DNB Post MBBS,"₹ 1,25,000.00",363,0,₹ 0.00,"₹ 48,000.00"
Tamil Nadu,"Meenakshi Med Coll, Enathur",ANAESTHESIOLOGY,MNG,"₹ 30,00,000.00",1110,0,₹ 0.00,"₹ 25,000.00"
Tamil Nadu,"Meenakshi Med Coll, Enathur",ANATOMY,MNG,"₹ 1,00,000.00",1110,0,₹ 0.00,NA
Tamil Nadu,"Meenakshi Med Coll, Enathur",OPHTHALMOLOGY,MNG,"₹ 35,00,000.00",1110,0,₹ 0.00,"₹ 25,000.00"
Tamil Nadu,"Meenakshi Med Coll, Enathur",ORTHOPAEDICS,MNG,"₹ 50,00,000.00",1110,0,₹ 0.00,"₹ 25,000.00"
Tamil Nadu,"Meenakshi Med Coll, Enathur",DERMATOLOGY,MNG,"₹ 50,00,000.00",1110,0,₹ 0.00,"₹ 25,000.00"
Tamil Nadu,"Meenakshi Med Coll, Enathur",BIOCHEMISTRY,MNG,"₹ 1,00,000.00",1110,0,₹ 0.00,NA
Tamil Nadu,"Meenakshi Med Coll, Enathur",PAEDIATRICS,NRI,"₹ 58,45,000.00",1110,0,₹ 0.00,"₹ 25,000.00"
Tamil Nadu,"Meenakshi Med Coll, Enathur",DERMATOLOGY,NRI,"₹ 64,30,000.00",1110,0,₹ 0.00,"₹ 25,000.00"
Tamil Nadu,"Meenakshi Med Coll, Enathur",OBG,NRI,"₹ 58,45,000.00",1110,0,₹ 0.00,"₹ 25,000.00"
Maharashtra,"DY Patil, Navi Mumbai",DERMATOLOGY,MNG,"₹ 68,50,000.00",1662,1,"₹ 10,00,000.00","₹ 76,629.00"
Maharashtra,"DY Patil, Navi Mumbai",ANAESTHESIOLOGY,MNG,"₹ 33,00,000.00",1662,1,"₹ 10,00,000.00","₹ 76,629.00"
Maharashtra,"DY Patil, Navi Mumbai",OPHTHALMOLOGY,MNG,"₹ 42,50,000.00",1662,1,"₹ 10,00,000.00","₹ 76,629.00"
Maharashtra,"DY Patil, Navi Mumbai",ORTHOPAEDICS,MNG,"₹ 62,50,000.00",1662,1,"₹ 10,00,000.00","₹ 76,629.00"
Maharashtra,"DY Patil, Navi Mumbai",PATHOLOGY,MNG,"₹ 20,00,000.00",1662,1,"₹ 10,00,000.00","₹ 76,629.00"
Maharashtra,"DY Patil, Navi Mumbai",FAMILY MEDICINE,MNG,"₹ 30,00,000.00",1662,1,"₹ 10,00,000.00","₹ 76,629.00"
Maharashtra,"DY Patil, Navi Mumbai",ANATOMY,MNG,"₹ 8,50,000.00",1662,1,"₹ 10,00,000.00","₹ 76,629.00"
Maharashtra,"DY Patil, Navi Mumbai",BIOCHEMISTRY,MNG,"₹ 8,50,000.00",1662,1,"₹ 10,00,000.00","₹ 76,629.00"
Karnataka,"Rajeshwari, Bangalore",DERMATOLOGY,MNG,"₹ 65,00,000.00",1460,0,₹ 0.00,"₹ 25,000.00"
Karnataka,"Rajeshwari, Bangalore",ORTHOPAEDICS,MNG,"₹ 50,00,000.00",1460,0,₹ 0.00,"₹ 25,000.00"
Karnataka,"Rajeshwari, Bangalore",ANATOMY,MNG,"₹ 5,00,000.00",1460,0,₹ 0.00,"₹ 25,000.00"
Tamil Nadu,Govt Villupuram Med Coll,OPHTHALMOLOGY,AIQ,"₹ 50,000.00",670,2,"₹ 40,00,000.00","₹ 52,451.00"
Maharashtra,"Grant Med Coll, Mumbai",OPHTHALMOLOGY,AIQ,"₹ 1,43,300.00",2844,1,"₹ 50,00,000.00","₹ 92,522.00"
Uttar Pradesh,"GSVM Med Coll, Kanpur",OPHTHALMOLOGY,AIQ,"₹ 40,000.00",2083,2,"₹ 40,00,000.00","₹ 1,00,980.00"
Karnataka,"Gulbarga IMS, Gulbarga",OPHTHALMOLOGY,AIQ,"₹ 1,24,150.00",873,3,"₹ 50,00,000.00","₹ 56,250.00"
Andhra Pradesh,"Guntur Med Coll, Guntur",OPHTHALMOLOGY,AIQ,"₹ 48,600.00",1170,0,₹ 0.00,"₹ 60,823.00"
Punjab,"Guru Govind Singh, Faridkot",OPHTHALMOLOGY,AIQ,"₹ 1,25,000.00",1000,1,"₹ 10,00,000.00","₹ 67,968.00"
Maharashtra,"HBT & RN Cooper, Mumbai",OPHTHALMOLOGY,AIQ,"₹ 1,43,300.00",940,1,"₹ 50,00,000.00","₹ 92,522.00"
Karnataka,"Hassan IMS, Hassan",OPHTHALMOLOGY,AIQ,"₹ 1,24,150.00",NA,3,"₹ 50,00,000.00","₹ 56,250.00"
Bihar,"IGIMS, Patna",OPHTHALMOLOGY,AIQ,"₹ 1,60,000.00",1062,0,₹ 0.00,"₹ 1,05,000.00"
Maharashtra,"Indira Gandhi MedColl, Nagpur",OPHTHALMOLOGY,AIQ,"₹ 1,43,300.00",822,1,"₹ 50,00,000.00","₹ 92,522.00"
Pondicherry,"IGMC & RI, Pondicherry",OPHTHALMOLOGY,AIQ,"₹ 1,10,000.00",750,0,₹ 0.00,"₹ 43,000.00"
Himachal Pradesh,"IGMC, Shimla",OPHTHALMOLOGY,AIQ,"₹ 39,000.00",1031,3,"₹ 40,00,000.00","₹ 40,000.00"
Uttar Pradesh,"IMS(BHU), Varanasi",OPHTHALMOLOGY,AIQ,"₹ 48,226.00",1165,0,₹ 0.00,"₹ 1,00,706.00"
West Bengal,"IPGMER, Kolkata",OPHTHALMOLOGY,AIQ,"₹ 12,000.00",2300,3,"₹ 30,00,000.00","₹ 49,884.00"
Manipur,"JNIMS, Imphal",OPHTHALMOLOGY,AIQ,"₹ 1,00,000.00",643,1,"₹ 20,00,000.00","₹ 50,000.00"
Rajasthan,"JLNMC, Ajmer",OPHTHALMOLOGY,AIQ,"₹ 10,982.00",1428,2,"₹ 25,00,000.00","₹ 82,800.00"
Uttar Pradesh,"JNMC (AMU), Aligarh",OPHTHALMOLOGY,AIQ,"₹ 38,000.00",1269,0,₹ 0.00,"₹ 1,08,000.00"
Bihar,"Jawaharlal Nehru, Bhagalpur",OPHTHALMOLOGY,AIQ,"₹ 9,000.00",800,3,"₹ 25,00,000.00","₹ 82,000.00"
Assam,"Jorhat Med Coll, Jorhat",OPHTHALMOLOGY,AIQ,"₹ 17,900.00",814,2,"₹ 20,00,000.00","₹ 55,200.00"
Tamil Nadu,"Kanyakumari Med Coll, Asaripallam",OPHTHALMOLOGY,AIQ,"₹ 50,000.00",840,2,"₹ 40,00,000.00","₹ 52,451.00"
Karnataka,"KIMS, Hubli",OPHTHALMOLOGY,AIQ,"₹ 1,24,150.00",1200,3,"₹ 50,00,000.00","₹ 56,250.00"
Uttar Pradesh,"KGMU, Lucknow",OPHTHALMOLOGY,AIQ,"₹ 54,700.00",4500,2,"₹ 40,00,000.00","₹ 1,09,955.00"
Karnataka,Kodagu Inst of Med Sciences,OPHTHALMOLOGY,AIQ,"₹ 1,24,150.00",600,3,"₹ 50,00,000.00","₹ 56,250.00"
Andhra Pradesh,"Kurnool Med Coll, Kurnool",OPHTHALMOLOGY,AIQ,"₹ 48,600.00",1150,0,₹ 0.00,"₹ 60,823.00"
Uttar Pradesh,"LLRM Med Coll, Meerut",OPHTHALMOLOGY,AIQ,"₹ 40,000.00",1090,2,"₹ 40,00,000.00","₹ 1,00,980.00"
Maharashtra,"Lokmanya Tilak, Sion, Mumbai",OPHTHALMOLOGY,AIQ,"₹ 1,43,300.00",1462,1,"₹ 50,00,000.00","₹ 92,522.00"
Madhya Pradesh,"MGM Med Coll, Indore",OPHTHALMOLOGY,AIQ,"₹ 1,01,500.00",1300,1,"₹ 10,00,000.00","₹ 75,444.00"
Jharkhand,"MGM Med Coll, Jamshedpur",OPHTHALMOLOGY,AIQ,"₹ 1,500.00",540,3,"₹ 30,00,000.00","₹ 54,500.00"
Tamil Nadu,"Madras Med Coll, Chennai",OPHTHALMOLOGY,AIQ,"₹ 50,000.00",7285,2,"₹ 40,00,000.00","₹ 52,451.00"
Maharashtra,"Govt&MPGIMER, Nashik",OPHTHALMOLOGY,AIQ,"₹ 1,43,300.00",NA,1,"₹ 50,00,000.00","₹ 92,522.00"
Maharashtra,"MGIMS, Wardha",OPHTHALMOLOGY,AIQ,"₹ 1,43,300.00",1000,1,"₹ 50,00,000.00","₹ 89,698.00"
Kerala,"Medical College, Trivandrum",OPHTHALMOLOGY,AIQ,"₹ 69,470.00",2126,1,"₹ 50,00,000.00","₹ 57,876.00"
West Bengal,Midnapore Medical College,OPHTHALMOLOGY,AIQ,"₹ 12,000.00",1051,3,"₹ 30,00,000.00","₹ 49,884.00"
Odisha,"MKCG, Berhampur",OPHTHALMOLOGY,AIQ,"₹ 38,500.00",1140,2,"₹ 53,30,000.00","₹ 70,686.00"
Tamil Nadu,"Govt. Mohan Kumaramangalam, Salem",OPHTHALMOLOGY,AIQ,"₹ 50,000.00",1642,2,"₹ 40,00,000.00","₹ 52,451.00"
Uttar Pradesh,"MLN Med Coll, Allahabad",OPHTHALMOLOGY,AIQ,"₹ 40,000.00",NA,2,"₹ 40,00,000.00","₹ 1,00,980.00"
West Bengal,Murshidabad Med Coll,OPHTHALMOLOGY,AIQ,"₹ 12,000.00",1208,3,"₹ 30,00,000.00","₹ 49,884.00"
Karnataka,"Mysore Med Coll, Mysore",OPHTHALMOLOGY,AIQ,"₹ 1,24,150.00",1050,3,"₹ 50,00,000.00","₹ 56,250.00"
Bihar,"Nalanda Med Coll, Patna",OPHTHALMOLOGY,AIQ,"₹ 9,000.00",750,3,"₹ 25,00,000.00","₹ 82,000.00"
Dadra and Nagar Haveli,"NAMO MERI Govt MedColl,Silvassa",OPHTHALMOLOGY,AIQ,"₹ 10,00,000.00",650,3,"₹ 50,00,000.00","₹ 50,000.00"
Uttar Pradesh,"Santosh Med Coll, Ghaziabad",DPH,MNG,"₹ 2,00,000.00",800,0,₹ 0.00,"₹ 56,010.00"
Uttar Pradesh,"Santosh Med Coll, Ghaziabad",ANAESTHESIOLOGY,MNG,"₹ 25,00,000.00",800,0,₹ 0.00,"₹ 56,010.00"
Uttar Pradesh,"Santosh Med Coll, Ghaziabad",ANATOMY,MNG,"₹ 75,000.00",800,0,₹ 0.00,"₹ 56,010.00"
Uttar Pradesh,"Santosh Med Coll, Ghaziabad",BIOCHEMISTRY,MNG,"₹ 2,00,000.00",800,0,₹ 0.00,"₹ 56,010.00"
Uttar Pradesh,"Santosh Med Coll, Ghaziabad",DERMATOLOGY,MNG,"₹ 68,00,000.00",800,0,₹ 0.00,"₹ 56,010.00"
Uttar Pradesh,"Santosh Med Coll, Ghaziabad",DERMATOLOGY,NRI,"₹ 1,46,13,000.00",800,0,₹ 0.00,"₹ 56,010.00"
Uttar Pradesh,"Santosh Med Coll, Ghaziabad",PATHOLOGY,MNG,"₹ 10,00,000.00",800,0,₹ 0.00,"₹ 56,010.00"
Uttar Pradesh,"Santosh Med Coll, Ghaziabad",PAEDIATRICS,NRI,"₹ 91,85,000.00",800,0,₹ 0.00,"₹ 56,010.00"
Uttar Pradesh,"Santosh Med Coll, Ghaziabad",OPHTHALMOLOGY,MNG,"₹ 32,00,000.00",800,0,₹ 0.00,"₹ 56,010.00"
Uttar Pradesh,"Santosh Med Coll, Ghaziabad",OBG,NRI,"₹ 1,00,20,000.00",800,0,₹ 0.00,"₹ 56,010.00"
Uttar Pradesh,"Santosh Med Coll, Ghaziabad",ORTHOPAEDICS,MNG,"₹ 40,00,000.00",800,0,₹ 0.00,"₹ 56,010.00"
Uttar Pradesh,"Santosh Med Coll, Ghaziabad",OPHTHALMOLOGY,NRI,"₹ 79,33,000.00",800,0,₹ 0.00,"₹ 56,010.00"
Uttar Pradesh,"Santosh Med Coll, Ghaziabad",ORTHOPAEDICS,NRI,"₹ 83,50,000.00",800,0,₹ 0.00,"₹ 56,010.00"
Tamil Nadu,"Saveetha, Kanchipuram",ORTHOPAEDICS,MNG,"₹ 36,00,000.00",1250,0,₹ 0.00,"₹ 35,000.00"
Tamil Nadu,"Saveetha, Kanchipuram",PATHOLOGY,MNG,"₹ 10,00,000.00",1250,0,₹ 0.00,"₹ 35,000.00"
Tamil Nadu,"Saveetha, Kanchipuram",DERMATOLOGY,MNG,"₹ 40,00,000.00",1250,0,₹ 0.00,"₹ 35,000.00"
Tamil Nadu,"Saveetha, Kanchipuram",ANAESTHESIOLOGY,MNG,"₹ 25,00,000.00",1250,0,₹ 0.00,"₹ 35,000.00"
Karnataka,"VIMS, Bellary",OPHTHALMOLOGY,AIQ,"₹ 1,24,150.00",1295,3,"₹ 50,00,000.00","₹ 56,250.00"
Goa,"Goa Med Coll, Panaji",OPHTHALMOLOGY,AIQ,"₹ 1,22,522.00",1160,1,"₹ 50,00,000.00","₹ 60,000.00"
Uttar Pradesh,"Govt Med Coll, Kannauj",OPHTHALMOLOGY,AIQ,"₹ 40,000.00",470,2,"₹ 40,00,000.00","₹ 1,00,980.00"
Maharashtra,"Govt Med Coll, Jalgaon",OPHTHALMOLOGY,AIQ,"₹ 1,43,300.00",441,1,"₹ 50,00,000.00","₹ 92,522.00"
Madhya Pradesh,"Govt Med Coll, Ratlam",OPHTHALMOLOGY,AIQ,"₹ 1,01,500.00",300,1,"₹ 10,00,000.00","₹ 75,444.00"
Telangana,"Malla Reddy IMS, Hyderabad",OPHTHALMOLOGY,MNG,"₹ 40,00,000.00",940,1,"₹ 15,00,000.00","₹ 45,000.00"
Telangana,"Malla Reddy(Women), Hyderabad",OPHTHALMOLOGY,MNG,"₹ 35,00,000.00",1050,1,"₹ 15,00,000.00","₹ 45,000.00"
Maharashtra,"JN Med College, Meghe, Wardha",OPHTHALMOLOGY,MNG,"₹ 38,00,000.00",2150,1,"₹ 5,00,000.00","₹ 66,829.00"
Gujarat,"SBKS, Vadodara",OPHTHALMOLOGY,MNG,"₹ 31,00,000.00",1340,0,₹ 0.00,"₹ 1,00,800.00"
Pondicherry,"Aarupadai Veedu, Pondicherry",OPHTHALMOLOGY,MNG,"₹ 35,00,000.00",584,0,₹ 0.00,"₹ 40,000.00"
Tamil Nadu,"ACS Med Coll, Chennai",OPHTHALMOLOGY,MNG,"₹ 30,00,000.00",1050,0,₹ 0.00,"₹ 20,000.00"
Kerala,"Amrita School of Med, Kochi",OPHTHALMOLOGY,MNG,"₹ 25,00,000.00",1110,0,₹ 0.00,"₹ 43,000.00"
Maharashtra,"BVDU, Sangli",OPHTHALMOLOGY,MNG,"₹ 24,31,010.00",853,1,"₹ 12,00,000.00","₹ 76,000.00"
Maharashtra,"BVDU, Pune",OPHTHALMOLOGY,MNG,"₹ 29,21,625.00",856,1,"₹ 12,00,000.00","₹ 76,000.00"
Tamil Nadu,"Chettinad Hosp&RI,Kanchipuram",OPHTHALMOLOGY,MNG,"₹ 30,00,000.00",1180,0,₹ 0.00,"₹ 48,000.00"
Maharashtra,"DY Patil, Kolhapur",OPHTHALMOLOGY,MNG,"₹ 27,25,000.00",800,1,"₹ 20,00,000.00","₹ 76,629.00"
Andhra Pradesh,"GITAM IMS, Vizag",OPHTHALMOLOGY,MNG,"₹ 27,50,000.00",780,0,₹ 0.00,"₹ 44,075.00"
Delhi,"Hamdard Institute, Delhi",OPHTHALMOLOGY,MNG,"₹ 25,00,000.00",710,0,₹ 0.00,"₹ 80,000.00"
Odisha,"IMS & SUM, Bhubaneswar",OPHTHALMOLOGY,MNG,"₹ 19,80,000.00",1410,0,₹ 0.00,"₹ 60,000.00"
Karnataka,"JN Medical College, Belgaum",OPHTHALMOLOGY,MNG,"₹ 27,90,000.00",2400,1,"₹ 10,00,000.00","₹ 45,000.00"
Karnataka,"JSS Med Coll, Mysore",OPHTHALMOLOGY,MNG,"₹ 22,00,000.00",2060,0,₹ 0.00,"₹ 45,000.00"
Karnataka,"KS Hegde, Mangalore",OPHTHALMOLOGY,MNG,"₹ 27,30,000.00",1000,0,₹ 0.00,"₹ 45,000.00"
Odisha,"Kalinga IMS, Bhubaneswar",OPHTHALMOLOGY,MNG,"₹ 21,00,000.00",1750,0,₹ 0.00,"₹ 70,000.00"
Karnataka,"Kasturba Med Coll, Mangalore",OPHTHALMOLOGY,MNG,"₹ 26,50,000.00",1290,0,₹ 0.00,"₹ 45,000.00"
Karnataka,"Kasturba Med Coll, Manipal",OPHTHALMOLOGY,MNG,"₹ 26,50,000.00",2032,0,₹ 0.00,"₹ 45,000.00"
Maharashtra,"Krishna IMS, Karad",OPHTHALMOLOGY,MNG,"₹ 35,00,000.00",1125,0,₹ 0.00,"₹ 88,213.00"
Haryana,"MMIMS, Mullana, Ambala",OPHTHALMOLOGY,MNG,"₹ 31,95,000.00",940,1,"₹ 10,00,000.00","₹ 56,100.00"
Pondicherry,"MGMC & RI, Pondicherry",OPHTHALMOLOGY,MNG,"₹ 35,00,000.00",1380,0,₹ 0.00,"₹ 40,000.00"
Maharashtra,"MGM Med Coll, Aurangabad",OPHTHALMOLOGY,MNG,"₹ 40,00,000.00",700,1,"₹ 25,00,000.00","₹ 88,000.00"
Karnataka,"Rajeshwari, Bangalore",OPHTHALMOLOGY,MNG,"₹ 32,00,000.00",1460,0,₹ 0.00,"₹ 25,000.00"
Maharashtra,"Rural Med Coll, LONI",OPHTHALMOLOGY,MNG,"₹ 30,00,000.00",1275,1,"₹ 5,00,000.00","₹ 64,559.00"
Tamil Nadu,"Saveetha, Kanchipuram",OPHTHALMOLOGY,MNG,"₹ 25,00,000.00",1250,0,₹ 0.00,"₹ 35,000.00"
Karnataka,"Shri BM Patil, Vijayapura",OPHTHALMOLOGY,MNG,"₹ 22,00,000.00",1130,0,₹ 0.00,"₹ 45,000.00"
Tamil Nadu,"Shri Satya Sai, Kancheepuram",OPHTHALMOLOGY,MNG,"₹ 35,00,000.00",1120,0,₹ 0.00,"₹ 35,000.00"
Tamil Nadu,"Sree Balaji Med Coll, Chennai",OPHTHALMOLOGY,MNG,"₹ 35,00,000.00",1250,0,₹ 0.00,"₹ 25,000.00"
Karnataka,"SDU Med Coll, Kolar",OPHTHALMOLOGY,MNG,"₹ 30,00,000.00",1100,1,"₹ 22,00,000.00","₹ 45,000.00"
Pondicherry,"SLIMS, Pondicherry",OPHTHALMOLOGY,MNG,"₹ 35,00,000.00",1230,0,₹ 0.00,"₹ 43,000.00"
Tamil Nadu,"SRMC & RI, Chennai",OPHTHALMOLOGY,MNG,"₹ 32,00,000.00",1800,0,₹ 0.00,"₹ 48,000.00"
Karnataka,"Siddhartha Med Coll, Tumkur",OPHTHALMOLOGY,MNG,"₹ 31,50,000.00",960,0,₹ 0.00,"₹ 30,000.00"
Tamil Nadu,"SRM Med Coll, Kancheepuram",OPHTHALMOLOGY,MNG,"₹ 30,00,000.00",1590,0,₹ 0.00,"₹ 50,923.00"
Tamil Nadu,"Vinayaka Missions, Salem",OPHTHALMOLOGY,MNG,"₹ 30,12,000.00",560,0,₹ 0.00,"₹ 35,000.00"
Pondicherry,"Vinayaka Missions, Karaikal",OPHTHALMOLOGY,MNG,"₹ 27,00,000.00",590,0,₹ 0.00,"₹ 40,000.00"
Karnataka,"Yenepoya Med Coll, Mangalore",OPHTHALMOLOGY,MNG,"₹ 35,00,000.00",910,0,₹ 0.00,"₹ 45,000.00"
Delhi,"Hamdard Institute, Delhi",OPHTHALMOLOGY,MM,"₹ 25,00,000.00",710,0,₹ 0.00,"₹ 80,000.00"
Karnataka,"Yenepoya Med Coll, Mangalore",OPHTHALMOLOGY,MM,"₹ 35,00,000.00",910,0,₹ 0.00,"₹ 45,000.00"
Tamil Nadu,"Shri Satya Sai, Kancheepuram",PATHOLOGY,MNG,"₹ 10,00,000.00",1120,0,₹ 0.00,₹ 0.00
Tamil Nadu,"Shri Satya Sai, Kancheepuram",DERMATOLOGY,MNG,"₹ 50,00,000.00",1120,0,₹ 0.00,"₹ 35,000.00"
Maharashtra,"Jupiter Hospital, Thane",DNBPAEDIATRICS,DNB Post MBBS,"₹ 1,25,000.00",350,0,₹ 0.00,"₹ 80,000.00"
Maharashtra,"Jupiter Hospital, Thane",DNBRADIO DIAGNOSIS,DNB Post MBBS,"₹ 1,25,000.00",350,0,₹ 0.00,"₹ 80,000.00"
Maharashtra,"Jupiter Hospital, Thane",DNBRADIATION ONCOLOGY,DNB Post MBBS,"₹ 1,25,000.00",350,0,₹ 0.00,"₹ 80,000.00"
Maharashtra,"Jupiter Hospital, Thane",DNBTBRD,DNB Post MBBS,"₹ 1,25,000.00",350,0,₹ 0.00,"₹ 80,000.00"
Maharashtra,"Jupiter Lifeline Hosp, Pune",DNBANAESTHESIOLOGY,DNB Post MBBS,"₹ 1,25,000.00",350,0,₹ 0.00,"₹ 86,000.00"
Maharashtra,"Jupiter Lifeline Hosp, Pune",DNBGENERAL MEDICINE,DNB Post MBBS,"₹ 1,25,000.00",350,0,₹ 0.00,"₹ 86,000.00"
Maharashtra,"Jupiter Lifeline Hosp, Pune",DNBGENERAL SURGERY,DNB Post MBBS,"₹ 1,25,000.00",350,0,₹ 0.00,"₹ 86,000.00"
Maharashtra,"Jupiter Lifeline Hosp, Pune",DNBPAEDIATRICS,DNB Post MBBS,"₹ 1,25,000.00",350,0,₹ 0.00,"₹ 86,000.00"
Maharashtra,"Jupiter Lifeline Hosp, Pune",DNBRADIO DIAGNOSIS,DNB Post MBBS,"₹ 1,25,000.00",350,0,₹ 0.00,"₹ 86,000.00"
Maharashtra,"Kokilaben Dhirubhai Ambani,MUM",DNBANAESTHESIOLOGY,DNB Post MBBS,"₹ 1,25,000.00",550,0,₹ 0.00,"₹ 89,000.00"
Maharashtra,"Kokilaben Dhirubhai Ambani,MUM",DNBEMERGENCY MEDICINE,DNB Post MBBS,"₹ 1,25,000.00",550,0,₹ 0.00,"₹ 89,000.00"
Maharashtra,"Kokilaben Dhirubhai Ambani,MUM",DNBENT,DNB Post MBBS,"₹ 1,25,000.00",550,0,₹ 0.00,"₹ 89,000.00"
Maharashtra,"Kokilaben Dhirubhai Ambani,MUM",DNBGENERAL MEDICINE,DNB Post MBBS,"₹ 1,25,000.00",550,0,₹ 0.00,"₹ 89,000.00"
Maharashtra,"Kokilaben Dhirubhai Ambani,MUM",DNBGENERAL SURGERY,DNB Post MBBS,"₹ 1,25,000.00",550,0,₹ 0.00,"₹ 89,000.00"
Maharashtra,"Kokilaben Dhirubhai Ambani,MUM",DNBORTHOPAEDICS,DNB Post MBBS,"₹ 1,25,000.00",550,0,₹ 0.00,"₹ 89,000.00"
Maharashtra,"Kokilaben Dhirubhai Ambani,MUM",DNBPAEDIATRICS,DNB Post MBBS,"₹ 1,25,000.00",550,0,₹ 0.00,"₹ 89,000.00"
Maharashtra,"Kokilaben Dhirubhai Ambani,MUM",DNBPMR,DNB Post MBBS,"₹ 1,25,000.00",550,0,₹ 0.00,"₹ 89,000.00"
Maharashtra,"Kokilaben Dhirubhai Ambani,MUM",DNBRADIO DIAGNOSIS,DNB Post MBBS,"₹ 1,25,000.00",550,0,₹ 0.00,"₹ 89,000.00"
Maharashtra,"Kokilaben Dhirubhai Ambani,MUM",DNBRADIATION ONCOLOGY,DNB Post MBBS,"₹ 1,25,000.00",550,0,₹ 0.00,"₹ 89,000.00"
Tamil Nadu,"Shri Satya Sai, Kancheepuram",ORTHOPAEDICS,MNG,"₹ 50,00,000.00",1120,0,₹ 0.00,"₹ 35,000.00"
Tamil Nadu,"Shri Satya Sai, Kancheepuram",ANAESTHESIOLOGY,MNG,"₹ 32,00,000.00",1120,0,₹ 0.00,"₹ 35,000.00"
Tamil Nadu,"Shri Satya Sai, Kancheepuram",OBG,NRI,"₹ 62,63,000.00",1120,0,₹ 0.00,"₹ 35,000.00"
Tamil Nadu,"Shri Satya Sai, Kancheepuram",DERMATOLOGY,NRI,"₹ 62,63,000.00",1120,0,₹ 0.00,"₹ 35,000.00"
Tamil Nadu,"Shri Satya Sai, Kancheepuram",ORTHOPAEDICS,NRI,"₹ 62,63,000.00",1120,0,₹ 0.00,"₹ 35,000.00"
Tamil Nadu,"Sree Balaji Med Coll, Chennai",PATHOLOGY,MNG,"₹ 15,00,000.00",1250,0,₹ 0.00,"₹ 25,000.00"
Tamil Nadu,"Sree Balaji Med Coll, Chennai",ORTHOPAEDICS,MNG,"₹ 50,00,000.00",1250,0,₹ 0.00,"₹ 25,000.00"
Tamil Nadu,"Sree Balaji Med Coll, Chennai",ANAESTHESIOLOGY,MNG,"₹ 35,00,000.00",1250,0,₹ 0.00,"₹ 25,000.00"
Andhra Pradesh,"Govt Med Coll, Ananthapuram",ORTHOPAEDICS,AIQ,"₹ 48,600.00",500,0,₹ 0.00,"₹ 60,823.00"
Maharashtra,"GovtMedColl,ChhatrapatiSambhajiNgr",ORTHOPAEDICS,AIQ,"₹ 1,43,300.00",1177,1,"₹ 50,00,000.00","₹ 92,522.00"
Uttar Pradesh,"Govt Med Coll, Bahraich",ORTHOPAEDICS,AIQ,"₹ 40,000.00",NA,2,"₹ 40,00,000.00","₹ 1,00,980.00"
Madhya Pradesh,"Govt Med Coll, Datia",ORTHOPAEDICS,AIQ,"₹ 1,01,500.00",540,1,"₹ 10,00,000.00","₹ 75,444.00"
Maharashtra,"Govt Med Coll, Jalgaon",ORTHOPAEDICS,AIQ,"₹ 1,43,300.00",441,1,"₹ 50,00,000.00","₹ 92,522.00"
Jammu and Kashmir,"Govt Med Coll, Jammu",ORTHOPAEDICS,AIQ,"₹ 25,000.00",1700,0,₹ 0.00,"₹ 59,500.00"
Rajasthan,"Govt Med Coll, Kota",ORTHOPAEDICS,AIQ,"₹ 12,812.00",2581,2,"₹ 25,00,000.00","₹ 82,800.00"
Kerala,"Govt Med Coll, Kottayam",ORTHOPAEDICS,AIQ,"₹ 69,470.00",NA,1,"₹ 50,00,000.00","₹ 57,876.00"
Kerala,"Govt Med Coll, Kozhikode",ORTHOPAEDICS,AIQ,"₹ 69,470.00",3025,1,"₹ 50,00,000.00","₹ 57,876.00"
Maharashtra,"Govt Med Coll, Latur",ORTHOPAEDICS,AIQ,"₹ 1,43,300.00",750,1,"₹ 50,00,000.00","₹ 92,522.00"
Maharashtra,"Govt Med Coll, Miraj",ORTHOPAEDICS,AIQ,"₹ 1,43,300.00",725,1,"₹ 50,00,000.00","₹ 92,522.00"
Maharashtra,"Govt Med Coll, Nagpur",ORTHOPAEDICS,AIQ,"₹ 1,43,300.00",1866,1,"₹ 50,00,000.00","₹ 92,522.00"
Telangana,"Govt Med Coll, Nizamabad",ORTHOPAEDICS,AIQ,"₹ 25,000.00",500,1,"₹ 20,00,000.00","₹ 58,289.00"
Tamil Nadu,"Govt Med Coll, Omandurar",ORTHOPAEDICS,AIQ,"₹ 50,000.00",NA,2,"₹ 40,00,000.00","₹ 52,451.00"
Punjab,"Govt Med Coll, Patiala",ORTHOPAEDICS,AIQ,"₹ 1,25,000.00",1130,1,"₹ 10,00,000.00","₹ 67,968.00"
Madhya Pradesh,"Govt Med Coll, Shivpuri",ORTHOPAEDICS,AIQ,"₹ 1,01,500.00",520,1,"₹ 10,00,000.00","₹ 75,444.00"
Jammu and Kashmir,"Govt Med Coll, Srinagar",ORTHOPAEDICS,AIQ,"₹ 35,750.00",2150,0,₹ 0.00,"₹ 59,500.00"
Kerala,"Govt Med Coll, Thrissur",ORTHOPAEDICS,AIQ,"₹ 69,470.00",1400,1,"₹ 50,00,000.00","₹ 57,876.00"
Andhra Pradesh,"Govt Siddhartha, Vijaywada",ORTHOPAEDICS,AIQ,"₹ 48,600.00",707,0,₹ 0.00,"₹ 60,823.00"
Tamil Nadu,"SRMC & RI, Chennai",DERMATOLOGY,MNG,"₹ 32,00,000.00",1800,0,₹ 0.00,"₹ 48,000.00"
Tamil Nadu,"SRMC & RI, Chennai",ORTHOPAEDICS,MNG,"₹ 32,00,000.00",1800,0,₹ 0.00,"₹ 48,000.00"
Tamil Nadu,"SRMC & RI, Chennai",ANAESTHESIOLOGY,MNG,"₹ 32,00,000.00",1800,0,₹ 0.00,"₹ 48,000.00"
Tamil Nadu,"SRMC & RI, Chennai",ANATOMY,MNG,"₹ 6,00,000.00",1800,0,₹ 0.00,"₹ 48,000.00"
Tamil Nadu,"SRMC & RI, Chennai",PATHOLOGY,MNG,"₹ 12,00,000.00",1800,0,₹ 0.00,"₹ 48,000.00"
Tamil Nadu,"SRMC & RI, Chennai",OBG,NRI,"₹ 62,63,000.00",1800,0,₹ 0.00,"₹ 48,000.00"
Tamil Nadu,"SRMC & RI, Chennai",OPHTHALMOLOGY,NRI,"₹ 62,63,000.00",1800,0,₹ 0.00,"₹ 48,000.00"
Tamil Nadu,"SRMC & RI, Chennai",DERMATOLOGY,NRI,"₹ 62,63,000.00",1800,0,₹ 0.00,"₹ 48,000.00"
Tamil Nadu,"SRMC & RI, Chennai",ORTHOPAEDICS,NRI,"₹ 62,63,000.00",1800,0,₹ 0.00,"₹ 48,000.00"
Tamil Nadu,"SRMC & RI, Chennai",ANAESTHESIOLOGY,NRI,"₹ 62,63,000.00",1800,0,₹ 0.00,"₹ 48,000.00"
Tamil Nadu,"SRMC & RI, Chennai",PAEDIATRICS,NRI,"₹ 62,63,000.00",1800,0,₹ 0.00,"₹ 48,000.00"
Tamil Nadu,"SRMC & RI, Chennai",EMERGENCY MEDICINE,NRI,"₹ 62,63,000.00",1800,0,₹ 0.00,"₹ 48,000.00"
Karnataka,"Sri Siddhartha IMS, T. Begur",PATHOLOGY,MNG,"₹ 10,00,000.00",720,0,₹ 0.00,"₹ 30,000.00"
Karnataka,"Sri Siddhartha IMS, T. Begur",BIOCHEMISTRY,MNG,"₹ 3,00,000.00",720,0,₹ 0.00,"₹ 30,000.00"
Karnataka,"Sri Siddhartha IMS, T. Begur",ANATOMY,MNG,"₹ 3,00,000.00",720,0,₹ 0.00,"₹ 30,000.00"
Karnataka,"Sri Siddhartha IMS, T. Begur",BIOCHEMISTRY,NRI,"₹ 5,22,000.00",720,0,₹ 0.00,"₹ 30,000.00"
Karnataka,"Mysore Med Coll, Mysore",ORTHOPAEDICS,AIQ,"₹ 1,24,150.00",1050,3,"₹ 50,00,000.00","₹ 56,250.00"
Bihar,"Nalanda Med Coll, Patna",ORTHOPAEDICS,AIQ,"₹ 9,000.00",750,3,"₹ 25,00,000.00","₹ 82,000.00"
Madhya Pradesh,"NSC Bose Med Coll, Jabalpur",ORTHOPAEDICS,AIQ,"₹ 1,01,500.00",1150,1,"₹ 10,00,000.00","₹ 75,444.00"
West Bengal,"Nilratan Sircar, Kolkata",ORTHOPAEDICS,AIQ,"₹ 12,000.00",1920,3,"₹ 30,00,000.00","₹ 49,884.00"
Telangana,"NIMS, Hyderabad",ORTHOPAEDICS,AIQ,"₹ 72,000.00",1498,1,"₹ 20,00,000.00","₹ 1,11,780.00"
West Bengal,"NBMC, Darjeeling",ORTHOPAEDICS,AIQ,"₹ 12,000.00",843,3,"₹ 30,00,000.00","₹ 49,884.00"
Meghalaya,"NEIGRIHMS, Shillong",ORTHOPAEDICS,AIQ,"₹ 16,300.00",594,0,₹ 0.00,"₹ 96,000.00"
Telangana,"Osmania Med Coll, Hyderabad",ORTHOPAEDICS,AIQ,"₹ 25,000.00",4800,1,"₹ 20,00,000.00","₹ 58,289.00"
Bihar,"Patna Med Coll, Patna",ORTHOPAEDICS,AIQ,"₹ 9,000.00",1748,3,"₹ 25,00,000.00","₹ 82,000.00"
Maharashtra,"SRTT, Ambajogai",ORTHOPAEDICS,AIQ,"₹ 1,43,300.00",518,1,"₹ 50,00,000.00","₹ 92,522.00"
Delhi,"ABVIMS (Dr RML Hosp), Delhi",ORTHOPAEDICS,AIQ,"₹ 41,000.00",1626,0,₹ 0.00,"₹ 1,20,965.00"
Maharashtra,"Pimpri Chinchwad, Pimpri",ORTHOPAEDICS,AIQ,"₹ 1,43,300.00",750,1,"₹ 50,00,000.00","₹ 92,522.00"
Odisha,"PGIMER&CapitalHosp,Bhubaneswar",ORTHOPAEDICS,AIQ,"₹ 38,500.00",760,2,"₹ 53,30,000.00","₹ 70,686.00"
Haryana,"Pt BD Sharma, Rohtak",ORTHOPAEDICS,AIQ,"₹ 1,25,000.00",2080,0,₹ 0.00,"₹ 1,00,980.00"
Chhattisgarh,"Pt JNM Med Coll, Raipur",ORTHOPAEDICS,AIQ,"₹ 20,000.00",1246,2,"₹ 50,00,000.00","₹ 67,500.00"
Rajasthan,"RNT, Udaipur",ORTHOPAEDICS,AIQ,"₹ 12,812.00",2206,2,"₹ 25,00,000.00","₹ 82,800.00"
Karnataka,"Raichur IMS, Raichur",ORTHOPAEDICS,AIQ,"₹ 1,24,150.00",500,3,"₹ 50,00,000.00","₹ 56,250.00"
Tamil Nadu,"Rajah Muthiah, Annamalainagar",ORTHOPAEDICS,AIQ,"₹ 50,000.00",1400,2,"₹ 40,00,000.00","₹ 52,451.00"
Maharashtra,"Rajarshee CSM Govt MC,Kolhapur",ORTHOPAEDICS,AIQ,"₹ 1,43,300.00",665,1,"₹ 50,00,000.00","₹ 92,522.00"
Jharkhand,"Rajendra IMS, Ranchi",ORTHOPAEDICS,AIQ,"₹ 1,500.00",1754,3,"₹ 30,00,000.00","₹ 1,00,770.00"
Telangana,"Rajiv Gandhi IMS, Adilabad",ORTHOPAEDICS,AIQ,"₹ 25,000.00",NA,1,"₹ 20,00,000.00","₹ 58,289.00"
Andhra Pradesh,"Rajiv Gandhi IMS, Kadapa",ORTHOPAEDICS,AIQ,"₹ 48,600.00",715,0,₹ 0.00,"₹ 60,823.00"
Andhra Pradesh,"Rajiv Gandhi IMS, Srikakulam",ORTHOPAEDICS,AIQ,"₹ 48,600.00",532,0,₹ 0.00,"₹ 60,823.00"
Andhra Pradesh,"Rajiv Gandhi IMS, Ongole",ORTHOPAEDICS,AIQ,"₹ 48,600.00",500,0,₹ 0.00,"₹ 60,823.00"
Andhra Pradesh,"Rangaraya Med Coll, Kakinada",ORTHOPAEDICS,AIQ,"₹ 48,600.00",1450,0,₹ 0.00,"₹ 60,823.00"
Manipur,"RIMS, Imphal",ORTHOPAEDICS,AIQ,"₹ 5,000.00",1074,1,"₹ 20,00,000.00","₹ 1,06,380.00"
West Bengal,"RG Kar Med Coll, Kolkata",ORTHOPAEDICS,AIQ,"₹ 12,000.00",1663,3,"₹ 30,00,000.00","₹ 49,884.00"
Uttar Pradesh,"SN Med Coll, Agra",ORTHOPAEDICS,AIQ,"₹ 40,000.00",976,2,"₹ 40,00,000.00","₹ 1,00,980.00"
Andhra Pradesh,"SV Med Coll, Tirupati",ORTHOPAEDICS,AIQ,"₹ 48,600.00",940,0,₹ 0.00,"₹ 60,823.00"
Karnataka,"SGITO (Sanjay Gan), Bangalore",ORTHOPAEDICS,AIQ,"₹ 1,24,150.00",NA,3,"₹ 50,00,000.00","₹ 56,250.00"
Rajasthan,"SP Med Coll, Bikaner",ORTHOPAEDICS,AIQ,"₹ 12,812.00",NA,2,"₹ 25,00,000.00","₹ 82,800.00"
Odisha,"SCB, Cuttack",ORTHOPAEDICS,AIQ,"₹ 38,500.00",2106,2,"₹ 53,30,000.00","₹ 70,686.00"
Maharashtra,"Seth GS, Mumbai",ORTHOPAEDICS,AIQ,"₹ 1,43,300.00",2250,1,"₹ 50,00,000.00","₹ 92,522.00"
Jharkhand,"Shaheed Nirmal Mahto, Dhanbad",ORTHOPAEDICS,AIQ,"₹ 1,500.00",560,3,"₹ 30,00,000.00","₹ 54,500.00"
Uttar Pradesh,"Shaik-ul-Hind, Saharanpur",ORTHOPAEDICS,AIQ,"₹ 40,000.00",500,2,"₹ 40,00,000.00","₹ 1,00,980.00"
Jammu and Kashmir,"Sher-I-Kashmir, Srinagar",ORTHOPAEDICS,AIQ,"₹ 11,000.00",NA,0,₹ 0.00,"₹ 82,000.00"
Karnataka,"Shimoga IMS, Shimoga",ORTHOPAEDICS,AIQ,"₹ 1,24,150.00",950,3,"₹ 50,00,000.00","₹ 56,250.00"
Madhya Pradesh,"SSMC, Rewa",ORTHOPAEDICS,AIQ,"₹ 1,01,500.00",1140,1,"₹ 10,00,000.00","₹ 75,444.00"
Assam,"Silchar Med Coll, Silchar",ORTHOPAEDICS,AIQ,"₹ 17,900.00",1256,2,"₹ 20,00,000.00","₹ 55,200.00"
Rajasthan,"SMS, Jaipur",ORTHOPAEDICS,AIQ,"₹ 11,647.00",5702,2,"₹ 25,00,000.00","₹ 82,800.00"
Maharashtra,"Sri Bhausaheb, Dhule",ORTHOPAEDICS,AIQ,"₹ 1,43,300.00",545,1,"₹ 50,00,000.00","₹ 92,522.00"
Tamil Nadu,"Stanley Med Coll, Chennai",ORTHOPAEDICS,AIQ,"₹ 50,000.00",1661,2,"₹ 40,00,000.00","₹ 52,451.00"
Kerala,"TD Med Coll, Allepey",ORTHOPAEDICS,AIQ,"₹ 69,470.00",1050,1,"₹ 50,00,000.00","₹ 57,876.00"
Assam,"Tezpur Med Coll, Tezpur",ORTHOPAEDICS,AIQ,"₹ 17,900.00",500,2,"₹ 20,00,000.00","₹ 55,200.00"
Tamil Nadu,Thanjavur Med Coll,ORTHOPAEDICS,AIQ,"₹ 50,000.00",1466,2,"₹ 40,00,000.00","₹ 52,451.00"
Tamil Nadu,Govt Theni Med Coll,ORTHOPAEDICS,AIQ,"₹ 50,000.00",940,2,"₹ 40,00,000.00","₹ 52,451.00"
Tamil Nadu,Govt Thiruvarur Med Coll,ORTHOPAEDICS,AIQ,"₹ 50,000.00",555,2,"₹ 40,00,000.00","₹ 52,451.00"
Tamil Nadu,Govt Thoothukudi Med Coll,ORTHOPAEDICS,AIQ,"₹ 50,000.00",1212,2,"₹ 40,00,000.00","₹ 52,451.00"
Tamil Nadu,Tirunelveli Med Coll,ORTHOPAEDICS,AIQ,"₹ 50,000.00",1737,2,"₹ 40,00,000.00","₹ 52,451.00"
Maharashtra,"Topiwala, Mumbai",ORTHOPAEDICS,AIQ,"₹ 1,43,300.00",1300,1,"₹ 50,00,000.00","₹ 92,522.00"
Delhi,"UCMS, Delhi",ORTHOPAEDICS,AIQ,"₹ 57,600.00",1000,0,₹ 0.00,"₹ 1,26,927.00"
Uttar Pradesh,"UP Univ of Med Sci, Etawah",ORTHOPAEDICS,AIQ,"₹ 40,000.00",1268,2,"₹ 40,00,000.00","₹ 1,00,980.00"
Delhi,"VMMC, Delhi",ORTHOPAEDICS,AIQ,"₹ 41,000.00",1550,0,₹ 0.00,"₹ 1,20,965.00"
Odisha,"VIMSAR, Burla",ORTHOPAEDICS,AIQ,"₹ 38,500.00",1071,2,"₹ 53,30,000.00","₹ 70,686.00"
Karnataka,"VIMS, Bellary",ORTHOPAEDICS,AIQ,"₹ 1,24,150.00",1295,3,"₹ 50,00,000.00","₹ 56,250.00"
Goa,"Goa Med Coll, Panaji",ORTHOPAEDICS,AIQ,"₹ 1,22,522.00",1160,1,"₹ 50,00,000.00","₹ 60,000.00"
Maharashtra,"PGIMS, Navi Mumbai",ORTHOPAEDICS,AIQ,"₹ 1,43,300.00",NA,1,"₹ 50,00,000.00","₹ 92,522.00"
Uttar Pradesh,"Govt Med Coll, Kannauj",ORTHOPAEDICS,AIQ,"₹ 40,000.00",470,2,"₹ 40,00,000.00","₹ 1,00,980.00"
Uttar Pradesh,"Rajkiya Med Coll, Jalaun",ORTHOPAEDICS,AIQ,"₹ 40,000.00",NA,2,"₹ 40,00,000.00","₹ 1,00,980.00"
Andhra Pradesh,"ACSR Medical College, Nellore",ORTHOPAEDICS,AIQ,"₹ 48,600.00",355,0,₹ 0.00,"₹ 60,823.00"
Madhya Pradesh,"Govt Med Coll, Ratlam",ORTHOPAEDICS,AIQ,"₹ 1,01,500.00",300,1,"₹ 10,00,000.00","₹ 75,444.00"
Chhattisgarh,"BaliramKashyap NDMC, Jagdalpur",ORTHOPAEDICS,AIQ,"₹ 20,000.00",500,2,"₹ 50,00,000.00","₹ 67,500.00"
Maharashtra,"DY Patil, Pimpri, Pune",ORTHOPAEDICS,MNG,"₹ 55,00,000.00",2011,1,₹ 0.00,"₹ 76,629.00"
Telangana,"Malla Reddy IMS, Hyderabad",ORTHOPAEDICS,MNG,"₹ 40,00,000.00",940,1,"₹ 15,00,000.00","₹ 45,000.00"
Telangana,"Malla Reddy(Women), Hyderabad",ORTHOPAEDICS,MNG,"₹ 35,00,000.00",1050,1,"₹ 15,00,000.00","₹ 45,000.00"
Gujarat,"SBKS, Vadodara",ORTHOPAEDICS,MNG,"₹ 33,00,000.00",1340,0,₹ 0.00,"₹ 1,00,800.00"
Pondicherry,"Aarupadai Veedu, Pondicherry",ORTHOPAEDICS,MNG,"₹ 45,00,000.00",584,0,₹ 0.00,"₹ 40,000.00"
Tamil Nadu,"ACS Med Coll, Chennai",ORTHOPAEDICS,MNG,"₹ 45,00,000.00",1050,0,₹ 0.00,"₹ 20,000.00"
Kerala,"Amrita School of Med, Kochi",ORTHOPAEDICS,MNG,"₹ 35,00,000.00",1110,0,₹ 0.00,"₹ 43,000.00"
Maharashtra,"BVDU, Sangli",ORTHOPAEDICS,MNG,"₹ 26,74,110.00",853,1,"₹ 12,00,000.00","₹ 76,000.00"
Maharashtra,"BVDU, Pune",ORTHOPAEDICS,MNG,"₹ 34,03,420.00",856,1,"₹ 12,00,000.00","₹ 76,000.00"
Tamil Nadu,"Chettinad Hosp&RI,Kanchipuram",ORTHOPAEDICS,MNG,"₹ 43,00,000.00",1180,0,₹ 0.00,"₹ 48,000.00"
Maharashtra,"DY Patil, Kolhapur",ORTHOPAEDICS,MNG,"₹ 32,55,000.00",800,1,"₹ 20,00,000.00","₹ 76,629.00"
Andhra Pradesh,"GITAM IMS, Vizag",ORTHOPAEDICS,MNG,"₹ 27,50,000.00",780,0,₹ 0.00,"₹ 44,075.00"
Delhi,"Hamdard Institute, Delhi",ORTHOPAEDICS,MNG,"₹ 27,00,000.00",710,0,₹ 0.00,"₹ 80,000.00"
Odisha,"IMS & SUM, Bhubaneswar",ORTHOPAEDICS,MNG,"₹ 30,00,000.00",1410,0,₹ 0.00,"₹ 60,000.00"
Karnataka,"JN Medical College, Belgaum",ORTHOPAEDICS,MNG,"₹ 33,82,000.00",2400,1,"₹ 10,00,000.00","₹ 45,000.00"
Karnataka,"JSS Med Coll, Mysore",ORTHOPAEDICS,MNG,"₹ 32,00,000.00",2060,0,₹ 0.00,"₹ 45,000.00"
Karnataka,"KS Hegde, Mangalore",ORTHOPAEDICS,MNG,"₹ 31,30,000.00",1000,0,₹ 0.00,"₹ 45,000.00"
Odisha,"Kalinga IMS, Bhubaneswar",ORTHOPAEDICS,MNG,"₹ 23,00,000.00",1750,0,₹ 0.00,"₹ 70,000.00"
Karnataka,"Kasturba Med Coll, Mangalore",ORTHOPAEDICS,MNG,"₹ 28,70,000.00",1290,0,₹ 0.00,"₹ 45,000.00"
Karnataka,"Kasturba Med Coll, Manipal",ORTHOPAEDICS,MNG,"₹ 28,70,000.00",2032,0,₹ 0.00,"₹ 45,000.00"
Maharashtra,"Krishna IMS, Karad",ORTHOPAEDICS,MNG,"₹ 38,00,000.00",1125,0,₹ 0.00,"₹ 88,213.00"
Haryana,"MMIMS, Mullana, Ambala",ORTHOPAEDICS,MNG,"₹ 31,95,000.00",940,1,"₹ 10,00,000.00","₹ 56,100.00"
Pondicherry,"MGMC & RI, Pondicherry",ORTHOPAEDICS,MNG,"₹ 50,00,000.00",1380,0,₹ 0.00,"₹ 40,000.00"
Maharashtra,"MGM Med Coll, Aurangabad",ORTHOPAEDICS,MNG,"₹ 40,00,000.00",700,1,"₹ 25,00,000.00","₹ 88,000.00"
Maharashtra,"Rural Med Coll, LONI",ORTHOPAEDICS,MNG,"₹ 30,00,000.00",1275,1,"₹ 5,00,000.00","₹ 64,559.00"
Karnataka,"Shri BM Patil, Vijayapura",ORTHOPAEDICS,MNG,"₹ 34,00,000.00",1130,0,₹ 0.00,"₹ 45,000.00"
Karnataka,"SDU Med Coll, Kolar",ORTHOPAEDICS,MNG,"₹ 32,00,000.00",1100,1,"₹ 22,00,000.00","₹ 45,000.00"
Pondicherry,"SLIMS, Pondicherry",ORTHOPAEDICS,MNG,"₹ 55,00,000.00",1230,0,₹ 0.00,"₹ 43,000.00"
Karnataka,"Siddhartha Med Coll, Tumkur",ORTHOPAEDICS,MNG,"₹ 31,50,000.00",960,0,₹ 0.00,"₹ 30,000.00"
Tamil Nadu,"SRM Med Coll, Kancheepuram",ORTHOPAEDICS,MNG,"₹ 45,00,000.00",1590,0,₹ 0.00,"₹ 50,923.00"
Tamil Nadu,"Vinayaka Missions, Salem",ORTHOPAEDICS,MNG,"₹ 38,12,000.00",560,0,₹ 0.00,"₹ 35,000.00"
Pondicherry,"Vinayaka Missions, Karaikal",ORTHOPAEDICS,MNG,"₹ 37,00,000.00",590,0,₹ 0.00,"₹ 40,000.00"
Karnataka,"Yenepoya Med Coll, Mangalore",ORTHOPAEDICS,MNG,"₹ 40,00,000.00",910,0,₹ 0.00,"₹ 45,000.00"
Maharashtra,"JN Med College, Meghe, Wardha",ORTHOPAEDICS,MNG,"₹ 41,50,000.00",2150,1,"₹ 5,00,000.00","₹ 66,829.00"
Delhi,"Hamdard Institute, Delhi",ORTHOPAEDICS,MM,"₹ 27,00,000.00",710,0,₹ 0.00,"₹ 80,000.00"
Karnataka,"Yenepoya Med Coll, Mangalore",ORTHOPAEDICS,MM,"₹ 40,00,000.00",910,0,₹ 0.00,"₹ 45,000.00"
Gujarat,"SBKS, Vadodara",ORTHOPAEDICS,JM,"₹ 29,70,000.00",1340,1,"₹ 15,00,000.00","₹ 1,00,800.00"
Telangana,"Malla Reddy IMS, Hyderabad",ORTHOPAEDICS,NRI,"₹ 70,98,000.00",940,1,"₹ 15,00,000.00","₹ 45,000.00"
Gujarat,"SBKS, Vadodara",ORTHOPAEDICS,NRI,"₹ 67,64,000.00",1340,0,₹ 0.00,"₹ 1,00,800.00"
Kerala,"Amrita School of Med, Kochi",ORTHOPAEDICS,NRI,"₹ 66,80,000.00",1110,0,₹ 0.00,"₹ 43,000.00"
Maharashtra,"BVDU, Sangli",ORTHOPAEDICS,NRI,"₹ 87,46,000.00",853,1,"₹ 12,00,000.00","₹ 76,000.00"
Maharashtra,"BVDU, Pune",ORTHOPAEDICS,NRI,"₹ 87,46,000.00",856,1,"₹ 12,00,000.00","₹ 76,000.00"
Maharashtra,"DY Patil, Kolhapur",ORTHOPAEDICS,NRI,"₹ 64,30,000.00",800,1,"₹ 20,00,000.00","₹ 76,629.00"
Delhi,"Hamdard Institute, Delhi",ORTHOPAEDICS,NRI,"₹ 62,63,000.00",710,0,₹ 0.00,"₹ 80,000.00"
Odisha,"IMS & SUM, Bhubaneswar",ORTHOPAEDICS,NRI,"₹ 68,05,000.00",1410,0,₹ 0.00,"₹ 60,000.00"
Karnataka,"JN Medical College, Belgaum",ORTHOPAEDICS,NRI,"₹ 82,08,000.00",2400,1,"₹ 10,00,000.00","₹ 45,000.00"
Karnataka,"JSS Med Coll, Mysore",ORTHOPAEDICS,NRI,"₹ 75,60,000.00",2060,0,₹ 0.00,"₹ 45,000.00"
Karnataka,"KS Hegde, Mangalore",ORTHOPAEDICS,NRI,"₹ 58,30,000.00",1000,0,₹ 0.00,"₹ 45,000.00"
Odisha,"Kalinga IMS, Bhubaneswar",ORTHOPAEDICS,NRI,"₹ 66,80,000.00",1750,0,₹ 0.00,"₹ 70,000.00"
Karnataka,"Kasturba Med Coll, Mangalore",ORTHOPAEDICS,NRI,"₹ 49,43,000.00",1290,0,₹ 0.00,"₹ 45,000.00"
Karnataka,"Kasturba Med Coll, Manipal",ORTHOPAEDICS,NRI,"₹ 49,43,000.00",2032,0,₹ 0.00,"₹ 45,000.00"
Maharashtra,"Krishna IMS, Karad",ORTHOPAEDICS,NRI,"₹ 87,68,000.00",1125,0,₹ 0.00,"₹ 88,213.00"
Haryana,"MMIMS, Mullana, Ambala",ORTHOPAEDICS,NRI,"₹ 58,45,000.00",940,1,"₹ 10,00,000.00","₹ 56,100.00"
Pondicherry,"MGMC & RI, Pondicherry",ORTHOPAEDICS,NRI,"₹ 62,63,000.00",1380,0,₹ 0.00,"₹ 40,000.00"
Maharashtra,"Rural Med Coll, LONI",ORTHOPAEDICS,NRI,"₹ 1,52,74,000.00",1275,1,"₹ 5,00,000.00","₹ 64,559.00"
Tamil Nadu,"Saveetha, Kanchipuram",ORTHOPAEDICS,NRI,"₹ 50,10,000.00",1250,0,₹ 0.00,"₹ 35,000.00"
Karnataka,"Shri BM Patil, Vijayapura",ORTHOPAEDICS,NRI,"₹ 50,00,000.00",1130,0,₹ 0.00,"₹ 45,000.00"
Karnataka,"SDU Med Coll, Kolar",ORTHOPAEDICS,NRI,"₹ 80,16,000.00",1100,1,"₹ 22,00,000.00","₹ 45,000.00"
Karnataka,"Siddhartha Med Coll, Tumkur",ORTHOPAEDICS,NRI,"₹ 70,00,000.00",960,0,₹ 0.00,"₹ 30,000.00"
Tamil Nadu,"Vinayaka Missions, Salem",ORTHOPAEDICS,NRI,"₹ 58,45,000.00",560,0,₹ 0.00,"₹ 35,000.00"
Pondicherry,"Vinayaka Missions, Karaikal",ORTHOPAEDICS,NRI,"₹ 55,67,000.00",590,0,₹ 0.00,"₹ 40,000.00"
Karnataka,"Yenepoya Med Coll, Mangalore",ORTHOPAEDICS,NRI,"₹ 70,00,000.00",910,0,₹ 0.00,"₹ 45,000.00"
Delhi,"UCMS, Delhi",ORTHOPAEDICS,DU,"₹ 57,600.00",1000,0,₹ 0.00,"₹ 1,26,927.00"
Delhi,"Lady Hardinge, Delhi",ORTHOPAEDICS,DU,"₹ 57,600.00",877,0,₹ 0.00,"₹ 1,26,927.00"
Delhi,"MAMC, Delhi",ORTHOPAEDICS,DU,"₹ 57,600.00",2800,0,₹ 0.00,"₹ 1,26,927.00"
Delhi,"VMMC, Delhi",ORTHOPAEDICS,IP,"₹ 41,000.00",1550,0,₹ 0.00,"₹ 1,20,965.00"
Delhi,"ESI, Basaidarpur, Delhi",ORTHOPAEDICS,IP,"₹ 2,50,000.00",600,2,"₹ 10,00,000.00","₹ 1,15,000.00"
Delhi,"ABVIMS (Dr RML Hosp), Delhi",ORTHOPAEDICS,IP,"₹ 41,000.00",1626,0,₹ 0.00,"₹ 1,20,965.00"
Uttar Pradesh,"IMS(BHU), Varanasi",ORTHOPAEDICS,BHU,"₹ 48,226.00",1165,0,₹ 0.00,"₹ 1,00,706.00"
Uttar Pradesh,"JNMC (AMU), Aligarh",ORTHOPAEDICS,AMU,"₹ 38,000.00",1269,0,₹ 0.00,"₹ 1,08,000.00"
Uttar Pradesh,"KGMU, Lucknow",TRAUMATOLOGY AND SURGERY,AIQ,"₹ 54,700.00",4500,2,"₹ 40,00,000.00","₹ 1,09,955.00"
Pondicherry,"MGMC & RI, Pondicherry",OPHTHALMOLOGY,NRI,"₹ 50,10,000.00",1380,0,₹ 0.00,"₹ 40,000.00"
Tamil Nadu,"Shri Satya Sai, Kancheepuram",PAEDIATRICS,NRI,"₹ 58,45,000.00",1120,0,₹ 0.00,"₹ 35,000.00"
Maharashtra,"DY Patil, Navi Mumbai",PAEDIATRICS,NRI,"₹ 91,85,000.00",1662,1,"₹ 10,00,000.00","₹ 76,629.00"
Maharashtra,"DY Patil, Navi Mumbai",DERMATOLOGY,NRI,"₹ 1,08,55,000.00",1662,1,"₹ 10,00,000.00","₹ 76,629.00"
Maharashtra,"DY Patil, Navi Mumbai",OBG,NRI,"₹ 1,04,38,000.00",1662,1,"₹ 10,00,000.00","₹ 76,629.00"
Delhi,"INMAS (Nuclear Med), Delhi",DRM,DU,"₹ 57,600.00",NA,0,₹ 0.00,"₹ 1,26,927.00"
Delhi,"Lady Hardinge, Delhi",OPHTHALMOLOGY,DU,"₹ 57,600.00",877,0,₹ 0.00,"₹ 1,26,927.00"
Delhi,"MAMC, Delhi",OPHTHALMOLOGY,DU,"₹ 57,600.00",2800,0,₹ 0.00,"₹ 1,26,927.00"
Delhi,"VP Chest Institute, Delhi",BIOCHEMISTRY,DU,"₹ 57,600.00",128,0,₹ 0.00,"₹ 1,26,927.00"
Delhi,"UCMS, Delhi",BIOCHEMISTRY,DU,"₹ 57,600.00",1000,0,₹ 0.00,"₹ 1,26,927.00"
Delhi,"MAMC, Delhi",ANAESTHESIOLOGY,DU,"₹ 57,600.00",2800,0,₹ 0.00,"₹ 1,26,927.00"
Delhi,"UCMS, Delhi",OBG,DU,"₹ 57,600.00",1000,0,₹ 0.00,"₹ 1,26,927.00"
Delhi,"Lady Hardinge, Delhi",ANAESTHESIOLOGY,DU,"₹ 57,600.00",877,0,₹ 0.00,"₹ 1,26,927.00"
Delhi,"Kasturba Hospital, Delhi",OBG,DU,"₹ 57,600.00",450,0,₹ 0.00,"₹ 1,26,927.00"
Delhi,"Lady Hardinge, Delhi",BIOCHEMISTRY,DU,"₹ 57,600.00",877,0,₹ 0.00,"₹ 1,26,927.00"
Delhi,"MAMC, Delhi",BIOCHEMISTRY,DU,"₹ 57,600.00",2800,0,₹ 0.00,"₹ 1,26,927.00"
Delhi,"UCMS, Delhi",ANAESTHESIOLOGY,DU,"₹ 57,600.00",1000,0,₹ 0.00,"₹ 1,26,927.00"
Delhi,"UCMS, Delhi",PAEDIATRICS,DU,"₹ 57,600.00",1000,0,₹ 0.00,"₹ 1,26,927.00"
Delhi,"MAMC, Delhi",OBG,DU,"₹ 57,600.00",2800,0,₹ 0.00,"₹ 1,26,927.00"
Delhi,"MAMC, Delhi",DERMATOLOGY,DU,"₹ 57,600.00",2800,0,₹ 0.00,"₹ 1,26,927.00"
Delhi,"Lady Hardinge, Delhi",PAEDIATRICS,DU,"₹ 57,600.00",877,0,₹ 0.00,"₹ 1,26,927.00"
Delhi,"Lady Hardinge, Delhi",OBG,DU,"₹ 57,600.00",877,0,₹ 0.00,"₹ 1,26,927.00"
Delhi,"UCMS, Delhi",ANATOMY,DU,"₹ 57,600.00",1000,0,₹ 0.00,"₹ 1,26,927.00"
Delhi,"UCMS, Delhi",DERMATOLOGY,DU,"₹ 57,600.00",1000,0,₹ 0.00,"₹ 1,26,927.00"
Delhi,"MAMC, Delhi",PAEDIATRICS,DU,"₹ 57,600.00",2800,0,₹ 0.00,"₹ 1,26,927.00"
Delhi,"MAMC, Delhi",DDVL,DU,"₹ 57,600.00",2800,0,₹ 0.00,"₹ 1,26,927.00"
Delhi,"NIHFW (Health&FamiWelf),Delhi",DHEALTHA,DU,"₹ 57,600.00",NA,0,₹ 0.00,"₹ 1,26,927.00"
Delhi,"Hindu Rao, Delhi",DA,DU,"₹ 57,600.00",832,0,₹ 0.00,"₹ 1,26,927.00"
Delhi,"MAMC, Delhi",ANATOMY,DU,"₹ 57,600.00",2800,0,₹ 0.00,"₹ 1,26,927.00"
Delhi,"NIHFW (Health&FamiWelf),Delhi",COMMUNITY HEALTH ADMINISTRATION,DU,"₹ 57,600.00",NA,0,₹ 0.00,"₹ 1,26,927.00"
Delhi,"Lady Hardinge, Delhi",DERMATOLOGY,DU,"₹ 57,600.00",877,0,₹ 0.00,"₹ 1,26,927.00"
Delhi,"Lady Hardinge, Delhi",ANATOMY,DU,"₹ 57,600.00",877,0,₹ 0.00,"₹ 1,26,927.00"
Delhi,"Kasturba Hospital, Delhi",DCH,DU,"₹ 57,600.00",450,0,₹ 0.00,"₹ 1,26,927.00"
Delhi,"Kasturba Hospital, Delhi",DGO,DU,"₹ 57,600.00",450,0,₹ 0.00,"₹ 1,26,927.00"
Delhi,"UCMS, Delhi",OPHTHALMOLOGY,DU,"₹ 57,600.00",1000,0,₹ 0.00,"₹ 1,26,927.00"
Delhi,"GB Pant IPGMER, Delhi",BIOCHEMISTRY,DU,"₹ 57,600.00",714,0,₹ 0.00,"₹ 1,26,927.00"
Delhi,"VMMC, Delhi",DERMATOLOGY,IP,"₹ 41,000.00",1550,0,₹ 0.00,"₹ 1,20,965.00"
Delhi,"VMMC, Delhi",ANATOMY,IP,"₹ 41,000.00",1550,0,₹ 0.00,"₹ 1,20,965.00"
Delhi,"VMMC, Delhi",OPHTHALMOLOGY,IP,"₹ 41,000.00",1550,0,₹ 0.00,"₹ 1,20,965.00"
Delhi,"VMMC, Delhi",ANAESTHESIOLOGY,IP,"₹ 41,000.00",1550,0,₹ 0.00,"₹ 1,20,965.00"
Delhi,"VMMC, Delhi",BIOCHEMISTRY,IP,"₹ 41,000.00",1550,0,₹ 0.00,"₹ 1,20,965.00"
Delhi,"VMMC, Delhi",PAEDIATRICS,IP,"₹ 41,000.00",1550,0,₹ 0.00,"₹ 1,20,965.00"
Delhi,"VMMC, Delhi",OBG,IP,"₹ 41,000.00",1550,0,₹ 0.00,"₹ 1,20,965.00"
Delhi,"ESI, Basaidarpur, Delhi",OPHTHALMOLOGY,IP,"₹ 2,50,000.00",600,2,"₹ 10,00,000.00","₹ 1,15,000.00"
Delhi,"ESI, Basaidarpur, Delhi",DERMATOLOGY,IP,"₹ 2,50,000.00",600,2,"₹ 10,00,000.00","₹ 1,15,000.00"
Delhi,"ESI, Basaidarpur, Delhi",ANAESTHESIOLOGY,IP,"₹ 2,50,000.00",600,2,"₹ 10,00,000.00","₹ 1,15,000.00"
Delhi,"ESI, Basaidarpur, Delhi",OBG,IP,"₹ 2,50,000.00",600,2,"₹ 10,00,000.00","₹ 1,15,000.00"
Uttar Pradesh,"IMS(BHU), Varanasi",ANATOMY,BHU,"₹ 48,226.00",1165,0,₹ 0.00,"₹ 1,00,706.00"
Uttar Pradesh,"IMS(BHU), Varanasi",BIOCHEMISTRY,BHU,"₹ 48,226.00",1165,0,₹ 0.00,"₹ 1,00,706.00"
Uttar Pradesh,"IMS(BHU), Varanasi",OPHTHALMOLOGY,BHU,"₹ 48,226.00",1165,0,₹ 0.00,"₹ 1,00,706.00"
Uttar Pradesh,"IMS(BHU), Varanasi",ANAESTHESIOLOGY,BHU,"₹ 48,226.00",1165,0,₹ 0.00,"₹ 1,00,706.00"
Uttar Pradesh,"IMS(BHU), Varanasi",DERMATOLOGY,BHU,"₹ 48,226.00",1165,0,₹ 0.00,"₹ 1,00,706.00"
Uttar Pradesh,"IMS(BHU), Varanasi",OBG,BHU,"₹ 48,226.00",1165,0,₹ 0.00,"₹ 1,00,706.00"
Uttar Pradesh,"JNMC (AMU), Aligarh",OPHTHALMOLOGY,AMU,"₹ 38,000.00",1269,0,₹ 0.00,"₹ 1,08,000.00"
Uttar Pradesh,"JNMC (AMU), Aligarh",DO,AMU,"₹ 38,000.00",1269,0,₹ 0.00,"₹ 1,08,000.00"
Karnataka,"Narayana Hrudayalaya Hos,Bommasandra",DNBANAESTHESIOLOGY,DNB Post MBBS,"₹ 1,25,000.00",210,0,₹ 0.00,"₹ 56,250.00"
Karnataka,"SparshHosp,RajarajeshwariNgr,BLR",DNBANAESTHESIOLOGY,DNB Post MBBS,"₹ 1,25,000.00",400,0,₹ 0.00,"₹ 45,000.00"
Karnataka,"Sparsh SS Hosp, Yeshwanthpur",DNBANAESTHESIOLOGY,DNB Post MBBS,"₹ 1,25,000.00",250,0,₹ 0.00,"₹ 56,250.00"
Karnataka,"SriSathyaSai Inst, Bangalore",DNBANAESTHESIOLOGY,DNB Post MBBS,"₹ 1,25,000.00",333,0,₹ 0.00,"₹ 45,000.00"
Karnataka,"Sri Sathya Sai, Chikkaballapura",DNBANAESTHESIOLOGY,DNB Post MBBS,"₹ 1,25,000.00",300,0,₹ 0.00,"₹ 45,000.00"
Karnataka,"St Martha's Hosp, Bangalore",DNBANAESTHESIOLOGY,DNB Post MBBS,"₹ 1,25,000.00",431,0,₹ 0.00,"₹ 45,000.00"
Karnataka,"St Philomena's Hosp,Bangalore",DNBANAESTHESIOLOGY,DNB Post MBBS,"₹ 1,25,000.00",371,0,₹ 0.00,"₹ 56,250.00"
Karnataka,"The Bangalore Hosp, Bangalore",DNBANAESTHESIOLOGY,DNB Post MBBS,"₹ 1,25,000.00",200,0,₹ 0.00,"₹ 45,000.00"
Karnataka,"Manipal Hospital,Ambalipura,BLR",DNBANAESTHESIOLOGY,DNB Post MBBS,"₹ 1,25,000.00",206,0,₹ 0.00,"₹ 45,000.00"
Karnataka,"NarayanaHrudyalaya,Bommasandra",DNBANAESTHESIOLOGY,DNB Post MBBS,"₹ 1,25,000.00",2000,0,₹ 0.00,"₹ 56,250.00"
Karnataka,"Sparsh Hosp Adv Surg,Bengaluru",DNBANAESTHESIOLOGY,DNB Post MBBS,"₹ 1,25,000.00",200,0,₹ 0.00,"₹ 45,000.00"
Kerala,"Ananthapuri Hosp, Trivandrum",DNBANAESTHESIOLOGY,DNB Post MBBS,"₹ 1,25,000.00",400,0,₹ 0.00,"₹ 57,876.00"
Kerala,"Apollo Adlux Hosp, Angamaly,KER",DNBANAESTHESIOLOGY,DNB Post MBBS,"₹ 1,25,000.00",300,0,₹ 0.00,"₹ 60,000.00"
Kerala,"Aster Medcity, Kochi",DNBANAESTHESIOLOGY,DNB Post MBBS,"₹ 1,25,000.00",500,0,₹ 0.00,"₹ 57,876.00"
Kerala,"Baby Memorial, Kozhikode",DNBANAESTHESIOLOGY,DNB Post MBBS,"₹ 1,25,000.00",600,0,₹ 0.00,"₹ 57,876.00"
Kerala,"Caritas Hospital, Kottayam",DNBANAESTHESIOLOGY,DNB Post MBBS,"₹ 1,25,000.00",660,0,₹ 0.00,"₹ 57,876.00"
Kerala,"Cosmopolitan Hosp, Trivandrum",DNBANAESTHESIOLOGY,DNB Post MBBS,"₹ 1,25,000.00",360,0,₹ 0.00,"₹ 57,876.00"
Kerala,"Daya General Hosp, Thrissur",DNBANAESTHESIOLOGY,DNB Post MBBS,"₹ 1,25,000.00",250,0,₹ 0.00,"₹ 57,876.00"
Kerala,"Ernakulam Medical Centre,Kochi",DNBANAESTHESIOLOGY,DNB Post MBBS,"₹ 1,25,000.00",250,0,₹ 0.00,"₹ 57,876.00"
Kerala,"Govt General Hosp, Thycaud",DNBANAESTHESIOLOGY,DNB Post MBBS,"₹ 1,25,000.00",769,0,₹ 0.00,"₹ 57,876.00"
Kerala,"IQRAA, Kozhikode",DNBANAESTHESIOLOGY,DNB Post MBBS,"₹ 1,25,000.00",300,0,₹ 0.00,"₹ 57,876.00"
Kerala,"KIMS, Trivandrum",DNBANAESTHESIOLOGY,DNB Post MBBS,"₹ 1,25,000.00",2000,0,₹ 0.00,"₹ 57,876.00"
Kerala,"Lakeshore Hospital, Kochi",DNBANAESTHESIOLOGY,DNB Post MBBS,"₹ 1,25,000.00",470,0,₹ 0.00,"₹ 57,876.00"
Kerala,"Lisie Medical Inst, Kochi",DNBANAESTHESIOLOGY,DNB Post MBBS,"₹ 1,25,000.00",750,0,₹ 0.00,"₹ 57,876.00"
Kerala,"Little Flower Hosp, Angamaly",DNBANAESTHESIOLOGY,DNB Post MBBS,"₹ 1,25,000.00",690,0,₹ 0.00,"₹ 57,876.00"
Kerala,"Lourdes Hospital, Kochi",DNBANAESTHESIOLOGY,DNB Post MBBS,"₹ 1,25,000.00",600,0,₹ 0.00,"₹ 57,876.00"
Kerala,"Malabar IMS, Kozhikode",DNBANAESTHESIOLOGY,DNB Post MBBS,"₹ 1,25,000.00",573,0,₹ 0.00,"₹ 57,876.00"
Kerala,"Mar Sleeva Medicity, Kottayam",DNBANAESTHESIOLOGY,DNB Post MBBS,"₹ 1,25,000.00",648,0,₹ 0.00,"₹ 60,000.00"
Kerala,"Medical Trust Hospital, Kochi",DNBANAESTHESIOLOGY,DNB Post MBBS,"₹ 1,25,000.00",500,0,₹ 0.00,"₹ 57,876.00"
Kerala,"Polakulath Narayanan, Kochi",DNBANAESTHESIOLOGY,DNB Post MBBS,"₹ 1,25,000.00",205,0,₹ 0.00,"₹ 57,876.00"
Kerala,"Rajagiri Hospital, Ernakulam",DNBANAESTHESIOLOGY,DNB Post MBBS,"₹ 1,25,000.00",530,0,₹ 0.00,"₹ 57,876.00"
Kerala,"SreeUthradomTirunal,Trivandrum",DNBANAESTHESIOLOGY,DNB Post MBBS,"₹ 1,25,000.00",198,0,₹ 0.00,"₹ 57,876.00"
Madhya Pradesh,"Bansal Hospital, Shahpura",DNBANAESTHESIOLOGY,DNB Post MBBS,"₹ 1,25,000.00",301,0,₹ 0.00,"₹ 65,000.00"
Madhya Pradesh,"Bombay Hospital, Indore",DNBANAESTHESIOLOGY,DNB Post MBBS,"₹ 1,25,000.00",350,0,₹ 0.00,"₹ 75,444.00"
Madhya Pradesh,"CHL Hospital, Indore",DNBANAESTHESIOLOGY,DNB Post MBBS,"₹ 1,25,000.00",200,0,₹ 0.00,"₹ 69,115.00"
Madhya Pradesh,"Choithram Hospital, Indore",DNBANAESTHESIOLOGY,DNB Post MBBS,"₹ 1,25,000.00",350,0,₹ 0.00,"₹ 75,444.00"
Madhya Pradesh,"ESIC Model Hosp, Indore",DNBANAESTHESIOLOGY,DNB Post MBBS,"₹ 1,25,000.00",300,1,"₹ 7,50,000.00","₹ 70,000.00"
Madhya Pradesh,"Metro Hosp&Cancer RC, Jabalpur",DNBANAESTHESIOLOGY,DNB Post MBBS,"₹ 1,25,000.00",160,0,₹ 0.00,"₹ 65,000.00"
Maharashtra,"Aditya Birla Mem Hosp, Pune",DNBANAESTHESIOLOGY,DNB Post MBBS,"₹ 1,25,000.00",500,0,₹ 0.00,"₹ 86,629.00"
Maharashtra,"Anand Rishiji Hosp, Ahmednagar",DNBANAESTHESIOLOGY,DNB Post MBBS,"₹ 1,25,000.00",200,0,₹ 0.00,"₹ 51,000.00"
Maharashtra,"Apollo Hospital, Navi Mumbai",DNBANAESTHESIOLOGY,DNB Post MBBS,"₹ 1,25,000.00",473,0,₹ 0.00,"₹ 89,000.00"
Maharashtra,"Ashoka Medicover Hosp, Nashik",DNBANAESTHESIOLOGY,DNB Post MBBS,"₹ 1,25,000.00",225,0,₹ 0.00,"₹ 70,000.00"
Maharashtra,"BARC Hosp, Mumbai",DNBANAESTHESIOLOGY,DNB Post MBBS,"₹ 1,25,000.00",390,0,₹ 0.00,"₹ 96,000.00"
Maharashtra,"Breach Candy Hospital, Mumbai",DNBANAESTHESIOLOGY,DNB Post MBBS,"₹ 1,25,000.00",213,0,₹ 0.00,"₹ 89,000.00"
Maharashtra,"Deenanath Mangeshkar, Pune",DNBANAESTHESIOLOGY,DNB Post MBBS,"₹ 1,25,000.00",876,0,₹ 0.00,"₹ 89,698.00"
Maharashtra,"Dr B Nanavati Hosp, Mumbai",DNBANAESTHESIOLOGY,DNB Post MBBS,"₹ 1,25,000.00",348,0,₹ 0.00,"₹ 86,630.00"
Maharashtra,"Dr AmbedkarCentRlwyHosp, MUM",DNBANAESTHESIOLOGY,DNB Post MBBS,"₹ 1,25,000.00",366,0,₹ 0.00,"₹ 95,358.00"
Maharashtra,"Hiranandani Hosp, Mumbai",DNBANAESTHESIOLOGY,DNB Post MBBS,"₹ 1,25,000.00",244,0,₹ 0.00,"₹ 83,000.00"
Maharashtra,"Fortis Hosp, Mulund, Mumbai",DNBANAESTHESIOLOGY,DNB Post MBBS,"₹ 1,25,000.00",350,0,₹ 0.00,"₹ 86,750.00"
Maharashtra,"Khan Bahadur Bhabha Hosp,Mumbai",DNBANAESTHESIOLOGY,DNB Post MBBS,"₹ 1,25,000.00",336,0,₹ 0.00,"₹ 75,144.00"
Andhra Pradesh,"Lalitha SS Hospital, Guntur",DNBGENERAL MEDICINE,DNB Post MBBS,"₹ 1,25,000.00",250,0,₹ 0.00,"₹ 60,823.00"
Andhra Pradesh,"Lalitha SS Hospital, Guntur",DNBGENERAL SURGERY,DNB Post MBBS,"₹ 1,25,000.00",250,0,₹ 0.00,"₹ 60,823.00"
Andhra Pradesh,"Lalitha SS Hospital, Guntur",DNBRADIO DIAGNOSIS,DNB Post MBBS,"₹ 1,25,000.00",250,0,₹ 0.00,"₹ 60,823.00"
Andhra Pradesh,"MahatmaGandhi CancerHosp,Vizag",DNBRADIATION ONCOLOGY,DNB Post MBBS,"₹ 1,25,000.00",100,0,₹ 0.00,"₹ 60,823.00"
Andhra Pradesh,"Manipal Hosp, Tadepalli Guntur",DNBANAESTHESIOLOGY,DNB Post MBBS,"₹ 1,25,000.00",250,0,₹ 0.00,"₹ 44,075.00"
Andhra Pradesh,"Mydhili Hospital, Gudur",DNBOBG,DNB Post MBBS,"₹ 1,25,000.00",100,0,₹ 0.00,"₹ 35,000.00"
Andhra Pradesh,"Omni RK SS Hosp, Vizag",DNBPAEDIATRICS,DNB Post MBBS,"₹ 1,25,000.00",150,0,₹ 0.00,"₹ 44,075.00"
Andhra Pradesh,"Quality Care India, Vizag",DNBANAESTHESIOLOGY,DNB Post MBBS,"₹ 1,25,000.00",200,0,₹ 0.00,"₹ 60,823.00"
Andhra Pradesh,"Quality Care India, Vizag",DNBEMERGENCY MEDICINE,DNB Post MBBS,"₹ 1,25,000.00",200,0,₹ 0.00,"₹ 60,823.00"
Andhra Pradesh,"Queen's NRI Hospital, Vizag",DNBANAESTHESIOLOGY,DNB Post MBBS,"₹ 1,25,000.00",320,0,₹ 0.00,"₹ 44,075.00"
Andhra Pradesh,"Rainbow Child,Vijayawada,BLR",DNBPAEDIATRICS,DNB Post MBBS,"₹ 1,25,000.00",130,0,₹ 0.00,"₹ 60,823.00"
Andhra Pradesh,"Rich Hospital, Nellore",DNBPAEDIATRICS,DNB Post MBBS,"₹ 1,25,000.00",100,0,₹ 0.00,"₹ 50,686.00"
Andhra Pradesh,"RuralDevTrust,Bathalapalli,Anantapur",DNBFAMILY MEDICINE,DNB Post MBBS,"₹ 1,25,000.00",322,0,₹ 0.00,"₹ 50,686.00"
Andhra Pradesh,"RuralDevTrust,Bathalapalli,Anantapur",DNBGENERAL SURGERY,DNB Post MBBS,"₹ 1,25,000.00",322,0,₹ 0.00,"₹ 50,686.00"
Andhra Pradesh,"RuralDevTrust,Bathalapalli,Anantapur",DNBOBG,DNB Post MBBS,"₹ 1,25,000.00",322,0,₹ 0.00,"₹ 50,686.00"
Andhra Pradesh,"RuralDevTrust,Bathalapalli,Anantapur",DNBPAEDIATRICS,DNB Post MBBS,"₹ 1,25,000.00",322,0,₹ 0.00,"₹ 50,686.00"
Andhra Pradesh,"Sai Sudha Hospital, Kakinada",DNBDERMATOLOGY,DNB Post MBBS,"₹ 1,25,000.00",200,0,₹ 0.00,"₹ 35,000.00"
Andhra Pradesh,"SankarFoundation EyeHosp,Vizag",DNBOPHTHALMOLOGY,DNB Post MBBS,"₹ 1,25,000.00",200,0,₹ 0.00,"₹ 60,000.00"
Andhra Pradesh,"Sankara Eye Hosp, Guntur",DNBOPHTHALMOLOGY,DNB Post MBBS,"₹ 1,25,000.00",100,0,₹ 0.00,"₹ 60,823.00"
Andhra Pradesh,"MGM Seven Hills Hospital, Vizag",DNBANAESTHESIOLOGY,DNB Post MBBS,"₹ 1,25,000.00",275,0,₹ 0.00,"₹ 60,823.00"
Andhra Pradesh,"MGM Seven Hills Hospital, Vizag",DNBGENERAL MEDICINE,DNB Post MBBS,"₹ 1,25,000.00",275,0,₹ 0.00,"₹ 60,823.00"
Andhra Pradesh,"Sri Kiran InstOphthal,Kakinada",DNBOPHTHALMOLOGY,DNB Post MBBS,"₹ 1,25,000.00",126,0,₹ 0.00,"₹ 44,075.00"
Andhra Pradesh,"SriRamachandraChildHosp,Guntur",DNBPAEDIATRICS,DNB Post MBBS,"₹ 1,25,000.00",100,0,₹ 0.00,"₹ 50,686.00"
Andhra Pradesh,"SriSankaraNetra, Eluru",DNBOPHTHALMOLOGY,DNB Post MBBS,"₹ 1,25,000.00",NA,0,₹ 0.00,"₹ 60,823.00"
Andhra Pradesh,"SriSathyaSai GenHosp,Anantapur",DNBFAMILY MEDICINE,DNB Post MBBS,"₹ 1,25,000.00",125,0,₹ 0.00,"₹ 53,000.00"
Andhra Pradesh,"SriSathyaSai Inst, Anantapur",DNBANAESTHESIOLOGY,DNB Post MBBS,"₹ 1,25,000.00",300,0,₹ 0.00,"₹ 48,973.00"
Andhra Pradesh,"SriSathyaSai Inst, Anantapur",DNBCARDIOTHORACIC 6 YRS,DNB Post MBBS,"₹ 1,25,000.00",300,0,₹ 0.00,"₹ 48,973.00"
Andhra Pradesh,"SriSathyaSai Inst, Anantapur",DNBOPHTHALMOLOGY,DNB Post MBBS,"₹ 1,25,000.00",300,0,₹ 0.00,"₹ 48,973.00"
Andhra Pradesh,"SriSathyaSai Inst, Anantapur",DNBORTHOPAEDICS,DNB Post MBBS,"₹ 1,25,000.00",300,0,₹ 0.00,"₹ 48,973.00"
Andhra Pradesh,"SriVenkateswara,Tirupati",DNBOPHTHALMOLOGY,DNB Post MBBS,"₹ 1,25,000.00",140,0,₹ 0.00,"₹ 35,000.00"
Andhra Pradesh,"Tirumala Medicover Hos,Vizianagaram",DNBANAESTHESIOLOGY,DNB Post MBBS,"₹ 1,25,000.00",250,0,₹ 0.00,"₹ 60,823.00"
Andhra Pradesh,"Tirumala Medicover Hos,Vizianagaram",DNBEMERGENCY MEDICINE,DNB Post MBBS,"₹ 1,25,000.00",250,0,₹ 0.00,"₹ 60,823.00"
Andhra Pradesh,"Tirumala Medicover Hos,Vizianagaram",DNBGENERAL MEDICINE,DNB Post MBBS,"₹ 1,25,000.00",250,0,₹ 0.00,"₹ 60,823.00"
Andhra Pradesh,"Tirumala Medicover Hos,Vizianagaram",DNBGENERAL SURGERY,DNB Post MBBS,"₹ 1,25,000.00",250,0,₹ 0.00,"₹ 60,823.00"
Andhra Pradesh,"Tirumala Medicover Hos,Vizianagaram",DNBORTHOPAEDICS,DNB Post MBBS,"₹ 1,25,000.00",250,0,₹ 0.00,"₹ 60,823.00"
Andhra Pradesh,"Venkatapadma Hosp, Vizianagram",DNBPAEDIATRICS,DNB Post MBBS,"₹ 1,25,000.00",100,0,₹ 0.00,"₹ 44,075.00"
Andhra Pradesh,"Visakha Eye Hospital, Vizag",DNBOPHTHALMOLOGY,DNB Post MBBS,"₹ 1,25,000.00",20,0,₹ 0.00,"₹ 60,823.00"
Andhra Pradesh,"Aayush NRI HPL, Vijayawada",DNBEMERGENCY MEDICINE,DNB Post MBBS,"₹ 1,25,000.00",200,0,₹ 0.00,"₹ 51,000.00"
Andhra Pradesh,"KIMS Icon Hosp,Visakhapatnam",DNBANAESTHESIOLOGY,DNB Post MBBS,"₹ 1,25,000.00",250,0,₹ 0.00,"₹ 35,000.00"
Andhra Pradesh,"KIMS Icon Hosp,Visakhapatnam",DNBORTHOPAEDICS,DNB Post MBBS,"₹ 1,25,000.00",250,0,₹ 0.00,"₹ 35,000.00"
Andhra Pradesh,"Medicover Hosp, Vizag,AP",DNBPAEDIATRICS,DNB Post MBBS,"₹ 1,25,000.00",NA,0,₹ 0.00,"₹ 44,075.00"
Andhra Pradesh,"Q1 Hospital, Visakhapatnam",DNBORTHOPAEDICS,DNB Post MBBS,"₹ 1,25,000.00",100,0,₹ 0.00,"₹ 50,686.00"
Andhra Pradesh,"SudarsaniEyeHosp,Kothapet,Guntur",DNBOPHTHALMOLOGY,DNB Post MBBS,"₹ 1,25,000.00",NA,0,₹ 0.00,"₹ 60,823.00"
Maharashtra,"Kokilaben Dhirubhai Ambani,MUM",DNBTBRD,DNB Post MBBS,"₹ 1,25,000.00",550,0,₹ 0.00,"₹ 89,000.00"
Rajasthan,"Sahai Hosp & RC, Jaipur",DNBOPHTHALMOLOGY,DNB Post MBBS,"₹ 1,25,000.00",43,0,₹ 0.00,"₹ 55,000.00"
Rajasthan,"Santokbha Durlabhji Mem,Jaipur",DNBANAESTHESIOLOGY,DNB Post MBBS,"₹ 1,25,000.00",525,0,₹ 0.00,"₹ 82,800.00"
Rajasthan,"Santokbha Durlabhji Mem,Jaipur",DNBGENERAL MEDICINE,DNB Post MBBS,"₹ 1,25,000.00",525,0,₹ 0.00,"₹ 82,800.00"
Rajasthan,"Santokbha Durlabhji Mem,Jaipur",DNBOBG,DNB Post MBBS,"₹ 1,25,000.00",525,0,₹ 0.00,"₹ 82,800.00"
Rajasthan,"Santokbha Durlabhji Mem,Jaipur",DNBORTHOPAEDICS,DNB Post MBBS,"₹ 1,25,000.00",525,0,₹ 0.00,"₹ 82,800.00"
Rajasthan,"Santokbha Durlabhji Mem,Jaipur",DNBPAEDIATRICS,DNB Post MBBS,"₹ 1,25,000.00",525,0,₹ 0.00,"₹ 82,800.00"
Rajasthan,"Santokbha Durlabhji Mem,Jaipur",DNBPATHOLOGY,DNB Post MBBS,"₹ 1,25,000.00",525,0,₹ 0.00,"₹ 82,800.00"
Rajasthan,"Santokbha Durlabhji Mem,Jaipur",DNBRADIO DIAGNOSIS,DNB Post MBBS,"₹ 1,25,000.00",525,0,₹ 0.00,"₹ 82,800.00"
Maharashtra,"Laddhad Hospital, Buldana",DNBGENERAL MEDICINE,DNB Post MBBS,"₹ 1,25,000.00",110,0,₹ 0.00,"₹ 35,000.00"
Maharashtra,"LaxmiChariTrust EyeHosp,Panvel",DNBOPHTHALMOLOGY,DNB Post MBBS,"₹ 1,25,000.00",50,0,₹ 0.00,"₹ 76,429.00"
Maharashtra,"Lilavati Hospital, Mumbai",DNBANAESTHESIOLOGY,DNB Post MBBS,"₹ 1,25,000.00",330,0,₹ 0.00,"₹ 86,630.00"
Maharashtra,"Lilavati Hospital, Mumbai",DNBGENERAL MEDICINE,DNB Post MBBS,"₹ 1,25,000.00",330,0,₹ 0.00,"₹ 86,630.00"
Maharashtra,"Lilavati Hospital, Mumbai",DNBGENERAL SURGERY,DNB Post MBBS,"₹ 1,25,000.00",330,0,₹ 0.00,"₹ 86,630.00"
Maharashtra,"Lilavati Hospital, Mumbai",DNBORTHOPAEDICS,DNB Post MBBS,"₹ 1,25,000.00",330,0,₹ 0.00,"₹ 86,630.00"
Maharashtra,"Lilavati Hospital, Mumbai",DNBPAEDIATRIC SURGERY 6 YRS,DNB Post MBBS,"₹ 1,25,000.00",330,0,₹ 0.00,"₹ 86,630.00"
Maharashtra,"Lilavati Hospital, Mumbai",DNBPAEDIATRICS,DNB Post MBBS,"₹ 1,25,000.00",330,0,₹ 0.00,"₹ 86,630.00"
Maharashtra,"Lilavati Hospital, Mumbai",DNBRADIO DIAGNOSIS,DNB Post MBBS,"₹ 1,25,000.00",330,0,₹ 0.00,"₹ 86,630.00"
Maharashtra,"Lilavati Hospital, Mumbai",DNBTBRD,DNB Post MBBS,"₹ 1,25,000.00",330,0,₹ 0.00,"₹ 86,630.00"
Maharashtra,"Mumbai Port Trust Hosp, Mumbai",DNBGENERAL SURGERY,DNB Post MBBS,"₹ 1,25,000.00",241,0,₹ 0.00,"₹ 75,144.00"
Maharashtra,"Nandadeep Eye Hosp, Sangli",DNBOPHTHALMOLOGY,DNB Post MBBS,"₹ 1,25,000.00",30,0,₹ 0.00,"₹ 64,000.00"
Maharashtra,"National Inst of Ophthal, Pune",DNBOPHTHALMOLOGY,DNB Post MBBS,"₹ 1,25,000.00",16,0,₹ 0.00,"₹ 90,000.00"
Maharashtra,"Noble Hospital, Pune",DNBANAESTHESIOLOGY,DNB Post MBBS,"₹ 1,25,000.00",350,0,₹ 0.00,"₹ 89,700.00"
Maharashtra,"Noble Hospital, Pune",DNBGENERAL MEDICINE,DNB Post MBBS,"₹ 1,25,000.00",350,0,₹ 0.00,"₹ 89,700.00"
Maharashtra,"Noble Hospital, Pune",DNBGENERAL SURGERY,DNB Post MBBS,"₹ 1,25,000.00",350,0,₹ 0.00,"₹ 89,700.00"
Maharashtra,"Noble Hospital, Pune",DNBORTHOPAEDICS,DNB Post MBBS,"₹ 1,25,000.00",350,0,₹ 0.00,"₹ 89,700.00"
Maharashtra,"Noble Hospital, Pune",DNBPAEDIATRICS,DNB Post MBBS,"₹ 1,25,000.00",350,0,₹ 0.00,"₹ 89,700.00"
Maharashtra,"PD Hinduja, Mumbai",DNBNEUROSURGERY 6 YRS,DNB Post MBBS,"₹ 1,25,000.00",400,0,₹ 0.00,"₹ 89,700.00"
Maharashtra,"PD Hinduja, Mumbai",DNBNUCLEAR MEDICINE,DNB Post MBBS,"₹ 1,25,000.00",400,0,₹ 0.00,"₹ 89,700.00"
Maharashtra,"PD Hinduja, Mumbai",DNBOPHTHALMOLOGY,DNB Post MBBS,"₹ 1,25,000.00",400,0,₹ 0.00,"₹ 89,700.00"
Maharashtra,"PD Hinduja, Mumbai",DNBORTHOPAEDICS,DNB Post MBBS,"₹ 1,25,000.00",400,0,₹ 0.00,"₹ 89,700.00"
Maharashtra,"PD Hinduja, Mumbai",DNBPAEDIATRICS,DNB Post MBBS,"₹ 1,25,000.00",400,0,₹ 0.00,"₹ 89,700.00"
Maharashtra,"PD Hinduja, Mumbai",DNBRADIO DIAGNOSIS,DNB Post MBBS,"₹ 1,25,000.00",400,0,₹ 0.00,"₹ 89,700.00"
Maharashtra,"PD Hinduja, Mumbai",DNBTBRD,DNB Post MBBS,"₹ 1,25,000.00",400,0,₹ 0.00,"₹ 89,700.00"
Maharashtra,"Paediatric Surg Center, Sangli",DNBPAEDIATRIC SURGERY 6 YRS,DNB Post MBBS,"₹ 1,25,000.00",NA,0,₹ 0.00,"₹ 80,000.00"
Maharashtra,"Ruby Hall Clinic, Pune",DNBORTHOPAEDICS,DNB Post MBBS,"₹ 1,25,000.00",600,0,₹ 0.00,"₹ 89,000.00"
Maharashtra,"Ruby Hall Clinic, Pune",DNBPAEDIATRICS,DNB Post MBBS,"₹ 1,25,000.00",600,0,₹ 0.00,"₹ 89,000.00"
Maharashtra,"Ruby Hall Clinic, Pune",DNBPATHOLOGY,DNB Post MBBS,"₹ 1,25,000.00",600,0,₹ 0.00,"₹ 89,000.00"
Maharashtra,"Ruby Hall Clinic, Pune",DNBRADIO DIAGNOSIS,DNB Post MBBS,"₹ 1,25,000.00",600,0,₹ 0.00,"₹ 89,000.00"
Maharashtra,"Ruby Hall Clinic, Pune",DNBRADIATION ONCOLOGY,DNB Post MBBS,"₹ 1,25,000.00",600,0,₹ 0.00,"₹ 89,000.00"
Maharashtra,"Ruby Hall Clinic, Pune",DNBTBRD,DNB Post MBBS,"₹ 1,25,000.00",600,0,₹ 0.00,"₹ 89,000.00"
Maharashtra,"Sahyadri SS Hosp, Karve Road",DNBRADIO DIAGNOSIS,DNB Post MBBS,"₹ 1,25,000.00",202,0,₹ 0.00,"₹ 89,000.00"
Maharashtra,"Saifee Hospital, Mumbai",DNBPATHOLOGY,DNB Post MBBS,"₹ 1,25,000.00",257,0,₹ 0.00,"₹ 89,700.00"
Maharashtra,"Saifee Hospital, Mumbai",DNBRADIO DIAGNOSIS,DNB Post MBBS,"₹ 1,25,000.00",257,0,₹ 0.00,"₹ 89,700.00"
Maharashtra,"HurkisondasNurrotumdas, Mumbai",DNBANAESTHESIOLOGY,DNB Post MBBS,"₹ 1,25,000.00",360,0,₹ 0.00,"₹ 94,000.00"
Maharashtra,"HurkisondasNurrotumdas, Mumbai",DNBEMERGENCY MEDICINE,DNB Post MBBS,"₹ 1,25,000.00",360,0,₹ 0.00,"₹ 94,000.00"
Maharashtra,"HurkisondasNurrotumdas, Mumbai",DNBGENERAL MEDICINE,DNB Post MBBS,"₹ 1,25,000.00",360,0,₹ 0.00,"₹ 94,000.00"
Maharashtra,"HurkisondasNurrotumdas, Mumbai",DNBGENERAL SURGERY,DNB Post MBBS,"₹ 1,25,000.00",360,0,₹ 0.00,"₹ 94,000.00"
Maharashtra,"HurkisondasNurrotumdas, Mumbai",DNBMICROBIOLOGY,DNB Post MBBS,"₹ 1,25,000.00",360,0,₹ 0.00,"₹ 94,000.00"
Maharashtra,"HurkisondasNurrotumdas, Mumbai",DNBOBG,DNB Post MBBS,"₹ 1,25,000.00",360,0,₹ 0.00,"₹ 94,000.00"
Maharashtra,"HurkisondasNurrotumdas, Mumbai",DNBORTHOPAEDICS,DNB Post MBBS,"₹ 1,25,000.00",360,0,₹ 0.00,"₹ 94,000.00"
Maharashtra,"HurkisondasNurrotumdas, Mumbai",DNBPAEDIATRICS,DNB Post MBBS,"₹ 1,25,000.00",360,0,₹ 0.00,"₹ 94,000.00"
Maharashtra,"HurkisondasNurrotumdas, Mumbai",DNBPATHOLOGY,DNB Post MBBS,"₹ 1,25,000.00",360,0,₹ 0.00,"₹ 94,000.00"
Maharashtra,"HurkisondasNurrotumdas, Mumbai",DNBRADIO DIAGNOSIS,DNB Post MBBS,"₹ 1,25,000.00",360,0,₹ 0.00,"₹ 94,000.00"
Maharashtra,"HurkisondasNurrotumdas, Mumbai",DNBRADIATION ONCOLOGY,DNB Post MBBS,"₹ 1,25,000.00",360,0,₹ 0.00,"₹ 94,000.00"
Maharashtra,"SRCC Children's Hosp, Mumbai",DNBPAEDIATRICS,DNB Post MBBS,"₹ 1,25,000.00",207,0,₹ 0.00,"₹ 85,000.00"
Maharashtra,"VishwaRaj Hospital, Pune",DNBGENERAL MEDICINE,DNB Post MBBS,"₹ 1,25,000.00",110,0,₹ 0.00,"₹ 72,000.00"
West Bengal,North 24 Parganas Dist Hosp,DNBANAESTHESIOLOGY,DNB Post MBBS,"₹ 1,25,000.00",600,0,₹ 0.00,"₹ 49,884.00"
West Bengal,"Peerless Hospital, Kolkata",DNBANAESTHESIOLOGY,DNB Post MBBS,"₹ 1,25,000.00",400,0,₹ 0.00,"₹ 46,300.00"
West Bengal,"RN Tagore (Cardiac), Kolkata",DNBANAESTHESIOLOGY,DNB Post MBBS,"₹ 1,25,000.00",681,0,₹ 0.00,"₹ 49,884.00"
West Bengal,"Ruby General Hospital, Kolkata",DNBANAESTHESIOLOGY,DNB Post MBBS,"₹ 1,25,000.00",250,0,₹ 0.00,"₹ 49,884.00"
West Bengal,"Calcutta Med Res Inst,Kolkata",DNBANAESTHESIOLOGY,DNB Post MBBS,"₹ 1,25,000.00",440,0,₹ 0.00,"₹ 49,885.00"
West Bengal,"The Mission Hosp, Durgapur, WB",DNBANAESTHESIOLOGY,DNB Post MBBS,"₹ 1,25,000.00",360,0,₹ 0.00,"₹ 45,000.00"
West Bengal,"WoodlandsMultiSpecHosp,Kolkata",DNBANAESTHESIOLOGY,DNB Post MBBS,"₹ 1,25,000.00",NA,0,₹ 0.00,"₹ 43,000.00"
West Bengal,"Burnpur Hospital, Asansol",DNBANAESTHESIOLOGY,DNB Post MBBS,"₹ 1,25,000.00",290,0,₹ 0.00,"₹ 49,884.00"
Delhi,"Ayushman Hosp&HealthServ, Delhi",DNBANAESTHESIOLOGY,DNB Post MBBS,"₹ 1,25,000.00",105,0,₹ 0.00,"₹ 72,000.00"
Goa,"Healthway Hosp, Old Goa, Goa",DNBANAESTHESIOLOGY,DNB Post MBBS,"₹ 1,25,000.00",250,0,₹ 0.00,"₹ 60,000.00"
Jharkhand,"Central Hospital, Dhanbad",DNBANAESTHESIOLOGY,DNB Post MBBS,"₹ 1,25,000.00",395,0,₹ 0.00,"₹ 56,100.00"
Karnataka,"People Tree Hosp, Bangalore",DNBANAESTHESIOLOGY,DNB Post MBBS,"₹ 1,25,000.00",200,0,₹ 0.00,"₹ 40,000.00"
Kerala,"PRS Hospital, Trivandrum",DNBANAESTHESIOLOGY,DNB Post MBBS,"₹ 1,25,000.00",250,0,₹ 0.00,"₹ 57,876.00"
Kerala,"SP Fort Hospital, Trivandrum",DNBANAESTHESIOLOGY,DNB Post MBBS,"₹ 1,25,000.00",106,0,₹ 0.00,"₹ 57,876.00"
Madhya Pradesh,"Vishesh Jupiter Hosp, Indore",DNBANAESTHESIOLOGY,DNB Post MBBS,"₹ 1,25,000.00",200,0,₹ 0.00,"₹ 75,444.00"
Maharashtra,"Bhaktivedanta Hosp, Thane",DNBANAESTHESIOLOGY,DNB Post MBBS,"₹ 1,25,000.00",200,0,₹ 0.00,"₹ 82,769.00"
Maharashtra,"DrBSAmbedkar MunGenHosp, Mumbai",DNBANAESTHESIOLOGY,DNB Post MBBS,"₹ 1,25,000.00",444,0,₹ 0.00,"₹ 80,000.00"
Maharashtra,"DrHedgewarRugnalaya,Aurangabad",DNBANAESTHESIOLOGY,DNB Post MBBS,"₹ 1,25,000.00",267,0,₹ 0.00,"₹ 71,000.00"
Maharashtra,"Govt Med Coll & Hosp,Nandurbar",DNBANAESTHESIOLOGY,DNB Post MBBS,"₹ 1,25,000.00",315,1,"₹ 50,00,000.00","₹ 75,144.00"
Maharashtra,"Govt Med Coll & Hosp, Satara",DNBANAESTHESIOLOGY,DNB Post MBBS,"₹ 1,25,000.00",361,1,"₹ 50,00,000.00","₹ 75,144.00"
Maharashtra,"KIMS-Kingsway Hospitals,Nagpur",DNBANAESTHESIOLOGY,DNB Post MBBS,"₹ 1,25,000.00",300,0,₹ 0.00,"₹ 50,000.00"
Maharashtra,"Sahyadri SS Hosp, Yerawada, Pune",DNBANAESTHESIOLOGY,DNB Post MBBS,"₹ 1,25,000.00",301,0,₹ 0.00,"₹ 89,000.00"
Maharashtra,"VishwaRaj Hospital, Pune",DNBANAESTHESIOLOGY,DNB Post MBBS,"₹ 1,25,000.00",110,0,₹ 0.00,"₹ 72,000.00"
Nagaland,"Christian IHSR, Dimapur",DNBANAESTHESIOLOGY,DNB Post MBBS,"₹ 1,25,000.00",200,0,₹ 0.00,"₹ 35,000.00"
Odisha,"Kalinga Hospital, Bhubaneswar",DNBANAESTHESIOLOGY,DNB Post MBBS,"₹ 1,25,000.00",250,0,₹ 0.00,"₹ 71,000.00"
Odisha,"SUM Ultimate, Bhubaneswar,Odisha",DNBANAESTHESIOLOGY,DNB Post MBBS,"₹ 1,25,000.00",350,0,₹ 0.00,"₹ 60,000.00"
Tamil Nadu,"KG Hospital, Coimbatore",DNBANAESTHESIOLOGY,DNB Post MBBS,"₹ 1,25,000.00",250,0,₹ 0.00,"₹ 52,451.00"
Tamil Nadu,"Mehta MultiSpec Hosp, Chennai",DNBANAESTHESIOLOGY,DNB Post MBBS,"₹ 1,25,000.00",250,0,₹ 0.00,"₹ 52,451.00"
Uttar Pradesh,"Medanta Hosp, Sushanth Golf, Lucknow",DNBANAESTHESIOLOGY,DNB Post MBBS,"₹ 1,25,000.00",900,0,₹ 0.00,"₹ 65,000.00"
Andhra Pradesh,"AmaraHosp,Karakambadi,Tirupati",DNBANAESTHESIOLOGY,DNB Post MBBS,"₹ 1,25,000.00",500,0,₹ 0.00,"₹ 37,000.00"
Andhra Pradesh,"ApolloSpecHosp,Pinakani,Nellore",DNBANAESTHESIOLOGY,DNB Post MBBS,"₹ 1,25,000.00",200,0,₹ 0.00,"₹ 48,000.00"
Ladakh,"SNM Hospital, Leh, Ladakh",DNBANAESTHESIOLOGY,DNB Post MBBS,"₹ 1,25,000.00",280,NA,NA,"₹ 37,000.00"
Maharashtra,"Wockhardt Hospitals, Thane, MH",DNBANAESTHESIOLOGY,DNB Post MBBS,"₹ 1,25,000.00",350,0,₹ 0.00,"₹ 75,000.00"
Tamil Nadu,"DhanvantriCriticalCareCen,Erode",DNBANAESTHESIOLOGY,DNB Post MBBS,"₹ 1,25,000.00",160,0,₹ 0.00,"₹ 35,000.00"
Uttarakhand,"MedicityHosp,TeenPani,Rudrapur",DNBANAESTHESIOLOGY,DNB Post MBBS,"₹ 1,25,000.00",150,0,₹ 0.00,"₹ 35,000.00"
Jammu and Kashmir,"Govt Med Coll Hosp, Rajouri",DNBANAESTHESIOLOGY,DNB Post MBBS,"₹ 1,25,000.00",300,0,₹ 0.00,"₹ 59,500.00"
Jammu and Kashmir,"Assoc Hosp Govt MC, Baramulla",DNBANAESTHESIOLOGY,DNB Post MBBS,"₹ 1,25,000.00",363,0,₹ 0.00,"₹ 59,500.00"
Karnataka,"District Hospital, Tumakuru",DNBANAESTHESIOLOGY,DNB Post MBBS,"₹ 1,25,000.00",400,1,"₹ 20,00,000.00","₹ 45,000.00"
Uttar Pradesh,"Autonomous State MC, Ayodhya",DNBANAESTHESIOLOGY,DNB Post MBBS,"₹ 1,25,000.00",300,0,₹ 0.00,"₹ 80,000.00"
West Bengal,"Imambara Dist Hospital,Hooghly",DNBANAESTHESIOLOGY,DNB Post MBBS,"₹ 1,25,000.00",625,0,₹ 0.00,"₹ 49,884.00"
Karnataka,"Narayana Hrudayalaya, Mysore",DNBANAESTHESIOLOGY,DNB Post MBBS,"₹ 1,25,000.00",260,0,₹ 0.00,"₹ 55,000.00"
Maharashtra,"Saideep Healthcare, Ahmednagar",DNBANAESTHESIOLOGY,DNB Post MBBS,"₹ 1,25,000.00",260,0,₹ 0.00,"₹ 64,000.00"
West Bengal,"ESI Hospital,Manicktala,Kolkata",DNBANAESTHESIOLOGY,DNB Post MBBS,"₹ 1,25,000.00",500,1,"₹ 7,50,000.00","₹ 49,884.00"
Uttarakhand,"Brij Lal Hosp&ResCent,Haldwani",DNBANAESTHESIOLOGY,DNB Post MBBS,"₹ 1,25,000.00",100,0,₹ 0.00,"₹ 35,000.00"
Rajasthan,"CKS Hospital,Sikar Road, Jaipur",DNBANAESTHESIOLOGY,DNB Post MBBS,"₹ 1,25,000.00",NA,0,₹ 0.00,"₹ 56,100.00"
Chhattisgarh,"Maharani Hospital, Jagdalpur",DNBANAESTHESIOLOGY,DNB Post MBBS,"₹ 1,25,000.00",NA,0,₹ 0.00,"₹ 67,500.00"
West Bengal,"NarayanaSuprSpeHos,Howrah(Joint)",DNBANAESTHESIOLOGY,DNB Post MBBS,"₹ 1,25,000.00",NA,0,₹ 0.00,"₹ 61,396.00"
Delhi,"Base Hospital, Delhi Cantt",DNBANAESTHESIOLOGY,AFMS-DNB,"₹ 1,25,000.00",NA,5,"₹ 57,50,000.00","₹ 1,31,976.00"
Uttar Pradesh,"Air Force Hospital, Kanpur",DNBANAESTHESIOLOGY,AFMS-DNB,"₹ 1,25,000.00",NA,5,"₹ 57,50,000.00",NA
Jammu and Kashmir,"Assoc Hosp Govt MC, Kathua",DNBANATOMY,DNB Post MBBS,"₹ 1,25,000.00",564,0,₹ 0.00,"₹ 59,500.00"
Jammu and Kashmir,"Sher-I-Kashmir, Bemina",DNBANATOMY,DNB Post MBBS,"₹ 1,25,000.00",272,0,₹ 0.00,"₹ 59,500.00"
Gujarat,"GMERS MedColl Hosp,Mehsana",DNBBIOCHEMISTRY,DNB Post MBBS,"₹ 1,25,000.00",NA,0,₹ 0.00,"₹ 1,00,800.00"
Gujarat,"GMERS Med Coll Hosp, Junagadh",DNBBIOCHEMISTRY,DNB Post MBBS,"₹ 1,25,000.00",NA,0,₹ 0.00,"₹ 1,00,800.00"
Bihar,"ESIC MC & Hosp Bihta, Patna",DNBBIOCHEMISTRY,DNB Post MBBS,"₹ 1,25,000.00",330,1,"₹ 7,50,000.00","₹ 70,000.00"
Bihar,"SriKrishna MedColl,Muzaffarpur",DNBBIOCHEMISTRY,DNB Post MBBS,"₹ 1,25,000.00",610,3,"₹ 25,00,000.00","₹ 82,000.00"
Haryana,"Medanta The Medicity, Gurgaon",DNBBIOCHEMISTRY,DNB Post MBBS,"₹ 1,25,000.00",1200,0,₹ 0.00,"₹ 65,000.00"
Jammu and Kashmir,"Govt Med Coll Hosp, Jammu",DNBBIOCHEMISTRY,DNB Post MBBS,"₹ 1,25,000.00",2220,0,₹ 0.00,"₹ 59,500.00"
West Bengal,"Coll of Med & JNM Hosp, Nadia",DNBBIOCHEMISTRY,DNB Post MBBS,"₹ 1,25,000.00",550,0,₹ 0.00,"₹ 49,884.00"
Delhi,"Sir Ganga Ram Hospital, Delhi",DNBBIOCHEMISTRY,DNB Post MBBS,"₹ 1,25,000.00",675,0,₹ 0.00,"₹ 92,000.00"
Uttar Pradesh,"Dr RML IMS,Lucknow",DNBBIOCHEMISTRY,DNB Post MBBS,"₹ 1,25,000.00",350,0,₹ 0.00,"₹ 1,00,980.00"
Uttar Pradesh,"HomiBhabhaCancHosp,Varanasi,UP",DNBBIOCHEMISTRY,DNB Post MBBS,"₹ 1,25,000.00",352,1,"₹ 25,00,000.00","₹ 1,00,800.00"
Andhra Pradesh,"Dr Ramesh Cardiac Hosp, Guntur",DNBCARDIOTHORACIC 6 YRS,DNB Post MBBS,"₹ 1,25,000.00",350,0,₹ 0.00,"₹ 60,823.00"
Rajasthan,"Narayana MultiSpec Hosp,Jaipur",DNBCARDIOTHORACIC 6 YRS,DNB Post MBBS,"₹ 1,25,000.00",400,0,₹ 0.00,"₹ 56,000.00"
Delhi,"Delhi Heart & Lung Inst, Delhi",DNBCARDIOTHORACIC 6 YRS,DNB Post MBBS,"₹ 1,25,000.00",100,0,₹ 0.00,"₹ 75,000.00"
Delhi,"Dr B L Kapur Mem Hosp, Delhi",DNBCARDIOTHORACIC 6 YRS,DNB Post MBBS,"₹ 1,25,000.00",465,0,₹ 0.00,"₹ 60,000.00"
Delhi,"Fortis Escorts Heart, Okhla Rd",DNBCARDIOTHORACIC 6 YRS,DNB Post MBBS,"₹ 1,25,000.00",310,0,₹ 0.00,"₹ 58,000.00"
Delhi,"Indraprastha Apollo Hosp,Delhi",DNBCARDIOTHORACIC 6 YRS,DNB Post MBBS,"₹ 1,25,000.00",718,0,₹ 0.00,"₹ 64,500.00"
Delhi,"Max SS Hosp, Saket, Delhi",DNBCARDIOTHORACIC 6 YRS,DNB Post MBBS,"₹ 1,25,000.00",539,0,₹ 0.00,"₹ 60,000.00"
Delhi,"NationalHeartIns,EastofKailash",DNBCARDIOTHORACIC 6 YRS,DNB Post MBBS,"₹ 1,25,000.00",75,0,₹ 0.00,"₹ 56,250.00"
Delhi,"Sir Ganga Ram Hospital, Delhi",DNBCARDIOTHORACIC 6 YRS,DNB Post MBBS,"₹ 1,25,000.00",675,0,₹ 0.00,"₹ 92,000.00"
Karnataka,"Manipal Hosp, Rustum Bagh, BLR",DNBCARDIOTHORACIC 6 YRS,DNB Post MBBS,"₹ 1,25,000.00",600,0,₹ 0.00,"₹ 56,250.00"
Karnataka,"Narayana Hrudayalaya Hos,Bommasandra",DNBCARDIOTHORACIC 6 YRS,DNB Post MBBS,"₹ 1,25,000.00",210,0,₹ 0.00,"₹ 56,250.00"
Karnataka,"SriSathyaSai Inst, Bangalore",DNBCARDIOTHORACIC 6 YRS,DNB Post MBBS,"₹ 1,25,000.00",333,0,₹ 0.00,"₹ 45,000.00"
Karnataka,"NarayanaHrudyalaya,Bommasandra",DNBCARDIOTHORACIC 6 YRS,DNB Post MBBS,"₹ 1,25,000.00",2000,0,₹ 0.00,"₹ 56,250.00"
Maharashtra,"Apple Saraswati, Kolhapur",DNBCARDIOTHORACIC 6 YRS,DNB Post MBBS,"₹ 1,25,000.00",200,0,₹ 0.00,"₹ 76,000.00"
Maharashtra,"Asian Heart Institute, Mumbai",DNBCARDIOTHORACIC 6 YRS,DNB Post MBBS,"₹ 1,25,000.00",150,0,₹ 0.00,"₹ 73,000.00"
Punjab,"Fortis Hospital, Mohali",DNBCARDIOTHORACIC 6 YRS,DNB Post MBBS,"₹ 1,25,000.00",360,0,₹ 0.00,"₹ 68,000.00"
Tamil Nadu,"Apollo Hosp, Greams Rd,Chennai",DNBCARDIOTHORACIC 6 YRS,DNB Post MBBS,"₹ 1,25,000.00",745,0,₹ 0.00,"₹ 52,451.00"
Tamil Nadu,"GKNM Hospital, Coimbatore",DNBCARDIOTHORACIC 6 YRS,DNB Post MBBS,"₹ 1,25,000.00",600,0,₹ 0.00,"₹ 52,451.00"
Tamil Nadu,"KG Hospital, Coimbatore",DNBCARDIOTHORACIC 6 YRS,DNB Post MBBS,"₹ 1,25,000.00",250,0,₹ 0.00,"₹ 52,451.00"
Tamil Nadu,"MIOT Hospital, Chennai",DNBCARDIOTHORACIC 6 YRS,DNB Post MBBS,"₹ 1,25,000.00",920,0,₹ 0.00,"₹ 65,000.00"
Tamil Nadu,"Madras Medical Mission,Chennai",DNBCARDIOTHORACIC 6 YRS,DNB Post MBBS,"₹ 1,25,000.00",200,0,₹ 0.00,"₹ 52,500.00"
Tamil Nadu,"Meenakshi Mission Hosp,Madurai",DNBCARDIOTHORACIC 6 YRS,DNB Post MBBS,"₹ 1,25,000.00",800,0,₹ 0.00,"₹ 52,451.00"
Telangana,"Apollo Hosp,Jubilee Hills,Hyd",DNBCARDIOTHORACIC 6 YRS,DNB Post MBBS,"₹ 1,25,000.00",550,0,₹ 0.00,"₹ 50,686.00"
Telangana,"Care Hospital, Banjara Hills",DNBCARDIOTHORACIC 6 YRS,DNB Post MBBS,"₹ 1,25,000.00",444,0,₹ 0.00,"₹ 58,289.00"
Telangana,"Care Hospital, Hyderabad",DNBCARDIOTHORACIC 6 YRS,DNB Post MBBS,"₹ 1,25,000.00",305,0,₹ 0.00,"₹ 58,289.00"
Telangana,"Yashoda Hosp,SPRd,Secunderabad",DNBCARDIOTHORACIC 6 YRS,DNB Post MBBS,"₹ 1,25,000.00",876,0,₹ 0.00,"₹ 58,289.00"
Uttar Pradesh,"Divine Heart & MS Hosp, Lucknow",DNBCARDIOTHORACIC 6 YRS,DNB Post MBBS,"₹ 1,25,000.00",110,0,₹ 0.00,"₹ 50,000.00"
Uttar Pradesh,"Medanta Hosp, Sushanth Golf, Lucknow",DNBCARDIOTHORACIC 6 YRS,DNB Post MBBS,"₹ 1,25,000.00",900,0,₹ 0.00,"₹ 65,000.00"
West Bengal,"RN Tagore (Cardiac), Kolkata",DNBCARDIOTHORACIC 6 YRS,DNB Post MBBS,"₹ 1,25,000.00",681,0,₹ 0.00,"₹ 49,884.00"
West Bengal,"BM Birla Heart Res Cent,Kolkata",DNBCARDIOTHORACIC 6 YRS,DNB Post MBBS,"₹ 1,25,000.00",210,0,₹ 0.00,"₹ 90,000.00"
Uttar Pradesh,"Fortis Hospital, Noida",DNBCARDIOTHORACIC 6 YRS,DNB Post MBBS,"₹ 1,25,000.00",278,0,₹ 0.00,"₹ 58,000.00"
West Bengal,"Medical College, Kolkata, WB",DNBCARDIOTHORACIC 6 YRS,DNB Post MBBS,"₹ 1,25,000.00",2209,0,₹ 0.00,"₹ 49,884.00"
Rajasthan,"Geetanjali MedColl&Hosp,Udaipur",DNBCARDIOTHORACIC 6 YRS,DNB Post MBBS,"₹ 1,25,000.00",1240,0,₹ 0.00,"₹ 41,000.00"
Gujarat,"GMERS MedColl Hosp,Gandhinagar",DNBDERMATOLOGY,DNB Post MBBS,"₹ 1,25,000.00",770,0,₹ 0.00,"₹ 1,00,800.00"
Gujarat,"ShethVadilalGenHosp,Ahmedabad",DNBDERMATOLOGY,DNB Post MBBS,"₹ 1,25,000.00",500,0,₹ 0.00,"₹ 1,00,800.00"
Bihar,Darbhanga Med Coll Hosp,DNBDERMATOLOGY,DNB Post MBBS,"₹ 1,25,000.00",1030,3,"₹ 25,00,000.00","₹ 82,000.00"
Chandigarh,"Govt MultSpec Hosp, Chandigarh",DNBDERMATOLOGY,DNB Post MBBS,"₹ 1,25,000.00",500,0,₹ 0.00,"₹ 1,07,000.00"
Chhattisgarh,"JLN Main Hosp & RC, Bhilai",DNBDERMATOLOGY,DNB Post MBBS,"₹ 1,25,000.00",860,0,₹ 0.00,"₹ 67,500.00"
Jammu and Kashmir,"Govt Med Coll Hosp, Anantnag",DNBDERMATOLOGY,DNB Post MBBS,"₹ 1,25,000.00",363,0,₹ 0.00,"₹ 59,500.00"
Jammu and Kashmir,"JLNM Hosp, Rainawari",DNBDERMATOLOGY,DNB Post MBBS,"₹ 1,25,000.00",200,0,₹ 0.00,"₹ 48,000.00"
Kerala,"KIMS, Trivandrum",DNBDERMATOLOGY,DNB Post MBBS,"₹ 1,25,000.00",2000,0,₹ 0.00,"₹ 57,876.00"
Kerala,"Medical Trust Hospital, Kochi",DNBDERMATOLOGY,DNB Post MBBS,"₹ 1,25,000.00",500,0,₹ 0.00,"₹ 57,876.00"
Maharashtra,"Dr RN Cooper Gen Hosp, Mumbai",DNBDERMATOLOGY,DNB Post MBBS,"₹ 1,25,000.00",940,NA,NA,"₹ 75,144.00"
Maharashtra,"Rajiv Gandhi MedColl,Thane,MUM",DNBDERMATOLOGY,DNB Post MBBS,"₹ 1,25,000.00",500,1,"₹ 50,00,000.00","₹ 80,000.00"
Maharashtra,"SethVCGandhi Mun Gen Hos,Mumbai",DNBDERMATOLOGY,DNB Post MBBS,"₹ 1,25,000.00",596,0,₹ 0.00,"₹ 75,144.00"
Telangana,"SouthCentRailways,Secunderabad",DNBDERMATOLOGY,DNB Post MBBS,"₹ 1,25,000.00",380,0,₹ 0.00,"₹ 72,000.00"
Uttarakhand,"VCSG MedCollHosp,PauriGarhwal",DNBDERMATOLOGY,DNB Post MBBS,"₹ 1,25,000.00",774,2,"₹ 2,50,00,000.00","₹ 76,600.00"
West Bengal,"Coll of Med & JNM Hosp, Nadia",DNBDERMATOLOGY,DNB Post MBBS,"₹ 1,25,000.00",550,0,₹ 0.00,"₹ 49,884.00"
Jammu and Kashmir,"Assoc Hosp Govt MC, Baramulla",DNBDERMATOLOGY,DNB Post MBBS,"₹ 1,25,000.00",363,0,₹ 0.00,"₹ 48,000.00"
Maharashtra,"KJ Somaiya MedColl Hosp,Mumbai",DNBDERMATOLOGY,DNB Post MBBS,"₹ 1,25,000.00",520,0,₹ 0.00,"₹ 86,629.00"
Maharashtra,"ShriVasantRaoGovtMedCol,Yavtmal",DNBDERMATOLOGY,DNB Post MBBS,"₹ 1,25,000.00",765,1,"₹ 50,00,000.00","₹ 75,144.00"
Delhi,"Dr Baba Saheb Ambedkar, Delhi",DNBDERMATOLOGY,DNB Post MBBS,"₹ 1,25,000.00",500,0,₹ 0.00,"₹ 1,26,927.00"
Delhi,"Base Hospital, Delhi Cantt",DNBDERMATOLOGY,AFMS-DNB,"₹ 1,25,000.00",NA,5,"₹ 57,50,000.00","₹ 1,31,976.00"
Maharashtra,"Jehangir Hospital, Pune",DNBEMERGENCY MEDICINE,DNB Post MBBS,"₹ 1,25,000.00",335,0,₹ 0.00,"₹ 86,000.00"
Gujarat,"Apollo Hospital,Gandhinagar",DNBEMERGENCY MEDICINE,DNB Post MBBS,"₹ 1,25,000.00",300,0,₹ 0.00,"₹ 84,000.00"
Gujarat,"MKShah MedColl & SMS Hosp, AHM",DNBEMERGENCY MEDICINE,DNB Post MBBS,"₹ 1,25,000.00",510,0,₹ 0.00,"₹ 84,000.00"
Gujarat,"KD Hosp, SG Road, Ahmedabad",DNBEMERGENCY MEDICINE,DNB Post MBBS,"₹ 1,25,000.00",300,0,₹ 0.00,"₹ 84,000.00"
Gujarat,"Shalby Hosp, SG Highway, Ahm",DNBEMERGENCY MEDICINE,DNB Post MBBS,"₹ 1,25,000.00",200,0,₹ 0.00,"₹ 1,00,800.00"
Andhra Pradesh,"Govt Dist Hosp,Noonepalle",DNBEMERGENCY MEDICINE,DNB Post MBBS,"₹ 1,25,000.00",200,0,₹ 0.00,"₹ 60,823.00"
Andhra Pradesh,"KIMS Saveera Hosp, Anantapuram",DNBEMERGENCY MEDICINE,DNB Post MBBS,"₹ 1,25,000.00",250,0,₹ 0.00,"₹ 60,823.00"
Odisha,"Ashwini Hospital, CDA, Cuttack",DNBEMERGENCY MEDICINE,DNB Post MBBS,"₹ 1,25,000.00",150,0,₹ 0.00,"₹ 67,000.00"
Assam,"Apollo Hospital, Guwahati",DNBEMERGENCY MEDICINE,DNB Post MBBS,"₹ 1,25,000.00",214,0,₹ 0.00,"₹ 55,200.00"
Bihar,"IGIMS, Sheikhpura, Patna",DNBEMERGENCY MEDICINE,DNB Post MBBS,"₹ 1,25,000.00",1062,0,₹ 0.00,"₹ 96,386.00"
Bihar,"Paras HMRI Hospital, Patna",DNBEMERGENCY MEDICINE,DNB Post MBBS,"₹ 1,25,000.00",350,0,₹ 0.00,"₹ 82,000.00"
Delhi,Human Care Med Trust Dwarka,DNBEMERGENCY MEDICINE,DNB Post MBBS,"₹ 1,25,000.00",380,0,₹ 0.00,"₹ 57,000.00"
Delhi,"Indraprastha Apollo Hosp,Delhi",DNBEMERGENCY MEDICINE,DNB Post MBBS,"₹ 1,25,000.00",718,0,₹ 0.00,"₹ 64,500.00"
Delhi,"Maharaja Agrasen Hosp, Delhi",DNBEMERGENCY MEDICINE,DNB Post MBBS,"₹ 1,25,000.00",300,0,₹ 0.00,"₹ 63,000.00"
Delhi,"Max SS Hosp, Saket, Delhi",DNBEMERGENCY MEDICINE,DNB Post MBBS,"₹ 1,25,000.00",539,0,₹ 0.00,"₹ 60,000.00"
Delhi,"Max SS Hosp,ShalimarBagh,Delhi",DNBEMERGENCY MEDICINE,DNB Post MBBS,"₹ 1,25,000.00",250,0,₹ 0.00,"₹ 60,000.00"
Delhi,"Shri Balaji Action Med, Delhi",DNBEMERGENCY MEDICINE,DNB Post MBBS,"₹ 1,25,000.00",250,0,₹ 0.00,"₹ 72,000.00"
Haryana,"Medanta The Medicity, Gurgaon",DNBEMERGENCY MEDICINE,DNB Post MBBS,"₹ 1,25,000.00",1200,0,₹ 0.00,"₹ 65,000.00"
Haryana,"Sarvodaya Hospital, Faridabad",DNBEMERGENCY MEDICINE,DNB Post MBBS,"₹ 1,25,000.00",300,0,₹ 0.00,"₹ 73,000.00"
Haryana,"The Signature Hosp, Gurugram",DNBEMERGENCY MEDICINE,DNB Post MBBS,"₹ 1,25,000.00",100,0,₹ 0.00,"₹ 80,000.00"
Jammu and Kashmir,"Govt Med Coll Hosp,Srinagar",DNBEMERGENCY MEDICINE,DNB Post MBBS,"₹ 1,25,000.00",1020,0,₹ 0.00,"₹ 59,500.00"
Jammu and Kashmir,"Sher-I-Kashmir, Saura",DNBEMERGENCY MEDICINE,DNB Post MBBS,"₹ 1,25,000.00",785,0,₹ 0.00,"₹ 82,000.00"
Karnataka,"Apollo BGS Hospital, Mysore",DNBEMERGENCY MEDICINE,DNB Post MBBS,"₹ 1,25,000.00",215,0,₹ 0.00,"₹ 45,000.00"
Karnataka,"Bangalore Baptist, Bangalore",DNBEMERGENCY MEDICINE,DNB Post MBBS,"₹ 1,25,000.00",340,0,₹ 0.00,"₹ 56,250.00"
Karnataka,"Indiana Hosp&Heart, Mangalore",DNBEMERGENCY MEDICINE,DNB Post MBBS,"₹ 1,25,000.00",209,0,₹ 0.00,"₹ 50,000.00"
Karnataka,"K C Gen Hospital, Bangalore",DNBEMERGENCY MEDICINE,DNB Post MBBS,"₹ 1,25,000.00",453,1,"₹ 20,00,000.00","₹ 45,000.00"
Karnataka,"Kasturba MedCollHosp,Mangalore",DNBEMERGENCY MEDICINE,DNB Post MBBS,"₹ 1,25,000.00",1290,0,₹ 0.00,"₹ 56,250.00"
Karnataka,"Manipal Hosp, Rustum Bagh, BLR",DNBEMERGENCY MEDICINE,DNB Post MBBS,"₹ 1,25,000.00",600,0,₹ 0.00,"₹ 56,250.00"
Kerala,"Almadeena IMS, Malappuram",DNBEMERGENCY MEDICINE,DNB Post MBBS,"₹ 1,25,000.00",230,0,₹ 0.00,"₹ 57,750.00"
Kerala,"Ananthapuri Hosp, Trivandrum",DNBEMERGENCY MEDICINE,DNB Post MBBS,"₹ 1,25,000.00",400,0,₹ 0.00,"₹ 57,876.00"
Kerala,"Baby Memorial, Kozhikode",DNBEMERGENCY MEDICINE,DNB Post MBBS,"₹ 1,25,000.00",600,0,₹ 0.00,"₹ 57,876.00"
Kerala,"IQRAA, Kozhikode",DNBEMERGENCY MEDICINE,DNB Post MBBS,"₹ 1,25,000.00",300,0,₹ 0.00,"₹ 57,876.00"
Kerala,"KIMS, Trivandrum",DNBEMERGENCY MEDICINE,DNB Post MBBS,"₹ 1,25,000.00",2000,0,₹ 0.00,"₹ 57,876.00"
Kerala,"KIMS Al Shifa Hosp, Malappuram",DNBEMERGENCY MEDICINE,DNB Post MBBS,"₹ 1,25,000.00",500,0,₹ 0.00,"₹ 57,876.00"
Kerala,"KozhikodeDistCo-op,Eranhipalam",DNBEMERGENCY MEDICINE,DNB Post MBBS,"₹ 1,25,000.00",175,0,₹ 0.00,"₹ 57,876.00"
Kerala,"Lourdes Hospital, Kochi",DNBEMERGENCY MEDICINE,DNB Post MBBS,"₹ 1,25,000.00",600,0,₹ 0.00,"₹ 57,876.00"
Kerala,"Medical Trust Hospital, Kochi",DNBEMERGENCY MEDICINE,DNB Post MBBS,"₹ 1,25,000.00",500,0,₹ 0.00,"₹ 57,876.00"
Kerala,"Polakulath Narayanan, Kochi",DNBEMERGENCY MEDICINE,DNB Post MBBS,"₹ 1,25,000.00",205,0,₹ 0.00,"₹ 57,876.00"
Kerala,"Pushpagiri Institute,Tiruvalla",DNBEMERGENCY MEDICINE,DNB Post MBBS,"₹ 1,25,000.00",955,0,₹ 0.00,"₹ 57,876.00"
Kerala,"SreeGokulam MedColl,Trivandrum",DNBEMERGENCY MEDICINE,DNB Post MBBS,"₹ 1,25,000.00",750,0,₹ 0.00,"₹ 57,876.00"
Kerala,"St James Hospital, Chalakudy",DNBEMERGENCY MEDICINE,DNB Post MBBS,"₹ 1,25,000.00",450,0,₹ 0.00,"₹ 59,168.00"
Kerala,"Valluvanad Hosp, Ottapalam",DNBEMERGENCY MEDICINE,DNB Post MBBS,"₹ 1,25,000.00",205,0,₹ 0.00,"₹ 57,876.00"
Maharashtra,"Apollo Hospital, Navi Mumbai",DNBEMERGENCY MEDICINE,DNB Post MBBS,"₹ 1,25,000.00",473,0,₹ 0.00,"₹ 89,000.00"
Maharashtra,"Deenanath Mangeshkar, Pune",DNBEMERGENCY MEDICINE,DNB Post MBBS,"₹ 1,25,000.00",876,0,₹ 0.00,"₹ 89,698.00"
Maharashtra,"PD Hinduja, Mumbai",DNBEMERGENCY MEDICINE,DNB Post MBBS,"₹ 1,25,000.00",400,0,₹ 0.00,"₹ 89,700.00"
Manipur,"Shija Hosp, Imphal",DNBEMERGENCY MEDICINE,DNB Post MBBS,"₹ 1,25,000.00",350,0,₹ 0.00,"₹ 50,000.00"
Odisha,"JaiprakashHosp,Rourkela,Odisha",DNBEMERGENCY MEDICINE,DNB Post MBBS,"₹ 1,25,000.00",307,0,₹ 0.00,"₹ 90,000.00"
Tamil Nadu,"Apollo Hosp, Greams Rd,Chennai",DNBEMERGENCY MEDICINE,DNB Post MBBS,"₹ 1,25,000.00",745,0,₹ 0.00,"₹ 52,451.00"
Tamil Nadu,"Kaveri Medical Centre, Trichy",DNBEMERGENCY MEDICINE,DNB Post MBBS,"₹ 1,25,000.00",200,0,₹ 0.00,"₹ 52,451.00"
Tamil Nadu,"SKS Hospital, Salem",DNBEMERGENCY MEDICINE,DNB Post MBBS,"₹ 1,25,000.00",225,0,₹ 0.00,"₹ 52,453.00"
Tamil Nadu,"ShanmugaHosp(CancerInst),Salem",DNBEMERGENCY MEDICINE,DNB Post MBBS,"₹ 1,25,000.00",151,0,₹ 0.00,"₹ 52,451.00"
Tamil Nadu,"Sri Chandra Sekara Hosp, Hosur",DNBEMERGENCY MEDICINE,DNB Post MBBS,"₹ 1,25,000.00",100,0,₹ 0.00,"₹ 45,000.00"
Tamil Nadu,"Sri Gokulam Hospital, Salem",DNBEMERGENCY MEDICINE,DNB Post MBBS,"₹ 1,25,000.00",300,0,₹ 0.00,"₹ 52,451.00"
Tamil Nadu,"Vadamalayan Hospital, Madurai",DNBEMERGENCY MEDICINE,DNB Post MBBS,"₹ 1,25,000.00",200,0,₹ 0.00,"₹ 52,451.00"
Tamil Nadu,"Vivekanandha Med Care,Namakkal",DNBEMERGENCY MEDICINE,DNB Post MBBS,"₹ 1,25,000.00",100,0,₹ 0.00,"₹ 52,451.00"
Telangana,"AIG Hospital, Hyderabad",DNBEMERGENCY MEDICINE,DNB Post MBBS,"₹ 1,25,000.00",720,0,₹ 0.00,"₹ 58,289.00"
Telangana,"Care Hospital, Banjara Hills",DNBEMERGENCY MEDICINE,DNB Post MBBS,"₹ 1,25,000.00",444,0,₹ 0.00,"₹ 58,289.00"
Telangana,"Krishna IMS, Secunderabad",DNBEMERGENCY MEDICINE,DNB Post MBBS,"₹ 1,25,000.00",675,0,₹ 0.00,"₹ 50,686.00"
Telangana,"Yashoda Hosp,SPRd,Secunderabad",DNBEMERGENCY MEDICINE,DNB Post MBBS,"₹ 1,25,000.00",876,0,₹ 0.00,"₹ 58,289.00"
Telangana,"Yashoda SS Hosp,Malakpet, HYD",DNBEMERGENCY MEDICINE,DNB Post MBBS,"₹ 1,25,000.00",550,0,₹ 0.00,"₹ 58,289.00"
Uttar Pradesh,"Fortis Hospital, Noida",DNBEMERGENCY MEDICINE,DNB Post MBBS,"₹ 1,25,000.00",278,0,₹ 0.00,"₹ 58,000.00"
Uttar Pradesh,"Max SS Hosp, Ghaziabad",DNBEMERGENCY MEDICINE,DNB Post MBBS,"₹ 1,25,000.00",436,0,₹ 0.00,"₹ 60,000.00"
Uttar Pradesh,"Medanta Hosp, Sushanth Golf, Lucknow",DNBEMERGENCY MEDICINE,DNB Post MBBS,"₹ 1,25,000.00",900,0,₹ 0.00,"₹ 65,000.00"
Uttar Pradesh,"UrsalaHorsmanMemHosp, Kanpur",DNBEMERGENCY MEDICINE,DNB Post MBBS,"₹ 1,25,000.00",550,0,₹ 0.00,"₹ 70,000.00"
Uttar Pradesh,"Vivekananda Polyclinic,Lucknow",DNBEMERGENCY MEDICINE,DNB Post MBBS,"₹ 1,25,000.00",350,0,₹ 0.00,"₹ 61,100.00"
Uttar Pradesh,"Yashoda SS Hosp,Ghaziabad",DNBEMERGENCY MEDICINE,DNB Post MBBS,"₹ 1,25,000.00",306,0,₹ 0.00,"₹ 70,000.00"
West Bengal,"Apollo Gleneagles, Kolkata",DNBEMERGENCY MEDICINE,DNB Post MBBS,"₹ 1,25,000.00",750,0,₹ 0.00,"₹ 47,000.00"
West Bengal,"Fortis Hospital, Kolkata",DNBEMERGENCY MEDICINE,DNB Post MBBS,"₹ 1,25,000.00",230,0,₹ 0.00,"₹ 49,900.00"
West Bengal,"Healthworld Hospital, Durgapur",DNBEMERGENCY MEDICINE,DNB Post MBBS,"₹ 1,25,000.00",269,0,₹ 0.00,"₹ 49,884.00"
West Bengal,"Manipal Hospital,EM Bypass,Kolkata",DNBEMERGENCY MEDICINE,DNB Post MBBS,"₹ 1,25,000.00",404,0,₹ 0.00,"₹ 46,000.00"
West Bengal,"Peerless Hospital, Kolkata",DNBEMERGENCY MEDICINE,DNB Post MBBS,"₹ 1,25,000.00",400,0,₹ 0.00,"₹ 46,300.00"
West Bengal,"RN Tagore (Cardiac), Kolkata",DNBEMERGENCY MEDICINE,DNB Post MBBS,"₹ 1,25,000.00",681,0,₹ 0.00,"₹ 49,884.00"
Andhra Pradesh,"Sanghamitra Hosp, Ongole, AP",DNBEMERGENCY MEDICINE,DNB Post MBBS,"₹ 1,25,000.00",150,0,₹ 0.00,"₹ 60,823.00"
Delhi,"Fortis Escorts Heart, Okhla Rd",DNBEMERGENCY MEDICINE,DNB Post MBBS,"₹ 1,25,000.00",310,0,₹ 0.00,"₹ 58,000.00"
Delhi,"Lady Hardinge Med Coll,NewDelhi",DNBEMERGENCY MEDICINE,DNB Post MBBS,"₹ 1,25,000.00",1252,0,₹ 0.00,"₹ 1,26,927.00"
Delhi,"PGIMER, RML Hosp, Delhi",DNBEMERGENCY MEDICINE,DNB Post MBBS,"₹ 1,25,000.00",1532,0,₹ 0.00,"₹ 1,20,965.00"
Delhi,"Safdarjung Hosp (VMMC), Delhi",DNBEMERGENCY MEDICINE,DNB Post MBBS,"₹ 1,25,000.00",3000,0,₹ 0.00,"₹ 1,20,965.00"
Jharkhand,"Tata Main Hospital, Jamshedpur",DNBEMERGENCY MEDICINE,DNB Post MBBS,"₹ 1,25,000.00",915,0,₹ 0.00,"₹ 56,100.00"
Kerala,"Apollo Adlux Hosp, Angamaly,KER",DNBEMERGENCY MEDICINE,DNB Post MBBS,"₹ 1,25,000.00",300,0,₹ 0.00,"₹ 60,000.00"
Kerala,"Caritas Hospital, Kottayam",DNBEMERGENCY MEDICINE,DNB Post MBBS,"₹ 1,25,000.00",660,0,₹ 0.00,"₹ 57,876.00"
Kerala,"St GregoriosHosp,Pathanamthitta",DNBEMERGENCY MEDICINE,DNB Post MBBS,"₹ 1,25,000.00",250,0,₹ 0.00,"₹ 57,876.00"
Maharashtra,"Holy Spirit Hospital, Mumbai",DNBEMERGENCY MEDICINE,DNB Post MBBS,"₹ 1,25,000.00",300,0,₹ 0.00,"₹ 86,630.00"
Maharashtra,"KamalnayanBajajHosp,Aurangabad",DNBEMERGENCY MEDICINE,DNB Post MBBS,"₹ 1,25,000.00",200,0,₹ 0.00,"₹ 73,057.00"
Pondicherry,"IndiraGandhi MC&RI,Pondicherry",DNBEMERGENCY MEDICINE,DNB Post MBBS,"₹ 1,25,000.00",750,0,₹ 0.00,"₹ 43,000.00"
Rajasthan,"Govt RDBP Jaipuria Hosp,Jaipur",DNBEMERGENCY MEDICINE,DNB Post MBBS,"₹ 1,25,000.00",521,0,₹ 0.00,"₹ 70,656.00"
Rajasthan,"Manipal Hospital, Jaipur",DNBEMERGENCY MEDICINE,DNB Post MBBS,"₹ 1,25,000.00",225,0,₹ 0.00,"₹ 69,200.00"
Tamil Nadu,"Preethi Hospital, Madurai",DNBEMERGENCY MEDICINE,DNB Post MBBS,"₹ 1,25,000.00",214,0,₹ 0.00,"₹ 52,451.00"
Tamil Nadu,"Revathi Med Cent, Tirupur, TN",DNBEMERGENCY MEDICINE,DNB Post MBBS,"₹ 1,25,000.00",100,0,₹ 0.00,"₹ 52,451.00"
Telangana,"Citizen Spec Hosp, Hyderabad",DNBEMERGENCY MEDICINE,DNB Post MBBS,"₹ 1,25,000.00",300,0,₹ 0.00,"₹ 50,686.00"
Telangana,"Continental Hosp, Hyderabad",DNBEMERGENCY MEDICINE,DNB Post MBBS,"₹ 1,25,000.00",587,0,₹ 0.00,"₹ 58,289.00"
Uttar Pradesh,"Autonomous State MC, Firozabad",DNBEMERGENCY MEDICINE,DNB Post MBBS,"₹ 1,25,000.00",244,0,₹ 0.00,"₹ 80,000.00"
Uttar Pradesh,"Govt IMS, Greater Noida",DNBEMERGENCY MEDICINE,DNB Post MBBS,"₹ 1,25,000.00",300,0,₹ 0.00,"₹ 80,000.00"
Uttar Pradesh,"Heritage Hospital, Varanasi",DNBEMERGENCY MEDICINE,DNB Post MBBS,"₹ 1,25,000.00",150,0,₹ 0.00,"₹ 56,100.00"
Uttar Pradesh,"YatharthSS, Sec 1,GreatrNoida",DNBEMERGENCY MEDICINE,DNB Post MBBS,"₹ 1,25,000.00",450,0,₹ 0.00,"₹ 80,000.00"
Kerala,"PK Das Inst of MedSci,Ottapalam",DNBEMERGENCY MEDICINE,DNB Post MBBS,"₹ 1,25,000.00",750,0,₹ 0.00,"₹ 53,000.00"
Punjab,"Patel Hospital, Jalandhar",DNBEMERGENCY MEDICINE,DNB Post MBBS,"₹ 1,25,000.00",250,0,₹ 0.00,"₹ 68,000.00"
Andhra Pradesh,"Dr Ramesh Cardiac Hosp, Guntur",DNBEMERGENCY MEDICINE,DNB Post MBBS,"₹ 1,25,000.00",350,0,₹ 0.00,"₹ 60,823.00"
Karnataka,"St Philomena's Hosp,Bangalore",DNBEMERGENCY MEDICINE,DNB Post MBBS,"₹ 1,25,000.00",371,0,₹ 0.00,"₹ 56,250.00"
Kerala,"MalankaraOrthodoxHos,Ernakulam",DNBEMERGENCY MEDICINE,DNB Post MBBS,"₹ 1,25,000.00",1100,0,₹ 0.00,"₹ 57,876.00"
Andhra Pradesh,"Dr Ramesh Cardiac, Vijayawada",DNBEMERGENCY MEDICINE,DNB Post MBBS,"₹ 1,25,000.00",300,0,₹ 0.00,"₹ 60,823.00"
Delhi,"Lok Nayak Hosp (LNJP), Delhi",DNBEMERGENCY MEDICINE,DNB Post MBBS,"₹ 1,25,000.00",NA,0,₹ 0.00,"₹ 1,20,965.00"
Delhi,"Base Hospital, Delhi Cantt",DNBEMERGENCY MEDICINE,AFMS-DNB,"₹ 1,25,000.00",NA,5,"₹ 57,50,000.00","₹ 1,31,976.00"
Karnataka,"Command Hosp, Bangalore",DNBEMERGENCY MEDICINE,AFMS-DNB,"₹ 1,25,000.00",NA,5,"₹ 57,50,000.00","₹ 56,250.00"
Maharashtra,"Holy Spirit Hospital, Mumbai",DNBFAMILY MEDICINE,DNB Post MBBS,"₹ 1,25,000.00",300,0,₹ 0.00,"₹ 86,630.00"
Maharashtra,"Jehangir Hospital, Pune",DNBFAMILY MEDICINE,DNB Post MBBS,"₹ 1,25,000.00",335,0,₹ 0.00,"₹ 86,000.00"
Assam,"Down Town Hospital, Dispur",DNBFAMILY MEDICINE,DNB Post MBBS,"₹ 1,25,000.00",300,0,₹ 0.00,"₹ 55,200.00"
Bihar,"ESIC MC & Hosp Bihta, Patna",DNBFAMILY MEDICINE,DNB Post MBBS,"₹ 1,25,000.00",330,1,"₹ 7,50,000.00","₹ 70,000.00"
Delhi,"Jaipur Golden Hospital, Delhi",DNBFAMILY MEDICINE,DNB Post MBBS,"₹ 1,25,000.00",242,0,₹ 0.00,"₹ 70,000.00"
Delhi,"Maharaja Agrasen Hosp, Delhi",DNBFAMILY MEDICINE,DNB Post MBBS,"₹ 1,25,000.00",300,0,₹ 0.00,"₹ 63,000.00"
Delhi,"Max SS Hosp, Saket, Delhi",DNBFAMILY MEDICINE,DNB Post MBBS,"₹ 1,25,000.00",539,0,₹ 0.00,"₹ 60,000.00"
Delhi,"Sir Ganga Ram Hospital, Delhi",DNBFAMILY MEDICINE,DNB Post MBBS,"₹ 1,25,000.00",675,0,₹ 0.00,"₹ 92,000.00"
Delhi,"St Stephen's Hospital, Delhi",DNBFAMILY MEDICINE,DNB Post MBBS,"₹ 1,25,000.00",595,0,₹ 0.00,"₹ 63,000.00"
Haryana,"Artemis Health Inst, Gurgaon",DNBFAMILY MEDICINE,DNB Post MBBS,"₹ 1,25,000.00",394,0,₹ 0.00,"₹ 56,000.00"
Karnataka,"Bangalore Baptist, Bangalore",DNBFAMILY MEDICINE,DNB Post MBBS,"₹ 1,25,000.00",340,0,₹ 0.00,"₹ 56,250.00"
Karnataka,"Rangadore Mem Hosp, Bangalore",DNBFAMILY MEDICINE,DNB Post MBBS,"₹ 1,25,000.00",210,0,₹ 0.00,"₹ 45,000.00"
Karnataka,"Sagar Hosp, Banashankari, BLR",DNBFAMILY MEDICINE,DNB Post MBBS,"₹ 1,25,000.00",150,0,₹ 0.00,"₹ 45,000.00"
Karnataka,"Narayana Hrudayalaya Hos,Bommasandra",DNBFAMILY MEDICINE,DNB Post MBBS,"₹ 1,25,000.00",210,0,₹ 0.00,"₹ 56,250.00"
Karnataka,"Sparsh SS Hosp, Yeshwanthpur",DNBFAMILY MEDICINE,DNB Post MBBS,"₹ 1,25,000.00",250,0,₹ 0.00,"₹ 56,250.00"
Karnataka,"St Philomena's Hosp,Bangalore",DNBFAMILY MEDICINE,DNB Post MBBS,"₹ 1,25,000.00",371,0,₹ 0.00,"₹ 56,250.00"
Karnataka,"NarayanaHrudyalaya,Bommasandra",DNBFAMILY MEDICINE,DNB Post MBBS,"₹ 1,25,000.00",2000,0,₹ 0.00,"₹ 56,250.00"
Kerala,"IQRAA, Kozhikode",DNBFAMILY MEDICINE,DNB Post MBBS,"₹ 1,25,000.00",300,0,₹ 0.00,"₹ 57,876.00"
Kerala,"KIMS, Trivandrum",DNBFAMILY MEDICINE,DNB Post MBBS,"₹ 1,25,000.00",2000,0,₹ 0.00,"₹ 57,876.00"
Kerala,"Lakeshore Hospital, Kochi",DNBFAMILY MEDICINE,DNB Post MBBS,"₹ 1,25,000.00",470,0,₹ 0.00,"₹ 57,876.00"
Kerala,"Lourdes Hospital, Kochi",DNBFAMILY MEDICINE,DNB Post MBBS,"₹ 1,25,000.00",600,0,₹ 0.00,"₹ 57,876.00"
Kerala,"MGMMuthoot Hosp,Pathanamthitta",DNBFAMILY MEDICINE,DNB Post MBBS,"₹ 1,25,000.00",150,0,₹ 0.00,"₹ 57,876.00"
Kerala,"Malabar IMS, Kozhikode",DNBFAMILY MEDICINE,DNB Post MBBS,"₹ 1,25,000.00",573,0,₹ 0.00,"₹ 57,876.00"
Kerala,"Medical Trust Hospital, Kochi",DNBFAMILY MEDICINE,DNB Post MBBS,"₹ 1,25,000.00",500,0,₹ 0.00,"₹ 57,876.00"
Kerala,"MuthootHealthCare,Kozhencherry",DNBFAMILY MEDICINE,DNB Post MBBS,"₹ 1,25,000.00",330,0,₹ 0.00,"₹ 57,876.00"
Madhya Pradesh,"JaiPrakash DistGovtHosp,Bhopal",DNBFAMILY MEDICINE,DNB Post MBBS,"₹ 1,25,000.00",330,3,"₹ 20,00,000.00","₹ 75,444.00"
Maharashtra,"Aditya Birla Mem Hosp, Pune",DNBFAMILY MEDICINE,DNB Post MBBS,"₹ 1,25,000.00",500,0,₹ 0.00,"₹ 86,629.00"
Maharashtra,"Sadhu Vaswani Missions, Pune",DNBFAMILY MEDICINE,DNB Post MBBS,"₹ 1,25,000.00",369,0,₹ 0.00,"₹ 90,000.00"
Nagaland,"Christian IHSR, Dimapur",DNBFAMILY MEDICINE,DNB Post MBBS,"₹ 1,25,000.00",200,0,₹ 0.00,"₹ 35,000.00"
Odisha,"JaiprakashHosp,Rourkela,Odisha",DNBFAMILY MEDICINE,DNB Post MBBS,"₹ 1,25,000.00",307,0,₹ 0.00,"₹ 90,000.00"
Rajasthan,"Govt RDBP Jaipuria Hosp,Jaipur",DNBFAMILY MEDICINE,DNB Post MBBS,"₹ 1,25,000.00",521,0,₹ 0.00,"₹ 70,656.00"
Tamil Nadu,"CSI Kalyani, Chennai",DNBFAMILY MEDICINE,DNB Post MBBS,"₹ 1,25,000.00",200,0,₹ 0.00,"₹ 52,451.00"
Tamil Nadu,"Christian F Hosp, Oddanchatram",DNBFAMILY MEDICINE,DNB Post MBBS,"₹ 1,25,000.00",299,0,₹ 0.00,"₹ 52,451.00"
Tamil Nadu,"Dr Kamakshi Mem, Chennai",DNBFAMILY MEDICINE,DNB Post MBBS,"₹ 1,25,000.00",220,0,₹ 0.00,"₹ 52,451.00"
Tamil Nadu,"Dr Rangarajan Mem Hosp,Chennai",DNBFAMILY MEDICINE,DNB Post MBBS,"₹ 1,25,000.00",176,0,₹ 0.00,"₹ 50,923.00"
Tamil Nadu,"KG Hospital, Coimbatore",DNBFAMILY MEDICINE,DNB Post MBBS,"₹ 1,25,000.00",250,0,₹ 0.00,"₹ 52,451.00"
Tamil Nadu,"Meenakshi Mission Hosp,Madurai",DNBFAMILY MEDICINE,DNB Post MBBS,"₹ 1,25,000.00",800,0,₹ 0.00,"₹ 52,451.00"
Telangana,"ESIC Med Coll, Sanath Nagar",DNBFAMILY MEDICINE,DNB Post MBBS,"₹ 1,25,000.00",800,1,"₹ 7,50,000.00","₹ 70,000.00"
Uttar Pradesh,"Apollomedics SS Hosp, Lucknow",DNBFAMILY MEDICINE,DNB Post MBBS,"₹ 1,25,000.00",300,0,₹ 0.00,"₹ 80,000.00"
Uttar Pradesh,"Fortis Hospital, Noida",DNBFAMILY MEDICINE,DNB Post MBBS,"₹ 1,25,000.00",278,0,₹ 0.00,"₹ 58,000.00"
West Bengal,"Burnpur Hospital, Asansol",DNBFAMILY MEDICINE,DNB Post MBBS,"₹ 1,25,000.00",290,0,₹ 0.00,"₹ 49,884.00"
Jammu and Kashmir,"Govt Med Coll Hosp, Anantnag",DNBFAMILY MEDICINE,DNB Post MBBS,"₹ 1,25,000.00",363,0,₹ 0.00,"₹ 59,500.00"
Karnataka,"KauveryHosp, ElecCity,Bangalore",DNBFAMILY MEDICINE,DNB Post MBBS,"₹ 1,25,000.00",200,0,₹ 0.00,"₹ 56,250.00"
Kerala,"Apollo Adlux Hosp, Angamaly,KER",DNBFAMILY MEDICINE,DNB Post MBBS,"₹ 1,25,000.00",300,0,₹ 0.00,"₹ 60,000.00"
Pondicherry,"IG GovtGenHosp&PGI,Pondicherry",DNBFAMILY MEDICINE,DNB Post MBBS,"₹ 1,25,000.00",626,0,₹ 0.00,"₹ 43,000.00"
Tamil Nadu,"Apollo Hosp, Greams Rd,Chennai",DNBFAMILY MEDICINE,DNB Post MBBS,"₹ 1,25,000.00",745,0,₹ 0.00,"₹ 52,451.00"
Tamil Nadu,"SKS Hospital, Salem",DNBFAMILY MEDICINE,DNB Post MBBS,"₹ 1,25,000.00",225,0,₹ 0.00,"₹ 52,453.00"
Tamil Nadu,"Vadamalayan Hospitals, Dindigul",DNBFAMILY MEDICINE,DNB Post MBBS,"₹ 1,25,000.00",178,0,₹ 0.00,"₹ 48,000.00"
Karnataka,"KLE Cent Hosp & MRC, Belagavi",DNBFAMILY MEDICINE,DNB Post MBBS,"₹ 1,25,000.00",NA,0,₹ 0.00,"₹ 35,000.00"
Bihar,"SriKrishna MedColl,Muzaffarpur",DNBFORENSIC MEDICINE,DNB Post MBBS,"₹ 1,25,000.00",610,3,"₹ 25,00,000.00","₹ 82,000.00"
Jammu and Kashmir,"Govt Med Coll Hosp,Srinagar",DNBFORENSIC MEDICINE,DNB Post MBBS,"₹ 1,25,000.00",1020,0,₹ 0.00,"₹ 59,500.00"
Uttar Pradesh,"Dr RML IMS,Lucknow",DNBFORENSIC MEDICINE,DNB Post MBBS,"₹ 1,25,000.00",350,0,₹ 0.00,"₹ 1,00,980.00"
Maharashtra,"KJ Somaiya MedColl Hosp,Mumbai",DNBGENERAL MEDICINE,DNB Post MBBS,"₹ 1,25,000.00",520,0,₹ 0.00,"₹ 86,629.00"
West Bengal,"SouthEastRailwayHosp,Kharagpur",DNBGENERAL MEDICINE,DNB Post MBBS,"₹ 1,25,000.00",340,0,₹ 0.00,"₹ 1,04,000.00"
Maharashtra,"Holy Family Hospital, Mumbai",DNBGENERAL MEDICINE,DNB Post MBBS,"₹ 1,25,000.00",268,0,₹ 0.00,"₹ 85,000.00"
West Bengal,"SouthEastRailwayHosp,Kolkata",DNBGENERAL MEDICINE,DNB Post MBBS,"₹ 1,25,000.00",303,0,₹ 0.00,"₹ 1,04,857.00"
Maharashtra,"Holy Spirit Hospital, Mumbai",DNBGENERAL MEDICINE,DNB Post MBBS,"₹ 1,25,000.00",300,0,₹ 0.00,"₹ 86,630.00"
Andaman and Nicobar Islands,"Andaman&Nicobar IMS,PortBlair",DNBGENERAL MEDICINE,DNB Post MBBS,"₹ 1,25,000.00",555,0,₹ 0.00,"₹ 86,000.00"
Maharashtra,"KamalnayanBajajHosp,Aurangabad",DNBGENERAL MEDICINE,DNB Post MBBS,"₹ 1,25,000.00",200,0,₹ 0.00,"₹ 73,057.00"
Maharashtra,"JagjivanRamRailwayHosp, Mumbai",DNBGENERAL MEDICINE,DNB Post MBBS,"₹ 1,25,000.00",361,0,₹ 0.00,"₹ 95,358.00"
Maharashtra,"Jaslok Hospital, Mumbai",DNBGENERAL MEDICINE,DNB Post MBBS,"₹ 1,25,000.00",361,0,₹ 0.00,"₹ 76,000.00"
Maharashtra,"Jehangir Hospital, Pune",DNBGENERAL MEDICINE,DNB Post MBBS,"₹ 1,25,000.00",335,0,₹ 0.00,"₹ 86,000.00"
Gujarat,"Apollo Hospital,Gandhinagar",DNBGENERAL MEDICINE,DNB Post MBBS,"₹ 1,25,000.00",300,0,₹ 0.00,"₹ 84,000.00"
Gujarat,"BAPS PramukhSwami Hosp, Surat",DNBGENERAL MEDICINE,DNB Post MBBS,"₹ 1,25,000.00",200,0,₹ 0.00,"₹ 84,000.00"
Gujarat,"GMERS MedColl Hosp,Himmatnagar",DNBGENERAL MEDICINE,DNB Post MBBS,"₹ 1,25,000.00",700,0,₹ 0.00,"₹ 1,00,800.00"
Gujarat,"GMERS MedColl Hosp,Vadadora",DNBGENERAL MEDICINE,DNB Post MBBS,"₹ 1,25,000.00",750,0,₹ 0.00,"₹ 1,00,800.00"
Gujarat,"GMERS,Sola,Ahmedabad",DNBGENERAL MEDICINE,DNB Post MBBS,"₹ 1,25,000.00",970,0,₹ 0.00,"₹ 1,00,800.00"
Gujarat,"GMERS Med Coll Hosp, Junagadh",DNBGENERAL MEDICINE,DNB Post MBBS,"₹ 1,25,000.00",NA,0,₹ 0.00,"₹ 1,00,800.00"
Gujarat,"GMERS MedColl Hosp,Valsad",DNBGENERAL MEDICINE,DNB Post MBBS,"₹ 1,25,000.00",650,0,₹ 0.00,"₹ 1,00,800.00"
Gujarat,"GMERS MedColl Hosp,Gandhinagar",DNBGENERAL MEDICINE,DNB Post MBBS,"₹ 1,25,000.00",770,0,₹ 0.00,"₹ 1,00,800.00"
Gujarat,"Haria L G Rotary Hosp, Vapi",DNBGENERAL MEDICINE,DNB Post MBBS,"₹ 1,25,000.00",186,0,₹ 0.00,"₹ 84,000.00"
Gujarat,"HCG Hosp,Ellisbridge,Ahmedabad",DNBGENERAL MEDICINE,DNB Post MBBS,"₹ 1,25,000.00",151,0,₹ 0.00,"₹ 84,000.00"
Gujarat,"Metas Adventist Hosp, Surat",DNBGENERAL MEDICINE,DNB Post MBBS,"₹ 1,25,000.00",300,0,₹ 0.00,"₹ 1,00,800.00"
Gujarat,"SAL Hosp & Med Inst, Ahmedabad",DNBGENERAL MEDICINE,DNB Post MBBS,"₹ 1,25,000.00",230,0,₹ 0.00,"₹ 84,000.00"
Gujarat,"Shree Mahavir Health, Surat",DNBGENERAL MEDICINE,DNB Post MBBS,"₹ 1,25,000.00",257,0,₹ 0.00,"₹ 84,000.00"
Gujarat,"The Gujarat Res & MI,Ahmedabad",DNBGENERAL MEDICINE,DNB Post MBBS,"₹ 1,25,000.00",250,0,₹ 0.00,"₹ 84,000.00"
Gujarat,"GMERS MedColl Hosp,Patan",DNBGENERAL MEDICINE,DNB Post MBBS,"₹ 1,25,000.00",650,0,₹ 0.00,"₹ 1,00,800.00"
Gujarat,"Aayush Mult Spec Hosp, Morbi",DNBGENERAL MEDICINE,DNB Post MBBS,"₹ 1,25,000.00",200,0,₹ 0.00,"₹ 84,000.00"
Gujarat,"Rasilaben SevantilalShah,Surat",DNBGENERAL MEDICINE,DNB Post MBBS,"₹ 1,25,000.00",NA,0,₹ 0.00,"₹ 1,00,800.00"
Maharashtra,"Jupiter Hospital, Thane",DNBGENERAL MEDICINE,DNB Post MBBS,"₹ 1,25,000.00",350,0,₹ 0.00,"₹ 80,000.00"
Andhra Pradesh,"Apollo Hospital, Vizag",DNBGENERAL MEDICINE,DNB Post MBBS,"₹ 1,25,000.00",206,0,₹ 0.00,"₹ 60,823.00"
Andhra Pradesh,"Dr Ramesh Cardiac Hosp, Guntur",DNBGENERAL MEDICINE,DNB Post MBBS,"₹ 1,25,000.00",350,0,₹ 0.00,"₹ 60,823.00"
Meghalaya,"Nazareth Hospital, Shillong",DNBGENERAL MEDICINE,DNB Post MBBS,"₹ 1,25,000.00",366,0,₹ 0.00,"₹ 48,000.00"
Mizoram,"Civil Hospital, Aizawl",DNBGENERAL MEDICINE,DNB Post MBBS,"₹ 1,25,000.00",300,0,₹ 0.00,"₹ 50,000.00"
Odisha,"Apollo Hospital, Bhubaneswar",DNBGENERAL MEDICINE,DNB Post MBBS,"₹ 1,25,000.00",350,0,₹ 0.00,"₹ 66,916.00"
Odisha,"Care Hospital, Bhubaneswar",DNBGENERAL MEDICINE,DNB Post MBBS,"₹ 1,25,000.00",230,0,₹ 0.00,"₹ 68,801.00"
Odisha,"Ispat Gen Hospital, Rourkela",DNBGENERAL MEDICINE,DNB Post MBBS,"₹ 1,25,000.00",600,0,₹ 0.00,"₹ 70,868.00"
Punjab,"Fortis Hospital, Ludhiana",DNBGENERAL MEDICINE,DNB Post MBBS,"₹ 1,25,000.00",200,0,₹ 0.00,"₹ 68,000.00"
Punjab,"Indus Intl Hosp, Mohali",DNBGENERAL MEDICINE,DNB Post MBBS,"₹ 1,25,000.00",NA,0,₹ 0.00,"₹ 70,000.00"
Punjab,"Mohandai Oswal Hosp, Ludhiana",DNBGENERAL MEDICINE,DNB Post MBBS,"₹ 1,25,000.00",300,0,₹ 0.00,"₹ 67,968.00"
Punjab,"Satguru Partap Singh,Ludhiana",DNBGENERAL MEDICINE,DNB Post MBBS,"₹ 1,25,000.00",350,0,₹ 0.00,"₹ 67,968.00"
Rajasthan,"Eternal HeartCare Cent, Jaipur",DNBGENERAL MEDICINE,DNB Post MBBS,"₹ 1,25,000.00",225,0,₹ 0.00,"₹ 64,584.00"
Rajasthan,"Fortis Escorts Hosp, Jaipur",DNBGENERAL MEDICINE,DNB Post MBBS,"₹ 1,25,000.00",245,0,₹ 0.00,"₹ 73,968.00"
Rajasthan,"Manipal Hospital, Jaipur",DNBGENERAL MEDICINE,DNB Post MBBS,"₹ 1,25,000.00",225,0,₹ 0.00,"₹ 69,200.00"
Tamil Nadu,"Govt HQ Hosp, Virudhunagar",DNBGENERAL MEDICINE,DNB Post MBBS,"₹ 1,25,000.00",326,2,"₹ 40,00,000.00","₹ 52,451.00"
Rajasthan,"Rukmani Birla Hospital, Jaipur",DNBGENERAL MEDICINE,DNB Post MBBS,"₹ 1,25,000.00",230,0,₹ 0.00,"₹ 76,176.00"
Assam,"Aditya Diag & Hosp, Dibrugarh",DNBGENERAL MEDICINE,DNB Post MBBS,"₹ 1,25,000.00",210,0,₹ 0.00,"₹ 48,000.00"
Assam,"Apollo Hospital, Guwahati",DNBGENERAL MEDICINE,DNB Post MBBS,"₹ 1,25,000.00",214,0,₹ 0.00,"₹ 55,200.00"
Assam,"Central Hospital, Guwahati",DNBGENERAL MEDICINE,DNB Post MBBS,"₹ 1,25,000.00",300,0,₹ 0.00,"₹ 55,200.00"
Assam,"Down Town Hospital, Dispur",DNBGENERAL MEDICINE,DNB Post MBBS,"₹ 1,25,000.00",300,0,₹ 0.00,"₹ 55,200.00"
Assam,"Hayat Hospital, Guwahati",DNBGENERAL MEDICINE,DNB Post MBBS,"₹ 1,25,000.00",200,0,₹ 0.00,"₹ 48,000.00"
Assam,"Health City Hospital, Guwahati",DNBGENERAL MEDICINE,DNB Post MBBS,"₹ 1,25,000.00",200,0,₹ 0.00,"₹ 52,000.00"
Assam,"NEMCARE Hospital, Guwahati",DNBGENERAL MEDICINE,DNB Post MBBS,"₹ 1,25,000.00",300,0,₹ 0.00,"₹ 55,200.00"
Assam,"TimesHospital,Keketibari,Tezpur",DNBGENERAL MEDICINE,DNB Post MBBS,"₹ 1,25,000.00",130,0,₹ 0.00,"₹ 55,200.00"
Bihar,"BIG Apollo Spectra, Patna",DNBGENERAL MEDICINE,DNB Post MBBS,"₹ 1,25,000.00",160,0,₹ 0.00,"₹ 70,000.00"
Bihar,"ESIC MC & Hosp Bihta, Patna",DNBGENERAL MEDICINE,DNB Post MBBS,"₹ 1,25,000.00",330,1,"₹ 7,50,000.00","₹ 70,000.00"
Bihar,"Paras HMRI Hospital, Patna",DNBGENERAL MEDICINE,DNB Post MBBS,"₹ 1,25,000.00",350,0,₹ 0.00,"₹ 82,000.00"
Chandigarh,"Govt MultSpec Hosp, Chandigarh",DNBGENERAL MEDICINE,DNB Post MBBS,"₹ 1,25,000.00",500,0,₹ 0.00,"₹ 1,07,000.00"
Chhattisgarh,"Apollo Hospital, Bilaspur",DNBGENERAL MEDICINE,DNB Post MBBS,"₹ 1,25,000.00",300,0,₹ 0.00,"₹ 57,500.00"
Chhattisgarh,"Central Hosp,Railway,Bilaspur",DNBGENERAL MEDICINE,DNB Post MBBS,"₹ 1,25,000.00",104,0,₹ 0.00,"₹ 67,500.00"
Chhattisgarh,"Chandulal Chandrakar, Bhilai",DNBGENERAL MEDICINE,DNB Post MBBS,"₹ 1,25,000.00",750,0,₹ 0.00,"₹ 67,500.00"
Chhattisgarh,"Govt Med Coll, Jagdalpur",DNBGENERAL MEDICINE,DNB Post MBBS,"₹ 1,25,000.00",500,0,₹ 0.00,"₹ 67,500.00"
Chhattisgarh,"JLN Main Hosp & RC, Bhilai",DNBGENERAL MEDICINE,DNB Post MBBS,"₹ 1,25,000.00",860,0,₹ 0.00,"₹ 67,500.00"
Telangana,"District Hospital, Gollaguda",DNBGENERAL MEDICINE,DNB Post MBBS,"₹ 1,25,000.00",400,0,₹ 0.00,"₹ 58,289.00"
Chhattisgarh,"MMI Narayana MultiSpec, Lalpur",DNBGENERAL MEDICINE,DNB Post MBBS,"₹ 1,25,000.00",215,0,₹ 0.00,"₹ 67,500.00"
Chhattisgarh,"Ramkrishna Care Hosp, Raipur",DNBGENERAL MEDICINE,DNB Post MBBS,"₹ 1,25,000.00",359,0,₹ 0.00,"₹ 67,500.00"
Chhattisgarh,"Shree Narayana Hosp, Raipur",DNBGENERAL MEDICINE,DNB Post MBBS,"₹ 1,25,000.00",200,0,₹ 0.00,"₹ 67,500.00"
Chhattisgarh,"Shri Balaji IMS, Raipur",DNBGENERAL MEDICINE,DNB Post MBBS,"₹ 1,25,000.00",436,0,₹ 0.00,"₹ 67,500.00"
Dadra and Nagar Haveli,"VinobaBhaveCivilHosp, Silvassa",DNBGENERAL MEDICINE,DNB Post MBBS,"₹ 1,25,000.00",316,1,"₹ 10,00,000.00","₹ 35,000.00"
Delhi,"Aakash HC SS Hospital, Dwarka",DNBGENERAL MEDICINE,DNB Post MBBS,"₹ 1,25,000.00",200,0,₹ 0.00,"₹ 80,000.00"
Delhi,"Ayushman Hosp&HealthServ, Delhi",DNBGENERAL MEDICINE,DNB Post MBBS,"₹ 1,25,000.00",105,0,₹ 0.00,"₹ 72,000.00"
Delhi,"Batra Hospital, Delhi",DNBGENERAL MEDICINE,DNB Post MBBS,"₹ 1,25,000.00",495,0,₹ 0.00,"₹ 61,000.00"
Delhi,"Deen Dayal Upadhyay, Delhi",DNBGENERAL MEDICINE,DNB Post MBBS,"₹ 1,25,000.00",640,0,₹ 0.00,"₹ 1,26,927.00"
Delhi,"Dr B L Kapur Mem Hosp, Delhi",DNBGENERAL MEDICINE,DNB Post MBBS,"₹ 1,25,000.00",465,0,₹ 0.00,"₹ 60,000.00"
Delhi,"Dr Baba Saheb Ambedkar, Delhi",DNBGENERAL MEDICINE,DNB Post MBBS,"₹ 1,25,000.00",500,0,₹ 0.00,"₹ 1,26,927.00"
Delhi,"ESI Hospital, Jhilmil Shahdara",DNBGENERAL MEDICINE,DNB Post MBBS,"₹ 1,25,000.00",300,1,"₹ 7,50,000.00","₹ 70,000.00"
Delhi,"ESIC Hospital, Okhla",DNBGENERAL MEDICINE,DNB Post MBBS,"₹ 1,25,000.00",167,1,"₹ 7,50,000.00","₹ 70,000.00"
Delhi,"Hindu Rao Hospital, Delhi",DNBGENERAL MEDICINE,DNB Post MBBS,"₹ 1,25,000.00",980,0,₹ 0.00,"₹ 1,26,927.00"
Delhi,"Holy Family Hospital, Delhi",DNBGENERAL MEDICINE,DNB Post MBBS,"₹ 1,25,000.00",345,0,₹ 0.00,"₹ 82,000.00"
Delhi,Human Care Med Trust Dwarka,DNBGENERAL MEDICINE,DNB Post MBBS,"₹ 1,25,000.00",380,0,₹ 0.00,"₹ 57,000.00"
Delhi,"Indraprastha Apollo Hosp,Delhi",DNBGENERAL MEDICINE,DNB Post MBBS,"₹ 1,25,000.00",718,0,₹ 0.00,"₹ 64,500.00"
Delhi,"Jaipur Golden Hospital, Delhi",DNBGENERAL MEDICINE,DNB Post MBBS,"₹ 1,25,000.00",242,0,₹ 0.00,"₹ 70,000.00"
Delhi,"Kalra Hosp & SRCNC, Delhi",DNBGENERAL MEDICINE,DNB Post MBBS,"₹ 1,25,000.00",116,0,₹ 0.00,"₹ 65,000.00"
Delhi,"Maharaja Agrasen Hosp, Delhi",DNBGENERAL MEDICINE,DNB Post MBBS,"₹ 1,25,000.00",300,0,₹ 0.00,"₹ 63,000.00"
Delhi,"Mata Chanan Devi Hosp, Delhi",DNBGENERAL MEDICINE,DNB Post MBBS,"₹ 1,25,000.00",210,0,₹ 0.00,"₹ 60,000.00"
Delhi,"MaxSmart SS(SaketCityH),Delhi",DNBGENERAL MEDICINE,DNB Post MBBS,"₹ 1,25,000.00",250,0,₹ 0.00,"₹ 57,000.00"
Delhi,"Max SS Hosp, Saket, Delhi",DNBGENERAL MEDICINE,DNB Post MBBS,"₹ 1,25,000.00",539,0,₹ 0.00,"₹ 60,000.00"
Delhi,"Max SS Hosp, Patparganj,Delhi",DNBGENERAL MEDICINE,DNB Post MBBS,"₹ 1,25,000.00",402,0,₹ 0.00,"₹ 60,000.00"
Delhi,"Moolchand Khairatiram, Delhi",DNBGENERAL MEDICINE,DNB Post MBBS,"₹ 1,25,000.00",140,0,₹ 0.00,"₹ 56,100.00"
Delhi,"NorthernRailway CentHosp,Delhi",DNBGENERAL MEDICINE,DNB Post MBBS,"₹ 1,25,000.00",413,0,₹ 0.00,"₹ 1,26,927.00"
Delhi,"Park Hospital, Delhi",DNBGENERAL MEDICINE,DNB Post MBBS,"₹ 1,25,000.00",270,0,₹ 0.00,"₹ 80,000.00"
Delhi,"Sanjay Gandhi Mem Hosp, Delhi",DNBGENERAL MEDICINE,DNB Post MBBS,"₹ 1,25,000.00",300,0,₹ 0.00,"₹ 1,26,927.00"
Delhi,"Shri Balaji Action Med, Delhi",DNBGENERAL MEDICINE,DNB Post MBBS,"₹ 1,25,000.00",250,0,₹ 0.00,"₹ 72,000.00"
Delhi,"Sir Ganga Ram Hospital, Delhi",DNBGENERAL MEDICINE,DNB Post MBBS,"₹ 1,25,000.00",675,0,₹ 0.00,"₹ 92,000.00"
Delhi,"St Stephen's Hospital, Delhi",DNBGENERAL MEDICINE,DNB Post MBBS,"₹ 1,25,000.00",595,0,₹ 0.00,"₹ 63,000.00"
Delhi,"Swami Dayanand Hospital, Delhi",DNBGENERAL MEDICINE,DNB Post MBBS,"₹ 1,25,000.00",370,0,₹ 0.00,"₹ 1,35,264.00"
Delhi,"Tirath Ram Shah Hospital,Delhi",DNBGENERAL MEDICINE,DNB Post MBBS,"₹ 1,25,000.00",200,0,₹ 0.00,"₹ 62,000.00"
Delhi,"Venkateshwar Hospital, Delhi",DNBGENERAL MEDICINE,DNB Post MBBS,"₹ 1,25,000.00",250,0,₹ 0.00,"₹ 60,000.00"
Goa,"Healthway Hosp, Old Goa, Goa",DNBGENERAL MEDICINE,DNB Post MBBS,"₹ 1,25,000.00",250,0,₹ 0.00,"₹ 60,000.00"
Haryana,"Artemis Health Inst, Gurgaon",DNBGENERAL MEDICINE,DNB Post MBBS,"₹ 1,25,000.00",394,0,₹ 0.00,"₹ 56,000.00"
Haryana,"Asian IMS, Faridabad",DNBGENERAL MEDICINE,DNB Post MBBS,"₹ 1,25,000.00",425,0,₹ 0.00,"₹ 58,100.00"
Haryana,"BPS Med Coll, Sonepat",DNBGENERAL MEDICINE,DNB Post MBBS,"₹ 1,25,000.00",550,0,₹ 0.00,"₹ 1,00,980.00"
Haryana,"CMC Hospital, Hisar, Haryana",DNBGENERAL MEDICINE,DNB Post MBBS,"₹ 1,25,000.00",100,0,₹ 0.00,"₹ 84,000.00"
Haryana,"Fortis Escorts Hosp, Faridabad",DNBGENERAL MEDICINE,DNB Post MBBS,"₹ 1,25,000.00",210,0,₹ 0.00,"₹ 71,100.00"
Haryana,"Fortis Memorial RI, Gurgaon",DNBGENERAL MEDICINE,DNB Post MBBS,"₹ 1,25,000.00",300,0,₹ 0.00,"₹ 57,000.00"
Haryana,"General Hospital, Panchkula",DNBGENERAL MEDICINE,DNB Post MBBS,"₹ 1,25,000.00",300,0,₹ 0.00,"₹ 1,00,980.00"
Haryana,"Kalpana Chawla GMC Hosp,Karnal",DNBGENERAL MEDICINE,DNB Post MBBS,"₹ 1,25,000.00",345,0,₹ 0.00,"₹ 1,00,980.00"
Haryana,"Maharaja Agrasen MCHosp,Agroha",DNBGENERAL MEDICINE,DNB Post MBBS,"₹ 1,25,000.00",541,0,₹ 0.00,"₹ 1,00,980.00"
Haryana,"Medanta The Medicity, Gurgaon",DNBGENERAL MEDICINE,DNB Post MBBS,"₹ 1,25,000.00",1200,0,₹ 0.00,"₹ 65,000.00"
Haryana,"Metro Heart Inst, Faridabad",DNBGENERAL MEDICINE,DNB Post MBBS,"₹ 1,25,000.00",200,0,₹ 0.00,"₹ 95,000.00"
Haryana,"Park Hosp, Gurugram",DNBGENERAL MEDICINE,DNB Post MBBS,"₹ 1,25,000.00",100,0,₹ 0.00,"₹ 80,000.00"
Haryana,"Paras Hospital, Gurgaon",DNBGENERAL MEDICINE,DNB Post MBBS,"₹ 1,25,000.00",250,0,₹ 0.00,"₹ 60,000.00"
Haryana,"Park Hospital, Panipat",DNBGENERAL MEDICINE,DNB Post MBBS,"₹ 1,25,000.00",125,0,₹ 0.00,"₹ 80,000.00"
Haryana,"QRG Medicare, Faridabad",DNBGENERAL MEDICINE,DNB Post MBBS,"₹ 1,25,000.00",325,0,₹ 0.00,"₹ 70,000.00"
Haryana,"Sarvodaya Hospital, Faridabad",DNBGENERAL MEDICINE,DNB Post MBBS,"₹ 1,25,000.00",300,0,₹ 0.00,"₹ 73,000.00"
Haryana,"SHKM Gov Med Coll, Nuh",DNBGENERAL MEDICINE,DNB Post MBBS,"₹ 1,25,000.00",647,0,₹ 0.00,"₹ 1,00,980.00"
Haryana,"Sukhda MultiSpecHosp, Hisar,HAR",DNBGENERAL MEDICINE,DNB Post MBBS,"₹ 1,25,000.00",100,0,₹ 0.00,"₹ 86,000.00"
Haryana,"Nidaan Hospital,Sonipat,Haryana",DNBGENERAL MEDICINE,DNB Post MBBS,"₹ 1,25,000.00",100,0,₹ 0.00,"₹ 80,000.00"
Himachal Pradesh,"Dr Radhakrishnan GMC, Hamirpur",DNBGENERAL MEDICINE,DNB Post MBBS,"₹ 1,25,000.00",300,2,"₹ 40,00,000.00","₹ 40,000.00"
Himachal Pradesh,"Pt JN Govt Med Coll, Chamba",DNBGENERAL MEDICINE,DNB Post MBBS,"₹ 1,25,000.00",324,2,"₹ 40,00,000.00","₹ 40,000.00"
Himachal Pradesh,"Lal Bah Shastri Govt Med,Mandi",DNBGENERAL MEDICINE,DNB Post MBBS,"₹ 1,25,000.00",550,2,"₹ 40,00,000.00","₹ 40,000.00"
Jammu and Kashmir,"Assoc Hosp Govt MC, Baramulla",DNBGENERAL MEDICINE,DNB Post MBBS,"₹ 1,25,000.00",363,0,₹ 0.00,"₹ 59,500.00"
Jammu and Kashmir,"Assoc Hosp Govt MC, Kathua",DNBGENERAL MEDICINE,DNB Post MBBS,"₹ 1,25,000.00",564,0,₹ 0.00,"₹ 59,500.00"
Jammu and Kashmir,"Assoc Hosp Govt MC, Doda",DNBGENERAL MEDICINE,DNB Post MBBS,"₹ 1,25,000.00",300,0,₹ 0.00,"₹ 59,500.00"
Jammu and Kashmir,"District Hospital, Ganderbal,JK",DNBGENERAL MEDICINE,DNB Post MBBS,"₹ 1,25,000.00",200,0,₹ 0.00,"₹ 48,000.00"
Jammu and Kashmir,"District Hospital, Kulgam",DNBGENERAL MEDICINE,DNB Post MBBS,"₹ 1,25,000.00",200,0,₹ 0.00,"₹ 48,000.00"
Jammu and Kashmir,"District Hospital, Pulwama, JK",DNBGENERAL MEDICINE,DNB Post MBBS,"₹ 1,25,000.00",200,0,₹ 0.00,"₹ 48,000.00"
Jammu and Kashmir,"Govt Hosp, Gandhi Nagar, JK",DNBGENERAL MEDICINE,DNB Post MBBS,"₹ 1,25,000.00",160,0,₹ 0.00,"₹ 48,000.00"
Jammu and Kashmir,"Govt Med Coll Hosp, Anantnag",DNBGENERAL MEDICINE,DNB Post MBBS,"₹ 1,25,000.00",363,0,₹ 0.00,"₹ 59,500.00"
Jammu and Kashmir,"Govt Med Coll Hosp, Rajouri",DNBGENERAL MEDICINE,DNB Post MBBS,"₹ 1,25,000.00",300,0,₹ 0.00,"₹ 59,500.00"
Jammu and Kashmir,"JLNM Hosp, Rainawari",DNBGENERAL MEDICINE,DNB Post MBBS,"₹ 1,25,000.00",200,0,₹ 0.00,"₹ 48,000.00"
Jammu and Kashmir,"Raja Sukhdev Singh District Hosp, Poonch",DNBGENERAL MEDICINE,DNB Post MBBS,"₹ 1,25,000.00",170,0,₹ 0.00,"₹ 48,000.00"
Jammu and Kashmir,"SDH Kupwara, Kupwara",DNBGENERAL MEDICINE,DNB Post MBBS,"₹ 1,25,000.00",200,0,₹ 0.00,"₹ 48,000.00"
Jharkhand,"Bokaro General Hosp, Bokaro",DNBGENERAL MEDICINE,DNB Post MBBS,"₹ 1,25,000.00",910,0,₹ 0.00,"₹ 60,588.00"
Jharkhand,"Central Hospital, Dhanbad",DNBGENERAL MEDICINE,DNB Post MBBS,"₹ 1,25,000.00",395,0,₹ 0.00,"₹ 56,100.00"
Jharkhand,"Central Hospital, Ranchi",DNBGENERAL MEDICINE,DNB Post MBBS,"₹ 1,25,000.00",200,0,₹ 0.00,"₹ 56,100.00"
Jharkhand,"Tata Main Hospital, Jamshedpur",DNBGENERAL MEDICINE,DNB Post MBBS,"₹ 1,25,000.00",915,0,₹ 0.00,"₹ 56,100.00"
Jharkhand,"Tata Motors Hosp, Jamshedpur",DNBGENERAL MEDICINE,DNB Post MBBS,"₹ 1,25,000.00",404,0,₹ 0.00,"₹ 56,100.00"
Karnataka,"Adarsha Hospital, Udupi",DNBGENERAL MEDICINE,DNB Post MBBS,"₹ 1,25,000.00",200,0,₹ 0.00,"₹ 45,000.00"
Karnataka,"Apollo BGS Hospital, Mysore",DNBGENERAL MEDICINE,DNB Post MBBS,"₹ 1,25,000.00",215,0,₹ 0.00,"₹ 45,000.00"
Maharashtra,"KB Bhabha MunicGenHosp, Mumbai",DNBGENERAL MEDICINE,DNB Post MBBS,"₹ 1,25,000.00",436,0,₹ 0.00,"₹ 92,522.00"
Karnataka,"Apollo Hosp, Bannerghatta, BLR",DNBGENERAL MEDICINE,DNB Post MBBS,"₹ 1,25,000.00",350,0,₹ 0.00,"₹ 56,250.00"
Karnataka,"Aster CMI Hospital, Bangalore",DNBGENERAL MEDICINE,DNB Post MBBS,"₹ 1,25,000.00",350,0,₹ 0.00,"₹ 56,250.00"
Karnataka,"Bangalore Baptist, Bangalore",DNBGENERAL MEDICINE,DNB Post MBBS,"₹ 1,25,000.00",340,0,₹ 0.00,"₹ 56,250.00"
Karnataka,"Bhagwan MahaveerJain,Bangalore",DNBGENERAL MEDICINE,DNB Post MBBS,"₹ 1,25,000.00",470,0,₹ 0.00,"₹ 45,000.00"
Karnataka,"CSI Holdsworth, Mysore",DNBGENERAL MEDICINE,DNB Post MBBS,"₹ 1,25,000.00",280,0,₹ 0.00,"₹ 45,000.00"
Karnataka,"Cauvery Heart Hosp, Mysore",DNBGENERAL MEDICINE,DNB Post MBBS,"₹ 1,25,000.00",200,0,₹ 0.00,"₹ 45,000.00"
Karnataka,"Chinmaya Mission, Bangalore",DNBGENERAL MEDICINE,DNB Post MBBS,"₹ 1,25,000.00",200,0,₹ 0.00,"₹ 45,000.00"
Karnataka,"District Hosp, Chikkaballapur",DNBGENERAL MEDICINE,DNB Post MBBS,"₹ 1,25,000.00",300,1,"₹ 20,00,000.00","₹ 45,000.00"
Karnataka,"District Hospital, Chitradurga",DNBGENERAL MEDICINE,DNB Post MBBS,"₹ 1,25,000.00",450,1,"₹ 20,00,000.00","₹ 45,000.00"
Karnataka,"District Hospital, Dharwad",DNBGENERAL MEDICINE,DNB Post MBBS,"₹ 1,25,000.00",250,1,"₹ 20,00,000.00","₹ 45,000.00"
Karnataka,"Dist Hosp, Navanagar Bagalkot",DNBGENERAL MEDICINE,DNB Post MBBS,"₹ 1,25,000.00",250,1,"₹ 20,00,000.00","₹ 45,000.00"
Karnataka,"District Hospital, Tumakuru",DNBGENERAL MEDICINE,DNB Post MBBS,"₹ 1,25,000.00",400,1,"₹ 20,00,000.00","₹ 45,000.00"
Karnataka,"District Hospital, Vijayapura",DNBGENERAL MEDICINE,DNB Post MBBS,"₹ 1,25,000.00",426,1,"₹ 20,00,000.00","₹ 45,000.00"
Karnataka,"Dr TMA Pai Hosp, Udupi",DNBGENERAL MEDICINE,DNB Post MBBS,"₹ 1,25,000.00",215,0,₹ 0.00,"₹ 45,000.00"
Karnataka,"Fortis Hosp,BannerghattaRd,BLR",DNBGENERAL MEDICINE,DNB Post MBBS,"₹ 1,25,000.00",400,0,₹ 0.00,"₹ 45,000.00"
Karnataka,"General Hospital, Jayanagar",DNBGENERAL MEDICINE,DNB Post MBBS,"₹ 1,25,000.00",300,1,"₹ 20,00,000.00","₹ 45,000.00"
Karnataka,"GopalaGowdaMem,Nazarbad,Mysuru",DNBGENERAL MEDICINE,DNB Post MBBS,"₹ 1,25,000.00",250,0,₹ 0.00,"₹ 35,000.00"
Karnataka,"Hindustan Aero Hosp, Bangalore",DNBGENERAL MEDICINE,DNB Post MBBS,"₹ 1,25,000.00",218,0,₹ 0.00,"₹ 45,000.00"
Karnataka,"K C Gen Hospital, Bangalore",DNBGENERAL MEDICINE,DNB Post MBBS,"₹ 1,25,000.00",453,1,"₹ 20,00,000.00","₹ 45,000.00"
Karnataka,"Kamakshi Hospital, Mysuru",DNBGENERAL MEDICINE,DNB Post MBBS,"₹ 1,25,000.00",230,0,₹ 0.00,"₹ 45,000.00"
Karnataka,"KS Hospital, Koppal, Karnataka",DNBGENERAL MEDICINE,DNB Post MBBS,"₹ 1,25,000.00",200,0,₹ 0.00,"₹ 45,000.00"
Jammu and Kashmir,"ASYM Dist Hosp, Budgam, JK",DNBGENERAL MEDICINE,DNB Post MBBS,"₹ 1,25,000.00",102,0,₹ 0.00,"₹ 48,000.00"
Karnataka,"Mallige Medical Cent,Bangalore",DNBGENERAL MEDICINE,DNB Post MBBS,"₹ 1,25,000.00",126,0,₹ 0.00,"₹ 56,250.00"
Karnataka,"Manipal Hosp, Whitefield, BLR",DNBGENERAL MEDICINE,DNB Post MBBS,"₹ 1,25,000.00",287,0,₹ 0.00,"₹ 56,250.00"
Karnataka,"Manipal Hosp, Rustum Bagh, BLR",DNBGENERAL MEDICINE,DNB Post MBBS,"₹ 1,25,000.00",600,0,₹ 0.00,"₹ 56,250.00"
Karnataka,"Metrounited Health, Shivamogga",DNBGENERAL MEDICINE,DNB Post MBBS,"₹ 1,25,000.00",172,0,₹ 0.00,"₹ 56,200.00"
Karnataka,"Rangadore Mem Hosp, Bangalore",DNBGENERAL MEDICINE,DNB Post MBBS,"₹ 1,25,000.00",210,0,₹ 0.00,"₹ 45,000.00"
Karnataka,"Sagar Hosp, Banashankari, BLR",DNBGENERAL MEDICINE,DNB Post MBBS,"₹ 1,25,000.00",150,0,₹ 0.00,"₹ 45,000.00"
Karnataka,"Sagar Hosp, Jayanagar, BLR",DNBGENERAL MEDICINE,DNB Post MBBS,"₹ 1,25,000.00",200,0,₹ 0.00,"₹ 45,000.00"
Karnataka,"Sahyadri Narayana Hosp,Shimoga",DNBGENERAL MEDICINE,DNB Post MBBS,"₹ 1,25,000.00",228,0,₹ 0.00,"₹ 56,250.00"
Karnataka,"Sakra World Hosp, Bangalore",DNBGENERAL MEDICINE,DNB Post MBBS,"₹ 1,25,000.00",300,0,₹ 0.00,"₹ 45,000.00"
Karnataka,"Santosh Hospital, Bangalore",DNBGENERAL MEDICINE,DNB Post MBBS,"₹ 1,25,000.00",200,0,₹ 0.00,"₹ 40,000.00"
Karnataka,"Shifaa Hosp, Bangalore",DNBGENERAL MEDICINE,DNB Post MBBS,"₹ 1,25,000.00",200,0,₹ 0.00,"₹ 45,000.00"
Karnataka,"South Western Railway,Hubballi",DNBGENERAL MEDICINE,DNB Post MBBS,"₹ 1,25,000.00",133,0,₹ 0.00,"₹ 45,000.00"
Karnataka,"Narayana Hrudayalaya Hos,Bommasandra",DNBGENERAL MEDICINE,DNB Post MBBS,"₹ 1,25,000.00",210,0,₹ 0.00,"₹ 56,250.00"
Karnataka,"SparshHosp,RajarajeshwariNgr,BLR",DNBGENERAL MEDICINE,DNB Post MBBS,"₹ 1,25,000.00",400,0,₹ 0.00,"₹ 45,000.00"
Karnataka,"Sparsh SS Hosp, Yeshwanthpur",DNBGENERAL MEDICINE,DNB Post MBBS,"₹ 1,25,000.00",250,0,₹ 0.00,"₹ 56,250.00"
Karnataka,"Sri Sathya Sai, Chikkaballapura",DNBGENERAL MEDICINE,DNB Post MBBS,"₹ 1,25,000.00",300,0,₹ 0.00,"₹ 45,000.00"
Karnataka,"St Martha's Hosp, Bangalore",DNBGENERAL MEDICINE,DNB Post MBBS,"₹ 1,25,000.00",431,0,₹ 0.00,"₹ 45,000.00"
Karnataka,"St Philomena's Hosp,Bangalore",DNBGENERAL MEDICINE,DNB Post MBBS,"₹ 1,25,000.00",371,0,₹ 0.00,"₹ 56,250.00"
Karnataka,"Manipal Hospital, Malleshwaram",DNBGENERAL MEDICINE,DNB Post MBBS,"₹ 1,25,000.00",100,0,₹ 0.00,"₹ 45,000.00"
Karnataka,"NarayanaHrudyalaya,Bommasandra",DNBGENERAL MEDICINE,DNB Post MBBS,"₹ 1,25,000.00",2000,0,₹ 0.00,"₹ 56,250.00"
Kerala,"Ananthapuri Hosp, Trivandrum",DNBGENERAL MEDICINE,DNB Post MBBS,"₹ 1,25,000.00",400,0,₹ 0.00,"₹ 57,876.00"
Kerala,"Apollo Adlux Hosp, Angamaly,KER",DNBGENERAL MEDICINE,DNB Post MBBS,"₹ 1,25,000.00",300,0,₹ 0.00,"₹ 60,000.00"
Kerala,"Baby Memorial, Kozhikode",DNBGENERAL MEDICINE,DNB Post MBBS,"₹ 1,25,000.00",600,0,₹ 0.00,"₹ 57,876.00"
Kerala,"Bharath Hosp, Kottayam, Kerala",DNBGENERAL MEDICINE,DNB Post MBBS,"₹ 1,25,000.00",175,0,₹ 0.00,"₹ 57,876.00"
Kerala,"Caritas Hospital, Kottayam",DNBGENERAL MEDICINE,DNB Post MBBS,"₹ 1,25,000.00",660,0,₹ 0.00,"₹ 57,876.00"
Kerala,"Cosmopolitan Hosp, Trivandrum",DNBGENERAL MEDICINE,DNB Post MBBS,"₹ 1,25,000.00",360,0,₹ 0.00,"₹ 57,876.00"
Kerala,"Daya General Hosp, Thrissur",DNBGENERAL MEDICINE,DNB Post MBBS,"₹ 1,25,000.00",250,0,₹ 0.00,"₹ 57,876.00"
Kerala,"District Hospital, Palakkad",DNBGENERAL MEDICINE,DNB Post MBBS,"₹ 1,25,000.00",544,0,₹ 0.00,"₹ 57,876.00"
Kerala,"Ernakulam Medical Centre,Kochi",DNBGENERAL MEDICINE,DNB Post MBBS,"₹ 1,25,000.00",250,0,₹ 0.00,"₹ 57,876.00"
Kerala,"GG Hospital, Trivandrum",DNBGENERAL MEDICINE,DNB Post MBBS,"₹ 1,25,000.00",190,0,₹ 0.00,"₹ 57,876.00"
Kerala,"Govt General Hosp, Kochi",DNBGENERAL MEDICINE,DNB Post MBBS,"₹ 1,25,000.00",639,0,₹ 0.00,"₹ 57,876.00"
Kerala,"Govt General Hosp, Thycaud",DNBGENERAL MEDICINE,DNB Post MBBS,"₹ 1,25,000.00",769,0,₹ 0.00,"₹ 57,876.00"
Kerala,"Holy Cross Hospital, Kollam",DNBGENERAL MEDICINE,DNB Post MBBS,"₹ 1,25,000.00",390,0,₹ 0.00,"₹ 57,876.00"
Kerala,"IQRAA, Kozhikode",DNBGENERAL MEDICINE,DNB Post MBBS,"₹ 1,25,000.00",300,0,₹ 0.00,"₹ 57,876.00"
Kerala,"KIMS, Trivandrum",DNBGENERAL MEDICINE,DNB Post MBBS,"₹ 1,25,000.00",2000,0,₹ 0.00,"₹ 57,876.00"
Kerala,"KIMS Al Shifa Hosp, Malappuram",DNBGENERAL MEDICINE,DNB Post MBBS,"₹ 1,25,000.00",500,0,₹ 0.00,"₹ 57,876.00"
Kerala,"KozhikodeDistCo-op,Eranhipalam",DNBGENERAL MEDICINE,DNB Post MBBS,"₹ 1,25,000.00",175,0,₹ 0.00,"₹ 57,876.00"
Kerala,"Lisie Medical Inst, Kochi",DNBGENERAL MEDICINE,DNB Post MBBS,"₹ 1,25,000.00",750,0,₹ 0.00,"₹ 57,876.00"
Kerala,"Little Flower Hosp, Angamaly",DNBGENERAL MEDICINE,DNB Post MBBS,"₹ 1,25,000.00",690,0,₹ 0.00,"₹ 57,876.00"
Kerala,"Lourdes Hospital, Kochi",DNBGENERAL MEDICINE,DNB Post MBBS,"₹ 1,25,000.00",600,0,₹ 0.00,"₹ 57,876.00"
Kerala,"MGMMuthoot Hosp,Pathanamthitta",DNBGENERAL MEDICINE,DNB Post MBBS,"₹ 1,25,000.00",150,0,₹ 0.00,"₹ 57,876.00"
Kerala,"Malabar Hosp, Malappuram, Kerala",DNBGENERAL MEDICINE,DNB Post MBBS,"₹ 1,25,000.00",150,0,₹ 0.00,"₹ 50,000.00"
Kerala,"Malabar IMS, Kozhikode",DNBGENERAL MEDICINE,DNB Post MBBS,"₹ 1,25,000.00",573,0,₹ 0.00,"₹ 57,876.00"
Kerala,"Mar Sleeva Medicity, Kottayam",DNBGENERAL MEDICINE,DNB Post MBBS,"₹ 1,25,000.00",648,0,₹ 0.00,"₹ 60,000.00"
Kerala,"Medical Trust Hospital, Kochi",DNBGENERAL MEDICINE,DNB Post MBBS,"₹ 1,25,000.00",500,0,₹ 0.00,"₹ 57,876.00"
Kerala,"Mother Hospital, Thrissur",DNBGENERAL MEDICINE,DNB Post MBBS,"₹ 1,25,000.00",300,0,₹ 0.00,"₹ 57,876.00"
Kerala,"MuthootHealthCare,Kozhencherry",DNBGENERAL MEDICINE,DNB Post MBBS,"₹ 1,25,000.00",330,0,₹ 0.00,"₹ 57,876.00"
Kerala,"Polakulath Narayanan, Kochi",DNBGENERAL MEDICINE,DNB Post MBBS,"₹ 1,25,000.00",205,0,₹ 0.00,"₹ 57,876.00"
Kerala,"Rajagiri Hospital, Ernakulam",DNBGENERAL MEDICINE,DNB Post MBBS,"₹ 1,25,000.00",530,0,₹ 0.00,"₹ 57,876.00"
Kerala,"SK Hospital, Pangode, Kerala",DNBGENERAL MEDICINE,DNB Post MBBS,"₹ 1,25,000.00",300,0,₹ 0.00,"₹ 57,876.00"
Kerala,"St James Hospital, Chalakudy",DNBGENERAL MEDICINE,DNB Post MBBS,"₹ 1,25,000.00",450,0,₹ 0.00,"₹ 59,168.00"
Kerala,"Tiruvalla MedMission,Tiruvalla",DNBGENERAL MEDICINE,DNB Post MBBS,"₹ 1,25,000.00",400,0,₹ 0.00,"₹ 57,876.00"
Kerala,"Valluvanad Hosp, Ottapalam",DNBGENERAL MEDICINE,DNB Post MBBS,"₹ 1,25,000.00",205,0,₹ 0.00,"₹ 57,876.00"
Kerala,"Government Gen Hosp, Kozhikode",DNBGENERAL MEDICINE,DNB Post MBBS,"₹ 1,25,000.00",550,0,₹ 0.00,"₹ 57,876.00"
Madhya Pradesh,"Arihant Hospital, Indore",DNBGENERAL MEDICINE,DNB Post MBBS,"₹ 1,25,000.00",155,0,₹ 0.00,"₹ 65,000.00"
Madhya Pradesh,"Bansal Hospital, Shahpura",DNBGENERAL MEDICINE,DNB Post MBBS,"₹ 1,25,000.00",301,0,₹ 0.00,"₹ 65,000.00"
Madhya Pradesh,"BHEL Kasturba Hosp, Bhopal",DNBGENERAL MEDICINE,DNB Post MBBS,"₹ 1,25,000.00",375,0,₹ 0.00,"₹ 75,444.00"
Madhya Pradesh,"Bombay Hospital, Indore",DNBGENERAL MEDICINE,DNB Post MBBS,"₹ 1,25,000.00",350,0,₹ 0.00,"₹ 75,444.00"
Madhya Pradesh,"Choithram Hospital, Indore",DNBGENERAL MEDICINE,DNB Post MBBS,"₹ 1,25,000.00",350,0,₹ 0.00,"₹ 75,444.00"
Madhya Pradesh,"ESIC Model Hosp, Indore",DNBGENERAL MEDICINE,DNB Post MBBS,"₹ 1,25,000.00",300,1,"₹ 7,50,000.00","₹ 70,000.00"
Madhya Pradesh,"Metro Hosp&Cancer RC, Jabalpur",DNBGENERAL MEDICINE,DNB Post MBBS,"₹ 1,25,000.00",160,0,₹ 0.00,"₹ 65,000.00"
Maharashtra,"Aditya Birla Mem Hosp, Pune",DNBGENERAL MEDICINE,DNB Post MBBS,"₹ 1,25,000.00",500,0,₹ 0.00,"₹ 86,629.00"
Maharashtra,"Max Super Spec Hosp, Nagpur",DNBGENERAL MEDICINE,DNB Post MBBS,"₹ 1,25,000.00",200,0,₹ 0.00,"₹ 76,429.00"
Maharashtra,"Alliance MSHosp,Ichalkaranji,MH",DNBGENERAL MEDICINE,DNB Post MBBS,"₹ 1,25,000.00",150,0,₹ 0.00,"₹ 56,100.00"
Maharashtra,"Apollo Hospital, Navi Mumbai",DNBGENERAL MEDICINE,DNB Post MBBS,"₹ 1,25,000.00",473,0,₹ 0.00,"₹ 89,000.00"
Maharashtra,"Apple Saraswati, Kolhapur",DNBGENERAL MEDICINE,DNB Post MBBS,"₹ 1,25,000.00",200,0,₹ 0.00,"₹ 76,000.00"
Maharashtra,"Ashwani Sahakari, Solapur",DNBGENERAL MEDICINE,DNB Post MBBS,"₹ 1,25,000.00",NA,0,₹ 0.00,"₹ 85,000.00"
Maharashtra,"Asian IMS, Dombivli (E)",DNBGENERAL MEDICINE,DNB Post MBBS,"₹ 1,25,000.00",NA,0,₹ 0.00,"₹ 83,000.00"
Maharashtra,"Bethany Hospital, Thane",DNBGENERAL MEDICINE,DNB Post MBBS,"₹ 1,25,000.00",190,0,₹ 0.00,"₹ 83,000.00"
Maharashtra,"BARC Hosp, Mumbai",DNBGENERAL MEDICINE,DNB Post MBBS,"₹ 1,25,000.00",390,0,₹ 0.00,"₹ 96,000.00"
Maharashtra,"Bhaktivedanta Hosp, Thane",DNBGENERAL MEDICINE,DNB Post MBBS,"₹ 1,25,000.00",200,0,₹ 0.00,"₹ 82,769.00"
Maharashtra,"DrBSAmbedkar MunGenHosp, Mumbai",DNBGENERAL MEDICINE,DNB Post MBBS,"₹ 1,25,000.00",444,0,₹ 0.00,"₹ 80,000.00"
Maharashtra,"Breach Candy Hospital, Mumbai",DNBGENERAL MEDICINE,DNB Post MBBS,"₹ 1,25,000.00",213,0,₹ 0.00,"₹ 89,000.00"
Maharashtra,"Deenanath Mangeshkar, Pune",DNBGENERAL MEDICINE,DNB Post MBBS,"₹ 1,25,000.00",876,0,₹ 0.00,"₹ 89,698.00"
Maharashtra,"Dr B Nanavati Hosp, Mumbai",DNBGENERAL MEDICINE,DNB Post MBBS,"₹ 1,25,000.00",348,0,₹ 0.00,"₹ 86,630.00"
Maharashtra,"Dr AmbedkarCentRlwyHosp, MUM",DNBGENERAL MEDICINE,DNB Post MBBS,"₹ 1,25,000.00",366,0,₹ 0.00,"₹ 95,358.00"
Maharashtra,"DrHedgewarRugnalaya,Aurangabad",DNBGENERAL MEDICINE,DNB Post MBBS,"₹ 1,25,000.00",267,0,₹ 0.00,"₹ 71,000.00"
Maharashtra,"Hiranandani Hosp, Mumbai",DNBGENERAL MEDICINE,DNB Post MBBS,"₹ 1,25,000.00",244,0,₹ 0.00,"₹ 83,000.00"
Maharashtra,"Fortis Hosp, Mulund, Mumbai",DNBGENERAL MEDICINE,DNB Post MBBS,"₹ 1,25,000.00",350,0,₹ 0.00,"₹ 86,750.00"
Maharashtra,"Govt Med Coll Hosp, Akola",DNBGENERAL MEDICINE,DNB Post MBBS,"₹ 1,25,000.00",800,1,"₹ 50,00,000.00","₹ 75,144.00"
Maharashtra,"KIMS-Kingsway Hospitals,Nagpur",DNBGENERAL MEDICINE,DNB Post MBBS,"₹ 1,25,000.00",300,0,₹ 0.00,"₹ 50,000.00"
Maharashtra,"Manik Hospital & RC,Aurangabad",DNBGENERAL MEDICINE,DNB Post MBBS,"₹ 1,25,000.00",100,0,₹ 0.00,"₹ 52,770.00"
Maharashtra,"MGM NewBombay Hosp,Navi Mumbai",DNBGENERAL MEDICINE,DNB Post MBBS,"₹ 1,25,000.00",250,0,₹ 0.00,"₹ 89,698.00"
Maharashtra,"Mumbai Port Trust Hosp, Mumbai",DNBGENERAL MEDICINE,DNB Post MBBS,"₹ 1,25,000.00",241,0,₹ 0.00,"₹ 75,144.00"
Maharashtra,"Ozone MS Hosp, Akola, MH",DNBGENERAL MEDICINE,DNB Post MBBS,"₹ 1,25,000.00",NA,0,₹ 0.00,"₹ 35,000.00"
Maharashtra,"PD Hinduja, Mumbai",DNBGENERAL MEDICINE,DNB Post MBBS,"₹ 1,25,000.00",400,0,₹ 0.00,"₹ 89,700.00"
Maharashtra,"Poona Hospital & RC, Pune",DNBGENERAL MEDICINE,DNB Post MBBS,"₹ 1,25,000.00",300,0,₹ 0.00,"₹ 89,700.00"
Maharashtra,"Rajiv Gandhi MedColl,Thane,MUM",DNBGENERAL MEDICINE,DNB Post MBBS,"₹ 1,25,000.00",500,1,"₹ 50,00,000.00","₹ 80,000.00"
Maharashtra,"Ruby Hall Clinic, Pune",DNBGENERAL MEDICINE,DNB Post MBBS,"₹ 1,25,000.00",600,0,₹ 0.00,"₹ 89,000.00"
Maharashtra,"Sadhu Vaswani Missions, Pune",DNBGENERAL MEDICINE,DNB Post MBBS,"₹ 1,25,000.00",369,0,₹ 0.00,"₹ 90,000.00"
Maharashtra,"Sahyadri SS Hosp, Karve Road",DNBGENERAL MEDICINE,DNB Post MBBS,"₹ 1,25,000.00",202,0,₹ 0.00,"₹ 89,000.00"
Maharashtra,"Saideep Healthcare, Ahmednagar",DNBGENERAL MEDICINE,DNB Post MBBS,"₹ 1,25,000.00",260,0,₹ 0.00,"₹ 64,000.00"
Maharashtra,"Saifee Hospital, Mumbai",DNBGENERAL MEDICINE,DNB Post MBBS,"₹ 1,25,000.00",257,0,₹ 0.00,"₹ 89,700.00"
Maharashtra,"SethVCGandhi Mun Gen Hos,Mumbai",DNBGENERAL MEDICINE,DNB Post MBBS,"₹ 1,25,000.00",596,0,₹ 0.00,"₹ 75,144.00"
Maharashtra,"ShreeMarkendey Solapur,Solapur",DNBGENERAL MEDICINE,DNB Post MBBS,"₹ 1,25,000.00",225,0,₹ 0.00,"₹ 75,000.00"
Maharashtra,"Wockhardt Hosp, Central Mumbai",DNBGENERAL MEDICINE,DNB Post MBBS,"₹ 1,25,000.00",320,0,₹ 0.00,"₹ 75,000.00"
Manipur,"Shija Hosp, Imphal",DNBGENERAL MEDICINE,DNB Post MBBS,"₹ 1,25,000.00",350,0,₹ 0.00,"₹ 50,000.00"
Nagaland,"Christian IHSR, Dimapur",DNBGENERAL MEDICINE,DNB Post MBBS,"₹ 1,25,000.00",200,0,₹ 0.00,"₹ 35,000.00"
Odisha,"JaiprakashHosp,Rourkela,Odisha",DNBGENERAL MEDICINE,DNB Post MBBS,"₹ 1,25,000.00",307,0,₹ 0.00,"₹ 90,000.00"
Odisha,"Vikash Multispec Hosp,Bargarh",DNBGENERAL MEDICINE,DNB Post MBBS,"₹ 1,25,000.00",150,0,₹ 0.00,"₹ 66,000.00"
Pondicherry,"IG GovtGenHosp&PGI,Pondicherry",DNBGENERAL MEDICINE,DNB Post MBBS,"₹ 1,25,000.00",626,0,₹ 0.00,"₹ 43,000.00"
Punjab,"District Hosp, Faridkot, Punjab",DNBGENERAL MEDICINE,DNB Post MBBS,"₹ 1,25,000.00",100,1,"₹ 10,00,000.00","₹ 50,190.00"
Punjab,"Dr BR Ambedkar IMS, SAS Nagar (Mohali)",DNBGENERAL MEDICINE,DNB Post MBBS,"₹ 1,25,000.00",420,1,"₹ 10,00,000.00","₹ 67,968.00"
Punjab,"Emergency Med Care, Amritsar",DNBGENERAL MEDICINE,DNB Post MBBS,"₹ 1,25,000.00",200,0,₹ 0.00,"₹ 35,000.00"
Punjab,"Fortis Hospital, Mohali",DNBGENERAL MEDICINE,DNB Post MBBS,"₹ 1,25,000.00",360,0,₹ 0.00,"₹ 68,000.00"
Punjab,"SGL SSCharitableHosp,Jalandhar",DNBGENERAL MEDICINE,DNB Post MBBS,"₹ 1,25,000.00",250,0,₹ 0.00,"₹ 67,898.00"
Punjab,"Sacred Heart Hosp, Jalandhar",DNBGENERAL MEDICINE,DNB Post MBBS,"₹ 1,25,000.00",200,0,₹ 0.00,"₹ 67,968.00"
Punjab,"SBLS Civil Hospital, Jalandhar",DNBGENERAL MEDICINE,DNB Post MBBS,"₹ 1,25,000.00",470,1,"₹ 10,00,000.00","₹ 50,190.00"
Punjab,"TagoreHosp&HeartCare,Jalandhar",DNBGENERAL MEDICINE,DNB Post MBBS,"₹ 1,25,000.00",150,0,₹ 0.00,"₹ 67,000.00"
Rajasthan,"Apex Hospital, Jaipur",DNBGENERAL MEDICINE,DNB Post MBBS,"₹ 1,25,000.00",170,0,₹ 0.00,"₹ 81,519.00"
Rajasthan,"Central Hospital, Jaipur",DNBGENERAL MEDICINE,DNB Post MBBS,"₹ 1,25,000.00",150,0,₹ 0.00,"₹ 73,968.00"
Rajasthan,"ESIC Model Hospital, Jaipur",DNBGENERAL MEDICINE,DNB Post MBBS,"₹ 1,25,000.00",260,1,"₹ 7,50,000.00","₹ 70,000.00"
Rajasthan,"Govt RDBP Jaipuria Hosp,Jaipur",DNBGENERAL MEDICINE,DNB Post MBBS,"₹ 1,25,000.00",521,0,₹ 0.00,"₹ 70,656.00"
Rajasthan,"Kothari Med & RI, Bikaner",DNBGENERAL MEDICINE,DNB Post MBBS,"₹ 1,25,000.00",200,0,₹ 0.00,"₹ 55,200.00"
Tamil Nadu,"Apollo Hosp, Greams Rd,Chennai",DNBGENERAL MEDICINE,DNB Post MBBS,"₹ 1,25,000.00",745,0,₹ 0.00,"₹ 52,451.00"
Tamil Nadu,"Apollo Spec Hospital, Madurai",DNBGENERAL MEDICINE,DNB Post MBBS,"₹ 1,25,000.00",300,0,₹ 0.00,"₹ 48,000.00"
Tamil Nadu,"CSI Kalyani, Chennai",DNBGENERAL MEDICINE,DNB Post MBBS,"₹ 1,25,000.00",200,0,₹ 0.00,"₹ 52,451.00"
Tamil Nadu,"Christian F Hosp, Oddanchatram",DNBGENERAL MEDICINE,DNB Post MBBS,"₹ 1,25,000.00",299,0,₹ 0.00,"₹ 52,451.00"
Tamil Nadu,"Dr Rela Inst, Chrompet,Chennai",DNBGENERAL MEDICINE,DNB Post MBBS,"₹ 1,25,000.00",450,0,₹ 0.00,"₹ 50,000.00"
Tamil Nadu,"Dr Jeyasekharan Hosp,Nagercoil",DNBGENERAL MEDICINE,DNB Post MBBS,"₹ 1,25,000.00",200,0,₹ 0.00,"₹ 52,451.00"
Tamil Nadu,"Dr Rangarajan Mem Hosp,Chennai",DNBGENERAL MEDICINE,DNB Post MBBS,"₹ 1,25,000.00",176,0,₹ 0.00,"₹ 50,923.00"
Tamil Nadu,"GKNM Hospital, Coimbatore",DNBGENERAL MEDICINE,DNB Post MBBS,"₹ 1,25,000.00",600,0,₹ 0.00,"₹ 52,451.00"
Tamil Nadu,"Govt HQ Hosp, Cuddalore",DNBGENERAL MEDICINE,DNB Post MBBS,"₹ 1,25,000.00",750,2,"₹ 40,00,000.00","₹ 52,451.00"
Tamil Nadu,"Govt HQ Hosp, Erode",DNBGENERAL MEDICINE,DNB Post MBBS,"₹ 1,25,000.00",608,2,"₹ 40,00,000.00","₹ 52,451.00"
Tamil Nadu,"Hindu Mission Hosp, Tambaram",DNBGENERAL MEDICINE,DNB Post MBBS,"₹ 1,25,000.00",250,0,₹ 0.00,NA
Tamil Nadu,"KG Hospital, Coimbatore",DNBGENERAL MEDICINE,DNB Post MBBS,"₹ 1,25,000.00",250,0,₹ 0.00,"₹ 52,451.00"
Tamil Nadu,"Kauvery Hospital, Chennai",DNBGENERAL MEDICINE,DNB Post MBBS,"₹ 1,25,000.00",200,0,₹ 0.00,"₹ 52,451.00"
Tamil Nadu,"Kaveri Medical Centre, Trichy",DNBGENERAL MEDICINE,DNB Post MBBS,"₹ 1,25,000.00",200,0,₹ 0.00,"₹ 52,451.00"
Tamil Nadu,"Kongunad Hosp, Coimbatore",DNBGENERAL MEDICINE,DNB Post MBBS,"₹ 1,25,000.00",250,0,₹ 0.00,"₹ 50,000.00"
Tamil Nadu,"Kovai MedicalCentre,Coimbatore",DNBGENERAL MEDICINE,DNB Post MBBS,"₹ 1,25,000.00",950,0,₹ 0.00,"₹ 52,451.00"
Tamil Nadu,"Meenakshi Mission Hosp,Madurai",DNBGENERAL MEDICINE,DNB Post MBBS,"₹ 1,25,000.00",800,0,₹ 0.00,"₹ 52,451.00"
Tamil Nadu,"Revathi Med Cent, Tirupur, TN",DNBGENERAL MEDICINE,DNB Post MBBS,"₹ 1,25,000.00",100,0,₹ 0.00,"₹ 52,451.00"
Tamil Nadu,"Royal Care SS Hosp, Coimbatore",DNBGENERAL MEDICINE,DNB Post MBBS,"₹ 1,25,000.00",401,0,₹ 0.00,"₹ 52,451.00"
Tamil Nadu,"SKS Hospital, Salem",DNBGENERAL MEDICINE,DNB Post MBBS,"₹ 1,25,000.00",225,0,₹ 0.00,"₹ 52,453.00"
Tamil Nadu,"Shifa Hospitals, Tirunelveli",DNBGENERAL MEDICINE,DNB Post MBBS,"₹ 1,25,000.00",130,0,₹ 0.00,"₹ 52,451.00"
Tamil Nadu,"Southern Railway Hosp, Chennai",DNBGENERAL MEDICINE,DNB Post MBBS,"₹ 1,25,000.00",505,0,₹ 0.00,"₹ 52,451.00"
Tamil Nadu,"Sri RamakrishnaHosp,Coimbatore",DNBGENERAL MEDICINE,DNB Post MBBS,"₹ 1,25,000.00",1009,0,₹ 0.00,"₹ 52,451.00"
Tamil Nadu,"St Joseph Hosp, Dindigul",DNBGENERAL MEDICINE,DNB Post MBBS,"₹ 1,25,000.00",200,0,₹ 0.00,"₹ 52,451.00"
Tamil Nadu,"SundramArulrhaj Hosp,Tuticorin",DNBGENERAL MEDICINE,DNB Post MBBS,"₹ 1,25,000.00",200,0,₹ 0.00,"₹ 52,451.00"
Tamil Nadu,"VHS and Med Centre, Chennai",DNBGENERAL MEDICINE,DNB Post MBBS,"₹ 1,25,000.00",465,0,₹ 0.00,"₹ 52,451.00"
Tamil Nadu,"Vijaya Hospital, Chennai",DNBGENERAL MEDICINE,DNB Post MBBS,"₹ 1,25,000.00",281,0,₹ 0.00,"₹ 52,451.00"
Tamil Nadu,"Apollo Speciality Hosp, Trichy",DNBGENERAL MEDICINE,DNB Post MBBS,"₹ 1,25,000.00",150,0,₹ 0.00,"₹ 52,451.00"
Tamil Nadu,"Govt MC Hosp, Ramanathapuram",DNBGENERAL MEDICINE,DNB Post MBBS,"₹ 1,25,000.00",280,2,"₹ 40,00,000.00","₹ 52,451.00"
Telangana,"AIG Hospital, Hyderabad",DNBGENERAL MEDICINE,DNB Post MBBS,"₹ 1,25,000.00",720,0,₹ 0.00,"₹ 58,289.00"
Telangana,"Apollo Hospital, Hyderguda",DNBGENERAL MEDICINE,DNB Post MBBS,"₹ 1,25,000.00",150,0,₹ 0.00,"₹ 50,686.00"
Telangana,"Apollo Hosp,Jubilee Hills,Hyd",DNBGENERAL MEDICINE,DNB Post MBBS,"₹ 1,25,000.00",550,0,₹ 0.00,"₹ 50,686.00"
Telangana,"Apollo Hospital, Secunderabad",DNBGENERAL MEDICINE,DNB Post MBBS,"₹ 1,25,000.00",150,0,₹ 0.00,"₹ 50,686.00"
Telangana,"Care Hospital, Gachibowli",DNBGENERAL MEDICINE,DNB Post MBBS,"₹ 1,25,000.00",220,0,₹ 0.00,"₹ 50,686.00"
Telangana,"Care Hospital, Banjara Hills",DNBGENERAL MEDICINE,DNB Post MBBS,"₹ 1,25,000.00",444,0,₹ 0.00,"₹ 58,289.00"
Telangana,"Continental Hosp, Hyderabad",DNBGENERAL MEDICINE,DNB Post MBBS,"₹ 1,25,000.00",587,0,₹ 0.00,"₹ 58,289.00"
Telangana,"General Hosp, Karimnagar",DNBGENERAL MEDICINE,DNB Post MBBS,"₹ 1,25,000.00",500,0,₹ 0.00,"₹ 58,289.00"
Telangana,"KIMS Hospital, Hyderabad",DNBGENERAL MEDICINE,DNB Post MBBS,"₹ 1,25,000.00",200,0,₹ 0.00,"₹ 58,289.00"
Telangana,"Krishna IMS, Secunderabad",DNBGENERAL MEDICINE,DNB Post MBBS,"₹ 1,25,000.00",675,0,₹ 0.00,"₹ 50,686.00"
Telangana,"Mahavir Hosp & RC, Hyderabad",DNBGENERAL MEDICINE,DNB Post MBBS,"₹ 1,25,000.00",220,0,₹ 0.00,"₹ 58,289.00"
Telangana,"Ekashilaa Hosp, Warangal",DNBGENERAL MEDICINE,DNB Post MBBS,"₹ 1,25,000.00",200,0,₹ 0.00,"₹ 58,289.00"
Telangana,"Medicover Hospitals, Hyderabad",DNBGENERAL MEDICINE,DNB Post MBBS,"₹ 1,25,000.00",285,0,₹ 0.00,"₹ 50,686.00"
Telangana,"OZONE Inst of MedSci,Hyderabad",DNBGENERAL MEDICINE,DNB Post MBBS,"₹ 1,25,000.00",150,0,₹ 0.00,"₹ 44,075.00"
Telangana,"PrincessDurruShehvar,Hyderabad",DNBGENERAL MEDICINE,DNB Post MBBS,"₹ 1,25,000.00",197,0,₹ 0.00,"₹ 50,686.00"
Telangana,"Rohini Medicare, Hanamkonda",DNBGENERAL MEDICINE,DNB Post MBBS,"₹ 1,25,000.00",250,0,₹ 0.00,"₹ 58,289.00"
Telangana,"SouthCentRailways,Secunderabad",DNBGENERAL MEDICINE,DNB Post MBBS,"₹ 1,25,000.00",380,0,₹ 0.00,"₹ 72,000.00"
Telangana,"KIMS SunShine Hosp, Hyd",DNBGENERAL MEDICINE,DNB Post MBBS,"₹ 1,25,000.00",300,0,₹ 0.00,"₹ 58,289.00"
Telangana,"St Theresa's Hosp, Hyderabad",DNBGENERAL MEDICINE,DNB Post MBBS,"₹ 1,25,000.00",300,0,₹ 0.00,"₹ 50,686.00"
Telangana,"Zoi Hospitals, Attapur, HYD",DNBGENERAL MEDICINE,DNB Post MBBS,"₹ 1,25,000.00",100,0,₹ 0.00,"₹ 50,000.00"
Uttar Pradesh,"Apollomedics SS Hosp, Lucknow",DNBGENERAL MEDICINE,DNB Post MBBS,"₹ 1,25,000.00",300,0,₹ 0.00,"₹ 80,000.00"
Uttar Pradesh,"AutonomousStateMC,Shahjahanpur",DNBGENERAL MEDICINE,DNB Post MBBS,"₹ 1,25,000.00",312,0,₹ 0.00,"₹ 80,000.00"
Uttar Pradesh,"Autonomous State MC, Firozabad",DNBGENERAL MEDICINE,DNB Post MBBS,"₹ 1,25,000.00",244,0,₹ 0.00,"₹ 80,000.00"
Uttar Pradesh,"Autonomous State MC, Ayodhya",DNBGENERAL MEDICINE,DNB Post MBBS,"₹ 1,25,000.00",300,0,₹ 0.00,"₹ 80,000.00"
Uttar Pradesh,"Balrampur Hospital, Lucknow",DNBGENERAL MEDICINE,DNB Post MBBS,"₹ 1,25,000.00",656,0,₹ 0.00,"₹ 70,000.00"
Uttar Pradesh,"Chandan Hospital, Lucknow",DNBGENERAL MEDICINE,DNB Post MBBS,"₹ 1,25,000.00",198,0,₹ 0.00,"₹ 85,000.00"
Uttar Pradesh,"City Hospital, Gorakhpur",DNBGENERAL MEDICINE,DNB Post MBBS,"₹ 1,25,000.00",112,0,₹ 0.00,"₹ 35,000.00"
Uttar Pradesh,"ShyamaPrasad (Civil), Lucknow",DNBGENERAL MEDICINE,DNB Post MBBS,"₹ 1,25,000.00",401,0,₹ 0.00,"₹ 70,000.00"
Uttar Pradesh,"ESIC Model Hospital, Noida",DNBGENERAL MEDICINE,DNB Post MBBS,"₹ 1,25,000.00",300,1,"₹ 7,50,000.00","₹ 70,000.00"
Uttar Pradesh,"Fortis Hospital, Noida",DNBGENERAL MEDICINE,DNB Post MBBS,"₹ 1,25,000.00",278,0,₹ 0.00,"₹ 58,000.00"
Uttar Pradesh,"Govt IMS, Greater Noida",DNBGENERAL MEDICINE,DNB Post MBBS,"₹ 1,25,000.00",300,0,₹ 0.00,"₹ 80,000.00"
Uttar Pradesh,"Kailash Hosp, Sector 27, Noida",DNBGENERAL MEDICINE,DNB Post MBBS,"₹ 1,25,000.00",325,0,₹ 0.00,"₹ 60,000.00"
Uttar Pradesh,"KMC Hosp & Res Cent, Meerut",DNBGENERAL MEDICINE,DNB Post MBBS,"₹ 1,25,000.00",150,0,₹ 0.00,"₹ 55,000.00"
Uttar Pradesh,"Max SS Hosp, Ghaziabad",DNBGENERAL MEDICINE,DNB Post MBBS,"₹ 1,25,000.00",436,0,₹ 0.00,"₹ 60,000.00"
Uttar Pradesh,"Neo Hospital, Sec 50, Noida, UP",DNBGENERAL MEDICINE,DNB Post MBBS,"₹ 1,25,000.00",120,0,₹ 0.00,"₹ 70,000.00"
Uttar Pradesh,"PL Sharma Dist Hosp, Meerut",DNBGENERAL MEDICINE,DNB Post MBBS,"₹ 1,25,000.00",250,0,₹ 0.00,"₹ 70,000.00"
Uttar Pradesh,"Pushpanjali Hosp & RC, Agra, UP",DNBGENERAL MEDICINE,DNB Post MBBS,"₹ 1,25,000.00",350,0,₹ 0.00,"₹ 56,100.00"
Uttar Pradesh,"TejBahadurSapru Hosp,Allahabad",DNBGENERAL MEDICINE,DNB Post MBBS,"₹ 1,25,000.00",171,0,₹ 0.00,"₹ 70,000.00"
Uttar Pradesh,"The Fatima Hospital, Lucknow",DNBGENERAL MEDICINE,DNB Post MBBS,"₹ 1,25,000.00",220,0,₹ 0.00,"₹ 56,100.00"
Uttar Pradesh,"UrsalaHorsmanMemHosp, Kanpur",DNBGENERAL MEDICINE,DNB Post MBBS,"₹ 1,25,000.00",550,0,₹ 0.00,"₹ 70,000.00"
Uttar Pradesh,"Vivekananda Polyclinic,Lucknow",DNBGENERAL MEDICINE,DNB Post MBBS,"₹ 1,25,000.00",350,0,₹ 0.00,"₹ 61,100.00"
Uttar Pradesh,"Yashoda SS Hosp, Ghaziabad",DNBGENERAL MEDICINE,DNB Post MBBS,"₹ 1,25,000.00",300,0,₹ 0.00,"₹ 62,000.00"
Uttar Pradesh,"Yashoda SS Hosp,Ghaziabad",DNBGENERAL MEDICINE,DNB Post MBBS,"₹ 1,25,000.00",306,0,₹ 0.00,"₹ 70,000.00"
Uttar Pradesh,"Yatharth SS, Omega 1,GreatrNoida",DNBGENERAL MEDICINE,DNB Post MBBS,"₹ 1,25,000.00",400,0,₹ 0.00,"₹ 80,000.00"
Uttar Pradesh,"YatharthSS, Sec 1,GreatrNoida",DNBGENERAL MEDICINE,DNB Post MBBS,"₹ 1,25,000.00",450,0,₹ 0.00,"₹ 80,000.00"
Uttarakhand,"Max SS Hosp, Dehradun",DNBGENERAL MEDICINE,DNB Post MBBS,"₹ 1,25,000.00",200,0,₹ 0.00,"₹ 57,000.00"
Uttarakhand,"VCSG MedCollHosp,PauriGarhwal",DNBGENERAL MEDICINE,DNB Post MBBS,"₹ 1,25,000.00",774,2,"₹ 2,50,00,000.00","₹ 76,600.00"
West Bengal,"Manipal Hospitals, Kolkata",DNBGENERAL MEDICINE,DNB Post MBBS,"₹ 1,25,000.00",156,0,₹ 0.00,"₹ 55,000.00"
West Bengal,"Apollo Gleneagles, Kolkata",DNBGENERAL MEDICINE,DNB Post MBBS,"₹ 1,25,000.00",750,0,₹ 0.00,"₹ 47,000.00"
West Bengal,"Asansol Dist Hosp, Asansol",DNBGENERAL MEDICINE,DNB Post MBBS,"₹ 1,25,000.00",375,0,₹ 0.00,"₹ 49,884.00"
West Bengal,"BR Singh Hospital, Kolkata",DNBGENERAL MEDICINE,DNB Post MBBS,"₹ 1,25,000.00",465,0,₹ 0.00,"₹ 1,08,564.00"
West Bengal,"Coll of Med & JNM Hosp, Nadia",DNBGENERAL MEDICINE,DNB Post MBBS,"₹ 1,25,000.00",550,0,₹ 0.00,"₹ 49,884.00"
West Bengal,"Coochbehar Govt Med Coll, WB",DNBGENERAL MEDICINE,DNB Post MBBS,"₹ 1,25,000.00",400,0,₹ 0.00,"₹ 49,884.00"
West Bengal,"DebenMahato(Sadar)Hosp,Purulia",DNBGENERAL MEDICINE,DNB Post MBBS,"₹ 1,25,000.00",548,0,₹ 0.00,"₹ 49,884.00"
West Bengal,"DiamondHarbour(Gov),Harindanga",DNBGENERAL MEDICINE,DNB Post MBBS,"₹ 1,25,000.00",726,0,₹ 0.00,"₹ 49,884.00"
West Bengal,"District Hospital, Alipurduar",DNBGENERAL MEDICINE,DNB Post MBBS,"₹ 1,25,000.00",402,0,₹ 0.00,"₹ 49,884.00"
West Bengal,"District Hospital, Howrah",DNBGENERAL MEDICINE,DNB Post MBBS,"₹ 1,25,000.00",642,0,₹ 0.00,"₹ 49,884.00"
West Bengal,"District Hospital, Nadia",DNBGENERAL MEDICINE,DNB Post MBBS,"₹ 1,25,000.00",723,0,₹ 0.00,"₹ 49,884.00"
West Bengal,"DivisionalRailwayHos,Asansol,WB",DNBGENERAL MEDICINE,DNB Post MBBS,"₹ 1,25,000.00",220,0,₹ 0.00,"₹ 1,00,980.00"
West Bengal,Durgapur Steel Plant Hosp,DNBGENERAL MEDICINE,DNB Post MBBS,"₹ 1,25,000.00",600,0,₹ 0.00,"₹ 49,884.00"
West Bengal,"Healthworld Hospital, Durgapur",DNBGENERAL MEDICINE,DNB Post MBBS,"₹ 1,25,000.00",269,0,₹ 0.00,"₹ 49,884.00"
West Bengal,"Imambara Dist Hospital,Hooghly",DNBGENERAL MEDICINE,DNB Post MBBS,"₹ 1,25,000.00",625,0,₹ 0.00,"₹ 49,884.00"
West Bengal,"InfectiousDiseasesHosp, Kolkata",DNBGENERAL MEDICINE,DNB Post MBBS,"₹ 1,25,000.00",670,0,₹ 0.00,"₹ 49,884.00"
West Bengal,"M R Bangur Hospital, Kolkata",DNBGENERAL MEDICINE,DNB Post MBBS,"₹ 1,25,000.00",1125,0,₹ 0.00,"₹ 49,884.00"
West Bengal,"Manipal Hospital,EM Bypass,Kolkata",DNBGENERAL MEDICINE,DNB Post MBBS,"₹ 1,25,000.00",404,0,₹ 0.00,"₹ 46,000.00"
West Bengal,"NarayanaMultiSpecHos,Kolkata,WB",DNBGENERAL MEDICINE,DNB Post MBBS,"₹ 1,25,000.00",195,0,₹ 0.00,"₹ 43,758.00"
West Bengal,"Narayana SS Hospital, Howrah",DNBGENERAL MEDICINE,DNB Post MBBS,"₹ 1,25,000.00",288,0,₹ 0.00,"₹ 49,884.00"
West Bengal,"NeotiaGetwelHC Centre,Siliguri",DNBGENERAL MEDICINE,DNB Post MBBS,"₹ 1,25,000.00",217,0,₹ 0.00,"₹ 49,884.00"
West Bengal,North 24 Parganas Dist Hosp,DNBGENERAL MEDICINE,DNB Post MBBS,"₹ 1,25,000.00",600,0,₹ 0.00,"₹ 49,884.00"
West Bengal,"Peerless Hospital, Kolkata",DNBGENERAL MEDICINE,DNB Post MBBS,"₹ 1,25,000.00",400,0,₹ 0.00,"₹ 46,300.00"
West Bengal,"RN Tagore (Cardiac), Kolkata",DNBGENERAL MEDICINE,DNB Post MBBS,"₹ 1,25,000.00",681,0,₹ 0.00,"₹ 49,884.00"
West Bengal,"Raiganj GovtMedC,UttarDinajpur",DNBGENERAL MEDICINE,DNB Post MBBS,"₹ 1,25,000.00",500,0,₹ 0.00,"₹ 49,884.00"
West Bengal,"Rampurhat Govt MedColl,Birbhum",DNBGENERAL MEDICINE,DNB Post MBBS,"₹ 1,25,000.00",626,0,₹ 0.00,"₹ 49,884.00"
West Bengal,"Ruby General Hospital, Kolkata",DNBGENERAL MEDICINE,DNB Post MBBS,"₹ 1,25,000.00",250,0,₹ 0.00,"₹ 49,884.00"
West Bengal,"Calcutta Med Res Inst,Kolkata",DNBGENERAL MEDICINE,DNB Post MBBS,"₹ 1,25,000.00",440,0,₹ 0.00,"₹ 49,885.00"
Andhra Pradesh,"KIMS Hospital, Kurnool",DNBGENERAL MEDICINE,DNB Post MBBS,"₹ 1,25,000.00",100,0,₹ 0.00,"₹ 35,000.00"
Assam,"Haji Abdul Majid, Hojai, Assam",DNBGENERAL MEDICINE,DNB Post MBBS,"₹ 1,25,000.00",181,0,₹ 0.00,"₹ 35,000.00"
Jammu and Kashmir,"Sub District Hosp, Sopore, JK",DNBGENERAL MEDICINE,DNB Post MBBS,"₹ 1,25,000.00",200,0,₹ 0.00,"₹ 48,000.00"
Karnataka,"Manipal Hosp, Whitefield",DNBGENERAL MEDICINE,DNB Post MBBS,"₹ 1,25,000.00",162,0,₹ 0.00,"₹ 45,000.00"
Karnataka,"KauveryHosp, ElecCity,Bangalore",DNBGENERAL MEDICINE,DNB Post MBBS,"₹ 1,25,000.00",200,0,₹ 0.00,"₹ 56,250.00"
Karnataka,"Manipal Hospital,Ambalipura,BLR",DNBGENERAL MEDICINE,DNB Post MBBS,"₹ 1,25,000.00",206,0,₹ 0.00,"₹ 45,000.00"
Kerala,"SreeUthradomTirunal,Trivandrum",DNBGENERAL MEDICINE,DNB Post MBBS,"₹ 1,25,000.00",198,0,₹ 0.00,"₹ 57,876.00"
Madhya Pradesh,"Bhagyoday Tirth, Sagar, MP",DNBGENERAL MEDICINE,DNB Post MBBS,"₹ 1,25,000.00",308,0,₹ 0.00,"₹ 69,115.00"
Maharashtra,"Govt Med Coll&Hosp,Sindhurdurg",DNBGENERAL MEDICINE,DNB Post MBBS,"₹ 1,25,000.00",500,1,"₹ 50,00,000.00","₹ 75,144.00"
Maharashtra,"Government Med College, Gondia",DNBGENERAL MEDICINE,DNB Post MBBS,"₹ 1,25,000.00",500,1,"₹ 50,00,000.00","₹ 75,144.00"
Maharashtra,"Masina Hospital, Mumbai",DNBGENERAL MEDICINE,DNB Post MBBS,"₹ 1,25,000.00",270,0,₹ 0.00,"₹ 76,429.00"
Maharashtra,"ShriVasantRaoGovtMedCol,Yavtmal",DNBGENERAL MEDICINE,DNB Post MBBS,"₹ 1,25,000.00",765,1,"₹ 50,00,000.00","₹ 75,144.00"
Punjab,"Punjab Inst of MS, Jalandhar",DNBGENERAL MEDICINE,DNB Post MBBS,"₹ 1,25,000.00",750,0,₹ 0.00,"₹ 60,000.00"
Rajasthan,"MahavirJaipuriya,MilapNgrJaipur",DNBGENERAL MEDICINE,DNB Post MBBS,"₹ 1,25,000.00",250,0,₹ 0.00,"₹ 60,000.00"
Tamil Nadu,"Dr Kamakshi Mem, Chennai",DNBGENERAL MEDICINE,DNB Post MBBS,"₹ 1,25,000.00",220,0,₹ 0.00,"₹ 52,451.00"
Tamil Nadu,"Gleneagles Health City, Chennai",DNBGENERAL MEDICINE,DNB Post MBBS,"₹ 1,25,000.00",200,0,₹ 0.00,"₹ 52,451.00"
Tamil Nadu,"Kauvery Hosp Med Serv, Hosur",DNBGENERAL MEDICINE,DNB Post MBBS,"₹ 1,25,000.00",NA,0,₹ 0.00,"₹ 52,451.00"
Tamil Nadu,"Naruvi Hospitals, Vellore, TN",DNBGENERAL MEDICINE,DNB Post MBBS,"₹ 1,25,000.00",475,0,₹ 0.00,"₹ 52,451.00"
Telangana,"Care Hospital, Hyderabad",DNBGENERAL MEDICINE,DNB Post MBBS,"₹ 1,25,000.00",305,0,₹ 0.00,"₹ 58,289.00"
Telangana,"Durgabai Deshmukh Hosp, HYD",DNBGENERAL MEDICINE,DNB Post MBBS,"₹ 1,25,000.00",200,0,₹ 0.00,"₹ 50,686.00"
Uttar Pradesh,"Dist Male Hosp,SaiKaTakia,Agra",DNBGENERAL MEDICINE,DNB Post MBBS,"₹ 1,25,000.00",150,0,₹ 0.00,"₹ 70,000.00"
Uttar Pradesh,"Divisional Dist Hosp, Azamgarh",DNBGENERAL MEDICINE,DNB Post MBBS,"₹ 1,25,000.00",312,0,₹ 0.00,"₹ 70,000.00"
Uttar Pradesh,"Kailash Hosp Neuro Inst, Noida",DNBGENERAL MEDICINE,DNB Post MBBS,"₹ 1,25,000.00",325,0,₹ 0.00,"₹ 60,000.00"
Uttar Pradesh,"LokBandhuRajNarayanHosp,Lucknow",DNBGENERAL MEDICINE,DNB Post MBBS,"₹ 1,25,000.00",318,0,₹ 0.00,"₹ 70,000.00"
Uttar Pradesh,"Medanta Hosp, Sushanth Golf, Lucknow",DNBGENERAL MEDICINE,DNB Post MBBS,"₹ 1,25,000.00",900,0,₹ 0.00,"₹ 65,000.00"
Uttar Pradesh,"NSC Bose Dist Hosp, Gorakhpur",DNBGENERAL MEDICINE,DNB Post MBBS,"₹ 1,25,000.00",305,0,₹ 0.00,"₹ 70,000.00"
Uttar Pradesh,"RajaPratapBahadurHosp,Pratapgar",DNBGENERAL MEDICINE,DNB Post MBBS,"₹ 1,25,000.00",336,0,₹ 0.00,"₹ 80,000.00"
Uttar Pradesh,"UP Rural Inst of Med Sci,Etawah",DNBGENERAL MEDICINE,DNB Post MBBS,"₹ 1,25,000.00",1078,0,₹ 0.00,"₹ 80,000.00"
West Bengal,"Jalpaiguri GovtMedColl&Hosp,Jalpaiguri",DNBGENERAL MEDICINE,DNB Post MBBS,"₹ 1,25,000.00",1000,0,₹ 0.00,"₹ 49,884.00"
West Bengal,"Fortis Hospital, Kolkata",DNBGENERAL MEDICINE,DNB Post MBBS,"₹ 1,25,000.00",230,0,₹ 0.00,"₹ 49,900.00"
Andhra Pradesh,"DrAnjiReddySuperSpecHosp,Guntur",DNBGENERAL MEDICINE,DNB Post MBBS,"₹ 1,25,000.00",100,0,₹ 0.00,"₹ 50,700.00"
Chhattisgarh,"Shri Balaji Metro Hosp, Raigarh",DNBGENERAL MEDICINE,DNB Post MBBS,"₹ 1,25,000.00",400,0,₹ 0.00,"₹ 68,000.00"
Kerala,"Baby Mem Hosp, Nadal, Kannur",DNBGENERAL MEDICINE,DNB Post MBBS,"₹ 1,25,000.00",400,0,₹ 0.00,"₹ 53,000.00"
Kerala,"Paalana Inst of MedSci,Palakkad",DNBGENERAL MEDICINE,DNB Post MBBS,"₹ 1,25,000.00",300,0,₹ 0.00,"₹ 57,876.00"
Kerala,"Palakkad Inst ofMedSci,Palakkad",DNBGENERAL MEDICINE,DNB Post MBBS,"₹ 1,25,000.00",349,0,₹ 0.00,"₹ 57,876.00"
Kerala,"StJosephHosp,Manjumel,Ernakulam",DNBGENERAL MEDICINE,DNB Post MBBS,"₹ 1,25,000.00",200,0,₹ 0.00,"₹ 57,876.00"
Ladakh,"SNM Hospital, Leh, Ladakh",DNBGENERAL MEDICINE,DNB Post MBBS,"₹ 1,25,000.00",280,NA,NA,"₹ 37,000.00"
Maharashtra,"RainbowInstofMedSci,Amravati,MH",DNBGENERAL MEDICINE,DNB Post MBBS,"₹ 1,25,000.00",140,0,₹ 0.00,"₹ 35,000.00"
Maharashtra,"RP Hosp & ResInstitute,Parbhani",DNBGENERAL MEDICINE,DNB Post MBBS,"₹ 1,25,000.00",321,0,₹ 0.00,"₹ 35,000.00"
Maharashtra,"SL Raheja Hosp, Mahi, Mumbai",DNBGENERAL MEDICINE,DNB Post MBBS,"₹ 1,25,000.00",170,0,₹ 0.00,"₹ 95,000.00"
Maharashtra,"SahyadriSuperSpecHosp, Pune, MH",DNBGENERAL MEDICINE,DNB Post MBBS,"₹ 1,25,000.00",201,0,₹ 0.00,"₹ 89,000.00"
Maharashtra,"Sushrut Hosp & RC, Chembur, MH",DNBGENERAL MEDICINE,DNB Post MBBS,"₹ 1,25,000.00",100,0,₹ 0.00,"₹ 76,000.00"
Maharashtra,"UnitedCIIGMAInstofMS,Aurangabad",DNBGENERAL MEDICINE,DNB Post MBBS,"₹ 1,25,000.00",175,0,₹ 0.00,"₹ 85,000.00"
Maharashtra,"UshahkalAbhinavInstofMS,Sangli",DNBGENERAL MEDICINE,DNB Post MBBS,"₹ 1,25,000.00",350,0,₹ 0.00,"₹ 76,500.00"
Odisha,"UtkalInstofMedSci, Bhubaneswar",DNBGENERAL MEDICINE,DNB Post MBBS,"₹ 1,25,000.00",200,0,₹ 0.00,"₹ 72,100.00"
Rajasthan,"ParasHosp,Shobhagpura,Udaipur",DNBGENERAL MEDICINE,DNB Post MBBS,"₹ 1,25,000.00",200,0,₹ 0.00,"₹ 60,000.00"
Tamil Nadu,"Senthil Multi Spec Hosp, Erode",DNBGENERAL MEDICINE,DNB Post MBBS,"₹ 1,25,000.00",100,0,₹ 0.00,"₹ 35,000.00"
Tamil Nadu,"Sinduja Hospital, Manapparai",DNBGENERAL MEDICINE,DNB Post MBBS,"₹ 1,25,000.00",150,0,₹ 0.00,"₹ 48,000.00"
Telangana,"CC Shroff Mem Hosp, Barkatpura",DNBGENERAL MEDICINE,DNB Post MBBS,"₹ 1,25,000.00",170,0,₹ 0.00,"₹ 58,289.00"
Telangana,"Premier Hosp, Mehdipatnam, Hyd",DNBGENERAL MEDICINE,DNB Post MBBS,"₹ 1,25,000.00",100,0,₹ 0.00,"₹ 58,300.00"
Uttarakhand,"Brij Lal Hosp&ResCent,Haldwani",DNBGENERAL MEDICINE,DNB Post MBBS,"₹ 1,25,000.00",100,0,₹ 0.00,"₹ 35,000.00"
Jammu and Kashmir,"District Hospital,Udhampur, J&K",DNBGENERAL MEDICINE,DNB Post MBBS,"₹ 1,25,000.00",200,0,₹ 0.00,"₹ 48,000.00"
Jammu and Kashmir,"Dist Hosp, Aghar Ballian,Reasi",DNBGENERAL MEDICINE,DNB Post MBBS,"₹ 1,25,000.00",100,0,₹ 0.00,"₹ 48,000.00"
Tamil Nadu,"PrashanthHos,Velachry,CHN(Joint)",DNBGENERAL MEDICINE,DNB Post MBBS,"₹ 1,25,000.00",NA,0,₹ 0.00,"₹ 48,000.00"
Maharashtra,"Sevasadan Lifeline SSHosp,Miraj",DNBGENERAL MEDICINE,DNB Post MBBS,"₹ 1,25,000.00",NA,0,₹ 0.00,"₹ 60,000.00"
Chhattisgarh,"Maharani Hospital, Jagdalpur",DNBGENERAL MEDICINE,DNB Post MBBS,"₹ 1,25,000.00",NA,0,₹ 0.00,"₹ 67,500.00"
Uttar Pradesh,"Rana Beni MS DistHosp,Raebareli",DNBGENERAL MEDICINE,DNB Post MBBS,"₹ 1,25,000.00",NA,0,₹ 0.00,"₹ 70,000.00"
West Bengal,"Tamralipto GovtMedHosp,Tamluk",DNBGENERAL MEDICINE,DNB Post MBBS,"₹ 1,25,000.00",500,0,₹ 0.00,"₹ 45,071.00"
Rajasthan,"Sudha MedColl&Hosp,Kota(Joint)",DNBGENERAL MEDICINE,DNB Post MBBS,"₹ 1,25,000.00",NA,0,₹ 0.00,NA
Delhi,"Base Hospital, Delhi Cantt",DNBGENERAL MEDICINE,AFMS-DNB,"₹ 1,25,000.00",NA,5,"₹ 57,50,000.00","₹ 1,31,976.00"
Uttar Pradesh,"Air Force Hospital, Kanpur",DNBGENERAL MEDICINE,AFMS-DNB,"₹ 1,25,000.00",NA,5,"₹ 57,50,000.00",NA
Uttarakhand,"VCSG MedCollHosp,PauriGarhwal",DNBGENERAL SURGERY,DNB Post MBBS,"₹ 1,25,000.00",774,2,"₹ 2,50,00,000.00","₹ 76,600.00"
Maharashtra,"Holy Family Hospital, Mumbai",DNBGENERAL SURGERY,DNB Post MBBS,"₹ 1,25,000.00",268,0,₹ 0.00,"₹ 85,000.00"
Maharashtra,"KJ Somaiya MedColl Hosp,Mumbai",DNBGENERAL SURGERY,DNB Post MBBS,"₹ 1,25,000.00",520,0,₹ 0.00,"₹ 86,629.00"
West Bengal,"SouthEastRailwayHosp,Kolkata",DNBGENERAL SURGERY,DNB Post MBBS,"₹ 1,25,000.00",303,0,₹ 0.00,"₹ 1,04,857.00"
Maharashtra,"Holy Spirit Hospital, Mumbai",DNBGENERAL SURGERY,DNB Post MBBS,"₹ 1,25,000.00",300,0,₹ 0.00,"₹ 86,630.00"
Andaman and Nicobar Islands,"Andaman&Nicobar IMS,PortBlair",DNBGENERAL SURGERY,DNB Post MBBS,"₹ 1,25,000.00",555,0,₹ 0.00,"₹ 86,000.00"
Maharashtra,"KamalnayanBajajHosp,Aurangabad",DNBGENERAL SURGERY,DNB Post MBBS,"₹ 1,25,000.00",200,0,₹ 0.00,"₹ 73,057.00"
Maharashtra,"JagjivanRamRailwayHosp, Mumbai",DNBGENERAL SURGERY,DNB Post MBBS,"₹ 1,25,000.00",361,0,₹ 0.00,"₹ 95,358.00"
Maharashtra,"Jaslok Hospital, Mumbai",DNBGENERAL SURGERY,DNB Post MBBS,"₹ 1,25,000.00",361,0,₹ 0.00,"₹ 76,000.00"
Maharashtra,"Jehangir Hospital, Pune",DNBGENERAL SURGERY,DNB Post MBBS,"₹ 1,25,000.00",335,0,₹ 0.00,"₹ 86,000.00"
Gujarat,"Apollo Hospital,Gandhinagar",DNBGENERAL SURGERY,DNB Post MBBS,"₹ 1,25,000.00",300,0,₹ 0.00,"₹ 84,000.00"
Gujarat,"General Hospital, Tapi",DNBGENERAL SURGERY,DNB Post MBBS,"₹ 1,25,000.00",156,0,₹ 0.00,"₹ 1,00,800.00"
Gujarat,"GMERS MedColl Hosp,Himmatnagar",DNBGENERAL SURGERY,DNB Post MBBS,"₹ 1,25,000.00",700,0,₹ 0.00,"₹ 1,00,800.00"
Gujarat,"GMERS MedColl Hosp,Vadadora",DNBGENERAL SURGERY,DNB Post MBBS,"₹ 1,25,000.00",750,0,₹ 0.00,"₹ 1,00,800.00"
Gujarat,"GMERS,Sola,Ahmedabad",DNBGENERAL SURGERY,DNB Post MBBS,"₹ 1,25,000.00",970,0,₹ 0.00,"₹ 1,00,800.00"
Gujarat,"GMERS MedColl Hosp,Patan",DNBGENERAL SURGERY,DNB Post MBBS,"₹ 1,25,000.00",650,0,₹ 0.00,"₹ 1,00,800.00"
Gujarat,"GMERS MedColl Hosp,Valsad",DNBGENERAL SURGERY,DNB Post MBBS,"₹ 1,25,000.00",650,0,₹ 0.00,"₹ 1,00,800.00"
Gujarat,"GMERS MedColl Hosp,Gandhinagar",DNBGENERAL SURGERY,DNB Post MBBS,"₹ 1,25,000.00",770,0,₹ 0.00,"₹ 1,00,800.00"
Gujarat,"Metas Adventist Hosp, Surat",DNBGENERAL SURGERY,DNB Post MBBS,"₹ 1,25,000.00",300,0,₹ 0.00,"₹ 1,00,800.00"
Gujarat,"ShethVadilalGenHosp,Ahmedabad",DNBGENERAL SURGERY,DNB Post MBBS,"₹ 1,25,000.00",500,0,₹ 0.00,"₹ 1,00,800.00"
Gujarat,"Shrimad Rajchandra, Bilpudi",DNBGENERAL SURGERY,DNB Post MBBS,"₹ 1,25,000.00",250,0,₹ 0.00,"₹ 84,000.00"
Gujarat,"The Gujarat Res & MI,Ahmedabad",DNBGENERAL SURGERY,DNB Post MBBS,"₹ 1,25,000.00",250,0,₹ 0.00,"₹ 84,000.00"
Andhra Pradesh,"Andhra Hospital, Vijayawada",DNBGENERAL SURGERY,DNB Post MBBS,"₹ 1,25,000.00",155,0,₹ 0.00,"₹ 60,823.00"
Andhra Pradesh,"GovtDistHosp,Rajamahendravaram",DNBGENERAL SURGERY,DNB Post MBBS,"₹ 1,25,000.00",350,0,₹ 0.00,"₹ 60,823.00"
Andhra Pradesh,"Krishna IMS, Nellore",DNBGENERAL SURGERY,DNB Post MBBS,"₹ 1,25,000.00",250,0,₹ 0.00,"₹ 50,686.00"
Meghalaya,"Nazareth Hospital, Shillong",DNBGENERAL SURGERY,DNB Post MBBS,"₹ 1,25,000.00",366,0,₹ 0.00,"₹ 48,000.00"
Mizoram,"Civil Hospital, Aizawl",DNBGENERAL SURGERY,DNB Post MBBS,"₹ 1,25,000.00",300,0,₹ 0.00,"₹ 50,000.00"
Odisha,"Ispat Gen Hospital, Rourkela",DNBGENERAL SURGERY,DNB Post MBBS,"₹ 1,25,000.00",600,0,₹ 0.00,"₹ 70,868.00"
Pondicherry,"IG GovtGenHosp&PGI,Pondicherry",DNBGENERAL SURGERY,DNB Post MBBS,"₹ 1,25,000.00",626,0,₹ 0.00,"₹ 43,000.00"
Punjab,"Amar Hospital, Patiala",DNBGENERAL SURGERY,DNB Post MBBS,"₹ 1,25,000.00",158,0,₹ 0.00,"₹ 70,000.00"
Punjab,"Indus Intl Hosp, Mohali",DNBGENERAL SURGERY,DNB Post MBBS,"₹ 1,25,000.00",NA,0,₹ 0.00,"₹ 70,000.00"
Punjab,"Mohandai Oswal Hosp, Ludhiana",DNBGENERAL SURGERY,DNB Post MBBS,"₹ 1,25,000.00",300,0,₹ 0.00,"₹ 67,968.00"
Punjab,"Satguru Partap Singh,Ludhiana",DNBGENERAL SURGERY,DNB Post MBBS,"₹ 1,25,000.00",350,0,₹ 0.00,"₹ 67,968.00"
Rajasthan,"Narayana MultiSpec Hosp,Jaipur",DNBGENERAL SURGERY,DNB Post MBBS,"₹ 1,25,000.00",400,0,₹ 0.00,"₹ 56,000.00"
Tamil Nadu,"Govt HQ Hosp, Pollachi",DNBGENERAL SURGERY,DNB Post MBBS,"₹ 1,25,000.00",314,2,"₹ 40,00,000.00","₹ 52,451.00"
Tamil Nadu,"Southern Railway Hosp, Chennai",DNBGENERAL SURGERY,DNB Post MBBS,"₹ 1,25,000.00",505,0,₹ 0.00,"₹ 52,451.00"
Telangana,"District HQ Hosp, Sangareddy",DNBGENERAL SURGERY,DNB Post MBBS,"₹ 1,25,000.00",400,0,₹ 0.00,"₹ 58,289.00"
Assam,"Apollo Hospital, Guwahati",DNBGENERAL SURGERY,DNB Post MBBS,"₹ 1,25,000.00",214,0,₹ 0.00,"₹ 55,200.00"
Assam,"Down Town Hospital, Dispur",DNBGENERAL SURGERY,DNB Post MBBS,"₹ 1,25,000.00",300,0,₹ 0.00,"₹ 55,200.00"
Assam,"Health City Hospital, Guwahati",DNBGENERAL SURGERY,DNB Post MBBS,"₹ 1,25,000.00",200,0,₹ 0.00,"₹ 52,000.00"
Assam,"NEMCARE Hospital, Guwahati",DNBGENERAL SURGERY,DNB Post MBBS,"₹ 1,25,000.00",300,0,₹ 0.00,"₹ 55,200.00"
Assam,"Haji Abdul Majid, Hojai, Assam",DNBGENERAL SURGERY,DNB Post MBBS,"₹ 1,25,000.00",181,0,₹ 0.00,"₹ 35,000.00"
Bihar,"BIG Apollo Spectra, Patna",DNBGENERAL SURGERY,DNB Post MBBS,"₹ 1,25,000.00",160,0,₹ 0.00,"₹ 70,000.00"
Bihar,"ESIC MC & Hosp Bihta, Patna",DNBGENERAL SURGERY,DNB Post MBBS,"₹ 1,25,000.00",330,1,"₹ 7,50,000.00","₹ 70,000.00"
Bihar,"Paras HMRI Hospital, Patna",DNBGENERAL SURGERY,DNB Post MBBS,"₹ 1,25,000.00",350,0,₹ 0.00,"₹ 82,000.00"
Bihar,"Ruban Memorial Hosp, Patna",DNBGENERAL SURGERY,DNB Post MBBS,"₹ 1,25,000.00",NA,0,₹ 0.00,"₹ 82,000.00"
Bihar,"Rahmania Med Cent, Bariyaarpur",DNBGENERAL SURGERY,DNB Post MBBS,"₹ 1,25,000.00",150,0,₹ 0.00,"₹ 60,000.00"
Chhattisgarh,"Apollo Hospital, Bilaspur",DNBGENERAL SURGERY,DNB Post MBBS,"₹ 1,25,000.00",300,0,₹ 0.00,"₹ 57,500.00"
Chhattisgarh,"JLN Main Hosp & RC, Bhilai",DNBGENERAL SURGERY,DNB Post MBBS,"₹ 1,25,000.00",860,0,₹ 0.00,"₹ 67,500.00"
Chhattisgarh,"Jan Swasthya Sahyog, Bilaspur",DNBGENERAL SURGERY,DNB Post MBBS,"₹ 1,25,000.00",100,0,₹ 0.00,"₹ 41,000.00"
Chhattisgarh,"Ramkrishna Care Hosp, Raipur",DNBGENERAL SURGERY,DNB Post MBBS,"₹ 1,25,000.00",359,0,₹ 0.00,"₹ 67,500.00"
Chhattisgarh,"Shri Balaji IMS, Raipur",DNBGENERAL SURGERY,DNB Post MBBS,"₹ 1,25,000.00",436,0,₹ 0.00,"₹ 67,500.00"
Dadra and Nagar Haveli,"VinobaBhaveCivilHosp, Silvassa",DNBGENERAL SURGERY,DNB Post MBBS,"₹ 1,25,000.00",316,1,"₹ 10,00,000.00","₹ 35,000.00"
Delhi,"Batra Hospital, Delhi",DNBGENERAL SURGERY,DNB Post MBBS,"₹ 1,25,000.00",495,0,₹ 0.00,"₹ 61,000.00"
Delhi,"Deen Dayal Upadhyay, Delhi",DNBGENERAL SURGERY,DNB Post MBBS,"₹ 1,25,000.00",640,0,₹ 0.00,"₹ 1,26,927.00"
Delhi,"Dr B L Kapur Mem Hosp, Delhi",DNBGENERAL SURGERY,DNB Post MBBS,"₹ 1,25,000.00",465,0,₹ 0.00,"₹ 60,000.00"
Delhi,"Dr Baba Saheb Ambedkar, Delhi",DNBGENERAL SURGERY,DNB Post MBBS,"₹ 1,25,000.00",500,0,₹ 0.00,"₹ 1,26,927.00"
Delhi,"Fortis Hosp,ShalimarBagh,Delhi",DNBGENERAL SURGERY,DNB Post MBBS,"₹ 1,25,000.00",262,0,₹ 0.00,"₹ 58,000.00"
Delhi,"Hindu Rao Hospital, Delhi",DNBGENERAL SURGERY,DNB Post MBBS,"₹ 1,25,000.00",980,0,₹ 0.00,"₹ 1,26,927.00"
Delhi,"Holy Family Hospital, Delhi",DNBGENERAL SURGERY,DNB Post MBBS,"₹ 1,25,000.00",345,0,₹ 0.00,"₹ 82,000.00"
Delhi,"Indraprastha Apollo Hosp,Delhi",DNBGENERAL SURGERY,DNB Post MBBS,"₹ 1,25,000.00",718,0,₹ 0.00,"₹ 64,500.00"
Delhi,"Jaipur Golden Hospital, Delhi",DNBGENERAL SURGERY,DNB Post MBBS,"₹ 1,25,000.00",242,0,₹ 0.00,"₹ 70,000.00"
Delhi,"Maharaja Agrasen Hosp, Delhi",DNBGENERAL SURGERY,DNB Post MBBS,"₹ 1,25,000.00",300,0,₹ 0.00,"₹ 63,000.00"
Delhi,"Mata Chanan Devi Hosp, Delhi",DNBGENERAL SURGERY,DNB Post MBBS,"₹ 1,25,000.00",210,0,₹ 0.00,"₹ 60,000.00"
Delhi,"MaxSmart SS(SaketCityH),Delhi",DNBGENERAL SURGERY,DNB Post MBBS,"₹ 1,25,000.00",250,0,₹ 0.00,"₹ 57,000.00"
Delhi,"Max SS Hosp, Saket, Delhi",DNBGENERAL SURGERY,DNB Post MBBS,"₹ 1,25,000.00",539,0,₹ 0.00,"₹ 60,000.00"
Delhi,"Max SS Hosp, Patparganj,Delhi",DNBGENERAL SURGERY,DNB Post MBBS,"₹ 1,25,000.00",402,0,₹ 0.00,"₹ 60,000.00"
Delhi,"NorthernRailway CentHosp,Delhi",DNBGENERAL SURGERY,DNB Post MBBS,"₹ 1,25,000.00",413,0,₹ 0.00,"₹ 1,26,927.00"
Delhi,"PushpawatiSinghania Hosp,Delhi",DNBGENERAL SURGERY,DNB Post MBBS,"₹ 1,25,000.00",201,0,₹ 0.00,"₹ 59,300.00"
Delhi,"Sanjay Gandhi Mem Hosp, Delhi",DNBGENERAL SURGERY,DNB Post MBBS,"₹ 1,25,000.00",300,0,₹ 0.00,"₹ 1,26,927.00"
Delhi,"Shri Balaji Action Med, Delhi",DNBGENERAL SURGERY,DNB Post MBBS,"₹ 1,25,000.00",250,0,₹ 0.00,"₹ 72,000.00"
Delhi,"Sir Ganga Ram Hospital, Delhi",DNBGENERAL SURGERY,DNB Post MBBS,"₹ 1,25,000.00",675,0,₹ 0.00,"₹ 92,000.00"
Delhi,"St Stephen's Hospital, Delhi",DNBGENERAL SURGERY,DNB Post MBBS,"₹ 1,25,000.00",595,0,₹ 0.00,"₹ 63,000.00"
Delhi,"Swami Dayanand Hospital, Delhi",DNBGENERAL SURGERY,DNB Post MBBS,"₹ 1,25,000.00",370,0,₹ 0.00,"₹ 1,35,264.00"
Delhi,"Venkateshwar Hospital, Delhi",DNBGENERAL SURGERY,DNB Post MBBS,"₹ 1,25,000.00",250,0,₹ 0.00,"₹ 60,000.00"
Delhi,"Sehgal Neo Hosp,Paschim Vihar",DNBGENERAL SURGERY,DNB Post MBBS,"₹ 1,25,000.00",100,0,₹ 0.00,"₹ 63,000.00"
Haryana,"Aadhar Health Inst, Hisar",DNBGENERAL SURGERY,DNB Post MBBS,"₹ 1,25,000.00",200,0,₹ 0.00,"₹ 78,000.00"
Haryana,"Artemis Health Inst, Gurgaon",DNBGENERAL SURGERY,DNB Post MBBS,"₹ 1,25,000.00",394,0,₹ 0.00,"₹ 56,000.00"
Haryana,"Asian IMS, Faridabad",DNBGENERAL SURGERY,DNB Post MBBS,"₹ 1,25,000.00",425,0,₹ 0.00,"₹ 58,100.00"
Haryana,"BPS Med Coll, Sonepat",DNBGENERAL SURGERY,DNB Post MBBS,"₹ 1,25,000.00",550,0,₹ 0.00,"₹ 1,00,980.00"
Haryana,"Fortis Escorts Hosp, Faridabad",DNBGENERAL SURGERY,DNB Post MBBS,"₹ 1,25,000.00",210,0,₹ 0.00,"₹ 71,100.00"
Haryana,"General Hospital, Panchkula",DNBGENERAL SURGERY,DNB Post MBBS,"₹ 1,25,000.00",300,0,₹ 0.00,"₹ 1,00,980.00"
Haryana,"Kalpana Chawla GMC Hosp,Karnal",DNBGENERAL SURGERY,DNB Post MBBS,"₹ 1,25,000.00",345,0,₹ 0.00,"₹ 1,00,980.00"
Haryana,"Lala Harbhagwan Das, Panipat",DNBGENERAL SURGERY,DNB Post MBBS,"₹ 1,25,000.00",140,0,₹ 0.00,"₹ 51,100.00"
Haryana,"QRG Medicare, Faridabad",DNBGENERAL SURGERY,DNB Post MBBS,"₹ 1,25,000.00",325,0,₹ 0.00,"₹ 70,000.00"
Haryana,"Sarvodaya Hospital, Faridabad",DNBGENERAL SURGERY,DNB Post MBBS,"₹ 1,25,000.00",300,0,₹ 0.00,"₹ 73,000.00"
Haryana,"SHKM Gov Med Coll, Nuh",DNBGENERAL SURGERY,DNB Post MBBS,"₹ 1,25,000.00",647,0,₹ 0.00,"₹ 1,00,980.00"
Himachal Pradesh,"Dr Radhakrishnan GMC, Hamirpur",DNBGENERAL SURGERY,DNB Post MBBS,"₹ 1,25,000.00",300,2,"₹ 40,00,000.00","₹ 40,000.00"
Himachal Pradesh,"Lal Bah Shastri Govt Med,Mandi",DNBGENERAL SURGERY,DNB Post MBBS,"₹ 1,25,000.00",550,2,"₹ 40,00,000.00","₹ 40,000.00"
Jammu and Kashmir,"Assoc Hosp Govt MC, Doda",DNBGENERAL SURGERY,DNB Post MBBS,"₹ 1,25,000.00",300,0,₹ 0.00,"₹ 59,500.00"
Jammu and Kashmir,"District Hospital, Ganderbal,JK",DNBGENERAL SURGERY,DNB Post MBBS,"₹ 1,25,000.00",200,0,₹ 0.00,"₹ 48,000.00"
Jammu and Kashmir,"Govt Med Coll Hosp, Anantnag",DNBGENERAL SURGERY,DNB Post MBBS,"₹ 1,25,000.00",363,0,₹ 0.00,"₹ 59,500.00"
Jammu and Kashmir,"JLNM Hosp, Rainawari",DNBGENERAL SURGERY,DNB Post MBBS,"₹ 1,25,000.00",200,0,₹ 0.00,"₹ 48,000.00"
Jammu and Kashmir,"Raja Sukhdev Singh District Hosp, Poonch",DNBGENERAL SURGERY,DNB Post MBBS,"₹ 1,25,000.00",170,0,₹ 0.00,"₹ 48,000.00"
Jammu and Kashmir,"SDH Kupwara, Kupwara",DNBGENERAL SURGERY,DNB Post MBBS,"₹ 1,25,000.00",200,0,₹ 0.00,"₹ 48,000.00"
Jharkhand,"Bokaro General Hosp, Bokaro",DNBGENERAL SURGERY,DNB Post MBBS,"₹ 1,25,000.00",910,0,₹ 0.00,"₹ 60,588.00"
Jharkhand,"Central Hospital, Dhanbad",DNBGENERAL SURGERY,DNB Post MBBS,"₹ 1,25,000.00",395,0,₹ 0.00,"₹ 56,100.00"
Jharkhand,"Tata Main Hospital, Jamshedpur",DNBGENERAL SURGERY,DNB Post MBBS,"₹ 1,25,000.00",915,0,₹ 0.00,"₹ 56,100.00"
Jharkhand,"Tata Motors Hosp, Jamshedpur",DNBGENERAL SURGERY,DNB Post MBBS,"₹ 1,25,000.00",404,0,₹ 0.00,"₹ 56,100.00"
Karnataka,"Apollo BGS Hospital, Mysore",DNBGENERAL SURGERY,DNB Post MBBS,"₹ 1,25,000.00",215,0,₹ 0.00,"₹ 45,000.00"
Maharashtra,"KB Bhabha MunicGenHosp, Mumbai",DNBGENERAL SURGERY,DNB Post MBBS,"₹ 1,25,000.00",436,0,₹ 0.00,"₹ 92,522.00"
Karnataka,"Aster CMI Hospital, Bangalore",DNBGENERAL SURGERY,DNB Post MBBS,"₹ 1,25,000.00",350,0,₹ 0.00,"₹ 56,250.00"
Karnataka,"Bangalore Baptist, Bangalore",DNBGENERAL SURGERY,DNB Post MBBS,"₹ 1,25,000.00",340,0,₹ 0.00,"₹ 56,250.00"
Karnataka,"Bhagwan MahaveerJain,Bangalore",DNBGENERAL SURGERY,DNB Post MBBS,"₹ 1,25,000.00",470,0,₹ 0.00,"₹ 45,000.00"
Karnataka,"CSI Holdsworth, Mysore",DNBGENERAL SURGERY,DNB Post MBBS,"₹ 1,25,000.00",280,0,₹ 0.00,"₹ 45,000.00"
Karnataka,"District Hospital, Dharwad",DNBGENERAL SURGERY,DNB Post MBBS,"₹ 1,25,000.00",250,1,"₹ 20,00,000.00","₹ 45,000.00"
Karnataka,"District Hospital, Tumakuru",DNBGENERAL SURGERY,DNB Post MBBS,"₹ 1,25,000.00",400,1,"₹ 20,00,000.00","₹ 45,000.00"
Karnataka,"District Hospital, Vijayapura",DNBGENERAL SURGERY,DNB Post MBBS,"₹ 1,25,000.00",426,1,"₹ 20,00,000.00","₹ 45,000.00"
Karnataka,"Manipal Hosp, Whitefield, BLR",DNBGENERAL SURGERY,DNB Post MBBS,"₹ 1,25,000.00",287,0,₹ 0.00,"₹ 56,250.00"
Karnataka,"Manipal Hosp, Rustum Bagh, BLR",DNBGENERAL SURGERY,DNB Post MBBS,"₹ 1,25,000.00",600,0,₹ 0.00,"₹ 56,250.00"
Karnataka,"Sagar Hosp, Jayanagar, BLR",DNBGENERAL SURGERY,DNB Post MBBS,"₹ 1,25,000.00",200,0,₹ 0.00,"₹ 45,000.00"
Karnataka,"Sahyadri Narayana Hosp,Shimoga",DNBGENERAL SURGERY,DNB Post MBBS,"₹ 1,25,000.00",228,0,₹ 0.00,"₹ 56,250.00"
Karnataka,"Narayana Hrudayalaya Hos,Bommasandra",DNBGENERAL SURGERY,DNB Post MBBS,"₹ 1,25,000.00",210,0,₹ 0.00,"₹ 56,250.00"
Karnataka,"Sparsh SS Hosp, Yeshwanthpur",DNBGENERAL SURGERY,DNB Post MBBS,"₹ 1,25,000.00",250,0,₹ 0.00,"₹ 56,250.00"
Karnataka,"Sri Sathya Sai, Chikkaballapura",DNBGENERAL SURGERY,DNB Post MBBS,"₹ 1,25,000.00",300,0,₹ 0.00,"₹ 45,000.00"
Karnataka,"St Martha's Hosp, Bangalore",DNBGENERAL SURGERY,DNB Post MBBS,"₹ 1,25,000.00",431,0,₹ 0.00,"₹ 45,000.00"
Karnataka,"St Philomena's Hosp,Bangalore",DNBGENERAL SURGERY,DNB Post MBBS,"₹ 1,25,000.00",371,0,₹ 0.00,"₹ 56,250.00"
Karnataka,"NarayanaHrudyalaya,Bommasandra",DNBGENERAL SURGERY,DNB Post MBBS,"₹ 1,25,000.00",2000,0,₹ 0.00,"₹ 56,250.00"
Jammu and Kashmir,"District Hospital, Pulwama, JK",DNBGENERAL SURGERY,DNB Post MBBS,"₹ 1,25,000.00",200,0,₹ 0.00,"₹ 48,000.00"
Kerala,"Baby Memorial, Kozhikode",DNBGENERAL SURGERY,DNB Post MBBS,"₹ 1,25,000.00",600,0,₹ 0.00,"₹ 57,876.00"
Kerala,"Caritas Hospital, Kottayam",DNBGENERAL SURGERY,DNB Post MBBS,"₹ 1,25,000.00",660,0,₹ 0.00,"₹ 57,876.00"
Kerala,"Cosmopolitan Hosp, Trivandrum",DNBGENERAL SURGERY,DNB Post MBBS,"₹ 1,25,000.00",360,0,₹ 0.00,"₹ 57,876.00"
Kerala,"Daya General Hosp, Thrissur",DNBGENERAL SURGERY,DNB Post MBBS,"₹ 1,25,000.00",250,0,₹ 0.00,"₹ 57,876.00"
Kerala,"District Hospital, Palakkad",DNBGENERAL SURGERY,DNB Post MBBS,"₹ 1,25,000.00",544,0,₹ 0.00,"₹ 57,876.00"
Kerala,"Govt General Hosp, Kochi",DNBGENERAL SURGERY,DNB Post MBBS,"₹ 1,25,000.00",639,0,₹ 0.00,"₹ 57,876.00"
Kerala,"Govt General Hosp, Thycaud",DNBGENERAL SURGERY,DNB Post MBBS,"₹ 1,25,000.00",769,0,₹ 0.00,"₹ 57,876.00"
Kerala,"Holy Cross Hospital, Kollam",DNBGENERAL SURGERY,DNB Post MBBS,"₹ 1,25,000.00",390,0,₹ 0.00,"₹ 57,876.00"
Kerala,"KIMS, Trivandrum",DNBGENERAL SURGERY,DNB Post MBBS,"₹ 1,25,000.00",2000,0,₹ 0.00,"₹ 57,876.00"
Kerala,"Lisie Medical Inst, Kochi",DNBGENERAL SURGERY,DNB Post MBBS,"₹ 1,25,000.00",750,0,₹ 0.00,"₹ 57,876.00"
Kerala,"Little Flower Hosp, Angamaly",DNBGENERAL SURGERY,DNB Post MBBS,"₹ 1,25,000.00",690,0,₹ 0.00,"₹ 57,876.00"
Kerala,"Lourdes Hospital, Kochi",DNBGENERAL SURGERY,DNB Post MBBS,"₹ 1,25,000.00",600,0,₹ 0.00,"₹ 57,876.00"
Kerala,"Malabar IMS, Kozhikode",DNBGENERAL SURGERY,DNB Post MBBS,"₹ 1,25,000.00",573,0,₹ 0.00,"₹ 57,876.00"
Kerala,"Medical Trust Hospital, Kochi",DNBGENERAL SURGERY,DNB Post MBBS,"₹ 1,25,000.00",500,0,₹ 0.00,"₹ 57,876.00"
Kerala,"MuthootHealthCare,Kozhencherry",DNBGENERAL SURGERY,DNB Post MBBS,"₹ 1,25,000.00",330,0,₹ 0.00,"₹ 57,876.00"
Kerala,"PRS Hospital, Trivandrum",DNBGENERAL SURGERY,DNB Post MBBS,"₹ 1,25,000.00",250,0,₹ 0.00,"₹ 57,876.00"
Kerala,"SaraswathyHosp,Parasala,Trvndrm",DNBGENERAL SURGERY,DNB Post MBBS,"₹ 1,25,000.00",150,0,₹ 0.00,"₹ 57,876.00"
Kerala,"SreeUthradomTirunal,Trivandrum",DNBGENERAL SURGERY,DNB Post MBBS,"₹ 1,25,000.00",198,0,₹ 0.00,"₹ 57,876.00"
Ladakh,"SNM Hospital, Leh, Ladakh",DNBGENERAL SURGERY,DNB Post MBBS,"₹ 1,25,000.00",280,NA,NA,"₹ 37,000.00"
Madhya Pradesh,"Choithram Hospital, Indore",DNBGENERAL SURGERY,DNB Post MBBS,"₹ 1,25,000.00",350,0,₹ 0.00,"₹ 75,444.00"
Madhya Pradesh,"ESIC Model Hosp, Indore",DNBGENERAL SURGERY,DNB Post MBBS,"₹ 1,25,000.00",300,1,"₹ 7,50,000.00","₹ 70,000.00"
Maharashtra,"Apollo Hospital, Navi Mumbai",DNBGENERAL SURGERY,DNB Post MBBS,"₹ 1,25,000.00",473,0,₹ 0.00,"₹ 89,000.00"
Maharashtra,"Asian IMS, Dombivli (E)",DNBGENERAL SURGERY,DNB Post MBBS,"₹ 1,25,000.00",NA,0,₹ 0.00,"₹ 83,000.00"
Maharashtra,"BARC Hosp, Mumbai",DNBGENERAL SURGERY,DNB Post MBBS,"₹ 1,25,000.00",390,0,₹ 0.00,"₹ 96,000.00"
Maharashtra,"Breach Candy Hospital, Mumbai",DNBGENERAL SURGERY,DNB Post MBBS,"₹ 1,25,000.00",213,0,₹ 0.00,"₹ 89,000.00"
Maharashtra,"Deenanath Mangeshkar, Pune",DNBGENERAL SURGERY,DNB Post MBBS,"₹ 1,25,000.00",876,0,₹ 0.00,"₹ 89,698.00"
Maharashtra,"Dr B Nanavati Hosp, Mumbai",DNBGENERAL SURGERY,DNB Post MBBS,"₹ 1,25,000.00",348,0,₹ 0.00,"₹ 86,630.00"
Maharashtra,"Dr AmbedkarCentRlwyHosp, MUM",DNBGENERAL SURGERY,DNB Post MBBS,"₹ 1,25,000.00",366,0,₹ 0.00,"₹ 95,358.00"
Maharashtra,"DrHedgewarRugnalaya,Aurangabad",DNBGENERAL SURGERY,DNB Post MBBS,"₹ 1,25,000.00",267,0,₹ 0.00,"₹ 71,000.00"
Maharashtra,"Hiranandani Hosp, Mumbai",DNBGENERAL SURGERY,DNB Post MBBS,"₹ 1,25,000.00",244,0,₹ 0.00,"₹ 83,000.00"
Maharashtra,"Fortis Hosp, Mulund, Mumbai",DNBGENERAL SURGERY,DNB Post MBBS,"₹ 1,25,000.00",350,0,₹ 0.00,"₹ 86,750.00"
Maharashtra,"Govt Med Coll Hosp, Akola",DNBGENERAL SURGERY,DNB Post MBBS,"₹ 1,25,000.00",800,1,"₹ 50,00,000.00","₹ 75,144.00"
Maharashtra,"Khan Bahadur Bhabha Hosp,Mumbai",DNBGENERAL SURGERY,DNB Post MBBS,"₹ 1,25,000.00",336,0,₹ 0.00,"₹ 75,144.00"
Maharashtra,"KIMS-Kingsway Hospitals,Nagpur",DNBGENERAL SURGERY,DNB Post MBBS,"₹ 1,25,000.00",300,0,₹ 0.00,"₹ 50,000.00"
Maharashtra,"PD Hinduja, Mumbai",DNBGENERAL SURGERY,DNB Post MBBS,"₹ 1,25,000.00",400,0,₹ 0.00,"₹ 89,700.00"
Maharashtra,"Rajiv Gandhi MedColl,Thane,MUM",DNBGENERAL SURGERY,DNB Post MBBS,"₹ 1,25,000.00",500,1,"₹ 50,00,000.00","₹ 80,000.00"
Maharashtra,"Ruby Hall Clinic, Pune",DNBGENERAL SURGERY,DNB Post MBBS,"₹ 1,25,000.00",600,0,₹ 0.00,"₹ 89,000.00"
Maharashtra,"Sadhu Vaswani Missions, Pune",DNBGENERAL SURGERY,DNB Post MBBS,"₹ 1,25,000.00",369,0,₹ 0.00,"₹ 90,000.00"
Maharashtra,"Sahyadri SS Hosp, Karve Road",DNBGENERAL SURGERY,DNB Post MBBS,"₹ 1,25,000.00",202,0,₹ 0.00,"₹ 89,000.00"
Maharashtra,"Saifee Hospital, Mumbai",DNBGENERAL SURGERY,DNB Post MBBS,"₹ 1,25,000.00",257,0,₹ 0.00,"₹ 89,700.00"
Maharashtra,"SethVCGandhi Mun Gen Hos,Mumbai",DNBGENERAL SURGERY,DNB Post MBBS,"₹ 1,25,000.00",596,0,₹ 0.00,"₹ 75,144.00"
Maharashtra,"VN Desai Mun Gen Hosp, Mumbai",DNBGENERAL SURGERY,DNB Post MBBS,"₹ 1,25,000.00",276,0,₹ 0.00,"₹ 80,757.00"
Maharashtra,"Zen Multi Spec Hosp, Mumbai",DNBGENERAL SURGERY,DNB Post MBBS,"₹ 1,25,000.00",115,0,₹ 0.00,"₹ 75,000.00"
Manipur,"Shija Hosp, Imphal",DNBGENERAL SURGERY,DNB Post MBBS,"₹ 1,25,000.00",350,0,₹ 0.00,"₹ 50,000.00"
Nagaland,"Christian IHSR, Dimapur",DNBGENERAL SURGERY,DNB Post MBBS,"₹ 1,25,000.00",200,0,₹ 0.00,"₹ 35,000.00"
Odisha,"Manipal Hospital, Bhubaneswar",DNBGENERAL SURGERY,DNB Post MBBS,"₹ 1,25,000.00",400,0,₹ 0.00,"₹ 71,000.00"
Odisha,"JaiprakashHosp,Rourkela,Odisha",DNBGENERAL SURGERY,DNB Post MBBS,"₹ 1,25,000.00",307,0,₹ 0.00,"₹ 90,000.00"
Punjab,"Fortis Hospital, Mohali",DNBGENERAL SURGERY,DNB Post MBBS,"₹ 1,25,000.00",360,0,₹ 0.00,"₹ 68,000.00"
Punjab,"Johal MultispecHosp, Jalandhar",DNBGENERAL SURGERY,DNB Post MBBS,"₹ 1,25,000.00",150,0,₹ 0.00,"₹ 67,000.00"
Punjab,"Max SS Hosp, Mohali",DNBGENERAL SURGERY,DNB Post MBBS,"₹ 1,25,000.00",200,0,₹ 0.00,"₹ 45,000.00"
Punjab,"SBLS Civil Hospital, Jalandhar",DNBGENERAL SURGERY,DNB Post MBBS,"₹ 1,25,000.00",470,1,"₹ 10,00,000.00","₹ 50,190.00"
Rajasthan,"Apex Hospital, Jaipur",DNBGENERAL SURGERY,DNB Post MBBS,"₹ 1,25,000.00",170,0,₹ 0.00,"₹ 81,519.00"
Rajasthan,"ESIC Model Hospital, Jaipur",DNBGENERAL SURGERY,DNB Post MBBS,"₹ 1,25,000.00",260,1,"₹ 7,50,000.00","₹ 70,000.00"
Rajasthan,"Govt RDBP Jaipuria Hosp,Jaipur",DNBGENERAL SURGERY,DNB Post MBBS,"₹ 1,25,000.00",521,0,₹ 0.00,"₹ 70,656.00"
Sikkim,"SMIMS Hosp, Gangtok",DNBGENERAL SURGERY,DNB Post MBBS,"₹ 1,25,000.00",493,0,₹ 0.00,"₹ 35,000.00"
Tamil Nadu,"Apollo Hosp, Greams Rd,Chennai",DNBGENERAL SURGERY,DNB Post MBBS,"₹ 1,25,000.00",745,0,₹ 0.00,"₹ 52,451.00"
Tamil Nadu,"Apollo Spec Hospital, Madurai",DNBGENERAL SURGERY,DNB Post MBBS,"₹ 1,25,000.00",300,0,₹ 0.00,"₹ 48,000.00"
Tamil Nadu,"Dr Jeyasekharan Hosp,Nagercoil",DNBGENERAL SURGERY,DNB Post MBBS,"₹ 1,25,000.00",200,0,₹ 0.00,"₹ 52,451.00"
Tamil Nadu,"Dr Rangarajan Mem Hosp,Chennai",DNBGENERAL SURGERY,DNB Post MBBS,"₹ 1,25,000.00",176,0,₹ 0.00,"₹ 50,923.00"
Tamil Nadu,"GKNM Hospital, Coimbatore",DNBGENERAL SURGERY,DNB Post MBBS,"₹ 1,25,000.00",600,0,₹ 0.00,"₹ 52,451.00"
Tamil Nadu,"Hindu Mission Hosp, Tambaram",DNBGENERAL SURGERY,DNB Post MBBS,"₹ 1,25,000.00",250,0,₹ 0.00,NA
Tamil Nadu,"KG Hospital, Coimbatore",DNBGENERAL SURGERY,DNB Post MBBS,"₹ 1,25,000.00",250,0,₹ 0.00,"₹ 52,451.00"
Tamil Nadu,"KMC SpecHosp,Cantonment,Trichy",DNBGENERAL SURGERY,DNB Post MBBS,"₹ 1,25,000.00",175,0,₹ 0.00,"₹ 52,451.00"
Tamil Nadu,"Kongunad Hosp, Coimbatore",DNBGENERAL SURGERY,DNB Post MBBS,"₹ 1,25,000.00",250,0,₹ 0.00,"₹ 50,000.00"
Tamil Nadu,"Kovai MedicalCentre,Coimbatore",DNBGENERAL SURGERY,DNB Post MBBS,"₹ 1,25,000.00",950,0,₹ 0.00,"₹ 52,451.00"
Tamil Nadu,"Lotus Hospitals & RC, Erode",DNBGENERAL SURGERY,DNB Post MBBS,"₹ 1,25,000.00",202,0,₹ 0.00,"₹ 35,000.00"
Tamil Nadu,"Meenakshi Mission Hosp,Madurai",DNBGENERAL SURGERY,DNB Post MBBS,"₹ 1,25,000.00",800,0,₹ 0.00,"₹ 52,451.00"
Tamil Nadu,"PrashanthHosp,Velachery,Chennai",DNBGENERAL SURGERY,DNB Post MBBS,"₹ 1,25,000.00",230,0,₹ 0.00,"₹ 52,451.00"
Tamil Nadu,"Royal Care SS Hosp, Coimbatore",DNBGENERAL SURGERY,DNB Post MBBS,"₹ 1,25,000.00",401,0,₹ 0.00,"₹ 52,451.00"
Tamil Nadu,"ShanmugaHosp(CancerInst),Salem",DNBGENERAL SURGERY,DNB Post MBBS,"₹ 1,25,000.00",151,0,₹ 0.00,"₹ 52,451.00"
Tamil Nadu,"Sri Narayani Hospital, Vellore",DNBGENERAL SURGERY,DNB Post MBBS,"₹ 1,25,000.00",250,0,₹ 0.00,"₹ 50,000.00"
Tamil Nadu,"St Isabels Hospital, Chennai",DNBGENERAL SURGERY,DNB Post MBBS,"₹ 1,25,000.00",300,0,₹ 0.00,"₹ 52,451.00"
Tamil Nadu,"VHS and Med Centre, Chennai",DNBGENERAL SURGERY,DNB Post MBBS,"₹ 1,25,000.00",465,0,₹ 0.00,"₹ 52,451.00"
Tamil Nadu,"Vijaya Hospital, Chennai",DNBGENERAL SURGERY,DNB Post MBBS,"₹ 1,25,000.00",281,0,₹ 0.00,"₹ 52,451.00"
Telangana,"Apollo Hosp,Jubilee Hills,Hyd",DNBGENERAL SURGERY,DNB Post MBBS,"₹ 1,25,000.00",550,0,₹ 0.00,"₹ 50,686.00"
Telangana,"Care Hospital, Banjara Hills",DNBGENERAL SURGERY,DNB Post MBBS,"₹ 1,25,000.00",444,0,₹ 0.00,"₹ 58,289.00"
Telangana,"Citizen Spec Hosp, Hyderabad",DNBGENERAL SURGERY,DNB Post MBBS,"₹ 1,25,000.00",300,0,₹ 0.00,"₹ 50,686.00"
Telangana,"Krishna IMS, Secunderabad",DNBGENERAL SURGERY,DNB Post MBBS,"₹ 1,25,000.00",675,0,₹ 0.00,"₹ 50,686.00"
Telangana,"Medicover Hospitals, Hyderabad",DNBGENERAL SURGERY,DNB Post MBBS,"₹ 1,25,000.00",285,0,₹ 0.00,"₹ 50,686.00"
Telangana,"MythriHosp,Mehdipatnam, Hyd",DNBGENERAL SURGERY,DNB Post MBBS,"₹ 1,25,000.00",250,0,₹ 0.00,"₹ 59,000.00"
Telangana,"SouthCentRailways,Secunderabad",DNBGENERAL SURGERY,DNB Post MBBS,"₹ 1,25,000.00",380,0,₹ 0.00,"₹ 72,000.00"
Telangana,"St Theresa's Hosp, Hyderabad",DNBGENERAL SURGERY,DNB Post MBBS,"₹ 1,25,000.00",300,0,₹ 0.00,"₹ 50,686.00"
Telangana,"Yashoda SS Hosp,Malakpet, HYD",DNBGENERAL SURGERY,DNB Post MBBS,"₹ 1,25,000.00",550,0,₹ 0.00,"₹ 58,289.00"
Uttar Pradesh,"Apollomedics SS Hosp, Lucknow",DNBGENERAL SURGERY,DNB Post MBBS,"₹ 1,25,000.00",300,0,₹ 0.00,"₹ 80,000.00"
Uttar Pradesh,"AutonomousStateMC,Shahjahanpur",DNBGENERAL SURGERY,DNB Post MBBS,"₹ 1,25,000.00",312,0,₹ 0.00,"₹ 80,000.00"
Uttar Pradesh,"Autonomous State MC, Ayodhya",DNBGENERAL SURGERY,DNB Post MBBS,"₹ 1,25,000.00",300,0,₹ 0.00,"₹ 80,000.00"
Uttar Pradesh,"Autonomous State MC, Hardoi",DNBGENERAL SURGERY,DNB Post MBBS,"₹ 1,25,000.00",332,0,₹ 0.00,"₹ 80,000.00"
Uttar Pradesh,"Balrampur Hospital, Lucknow",DNBGENERAL SURGERY,DNB Post MBBS,"₹ 1,25,000.00",656,0,₹ 0.00,"₹ 70,000.00"
Uttar Pradesh,"ShyamaPrasad (Civil), Lucknow",DNBGENERAL SURGERY,DNB Post MBBS,"₹ 1,25,000.00",401,0,₹ 0.00,"₹ 70,000.00"
Uttar Pradesh,"Fortis Hospital, Noida",DNBGENERAL SURGERY,DNB Post MBBS,"₹ 1,25,000.00",278,0,₹ 0.00,"₹ 58,000.00"
Uttar Pradesh,"KK Hosp,RiverBankCol, Lucknow,",DNBGENERAL SURGERY,DNB Post MBBS,"₹ 1,25,000.00",101,0,₹ 0.00,"₹ 56,000.00"
Uttar Pradesh,"Max SS Hosp, Ghaziabad",DNBGENERAL SURGERY,DNB Post MBBS,"₹ 1,25,000.00",436,0,₹ 0.00,"₹ 60,000.00"
Uttar Pradesh,"Vivekananda Polyclinic,Lucknow",DNBGENERAL SURGERY,DNB Post MBBS,"₹ 1,25,000.00",350,0,₹ 0.00,"₹ 61,100.00"
Uttar Pradesh,"Yashoda SS Hosp,Ghaziabad",DNBGENERAL SURGERY,DNB Post MBBS,"₹ 1,25,000.00",306,0,₹ 0.00,"₹ 70,000.00"
Uttar Pradesh,"Yatharth SS, Omega 1,GreatrNoida",DNBGENERAL SURGERY,DNB Post MBBS,"₹ 1,25,000.00",400,0,₹ 0.00,"₹ 80,000.00"
Uttar Pradesh,"YatharthSS, Sec 1,GreatrNoida",DNBGENERAL SURGERY,DNB Post MBBS,"₹ 1,25,000.00",450,0,₹ 0.00,"₹ 80,000.00"
Uttar Pradesh,"MaharanaPratapDistHos,Bareilly",DNBGENERAL SURGERY,DNB Post MBBS,"₹ 1,25,000.00",325,0,₹ 0.00,"₹ 70,000.00"
West Bengal,"Apollo Gleneagles, Kolkata",DNBGENERAL SURGERY,DNB Post MBBS,"₹ 1,25,000.00",750,0,₹ 0.00,"₹ 47,000.00"
West Bengal,"Asansol Dist Hosp, Asansol",DNBGENERAL SURGERY,DNB Post MBBS,"₹ 1,25,000.00",375,0,₹ 0.00,"₹ 49,884.00"
West Bengal,"BR Singh Hospital, Kolkata",DNBGENERAL SURGERY,DNB Post MBBS,"₹ 1,25,000.00",465,0,₹ 0.00,"₹ 1,08,564.00"
West Bengal,"Coochbehar Govt Med Coll, WB",DNBGENERAL SURGERY,DNB Post MBBS,"₹ 1,25,000.00",400,0,₹ 0.00,"₹ 49,884.00"
West Bengal,"DebenMahato(Sadar)Hosp,Purulia",DNBGENERAL SURGERY,DNB Post MBBS,"₹ 1,25,000.00",548,0,₹ 0.00,"₹ 49,884.00"
West Bengal,"District Hospital, Howrah",DNBGENERAL SURGERY,DNB Post MBBS,"₹ 1,25,000.00",642,0,₹ 0.00,"₹ 49,884.00"
West Bengal,"Jalpaiguri GovtMedColl&Hosp,Jalpaiguri",DNBGENERAL SURGERY,DNB Post MBBS,"₹ 1,25,000.00",1000,0,₹ 0.00,"₹ 49,884.00"
West Bengal,"Healthworld Hospital, Durgapur",DNBGENERAL SURGERY,DNB Post MBBS,"₹ 1,25,000.00",269,0,₹ 0.00,"₹ 49,884.00"
West Bengal,"Imambara Dist Hospital,Hooghly",DNBGENERAL SURGERY,DNB Post MBBS,"₹ 1,25,000.00",625,0,₹ 0.00,"₹ 49,884.00"
West Bengal,"M R Bangur Hospital, Kolkata",DNBGENERAL SURGERY,DNB Post MBBS,"₹ 1,25,000.00",1125,0,₹ 0.00,"₹ 49,884.00"
West Bengal,"Manipal Hospital,EM Bypass,Kolkata",DNBGENERAL SURGERY,DNB Post MBBS,"₹ 1,25,000.00",404,0,₹ 0.00,"₹ 46,000.00"
West Bengal,"NeotiaGetwelHC Centre,Siliguri",DNBGENERAL SURGERY,DNB Post MBBS,"₹ 1,25,000.00",217,0,₹ 0.00,"₹ 49,884.00"
West Bengal,North 24 Parganas Dist Hosp,DNBGENERAL SURGERY,DNB Post MBBS,"₹ 1,25,000.00",600,0,₹ 0.00,"₹ 49,884.00"
West Bengal,"Peerless Hospital, Kolkata",DNBGENERAL SURGERY,DNB Post MBBS,"₹ 1,25,000.00",400,0,₹ 0.00,"₹ 46,300.00"
West Bengal,"RN Tagore (Cardiac), Kolkata",DNBGENERAL SURGERY,DNB Post MBBS,"₹ 1,25,000.00",681,0,₹ 0.00,"₹ 49,884.00"
West Bengal,"Ruby General Hospital, Kolkata",DNBGENERAL SURGERY,DNB Post MBBS,"₹ 1,25,000.00",250,0,₹ 0.00,"₹ 49,884.00"
West Bengal,"Calcutta Med Res Inst,Kolkata",DNBGENERAL SURGERY,DNB Post MBBS,"₹ 1,25,000.00",440,0,₹ 0.00,"₹ 49,885.00"
West Bengal,"The Mission Hosp, Durgapur, WB",DNBGENERAL SURGERY,DNB Post MBBS,"₹ 1,25,000.00",360,0,₹ 0.00,"₹ 45,000.00"
Assam,"Swagat SS Surg Inst, Guwahati",DNBGENERAL SURGERY,DNB Post MBBS,"₹ 1,25,000.00",100,0,₹ 0.00,"₹ 55,200.00"
Chandigarh,"Govt MultSpec Hosp, Chandigarh",DNBGENERAL SURGERY,DNB Post MBBS,"₹ 1,25,000.00",500,0,₹ 0.00,"₹ 1,07,000.00"
Jammu and Kashmir,"Govt Med Coll Hosp, Rajouri",DNBGENERAL SURGERY,DNB Post MBBS,"₹ 1,25,000.00",300,0,₹ 0.00,"₹ 59,500.00"
Karnataka,"K C Gen Hospital, Bangalore",DNBGENERAL SURGERY,DNB Post MBBS,"₹ 1,25,000.00",453,1,"₹ 20,00,000.00","₹ 45,000.00"
Karnataka,"Kamakshi Hospital, Mysuru",DNBGENERAL SURGERY,DNB Post MBBS,"₹ 1,25,000.00",230,0,₹ 0.00,"₹ 45,000.00"
Karnataka,"KauveryHosp, ElecCity,Bangalore",DNBGENERAL SURGERY,DNB Post MBBS,"₹ 1,25,000.00",200,0,₹ 0.00,"₹ 56,250.00"
Kerala,"Mar Sleeva Medicity, Kottayam",DNBGENERAL SURGERY,DNB Post MBBS,"₹ 1,25,000.00",648,0,₹ 0.00,"₹ 60,000.00"
Kerala,"Moulana Hospital, Malappuram, KER",DNBGENERAL SURGERY,DNB Post MBBS,"₹ 1,25,000.00",400,0,₹ 0.00,"₹ 57,876.00"
Madhya Pradesh,"Bhagyoday Tirth, Sagar, MP",DNBGENERAL SURGERY,DNB Post MBBS,"₹ 1,25,000.00",308,0,₹ 0.00,"₹ 69,115.00"
Madhya Pradesh,"Bombay Hospital, Indore",DNBGENERAL SURGERY,DNB Post MBBS,"₹ 1,25,000.00",350,0,₹ 0.00,"₹ 75,444.00"
Madhya Pradesh,"Vishesh Jupiter Hosp, Indore",DNBGENERAL SURGERY,DNB Post MBBS,"₹ 1,25,000.00",200,0,₹ 0.00,"₹ 75,444.00"
Maharashtra,"Aster Aadhar Hospital,Kolhapur",DNBGENERAL SURGERY,DNB Post MBBS,"₹ 1,25,000.00",150,0,₹ 0.00,"₹ 86,429.00"
Maharashtra,"DrBSAmbedkar MunGenHosp, Mumbai",DNBGENERAL SURGERY,DNB Post MBBS,"₹ 1,25,000.00",444,0,₹ 0.00,"₹ 80,000.00"
Maharashtra,"Govt Med Coll & Hosp,Nandurbar",DNBGENERAL SURGERY,DNB Post MBBS,"₹ 1,25,000.00",315,1,"₹ 50,00,000.00","₹ 75,144.00"
Maharashtra,"Govt Medical College, Osmanabad",DNBGENERAL SURGERY,DNB Post MBBS,"₹ 1,25,000.00",430,1,"₹ 50,00,000.00","₹ 75,144.00"
Maharashtra,"VishwaRaj Hospital, Pune",DNBGENERAL SURGERY,DNB Post MBBS,"₹ 1,25,000.00",110,0,₹ 0.00,"₹ 72,000.00"
Punjab,"Hartej Hospital,Amritsar,Punjab",DNBGENERAL SURGERY,DNB Post MBBS,"₹ 1,25,000.00",100,0,₹ 0.00,"₹ 68,000.00"
Punjab,"Punjab Inst of MS, Jalandhar",DNBGENERAL SURGERY,DNB Post MBBS,"₹ 1,25,000.00",750,0,₹ 0.00,"₹ 60,000.00"
Tamil Nadu,"Sri RamakrishnaHosp,Coimbatore",DNBGENERAL SURGERY,DNB Post MBBS,"₹ 1,25,000.00",1009,0,₹ 0.00,"₹ 52,451.00"
Telangana,"Durgabai Deshmukh Hosp, HYD",DNBGENERAL SURGERY,DNB Post MBBS,"₹ 1,25,000.00",200,0,₹ 0.00,"₹ 50,686.00"
Uttar Pradesh,"Divisional Dist Hosp, Azamgarh",DNBGENERAL SURGERY,DNB Post MBBS,"₹ 1,25,000.00",312,0,₹ 0.00,"₹ 70,000.00"
Uttar Pradesh,"Pandit DDU Govt Hosp,Varanasi",DNBGENERAL SURGERY,DNB Post MBBS,"₹ 1,25,000.00",240,0,₹ 0.00,"₹ 70,000.00"
Andhra Pradesh,"DrAnjiReddyMultSpec,Piduguralla",DNBGENERAL SURGERY,DNB Post MBBS,"₹ 1,25,000.00",100,0,₹ 0.00,"₹ 50,700.00"
Chhattisgarh,"Apex Superspec Hosp, Raigarh",DNBGENERAL SURGERY,DNB Post MBBS,"₹ 1,25,000.00",110,0,₹ 0.00,"₹ 67,500.00"
Haryana,"AarvyHealthcare,Sec 90,Gurugram",DNBGENERAL SURGERY,DNB Post MBBS,"₹ 1,25,000.00",200,0,₹ 0.00,"₹ 60,000.00"
Ladakh,"District Hospital, Kargil, JK",DNBGENERAL SURGERY,DNB Post MBBS,"₹ 1,25,000.00",100,NA,NA,"₹ 35,000.00"
Maharashtra,"RP Hosp & ResInstitute,Parbhani",DNBGENERAL SURGERY,DNB Post MBBS,"₹ 1,25,000.00",321,0,₹ 0.00,"₹ 35,000.00"
Tamil Nadu,"AakashHosp,Thiruvotiyur,Chennai",DNBGENERAL SURGERY,DNB Post MBBS,"₹ 1,25,000.00",150,0,₹ 0.00,"₹ 70,000.00"
West Bengal,"Dishari Health Point, Mokdumpur",DNBGENERAL SURGERY,DNB Post MBBS,"₹ 1,25,000.00",150,0,₹ 0.00,"₹ 56,000.00"
Andhra Pradesh,"MGM Seven Hills Hospital, Vizag",DNBGENERAL SURGERY,DNB Post MBBS,"₹ 1,25,000.00",275,0,₹ 0.00,"₹ 60,823.00"
Assam,"Hayat Hospital, Guwahati",DNBGENERAL SURGERY,DNB Post MBBS,"₹ 1,25,000.00",200,0,₹ 0.00,"₹ 48,000.00"
Jammu and Kashmir,"Assoc Hosp Govt MC, Kathua",DNBGENERAL SURGERY,DNB Post MBBS,"₹ 1,25,000.00",564,0,₹ 0.00,"₹ 59,500.00"
Uttar Pradesh,"ESIC Model Hospital, Noida",DNBGENERAL SURGERY,DNB Post MBBS,"₹ 1,25,000.00",300,1,"₹ 7,50,000.00","₹ 70,000.00"
Jammu and Kashmir,"District Hospital, Kulgam",DNBGENERAL SURGERY,DNB Post MBBS,"₹ 1,25,000.00",200,0,₹ 0.00,"₹ 48,000.00"
Jharkhand,"Alam Hosp & Res Cent, Ranchi",DNBGENERAL SURGERY,DNB Post MBBS,"₹ 1,25,000.00",NA,0,₹ 0.00,"₹ 61,000.00"
Delhi,"Base Hospital, Delhi Cantt",DNBGENERAL SURGERY,AFMS-DNB,"₹ 1,25,000.00",NA,5,"₹ 57,50,000.00","₹ 1,31,976.00"
Uttar Pradesh,"Air Force Hospital, Kanpur",DNBGENERAL SURGERY,AFMS-DNB,"₹ 1,25,000.00",NA,5,"₹ 57,50,000.00",NA
Chandigarh,"Govt Med Coll Hosp, Chandigarh",DNBHEALTH ADMINISTRATION,DNB Post MBBS,"₹ 1,25,000.00",785,0,₹ 0.00,"₹ 1,07,000.00"
Delhi,"Sir Ganga Ram Hospital, Delhi",DNBHEALTH ADMINISTRATION,DNB Post MBBS,"₹ 1,25,000.00",675,0,₹ 0.00,"₹ 92,000.00"
Jammu and Kashmir,"Govt Med Coll Hosp, Jammu",DNBHEALTH ADMINISTRATION,DNB Post MBBS,"₹ 1,25,000.00",2220,0,₹ 0.00,"₹ 59,500.00"
Delhi,"Dr B L Kapur Mem Hosp, Delhi",DNBIHBT,DNB Post MBBS,"₹ 1,25,000.00",465,0,₹ 0.00,"₹ 60,000.00"
Delhi,"Indraprastha Apollo Hosp,Delhi",DNBIHBT,DNB Post MBBS,"₹ 1,25,000.00",718,0,₹ 0.00,"₹ 64,500.00"
Delhi,"Shri Balaji Action Med, Delhi",DNBIHBT,DNB Post MBBS,"₹ 1,25,000.00",250,0,₹ 0.00,"₹ 72,000.00"
Haryana,"Artemis Health Inst, Gurgaon",DNBIHBT,DNB Post MBBS,"₹ 1,25,000.00",394,0,₹ 0.00,"₹ 56,000.00"
Haryana,"Medanta The Medicity, Gurgaon",DNBIHBT,DNB Post MBBS,"₹ 1,25,000.00",1200,0,₹ 0.00,"₹ 65,000.00"
Jammu and Kashmir,"Govt Med Coll Hosp,Srinagar",DNBIHBT,DNB Post MBBS,"₹ 1,25,000.00",1020,0,₹ 0.00,"₹ 59,500.00"
Karnataka,"Wenlock Dist Hosp, Mangalore",DNBIHBT,DNB Post MBBS,"₹ 1,25,000.00",705,1,"₹ 20,00,000.00","₹ 45,000.00"
Punjab,"Punjab Inst of MS, Jalandhar",DNBIHBT,DNB Post MBBS,"₹ 1,25,000.00",750,0,₹ 0.00,"₹ 60,000.00"
Telangana,"NIMS Hospital, Hyderabad",DNBIHBT,DNB Post MBBS,"₹ 1,25,000.00",1500,1,"₹ 20,00,000.00","₹ 1,11,780.00"
Uttar Pradesh,"Max Super Spec Hospital, Noida",DNBIHBT,DNB Post MBBS,"₹ 1,25,000.00",314,0,₹ 0.00,"₹ 70,000.00"
Uttar Pradesh,"SS Pediatric Hosp & PGTI,Noida",DNBIHBT,DNB Post MBBS,"₹ 1,25,000.00",257,0,₹ 0.00,"₹ 80,610.00"
West Bengal,"Tata Medical Center, Kolkata",DNBIHBT,DNB Post MBBS,"₹ 1,25,000.00",437,0,₹ 0.00,"₹ 70,000.00"
Kerala,"RegionalCancerCentre,Trivandrum",DNBIHBT,DNB Post MBBS,"₹ 1,25,000.00",400,NA,NA,"₹ 57,876.00"
Maharashtra,"Deenanath Mangeshkar, Pune",DNBIHBT,DNB Post MBBS,"₹ 1,25,000.00",876,0,₹ 0.00,"₹ 89,698.00"
Maharashtra,"PD Hinduja, Mumbai",DNBIHBT,DNB Post MBBS,"₹ 1,25,000.00",400,0,₹ 0.00,"₹ 89,700.00"
Uttar Pradesh,"HomiBhabhaCancHosp,Varanasi,UP",DNBIHBT,DNB Post MBBS,"₹ 1,25,000.00",352,1,"₹ 25,00,000.00","₹ 1,00,800.00"
West Bengal,"Apollo Gleneagles, Kolkata",DNBIHBT,DNB Post MBBS,"₹ 1,25,000.00",750,0,₹ 0.00,"₹ 47,000.00"
Gujarat,"GMERS MedColl Hosp,Mehsana",DNBMICROBIOLOGY,DNB Post MBBS,"₹ 1,25,000.00",NA,0,₹ 0.00,"₹ 1,00,800.00"
Gujarat,"GMERS MedColl Hosp,Vadadora",DNBMICROBIOLOGY,DNB Post MBBS,"₹ 1,25,000.00",750,0,₹ 0.00,"₹ 1,00,800.00"
Gujarat,"GMERS Med Coll Hosp, Junagadh",DNBMICROBIOLOGY,DNB Post MBBS,"₹ 1,25,000.00",NA,0,₹ 0.00,"₹ 1,00,800.00"
Gujarat,"GMERS MedColl Hosp,Valsad",DNBMICROBIOLOGY,DNB Post MBBS,"₹ 1,25,000.00",650,0,₹ 0.00,"₹ 1,00,800.00"
Gujarat,"ShethVadilalGenHosp,Ahmedabad",DNBMICROBIOLOGY,DNB Post MBBS,"₹ 1,25,000.00",500,0,₹ 0.00,"₹ 1,00,800.00"
Gujarat,"GMERS MedColl Hosp,Himmatnagar",DNBMICROBIOLOGY,DNB Post MBBS,"₹ 1,25,000.00",700,0,₹ 0.00,"₹ 1,00,800.00"
Odisha,"Apollo Hospital, Bhubaneswar",DNBMICROBIOLOGY,DNB Post MBBS,"₹ 1,25,000.00",350,0,₹ 0.00,"₹ 66,916.00"
Bihar,"ESIC MC & Hosp Bihta, Patna",DNBMICROBIOLOGY,DNB Post MBBS,"₹ 1,25,000.00",330,1,"₹ 7,50,000.00","₹ 70,000.00"
Delhi,"National Inst of TBRD,Delhi",DNBMICROBIOLOGY,DNB Post MBBS,"₹ 1,25,000.00",470,0,₹ 0.00,"₹ 1,00,000.00"
Delhi,"Sir Ganga Ram Hospital, Delhi",DNBMICROBIOLOGY,DNB Post MBBS,"₹ 1,25,000.00",675,0,₹ 0.00,"₹ 92,000.00"
Haryana,"Medanta The Medicity, Gurgaon",DNBMICROBIOLOGY,DNB Post MBBS,"₹ 1,25,000.00",1200,0,₹ 0.00,"₹ 65,000.00"
Maharashtra,"Breach Candy Hospital, Mumbai",DNBMICROBIOLOGY,DNB Post MBBS,"₹ 1,25,000.00",213,0,₹ 0.00,"₹ 89,000.00"
Telangana,"Krishna IMS, Secunderabad",DNBMICROBIOLOGY,DNB Post MBBS,"₹ 1,25,000.00",675,0,₹ 0.00,"₹ 50,686.00"
Uttar Pradesh,"Apollomedics SS Hosp, Lucknow",DNBMICROBIOLOGY,DNB Post MBBS,"₹ 1,25,000.00",300,0,₹ 0.00,"₹ 80,000.00"
Uttar Pradesh,"Medanta Hosp, Sushanth Golf, Lucknow",DNBMICROBIOLOGY,DNB Post MBBS,"₹ 1,25,000.00",900,0,₹ 0.00,"₹ 65,000.00"
Jammu and Kashmir,"Govt Med Coll Hosp, Anantnag",DNBMICROBIOLOGY,DNB Post MBBS,"₹ 1,25,000.00",363,0,₹ 0.00,"₹ 59,500.00"
Kerala,"Aster Medcity, Kochi",DNBMICROBIOLOGY,DNB Post MBBS,"₹ 1,25,000.00",500,0,₹ 0.00,"₹ 57,876.00"
Telangana,"Rainbow Child,BanjaraHills,Hyd",DNBMICROBIOLOGY,DNB Post MBBS,"₹ 1,25,000.00",250,0,₹ 0.00,"₹ 58,289.00"
Uttar Pradesh,"HomiBhabhaCancHosp,Varanasi,UP",DNBMICROBIOLOGY,DNB Post MBBS,"₹ 1,25,000.00",352,1,"₹ 25,00,000.00","₹ 1,00,800.00"
West Bengal,"InfectiousDiseasesHosp, Kolkata",DNBMICROBIOLOGY,DNB Post MBBS,"₹ 1,25,000.00",670,0,₹ 0.00,"₹ 49,884.00"
Delhi,"NorthernRailway CentHosp,Delhi",DNBMICROBIOLOGY,DNB Post MBBS,"₹ 1,25,000.00",413,0,₹ 0.00,"₹ 1,26,927.00"
Maharashtra,"WesternIndia(NeuroSc),Kolhapur",DNBNEUROSURGERY 6 YRS,DNB Post MBBS,"₹ 1,25,000.00",100,0,₹ 0.00,"₹ 89,000.00"
Punjab,"NasaBrain & SpineCent,Jalandhar",DNBNEUROSURGERY 6 YRS,DNB Post MBBS,"₹ 1,25,000.00",230,0,₹ 0.00,"₹ 70,000.00"
Delhi,"Sir Ganga Ram Hospital, Delhi",DNBNEUROSURGERY 6 YRS,DNB Post MBBS,"₹ 1,25,000.00",675,0,₹ 0.00,"₹ 92,000.00"
Karnataka,"Adarsha Hospital, Udupi",DNBNEUROSURGERY 6 YRS,DNB Post MBBS,"₹ 1,25,000.00",200,0,₹ 0.00,"₹ 45,000.00"
Karnataka,"Aster CMI Hospital, Bangalore",DNBNEUROSURGERY 6 YRS,DNB Post MBBS,"₹ 1,25,000.00",350,0,₹ 0.00,"₹ 56,250.00"
Karnataka,"Gleneagles BGS Hospital, Kengeri",DNBNEUROSURGERY 6 YRS,DNB Post MBBS,"₹ 1,25,000.00",450,0,₹ 0.00,"₹ 56,250.00"
Karnataka,"Fortis Hosp,BannerghattaRd,BLR",DNBNEUROSURGERY 6 YRS,DNB Post MBBS,"₹ 1,25,000.00",400,0,₹ 0.00,"₹ 45,000.00"
Karnataka,"Manipal Hosp, Rustum Bagh, BLR",DNBNEUROSURGERY 6 YRS,DNB Post MBBS,"₹ 1,25,000.00",600,0,₹ 0.00,"₹ 56,250.00"
Karnataka,"Sakra World Hosp, Bangalore",DNBNEUROSURGERY 6 YRS,DNB Post MBBS,"₹ 1,25,000.00",300,0,₹ 0.00,"₹ 45,000.00"
Karnataka,"Shri Balaji (NeuroSc), Hubli",DNBNEUROSURGERY 6 YRS,DNB Post MBBS,"₹ 1,25,000.00",104,0,₹ 0.00,"₹ 45,000.00"
Karnataka,"Narayana Hrudayalaya Hos,Bommasandra",DNBNEUROSURGERY 6 YRS,DNB Post MBBS,"₹ 1,25,000.00",210,0,₹ 0.00,"₹ 56,250.00"
Karnataka,"SriSathyaSai Inst, Bangalore",DNBNEUROSURGERY 6 YRS,DNB Post MBBS,"₹ 1,25,000.00",333,0,₹ 0.00,"₹ 45,000.00"
Karnataka,"NarayanaHrudyalaya,Bommasandra",DNBNEUROSURGERY 6 YRS,DNB Post MBBS,"₹ 1,25,000.00",2000,0,₹ 0.00,"₹ 56,250.00"
Kerala,"Aster Medcity, Kochi",DNBNEUROSURGERY 6 YRS,DNB Post MBBS,"₹ 1,25,000.00",500,0,₹ 0.00,"₹ 57,876.00"
Kerala,"Indo-AmericanHosp,Chemmanakary",DNBNEUROSURGERY 6 YRS,DNB Post MBBS,"₹ 1,25,000.00",100,0,₹ 0.00,"₹ 57,876.00"
Kerala,"Jubilee Mission Hosp, Thrissur",DNBNEUROSURGERY 6 YRS,DNB Post MBBS,"₹ 1,25,000.00",1500,0,₹ 0.00,"₹ 57,876.00"
Kerala,"Lakeshore Hospital, Kochi",DNBNEUROSURGERY 6 YRS,DNB Post MBBS,"₹ 1,25,000.00",470,0,₹ 0.00,"₹ 57,876.00"
Kerala,"Medical Trust Hospital, Kochi",DNBNEUROSURGERY 6 YRS,DNB Post MBBS,"₹ 1,25,000.00",500,0,₹ 0.00,"₹ 57,876.00"
Maharashtra,"Ruby Hall Clinic, Pune",DNBNEUROSURGERY 6 YRS,DNB Post MBBS,"₹ 1,25,000.00",600,0,₹ 0.00,"₹ 89,000.00"
Maharashtra,"Sahyadri SS Hosp, Karve Road",DNBNEUROSURGERY 6 YRS,DNB Post MBBS,"₹ 1,25,000.00",202,0,₹ 0.00,"₹ 89,000.00"
Tamil Nadu,"Apollo Hosp, Greams Rd,Chennai",DNBNEUROSURGERY 6 YRS,DNB Post MBBS,"₹ 1,25,000.00",745,0,₹ 0.00,"₹ 52,451.00"
Tamil Nadu,"Hannah Joseph Hosp, Madurai",DNBNEUROSURGERY 6 YRS,DNB Post MBBS,"₹ 1,25,000.00",150,0,₹ 0.00,"₹ 50,000.00"
Tamil Nadu,"Meenakshi Mission Hosp,Madurai",DNBNEUROSURGERY 6 YRS,DNB Post MBBS,"₹ 1,25,000.00",800,0,₹ 0.00,"₹ 52,451.00"
Tamil Nadu,"SRM Inst for Med Sci, Chennai",DNBNEUROSURGERY 6 YRS,DNB Post MBBS,"₹ 1,25,000.00",245,0,₹ 0.00,"₹ 52,451.00"
Tamil Nadu,"VHS and Med Centre, Chennai",DNBNEUROSURGERY 6 YRS,DNB Post MBBS,"₹ 1,25,000.00",465,0,₹ 0.00,"₹ 52,451.00"
Telangana,"Apollo Hosp,Jubilee Hills,Hyd",DNBNEUROSURGERY 6 YRS,DNB Post MBBS,"₹ 1,25,000.00",550,0,₹ 0.00,"₹ 50,686.00"
Telangana,"Yashoda Hosp,SPRd,Secunderabad",DNBNEUROSURGERY 6 YRS,DNB Post MBBS,"₹ 1,25,000.00",876,0,₹ 0.00,"₹ 58,289.00"
Telangana,"Yashoda SS Hosp,Malakpet, HYD",DNBNEUROSURGERY 6 YRS,DNB Post MBBS,"₹ 1,25,000.00",550,0,₹ 0.00,"₹ 58,289.00"
Telangana,"Yashoda HealthCareServ,Somajiguda,HYD",DNBNEUROSURGERY 6 YRS,DNB Post MBBS,"₹ 1,25,000.00",650,0,₹ 0.00,"₹ 58,289.00"
Karnataka,"KS Hospital, Koppal, Karnataka",DNBNEUROSURGERY 6 YRS,DNB Post MBBS,"₹ 1,25,000.00",200,0,₹ 0.00,"₹ 45,000.00"
Telangana,"AIG Hospital, Hyderabad",DNBNEUROSURGERY 6 YRS,DNB Post MBBS,"₹ 1,25,000.00",720,0,₹ 0.00,"₹ 58,289.00"
West Bengal,"Apollo Gleneagles, Kolkata",DNBNEUROSURGERY 6 YRS,DNB Post MBBS,"₹ 1,25,000.00",750,0,₹ 0.00,"₹ 47,000.00"
Andhra Pradesh,"Apollo Hospital, Kakinada",DNBNEUROSURGERY 6 YRS,DNB Post MBBS,"₹ 1,25,000.00",150,0,₹ 0.00,"₹ 58,289.00"
Kerala,"MES MedCollHosp,Perinthalmanna",DNBNEUROSURGERY 6 YRS,DNB Post MBBS,"₹ 1,25,000.00",600,0,₹ 0.00,"₹ 53,000.00"
Uttar Pradesh,"IconHospital,Jankipuram,Lucknow",DNBNEUROSURGERY 6 YRS,DNB Post MBBS,"₹ 1,25,000.00",100,0,₹ 0.00,"₹ 65,000.00"
Karnataka,"Apollo Hosp, Bannerghatta, BLR",DNBNEUROSURGERY 6 YRS,DNB Post MBBS,"₹ 1,25,000.00",350,0,₹ 0.00,"₹ 56,250.00"
Maharashtra,"Jaslok Hospital, Mumbai",DNBNUCLEAR MEDICINE,DNB Post MBBS,"₹ 1,25,000.00",361,0,₹ 0.00,"₹ 76,000.00"
Delhi,"Rajiv Gandhi Cancer Inst,Delhi",DNBNUCLEAR MEDICINE,DNB Post MBBS,"₹ 1,25,000.00",498,0,₹ 0.00,"₹ 73,000.00"
Delhi,"Sir Ganga Ram Hospital, Delhi",DNBNUCLEAR MEDICINE,DNB Post MBBS,"₹ 1,25,000.00",675,0,₹ 0.00,"₹ 92,000.00"
Haryana,"Fortis Memorial RI, Gurgaon",DNBNUCLEAR MEDICINE,DNB Post MBBS,"₹ 1,25,000.00",300,0,₹ 0.00,"₹ 57,000.00"
Karnataka,"Manipal Hosp, Rustum Bagh, BLR",DNBNUCLEAR MEDICINE,DNB Post MBBS,"₹ 1,25,000.00",600,0,₹ 0.00,"₹ 56,250.00"
Karnataka,"Narayana Hrudayalaya Hos,Bommasandra",DNBNUCLEAR MEDICINE,DNB Post MBBS,"₹ 1,25,000.00",210,0,₹ 0.00,"₹ 56,250.00"
Karnataka,"NarayanaHrudyalaya,Bommasandra",DNBNUCLEAR MEDICINE,DNB Post MBBS,"₹ 1,25,000.00",2000,0,₹ 0.00,"₹ 56,250.00"
Maharashtra,"Aditya Birla Mem Hosp, Pune",DNBNUCLEAR MEDICINE,DNB Post MBBS,"₹ 1,25,000.00",500,0,₹ 0.00,"₹ 86,629.00"
Tamil Nadu,"Apollo Hosp, Greams Rd,Chennai",DNBNUCLEAR MEDICINE,DNB Post MBBS,"₹ 1,25,000.00",745,0,₹ 0.00,"₹ 52,451.00"
Telangana,"AIG Hospital, Hyderabad",DNBNUCLEAR MEDICINE,DNB Post MBBS,"₹ 1,25,000.00",720,0,₹ 0.00,"₹ 58,289.00"
Telangana,"Indo-American Cancer,Hyderabad",DNBNUCLEAR MEDICINE,DNB Post MBBS,"₹ 1,25,000.00",500,0,₹ 0.00,"₹ 50,686.00"
Telangana,"NIMS Hospital, Hyderabad",DNBNUCLEAR MEDICINE,DNB Post MBBS,"₹ 1,25,000.00",1500,1,"₹ 20,00,000.00","₹ 1,11,780.00"
Uttar Pradesh,"Dr RML IMS,Lucknow",DNBNUCLEAR MEDICINE,DNB Post MBBS,"₹ 1,25,000.00",350,0,₹ 0.00,"₹ 1,00,980.00"
Kerala,"Lakeshore Hospital, Kochi",DNBNUCLEAR MEDICINE,DNB Post MBBS,"₹ 1,25,000.00",470,0,₹ 0.00,"₹ 57,876.00"
Maharashtra,"Ruby Hall Clinic, Pune",DNBNUCLEAR MEDICINE,DNB Post MBBS,"₹ 1,25,000.00",600,0,₹ 0.00,"₹ 89,000.00"
Maharashtra,"HurkisondasNurrotumdas, Mumbai",DNBNUCLEAR MEDICINE,DNB Post MBBS,"₹ 1,25,000.00",360,0,₹ 0.00,"₹ 94,000.00"
West Bengal,"Tata Medical Center, Kolkata",DNBNUCLEAR MEDICINE,DNB Post MBBS,"₹ 1,25,000.00",437,0,₹ 0.00,"₹ 70,000.00"
West Bengal,"SouthEastRailwayHosp,Kolkata",DNBOBG,DNB Post MBBS,"₹ 1,25,000.00",303,0,₹ 0.00,"₹ 1,04,857.00"
Maharashtra,"Holy Spirit Hospital, Mumbai",DNBOBG,DNB Post MBBS,"₹ 1,25,000.00",300,0,₹ 0.00,"₹ 86,630.00"
Andaman and Nicobar Islands,"Andaman&Nicobar IMS,PortBlair",DNBOBG,DNB Post MBBS,"₹ 1,25,000.00",555,0,₹ 0.00,"₹ 86,000.00"
Maharashtra,"Jehangir Hospital, Pune",DNBOBG,DNB Post MBBS,"₹ 1,25,000.00",335,0,₹ 0.00,"₹ 86,000.00"
Gujarat,"Apollo Hospital,Gandhinagar",DNBOBG,DNB Post MBBS,"₹ 1,25,000.00",300,0,₹ 0.00,"₹ 84,000.00"
Gujarat,"GMERS MedColl Hosp,Vadadora",DNBOBG,DNB Post MBBS,"₹ 1,25,000.00",750,0,₹ 0.00,"₹ 1,00,800.00"
Gujarat,"GMERS MedColl Hosp,Gandhinagar",DNBOBG,DNB Post MBBS,"₹ 1,25,000.00",770,0,₹ 0.00,"₹ 1,00,800.00"
Gujarat,"Jamnabai Gen Hosp, Vadodara",DNBOBG,DNB Post MBBS,"₹ 1,25,000.00",213,0,₹ 0.00,"₹ 1,00,800.00"
Gujarat,"ShethVadilalGenHosp,Ahmedabad",DNBOBG,DNB Post MBBS,"₹ 1,25,000.00",500,0,₹ 0.00,"₹ 1,00,800.00"
Gujarat,"ESIC Model Hospital, Ahmedabad",DNBOBG,DNB Post MBBS,"₹ 1,25,000.00",250,1,"₹ 7,50,000.00","₹ 70,000.00"
Andhra Pradesh,"Govt Dist Hosp,Eluru",DNBOBG,DNB Post MBBS,"₹ 1,25,000.00",450,0,₹ 0.00,"₹ 60,823.00"
Andhra Pradesh,"GovtDistHosp,Rajamahendravaram",DNBOBG,DNB Post MBBS,"₹ 1,25,000.00",350,0,₹ 0.00,"₹ 60,823.00"
Andhra Pradesh,"Govt Dist Hosp,Anakapalli",DNBOBG,DNB Post MBBS,"₹ 1,25,000.00",175,0,₹ 0.00,"₹ 60,823.00"
Meghalaya,"Nazareth Hospital, Shillong",DNBOBG,DNB Post MBBS,"₹ 1,25,000.00",366,0,₹ 0.00,"₹ 48,000.00"
Mizoram,"Civil Hospital, Aizawl",DNBOBG,DNB Post MBBS,"₹ 1,25,000.00",300,0,₹ 0.00,"₹ 50,000.00"
Pondicherry,"RG Govt Wom&Child,Pondicherry",DNBOBG,DNB Post MBBS,"₹ 1,25,000.00",700,0,₹ 0.00,"₹ 43,000.00"
Punjab,"Neelam Hospital, Fatehpur Garhi",DNBOBG,DNB Post MBBS,"₹ 1,25,000.00",100,0,₹ 0.00,"₹ 70,000.00"
Rajasthan,"Gheesibai Memorial, Ajmer",DNBOBG,DNB Post MBBS,"₹ 1,25,000.00",300,0,₹ 0.00,"₹ 55,200.00"
Tamil Nadu,"Govt HQ Hosp,Kancheepuram",DNBOBG,DNB Post MBBS,"₹ 1,25,000.00",543,2,"₹ 40,00,000.00","₹ 52,451.00"
Tamil Nadu,"Southern Railway Hosp, Chennai",DNBOBG,DNB Post MBBS,"₹ 1,25,000.00",505,0,₹ 0.00,"₹ 52,451.00"
Telangana,"General Hosp, Khammam,TEL",DNBOBG,DNB Post MBBS,"₹ 1,25,000.00",NA,0,₹ 0.00,"₹ 58,289.00"
Telangana,"District HQ Hosp, Sangareddy",DNBOBG,DNB Post MBBS,"₹ 1,25,000.00",400,0,₹ 0.00,"₹ 58,289.00"
Arunachal Pradesh,"Tomo Riba IHMS, Naharlagun",DNBOBG,DNB Post MBBS,"₹ 1,25,000.00",500,2,"₹ 1,00,00,000.00","₹ 25,000.00"
Bihar,"Kurji Holy Family, Patna",DNBOBG,DNB Post MBBS,"₹ 1,25,000.00",300,0,₹ 0.00,"₹ 68,545.00"
Bihar,"MGM Hosp and Res Center, Patna",DNBOBG,DNB Post MBBS,"₹ 1,25,000.00",100,0,₹ 0.00,"₹ 82,000.00"
Chandigarh,"Govt MultSpec Hosp, Chandigarh",DNBOBG,DNB Post MBBS,"₹ 1,25,000.00",500,0,₹ 0.00,"₹ 1,07,000.00"
Chhattisgarh,"Apollo Hospital, Bilaspur",DNBOBG,DNB Post MBBS,"₹ 1,25,000.00",300,0,₹ 0.00,"₹ 57,500.00"
Chhattisgarh,"AtalBihariVajpayee, Rajnandgaon",DNBOBG,DNB Post MBBS,"₹ 1,25,000.00",NA,0,₹ 0.00,"₹ 67,500.00"
Chhattisgarh,"Govt Med Coll, Jagdalpur",DNBOBG,DNB Post MBBS,"₹ 1,25,000.00",500,0,₹ 0.00,"₹ 67,500.00"
Chhattisgarh,"JLN Main Hosp & RC, Bhilai",DNBOBG,DNB Post MBBS,"₹ 1,25,000.00",860,0,₹ 0.00,"₹ 67,500.00"
Dadra and Nagar Haveli,"VinobaBhaveCivilHosp, Silvassa",DNBOBG,DNB Post MBBS,"₹ 1,25,000.00",316,1,"₹ 10,00,000.00","₹ 35,000.00"
Delhi,"Batra Hospital, Delhi",DNBOBG,DNB Post MBBS,"₹ 1,25,000.00",495,0,₹ 0.00,"₹ 61,000.00"
Delhi,"Deen Dayal Upadhyay, Delhi",DNBOBG,DNB Post MBBS,"₹ 1,25,000.00",640,0,₹ 0.00,"₹ 1,26,927.00"
Delhi,"Dr B L Kapur Mem Hosp, Delhi",DNBOBG,DNB Post MBBS,"₹ 1,25,000.00",465,0,₹ 0.00,"₹ 60,000.00"
Delhi,"Dr Baba Saheb Ambedkar, Delhi",DNBOBG,DNB Post MBBS,"₹ 1,25,000.00",500,0,₹ 0.00,"₹ 1,26,927.00"
Delhi,"ESIC Hospital, Okhla",DNBOBG,DNB Post MBBS,"₹ 1,25,000.00",167,1,"₹ 7,50,000.00","₹ 70,000.00"
Delhi,"Fortis Hosp,ShalimarBagh,Delhi",DNBOBG,DNB Post MBBS,"₹ 1,25,000.00",262,0,₹ 0.00,"₹ 58,000.00"
Delhi,"Hindu Rao Hospital, Delhi",DNBOBG,DNB Post MBBS,"₹ 1,25,000.00",980,0,₹ 0.00,"₹ 1,26,927.00"
Delhi,"Holy Family Hospital, Delhi",DNBOBG,DNB Post MBBS,"₹ 1,25,000.00",345,0,₹ 0.00,"₹ 82,000.00"
Delhi,"Indraprastha Apollo Hosp,Delhi",DNBOBG,DNB Post MBBS,"₹ 1,25,000.00",718,0,₹ 0.00,"₹ 64,500.00"
Delhi,"Jaipur Golden Hospital, Delhi",DNBOBG,DNB Post MBBS,"₹ 1,25,000.00",242,0,₹ 0.00,"₹ 70,000.00"
Delhi,"Maharaja Agrasen Hosp, Delhi",DNBOBG,DNB Post MBBS,"₹ 1,25,000.00",300,0,₹ 0.00,"₹ 63,000.00"
Delhi,"Mata Chanan Devi Hosp, Delhi",DNBOBG,DNB Post MBBS,"₹ 1,25,000.00",210,0,₹ 0.00,"₹ 60,000.00"
Delhi,"MaxSmart SS(SaketCityH),Delhi",DNBOBG,DNB Post MBBS,"₹ 1,25,000.00",250,0,₹ 0.00,"₹ 57,000.00"
Delhi,"Max SS Hosp,ShalimarBagh,Delhi",DNBOBG,DNB Post MBBS,"₹ 1,25,000.00",250,0,₹ 0.00,"₹ 60,000.00"
Delhi,"NorthernRailway CentHosp,Delhi",DNBOBG,DNB Post MBBS,"₹ 1,25,000.00",413,0,₹ 0.00,"₹ 1,26,927.00"
Delhi,"Sanjay Gandhi Mem Hosp, Delhi",DNBOBG,DNB Post MBBS,"₹ 1,25,000.00",300,0,₹ 0.00,"₹ 1,26,927.00"
Delhi,"Sant Parmanand Hosp, Delhi",DNBOBG,DNB Post MBBS,"₹ 1,25,000.00",153,0,₹ 0.00,"₹ 60,000.00"
Delhi,"Shri Balaji Action Med, Delhi",DNBOBG,DNB Post MBBS,"₹ 1,25,000.00",250,0,₹ 0.00,"₹ 72,000.00"
Delhi,"Shri Dada DevMatriAvum, Dabri",DNBOBG,DNB Post MBBS,"₹ 1,25,000.00",106,0,₹ 0.00,"₹ 1,26,927.00"
Delhi,"Sir Ganga Ram Hospital, Delhi",DNBOBG,DNB Post MBBS,"₹ 1,25,000.00",675,0,₹ 0.00,"₹ 92,000.00"
Delhi,"St Stephen's Hospital, Delhi",DNBOBG,DNB Post MBBS,"₹ 1,25,000.00",595,0,₹ 0.00,"₹ 63,000.00"
Delhi,"Swami Dayanand Hospital, Delhi",DNBOBG,DNB Post MBBS,"₹ 1,25,000.00",370,0,₹ 0.00,"₹ 1,35,264.00"
Delhi,"Tirath Ram Shah Hospital,Delhi",DNBOBG,DNB Post MBBS,"₹ 1,25,000.00",200,0,₹ 0.00,"₹ 62,000.00"
Delhi,"Venkateshwar Hospital, Delhi",DNBOBG,DNB Post MBBS,"₹ 1,25,000.00",250,0,₹ 0.00,"₹ 60,000.00"
Haryana,"Artemis Health Inst, Gurgaon",DNBOBG,DNB Post MBBS,"₹ 1,25,000.00",394,0,₹ 0.00,"₹ 56,000.00"
Haryana,"Asian IMS, Faridabad",DNBOBG,DNB Post MBBS,"₹ 1,25,000.00",425,0,₹ 0.00,"₹ 58,100.00"
Haryana,"BPS Med Coll, Sonepat",DNBOBG,DNB Post MBBS,"₹ 1,25,000.00",550,0,₹ 0.00,"₹ 1,00,980.00"
Haryana,"Fortis Escorts Hosp, Faridabad",DNBOBG,DNB Post MBBS,"₹ 1,25,000.00",210,0,₹ 0.00,"₹ 71,100.00"
Haryana,"General Hospital, Panchkula",DNBOBG,DNB Post MBBS,"₹ 1,25,000.00",300,0,₹ 0.00,"₹ 1,00,980.00"
Haryana,"Kalpana Chawla GMC Hosp,Karnal",DNBOBG,DNB Post MBBS,"₹ 1,25,000.00",345,0,₹ 0.00,"₹ 1,00,980.00"
Haryana,"Maharaja Agrasen MCHosp,Agroha",DNBOBG,DNB Post MBBS,"₹ 1,25,000.00",541,0,₹ 0.00,"₹ 1,00,980.00"
Haryana,"QRG Medicare, Faridabad",DNBOBG,DNB Post MBBS,"₹ 1,25,000.00",325,0,₹ 0.00,"₹ 70,000.00"
Haryana,"SHKM Gov Med Coll, Nuh",DNBOBG,DNB Post MBBS,"₹ 1,25,000.00",647,0,₹ 0.00,"₹ 1,00,980.00"
Himachal Pradesh,"Dr Radhakrishnan GMC, Hamirpur",DNBOBG,DNB Post MBBS,"₹ 1,25,000.00",300,2,"₹ 40,00,000.00","₹ 40,000.00"
Himachal Pradesh,"Lal Bah Shastri Govt Med,Mandi",DNBOBG,DNB Post MBBS,"₹ 1,25,000.00",550,2,"₹ 40,00,000.00","₹ 40,000.00"
Jammu and Kashmir,"Assoc Hosp Govt MC, Baramulla",DNBOBG,DNB Post MBBS,"₹ 1,25,000.00",363,0,₹ 0.00,"₹ 59,500.00"
Jammu and Kashmir,"Assoc Hosp Govt MC, Kathua",DNBOBG,DNB Post MBBS,"₹ 1,25,000.00",564,0,₹ 0.00,"₹ 59,500.00"
Jammu and Kashmir,"Assoc Hosp Govt MC, Doda",DNBOBG,DNB Post MBBS,"₹ 1,25,000.00",300,0,₹ 0.00,"₹ 59,500.00"
Jammu and Kashmir,"Govt Med Coll Hosp, Anantnag",DNBOBG,DNB Post MBBS,"₹ 1,25,000.00",363,0,₹ 0.00,"₹ 59,500.00"
Jharkhand,"Bokaro General Hosp, Bokaro",DNBOBG,DNB Post MBBS,"₹ 1,25,000.00",910,0,₹ 0.00,"₹ 60,588.00"
Jharkhand,"Tata Main Hospital, Jamshedpur",DNBOBG,DNB Post MBBS,"₹ 1,25,000.00",915,0,₹ 0.00,"₹ 56,100.00"
Jharkhand,"Tata Motors Hosp, Jamshedpur",DNBOBG,DNB Post MBBS,"₹ 1,25,000.00",404,0,₹ 0.00,"₹ 56,100.00"
Jharkhand,"Sadar Hospital, Ranchi",DNBOBG,DNB Post MBBS,"₹ 1,25,000.00",500,0,₹ 0.00,"₹ 55,000.00"
Karnataka,"Apollo BGS Hospital, Mysore",DNBOBG,DNB Post MBBS,"₹ 1,25,000.00",215,0,₹ 0.00,"₹ 45,000.00"
Maharashtra,"KB Bhabha MunicGenHosp, Mumbai",DNBOBG,DNB Post MBBS,"₹ 1,25,000.00",436,0,₹ 0.00,"₹ 92,522.00"
Karnataka,"Apollo Hosp, Bannerghatta, BLR",DNBOBG,DNB Post MBBS,"₹ 1,25,000.00",350,0,₹ 0.00,"₹ 56,250.00"
Karnataka,"Bangalore Baptist, Bangalore",DNBOBG,DNB Post MBBS,"₹ 1,25,000.00",340,0,₹ 0.00,"₹ 56,250.00"
Karnataka,"Chinmaya Mission, Bangalore",DNBOBG,DNB Post MBBS,"₹ 1,25,000.00",200,0,₹ 0.00,"₹ 45,000.00"
Karnataka,"District Hospital, Ballari",DNBOBG,DNB Post MBBS,"₹ 1,25,000.00",210,1,"₹ 20,00,000.00","₹ 45,000.00"
Karnataka,"District Hospital, Chitradurga",DNBOBG,DNB Post MBBS,"₹ 1,25,000.00",450,1,"₹ 20,00,000.00","₹ 45,000.00"
Karnataka,"District Hospital, Dharwad",DNBOBG,DNB Post MBBS,"₹ 1,25,000.00",250,1,"₹ 20,00,000.00","₹ 45,000.00"
Karnataka,"District Hospital, Tumakuru",DNBOBG,DNB Post MBBS,"₹ 1,25,000.00",400,1,"₹ 20,00,000.00","₹ 45,000.00"
Karnataka,"District Hospital, Vijayapura",DNBOBG,DNB Post MBBS,"₹ 1,25,000.00",426,1,"₹ 20,00,000.00","₹ 45,000.00"
Karnataka,"Dr TMA Pai Hosp, Udupi",DNBOBG,DNB Post MBBS,"₹ 1,25,000.00",215,0,₹ 0.00,"₹ 45,000.00"
Karnataka,"General Hosp, Doddaballapura",DNBOBG,DNB Post MBBS,"₹ 1,25,000.00",100,1,"₹ 20,00,000.00","₹ 45,000.00"
Karnataka,"General Hospital, Jayanagar",DNBOBG,DNB Post MBBS,"₹ 1,25,000.00",300,1,"₹ 20,00,000.00","₹ 45,000.00"
Karnataka,"K C Gen Hospital, Bangalore",DNBOBG,DNB Post MBBS,"₹ 1,25,000.00",453,1,"₹ 20,00,000.00","₹ 45,000.00"
Karnataka,"Kamakshi Hospital, Mysuru",DNBOBG,DNB Post MBBS,"₹ 1,25,000.00",230,0,₹ 0.00,"₹ 45,000.00"
Karnataka,"Manipal Hosp, Rustum Bagh, BLR",DNBOBG,DNB Post MBBS,"₹ 1,25,000.00",600,0,₹ 0.00,"₹ 56,250.00"
Karnataka,"Rainbow Child,Marathahalli,BLR",DNBOBG,DNB Post MBBS,"₹ 1,25,000.00",200,0,₹ 0.00,"₹ 50,000.00"
Karnataka,"Rangadore Mem Hosp, Bangalore",DNBOBG,DNB Post MBBS,"₹ 1,25,000.00",210,0,₹ 0.00,"₹ 45,000.00"
Karnataka,"Santosh Hospital, Bangalore",DNBOBG,DNB Post MBBS,"₹ 1,25,000.00",200,0,₹ 0.00,"₹ 40,000.00"
Karnataka,"Sarji Hospital, Shimoga",DNBOBG,DNB Post MBBS,"₹ 1,25,000.00",120,0,₹ 0.00,"₹ 45,000.00"
Karnataka,"Shifaa Hosp, Bangalore",DNBOBG,DNB Post MBBS,"₹ 1,25,000.00",200,0,₹ 0.00,"₹ 45,000.00"
Karnataka,"SNR District Hospital, Kolar",DNBOBG,DNB Post MBBS,"₹ 1,25,000.00",550,1,"₹ 20,00,000.00","₹ 45,000.00"
Karnataka,"Narayana Hrudayalaya Hos,Bommasandra",DNBOBG,DNB Post MBBS,"₹ 1,25,000.00",210,0,₹ 0.00,"₹ 56,250.00"
Karnataka,"St Martha's Hosp, Bangalore",DNBOBG,DNB Post MBBS,"₹ 1,25,000.00",431,0,₹ 0.00,"₹ 45,000.00"
Karnataka,"St Philomena's Hosp,Bangalore",DNBOBG,DNB Post MBBS,"₹ 1,25,000.00",371,0,₹ 0.00,"₹ 56,250.00"
Karnataka,"Sub Division Hosp, Gangavathi",DNBOBG,DNB Post MBBS,"₹ 1,25,000.00",130,1,"₹ 20,00,000.00","₹ 45,000.00"
Karnataka,"NarayanaHrudyalaya,Bommasandra",DNBOBG,DNB Post MBBS,"₹ 1,25,000.00",2000,0,₹ 0.00,"₹ 56,250.00"
Kerala,"Apollo Adlux Hosp, Angamaly,KER",DNBOBG,DNB Post MBBS,"₹ 1,25,000.00",300,0,₹ 0.00,"₹ 60,000.00"
Kerala,"Baby Memorial, Kozhikode",DNBOBG,DNB Post MBBS,"₹ 1,25,000.00",600,0,₹ 0.00,"₹ 57,876.00"
Kerala,"Caritas Hospital, Kottayam",DNBOBG,DNB Post MBBS,"₹ 1,25,000.00",660,0,₹ 0.00,"₹ 57,876.00"
Kerala,"Cosmopolitan Hosp, Trivandrum",DNBOBG,DNB Post MBBS,"₹ 1,25,000.00",360,0,₹ 0.00,"₹ 57,876.00"
Kerala,"Credence Hospital, Trivandrum",DNBOBG,DNB Post MBBS,"₹ 1,25,000.00",100,0,₹ 0.00,"₹ 57,876.00"
Kerala,"Daya General Hosp, Thrissur",DNBOBG,DNB Post MBBS,"₹ 1,25,000.00",250,0,₹ 0.00,"₹ 57,876.00"
Kerala,"Edappal Hospital, Malappuram",DNBOBG,DNB Post MBBS,"₹ 1,25,000.00",288,0,₹ 0.00,"₹ 57,876.00"
Kerala,"Ernakulam Medical Centre,Kochi",DNBOBG,DNB Post MBBS,"₹ 1,25,000.00",250,0,₹ 0.00,"₹ 57,876.00"
Kerala,"GG Hospital, Trivandrum",DNBOBG,DNB Post MBBS,"₹ 1,25,000.00",190,0,₹ 0.00,"₹ 57,876.00"
Kerala,"IQRAA, Kozhikode",DNBOBG,DNB Post MBBS,"₹ 1,25,000.00",300,0,₹ 0.00,"₹ 57,876.00"
Kerala,"KIMS, Trivandrum",DNBOBG,DNB Post MBBS,"₹ 1,25,000.00",2000,0,₹ 0.00,"₹ 57,876.00"
Kerala,"KIMS Al Shifa Hosp, Malappuram",DNBOBG,DNB Post MBBS,"₹ 1,25,000.00",500,0,₹ 0.00,"₹ 57,876.00"
Kerala,"Lakshmi Hospital, Kochi",DNBOBG,DNB Post MBBS,"₹ 1,25,000.00",200,0,₹ 0.00,"₹ 57,876.00"
Kerala,"Life line SS Hosp, Adoor",DNBOBG,DNB Post MBBS,"₹ 1,25,000.00",140,0,₹ 0.00,"₹ 57,876.00"
Kerala,"Lisie Medical Inst, Kochi",DNBOBG,DNB Post MBBS,"₹ 1,25,000.00",750,0,₹ 0.00,"₹ 57,876.00"
Kerala,"Little Flower Hosp, Angamaly",DNBOBG,DNB Post MBBS,"₹ 1,25,000.00",690,0,₹ 0.00,"₹ 57,876.00"
Kerala,"Lourdes Hospital, Kochi",DNBOBG,DNB Post MBBS,"₹ 1,25,000.00",600,0,₹ 0.00,"₹ 57,876.00"
Kerala,"Malabar IMS, Kozhikode",DNBOBG,DNB Post MBBS,"₹ 1,25,000.00",573,0,₹ 0.00,"₹ 57,876.00"
Kerala,"Mother Hospital, Thrissur",DNBOBG,DNB Post MBBS,"₹ 1,25,000.00",300,0,₹ 0.00,"₹ 57,876.00"
Kerala,"Polakulath Narayanan, Kochi",DNBOBG,DNB Post MBBS,"₹ 1,25,000.00",205,0,₹ 0.00,"₹ 57,876.00"
Kerala,"PRS Hospital, Trivandrum",DNBOBG,DNB Post MBBS,"₹ 1,25,000.00",250,0,₹ 0.00,"₹ 57,876.00"
Kerala,"Rajagiri Hospital, Ernakulam",DNBOBG,DNB Post MBBS,"₹ 1,25,000.00",530,0,₹ 0.00,"₹ 57,876.00"
Kerala,"SreeUthradomTirunal,Trivandrum",DNBOBG,DNB Post MBBS,"₹ 1,25,000.00",198,0,₹ 0.00,"₹ 57,876.00"
Kerala,"St GregoriosHosp,Pathanamthitta",DNBOBG,DNB Post MBBS,"₹ 1,25,000.00",250,0,₹ 0.00,"₹ 57,876.00"
Kerala,"Tiruvalla MedMission,Tiruvalla",DNBOBG,DNB Post MBBS,"₹ 1,25,000.00",400,0,₹ 0.00,"₹ 57,876.00"
Madhya Pradesh,"Choithram Hospital, Indore",DNBOBG,DNB Post MBBS,"₹ 1,25,000.00",350,0,₹ 0.00,"₹ 75,444.00"
Maharashtra,"Apollo Hospital, Navi Mumbai",DNBOBG,DNB Post MBBS,"₹ 1,25,000.00",473,0,₹ 0.00,"₹ 89,000.00"
Maharashtra,"Bhaktivedanta Hosp, Thane",DNBOBG,DNB Post MBBS,"₹ 1,25,000.00",200,0,₹ 0.00,"₹ 82,769.00"
Maharashtra,"DrBSAmbedkar MunGenHosp, Mumbai",DNBOBG,DNB Post MBBS,"₹ 1,25,000.00",444,0,₹ 0.00,"₹ 80,000.00"
Maharashtra,"Deenanath Mangeshkar, Pune",DNBOBG,DNB Post MBBS,"₹ 1,25,000.00",876,0,₹ 0.00,"₹ 89,698.00"
Maharashtra,"Dr AmbedkarCentRlwyHosp, MUM",DNBOBG,DNB Post MBBS,"₹ 1,25,000.00",366,0,₹ 0.00,"₹ 95,358.00"
Maharashtra,"Hiranandani Hosp, Mumbai",DNBOBG,DNB Post MBBS,"₹ 1,25,000.00",244,0,₹ 0.00,"₹ 83,000.00"
Maharashtra,"Dr RN Cooper Gen Hosp, Mumbai",DNBOBG,DNB Post MBBS,"₹ 1,25,000.00",940,NA,NA,"₹ 75,144.00"
Maharashtra,"Rajiv Gandhi MedColl,Thane,MUM",DNBOBG,DNB Post MBBS,"₹ 1,25,000.00",500,1,"₹ 50,00,000.00","₹ 80,000.00"
Maharashtra,"Saifee Hospital, Mumbai",DNBOBG,DNB Post MBBS,"₹ 1,25,000.00",257,0,₹ 0.00,"₹ 89,700.00"
Maharashtra,"SethVCGandhi Mun Gen Hos,Mumbai",DNBOBG,DNB Post MBBS,"₹ 1,25,000.00",596,0,₹ 0.00,"₹ 75,144.00"
Odisha,"JaiprakashHosp,Rourkela,Odisha",DNBOBG,DNB Post MBBS,"₹ 1,25,000.00",307,0,₹ 0.00,"₹ 90,000.00"
Punjab,"Civil Hospital, Gurdaspur, Punjab",DNBOBG,DNB Post MBBS,"₹ 1,25,000.00",110,1,"₹ 10,00,000.00","₹ 50,190.00"
Punjab,"Civil Hospital, Kapurthala, Punjab",DNBOBG,DNB Post MBBS,"₹ 1,25,000.00",NA,1,"₹ 10,00,000.00","₹ 50,190.00"
Punjab,"MataKaushalya GovtHosp,Patiala",DNBOBG,DNB Post MBBS,"₹ 1,25,000.00",300,1,"₹ 10,00,000.00","₹ 50,190.00"
Rajasthan,"Govt RDBP Jaipuria Hosp,Jaipur",DNBOBG,DNB Post MBBS,"₹ 1,25,000.00",521,0,₹ 0.00,"₹ 70,656.00"
Rajasthan,"Vasundhara Hosp, Jodhpur, RAJ",DNBOBG,DNB Post MBBS,"₹ 1,25,000.00",100,0,₹ 0.00,"₹ 55,200.00"
Tamil Nadu,"Apollo Hosp, Greams Rd,Chennai",DNBOBG,DNB Post MBBS,"₹ 1,25,000.00",745,0,₹ 0.00,"₹ 52,451.00"
Tamil Nadu,"CSI Kalyani, Chennai",DNBOBG,DNB Post MBBS,"₹ 1,25,000.00",200,0,₹ 0.00,"₹ 52,451.00"
Tamil Nadu,"Christian F Hosp, Oddanchatram",DNBOBG,DNB Post MBBS,"₹ 1,25,000.00",299,0,₹ 0.00,"₹ 52,451.00"
Tamil Nadu,"Dr Rangarajan Mem Hosp,Chennai",DNBOBG,DNB Post MBBS,"₹ 1,25,000.00",176,0,₹ 0.00,"₹ 50,923.00"
Tamil Nadu,"GKNM Hospital, Coimbatore",DNBOBG,DNB Post MBBS,"₹ 1,25,000.00",600,0,₹ 0.00,"₹ 52,451.00"
Tamil Nadu,"Govt HQ Hosp, Cuddalore",DNBOBG,DNB Post MBBS,"₹ 1,25,000.00",750,2,"₹ 40,00,000.00","₹ 52,451.00"
Tamil Nadu,"Govt HQ Hosp, Erode",DNBOBG,DNB Post MBBS,"₹ 1,25,000.00",608,2,"₹ 40,00,000.00","₹ 52,451.00"
Tamil Nadu,"Kongunad Hosp, Coimbatore",DNBOBG,DNB Post MBBS,"₹ 1,25,000.00",250,0,₹ 0.00,"₹ 50,000.00"
Tamil Nadu,"Kovai MedicalCentre,Coimbatore",DNBOBG,DNB Post MBBS,"₹ 1,25,000.00",950,0,₹ 0.00,"₹ 52,451.00"
Tamil Nadu,"Meenakshi Mission Hosp,Madurai",DNBOBG,DNB Post MBBS,"₹ 1,25,000.00",800,0,₹ 0.00,"₹ 52,451.00"
Tamil Nadu,"SKS Hospital, Salem",DNBOBG,DNB Post MBBS,"₹ 1,25,000.00",225,0,₹ 0.00,"₹ 52,453.00"
Tamil Nadu,"SalemPolyclinic, Salem",DNBOBG,DNB Post MBBS,"₹ 1,25,000.00",250,0,₹ 0.00,"₹ 44,000.00"
Tamil Nadu,"Sri RamakrishnaHosp,Coimbatore",DNBOBG,DNB Post MBBS,"₹ 1,25,000.00",1009,0,₹ 0.00,"₹ 52,451.00"
Tamil Nadu,"St Isabels Hospital, Chennai",DNBOBG,DNB Post MBBS,"₹ 1,25,000.00",300,0,₹ 0.00,"₹ 52,451.00"
Tamil Nadu,"Vijaya Hospital, Chennai",DNBOBG,DNB Post MBBS,"₹ 1,25,000.00",281,0,₹ 0.00,"₹ 52,451.00"
Telangana,"Care Hospital, Banjara Hills",DNBOBG,DNB Post MBBS,"₹ 1,25,000.00",444,0,₹ 0.00,"₹ 58,289.00"
Telangana,"General Hosp, Karimnagar",DNBOBG,DNB Post MBBS,"₹ 1,25,000.00",500,0,₹ 0.00,"₹ 58,289.00"
Telangana,"Durgabai Deshmukh Hosp, HYD",DNBOBG,DNB Post MBBS,"₹ 1,25,000.00",200,0,₹ 0.00,"₹ 50,686.00"
Telangana,"Fehmicare Hospital, Hyderabad",DNBOBG,DNB Post MBBS,"₹ 1,25,000.00",105,0,₹ 0.00,"₹ 49,000.00"
Telangana,"FernandezHosp,BanjaraHills,HYD",DNBOBG,DNB Post MBBS,"₹ 1,25,000.00",100,0,₹ 0.00,"₹ 59,000.00"
Telangana,"Fernandez Hospital, Hyderabad",DNBOBG,DNB Post MBBS,"₹ 1,25,000.00",224,0,₹ 0.00,"₹ 59,000.00"
Telangana,"KIMS Hospital, Hyderabad",DNBOBG,DNB Post MBBS,"₹ 1,25,000.00",200,0,₹ 0.00,"₹ 58,289.00"
Telangana,"Krishna IMS, Secunderabad",DNBOBG,DNB Post MBBS,"₹ 1,25,000.00",675,0,₹ 0.00,"₹ 50,686.00"
Telangana,"Laxmi Narasimha Hosp, Warangal",DNBOBG,DNB Post MBBS,"₹ 1,25,000.00",NA,0,₹ 0.00,"₹ 35,000.00"
Telangana,"MuslimMaternityChild,Hyderabad",DNBOBG,DNB Post MBBS,"₹ 1,25,000.00",200,0,₹ 0.00,"₹ 58,289.00"
Telangana,"Prashanthi Hosp, Hanamkonda",DNBOBG,DNB Post MBBS,"₹ 1,25,000.00",250,0,₹ 0.00,"₹ 50,000.00"
Telangana,"PrincessDurruShehvar,Hyderabad",DNBOBG,DNB Post MBBS,"₹ 1,25,000.00",197,0,₹ 0.00,"₹ 50,686.00"
Telangana,"Rainbow Child,BanjaraHills,Hyd",DNBOBG,DNB Post MBBS,"₹ 1,25,000.00",250,0,₹ 0.00,"₹ 58,289.00"
Telangana,"Renova Neelima, Sanathnagar,Hyd",DNBOBG,DNB Post MBBS,"₹ 1,25,000.00",NA,0,₹ 0.00,"₹ 58,289.00"
Telangana,"St Theresa's Hosp, Hyderabad",DNBOBG,DNB Post MBBS,"₹ 1,25,000.00",300,0,₹ 0.00,"₹ 50,686.00"
Telangana,"Vijay Marie Hosp, Hyderabad",DNBOBG,DNB Post MBBS,"₹ 1,25,000.00",200,0,₹ 0.00,"₹ 50,686.00"
Telangana,"Yashoda Hosp,SPRd,Secunderabad",DNBOBG,DNB Post MBBS,"₹ 1,25,000.00",876,0,₹ 0.00,"₹ 58,289.00"
Telangana,"Yashoda SS Hosp,Malakpet, HYD",DNBOBG,DNB Post MBBS,"₹ 1,25,000.00",550,0,₹ 0.00,"₹ 58,289.00"
Telangana,"Yashoda HealthCareServ,Somajiguda,HYD",DNBOBG,DNB Post MBBS,"₹ 1,25,000.00",650,0,₹ 0.00,"₹ 58,289.00"
Uttar Pradesh,"ESIC Model Hospital, Noida",DNBOBG,DNB Post MBBS,"₹ 1,25,000.00",300,1,"₹ 7,50,000.00","₹ 70,000.00"
Uttar Pradesh,"Max Super Spec Hospital, Noida",DNBOBG,DNB Post MBBS,"₹ 1,25,000.00",314,0,₹ 0.00,"₹ 70,000.00"
Uttar Pradesh,"Kailash Hosp, Sector 27, Noida",DNBOBG,DNB Post MBBS,"₹ 1,25,000.00",325,0,₹ 0.00,"₹ 60,000.00"
Uttar Pradesh,"Kamla Nehru Mem Hosp,Allahabad",DNBOBG,DNB Post MBBS,"₹ 1,25,000.00",376,0,₹ 0.00,"₹ 58,000.00"
Uttar Pradesh,"The Fatima Hospital, Lucknow",DNBOBG,DNB Post MBBS,"₹ 1,25,000.00",220,0,₹ 0.00,"₹ 56,100.00"
Uttar Pradesh,"VeeranganaAwantiBaiWom,Lucknow",DNBOBG,DNB Post MBBS,"₹ 1,25,000.00",326,0,₹ 0.00,"₹ 70,000.00"
Uttar Pradesh,"Yashoda SS Hosp,Ghaziabad",DNBOBG,DNB Post MBBS,"₹ 1,25,000.00",306,0,₹ 0.00,"₹ 70,000.00"
West Bengal,"Asansol Dist Hosp, Asansol",DNBOBG,DNB Post MBBS,"₹ 1,25,000.00",375,0,₹ 0.00,"₹ 49,884.00"
West Bengal,"BR Singh Hospital, Kolkata",DNBOBG,DNB Post MBBS,"₹ 1,25,000.00",465,0,₹ 0.00,"₹ 1,08,564.00"
West Bengal,"DebenMahato(Sadar)Hosp,Purulia",DNBOBG,DNB Post MBBS,"₹ 1,25,000.00",548,0,₹ 0.00,"₹ 49,884.00"
West Bengal,"DiamondHarbour(Gov),Harindanga",DNBOBG,DNB Post MBBS,"₹ 1,25,000.00",726,0,₹ 0.00,"₹ 49,884.00"
West Bengal,"District Hospital, Howrah",DNBOBG,DNB Post MBBS,"₹ 1,25,000.00",642,0,₹ 0.00,"₹ 49,884.00"
West Bengal,"Jalpaiguri GovtMedColl&Hosp,Jalpaiguri",DNBOBG,DNB Post MBBS,"₹ 1,25,000.00",1000,0,₹ 0.00,"₹ 49,884.00"
West Bengal,"District Hospital, Nadia",DNBOBG,DNB Post MBBS,"₹ 1,25,000.00",723,0,₹ 0.00,"₹ 49,884.00"
West Bengal,"Healthworld Hospital, Durgapur",DNBOBG,DNB Post MBBS,"₹ 1,25,000.00",269,0,₹ 0.00,"₹ 49,884.00"
West Bengal,"Imambara Dist Hospital,Hooghly",DNBOBG,DNB Post MBBS,"₹ 1,25,000.00",625,0,₹ 0.00,"₹ 49,884.00"
West Bengal,"Jagannath Gupta IMS,Praraganas",DNBOBG,DNB Post MBBS,"₹ 1,25,000.00",350,0,₹ 0.00,"₹ 43,758.00"
West Bengal,"M R Bangur Hospital, Kolkata",DNBOBG,DNB Post MBBS,"₹ 1,25,000.00",1125,0,₹ 0.00,"₹ 49,884.00"
West Bengal,North 24 Parganas Dist Hosp,DNBOBG,DNB Post MBBS,"₹ 1,25,000.00",600,0,₹ 0.00,"₹ 49,884.00"
West Bengal,"Rampurhat Govt MedColl,Birbhum",DNBOBG,DNB Post MBBS,"₹ 1,25,000.00",626,0,₹ 0.00,"₹ 49,884.00"
West Bengal,"Siliguri Dist Hosp, Darjeeling",DNBOBG,DNB Post MBBS,"₹ 1,25,000.00",365,0,₹ 0.00,"₹ 49,884.00"
West Bengal,"Suri Sadar Hospital, Birbhum",DNBOBG,DNB Post MBBS,"₹ 1,25,000.00",766,0,₹ 0.00,"₹ 49,884.00"
West Bengal,"Walsh SDH, Serampore,Hooghly,WB",DNBOBG,DNB Post MBBS,"₹ 1,25,000.00",500,0,₹ 0.00,"₹ 49,884.00"
Andhra Pradesh,"Govt Dist Hosp,Vizianagaram",DNBOBG,DNB Post MBBS,"₹ 1,25,000.00",300,0,₹ 0.00,"₹ 60,823.00"
Andhra Pradesh,"KIMS Hospital, Kurnool",DNBOBG,DNB Post MBBS,"₹ 1,25,000.00",100,0,₹ 0.00,"₹ 35,000.00"
Haryana,"Aadhar Health Inst, Hisar",DNBOBG,DNB Post MBBS,"₹ 1,25,000.00",200,0,₹ 0.00,"₹ 78,000.00"
Karnataka,"Sri Sathya Sai, Chikkaballapura",DNBOBG,DNB Post MBBS,"₹ 1,25,000.00",300,0,₹ 0.00,"₹ 45,000.00"
Maharashtra,"DrHedgewarRugnalaya,Aurangabad",DNBOBG,DNB Post MBBS,"₹ 1,25,000.00",267,0,₹ 0.00,"₹ 71,000.00"
Maharashtra,"Govt Med Coll & Hosp,Nandurbar",DNBOBG,DNB Post MBBS,"₹ 1,25,000.00",315,1,"₹ 50,00,000.00","₹ 75,144.00"
Punjab,"Punjab Inst of MS, Jalandhar",DNBOBG,DNB Post MBBS,"₹ 1,25,000.00",750,0,₹ 0.00,"₹ 60,000.00"
Uttar Pradesh,"Govt IMS, Greater Noida",DNBOBG,DNB Post MBBS,"₹ 1,25,000.00",300,0,₹ 0.00,"₹ 80,000.00"
Uttar Pradesh,"Vivekananda Polyclinic,Lucknow",DNBOBG,DNB Post MBBS,"₹ 1,25,000.00",350,0,₹ 0.00,"₹ 61,100.00"
Kerala,"MK Haji Orphan Hosp,Tirurangadi",DNBOBG,DNB Post MBBS,"₹ 1,25,000.00",100,0,₹ 0.00,"₹ 57,876.00"
Kerala,"Paalana Inst of MedSci,Palakkad",DNBOBG,DNB Post MBBS,"₹ 1,25,000.00",300,0,₹ 0.00,"₹ 57,876.00"
Maharashtra,"RP Hosp & ResInstitute,Parbhani",DNBOBG,DNB Post MBBS,"₹ 1,25,000.00",321,0,₹ 0.00,"₹ 35,000.00"
Rajasthan,"Kamla Nagar Hospital, Jodhpur",DNBOBG,DNB Post MBBS,"₹ 1,25,000.00",100,0,₹ 0.00,"₹ 35,000.00"
Tamil Nadu,"Arokya Hosp, Pallapatti, Salem",DNBOBG,DNB Post MBBS,"₹ 1,25,000.00",NA,0,₹ 0.00,"₹ 48,000.00"
Tamil Nadu,"SandhyaHosp,Sathuvachry,Vellore",DNBOBG,DNB Post MBBS,"₹ 1,25,000.00",100,0,₹ 0.00,"₹ 47,500.00"
Telangana,"CC Shroff Mem Hosp, Barkatpura",DNBOBG,DNB Post MBBS,"₹ 1,25,000.00",170,0,₹ 0.00,"₹ 58,289.00"
Telangana,"Pranaam Hosp, Madinaguda, Hyd",DNBOBG,DNB Post MBBS,"₹ 1,25,000.00",150,0,₹ 0.00,"₹ 35,000.00"
Delhi,"ESIC Dental College, Rohini",DNBOBG,DNB Post MBBS,"₹ 1,25,000.00",300,1,"₹ 7,50,000.00","₹ 70,000.00"
Punjab,"Lord MahavirCivilHosp,Ludhiana",DNBOBG,DNB Post MBBS,"₹ 1,25,000.00",250,1,"₹ 10,00,000.00","₹ 50,190.00"
Punjab,"ShaheedBhai DistHosp, Bathinda",DNBOBG,DNB Post MBBS,"₹ 1,25,000.00",200,1,"₹ 10,00,000.00","₹ 50,190.00"
Rajasthan,"Narayana MultiSpec Hosp,Jaipur",DNBOBG,DNB Post MBBS,"₹ 1,25,000.00",400,0,₹ 0.00,"₹ 56,000.00"
Rajasthan,"ESIC Model Hospital, Jaipur",DNBOBG,DNB Post MBBS,"₹ 1,25,000.00",260,1,"₹ 7,50,000.00","₹ 70,000.00"
Tamil Nadu,"Govt HQ Hosp, Pollachi",DNBOBG,DNB Post MBBS,"₹ 1,25,000.00",314,2,"₹ 40,00,000.00","₹ 52,451.00"
West Bengal,"Tamralipto GovtMedHosp,Tamluk",DNBOBG,DNB Post MBBS,"₹ 1,25,000.00",500,0,₹ 0.00,"₹ 49,884.00"
Karnataka,"District Hosp, Chikkaballapur",DNBOBG,DNB Post MBBS,"₹ 1,25,000.00",300,1,"₹ 20,00,000.00","₹ 45,000.00"
Punjab,"Dr BR Ambedkar IMS, SAS Nagar (Mohali)",DNBOBG,DNB Post MBBS,"₹ 1,25,000.00",420,1,"₹ 10,00,000.00","₹ 67,968.00"
Tamil Nadu,"Govt HeadquartersHosp,Thuckalay",DNBOBG,DNB Post MBBS,"₹ 1,25,000.00",174,2,"₹ 40,00,000.00","₹ 52,451.00"
Punjab,"Dist Hosp,Fategarh Sahib,Punjab",DNBOBG,DNB Post MBBS,"₹ 1,25,000.00",NA,1,"₹ 10,00,000.00","₹ 50,190.00"
Chhattisgarh,"Maharani Hospital, Jagdalpur",DNBOBG,DNB Post MBBS,"₹ 1,25,000.00",NA,0,₹ 0.00,"₹ 67,500.00"
Delhi,"Base Hospital, Delhi Cantt",DNBOBG,AFMS-DNB,"₹ 1,25,000.00",NA,5,"₹ 57,50,000.00","₹ 1,31,976.00"
Maharashtra,"KJ Somaiya MedColl Hosp,Mumbai",DNBOPHTHALMOLOGY,DNB Post MBBS,"₹ 1,25,000.00",520,0,₹ 0.00,"₹ 86,629.00"
West Bengal,"SouthEastRailwayHosp,Kolkata",DNBOPHTHALMOLOGY,DNB Post MBBS,"₹ 1,25,000.00",303,0,₹ 0.00,"₹ 1,04,857.00"
Maharashtra,"JagjivanRamRailwayHosp, Mumbai",DNBOPHTHALMOLOGY,DNB Post MBBS,"₹ 1,25,000.00",361,0,₹ 0.00,"₹ 95,358.00"
Gujarat,"Drashti Nethralaya, Dahod",DNBOPHTHALMOLOGY,DNB Post MBBS,"₹ 1,25,000.00",100,0,₹ 0.00,"₹ 35,000.00"
Gujarat,"GMERS MedColl Hosp,Patan",DNBOPHTHALMOLOGY,DNB Post MBBS,"₹ 1,25,000.00",650,0,₹ 0.00,"₹ 1,00,800.00"
Gujarat,"GMERS MedColl Hosp,Valsad",DNBOPHTHALMOLOGY,DNB Post MBBS,"₹ 1,25,000.00",650,0,₹ 0.00,"₹ 1,00,800.00"
Gujarat,"Rotary Eye Institute, Navasari",DNBOPHTHALMOLOGY,DNB Post MBBS,"₹ 1,25,000.00",50,0,₹ 0.00,"₹ 35,000.00"
Gujarat,"KD Hosp, SG Road, Ahmedabad",DNBOPHTHALMOLOGY,DNB Post MBBS,"₹ 1,25,000.00",300,0,₹ 0.00,"₹ 84,000.00"
Maharashtra,"Jupiter Hospital, Thane",DNBOPHTHALMOLOGY,DNB Post MBBS,"₹ 1,25,000.00",350,0,₹ 0.00,"₹ 80,000.00"
Andhra Pradesh,"Goutami Eye Inst, Rajahmundry",DNBOPHTHALMOLOGY,DNB Post MBBS,"₹ 1,25,000.00",50,0,₹ 0.00,"₹ 50,686.00"
Manipur,"Shija Hosp, Imphal",DNBOPHTHALMOLOGY,DNB Post MBBS,"₹ 1,25,000.00",350,0,₹ 0.00,"₹ 50,000.00"
Odisha,"Dr Agarwal's Eye Hosp, Cuttack",DNBOPHTHALMOLOGY,DNB Post MBBS,"₹ 1,25,000.00",25,0,₹ 0.00,"₹ 63,000.00"
Odisha,"Ispat Gen Hospital, Rourkela",DNBOPHTHALMOLOGY,DNB Post MBBS,"₹ 1,25,000.00",600,0,₹ 0.00,"₹ 70,868.00"
Odisha,"JPM Rotary Eye Hosp, Cuttack",DNBOPHTHALMOLOGY,DNB Post MBBS,"₹ 1,25,000.00",120,0,₹ 0.00,"₹ 64,000.00"
Pondicherry,"IG GovtGenHosp&PGI,Pondicherry",DNBOPHTHALMOLOGY,DNB Post MBBS,"₹ 1,25,000.00",626,0,₹ 0.00,"₹ 43,000.00"
Pondicherry,"Jothi Eye Care Cent, Pondicherry",DNBOPHTHALMOLOGY,DNB Post MBBS,"₹ 1,25,000.00",10,0,₹ 0.00,"₹ 35,000.00"
Rajasthan,"Alakh Nayan Ophthal, Udaipur",DNBOPHTHALMOLOGY,DNB Post MBBS,"₹ 1,25,000.00",100,0,₹ 0.00,"₹ 55,200.00"
Rajasthan,"Anand Hosp & Eye Cent, Jaipur",DNBOPHTHALMOLOGY,DNB Post MBBS,"₹ 1,25,000.00",100,0,₹ 0.00,"₹ 55,200.00"
Rajasthan,"Global Hosp (Oph),Mount Abu",DNBOPHTHALMOLOGY,DNB Post MBBS,"₹ 1,25,000.00",60,0,₹ 0.00,"₹ 56,100.00"
Tamil Nadu,"Southern Railway Hosp, Chennai",DNBOPHTHALMOLOGY,DNB Post MBBS,"₹ 1,25,000.00",505,0,₹ 0.00,"₹ 52,451.00"
Assam,"SriSankaradevaNethr,Guwahati",DNBOPHTHALMOLOGY,DNB Post MBBS,"₹ 1,25,000.00",177,0,₹ 0.00,"₹ 48,000.00"
Chhattisgarh,"JLN Main Hosp & RC, Bhilai",DNBOPHTHALMOLOGY,DNB Post MBBS,"₹ 1,25,000.00",860,0,₹ 0.00,"₹ 67,500.00"
Chhattisgarh,"MGM Eye Insitute, Raipur",DNBOPHTHALMOLOGY,DNB Post MBBS,"₹ 1,25,000.00",50,0,₹ 0.00,"₹ 53,550.00"
Chhattisgarh,"Shri Aurobindo MRC, Raipur",DNBOPHTHALMOLOGY,DNB Post MBBS,"₹ 1,25,000.00",50,0,₹ 0.00,"₹ 53,550.00"
Dadra and Nagar Haveli,"VinobaBhaveCivilHosp, Silvassa",DNBOPHTHALMOLOGY,DNB Post MBBS,"₹ 1,25,000.00",316,1,"₹ 10,00,000.00","₹ 35,000.00"
Delhi,"Centre for Sight, Delhi",DNBOPHTHALMOLOGY,DNB Post MBBS,"₹ 1,25,000.00",15,0,₹ 0.00,"₹ 56,100.00"
Delhi,"Centre For Sight, Dwarka, Delhi",DNBOPHTHALMOLOGY,DNB Post MBBS,"₹ 1,25,000.00",21,0,₹ 0.00,"₹ 56,100.00"
Delhi,"Deen Dayal Upadhyay, Delhi",DNBOPHTHALMOLOGY,DNB Post MBBS,"₹ 1,25,000.00",640,0,₹ 0.00,"₹ 1,26,927.00"
Delhi,"Dr Shroff's Eye Hosp,Daryaganj",DNBOPHTHALMOLOGY,DNB Post MBBS,"₹ 1,25,000.00",56,0,₹ 0.00,"₹ 60,000.00"
Delhi,"Hindu Rao Hospital, Delhi",DNBOPHTHALMOLOGY,DNB Post MBBS,"₹ 1,25,000.00",980,0,₹ 0.00,"₹ 1,26,927.00"
Delhi,"Mohan Eye Institute, Delhi",DNBOPHTHALMOLOGY,DNB Post MBBS,"₹ 1,25,000.00",25,0,₹ 0.00,"₹ 56,100.00"
Delhi,"NorthernRailway CentHosp,Delhi",DNBOPHTHALMOLOGY,DNB Post MBBS,"₹ 1,25,000.00",413,0,₹ 0.00,"₹ 1,26,927.00"
Delhi,"Sant Parmanand Hosp, Delhi",DNBOPHTHALMOLOGY,DNB Post MBBS,"₹ 1,25,000.00",153,0,₹ 0.00,"₹ 60,000.00"
Delhi,"Shroff Eye Centre, Delhi",DNBOPHTHALMOLOGY,DNB Post MBBS,"₹ 1,25,000.00",15,0,₹ 0.00,"₹ 57,000.00"
Delhi,"Sir Ganga Ram Hospital, Delhi",DNBOPHTHALMOLOGY,DNB Post MBBS,"₹ 1,25,000.00",675,0,₹ 0.00,"₹ 92,000.00"
Delhi,"Vision Eye Centre, Delhi",DNBOPHTHALMOLOGY,DNB Post MBBS,"₹ 1,25,000.00",10,0,₹ 0.00,"₹ 56,100.00"
Haryana,"BPS Med Coll, Sonepat",DNBOPHTHALMOLOGY,DNB Post MBBS,"₹ 1,25,000.00",550,0,₹ 0.00,"₹ 1,00,980.00"
Haryana,"Civil Hospital, Faridabad",DNBOPHTHALMOLOGY,DNB Post MBBS,"₹ 1,25,000.00",200,0,₹ 0.00,"₹ 1,00,980.00"
Haryana,"Medanta The Medicity, Gurgaon",DNBOPHTHALMOLOGY,DNB Post MBBS,"₹ 1,25,000.00",1200,0,₹ 0.00,"₹ 65,000.00"
Jammu and Kashmir,"JLNM Hosp, Rainawari",DNBOPHTHALMOLOGY,DNB Post MBBS,"₹ 1,25,000.00",200,0,₹ 0.00,"₹ 48,000.00"
Jharkhand,"Bokaro General Hosp, Bokaro",DNBOPHTHALMOLOGY,DNB Post MBBS,"₹ 1,25,000.00",910,0,₹ 0.00,"₹ 60,588.00"
Karnataka,Bangalore West Lions Eye Hosp,DNBOPHTHALMOLOGY,DNB Post MBBS,"₹ 1,25,000.00",160,0,₹ 0.00,"₹ 56,250.00"
Karnataka,"District Hospital, Tumakuru",DNBOPHTHALMOLOGY,DNB Post MBBS,"₹ 1,25,000.00",400,1,"₹ 20,00,000.00","₹ 45,000.00"
Karnataka,"MM Joshi Eye Hospital, Hubli",DNBOPHTHALMOLOGY,DNB Post MBBS,"₹ 1,25,000.00",40,0,₹ 0.00,"₹ 45,000.00"
Karnataka,"Manipal Hosp, Rustum Bagh, BLR",DNBOPHTHALMOLOGY,DNB Post MBBS,"₹ 1,25,000.00",600,0,₹ 0.00,"₹ 56,250.00"
Karnataka,"Narayana Netralaya,Bommasandra",DNBOPHTHALMOLOGY,DNB Post MBBS,"₹ 1,25,000.00",31,0,₹ 0.00,"₹ 45,000.00"
Karnataka,"Nethradhama SS Eye Hosp, BLR",DNBOPHTHALMOLOGY,DNB Post MBBS,"₹ 1,25,000.00",127,0,₹ 0.00,"₹ 45,000.00"
Karnataka,"Prabha Eye Clinic, Bangalore",DNBOPHTHALMOLOGY,DNB Post MBBS,"₹ 1,25,000.00",40,0,₹ 0.00,"₹ 45,000.00"
Karnataka,"Sahyadri Narayana Hosp,Shimoga",DNBOPHTHALMOLOGY,DNB Post MBBS,"₹ 1,25,000.00",228,0,₹ 0.00,"₹ 56,250.00"
Karnataka,"Sankara Eye Hosp, Bangalore",DNBOPHTHALMOLOGY,DNB Post MBBS,"₹ 1,25,000.00",225,0,₹ 0.00,"₹ 45,000.00"
Karnataka,"Sankara Eye Hosp, Shimoga",DNBOPHTHALMOLOGY,DNB Post MBBS,"₹ 1,25,000.00",225,0,₹ 0.00,"₹ 45,000.00"
Kerala,"Ahalia Eye Hospital, Palakkad",DNBOPHTHALMOLOGY,DNB Post MBBS,"₹ 1,25,000.00",300,0,₹ 0.00,"₹ 57,876.00"
Kerala,"ChaithanyaEyeHosp,Trivandrum",DNBOPHTHALMOLOGY,DNB Post MBBS,"₹ 1,25,000.00",50,0,₹ 0.00,"₹ 57,876.00"
Kerala,"Comtrust Eye Hosp, Kozhikode",DNBOPHTHALMOLOGY,DNB Post MBBS,"₹ 1,25,000.00",45,0,₹ 0.00,"₹ 57,876.00"
Kerala,"District Hospital, Palakkad",DNBOPHTHALMOLOGY,DNB Post MBBS,"₹ 1,25,000.00",544,0,₹ 0.00,"₹ 57,876.00"
Kerala,"Dr Tony's SSEyeInst, Ernakulam",DNBOPHTHALMOLOGY,DNB Post MBBS,"₹ 1,25,000.00",25,0,₹ 0.00,"₹ 57,876.00"
Kerala,"Giridhar Eye Institute, Kochi",DNBOPHTHALMOLOGY,DNB Post MBBS,"₹ 1,25,000.00",30,0,₹ 0.00,"₹ 57,876.00"
Kerala,"Little Flower Hosp, Angamaly",DNBOPHTHALMOLOGY,DNB Post MBBS,"₹ 1,25,000.00",690,0,₹ 0.00,"₹ 57,876.00"
Kerala,"Sreenethra Eye Care, Trivandrum",DNBOPHTHALMOLOGY,DNB Post MBBS,"₹ 1,25,000.00",10,0,₹ 0.00,"₹ 57,876.00"
Madhya Pradesh,"Choithram Netralaya, Indore",DNBOPHTHALMOLOGY,DNB Post MBBS,"₹ 1,25,000.00",154,0,₹ 0.00,"₹ 75,444.00"
Madhya Pradesh,"Ratan Jyoti Netralaya, Gwalior",DNBOPHTHALMOLOGY,DNB Post MBBS,"₹ 1,25,000.00",20,0,₹ 0.00,"₹ 75,444.00"
Madhya Pradesh,"Sadguru Nethra Chikit, Satna",DNBOPHTHALMOLOGY,DNB Post MBBS,"₹ 1,25,000.00",350,0,₹ 0.00,"₹ 65,000.00"
Madhya Pradesh,"Sewa Sadan Eye Hosp, Bhopal",DNBOPHTHALMOLOGY,DNB Post MBBS,"₹ 1,25,000.00",50,0,₹ 0.00,"₹ 35,000.00"
Maharashtra,"Anuradha SS Eye Hosp, Sangli,MH",DNBOPHTHALMOLOGY,DNB Post MBBS,"₹ 1,25,000.00",50,0,₹ 0.00,"₹ 74,000.00"
Maharashtra,"BARC Hosp, Mumbai",DNBOPHTHALMOLOGY,DNB Post MBBS,"₹ 1,25,000.00",390,0,₹ 0.00,"₹ 96,000.00"
Maharashtra,"Bhaktivedanta Hosp, Thane",DNBOPHTHALMOLOGY,DNB Post MBBS,"₹ 1,25,000.00",200,0,₹ 0.00,"₹ 82,769.00"
Maharashtra,"Deenanath Mangeshkar, Pune",DNBOPHTHALMOLOGY,DNB Post MBBS,"₹ 1,25,000.00",876,0,₹ 0.00,"₹ 89,698.00"
Maharashtra,"Dr AmbedkarCentRlwyHosp, MUM",DNBOPHTHALMOLOGY,DNB Post MBBS,"₹ 1,25,000.00",366,0,₹ 0.00,"₹ 95,358.00"
Maharashtra,"Mahatme EyeBank & Hosp, Nagpur",DNBOPHTHALMOLOGY,DNB Post MBBS,"₹ 1,25,000.00",100,0,₹ 0.00,"₹ 76,000.00"
Maharashtra,"PBMA'S HVDesai Eye Hosp, Pune",DNBOPHTHALMOLOGY,DNB Post MBBS,"₹ 1,25,000.00",95,0,₹ 0.00,"₹ 53,413.00"
Maharashtra,"Rajiv Gandhi MedColl,Thane,MUM",DNBOPHTHALMOLOGY,DNB Post MBBS,"₹ 1,25,000.00",500,1,"₹ 50,00,000.00","₹ 80,000.00"
Maharashtra,"Sarakshi Netralaya, Nagpur",DNBOPHTHALMOLOGY,DNB Post MBBS,"₹ 1,25,000.00",30,0,₹ 0.00,"₹ 50,000.00"
Maharashtra,"Shri Ganapati Nethralaya,Jalna",DNBOPHTHALMOLOGY,DNB Post MBBS,"₹ 1,25,000.00",95,0,₹ 0.00,"₹ 86,629.00"
Maharashtra,"Suraj Eye Institute, Nagpur",DNBOPHTHALMOLOGY,DNB Post MBBS,"₹ 1,25,000.00",30,0,₹ 0.00,"₹ 51,000.00"
Odisha,"JaiprakashHosp,Rourkela,Odisha",DNBOPHTHALMOLOGY,DNB Post MBBS,"₹ 1,25,000.00",307,0,₹ 0.00,"₹ 90,000.00"
Odisha,"MahanadiNetra,Subarnapur,Odisha",DNBOPHTHALMOLOGY,DNB Post MBBS,"₹ 1,25,000.00",30,0,₹ 0.00,"₹ 60,000.00"
Pondicherry,"Arvind Eye Hosp, Pondicherry",DNBOPHTHALMOLOGY,DNB Post MBBS,"₹ 1,25,000.00",650,0,₹ 0.00,"₹ 40,000.00"
Punjab,"Thind Eye Hospital, Jalandhar",DNBOPHTHALMOLOGY,DNB Post MBBS,"₹ 1,25,000.00",25,0,₹ 0.00,"₹ 67,898.00"
Rajasthan,"Dr Kothari's Eye Hosp, Udaipur",DNBOPHTHALMOLOGY,DNB Post MBBS,"₹ 1,25,000.00",20,0,₹ 0.00,"₹ 35,000.00"
Rajasthan,"Dr Virendra Eye Hosp, Jaipur",DNBOPHTHALMOLOGY,DNB Post MBBS,"₹ 1,25,000.00",25,0,₹ 0.00,"₹ 48,000.00"
Tamil Nadu,"Arasan Eye Hospital, Erode",DNBOPHTHALMOLOGY,DNB Post MBBS,"₹ 1,25,000.00",30,0,₹ 0.00,"₹ 52,451.00"
Tamil Nadu,"Aravind Eye Hospital, Theni",DNBOPHTHALMOLOGY,DNB Post MBBS,"₹ 1,25,000.00",163,0,₹ 0.00,"₹ 52,451.00"
Tamil Nadu,"Aravind Eye Hospital, Noombal",DNBOPHTHALMOLOGY,DNB Post MBBS,"₹ 1,25,000.00",250,0,₹ 0.00,"₹ 52,451.00"
Tamil Nadu,"Aravind Eye Hospital, Salem",DNBOPHTHALMOLOGY,DNB Post MBBS,"₹ 1,25,000.00",75,0,₹ 0.00,"₹ 52,451.00"
Tamil Nadu,"Arvind Eye Hosp, Tirunelveli",DNBOPHTHALMOLOGY,DNB Post MBBS,"₹ 1,25,000.00",142,0,₹ 0.00,"₹ 52,451.00"
Tamil Nadu,"Arvind Eye Hosp, Coimbatore",DNBOPHTHALMOLOGY,DNB Post MBBS,"₹ 1,25,000.00",450,0,₹ 0.00,"₹ 52,451.00"
Tamil Nadu,"BejanSingh Eye Hosp, Nagercoil",DNBOPHTHALMOLOGY,DNB Post MBBS,"₹ 1,25,000.00",110,0,₹ 0.00,"₹ 52,451.00"
Tamil Nadu,"Dr Agarwal's Eye Hosp, Chennai",DNBOPHTHALMOLOGY,DNB Post MBBS,"₹ 1,25,000.00",9,0,₹ 0.00,"₹ 52,451.00"
Tamil Nadu,"Dr Agarwal EyeHosp,Tirunelveli",DNBOPHTHALMOLOGY,DNB Post MBBS,"₹ 1,25,000.00",30,0,₹ 0.00,"₹ 52,450.00"
Tamil Nadu,"Lotus Eye Hospital, Coimbatore",DNBOPHTHALMOLOGY,DNB Post MBBS,"₹ 1,25,000.00",43,0,₹ 0.00,"₹ 52,451.00"
Tamil Nadu,"Mahathma Eye Hosp, Trichy",DNBOPHTHALMOLOGY,DNB Post MBBS,"₹ 1,25,000.00",21,0,₹ 0.00,"₹ 52,451.00"
Tamil Nadu,"Rajan Eye Care, Chennai",DNBOPHTHALMOLOGY,DNB Post MBBS,"₹ 1,25,000.00",30,0,₹ 0.00,"₹ 35,000.00"
Tamil Nadu,"Sankara Eye Hosp, Coimbatore",DNBOPHTHALMOLOGY,DNB Post MBBS,"₹ 1,25,000.00",300,0,₹ 0.00,"₹ 52,451.00"
Tamil Nadu,"Sankara EyeHosp,Pammal,Chennai",DNBOPHTHALMOLOGY,DNB Post MBBS,"₹ 1,25,000.00",139,0,₹ 0.00,"₹ 52,451.00"
Tamil Nadu,"SankaraNethralaya, Pycrofts,CHN",DNBOPHTHALMOLOGY,DNB Post MBBS,"₹ 1,25,000.00",86,0,₹ 0.00,"₹ 52,451.00"
Tamil Nadu,"The Eye Foundation, Coimbatore",DNBOPHTHALMOLOGY,DNB Post MBBS,"₹ 1,25,000.00",15,0,₹ 0.00,"₹ 52,451.00"
Telangana,"Krishna IMS, Secunderabad",DNBOPHTHALMOLOGY,DNB Post MBBS,"₹ 1,25,000.00",675,0,₹ 0.00,"₹ 50,686.00"
Telangana,"LionsClubSadhuRamEye,Hyderabad",DNBOPHTHALMOLOGY,DNB Post MBBS,"₹ 1,25,000.00",100,0,₹ 0.00,"₹ 44,075.00"
Telangana,"Medivision Eye & HCC,Hyderabad",DNBOPHTHALMOLOGY,DNB Post MBBS,"₹ 1,25,000.00",50,0,₹ 0.00,"₹ 44,075.00"
Telangana,"PushpagiriEyeInst,Secunderabad",DNBOPHTHALMOLOGY,DNB Post MBBS,"₹ 1,25,000.00",50,0,₹ 0.00,"₹ 50,686.00"
Uttar Pradesh,"ADK Jain Eye Hosp, Baghpat, UP",DNBOPHTHALMOLOGY,DNB Post MBBS,"₹ 1,25,000.00",100,0,₹ 0.00,"₹ 56,000.00"
Uttar Pradesh,"ChandraMother&Eye Care, Lucknow",DNBOPHTHALMOLOGY,DNB Post MBBS,"₹ 1,25,000.00",40,0,₹ 0.00,"₹ 55,000.00"
Uttar Pradesh,"ESIC Model Hospital, Noida",DNBOPHTHALMOLOGY,DNB Post MBBS,"₹ 1,25,000.00",300,1,"₹ 7,50,000.00","₹ 70,000.00"
Uttar Pradesh,"ICare Eye Hosp & PGI, Noida",DNBOPHTHALMOLOGY,DNB Post MBBS,"₹ 1,25,000.00",70,0,₹ 0.00,"₹ 56,100.00"
Uttar Pradesh,"Sankara Eye Hosp, Kanpur Nagar",DNBOPHTHALMOLOGY,DNB Post MBBS,"₹ 1,25,000.00",113,0,₹ 0.00,"₹ 56,100.00"
Uttar Pradesh,"Vivekananda Polyclinic,Lucknow",DNBOPHTHALMOLOGY,DNB Post MBBS,"₹ 1,25,000.00",350,0,₹ 0.00,"₹ 61,100.00"
Uttar Pradesh,"DrMohanlal Mem EyeHosp,Aligarh",DNBOPHTHALMOLOGY,DNB Post MBBS,"₹ 1,25,000.00",300,0,₹ 0.00,"₹ 55,000.00"
Uttar Pradesh,"Prakash Netra Kendr, Lucknow",DNBOPHTHALMOLOGY,DNB Post MBBS,"₹ 1,25,000.00",10,0,₹ 0.00,"₹ 54,000.00"
West Bengal,"BR Singh Hospital, Kolkata",DNBOPHTHALMOLOGY,DNB Post MBBS,"₹ 1,25,000.00",465,0,₹ 0.00,"₹ 1,08,564.00"
West Bengal,"Coll of Med & JNM Hosp, Nadia",DNBOPHTHALMOLOGY,DNB Post MBBS,"₹ 1,25,000.00",550,0,₹ 0.00,"₹ 49,884.00"
West Bengal,"Sankara Nethralaya, Kolkata",DNBOPHTHALMOLOGY,DNB Post MBBS,"₹ 1,25,000.00",24,0,₹ 0.00,"₹ 45,071.00"
West Bengal,Siliguri Greater Lions EyeHosp,DNBOPHTHALMOLOGY,DNB Post MBBS,"₹ 1,25,000.00",30,0,₹ 0.00,"₹ 43,000.00"
West Bengal,"Susrut Eye Foundation, Kolkata",DNBOPHTHALMOLOGY,DNB Post MBBS,"₹ 1,25,000.00",25,0,₹ 0.00,"₹ 43,000.00"
West Bengal,"SusrutEyeFoundation,Berhampore",DNBOPHTHALMOLOGY,DNB Post MBBS,"₹ 1,25,000.00",NA,0,₹ 0.00,"₹ 43,000.00"
Jammu and Kashmir,"Govt Med Coll Hosp, Anantnag",DNBOPHTHALMOLOGY,DNB Post MBBS,"₹ 1,25,000.00",363,0,₹ 0.00,"₹ 59,500.00"
Jharkhand,"Bhagwan Mahavir Manipal, Ranchi",DNBOPHTHALMOLOGY,DNB Post MBBS,"₹ 1,25,000.00",213,0,₹ 0.00,"₹ 68,000.00"
Punjab,"Dr BR Ambedkar IMS, SAS Nagar (Mohali)",DNBOPHTHALMOLOGY,DNB Post MBBS,"₹ 1,25,000.00",420,1,"₹ 10,00,000.00","₹ 67,968.00"
Andhra Pradesh,"Dr RamanaRaju'sVisionTree,Vizag",DNBOPHTHALMOLOGY,DNB Post MBBS,"₹ 1,25,000.00",20,0,₹ 0.00,"₹ 60,823.00"
Chhattisgarh,"ShriGaneshVinayakEyeHosp,Raipur",DNBOPHTHALMOLOGY,DNB Post MBBS,"₹ 1,25,000.00",20,0,₹ 0.00,"₹ 35,000.00"
Delhi,"Venu Eye Institute, Delhi",DNBOPHTHALMOLOGY,DNB Post MBBS,"₹ 1,25,000.00",20,0,₹ 0.00,"₹ 56,100.00"
Haryana,"AhoojaEye & DentalInst,Gurugram",DNBOPHTHALMOLOGY,DNB Post MBBS,"₹ 1,25,000.00",16,0,₹ 0.00,"₹ 35,000.00"
Madhya Pradesh,"Retina Spec Hospital, Indore",DNBOPHTHALMOLOGY,DNB Post MBBS,"₹ 1,25,000.00",28,0,₹ 0.00,"₹ 75,444.00"
Maharashtra,"WavikarEyeInst,Majiwada,Thane",DNBOPHTHALMOLOGY,DNB Post MBBS,"₹ 1,25,000.00",28,0,₹ 0.00,"₹ 55,000.00"
Punjab,"Arora Eye Hospital, Jalandhar",DNBOPHTHALMOLOGY,DNB Post MBBS,"₹ 1,25,000.00",10,0,₹ 0.00,"₹ 35,000.00"
Punjab,"Dr Om Parkash Eye Inst,Amritsar",DNBOPHTHALMOLOGY,DNB Post MBBS,"₹ 1,25,000.00",20,0,₹ 0.00,"₹ 85,000.00"
Rajasthan,"GuruHastiChikitsalya,Pipar City",DNBOPHTHALMOLOGY,DNB Post MBBS,"₹ 1,25,000.00",100,0,₹ 0.00,"₹ 35,000.00"
Tamil Nadu,"MN Eye Hospital, Chennai",DNBOPHTHALMOLOGY,DNB Post MBBS,"₹ 1,25,000.00",36,0,₹ 0.00,"₹ 48,000.00"
Uttar Pradesh,"Netrodaya The Eye City,Varanasi",DNBOPHTHALMOLOGY,DNB Post MBBS,"₹ 1,25,000.00",20,0,₹ 0.00,"₹ 55,600.00"
Bihar,"Mahavir Cancer Sansthan, Patna",DNBOPHTHALMOLOGY,DNB Post MBBS,"₹ 1,25,000.00",618,0,₹ 0.00,"₹ 82,000.00"
Delhi,"Swami Dayanand Hospital, Delhi",DNBOPHTHALMOLOGY,DNB Post MBBS,"₹ 1,25,000.00",370,0,₹ 0.00,"₹ 1,35,264.00"
Karnataka,"District Hospital, Dharwad",DNBOPHTHALMOLOGY,DNB Post MBBS,"₹ 1,25,000.00",250,1,"₹ 20,00,000.00","₹ 45,000.00"
Kerala,"KozhikodeDistCo-op,Eranhipalam",DNBOPHTHALMOLOGY,DNB Post MBBS,"₹ 1,25,000.00",175,0,₹ 0.00,"₹ 57,876.00"
West Bengal,"Raiganj GovtMedC,UttarDinajpur",DNBOPHTHALMOLOGY,DNB Post MBBS,"₹ 1,25,000.00",500,0,₹ 0.00,"₹ 49,884.00"
Kerala,"Malabar Eye Hosp, Kozhikode",DNBOPHTHALMOLOGY,DNB Post MBBS,"₹ 1,25,000.00",15,0,₹ 0.00,"₹ 57,876.00"
Delhi,"Base Hospital, Delhi Cantt",DNBOPHTHALMOLOGY,AFMS-DNB,"₹ 1,25,000.00",NA,5,"₹ 57,50,000.00","₹ 1,31,976.00"
Maharashtra,"Holy Spirit Hospital, Mumbai",DNBORTHOPAEDICS,DNB Post MBBS,"₹ 1,25,000.00",300,0,₹ 0.00,"₹ 86,630.00"
Maharashtra,"Jaslok Hospital, Mumbai",DNBORTHOPAEDICS,DNB Post MBBS,"₹ 1,25,000.00",361,0,₹ 0.00,"₹ 76,000.00"
Maharashtra,"Jehangir Hospital, Pune",DNBORTHOPAEDICS,DNB Post MBBS,"₹ 1,25,000.00",335,0,₹ 0.00,"₹ 86,000.00"
Gujarat,"GMERS MedColl Hosp,Himmatnagar",DNBORTHOPAEDICS,DNB Post MBBS,"₹ 1,25,000.00",700,0,₹ 0.00,"₹ 1,00,800.00"
Gujarat,"GMERS MedColl Hosp,Vadadora",DNBORTHOPAEDICS,DNB Post MBBS,"₹ 1,25,000.00",750,0,₹ 0.00,"₹ 1,00,800.00"
Gujarat,"GMERS,Sola,Ahmedabad",DNBORTHOPAEDICS,DNB Post MBBS,"₹ 1,25,000.00",970,0,₹ 0.00,"₹ 1,00,800.00"
Gujarat,"GMERS MedColl Hosp,Patan",DNBORTHOPAEDICS,DNB Post MBBS,"₹ 1,25,000.00",650,0,₹ 0.00,"₹ 1,00,800.00"
Gujarat,"GMERS MedColl Hosp,Gandhinagar",DNBORTHOPAEDICS,DNB Post MBBS,"₹ 1,25,000.00",770,0,₹ 0.00,"₹ 1,00,800.00"
Gujarat,"Haria L G Rotary Hosp, Vapi",DNBORTHOPAEDICS,DNB Post MBBS,"₹ 1,25,000.00",186,0,₹ 0.00,"₹ 84,000.00"
Gujarat,"Shalby Hosp, SG Highway, Ahm",DNBORTHOPAEDICS,DNB Post MBBS,"₹ 1,25,000.00",200,0,₹ 0.00,"₹ 1,00,800.00"
Gujarat,"ShethVadilalGenHosp,Ahmedabad",DNBORTHOPAEDICS,DNB Post MBBS,"₹ 1,25,000.00",500,0,₹ 0.00,"₹ 1,00,800.00"
Gujarat,"The Gujarat Res & MI,Ahmedabad",DNBORTHOPAEDICS,DNB Post MBBS,"₹ 1,25,000.00",250,0,₹ 0.00,"₹ 84,000.00"
Gujarat,"GMERS MedColl Hosp,Mehsana",DNBORTHOPAEDICS,DNB Post MBBS,"₹ 1,25,000.00",NA,0,₹ 0.00,"₹ 1,00,800.00"
Gujarat,"GMERS MedColl Hosp,Valsad",DNBORTHOPAEDICS,DNB Post MBBS,"₹ 1,25,000.00",650,0,₹ 0.00,"₹ 1,00,800.00"
Gujarat,"Aayush Mult Spec Hosp, Morbi",DNBORTHOPAEDICS,DNB Post MBBS,"₹ 1,25,000.00",200,0,₹ 0.00,"₹ 84,000.00"
Maharashtra,"Jupiter Hospital, Thane",DNBORTHOPAEDICS,DNB Post MBBS,"₹ 1,25,000.00",350,0,₹ 0.00,"₹ 80,000.00"
Andhra Pradesh,"Apollo Hospital, Vizag",DNBORTHOPAEDICS,DNB Post MBBS,"₹ 1,25,000.00",206,0,₹ 0.00,"₹ 60,823.00"
Andhra Pradesh,"BalajiInstitute-BIRRD,Tirupati",DNBORTHOPAEDICS,DNB Post MBBS,"₹ 1,25,000.00",250,0,₹ 0.00,"₹ 44,075.00"
Andhra Pradesh,"Dr Ramesh Cardiac Hosp, Guntur",DNBORTHOPAEDICS,DNB Post MBBS,"₹ 1,25,000.00",350,0,₹ 0.00,"₹ 60,823.00"
Andhra Pradesh,"Govt Dist Hosp,Eluru",DNBORTHOPAEDICS,DNB Post MBBS,"₹ 1,25,000.00",450,0,₹ 0.00,"₹ 60,823.00"
Andhra Pradesh,"Krishna IMS, Nellore",DNBORTHOPAEDICS,DNB Post MBBS,"₹ 1,25,000.00",250,0,₹ 0.00,"₹ 50,686.00"
Maharashtra,"WesternIndia(NeuroSc),Kolhapur",DNBORTHOPAEDICS,DNB Post MBBS,"₹ 1,25,000.00",100,0,₹ 0.00,"₹ 89,000.00"
Odisha,"Apollo Hospital, Bhubaneswar",DNBORTHOPAEDICS,DNB Post MBBS,"₹ 1,25,000.00",350,0,₹ 0.00,"₹ 66,916.00"
Odisha,"Ashwini Trauma Centre, Cuttack",DNBORTHOPAEDICS,DNB Post MBBS,"₹ 1,25,000.00",100,0,₹ 0.00,"₹ 67,000.00"
Odisha,"Ispat Gen Hospital, Rourkela",DNBORTHOPAEDICS,DNB Post MBBS,"₹ 1,25,000.00",600,0,₹ 0.00,"₹ 70,868.00"
Pondicherry,"IG GovtGenHosp&PGI,Pondicherry",DNBORTHOPAEDICS,DNB Post MBBS,"₹ 1,25,000.00",626,0,₹ 0.00,"₹ 43,000.00"
Punjab,"Amandeep Hospital, Amritsar",DNBORTHOPAEDICS,DNB Post MBBS,"₹ 1,25,000.00",200,0,₹ 0.00,"₹ 67,968.00"
Punjab,"Joshi Hospital,Jalandhar,Punjab",DNBORTHOPAEDICS,DNB Post MBBS,"₹ 1,25,000.00",100,0,₹ 0.00,"₹ 68,000.00"
Rajasthan,"Chirayu Hospital, Jaipur",DNBORTHOPAEDICS,DNB Post MBBS,"₹ 1,25,000.00",100,0,₹ 0.00,"₹ 58,289.00"
Rajasthan,"Manipal Hospital, Jaipur",DNBORTHOPAEDICS,DNB Post MBBS,"₹ 1,25,000.00",225,0,₹ 0.00,"₹ 69,200.00"
Rajasthan,"Porwal Hospital, Bhilwara",DNBORTHOPAEDICS,DNB Post MBBS,"₹ 1,25,000.00",120,0,₹ 0.00,"₹ 60,000.00"
Tamil Nadu,"Southern Railway Hosp, Chennai",DNBORTHOPAEDICS,DNB Post MBBS,"₹ 1,25,000.00",505,0,₹ 0.00,"₹ 52,451.00"
Rajasthan,"Rukmani Birla Hospital, Jaipur",DNBORTHOPAEDICS,DNB Post MBBS,"₹ 1,25,000.00",230,0,₹ 0.00,"₹ 76,176.00"
Assam,"Down Town Hospital, Dispur",DNBORTHOPAEDICS,DNB Post MBBS,"₹ 1,25,000.00",300,0,₹ 0.00,"₹ 55,200.00"
Bihar,"Anup Institute Of Ortho, Patna",DNBORTHOPAEDICS,DNB Post MBBS,"₹ 1,25,000.00",103,0,₹ 0.00,"₹ 82,000.00"
Bihar,"Paras HMRI Hospital, Patna",DNBORTHOPAEDICS,DNB Post MBBS,"₹ 1,25,000.00",350,0,₹ 0.00,"₹ 82,000.00"
Bihar,"Ruban Memorial Hosp, Patna",DNBORTHOPAEDICS,DNB Post MBBS,"₹ 1,25,000.00",NA,0,₹ 0.00,"₹ 82,000.00"
Chandigarh,"Govt MultSpec Hosp, Chandigarh",DNBORTHOPAEDICS,DNB Post MBBS,"₹ 1,25,000.00",500,0,₹ 0.00,"₹ 1,07,000.00"
Chhattisgarh,"Apollo Hospital, Bilaspur",DNBORTHOPAEDICS,DNB Post MBBS,"₹ 1,25,000.00",300,0,₹ 0.00,"₹ 57,500.00"
Jammu and Kashmir,"Assoc Hosp Govt MC, Baramulla",DNBORTHOPAEDICS,DNB Post MBBS,"₹ 1,25,000.00",363,0,₹ 0.00,"₹ 48,000.00"
Chhattisgarh,"JLN Main Hosp & RC, Bhilai",DNBORTHOPAEDICS,DNB Post MBBS,"₹ 1,25,000.00",860,0,₹ 0.00,"₹ 67,500.00"
Chhattisgarh,"Ramkrishna Care Hosp, Raipur",DNBORTHOPAEDICS,DNB Post MBBS,"₹ 1,25,000.00",359,0,₹ 0.00,"₹ 67,500.00"
Chhattisgarh,"Shree Narayana Hosp, Raipur",DNBORTHOPAEDICS,DNB Post MBBS,"₹ 1,25,000.00",200,0,₹ 0.00,"₹ 67,500.00"
Chhattisgarh,"VYIMS, Raipur",DNBORTHOPAEDICS,DNB Post MBBS,"₹ 1,25,000.00",175,0,₹ 0.00,"₹ 53,550.00"
Delhi,"Aakash HC SS Hospital, Dwarka",DNBORTHOPAEDICS,DNB Post MBBS,"₹ 1,25,000.00",200,0,₹ 0.00,"₹ 80,000.00"
Delhi,"Batra Hospital, Delhi",DNBORTHOPAEDICS,DNB Post MBBS,"₹ 1,25,000.00",495,0,₹ 0.00,"₹ 61,000.00"
Delhi,"Deen Dayal Upadhyay, Delhi",DNBORTHOPAEDICS,DNB Post MBBS,"₹ 1,25,000.00",640,0,₹ 0.00,"₹ 1,26,927.00"
Delhi,"Dr B L Kapur Mem Hosp, Delhi",DNBORTHOPAEDICS,DNB Post MBBS,"₹ 1,25,000.00",465,0,₹ 0.00,"₹ 60,000.00"
Delhi,"Dr Baba Saheb Ambedkar, Delhi",DNBORTHOPAEDICS,DNB Post MBBS,"₹ 1,25,000.00",500,0,₹ 0.00,"₹ 1,26,927.00"
Delhi,"ESI Hospital, Jhilmil Shahdara",DNBORTHOPAEDICS,DNB Post MBBS,"₹ 1,25,000.00",300,1,"₹ 7,50,000.00","₹ 70,000.00"
Delhi,"Hindu Rao Hospital, Delhi",DNBORTHOPAEDICS,DNB Post MBBS,"₹ 1,25,000.00",980,0,₹ 0.00,"₹ 1,26,927.00"
Delhi,"IndianSpinalInjuriesCent,Delhi",DNBORTHOPAEDICS,DNB Post MBBS,"₹ 1,25,000.00",200,0,₹ 0.00,"₹ 66,940.00"
Delhi,"Indraprastha Apollo Hosp,Delhi",DNBORTHOPAEDICS,DNB Post MBBS,"₹ 1,25,000.00",718,0,₹ 0.00,"₹ 64,500.00"
Delhi,"Jaipur Golden Hospital, Delhi",DNBORTHOPAEDICS,DNB Post MBBS,"₹ 1,25,000.00",242,0,₹ 0.00,"₹ 70,000.00"
Delhi,"Maharaja Agrasen Hosp, Delhi",DNBORTHOPAEDICS,DNB Post MBBS,"₹ 1,25,000.00",300,0,₹ 0.00,"₹ 63,000.00"
Delhi,"Mata Chanan Devi Hosp, Delhi",DNBORTHOPAEDICS,DNB Post MBBS,"₹ 1,25,000.00",210,0,₹ 0.00,"₹ 60,000.00"
Delhi,"MaxSmart SS(SaketCityH),Delhi",DNBORTHOPAEDICS,DNB Post MBBS,"₹ 1,25,000.00",250,0,₹ 0.00,"₹ 57,000.00"
Delhi,"Max SS Hosp,ShalimarBagh,Delhi",DNBORTHOPAEDICS,DNB Post MBBS,"₹ 1,25,000.00",250,0,₹ 0.00,"₹ 60,000.00"
Delhi,"NorthernRailway CentHosp,Delhi",DNBORTHOPAEDICS,DNB Post MBBS,"₹ 1,25,000.00",413,0,₹ 0.00,"₹ 1,26,927.00"
Delhi,"Sanjay Gandhi Mem Hosp, Delhi",DNBORTHOPAEDICS,DNB Post MBBS,"₹ 1,25,000.00",300,0,₹ 0.00,"₹ 1,26,927.00"
Delhi,"Shri Balaji Action Med, Delhi",DNBORTHOPAEDICS,DNB Post MBBS,"₹ 1,25,000.00",250,0,₹ 0.00,"₹ 72,000.00"
Delhi,"Sir Ganga Ram Hospital, Delhi",DNBORTHOPAEDICS,DNB Post MBBS,"₹ 1,25,000.00",675,0,₹ 0.00,"₹ 92,000.00"
Delhi,"St Stephen's Hospital, Delhi",DNBORTHOPAEDICS,DNB Post MBBS,"₹ 1,25,000.00",595,0,₹ 0.00,"₹ 63,000.00"
Delhi,"Swami Dayanand Hospital, Delhi",DNBORTHOPAEDICS,DNB Post MBBS,"₹ 1,25,000.00",370,0,₹ 0.00,"₹ 1,35,264.00"
Delhi,"Venkateshwar Hospital, Delhi",DNBORTHOPAEDICS,DNB Post MBBS,"₹ 1,25,000.00",250,0,₹ 0.00,"₹ 60,000.00"
Delhi,"ParmanandSSHosp,YamunaBazaar,Del",DNBORTHOPAEDICS,DNB Post MBBS,"₹ 1,25,000.00",102,0,₹ 0.00,"₹ 60,000.00"
Haryana,"Aadhar Health Inst, Hisar",DNBORTHOPAEDICS,DNB Post MBBS,"₹ 1,25,000.00",200,0,₹ 0.00,"₹ 78,000.00"
Haryana,"Artemis Health Inst, Gurgaon",DNBORTHOPAEDICS,DNB Post MBBS,"₹ 1,25,000.00",394,0,₹ 0.00,"₹ 56,000.00"
Haryana,"Asian IMS, Faridabad",DNBORTHOPAEDICS,DNB Post MBBS,"₹ 1,25,000.00",425,0,₹ 0.00,"₹ 58,100.00"
Haryana,"BPS Med Coll, Sonepat",DNBORTHOPAEDICS,DNB Post MBBS,"₹ 1,25,000.00",550,0,₹ 0.00,"₹ 1,00,980.00"
Haryana,"Fortis Memorial RI, Gurgaon",DNBORTHOPAEDICS,DNB Post MBBS,"₹ 1,25,000.00",300,0,₹ 0.00,"₹ 57,000.00"
Haryana,"General Hospital, Panchkula",DNBORTHOPAEDICS,DNB Post MBBS,"₹ 1,25,000.00",300,0,₹ 0.00,"₹ 1,00,980.00"
Haryana,"Kalpana Chawla GMC Hosp,Karnal",DNBORTHOPAEDICS,DNB Post MBBS,"₹ 1,25,000.00",345,0,₹ 0.00,"₹ 1,00,980.00"
Haryana,"Medanta The Medicity, Gurgaon",DNBORTHOPAEDICS,DNB Post MBBS,"₹ 1,25,000.00",1200,0,₹ 0.00,"₹ 65,000.00"
Haryana,"Metro Heart Inst, Faridabad",DNBORTHOPAEDICS,DNB Post MBBS,"₹ 1,25,000.00",200,0,₹ 0.00,"₹ 95,000.00"
Haryana,"QRG Medicare, Faridabad",DNBORTHOPAEDICS,DNB Post MBBS,"₹ 1,25,000.00",325,0,₹ 0.00,"₹ 70,000.00"
Haryana,"Sarvodaya Hospital, Faridabad",DNBORTHOPAEDICS,DNB Post MBBS,"₹ 1,25,000.00",300,0,₹ 0.00,"₹ 73,000.00"
Haryana,"SHKM Gov Med Coll, Nuh",DNBORTHOPAEDICS,DNB Post MBBS,"₹ 1,25,000.00",647,0,₹ 0.00,"₹ 1,00,980.00"
Haryana,"Virk Hospital, Karnal, Haryana",DNBORTHOPAEDICS,DNB Post MBBS,"₹ 1,25,000.00",100,0,₹ 0.00,"₹ 60,000.00"
Himachal Pradesh,"Lal Bah Shastri Govt Med,Mandi",DNBORTHOPAEDICS,DNB Post MBBS,"₹ 1,25,000.00",550,2,"₹ 40,00,000.00","₹ 40,000.00"
Jammu and Kashmir,"District Hospital,Udhampur, J&K",DNBORTHOPAEDICS,DNB Post MBBS,"₹ 1,25,000.00",200,0,₹ 0.00,"₹ 48,000.00"
Jammu and Kashmir,"Govt Med Coll Hosp, Rajouri",DNBORTHOPAEDICS,DNB Post MBBS,"₹ 1,25,000.00",300,0,₹ 0.00,"₹ 59,500.00"
Jharkhand,"Bokaro General Hosp, Bokaro",DNBORTHOPAEDICS,DNB Post MBBS,"₹ 1,25,000.00",910,0,₹ 0.00,"₹ 60,588.00"
Jharkhand,"Shree Jagannath Hosp, Ranchi",DNBORTHOPAEDICS,DNB Post MBBS,"₹ 1,25,000.00",100,0,₹ 0.00,"₹ 56,100.00"
Jharkhand,"Tata Main Hospital, Jamshedpur",DNBORTHOPAEDICS,DNB Post MBBS,"₹ 1,25,000.00",915,0,₹ 0.00,"₹ 56,100.00"
Jharkhand,"Tata Motors Hosp, Jamshedpur",DNBORTHOPAEDICS,DNB Post MBBS,"₹ 1,25,000.00",404,0,₹ 0.00,"₹ 56,100.00"
Maharashtra,"KB Bhabha MunicGenHosp, Mumbai",DNBORTHOPAEDICS,DNB Post MBBS,"₹ 1,25,000.00",436,0,₹ 0.00,"₹ 92,522.00"
Karnataka,"Apollo Hosp, Bannerghatta, BLR",DNBORTHOPAEDICS,DNB Post MBBS,"₹ 1,25,000.00",350,0,₹ 0.00,"₹ 56,250.00"
Karnataka,"Aster CMI Hospital, Bangalore",DNBORTHOPAEDICS,DNB Post MBBS,"₹ 1,25,000.00",350,0,₹ 0.00,"₹ 56,250.00"
Karnataka,"Bangalore Baptist, Bangalore",DNBORTHOPAEDICS,DNB Post MBBS,"₹ 1,25,000.00",340,0,₹ 0.00,"₹ 56,250.00"
Karnataka,"Gleneagles BGS Hospital, Kengeri",DNBORTHOPAEDICS,DNB Post MBBS,"₹ 1,25,000.00",450,0,₹ 0.00,"₹ 56,250.00"
Karnataka,"Bhagwan MahaveerJain,Bangalore",DNBORTHOPAEDICS,DNB Post MBBS,"₹ 1,25,000.00",470,0,₹ 0.00,"₹ 45,000.00"
Karnataka,"District Hospital, Dharwad",DNBORTHOPAEDICS,DNB Post MBBS,"₹ 1,25,000.00",250,1,"₹ 20,00,000.00","₹ 45,000.00"
Karnataka,"District Hospital, Tumakuru",DNBORTHOPAEDICS,DNB Post MBBS,"₹ 1,25,000.00",400,1,"₹ 20,00,000.00","₹ 45,000.00"
Karnataka,"Fortis Hosp,BannerghattaRd,BLR",DNBORTHOPAEDICS,DNB Post MBBS,"₹ 1,25,000.00",400,0,₹ 0.00,"₹ 45,000.00"
Karnataka,"HOSMAT Hospital, Bangalore",DNBORTHOPAEDICS,DNB Post MBBS,"₹ 1,25,000.00",150,0,₹ 0.00,"₹ 45,000.00"
Karnataka,"KS Hospital, Koppal, Karnataka",DNBORTHOPAEDICS,DNB Post MBBS,"₹ 1,25,000.00",200,0,₹ 0.00,"₹ 45,000.00"
Karnataka,"Manipal Hosp, Rustum Bagh, BLR",DNBORTHOPAEDICS,DNB Post MBBS,"₹ 1,25,000.00",600,0,₹ 0.00,"₹ 56,250.00"
Karnataka,"People Tree Hosp, Bangalore",DNBORTHOPAEDICS,DNB Post MBBS,"₹ 1,25,000.00",200,0,₹ 0.00,"₹ 40,000.00"
Karnataka,"Narayana Hrudayalaya Hos,Bommasandra",DNBORTHOPAEDICS,DNB Post MBBS,"₹ 1,25,000.00",210,0,₹ 0.00,"₹ 56,250.00"
Karnataka,"Sparsh SS Hosp, Yeshwanthpur",DNBORTHOPAEDICS,DNB Post MBBS,"₹ 1,25,000.00",250,0,₹ 0.00,"₹ 56,250.00"
Karnataka,"St Martha's Hosp, Bangalore",DNBORTHOPAEDICS,DNB Post MBBS,"₹ 1,25,000.00",431,0,₹ 0.00,"₹ 45,000.00"
Karnataka,"Tejasvini Hospital, Mangalore",DNBORTHOPAEDICS,DNB Post MBBS,"₹ 1,25,000.00",200,0,₹ 0.00,"₹ 45,000.00"
Karnataka,"Yenepoya Spec Hosp, Kodialbail",DNBORTHOPAEDICS,DNB Post MBBS,"₹ 1,25,000.00",170,0,₹ 0.00,"₹ 45,000.00"
Kerala,"Almadeena IMS, Malappuram",DNBORTHOPAEDICS,DNB Post MBBS,"₹ 1,25,000.00",230,0,₹ 0.00,"₹ 57,750.00"
Kerala,"Apollo Adlux Hosp, Angamaly,KER",DNBORTHOPAEDICS,DNB Post MBBS,"₹ 1,25,000.00",300,0,₹ 0.00,"₹ 60,000.00"
Kerala,"Aster Medcity, Kochi",DNBORTHOPAEDICS,DNB Post MBBS,"₹ 1,25,000.00",500,0,₹ 0.00,"₹ 57,876.00"
Kerala,"Baby Memorial, Kozhikode",DNBORTHOPAEDICS,DNB Post MBBS,"₹ 1,25,000.00",600,0,₹ 0.00,"₹ 57,876.00"
Kerala,"Caritas Hospital, Kottayam",DNBORTHOPAEDICS,DNB Post MBBS,"₹ 1,25,000.00",660,0,₹ 0.00,"₹ 57,876.00"
Kerala,"Cosmopolitan Hosp, Trivandrum",DNBORTHOPAEDICS,DNB Post MBBS,"₹ 1,25,000.00",360,0,₹ 0.00,"₹ 57,876.00"
Kerala,"EMS Mem Hosp, Perinthalmanna",DNBORTHOPAEDICS,DNB Post MBBS,"₹ 1,25,000.00",500,0,₹ 0.00,"₹ 57,876.00"
Kerala,"Ernakulam Medical Centre,Kochi",DNBORTHOPAEDICS,DNB Post MBBS,"₹ 1,25,000.00",250,0,₹ 0.00,"₹ 57,876.00"
Kerala,"IQRAA, Kozhikode",DNBORTHOPAEDICS,DNB Post MBBS,"₹ 1,25,000.00",300,0,₹ 0.00,"₹ 57,876.00"
Kerala,"KIMS, Trivandrum",DNBORTHOPAEDICS,DNB Post MBBS,"₹ 1,25,000.00",2000,0,₹ 0.00,"₹ 57,876.00"
Kerala,"KIMS Al Shifa Hosp, Malappuram",DNBORTHOPAEDICS,DNB Post MBBS,"₹ 1,25,000.00",500,0,₹ 0.00,"₹ 57,876.00"
Kerala,"KozhikodeDistCo-op,Eranhipalam",DNBORTHOPAEDICS,DNB Post MBBS,"₹ 1,25,000.00",175,0,₹ 0.00,"₹ 57,876.00"
Kerala,"Lakeshore Hospital, Kochi",DNBORTHOPAEDICS,DNB Post MBBS,"₹ 1,25,000.00",470,0,₹ 0.00,"₹ 57,876.00"
Kerala,"Lisie Medical Inst, Kochi",DNBORTHOPAEDICS,DNB Post MBBS,"₹ 1,25,000.00",750,0,₹ 0.00,"₹ 57,876.00"
Kerala,"Little Flower Hosp, Angamaly",DNBORTHOPAEDICS,DNB Post MBBS,"₹ 1,25,000.00",690,0,₹ 0.00,"₹ 57,876.00"
Kerala,"Lourdes Hospital, Kochi",DNBORTHOPAEDICS,DNB Post MBBS,"₹ 1,25,000.00",600,0,₹ 0.00,"₹ 57,876.00"
Kerala,"Malabar IMS, Kozhikode",DNBORTHOPAEDICS,DNB Post MBBS,"₹ 1,25,000.00",573,0,₹ 0.00,"₹ 57,876.00"
Kerala,"Mar Sleeva Medicity, Kottayam",DNBORTHOPAEDICS,DNB Post MBBS,"₹ 1,25,000.00",648,0,₹ 0.00,"₹ 60,000.00"
Kerala,"Medical Trust Hospital, Kochi",DNBORTHOPAEDICS,DNB Post MBBS,"₹ 1,25,000.00",500,0,₹ 0.00,"₹ 57,876.00"
Kerala,"MuthootHealthCare,Kozhencherry",DNBORTHOPAEDICS,DNB Post MBBS,"₹ 1,25,000.00",330,0,₹ 0.00,"₹ 57,876.00"
Kerala,"Polakulath Narayanan, Kochi",DNBORTHOPAEDICS,DNB Post MBBS,"₹ 1,25,000.00",205,0,₹ 0.00,"₹ 57,876.00"
Kerala,"Rajagiri Hospital, Ernakulam",DNBORTHOPAEDICS,DNB Post MBBS,"₹ 1,25,000.00",530,0,₹ 0.00,"₹ 57,876.00"
Kerala,"SP Fort Hospital, Trivandrum",DNBORTHOPAEDICS,DNB Post MBBS,"₹ 1,25,000.00",106,0,₹ 0.00,"₹ 57,876.00"
Kerala,"St James Hospital, Chalakudy",DNBORTHOPAEDICS,DNB Post MBBS,"₹ 1,25,000.00",450,0,₹ 0.00,"₹ 59,168.00"
Madhya Pradesh,"Bombay Hospital, Indore",DNBORTHOPAEDICS,DNB Post MBBS,"₹ 1,25,000.00",350,0,₹ 0.00,"₹ 75,444.00"
Maharashtra,"Apollo Hospital, Navi Mumbai",DNBORTHOPAEDICS,DNB Post MBBS,"₹ 1,25,000.00",473,0,₹ 0.00,"₹ 89,000.00"
Maharashtra,"Aster Aadhar Hospital,Kolhapur",DNBORTHOPAEDICS,DNB Post MBBS,"₹ 1,25,000.00",150,0,₹ 0.00,"₹ 86,429.00"
Maharashtra,"BARC Hosp, Mumbai",DNBORTHOPAEDICS,DNB Post MBBS,"₹ 1,25,000.00",390,0,₹ 0.00,"₹ 96,000.00"
Maharashtra,"DrBSAmbedkar MunGenHosp, Mumbai",DNBORTHOPAEDICS,DNB Post MBBS,"₹ 1,25,000.00",444,0,₹ 0.00,"₹ 80,000.00"
Maharashtra,"Deenanath Mangeshkar, Pune",DNBORTHOPAEDICS,DNB Post MBBS,"₹ 1,25,000.00",876,0,₹ 0.00,"₹ 89,698.00"
Maharashtra,"Dr B Nanavati Hosp, Mumbai",DNBORTHOPAEDICS,DNB Post MBBS,"₹ 1,25,000.00",348,0,₹ 0.00,"₹ 86,630.00"
Maharashtra,"Fortis Hosp, Mulund, Mumbai",DNBORTHOPAEDICS,DNB Post MBBS,"₹ 1,25,000.00",350,0,₹ 0.00,"₹ 86,750.00"
Maharashtra,"Khan Bahadur Bhabha Hosp,Mumbai",DNBORTHOPAEDICS,DNB Post MBBS,"₹ 1,25,000.00",336,0,₹ 0.00,"₹ 75,144.00"
Maharashtra,"Pawana Hospital, Pune",DNBORTHOPAEDICS,DNB Post MBBS,"₹ 1,25,000.00",NA,0,₹ 0.00,"₹ 76,429.00"
Maharashtra,"Rajiv Gandhi MedColl,Thane,MUM",DNBORTHOPAEDICS,DNB Post MBBS,"₹ 1,25,000.00",500,1,"₹ 50,00,000.00","₹ 80,000.00"
Maharashtra,"Sadhu Vaswani Missions, Pune",DNBORTHOPAEDICS,DNB Post MBBS,"₹ 1,25,000.00",369,0,₹ 0.00,"₹ 90,000.00"
Maharashtra,"Saifee Hospital, Mumbai",DNBORTHOPAEDICS,DNB Post MBBS,"₹ 1,25,000.00",257,0,₹ 0.00,"₹ 89,700.00"
Maharashtra,"SethVCGandhi Mun Gen Hos,Mumbai",DNBORTHOPAEDICS,DNB Post MBBS,"₹ 1,25,000.00",596,0,₹ 0.00,"₹ 75,144.00"
Maharashtra,"Wockhardt Hosp, Central Mumbai",DNBORTHOPAEDICS,DNB Post MBBS,"₹ 1,25,000.00",320,0,₹ 0.00,"₹ 75,000.00"
Punjab,"Fortis Hospital, Mohali",DNBORTHOPAEDICS,DNB Post MBBS,"₹ 1,25,000.00",360,0,₹ 0.00,"₹ 68,000.00"
Punjab,"Max SS Hosp, Mohali",DNBORTHOPAEDICS,DNB Post MBBS,"₹ 1,25,000.00",200,0,₹ 0.00,"₹ 45,000.00"
Rajasthan,"Dhanwantri Hospital, Jaipur",DNBORTHOPAEDICS,DNB Post MBBS,"₹ 1,25,000.00",251,0,₹ 0.00,"₹ 35,000.00"
Rajasthan,"Govt RDBP Jaipuria Hosp,Jaipur",DNBORTHOPAEDICS,DNB Post MBBS,"₹ 1,25,000.00",521,0,₹ 0.00,"₹ 70,656.00"
Rajasthan,"Gurukripa Hospital, Sikar",DNBORTHOPAEDICS,DNB Post MBBS,"₹ 1,25,000.00",NA,0,₹ 0.00,"₹ 50,000.00"
Rajasthan,"Jeevan Rekha SS Hosp, Jaipur",DNBORTHOPAEDICS,DNB Post MBBS,"₹ 1,25,000.00",300,0,₹ 0.00,"₹ 60,000.00"
Tamil Nadu,"Apollo Hosp, Greams Rd,Chennai",DNBORTHOPAEDICS,DNB Post MBBS,"₹ 1,25,000.00",745,0,₹ 0.00,"₹ 52,451.00"
Tamil Nadu,"Devadoss Hosp, Madurai",DNBORTHOPAEDICS,DNB Post MBBS,"₹ 1,25,000.00",200,0,₹ 0.00,"₹ 52,451.00"
Tamil Nadu,"Dr Rangarajan Mem Hosp,Chennai",DNBORTHOPAEDICS,DNB Post MBBS,"₹ 1,25,000.00",176,0,₹ 0.00,"₹ 50,923.00"
Tamil Nadu,"Ganga Med Centre, Coimbatore",DNBORTHOPAEDICS,DNB Post MBBS,"₹ 1,25,000.00",500,0,₹ 0.00,"₹ 50,000.00"
Tamil Nadu,"Govt HQ Hosp, Cuddalore",DNBORTHOPAEDICS,DNB Post MBBS,"₹ 1,25,000.00",750,2,"₹ 40,00,000.00","₹ 52,451.00"
Tamil Nadu,"Kauvery Hospital, Chennai",DNBORTHOPAEDICS,DNB Post MBBS,"₹ 1,25,000.00",200,0,₹ 0.00,"₹ 52,451.00"
Tamil Nadu,"KMC SpecHosp,Cantonment,Trichy",DNBORTHOPAEDICS,DNB Post MBBS,"₹ 1,25,000.00",175,0,₹ 0.00,"₹ 52,451.00"
Tamil Nadu,"Kovai MedicalCentre,Coimbatore",DNBORTHOPAEDICS,DNB Post MBBS,"₹ 1,25,000.00",950,0,₹ 0.00,"₹ 52,451.00"
Tamil Nadu,"Krishnakumar Ortho, Nagercoil",DNBORTHOPAEDICS,DNB Post MBBS,"₹ 1,25,000.00",100,0,₹ 0.00,"₹ 50,000.00"
Tamil Nadu,"MIOT Hospital, Chennai",DNBORTHOPAEDICS,DNB Post MBBS,"₹ 1,25,000.00",920,0,₹ 0.00,"₹ 65,000.00"
Tamil Nadu,"Meenakshi Mission Hosp,Madurai",DNBORTHOPAEDICS,DNB Post MBBS,"₹ 1,25,000.00",800,0,₹ 0.00,"₹ 52,451.00"
Tamil Nadu,"Preethi Hospital, Madurai",DNBORTHOPAEDICS,DNB Post MBBS,"₹ 1,25,000.00",214,0,₹ 0.00,"₹ 52,451.00"
Tamil Nadu,"Rex Hospital, Coimbatore",DNBORTHOPAEDICS,DNB Post MBBS,"₹ 1,25,000.00",120,0,₹ 0.00,"₹ 52,451.00"
Tamil Nadu,"SKS Hospital, Salem",DNBORTHOPAEDICS,DNB Post MBBS,"₹ 1,25,000.00",225,0,₹ 0.00,"₹ 52,453.00"
Tamil Nadu,"SRM Inst for Med Sci, Chennai",DNBORTHOPAEDICS,DNB Post MBBS,"₹ 1,25,000.00",245,0,₹ 0.00,"₹ 52,451.00"
Tamil Nadu,"Scudder Memorial Hosp, Ranipet",DNBORTHOPAEDICS,DNB Post MBBS,"₹ 1,25,000.00",100,0,₹ 0.00,"₹ 53,000.00"
Telangana,"AIG Hospital, Hyderabad",DNBORTHOPAEDICS,DNB Post MBBS,"₹ 1,25,000.00",720,0,₹ 0.00,"₹ 58,289.00"
Telangana,"Apollo Hosp,Jubilee Hills,Hyd",DNBORTHOPAEDICS,DNB Post MBBS,"₹ 1,25,000.00",550,0,₹ 0.00,"₹ 50,686.00"
Telangana,"Care Hospital, Gachibowli",DNBORTHOPAEDICS,DNB Post MBBS,"₹ 1,25,000.00",220,0,₹ 0.00,"₹ 50,686.00"
Telangana,"Care Hospital, Banjara Hills",DNBORTHOPAEDICS,DNB Post MBBS,"₹ 1,25,000.00",444,0,₹ 0.00,"₹ 58,289.00"
Telangana,"Continental Hosp, Hyderabad",DNBORTHOPAEDICS,DNB Post MBBS,"₹ 1,25,000.00",587,0,₹ 0.00,"₹ 58,289.00"
Telangana,"KIMS Hospital, Hyderabad",DNBORTHOPAEDICS,DNB Post MBBS,"₹ 1,25,000.00",200,0,₹ 0.00,"₹ 58,289.00"
Telangana,"Krishna IMS, Secunderabad",DNBORTHOPAEDICS,DNB Post MBBS,"₹ 1,25,000.00",675,0,₹ 0.00,"₹ 50,686.00"
Telangana,"Medicover Hospitals, Hyderabad",DNBORTHOPAEDICS,DNB Post MBBS,"₹ 1,25,000.00",285,0,₹ 0.00,"₹ 50,686.00"
Telangana,"St Theresa's Hosp, Hyderabad",DNBORTHOPAEDICS,DNB Post MBBS,"₹ 1,25,000.00",300,0,₹ 0.00,"₹ 50,686.00"
Telangana,"KIMS SunShine Hosp, Hyd",DNBORTHOPAEDICS,DNB Post MBBS,"₹ 1,25,000.00",300,0,₹ 0.00,"₹ 58,289.00"
Telangana,"Udai Omni Hospital, Hyderabad",DNBORTHOPAEDICS,DNB Post MBBS,"₹ 1,25,000.00",150,0,₹ 0.00,"₹ 50,686.00"
Telangana,"Yashoda Hosp,SPRd,Secunderabad",DNBORTHOPAEDICS,DNB Post MBBS,"₹ 1,25,000.00",876,0,₹ 0.00,"₹ 58,289.00"
Telangana,"Yashoda SS Hosp,Malakpet, HYD",DNBORTHOPAEDICS,DNB Post MBBS,"₹ 1,25,000.00",550,0,₹ 0.00,"₹ 58,289.00"
Telangana,"Yashoda HealthCareServ,Somajiguda,HYD",DNBORTHOPAEDICS,DNB Post MBBS,"₹ 1,25,000.00",650,0,₹ 0.00,"₹ 58,289.00"
Telangana,"Zoi Hospital, Hyderabad",DNBORTHOPAEDICS,DNB Post MBBS,"₹ 1,25,000.00",100,0,₹ 0.00,"₹ 50,000.00"
Telangana,"Sai SanjeeviniHosp,Kothapet,Hyd",DNBORTHOPAEDICS,DNB Post MBBS,"₹ 1,25,000.00",150,0,₹ 0.00,"₹ 58,289.00"
Uttar Pradesh,"Apex Hospital, Varanasi",DNBORTHOPAEDICS,DNB Post MBBS,"₹ 1,25,000.00",200,0,₹ 0.00,"₹ 56,100.00"
Uttar Pradesh,"Apollomedics SS Hosp, Lucknow",DNBORTHOPAEDICS,DNB Post MBBS,"₹ 1,25,000.00",300,0,₹ 0.00,"₹ 80,000.00"
Uttar Pradesh,"ShyamaPrasad (Civil), Lucknow",DNBORTHOPAEDICS,DNB Post MBBS,"₹ 1,25,000.00",401,0,₹ 0.00,"₹ 70,000.00"
Uttar Pradesh,"Felix Hospital, Noida",DNBORTHOPAEDICS,DNB Post MBBS,"₹ 1,25,000.00",NA,0,₹ 0.00,"₹ 65,000.00"
Uttar Pradesh,"Max SS Hosp, Ghaziabad",DNBORTHOPAEDICS,DNB Post MBBS,"₹ 1,25,000.00",436,0,₹ 0.00,"₹ 60,000.00"
Uttar Pradesh,"Oriana Hospital, Varanasi, UP",DNBORTHOPAEDICS,DNB Post MBBS,"₹ 1,25,000.00",100,0,₹ 0.00,"₹ 56,100.00"
Uttar Pradesh,"Vardhman Trauma &LC, Mzfrngr,UP",DNBORTHOPAEDICS,DNB Post MBBS,"₹ 1,25,000.00",102,0,₹ 0.00,"₹ 55,000.00"
Uttar Pradesh,"Vivekananda Polyclinic,Lucknow",DNBORTHOPAEDICS,DNB Post MBBS,"₹ 1,25,000.00",350,0,₹ 0.00,"₹ 61,100.00"
Uttar Pradesh,"Yashoda SS Hosp,Ghaziabad",DNBORTHOPAEDICS,DNB Post MBBS,"₹ 1,25,000.00",306,0,₹ 0.00,"₹ 70,000.00"
Uttar Pradesh,"Yatharth SS, Omega 1,GreatrNoida",DNBORTHOPAEDICS,DNB Post MBBS,"₹ 1,25,000.00",400,0,₹ 0.00,"₹ 80,000.00"
Uttar Pradesh,"YatharthSS, Sec 1,GreatrNoida",DNBORTHOPAEDICS,DNB Post MBBS,"₹ 1,25,000.00",450,0,₹ 0.00,"₹ 80,000.00"
West Bengal,"Apollo Gleneagles, Kolkata",DNBORTHOPAEDICS,DNB Post MBBS,"₹ 1,25,000.00",750,0,₹ 0.00,"₹ 47,000.00"
West Bengal,"Kalyani Inst of Med Sci,Burdwan",DNBORTHOPAEDICS,DNB Post MBBS,"₹ 1,25,000.00",224,0,₹ 0.00,"₹ 50,000.00"
West Bengal,"Manipal Hospital,EM Bypass,Kolkata",DNBORTHOPAEDICS,DNB Post MBBS,"₹ 1,25,000.00",404,0,₹ 0.00,"₹ 46,000.00"
West Bengal,"Orthopaedics Hosp, Howrah",DNBORTHOPAEDICS,DNB Post MBBS,"₹ 1,25,000.00",179,0,₹ 0.00,"₹ 1,00,980.00"
West Bengal,"Peerless Hospital, Kolkata",DNBORTHOPAEDICS,DNB Post MBBS,"₹ 1,25,000.00",400,0,₹ 0.00,"₹ 46,300.00"
West Bengal,"RN Tagore (Cardiac), Kolkata",DNBORTHOPAEDICS,DNB Post MBBS,"₹ 1,25,000.00",681,0,₹ 0.00,"₹ 49,884.00"
West Bengal,"Calcutta Med Res Inst,Kolkata",DNBORTHOPAEDICS,DNB Post MBBS,"₹ 1,25,000.00",440,0,₹ 0.00,"₹ 49,885.00"
West Bengal,"The Mission Hosp, Durgapur, WB",DNBORTHOPAEDICS,DNB Post MBBS,"₹ 1,25,000.00",360,0,₹ 0.00,"₹ 45,000.00"
Andhra Pradesh,"Lalitha SS Hospital, Guntur",DNBORTHOPAEDICS,DNB Post MBBS,"₹ 1,25,000.00",250,0,₹ 0.00,"₹ 60,823.00"
Haryana,"Paras Hospital, Gurgaon",DNBORTHOPAEDICS,DNB Post MBBS,"₹ 1,25,000.00",250,0,₹ 0.00,"₹ 60,000.00"
Jammu and Kashmir,"Govt Med Coll Hosp, Anantnag",DNBORTHOPAEDICS,DNB Post MBBS,"₹ 1,25,000.00",363,0,₹ 0.00,"₹ 59,500.00"
Karnataka,"General Hospital, Jayanagar",DNBORTHOPAEDICS,DNB Post MBBS,"₹ 1,25,000.00",300,1,"₹ 20,00,000.00","₹ 45,000.00"
Karnataka,"Manipal Hosp, Whitefield, BLR",DNBORTHOPAEDICS,DNB Post MBBS,"₹ 1,25,000.00",287,0,₹ 0.00,"₹ 56,250.00"
Karnataka,"Manipal Hospital,Ambalipura,BLR",DNBORTHOPAEDICS,DNB Post MBBS,"₹ 1,25,000.00",206,0,₹ 0.00,"₹ 45,000.00"
Karnataka,"Sahyadri Narayana Hosp,Shimoga",DNBORTHOPAEDICS,DNB Post MBBS,"₹ 1,25,000.00",228,0,₹ 0.00,"₹ 56,250.00"
Kerala,"MGMMuthoot Hosp,Pathanamthitta",DNBORTHOPAEDICS,DNB Post MBBS,"₹ 1,25,000.00",150,0,₹ 0.00,"₹ 57,876.00"
Maharashtra,"DrHedgewarRugnalaya,Aurangabad",DNBORTHOPAEDICS,DNB Post MBBS,"₹ 1,25,000.00",267,0,₹ 0.00,"₹ 71,000.00"
Maharashtra,"Hiranandani Hosp, Mumbai",DNBORTHOPAEDICS,DNB Post MBBS,"₹ 1,25,000.00",244,0,₹ 0.00,"₹ 83,000.00"
Maharashtra,"Jupiter Lifeline Hosp, Pune",DNBORTHOPAEDICS,DNB Post MBBS,"₹ 1,25,000.00",350,0,₹ 0.00,"₹ 86,000.00"
Maharashtra,"KJ Somaiya MedColl Hosp,Mumbai",DNBORTHOPAEDICS,DNB Post MBBS,"₹ 1,25,000.00",520,0,₹ 0.00,"₹ 86,629.00"
Maharashtra,"ShriVasantRaoGovtMedCol,Yavtmal",DNBORTHOPAEDICS,DNB Post MBBS,"₹ 1,25,000.00",765,1,"₹ 50,00,000.00","₹ 75,144.00"
Odisha,"Manipal Hospital, Bhubaneswar",DNBORTHOPAEDICS,DNB Post MBBS,"₹ 1,25,000.00",400,0,₹ 0.00,"₹ 71,000.00"
Odisha,"JaiprakashHosp,Rourkela,Odisha",DNBORTHOPAEDICS,DNB Post MBBS,"₹ 1,25,000.00",307,0,₹ 0.00,"₹ 90,000.00"
Punjab,"NasaBrain & SpineCent,Jalandhar",DNBORTHOPAEDICS,DNB Post MBBS,"₹ 1,25,000.00",230,0,₹ 0.00,"₹ 70,000.00"
Tamil Nadu,"Sri Narayani Hospital, Vellore",DNBORTHOPAEDICS,DNB Post MBBS,"₹ 1,25,000.00",250,0,₹ 0.00,"₹ 50,000.00"
Telangana,"Durgabai Deshmukh Hosp, HYD",DNBORTHOPAEDICS,DNB Post MBBS,"₹ 1,25,000.00",200,0,₹ 0.00,"₹ 50,686.00"
Telangana,"Renee Hospital, Karimnagar, TEL",DNBORTHOPAEDICS,DNB Post MBBS,"₹ 1,25,000.00",150,0,₹ 0.00,"₹ 50,000.00"
Uttar Pradesh,"Chandan Hospital, Lucknow",DNBORTHOPAEDICS,DNB Post MBBS,"₹ 1,25,000.00",198,0,₹ 0.00,"₹ 85,000.00"
Uttar Pradesh,"Divisional Dist Hosp, Azamgarh",DNBORTHOPAEDICS,DNB Post MBBS,"₹ 1,25,000.00",312,0,₹ 0.00,"₹ 70,000.00"
Uttar Pradesh,"Max Super Spec Hospital, Noida",DNBORTHOPAEDICS,DNB Post MBBS,"₹ 1,25,000.00",314,0,₹ 0.00,"₹ 70,000.00"
Uttar Pradesh,"LokBandhuRajNarayanHosp,Lucknow",DNBORTHOPAEDICS,DNB Post MBBS,"₹ 1,25,000.00",318,0,₹ 0.00,"₹ 70,000.00"
Uttar Pradesh,"Medanta Hosp, Sushanth Golf, Lucknow",DNBORTHOPAEDICS,DNB Post MBBS,"₹ 1,25,000.00",900,0,₹ 0.00,"₹ 65,000.00"
Uttar Pradesh,"Pandit DDU Govt Hosp,Varanasi",DNBORTHOPAEDICS,DNB Post MBBS,"₹ 1,25,000.00",240,0,₹ 0.00,"₹ 70,000.00"
West Bengal,"Manipal Hosp,Mukundapur,Kolkata",DNBORTHOPAEDICS,DNB Post MBBS,"₹ 1,25,000.00",180,0,₹ 0.00,"₹ 55,000.00"
West Bengal,"Coll of Med & JNM Hosp, Nadia",DNBORTHOPAEDICS,DNB Post MBBS,"₹ 1,25,000.00",550,0,₹ 0.00,"₹ 49,884.00"
Andhra Pradesh,"AmaraHosp,Karakambadi,Tirupati",DNBORTHOPAEDICS,DNB Post MBBS,"₹ 1,25,000.00",500,0,₹ 0.00,"₹ 37,000.00"
Andhra Pradesh,"MJNaiduSuperSpecHosp,Vijayawada",DNBORTHOPAEDICS,DNB Post MBBS,"₹ 1,25,000.00",150,0,₹ 0.00,"₹ 60,823.00"
Kerala,"Baby Mem Hosp, Nadal, Kannur",DNBORTHOPAEDICS,DNB Post MBBS,"₹ 1,25,000.00",400,0,₹ 0.00,"₹ 53,000.00"
Ladakh,"SNM Hospital, Leh, Ladakh",DNBORTHOPAEDICS,DNB Post MBBS,"₹ 1,25,000.00",280,NA,NA,"₹ 37,000.00"
Madhya Pradesh,"ShalbyHos,RSBhandariMarg,Indore",DNBORTHOPAEDICS,DNB Post MBBS,"₹ 1,25,000.00",190,0,₹ 0.00,"₹ 69,115.00"
Madhya Pradesh,"Unique SS Centre, Indore",DNBORTHOPAEDICS,DNB Post MBBS,"₹ 1,25,000.00",100,0,₹ 0.00,"₹ 65,000.00"
Maharashtra,"MasinaHosp,Byculla,Mumbai(Joint)",DNBORTHOPAEDICS,DNB Post MBBS,"₹ 1,25,000.00",272,0,₹ 0.00,"₹ 76,429.00"
Maharashtra,"PIOS Medilinks, Jaysingpur, MH",DNBORTHOPAEDICS,DNB Post MBBS,"₹ 1,25,000.00",100,0,₹ 0.00,"₹ 35,000.00"
Maharashtra,"RP Hosp & ResInstitute,Parbhani",DNBORTHOPAEDICS,DNB Post MBBS,"₹ 1,25,000.00",321,0,₹ 0.00,"₹ 35,000.00"
Maharashtra,"Sainath Hospital,SantNagar,Pune",DNBORTHOPAEDICS,DNB Post MBBS,"₹ 1,25,000.00",100,0,₹ 0.00,"₹ 85,000.00"
Odisha,"UtkalInstofMedSci, Bhubaneswar",DNBORTHOPAEDICS,DNB Post MBBS,"₹ 1,25,000.00",200,0,₹ 0.00,"₹ 72,100.00"
Punjab,"SKR Hosp& Trauma Cent,Pathankot",DNBORTHOPAEDICS,DNB Post MBBS,"₹ 1,25,000.00",100,0,₹ 0.00,"₹ 35,000.00"
Tamil Nadu,"ParvathyOrthoHos,Chrompet,CHN",DNBORTHOPAEDICS,DNB Post MBBS,"₹ 1,25,000.00",150,0,₹ 0.00,"₹ 48,000.00"
Telangana,"SamrakshaSuperSpecHosp,Warangal",DNBORTHOPAEDICS,DNB Post MBBS,"₹ 1,25,000.00",165,0,₹ 0.00,"₹ 55,000.00"
Uttar Pradesh,"Prakash Hosp & Trauma Cent, Mau",DNBORTHOPAEDICS,DNB Post MBBS,"₹ 1,25,000.00",NA,0,₹ 0.00,"₹ 56,100.00"
Uttarakhand,"KVR Hospital, Kashipur",DNBORTHOPAEDICS,DNB Post MBBS,"₹ 1,25,000.00",100,0,₹ 0.00,"₹ 75,000.00"
West Bengal,"Sharanya MS Hosp, Bardhaman, WB",DNBORTHOPAEDICS,DNB Post MBBS,"₹ 1,25,000.00",100,0,₹ 0.00,"₹ 50,000.00"
Andhra Pradesh,"Govt Dist Hosp,Vizianagaram",DNBORTHOPAEDICS,DNB Post MBBS,"₹ 1,25,000.00",300,0,₹ 0.00,"₹ 60,823.00"
Andhra Pradesh,"Queen's NRI Hospital, Vizag",DNBORTHOPAEDICS,DNB Post MBBS,"₹ 1,25,000.00",320,0,₹ 0.00,"₹ 44,075.00"
Kerala,"District Hospital, Palakkad",DNBORTHOPAEDICS,DNB Post MBBS,"₹ 1,25,000.00",544,0,₹ 0.00,"₹ 57,876.00"
Maharashtra,"Dr AmbedkarCentRlwyHosp, MUM",DNBORTHOPAEDICS,DNB Post MBBS,"₹ 1,25,000.00",366,0,₹ 0.00,"₹ 95,358.00"
Uttar Pradesh,"Balrampur Hospital, Lucknow",DNBORTHOPAEDICS,DNB Post MBBS,"₹ 1,25,000.00",656,0,₹ 0.00,"₹ 70,000.00"
Uttarakhand,"Max SS Hosp, Dehradun",DNBORTHOPAEDICS,DNB Post MBBS,"₹ 1,25,000.00",200,0,₹ 0.00,"₹ 57,000.00"
Bihar,"JaiprakashNrynHos,Rajbanshinagr",DNBORTHOPAEDICS,DNB Post MBBS,"₹ 1,25,000.00",NA,3,"₹ 25,00,000.00","₹ 82,000.00"
Karnataka,"BBCTrustMultiSpecHos,Gangavathi",DNBORTHOPAEDICS,DNB Post MBBS,"₹ 1,25,000.00",NA,0,₹ 0.00,"₹ 40,000.00"
Maharashtra,"JagjivanRamRailwayHosp, Mumbai",DNBENT,DNB Post MBBS,"₹ 1,25,000.00",361,0,₹ 0.00,"₹ 95,358.00"
Gujarat,"Apollo Hospital,Gandhinagar",DNBENT,DNB Post MBBS,"₹ 1,25,000.00",300,0,₹ 0.00,"₹ 84,000.00"
Gujarat,"GMERS MedColl Hosp,Himmatnagar",DNBENT,DNB Post MBBS,"₹ 1,25,000.00",700,0,₹ 0.00,"₹ 1,00,800.00"
Gujarat,"GMERS MedColl Hosp,Patan",DNBENT,DNB Post MBBS,"₹ 1,25,000.00",650,0,₹ 0.00,"₹ 1,00,800.00"
Gujarat,"GMERS MedColl Hosp,Valsad",DNBENT,DNB Post MBBS,"₹ 1,25,000.00",650,0,₹ 0.00,"₹ 1,00,800.00"
Assam,"Down Town Hospital, Dispur",DNBENT,DNB Post MBBS,"₹ 1,25,000.00",300,0,₹ 0.00,"₹ 55,200.00"
Chandigarh,"Govt MultSpec Hosp, Chandigarh",DNBENT,DNB Post MBBS,"₹ 1,25,000.00",500,0,₹ 0.00,"₹ 1,07,000.00"
Chhattisgarh,"JLN Main Hosp & RC, Bhilai",DNBENT,DNB Post MBBS,"₹ 1,25,000.00",860,0,₹ 0.00,"₹ 67,500.00"
Delhi,"Deen Dayal Upadhyay, Delhi",DNBENT,DNB Post MBBS,"₹ 1,25,000.00",640,0,₹ 0.00,"₹ 1,26,927.00"
Delhi,"Dr Baba Saheb Ambedkar, Delhi",DNBENT,DNB Post MBBS,"₹ 1,25,000.00",500,0,₹ 0.00,"₹ 1,26,927.00"
Delhi,"Max SS Hosp, Saket, Delhi",DNBENT,DNB Post MBBS,"₹ 1,25,000.00",539,0,₹ 0.00,"₹ 60,000.00"
Delhi,"NorthernRailway CentHosp,Delhi",DNBENT,DNB Post MBBS,"₹ 1,25,000.00",413,0,₹ 0.00,"₹ 1,26,927.00"
Delhi,"Sir Ganga Ram Hospital, Delhi",DNBENT,DNB Post MBBS,"₹ 1,25,000.00",675,0,₹ 0.00,"₹ 92,000.00"
Delhi,"St Stephen's Hospital, Delhi",DNBENT,DNB Post MBBS,"₹ 1,25,000.00",595,0,₹ 0.00,"₹ 63,000.00"
Haryana,"Artemis Health Inst, Gurgaon",DNBENT,DNB Post MBBS,"₹ 1,25,000.00",394,0,₹ 0.00,"₹ 56,000.00"
Haryana,"BPS Med Coll, Sonepat",DNBENT,DNB Post MBBS,"₹ 1,25,000.00",550,0,₹ 0.00,"₹ 1,00,980.00"
Haryana,"General Hospital, Panchkula",DNBENT,DNB Post MBBS,"₹ 1,25,000.00",300,0,₹ 0.00,"₹ 1,00,980.00"
Haryana,"Maharaja Agrasen MCHosp,Agroha",DNBENT,DNB Post MBBS,"₹ 1,25,000.00",541,0,₹ 0.00,"₹ 1,00,980.00"
Haryana,"Medanta The Medicity, Gurgaon",DNBENT,DNB Post MBBS,"₹ 1,25,000.00",1200,0,₹ 0.00,"₹ 65,000.00"
Haryana,"SHKM Gov Med Coll, Nuh",DNBENT,DNB Post MBBS,"₹ 1,25,000.00",647,0,₹ 0.00,"₹ 1,00,980.00"
Karnataka,"Apollo Hosp, Bannerghatta, BLR",DNBENT,DNB Post MBBS,"₹ 1,25,000.00",350,0,₹ 0.00,"₹ 56,250.00"
Karnataka,"Bangalore Baptist, Bangalore",DNBENT,DNB Post MBBS,"₹ 1,25,000.00",340,0,₹ 0.00,"₹ 56,250.00"
Karnataka,"Manipal Hosp, Rustum Bagh, BLR",DNBENT,DNB Post MBBS,"₹ 1,25,000.00",600,0,₹ 0.00,"₹ 56,250.00"
Karnataka,"Sakra World Hosp, Bangalore",DNBENT,DNB Post MBBS,"₹ 1,25,000.00",300,0,₹ 0.00,"₹ 45,000.00"
Karnataka,"Narayana Hrudayalaya Hos,Bommasandra",DNBENT,DNB Post MBBS,"₹ 1,25,000.00",210,0,₹ 0.00,"₹ 56,250.00"
Karnataka,"NarayanaHrudyalaya,Bommasandra",DNBENT,DNB Post MBBS,"₹ 1,25,000.00",2000,0,₹ 0.00,"₹ 56,250.00"
Kerala,"Aster Medcity, Kochi",DNBENT,DNB Post MBBS,"₹ 1,25,000.00",500,0,₹ 0.00,"₹ 57,876.00"
Kerala,"KIMS, Trivandrum",DNBENT,DNB Post MBBS,"₹ 1,25,000.00",2000,0,₹ 0.00,"₹ 57,876.00"
Kerala,"Malabar IMS, Kozhikode",DNBENT,DNB Post MBBS,"₹ 1,25,000.00",573,0,₹ 0.00,"₹ 57,876.00"
Kerala,"Medical Trust Hospital, Kochi",DNBENT,DNB Post MBBS,"₹ 1,25,000.00",500,0,₹ 0.00,"₹ 57,876.00"
Madhya Pradesh,"Choithram Hospital, Indore",DNBENT,DNB Post MBBS,"₹ 1,25,000.00",350,0,₹ 0.00,"₹ 75,444.00"
Maharashtra,"BARC Hosp, Mumbai",DNBENT,DNB Post MBBS,"₹ 1,25,000.00",390,0,₹ 0.00,"₹ 96,000.00"
Maharashtra,"DrBSAmbedkar MunGenHosp, Mumbai",DNBENT,DNB Post MBBS,"₹ 1,25,000.00",444,0,₹ 0.00,"₹ 80,000.00"
Maharashtra,"Bombay Hospital & IMS, Mumbai",DNBENT,DNB Post MBBS,"₹ 1,25,000.00",734,0,₹ 0.00,"₹ 89,698.00"
Maharashtra,"Deenanath Mangeshkar, Pune",DNBENT,DNB Post MBBS,"₹ 1,25,000.00",876,0,₹ 0.00,"₹ 89,698.00"
Maharashtra,"Dr B Nanavati Hosp, Mumbai",DNBENT,DNB Post MBBS,"₹ 1,25,000.00",348,0,₹ 0.00,"₹ 86,630.00"
Maharashtra,"Dr AmbedkarCentRlwyHosp, MUM",DNBENT,DNB Post MBBS,"₹ 1,25,000.00",366,0,₹ 0.00,"₹ 95,358.00"
Maharashtra,"PD Hinduja, Mumbai",DNBENT,DNB Post MBBS,"₹ 1,25,000.00",400,0,₹ 0.00,"₹ 89,700.00"
Odisha,"Vikash Multispec Hosp,Bargarh",DNBENT,DNB Post MBBS,"₹ 1,25,000.00",150,0,₹ 0.00,"₹ 66,000.00"
Punjab,"Fortis Hospital, Mohali",DNBENT,DNB Post MBBS,"₹ 1,25,000.00",360,0,₹ 0.00,"₹ 68,000.00"
Tamil Nadu,"Apollo Hosp, Greams Rd,Chennai",DNBENT,DNB Post MBBS,"₹ 1,25,000.00",745,0,₹ 0.00,"₹ 52,451.00"
Tamil Nadu,"Kovai MedicalCentre,Coimbatore",DNBENT,DNB Post MBBS,"₹ 1,25,000.00",950,0,₹ 0.00,"₹ 52,451.00"
Tamil Nadu,"MGM Health Care, Aminjikarai",DNBENT,DNB Post MBBS,"₹ 1,25,000.00",NA,0,₹ 0.00,"₹ 52,451.00"
Tamil Nadu,"Southern Railway Hosp, Chennai",DNBENT,DNB Post MBBS,"₹ 1,25,000.00",505,0,₹ 0.00,"₹ 52,451.00"
Telangana,"AIG Hospital, Hyderabad",DNBENT,DNB Post MBBS,"₹ 1,25,000.00",720,0,₹ 0.00,"₹ 58,289.00"
Telangana,"Apollo Hosp,Jubilee Hills,Hyd",DNBENT,DNB Post MBBS,"₹ 1,25,000.00",550,0,₹ 0.00,"₹ 50,686.00"
Telangana,"Care Hospital, Banjara Hills",DNBENT,DNB Post MBBS,"₹ 1,25,000.00",444,0,₹ 0.00,"₹ 58,289.00"
Telangana,"Dr Raos ENT SS, Hyderabad",DNBENT,DNB Post MBBS,"₹ 1,25,000.00",100,0,₹ 0.00,"₹ 58,289.00"
Telangana,"Krishna IMS, Secunderabad",DNBENT,DNB Post MBBS,"₹ 1,25,000.00",675,0,₹ 0.00,"₹ 50,686.00"
Telangana,"MAA ENT HOSPITALS, Hyderabad",DNBENT,DNB Post MBBS,"₹ 1,25,000.00",100,0,₹ 0.00,"₹ 35,000.00"
Telangana,"Yashoda Hosp,SPRd,Secunderabad",DNBENT,DNB Post MBBS,"₹ 1,25,000.00",876,0,₹ 0.00,"₹ 58,289.00"
West Bengal,"Apollo Gleneagles, Kolkata",DNBENT,DNB Post MBBS,"₹ 1,25,000.00",750,0,₹ 0.00,"₹ 47,000.00"
Delhi,"Dr B L Kapur Mem Hosp, Delhi",DNBENT,DNB Post MBBS,"₹ 1,25,000.00",465,0,₹ 0.00,"₹ 60,000.00"
Jammu and Kashmir,"Govt Med Coll Hosp, Rajouri",DNBENT,DNB Post MBBS,"₹ 1,25,000.00",300,0,₹ 0.00,"₹ 59,500.00"
Jammu and Kashmir,"JLNM Hosp, Rainawari",DNBENT,DNB Post MBBS,"₹ 1,25,000.00",200,0,₹ 0.00,"₹ 48,000.00"
Karnataka,"Trustwell Hospitals, Bangalore",DNBENT,DNB Post MBBS,"₹ 1,25,000.00",NA,0,₹ 0.00,"₹ 35,000.00"
Maharashtra,"Khan Bahadur Bhabha Hosp,Mumbai",DNBENT,DNB Post MBBS,"₹ 1,25,000.00",336,0,₹ 0.00,"₹ 75,144.00"
Odisha,"JaiprakashHosp,Rourkela,Odisha",DNBENT,DNB Post MBBS,"₹ 1,25,000.00",307,0,₹ 0.00,"₹ 90,000.00"
Rajasthan,"Govt RDBP Jaipuria Hosp,Jaipur",DNBENT,DNB Post MBBS,"₹ 1,25,000.00",521,0,₹ 0.00,"₹ 70,656.00"
Maharashtra,"DrHedgewarRugnalaya,Aurangabad",DNBENT,DNB Post MBBS,"₹ 1,25,000.00",267,0,₹ 0.00,"₹ 71,000.00"
Uttar Pradesh,"Balrampur Hospital, Lucknow",DNBENT,DNB Post MBBS,"₹ 1,25,000.00",656,0,₹ 0.00,"₹ 70,000.00"
Maharashtra,"PanjabraoDeshmukh MC, Amravati",DNBENT,DNB Post MBBS,"₹ 1,25,000.00",570,0,₹ 0.00,"₹ 76,429.00"
Delhi,"Base Hospital, Delhi Cantt",DNBENT,AFMS-DNB,"₹ 1,25,000.00",NA,5,"₹ 57,50,000.00","₹ 1,31,976.00"
Delhi,"Sir Ganga Ram Hospital, Delhi",DNBPAEDIATRIC SURGERY 6 YRS,DNB Post MBBS,"₹ 1,25,000.00",675,0,₹ 0.00,"₹ 92,000.00"
Karnataka,"Narayana Hrudayalaya Hos,Bommasandra",DNBPAEDIATRIC SURGERY 6 YRS,DNB Post MBBS,"₹ 1,25,000.00",210,0,₹ 0.00,"₹ 56,250.00"
Karnataka,"NarayanaHrudyalaya,Bommasandra",DNBPAEDIATRIC SURGERY 6 YRS,DNB Post MBBS,"₹ 1,25,000.00",2000,0,₹ 0.00,"₹ 56,250.00"
Kerala,"Malabar IMS, Kozhikode",DNBPAEDIATRIC SURGERY 6 YRS,DNB Post MBBS,"₹ 1,25,000.00",573,0,₹ 0.00,"₹ 57,876.00"
Maharashtra,"Bai Jerbai Wadia Hosp, Mumbai",DNBPAEDIATRIC SURGERY 6 YRS,DNB Post MBBS,"₹ 1,25,000.00",300,0,₹ 0.00,"₹ 66,000.00"
Tamil Nadu,"Kanchi Kamakoti, Chennai",DNBPAEDIATRIC SURGERY 6 YRS,DNB Post MBBS,"₹ 1,25,000.00",200,0,₹ 0.00,"₹ 52,451.00"
West Bengal,"ICH Hosp, Kolkata",DNBPAEDIATRIC SURGERY 6 YRS,DNB Post MBBS,"₹ 1,25,000.00",200,0,₹ 0.00,"₹ 43,000.00"
West Bengal,"Dr BCRoy PGI Paed Sci, Kolkata",DNBPAEDIATRIC SURGERY 6 YRS,DNB Post MBBS,"₹ 1,25,000.00",512,0,₹ 0.00,"₹ 49,884.00"
Andaman and Nicobar Islands,"Andaman&Nicobar IMS,PortBlair",DNBPAEDIATRICS,DNB Post MBBS,"₹ 1,25,000.00",555,0,₹ 0.00,"₹ 86,000.00"
Maharashtra,"Holy Spirit Hospital, Mumbai",DNBPAEDIATRICS,DNB Post MBBS,"₹ 1,25,000.00",300,0,₹ 0.00,"₹ 86,630.00"
Maharashtra,"JagjivanRamRailwayHosp, Mumbai",DNBPAEDIATRICS,DNB Post MBBS,"₹ 1,25,000.00",361,0,₹ 0.00,"₹ 95,358.00"
Gujarat,"ESIC Model Hospital, Ahmedabad",DNBPAEDIATRICS,DNB Post MBBS,"₹ 1,25,000.00",250,1,"₹ 7,50,000.00","₹ 70,000.00"
Gujarat,"GMERS MedColl Hosp,Himmatnagar",DNBPAEDIATRICS,DNB Post MBBS,"₹ 1,25,000.00",700,0,₹ 0.00,"₹ 1,00,800.00"
Gujarat,"GMERS MedColl Hosp,Vadadora",DNBPAEDIATRICS,DNB Post MBBS,"₹ 1,25,000.00",750,0,₹ 0.00,"₹ 1,00,800.00"
Gujarat,"GMERS,Sola,Ahmedabad",DNBPAEDIATRICS,DNB Post MBBS,"₹ 1,25,000.00",970,0,₹ 0.00,"₹ 1,00,800.00"
Gujarat,"GMERS MedColl Hosp,Valsad",DNBPAEDIATRICS,DNB Post MBBS,"₹ 1,25,000.00",650,0,₹ 0.00,"₹ 1,00,800.00"
Gujarat,"GMERS MedColl Hosp,Gandhinagar",DNBPAEDIATRICS,DNB Post MBBS,"₹ 1,25,000.00",770,0,₹ 0.00,"₹ 1,00,800.00"
Gujarat,"KG Patel ChildrenHosp,Vadodara",DNBPAEDIATRICS,DNB Post MBBS,"₹ 1,25,000.00",100,0,₹ 0.00,"₹ 84,000.00"
Gujarat,"Nirmal Hospital, Surat",DNBPAEDIATRICS,DNB Post MBBS,"₹ 1,25,000.00",125,0,₹ 0.00,"₹ 1,00,800.00"
Gujarat,"ShethVadilalGenHosp,Ahmedabad",DNBPAEDIATRICS,DNB Post MBBS,"₹ 1,25,000.00",500,0,₹ 0.00,"₹ 1,00,800.00"
Gujarat,"GMERS Med Coll Hosp, Junagadh",DNBPAEDIATRICS,DNB Post MBBS,"₹ 1,25,000.00",NA,0,₹ 0.00,"₹ 1,00,800.00"
Maharashtra,"Jehangir Hospital, Pune",DNBPAEDIATRICS,DNB Post MBBS,"₹ 1,25,000.00",335,0,₹ 0.00,"₹ 86,000.00"
Andhra Pradesh,"Andhra Hospital, Vijayawada",DNBPAEDIATRICS,DNB Post MBBS,"₹ 1,25,000.00",155,0,₹ 0.00,"₹ 60,823.00"
Andhra Pradesh,"Ankura HospWom&Child, Tirupathi",DNBPAEDIATRICS,DNB Post MBBS,"₹ 1,25,000.00",100,0,₹ 0.00,"₹ 50,000.00"
Andhra Pradesh,"KIMS Hospital, Kurnool",DNBPAEDIATRICS,DNB Post MBBS,"₹ 1,25,000.00",100,0,₹ 0.00,"₹ 35,000.00"
Meghalaya,"Nazareth Hospital, Shillong",DNBPAEDIATRICS,DNB Post MBBS,"₹ 1,25,000.00",366,0,₹ 0.00,"₹ 48,000.00"
Odisha,"Ispat Gen Hospital, Rourkela",DNBPAEDIATRICS,DNB Post MBBS,"₹ 1,25,000.00",600,0,₹ 0.00,"₹ 70,868.00"
Pondicherry,"IndiraGandhi MC&RI,Pondicherry",DNBPAEDIATRICS,DNB Post MBBS,"₹ 1,25,000.00",750,0,₹ 0.00,"₹ 43,000.00"
Rajasthan,"Fortis Escorts Hosp, Jaipur",DNBPAEDIATRICS,DNB Post MBBS,"₹ 1,25,000.00",245,0,₹ 0.00,"₹ 73,968.00"
Rajasthan,"Gheesibai Memorial, Ajmer",DNBPAEDIATRICS,DNB Post MBBS,"₹ 1,25,000.00",300,0,₹ 0.00,"₹ 55,200.00"
Tamil Nadu,"Govt HQ Hosp, Erode",DNBPAEDIATRICS,DNB Post MBBS,"₹ 1,25,000.00",608,2,"₹ 40,00,000.00","₹ 52,451.00"
Tamil Nadu,"Southern Railway Hosp, Chennai",DNBPAEDIATRICS,DNB Post MBBS,"₹ 1,25,000.00",505,0,₹ 0.00,"₹ 52,451.00"
Telangana,"District HQ Hosp, Sangareddy",DNBPAEDIATRICS,DNB Post MBBS,"₹ 1,25,000.00",400,0,₹ 0.00,"₹ 58,289.00"
Assam,"Apollo Hospital, Guwahati",DNBPAEDIATRICS,DNB Post MBBS,"₹ 1,25,000.00",214,0,₹ 0.00,"₹ 55,200.00"
Assam,"Pratiksha Hosp, Guwahati",DNBPAEDIATRICS,DNB Post MBBS,"₹ 1,25,000.00",100,0,₹ 0.00,"₹ 55,500.00"
Assam,"Apollo Excelcare Hosp, Guwahati",DNBPAEDIATRICS,DNB Post MBBS,"₹ 1,25,000.00",178,0,₹ 0.00,"₹ 51,000.00"
Bihar,"Kurji Holy Family, Patna",DNBPAEDIATRICS,DNB Post MBBS,"₹ 1,25,000.00",300,0,₹ 0.00,"₹ 68,545.00"
Bihar,"SriKrishna MedColl,Muzaffarpur",DNBPAEDIATRICS,DNB Post MBBS,"₹ 1,25,000.00",610,3,"₹ 25,00,000.00","₹ 82,000.00"
Chandigarh,"Govt MultSpec Hosp, Chandigarh",DNBPAEDIATRICS,DNB Post MBBS,"₹ 1,25,000.00",500,0,₹ 0.00,"₹ 1,07,000.00"
Chhattisgarh,"AtalBihariVajpayee, Rajnandgaon",DNBPAEDIATRICS,DNB Post MBBS,"₹ 1,25,000.00",NA,0,₹ 0.00,"₹ 67,500.00"
Chhattisgarh,"Bhattar Hospital, Raipur",DNBPAEDIATRICS,DNB Post MBBS,"₹ 1,25,000.00",118,0,₹ 0.00,"₹ 67,500.00"
Chhattisgarh,"Ekta ICH, Chhattisgarh",DNBPAEDIATRICS,DNB Post MBBS,"₹ 1,25,000.00",130,0,₹ 0.00,"₹ 53,400.00"
Chhattisgarh,"Govt Med Coll, Jagdalpur",DNBPAEDIATRICS,DNB Post MBBS,"₹ 1,25,000.00",500,0,₹ 0.00,"₹ 67,500.00"
Chhattisgarh,"JLN Main Hosp & RC, Bhilai",DNBPAEDIATRICS,DNB Post MBBS,"₹ 1,25,000.00",860,0,₹ 0.00,"₹ 67,500.00"
Chhattisgarh,"ShriShishuBhawan Hosp,Bilaspur",DNBPAEDIATRICS,DNB Post MBBS,"₹ 1,25,000.00",100,0,₹ 0.00,"₹ 53,550.00"
Delhi,"Aakash HC SS Hospital, Dwarka",DNBPAEDIATRICS,DNB Post MBBS,"₹ 1,25,000.00",200,0,₹ 0.00,"₹ 80,000.00"
Delhi,"Batra Hospital, Delhi",DNBPAEDIATRICS,DNB Post MBBS,"₹ 1,25,000.00",495,0,₹ 0.00,"₹ 61,000.00"
Delhi,"Deen Dayal Upadhyay, Delhi",DNBPAEDIATRICS,DNB Post MBBS,"₹ 1,25,000.00",640,0,₹ 0.00,"₹ 1,26,927.00"
Delhi,"Dr B L Kapur Mem Hosp, Delhi",DNBPAEDIATRICS,DNB Post MBBS,"₹ 1,25,000.00",465,0,₹ 0.00,"₹ 60,000.00"
Delhi,"Dr Baba Saheb Ambedkar, Delhi",DNBPAEDIATRICS,DNB Post MBBS,"₹ 1,25,000.00",500,0,₹ 0.00,"₹ 1,26,927.00"
Delhi,"ESI Hospital, Jhilmil Shahdara",DNBPAEDIATRICS,DNB Post MBBS,"₹ 1,25,000.00",300,1,"₹ 7,50,000.00","₹ 70,000.00"
Delhi,"Fortis Hospital, Vasant Kunj",DNBPAEDIATRICS,DNB Post MBBS,"₹ 1,25,000.00",162,0,₹ 0.00,"₹ 60,000.00"
Delhi,"Hindu Rao Hospital, Delhi",DNBPAEDIATRICS,DNB Post MBBS,"₹ 1,25,000.00",980,0,₹ 0.00,"₹ 1,26,927.00"
Delhi,"Holy Family Hospital, Delhi",DNBPAEDIATRICS,DNB Post MBBS,"₹ 1,25,000.00",345,0,₹ 0.00,"₹ 82,000.00"
Delhi,Human Care Med Trust Dwarka,DNBPAEDIATRICS,DNB Post MBBS,"₹ 1,25,000.00",380,0,₹ 0.00,"₹ 57,000.00"
Delhi,"Indraprastha Apollo Hosp,Delhi",DNBPAEDIATRICS,DNB Post MBBS,"₹ 1,25,000.00",718,0,₹ 0.00,"₹ 64,500.00"
Delhi,"Jaipur Golden Hospital, Delhi",DNBPAEDIATRICS,DNB Post MBBS,"₹ 1,25,000.00",242,0,₹ 0.00,"₹ 70,000.00"
Delhi,"MadhukarRainbowChildHosp,Delhi",DNBPAEDIATRICS,DNB Post MBBS,"₹ 1,25,000.00",133,0,₹ 0.00,"₹ 70,000.00"
Delhi,"Maharaja Agrasen Hosp, Delhi",DNBPAEDIATRICS,DNB Post MBBS,"₹ 1,25,000.00",300,0,₹ 0.00,"₹ 63,000.00"
Delhi,"Mata Chanan Devi Hosp, Delhi",DNBPAEDIATRICS,DNB Post MBBS,"₹ 1,25,000.00",210,0,₹ 0.00,"₹ 60,000.00"
Delhi,"MaxSmart SS(SaketCityH),Delhi",DNBPAEDIATRICS,DNB Post MBBS,"₹ 1,25,000.00",250,0,₹ 0.00,"₹ 57,000.00"
Delhi,"Max SS Hosp, Patparganj,Delhi",DNBPAEDIATRICS,DNB Post MBBS,"₹ 1,25,000.00",402,0,₹ 0.00,"₹ 60,000.00"
Delhi,"Max SS Hosp,ShalimarBagh,Delhi",DNBPAEDIATRICS,DNB Post MBBS,"₹ 1,25,000.00",250,0,₹ 0.00,"₹ 60,000.00"
Delhi,"Sanjay Gandhi Mem Hosp, Delhi",DNBPAEDIATRICS,DNB Post MBBS,"₹ 1,25,000.00",300,0,₹ 0.00,"₹ 1,26,927.00"
Delhi,"Shri Balaji Action Med, Delhi",DNBPAEDIATRICS,DNB Post MBBS,"₹ 1,25,000.00",250,0,₹ 0.00,"₹ 72,000.00"
Delhi,"Shri Dada DevMatriAvum, Dabri",DNBPAEDIATRICS,DNB Post MBBS,"₹ 1,25,000.00",106,0,₹ 0.00,"₹ 1,26,927.00"
Delhi,"Sir Ganga Ram Hospital, Delhi",DNBPAEDIATRICS,DNB Post MBBS,"₹ 1,25,000.00",675,0,₹ 0.00,"₹ 92,000.00"
Delhi,"St Stephen's Hospital, Delhi",DNBPAEDIATRICS,DNB Post MBBS,"₹ 1,25,000.00",595,0,₹ 0.00,"₹ 63,000.00"
Delhi,"Swami Dayanand Hospital, Delhi",DNBPAEDIATRICS,DNB Post MBBS,"₹ 1,25,000.00",370,0,₹ 0.00,"₹ 1,35,264.00"
Delhi,"Venkateshwar Hospital, Delhi",DNBPAEDIATRICS,DNB Post MBBS,"₹ 1,25,000.00",250,0,₹ 0.00,"₹ 60,000.00"
Delhi,"Tirath Ram Shah Hospital,Delhi",DNBPAEDIATRICS,DNB Post MBBS,"₹ 1,25,000.00",200,0,₹ 0.00,"₹ 62,000.00"
Haryana,"Artemis Health Inst, Gurgaon",DNBPAEDIATRICS,DNB Post MBBS,"₹ 1,25,000.00",394,0,₹ 0.00,"₹ 56,000.00"
Haryana,"Asian IMS, Faridabad",DNBPAEDIATRICS,DNB Post MBBS,"₹ 1,25,000.00",425,0,₹ 0.00,"₹ 58,100.00"
Haryana,"BPS Med Coll, Sonepat",DNBPAEDIATRICS,DNB Post MBBS,"₹ 1,25,000.00",550,0,₹ 0.00,"₹ 1,00,980.00"
Haryana,"Fortis Escorts Hosp, Faridabad",DNBPAEDIATRICS,DNB Post MBBS,"₹ 1,25,000.00",210,0,₹ 0.00,"₹ 71,100.00"
Haryana,"Fortis Memorial RI, Gurgaon",DNBPAEDIATRICS,DNB Post MBBS,"₹ 1,25,000.00",300,0,₹ 0.00,"₹ 57,000.00"
Haryana,"Maharaja Agrasen MCHosp,Agroha",DNBPAEDIATRICS,DNB Post MBBS,"₹ 1,25,000.00",541,0,₹ 0.00,"₹ 1,00,980.00"
Haryana,"Metro Heart Inst, Faridabad",DNBPAEDIATRICS,DNB Post MBBS,"₹ 1,25,000.00",200,0,₹ 0.00,"₹ 95,000.00"
Haryana,"QRG Medicare, Faridabad",DNBPAEDIATRICS,DNB Post MBBS,"₹ 1,25,000.00",325,0,₹ 0.00,"₹ 70,000.00"
Haryana,"Sarvodaya Hospital, Faridabad",DNBPAEDIATRICS,DNB Post MBBS,"₹ 1,25,000.00",300,0,₹ 0.00,"₹ 73,000.00"
Haryana,"SHKM Gov Med Coll, Nuh",DNBPAEDIATRICS,DNB Post MBBS,"₹ 1,25,000.00",647,0,₹ 0.00,"₹ 1,00,980.00"
Himachal Pradesh,"Dr Radhakrishnan GMC, Hamirpur",DNBPAEDIATRICS,DNB Post MBBS,"₹ 1,25,000.00",300,2,"₹ 40,00,000.00","₹ 40,000.00"
Himachal Pradesh,"Lal Bah Shastri Govt Med,Mandi",DNBPAEDIATRICS,DNB Post MBBS,"₹ 1,25,000.00",550,2,"₹ 40,00,000.00","₹ 40,000.00"
Jammu and Kashmir,"Assoc Hosp Govt MC, Kathua",DNBPAEDIATRICS,DNB Post MBBS,"₹ 1,25,000.00",564,0,₹ 0.00,"₹ 59,500.00"
Jammu and Kashmir,"Assoc Hosp Govt MC, Doda",DNBPAEDIATRICS,DNB Post MBBS,"₹ 1,25,000.00",300,0,₹ 0.00,"₹ 59,500.00"
Jammu and Kashmir,"District Hospital,Udhampur, J&K",DNBPAEDIATRICS,DNB Post MBBS,"₹ 1,25,000.00",200,0,₹ 0.00,"₹ 48,000.00"
Jharkhand,"Bokaro General Hosp, Bokaro",DNBPAEDIATRICS,DNB Post MBBS,"₹ 1,25,000.00",910,0,₹ 0.00,"₹ 60,588.00"
Jharkhand,"Rani Hospital, Ranchi",DNBPAEDIATRICS,DNB Post MBBS,"₹ 1,25,000.00",225,0,₹ 0.00,"₹ 60,000.00"
Jharkhand,"Tata Main Hospital, Jamshedpur",DNBPAEDIATRICS,DNB Post MBBS,"₹ 1,25,000.00",915,0,₹ 0.00,"₹ 56,100.00"
Jharkhand,"Tata Motors Hosp, Jamshedpur",DNBPAEDIATRICS,DNB Post MBBS,"₹ 1,25,000.00",404,0,₹ 0.00,"₹ 56,100.00"
Karnataka,"Apollo BGS Hospital, Mysore",DNBPAEDIATRICS,DNB Post MBBS,"₹ 1,25,000.00",215,0,₹ 0.00,"₹ 45,000.00"
Karnataka,"Aster CMI Hospital, Bangalore",DNBPAEDIATRICS,DNB Post MBBS,"₹ 1,25,000.00",350,0,₹ 0.00,"₹ 56,250.00"
Karnataka,"Bangalore Baptist, Bangalore",DNBPAEDIATRICS,DNB Post MBBS,"₹ 1,25,000.00",340,0,₹ 0.00,"₹ 56,250.00"
Karnataka,"CSI Holdsworth, Mysore",DNBPAEDIATRICS,DNB Post MBBS,"₹ 1,25,000.00",280,0,₹ 0.00,"₹ 45,000.00"
Karnataka,"Chinmaya Mission, Bangalore",DNBPAEDIATRICS,DNB Post MBBS,"₹ 1,25,000.00",200,0,₹ 0.00,"₹ 45,000.00"
Karnataka,"District Hospital, Ballari",DNBPAEDIATRICS,DNB Post MBBS,"₹ 1,25,000.00",210,1,"₹ 20,00,000.00","₹ 45,000.00"
Karnataka,"District Hospital, Dharwad",DNBPAEDIATRICS,DNB Post MBBS,"₹ 1,25,000.00",250,1,"₹ 20,00,000.00","₹ 45,000.00"
Karnataka,"District Hospital, Tumakuru",DNBPAEDIATRICS,DNB Post MBBS,"₹ 1,25,000.00",400,1,"₹ 20,00,000.00","₹ 45,000.00"
Karnataka,"Dr BidarisAshwiniHosp, Bijapur",DNBPAEDIATRICS,DNB Post MBBS,"₹ 1,25,000.00",200,0,₹ 0.00,"₹ 45,000.00"
Karnataka,"Fortis Hosp,BannerghattaRd,BLR",DNBPAEDIATRICS,DNB Post MBBS,"₹ 1,25,000.00",400,0,₹ 0.00,"₹ 45,000.00"
Karnataka,"Indiana Hosp&Heart, Mangalore",DNBPAEDIATRICS,DNB Post MBBS,"₹ 1,25,000.00",209,0,₹ 0.00,"₹ 50,000.00"
Karnataka,"Manipal Hosp, Whitefield, BLR",DNBPAEDIATRICS,DNB Post MBBS,"₹ 1,25,000.00",287,0,₹ 0.00,"₹ 56,250.00"
Karnataka,"Manipal Hosp, Rustum Bagh, BLR",DNBPAEDIATRICS,DNB Post MBBS,"₹ 1,25,000.00",600,0,₹ 0.00,"₹ 56,250.00"
Karnataka,"Rainbow Child,Bannerghatta,BLR",DNBPAEDIATRICS,DNB Post MBBS,"₹ 1,25,000.00",102,0,₹ 0.00,"₹ 50,000.00"
Karnataka,"Rainbow Child,Marathahalli,BLR",DNBPAEDIATRICS,DNB Post MBBS,"₹ 1,25,000.00",200,0,₹ 0.00,"₹ 50,000.00"
Karnataka,"Rangadore Mem Hosp, Bangalore",DNBPAEDIATRICS,DNB Post MBBS,"₹ 1,25,000.00",210,0,₹ 0.00,"₹ 45,000.00"
Karnataka,"Sagar Hosp, Jayanagar, BLR",DNBPAEDIATRICS,DNB Post MBBS,"₹ 1,25,000.00",200,0,₹ 0.00,"₹ 45,000.00"
Karnataka,"Sakra World Hosp, Bangalore",DNBPAEDIATRICS,DNB Post MBBS,"₹ 1,25,000.00",300,0,₹ 0.00,"₹ 45,000.00"
Karnataka,"Sarji Hospital, Shimoga",DNBPAEDIATRICS,DNB Post MBBS,"₹ 1,25,000.00",120,0,₹ 0.00,"₹ 45,000.00"
Karnataka,"Shanti Hospital, Baglkot",DNBPAEDIATRICS,DNB Post MBBS,"₹ 1,25,000.00",100,0,₹ 0.00,"₹ 45,000.00"
Karnataka,"SNR District Hospital, Kolar",DNBPAEDIATRICS,DNB Post MBBS,"₹ 1,25,000.00",550,1,"₹ 20,00,000.00","₹ 45,000.00"
Karnataka,"Narayana Hrudayalaya Hos,Bommasandra",DNBPAEDIATRICS,DNB Post MBBS,"₹ 1,25,000.00",210,0,₹ 0.00,"₹ 56,250.00"
Karnataka,"Sri Sathya Sai, Chikkaballapura",DNBPAEDIATRICS,DNB Post MBBS,"₹ 1,25,000.00",300,0,₹ 0.00,"₹ 45,000.00"
Karnataka,"St Martha's Hosp, Bangalore",DNBPAEDIATRICS,DNB Post MBBS,"₹ 1,25,000.00",431,0,₹ 0.00,"₹ 45,000.00"
Karnataka,"St Philomena's Hosp,Bangalore",DNBPAEDIATRICS,DNB Post MBBS,"₹ 1,25,000.00",371,0,₹ 0.00,"₹ 56,250.00"
Karnataka,"NarayanaHrudyalaya,Bommasandra",DNBPAEDIATRICS,DNB Post MBBS,"₹ 1,25,000.00",2000,0,₹ 0.00,"₹ 56,250.00"
Kerala,"AhaliaWom&ChildHosp,Kozhippara",DNBPAEDIATRICS,DNB Post MBBS,"₹ 1,25,000.00",100,0,₹ 0.00,"₹ 57,876.00"
Kerala,"Ananthapuri Hosp, Trivandrum",DNBPAEDIATRICS,DNB Post MBBS,"₹ 1,25,000.00",400,0,₹ 0.00,"₹ 57,876.00"
Kerala,"Apollo Adlux Hosp, Angamaly,KER",DNBPAEDIATRICS,DNB Post MBBS,"₹ 1,25,000.00",300,0,₹ 0.00,"₹ 60,000.00"
Kerala,"Aster Medcity, Kochi",DNBPAEDIATRICS,DNB Post MBBS,"₹ 1,25,000.00",500,0,₹ 0.00,"₹ 57,876.00"
Kerala,"Baby Memorial, Kozhikode",DNBPAEDIATRICS,DNB Post MBBS,"₹ 1,25,000.00",600,0,₹ 0.00,"₹ 57,876.00"
Kerala,"Caritas Hospital, Kottayam",DNBPAEDIATRICS,DNB Post MBBS,"₹ 1,25,000.00",660,0,₹ 0.00,"₹ 57,876.00"
Kerala,"Cosmopolitan Hosp, Trivandrum",DNBPAEDIATRICS,DNB Post MBBS,"₹ 1,25,000.00",360,0,₹ 0.00,"₹ 57,876.00"
Kerala,"Ernakulam Medical Centre,Kochi",DNBPAEDIATRICS,DNB Post MBBS,"₹ 1,25,000.00",250,0,₹ 0.00,"₹ 57,876.00"
Kerala,"IQRAA, Kozhikode",DNBPAEDIATRICS,DNB Post MBBS,"₹ 1,25,000.00",300,0,₹ 0.00,"₹ 57,876.00"
Kerala,"Kannur Med Coll Hosp, Kannur",DNBPAEDIATRICS,DNB Post MBBS,"₹ 1,25,000.00",700,0,₹ 0.00,"₹ 57,876.00"
Kerala,"KIMS, Trivandrum",DNBPAEDIATRICS,DNB Post MBBS,"₹ 1,25,000.00",2000,0,₹ 0.00,"₹ 57,876.00"
Kerala,"Lisie Medical Inst, Kochi",DNBPAEDIATRICS,DNB Post MBBS,"₹ 1,25,000.00",750,0,₹ 0.00,"₹ 57,876.00"
Kerala,"Little Flower Hosp, Angamaly",DNBPAEDIATRICS,DNB Post MBBS,"₹ 1,25,000.00",690,0,₹ 0.00,"₹ 57,876.00"
Kerala,"Lourdes Hospital, Kochi",DNBPAEDIATRICS,DNB Post MBBS,"₹ 1,25,000.00",600,0,₹ 0.00,"₹ 57,876.00"
Kerala,"Malabar IMS, Kozhikode",DNBPAEDIATRICS,DNB Post MBBS,"₹ 1,25,000.00",573,0,₹ 0.00,"₹ 57,876.00"
Kerala,"Medical Trust Hospital, Kochi",DNBPAEDIATRICS,DNB Post MBBS,"₹ 1,25,000.00",500,0,₹ 0.00,"₹ 57,876.00"
Kerala,"Mother Hospital, Thrissur",DNBPAEDIATRICS,DNB Post MBBS,"₹ 1,25,000.00",300,0,₹ 0.00,"₹ 57,876.00"
Kerala,"Moulana Hospital, Malappuram, KER",DNBPAEDIATRICS,DNB Post MBBS,"₹ 1,25,000.00",400,0,₹ 0.00,"₹ 57,876.00"
Kerala,"NIMS Medicity, Trivandrum",DNBPAEDIATRICS,DNB Post MBBS,"₹ 1,25,000.00",350,0,₹ 0.00,"₹ 42,000.00"
Kerala,"Polakulath Narayanan, Kochi",DNBPAEDIATRICS,DNB Post MBBS,"₹ 1,25,000.00",205,0,₹ 0.00,"₹ 57,876.00"
Kerala,"PRS Hospital, Trivandrum",DNBPAEDIATRICS,DNB Post MBBS,"₹ 1,25,000.00",250,0,₹ 0.00,"₹ 57,876.00"
Kerala,"Rajagiri Hospital, Ernakulam",DNBPAEDIATRICS,DNB Post MBBS,"₹ 1,25,000.00",530,0,₹ 0.00,"₹ 57,876.00"
Kerala,"Valluvanad Hosp, Ottapalam",DNBPAEDIATRICS,DNB Post MBBS,"₹ 1,25,000.00",205,0,₹ 0.00,"₹ 57,876.00"
Madhya Pradesh,"Choithram Hospital, Indore",DNBPAEDIATRICS,DNB Post MBBS,"₹ 1,25,000.00",350,0,₹ 0.00,"₹ 75,444.00"
Maharashtra,"Apollo Hospital, Navi Mumbai",DNBPAEDIATRICS,DNB Post MBBS,"₹ 1,25,000.00",473,0,₹ 0.00,"₹ 89,000.00"
Maharashtra,"BARC Hosp, Mumbai",DNBPAEDIATRICS,DNB Post MBBS,"₹ 1,25,000.00",390,0,₹ 0.00,"₹ 96,000.00"
Maharashtra,"Bhaktivedanta Hosp, Thane",DNBPAEDIATRICS,DNB Post MBBS,"₹ 1,25,000.00",200,0,₹ 0.00,"₹ 82,769.00"
Maharashtra,"DrBSAmbedkar MunGenHosp, Mumbai",DNBPAEDIATRICS,DNB Post MBBS,"₹ 1,25,000.00",444,0,₹ 0.00,"₹ 80,000.00"
Maharashtra,"Deenanath Mangeshkar, Pune",DNBPAEDIATRICS,DNB Post MBBS,"₹ 1,25,000.00",876,0,₹ 0.00,"₹ 89,698.00"
Maharashtra,"Dr B Nanavati Hosp, Mumbai",DNBPAEDIATRICS,DNB Post MBBS,"₹ 1,25,000.00",348,0,₹ 0.00,"₹ 86,630.00"
Maharashtra,"Hiranandani Hosp, Mumbai",DNBPAEDIATRICS,DNB Post MBBS,"₹ 1,25,000.00",244,0,₹ 0.00,"₹ 83,000.00"
Maharashtra,"Fortis Hosp, Mulund, Mumbai",DNBPAEDIATRICS,DNB Post MBBS,"₹ 1,25,000.00",350,0,₹ 0.00,"₹ 86,750.00"
Maharashtra,"KB Bhabha MunicGenHosp, Mumbai",DNBPAEDIATRICS,DNB Post MBBS,"₹ 1,25,000.00",436,0,₹ 0.00,"₹ 92,522.00"
Maharashtra,"Rajiv Gandhi MedColl,Thane,MUM",DNBPAEDIATRICS,DNB Post MBBS,"₹ 1,25,000.00",500,1,"₹ 50,00,000.00","₹ 80,000.00"
Maharashtra,"Sahyadri SS Hosp, Yerawada, Pune",DNBPAEDIATRICS,DNB Post MBBS,"₹ 1,25,000.00",301,0,₹ 0.00,"₹ 89,000.00"
Maharashtra,"SethVCGandhi Mun Gen Hos,Mumbai",DNBPAEDIATRICS,DNB Post MBBS,"₹ 1,25,000.00",596,0,₹ 0.00,"₹ 75,144.00"
Maharashtra,"SuryaChildren'sMedicare,Mumbai",DNBPAEDIATRICS,DNB Post MBBS,"₹ 1,25,000.00",200,0,₹ 0.00,"₹ 89,698.00"
Maharashtra,"Surya Mother&Child SSHosp,Pune",DNBPAEDIATRICS,DNB Post MBBS,"₹ 1,25,000.00",110,0,₹ 0.00,"₹ 80,000.00"
Manipur,"Mothers Care Child Hosp,Imphal",DNBPAEDIATRICS,DNB Post MBBS,"₹ 1,25,000.00",100,0,₹ 0.00,"₹ 50,000.00"
Nagaland,"Christian IHSR, Dimapur",DNBPAEDIATRICS,DNB Post MBBS,"₹ 1,25,000.00",200,0,₹ 0.00,"₹ 35,000.00"
Odisha,"JaiprakashHosp,Rourkela,Odisha",DNBPAEDIATRICS,DNB Post MBBS,"₹ 1,25,000.00",307,0,₹ 0.00,"₹ 90,000.00"
Punjab,"Civil Hospital, Gurdaspur, Punjab",DNBPAEDIATRICS,DNB Post MBBS,"₹ 1,25,000.00",110,1,"₹ 10,00,000.00","₹ 50,190.00"
Punjab,"Deep Nursing Home, Ludhiana",DNBPAEDIATRICS,DNB Post MBBS,"₹ 1,25,000.00",190,0,₹ 0.00,"₹ 65,000.00"
Punjab,"Dr BR Ambedkar IMS, SAS Nagar (Mohali)",DNBPAEDIATRICS,DNB Post MBBS,"₹ 1,25,000.00",420,1,"₹ 10,00,000.00","₹ 67,968.00"
Punjab,"JBMM Dist Hospital, Amritsar",DNBPAEDIATRICS,DNB Post MBBS,"₹ 1,25,000.00",200,1,"₹ 10,00,000.00","₹ 50,190.00"
Rajasthan,"Govt RDBP Jaipuria Hosp,Jaipur",DNBPAEDIATRICS,DNB Post MBBS,"₹ 1,25,000.00",521,0,₹ 0.00,"₹ 70,656.00"
Tamil Nadu,"Apollo Hosp, Greams Rd,Chennai",DNBPAEDIATRICS,DNB Post MBBS,"₹ 1,25,000.00",745,0,₹ 0.00,"₹ 52,451.00"
Tamil Nadu,"Apollo Spec Hospital, Madurai",DNBPAEDIATRICS,DNB Post MBBS,"₹ 1,25,000.00",300,0,₹ 0.00,"₹ 48,000.00"
Tamil Nadu,"CSI Kalyani, Chennai",DNBPAEDIATRICS,DNB Post MBBS,"₹ 1,25,000.00",200,0,₹ 0.00,"₹ 52,451.00"
Tamil Nadu,"Christian F Hosp, Oddanchatram",DNBPAEDIATRICS,DNB Post MBBS,"₹ 1,25,000.00",299,0,₹ 0.00,"₹ 52,451.00"
Tamil Nadu,"Dr Rela Inst, Chrompet,Chennai",DNBPAEDIATRICS,DNB Post MBBS,"₹ 1,25,000.00",450,0,₹ 0.00,"₹ 50,000.00"
Tamil Nadu,"Dr Kamakshi Mem, Chennai",DNBPAEDIATRICS,DNB Post MBBS,"₹ 1,25,000.00",220,0,₹ 0.00,"₹ 52,451.00"
Tamil Nadu,"Dr Rangarajan Mem Hosp,Chennai",DNBPAEDIATRICS,DNB Post MBBS,"₹ 1,25,000.00",176,0,₹ 0.00,"₹ 50,923.00"
Tamil Nadu,"GKNM Hospital, Coimbatore",DNBPAEDIATRICS,DNB Post MBBS,"₹ 1,25,000.00",600,0,₹ 0.00,"₹ 52,451.00"
Tamil Nadu,"Govt HQ Hosp, Cuddalore",DNBPAEDIATRICS,DNB Post MBBS,"₹ 1,25,000.00",750,2,"₹ 40,00,000.00","₹ 52,451.00"
Tamil Nadu,"Kanchi Kamakoti, Chennai",DNBPAEDIATRICS,DNB Post MBBS,"₹ 1,25,000.00",200,0,₹ 0.00,"₹ 52,451.00"
Tamil Nadu,"KMC SpecHosp,Cantonment,Trichy",DNBPAEDIATRICS,DNB Post MBBS,"₹ 1,25,000.00",175,0,₹ 0.00,"₹ 52,451.00"
Tamil Nadu,"Kovai MedicalCentre,Coimbatore",DNBPAEDIATRICS,DNB Post MBBS,"₹ 1,25,000.00",950,0,₹ 0.00,"₹ 52,451.00"
Tamil Nadu,"Krishna Maternity,Tirunelveli",DNBPAEDIATRICS,DNB Post MBBS,"₹ 1,25,000.00",167,0,₹ 0.00,"₹ 48,000.00"
Tamil Nadu,"Masonic Med Centre, Coimbatore",DNBPAEDIATRICS,DNB Post MBBS,"₹ 1,25,000.00",130,0,₹ 0.00,"₹ 52,451.00"
Tamil Nadu,"Meenakshi Mission Hosp,Madurai",DNBPAEDIATRICS,DNB Post MBBS,"₹ 1,25,000.00",800,0,₹ 0.00,"₹ 52,451.00"
Tamil Nadu,"Mehta MultiSpec Hosp, Chennai",DNBPAEDIATRICS,DNB Post MBBS,"₹ 1,25,000.00",250,0,₹ 0.00,"₹ 52,451.00"
Tamil Nadu,"PrashanthHosp,Velachery,Chennai",DNBPAEDIATRICS,DNB Post MBBS,"₹ 1,25,000.00",230,0,₹ 0.00,"₹ 52,451.00"
Tamil Nadu,"Rainbow Child,Chennai",DNBPAEDIATRICS,DNB Post MBBS,"₹ 1,25,000.00",135,0,₹ 0.00,"₹ 52,451.00"
Tamil Nadu,"Rio Childrens Hosp, Madurai, TN",DNBPAEDIATRICS,DNB Post MBBS,"₹ 1,25,000.00",100,0,₹ 0.00,"₹ 35,000.00"
Tamil Nadu,"SKS Hospital, Salem",DNBPAEDIATRICS,DNB Post MBBS,"₹ 1,25,000.00",225,0,₹ 0.00,"₹ 52,453.00"
Tamil Nadu,"St Isabels Hospital, Chennai",DNBPAEDIATRICS,DNB Post MBBS,"₹ 1,25,000.00",300,0,₹ 0.00,"₹ 52,451.00"
Tamil Nadu,"Thangam Hospital, Namakkal, TN",DNBPAEDIATRICS,DNB Post MBBS,"₹ 1,25,000.00",150,0,₹ 0.00,"₹ 54,000.00"
Tamil Nadu,"Vijaya Hospital, Chennai",DNBPAEDIATRICS,DNB Post MBBS,"₹ 1,25,000.00",281,0,₹ 0.00,"₹ 52,451.00"
Tamil Nadu,"Govt HQ Hosp, Namakkal",DNBPAEDIATRICS,DNB Post MBBS,"₹ 1,25,000.00",448,2,"₹ 40,00,000.00","₹ 52,451.00"
Telangana,"Ankura (Wom&Child), Hyderabad",DNBPAEDIATRICS,DNB Post MBBS,"₹ 1,25,000.00",100,0,₹ 0.00,"₹ 58,289.00"
Telangana,"Ankura Hosp Wom&Child, LB Nagar, Hyd",DNBPAEDIATRICS,DNB Post MBBS,"₹ 1,25,000.00",120,0,₹ 0.00,"₹ 58,289.00"
Telangana,"Ankura Med &Res C, Uppal, Hyd",DNBPAEDIATRICS,DNB Post MBBS,"₹ 1,25,000.00",100,0,₹ 0.00,"₹ 58,289.00"
Telangana,"Durgabai Deshmukh Hosp, HYD",DNBPAEDIATRICS,DNB Post MBBS,"₹ 1,25,000.00",200,0,₹ 0.00,"₹ 50,686.00"
Telangana,"KIMS Hospital, Hyderabad",DNBPAEDIATRICS,DNB Post MBBS,"₹ 1,25,000.00",200,0,₹ 0.00,"₹ 58,289.00"
Telangana,"Krishna IMS, Secunderabad",DNBPAEDIATRICS,DNB Post MBBS,"₹ 1,25,000.00",675,0,₹ 0.00,"₹ 50,686.00"
Telangana,"Lotus Children'sHosp,Hyderabad",DNBPAEDIATRICS,DNB Post MBBS,"₹ 1,25,000.00",150,0,₹ 0.00,"₹ 50,686.00"
Telangana,"MuslimMaternityChild,Hyderabad",DNBPAEDIATRICS,DNB Post MBBS,"₹ 1,25,000.00",200,0,₹ 0.00,"₹ 58,289.00"
Telangana,"Nice Hosp For Women, Hyderabad",DNBPAEDIATRICS,DNB Post MBBS,"₹ 1,25,000.00",160,0,₹ 0.00,"₹ 50,686.00"
Telangana,"Paramitha Child Hosp,Hyderabad",DNBPAEDIATRICS,DNB Post MBBS,"₹ 1,25,000.00",100,0,₹ 0.00,"₹ 58,289.00"
Telangana,"Paramitha Child Hosp, Medchal",DNBPAEDIATRICS,DNB Post MBBS,"₹ 1,25,000.00",100,0,₹ 0.00,"₹ 58,300.00"
Telangana,"Pragna ChildrensHosp,Hyderabad",DNBPAEDIATRICS,DNB Post MBBS,"₹ 1,25,000.00",100,0,₹ 0.00,"₹ 50,686.00"
Telangana,"Prashanthi Hosp, Hanamkonda",DNBPAEDIATRICS,DNB Post MBBS,"₹ 1,25,000.00",250,0,₹ 0.00,"₹ 50,000.00"
Telangana,"PrincessDurruShehvar,Hyderabad",DNBPAEDIATRICS,DNB Post MBBS,"₹ 1,25,000.00",197,0,₹ 0.00,"₹ 50,686.00"
Telangana,"Rainbow Child,BanjaraHills,Hyd",DNBPAEDIATRICS,DNB Post MBBS,"₹ 1,25,000.00",250,0,₹ 0.00,"₹ 58,289.00"
Telangana,"Rainbow Child,Secunderabad",DNBPAEDIATRICS,DNB Post MBBS,"₹ 1,25,000.00",NA,0,₹ 0.00,"₹ 50,686.00"
Telangana,"Rainbow WomChild,Hydernagar",DNBPAEDIATRICS,DNB Post MBBS,"₹ 1,25,000.00",110,0,₹ 0.00,"₹ 50,686.00"
Telangana,"Rainbow WomChild,LB Nagar, HYD",DNBPAEDIATRICS,DNB Post MBBS,"₹ 1,25,000.00",100,0,₹ 0.00,"₹ 50,686.00"
Telangana,"Vijay Marie Hosp, Hyderabad",DNBPAEDIATRICS,DNB Post MBBS,"₹ 1,25,000.00",200,0,₹ 0.00,"₹ 50,686.00"
Telangana,"Yashoda Hosp,SPRd,Secunderabad",DNBPAEDIATRICS,DNB Post MBBS,"₹ 1,25,000.00",876,0,₹ 0.00,"₹ 58,289.00"
Telangana,"Yashoda HealthCareServ,Somajiguda,HYD",DNBPAEDIATRICS,DNB Post MBBS,"₹ 1,25,000.00",650,0,₹ 0.00,"₹ 58,289.00"
Telangana,"Amrutha Child Hosp, Hanamkonda",DNBPAEDIATRICS,DNB Post MBBS,"₹ 1,25,000.00",100,0,₹ 0.00,"₹ 58,289.00"
Uttar Pradesh,"Apollomedics SS Hosp, Lucknow",DNBPAEDIATRICS,DNB Post MBBS,"₹ 1,25,000.00",300,0,₹ 0.00,"₹ 80,000.00"
Uttar Pradesh,"Autonomous State MC, Firozabad",DNBPAEDIATRICS,DNB Post MBBS,"₹ 1,25,000.00",244,0,₹ 0.00,"₹ 80,000.00"
Uttar Pradesh,"ShyamaPrasad (Civil), Lucknow",DNBPAEDIATRICS,DNB Post MBBS,"₹ 1,25,000.00",401,0,₹ 0.00,"₹ 70,000.00"
Uttar Pradesh,"ESIC Model Hospital, Noida",DNBPAEDIATRICS,DNB Post MBBS,"₹ 1,25,000.00",300,1,"₹ 7,50,000.00","₹ 70,000.00"
Uttar Pradesh,"Govt IMS, Greater Noida",DNBPAEDIATRICS,DNB Post MBBS,"₹ 1,25,000.00",300,0,₹ 0.00,"₹ 80,000.00"
Uttar Pradesh,"Max SS Hosp, Ghaziabad",DNBPAEDIATRICS,DNB Post MBBS,"₹ 1,25,000.00",436,0,₹ 0.00,"₹ 60,000.00"
Uttar Pradesh,"Regency Hospital, Kanpur",DNBPAEDIATRICS,DNB Post MBBS,"₹ 1,25,000.00",207,0,₹ 0.00,"₹ 70,000.00"
Uttar Pradesh,"UrsalaHorsmanMemHosp, Kanpur",DNBPAEDIATRICS,DNB Post MBBS,"₹ 1,25,000.00",550,0,₹ 0.00,"₹ 70,000.00"
Uttar Pradesh,"Vivekananda Polyclinic,Lucknow",DNBPAEDIATRICS,DNB Post MBBS,"₹ 1,25,000.00",350,0,₹ 0.00,"₹ 61,100.00"
Uttar Pradesh,"Yashoda SS Hosp, Ghaziabad",DNBPAEDIATRICS,DNB Post MBBS,"₹ 1,25,000.00",300,0,₹ 0.00,"₹ 62,000.00"
Uttar Pradesh,"Yashoda SS Hosp,Ghaziabad",DNBPAEDIATRICS,DNB Post MBBS,"₹ 1,25,000.00",306,0,₹ 0.00,"₹ 70,000.00"
Uttar Pradesh,"YatharthSS, Sec 1,GreatrNoida",DNBPAEDIATRICS,DNB Post MBBS,"₹ 1,25,000.00",450,0,₹ 0.00,"₹ 80,000.00"
West Bengal,"Manipal Hosp,Mukundapur,Kolkata",DNBPAEDIATRICS,DNB Post MBBS,"₹ 1,25,000.00",180,0,₹ 0.00,"₹ 55,000.00"
West Bengal,"Apollo Gleneagles, Kolkata",DNBPAEDIATRICS,DNB Post MBBS,"₹ 1,25,000.00",750,0,₹ 0.00,"₹ 47,000.00"
West Bengal,"Asansol Dist Hosp, Asansol",DNBPAEDIATRICS,DNB Post MBBS,"₹ 1,25,000.00",375,0,₹ 0.00,"₹ 49,884.00"
West Bengal,"BR Singh Hospital, Kolkata",DNBPAEDIATRICS,DNB Post MBBS,"₹ 1,25,000.00",465,0,₹ 0.00,"₹ 1,08,564.00"
West Bengal,"Neotia Bhagirathi, New Town",DNBPAEDIATRICS,DNB Post MBBS,"₹ 1,25,000.00",114,0,₹ 0.00,"₹ 45,071.00"
West Bengal,"DiamondHarbour(Gov),Harindanga",DNBPAEDIATRICS,DNB Post MBBS,"₹ 1,25,000.00",726,0,₹ 0.00,"₹ 49,884.00"
West Bengal,"District Hospital, Howrah",DNBPAEDIATRICS,DNB Post MBBS,"₹ 1,25,000.00",642,0,₹ 0.00,"₹ 49,884.00"
West Bengal,Durgapur Steel Plant Hosp,DNBPAEDIATRICS,DNB Post MBBS,"₹ 1,25,000.00",600,0,₹ 0.00,"₹ 49,884.00"
West Bengal,"Healthworld Hospital, Durgapur",DNBPAEDIATRICS,DNB Post MBBS,"₹ 1,25,000.00",269,0,₹ 0.00,"₹ 49,884.00"
West Bengal,"Imambara Dist Hospital,Hooghly",DNBPAEDIATRICS,DNB Post MBBS,"₹ 1,25,000.00",625,0,₹ 0.00,"₹ 49,884.00"
West Bengal,"Jagannath Gupta IMS,Praraganas",DNBPAEDIATRICS,DNB Post MBBS,"₹ 1,25,000.00",350,0,₹ 0.00,"₹ 43,758.00"
West Bengal,"NeotiaGetwelHC Centre,Siliguri",DNBPAEDIATRICS,DNB Post MBBS,"₹ 1,25,000.00",217,0,₹ 0.00,"₹ 49,884.00"
West Bengal,"Peerless Hospital, Kolkata",DNBPAEDIATRICS,DNB Post MBBS,"₹ 1,25,000.00",400,0,₹ 0.00,"₹ 46,300.00"
West Bengal,"Calcutta Med Res Inst,Kolkata",DNBPAEDIATRICS,DNB Post MBBS,"₹ 1,25,000.00",440,0,₹ 0.00,"₹ 49,885.00"
West Bengal,"The Mission Hosp, Durgapur, WB",DNBPAEDIATRICS,DNB Post MBBS,"₹ 1,25,000.00",360,0,₹ 0.00,"₹ 45,000.00"
Chhattisgarh,"PetalsNewborn&Child Hosp,Raipur",DNBPAEDIATRICS,DNB Post MBBS,"₹ 1,25,000.00",160,0,₹ 0.00,"₹ 63,000.00"
Delhi,"Sehgal Neo Hosp,Paschim Vihar",DNBPAEDIATRICS,DNB Post MBBS,"₹ 1,25,000.00",100,0,₹ 0.00,"₹ 63,000.00"
Goa,"Healthway Hosp, Old Goa, Goa",DNBPAEDIATRICS,DNB Post MBBS,"₹ 1,25,000.00",250,0,₹ 0.00,"₹ 60,000.00"
Karnataka,"KauveryHosp, ElecCity,Bangalore",DNBPAEDIATRICS,DNB Post MBBS,"₹ 1,25,000.00",200,0,₹ 0.00,"₹ 56,250.00"
Kerala,"Mar Sleeva Medicity, Kottayam",DNBPAEDIATRICS,DNB Post MBBS,"₹ 1,25,000.00",648,0,₹ 0.00,"₹ 60,000.00"
Maharashtra,"Apple Saraswati, Kolhapur",DNBPAEDIATRICS,DNB Post MBBS,"₹ 1,25,000.00",200,0,₹ 0.00,"₹ 76,000.00"
Maharashtra,"DrHedgewarRugnalaya,Aurangabad",DNBPAEDIATRICS,DNB Post MBBS,"₹ 1,25,000.00",267,0,₹ 0.00,"₹ 71,000.00"
Maharashtra,"Govt Med Coll & Hosp,Nandurbar",DNBPAEDIATRICS,DNB Post MBBS,"₹ 1,25,000.00",315,1,"₹ 50,00,000.00","₹ 75,144.00"
Maharashtra,"KIMS-Kingsway Hospitals,Nagpur",DNBPAEDIATRICS,DNB Post MBBS,"₹ 1,25,000.00",300,0,₹ 0.00,"₹ 50,000.00"
Punjab,"MataKaushalya GovtHosp,Patiala",DNBPAEDIATRICS,DNB Post MBBS,"₹ 1,25,000.00",300,1,"₹ 10,00,000.00","₹ 50,190.00"
Punjab,"Punjab Inst of MS, Jalandhar",DNBPAEDIATRICS,DNB Post MBBS,"₹ 1,25,000.00",750,0,₹ 0.00,"₹ 60,000.00"
Telangana,"Apollo Hosp,Jubilee Hills,Hyd",DNBPAEDIATRICS,DNB Post MBBS,"₹ 1,25,000.00",550,0,₹ 0.00,"₹ 50,686.00"
Telangana,"District Hospital, Gollaguda",DNBPAEDIATRICS,DNB Post MBBS,"₹ 1,25,000.00",400,0,₹ 0.00,"₹ 58,289.00"
Telangana,"LittleStarsChildHosp,Hyderabad",DNBPAEDIATRICS,DNB Post MBBS,"₹ 1,25,000.00",30,0,₹ 0.00,"₹ 50,686.00"
Telangana,"Star Wom&ChildHosp, Karimnagar",DNBPAEDIATRICS,DNB Post MBBS,"₹ 1,25,000.00",100,0,₹ 0.00,"₹ 50,686.00"
Uttar Pradesh,"The Fatima Hospital, Lucknow",DNBPAEDIATRICS,DNB Post MBBS,"₹ 1,25,000.00",220,0,₹ 0.00,"₹ 56,100.00"
Uttarakhand,"VCSG MedCollHosp,PauriGarhwal",DNBPAEDIATRICS,DNB Post MBBS,"₹ 1,25,000.00",774,2,"₹ 2,50,00,000.00","₹ 76,600.00"
West Bengal,"Coll of Med & JNM Hosp, Nadia",DNBPAEDIATRICS,DNB Post MBBS,"₹ 1,25,000.00",550,0,₹ 0.00,"₹ 49,884.00"
Bihar,"Mahavir Vatsalya Hosp, Patna",DNBPAEDIATRICS,DNB Post MBBS,"₹ 1,25,000.00",170,0,₹ 0.00,"₹ 35,000.00"
Kerala,"Dhanya Mission Hosp, Potta",DNBPAEDIATRICS,DNB Post MBBS,"₹ 1,25,000.00",100,0,₹ 0.00,"₹ 35,000.00"
Kerala,"Paalana Inst of MedSci,Palakkad",DNBPAEDIATRICS,DNB Post MBBS,"₹ 1,25,000.00",300,0,₹ 0.00,"₹ 57,876.00"
Maharashtra,"Niramay Hosp & ResCent,Satara",DNBPAEDIATRICS,DNB Post MBBS,"₹ 1,25,000.00",120,0,₹ 0.00,"₹ 86,429.00"
Telangana,"SriKrishnaChildHosp,Hanamkonda",DNBPAEDIATRICS,DNB Post MBBS,"₹ 1,25,000.00",100,0,₹ 0.00,"₹ 37,000.00"
Uttar Pradesh,"YatharthWellSSHosp,Sec110,Noida",DNBPAEDIATRICS,DNB Post MBBS,"₹ 1,25,000.00",250,0,₹ 0.00,"₹ 80,000.00"
Uttarakhand,"KVR Hospital, Kashipur",DNBPAEDIATRICS,DNB Post MBBS,"₹ 1,25,000.00",100,0,₹ 0.00,"₹ 75,000.00"
Andhra Pradesh,"Govt Dist Hosp,Vizianagaram",DNBPAEDIATRICS,DNB Post MBBS,"₹ 1,25,000.00",300,0,₹ 0.00,"₹ 60,823.00"
Delhi,"NorthernRailway CentHosp,Delhi",DNBPAEDIATRICS,DNB Post MBBS,"₹ 1,25,000.00",413,0,₹ 0.00,"₹ 1,26,927.00"
Delhi,"ESIC Dental College, Rohini",DNBPAEDIATRICS,DNB Post MBBS,"₹ 1,25,000.00",300,1,"₹ 7,50,000.00","₹ 70,000.00"
Karnataka,"District Hospital, Vijayapura",DNBPAEDIATRICS,DNB Post MBBS,"₹ 1,25,000.00",426,1,"₹ 20,00,000.00","₹ 45,000.00"
Karnataka,"K C Gen Hospital, Bangalore",DNBPAEDIATRICS,DNB Post MBBS,"₹ 1,25,000.00",453,1,"₹ 20,00,000.00","₹ 45,000.00"
Mizoram,"Civil Hospital, Aizawl",DNBPAEDIATRICS,DNB Post MBBS,"₹ 1,25,000.00",300,0,₹ 0.00,"₹ 50,000.00"
Pondicherry,"RG Govt Wom&Child,Pondicherry",DNBPAEDIATRICS,DNB Post MBBS,"₹ 1,25,000.00",700,0,₹ 0.00,"₹ 43,000.00"
Telangana,"Yashoda SS Hosp,Malakpet, HYD",DNBPAEDIATRICS,DNB Post MBBS,"₹ 1,25,000.00",550,0,₹ 0.00,"₹ 58,289.00"
West Bengal,"District Hospital, Nadia",DNBPAEDIATRICS,DNB Post MBBS,"₹ 1,25,000.00",723,0,₹ 0.00,"₹ 49,884.00"
Telangana,"AnkuraHospWom&Child,Madinaguda",DNBPAEDIATRICS,DNB Post MBBS,"₹ 1,25,000.00",100,0,₹ 0.00,"₹ 58,289.00"
Uttar Pradesh,"Dist Women Hosp, Saharanpur",DNBPAEDIATRICS,DNB Post MBBS,"₹ 1,25,000.00",NA,0,₹ 0.00,"₹ 70,000.00"
Andhra Pradesh,"Rainbow Children's Hosp, Vizag",DNBPAEDIATRICS,DNB Post MBBS,"₹ 1,25,000.00",NA,0,₹ 0.00,"₹ 60,823.00"
Chhattisgarh,"Maharani Hospital, Jagdalpur",DNBPAEDIATRICS,DNB Post MBBS,"₹ 1,25,000.00",NA,0,₹ 0.00,"₹ 67,500.00"
Maharashtra,"Masai Children's Hosp, Kolhapur",DNBPAEDIATRICS,DNB Post MBBS,"₹ 1,25,000.00",NA,0,₹ 0.00,"₹ 50,000.00"
Uttar Pradesh,"RafiAhmadKidwaiDistMale,Barbnki",DNBPAEDIATRICS,DNB Post MBBS,"₹ 1,25,000.00",NA,0,₹ 0.00,"₹ 70,000.00"
Delhi,"Base Hospital, Delhi Cantt",DNBPAEDIATRICS,AFMS-DNB,"₹ 1,25,000.00",NA,5,"₹ 57,50,000.00","₹ 1,31,976.00"
Maharashtra,"JagjivanRamRailwayHosp, Mumbai",DNBPATHOLOGY,DNB Post MBBS,"₹ 1,25,000.00",361,0,₹ 0.00,"₹ 95,358.00"
Gujarat,"General Hospital, Mehsana",DNBPATHOLOGY,DNB Post MBBS,"₹ 1,25,000.00",214,0,₹ 0.00,"₹ 1,00,800.00"
Gujarat,"GMERS MedColl Hosp,Himmatnagar",DNBPATHOLOGY,DNB Post MBBS,"₹ 1,25,000.00",700,0,₹ 0.00,"₹ 1,00,800.00"
Gujarat,"GMERS MedColl Hosp,Mehsana",DNBPATHOLOGY,DNB Post MBBS,"₹ 1,25,000.00",NA,0,₹ 0.00,"₹ 1,00,800.00"
Gujarat,"GMERS Med Coll Hosp, Junagadh",DNBPATHOLOGY,DNB Post MBBS,"₹ 1,25,000.00",NA,0,₹ 0.00,"₹ 1,00,800.00"
Gujarat,"GMERS MedColl Hosp,Patan",DNBPATHOLOGY,DNB Post MBBS,"₹ 1,25,000.00",650,0,₹ 0.00,"₹ 1,00,800.00"
Gujarat,"GMERS MedColl Hosp,Valsad",DNBPATHOLOGY,DNB Post MBBS,"₹ 1,25,000.00",650,0,₹ 0.00,"₹ 1,00,800.00"
Gujarat,"ShethVadilalGenHosp,Ahmedabad",DNBPATHOLOGY,DNB Post MBBS,"₹ 1,25,000.00",500,0,₹ 0.00,"₹ 1,00,800.00"
Maharashtra,"Jehangir Hospital, Pune",DNBPATHOLOGY,DNB Post MBBS,"₹ 1,25,000.00",335,0,₹ 0.00,"₹ 86,000.00"
Odisha,"Apollo Hospital, Bhubaneswar",DNBPATHOLOGY,DNB Post MBBS,"₹ 1,25,000.00",350,0,₹ 0.00,"₹ 66,916.00"
Odisha,"Ispat Gen Hospital, Rourkela",DNBPATHOLOGY,DNB Post MBBS,"₹ 1,25,000.00",600,0,₹ 0.00,"₹ 70,868.00"
Tamil Nadu,"Govt MedCollHosp,Omandurar,CHN",DNBPATHOLOGY,DNB Post MBBS,"₹ 1,25,000.00",470,2,"₹ 40,00,000.00","₹ 52,451.00"
Tamil Nadu,"Southern Railway Hosp, Chennai",DNBPATHOLOGY,DNB Post MBBS,"₹ 1,25,000.00",505,0,₹ 0.00,"₹ 52,451.00"
Chandigarh,"Govt MultSpec Hosp, Chandigarh",DNBPATHOLOGY,DNB Post MBBS,"₹ 1,25,000.00",500,0,₹ 0.00,"₹ 1,07,000.00"
Chhattisgarh,"JLN Main Hosp & RC, Bhilai",DNBPATHOLOGY,DNB Post MBBS,"₹ 1,25,000.00",860,0,₹ 0.00,"₹ 67,500.00"
Delhi,"Dr B L Kapur Mem Hosp, Delhi",DNBPATHOLOGY,DNB Post MBBS,"₹ 1,25,000.00",465,0,₹ 0.00,"₹ 60,000.00"
Delhi,"Hindu Rao Hospital, Delhi",DNBPATHOLOGY,DNB Post MBBS,"₹ 1,25,000.00",980,0,₹ 0.00,"₹ 1,26,927.00"
Jammu and Kashmir,"Assoc Hosp Govt MC, Baramulla",DNBPATHOLOGY,DNB Post MBBS,"₹ 1,25,000.00",363,0,₹ 0.00,"₹ 48,000.00"
Delhi,"Max SS Hosp, Saket, Delhi",DNBPATHOLOGY,DNB Post MBBS,"₹ 1,25,000.00",539,0,₹ 0.00,"₹ 60,000.00"
Delhi,"Center forCancerPath-ICMR,Delhi",DNBPATHOLOGY,DNB Post MBBS,"₹ 1,25,000.00",NA,0,₹ 0.00,"₹ 1,26,927.00"
Delhi,"NorthernRailway CentHosp,Delhi",DNBPATHOLOGY,DNB Post MBBS,"₹ 1,25,000.00",413,0,₹ 0.00,"₹ 1,26,927.00"
Delhi,"Rajiv Gandhi SS Hospital, Delhi",DNBPATHOLOGY,DNB Post MBBS,"₹ 1,25,000.00",400,0,₹ 0.00,"₹ 1,26,927.00"
Delhi,"Shri Balaji Action Med, Delhi",DNBPATHOLOGY,DNB Post MBBS,"₹ 1,25,000.00",250,0,₹ 0.00,"₹ 72,000.00"
Delhi,"Sir Ganga Ram Hospital, Delhi",DNBPATHOLOGY,DNB Post MBBS,"₹ 1,25,000.00",675,0,₹ 0.00,"₹ 92,000.00"
Delhi,"St Stephen's Hospital, Delhi",DNBPATHOLOGY,DNB Post MBBS,"₹ 1,25,000.00",595,0,₹ 0.00,"₹ 63,000.00"
Delhi,"Venkateshwar Hospital, Delhi",DNBPATHOLOGY,DNB Post MBBS,"₹ 1,25,000.00",250,0,₹ 0.00,"₹ 60,000.00"
Goa,"North Dist Asilo Hosp, Mapusa",DNBPATHOLOGY,DNB Post MBBS,"₹ 1,25,000.00",240,1,"₹ 10,00,000.00","₹ 60,000.00"
Haryana,"Medanta The Medicity, Gurgaon",DNBPATHOLOGY,DNB Post MBBS,"₹ 1,25,000.00",1200,0,₹ 0.00,"₹ 65,000.00"
Jharkhand,"Tata Main Hospital, Jamshedpur",DNBPATHOLOGY,DNB Post MBBS,"₹ 1,25,000.00",915,0,₹ 0.00,"₹ 56,100.00"
Karnataka,"Apollo Hosp, Bannerghatta, BLR",DNBPATHOLOGY,DNB Post MBBS,"₹ 1,25,000.00",350,0,₹ 0.00,"₹ 56,250.00"
Karnataka,"HealthCare Global, Bangalore",DNBPATHOLOGY,DNB Post MBBS,"₹ 1,25,000.00",180,0,₹ 0.00,"₹ 45,000.00"
Karnataka,"Manipal Hosp, Rustum Bagh, BLR",DNBPATHOLOGY,DNB Post MBBS,"₹ 1,25,000.00",600,0,₹ 0.00,"₹ 56,250.00"
Kerala,"Baby Memorial, Kozhikode",DNBPATHOLOGY,DNB Post MBBS,"₹ 1,25,000.00",600,0,₹ 0.00,"₹ 57,876.00"
Kerala,"Lakeshore Hospital, Kochi",DNBPATHOLOGY,DNB Post MBBS,"₹ 1,25,000.00",470,0,₹ 0.00,"₹ 57,876.00"
Kerala,"MalabarCancerCentre,Thalassery",DNBPATHOLOGY,DNB Post MBBS,"₹ 1,25,000.00",203,1,"₹ 50,00,000.00","₹ 57,876.00"
Kerala,"Malabar IMS, Kozhikode",DNBPATHOLOGY,DNB Post MBBS,"₹ 1,25,000.00",573,0,₹ 0.00,"₹ 57,876.00"
Kerala,"Rajagiri Hospital, Ernakulam",DNBPATHOLOGY,DNB Post MBBS,"₹ 1,25,000.00",530,0,₹ 0.00,"₹ 57,876.00"
Maharashtra,"BARC Hosp, Mumbai",DNBPATHOLOGY,DNB Post MBBS,"₹ 1,25,000.00",390,0,₹ 0.00,"₹ 96,000.00"
Maharashtra,"DrBSAmbedkar MunGenHosp, Mumbai",DNBPATHOLOGY,DNB Post MBBS,"₹ 1,25,000.00",444,0,₹ 0.00,"₹ 80,000.00"
Maharashtra,"Deenanath Mangeshkar, Pune",DNBPATHOLOGY,DNB Post MBBS,"₹ 1,25,000.00",876,0,₹ 0.00,"₹ 89,698.00"
Maharashtra,"KB Bhabha MunicGenHosp, Mumbai",DNBPATHOLOGY,DNB Post MBBS,"₹ 1,25,000.00",436,0,₹ 0.00,"₹ 92,522.00"
Maharashtra,"Sadhu Vaswani Missions, Pune",DNBPATHOLOGY,DNB Post MBBS,"₹ 1,25,000.00",369,0,₹ 0.00,"₹ 90,000.00"
Maharashtra,"SethVCGandhi Mun Gen Hos,Mumbai",DNBPATHOLOGY,DNB Post MBBS,"₹ 1,25,000.00",596,0,₹ 0.00,"₹ 75,144.00"
Maharashtra,"VN Desai Mun Gen Hosp, Mumbai",DNBPATHOLOGY,DNB Post MBBS,"₹ 1,25,000.00",276,0,₹ 0.00,"₹ 80,757.00"
Rajasthan,"Bhagwan Mahavir Cancer, Jaipur",DNBPATHOLOGY,DNB Post MBBS,"₹ 1,25,000.00",300,0,₹ 0.00,"₹ 67,000.00"
Tamil Nadu,"Apollo Hosp, Greams Rd,Chennai",DNBPATHOLOGY,DNB Post MBBS,"₹ 1,25,000.00",745,0,₹ 0.00,"₹ 52,451.00"
Telangana,"Apollo Hosp,Jubilee Hills,Hyd",DNBPATHOLOGY,DNB Post MBBS,"₹ 1,25,000.00",550,0,₹ 0.00,"₹ 50,686.00"
Telangana,"Indo-American Cancer,Hyderabad",DNBPATHOLOGY,DNB Post MBBS,"₹ 1,25,000.00",500,0,₹ 0.00,"₹ 50,686.00"
Telangana,"Krishna IMS, Secunderabad",DNBPATHOLOGY,DNB Post MBBS,"₹ 1,25,000.00",675,0,₹ 0.00,"₹ 50,686.00"
Telangana,"MainHospSingareniColleries, TEL",DNBPATHOLOGY,DNB Post MBBS,"₹ 1,25,000.00",200,0,₹ 0.00,"₹ 58,289.00"
Uttar Pradesh,"Apollomedics SS Hosp, Lucknow",DNBPATHOLOGY,DNB Post MBBS,"₹ 1,25,000.00",300,0,₹ 0.00,"₹ 80,000.00"
Uttar Pradesh,"Balrampur Hospital, Lucknow",DNBPATHOLOGY,DNB Post MBBS,"₹ 1,25,000.00",656,0,₹ 0.00,"₹ 70,000.00"
Uttar Pradesh,"Medanta Hosp, Sushanth Golf, Lucknow",DNBPATHOLOGY,DNB Post MBBS,"₹ 1,25,000.00",900,0,₹ 0.00,"₹ 65,000.00"
Uttar Pradesh,"Regency Hospital, Kanpur",DNBPATHOLOGY,DNB Post MBBS,"₹ 1,25,000.00",207,0,₹ 0.00,"₹ 70,000.00"
Uttar Pradesh,"Max Super Speciality Hosp, Lucknow",DNBPATHOLOGY,DNB Post MBBS,"₹ 1,25,000.00",299,0,₹ 0.00,"₹ 56,100.00"
Uttar Pradesh,"Yashoda SS Hosp, Ghaziabad",DNBPATHOLOGY,DNB Post MBBS,"₹ 1,25,000.00",300,0,₹ 0.00,"₹ 62,000.00"
Uttar Pradesh,"Yashoda SS Hosp,Ghaziabad",DNBPATHOLOGY,DNB Post MBBS,"₹ 1,25,000.00",306,0,₹ 0.00,"₹ 70,000.00"
West Bengal,"Apollo Gleneagles, Kolkata",DNBPATHOLOGY,DNB Post MBBS,"₹ 1,25,000.00",750,0,₹ 0.00,"₹ 47,000.00"
West Bengal,"BR Singh Hospital, Kolkata",DNBPATHOLOGY,DNB Post MBBS,"₹ 1,25,000.00",465,0,₹ 0.00,"₹ 1,08,564.00"
West Bengal,"Manipal Hospital,EM Bypass,Kolkata",DNBPATHOLOGY,DNB Post MBBS,"₹ 1,25,000.00",404,0,₹ 0.00,"₹ 46,000.00"
Jammu and Kashmir,"Govt Med Coll Hosp, Anantnag",DNBPATHOLOGY,DNB Post MBBS,"₹ 1,25,000.00",363,0,₹ 0.00,"₹ 59,500.00"
Maharashtra,"Govt Med Coll & Hosp, Alibag",DNBPATHOLOGY,DNB Post MBBS,"₹ 1,25,000.00",NA,1,"₹ 50,00,000.00","₹ 75,144.00"
Maharashtra,"Govt Med Coll & Hosp,Nandurbar",DNBPATHOLOGY,DNB Post MBBS,"₹ 1,25,000.00",315,1,"₹ 50,00,000.00","₹ 75,144.00"
Tamil Nadu,"GKNM Hospital, Coimbatore",DNBPATHOLOGY,DNB Post MBBS,"₹ 1,25,000.00",600,0,₹ 0.00,"₹ 52,451.00"
Uttar Pradesh,"Vivekananda Polyclinic,Lucknow",DNBPATHOLOGY,DNB Post MBBS,"₹ 1,25,000.00",350,0,₹ 0.00,"₹ 61,100.00"
West Bengal,"Peerless Hospital, Kolkata",DNBPATHOLOGY,DNB Post MBBS,"₹ 1,25,000.00",400,0,₹ 0.00,"₹ 46,300.00"
West Bengal,"ESI Hospital,Manicktala,Kolkata",DNBPATHOLOGY,DNB Post MBBS,"₹ 1,25,000.00",500,1,"₹ 7,50,000.00","₹ 49,884.00"
Uttar Pradesh,"SS Pediatric Hosp & PGTI,Noida",DNBPATHOLOGY,DNB Post MBBS,"₹ 1,25,000.00",257,0,₹ 0.00,"₹ 80,610.00"
Bihar,"Jayprabha Medanta SS Hosp,Patna",DNBPATHOLOGY,DNB Post MBBS,"₹ 1,25,000.00",NA,0,₹ 0.00,"₹ 68,515.00"
West Bengal,"ChittaranjanNat Cancer,Kolkata",DNBPATHOLOGY,DNB Post MBBS,"₹ 1,25,000.00",200,0,₹ 0.00,"₹ 1,05,880.00"
Delhi,"Base Hospital, Delhi Cantt",DNBPATHOLOGY,AFMS-DNB,"₹ 1,25,000.00",NA,5,"₹ 57,50,000.00","₹ 1,31,976.00"
Bihar,"ESIC MC & Hosp Bihta, Patna",DNBPHARMACOLOGY,DNB Post MBBS,"₹ 1,25,000.00",330,1,"₹ 7,50,000.00","₹ 70,000.00"
Jammu and Kashmir,"Assoc Hosp Govt MC, Kathua",DNBPHARMACOLOGY,DNB Post MBBS,"₹ 1,25,000.00",564,0,₹ 0.00,"₹ 59,500.00"
Jammu and Kashmir,"Govt Med Coll Hosp, Anantnag",DNBPHARMACOLOGY,DNB Post MBBS,"₹ 1,25,000.00",363,0,₹ 0.00,"₹ 59,500.00"
Odisha,"Swami Vivekanand(Rehab),Bairoi",DNBPMR,DNB Post MBBS,"₹ 1,25,000.00",100,0,₹ 0.00,"₹ 82,227.00"
West Bengal,"SambhuNath Pandit Hosp,Kolkata",DNBPMR,DNB Post MBBS,"₹ 1,25,000.00",576,0,₹ 0.00,"₹ 49,884.00"
Karnataka,"Manipal Hosp, Rustum Bagh, BLR",DNBPMR,DNB Post MBBS,"₹ 1,25,000.00",600,0,₹ 0.00,"₹ 56,250.00"
Bihar,"ESIC MC & Hosp Bihta, Patna",DNBPHYSIOLOGY,DNB Post MBBS,"₹ 1,25,000.00",330,1,"₹ 7,50,000.00","₹ 70,000.00"
Himachal Pradesh,"Dr Rajendra Prasad GMC, Tanda",DNBPHYSIOLOGY,DNB Post MBBS,"₹ 1,25,000.00",600,2,"₹ 40,00,000.00","₹ 40,000.00"
Jammu and Kashmir,"Assoc Hosp Govt MC, Kathua",DNBPHYSIOLOGY,DNB Post MBBS,"₹ 1,25,000.00",564,0,₹ 0.00,"₹ 59,500.00"
Jammu and Kashmir,"Sher-I-Kashmir, Bemina",DNBPHYSIOLOGY,DNB Post MBBS,"₹ 1,25,000.00",272,0,₹ 0.00,"₹ 59,500.00"
Jammu and Kashmir,"Govt Med Coll Hosp, Anantnag",DNBPHYSIOLOGY,DNB Post MBBS,"₹ 1,25,000.00",363,0,₹ 0.00,"₹ 59,500.00"
Manipur,"Shija Hosp, Imphal",DNBPLASTIC SURGERY 6 YRS,DNB Post MBBS,"₹ 1,25,000.00",350,0,₹ 0.00,"₹ 50,000.00"
Delhi,"Sir Ganga Ram Hospital, Delhi",DNBPLASTIC SURGERY 6 YRS,DNB Post MBBS,"₹ 1,25,000.00",675,0,₹ 0.00,"₹ 92,000.00"
Karnataka,"Manipal Hosp, Rustum Bagh, BLR",DNBPLASTIC SURGERY 6 YRS,DNB Post MBBS,"₹ 1,25,000.00",600,0,₹ 0.00,"₹ 56,250.00"
Kerala,"Baby Memorial, Kozhikode",DNBPLASTIC SURGERY 6 YRS,DNB Post MBBS,"₹ 1,25,000.00",600,0,₹ 0.00,"₹ 57,876.00"
Kerala,"Malabar IMS, Kozhikode",DNBPLASTIC SURGERY 6 YRS,DNB Post MBBS,"₹ 1,25,000.00",573,0,₹ 0.00,"₹ 57,876.00"
Tamil Nadu,"ApolloFirstMed,Kilpauk,Chennai",DNBPLASTIC SURGERY 6 YRS,DNB Post MBBS,"₹ 1,25,000.00",102,0,₹ 0.00,"₹ 52,451.00"
Tamil Nadu,"SRM Inst for Med Sci, Chennai",DNBPLASTIC SURGERY 6 YRS,DNB Post MBBS,"₹ 1,25,000.00",245,0,₹ 0.00,"₹ 52,451.00"
Uttar Pradesh,"Sushrut Inst of Plastic,Lucknow",DNBPLASTIC SURGERY 6 YRS,DNB Post MBBS,"₹ 1,25,000.00",120,0,₹ 0.00,"₹ 68,000.00"
Uttar Pradesh,"Vivekananda Polyclinic,Lucknow",DNBPLASTIC SURGERY 6 YRS,DNB Post MBBS,"₹ 1,25,000.00",350,0,₹ 0.00,"₹ 61,100.00"
Karnataka,"Narayana Hrudayalaya Hos,Bommasandra",DNBPLASTIC SURGERY 6 YRS,DNB Post MBBS,"₹ 1,25,000.00",210,0,₹ 0.00,"₹ 56,250.00"
Telangana,"Apollo Hosp,Jubilee Hills,Hyd",DNBPLASTIC SURGERY 6 YRS,DNB Post MBBS,"₹ 1,25,000.00",550,0,₹ 0.00,"₹ 50,686.00"
Maharashtra,"KJ Somaiya MedColl Hosp,Mumbai",DNBPSYCHIATRY,DNB Post MBBS,"₹ 1,25,000.00",520,0,₹ 0.00,"₹ 86,629.00"
Gujarat,"Gujarat IMH Hosp, Ahmedabad",DNBPSYCHIATRY,DNB Post MBBS,"₹ 1,25,000.00",312,0,₹ 0.00,"₹ 1,00,800.00"
Gujarat,"Hosp for MentalHealth,Vadodara",DNBPSYCHIATRY,DNB Post MBBS,"₹ 1,25,000.00",300,0,₹ 0.00,"₹ 1,00,800.00"
Gujarat,"GMERS MedColl Hosp,Himmatnagar",DNBPSYCHIATRY,DNB Post MBBS,"₹ 1,25,000.00",700,0,₹ 0.00,"₹ 1,00,800.00"
Gujarat,"ShethVadilalGenHosp,Ahmedabad",DNBPSYCHIATRY,DNB Post MBBS,"₹ 1,25,000.00",500,0,₹ 0.00,"₹ 1,00,800.00"
Gujarat,"Divyam Hospital, Palsana,Surat",DNBPSYCHIATRY,DNB Post MBBS,"₹ 1,25,000.00",NA,0,₹ 0.00,"₹ 84,000.00"
Andhra Pradesh,"INDLAS VIMHANS Hosp,Vijayawada",DNBPSYCHIATRY,DNB Post MBBS,"₹ 1,25,000.00",120,0,₹ 0.00,"₹ 44,075.00"
Pondicherry,"IndiraGandhi MC&RI,Pondicherry",DNBPSYCHIATRY,DNB Post MBBS,"₹ 1,25,000.00",750,0,₹ 0.00,"₹ 43,000.00"
Delhi,"VIMHANS, Delhi",DNBPSYCHIATRY,DNB Post MBBS,"₹ 1,25,000.00",90,0,₹ 0.00,"₹ 58,000.00"
Haryana,"Maharaja Agrasen MCHosp,Agroha",DNBPSYCHIATRY,DNB Post MBBS,"₹ 1,25,000.00",541,0,₹ 0.00,"₹ 1,00,980.00"
Jammu and Kashmir,"Govt Med Coll Hosp, Anantnag",DNBPSYCHIATRY,DNB Post MBBS,"₹ 1,25,000.00",363,0,₹ 0.00,"₹ 59,500.00"
Jammu and Kashmir,"Govt Med Coll Hosp, Jammu",DNBPSYCHIATRY,DNB Post MBBS,"₹ 1,25,000.00",2220,0,₹ 0.00,"₹ 59,500.00"
Jharkhand,Ranchi Inst of Nuero Psychairy,DNBPSYCHIATRY,DNB Post MBBS,"₹ 1,25,000.00",500,0,₹ 0.00,"₹ 76,000.00"
Karnataka,"ManasaNurs Home, Shivamogga,KAR",DNBPSYCHIATRY,DNB Post MBBS,"₹ 1,25,000.00",100,0,₹ 0.00,"₹ 56,250.00"
Kerala,"Govt Mental Health,Kozhikode",DNBPSYCHIATRY,DNB Post MBBS,"₹ 1,25,000.00",474,1,"₹ 50,00,000.00","₹ 57,876.00"
Kerala,"Lourdes Hospital, Kochi",DNBPSYCHIATRY,DNB Post MBBS,"₹ 1,25,000.00",600,0,₹ 0.00,"₹ 57,876.00"
Kerala,"Mental HealthCentre,Trivandrum",DNBPSYCHIATRY,DNB Post MBBS,"₹ 1,25,000.00",531,0,₹ 0.00,"₹ 57,876.00"
Maharashtra,"BARC Hosp, Mumbai",DNBPSYCHIATRY,DNB Post MBBS,"₹ 1,25,000.00",390,0,₹ 0.00,"₹ 96,000.00"
Maharashtra,"Dr RN Cooper Gen Hosp, Mumbai",DNBPSYCHIATRY,DNB Post MBBS,"₹ 1,25,000.00",940,NA,NA,"₹ 75,144.00"
Maharashtra,"Masina Hospital, Mumbai",DNBPSYCHIATRY,DNB Post MBBS,"₹ 1,25,000.00",270,0,₹ 0.00,"₹ 76,429.00"
Punjab,"Inst of Mental Health,Amritsar",DNBPSYCHIATRY,DNB Post MBBS,"₹ 1,25,000.00",400,2,"₹ 15,00,000.00","₹ 67,968.00"
Punjab,"Punjab Inst of MS, Jalandhar",DNBPSYCHIATRY,DNB Post MBBS,"₹ 1,25,000.00",750,0,₹ 0.00,"₹ 60,000.00"
Telangana,"Asha Hospital, Hyderabad",DNBPSYCHIATRY,DNB Post MBBS,"₹ 1,25,000.00",96,0,₹ 0.00,"₹ 58,289.00"
Bihar,"BiharStateInstMentHealt,Koilwar",DNBPSYCHIATRY,DNB Post MBBS,"₹ 1,25,000.00",180,NA,NA,"₹ 82,000.00"
Delhi,"Sir Ganga Ram Hospital, Delhi",DNBPSYCHIATRY,DNB Post MBBS,"₹ 1,25,000.00",675,0,₹ 0.00,"₹ 92,000.00"
Delhi,"Base Hospital, Delhi Cantt",DNBPSYCHIATRY,AFMS-DNB,"₹ 1,25,000.00",NA,5,"₹ 57,50,000.00","₹ 1,31,976.00"
Maharashtra,"Holy Spirit Hospital, Mumbai",DNBRADIO DIAGNOSIS,DNB Post MBBS,"₹ 1,25,000.00",300,0,₹ 0.00,"₹ 86,630.00"
Maharashtra,"Jaslok Hospital, Mumbai",DNBRADIO DIAGNOSIS,DNB Post MBBS,"₹ 1,25,000.00",361,0,₹ 0.00,"₹ 76,000.00"
Gujarat,"Apollo Hospital,Gandhinagar",DNBRADIO DIAGNOSIS,DNB Post MBBS,"₹ 1,25,000.00",300,0,₹ 0.00,"₹ 84,000.00"
Gujarat,"Gujarat MRI Centre, Ahmedabad",DNBRADIO DIAGNOSIS,DNB Post MBBS,"₹ 1,25,000.00",106,0,₹ 0.00,"₹ 35,000.00"
Gujarat,"Kiran Multi-spec Hosp, Surat",DNBRADIO DIAGNOSIS,DNB Post MBBS,"₹ 1,25,000.00",319,0,₹ 0.00,"₹ 84,000.00"
Gujarat,"Shalby Hosp, SG Highway, Ahm",DNBRADIO DIAGNOSIS,DNB Post MBBS,"₹ 1,25,000.00",200,0,₹ 0.00,"₹ 1,00,800.00"
Maharashtra,"Jehangir Hospital, Pune",DNBRADIO DIAGNOSIS,DNB Post MBBS,"₹ 1,25,000.00",335,0,₹ 0.00,"₹ 86,000.00"
Andhra Pradesh,"Apollo Hospital, Vizag",DNBRADIO DIAGNOSIS,DNB Post MBBS,"₹ 1,25,000.00",206,0,₹ 0.00,"₹ 60,823.00"
Andhra Pradesh,"Dr Ramesh Cardiac Hosp, Guntur",DNBRADIO DIAGNOSIS,DNB Post MBBS,"₹ 1,25,000.00",350,0,₹ 0.00,"₹ 60,823.00"
Andhra Pradesh,"KIMS Saveera Hosp, Anantapuram",DNBRADIO DIAGNOSIS,DNB Post MBBS,"₹ 1,25,000.00",250,0,₹ 0.00,"₹ 60,823.00"
Andhra Pradesh,"Krishna IMS, Nellore",DNBRADIO DIAGNOSIS,DNB Post MBBS,"₹ 1,25,000.00",250,0,₹ 0.00,"₹ 50,686.00"
Odisha,"Manipal Hospital, Bhubaneswar",DNBRADIO DIAGNOSIS,DNB Post MBBS,"₹ 1,25,000.00",400,0,₹ 0.00,"₹ 71,000.00"
Odisha,"Apollo Hospital, Bhubaneswar",DNBRADIO DIAGNOSIS,DNB Post MBBS,"₹ 1,25,000.00",350,0,₹ 0.00,"₹ 66,916.00"
Punjab,"GGS Med Coll Hosp, Faridkot",DNBRADIO DIAGNOSIS,DNB Post MBBS,"₹ 1,25,000.00",582,1,"₹ 10,00,000.00","₹ 67,968.00"
Punjab,"Mohandai Oswal Hosp, Ludhiana",DNBRADIO DIAGNOSIS,DNB Post MBBS,"₹ 1,25,000.00",300,0,₹ 0.00,"₹ 67,968.00"
Punjab,"Satguru Partap Singh,Ludhiana",DNBRADIO DIAGNOSIS,DNB Post MBBS,"₹ 1,25,000.00",350,0,₹ 0.00,"₹ 67,968.00"
Rajasthan,"Rukmani Birla Hospital, Jaipur",DNBRADIO DIAGNOSIS,DNB Post MBBS,"₹ 1,25,000.00",230,0,₹ 0.00,"₹ 76,176.00"
Assam,"Health City Hospital, Guwahati",DNBRADIO DIAGNOSIS,DNB Post MBBS,"₹ 1,25,000.00",200,0,₹ 0.00,"₹ 52,000.00"
Assam,"Apollo Excelcare Hosp, Guwahati",DNBRADIO DIAGNOSIS,DNB Post MBBS,"₹ 1,25,000.00",178,0,₹ 0.00,"₹ 51,000.00"
Bihar,"Paras HMRI Hospital, Patna",DNBRADIO DIAGNOSIS,DNB Post MBBS,"₹ 1,25,000.00",350,0,₹ 0.00,"₹ 82,000.00"
Chandigarh,"Govt MultSpec Hosp, Chandigarh",DNBRADIO DIAGNOSIS,DNB Post MBBS,"₹ 1,25,000.00",500,0,₹ 0.00,"₹ 1,07,000.00"
Chhattisgarh,"Apollo Hospital, Bilaspur",DNBRADIO DIAGNOSIS,DNB Post MBBS,"₹ 1,25,000.00",300,0,₹ 0.00,"₹ 57,500.00"
Chhattisgarh,"JLN Main Hosp & RC, Bhilai",DNBRADIO DIAGNOSIS,DNB Post MBBS,"₹ 1,25,000.00",860,0,₹ 0.00,"₹ 67,500.00"
Chhattisgarh,"Ramkrishna Care Hosp, Raipur",DNBRADIO DIAGNOSIS,DNB Post MBBS,"₹ 1,25,000.00",359,0,₹ 0.00,"₹ 67,500.00"
Delhi,"Aakash HC SS Hospital, Dwarka",DNBRADIO DIAGNOSIS,DNB Post MBBS,"₹ 1,25,000.00",200,0,₹ 0.00,"₹ 80,000.00"
Delhi,"Batra Hospital, Delhi",DNBRADIO DIAGNOSIS,DNB Post MBBS,"₹ 1,25,000.00",495,0,₹ 0.00,"₹ 61,000.00"
Delhi,"Dharamshila Narayana, Delhi",DNBRADIO DIAGNOSIS,DNB Post MBBS,"₹ 1,25,000.00",200,0,₹ 0.00,"₹ 69,000.00"
Delhi,"Dr B L Kapur Mem Hosp, Delhi",DNBRADIO DIAGNOSIS,DNB Post MBBS,"₹ 1,25,000.00",465,0,₹ 0.00,"₹ 60,000.00"
Delhi,"Fortis Hosp,ShalimarBagh,Delhi",DNBRADIO DIAGNOSIS,DNB Post MBBS,"₹ 1,25,000.00",262,0,₹ 0.00,"₹ 58,000.00"
Delhi,"Holy Family Hospital, Delhi",DNBRADIO DIAGNOSIS,DNB Post MBBS,"₹ 1,25,000.00",345,0,₹ 0.00,"₹ 82,000.00"
Delhi,Human Care Med Trust Dwarka,DNBRADIO DIAGNOSIS,DNB Post MBBS,"₹ 1,25,000.00",380,0,₹ 0.00,"₹ 57,000.00"
Delhi,"Indraprastha Apollo Hosp,Delhi",DNBRADIO DIAGNOSIS,DNB Post MBBS,"₹ 1,25,000.00",718,0,₹ 0.00,"₹ 64,500.00"
Delhi,"Mata Chanan Devi Hosp, Delhi",DNBRADIO DIAGNOSIS,DNB Post MBBS,"₹ 1,25,000.00",210,0,₹ 0.00,"₹ 60,000.00"
Delhi,"Max SS Hosp, Saket, Delhi",DNBRADIO DIAGNOSIS,DNB Post MBBS,"₹ 1,25,000.00",539,0,₹ 0.00,"₹ 60,000.00"
Delhi,"Max SS Hosp, Patparganj,Delhi",DNBRADIO DIAGNOSIS,DNB Post MBBS,"₹ 1,25,000.00",402,0,₹ 0.00,"₹ 60,000.00"
Delhi,"Max SS Hosp,ShalimarBagh,Delhi",DNBRADIO DIAGNOSIS,DNB Post MBBS,"₹ 1,25,000.00",250,0,₹ 0.00,"₹ 60,000.00"
Delhi,"Shri Balaji Action Med, Delhi",DNBRADIO DIAGNOSIS,DNB Post MBBS,"₹ 1,25,000.00",250,0,₹ 0.00,"₹ 72,000.00"
Delhi,"Sir Ganga Ram Hospital, Delhi",DNBRADIO DIAGNOSIS,DNB Post MBBS,"₹ 1,25,000.00",675,0,₹ 0.00,"₹ 92,000.00"
Delhi,"St Stephen's Hospital, Delhi",DNBRADIO DIAGNOSIS,DNB Post MBBS,"₹ 1,25,000.00",595,0,₹ 0.00,"₹ 63,000.00"
Haryana,"Aadhar Health Inst, Hisar",DNBRADIO DIAGNOSIS,DNB Post MBBS,"₹ 1,25,000.00",200,0,₹ 0.00,"₹ 78,000.00"
Haryana,"Artemis Health Inst, Gurgaon",DNBRADIO DIAGNOSIS,DNB Post MBBS,"₹ 1,25,000.00",394,0,₹ 0.00,"₹ 56,000.00"
Haryana,"Asian IMS, Faridabad",DNBRADIO DIAGNOSIS,DNB Post MBBS,"₹ 1,25,000.00",425,0,₹ 0.00,"₹ 58,100.00"
Haryana,"Fortis Escorts Hosp, Faridabad",DNBRADIO DIAGNOSIS,DNB Post MBBS,"₹ 1,25,000.00",210,0,₹ 0.00,"₹ 71,100.00"
Haryana,"General Hospital, Panchkula",DNBRADIO DIAGNOSIS,DNB Post MBBS,"₹ 1,25,000.00",300,0,₹ 0.00,"₹ 1,00,980.00"
Haryana,"Medanta The Medicity, Gurgaon",DNBRADIO DIAGNOSIS,DNB Post MBBS,"₹ 1,25,000.00",1200,0,₹ 0.00,"₹ 65,000.00"
Haryana,"Metro Heart Inst, Faridabad",DNBRADIO DIAGNOSIS,DNB Post MBBS,"₹ 1,25,000.00",200,0,₹ 0.00,"₹ 95,000.00"
Haryana,"Paras Hospital, Gurgaon",DNBRADIO DIAGNOSIS,DNB Post MBBS,"₹ 1,25,000.00",250,0,₹ 0.00,"₹ 60,000.00"
Haryana,"Sarvodaya Hospital, Faridabad",DNBRADIO DIAGNOSIS,DNB Post MBBS,"₹ 1,25,000.00",300,0,₹ 0.00,"₹ 73,000.00"
Haryana,"Sarvodaya MultSpec(Canc),Hisar",DNBRADIO DIAGNOSIS,DNB Post MBBS,"₹ 1,25,000.00",100,0,₹ 0.00,"₹ 78,000.00"
Karnataka,"Apollo BGS Hospital, Mysore",DNBRADIO DIAGNOSIS,DNB Post MBBS,"₹ 1,25,000.00",215,0,₹ 0.00,"₹ 45,000.00"
Karnataka,"Apollo Hosp, Bannerghatta, BLR",DNBRADIO DIAGNOSIS,DNB Post MBBS,"₹ 1,25,000.00",350,0,₹ 0.00,"₹ 56,250.00"
Karnataka,"Aster CMI Hospital, Bangalore",DNBRADIO DIAGNOSIS,DNB Post MBBS,"₹ 1,25,000.00",350,0,₹ 0.00,"₹ 56,250.00"
Karnataka,"Bangalore Baptist, Bangalore",DNBRADIO DIAGNOSIS,DNB Post MBBS,"₹ 1,25,000.00",340,0,₹ 0.00,"₹ 56,250.00"
Karnataka,"Bhagwan MahaveerJain,Bangalore",DNBRADIO DIAGNOSIS,DNB Post MBBS,"₹ 1,25,000.00",470,0,₹ 0.00,"₹ 45,000.00"
Karnataka,"ColumbiaAsia Hosp,Malleshwaram",DNBRADIO DIAGNOSIS,DNB Post MBBS,"₹ 1,25,000.00",160,0,₹ 0.00,"₹ 45,000.00"
Karnataka,"Fortis Hosp,BannerghattaRd,BLR",DNBRADIO DIAGNOSIS,DNB Post MBBS,"₹ 1,25,000.00",400,0,₹ 0.00,"₹ 45,000.00"
Karnataka,"Manipal Hosp, Whitefield, BLR",DNBRADIO DIAGNOSIS,DNB Post MBBS,"₹ 1,25,000.00",287,0,₹ 0.00,"₹ 56,250.00"
Karnataka,"Manipal Hosp, Rustum Bagh, BLR",DNBRADIO DIAGNOSIS,DNB Post MBBS,"₹ 1,25,000.00",600,0,₹ 0.00,"₹ 56,250.00"
Karnataka,"Sagar Hosp, Jayanagar, BLR",DNBRADIO DIAGNOSIS,DNB Post MBBS,"₹ 1,25,000.00",200,0,₹ 0.00,"₹ 45,000.00"
Karnataka,"Sakra World Hosp, Bangalore",DNBRADIO DIAGNOSIS,DNB Post MBBS,"₹ 1,25,000.00",300,0,₹ 0.00,"₹ 45,000.00"
Karnataka,"Santosh Hospital, Bangalore",DNBRADIO DIAGNOSIS,DNB Post MBBS,"₹ 1,25,000.00",200,0,₹ 0.00,"₹ 40,000.00"
Karnataka,"Narayana Hrudayalaya Hos,Bommasandra",DNBRADIO DIAGNOSIS,DNB Post MBBS,"₹ 1,25,000.00",210,0,₹ 0.00,"₹ 56,250.00"
Karnataka,"Sparsh SS Hosp, Yeshwanthpur",DNBRADIO DIAGNOSIS,DNB Post MBBS,"₹ 1,25,000.00",250,0,₹ 0.00,"₹ 56,250.00"
Karnataka,"Sri Shankara Cancer Hosp, BLR",DNBRADIO DIAGNOSIS,DNB Post MBBS,"₹ 1,25,000.00",470,0,₹ 0.00,"₹ 45,000.00"
Karnataka,"Manipal Hosp, Whitefield",DNBRADIO DIAGNOSIS,DNB Post MBBS,"₹ 1,25,000.00",162,0,₹ 0.00,"₹ 45,000.00"
Karnataka,"NarayanaHrudyalaya,Bommasandra",DNBRADIO DIAGNOSIS,DNB Post MBBS,"₹ 1,25,000.00",2000,0,₹ 0.00,"₹ 56,250.00"
Kerala,"Ananthapuri Hosp, Trivandrum",DNBRADIO DIAGNOSIS,DNB Post MBBS,"₹ 1,25,000.00",400,0,₹ 0.00,"₹ 57,876.00"
Kerala,"Aster Medcity, Kochi",DNBRADIO DIAGNOSIS,DNB Post MBBS,"₹ 1,25,000.00",500,0,₹ 0.00,"₹ 57,876.00"
Kerala,"Baby Memorial, Kozhikode",DNBRADIO DIAGNOSIS,DNB Post MBBS,"₹ 1,25,000.00",600,0,₹ 0.00,"₹ 57,876.00"
Kerala,"KIMS, Trivandrum",DNBRADIO DIAGNOSIS,DNB Post MBBS,"₹ 1,25,000.00",2000,0,₹ 0.00,"₹ 57,876.00"
Kerala,"Lakeshore Hospital, Kochi",DNBRADIO DIAGNOSIS,DNB Post MBBS,"₹ 1,25,000.00",470,0,₹ 0.00,"₹ 57,876.00"
Kerala,"Lourdes Hospital, Kochi",DNBRADIO DIAGNOSIS,DNB Post MBBS,"₹ 1,25,000.00",600,0,₹ 0.00,"₹ 57,876.00"
Kerala,"Malabar IMS, Kozhikode",DNBRADIO DIAGNOSIS,DNB Post MBBS,"₹ 1,25,000.00",573,0,₹ 0.00,"₹ 57,876.00"
Kerala,"Medical Trust Hospital, Kochi",DNBRADIO DIAGNOSIS,DNB Post MBBS,"₹ 1,25,000.00",500,0,₹ 0.00,"₹ 57,876.00"
Kerala,"Polakulath Narayanan, Kochi",DNBRADIO DIAGNOSIS,DNB Post MBBS,"₹ 1,25,000.00",205,0,₹ 0.00,"₹ 57,876.00"
Kerala,"Rajagiri Hospital, Ernakulam",DNBRADIO DIAGNOSIS,DNB Post MBBS,"₹ 1,25,000.00",530,0,₹ 0.00,"₹ 57,876.00"
Kerala,"Valluvanad Hosp, Ottapalam",DNBRADIO DIAGNOSIS,DNB Post MBBS,"₹ 1,25,000.00",205,0,₹ 0.00,"₹ 57,876.00"
Madhya Pradesh,"Bansal Hospital, Shahpura",DNBRADIO DIAGNOSIS,DNB Post MBBS,"₹ 1,25,000.00",301,0,₹ 0.00,"₹ 65,000.00"
Madhya Pradesh,"Bombay Hospital, Indore",DNBRADIO DIAGNOSIS,DNB Post MBBS,"₹ 1,25,000.00",350,0,₹ 0.00,"₹ 75,444.00"
Madhya Pradesh,"CHL Hospital, Indore",DNBRADIO DIAGNOSIS,DNB Post MBBS,"₹ 1,25,000.00",200,0,₹ 0.00,"₹ 69,115.00"
Madhya Pradesh,"Choithram Hospital, Indore",DNBRADIO DIAGNOSIS,DNB Post MBBS,"₹ 1,25,000.00",350,0,₹ 0.00,"₹ 75,444.00"
Madhya Pradesh,"Vishesh Jupiter Hosp, Indore",DNBRADIO DIAGNOSIS,DNB Post MBBS,"₹ 1,25,000.00",200,0,₹ 0.00,"₹ 75,444.00"
Maharashtra,"Max Super Spec Hosp, Nagpur",DNBRADIO DIAGNOSIS,DNB Post MBBS,"₹ 1,25,000.00",200,0,₹ 0.00,"₹ 76,429.00"
Maharashtra,"Apollo Hospital, Navi Mumbai",DNBRADIO DIAGNOSIS,DNB Post MBBS,"₹ 1,25,000.00",473,0,₹ 0.00,"₹ 89,000.00"
Maharashtra,"Apple Saraswati, Kolhapur",DNBRADIO DIAGNOSIS,DNB Post MBBS,"₹ 1,25,000.00",200,0,₹ 0.00,"₹ 76,000.00"
Maharashtra,"Asian IMS, Dombivli (E)",DNBRADIO DIAGNOSIS,DNB Post MBBS,"₹ 1,25,000.00",NA,0,₹ 0.00,"₹ 83,000.00"
Maharashtra,"Bai Jerbai Wadia Hosp, Mumbai",DNBRADIO DIAGNOSIS,DNB Post MBBS,"₹ 1,25,000.00",300,0,₹ 0.00,"₹ 66,000.00"
Maharashtra,"BARC Hosp, Mumbai",DNBRADIO DIAGNOSIS,DNB Post MBBS,"₹ 1,25,000.00",390,0,₹ 0.00,"₹ 96,000.00"
Maharashtra,"DrBSAmbedkar MunGenHosp, Mumbai",DNBRADIO DIAGNOSIS,DNB Post MBBS,"₹ 1,25,000.00",444,0,₹ 0.00,"₹ 80,000.00"
Maharashtra,"Breach Candy Hospital, Mumbai",DNBRADIO DIAGNOSIS,DNB Post MBBS,"₹ 1,25,000.00",213,0,₹ 0.00,"₹ 89,000.00"
Maharashtra,"Deenanath Mangeshkar, Pune",DNBRADIO DIAGNOSIS,DNB Post MBBS,"₹ 1,25,000.00",876,0,₹ 0.00,"₹ 89,698.00"
Maharashtra,"Dr B Nanavati Hosp, Mumbai",DNBRADIO DIAGNOSIS,DNB Post MBBS,"₹ 1,25,000.00",348,0,₹ 0.00,"₹ 86,630.00"
Maharashtra,"DrHedgewarRugnalaya,Aurangabad",DNBRADIO DIAGNOSIS,DNB Post MBBS,"₹ 1,25,000.00",267,0,₹ 0.00,"₹ 71,000.00"
Maharashtra,"Fortis Hosp, Mulund, Mumbai",DNBRADIO DIAGNOSIS,DNB Post MBBS,"₹ 1,25,000.00",350,0,₹ 0.00,"₹ 86,750.00"
Maharashtra,"KIMS-Kingsway Hospitals,Nagpur",DNBRADIO DIAGNOSIS,DNB Post MBBS,"₹ 1,25,000.00",300,0,₹ 0.00,"₹ 50,000.00"
Maharashtra,"MGM NewBombay Hosp,Navi Mumbai",DNBRADIO DIAGNOSIS,DNB Post MBBS,"₹ 1,25,000.00",250,0,₹ 0.00,"₹ 89,698.00"
Maharashtra,"Rajiv Gandhi MedColl,Thane,MUM",DNBRADIO DIAGNOSIS,DNB Post MBBS,"₹ 1,25,000.00",500,1,"₹ 50,00,000.00","₹ 80,000.00"
Maharashtra,"Sadhu Vaswani Missions, Pune",DNBRADIO DIAGNOSIS,DNB Post MBBS,"₹ 1,25,000.00",369,0,₹ 0.00,"₹ 90,000.00"
Maharashtra,"Wockhardt Hosp, Central Mumbai",DNBRADIO DIAGNOSIS,DNB Post MBBS,"₹ 1,25,000.00",320,0,₹ 0.00,"₹ 75,000.00"
Odisha,"Kalinga Hospital, Bhubaneswar",DNBRADIO DIAGNOSIS,DNB Post MBBS,"₹ 1,25,000.00",250,0,₹ 0.00,"₹ 71,000.00"
Odisha,"SUM Ultimate, Bhubaneswar,Odisha",DNBRADIO DIAGNOSIS,DNB Post MBBS,"₹ 1,25,000.00",350,0,₹ 0.00,"₹ 60,000.00"
Punjab,"Livasa Hospital, Mohali",DNBRADIO DIAGNOSIS,DNB Post MBBS,"₹ 1,25,000.00",180,0,₹ 0.00,"₹ 68,000.00"
Punjab,"Max SS Hosp, Mohali",DNBRADIO DIAGNOSIS,DNB Post MBBS,"₹ 1,25,000.00",200,0,₹ 0.00,"₹ 45,000.00"
Tamil Nadu,"Apollo Hosp, Greams Rd,Chennai",DNBRADIO DIAGNOSIS,DNB Post MBBS,"₹ 1,25,000.00",745,0,₹ 0.00,"₹ 52,451.00"
Tamil Nadu,"Apollo KH Hosp, Melvisharam",DNBRADIO DIAGNOSIS,DNB Post MBBS,"₹ 1,25,000.00",100,0,₹ 0.00,"₹ 50,000.00"
Tamil Nadu,"ApolloSpecHosp,Ayanambakkam,CHN",DNBRADIO DIAGNOSIS,DNB Post MBBS,"₹ 1,25,000.00",300,0,₹ 0.00,"₹ 52,451.00"
Tamil Nadu,"Apollo Spec Hosp, MountRd,CHN",DNBRADIO DIAGNOSIS,DNB Post MBBS,"₹ 1,25,000.00",290,0,₹ 0.00,"₹ 48,000.00"
Tamil Nadu,"Billroth Hospital, Chennai",DNBRADIO DIAGNOSIS,DNB Post MBBS,"₹ 1,25,000.00",330,0,₹ 0.00,"₹ 50,923.00"
Tamil Nadu,"Cancer Institute, Adyar,Chennai",DNBRADIO DIAGNOSIS,DNB Post MBBS,"₹ 1,25,000.00",545,0,₹ 0.00,"₹ 52,451.00"
Tamil Nadu,"Dr Rela Inst, Chrompet,Chennai",DNBRADIO DIAGNOSIS,DNB Post MBBS,"₹ 1,25,000.00",450,0,₹ 0.00,"₹ 50,000.00"
Tamil Nadu,"Dr Kamakshi Mem, Chennai",DNBRADIO DIAGNOSIS,DNB Post MBBS,"₹ 1,25,000.00",220,0,₹ 0.00,"₹ 52,451.00"
Tamil Nadu,"GKNM Hospital, Coimbatore",DNBRADIO DIAGNOSIS,DNB Post MBBS,"₹ 1,25,000.00",600,0,₹ 0.00,"₹ 52,451.00"
Tamil Nadu,"KG Hospital, Coimbatore",DNBRADIO DIAGNOSIS,DNB Post MBBS,"₹ 1,25,000.00",250,0,₹ 0.00,"₹ 52,451.00"
Tamil Nadu,"Kauvery Hospital, Chennai",DNBRADIO DIAGNOSIS,DNB Post MBBS,"₹ 1,25,000.00",200,0,₹ 0.00,"₹ 52,451.00"
Tamil Nadu,"Kongunad Hosp, Coimbatore",DNBRADIO DIAGNOSIS,DNB Post MBBS,"₹ 1,25,000.00",250,0,₹ 0.00,"₹ 50,000.00"
Tamil Nadu,"Kovai MedicalCentre,Coimbatore",DNBRADIO DIAGNOSIS,DNB Post MBBS,"₹ 1,25,000.00",950,0,₹ 0.00,"₹ 52,451.00"
Tamil Nadu,"MIOT Hospital, Chennai",DNBRADIO DIAGNOSIS,DNB Post MBBS,"₹ 1,25,000.00",920,0,₹ 0.00,"₹ 65,000.00"
Tamil Nadu,"Meenakshi Hospital, Tanjore",DNBRADIO DIAGNOSIS,DNB Post MBBS,"₹ 1,25,000.00",200,0,₹ 0.00,"₹ 52,451.00"
Tamil Nadu,"Meenakshi Mission Hosp,Madurai",DNBRADIO DIAGNOSIS,DNB Post MBBS,"₹ 1,25,000.00",800,0,₹ 0.00,"₹ 52,451.00"
Tamil Nadu,"Naruvi Hospitals, Vellore, TN",DNBRADIO DIAGNOSIS,DNB Post MBBS,"₹ 1,25,000.00",475,0,₹ 0.00,"₹ 52,451.00"
Tamil Nadu,"Revathi Med Cent, Tirupur, TN",DNBRADIO DIAGNOSIS,DNB Post MBBS,"₹ 1,25,000.00",100,0,₹ 0.00,"₹ 52,451.00"
Tamil Nadu,"Royal Care SS Hosp, Coimbatore",DNBRADIO DIAGNOSIS,DNB Post MBBS,"₹ 1,25,000.00",401,0,₹ 0.00,"₹ 52,451.00"
Tamil Nadu,"SKS Hospital, Salem",DNBRADIO DIAGNOSIS,DNB Post MBBS,"₹ 1,25,000.00",225,0,₹ 0.00,"₹ 52,453.00"
Tamil Nadu,"Sri RamakrishnaHosp,Coimbatore",DNBRADIO DIAGNOSIS,DNB Post MBBS,"₹ 1,25,000.00",1009,0,₹ 0.00,"₹ 52,451.00"
Tamil Nadu,"SRM Inst for Med Sci, Chennai",DNBRADIO DIAGNOSIS,DNB Post MBBS,"₹ 1,25,000.00",245,0,₹ 0.00,"₹ 52,451.00"
Tamil Nadu,"Vadamalayan Hospital, Madurai",DNBRADIO DIAGNOSIS,DNB Post MBBS,"₹ 1,25,000.00",200,0,₹ 0.00,"₹ 52,451.00"
Telangana,"AIG Hospital, Hyderabad",DNBRADIO DIAGNOSIS,DNB Post MBBS,"₹ 1,25,000.00",720,0,₹ 0.00,"₹ 58,289.00"
Telangana,"Apollo Hosp,Jubilee Hills,Hyd",DNBRADIO DIAGNOSIS,DNB Post MBBS,"₹ 1,25,000.00",550,0,₹ 0.00,"₹ 50,686.00"
Telangana,"Care Hospital, Gachibowli",DNBRADIO DIAGNOSIS,DNB Post MBBS,"₹ 1,25,000.00",220,0,₹ 0.00,"₹ 50,686.00"
Telangana,"Care Hospital, Banjara Hills",DNBRADIO DIAGNOSIS,DNB Post MBBS,"₹ 1,25,000.00",444,0,₹ 0.00,"₹ 58,289.00"
Telangana,"Care Hospital, Hyderabad",DNBRADIO DIAGNOSIS,DNB Post MBBS,"₹ 1,25,000.00",305,0,₹ 0.00,"₹ 58,289.00"
Telangana,"Continental Hosp, Hyderabad",DNBRADIO DIAGNOSIS,DNB Post MBBS,"₹ 1,25,000.00",587,0,₹ 0.00,"₹ 58,289.00"
Telangana,"Indo-American Cancer,Hyderabad",DNBRADIO DIAGNOSIS,DNB Post MBBS,"₹ 1,25,000.00",500,0,₹ 0.00,"₹ 50,686.00"
Telangana,"Kamineni Hospital, King Koti",DNBRADIO DIAGNOSIS,DNB Post MBBS,"₹ 1,25,000.00",150,0,₹ 0.00,"₹ 55,000.00"
Telangana,"KIMS Hospital, Hyderabad",DNBRADIO DIAGNOSIS,DNB Post MBBS,"₹ 1,25,000.00",200,0,₹ 0.00,"₹ 58,289.00"
Telangana,"Krishna IMS, Secunderabad",DNBRADIO DIAGNOSIS,DNB Post MBBS,"₹ 1,25,000.00",675,0,₹ 0.00,"₹ 50,686.00"
Telangana,"Medicover Hospitals, Hyderabad",DNBRADIO DIAGNOSIS,DNB Post MBBS,"₹ 1,25,000.00",285,0,₹ 0.00,"₹ 50,686.00"
Telangana,"Omega Hosp,BanjaraHills,Hyderabad",DNBRADIO DIAGNOSIS,DNB Post MBBS,"₹ 1,25,000.00",230,0,₹ 0.00,"₹ 50,686.00"
Telangana,"Yashoda Hosp,SPRd,Secunderabad",DNBRADIO DIAGNOSIS,DNB Post MBBS,"₹ 1,25,000.00",876,0,₹ 0.00,"₹ 58,289.00"
Telangana,"Yashoda SS Hosp,Malakpet, HYD",DNBRADIO DIAGNOSIS,DNB Post MBBS,"₹ 1,25,000.00",550,0,₹ 0.00,"₹ 58,289.00"
Telangana,"Yashoda HealthCareServ,Somajiguda,HYD",DNBRADIO DIAGNOSIS,DNB Post MBBS,"₹ 1,25,000.00",650,0,₹ 0.00,"₹ 58,289.00"
Uttar Pradesh,"Apollomedics SS Hosp, Lucknow",DNBRADIO DIAGNOSIS,DNB Post MBBS,"₹ 1,25,000.00",300,0,₹ 0.00,"₹ 80,000.00"
Uttar Pradesh,"Chandan Hospital, Lucknow",DNBRADIO DIAGNOSIS,DNB Post MBBS,"₹ 1,25,000.00",198,0,₹ 0.00,"₹ 85,000.00"
Uttar Pradesh,"Heritage Hospital, Varanasi",DNBRADIO DIAGNOSIS,DNB Post MBBS,"₹ 1,25,000.00",150,0,₹ 0.00,"₹ 56,100.00"
Uttar Pradesh,"Max Super Spec Hospital, Noida",DNBRADIO DIAGNOSIS,DNB Post MBBS,"₹ 1,25,000.00",314,0,₹ 0.00,"₹ 70,000.00"
Uttar Pradesh,"Kailash Hosp, Sector 27, Noida",DNBRADIO DIAGNOSIS,DNB Post MBBS,"₹ 1,25,000.00",325,0,₹ 0.00,"₹ 60,000.00"
Uttar Pradesh,"Kailash Hosp Neuro Inst, Noida",DNBRADIO DIAGNOSIS,DNB Post MBBS,"₹ 1,25,000.00",325,0,₹ 0.00,"₹ 60,000.00"
Uttar Pradesh,"Regency Hospital, Kanpur",DNBRADIO DIAGNOSIS,DNB Post MBBS,"₹ 1,25,000.00",207,0,₹ 0.00,"₹ 70,000.00"
Uttar Pradesh,"Vivekananda Polyclinic,Lucknow",DNBRADIO DIAGNOSIS,DNB Post MBBS,"₹ 1,25,000.00",350,0,₹ 0.00,"₹ 61,100.00"
Uttar Pradesh,"Yashoda SS Hosp, Ghaziabad",DNBRADIO DIAGNOSIS,DNB Post MBBS,"₹ 1,25,000.00",300,0,₹ 0.00,"₹ 62,000.00"
Uttar Pradesh,"Yashoda SS Hosp,Ghaziabad",DNBRADIO DIAGNOSIS,DNB Post MBBS,"₹ 1,25,000.00",306,0,₹ 0.00,"₹ 70,000.00"
Uttar Pradesh,"YatharthSS, Sec 1,GreatrNoida",DNBRADIO DIAGNOSIS,DNB Post MBBS,"₹ 1,25,000.00",450,0,₹ 0.00,"₹ 80,000.00"
West Bengal,"Apollo Gleneagles, Kolkata",DNBRADIO DIAGNOSIS,DNB Post MBBS,"₹ 1,25,000.00",750,0,₹ 0.00,"₹ 47,000.00"
West Bengal,"Healthworld Hospital, Durgapur",DNBRADIO DIAGNOSIS,DNB Post MBBS,"₹ 1,25,000.00",269,0,₹ 0.00,"₹ 49,884.00"
West Bengal,"Peerless Hospital, Kolkata",DNBRADIO DIAGNOSIS,DNB Post MBBS,"₹ 1,25,000.00",400,0,₹ 0.00,"₹ 46,300.00"
West Bengal,"RN Tagore (Cardiac), Kolkata",DNBRADIO DIAGNOSIS,DNB Post MBBS,"₹ 1,25,000.00",681,0,₹ 0.00,"₹ 49,884.00"
West Bengal,"Tata Medical Center, Kolkata",DNBRADIO DIAGNOSIS,DNB Post MBBS,"₹ 1,25,000.00",437,0,₹ 0.00,"₹ 70,000.00"
West Bengal,"Calcutta Med Res Inst,Kolkata",DNBRADIO DIAGNOSIS,DNB Post MBBS,"₹ 1,25,000.00",440,0,₹ 0.00,"₹ 49,885.00"
West Bengal,"The Mission Hosp, Durgapur, WB",DNBRADIO DIAGNOSIS,DNB Post MBBS,"₹ 1,25,000.00",360,0,₹ 0.00,"₹ 45,000.00"
Bihar,"Ruban Memorial Hosp, Patna",DNBRADIO DIAGNOSIS,DNB Post MBBS,"₹ 1,25,000.00",NA,0,₹ 0.00,"₹ 82,000.00"
Delhi,"Rajiv Gandhi Cancer Inst,Delhi",DNBRADIO DIAGNOSIS,DNB Post MBBS,"₹ 1,25,000.00",498,0,₹ 0.00,"₹ 73,000.00"
Karnataka,"KS Hospital, Koppal, Karnataka",DNBRADIO DIAGNOSIS,DNB Post MBBS,"₹ 1,25,000.00",200,0,₹ 0.00,"₹ 45,000.00"
Karnataka,"SparshHosp,RajarajeshwariNgr,BLR",DNBRADIO DIAGNOSIS,DNB Post MBBS,"₹ 1,25,000.00",400,0,₹ 0.00,"₹ 45,000.00"
Kerala,"Caritas Hospital, Kottayam",DNBRADIO DIAGNOSIS,DNB Post MBBS,"₹ 1,25,000.00",660,0,₹ 0.00,"₹ 57,876.00"
Kerala,"Lisie Medical Inst, Kochi",DNBRADIO DIAGNOSIS,DNB Post MBBS,"₹ 1,25,000.00",750,0,₹ 0.00,"₹ 57,876.00"
Kerala,"Mar Sleeva Medicity, Kottayam",DNBRADIO DIAGNOSIS,DNB Post MBBS,"₹ 1,25,000.00",648,0,₹ 0.00,"₹ 60,000.00"
Kerala,"PRS Hospital, Trivandrum",DNBRADIO DIAGNOSIS,DNB Post MBBS,"₹ 1,25,000.00",250,0,₹ 0.00,"₹ 57,876.00"
Kerala,"St GregoriosHosp,Pathanamthitta",DNBRADIO DIAGNOSIS,DNB Post MBBS,"₹ 1,25,000.00",250,0,₹ 0.00,"₹ 57,876.00"
Odisha,"JaiprakashHosp,Rourkela,Odisha",DNBRADIO DIAGNOSIS,DNB Post MBBS,"₹ 1,25,000.00",307,0,₹ 0.00,"₹ 90,000.00"
Punjab,"Capitol Hospital, Jalandhar",DNBRADIO DIAGNOSIS,DNB Post MBBS,"₹ 1,25,000.00",300,0,₹ 0.00,"₹ 40,000.00"
Rajasthan,"Eternal HeartCare Cent, Jaipur",DNBRADIO DIAGNOSIS,DNB Post MBBS,"₹ 1,25,000.00",225,0,₹ 0.00,"₹ 64,584.00"
Rajasthan,"Manipal Hospital, Jaipur",DNBRADIO DIAGNOSIS,DNB Post MBBS,"₹ 1,25,000.00",225,0,₹ 0.00,"₹ 69,200.00"
Tamil Nadu,"Sri Narayani Hospital, Vellore",DNBRADIO DIAGNOSIS,DNB Post MBBS,"₹ 1,25,000.00",250,0,₹ 0.00,"₹ 50,000.00"
Telangana,"MNJ Inst of Oncology,Hyderabad",DNBRADIO DIAGNOSIS,DNB Post MBBS,"₹ 1,25,000.00",500,0,₹ 0.00,"₹ 58,289.00"
Uttar Pradesh,"Medanta Hosp, Sushanth Golf, Lucknow",DNBRADIO DIAGNOSIS,DNB Post MBBS,"₹ 1,25,000.00",900,0,₹ 0.00,"₹ 65,000.00"
Uttar Pradesh,"Max Super Speciality Hosp, Lucknow",DNBRADIO DIAGNOSIS,DNB Post MBBS,"₹ 1,25,000.00",299,0,₹ 0.00,"₹ 56,100.00"
Uttar Pradesh,"Yatharth SS, Omega 1,GreatrNoida",DNBRADIO DIAGNOSIS,DNB Post MBBS,"₹ 1,25,000.00",400,0,₹ 0.00,"₹ 80,000.00"
West Bengal,"Manipal Hospital,EM Bypass,Kolkata",DNBRADIO DIAGNOSIS,DNB Post MBBS,"₹ 1,25,000.00",404,0,₹ 0.00,"₹ 46,000.00"
West Bengal,"Narayana SS Hospital, Howrah",DNBRADIO DIAGNOSIS,DNB Post MBBS,"₹ 1,25,000.00",288,0,₹ 0.00,"₹ 49,884.00"
Delhi,"MahajanImaging&Lab,Delhi(Joint)",DNBRADIO DIAGNOSIS,DNB Post MBBS,"₹ 1,25,000.00",NA,0,₹ 0.00,"₹ 80,000.00"
Haryana,"Narula Diagnostic Centre,Rohtak",DNBRADIO DIAGNOSIS,DNB Post MBBS,"₹ 1,25,000.00",NA,0,₹ 0.00,"₹ 60,000.00"
West Bengal,"Dishari Health Point, Mokdumpur",DNBRADIO DIAGNOSIS,DNB Post MBBS,"₹ 1,25,000.00",150,0,₹ 0.00,"₹ 56,000.00"
Uttar Pradesh,"Govt IMS, Greater Noida",DNBRADIO DIAGNOSIS,DNB Post MBBS,"₹ 1,25,000.00",300,0,₹ 0.00,"₹ 80,000.00"
Tamil Nadu,"AarthiScans,Vadaplni,CHN(Joint)",DNBRADIO DIAGNOSIS,DNB Post MBBS,"₹ 1,25,000.00",NA,0,₹ 0.00,"₹ 50,000.00"
Maharashtra,"Hiranandani Hosp(Fortis), Vashi",DNBRADIO DIAGNOSIS,DNB Post MBBS,"₹ 1,25,000.00",150,0,₹ 0.00,"₹ 70,000.00"
Delhi,"Base Hospital, Delhi Cantt",DNBRADIO DIAGNOSIS,AFMS-DNB,"₹ 1,25,000.00",NA,5,"₹ 57,50,000.00","₹ 1,31,976.00"
Haryana,"Command Hosp, Chandimandir",DNBRADIO DIAGNOSIS,AFMS-DNB,"₹ 1,25,000.00",NA,5,"₹ 57,50,000.00","₹ 1,00,980.00"
Maharashtra,"HCG Manavata Cancer, Nashik",DNBRADIATION ONCOLOGY,DNB Post MBBS,"₹ 1,25,000.00",200,0,₹ 0.00,"₹ 45,000.00"
Andhra Pradesh,"Apollo Hospital, Vizag",DNBRADIATION ONCOLOGY,DNB Post MBBS,"₹ 1,25,000.00",206,0,₹ 0.00,"₹ 60,823.00"
Gujarat,"Apollo Hospital,Gandhinagar",DNBRADIATION ONCOLOGY,DNB Post MBBS,"₹ 1,25,000.00",300,0,₹ 0.00,"₹ 84,000.00"
Gujarat,"Bharat Cancer Hospital, Surat",DNBRADIATION ONCOLOGY,DNB Post MBBS,"₹ 1,25,000.00",100,0,₹ 0.00,"₹ 84,000.00"
Gujarat,"HCG Aastha Cancer Cen,SG HW,Ahmedabad",DNBRADIATION ONCOLOGY,DNB Post MBBS,"₹ 1,25,000.00",100,0,₹ 0.00,"₹ 84,000.00"
Gujarat,"Kailash Cancer Hosp, Vadodara",DNBRADIATION ONCOLOGY,DNB Post MBBS,"₹ 1,25,000.00",450,0,₹ 0.00,"₹ 60,000.00"
Gujarat,"Shree Krishna(ParamMedC),Anand",DNBRADIATION ONCOLOGY,DNB Post MBBS,"₹ 1,25,000.00",1050,0,₹ 0.00,"₹ 84,000.00"
Maharashtra,"National Cancer Inst, Nagpur",DNBRADIATION ONCOLOGY,DNB Post MBBS,"₹ 1,25,000.00",225,0,₹ 0.00,"₹ 85,000.00"
Punjab,"Mohandai Oswal Hosp, Ludhiana",DNBRADIATION ONCOLOGY,DNB Post MBBS,"₹ 1,25,000.00",300,0,₹ 0.00,"₹ 67,968.00"
Tamil Nadu,"Govt MedCollHosp,Omandurar,CHN",DNBRADIATION ONCOLOGY,DNB Post MBBS,"₹ 1,25,000.00",470,2,"₹ 40,00,000.00","₹ 52,451.00"
Bihar,"Mahavir Cancer Sansthan, Patna",DNBRADIATION ONCOLOGY,DNB Post MBBS,"₹ 1,25,000.00",618,0,₹ 0.00,"₹ 82,000.00"
Delhi,"Action Cancer Hosp, Delhi",DNBRADIATION ONCOLOGY,DNB Post MBBS,"₹ 1,25,000.00",100,0,₹ 0.00,"₹ 72,000.00"
Delhi,"Batra Hospital, Delhi",DNBRADIATION ONCOLOGY,DNB Post MBBS,"₹ 1,25,000.00",495,0,₹ 0.00,"₹ 61,000.00"
Delhi,"Dharamshila Narayana, Delhi",DNBRADIATION ONCOLOGY,DNB Post MBBS,"₹ 1,25,000.00",200,0,₹ 0.00,"₹ 69,000.00"
Delhi,"Dr B L Kapur Mem Hosp, Delhi",DNBRADIATION ONCOLOGY,DNB Post MBBS,"₹ 1,25,000.00",465,0,₹ 0.00,"₹ 60,000.00"
Delhi,"Fortis Hosp,ShalimarBagh,Delhi",DNBRADIATION ONCOLOGY,DNB Post MBBS,"₹ 1,25,000.00",262,0,₹ 0.00,"₹ 58,000.00"
Delhi,"Indraprastha Apollo Hosp,Delhi",DNBRADIATION ONCOLOGY,DNB Post MBBS,"₹ 1,25,000.00",718,0,₹ 0.00,"₹ 64,500.00"
Delhi,"Max SS Hosp, Saket, Delhi",DNBRADIATION ONCOLOGY,DNB Post MBBS,"₹ 1,25,000.00",539,0,₹ 0.00,"₹ 60,000.00"
Delhi,"Rajiv Gandhi Cancer Inst,Delhi",DNBRADIATION ONCOLOGY,DNB Post MBBS,"₹ 1,25,000.00",498,0,₹ 0.00,"₹ 73,000.00"
Haryana,"Fortis Memorial RI, Gurgaon",DNBRADIATION ONCOLOGY,DNB Post MBBS,"₹ 1,25,000.00",300,0,₹ 0.00,"₹ 57,000.00"
Haryana,"Medanta The Medicity, Gurgaon",DNBRADIATION ONCOLOGY,DNB Post MBBS,"₹ 1,25,000.00",1200,0,₹ 0.00,"₹ 65,000.00"
Karnataka,"Apollo Hosp, Bannerghatta, BLR",DNBRADIATION ONCOLOGY,DNB Post MBBS,"₹ 1,25,000.00",350,0,₹ 0.00,"₹ 56,250.00"
Karnataka,"HealthCare Global, Bangalore",DNBRADIATION ONCOLOGY,DNB Post MBBS,"₹ 1,25,000.00",180,0,₹ 0.00,"₹ 45,000.00"
Karnataka,"Sri Shankara Cancer Hosp, BLR",DNBRADIATION ONCOLOGY,DNB Post MBBS,"₹ 1,25,000.00",470,0,₹ 0.00,"₹ 45,000.00"
Kerala,"Caritas Hospital, Kottayam",DNBRADIATION ONCOLOGY,DNB Post MBBS,"₹ 1,25,000.00",660,0,₹ 0.00,"₹ 57,876.00"
Kerala,"KIMS, Trivandrum",DNBRADIATION ONCOLOGY,DNB Post MBBS,"₹ 1,25,000.00",2000,0,₹ 0.00,"₹ 57,876.00"
Madhya Pradesh,"JawaharLalNehru Cancer, Bhopal",DNBRADIATION ONCOLOGY,DNB Post MBBS,"₹ 1,25,000.00",100,0,₹ 0.00,"₹ 65,000.00"
Maharashtra,"Apollo Hospital, Navi Mumbai",DNBRADIATION ONCOLOGY,DNB Post MBBS,"₹ 1,25,000.00",473,0,₹ 0.00,"₹ 89,000.00"
Maharashtra,"HCG Canc Cent, BorivaliW,Mumbai",DNBRADIATION ONCOLOGY,DNB Post MBBS,"₹ 1,25,000.00",119,0,₹ 0.00,"₹ 64,000.00"
Maharashtra,"Sadhu Vaswani Missions, Pune",DNBRADIATION ONCOLOGY,DNB Post MBBS,"₹ 1,25,000.00",369,0,₹ 0.00,"₹ 90,000.00"
Maharashtra,"Kolhapur Cancer Cent, Kolhapur",DNBRADIATION ONCOLOGY,DNB Post MBBS,"₹ 1,25,000.00",105,0,₹ 0.00,"₹ 60,000.00"
Odisha,"SUM Ultimate, Bhubaneswar,Odisha",DNBRADIATION ONCOLOGY,DNB Post MBBS,"₹ 1,25,000.00",350,0,₹ 0.00,"₹ 60,000.00"
Punjab,"Capitol Hospital, Jalandhar",DNBRADIATION ONCOLOGY,DNB Post MBBS,"₹ 1,25,000.00",300,0,₹ 0.00,"₹ 40,000.00"
Rajasthan,"Bhagwan Mahavir Cancer, Jaipur",DNBRADIATION ONCOLOGY,DNB Post MBBS,"₹ 1,25,000.00",300,0,₹ 0.00,"₹ 67,000.00"
Tamil Nadu,"Apollo Spec Hosp, MountRd,CHN",DNBRADIATION ONCOLOGY,DNB Post MBBS,"₹ 1,25,000.00",290,0,₹ 0.00,"₹ 48,000.00"
Tamil Nadu,"GKNM Hospital, Coimbatore",DNBRADIATION ONCOLOGY,DNB Post MBBS,"₹ 1,25,000.00",600,0,₹ 0.00,"₹ 52,451.00"
Tamil Nadu,"Gleneagles Health City, Chennai",DNBRADIATION ONCOLOGY,DNB Post MBBS,"₹ 1,25,000.00",200,0,₹ 0.00,"₹ 52,451.00"
Tamil Nadu,"ShanmugaHosp(CancerInst),Salem",DNBRADIATION ONCOLOGY,DNB Post MBBS,"₹ 1,25,000.00",151,0,₹ 0.00,"₹ 52,451.00"
Telangana,"Apollo Hosp,Jubilee Hills,Hyd",DNBRADIATION ONCOLOGY,DNB Post MBBS,"₹ 1,25,000.00",550,0,₹ 0.00,"₹ 50,686.00"
Telangana,"CAIMS Cancer Hosp, Karimnagar",DNBRADIATION ONCOLOGY,DNB Post MBBS,"₹ 1,25,000.00",875,0,₹ 0.00,"₹ 58,289.00"
Telangana,"Indo-American Cancer,Hyderabad",DNBRADIATION ONCOLOGY,DNB Post MBBS,"₹ 1,25,000.00",500,0,₹ 0.00,"₹ 50,686.00"
Telangana,"Omega Hosp,BanjaraHills,Hyderabad",DNBRADIATION ONCOLOGY,DNB Post MBBS,"₹ 1,25,000.00",230,0,₹ 0.00,"₹ 50,686.00"
Telangana,"RenovaSoumyaCancer, Secunderbad",DNBRADIATION ONCOLOGY,DNB Post MBBS,"₹ 1,25,000.00",150,0,₹ 0.00,"₹ 58,289.00"
Telangana,"Yashoda HealthCareServ,Somajiguda,HYD",DNBRADIATION ONCOLOGY,DNB Post MBBS,"₹ 1,25,000.00",650,0,₹ 0.00,"₹ 58,289.00"
Uttar Pradesh,"Apex Hospital, Varanasi",DNBRADIATION ONCOLOGY,DNB Post MBBS,"₹ 1,25,000.00",200,0,₹ 0.00,"₹ 56,100.00"
Uttar Pradesh,"Kamla Nehru Mem Hosp,Allahabad",DNBRADIATION ONCOLOGY,DNB Post MBBS,"₹ 1,25,000.00",376,0,₹ 0.00,"₹ 58,000.00"
Uttar Pradesh,"KMC Hosp & Res Cent, Meerut",DNBRADIATION ONCOLOGY,DNB Post MBBS,"₹ 1,25,000.00",150,0,₹ 0.00,"₹ 55,000.00"
Uttar Pradesh,"Max SS Hosp, Ghaziabad",DNBRADIATION ONCOLOGY,DNB Post MBBS,"₹ 1,25,000.00",436,0,₹ 0.00,"₹ 60,000.00"
West Bengal,"Apollo Gleneagles, Kolkata",DNBRADIATION ONCOLOGY,DNB Post MBBS,"₹ 1,25,000.00",750,0,₹ 0.00,"₹ 47,000.00"
West Bengal,"Narayana SS Hospital, Howrah",DNBRADIATION ONCOLOGY,DNB Post MBBS,"₹ 1,25,000.00",288,0,₹ 0.00,"₹ 49,884.00"
West Bengal,"Ruby General Hospital, Kolkata",DNBRADIATION ONCOLOGY,DNB Post MBBS,"₹ 1,25,000.00",250,0,₹ 0.00,"₹ 49,884.00"
West Bengal,"SarojGupta Cancer Cent,Kolkata",DNBRADIATION ONCOLOGY,DNB Post MBBS,"₹ 1,25,000.00",311,0,₹ 0.00,"₹ 49,884.00"
West Bengal,"Tata Medical Center, Kolkata",DNBRADIATION ONCOLOGY,DNB Post MBBS,"₹ 1,25,000.00",437,0,₹ 0.00,"₹ 70,000.00"
Assam,"Health City Hospital, Guwahati",DNBRADIATION ONCOLOGY,DNB Post MBBS,"₹ 1,25,000.00",200,0,₹ 0.00,"₹ 52,000.00"
Haryana,"Aadhar Health Inst, Hisar",DNBRADIATION ONCOLOGY,DNB Post MBBS,"₹ 1,25,000.00",200,0,₹ 0.00,"₹ 78,000.00"
Odisha,"Apollo Hospital, Bhubaneswar",DNBRADIATION ONCOLOGY,DNB Post MBBS,"₹ 1,25,000.00",350,0,₹ 0.00,"₹ 66,916.00"
Tamil Nadu,"Dr Kamakshi Mem, Chennai",DNBRADIATION ONCOLOGY,DNB Post MBBS,"₹ 1,25,000.00",220,0,₹ 0.00,"₹ 52,451.00"
Tamil Nadu,"Thangam Hospital, Namakkal, TN",DNBRADIATION ONCOLOGY,DNB Post MBBS,"₹ 1,25,000.00",150,0,₹ 0.00,"₹ 49,100.00"
Telangana,"Yashoda Hosp,SPRd,Secunderabad",DNBRADIATION ONCOLOGY,DNB Post MBBS,"₹ 1,25,000.00",876,0,₹ 0.00,"₹ 58,289.00"
Uttar Pradesh,"Max Super Spec Hospital, Noida",DNBRADIATION ONCOLOGY,DNB Post MBBS,"₹ 1,25,000.00",314,0,₹ 0.00,"₹ 70,000.00"
Chhattisgarh,"VedantaMedResFoun-BALCO,Raipur",DNBRADIATION ONCOLOGY,DNB Post MBBS,"₹ 1,25,000.00",170,0,₹ 0.00,"₹ 1,00,000.00"
Madhya Pradesh,"Cancer Hosp & Res Inst,Gwalior",DNBRADIATION ONCOLOGY,DNB Post MBBS,"₹ 1,25,000.00",306,0,₹ 0.00,"₹ 50,000.00"
West Bengal,"NSC Bose Cancer Hosp,Nayabad,WB",DNBRADIATION ONCOLOGY,DNB Post MBBS,"₹ 1,25,000.00",150,0,₹ 0.00,"₹ 49,000.00"
Kerala,"MalabarCancerCentre,Thalassery",DNBRADIATION ONCOLOGY,DNB Post MBBS,"₹ 1,25,000.00",203,1,"₹ 50,00,000.00","₹ 57,876.00"
Bihar,"Mahavir Vatsalya Hosp, Patna",DNBRADIATION ONCOLOGY,DNB Post MBBS,"₹ 1,25,000.00",170,0,₹ 0.00,"₹ 35,000.00"
Tamil Nadu,"Apollo Proton Canc Cent,Chennai",DNBRADIATION ONCOLOGY,DNB Post MBBS,"₹ 1,25,000.00",NA,0,₹ 0.00,"₹ 48,000.00"
Odisha,"HCGPandaCancerHosp,Telengapitha",DNBRADIATION ONCOLOGY,DNB Post MBBS,"₹ 1,25,000.00",NA,0,₹ 0.00,"₹ 60,000.00"
Gujarat,"Pranayam Lung & Heart,Vadodara",DNBTBRD,DNB Post MBBS,"₹ 1,25,000.00",100,0,₹ 0.00,"₹ 84,000.00"
Gujarat,"Unique Hospital MS & RC, Surat",DNBTBRD,DNB Post MBBS,"₹ 1,25,000.00",100,0,₹ 0.00,"₹ 84,000.00"
Gujarat,"Care Hosp of Med Sci,Sola,Ahm",DNBTBRD,DNB Post MBBS,"₹ 1,25,000.00",480,0,₹ 0.00,"₹ 60,000.00"
Odisha,"Ashwini Hospital, CDA, Cuttack",DNBTBRD,DNB Post MBBS,"₹ 1,25,000.00",150,0,₹ 0.00,"₹ 67,000.00"
Odisha,"Ispat Gen Hospital, Rourkela",DNBTBRD,DNB Post MBBS,"₹ 1,25,000.00",600,0,₹ 0.00,"₹ 70,868.00"
Rajasthan,"MahavirJaipuriya,MilapNgrJaipur",DNBTBRD,DNB Post MBBS,"₹ 1,25,000.00",250,0,₹ 0.00,"₹ 60,000.00"
Chhattisgarh,"JLN Main Hosp & RC, Bhilai",DNBTBRD,DNB Post MBBS,"₹ 1,25,000.00",860,0,₹ 0.00,"₹ 67,500.00"
Chhattisgarh,"Ramkrishna Care Hosp, Raipur",DNBTBRD,DNB Post MBBS,"₹ 1,25,000.00",359,0,₹ 0.00,"₹ 67,500.00"
Delhi,"Fortis Hospital, Vasant Kunj",DNBTBRD,DNB Post MBBS,"₹ 1,25,000.00",162,0,₹ 0.00,"₹ 60,000.00"
Delhi,"Indraprastha Apollo Hosp,Delhi",DNBTBRD,DNB Post MBBS,"₹ 1,25,000.00",718,0,₹ 0.00,"₹ 64,500.00"
Delhi,"Max SS Hosp, Saket, Delhi",DNBTBRD,DNB Post MBBS,"₹ 1,25,000.00",539,0,₹ 0.00,"₹ 60,000.00"
Delhi,"National Inst of TBRD,Delhi",DNBTBRD,DNB Post MBBS,"₹ 1,25,000.00",470,0,₹ 0.00,"₹ 1,00,000.00"
Delhi,"PushpawatiSinghania Hosp,Delhi",DNBTBRD,DNB Post MBBS,"₹ 1,25,000.00",201,0,₹ 0.00,"₹ 59,300.00"
Delhi,"Rajan Babu Inst(Pulm), Delhi",DNBTBRD,DNB Post MBBS,"₹ 1,25,000.00",700,0,₹ 0.00,"₹ 1,26,927.00"
Delhi,"Rajiv Gandhi SS Hospital, Delhi",DNBTBRD,DNB Post MBBS,"₹ 1,25,000.00",400,0,₹ 0.00,"₹ 1,26,927.00"
Delhi,"Shri Balaji Action Med, Delhi",DNBTBRD,DNB Post MBBS,"₹ 1,25,000.00",250,0,₹ 0.00,"₹ 72,000.00"
Delhi,"Sir Ganga Ram Hospital, Delhi",DNBTBRD,DNB Post MBBS,"₹ 1,25,000.00",675,0,₹ 0.00,"₹ 92,000.00"
Delhi,"St Stephen's Hospital, Delhi",DNBTBRD,DNB Post MBBS,"₹ 1,25,000.00",595,0,₹ 0.00,"₹ 63,000.00"
Haryana,"Asian IMS, Faridabad",DNBTBRD,DNB Post MBBS,"₹ 1,25,000.00",425,0,₹ 0.00,"₹ 58,100.00"
Haryana,"Medanta The Medicity, Gurgaon",DNBTBRD,DNB Post MBBS,"₹ 1,25,000.00",1200,0,₹ 0.00,"₹ 65,000.00"
Haryana,"Sarvodaya Hospital, Faridabad",DNBTBRD,DNB Post MBBS,"₹ 1,25,000.00",300,0,₹ 0.00,"₹ 73,000.00"
Karnataka,"Apollo Hosp, Bannerghatta, BLR",DNBTBRD,DNB Post MBBS,"₹ 1,25,000.00",350,0,₹ 0.00,"₹ 56,250.00"
Karnataka,"Bhagwan MahaveerJain,Bangalore",DNBTBRD,DNB Post MBBS,"₹ 1,25,000.00",470,0,₹ 0.00,"₹ 45,000.00"
Karnataka,"Manipal Hosp, Rustum Bagh, BLR",DNBTBRD,DNB Post MBBS,"₹ 1,25,000.00",600,0,₹ 0.00,"₹ 56,250.00"
Karnataka,"Narayana Hrudayalaya Hos,Bommasandra",DNBTBRD,DNB Post MBBS,"₹ 1,25,000.00",210,0,₹ 0.00,"₹ 56,250.00"
Karnataka,"NarayanaHrudyalaya,Bommasandra",DNBTBRD,DNB Post MBBS,"₹ 1,25,000.00",2000,0,₹ 0.00,"₹ 56,250.00"
Kerala,"Aster Medcity, Kochi",DNBTBRD,DNB Post MBBS,"₹ 1,25,000.00",500,0,₹ 0.00,"₹ 57,876.00"
Kerala,"Baby Memorial, Kozhikode",DNBTBRD,DNB Post MBBS,"₹ 1,25,000.00",600,0,₹ 0.00,"₹ 57,876.00"
Kerala,"Cosmopolitan Hosp, Trivandrum",DNBTBRD,DNB Post MBBS,"₹ 1,25,000.00",360,0,₹ 0.00,"₹ 57,876.00"
Kerala,"KIMS, Trivandrum",DNBTBRD,DNB Post MBBS,"₹ 1,25,000.00",2000,0,₹ 0.00,"₹ 57,876.00"
Kerala,"Malabar IMS, Kozhikode",DNBTBRD,DNB Post MBBS,"₹ 1,25,000.00",573,0,₹ 0.00,"₹ 57,876.00"
Kerala,"Medical Trust Hospital, Kochi",DNBTBRD,DNB Post MBBS,"₹ 1,25,000.00",500,0,₹ 0.00,"₹ 57,876.00"
Kerala,"Rajagiri Hospital, Ernakulam",DNBTBRD,DNB Post MBBS,"₹ 1,25,000.00",530,0,₹ 0.00,"₹ 57,876.00"
Maharashtra,"Apollo Hospital, Navi Mumbai",DNBTBRD,DNB Post MBBS,"₹ 1,25,000.00",473,0,₹ 0.00,"₹ 89,000.00"
Maharashtra,"Aster Aadhar Hospital,Kolhapur",DNBTBRD,DNB Post MBBS,"₹ 1,25,000.00",150,0,₹ 0.00,"₹ 86,429.00"
Maharashtra,"Bombay Hospital & IMS, Mumbai",DNBTBRD,DNB Post MBBS,"₹ 1,25,000.00",734,0,₹ 0.00,"₹ 89,698.00"
Punjab,"Punjab Inst of MS, Jalandhar",DNBTBRD,DNB Post MBBS,"₹ 1,25,000.00",750,0,₹ 0.00,"₹ 60,000.00"
Rajasthan,"Santokbha Durlabhji Mem,Jaipur",DNBTBRD,DNB Post MBBS,"₹ 1,25,000.00",525,0,₹ 0.00,"₹ 82,800.00"
Tamil Nadu,"Apollo Hosp, Greams Rd,Chennai",DNBTBRD,DNB Post MBBS,"₹ 1,25,000.00",745,0,₹ 0.00,"₹ 52,451.00"
Tamil Nadu,"Vijaya Hospital, Chennai",DNBTBRD,DNB Post MBBS,"₹ 1,25,000.00",281,0,₹ 0.00,"₹ 52,451.00"
Telangana,"AIG Hospital, Hyderabad",DNBTBRD,DNB Post MBBS,"₹ 1,25,000.00",720,0,₹ 0.00,"₹ 58,289.00"
Telangana,"Apollo Hosp,Jubilee Hills,Hyd",DNBTBRD,DNB Post MBBS,"₹ 1,25,000.00",550,0,₹ 0.00,"₹ 50,686.00"
Telangana,"Krishna IMS, Secunderabad",DNBTBRD,DNB Post MBBS,"₹ 1,25,000.00",675,0,₹ 0.00,"₹ 50,686.00"
Telangana,"NIMS Hospital, Hyderabad",DNBTBRD,DNB Post MBBS,"₹ 1,25,000.00",1500,1,"₹ 20,00,000.00","₹ 1,11,780.00"
Telangana,"KIMS SunShine Hosp, Hyd",DNBTBRD,DNB Post MBBS,"₹ 1,25,000.00",300,0,₹ 0.00,"₹ 58,289.00"
Telangana,"Yashoda Hosp,SPRd,Secunderabad",DNBTBRD,DNB Post MBBS,"₹ 1,25,000.00",876,0,₹ 0.00,"₹ 58,289.00"
Telangana,"Yashoda SS Hosp,Malakpet, HYD",DNBTBRD,DNB Post MBBS,"₹ 1,25,000.00",550,0,₹ 0.00,"₹ 58,289.00"
Telangana,"Yashoda HealthCareServ,Somajiguda,HYD",DNBTBRD,DNB Post MBBS,"₹ 1,25,000.00",650,0,₹ 0.00,"₹ 58,289.00"
Uttar Pradesh,"Chandan Hospital, Lucknow",DNBTBRD,DNB Post MBBS,"₹ 1,25,000.00",198,0,₹ 0.00,"₹ 85,000.00"
Uttar Pradesh,"Fortis Hospital, Noida",DNBTBRD,DNB Post MBBS,"₹ 1,25,000.00",278,0,₹ 0.00,"₹ 58,000.00"
Uttar Pradesh,"Metro Heart Institute, Noida",DNBTBRD,DNB Post MBBS,"₹ 1,25,000.00",317,0,₹ 0.00,"₹ 56,500.00"
Uttar Pradesh,"Yashoda SS Hosp, Ghaziabad",DNBTBRD,DNB Post MBBS,"₹ 1,25,000.00",300,0,₹ 0.00,"₹ 62,000.00"
Uttar Pradesh,"Yashoda SS Hosp,Ghaziabad",DNBTBRD,DNB Post MBBS,"₹ 1,25,000.00",306,0,₹ 0.00,"₹ 70,000.00"
West Bengal,"Apollo Gleneagles, Kolkata",DNBTBRD,DNB Post MBBS,"₹ 1,25,000.00",750,0,₹ 0.00,"₹ 47,000.00"
West Bengal,"Coll of Med & JNM Hosp, Nadia",DNBTBRD,DNB Post MBBS,"₹ 1,25,000.00",550,0,₹ 0.00,"₹ 49,884.00"
West Bengal,"Fortis Hospital, Kolkata",DNBTBRD,DNB Post MBBS,"₹ 1,25,000.00",230,0,₹ 0.00,"₹ 49,900.00"
West Bengal,"Calcutta Med Res Inst,Kolkata",DNBTBRD,DNB Post MBBS,"₹ 1,25,000.00",440,0,₹ 0.00,"₹ 49,885.00"
Assam,"Apollo Hospital, Guwahati",DNBTBRD,DNB Post MBBS,"₹ 1,25,000.00",214,0,₹ 0.00,"₹ 55,200.00"
Delhi,"Dr B L Kapur Mem Hosp, Delhi",DNBTBRD,DNB Post MBBS,"₹ 1,25,000.00",465,0,₹ 0.00,"₹ 60,000.00"
Delhi,"Fortis Hosp,ShalimarBagh,Delhi",DNBTBRD,DNB Post MBBS,"₹ 1,25,000.00",262,0,₹ 0.00,"₹ 58,000.00"
Delhi,"Max SS Hosp, Patparganj,Delhi",DNBTBRD,DNB Post MBBS,"₹ 1,25,000.00",402,0,₹ 0.00,"₹ 60,000.00"
Karnataka,"Manipal Hosp, Whitefield, BLR",DNBTBRD,DNB Post MBBS,"₹ 1,25,000.00",287,0,₹ 0.00,"₹ 56,250.00"
Tamil Nadu,"Kovai MedicalCentre,Coimbatore",DNBTBRD,DNB Post MBBS,"₹ 1,25,000.00",950,0,₹ 0.00,"₹ 52,451.00"
Telangana,"Continental Hosp, Hyderabad",DNBTBRD,DNB Post MBBS,"₹ 1,25,000.00",587,0,₹ 0.00,"₹ 58,289.00"
Uttar Pradesh,"Midland HC & RC, Lucknow",DNBTBRD,DNB Post MBBS,"₹ 1,25,000.00",NA,0,₹ 0.00,"₹ 35,000.00"
Uttar Pradesh,"ShyamaPrasad (Civil), Lucknow",DNBTBRD,DNB Post MBBS,"₹ 1,25,000.00",401,0,₹ 0.00,"₹ 70,000.00"
Andhra Pradesh,"Medicover Hosp MVP, ViZAG",DNBTBRD,DNB Post MBBS,"₹ 1,25,000.00",NA,0,₹ 0.00,"₹ 60,823.00"
Gujarat,"GMERS Med Coll Hosp, Junagadh",DNBCOMMUNITY MEDICINE,DNB Post MBBS,"₹ 1,25,000.00",NA,0,₹ 0.00,"₹ 1,00,800.00"
Delhi,"St Stephen's Hospital, Delhi",DNBCOMMUNITY MEDICINE,DNB Post MBBS,"₹ 1,25,000.00",595,0,₹ 0.00,"₹ 63,000.00"
Jammu and Kashmir,"Assoc Hosp Govt MC, Baramulla",DNBCOMMUNITY MEDICINE,DNB Post MBBS,"₹ 1,25,000.00",363,0,₹ 0.00,"₹ 59,500.00"
Jammu and Kashmir,"Govt Med Coll Hosp, Anantnag",DNBCOMMUNITY MEDICINE,DNB Post MBBS,"₹ 1,25,000.00",363,0,₹ 0.00,"₹ 59,500.00"
Jammu and Kashmir,"Assoc Hosp Govt MC, Kathua",DNBCOMMUNITY MEDICINE,DNB Post MBBS,"₹ 1,25,000.00",564,0,₹ 0.00,"₹ 59,500.00"
Arunachal Pradesh,"Bakin Pertin Hosp, Po Pasighat",DA(NBEMS),NBE Diploma,"₹ 1,25,000.00",NA,2,"₹ 1,00,00,000.00","₹ 35,000.00"
Bihar,"Sadar Hosp,Shivaganj,Ara,Bihar",DA(NBEMS),NBE Diploma,"₹ 1,25,000.00",NA,3,"₹ 25,00,000.00","₹ 82,000.00"
Gujarat,"GMERS MedCollHosp, Porbander",DA(NBEMS),NBE Diploma,"₹ 1,25,000.00",NA,0,₹ 0.00,"₹ 75,600.00"
Gujarat,"ESIC Model Hospital, Ahmedabad",DA(NBEMS),NBE Diploma,"₹ 1,25,000.00",250,1,"₹ 7,50,000.00","₹ 70,000.00"
Gujarat,"General Hospital,Jamkhambhaliya",DA(NBEMS),NBE Diploma,"₹ 1,25,000.00",NA,0,₹ 0.00,"₹ 75,600.00"
Gujarat,"General Hospital, Morbi",DA(NBEMS),NBE Diploma,"₹ 1,25,000.00",NA,0,₹ 0.00,"₹ 75,600.00"
Gujarat,"GMERS MedColl Hosp,Mehsana",DA(NBEMS),NBE Diploma,"₹ 1,25,000.00",NA,0,₹ 0.00,"₹ 75,600.00"
Gujarat,"GMERS Med Coll Hosp, Junagadh",DA(NBEMS),NBE Diploma,"₹ 1,25,000.00",NA,0,₹ 0.00,"₹ 75,600.00"
Gujarat,"Tricolour Hospital, Vadodara",DA(NBEMS),NBE Diploma,"₹ 1,25,000.00",125,0,₹ 0.00,"₹ 67,500.00"
Gujarat,"SGVP Holistic Hosp, Ahmedabad",DA(NBEMS),NBE Diploma,"₹ 1,25,000.00",NA,0,₹ 0.00,"₹ 75,000.00"
Andhra Pradesh,"Andhra Hospital, Vijayawada",DA(NBEMS),NBE Diploma,"₹ 1,25,000.00",155,0,₹ 0.00,"₹ 60,823.00"
Andhra Pradesh,"Area Hospital, Gudiwada, AP",DA(NBEMS),NBE Diploma,"₹ 1,25,000.00",NA,0,₹ 0.00,"₹ 60,823.00"
Andhra Pradesh,"Area Hospital, Amalapuram, AP",DA(NBEMS),NBE Diploma,"₹ 1,25,000.00",NA,0,₹ 0.00,"₹ 60,823.00"
Andhra Pradesh,"Area Hospital, Nagari",DA(NBEMS),NBE Diploma,"₹ 1,25,000.00",NA,0,₹ 0.00,"₹ 60,823.00"
Andhra Pradesh,"Govt General Hosp, Madanapalle, AP",DA(NBEMS),NBE Diploma,"₹ 1,25,000.00",NA,0,₹ 0.00,"₹ 60,823.00"
Andhra Pradesh,"Dr Ramesh Cardiac Hosp, Guntur",DA(NBEMS),NBE Diploma,"₹ 1,25,000.00",350,0,₹ 0.00,"₹ 60,823.00"
Andhra Pradesh,"GMR Varalakshmi, Srikakulam",DA(NBEMS),NBE Diploma,"₹ 1,25,000.00",200,0,₹ 0.00,"₹ 50,686.00"
Andhra Pradesh,"Govt Dist Hosp,Vizianagaram",DA(NBEMS),NBE Diploma,"₹ 1,25,000.00",300,0,₹ 0.00,"₹ 60,823.00"
Andhra Pradesh,"Govt Dist Hosp,Noonepalle",DA(NBEMS),NBE Diploma,"₹ 1,25,000.00",200,0,₹ 0.00,"₹ 60,823.00"
Andhra Pradesh,"Krishna IMS, Nellore",DA(NBEMS),NBE Diploma,"₹ 1,25,000.00",250,0,₹ 0.00,"₹ 50,686.00"
Andhra Pradesh,"Lalitha SS Hospital, Guntur",DA(NBEMS),NBE Diploma,"₹ 1,25,000.00",250,0,₹ 0.00,"₹ 60,823.00"
Andhra Pradesh,"RuralDevTrust,Bathalapalli,Anantapur",DA(NBEMS),NBE Diploma,"₹ 1,25,000.00",322,0,₹ 0.00,"₹ 50,686.00"
Andhra Pradesh,"Sanghamitra Hosp, Ongole, AP",DA(NBEMS),NBE Diploma,"₹ 1,25,000.00",150,0,₹ 0.00,"₹ 60,823.00"
Andhra Pradesh,"Tirumala Medicover Hos,Vizianagaram",DA(NBEMS),NBE Diploma,"₹ 1,25,000.00",250,0,₹ 0.00,"₹ 60,823.00"
Andhra Pradesh,"Area Hospital, Nuzvidu, AP",DA(NBEMS),NBE Diploma,"₹ 1,25,000.00",NA,0,₹ 0.00,"₹ 60,823.00"
Andhra Pradesh,"District Hospital, Markapur, AP",DA(NBEMS),NBE Diploma,"₹ 1,25,000.00",NA,0,₹ 0.00,"₹ 60,823.00"
Arunachal Pradesh,"Tomo Riba IHMS, Naharlagun",DA(NBEMS),NBE Diploma,"₹ 1,25,000.00",500,2,"₹ 1,00,00,000.00","₹ 25,000.00"
Assam,"Hayat Hospital, Guwahati",DA(NBEMS),NBE Diploma,"₹ 1,25,000.00",200,0,₹ 0.00,"₹ 48,000.00"
Assam,"Swagat SS Surg Inst, Guwahati",DA(NBEMS),NBE Diploma,"₹ 1,25,000.00",100,0,₹ 0.00,"₹ 55,200.00"
Bihar,"ESIC MC & Hosp Bihta, Patna",DA(NBEMS),NBE Diploma,"₹ 1,25,000.00",330,1,"₹ 7,50,000.00","₹ 70,000.00"
Bihar,"Paras HMRI Hospital, Patna",DA(NBEMS),NBE Diploma,"₹ 1,25,000.00",350,0,₹ 0.00,"₹ 82,000.00"
Bihar,"Ruban Memorial Hosp, Patna",DA(NBEMS),NBE Diploma,"₹ 1,25,000.00",NA,0,₹ 0.00,"₹ 82,000.00"
Chandigarh,"Govt MultSpec Hosp, Chandigarh",DA(NBEMS),NBE Diploma,"₹ 1,25,000.00",500,0,₹ 0.00,"₹ 1,07,000.00"
Chhattisgarh,"Central Hosp,Railway,Bilaspur",DA(NBEMS),NBE Diploma,"₹ 1,25,000.00",104,0,₹ 0.00,"₹ 67,500.00"
Chhattisgarh,"District Hosp, Pandri,CHTSRGH",DA(NBEMS),NBE Diploma,"₹ 1,25,000.00",NA,0,₹ 0.00,"₹ 67,500.00"
Chhattisgarh,"Maharani Hospital, Jagdalpur",DA(NBEMS),NBE Diploma,"₹ 1,25,000.00",NA,0,₹ 0.00,"₹ 67,500.00"
Chhattisgarh,"MMI Narayana MultiSpec, Lalpur",DA(NBEMS),NBE Diploma,"₹ 1,25,000.00",215,0,₹ 0.00,"₹ 67,500.00"
Chhattisgarh,"Ramkrishna Care Hosp, Raipur",DA(NBEMS),NBE Diploma,"₹ 1,25,000.00",359,0,₹ 0.00,"₹ 67,500.00"
Chhattisgarh,"VYIMS, Raipur",DA(NBEMS),NBE Diploma,"₹ 1,25,000.00",175,0,₹ 0.00,"₹ 53,550.00"
Chhattisgarh,"Mark Hospital, Bilaspur",DA(NBEMS),NBE Diploma,"₹ 1,25,000.00",NA,0,₹ 0.00,"₹ 67,500.00"
Dadra and Nagar Haveli,"VinobaBhaveCivilHosp, Silvassa",DA(NBEMS),NBE Diploma,"₹ 1,25,000.00",316,1,"₹ 10,00,000.00","₹ 35,000.00"
Delhi,"Dharamshila Narayana, Delhi",DA(NBEMS),NBE Diploma,"₹ 1,25,000.00",200,0,₹ 0.00,"₹ 69,000.00"
Delhi,"Holy Family Hospital, Delhi",DA(NBEMS),NBE Diploma,"₹ 1,25,000.00",345,0,₹ 0.00,"₹ 82,000.00"
Delhi,"Swami Dayanand Hospital, Delhi",DA(NBEMS),NBE Diploma,"₹ 1,25,000.00",370,0,₹ 0.00,"₹ 1,35,264.00"
Haryana,"BPS Med Coll, Sonepat",DA(NBEMS),NBE Diploma,"₹ 1,25,000.00",550,0,₹ 0.00,"₹ 1,00,980.00"
Haryana,"Delhi Hospital, Jhajjar",DA(NBEMS),NBE Diploma,"₹ 1,25,000.00",NA,0,₹ 0.00,"₹ 40,000.00"
Haryana,"FIMS Hospital, Sonipat",DA(NBEMS),NBE Diploma,"₹ 1,25,000.00",140,0,₹ 0.00,"₹ 56,000.00"
Haryana,"General Hospital, Panchkula",DA(NBEMS),NBE Diploma,"₹ 1,25,000.00",300,0,₹ 0.00,"₹ 1,00,980.00"
Haryana,"Lala Harbhagwan Das, Panipat",DA(NBEMS),NBE Diploma,"₹ 1,25,000.00",140,0,₹ 0.00,"₹ 51,100.00"
Haryana,"Ojas SS Hosp, Panchkula,Haryana",DA(NBEMS),NBE Diploma,"₹ 1,25,000.00",NA,0,₹ 0.00,"₹ 55,000.00"
Jammu and Kashmir,"Assoc Hosp Govt MC, Baramulla",DA(NBEMS),NBE Diploma,"₹ 1,25,000.00",363,0,₹ 0.00,"₹ 59,500.00"
Jammu and Kashmir,"District Hospital, Kulgam",DA(NBEMS),NBE Diploma,"₹ 1,25,000.00",200,0,₹ 0.00,"₹ 48,000.00"
Jammu and Kashmir,"SDH Kupwara, Kupwara",DA(NBEMS),NBE Diploma,"₹ 1,25,000.00",200,0,₹ 0.00,"₹ 48,000.00"
Jammu and Kashmir,"Sub District Hosp, Sopore, JK",DA(NBEMS),NBE Diploma,"₹ 1,25,000.00",200,0,₹ 0.00,"₹ 48,000.00"
Jharkhand,"NHBrahamananda Nar,Jamshedpur",DA(NBEMS),NBE Diploma,"₹ 1,25,000.00",NA,0,₹ 0.00,"₹ 54,500.00"
Karnataka,"Adarsha Hospital, Udupi",DA(NBEMS),NBE Diploma,"₹ 1,25,000.00",200,0,₹ 0.00,"₹ 45,000.00"
Karnataka,"AralaguppeMallegowda,Chikmaglr",DA(NBEMS),NBE Diploma,"₹ 1,25,000.00",NA,1,"₹ 20,00,000.00","₹ 45,000.00"
Karnataka,"Aster CMI Hospital, Bangalore",DA(NBEMS),NBE Diploma,"₹ 1,25,000.00",350,0,₹ 0.00,"₹ 56,250.00"
Karnataka,"Bangalore Baptist, Bangalore",DA(NBEMS),NBE Diploma,"₹ 1,25,000.00",340,0,₹ 0.00,"₹ 56,250.00"
Karnataka,"Chinmaya Mission, Bangalore",DA(NBEMS),NBE Diploma,"₹ 1,25,000.00",200,0,₹ 0.00,"₹ 45,000.00"
Karnataka,"District Hospital, Ballari",DA(NBEMS),NBE Diploma,"₹ 1,25,000.00",210,1,"₹ 20,00,000.00","₹ 45,000.00"
Karnataka,"District Hospital, Chitradurga",DA(NBEMS),NBE Diploma,"₹ 1,25,000.00",450,1,"₹ 20,00,000.00","₹ 45,000.00"
Karnataka,"District Hospital, Dharwad",DA(NBEMS),NBE Diploma,"₹ 1,25,000.00",250,1,"₹ 20,00,000.00","₹ 45,000.00"
Karnataka,"District Hospital, Haveri",DA(NBEMS),NBE Diploma,"₹ 1,25,000.00",NA,1,"₹ 20,00,000.00","₹ 45,000.00"
Karnataka,"Dist Hosp, Navanagar Bagalkot",DA(NBEMS),NBE Diploma,"₹ 1,25,000.00",250,1,"₹ 20,00,000.00","₹ 45,000.00"
Karnataka,"District Hospital, Ramanagara",DA(NBEMS),NBE Diploma,"₹ 1,25,000.00",NA,1,"₹ 20,00,000.00","₹ 45,000.00"
Karnataka,"District Hospital, Tumakuru",DA(NBEMS),NBE Diploma,"₹ 1,25,000.00",400,1,"₹ 20,00,000.00","₹ 45,000.00"
Karnataka,"District Hospital, Vijayapura",DA(NBEMS),NBE Diploma,"₹ 1,25,000.00",426,1,"₹ 20,00,000.00","₹ 45,000.00"
Karnataka,"General Hosp, Doddaballapura",DA(NBEMS),NBE Diploma,"₹ 1,25,000.00",100,1,"₹ 20,00,000.00","₹ 45,000.00"
Karnataka,"General Hospital, Hassan",DA(NBEMS),NBE Diploma,"₹ 1,25,000.00",NA,1,"₹ 20,00,000.00","₹ 45,000.00"
Karnataka,"General Hospital, Jayanagar",DA(NBEMS),NBE Diploma,"₹ 1,25,000.00",300,1,"₹ 20,00,000.00","₹ 45,000.00"
Karnataka,"General Hosp, Kanakapura Taluk",DA(NBEMS),NBE Diploma,"₹ 1,25,000.00",NA,1,"₹ 20,00,000.00","₹ 45,000.00"
Karnataka,"General Hosp, Shikaripura",DA(NBEMS),NBE Diploma,"₹ 1,25,000.00",NA,1,"₹ 20,00,000.00","₹ 45,000.00"
Karnataka,"General Hospital, Tiptur, Kar",DA(NBEMS),NBE Diploma,"₹ 1,25,000.00",NA,1,"₹ 20,00,000.00","₹ 45,000.00"
Karnataka,"GopalaGowdaMem,Nazarbad,Mysuru",DA(NBEMS),NBE Diploma,"₹ 1,25,000.00",250,0,₹ 0.00,"₹ 35,000.00"
Karnataka,"K C Gen Hospital, Bangalore",DA(NBEMS),NBE Diploma,"₹ 1,25,000.00",453,1,"₹ 20,00,000.00","₹ 45,000.00"
Karnataka,"KauveryHosp, ElecCity,Bangalore",DA(NBEMS),NBE Diploma,"₹ 1,25,000.00",200,0,₹ 0.00,"₹ 56,250.00"
Karnataka,"Kerudi Hospital, Bagalkot",DA(NBEMS),NBE Diploma,"₹ 1,25,000.00",NA,0,₹ 0.00,"₹ 45,000.00"
Karnataka,"KS Hospital, Koppal, Karnataka",DA(NBEMS),NBE Diploma,"₹ 1,25,000.00",200,0,₹ 0.00,"₹ 45,000.00"
Karnataka,"Mallige Medical Cent,Bangalore",DA(NBEMS),NBE Diploma,"₹ 1,25,000.00",126,0,₹ 0.00,"₹ 56,250.00"
Karnataka,"Nanjappa Hospital, Shimoga",DA(NBEMS),NBE Diploma,"₹ 1,25,000.00",NA,0,₹ 0.00,"₹ 35,000.00"
Karnataka,"NirmalaMSHosp,Alanahalli,Mysore",DA(NBEMS),NBE Diploma,"₹ 1,25,000.00",100,0,₹ 0.00,"₹ 45,000.00"
Karnataka,"Rangadore Mem Hosp, Bangalore",DA(NBEMS),NBE Diploma,"₹ 1,25,000.00",210,0,₹ 0.00,"₹ 45,000.00"
Karnataka,"Sahyadri Narayana Hosp,Shimoga",DA(NBEMS),NBE Diploma,"₹ 1,25,000.00",228,0,₹ 0.00,"₹ 56,250.00"
Karnataka,"Sir CVRaman Gen Hos, Bangalore",DA(NBEMS),NBE Diploma,"₹ 1,25,000.00",NA,1,"₹ 20,00,000.00","₹ 45,000.00"
Karnataka,"SNR District Hospital, Kolar",DA(NBEMS),NBE Diploma,"₹ 1,25,000.00",550,1,"₹ 20,00,000.00","₹ 45,000.00"
Karnataka,"Sorake Chandrashekar Hosp,Mnglr",DA(NBEMS),NBE Diploma,"₹ 1,25,000.00",150,0,₹ 0.00,"₹ 35,000.00"
Karnataka,"Narayana Hrudayalaya Hos,Bommasandra",DA(NBEMS),NBE Diploma,"₹ 1,25,000.00",210,0,₹ 0.00,"₹ 56,250.00"
Karnataka,"Sparsh SS Hosp, Yeshwanthpur",DA(NBEMS),NBE Diploma,"₹ 1,25,000.00",250,0,₹ 0.00,"₹ 56,250.00"
Karnataka,"Sub Division Hospital,Kollegal",DA(NBEMS),NBE Diploma,"₹ 1,25,000.00",NA,1,"₹ 20,00,000.00","₹ 45,000.00"
Karnataka,"Taluk Gen Hosp, Bhadravathi,KAR",DA(NBEMS),NBE Diploma,"₹ 1,25,000.00",NA,1,"₹ 20,00,000.00","₹ 45,000.00"
Karnataka,"Taluk General Hospital, Kadur",DA(NBEMS),NBE Diploma,"₹ 1,25,000.00",NA,1,"₹ 20,00,000.00","₹ 45,000.00"
Karnataka,"The Bangalore Hosp, Bangalore",DA(NBEMS),NBE Diploma,"₹ 1,25,000.00",200,0,₹ 0.00,"₹ 45,000.00"
Karnataka,"Trustwell Hospitals, Bangalore",DA(NBEMS),NBE Diploma,"₹ 1,25,000.00",NA,0,₹ 0.00,"₹ 35,000.00"
Karnataka,"Venugram Hospital, Belagavi,KAR",DA(NBEMS),NBE Diploma,"₹ 1,25,000.00",100,0,₹ 0.00,"₹ 56,250.00"
Karnataka,"NarayanaHrudyalaya,Bommasandra",DA(NBEMS),NBE Diploma,"₹ 1,25,000.00",2000,0,₹ 0.00,"₹ 56,250.00"
Kerala,"Ahalia DiabetesHosp,Kozhippara",DA(NBEMS),NBE Diploma,"₹ 1,25,000.00",NA,0,₹ 0.00,"₹ 57,876.00"
Kerala,"Life line SS Hosp, Adoor",DA(NBEMS),NBE Diploma,"₹ 1,25,000.00",140,0,₹ 0.00,"₹ 57,876.00"
Kerala,"Malabar Inst of MS, Kannur",DA(NBEMS),NBE Diploma,"₹ 1,25,000.00",302,0,₹ 0.00,"₹ 57,876.00"
Kerala,"MuthootHealthCare,Kozhencherry",DA(NBEMS),NBE Diploma,"₹ 1,25,000.00",330,0,₹ 0.00,"₹ 57,876.00"
Kerala,"N S Memorial IMS, Thattamala",DA(NBEMS),NBE Diploma,"₹ 1,25,000.00",NA,0,₹ 0.00,"₹ 57,876.00"
Kerala,"PRS Hospital, Trivandrum",DA(NBEMS),NBE Diploma,"₹ 1,25,000.00",250,0,₹ 0.00,"₹ 57,876.00"
Madhya Pradesh,"Bansal Hospital, Shahpura",DA(NBEMS),NBE Diploma,"₹ 1,25,000.00",301,0,₹ 0.00,"₹ 65,000.00"
Madhya Pradesh,"Bombay Hospital, Indore",DA(NBEMS),NBE Diploma,"₹ 1,25,000.00",350,0,₹ 0.00,"₹ 75,444.00"
Madhya Pradesh,"Jabalpur Hosp & Res Center, MP",DA(NBEMS),NBE Diploma,"₹ 1,25,000.00",300,0,₹ 0.00,"₹ 45,000.00"
Madhya Pradesh,"SM Scindia Dist Hosp, Vidisha",DA(NBEMS),NBE Diploma,"₹ 1,25,000.00",NA,3,"₹ 20,00,000.00","₹ 75,444.00"
Maharashtra,"Max Super Spec Hosp, Nagpur",DA(NBEMS),NBE Diploma,"₹ 1,25,000.00",200,0,₹ 0.00,"₹ 76,429.00"
Maharashtra,"Ashwani Sahakari, Solapur",DA(NBEMS),NBE Diploma,"₹ 1,25,000.00",NA,0,₹ 0.00,"₹ 85,000.00"
Maharashtra,"Asian IMS, Dombivli (E)",DA(NBEMS),NBE Diploma,"₹ 1,25,000.00",NA,0,₹ 0.00,"₹ 83,000.00"
Maharashtra,"Daga Mem Women Hosp, Nagpur",DA(NBEMS),NBE Diploma,"₹ 1,25,000.00",NA,1,"₹ 50,00,000.00","₹ 75,144.00"
Maharashtra,"District Hospital, Bhandara, MH",DA(NBEMS),NBE Diploma,"₹ 1,25,000.00",500,1,"₹ 50,00,000.00","₹ 75,144.00"
Maharashtra,"Holy Family Hospital, Mumbai",DA(NBEMS),NBE Diploma,"₹ 1,25,000.00",268,0,₹ 0.00,"₹ 85,000.00"
Maharashtra,"JagjivanRamRailwayHosp, Mumbai",DA(NBEMS),NBE Diploma,"₹ 1,25,000.00",361,0,₹ 0.00,"₹ 95,358.00"
Maharashtra,"Lilavati Hospital, Mumbai",DA(NBEMS),NBE Diploma,"₹ 1,25,000.00",330,0,₹ 0.00,"₹ 86,630.00"
Maharashtra,"Ozone MS Hosp, Akola, MH",DA(NBEMS),NBE Diploma,"₹ 1,25,000.00",NA,0,₹ 0.00,"₹ 35,000.00"
Maharashtra,"Pawana Hospital, Pune",DA(NBEMS),NBE Diploma,"₹ 1,25,000.00",NA,0,₹ 0.00,"₹ 76,429.00"
Maharashtra,"Sadhu Vaswani Missions, Pune",DA(NBEMS),NBE Diploma,"₹ 1,25,000.00",369,0,₹ 0.00,"₹ 90,000.00"
Maharashtra,"Zen Multi Spec Hosp, Mumbai",DA(NBEMS),NBE Diploma,"₹ 1,25,000.00",115,0,₹ 0.00,"₹ 75,000.00"
Meghalaya,"Civil Hosp, Shillong, Meghalaya",DA(NBEMS),NBE Diploma,"₹ 1,25,000.00",NA,1,"₹ 20,00,000.00","₹ 35,000.00"
Meghalaya,"Woodland Hosp, Malki, Shillong",DA(NBEMS),NBE Diploma,"₹ 1,25,000.00",160,0,₹ 0.00,"₹ 35,000.00"
Nagaland,"Christian IHSR, Dimapur",DA(NBEMS),NBE Diploma,"₹ 1,25,000.00",200,0,₹ 0.00,"₹ 35,000.00"
Nagaland,"Naga Hospital Authority, Kohima",DA(NBEMS),NBE Diploma,"₹ 1,25,000.00",300,NA,NA,"₹ 35,000.00"
Odisha,"Bhima Bhoi Med Coll, Balangir",DA(NBEMS),NBE Diploma,"₹ 1,25,000.00",NA,2,"₹ 34,78,000.00","₹ 70,868.00"
Odisha,"Capital Hospital, Bhubaneswar",DA(NBEMS),NBE Diploma,"₹ 1,25,000.00",647,2,"₹ 34,78,000.00","₹ 70,868.00"
Odisha,"FakirMohanMed,Balasore,Odisha",DA(NBEMS),NBE Diploma,"₹ 1,25,000.00",360,2,"₹ 34,78,000.00","₹ 70,868.00"
Odisha,"PanditRaghunathMurmu,Mayurbhanj",DA(NBEMS),NBE Diploma,"₹ 1,25,000.00",563,2,"₹ 34,78,000.00","₹ 70,868.00"
Odisha,"SLN MedicalColl Koraput, Odisha",DA(NBEMS),NBE Diploma,"₹ 1,25,000.00",300,2,"₹ 34,78,000.00","₹ 70,868.00"
Punjab,"Amandeep Hospital, Pathankot",DA(NBEMS),NBE Diploma,"₹ 1,25,000.00",110,0,₹ 0.00,"₹ 67,968.00"
Punjab,"Amandeep Medicity, Amritsar",DA(NBEMS),NBE Diploma,"₹ 1,25,000.00",500,0,₹ 0.00,"₹ 67,968.00"
Punjab,"Fortis Escorts Hosp, Amritsar",DA(NBEMS),NBE Diploma,"₹ 1,25,000.00",173,0,₹ 0.00,"₹ 67,968.00"
Punjab,"Indus Intl Hosp, Mohali",DA(NBEMS),NBE Diploma,"₹ 1,25,000.00",NA,0,₹ 0.00,"₹ 70,000.00"
Punjab,"JBMM Dist Hospital, Amritsar",DA(NBEMS),NBE Diploma,"₹ 1,25,000.00",200,1,"₹ 10,00,000.00","₹ 50,190.00"
Punjab,"Johal MultispecHosp, Jalandhar",DA(NBEMS),NBE Diploma,"₹ 1,25,000.00",150,0,₹ 0.00,"₹ 67,000.00"
Punjab,"Lord MahavirCivilHosp,Ludhiana",DA(NBEMS),NBE Diploma,"₹ 1,25,000.00",250,1,"₹ 10,00,000.00","₹ 50,190.00"
Punjab,"SGL SSCharitableHosp,Jalandhar",DA(NBEMS),NBE Diploma,"₹ 1,25,000.00",250,0,₹ 0.00,"₹ 67,898.00"
Punjab,"Sacred Heart Hosp, Jalandhar",DA(NBEMS),NBE Diploma,"₹ 1,25,000.00",200,0,₹ 0.00,"₹ 67,968.00"
Rajasthan,"Bhagwan Mahavir Cancer, Jaipur",DA(NBEMS),NBE Diploma,"₹ 1,25,000.00",300,0,₹ 0.00,"₹ 67,000.00"
Rajasthan,"Bhandari Hosp ResCen, Jaipur",DA(NBEMS),NBE Diploma,"₹ 1,25,000.00",150,0,₹ 0.00,"₹ 40,250.00"
Rajasthan,"Chirayu Hospital, Jaipur",DA(NBEMS),NBE Diploma,"₹ 1,25,000.00",100,0,₹ 0.00,"₹ 58,000.00"
Rajasthan,"Dana Shivam Heart Hosp, Jaipur",DA(NBEMS),NBE Diploma,"₹ 1,25,000.00",100,0,₹ 0.00,"₹ 35,000.00"
Rajasthan,"District Hospital, Dholpur",DA(NBEMS),NBE Diploma,"₹ 1,25,000.00",NA,0,₹ 0.00,"₹ 60,375.00"
Rajasthan,"ESIC Model Hospital, Jaipur",DA(NBEMS),NBE Diploma,"₹ 1,25,000.00",260,1,"₹ 7,50,000.00","₹ 70,000.00"
Rajasthan,"General Hospital, Jalore",DA(NBEMS),NBE Diploma,"₹ 1,25,000.00",NA,0,₹ 0.00,"₹ 60,375.00"
Rajasthan,"General Hospital, Karauli",DA(NBEMS),NBE Diploma,"₹ 1,25,000.00",NA,0,₹ 0.00,"₹ 60,375.00"
Rajasthan,"Govt District Hosp, Bundi",DA(NBEMS),NBE Diploma,"₹ 1,25,000.00",NA,0,₹ 0.00,"₹ 60,375.00"
Rajasthan,"Govt Hosp, Barmer",DA(NBEMS),NBE Diploma,"₹ 1,25,000.00",NA,0,₹ 0.00,"₹ 60,375.00"
Rajasthan,"Govt Med Coll Hosp, Dungarpur",DA(NBEMS),NBE Diploma,"₹ 1,25,000.00",NA,0,₹ 0.00,"₹ 60,375.00"
Rajasthan,"Govt MedColl Hosp,RamasiyaPali",DA(NBEMS),NBE Diploma,"₹ 1,25,000.00",NA,0,₹ 0.00,"₹ 60,375.00"
Rajasthan,"Govt Amrit Kaur Hosp, Ajmer",DA(NBEMS),NBE Diploma,"₹ 1,25,000.00",NA,0,₹ 0.00,"₹ 60,375.00"
Rajasthan,"Govt BDK Hosp, Jhunjhunu",DA(NBEMS),NBE Diploma,"₹ 1,25,000.00",NA,0,₹ 0.00,"₹ 60,375.00"
Rajasthan,"Govt DB Dist Hosp, Churu",DA(NBEMS),NBE Diploma,"₹ 1,25,000.00",NA,0,₹ 0.00,"₹ 60,375.00"
Rajasthan,"Govt Dist Hosp, Sri Ganganagar",DA(NBEMS),NBE Diploma,"₹ 1,25,000.00",NA,0,₹ 0.00,"₹ 60,375.00"
Rajasthan,"Govt Medical College, Rampura",DA(NBEMS),NBE Diploma,"₹ 1,25,000.00",NA,0,₹ 0.00,"₹ 60,375.00"
Rajasthan,"Gurukripa Hospital, Sikar",DA(NBEMS),NBE Diploma,"₹ 1,25,000.00",NA,0,₹ 0.00,"₹ 50,000.00"
Rajasthan,"JLN Govt Hosp, Nagaur",DA(NBEMS),NBE Diploma,"₹ 1,25,000.00",NA,0,₹ 0.00,"₹ 60,375.00"
Rajasthan,"Mahatma Gandhi Hosp, Bhilwara",DA(NBEMS),NBE Diploma,"₹ 1,25,000.00",NA,0,₹ 0.00,"₹ 60,375.00"
Rajasthan,"MGM Govt Dist Hosp,Hanumangarh",DA(NBEMS),NBE Diploma,"₹ 1,25,000.00",NA,0,₹ 0.00,"₹ 60,375.00"
Rajasthan,"Narayana MultiSpec Hosp,Jaipur",DA(NBEMS),NBE Diploma,"₹ 1,25,000.00",400,0,₹ 0.00,"₹ 55,200.00"
Rajasthan,"Raj Jindal Hosp, Bharatpur, RAJ",DA(NBEMS),NBE Diploma,"₹ 1,25,000.00",100,0,₹ 0.00,"₹ 52,000.00"
Rajasthan,"Rajiv Gandhi Gen Hosp, Alwar",DA(NBEMS),NBE Diploma,"₹ 1,25,000.00",NA,0,₹ 0.00,"₹ 60,375.00"
Rajasthan,"SK Govt Hosp, Sikar",DA(NBEMS),NBE Diploma,"₹ 1,25,000.00",NA,0,₹ 0.00,"₹ 60,375.00"
Rajasthan,"Shri RamkaranJoshi Gov H,Dausa",DA(NBEMS),NBE Diploma,"₹ 1,25,000.00",NA,0,₹ 0.00,"₹ 60,375.00"
Rajasthan,"SSG Govt Dist Hosp,Chittorgarh",DA(NBEMS),NBE Diploma,"₹ 1,25,000.00",NA,0,₹ 0.00,"₹ 60,375.00"
Tamil Nadu,"Govt HQ Hosp, Cuddalore",DA(NBEMS),NBE Diploma,"₹ 1,25,000.00",750,2,"₹ 20,00,000.00","₹ 52,451.00"
Tamil Nadu,"CSI Kalyani, Chennai",DA(NBEMS),NBE Diploma,"₹ 1,25,000.00",200,0,₹ 0.00,"₹ 52,451.00"
Tamil Nadu,"Chettinad SSHosp,Kelambakkam,TN",DA(NBEMS),NBE Diploma,"₹ 1,25,000.00",150,0,₹ 0.00,"₹ 52,451.00"
Tamil Nadu,"Dr Kamakshi Mem, Chennai",DA(NBEMS),NBE Diploma,"₹ 1,25,000.00",220,0,₹ 0.00,"₹ 52,451.00"
Tamil Nadu,"Erode Medical Centre, Erode, TN",DA(NBEMS),NBE Diploma,"₹ 1,25,000.00",100,0,₹ 0.00,"₹ 53,000.00"
Tamil Nadu,"Govt HQ Hosp, Erode",DA(NBEMS),NBE Diploma,"₹ 1,25,000.00",608,2,"₹ 20,00,000.00","₹ 52,451.00"
Tamil Nadu,"Govt HQ Hosp, Karaikudi",DA(NBEMS),NBE Diploma,"₹ 1,25,000.00",222,2,"₹ 20,00,000.00","₹ 52,451.00"
Tamil Nadu,"Gunam SS Hosp, Hosur",DA(NBEMS),NBE Diploma,"₹ 1,25,000.00",NA,0,₹ 0.00,"₹ 42,000.00"
Tamil Nadu,"KG Hospital, Coimbatore",DA(NBEMS),NBE Diploma,"₹ 1,25,000.00",250,0,₹ 0.00,"₹ 52,451.00"
Tamil Nadu,"Kauvery Hosp Med Serv, Hosur",DA(NBEMS),NBE Diploma,"₹ 1,25,000.00",NA,0,₹ 0.00,"₹ 52,451.00"
Tamil Nadu,"Kauvery Hospital, Chennai",DA(NBEMS),NBE Diploma,"₹ 1,25,000.00",200,0,₹ 0.00,"₹ 52,451.00"
Tamil Nadu,"Kauvery Hospital, Salem",DA(NBEMS),NBE Diploma,"₹ 1,25,000.00",NA,0,₹ 0.00,"₹ 52,451.00"
Tamil Nadu,"KMC SpecHosp,Cantonment,Trichy",DA(NBEMS),NBE Diploma,"₹ 1,25,000.00",175,0,₹ 0.00,"₹ 52,451.00"
Tamil Nadu,"MGM Health Care, Aminjikarai",DA(NBEMS),NBE Diploma,"₹ 1,25,000.00",NA,0,₹ 0.00,"₹ 52,451.00"
Tamil Nadu,"Sri Chandra Sekara Hosp, Hosur",DA(NBEMS),NBE Diploma,"₹ 1,25,000.00",100,0,₹ 0.00,"₹ 45,000.00"
Tamil Nadu,"SyedAmmalHosp,Ramanathapuram,TN",DA(NBEMS),NBE Diploma,"₹ 1,25,000.00",15,0,₹ 0.00,"₹ 45,000.00"
Tamil Nadu,"Thangam Hospital, Namakkal, TN",DA(NBEMS),NBE Diploma,"₹ 1,25,000.00",150,0,₹ 0.00,"₹ 49,100.00"
Tamil Nadu,"Vadamalayan Hospital, Madurai",DA(NBEMS),NBE Diploma,"₹ 1,25,000.00",200,0,₹ 0.00,"₹ 52,451.00"
Tamil Nadu,"Govt MC Hosp, Ramanathapuram",DA(NBEMS),NBE Diploma,"₹ 1,25,000.00",280,2,"₹ 20,00,000.00","₹ 52,451.00"
Telangana,"Aster Prime Hosp, Hyderabad",DA(NBEMS),NBE Diploma,"₹ 1,25,000.00",204,0,₹ 0.00,"₹ 45,000.00"
Telangana,"Kamineni Hospital, King Koti",DA(NBEMS),NBE Diploma,"₹ 1,25,000.00",150,0,₹ 0.00,"₹ 55,000.00"
Telangana,"Ekashilaa Hosp, Warangal",DA(NBEMS),NBE Diploma,"₹ 1,25,000.00",200,0,₹ 0.00,"₹ 58,289.00"
Telangana,"PrincessDurruShehvar,Hyderabad",DA(NBEMS),NBE Diploma,"₹ 1,25,000.00",197,0,₹ 0.00,"₹ 50,686.00"
Telangana,"Renee Hospital, Karimnagar, TEL",DA(NBEMS),NBE Diploma,"₹ 1,25,000.00",150,0,₹ 0.00,"₹ 50,000.00"
Telangana,"SLG Hospitals, Bachupally",DA(NBEMS),NBE Diploma,"₹ 1,25,000.00",NA,0,₹ 0.00,"₹ 50,686.00"
Telangana,"KIMS SunShine Hosp, Hyd",DA(NBEMS),NBE Diploma,"₹ 1,25,000.00",300,0,₹ 0.00,"₹ 58,289.00"
Telangana,"Vijay Marie Hosp, Hyderabad",DA(NBEMS),NBE Diploma,"₹ 1,25,000.00",200,0,₹ 0.00,"₹ 50,686.00"
Uttar Pradesh,"Autonomous State MC, Firozabad",DA(NBEMS),NBE Diploma,"₹ 1,25,000.00",244,0,₹ 0.00,"₹ 80,000.00"
Uttar Pradesh,"Autonomous State MC, Ayodhya",DA(NBEMS),NBE Diploma,"₹ 1,25,000.00",300,0,₹ 0.00,"₹ 80,000.00"
Uttar Pradesh,"Charak Hosp & RC, Lucknow",DA(NBEMS),NBE Diploma,"₹ 1,25,000.00",NA,0,₹ 0.00,"₹ 56,100.00"
Uttar Pradesh,"ESIC Hospital, Varanasi, UP",DA(NBEMS),NBE Diploma,"₹ 1,25,000.00",150,1,"₹ 7,50,000.00","₹ 70,000.00"
Uttar Pradesh,"ESIC Model Hospital, Noida",DA(NBEMS),NBE Diploma,"₹ 1,25,000.00",300,1,"₹ 7,50,000.00","₹ 70,000.00"
Uttar Pradesh,"Felix Hospital, Noida",DA(NBEMS),NBE Diploma,"₹ 1,25,000.00",NA,0,₹ 0.00,"₹ 65,000.00"
Uttar Pradesh,"Fortune Hospital, Kanpur, UP",DA(NBEMS),NBE Diploma,"₹ 1,25,000.00",200,0,₹ 0.00,"₹ 50,000.00"
Uttar Pradesh,"Gangasheel AMRI, Bareilly, UP",DA(NBEMS),NBE Diploma,"₹ 1,25,000.00",150,0,₹ 0.00,"₹ 56,100.00"
Uttar Pradesh,"Government Med Col, Azamgarh,UP",DA(NBEMS),NBE Diploma,"₹ 1,25,000.00",550,0,₹ 0.00,"₹ 80,000.00"
Uttar Pradesh,"MaharajaSuhelDevMed,Bahraich,UP",DA(NBEMS),NBE Diploma,"₹ 1,25,000.00",550,0,₹ 0.00,"₹ 80,000.00"
Uttar Pradesh,"AutonomousStateMC,Rampur",DA(NBEMS),NBE Diploma,"₹ 1,25,000.00",NA,0,₹ 0.00,"₹ 80,000.00"
Uttar Pradesh,"Midland HC & RC, Lucknow",DA(NBEMS),NBE Diploma,"₹ 1,25,000.00",NA,0,₹ 0.00,"₹ 35,000.00"
Uttar Pradesh,"Priya Hospital,Kanpur Nagar, UP",DA(NBEMS),NBE Diploma,"₹ 1,25,000.00",NA,0,₹ 0.00,"₹ 35,000.00"
Uttar Pradesh,"Rani DurgavatiMedColl,Banda,UP",DA(NBEMS),NBE Diploma,"₹ 1,25,000.00",430,0,₹ 0.00,"₹ 80,000.00"
Uttar Pradesh,"Siddh MultispecHosp, Moradabad",DA(NBEMS),NBE Diploma,"₹ 1,25,000.00",NA,0,₹ 0.00,"₹ 56,000.00"
Uttar Pradesh,"Vivekananda Polyclinic,Lucknow",DA(NBEMS),NBE Diploma,"₹ 1,25,000.00",350,0,₹ 0.00,"₹ 61,100.00"
Uttar Pradesh,"YatharthSS, Sec 1,GreatrNoida",DA(NBEMS),NBE Diploma,"₹ 1,25,000.00",450,0,₹ 0.00,"₹ 80,000.00"
Uttarakhand,"Synergy InstofMedSci, Ballupur",DA(NBEMS),NBE Diploma,"₹ 1,25,000.00",NA,0,₹ 0.00,"₹ 70,000.00"
Uttarakhand,"VCSG MedCollHosp,PauriGarhwal",DA(NBEMS),NBE Diploma,"₹ 1,25,000.00",774,2,"₹ 2,50,00,000.00","₹ 76,600.00"
West Bengal,"Arambagh SS Hospital, Hooghly",DA(NBEMS),NBE Diploma,"₹ 1,25,000.00",NA,0,₹ 0.00,"₹ 49,884.00"
West Bengal,"Bolpur Sub Div Hosp, Birbhum",DA(NBEMS),NBE Diploma,"₹ 1,25,000.00",NA,0,₹ 0.00,"₹ 49,884.00"
West Bengal,"DiamondHarbour(Gov),Harindanga",DA(NBEMS),NBE Diploma,"₹ 1,25,000.00",726,0,₹ 0.00,"₹ 49,884.00"
West Bengal,"District Hospital, Alipurduar",DA(NBEMS),NBE Diploma,"₹ 1,25,000.00",402,0,₹ 0.00,"₹ 49,884.00"
West Bengal,"District Hospital, Nadia",DA(NBEMS),NBE Diploma,"₹ 1,25,000.00",723,0,₹ 0.00,"₹ 49,884.00"
West Bengal,"Habra State Gen Hosp, Habra",DA(NBEMS),NBE Diploma,"₹ 1,25,000.00",NA,0,₹ 0.00,"₹ 49,884.00"
West Bengal,"Imambara Dist Hospital,Hooghly",DA(NBEMS),NBE Diploma,"₹ 1,25,000.00",625,0,₹ 0.00,"₹ 49,884.00"
West Bengal,"Jangipur SD Hosp, Murshidabad",DA(NBEMS),NBE Diploma,"₹ 1,25,000.00",NA,0,₹ 0.00,"₹ 49,884.00"
West Bengal,"Lalbagh SD Hosp, Murshidabad",DA(NBEMS),NBE Diploma,"₹ 1,25,000.00",NA,0,₹ 0.00,"₹ 49,884.00"
West Bengal,"NeotiaGetwelHC Centre,Siliguri",DA(NBEMS),NBE Diploma,"₹ 1,25,000.00",217,0,₹ 0.00,"₹ 49,884.00"
West Bengal,"RN Tagore (Cardiac), Kolkata",DA(NBEMS),NBE Diploma,"₹ 1,25,000.00",681,0,₹ 0.00,"₹ 49,884.00"
West Bengal,"Rampurhat Govt MedColl,Birbhum",DA(NBEMS),NBE Diploma,"₹ 1,25,000.00",626,0,₹ 0.00,"₹ 49,884.00"
West Bengal,"Ranaghat Sub Div Hosp,Anulia,WB",DA(NBEMS),NBE Diploma,"₹ 1,25,000.00",250,0,₹ 0.00,"₹ 49,884.00"
West Bengal,"SambhuNath Pandit Hosp,Kolkata",DA(NBEMS),NBE Diploma,"₹ 1,25,000.00",576,0,₹ 0.00,"₹ 49,884.00"
West Bengal,"Siliguri Dist Hosp, Darjeeling",DA(NBEMS),NBE Diploma,"₹ 1,25,000.00",365,0,₹ 0.00,"₹ 49,884.00"
West Bengal,"Suri Sadar Hospital, Birbhum",DA(NBEMS),NBE Diploma,"₹ 1,25,000.00",766,0,₹ 0.00,"₹ 49,884.00"
West Bengal,"WoodlandsMultiSpecHosp,Kolkata",DA(NBEMS),NBE Diploma,"₹ 1,25,000.00",NA,0,₹ 0.00,"₹ 43,000.00"
Andhra Pradesh,Area Hospital Sriikalahasthi,DA(NBEMS),NBE Diploma,"₹ 1,25,000.00",NA,0,₹ 0.00,"₹ 60,823.00"
Assam,"Haji Abdul Majid, Hojai, Assam",DA(NBEMS),NBE Diploma,"₹ 1,25,000.00",181,0,₹ 0.00,"₹ 35,000.00"
Bihar,"Sadar Hospital, Begusarai,Bihar",DA(NBEMS),NBE Diploma,"₹ 1,25,000.00",NA,3,"₹ 25,00,000.00","₹ 82,000.00"
Jammu and Kashmir,"District Hospital, Ganderbal,JK",DA(NBEMS),NBE Diploma,"₹ 1,25,000.00",200,0,₹ 0.00,"₹ 48,000.00"
Karnataka,"SriSathyaSai Inst, Bangalore",DA(NBEMS),NBE Diploma,"₹ 1,25,000.00",333,0,₹ 0.00,"₹ 45,000.00"
Kerala,"EMS Mem Hosp, Perinthalmanna",DA(NBEMS),NBE Diploma,"₹ 1,25,000.00",500,0,₹ 0.00,"₹ 57,876.00"
Madhya Pradesh,"District Hospital, Ratlam, MP",DA(NBEMS),NBE Diploma,"₹ 1,25,000.00",NA,3,"₹ 20,00,000.00","₹ 75,444.00"
Madhya Pradesh,"District Hospital, Sagar, MP",DA(NBEMS),NBE Diploma,"₹ 1,25,000.00",NA,3,"₹ 20,00,000.00","₹ 75,444.00"
Maharashtra,"Govt Med Coll & Hosp, Alibag",DA(NBEMS),NBE Diploma,"₹ 1,25,000.00",NA,1,"₹ 50,00,000.00","₹ 75,144.00"
Maharashtra,"Govt Med Coll&Hosp,Sindhurdurg",DA(NBEMS),NBE Diploma,"₹ 1,25,000.00",500,1,"₹ 50,00,000.00","₹ 75,144.00"
Maharashtra,"Masina Hospital, Mumbai",DA(NBEMS),NBE Diploma,"₹ 1,25,000.00",270,0,₹ 0.00,"₹ 76,429.00"
Maharashtra,"New Thergaon Hosp, Thergaon",DA(NBEMS),NBE Diploma,"₹ 1,25,000.00",200,0,₹ 0.00,"₹ 75,144.00"
Tamil Nadu,"Meenakshi Mission Hosp,Madurai",DA(NBEMS),NBE Diploma,"₹ 1,25,000.00",800,0,₹ 0.00,"₹ 52,451.00"
Uttar Pradesh,"Popular Medicare, Varanasi",DA(NBEMS),NBE Diploma,"₹ 1,25,000.00",450,0,₹ 0.00,"₹ 55,000.00"
Andhra Pradesh,"Bhimavaram Hosp, Bhimavaram",DA(NBEMS),NBE Diploma,"₹ 1,25,000.00",200,0,₹ 0.00,"₹ 60,823.00"
Haryana,"AarvyHealthcare,Sec 90,Gurugram",DA(NBEMS),NBE Diploma,"₹ 1,25,000.00",200,0,₹ 0.00,"₹ 60,000.00"
Kerala,"Smita Memo Hosp & RC,Thodupuzha",DA(NBEMS),NBE Diploma,"₹ 1,25,000.00",300,0,₹ 0.00,"₹ 55,000.00"
Madhya Pradesh,"LinkHosp,ShivpuriLinkRd,Gwalior",DA(NBEMS),NBE Diploma,"₹ 1,25,000.00",100,0,₹ 0.00,"₹ 75,444.00"
Maharashtra,"Bhatia Hosp, Tardeo, Mumbai",DA(NBEMS),NBE Diploma,"₹ 1,25,000.00",NA,0,₹ 0.00,"₹ 70,000.00"
Maharashtra,"DrRajendraGodeMedColl,Amravati",DA(NBEMS),NBE Diploma,"₹ 1,25,000.00",350,0,₹ 0.00,"₹ 35,000.00"
Tamil Nadu,"Vadamalayan Hospitals, Dindigul",DA(NBEMS),NBE Diploma,"₹ 1,25,000.00",178,0,₹ 0.00,"₹ 48,000.00"
Telangana,"CC Shroff Mem Hosp, Barkatpura",DA(NBEMS),NBE Diploma,"₹ 1,25,000.00",170,0,₹ 0.00,"₹ 58,289.00"
Uttar Pradesh,"AsianVivekanandSSHosp,Moradabad",DA(NBEMS),NBE Diploma,"₹ 1,25,000.00",250,0,₹ 0.00,"₹ 58,100.00"
Uttar Pradesh,"Sri Sai Hospital, Moradabad, UP",DA(NBEMS),NBE Diploma,"₹ 1,25,000.00",108,0,₹ 0.00,"₹ 55,000.00"
Uttar Pradesh,"VarunTrauma&BurnCentre,Aligarh",DA(NBEMS),NBE Diploma,"₹ 1,25,000.00",NA,0,₹ 0.00,"₹ 60,000.00"
Jammu and Kashmir,"Govt Med Coll Hosp, Anantnag",DA(NBEMS),NBE Diploma,"₹ 1,25,000.00",363,0,₹ 0.00,"₹ 59,500.00"
Karnataka,"Shanti Hospital, Baglkot",DA(NBEMS),NBE Diploma,"₹ 1,25,000.00",100,0,₹ 0.00,"₹ 45,000.00"
Tamil Nadu,"Sudha Hospitals, Erode",DA(NBEMS),NBE Diploma,"₹ 1,25,000.00",242,0,₹ 0.00,"₹ 37,000.00"
Uttar Pradesh,"Apollomedics SS Hosp, Lucknow",DA(NBEMS),NBE Diploma,"₹ 1,25,000.00",300,0,₹ 0.00,"₹ 80,000.00"
Tamil Nadu,"GovtPeriyarHos,Mayladuthurai,TN",DA(NBEMS),NBE Diploma,"₹ 1,25,000.00",NA,2,"₹ 20,00,000.00","₹ 52,451.00"
West Bengal,"DinhataSDH,Dinhata,Cooch Behar",DA(NBEMS),NBE Diploma,"₹ 1,25,000.00",NA,0,₹ 0.00,"₹ 49,884.00"
Maharashtra,"P Hinduja Hosp, KharWest,Mumbai",DA(NBEMS),NBE Diploma,"₹ 1,25,000.00",NA,0,₹ 0.00,"₹ 89,700.00"
Uttarakhand,"SaiHospital,Haldwani,Uttarkhand",DA(NBEMS),NBE Diploma,"₹ 1,25,000.00",NA,0,₹ 0.00,"₹ 37,000.00"
Maharashtra,"Manipal Hospital, Pune",DA(NBEMS),NBE Diploma,"₹ 1,25,000.00",NA,0,₹ 0.00,"₹ 70,000.00"
Gujarat,"ShethVadilalGenHosp,Ahmedabad",DLO(NBEMS),NBE Diploma,"₹ 1,25,000.00",500,0,₹ 0.00,"₹ 75,600.00"
Andhra Pradesh,"Govt Dist Hosp,Vizianagaram",DLO(NBEMS),NBE Diploma,"₹ 1,25,000.00",300,0,₹ 0.00,"₹ 60,823.00"
Andhra Pradesh,"Govt Dist Hosp,Eluru",DLO(NBEMS),NBE Diploma,"₹ 1,25,000.00",450,0,₹ 0.00,"₹ 60,823.00"
Andhra Pradesh,"GovtDistHosp,Rajamahendravaram",DLO(NBEMS),NBE Diploma,"₹ 1,25,000.00",350,0,₹ 0.00,"₹ 60,823.00"
Chandigarh,"Govt MultSpec Hosp, Chandigarh",DLO(NBEMS),NBE Diploma,"₹ 1,25,000.00",500,0,₹ 0.00,"₹ 1,07,000.00"
Chhattisgarh,"PandurangRD DistHosp,Durg,CHTGH",DLO(NBEMS),NBE Diploma,"₹ 1,25,000.00",NA,0,₹ 0.00,"₹ 67,500.00"
Dadra and Nagar Haveli,"VinobaBhaveCivilHosp, Silvassa",DLO(NBEMS),NBE Diploma,"₹ 1,25,000.00",316,1,"₹ 10,00,000.00","₹ 35,000.00"
Delhi,"ESI Hospital, Jhilmil Shahdara",DLO(NBEMS),NBE Diploma,"₹ 1,25,000.00",300,1,"₹ 7,50,000.00","₹ 70,000.00"
Haryana,"BPS Med Coll, Sonepat",DLO(NBEMS),NBE Diploma,"₹ 1,25,000.00",550,0,₹ 0.00,"₹ 1,00,980.00"
Haryana,"District Civil Hospital, Hisar",DLO(NBEMS),NBE Diploma,"₹ 1,25,000.00",NA,0,₹ 0.00,"₹ 1,00,980.00"
Haryana,"Maharaja Agrasen MCHosp,Agroha",DLO(NBEMS),NBE Diploma,"₹ 1,25,000.00",541,0,₹ 0.00,"₹ 1,00,980.00"
Jammu and Kashmir,"Assoc Hosp Govt MC, Baramulla",DLO(NBEMS),NBE Diploma,"₹ 1,25,000.00",363,0,₹ 0.00,"₹ 59,500.00"
Jammu and Kashmir,"Govt Med Coll Hosp, Anantnag",DLO(NBEMS),NBE Diploma,"₹ 1,25,000.00",363,0,₹ 0.00,"₹ 59,500.00"
Jharkhand,"Tata Main Hospital, Jamshedpur",DLO(NBEMS),NBE Diploma,"₹ 1,25,000.00",915,0,₹ 0.00,"₹ 56,100.00"
Jharkhand,"Tata Motors Hosp, Jamshedpur",DLO(NBEMS),NBE Diploma,"₹ 1,25,000.00",404,0,₹ 0.00,"₹ 56,100.00"
Karnataka,"District Hospital, Ballari",DLO(NBEMS),NBE Diploma,"₹ 1,25,000.00",210,1,"₹ 20,00,000.00","₹ 45,000.00"
Karnataka,"District Hospital, Chitradurga",DLO(NBEMS),NBE Diploma,"₹ 1,25,000.00",450,1,"₹ 20,00,000.00","₹ 45,000.00"
Karnataka,"Dist Hosp, Navanagar Bagalkot",DLO(NBEMS),NBE Diploma,"₹ 1,25,000.00",250,1,"₹ 20,00,000.00","₹ 45,000.00"
Karnataka,"K C Gen Hospital, Bangalore",DLO(NBEMS),NBE Diploma,"₹ 1,25,000.00",453,1,"₹ 20,00,000.00","₹ 45,000.00"
Karnataka,"Taluk General Hospital,Byadagi",DLO(NBEMS),NBE Diploma,"₹ 1,25,000.00",NA,1,"₹ 20,00,000.00","₹ 45,000.00"
Kerala,"N S Memorial IMS, Thattamala",DLO(NBEMS),NBE Diploma,"₹ 1,25,000.00",NA,0,₹ 0.00,"₹ 57,876.00"
Madhya Pradesh,"District Hospital, Ujjain, MP",DLO(NBEMS),NBE Diploma,"₹ 1,25,000.00",700,3,"₹ 20,00,000.00","₹ 75,444.00"
Maharashtra,"Aditya Birla Mem Hosp, Pune",DLO(NBEMS),NBE Diploma,"₹ 1,25,000.00",500,0,₹ 0.00,"₹ 86,629.00"
Maharashtra,"PanjabraoDeshmukh MC, Amravati",DLO(NBEMS),NBE Diploma,"₹ 1,25,000.00",570,0,₹ 0.00,"₹ 76,429.00"
Maharashtra,"SethVCGandhi Mun Gen Hos,Mumbai",DLO(NBEMS),NBE Diploma,"₹ 1,25,000.00",596,0,₹ 0.00,"₹ 75,144.00"
Maharashtra,"HurkisondasNurrotumdas, Mumbai",DLO(NBEMS),NBE Diploma,"₹ 1,25,000.00",360,0,₹ 0.00,"₹ 94,000.00"
Manipur,"Shija Hosp, Imphal",DLO(NBEMS),NBE Diploma,"₹ 1,25,000.00",350,0,₹ 0.00,"₹ 50,000.00"
Odisha,"Bhima Bhoi Med Coll, Balangir",DLO(NBEMS),NBE Diploma,"₹ 1,25,000.00",NA,2,"₹ 34,78,000.00","₹ 70,868.00"
Odisha,"FakirMohanMed,Balasore,Odisha",DLO(NBEMS),NBE Diploma,"₹ 1,25,000.00",360,2,"₹ 34,78,000.00","₹ 70,868.00"
Odisha,"PanditRaghunathMurmu,Mayurbhanj",DLO(NBEMS),NBE Diploma,"₹ 1,25,000.00",563,2,"₹ 34,78,000.00","₹ 70,868.00"
Pondicherry,"IG GovtGenHosp&PGI,Pondicherry",DLO(NBEMS),NBE Diploma,"₹ 1,25,000.00",626,0,₹ 0.00,"₹ 43,000.00"
Rajasthan,"Govt General Hosp, Madhopur",DLO(NBEMS),NBE Diploma,"₹ 1,25,000.00",NA,0,₹ 0.00,"₹ 60,375.00"
Rajasthan,"Govt MedColl Hosp,RamasiyaPali",DLO(NBEMS),NBE Diploma,"₹ 1,25,000.00",NA,0,₹ 0.00,"₹ 60,375.00"
Rajasthan,"Govt Amrit Kaur Hosp, Ajmer",DLO(NBEMS),NBE Diploma,"₹ 1,25,000.00",NA,0,₹ 0.00,"₹ 60,375.00"
Rajasthan,"Govt BDK Hosp, Jhunjhunu",DLO(NBEMS),NBE Diploma,"₹ 1,25,000.00",NA,0,₹ 0.00,"₹ 60,375.00"
Rajasthan,"Govt DB Dist Hosp, Churu",DLO(NBEMS),NBE Diploma,"₹ 1,25,000.00",NA,0,₹ 0.00,"₹ 60,375.00"
Rajasthan,"Govt Dist Hosp, Sri Ganganagar",DLO(NBEMS),NBE Diploma,"₹ 1,25,000.00",NA,0,₹ 0.00,"₹ 60,375.00"
Rajasthan,"Govt Medical College, Rampura",DLO(NBEMS),NBE Diploma,"₹ 1,25,000.00",NA,0,₹ 0.00,"₹ 60,375.00"
Rajasthan,"Mahatma Gandhi Hosp, Bhilwara",DLO(NBEMS),NBE Diploma,"₹ 1,25,000.00",NA,0,₹ 0.00,"₹ 60,375.00"
Rajasthan,"Rajiv Gandhi Gen Hosp, Alwar",DLO(NBEMS),NBE Diploma,"₹ 1,25,000.00",NA,0,₹ 0.00,"₹ 60,375.00"
Rajasthan,"SK Govt Hosp, Sikar",DLO(NBEMS),NBE Diploma,"₹ 1,25,000.00",NA,0,₹ 0.00,"₹ 60,375.00"
Rajasthan,"SSG Govt Dist Hosp,Chittorgarh",DLO(NBEMS),NBE Diploma,"₹ 1,25,000.00",NA,0,₹ 0.00,"₹ 60,375.00"
Tamil Nadu,"GKNM Hospital, Coimbatore",DLO(NBEMS),NBE Diploma,"₹ 1,25,000.00",600,0,₹ 0.00,"₹ 52,451.00"
Tamil Nadu,"Gunam SS Hosp, Hosur",DLO(NBEMS),NBE Diploma,"₹ 1,25,000.00",NA,0,₹ 0.00,"₹ 42,000.00"
Tamil Nadu,"KG Hospital, Coimbatore",DLO(NBEMS),NBE Diploma,"₹ 1,25,000.00",250,0,₹ 0.00,"₹ 52,451.00"
Tamil Nadu,"Kauvery Hosp Med Serv, Hosur",DLO(NBEMS),NBE Diploma,"₹ 1,25,000.00",NA,0,₹ 0.00,"₹ 52,451.00"
Tamil Nadu,"KMC SpecHosp,Cantonment,Trichy",DLO(NBEMS),NBE Diploma,"₹ 1,25,000.00",175,0,₹ 0.00,"₹ 52,451.00"
West Bengal,Durgapur Steel Plant Hosp,DLO(NBEMS),NBE Diploma,"₹ 1,25,000.00",600,0,₹ 0.00,"₹ 49,884.00"
Uttar Pradesh,"MRA Med Coll, Ambedkar Nagar",DLO(NBEMS),NBE Diploma,"₹ 1,25,000.00",NA,0,₹ 0.00,"₹ 80,000.00"
Uttar Pradesh,"MaharajaSuhelDevMed,Bahraich,UP",DLO(NBEMS),NBE Diploma,"₹ 1,25,000.00",550,0,₹ 0.00,"₹ 80,000.00"
Uttar Pradesh,"Rani DurgavatiMedColl,Banda,UP",DLO(NBEMS),NBE Diploma,"₹ 1,25,000.00",430,0,₹ 0.00,"₹ 80,000.00"
Uttar Pradesh,"UrsalaHorsmanMemHosp, Kanpur",DLO(NBEMS),NBE Diploma,"₹ 1,25,000.00",550,0,₹ 0.00,"₹ 70,000.00"
Uttarakhand,"VCSG MedCollHosp,PauriGarhwal",DLO(NBEMS),NBE Diploma,"₹ 1,25,000.00",774,2,"₹ 2,50,00,000.00","₹ 76,600.00"
West Bengal,"DebenMahato(Sadar)Hosp,Purulia",DLO(NBEMS),NBE Diploma,"₹ 1,25,000.00",548,0,₹ 0.00,"₹ 49,884.00"
West Bengal,"District Hospital, Alipurduar",DLO(NBEMS),NBE Diploma,"₹ 1,25,000.00",402,0,₹ 0.00,"₹ 49,884.00"
West Bengal,"District Hospital, Darjeeling",DLO(NBEMS),NBE Diploma,"₹ 1,25,000.00",NA,0,₹ 0.00,"₹ 49,884.00"
West Bengal,"District Hospital, Howrah",DLO(NBEMS),NBE Diploma,"₹ 1,25,000.00",642,0,₹ 0.00,"₹ 49,884.00"
West Bengal,"Durgapur SD Hosp, Bidhannagar",DLO(NBEMS),NBE Diploma,"₹ 1,25,000.00",NA,0,₹ 0.00,"₹ 49,884.00"
West Bengal,"Habra State Gen Hosp, Habra",DLO(NBEMS),NBE Diploma,"₹ 1,25,000.00",NA,0,₹ 0.00,"₹ 49,884.00"
West Bengal,"Imambara Dist Hospital,Hooghly",DLO(NBEMS),NBE Diploma,"₹ 1,25,000.00",625,0,₹ 0.00,"₹ 49,884.00"
West Bengal,"Jangipur SD Hosp, Murshidabad",DLO(NBEMS),NBE Diploma,"₹ 1,25,000.00",NA,0,₹ 0.00,"₹ 49,884.00"
West Bengal,North 24 Parganas Dist Hosp,DLO(NBEMS),NBE Diploma,"₹ 1,25,000.00",600,0,₹ 0.00,"₹ 49,884.00"
West Bengal,"SouthEastRailwayHosp,Kolkata",DLO(NBEMS),NBE Diploma,"₹ 1,25,000.00",303,0,₹ 0.00,"₹ 1,04,857.00"
West Bengal,"Suri Sadar Hospital, Birbhum",DLO(NBEMS),NBE Diploma,"₹ 1,25,000.00",766,0,₹ 0.00,"₹ 49,884.00"
West Bengal,"Uttarpara StateGenHosp,Hooghly",DLO(NBEMS),NBE Diploma,"₹ 1,25,000.00",NA,0,₹ 0.00,"₹ 49,884.00"
Telangana,"SouthCentRailways,Secunderabad",DLO(NBEMS),NBE Diploma,"₹ 1,25,000.00",380,0,₹ 0.00,"₹ 72,000.00"
Maharashtra,"KJ Somaiya MedColl Hosp,Mumbai",DLO(NBEMS),NBE Diploma,"₹ 1,25,000.00",520,0,₹ 0.00,"₹ 86,629.00"
Tamil Nadu,"Dr Rangarajan Mem Hosp,Chennai",DLO(NBEMS),NBE Diploma,"₹ 1,25,000.00",176,0,₹ 0.00,"₹ 50,923.00"
Haryana,"Civil Hospital, Ambala Cantt",DLO(NBEMS),NBE Diploma,"₹ 1,25,000.00",NA,0,₹ 0.00,"₹ 1,00,980.00"
Andhra Pradesh,"District Hospital, Proddatur,AP",DLO(NBEMS),NBE Diploma,"₹ 1,25,000.00",NA,0,₹ 0.00,"₹ 60,823.00"
Maharashtra,"Pandit Madan MMS Hosp,Mumbai,MH",DLO(NBEMS),NBE Diploma,"₹ 1,25,000.00",210,0,₹ 0.00,"₹ 75,144.00"
Jammu and Kashmir,"District Hospital, Pulwama, JK",DLO(NBEMS),NBE Diploma,"₹ 1,25,000.00",200,0,₹ 0.00,"₹ 48,000.00"
Jammu and Kashmir,"District Hospital, Ganderbal,JK",DLO(NBEMS),NBE Diploma,"₹ 1,25,000.00",200,0,₹ 0.00,"₹ 48,000.00"
Andhra Pradesh,"Area Hospital, Gudiwada, AP",DFAM(NBEMS),NBE Diploma,"₹ 1,25,000.00",NA,0,₹ 0.00,"₹ 60,823.00"
Andhra Pradesh,"Govt Dist Hosp,Noonepalle",DFAM(NBEMS),NBE Diploma,"₹ 1,25,000.00",200,0,₹ 0.00,"₹ 60,823.00"
Andhra Pradesh,"RuralDevTrust,Bathalapalli,Anantapur",DFAM(NBEMS),NBE Diploma,"₹ 1,25,000.00",322,0,₹ 0.00,"₹ 50,686.00"
Assam,"Marwari Hospitals, Guwahati",DFAM(NBEMS),NBE Diploma,"₹ 1,25,000.00",NA,0,₹ 0.00,"₹ 55,200.00"
Bihar,"Central SS Hosp, Patna",DFAM(NBEMS),NBE Diploma,"₹ 1,25,000.00",NA,0,₹ 0.00,"₹ 82,000.00"
Chandigarh,"Govt MultSpec Hosp, Chandigarh",DFAM(NBEMS),NBE Diploma,"₹ 1,25,000.00",500,0,₹ 0.00,"₹ 1,07,000.00"
Chhattisgarh,"Central Hosp,Railway,Bilaspur",DFAM(NBEMS),NBE Diploma,"₹ 1,25,000.00",104,0,₹ 0.00,"₹ 67,500.00"
Chhattisgarh,"District Hosp, Pandri,CHTSRGH",DFAM(NBEMS),NBE Diploma,"₹ 1,25,000.00",NA,0,₹ 0.00,"₹ 67,500.00"
Chhattisgarh,"Jan Swasthya Sahyog, Bilaspur",DFAM(NBEMS),NBE Diploma,"₹ 1,25,000.00",100,0,₹ 0.00,"₹ 41,000.00"
Chhattisgarh,"MMI Narayana MultiSpec, Lalpur",DFAM(NBEMS),NBE Diploma,"₹ 1,25,000.00",215,0,₹ 0.00,"₹ 67,500.00"
Dadra and Nagar Haveli,"VinobaBhaveCivilHosp, Silvassa",DFAM(NBEMS),NBE Diploma,"₹ 1,25,000.00",316,1,"₹ 10,00,000.00","₹ 35,000.00"
Delhi,"Holy Family Hospital, Delhi",DFAM(NBEMS),NBE Diploma,"₹ 1,25,000.00",345,0,₹ 0.00,"₹ 82,000.00"
Jammu and Kashmir,"District Hospital, Kulgam",DFAM(NBEMS),NBE Diploma,"₹ 1,25,000.00",200,0,₹ 0.00,"₹ 48,000.00"
Delhi,"Venkateshwar Hospital, Delhi",DFAM(NBEMS),NBE Diploma,"₹ 1,25,000.00",250,0,₹ 0.00,"₹ 60,000.00"
Haryana,"BPS Med Coll, Sonepat",DFAM(NBEMS),NBE Diploma,"₹ 1,25,000.00",550,0,₹ 0.00,"₹ 1,00,980.00"
Haryana,"Civil Hospital, Sec-10,Gurugram",DFAM(NBEMS),NBE Diploma,"₹ 1,25,000.00",200,0,₹ 0.00,"₹ 1,00,980.00"
Haryana,"District Civil Hospital, Hisar",DFAM(NBEMS),NBE Diploma,"₹ 1,25,000.00",NA,0,₹ 0.00,"₹ 1,00,980.00"
Haryana,"FIMS Hospital, Sonipat",DFAM(NBEMS),NBE Diploma,"₹ 1,25,000.00",140,0,₹ 0.00,"₹ 56,000.00"
Haryana,"General Hospital, Panchkula",DFAM(NBEMS),NBE Diploma,"₹ 1,25,000.00",300,0,₹ 0.00,"₹ 1,00,980.00"
Haryana,"Kainos SS Hospital, Rohtak",DFAM(NBEMS),NBE Diploma,"₹ 1,25,000.00",100,0,₹ 0.00,"₹ 65,000.00"
Haryana,"Lala Harbhagwan Das, Panipat",DFAM(NBEMS),NBE Diploma,"₹ 1,25,000.00",140,0,₹ 0.00,"₹ 51,100.00"
Jammu and Kashmir,"Assoc Hosp Govt MC, Baramulla",DFAM(NBEMS),NBE Diploma,"₹ 1,25,000.00",363,0,₹ 0.00,"₹ 59,500.00"
Jammu and Kashmir,"District Hospital, Ganderbal,JK",DFAM(NBEMS),NBE Diploma,"₹ 1,25,000.00",200,0,₹ 0.00,"₹ 48,000.00"
Jammu and Kashmir,"Govt Med Coll Hosp, Anantnag",DFAM(NBEMS),NBE Diploma,"₹ 1,25,000.00",363,0,₹ 0.00,"₹ 59,500.00"
Jammu and Kashmir,"JLNM Hosp, Rainawari",DFAM(NBEMS),NBE Diploma,"₹ 1,25,000.00",200,0,₹ 0.00,"₹ 48,000.00"
Jammu and Kashmir,"Sher-I-Kashmir, Saura",DFAM(NBEMS),NBE Diploma,"₹ 1,25,000.00",785,0,₹ 0.00,"₹ 82,000.00"
Jharkhand,"Central Hospital, Dhanbad",DFAM(NBEMS),NBE Diploma,"₹ 1,25,000.00",395,0,₹ 0.00,"₹ 56,100.00"
Karnataka,"Aster CMI Hospital, Bangalore",DFAM(NBEMS),NBE Diploma,"₹ 1,25,000.00",350,0,₹ 0.00,"₹ 56,250.00"
Karnataka,"BaselMission CSIHosp,Gadag, KAR",DFAM(NBEMS),NBE Diploma,"₹ 1,25,000.00",130,0,₹ 0.00,"₹ 40,000.00"
Karnataka,"District Hospital, Ballari",DFAM(NBEMS),NBE Diploma,"₹ 1,25,000.00",210,1,"₹ 20,00,000.00","₹ 45,000.00"
Karnataka,"District Hospital, Chitradurga",DFAM(NBEMS),NBE Diploma,"₹ 1,25,000.00",450,1,"₹ 20,00,000.00","₹ 45,000.00"
Karnataka,"District Hospital, Dharwad",DFAM(NBEMS),NBE Diploma,"₹ 1,25,000.00",250,1,"₹ 20,00,000.00","₹ 45,000.00"
Karnataka,"District Hospital, Haveri",DFAM(NBEMS),NBE Diploma,"₹ 1,25,000.00",NA,1,"₹ 20,00,000.00","₹ 45,000.00"
Karnataka,"District Hospital, Tumakuru",DFAM(NBEMS),NBE Diploma,"₹ 1,25,000.00",400,1,"₹ 20,00,000.00","₹ 45,000.00"
Karnataka,"District Hospital, Vijayapura",DFAM(NBEMS),NBE Diploma,"₹ 1,25,000.00",426,1,"₹ 20,00,000.00","₹ 45,000.00"
Karnataka,"K C Gen Hospital, Bangalore",DFAM(NBEMS),NBE Diploma,"₹ 1,25,000.00",453,1,"₹ 20,00,000.00","₹ 45,000.00"
Karnataka,"Rangadore Mem Hosp, Bangalore",DFAM(NBEMS),NBE Diploma,"₹ 1,25,000.00",210,0,₹ 0.00,"₹ 45,000.00"
Karnataka,"SNR District Hospital, Kolar",DFAM(NBEMS),NBE Diploma,"₹ 1,25,000.00",550,1,"₹ 20,00,000.00","₹ 45,000.00"
Karnataka,"Narayana Hrudayalaya Hos,Bommasandra",DFAM(NBEMS),NBE Diploma,"₹ 1,25,000.00",210,0,₹ 0.00,"₹ 56,250.00"
Karnataka,"Trustwell Hospitals, Bangalore",DFAM(NBEMS),NBE Diploma,"₹ 1,25,000.00",NA,0,₹ 0.00,"₹ 35,000.00"
Karnataka,"Venugram Hospital, Belagavi,KAR",DFAM(NBEMS),NBE Diploma,"₹ 1,25,000.00",100,0,₹ 0.00,"₹ 56,250.00"
Karnataka,"NarayanaHrudyalaya,Bommasandra",DFAM(NBEMS),NBE Diploma,"₹ 1,25,000.00",2000,0,₹ 0.00,"₹ 56,250.00"
Kerala,"Ahalia DiabetesHosp,Kozhippara",DFAM(NBEMS),NBE Diploma,"₹ 1,25,000.00",NA,0,₹ 0.00,"₹ 57,876.00"
Kerala,"Medical Trust Hospital, Kochi",DFAM(NBEMS),NBE Diploma,"₹ 1,25,000.00",500,0,₹ 0.00,"₹ 57,876.00"
Madhya Pradesh,"Bansal Hospital, Shahpura",DFAM(NBEMS),NBE Diploma,"₹ 1,25,000.00",301,0,₹ 0.00,"₹ 65,000.00"
Madhya Pradesh,"Bhagyoday Tirth, Sagar, MP",DFAM(NBEMS),NBE Diploma,"₹ 1,25,000.00",308,0,₹ 0.00,"₹ 69,115.00"
Madhya Pradesh,"Bombay Hospital, Indore",DFAM(NBEMS),NBE Diploma,"₹ 1,25,000.00",350,0,₹ 0.00,"₹ 75,444.00"
Madhya Pradesh,"District Hospital, Sagar, MP",DFAM(NBEMS),NBE Diploma,"₹ 1,25,000.00",NA,3,"₹ 20,00,000.00","₹ 75,444.00"
Maharashtra,"Anand Rishiji Hosp, Ahmednagar",DFAM(NBEMS),NBE Diploma,"₹ 1,25,000.00",200,0,₹ 0.00,"₹ 51,000.00"
Maharashtra,"Bhaktivedanta Hosp, Thane",DFAM(NBEMS),NBE Diploma,"₹ 1,25,000.00",200,0,₹ 0.00,"₹ 82,769.00"
Maharashtra,"Bombay Hospital & IMS, Mumbai",DFAM(NBEMS),NBE Diploma,"₹ 1,25,000.00",734,0,₹ 0.00,"₹ 89,698.00"
Maharashtra,"Holy Family Hospital, Mumbai",DFAM(NBEMS),NBE Diploma,"₹ 1,25,000.00",268,0,₹ 0.00,"₹ 85,000.00"
Maharashtra,"JagjivanRamRailwayHosp, Mumbai",DFAM(NBEMS),NBE Diploma,"₹ 1,25,000.00",361,0,₹ 0.00,"₹ 95,358.00"
Maharashtra,"Sadhu Vaswani Missions, Pune",DFAM(NBEMS),NBE Diploma,"₹ 1,25,000.00",369,0,₹ 0.00,"₹ 90,000.00"
Odisha,"Bhima Bhoi Med Coll, Balangir",DFAM(NBEMS),NBE Diploma,"₹ 1,25,000.00",NA,2,"₹ 34,78,000.00","₹ 70,868.00"
Odisha,"Capital Hospital, Bhubaneswar",DFAM(NBEMS),NBE Diploma,"₹ 1,25,000.00",647,2,"₹ 34,78,000.00","₹ 70,868.00"
Odisha,"FakirMohanMed,Balasore,Odisha",DFAM(NBEMS),NBE Diploma,"₹ 1,25,000.00",360,2,"₹ 34,78,000.00","₹ 70,868.00"
Punjab,"Amandeep Hospital, Pathankot",DFAM(NBEMS),NBE Diploma,"₹ 1,25,000.00",110,0,₹ 0.00,"₹ 67,968.00"
Jammu and Kashmir,"Govt Hosp, Gandhi Nagar, JK",DFAM(NBEMS),NBE Diploma,"₹ 1,25,000.00",160,0,₹ 0.00,"₹ 48,000.00"
Rajasthan,"District Hospital, Baran",DFAM(NBEMS),NBE Diploma,"₹ 1,25,000.00",NA,0,₹ 0.00,"₹ 60,375.00"
Rajasthan,"District Hospital, Dholpur",DFAM(NBEMS),NBE Diploma,"₹ 1,25,000.00",NA,0,₹ 0.00,"₹ 60,375.00"
Rajasthan,"District Hospital, Pratapgarh",DFAM(NBEMS),NBE Diploma,"₹ 1,25,000.00",NA,0,₹ 0.00,"₹ 60,375.00"
Rajasthan,"General Hospital, Karauli",DFAM(NBEMS),NBE Diploma,"₹ 1,25,000.00",NA,0,₹ 0.00,"₹ 60,375.00"
Rajasthan,"Gheesibai Memorial, Ajmer",DFAM(NBEMS),NBE Diploma,"₹ 1,25,000.00",300,0,₹ 0.00,"₹ 55,200.00"
Rajasthan,"Govt District Hosp, Bundi",DFAM(NBEMS),NBE Diploma,"₹ 1,25,000.00",NA,0,₹ 0.00,"₹ 60,375.00"
Rajasthan,"Govt General Hosp, Madhopur",DFAM(NBEMS),NBE Diploma,"₹ 1,25,000.00",NA,0,₹ 0.00,"₹ 60,375.00"
Rajasthan,"Govt Hosp, Barmer",DFAM(NBEMS),NBE Diploma,"₹ 1,25,000.00",NA,0,₹ 0.00,"₹ 60,375.00"
Rajasthan,"Govt Med Coll Hosp, Dungarpur",DFAM(NBEMS),NBE Diploma,"₹ 1,25,000.00",NA,0,₹ 0.00,"₹ 60,375.00"
Rajasthan,"Govt MedColl Hosp,RamasiyaPali",DFAM(NBEMS),NBE Diploma,"₹ 1,25,000.00",NA,0,₹ 0.00,"₹ 60,375.00"
Rajasthan,"Govt BDK Hosp, Jhunjhunu",DFAM(NBEMS),NBE Diploma,"₹ 1,25,000.00",NA,0,₹ 0.00,"₹ 60,375.00"
Rajasthan,"Govt Dist Hosp, Sri Ganganagar",DFAM(NBEMS),NBE Diploma,"₹ 1,25,000.00",NA,0,₹ 0.00,"₹ 60,375.00"
Rajasthan,"Govt MG Dist Hosp, Banswara",DFAM(NBEMS),NBE Diploma,"₹ 1,25,000.00",NA,0,₹ 0.00,"₹ 60,375.00"
Rajasthan,"Govt Medical College, Rampura",DFAM(NBEMS),NBE Diploma,"₹ 1,25,000.00",NA,0,₹ 0.00,"₹ 60,375.00"
Rajasthan,"Mahatma Gandhi Hosp, Bhilwara",DFAM(NBEMS),NBE Diploma,"₹ 1,25,000.00",NA,0,₹ 0.00,"₹ 60,375.00"
Rajasthan,"Rajiv Gandhi Gen Hosp, Alwar",DFAM(NBEMS),NBE Diploma,"₹ 1,25,000.00",NA,0,₹ 0.00,"₹ 60,375.00"
Rajasthan,"SK Govt Hosp, Sikar",DFAM(NBEMS),NBE Diploma,"₹ 1,25,000.00",NA,0,₹ 0.00,"₹ 60,375.00"
Rajasthan,"Saket Hosp, Mansarovar, Jaipur",DFAM(NBEMS),NBE Diploma,"₹ 1,25,000.00",NA,0,₹ 0.00,"₹ 55,000.00"
Rajasthan,"SSG Govt Dist Hosp,Chittorgarh",DFAM(NBEMS),NBE Diploma,"₹ 1,25,000.00",NA,0,₹ 0.00,"₹ 60,375.00"
Tamil Nadu,"KMC SpecHosp,Cantonment,Trichy",DFAM(NBEMS),NBE Diploma,"₹ 1,25,000.00",175,0,₹ 0.00,"₹ 52,451.00"
Tamil Nadu,"MGM Health Care, Aminjikarai",DFAM(NBEMS),NBE Diploma,"₹ 1,25,000.00",NA,0,₹ 0.00,"₹ 52,451.00"
Tamil Nadu,"Vadamalayan Hospital, Madurai",DFAM(NBEMS),NBE Diploma,"₹ 1,25,000.00",200,0,₹ 0.00,"₹ 52,451.00"
Telangana,"Vijay Marie Hosp, Hyderabad",DFAM(NBEMS),NBE Diploma,"₹ 1,25,000.00",200,0,₹ 0.00,"₹ 50,686.00"
Tripura,"IGM Hospital, Agartala",DFAM(NBEMS),NBE Diploma,"₹ 1,25,000.00",NA,1,"₹ 15,00,000.00","₹ 42,000.00"
Uttar Pradesh,"AutonomousStateMC,Shahjahanpur",DFAM(NBEMS),NBE Diploma,"₹ 1,25,000.00",312,0,₹ 0.00,"₹ 80,000.00"
Uttar Pradesh,"Felix Hospital, Noida",DFAM(NBEMS),NBE Diploma,"₹ 1,25,000.00",NA,0,₹ 0.00,"₹ 65,000.00"
Uttar Pradesh,"Government Med Col, Azamgarh,UP",DFAM(NBEMS),NBE Diploma,"₹ 1,25,000.00",550,0,₹ 0.00,"₹ 80,000.00"
Uttar Pradesh,"MRA Med Coll, Ambedkar Nagar",DFAM(NBEMS),NBE Diploma,"₹ 1,25,000.00",NA,0,₹ 0.00,"₹ 80,000.00"
Uttar Pradesh,"MaharajaSuhelDevMed,Bahraich,UP",DFAM(NBEMS),NBE Diploma,"₹ 1,25,000.00",550,0,₹ 0.00,"₹ 80,000.00"
Jammu and Kashmir,"District Hospital,Udhampur, J&K",DFAM(NBEMS),NBE Diploma,"₹ 1,25,000.00",200,0,₹ 0.00,"₹ 48,000.00"
Uttar Pradesh,"Popular Medicare, Varanasi",DFAM(NBEMS),NBE Diploma,"₹ 1,25,000.00",450,0,₹ 0.00,"₹ 55,000.00"
Uttar Pradesh,"Pushpanjali Hosp & RC, Agra, UP",DFAM(NBEMS),NBE Diploma,"₹ 1,25,000.00",350,0,₹ 0.00,"₹ 56,100.00"
Uttar Pradesh,"Rani DurgavatiMedColl,Banda,UP",DFAM(NBEMS),NBE Diploma,"₹ 1,25,000.00",430,0,₹ 0.00,"₹ 80,000.00"
Uttar Pradesh,"Sumitra Hosp, Sec 35, Noida",DFAM(NBEMS),NBE Diploma,"₹ 1,25,000.00",100,0,₹ 0.00,"₹ 50,000.00"
West Bengal,"NarayanaMultiSpecHosp,Howrah,WB",DFAM(NBEMS),NBE Diploma,"₹ 1,25,000.00",400,0,₹ 0.00,"₹ 49,884.00"
West Bengal,"RN Tagore (Cardiac), Kolkata",DFAM(NBEMS),NBE Diploma,"₹ 1,25,000.00",681,0,₹ 0.00,"₹ 49,884.00"
Assam,"Haji Abdul Majid, Hojai, Assam",DFAM(NBEMS),NBE Diploma,"₹ 1,25,000.00",181,0,₹ 0.00,"₹ 35,000.00"
Karnataka,"Bangalore Baptist, Bangalore",DFAM(NBEMS),NBE Diploma,"₹ 1,25,000.00",340,0,₹ 0.00,"₹ 56,250.00"
Madhya Pradesh,"District Hospital, Ratlam, MP",DFAM(NBEMS),NBE Diploma,"₹ 1,25,000.00",NA,3,"₹ 20,00,000.00","₹ 75,444.00"
Maharashtra,"Govt Med Coll & Hosp, Alibag",DFAM(NBEMS),NBE Diploma,"₹ 1,25,000.00",NA,1,"₹ 50,00,000.00","₹ 75,144.00"
Tamil Nadu,"Erode Medical Centre, Erode, TN",DFAM(NBEMS),NBE Diploma,"₹ 1,25,000.00",100,0,₹ 0.00,"₹ 53,000.00"
Uttar Pradesh,"AsianVivekanandSSHosp,Moradabad",DFAM(NBEMS),NBE Diploma,"₹ 1,25,000.00",250,0,₹ 0.00,"₹ 58,100.00"
Andhra Pradesh,"Govt General Hosp, Madanapalle, AP",DFAM(NBEMS),NBE Diploma,"₹ 1,25,000.00",NA,0,₹ 0.00,"₹ 60,823.00"
Maharashtra,"P Hinduja Hosp, KharWest,Mumbai",DFAM(NBEMS),NBE Diploma,"₹ 1,25,000.00",NA,0,₹ 0.00,"₹ 89,700.00"
Maharashtra,"Hiranandani Hosp(Fortis), Vashi",DFAM(NBEMS),NBE Diploma,"₹ 1,25,000.00",150,0,₹ 0.00,"₹ 70,000.00"
Chhattisgarh,"Maharani Hospital, Jagdalpur",DGO(NBEMS),NBE Diploma,"₹ 1,25,000.00",NA,0,₹ 0.00,"₹ 67,500.00"
Uttar Pradesh,"Dist Women Hosp, Barabanki",DGO(NBEMS),NBE Diploma,"₹ 1,25,000.00",NA,0,₹ 0.00,"₹ 70,000.00"
Gujarat,"GMERS MedColl Hosp,Himmatnagar",DGO(NBEMS),NBE Diploma,"₹ 1,25,000.00",700,0,₹ 0.00,"₹ 75,600.00"
Gujarat,"GMERS MedColl Hosp,Mehsana",DGO(NBEMS),NBE Diploma,"₹ 1,25,000.00",NA,0,₹ 0.00,"₹ 75,600.00"
Gujarat,"GMERS Med Coll Hosp, Junagadh",DGO(NBEMS),NBE Diploma,"₹ 1,25,000.00",NA,0,₹ 0.00,"₹ 75,600.00"
Gujarat,"GMERS MedColl Hosp,Patan",DGO(NBEMS),NBE Diploma,"₹ 1,25,000.00",650,0,₹ 0.00,"₹ 75,600.00"
Gujarat,"GMERS MedColl Hosp,Valsad",DGO(NBEMS),NBE Diploma,"₹ 1,25,000.00",650,0,₹ 0.00,"₹ 75,600.00"
Gujarat,"Mahavir Hospital, Surendranagar, Gujarat",DGO(NBEMS),NBE Diploma,"₹ 1,25,000.00",NA,0,₹ 0.00,"₹ 35,000.00"
Andhra Pradesh,Area Hospital Sriikalahasthi,DGO(NBEMS),NBE Diploma,"₹ 1,25,000.00",NA,0,₹ 0.00,"₹ 60,823.00"
Andhra Pradesh,"Area Hospital, Gudur",DGO(NBEMS),NBE Diploma,"₹ 1,25,000.00",NA,0,₹ 0.00,"₹ 60,823.00"
Andhra Pradesh,"Area Hospital, Nagari",DGO(NBEMS),NBE Diploma,"₹ 1,25,000.00",NA,0,₹ 0.00,"₹ 60,823.00"
Andhra Pradesh,"Govt General Hosp, Madanapalle, AP",DGO(NBEMS),NBE Diploma,"₹ 1,25,000.00",NA,0,₹ 0.00,"₹ 60,823.00"
Andhra Pradesh,"District Hosp,Malkapatnam, AP",DGO(NBEMS),NBE Diploma,"₹ 1,25,000.00",553,0,₹ 0.00,"₹ 60,823.00"
Andhra Pradesh,"District Hospital, Proddatur,AP",DGO(NBEMS),NBE Diploma,"₹ 1,25,000.00",NA,0,₹ 0.00,"₹ 60,823.00"
Andhra Pradesh,"Dr Ramesh Cardiac Hosp, Guntur",DGO(NBEMS),NBE Diploma,"₹ 1,25,000.00",350,0,₹ 0.00,"₹ 60,823.00"
Andhra Pradesh,"GMR Varalakshmi, Srikakulam",DGO(NBEMS),NBE Diploma,"₹ 1,25,000.00",200,0,₹ 0.00,"₹ 50,686.00"
Andhra Pradesh,"Govt Dist Hosp,Vizianagaram",DGO(NBEMS),NBE Diploma,"₹ 1,25,000.00",300,0,₹ 0.00,"₹ 60,823.00"
Andhra Pradesh,"Govt Dist Hosp,Noonepalle",DGO(NBEMS),NBE Diploma,"₹ 1,25,000.00",200,0,₹ 0.00,"₹ 60,823.00"
Andhra Pradesh,"GovtDistHosp,Rajamahendravaram",DGO(NBEMS),NBE Diploma,"₹ 1,25,000.00",350,0,₹ 0.00,"₹ 60,823.00"
Andhra Pradesh,"Govt Dist Hosp,Anakapalli",DGO(NBEMS),NBE Diploma,"₹ 1,25,000.00",175,0,₹ 0.00,"₹ 60,823.00"
Andhra Pradesh,"Mydhili Hospital, Gudur",DGO(NBEMS),NBE Diploma,"₹ 1,25,000.00",100,0,₹ 0.00,"₹ 35,000.00"
Andhra Pradesh,"Rainbow Child,Vijayawada,BLR",DGO(NBEMS),NBE Diploma,"₹ 1,25,000.00",130,0,₹ 0.00,"₹ 60,823.00"
Andhra Pradesh,"Sanghamitra Hosp, Ongole, AP",DGO(NBEMS),NBE Diploma,"₹ 1,25,000.00",150,0,₹ 0.00,"₹ 60,823.00"
Andhra Pradesh,"St. Josephs Gen Hosp, Guntur",DGO(NBEMS),NBE Diploma,"₹ 1,25,000.00",NA,0,₹ 0.00,"₹ 60,823.00"
Andhra Pradesh,"District Hospital, Markapur, AP",DGO(NBEMS),NBE Diploma,"₹ 1,25,000.00",NA,0,₹ 0.00,"₹ 60,823.00"
Assam,"Down Town Hospital, Dispur",DGO(NBEMS),NBE Diploma,"₹ 1,25,000.00",300,0,₹ 0.00,"₹ 55,200.00"
Assam,"Marwari Hospitals, Guwahati",DGO(NBEMS),NBE Diploma,"₹ 1,25,000.00",NA,0,₹ 0.00,"₹ 55,200.00"
Bihar,"Central SS Hosp, Patna",DGO(NBEMS),NBE Diploma,"₹ 1,25,000.00",NA,0,₹ 0.00,"₹ 82,000.00"
Bihar,"Sadar Hospital, East Champaran",DGO(NBEMS),NBE Diploma,"₹ 1,25,000.00",NA,3,"₹ 25,00,000.00","₹ 82,000.00"
Chandigarh,"Govt MultSpec Hosp, Chandigarh",DGO(NBEMS),NBE Diploma,"₹ 1,25,000.00",500,0,₹ 0.00,"₹ 1,07,000.00"
Chhattisgarh,"Central Hosp,Railway,Bilaspur",DGO(NBEMS),NBE Diploma,"₹ 1,25,000.00",104,0,₹ 0.00,"₹ 67,500.00"
Chhattisgarh,"District Hosp, Pandri,CHTSRGH",DGO(NBEMS),NBE Diploma,"₹ 1,25,000.00",NA,0,₹ 0.00,"₹ 67,500.00"
Chhattisgarh,"District Hospital, Surajpur",DGO(NBEMS),NBE Diploma,"₹ 1,25,000.00",NA,0,₹ 0.00,"₹ 67,500.00"
Chhattisgarh,"Govt Med Coll, Jagdalpur",DGO(NBEMS),NBE Diploma,"₹ 1,25,000.00",500,0,₹ 0.00,"₹ 67,500.00"
Chhattisgarh,"PandurangRD DistHosp,Durg,CHTGH",DGO(NBEMS),NBE Diploma,"₹ 1,25,000.00",NA,0,₹ 0.00,"₹ 67,500.00"
Dadra and Nagar Haveli,"VinobaBhaveCivilHosp, Silvassa",DGO(NBEMS),NBE Diploma,"₹ 1,25,000.00",316,1,"₹ 10,00,000.00","₹ 35,000.00"
Delhi,"BM Gupta Hospital, Delhi",DGO(NBEMS),NBE Diploma,"₹ 1,25,000.00",100,0,₹ 0.00,"₹ 65,000.00"
Delhi,"ESI Hospital, Jhilmil Shahdara",DGO(NBEMS),NBE Diploma,"₹ 1,25,000.00",300,1,"₹ 7,50,000.00","₹ 70,000.00"
Delhi,"GuruGobindSingh Govt Hosp,Delhi",DGO(NBEMS),NBE Diploma,"₹ 1,25,000.00",100,0,₹ 0.00,"₹ 1,26,927.00"
Delhi,"Lal Bahadur Shastri Hosp,Delhi",DGO(NBEMS),NBE Diploma,"₹ 1,25,000.00",NA,0,₹ 0.00,"₹ 1,26,927.00"
Delhi,"MadhukarRainbowChildHosp,Delhi",DGO(NBEMS),NBE Diploma,"₹ 1,25,000.00",133,0,₹ 0.00,"₹ 70,000.00"
Delhi,"Shri Dada DevMatriAvum, Dabri",DGO(NBEMS),NBE Diploma,"₹ 1,25,000.00",106,0,₹ 0.00,"₹ 1,26,927.00"
Delhi,"St Stephen's Hospital, Delhi",DGO(NBEMS),NBE Diploma,"₹ 1,25,000.00",595,0,₹ 0.00,"₹ 63,000.00"
Delhi,"Swami Dayanand Hospital, Delhi",DGO(NBEMS),NBE Diploma,"₹ 1,25,000.00",370,0,₹ 0.00,"₹ 1,35,264.00"
Goa,"North Dist Asilo Hosp, Mapusa",DGO(NBEMS),NBE Diploma,"₹ 1,25,000.00",240,1,"₹ 10,00,000.00","₹ 60,000.00"
Haryana,"Al-Aafia CivilHosp,Nuh,Haryana",DGO(NBEMS),NBE Diploma,"₹ 1,25,000.00",NA,0,₹ 0.00,"₹ 1,00,980.00"
Haryana,"BPS Med Coll, Sonepat",DGO(NBEMS),NBE Diploma,"₹ 1,25,000.00",550,0,₹ 0.00,"₹ 1,00,980.00"
Haryana,"Civil Hospital, Faridabad",DGO(NBEMS),NBE Diploma,"₹ 1,25,000.00",200,0,₹ 0.00,"₹ 1,00,980.00"
Haryana,"Civil Hospital, Rohtak",DGO(NBEMS),NBE Diploma,"₹ 1,25,000.00",NA,0,₹ 0.00,"₹ 1,00,980.00"
Haryana,"Delhi Hospital, Jhajjar",DGO(NBEMS),NBE Diploma,"₹ 1,25,000.00",NA,0,₹ 0.00,"₹ 40,000.00"
Haryana,"Gaba Hosp,YamunaNagar, Haryana",DGO(NBEMS),NBE Diploma,"₹ 1,25,000.00",100,0,₹ 0.00,"₹ 35,000.00"
Haryana,"General Hospital, Panipat",DGO(NBEMS),NBE Diploma,"₹ 1,25,000.00",NA,0,₹ 0.00,"₹ 1,00,980.00"
Haryana,"General Hospital, Panchkula",DGO(NBEMS),NBE Diploma,"₹ 1,25,000.00",300,0,₹ 0.00,"₹ 1,00,980.00"
Haryana,"Maharaja Agrasen MCHosp,Agroha",DGO(NBEMS),NBE Diploma,"₹ 1,25,000.00",541,0,₹ 0.00,"₹ 1,00,980.00"
Haryana,"SHKM Gov Med Coll, Nuh",DGO(NBEMS),NBE Diploma,"₹ 1,25,000.00",647,0,₹ 0.00,"₹ 1,00,980.00"
Jammu and Kashmir,"Assoc Hosp Govt MC, Baramulla",DGO(NBEMS),NBE Diploma,"₹ 1,25,000.00",363,0,₹ 0.00,"₹ 59,500.00"
Jammu and Kashmir,"District Hospital, Ganderbal,JK",DGO(NBEMS),NBE Diploma,"₹ 1,25,000.00",200,0,₹ 0.00,"₹ 48,000.00"
Jammu and Kashmir,"Govt Med Coll Hosp, Anantnag",DGO(NBEMS),NBE Diploma,"₹ 1,25,000.00",363,0,₹ 0.00,"₹ 59,500.00"
Jammu and Kashmir,"Govt Med Coll Hosp, Rajouri",DGO(NBEMS),NBE Diploma,"₹ 1,25,000.00",300,0,₹ 0.00,"₹ 59,500.00"
Jammu and Kashmir,"JLNM Hosp, Rainawari",DGO(NBEMS),NBE Diploma,"₹ 1,25,000.00",200,0,₹ 0.00,"₹ 48,000.00"
Jammu and Kashmir,"SDH Kupwara, Kupwara",DGO(NBEMS),NBE Diploma,"₹ 1,25,000.00",200,0,₹ 0.00,"₹ 48,000.00"
Karnataka,"AralaguppeMallegowda,Chikmaglr",DGO(NBEMS),NBE Diploma,"₹ 1,25,000.00",NA,1,"₹ 20,00,000.00","₹ 45,000.00"
Karnataka,"Aster CMI Hospital, Bangalore",DGO(NBEMS),NBE Diploma,"₹ 1,25,000.00",350,0,₹ 0.00,"₹ 56,250.00"
Karnataka,"CSI Holdsworth, Mysore",DGO(NBEMS),NBE Diploma,"₹ 1,25,000.00",280,0,₹ 0.00,"₹ 45,000.00"
Karnataka,"Cauvery Heart Hosp, Mysore",DGO(NBEMS),NBE Diploma,"₹ 1,25,000.00",200,0,₹ 0.00,"₹ 45,000.00"
Karnataka,"Chinmaya Mission, Bangalore",DGO(NBEMS),NBE Diploma,"₹ 1,25,000.00",200,0,₹ 0.00,"₹ 45,000.00"
Karnataka,"District Hospital, Ballari",DGO(NBEMS),NBE Diploma,"₹ 1,25,000.00",210,1,"₹ 20,00,000.00","₹ 45,000.00"
Karnataka,"District Hospital, Dharwad",DGO(NBEMS),NBE Diploma,"₹ 1,25,000.00",250,1,"₹ 20,00,000.00","₹ 45,000.00"
Karnataka,"District Hospital, Haveri",DGO(NBEMS),NBE Diploma,"₹ 1,25,000.00",NA,1,"₹ 20,00,000.00","₹ 45,000.00"
Karnataka,"Dist Hosp, Navanagar Bagalkot",DGO(NBEMS),NBE Diploma,"₹ 1,25,000.00",250,1,"₹ 20,00,000.00","₹ 45,000.00"
Karnataka,"District Hospital, Tumakuru",DGO(NBEMS),NBE Diploma,"₹ 1,25,000.00",400,1,"₹ 20,00,000.00","₹ 45,000.00"
Karnataka,"District Hospital, Vijayapura",DGO(NBEMS),NBE Diploma,"₹ 1,25,000.00",426,1,"₹ 20,00,000.00","₹ 45,000.00"
Karnataka,"General Hosp, Chintamani, KAR",DGO(NBEMS),NBE Diploma,"₹ 1,25,000.00",NA,1,"₹ 20,00,000.00","₹ 45,000.00"
Karnataka,"General Hospital, Gokak,Belgaum",DGO(NBEMS),NBE Diploma,"₹ 1,25,000.00",75,1,"₹ 20,00,000.00","₹ 45,000.00"
Karnataka,"General Hospital, Hassan",DGO(NBEMS),NBE Diploma,"₹ 1,25,000.00",NA,1,"₹ 20,00,000.00","₹ 45,000.00"
Karnataka,"General Hosp, Shikaripura",DGO(NBEMS),NBE Diploma,"₹ 1,25,000.00",NA,1,"₹ 20,00,000.00","₹ 45,000.00"
Karnataka,"Hindustan Aero Hosp, Bangalore",DGO(NBEMS),NBE Diploma,"₹ 1,25,000.00",218,0,₹ 0.00,"₹ 35,000.00"
Karnataka,"K C Gen Hospital, Bangalore",DGO(NBEMS),NBE Diploma,"₹ 1,25,000.00",453,1,"₹ 20,00,000.00","₹ 45,000.00"
Karnataka,"Manipal Hosp, Whitefield, BLR",DGO(NBEMS),NBE Diploma,"₹ 1,25,000.00",287,0,₹ 0.00,"₹ 56,250.00"
Karnataka,"Sarji Hospital, Shimoga",DGO(NBEMS),NBE Diploma,"₹ 1,25,000.00",120,0,₹ 0.00,"₹ 45,000.00"
Karnataka,"Sir CVRaman Gen Hos, Bangalore",DGO(NBEMS),NBE Diploma,"₹ 1,25,000.00",NA,1,"₹ 20,00,000.00","₹ 45,000.00"
Karnataka,"SNR District Hospital, Kolar",DGO(NBEMS),NBE Diploma,"₹ 1,25,000.00",550,1,"₹ 20,00,000.00","₹ 45,000.00"
Karnataka,"South Western Railway,Hubballi",DGO(NBEMS),NBE Diploma,"₹ 1,25,000.00",133,0,₹ 0.00,"₹ 45,000.00"
Karnataka,"Sri Sathya Sai, Chikkaballapura",DGO(NBEMS),NBE Diploma,"₹ 1,25,000.00",300,0,₹ 0.00,"₹ 45,000.00"
Karnataka,"Sub Division Hosp, Gangavathi",DGO(NBEMS),NBE Diploma,"₹ 1,25,000.00",130,1,"₹ 20,00,000.00","₹ 45,000.00"
Karnataka,"Taluka General Hosp, Belagavi",DGO(NBEMS),NBE Diploma,"₹ 1,25,000.00",NA,1,"₹ 20,00,000.00","₹ 45,000.00"
Karnataka,"Taluka Gen Hosp, Ramdurg",DGO(NBEMS),NBE Diploma,"₹ 1,25,000.00",NA,1,"₹ 20,00,000.00","₹ 45,000.00"
Karnataka,"District Hosp, Chikkaballapur",DGO(NBEMS),NBE Diploma,"₹ 1,25,000.00",300,1,"₹ 20,00,000.00","₹ 45,000.00"
Kerala,"Almadeena IMS, Malappuram",DGO(NBEMS),NBE Diploma,"₹ 1,25,000.00",230,0,₹ 0.00,"₹ 57,750.00"
Kerala,"Ananthapuri Hosp, Trivandrum",DGO(NBEMS),NBE Diploma,"₹ 1,25,000.00",400,0,₹ 0.00,"₹ 57,876.00"
Kerala,"Baby Memorial, Kozhikode",DGO(NBEMS),NBE Diploma,"₹ 1,25,000.00",600,0,₹ 0.00,"₹ 57,876.00"
Kerala,"Bharath Hosp, Kottayam, Kerala",DGO(NBEMS),NBE Diploma,"₹ 1,25,000.00",175,0,₹ 0.00,"₹ 57,876.00"
Kerala,"IQRAA Hospital, Wayanad, Kerala",DGO(NBEMS),NBE Diploma,"₹ 1,25,000.00",430,0,₹ 0.00,"₹ 55,120.00"
Kerala,"Life line SS Hosp, Adoor",DGO(NBEMS),NBE Diploma,"₹ 1,25,000.00",140,0,₹ 0.00,"₹ 57,876.00"
Kerala,"Malabar Inst of MS, Kannur",DGO(NBEMS),NBE Diploma,"₹ 1,25,000.00",302,0,₹ 0.00,"₹ 57,876.00"
Kerala,"N S Memorial IMS, Thattamala",DGO(NBEMS),NBE Diploma,"₹ 1,25,000.00",NA,0,₹ 0.00,"₹ 57,876.00"
Kerala,"NIMS Medicity, Trivandrum",DGO(NBEMS),NBE Diploma,"₹ 1,25,000.00",350,0,₹ 0.00,"₹ 42,000.00"
Kerala,"Starcare Hospital, Kozhikode",DGO(NBEMS),NBE Diploma,"₹ 1,25,000.00",169,0,₹ 0.00,"₹ 60,000.00"
Kerala,"Valluvanad Hosp, Ottapalam",DGO(NBEMS),NBE Diploma,"₹ 1,25,000.00",205,0,₹ 0.00,"₹ 57,876.00"
Kerala,"Malabar InstofMed Sci,Kottakkal",DGO(NBEMS),NBE Diploma,"₹ 1,25,000.00",NA,0,₹ 0.00,"₹ 51,000.00"
Madhya Pradesh,"District Hospital, Gwalior, MP",DGO(NBEMS),NBE Diploma,"₹ 1,25,000.00",200,3,"₹ 20,00,000.00","₹ 75,444.00"
Madhya Pradesh,"District Hospital, Ujjain, MP",DGO(NBEMS),NBE Diploma,"₹ 1,25,000.00",700,3,"₹ 20,00,000.00","₹ 75,444.00"
Madhya Pradesh,"Jabalpur Hosp & Res Center, MP",DGO(NBEMS),NBE Diploma,"₹ 1,25,000.00",300,0,₹ 0.00,"₹ 45,000.00"
Madhya Pradesh,"SVB Patel District Hosp, Satna",DGO(NBEMS),NBE Diploma,"₹ 1,25,000.00",NA,3,"₹ 20,00,000.00","₹ 75,444.00"
Madhya Pradesh,"District Hospital, Morena, MP",DGO(NBEMS),NBE Diploma,"₹ 1,25,000.00",450,3,"₹ 20,00,000.00","₹ 75,444.00"
Madhya Pradesh,"SM Scindia Dist Hosp, Vidisha",DGO(NBEMS),NBE Diploma,"₹ 1,25,000.00",NA,3,"₹ 20,00,000.00","₹ 75,444.00"
Maharashtra,"Aditya Birla Mem Hosp, Pune",DGO(NBEMS),NBE Diploma,"₹ 1,25,000.00",500,0,₹ 0.00,"₹ 86,629.00"
Maharashtra,"Anand Hospital, Vaijapur, MH",DGO(NBEMS),NBE Diploma,"₹ 1,25,000.00",NA,0,₹ 0.00,"₹ 35,000.00"
Maharashtra,"BARC Hosp, Mumbai",DGO(NBEMS),NBE Diploma,"₹ 1,25,000.00",390,0,₹ 0.00,"₹ 96,000.00"
Maharashtra,"Daga Mem Women Hosp, Nagpur",DGO(NBEMS),NBE Diploma,"₹ 1,25,000.00",NA,1,"₹ 50,00,000.00","₹ 75,144.00"
Maharashtra,"District Hosp (Women), Akola",DGO(NBEMS),NBE Diploma,"₹ 1,25,000.00",NA,1,"₹ 50,00,000.00","₹ 75,144.00"
Maharashtra,"District Hospital, Beed, MH",DGO(NBEMS),NBE Diploma,"₹ 1,25,000.00",NA,1,"₹ 50,00,000.00","₹ 75,144.00"
Maharashtra,"District Hospital, Bhandara, MH",DGO(NBEMS),NBE Diploma,"₹ 1,25,000.00",500,1,"₹ 50,00,000.00","₹ 75,144.00"
Maharashtra,"Dr AmbedkarCentRlwyHosp, MUM",DGO(NBEMS),NBE Diploma,"₹ 1,25,000.00",366,0,₹ 0.00,"₹ 95,358.00"
Maharashtra,"Dr RN Cooper Gen Hosp, Mumbai",DGO(NBEMS),NBE Diploma,"₹ 1,25,000.00",940,NA,NA,"₹ 75,144.00"
Maharashtra,"Endoworld Hospital, Aurangabad",DGO(NBEMS),NBE Diploma,"₹ 1,25,000.00",100,0,₹ 0.00,"₹ 35,000.00"
Maharashtra,"Holy Family Hospital, Mumbai",DGO(NBEMS),NBE Diploma,"₹ 1,25,000.00",268,0,₹ 0.00,"₹ 85,000.00"
Maharashtra,"Khan Bahadur Bhabha Hosp,Mumbai",DGO(NBEMS),NBE Diploma,"₹ 1,25,000.00",336,0,₹ 0.00,"₹ 75,144.00"
Maharashtra,"Manik Hospital, Aurangabad",DGO(NBEMS),NBE Diploma,"₹ 1,25,000.00",NA,0,₹ 0.00,"₹ 52,700.00"
Maharashtra,"Medicare MultspecHosp,Yavatmal",DGO(NBEMS),NBE Diploma,"₹ 1,25,000.00",150,0,₹ 0.00,"₹ 35,000.00"
Maharashtra,"Pandit Madan MMS Hosp,Mumbai,MH",DGO(NBEMS),NBE Diploma,"₹ 1,25,000.00",210,0,₹ 0.00,"₹ 75,144.00"
Maharashtra,"SuryaChildren'sMedicare,Mumbai",DGO(NBEMS),NBE Diploma,"₹ 1,25,000.00",200,0,₹ 0.00,"₹ 89,698.00"
Maharashtra,"Surya Mother&Child SSHosp,Pune",DGO(NBEMS),NBE Diploma,"₹ 1,25,000.00",110,0,₹ 0.00,"₹ 80,000.00"
Maharashtra,"VN Desai Mun Gen Hosp, Mumbai",DGO(NBEMS),NBE Diploma,"₹ 1,25,000.00",276,0,₹ 0.00,"₹ 80,757.00"
Maharashtra,"WomenHosp,Osmanabad,Maharashtra",DGO(NBEMS),NBE Diploma,"₹ 1,25,000.00",NA,1,"₹ 50,00,000.00","₹ 75,144.00"
Meghalaya,"Woodland Hosp, Malki, Shillong",DGO(NBEMS),NBE Diploma,"₹ 1,25,000.00",160,0,₹ 0.00,"₹ 35,000.00"
Nagaland,"Christian IHSR, Dimapur",DGO(NBEMS),NBE Diploma,"₹ 1,25,000.00",200,0,₹ 0.00,"₹ 35,000.00"
Nagaland,"Naga Hospital Authority, Kohima",DGO(NBEMS),NBE Diploma,"₹ 1,25,000.00",300,NA,NA,"₹ 35,000.00"
Odisha,"Capital Hospital, Bhubaneswar",DGO(NBEMS),NBE Diploma,"₹ 1,25,000.00",647,2,"₹ 34,78,000.00","₹ 70,868.00"
Odisha,"FakirMohanMed,Balasore,Odisha",DGO(NBEMS),NBE Diploma,"₹ 1,25,000.00",360,2,"₹ 34,78,000.00","₹ 70,868.00"
Odisha,"Ispat Gen Hospital, Rourkela",DGO(NBEMS),NBE Diploma,"₹ 1,25,000.00",600,0,₹ 0.00,"₹ 70,868.00"
Odisha,"JaiprakashHosp,Rourkela,Odisha",DGO(NBEMS),NBE Diploma,"₹ 1,25,000.00",307,0,₹ 0.00,"₹ 90,000.00"
Odisha,"PanditRaghunathMurmu,Mayurbhanj",DGO(NBEMS),NBE Diploma,"₹ 1,25,000.00",563,2,"₹ 34,78,000.00","₹ 70,868.00"
Odisha,"Rourkela Govt Hospital,Rourkela",DGO(NBEMS),NBE Diploma,"₹ 1,25,000.00",NA,0,₹ 0.00,"₹ 70,868.00"
Pondicherry,"RG Govt Wom&Child,Pondicherry",DGO(NBEMS),NBE Diploma,"₹ 1,25,000.00",700,0,₹ 0.00,"₹ 43,000.00"
Punjab,"Amandeep Hospital, Pathankot",DGO(NBEMS),NBE Diploma,"₹ 1,25,000.00",110,0,₹ 0.00,"₹ 67,968.00"
Punjab,"Civil Hospital, Barnala, Punjab",DGO(NBEMS),NBE Diploma,"₹ 1,25,000.00",160,1,"₹ 10,00,000.00","₹ 50,190.00"
Punjab,"Civil Hospital, Gurdaspur, Punjab",DGO(NBEMS),NBE Diploma,"₹ 1,25,000.00",110,1,"₹ 10,00,000.00","₹ 50,190.00"
Punjab,"ESI Hosp, Ludhiana",DGO(NBEMS),NBE Diploma,"₹ 1,25,000.00",NA,1,"₹ 7,50,000.00","₹ 70,000.00"
Punjab,"Hartej Hospital,Amritsar,Punjab",DGO(NBEMS),NBE Diploma,"₹ 1,25,000.00",100,0,₹ 0.00,"₹ 68,000.00"
Punjab,"JBMM Dist Hospital, Amritsar",DGO(NBEMS),NBE Diploma,"₹ 1,25,000.00",200,1,"₹ 10,00,000.00","₹ 50,190.00"
Punjab,"Lord MahavirCivilHosp,Ludhiana",DGO(NBEMS),NBE Diploma,"₹ 1,25,000.00",250,1,"₹ 10,00,000.00","₹ 50,190.00"
Punjab,"Mohandai Oswal Hosp, Ludhiana",DGO(NBEMS),NBE Diploma,"₹ 1,25,000.00",300,0,₹ 0.00,"₹ 67,968.00"
Punjab,"SBLS Civil Hospital, Jalandhar",DGO(NBEMS),NBE Diploma,"₹ 1,25,000.00",470,1,"₹ 10,00,000.00","₹ 50,190.00"
Punjab,"Civil Hospital,Pathankot,Punjab",DGO(NBEMS),NBE Diploma,"₹ 1,25,000.00",NA,1,"₹ 10,00,000.00","₹ 50,190.00"
Rajasthan,"Bhandari Hosp ResCen, Jaipur",DGO(NBEMS),NBE Diploma,"₹ 1,25,000.00",150,0,₹ 0.00,"₹ 40,250.00"
Rajasthan,"Central Hospital, Jaipur",DGO(NBEMS),NBE Diploma,"₹ 1,25,000.00",150,0,₹ 0.00,"₹ 60,375.00"
Rajasthan,"District Hospital, Baran",DGO(NBEMS),NBE Diploma,"₹ 1,25,000.00",NA,0,₹ 0.00,"₹ 60,375.00"
Rajasthan,"District Hospital, Dholpur",DGO(NBEMS),NBE Diploma,"₹ 1,25,000.00",NA,0,₹ 0.00,"₹ 60,375.00"
Rajasthan,"District Hospital, Sirohi",DGO(NBEMS),NBE Diploma,"₹ 1,25,000.00",NA,0,₹ 0.00,"₹ 60,375.00"
Rajasthan,"General Hospital, Jalore",DGO(NBEMS),NBE Diploma,"₹ 1,25,000.00",NA,0,₹ 0.00,"₹ 60,375.00"
Rajasthan,"Govt District Hosp, Bundi",DGO(NBEMS),NBE Diploma,"₹ 1,25,000.00",NA,0,₹ 0.00,"₹ 60,375.00"
Rajasthan,"Govt General Hosp, Madhopur",DGO(NBEMS),NBE Diploma,"₹ 1,25,000.00",NA,0,₹ 0.00,"₹ 60,375.00"
Rajasthan,"Govt Hosp, Barmer",DGO(NBEMS),NBE Diploma,"₹ 1,25,000.00",NA,0,₹ 0.00,"₹ 60,375.00"
Rajasthan,"Govt Med Coll Hosp, Dungarpur",DGO(NBEMS),NBE Diploma,"₹ 1,25,000.00",NA,0,₹ 0.00,"₹ 60,375.00"
Rajasthan,"Govt MedColl Hosp,RamasiyaPali",DGO(NBEMS),NBE Diploma,"₹ 1,25,000.00",NA,0,₹ 0.00,"₹ 60,375.00"
Rajasthan,"Govt BDK Hosp, Jhunjhunu",DGO(NBEMS),NBE Diploma,"₹ 1,25,000.00",NA,0,₹ 0.00,"₹ 60,375.00"
Rajasthan,"Govt DB Dist Hosp, Churu",DGO(NBEMS),NBE Diploma,"₹ 1,25,000.00",NA,0,₹ 0.00,"₹ 60,375.00"
Rajasthan,"Govt Dist Saadat Hosp, Tonk",DGO(NBEMS),NBE Diploma,"₹ 1,25,000.00",NA,0,₹ 0.00,"₹ 60,375.00"
Rajasthan,"Govt Medical College, Rampura",DGO(NBEMS),NBE Diploma,"₹ 1,25,000.00",NA,0,₹ 0.00,"₹ 60,375.00"
Rajasthan,"Gurukripa Hospital, Sikar",DGO(NBEMS),NBE Diploma,"₹ 1,25,000.00",NA,0,₹ 0.00,"₹ 50,000.00"
Rajasthan,"JLN Govt Hosp, Nagaur",DGO(NBEMS),NBE Diploma,"₹ 1,25,000.00",NA,0,₹ 0.00,"₹ 60,375.00"
Rajasthan,"Magnus Hosp, Bhuwana, Udaipur",DGO(NBEMS),NBE Diploma,"₹ 1,25,000.00",NA,0,₹ 0.00,"₹ 35,000.00"
Jammu and Kashmir,"Sub District Hosp, Sopore, JK",DGO(NBEMS),NBE Diploma,"₹ 1,25,000.00",200,0,₹ 0.00,"₹ 48,000.00"
Rajasthan,"Mahatma Gandhi Hosp, Bhilwara",DGO(NBEMS),NBE Diploma,"₹ 1,25,000.00",NA,0,₹ 0.00,"₹ 60,375.00"
Rajasthan,"Raj Jindal Hosp, Bharatpur, RAJ",DGO(NBEMS),NBE Diploma,"₹ 1,25,000.00",100,0,₹ 0.00,"₹ 52,000.00"
Rajasthan,"SK Govt Hosp, Sikar",DGO(NBEMS),NBE Diploma,"₹ 1,25,000.00",NA,0,₹ 0.00,"₹ 60,375.00"
Rajasthan,"Saket Hosp, Mansarovar, Jaipur",DGO(NBEMS),NBE Diploma,"₹ 1,25,000.00",NA,0,₹ 0.00,"₹ 55,000.00"
Tamil Nadu,"Apollo KH Hosp, Melvisharam",DGO(NBEMS),NBE Diploma,"₹ 1,25,000.00",100,0,₹ 0.00,"₹ 50,000.00"
Tamil Nadu,"CSI MissionHosp,Kanyakumari, TN",DGO(NBEMS),NBE Diploma,"₹ 1,25,000.00",412,0,₹ 0.00,"₹ 52,000.00"
Tamil Nadu,"Dharan Hospital, Salem",DGO(NBEMS),NBE Diploma,"₹ 1,25,000.00",300,0,₹ 0.00,"₹ 52,451.00"
Tamil Nadu,"Dr Kamakshi Mem, Chennai",DGO(NBEMS),NBE Diploma,"₹ 1,25,000.00",220,0,₹ 0.00,"₹ 52,451.00"
Tamil Nadu,"Govt HQ Hosp, Cuddalore",DGO(NBEMS),NBE Diploma,"₹ 1,25,000.00",750,2,"₹ 20,00,000.00","₹ 52,451.00"
Tamil Nadu,"Govt HQ Hosp, Dindigul",DGO(NBEMS),NBE Diploma,"₹ 1,25,000.00",645,2,"₹ 20,00,000.00","₹ 52,451.00"
Tamil Nadu,"Govt HQ Hosp, Erode",DGO(NBEMS),NBE Diploma,"₹ 1,25,000.00",608,2,"₹ 20,00,000.00","₹ 52,451.00"
Tamil Nadu,"Govt HQ Hosp,Kancheepuram",DGO(NBEMS),NBE Diploma,"₹ 1,25,000.00",543,2,"₹ 20,00,000.00","₹ 52,451.00"
Tamil Nadu,"Govt HQ Hosp, Kovilpatti",DGO(NBEMS),NBE Diploma,"₹ 1,25,000.00",413,2,"₹ 20,00,000.00","₹ 52,451.00"
Tamil Nadu,"Govt HQ Hosp, Perambalur",DGO(NBEMS),NBE Diploma,"₹ 1,25,000.00",NA,2,"₹ 20,00,000.00","₹ 52,451.00"
Tamil Nadu,"Govt HQ Hosp, Virudhunagar",DGO(NBEMS),NBE Diploma,"₹ 1,25,000.00",326,2,"₹ 20,00,000.00","₹ 52,451.00"
Tamil Nadu,"Govt HQ Hosp, Pollachi",DGO(NBEMS),NBE Diploma,"₹ 1,25,000.00",314,2,"₹ 20,00,000.00","₹ 52,451.00"
Tamil Nadu,"GovtPeriyarHos,Mayladuthurai,TN",DGO(NBEMS),NBE Diploma,"₹ 1,25,000.00",NA,2,"₹ 20,00,000.00","₹ 52,451.00"
Tamil Nadu,"KG Hospital, Coimbatore",DGO(NBEMS),NBE Diploma,"₹ 1,25,000.00",250,0,₹ 0.00,"₹ 52,451.00"
Tamil Nadu,"KMC SpecHosp,Cantonment,Trichy",DGO(NBEMS),NBE Diploma,"₹ 1,25,000.00",175,0,₹ 0.00,"₹ 52,451.00"
Tamil Nadu,"Krishna Hospital, Sattur",DGO(NBEMS),NBE Diploma,"₹ 1,25,000.00",NA,0,₹ 0.00,"₹ 35,000.00"
Tamil Nadu,"Lakshmi Madhavan Hosp, TNVLI,TN",DGO(NBEMS),NBE Diploma,"₹ 1,25,000.00",100,0,₹ 0.00,"₹ 35,000.00"
Tamil Nadu,"Mehta MultiSpec Hosp, Chennai",DGO(NBEMS),NBE Diploma,"₹ 1,25,000.00",250,0,₹ 0.00,"₹ 52,451.00"
Tamil Nadu,"MGM Health Care, Aminjikarai",DGO(NBEMS),NBE Diploma,"₹ 1,25,000.00",NA,0,₹ 0.00,"₹ 52,451.00"
Tamil Nadu,"Preethi Hospital, Madurai",DGO(NBEMS),NBE Diploma,"₹ 1,25,000.00",214,0,₹ 0.00,"₹ 52,451.00"
Tamil Nadu,"Public Health Centre, Chennai",DGO(NBEMS),NBE Diploma,"₹ 1,25,000.00",195,0,₹ 0.00,"₹ 35,000.00"
Tamil Nadu,"Rainbow Child,Chennai",DGO(NBEMS),NBE Diploma,"₹ 1,25,000.00",135,0,₹ 0.00,"₹ 52,451.00"
Tamil Nadu,"SyedAmmalHosp,Ramanathapuram,TN",DGO(NBEMS),NBE Diploma,"₹ 1,25,000.00",15,0,₹ 0.00,"₹ 45,000.00"
Tamil Nadu,"VHS and Med Centre, Chennai",DGO(NBEMS),NBE Diploma,"₹ 1,25,000.00",465,0,₹ 0.00,"₹ 52,451.00"
Tamil Nadu,"Vijaya Hospital, Chennai",DGO(NBEMS),NBE Diploma,"₹ 1,25,000.00",281,0,₹ 0.00,"₹ 52,451.00"
Tamil Nadu,"WomensCent-Mother,Coimbatore",DGO(NBEMS),NBE Diploma,"₹ 1,25,000.00",100,0,₹ 0.00,"₹ 45,000.00"
Tamil Nadu,"Govt MC Hosp, Ramanathapuram",DGO(NBEMS),NBE Diploma,"₹ 1,25,000.00",280,2,"₹ 20,00,000.00","₹ 52,451.00"
Telangana,"Cure Well Hosp, Warangal,TEL",DGO(NBEMS),NBE Diploma,"₹ 1,25,000.00",NA,0,₹ 0.00,"₹ 50,000.00"
Telangana,"Durgabai Deshmukh Hosp, HYD",DGO(NBEMS),NBE Diploma,"₹ 1,25,000.00",200,0,₹ 0.00,"₹ 50,686.00"
Telangana,"JyothiHosp,Miryalaguda,Nalgonda",DGO(NBEMS),NBE Diploma,"₹ 1,25,000.00",NA,0,₹ 0.00,"₹ 58,289.00"
Telangana,"Laxmi Narasimha Hosp, Warangal",DGO(NBEMS),NBE Diploma,"₹ 1,25,000.00",NA,0,₹ 0.00,"₹ 35,000.00"
Telangana,"Nice Hosp For Women, Hyderabad",DGO(NBEMS),NBE Diploma,"₹ 1,25,000.00",160,0,₹ 0.00,"₹ 50,686.00"
Telangana,"PrincessDurruShehvar,Hyderabad",DGO(NBEMS),NBE Diploma,"₹ 1,25,000.00",197,0,₹ 0.00,"₹ 50,686.00"
Telangana,"Rainbow Child,Secunderabad",DGO(NBEMS),NBE Diploma,"₹ 1,25,000.00",NA,0,₹ 0.00,"₹ 50,686.00"
Telangana,"Rainbow WomChild,LB Nagar, HYD",DGO(NBEMS),NBE Diploma,"₹ 1,25,000.00",100,0,₹ 0.00,"₹ 50,686.00"
Telangana,"SouthCentRailways,Secunderabad",DGO(NBEMS),NBE Diploma,"₹ 1,25,000.00",380,0,₹ 0.00,"₹ 72,000.00"
Telangana,"St Theresa's Hosp, Hyderabad",DGO(NBEMS),NBE Diploma,"₹ 1,25,000.00",300,0,₹ 0.00,"₹ 50,686.00"
Telangana,"Star Wom&ChildHosp, Karimnagar",DGO(NBEMS),NBE Diploma,"₹ 1,25,000.00",100,0,₹ 0.00,"₹ 50,686.00"
Telangana,"Yashoda SS Hosp,Malakpet, HYD",DGO(NBEMS),NBE Diploma,"₹ 1,25,000.00",550,0,₹ 0.00,"₹ 58,289.00"
Tripura,"IGM Hospital, Agartala",DGO(NBEMS),NBE Diploma,"₹ 1,25,000.00",NA,1,"₹ 15,00,000.00","₹ 42,000.00"
Uttar Pradesh,"Apex Hospital, Moradabad, UP",DGO(NBEMS),NBE Diploma,"₹ 1,25,000.00",100,0,₹ 0.00,"₹ 35,000.00"
Uttar Pradesh,"Apollomedics SS Hosp, Lucknow",DGO(NBEMS),NBE Diploma,"₹ 1,25,000.00",300,0,₹ 0.00,"₹ 80,000.00"
Uttar Pradesh,"AutonomousStateMC,Shahjahanpur",DGO(NBEMS),NBE Diploma,"₹ 1,25,000.00",312,0,₹ 0.00,"₹ 80,000.00"
Uttar Pradesh,"Autonomous State MC, Firozabad",DGO(NBEMS),NBE Diploma,"₹ 1,25,000.00",244,0,₹ 0.00,"₹ 80,000.00"
Uttar Pradesh,"Autonomous State MC, Ayodhya",DGO(NBEMS),NBE Diploma,"₹ 1,25,000.00",300,0,₹ 0.00,"₹ 80,000.00"
Uttar Pradesh,"Veerangana Avantibai Lodhi, Siraon,Etah",DGO(NBEMS),NBE Diploma,"₹ 1,25,000.00",300,0,₹ 0.00,"₹ 80,000.00"
Uttar Pradesh,"Autonomous State MC, Hardoi",DGO(NBEMS),NBE Diploma,"₹ 1,25,000.00",332,0,₹ 0.00,"₹ 80,000.00"
Uttar Pradesh,"Chandan Hospital, Lucknow",DGO(NBEMS),NBE Diploma,"₹ 1,25,000.00",198,0,₹ 0.00,"₹ 85,000.00"
Uttar Pradesh,"Charak Hosp & RC, Lucknow",DGO(NBEMS),NBE Diploma,"₹ 1,25,000.00",NA,0,₹ 0.00,"₹ 56,100.00"
Uttar Pradesh,"Fortune Hospital, Kanpur, UP",DGO(NBEMS),NBE Diploma,"₹ 1,25,000.00",200,0,₹ 0.00,"₹ 50,000.00"
Uttar Pradesh,"Gangasheel AMRI, Bareilly, UP",DGO(NBEMS),NBE Diploma,"₹ 1,25,000.00",150,0,₹ 0.00,"₹ 56,100.00"
Uttar Pradesh,"Government Med Col, Azamgarh,UP",DGO(NBEMS),NBE Diploma,"₹ 1,25,000.00",550,0,₹ 0.00,"₹ 80,000.00"
Jammu and Kashmir,"District Hospital, Pulwama, JK",DGO(NBEMS),NBE Diploma,"₹ 1,25,000.00",200,0,₹ 0.00,"₹ 48,000.00"
Uttar Pradesh,"Govt Med Coll, Kannauj, UP",DGO(NBEMS),NBE Diploma,"₹ 1,25,000.00",470,0,₹ 0.00,"₹ 80,000.00"
Uttar Pradesh,"MRA Med Coll, Ambedkar Nagar",DGO(NBEMS),NBE Diploma,"₹ 1,25,000.00",NA,0,₹ 0.00,"₹ 80,000.00"
Uttar Pradesh,"MaharajaSuhelDevMed,Bahraich,UP",DGO(NBEMS),NBE Diploma,"₹ 1,25,000.00",550,0,₹ 0.00,"₹ 80,000.00"
Uttar Pradesh,"Priya Hospital,Kanpur Nagar, UP",DGO(NBEMS),NBE Diploma,"₹ 1,25,000.00",NA,0,₹ 0.00,"₹ 35,000.00"
Uttar Pradesh,"Pushpanjali Hosp & RC, Agra, UP",DGO(NBEMS),NBE Diploma,"₹ 1,25,000.00",350,0,₹ 0.00,"₹ 56,100.00"
Uttar Pradesh,"RajaPratapBahadurHosp,Pratapgar",DGO(NBEMS),NBE Diploma,"₹ 1,25,000.00",336,0,₹ 0.00,"₹ 80,000.00"
Uttar Pradesh,"Rani DurgavatiMedColl,Banda,UP",DGO(NBEMS),NBE Diploma,"₹ 1,25,000.00",430,0,₹ 0.00,"₹ 80,000.00"
Jammu and Kashmir,"Govt Dist Hosp, Shopian Kashmir",DGO(NBEMS),NBE Diploma,"₹ 1,25,000.00",105,0,₹ 0.00,"₹ 48,000.00"
Uttar Pradesh,"Regency Hospital, Kanpur",DGO(NBEMS),NBE Diploma,"₹ 1,25,000.00",207,0,₹ 0.00,"₹ 70,000.00"
Uttar Pradesh,"Siddh MultispecHosp, Moradabad",DGO(NBEMS),NBE Diploma,"₹ 1,25,000.00",NA,0,₹ 0.00,"₹ 56,000.00"
Uttar Pradesh,"VeeranganaAwantiBaiWom,Lucknow",DGO(NBEMS),NBE Diploma,"₹ 1,25,000.00",326,0,₹ 0.00,"₹ 70,000.00"
Uttar Pradesh,"Yatharth SS, Omega 1,GreatrNoida",DGO(NBEMS),NBE Diploma,"₹ 1,25,000.00",400,0,₹ 0.00,"₹ 80,000.00"
Uttar Pradesh,"YatharthSS, Sec 1,GreatrNoida",DGO(NBEMS),NBE Diploma,"₹ 1,25,000.00",450,0,₹ 0.00,"₹ 80,000.00"
Uttarakhand,"VCSG MedCollHosp,PauriGarhwal",DGO(NBEMS),NBE Diploma,"₹ 1,25,000.00",774,2,"₹ 2,50,00,000.00","₹ 76,600.00"
West Bengal,"Arambagh SS Hospital, Hooghly",DGO(NBEMS),NBE Diploma,"₹ 1,25,000.00",NA,0,₹ 0.00,"₹ 49,884.00"
West Bengal,"Barjora SS Hosp, Bankura",DGO(NBEMS),NBE Diploma,"₹ 1,25,000.00",NA,0,₹ 0.00,"₹ 49,884.00"
West Bengal,"Neotia Bhagirathi, New Town",DGO(NBEMS),NBE Diploma,"₹ 1,25,000.00",114,0,₹ 0.00,"₹ 45,071.00"
West Bengal,"Chandannagar SD Hosp, Hooghly",DGO(NBEMS),NBE Diploma,"₹ 1,25,000.00",NA,0,₹ 0.00,"₹ 49,884.00"
West Bengal,"Coochbehar Govt Med Coll, WB",DGO(NBEMS),NBE Diploma,"₹ 1,25,000.00",400,0,₹ 0.00,"₹ 49,884.00"
West Bengal,"DiamondHarbour(Gov),Harindanga",DGO(NBEMS),NBE Diploma,"₹ 1,25,000.00",726,0,₹ 0.00,"₹ 49,884.00"
West Bengal,"District Hospital, Alipurduar",DGO(NBEMS),NBE Diploma,"₹ 1,25,000.00",402,0,₹ 0.00,"₹ 49,884.00"
West Bengal,"District Hospital, Darjeeling",DGO(NBEMS),NBE Diploma,"₹ 1,25,000.00",NA,0,₹ 0.00,"₹ 49,884.00"
West Bengal,"District Hospital, Howrah",DGO(NBEMS),NBE Diploma,"₹ 1,25,000.00",642,0,₹ 0.00,"₹ 49,884.00"
West Bengal,"DomkalSubDiv&SSH,Murshidabad,WB",DGO(NBEMS),NBE Diploma,"₹ 1,25,000.00",NA,0,₹ 0.00,"₹ 49,884.00"
West Bengal,"Dr BNBose SD Hosp, Barrackpore",DGO(NBEMS),NBE Diploma,"₹ 1,25,000.00",NA,0,₹ 0.00,"₹ 49,884.00"
West Bengal,"Durgapur SD Hosp, Bidhannagar",DGO(NBEMS),NBE Diploma,"₹ 1,25,000.00",NA,0,₹ 0.00,"₹ 49,884.00"
West Bengal,"Gabberia State Gen Hosp,Howrah",DGO(NBEMS),NBE Diploma,"₹ 1,25,000.00",NA,0,₹ 0.00,"₹ 49,884.00"
West Bengal,"Ghatal SDHosp,PaschimMedinipur",DGO(NBEMS),NBE Diploma,"₹ 1,25,000.00",NA,0,₹ 0.00,"₹ 49,884.00"
West Bengal,"Imambara Dist Hospital,Hooghly",DGO(NBEMS),NBE Diploma,"₹ 1,25,000.00",625,0,₹ 0.00,"₹ 49,884.00"
West Bengal,"Islampur SDH-ISSH,Sukantapally",DGO(NBEMS),NBE Diploma,"₹ 1,25,000.00",NA,0,₹ 0.00,"₹ 49,884.00"
West Bengal,"Kalna SD&SS,Purba Bardhaman, WB",DGO(NBEMS),NBE Diploma,"₹ 1,25,000.00",NA,0,₹ 0.00,"₹ 49,884.00"
West Bengal,"Katwa SD Hosp, Purba Bardhaman",DGO(NBEMS),NBE Diploma,"₹ 1,25,000.00",NA,0,₹ 0.00,"₹ 49,884.00"
West Bengal,Kharagpur Sub-Divisional Hosp,DGO(NBEMS),NBE Diploma,"₹ 1,25,000.00",NA,0,₹ 0.00,"₹ 49,884.00"
West Bengal,"Naihati State GenHosp, Naihati",DGO(NBEMS),NBE Diploma,"₹ 1,25,000.00",NA,0,₹ 0.00,"₹ 49,884.00"
West Bengal,"NarayanaMultiSpecHosp,Howrah,WB",DGO(NBEMS),NBE Diploma,"₹ 1,25,000.00",400,0,₹ 0.00,"₹ 49,884.00"
West Bengal,"Panihati State GenHosp,Sodepur",DGO(NBEMS),NBE Diploma,"₹ 1,25,000.00",NA,0,₹ 0.00,"₹ 49,884.00"
West Bengal,"Ranaghat Sub Div Hosp,Anulia,WB",DGO(NBEMS),NBE Diploma,"₹ 1,25,000.00",250,0,₹ 0.00,"₹ 49,884.00"
West Bengal,"SreeBalaram SevaMandir,Khardah",DGO(NBEMS),NBE Diploma,"₹ 1,25,000.00",NA,0,₹ 0.00,"₹ 49,884.00"
West Bengal,"Walsh SDH, Serampore,Hooghly,WB",DGO(NBEMS),NBE Diploma,"₹ 1,25,000.00",500,0,₹ 0.00,"₹ 49,884.00"
West Bengal,"Panskura SS Hosp,PurbaMedinipur",DGO(NBEMS),NBE Diploma,"₹ 1,25,000.00",NA,0,₹ 0.00,"₹ 49,884.00"
Assam,"Haji Abdul Majid, Hojai, Assam",DGO(NBEMS),NBE Diploma,"₹ 1,25,000.00",181,0,₹ 0.00,"₹ 35,000.00"
Bihar,"ESIC MC & Hosp Bihta, Patna",DGO(NBEMS),NBE Diploma,"₹ 1,25,000.00",330,1,"₹ 7,50,000.00","₹ 70,000.00"
Haryana,"Civil Hospital, Sec-10,Gurugram",DGO(NBEMS),NBE Diploma,"₹ 1,25,000.00",200,0,₹ 0.00,"₹ 1,00,980.00"
Karnataka,"Bangalore Baptist, Bangalore",DGO(NBEMS),NBE Diploma,"₹ 1,25,000.00",340,0,₹ 0.00,"₹ 56,250.00"
Madhya Pradesh,"Arihant Hospital, Indore",DGO(NBEMS),NBE Diploma,"₹ 1,25,000.00",155,0,₹ 0.00,"₹ 65,000.00"
Madhya Pradesh,"CivilHosp-RaniDurgawti,Jabalpur",DGO(NBEMS),NBE Diploma,"₹ 1,25,000.00",NA,3,"₹ 20,00,000.00","₹ 75,444.00"
Madhya Pradesh,"District Hospital, Ratlam, MP",DGO(NBEMS),NBE Diploma,"₹ 1,25,000.00",NA,3,"₹ 20,00,000.00","₹ 75,444.00"
Maharashtra,"Govt Med Coll & Hosp, Alibag",DGO(NBEMS),NBE Diploma,"₹ 1,25,000.00",NA,1,"₹ 50,00,000.00","₹ 75,144.00"
Maharashtra,"NewBhosariHosp, GulveVasti,Pune",DGO(NBEMS),NBE Diploma,"₹ 1,25,000.00",NA,0,₹ 0.00,"₹ 75,144.00"
Maharashtra,"New Thergaon Hosp, Thergaon",DGO(NBEMS),NBE Diploma,"₹ 1,25,000.00",200,0,₹ 0.00,"₹ 75,144.00"
Maharashtra,"RajmataJijauHosp,Airoli,NaviMum",DGO(NBEMS),NBE Diploma,"₹ 1,25,000.00",NA,0,₹ 0.00,"₹ 75,144.00"
Maharashtra,"Ruby Hall Clinic, Pune",DGO(NBEMS),NBE Diploma,"₹ 1,25,000.00",600,0,₹ 0.00,"₹ 89,000.00"
Maharashtra,"ShreeMarkendey Solapur,Solapur",DGO(NBEMS),NBE Diploma,"₹ 1,25,000.00",225,0,₹ 0.00,"₹ 75,000.00"
Rajasthan,"Dhayal Hosp&RC, Sikar,Rajasthan",DGO(NBEMS),NBE Diploma,"₹ 1,25,000.00",100,0,₹ 0.00,"₹ 37,500.00"
Rajasthan,"Surya Mother and Child, Jaipur",DGO(NBEMS),NBE Diploma,"₹ 1,25,000.00",NA,0,₹ 0.00,"₹ 35,000.00"
Tamil Nadu,"SalemPolyclinic, Salem",DGO(NBEMS),NBE Diploma,"₹ 1,25,000.00",250,0,₹ 0.00,"₹ 44,000.00"
Telangana,"KIMS Hospital, Hyderabad",DGO(NBEMS),NBE Diploma,"₹ 1,25,000.00",200,0,₹ 0.00,"₹ 58,289.00"
Uttar Pradesh,"Government Med Coll, Badaun",DGO(NBEMS),NBE Diploma,"₹ 1,25,000.00",234,0,₹ 0.00,"₹ 80,000.00"
Uttar Pradesh,"LokBandhuRajNarayanHosp,Lucknow",DGO(NBEMS),NBE Diploma,"₹ 1,25,000.00",318,0,₹ 0.00,"₹ 70,000.00"
Uttar Pradesh,"Vivekananda Polyclinic,Lucknow",DGO(NBEMS),NBE Diploma,"₹ 1,25,000.00",350,0,₹ 0.00,"₹ 61,100.00"
Kerala,"Vinayaka Hospital, Wayanad",DGO(NBEMS),NBE Diploma,"₹ 1,25,000.00",NA,0,₹ 0.00,"₹ 35,000.00"
Telangana,"ZoiHospitals,Ameerpet,Hyderabad",DGO(NBEMS),NBE Diploma,"₹ 1,25,000.00",NA,0,₹ 0.00,"₹ 35,000.00"
Uttar Pradesh,"BCM Hosp, Khairabad, Sitapur",DGO(NBEMS),NBE Diploma,"₹ 1,25,000.00",190,0,₹ 0.00,"₹ 56,100.00"
Uttar Pradesh,"District Comb Hosp,Sec 39,Noida",DGO(NBEMS),NBE Diploma,"₹ 1,25,000.00",240,0,₹ 0.00,"₹ 70,000.00"
Uttarakhand,"Brij Lal Hosp&ResCent,Haldwani",DGO(NBEMS),NBE Diploma,"₹ 1,25,000.00",100,0,₹ 0.00,"₹ 35,000.00"
Uttarakhand,"MedicityHosp,TeenPani,Rudrapur",DGO(NBEMS),NBE Diploma,"₹ 1,25,000.00",150,0,₹ 0.00,"₹ 35,000.00"
Karnataka,"General Hospital, Jayanagar",DGO(NBEMS),NBE Diploma,"₹ 1,25,000.00",300,1,"₹ 20,00,000.00","₹ 45,000.00"
Rajasthan,"SSG Govt Dist Hosp,Chittorgarh",DGO(NBEMS),NBE Diploma,"₹ 1,25,000.00",NA,0,₹ 0.00,"₹ 60,375.00"
West Bengal,Nabadwip State General Hosp,DGO(NBEMS),NBE Diploma,"₹ 1,25,000.00",NA,0,₹ 0.00,"₹ 49,884.00"
Karnataka,"Narayana Hrudayalaya, Mysore",DGO(NBEMS),NBE Diploma,"₹ 1,25,000.00",260,0,₹ 0.00,"₹ 55,000.00"
Andhra Pradesh,"District Hospital, Atmakur, AP",DGO(NBEMS),NBE Diploma,"₹ 1,25,000.00",NA,0,₹ 0.00,"₹ 60,823.00"
Madhya Pradesh,"Mittal Medicare & Hosp, Dhar,MP",DGO(NBEMS),NBE Diploma,"₹ 1,25,000.00",NA,0,₹ 0.00,"₹ 35,000.00"
West Bengal,"DinhataSDH,Dinhata,Cooch Behar",DGO(NBEMS),NBE Diploma,"₹ 1,25,000.00",NA,0,₹ 0.00,"₹ 49,884.00"
Uttar Pradesh,"Dist Women Hosp,Ailwal,Azamgarh",DGO(NBEMS),NBE Diploma,"₹ 1,25,000.00",NA,0,₹ 0.00,"₹ 70,000.00"
Andhra Pradesh,"Rainbow Children's Hosp, Vizag",DGO(NBEMS),NBE Diploma,"₹ 1,25,000.00",NA,0,₹ 0.00,"₹ 60,823.00"
Uttar Pradesh,"DistrictCombHosp,Vrindavan,UP",DGO(NBEMS),NBE Diploma,"₹ 1,25,000.00",NA,0,₹ 0.00,"₹ 70,000.00"
Gujarat,"GMERS MedCollHosp, Porbander",DO(NBEMS),NBE Diploma,"₹ 1,25,000.00",NA,0,₹ 0.00,"₹ 75,600.00"
Gujarat,"Cottage Hospital, Rajkot",DO(NBEMS),NBE Diploma,"₹ 1,25,000.00",NA,0,₹ 0.00,"₹ 75,600.00"
Andhra Pradesh,"Area Hospital, Adoni",DO(NBEMS),NBE Diploma,"₹ 1,25,000.00",NA,0,₹ 0.00,"₹ 60,823.00"
Andhra Pradesh,"Govt Dist Hosp,Vizianagaram",DO(NBEMS),NBE Diploma,"₹ 1,25,000.00",300,0,₹ 0.00,"₹ 60,823.00"
Andhra Pradesh,"Govt Dist Hosp,Eluru",DO(NBEMS),NBE Diploma,"₹ 1,25,000.00",450,0,₹ 0.00,"₹ 60,823.00"
Andhra Pradesh,"Govt Dist Hosp,Noonepalle",DO(NBEMS),NBE Diploma,"₹ 1,25,000.00",200,0,₹ 0.00,"₹ 60,823.00"
Andhra Pradesh,"Govt Dist Hosp,Anakapalli",DO(NBEMS),NBE Diploma,"₹ 1,25,000.00",175,0,₹ 0.00,"₹ 60,823.00"
Andhra Pradesh,"Sankara Netra Ch, Vijayawada, AP",DO(NBEMS),NBE Diploma,"₹ 1,25,000.00",NA,0,₹ 0.00,"₹ 50,686.00"
Andhra Pradesh,"SriSankaraNetra, Eluru",DO(NBEMS),NBE Diploma,"₹ 1,25,000.00",NA,0,₹ 0.00,"₹ 60,823.00"
Andhra Pradesh,"Yashvedh Heathcare, Kakinada",DO(NBEMS),NBE Diploma,"₹ 1,25,000.00",NA,0,₹ 0.00,"₹ 42,000.00"
Arunachal Pradesh,"Tomo Riba IHMS, Naharlagun",DO(NBEMS),NBE Diploma,"₹ 1,25,000.00",500,2,"₹ 1,00,00,000.00","₹ 25,000.00"
Assam,"Choudhury Eye Hospital, Silchar",DO(NBEMS),NBE Diploma,"₹ 1,25,000.00",NA,0,₹ 0.00,"₹ 48,000.00"
Chhattisgarh,"District Hosp,Kanker,CHTSGRH",DO(NBEMS),NBE Diploma,"₹ 1,25,000.00",380,0,₹ 0.00,"₹ 67,500.00"
Chhattisgarh,"MGM Eye Insitute, Raipur",DO(NBEMS),NBE Diploma,"₹ 1,25,000.00",50,0,₹ 0.00,"₹ 53,550.00"
Dadra and Nagar Haveli,"VinobaBhaveCivilHosp, Silvassa",DO(NBEMS),NBE Diploma,"₹ 1,25,000.00",316,1,"₹ 10,00,000.00","₹ 35,000.00"
Delhi,"ESI Hospital, Jhilmil Shahdara",DO(NBEMS),NBE Diploma,"₹ 1,25,000.00",300,1,"₹ 7,50,000.00","₹ 70,000.00"
Haryana,"BPS Med Coll, Sonepat",DO(NBEMS),NBE Diploma,"₹ 1,25,000.00",550,0,₹ 0.00,"₹ 1,00,980.00"
Haryana,"Civil Hospital, Ambala Cantt",DO(NBEMS),NBE Diploma,"₹ 1,25,000.00",NA,0,₹ 0.00,"₹ 1,00,980.00"
Haryana,"Civil Hospital, Bahadurgarh",DO(NBEMS),NBE Diploma,"₹ 1,25,000.00",NA,0,₹ 0.00,"₹ 1,00,980.00"
Haryana,"Civil Hospital, Palwal, Haryana",DO(NBEMS),NBE Diploma,"₹ 1,25,000.00",NA,0,₹ 0.00,"₹ 1,00,980.00"
Haryana,"Civil Hospital, Rohtak",DO(NBEMS),NBE Diploma,"₹ 1,25,000.00",NA,0,₹ 0.00,"₹ 1,00,980.00"
Haryana,"Dhir Hospital, Bhiwani",DO(NBEMS),NBE Diploma,"₹ 1,25,000.00",NA,0,₹ 0.00,"₹ 35,000.00"
Haryana,"General Hospital, Panchkula",DO(NBEMS),NBE Diploma,"₹ 1,25,000.00",300,0,₹ 0.00,"₹ 1,00,980.00"
Haryana,"Saraswati Mission, Kurukshetra",DO(NBEMS),NBE Diploma,"₹ 1,25,000.00",100,0,₹ 0.00,"₹ 40,000.00"
Haryana,"SHKM Gov Med Coll, Nuh",DO(NBEMS),NBE Diploma,"₹ 1,25,000.00",647,0,₹ 0.00,"₹ 1,00,980.00"
Jammu and Kashmir,"Assoc Hosp Govt MC, Baramulla",DO(NBEMS),NBE Diploma,"₹ 1,25,000.00",363,0,₹ 0.00,"₹ 59,500.00"
Jammu and Kashmir,"Govt Med Coll Hosp, Anantnag",DO(NBEMS),NBE Diploma,"₹ 1,25,000.00",363,0,₹ 0.00,"₹ 59,500.00"
Jammu and Kashmir,"Sher-I-Kashmir, Bemina",DO(NBEMS),NBE Diploma,"₹ 1,25,000.00",272,0,₹ 0.00,"₹ 59,500.00"
Jharkhand,"Central Hospital, Ranchi",DO(NBEMS),NBE Diploma,"₹ 1,25,000.00",200,0,₹ 0.00,"₹ 56,100.00"
Jharkhand,"Kashyap Memorial EyeHosp,Ranchi",DO(NBEMS),NBE Diploma,"₹ 1,25,000.00",32,0,₹ 0.00,"₹ 54,500.00"
Karnataka,"Anugraha Eye Hos,Vijayapura,KAR",DO(NBEMS),NBE Diploma,"₹ 1,25,000.00",NA,0,₹ 0.00,"₹ 35,000.00"
Karnataka,"District Hospital, Dharwad",DO(NBEMS),NBE Diploma,"₹ 1,25,000.00",250,1,"₹ 20,00,000.00","₹ 45,000.00"
Karnataka,"District Hospital, Tumakuru",DO(NBEMS),NBE Diploma,"₹ 1,25,000.00",400,1,"₹ 20,00,000.00","₹ 45,000.00"
Karnataka,"K C Gen Hospital, Bangalore",DO(NBEMS),NBE Diploma,"₹ 1,25,000.00",453,1,"₹ 20,00,000.00","₹ 45,000.00"
Karnataka,"Prasad Netralaya SS Eye, Udupi",DO(NBEMS),NBE Diploma,"₹ 1,25,000.00",NA,0,₹ 0.00,"₹ 25,000.00"
Karnataka,"Taluka General Hosp, Saundatti",DO(NBEMS),NBE Diploma,"₹ 1,25,000.00",NA,1,"₹ 20,00,000.00","₹ 45,000.00"
Kerala,"Ahalia Eye Hospital, Palakkad",DO(NBEMS),NBE Diploma,"₹ 1,25,000.00",300,0,₹ 0.00,"₹ 57,876.00"
Kerala,"Amardeep EyeCare, Kollam,Kerala",DO(NBEMS),NBE Diploma,"₹ 1,25,000.00",NA,0,₹ 0.00,"₹ 35,000.00"
Kerala,"Chaithanya Eye Hosp, Thiruvalla",DO(NBEMS),NBE Diploma,"₹ 1,25,000.00",NA,0,₹ 0.00,"₹ 57,876.00"
Kerala,"Comtrust Eye Hosp, Kozhikode",DO(NBEMS),NBE Diploma,"₹ 1,25,000.00",45,0,₹ 0.00,"₹ 57,876.00"
Kerala,"DrChandrknthMalabarEye, Kozhkde",DO(NBEMS),NBE Diploma,"₹ 1,25,000.00",NA,0,₹ 0.00,"₹ 35,000.00"
Kerala,"Giridhar Eye Institute, Kochi",DO(NBEMS),NBE Diploma,"₹ 1,25,000.00",30,0,₹ 0.00,"₹ 57,876.00"
Kerala,"Chaithanya Eye Inst, Ernakulam",DO(NBEMS),NBE Diploma,"₹ 1,25,000.00",NA,0,₹ 0.00,"₹ 57,876.00"
Kerala,"Government Gen Hosp, Kozhikode",DO(NBEMS),NBE Diploma,"₹ 1,25,000.00",550,0,₹ 0.00,"₹ 57,876.00"
Madhya Pradesh,"Choithram Netralaya, Indore",DO(NBEMS),NBE Diploma,"₹ 1,25,000.00",154,0,₹ 0.00,"₹ 75,444.00"
Madhya Pradesh,"District Hospital, Sagar, MP",DO(NBEMS),NBE Diploma,"₹ 1,25,000.00",NA,3,"₹ 20,00,000.00","₹ 75,444.00"
Madhya Pradesh,"District Hospital, Ujjain, MP",DO(NBEMS),NBE Diploma,"₹ 1,25,000.00",700,3,"₹ 20,00,000.00","₹ 75,444.00"
Madhya Pradesh,"GovtSethGD DistHosp,Jabalpur,MP",DO(NBEMS),NBE Diploma,"₹ 1,25,000.00",300,3,"₹ 20,00,000.00","₹ 75,444.00"
Maharashtra,"Aditya Birla Mem Hosp, Pune",DO(NBEMS),NBE Diploma,"₹ 1,25,000.00",500,0,₹ 0.00,"₹ 86,629.00"
Maharashtra,"District Hospital, Beed, MH",DO(NBEMS),NBE Diploma,"₹ 1,25,000.00",NA,1,"₹ 50,00,000.00","₹ 75,144.00"
Maharashtra,"Divisional Railway Hosp, Thane",DO(NBEMS),NBE Diploma,"₹ 1,25,000.00",NA,0,₹ 0.00,"₹ 95,358.00"
Maharashtra,"Hiranandani Hosp, Mumbai",DO(NBEMS),NBE Diploma,"₹ 1,25,000.00",244,0,₹ 0.00,"₹ 83,000.00"
Maharashtra,"National Inst of Ophthal, Pune",DO(NBEMS),NBE Diploma,"₹ 1,25,000.00",16,0,₹ 0.00,"₹ 90,000.00"
Maharashtra,"SethVCGandhi Mun Gen Hos,Mumbai",DO(NBEMS),NBE Diploma,"₹ 1,25,000.00",596,0,₹ 0.00,"₹ 75,144.00"
Maharashtra,"Thorat Netra Hospital, Akola",DO(NBEMS),NBE Diploma,"₹ 1,25,000.00",NA,0,₹ 0.00,"₹ 35,000.00"
Maharashtra,"VN Desai Mun Gen Hosp, Mumbai",DO(NBEMS),NBE Diploma,"₹ 1,25,000.00",276,0,₹ 0.00,"₹ 80,757.00"
Odisha,"Bhima Bhoi Med Coll, Balangir",DO(NBEMS),NBE Diploma,"₹ 1,25,000.00",NA,2,"₹ 34,78,000.00","₹ 70,868.00"
Odisha,"Capital Hospital, Bhubaneswar",DO(NBEMS),NBE Diploma,"₹ 1,25,000.00",647,2,"₹ 34,78,000.00","₹ 70,868.00"
Odisha,"FakirMohanMed,Balasore,Odisha",DO(NBEMS),NBE Diploma,"₹ 1,25,000.00",360,2,"₹ 34,78,000.00","₹ 70,868.00"
Odisha,"JaiprakashHosp,Rourkela,Odisha",DO(NBEMS),NBE Diploma,"₹ 1,25,000.00",307,0,₹ 0.00,"₹ 90,000.00"
Odisha,"PanditRaghunathMurmu,Mayurbhanj",DO(NBEMS),NBE Diploma,"₹ 1,25,000.00",563,2,"₹ 34,78,000.00","₹ 70,868.00"
Odisha,"Ruby Eye Hosp, Berhampur,Odisha",DO(NBEMS),NBE Diploma,"₹ 1,25,000.00",NA,0,₹ 0.00,"₹ 45,000.00"
Odisha,"Rourkela Govt Hospital,Rourkela",DO(NBEMS),NBE Diploma,"₹ 1,25,000.00",NA,0,₹ 0.00,"₹ 70,868.00"
Rajasthan,"District Hospital, Dholpur",DO(NBEMS),NBE Diploma,"₹ 1,25,000.00",NA,0,₹ 0.00,"₹ 60,375.00"
Rajasthan,"District Hospital, Pratapgarh",DO(NBEMS),NBE Diploma,"₹ 1,25,000.00",NA,0,₹ 0.00,"₹ 60,375.00"
Rajasthan,"Govt Med Coll Hosp, Dungarpur",DO(NBEMS),NBE Diploma,"₹ 1,25,000.00",NA,0,₹ 0.00,"₹ 60,375.00"
Rajasthan,"Govt BDK Hosp, Jhunjhunu",DO(NBEMS),NBE Diploma,"₹ 1,25,000.00",NA,0,₹ 0.00,"₹ 60,375.00"
Rajasthan,"Govt DB Dist Hosp, Churu",DO(NBEMS),NBE Diploma,"₹ 1,25,000.00",NA,0,₹ 0.00,"₹ 60,375.00"
Rajasthan,"Govt Dist Hosp, Sri Ganganagar",DO(NBEMS),NBE Diploma,"₹ 1,25,000.00",NA,0,₹ 0.00,"₹ 60,375.00"
Rajasthan,"Govt Medical College, Rampura",DO(NBEMS),NBE Diploma,"₹ 1,25,000.00",NA,0,₹ 0.00,"₹ 60,375.00"
Rajasthan,"JLN Govt Hosp, Nagaur",DO(NBEMS),NBE Diploma,"₹ 1,25,000.00",NA,0,₹ 0.00,"₹ 60,375.00"
Rajasthan,"Kabra Eye Hosp,Jaipur,Rajasthan",DO(NBEMS),NBE Diploma,"₹ 1,25,000.00",NA,0,₹ 0.00,"₹ 35,000.00"
Rajasthan,"Mahatma Gandhi Hosp, Bhilwara",DO(NBEMS),NBE Diploma,"₹ 1,25,000.00",NA,0,₹ 0.00,"₹ 60,375.00"
Rajasthan,"MGM Govt Dist Hosp,Hanumangarh",DO(NBEMS),NBE Diploma,"₹ 1,25,000.00",NA,0,₹ 0.00,"₹ 60,375.00"
Rajasthan,"Rajiv Gandhi Gen Hosp, Alwar",DO(NBEMS),NBE Diploma,"₹ 1,25,000.00",NA,0,₹ 0.00,"₹ 60,375.00"
Rajasthan,"SK Govt Hosp, Sikar",DO(NBEMS),NBE Diploma,"₹ 1,25,000.00",NA,0,₹ 0.00,"₹ 60,375.00"
Tamil Nadu,"Chettinad SSHosp,Kelambakkam,TN",DO(NBEMS),NBE Diploma,"₹ 1,25,000.00",150,0,₹ 0.00,"₹ 52,451.00"
Rajasthan,"SSG Govt Dist Hosp,Chittorgarh",DO(NBEMS),NBE Diploma,"₹ 1,25,000.00",NA,0,₹ 0.00,"₹ 60,375.00"
Rajasthan,"Tibra Eye Hosp Sikar, Rajasthan",DO(NBEMS),NBE Diploma,"₹ 1,25,000.00",NA,0,₹ 0.00,"₹ 53,935.00"
Rajasthan,"Dr Kamdar Eye Hosp, Jodhpur",DO(NBEMS),NBE Diploma,"₹ 1,25,000.00",NA,0,₹ 0.00,"₹ 35,000.00"
Tamil Nadu,"Abhi Eye Hosp, Attur, Salem, TN",DO(NBEMS),NBE Diploma,"₹ 1,25,000.00",NA,0,₹ 0.00,"₹ 35,000.00"
Tamil Nadu,"Dr Agarwal EyeHosp,Tirunelveli",DO(NBEMS),NBE Diploma,"₹ 1,25,000.00",30,0,₹ 0.00,"₹ 52,450.00"
Tamil Nadu,"KG Hospital, Coimbatore",DO(NBEMS),NBE Diploma,"₹ 1,25,000.00",250,0,₹ 0.00,"₹ 52,451.00"
Tamil Nadu,"Mahathma Eye Hosp, Trichy",DO(NBEMS),NBE Diploma,"₹ 1,25,000.00",21,0,₹ 0.00,"₹ 52,451.00"
Tamil Nadu,"Rajan Eye Care, Chennai",DO(NBEMS),NBE Diploma,"₹ 1,25,000.00",30,0,₹ 0.00,"₹ 35,000.00"
Tamil Nadu,"Vijaya Hospital, Chennai",DO(NBEMS),NBE Diploma,"₹ 1,25,000.00",281,0,₹ 0.00,"₹ 52,451.00"
Telangana,"Medivision Eye & HCC,Hyderabad",DO(NBEMS),NBE Diploma,"₹ 1,25,000.00",50,0,₹ 0.00,"₹ 44,075.00"
Telangana,"Saijyothi EyeInst,Secunderabad",DO(NBEMS),NBE Diploma,"₹ 1,25,000.00",NA,0,₹ 0.00,"₹ 35,000.00"
Tripura,"IGM Hospital, Agartala",DO(NBEMS),NBE Diploma,"₹ 1,25,000.00",NA,1,"₹ 15,00,000.00","₹ 42,000.00"
Uttar Pradesh,"Autonomous State MC, Firozabad",DO(NBEMS),NBE Diploma,"₹ 1,25,000.00",244,0,₹ 0.00,"₹ 80,000.00"
Uttar Pradesh,"Balrampur Hospital, Lucknow",DO(NBEMS),NBE Diploma,"₹ 1,25,000.00",656,0,₹ 0.00,"₹ 70,000.00"
Uttar Pradesh,"Govt Med Coll, Kannauj, UP",DO(NBEMS),NBE Diploma,"₹ 1,25,000.00",470,0,₹ 0.00,"₹ 80,000.00"
Uttar Pradesh,"MRA Med Coll, Ambedkar Nagar",DO(NBEMS),NBE Diploma,"₹ 1,25,000.00",NA,0,₹ 0.00,"₹ 80,000.00"
Uttar Pradesh,"Raj Eye Hospital, Gorakhpur",DO(NBEMS),NBE Diploma,"₹ 1,25,000.00",NA,0,₹ 0.00,"₹ 35,000.00"
Uttar Pradesh,"ShriShivPrasadDistHos,Varanasi",DO(NBEMS),NBE Diploma,"₹ 1,25,000.00",316,0,₹ 0.00,"₹ 70,000.00"
Uttar Pradesh,"UrsalaHorsmanMemHosp, Kanpur",DO(NBEMS),NBE Diploma,"₹ 1,25,000.00",550,0,₹ 0.00,"₹ 70,000.00"
West Bengal,"Arambagh SS Hospital, Hooghly",DO(NBEMS),NBE Diploma,"₹ 1,25,000.00",NA,0,₹ 0.00,"₹ 49,884.00"
West Bengal,"Asansol Dist Hosp, Asansol",DO(NBEMS),NBE Diploma,"₹ 1,25,000.00",375,0,₹ 0.00,"₹ 49,884.00"
West Bengal,"Bolpur Sub Div Hosp, Birbhum",DO(NBEMS),NBE Diploma,"₹ 1,25,000.00",NA,0,₹ 0.00,"₹ 49,884.00"
West Bengal,"DebenMahato(Sadar)Hosp,Purulia",DO(NBEMS),NBE Diploma,"₹ 1,25,000.00",548,0,₹ 0.00,"₹ 49,884.00"
West Bengal,"DiamondHarbour(Gov),Harindanga",DO(NBEMS),NBE Diploma,"₹ 1,25,000.00",726,0,₹ 0.00,"₹ 49,884.00"
West Bengal,"District Hospital, Howrah",DO(NBEMS),NBE Diploma,"₹ 1,25,000.00",642,0,₹ 0.00,"₹ 49,884.00"
West Bengal,"Habra State Gen Hosp, Habra",DO(NBEMS),NBE Diploma,"₹ 1,25,000.00",NA,0,₹ 0.00,"₹ 49,884.00"
West Bengal,"Imambara Dist Hospital,Hooghly",DO(NBEMS),NBE Diploma,"₹ 1,25,000.00",625,0,₹ 0.00,"₹ 49,884.00"
West Bengal,"Khatra Sub Divisional Hosp, WB",DO(NBEMS),NBE Diploma,"₹ 1,25,000.00",NA,0,₹ 0.00,"₹ 49,884.00"
West Bengal,"Mal SSH, Jalpaiguri",DO(NBEMS),NBE Diploma,"₹ 1,25,000.00",NA,0,₹ 0.00,"₹ 49,884.00"
West Bengal,North 24 Parganas Dist Hosp,DO(NBEMS),NBE Diploma,"₹ 1,25,000.00",600,0,₹ 0.00,"₹ 49,884.00"
West Bengal,"Tamralipto GovtMedHosp,Tamluk",DO(NBEMS),NBE Diploma,"₹ 1,25,000.00",500,0,₹ 0.00,"₹ 49,884.00"
West Bengal,"Sankara Nethralaya, Kolkata",DO(NBEMS),NBE Diploma,"₹ 1,25,000.00",24,0,₹ 0.00,"₹ 45,071.00"
West Bengal,"2ndSightEye,South24Parganas,WB",DO(NBEMS),NBE Diploma,"₹ 1,25,000.00",25,0,₹ 0.00,"₹ 45,000.00"
West Bengal,"Siliguri Dist Hosp, Darjeeling",DO(NBEMS),NBE Diploma,"₹ 1,25,000.00",365,0,₹ 0.00,"₹ 49,884.00"
West Bengal,"Suri Sadar Hospital, Birbhum",DO(NBEMS),NBE Diploma,"₹ 1,25,000.00",766,0,₹ 0.00,"₹ 49,884.00"
West Bengal,"Susrut Eye Foundation, Kolkata",DO(NBEMS),NBE Diploma,"₹ 1,25,000.00",25,0,₹ 0.00,"₹ 43,000.00"
West Bengal,"VidyasagarStateGenHosp,Kolkata",DO(NBEMS),NBE Diploma,"₹ 1,25,000.00",NA,0,₹ 0.00,"₹ 49,884.00"
West Bengal,"Baruipur SD Hosp, Baruipur",DO(NBEMS),NBE Diploma,"₹ 1,25,000.00",250,0,₹ 0.00,"₹ 49,884.00"
Haryana,"Civil Hospital, Sec-10,Gurugram",DO(NBEMS),NBE Diploma,"₹ 1,25,000.00",200,0,₹ 0.00,"₹ 1,00,980.00"
Jharkhand,"Tata Main Hospital, Jamshedpur",DO(NBEMS),NBE Diploma,"₹ 1,25,000.00",915,0,₹ 0.00,"₹ 56,100.00"
Maharashtra,"Pandit Madan MMS Hosp,Mumbai,MH",DO(NBEMS),NBE Diploma,"₹ 1,25,000.00",210,0,₹ 0.00,"₹ 75,144.00"
Mizoram,"Civil Hospital, Aizawl",DO(NBEMS),NBE Diploma,"₹ 1,25,000.00",300,0,₹ 0.00,"₹ 50,000.00"
Uttar Pradesh,"Divisional Dist Hosp, Azamgarh",DO(NBEMS),NBE Diploma,"₹ 1,25,000.00",312,0,₹ 0.00,"₹ 70,000.00"
Uttar Pradesh,"Government Med Coll, Badaun",DO(NBEMS),NBE Diploma,"₹ 1,25,000.00",234,0,₹ 0.00,"₹ 80,000.00"
Uttar Pradesh,"Vivekananda Polyclinic,Lucknow",DO(NBEMS),NBE Diploma,"₹ 1,25,000.00",350,0,₹ 0.00,"₹ 61,100.00"
Karnataka,"Keshava Netralaya, Hassan",DO(NBEMS),NBE Diploma,"₹ 1,25,000.00",NA,0,₹ 0.00,"₹ 35,000.00"
Maharashtra,"SushilEyeHos&BrahmaLaser,Nashik",DO(NBEMS),NBE Diploma,"₹ 1,25,000.00",NA,0,₹ 0.00,"₹ 55,000.00"
Punjab,"Dr Rajan Eye Care Hosp,Phagwara",DO(NBEMS),NBE Diploma,"₹ 1,25,000.00",NA,0,₹ 0.00,"₹ 35,000.00"
Uttar Pradesh,"Netrodaya The Eye City,Varanasi",DO(NBEMS),NBE Diploma,"₹ 1,25,000.00",20,0,₹ 0.00,"₹ 55,600.00"
Tamil Nadu,"Acchutha Eye Care, Erode",DO(NBEMS),NBE Diploma,"₹ 1,25,000.00",NA,0,₹ 0.00,"₹ 48,000.00"
West Bengal,"Kandi Sub Div Hosp,Murshidabad",DO(NBEMS),NBE Diploma,"₹ 1,25,000.00",NA,0,₹ 0.00,"₹ 49,884.00"
Andhra Pradesh,"District Hospital, Proddatur,AP",DO(NBEMS),NBE Diploma,"₹ 1,25,000.00",NA,0,₹ 0.00,"₹ 60,823.00"
Tamil Nadu,"Divisional Railway Hosp,Madurai",DO(NBEMS),NBE Diploma,"₹ 1,25,000.00",NA,0,₹ 0.00,"₹ 52,451.00"
Kerala,"Dhanya Mission Hosp, Potta",DO(NBEMS),NBE Diploma,"₹ 1,25,000.00",100,0,₹ 0.00,"₹ 35,000.00"
Uttar Pradesh,"KaushalyaDeviEyeIns,MohNaiBasti",DO(NBEMS),NBE Diploma,"₹ 1,25,000.00",NA,0,₹ 0.00,"₹ 35,000.00"
Uttar Pradesh,"LalBahadurShastri Hosp,Varanasi",DO(NBEMS),NBE Diploma,"₹ 1,25,000.00",NA,0,₹ 0.00,"₹ 70,000.00"
Gujarat,"Gen Hosp-SDH,Deesa Banaskantha",DCH(NBEMS),NBE Diploma,"₹ 1,25,000.00",NA,0,₹ 0.00,"₹ 75,600.00"
Gujarat,"General Hospital, Morbi",DCH(NBEMS),NBE Diploma,"₹ 1,25,000.00",NA,0,₹ 0.00,"₹ 75,600.00"
Gujarat,"GMERS MedColl Hosp,Mehsana",DCH(NBEMS),NBE Diploma,"₹ 1,25,000.00",NA,0,₹ 0.00,"₹ 75,600.00"
Andhra Pradesh,"Andhra Hospital, Vijayawada",DCH(NBEMS),NBE Diploma,"₹ 1,25,000.00",155,0,₹ 0.00,"₹ 60,823.00"
Andhra Pradesh,"Area Hospital, Amalapuram, AP",DCH(NBEMS),NBE Diploma,"₹ 1,25,000.00",NA,0,₹ 0.00,"₹ 60,823.00"
Andhra Pradesh,"Area Hosp, Ramachandrapuram, AP",DCH(NBEMS),NBE Diploma,"₹ 1,25,000.00",NA,0,₹ 0.00,"₹ 60,823.00"
Andhra Pradesh,"District Hosp,Malkapatnam, AP",DCH(NBEMS),NBE Diploma,"₹ 1,25,000.00",553,0,₹ 0.00,"₹ 60,823.00"
Andhra Pradesh,"Dr Ramesh Cardiac Hosp, Guntur",DCH(NBEMS),NBE Diploma,"₹ 1,25,000.00",350,0,₹ 0.00,"₹ 60,823.00"
Andhra Pradesh,"Govt Dist Hosp,Vizianagaram",DCH(NBEMS),NBE Diploma,"₹ 1,25,000.00",300,0,₹ 0.00,"₹ 60,823.00"
Andhra Pradesh,"Govt Dist Hosp,Noonepalle",DCH(NBEMS),NBE Diploma,"₹ 1,25,000.00",200,0,₹ 0.00,"₹ 60,823.00"
Andhra Pradesh,"KIMS Hospital, Kurnool",DCH(NBEMS),NBE Diploma,"₹ 1,25,000.00",100,0,₹ 0.00,"₹ 35,000.00"
Andhra Pradesh,"Rich Hospital, Nellore",DCH(NBEMS),NBE Diploma,"₹ 1,25,000.00",100,0,₹ 0.00,"₹ 50,686.00"
Andhra Pradesh,"RuralDevTrust,Bathalapalli,Anantapur",DCH(NBEMS),NBE Diploma,"₹ 1,25,000.00",322,0,₹ 0.00,"₹ 50,686.00"
Andhra Pradesh,"St. Josephs Gen Hosp, Guntur",DCH(NBEMS),NBE Diploma,"₹ 1,25,000.00",NA,0,₹ 0.00,"₹ 60,823.00"
Andhra Pradesh,"Venkatapadma Hosp, Vizianagram",DCH(NBEMS),NBE Diploma,"₹ 1,25,000.00",100,0,₹ 0.00,"₹ 44,075.00"
Arunachal Pradesh,"Tomo Riba IHMS, Naharlagun",DCH(NBEMS),NBE Diploma,"₹ 1,25,000.00",500,2,"₹ 1,00,00,000.00","₹ 25,000.00"
Bihar,"Central SS Hosp, Patna",DCH(NBEMS),NBE Diploma,"₹ 1,25,000.00",NA,0,₹ 0.00,"₹ 82,000.00"
Bihar,"Sadar Hospital, East Champaran",DCH(NBEMS),NBE Diploma,"₹ 1,25,000.00",NA,3,"₹ 25,00,000.00","₹ 82,000.00"
Chandigarh,"Govt MultSpec Hosp, Chandigarh",DCH(NBEMS),NBE Diploma,"₹ 1,25,000.00",500,0,₹ 0.00,"₹ 1,07,000.00"
Chhattisgarh,"Bhattar Hospital, Raipur",DCH(NBEMS),NBE Diploma,"₹ 1,25,000.00",118,0,₹ 0.00,"₹ 67,500.00"
Chhattisgarh,"District Hosp,Kabirdham,CHTSGRH",DCH(NBEMS),NBE Diploma,"₹ 1,25,000.00",NA,0,₹ 0.00,"₹ 67,500.00"
Chhattisgarh,"District Hosp, Pandri,CHTSRGH",DCH(NBEMS),NBE Diploma,"₹ 1,25,000.00",NA,0,₹ 0.00,"₹ 67,500.00"
Chhattisgarh,"PandurangRD DistHosp,Durg,CHTGH",DCH(NBEMS),NBE Diploma,"₹ 1,25,000.00",NA,0,₹ 0.00,"₹ 67,500.00"
Chhattisgarh,"PetalsNewborn&Child Hosp,Raipur",DCH(NBEMS),NBE Diploma,"₹ 1,25,000.00",160,0,₹ 0.00,"₹ 63,000.00"
Chhattisgarh,"ShriShishuBhawan Hosp,Bilaspur",DCH(NBEMS),NBE Diploma,"₹ 1,25,000.00",100,0,₹ 0.00,"₹ 53,550.00"
Dadra and Nagar Haveli,"VinobaBhaveCivilHosp, Silvassa",DCH(NBEMS),NBE Diploma,"₹ 1,25,000.00",316,1,"₹ 10,00,000.00","₹ 35,000.00"
Delhi,"ESI Hospital, Jhilmil Shahdara",DCH(NBEMS),NBE Diploma,"₹ 1,25,000.00",300,1,"₹ 7,50,000.00","₹ 70,000.00"
Delhi,"GuruGobindSingh Govt Hosp,Delhi",DCH(NBEMS),NBE Diploma,"₹ 1,25,000.00",100,0,₹ 0.00,"₹ 1,26,927.00"
Delhi,"Jaipur Golden Hospital, Delhi",DCH(NBEMS),NBE Diploma,"₹ 1,25,000.00",242,0,₹ 0.00,"₹ 70,000.00"
Delhi,"Lal Bahadur Shastri Hosp,Delhi",DCH(NBEMS),NBE Diploma,"₹ 1,25,000.00",NA,0,₹ 0.00,"₹ 1,26,927.00"
Delhi,"Moolchand Khairatiram, Delhi",DCH(NBEMS),NBE Diploma,"₹ 1,25,000.00",140,0,₹ 0.00,"₹ 56,100.00"
Delhi,"Shri Dada DevMatriAvum, Dabri",DCH(NBEMS),NBE Diploma,"₹ 1,25,000.00",106,0,₹ 0.00,"₹ 1,26,927.00"
Haryana,"BPS Med Coll, Sonepat",DCH(NBEMS),NBE Diploma,"₹ 1,25,000.00",550,0,₹ 0.00,"₹ 1,00,980.00"
Haryana,"Civil Hospital, Palwal, Haryana",DCH(NBEMS),NBE Diploma,"₹ 1,25,000.00",NA,0,₹ 0.00,"₹ 1,00,980.00"
Haryana,"Delhi Hospital, Jhajjar",DCH(NBEMS),NBE Diploma,"₹ 1,25,000.00",NA,0,₹ 0.00,"₹ 40,000.00"
Haryana,"District Civil Hospital, Hisar",DCH(NBEMS),NBE Diploma,"₹ 1,25,000.00",NA,0,₹ 0.00,"₹ 1,00,980.00"
Haryana,"FIMS Hospital, Sonipat",DCH(NBEMS),NBE Diploma,"₹ 1,25,000.00",140,0,₹ 0.00,"₹ 56,000.00"
Haryana,"General Hospital, Panchkula",DCH(NBEMS),NBE Diploma,"₹ 1,25,000.00",300,0,₹ 0.00,"₹ 1,00,980.00"
Haryana,"Maharaja Agrasen MCHosp,Agroha",DCH(NBEMS),NBE Diploma,"₹ 1,25,000.00",541,0,₹ 0.00,"₹ 1,00,980.00"
Haryana,"SHKM Gov Med Coll, Nuh",DCH(NBEMS),NBE Diploma,"₹ 1,25,000.00",647,0,₹ 0.00,"₹ 1,00,980.00"
Jammu and Kashmir,"Assoc Hosp Govt MC, Baramulla",DCH(NBEMS),NBE Diploma,"₹ 1,25,000.00",363,0,₹ 0.00,"₹ 59,500.00"
Jammu and Kashmir,"District Hospital, Ganderbal,JK",DCH(NBEMS),NBE Diploma,"₹ 1,25,000.00",200,0,₹ 0.00,"₹ 48,000.00"
Jammu and Kashmir,"Govt Med Coll Hosp, Anantnag",DCH(NBEMS),NBE Diploma,"₹ 1,25,000.00",363,0,₹ 0.00,"₹ 59,500.00"
Jammu and Kashmir,"JLNM Hosp, Rainawari",DCH(NBEMS),NBE Diploma,"₹ 1,25,000.00",200,0,₹ 0.00,"₹ 48,000.00"
Jammu and Kashmir,"SDH Kupwara, Kupwara",DCH(NBEMS),NBE Diploma,"₹ 1,25,000.00",200,0,₹ 0.00,"₹ 48,000.00"
Jharkhand,"Asarfi Hospital, Dhanbad",DCH(NBEMS),NBE Diploma,"₹ 1,25,000.00",250,0,₹ 0.00,"₹ 35,000.00"
Jharkhand,"Rani Hospital, Ranchi",DCH(NBEMS),NBE Diploma,"₹ 1,25,000.00",225,0,₹ 0.00,"₹ 60,000.00"
Karnataka,"Amar Hospital, Gangavathi, KAR",DCH(NBEMS),NBE Diploma,"₹ 1,25,000.00",NA,0,₹ 0.00,"₹ 35,000.00"
Karnataka,"Aster CMI Hospital, Bangalore",DCH(NBEMS),NBE Diploma,"₹ 1,25,000.00",350,0,₹ 0.00,"₹ 56,250.00"
Karnataka,"Chinmaya Mission, Bangalore",DCH(NBEMS),NBE Diploma,"₹ 1,25,000.00",200,0,₹ 0.00,"₹ 45,000.00"
Karnataka,"District Hospital, Ballari",DCH(NBEMS),NBE Diploma,"₹ 1,25,000.00",210,1,"₹ 20,00,000.00","₹ 45,000.00"
Karnataka,"District Hospital, Chitradurga",DCH(NBEMS),NBE Diploma,"₹ 1,25,000.00",450,1,"₹ 20,00,000.00","₹ 45,000.00"
Karnataka,"District Hospital, Dharwad",DCH(NBEMS),NBE Diploma,"₹ 1,25,000.00",250,1,"₹ 20,00,000.00","₹ 45,000.00"
Karnataka,"District Hospital, Haveri",DCH(NBEMS),NBE Diploma,"₹ 1,25,000.00",NA,1,"₹ 20,00,000.00","₹ 45,000.00"
Karnataka,"District Hospital, Tumakuru",DCH(NBEMS),NBE Diploma,"₹ 1,25,000.00",400,1,"₹ 20,00,000.00","₹ 45,000.00"
Karnataka,"District Hospital, Vijayapura",DCH(NBEMS),NBE Diploma,"₹ 1,25,000.00",426,1,"₹ 20,00,000.00","₹ 45,000.00"
Karnataka,"General Hosp, Chintamani, KAR",DCH(NBEMS),NBE Diploma,"₹ 1,25,000.00",NA,1,"₹ 20,00,000.00","₹ 45,000.00"
Karnataka,"General Hospital, Jayanagar",DCH(NBEMS),NBE Diploma,"₹ 1,25,000.00",300,1,"₹ 20,00,000.00","₹ 45,000.00"
Karnataka,"General Hosp, Kanakapura Taluk",DCH(NBEMS),NBE Diploma,"₹ 1,25,000.00",NA,1,"₹ 20,00,000.00","₹ 45,000.00"
Karnataka,"General Hospital, KGF",DCH(NBEMS),NBE Diploma,"₹ 1,25,000.00",NA,1,"₹ 20,00,000.00","₹ 45,000.00"
Karnataka,"General Hosp, Pavagada",DCH(NBEMS),NBE Diploma,"₹ 1,25,000.00",NA,1,"₹ 20,00,000.00","₹ 45,000.00"
Karnataka,"General Hospital, Tiptur, Kar",DCH(NBEMS),NBE Diploma,"₹ 1,25,000.00",NA,1,"₹ 20,00,000.00","₹ 45,000.00"
Karnataka,"K C Gen Hospital, Bangalore",DCH(NBEMS),NBE Diploma,"₹ 1,25,000.00",453,1,"₹ 20,00,000.00","₹ 45,000.00"
Karnataka,"New Amrutha Med & RC, Raichur",DCH(NBEMS),NBE Diploma,"₹ 1,25,000.00",NA,0,₹ 0.00,"₹ 35,000.00"
Karnataka,"Sarji Hospital, Shimoga",DCH(NBEMS),NBE Diploma,"₹ 1,25,000.00",120,0,₹ 0.00,"₹ 45,000.00"
Karnataka,"SNR District Hospital, Kolar",DCH(NBEMS),NBE Diploma,"₹ 1,25,000.00",550,1,"₹ 20,00,000.00","₹ 45,000.00"
Karnataka,"SriJayachamarjndraGenHos,Hassan",DCH(NBEMS),NBE Diploma,"₹ 1,25,000.00",NA,1,"₹ 20,00,000.00","₹ 45,000.00"
Karnataka,"Sub Divisional Hospital,Sagara",DCH(NBEMS),NBE Diploma,"₹ 1,25,000.00",NA,1,"₹ 20,00,000.00","₹ 45,000.00"
Karnataka,"Taluk Gen Hosp, Bhadravathi,KAR",DCH(NBEMS),NBE Diploma,"₹ 1,25,000.00",NA,1,"₹ 20,00,000.00","₹ 45,000.00"
Kerala,"Almadeena IMS, Malappuram",DCH(NBEMS),NBE Diploma,"₹ 1,25,000.00",230,0,₹ 0.00,"₹ 57,750.00"
Karnataka,"District Hosp, Chikkaballapur",DCH(NBEMS),NBE Diploma,"₹ 1,25,000.00",300,1,"₹ 20,00,000.00","₹ 45,000.00"
Kerala,"AhaliaWom&ChildHosp,Kozhippara",DCH(NBEMS),NBE Diploma,"₹ 1,25,000.00",100,0,₹ 0.00,"₹ 57,876.00"
Kerala,"EMS Mem Hosp, Perinthalmanna",DCH(NBEMS),NBE Diploma,"₹ 1,25,000.00",500,0,₹ 0.00,"₹ 57,876.00"
Kerala,"Life line SS Hosp, Adoor",DCH(NBEMS),NBE Diploma,"₹ 1,25,000.00",140,0,₹ 0.00,"₹ 57,876.00"
Kerala,"Malabar Inst of MS, Kannur",DCH(NBEMS),NBE Diploma,"₹ 1,25,000.00",302,0,₹ 0.00,"₹ 57,876.00"
Kerala,"N S Memorial IMS, Thattamala",DCH(NBEMS),NBE Diploma,"₹ 1,25,000.00",NA,0,₹ 0.00,"₹ 57,876.00"
Kerala,"PRS Hospital, Trivandrum",DCH(NBEMS),NBE Diploma,"₹ 1,25,000.00",250,0,₹ 0.00,"₹ 57,876.00"
Kerala,"Malabar InstofMed Sci,Kottakkal",DCH(NBEMS),NBE Diploma,"₹ 1,25,000.00",NA,0,₹ 0.00,"₹ 51,000.00"
Madhya Pradesh,"Bansal Hospital, Shahpura",DCH(NBEMS),NBE Diploma,"₹ 1,25,000.00",301,0,₹ 0.00,"₹ 65,000.00"
Madhya Pradesh,"District Hosp,LaxmiganjGuna,MP",DCH(NBEMS),NBE Diploma,"₹ 1,25,000.00",NA,3,"₹ 20,00,000.00","₹ 75,444.00"
Madhya Pradesh,"District Hospital, Sagar, MP",DCH(NBEMS),NBE Diploma,"₹ 1,25,000.00",NA,3,"₹ 20,00,000.00","₹ 75,444.00"
Madhya Pradesh,"GovtSethGD DistHosp,Jabalpur,MP",DCH(NBEMS),NBE Diploma,"₹ 1,25,000.00",300,3,"₹ 20,00,000.00","₹ 75,444.00"
Madhya Pradesh,"Jabalpur Hosp & Res Center, MP",DCH(NBEMS),NBE Diploma,"₹ 1,25,000.00",300,0,₹ 0.00,"₹ 45,000.00"
Madhya Pradesh,"Kushabhau Thakre Hosp, Rewa",DCH(NBEMS),NBE Diploma,"₹ 1,25,000.00",100,3,"₹ 20,00,000.00","₹ 75,444.00"
Maharashtra,"Anand Hospital, Vaijapur, MH",DCH(NBEMS),NBE Diploma,"₹ 1,25,000.00",NA,0,₹ 0.00,"₹ 35,000.00"
Maharashtra,"Ashoka Medicover Hosp, Nashik",DCH(NBEMS),NBE Diploma,"₹ 1,25,000.00",225,0,₹ 0.00,"₹ 70,000.00"
Maharashtra,"Daga Mem Women Hosp, Nagpur",DCH(NBEMS),NBE Diploma,"₹ 1,25,000.00",NA,1,"₹ 50,00,000.00","₹ 75,144.00"
Maharashtra,"Dr AmbedkarCentRlwyHosp, MUM",DCH(NBEMS),NBE Diploma,"₹ 1,25,000.00",366,0,₹ 0.00,"₹ 95,358.00"
Maharashtra,"General Hospital, Amravati, MH",DCH(NBEMS),NBE Diploma,"₹ 1,25,000.00",NA,1,"₹ 50,00,000.00","₹ 75,144.00"
Maharashtra,"Khan Bahadur Bhabha Hosp,Mumbai",DCH(NBEMS),NBE Diploma,"₹ 1,25,000.00",336,0,₹ 0.00,"₹ 75,144.00"
Maharashtra,"Manik Hospital, Aurangabad",DCH(NBEMS),NBE Diploma,"₹ 1,25,000.00",NA,0,₹ 0.00,"₹ 52,700.00"
Maharashtra,"Medicare MultspecHosp,Yavatmal",DCH(NBEMS),NBE Diploma,"₹ 1,25,000.00",150,0,₹ 0.00,"₹ 35,000.00"
Maharashtra,"Pandit Madan MMS Hosp,Mumbai,MH",DCH(NBEMS),NBE Diploma,"₹ 1,25,000.00",210,0,₹ 0.00,"₹ 75,144.00"
Maharashtra,"ShreeMarkendey Solapur,Solapur",DCH(NBEMS),NBE Diploma,"₹ 1,25,000.00",225,0,₹ 0.00,"₹ 75,000.00"
Maharashtra,"SRCC Children's Hosp, Mumbai",DCH(NBEMS),NBE Diploma,"₹ 1,25,000.00",207,0,₹ 0.00,"₹ 85,000.00"
Maharashtra,"SuryaChildren'sMedicare,Mumbai",DCH(NBEMS),NBE Diploma,"₹ 1,25,000.00",200,0,₹ 0.00,"₹ 89,698.00"
Maharashtra,"VN Desai Mun Gen Hosp, Mumbai",DCH(NBEMS),NBE Diploma,"₹ 1,25,000.00",276,0,₹ 0.00,"₹ 80,757.00"
Manipur,"Mothers Care Child Hosp,Imphal",DCH(NBEMS),NBE Diploma,"₹ 1,25,000.00",100,0,₹ 0.00,"₹ 50,000.00"
Odisha,"Manipal Hospital, Bhubaneswar",DCH(NBEMS),NBE Diploma,"₹ 1,25,000.00",400,0,₹ 0.00,"₹ 71,000.00"
Odisha,"Capital Hospital, Bhubaneswar",DCH(NBEMS),NBE Diploma,"₹ 1,25,000.00",647,2,"₹ 34,78,000.00","₹ 70,868.00"
Odisha,"FakirMohanMed,Balasore,Odisha",DCH(NBEMS),NBE Diploma,"₹ 1,25,000.00",360,2,"₹ 34,78,000.00","₹ 70,868.00"
Odisha,"PanditRaghunathMurmu,Mayurbhanj",DCH(NBEMS),NBE Diploma,"₹ 1,25,000.00",563,2,"₹ 34,78,000.00","₹ 70,868.00"
Odisha,"SLN MedicalColl Koraput, Odisha",DCH(NBEMS),NBE Diploma,"₹ 1,25,000.00",300,2,"₹ 34,78,000.00","₹ 70,868.00"
Pondicherry,"RG Govt Wom&Child,Pondicherry",DCH(NBEMS),NBE Diploma,"₹ 1,25,000.00",700,0,₹ 0.00,"₹ 43,000.00"
Punjab,"Civil Hospital, Gurdaspur, Punjab",DCH(NBEMS),NBE Diploma,"₹ 1,25,000.00",110,1,"₹ 10,00,000.00","₹ 50,190.00"
Punjab,"Civil Hospital, Hoshiarpur, Punjab",DCH(NBEMS),NBE Diploma,"₹ 1,25,000.00",NA,1,"₹ 10,00,000.00","₹ 50,190.00"
Punjab,"District Hosp, SAS Nagar, Punjab",DCH(NBEMS),NBE Diploma,"₹ 1,25,000.00",NA,1,"₹ 10,00,000.00","₹ 50,190.00"
Punjab,"District Hospital, Nawanshahr, Punjab-144514",DCH(NBEMS),NBE Diploma,"₹ 1,25,000.00",NA,1,"₹ 10,00,000.00","₹ 50,190.00"
Punjab,"ESI Hosp, Ludhiana",DCH(NBEMS),NBE Diploma,"₹ 1,25,000.00",NA,1,"₹ 7,50,000.00","₹ 70,000.00"
Punjab,"JBMM Dist Hospital, Amritsar",DCH(NBEMS),NBE Diploma,"₹ 1,25,000.00",200,1,"₹ 10,00,000.00","₹ 50,190.00"
Punjab,"Lord MahavirCivilHosp,Ludhiana",DCH(NBEMS),NBE Diploma,"₹ 1,25,000.00",250,1,"₹ 10,00,000.00","₹ 50,190.00"
Punjab,"Mohandai Oswal Hosp, Ludhiana",DCH(NBEMS),NBE Diploma,"₹ 1,25,000.00",300,0,₹ 0.00,"₹ 67,968.00"
Punjab,"Satguru Partap Singh,Ludhiana",DCH(NBEMS),NBE Diploma,"₹ 1,25,000.00",350,0,₹ 0.00,"₹ 67,968.00"
Punjab,"SBLS Civil Hospital, Jalandhar",DCH(NBEMS),NBE Diploma,"₹ 1,25,000.00",470,1,"₹ 10,00,000.00","₹ 50,190.00"
Punjab,"ShaheedBhai DistHosp, Bathinda",DCH(NBEMS),NBE Diploma,"₹ 1,25,000.00",200,1,"₹ 10,00,000.00","₹ 50,190.00"
Rajasthan,"Dhayal Hosp&RC, Sikar,Rajasthan",DCH(NBEMS),NBE Diploma,"₹ 1,25,000.00",100,0,₹ 0.00,"₹ 37,500.00"
Rajasthan,"District Hospital, Baran",DCH(NBEMS),NBE Diploma,"₹ 1,25,000.00",NA,0,₹ 0.00,"₹ 60,375.00"
Rajasthan,"District Hospital, Dholpur",DCH(NBEMS),NBE Diploma,"₹ 1,25,000.00",NA,0,₹ 0.00,"₹ 60,375.00"
Rajasthan,"District Hospital, Pratapgarh",DCH(NBEMS),NBE Diploma,"₹ 1,25,000.00",NA,0,₹ 0.00,"₹ 60,375.00"
Rajasthan,"General Hospital, Karauli",DCH(NBEMS),NBE Diploma,"₹ 1,25,000.00",NA,0,₹ 0.00,"₹ 60,375.00"
Rajasthan,"Govt District Hosp, Bundi",DCH(NBEMS),NBE Diploma,"₹ 1,25,000.00",NA,0,₹ 0.00,"₹ 60,375.00"
Rajasthan,"Govt General Hosp, Madhopur",DCH(NBEMS),NBE Diploma,"₹ 1,25,000.00",NA,0,₹ 0.00,"₹ 60,375.00"
Rajasthan,"Govt Hosp, Barmer",DCH(NBEMS),NBE Diploma,"₹ 1,25,000.00",NA,0,₹ 0.00,"₹ 60,375.00"
Rajasthan,"Govt Med Coll Hosp, Dungarpur",DCH(NBEMS),NBE Diploma,"₹ 1,25,000.00",NA,0,₹ 0.00,"₹ 60,375.00"
Rajasthan,"Govt MedColl Hosp,RamasiyaPali",DCH(NBEMS),NBE Diploma,"₹ 1,25,000.00",NA,0,₹ 0.00,"₹ 60,375.00"
Rajasthan,"Govt Amrit Kaur Hosp, Ajmer",DCH(NBEMS),NBE Diploma,"₹ 1,25,000.00",NA,0,₹ 0.00,"₹ 60,375.00"
Rajasthan,"Govt BDK Hosp, Jhunjhunu",DCH(NBEMS),NBE Diploma,"₹ 1,25,000.00",NA,0,₹ 0.00,"₹ 60,375.00"
Rajasthan,"Govt DB Dist Hosp, Churu",DCH(NBEMS),NBE Diploma,"₹ 1,25,000.00",NA,0,₹ 0.00,"₹ 60,375.00"
Rajasthan,"Govt Dist Hosp, Sri Ganganagar",DCH(NBEMS),NBE Diploma,"₹ 1,25,000.00",NA,0,₹ 0.00,"₹ 60,375.00"
Rajasthan,"Govt District Hosp, Ajmer",DCH(NBEMS),NBE Diploma,"₹ 1,25,000.00",NA,0,₹ 0.00,"₹ 60,375.00"
Rajasthan,"Govt Dist Saadat Hosp, Tonk",DCH(NBEMS),NBE Diploma,"₹ 1,25,000.00",NA,0,₹ 0.00,"₹ 60,375.00"
Rajasthan,"Govt MG Dist Hosp, Banswara",DCH(NBEMS),NBE Diploma,"₹ 1,25,000.00",NA,0,₹ 0.00,"₹ 60,375.00"
Rajasthan,"Govt Medical College, Rampura",DCH(NBEMS),NBE Diploma,"₹ 1,25,000.00",NA,0,₹ 0.00,"₹ 60,375.00"
Rajasthan,"JLN Govt Hosp, Nagaur",DCH(NBEMS),NBE Diploma,"₹ 1,25,000.00",NA,0,₹ 0.00,"₹ 60,375.00"
Rajasthan,"Mahatma Gandhi Hosp, Bhilwara",DCH(NBEMS),NBE Diploma,"₹ 1,25,000.00",NA,0,₹ 0.00,"₹ 60,375.00"
Rajasthan,"Maitri Hospital, Kota,Rajasthan",DCH(NBEMS),NBE Diploma,"₹ 1,25,000.00",160,0,₹ 0.00,"₹ 40,000.00"
Rajasthan,"MGM Govt Dist Hosp,Hanumangarh",DCH(NBEMS),NBE Diploma,"₹ 1,25,000.00",NA,0,₹ 0.00,"₹ 60,375.00"
Rajasthan,"RK Govt Dist Hosp, Rajsamand",DCH(NBEMS),NBE Diploma,"₹ 1,25,000.00",NA,0,₹ 0.00,"₹ 60,375.00"
Rajasthan,"Rajiv Gandhi Gen Hosp, Alwar",DCH(NBEMS),NBE Diploma,"₹ 1,25,000.00",NA,0,₹ 0.00,"₹ 60,375.00"
Rajasthan,"SK Govt Hosp, Sikar",DCH(NBEMS),NBE Diploma,"₹ 1,25,000.00",NA,0,₹ 0.00,"₹ 60,375.00"
Rajasthan,"Saket Hosp, Mansarovar, Jaipur",DCH(NBEMS),NBE Diploma,"₹ 1,25,000.00",NA,0,₹ 0.00,"₹ 55,000.00"
Rajasthan,"SDH Nathdwara, Nathdwara",DCH(NBEMS),NBE Diploma,"₹ 1,25,000.00",NA,0,₹ 0.00,"₹ 60,375.00"
Rajasthan,"Surya Mother and Child, Jaipur",DCH(NBEMS),NBE Diploma,"₹ 1,25,000.00",NA,0,₹ 0.00,"₹ 35,000.00"
Tamil Nadu,"Coimbatore Child Trust Hosp, TN",DCH(NBEMS),NBE Diploma,"₹ 1,25,000.00",100,0,₹ 0.00,"₹ 45,000.00"
Tamil Nadu,"Dr Kamakshi Mem, Chennai",DCH(NBEMS),NBE Diploma,"₹ 1,25,000.00",220,0,₹ 0.00,"₹ 52,451.00"
Tamil Nadu,"Govt HQ Hosp, Cuddalore",DCH(NBEMS),NBE Diploma,"₹ 1,25,000.00",750,2,"₹ 20,00,000.00","₹ 52,451.00"
Tamil Nadu,"Govt HQ Hosp, Erode",DCH(NBEMS),NBE Diploma,"₹ 1,25,000.00",608,2,"₹ 20,00,000.00","₹ 52,451.00"
Tamil Nadu,"Govt HQ Hosp, Perambalur",DCH(NBEMS),NBE Diploma,"₹ 1,25,000.00",NA,2,"₹ 20,00,000.00","₹ 52,451.00"
Tamil Nadu,"Govt HQ Hosp, Virudhunagar",DCH(NBEMS),NBE Diploma,"₹ 1,25,000.00",326,2,"₹ 20,00,000.00","₹ 52,451.00"
Tamil Nadu,"Govt Kamaraj Hosp, Chidambaram",DCH(NBEMS),NBE Diploma,"₹ 1,25,000.00",270,2,"₹ 20,00,000.00","₹ 52,451.00"
Tamil Nadu,"Gunam SS Hosp, Hosur",DCH(NBEMS),NBE Diploma,"₹ 1,25,000.00",NA,0,₹ 0.00,"₹ 42,000.00"
Tamil Nadu,"KG Hospital, Coimbatore",DCH(NBEMS),NBE Diploma,"₹ 1,25,000.00",250,0,₹ 0.00,"₹ 52,451.00"
Tamil Nadu,"Kanchi Kamakoti, Chennai",DCH(NBEMS),NBE Diploma,"₹ 1,25,000.00",200,0,₹ 0.00,"₹ 52,451.00"
Tamil Nadu,"KMC SpecHosp,Cantonment,Trichy",DCH(NBEMS),NBE Diploma,"₹ 1,25,000.00",175,0,₹ 0.00,"₹ 52,451.00"
Tamil Nadu,"Masonic Med Centre, Coimbatore",DCH(NBEMS),NBE Diploma,"₹ 1,25,000.00",130,0,₹ 0.00,"₹ 52,451.00"
Tamil Nadu,"MGM Health Care, Aminjikarai",DCH(NBEMS),NBE Diploma,"₹ 1,25,000.00",NA,0,₹ 0.00,"₹ 52,451.00"
Tamil Nadu,"Sri RamakrishnaHosp,Coimbatore",DCH(NBEMS),NBE Diploma,"₹ 1,25,000.00",1009,0,₹ 0.00,"₹ 52,451.00"
Tamil Nadu,"SyedAmmalHosp,Ramanathapuram,TN",DCH(NBEMS),NBE Diploma,"₹ 1,25,000.00",15,0,₹ 0.00,"₹ 45,000.00"
Tamil Nadu,"Thangam Hospital, Namakkal, TN",DCH(NBEMS),NBE Diploma,"₹ 1,25,000.00",150,0,₹ 0.00,"₹ 49,100.00"
Tamil Nadu,"Vadamalayan Hospital, Madurai",DCH(NBEMS),NBE Diploma,"₹ 1,25,000.00",200,0,₹ 0.00,"₹ 52,451.00"
Tamil Nadu,"Govt HQ Hosp, Namakkal",DCH(NBEMS),NBE Diploma,"₹ 1,25,000.00",448,2,"₹ 20,00,000.00","₹ 52,451.00"
Tamil Nadu,"Govt MC Hosp, Ramanathapuram",DCH(NBEMS),NBE Diploma,"₹ 1,25,000.00",280,2,"₹ 20,00,000.00","₹ 52,451.00"
Telangana,"Apollo SpectraHosp,Secunderbad",DCH(NBEMS),NBE Diploma,"₹ 1,25,000.00",NA,0,₹ 0.00,"₹ 35,000.00"
Telangana,"LittleStarsChildHosp,Hyderabad",DCH(NBEMS),NBE Diploma,"₹ 1,25,000.00",30,0,₹ 0.00,"₹ 50,686.00"
Telangana,"PrincessDurruShehvar,Hyderabad",DCH(NBEMS),NBE Diploma,"₹ 1,25,000.00",197,0,₹ 0.00,"₹ 50,686.00"
Telangana,"Star Hospital, Hyderabad",DCH(NBEMS),NBE Diploma,"₹ 1,25,000.00",200,0,₹ 0.00,"₹ 58,289.00"
Telangana,"Star Wom&ChildHosp, Karimnagar",DCH(NBEMS),NBE Diploma,"₹ 1,25,000.00",100,0,₹ 0.00,"₹ 50,686.00"
Telangana,"Yashoda Hosp,SPRd,Secunderabad",DCH(NBEMS),NBE Diploma,"₹ 1,25,000.00",876,0,₹ 0.00,"₹ 58,289.00"
Telangana,"Yashoda SS Hosp,Malakpet, HYD",DCH(NBEMS),NBE Diploma,"₹ 1,25,000.00",550,0,₹ 0.00,"₹ 58,289.00"
Telangana,"Yashoda HealthCareServ,Somajiguda,HYD",DCH(NBEMS),NBE Diploma,"₹ 1,25,000.00",650,0,₹ 0.00,"₹ 58,289.00"
Telangana,"Amrutha Child Hosp, Hanamkonda",DCH(NBEMS),NBE Diploma,"₹ 1,25,000.00",100,0,₹ 0.00,"₹ 58,289.00"
Tripura,"IGM Hospital, Agartala",DCH(NBEMS),NBE Diploma,"₹ 1,25,000.00",NA,1,"₹ 15,00,000.00","₹ 42,000.00"
Uttar Pradesh,"AutonomousStateMC,Shahjahanpur",DCH(NBEMS),NBE Diploma,"₹ 1,25,000.00",312,0,₹ 0.00,"₹ 80,000.00"
Uttar Pradesh,"Charak Hosp & RC, Lucknow",DCH(NBEMS),NBE Diploma,"₹ 1,25,000.00",NA,0,₹ 0.00,"₹ 56,100.00"
Uttar Pradesh,"Autonomous State MC, Ayodhya",DCH(NBEMS),NBE Diploma,"₹ 1,25,000.00",300,0,₹ 0.00,"₹ 80,000.00"
West Bengal,"Burnpur Hospital, Asansol",DCH(NBEMS),NBE Diploma,"₹ 1,25,000.00",290,0,₹ 0.00,"₹ 49,884.00"
Uttar Pradesh,"Balrampur Hospital, Lucknow",DCH(NBEMS),NBE Diploma,"₹ 1,25,000.00",656,0,₹ 0.00,"₹ 70,000.00"
Uttar Pradesh,"Chandan Hospital, Lucknow",DCH(NBEMS),NBE Diploma,"₹ 1,25,000.00",198,0,₹ 0.00,"₹ 85,000.00"
Uttar Pradesh,"Felix Hospital, Noida",DCH(NBEMS),NBE Diploma,"₹ 1,25,000.00",NA,0,₹ 0.00,"₹ 65,000.00"
Uttar Pradesh,"Gangasheel AMRI, Bareilly, UP",DCH(NBEMS),NBE Diploma,"₹ 1,25,000.00",150,0,₹ 0.00,"₹ 56,100.00"
Uttar Pradesh,"Government Med Col, Azamgarh,UP",DCH(NBEMS),NBE Diploma,"₹ 1,25,000.00",550,0,₹ 0.00,"₹ 80,000.00"
Uttar Pradesh,"Government Med Coll, Badaun",DCH(NBEMS),NBE Diploma,"₹ 1,25,000.00",234,0,₹ 0.00,"₹ 80,000.00"
Uttar Pradesh,"Govt Med Coll, Kannauj, UP",DCH(NBEMS),NBE Diploma,"₹ 1,25,000.00",470,0,₹ 0.00,"₹ 80,000.00"
Uttar Pradesh,"Max Super Spec Hospital, Noida",DCH(NBEMS),NBE Diploma,"₹ 1,25,000.00",314,0,₹ 0.00,"₹ 70,000.00"
Uttar Pradesh,"MRA Med Coll, Ambedkar Nagar",DCH(NBEMS),NBE Diploma,"₹ 1,25,000.00",NA,0,₹ 0.00,"₹ 80,000.00"
Uttar Pradesh,"MaharajaSuhelDevMed,Bahraich,UP",DCH(NBEMS),NBE Diploma,"₹ 1,25,000.00",550,0,₹ 0.00,"₹ 80,000.00"
Uttar Pradesh,"AutonomousStateMC,Rampur",DCH(NBEMS),NBE Diploma,"₹ 1,25,000.00",NA,0,₹ 0.00,"₹ 80,000.00"
Uttar Pradesh,"Popular Medicare, Varanasi",DCH(NBEMS),NBE Diploma,"₹ 1,25,000.00",450,0,₹ 0.00,"₹ 55,000.00"
Uttar Pradesh,"Rani DurgavatiMedColl,Banda,UP",DCH(NBEMS),NBE Diploma,"₹ 1,25,000.00",430,0,₹ 0.00,"₹ 80,000.00"
Uttar Pradesh,"ShriShivPrasadDistHos,Varanasi",DCH(NBEMS),NBE Diploma,"₹ 1,25,000.00",316,0,₹ 0.00,"₹ 70,000.00"
Uttar Pradesh,"Sumitra Hosp, Sec 35, Noida",DCH(NBEMS),NBE Diploma,"₹ 1,25,000.00",100,0,₹ 0.00,"₹ 50,000.00"
Uttar Pradesh,"TejBahadurSapru Hosp,Allahabad",DCH(NBEMS),NBE Diploma,"₹ 1,25,000.00",171,0,₹ 0.00,"₹ 70,000.00"
Uttarakhand,"VCSG MedCollHosp,PauriGarhwal",DCH(NBEMS),NBE Diploma,"₹ 1,25,000.00",774,2,"₹ 2,50,00,000.00","₹ 76,600.00"
West Bengal,"Arambagh SS Hospital, Hooghly",DCH(NBEMS),NBE Diploma,"₹ 1,25,000.00",NA,0,₹ 0.00,"₹ 49,884.00"
West Bengal,"Balurghat District Hosp, WB",DCH(NBEMS),NBE Diploma,"₹ 1,25,000.00",NA,0,₹ 0.00,"₹ 49,884.00"
West Bengal,"Bhagirathi Neotia WCCC, Kolkata",DCH(NBEMS),NBE Diploma,"₹ 1,25,000.00",125,0,₹ 0.00,"₹ 45,071.00"
West Bengal,"Chandannagar SD Hosp, Hooghly",DCH(NBEMS),NBE Diploma,"₹ 1,25,000.00",NA,0,₹ 0.00,"₹ 49,884.00"
West Bengal,"Chittaranjan SevaSadan,Kolkata",DCH(NBEMS),NBE Diploma,"₹ 1,25,000.00",NA,0,₹ 0.00,"₹ 49,884.00"
West Bengal,"DebenMahato(Sadar)Hosp,Purulia",DCH(NBEMS),NBE Diploma,"₹ 1,25,000.00",548,0,₹ 0.00,"₹ 49,884.00"
West Bengal,"DiamondHarbour(Gov),Harindanga",DCH(NBEMS),NBE Diploma,"₹ 1,25,000.00",726,0,₹ 0.00,"₹ 49,884.00"
West Bengal,"District Hospital, Alipurduar",DCH(NBEMS),NBE Diploma,"₹ 1,25,000.00",402,0,₹ 0.00,"₹ 49,884.00"
West Bengal,"District Hospital, Darjeeling",DCH(NBEMS),NBE Diploma,"₹ 1,25,000.00",NA,0,₹ 0.00,"₹ 49,884.00"
West Bengal,"Jalpaiguri GovtMedColl&Hosp,Jalpaiguri",DCH(NBEMS),NBE Diploma,"₹ 1,25,000.00",1000,0,₹ 0.00,"₹ 49,884.00"
West Bengal,"Durgapur SD Hosp, Bidhannagar",DCH(NBEMS),NBE Diploma,"₹ 1,25,000.00",NA,0,₹ 0.00,"₹ 49,884.00"
West Bengal,"Egra SD Hosp & SSH, Egra Town",DCH(NBEMS),NBE Diploma,"₹ 1,25,000.00",NA,0,₹ 0.00,"₹ 49,884.00"
West Bengal,"Imambara Dist Hospital,Hooghly",DCH(NBEMS),NBE Diploma,"₹ 1,25,000.00",625,0,₹ 0.00,"₹ 49,884.00"
West Bengal,"Jangipur SD Hosp, Murshidabad",DCH(NBEMS),NBE Diploma,"₹ 1,25,000.00",NA,0,₹ 0.00,"₹ 49,884.00"
West Bengal,"Kalna SD&SS,Purba Bardhaman, WB",DCH(NBEMS),NBE Diploma,"₹ 1,25,000.00",NA,0,₹ 0.00,"₹ 49,884.00"
West Bengal,Kharagpur Sub-Divisional Hosp,DCH(NBEMS),NBE Diploma,"₹ 1,25,000.00",NA,0,₹ 0.00,"₹ 49,884.00"
West Bengal,"Lalbagh SD Hosp, Murshidabad",DCH(NBEMS),NBE Diploma,"₹ 1,25,000.00",NA,0,₹ 0.00,"₹ 49,884.00"
West Bengal,"NarayanaMultiSpecHosp,Howrah,WB",DCH(NBEMS),NBE Diploma,"₹ 1,25,000.00",400,0,₹ 0.00,"₹ 49,884.00"
West Bengal,"NeotiaGetwelHC Centre,Siliguri",DCH(NBEMS),NBE Diploma,"₹ 1,25,000.00",217,0,₹ 0.00,"₹ 49,884.00"
West Bengal,North 24 Parganas Dist Hosp,DCH(NBEMS),NBE Diploma,"₹ 1,25,000.00",600,0,₹ 0.00,"₹ 49,884.00"
West Bengal,"Tamralipto GovtMedHosp,Tamluk",DCH(NBEMS),NBE Diploma,"₹ 1,25,000.00",500,0,₹ 0.00,"₹ 49,884.00"
West Bengal,"Ranaghat Sub Div Hosp,Anulia,WB",DCH(NBEMS),NBE Diploma,"₹ 1,25,000.00",250,0,₹ 0.00,"₹ 49,884.00"
West Bengal,"Siliguri Dist Hosp, Darjeeling",DCH(NBEMS),NBE Diploma,"₹ 1,25,000.00",365,0,₹ 0.00,"₹ 49,884.00"
West Bengal,"SouthEastRailwayHosp,Kolkata",DCH(NBEMS),NBE Diploma,"₹ 1,25,000.00",303,0,₹ 0.00,"₹ 1,04,857.00"
West Bengal,"Suri Sadar Hospital, Birbhum",DCH(NBEMS),NBE Diploma,"₹ 1,25,000.00",766,0,₹ 0.00,"₹ 49,884.00"
Chhattisgarh,"Apollo Hospital, Bilaspur",DCH(NBEMS),NBE Diploma,"₹ 1,25,000.00",300,0,₹ 0.00,"₹ 57,500.00"
Haryana,"Kainos SS Hospital, Rohtak",DCH(NBEMS),NBE Diploma,"₹ 1,25,000.00",100,0,₹ 0.00,"₹ 65,000.00"
Karnataka,"NarayanaHrudyalaya,Bommasandra",DCH(NBEMS),NBE Diploma,"₹ 1,25,000.00",2000,0,₹ 0.00,"₹ 56,250.00"
Karnataka,"St Philomena's Hosp,Bangalore",DCH(NBEMS),NBE Diploma,"₹ 1,25,000.00",371,0,₹ 0.00,"₹ 56,250.00"
Karnataka,"Rangadore Mem Hosp, Bangalore",DCH(NBEMS),NBE Diploma,"₹ 1,25,000.00",210,0,₹ 0.00,"₹ 45,000.00"
Madhya Pradesh,"JaiPrakash DistGovtHosp,Bhopal",DCH(NBEMS),NBE Diploma,"₹ 1,25,000.00",330,3,"₹ 20,00,000.00","₹ 75,444.00"
Maharashtra,"Holy Family Hospital, Mumbai",DCH(NBEMS),NBE Diploma,"₹ 1,25,000.00",268,0,₹ 0.00,"₹ 85,000.00"
Maharashtra,"Surya Mother&Child SSHosp,Pune",DCH(NBEMS),NBE Diploma,"₹ 1,25,000.00",110,0,₹ 0.00,"₹ 80,000.00"
Maharashtra,"District Hosp (Women), Akola",DCH(NBEMS),NBE Diploma,"₹ 1,25,000.00",NA,1,"₹ 50,00,000.00","₹ 75,144.00"
Rajasthan,"ESIC Model Hospital, Jaipur",DCH(NBEMS),NBE Diploma,"₹ 1,25,000.00",260,1,"₹ 7,50,000.00","₹ 70,000.00"
Rajasthan,"SSG Govt Dist Hosp,Chittorgarh",DCH(NBEMS),NBE Diploma,"₹ 1,25,000.00",NA,0,₹ 0.00,"₹ 60,375.00"
Tamil Nadu,"VHS and Med Centre, Chennai",DCH(NBEMS),NBE Diploma,"₹ 1,25,000.00",465,0,₹ 0.00,"₹ 52,451.00"
West Bengal,"M R Bangur Hospital, Kolkata",DCH(NBEMS),NBE Diploma,"₹ 1,25,000.00",1125,0,₹ 0.00,"₹ 49,884.00"
Uttar Pradesh,"Apollomedics SS Hosp, Lucknow",DCH(NBEMS),NBE Diploma,"₹ 1,25,000.00",300,0,₹ 0.00,"₹ 80,000.00"
West Bengal,"Ghatal SDHosp,PaschimMedinipur",DCH(NBEMS),NBE Diploma,"₹ 1,25,000.00",NA,0,₹ 0.00,"₹ 49,884.00"
Delhi,"BM Gupta Hospital, Delhi",DCH(NBEMS),NBE Diploma,"₹ 1,25,000.00",100,0,₹ 0.00,"₹ 65,000.00"
West Bengal,"Bishnupur Dist Hosp,West Bengal",DCH(NBEMS),NBE Diploma,"₹ 1,25,000.00",NA,0,₹ 0.00,"₹ 49,884.00"
West Bengal,"DomkalSubDiv&SSH,Murshidabad,WB",DCH(NBEMS),NBE Diploma,"₹ 1,25,000.00",NA,0,₹ 0.00,"₹ 49,884.00"
Jammu and Kashmir,"Govt Dist Hosp, Shopian Kashmir",DCH(NBEMS),NBE Diploma,"₹ 1,25,000.00",105,0,₹ 0.00,"₹ 48,000.00"
Tamil Nadu,"Rio Childrens Hosp, Madurai, TN",DCH(NBEMS),NBE Diploma,"₹ 1,25,000.00",100,0,₹ 0.00,"₹ 35,000.00"
Karnataka,"BaselMission CSIHosp,Gadag, KAR",DCH(NBEMS),NBE Diploma,"₹ 1,25,000.00",130,0,₹ 0.00,"₹ 40,000.00"
Tamil Nadu,"GovtPeriyarHos,Mayladuthurai,TN",DCH(NBEMS),NBE Diploma,"₹ 1,25,000.00",NA,2,"₹ 20,00,000.00","₹ 52,451.00"
Bihar,"ESIC MC & Hosp Bihta, Patna",DCH(NBEMS),NBE Diploma,"₹ 1,25,000.00",330,1,"₹ 7,50,000.00","₹ 70,000.00"
Bihar,"Sadar Hospital, Sitamarhi,Bihar",DCH(NBEMS),NBE Diploma,"₹ 1,25,000.00",NA,3,"₹ 25,00,000.00","₹ 82,000.00"
Bihar,"Sadar Hospital,Samastipur,Bihar",DCH(NBEMS),NBE Diploma,"₹ 1,25,000.00",NA,3,"₹ 25,00,000.00","₹ 82,000.00"
Kerala,"Vinayaka Hospital, Wayanad",DCH(NBEMS),NBE Diploma,"₹ 1,25,000.00",NA,0,₹ 0.00,"₹ 35,000.00"
Madhya Pradesh,"All is Well MultSpec,Burhanpur",DCH(NBEMS),NBE Diploma,"₹ 1,25,000.00",360,0,₹ 0.00,"₹ 35,000.00"
Maharashtra,"KaushalyaMedicalFoun,Ganeshwadi",DCH(NBEMS),NBE Diploma,"₹ 1,25,000.00",150,0,₹ 0.00,"₹ 35,000.00"
Maharashtra,"New Thergaon Hosp, Thergaon",DCH(NBEMS),NBE Diploma,"₹ 1,25,000.00",200,0,₹ 0.00,"₹ 75,144.00"
Uttar Pradesh,"LokBandhuRajNarayanHosp,Lucknow",DCH(NBEMS),NBE Diploma,"₹ 1,25,000.00",318,0,₹ 0.00,"₹ 70,000.00"
Uttar Pradesh,"BCM Hosp, Khairabad, Sitapur",DCH(NBEMS),NBE Diploma,"₹ 1,25,000.00",190,0,₹ 0.00,"₹ 56,100.00"
Uttar Pradesh,"MaxwellSuperMSHosp, Varanasi",DCH(NBEMS),NBE Diploma,"₹ 1,25,000.00",120,0,₹ 0.00,"₹ 55,100.00"
Delhi,"JagPravesh ChandraHosp,Shahdara",DCH(NBEMS),NBE Diploma,"₹ 1,25,000.00",200,0,₹ 0.00,"₹ 1,00,652.00"
Uttarakhand,"MedicityHosp,TeenPani,Rudrapur",DCH(NBEMS),NBE Diploma,"₹ 1,25,000.00",150,0,₹ 0.00,"₹ 35,000.00"
Bihar,"SadarHosp, Biharsharif, Nalanda",DCH(NBEMS),NBE Diploma,"₹ 1,25,000.00",NA,3,"₹ 25,00,000.00","₹ 82,000.00"
Bihar,"Sadar Hospital, Gopalganj,Bihar",DCH(NBEMS),NBE Diploma,"₹ 1,25,000.00",NA,3,"₹ 25,00,000.00","₹ 82,000.00"
Bihar,"Sadar Hospital, Sasaram, Bihar",DCH(NBEMS),NBE Diploma,"₹ 1,25,000.00",NA,3,"₹ 25,00,000.00","₹ 82,000.00"
Maharashtra,"Dist Women Hosp, Amravati",DCH(NBEMS),NBE Diploma,"₹ 1,25,000.00",NA,1,"₹ 50,00,000.00","₹ 75,144.00"
Maharashtra,"Govt Med Coll & Hosp, Satara",DCH(NBEMS),NBE Diploma,"₹ 1,25,000.00",361,1,"₹ 50,00,000.00","₹ 75,144.00"
Maharashtra,"Govt Med Coll & Hosp, Alibag",DCH(NBEMS),NBE Diploma,"₹ 1,25,000.00",NA,1,"₹ 50,00,000.00","₹ 75,144.00"
Maharashtra,"RajmataJijauHosp,Airoli,NaviMum",DCH(NBEMS),NBE Diploma,"₹ 1,25,000.00",NA,0,₹ 0.00,"₹ 75,144.00"
Uttar Pradesh,"DistrictCombHos,Sec23,Ghaziabad",DCH(NBEMS),NBE Diploma,"₹ 1,25,000.00",NA,0,₹ 0.00,"₹ 70,000.00"
Uttar Pradesh,"Dist Women Hosp, Rekab Ganj",DCH(NBEMS),NBE Diploma,"₹ 1,25,000.00",NA,0,₹ 0.00,"₹ 70,000.00"
Uttar Pradesh,"Pandit DDUDivDistHosp,Moradabad",DCH(NBEMS),NBE Diploma,"₹ 1,25,000.00",NA,0,₹ 0.00,"₹ 70,000.00"
Karnataka,"Sigma Hospital, Mysore",DCH(NBEMS),NBE Diploma,"₹ 1,25,000.00",NA,0,₹ 0.00,"₹ 45,000.00"
Maharashtra,"Span Critical Care Cent,Solapur",DCH(NBEMS),NBE Diploma,"₹ 1,25,000.00",NA,0,₹ 0.00,"₹ 35,000.00"
Uttar Pradesh,"Rana Beni MS DistHosp,Raebareli",DCH(NBEMS),NBE Diploma,"₹ 1,25,000.00",NA,0,₹ 0.00,"₹ 70,000.00"
Gujarat,"Bhailal Amin Gen Hosp, Vadodara",DMRD(NBEMS),NBE Diploma,"₹ 1,25,000.00",200,0,₹ 0.00,"₹ 63,000.00"
Gujarat,"GMERS MedCollHosp, Porbander",DMRD(NBEMS),NBE Diploma,"₹ 1,25,000.00",NA,0,₹ 0.00,"₹ 75,600.00"
Gujarat,"GMERS MedColl Hosp,Himmatnagar",DMRD(NBEMS),NBE Diploma,"₹ 1,25,000.00",700,0,₹ 0.00,"₹ 75,600.00"
Gujarat,"GMERS MedColl Hosp,Vadadora",DMRD(NBEMS),NBE Diploma,"₹ 1,25,000.00",750,0,₹ 0.00,"₹ 75,600.00"
Gujarat,"GMERS,Sola,Ahmedabad",DMRD(NBEMS),NBE Diploma,"₹ 1,25,000.00",970,0,₹ 0.00,"₹ 75,600.00"
Gujarat,"GMERS MedColl Hosp,Valsad",DMRD(NBEMS),NBE Diploma,"₹ 1,25,000.00",650,0,₹ 0.00,"₹ 75,600.00"
Gujarat,"Tricolour Hospital, Vadodara",DMRD(NBEMS),NBE Diploma,"₹ 1,25,000.00",125,0,₹ 0.00,"₹ 67,500.00"
Gujarat,"GMERS MedColl Hosp,Mehsana",DMRD(NBEMS),NBE Diploma,"₹ 1,25,000.00",NA,0,₹ 0.00,"₹ 75,600.00"
Gujarat,"GMERS MedColl Hosp,Patan",DMRD(NBEMS),NBE Diploma,"₹ 1,25,000.00",650,0,₹ 0.00,"₹ 75,600.00"
Andhra Pradesh,"District Hosp,Malkapatnam, AP",DMRD(NBEMS),NBE Diploma,"₹ 1,25,000.00",553,0,₹ 0.00,"₹ 60,823.00"
Andhra Pradesh,"Dr Ramesh Cardiac Hosp, Guntur",DMRD(NBEMS),NBE Diploma,"₹ 1,25,000.00",350,0,₹ 0.00,"₹ 60,823.00"
Andhra Pradesh,"Lalitha SS Hospital, Guntur",DMRD(NBEMS),NBE Diploma,"₹ 1,25,000.00",250,0,₹ 0.00,"₹ 60,823.00"
Arunachal Pradesh,"Tomo Riba IHMS, Naharlagun",DMRD(NBEMS),NBE Diploma,"₹ 1,25,000.00",500,2,"₹ 1,00,00,000.00","₹ 25,000.00"
Assam,"Hayat Hospital, Guwahati",DMRD(NBEMS),NBE Diploma,"₹ 1,25,000.00",200,0,₹ 0.00,"₹ 48,000.00"
Assam,"Narayana SS Hosp, Guwahati",DMRD(NBEMS),NBE Diploma,"₹ 1,25,000.00",NA,0,₹ 0.00,"₹ 35,000.00"
Bihar,"Ford Hospital & ResCenter,Patna",DMRD(NBEMS),NBE Diploma,"₹ 1,25,000.00",105,0,₹ 0.00,"₹ 70,000.00"
Chandigarh,"Govt MultSpec Hosp, Chandigarh",DMRD(NBEMS),NBE Diploma,"₹ 1,25,000.00",500,0,₹ 0.00,"₹ 1,07,000.00"
Chhattisgarh,"VYIMS, Raipur",DMRD(NBEMS),NBE Diploma,"₹ 1,25,000.00",175,0,₹ 0.00,"₹ 53,550.00"
Dadra and Nagar Haveli,"VinobaBhaveCivilHosp, Silvassa",DMRD(NBEMS),NBE Diploma,"₹ 1,25,000.00",316,1,"₹ 10,00,000.00","₹ 35,000.00"
Delhi,"St Stephen's Hospital, Delhi",DMRD(NBEMS),NBE Diploma,"₹ 1,25,000.00",595,0,₹ 0.00,"₹ 63,000.00"
Haryana,"BPS Med Coll, Sonepat",DMRD(NBEMS),NBE Diploma,"₹ 1,25,000.00",550,0,₹ 0.00,"₹ 1,00,980.00"
Haryana,"Civil Hospital, Ambala Cantt",DMRD(NBEMS),NBE Diploma,"₹ 1,25,000.00",NA,0,₹ 0.00,"₹ 1,00,980.00"
Haryana,"FIMS Hospital, Sonipat",DMRD(NBEMS),NBE Diploma,"₹ 1,25,000.00",140,0,₹ 0.00,"₹ 56,000.00"
Haryana,"General Hospital, Panchkula",DMRD(NBEMS),NBE Diploma,"₹ 1,25,000.00",300,0,₹ 0.00,"₹ 1,00,980.00"
Haryana,"Lala Harbhagwan Das, Panipat",DMRD(NBEMS),NBE Diploma,"₹ 1,25,000.00",140,0,₹ 0.00,"₹ 51,100.00"
Haryana,"Maharaja Agrasen MCHosp,Agroha",DMRD(NBEMS),NBE Diploma,"₹ 1,25,000.00",541,0,₹ 0.00,"₹ 1,00,980.00"
Jammu and Kashmir,"Govt Med Coll Hosp, Anantnag",DMRD(NBEMS),NBE Diploma,"₹ 1,25,000.00",363,0,₹ 0.00,"₹ 59,500.00"
Jammu and Kashmir,"JLNM Hosp, Rainawari",DMRD(NBEMS),NBE Diploma,"₹ 1,25,000.00",200,0,₹ 0.00,"₹ 48,000.00"
Jharkhand,"Tata Motors Hosp, Jamshedpur",DMRD(NBEMS),NBE Diploma,"₹ 1,25,000.00",404,0,₹ 0.00,"₹ 56,100.00"
Karnataka,"Aster CMI Hospital, Bangalore",DMRD(NBEMS),NBE Diploma,"₹ 1,25,000.00",350,0,₹ 0.00,"₹ 56,250.00"
Karnataka,"Bangalore Baptist, Bangalore",DMRD(NBEMS),NBE Diploma,"₹ 1,25,000.00",340,0,₹ 0.00,"₹ 56,250.00"
Karnataka,"District Hospital, Dharwad",DMRD(NBEMS),NBE Diploma,"₹ 1,25,000.00",250,1,"₹ 20,00,000.00","₹ 45,000.00"
Karnataka,"General Hospital, Jayanagar",DMRD(NBEMS),NBE Diploma,"₹ 1,25,000.00",300,1,"₹ 20,00,000.00","₹ 45,000.00"
Karnataka,"KauveryHosp, ElecCity,Bangalore",DMRD(NBEMS),NBE Diploma,"₹ 1,25,000.00",200,0,₹ 0.00,"₹ 56,250.00"
Karnataka,"K C Gen Hospital, Bangalore",DMRD(NBEMS),NBE Diploma,"₹ 1,25,000.00",453,1,"₹ 20,00,000.00","₹ 45,000.00"
Karnataka,"District Hosp, Chikkaballapur",DMRD(NBEMS),NBE Diploma,"₹ 1,25,000.00",300,1,"₹ 20,00,000.00","₹ 45,000.00"
Kerala,"Daya General Hosp, Thrissur",DMRD(NBEMS),NBE Diploma,"₹ 1,25,000.00",250,0,₹ 0.00,"₹ 57,876.00"
Kerala,"KIMS Al Shifa Hosp, Malappuram",DMRD(NBEMS),NBE Diploma,"₹ 1,25,000.00",500,0,₹ 0.00,"₹ 57,876.00"
Kerala,"Malabar Inst of MS, Kannur",DMRD(NBEMS),NBE Diploma,"₹ 1,25,000.00",302,0,₹ 0.00,"₹ 57,876.00"
Kerala,"Medical Trust Hospital, Kochi",DMRD(NBEMS),NBE Diploma,"₹ 1,25,000.00",500,0,₹ 0.00,"₹ 57,876.00"
Kerala,"MVR Cancer Centre, Kozhikode",DMRD(NBEMS),NBE Diploma,"₹ 1,25,000.00",250,0,₹ 0.00,"₹ 57,876.00"
Kerala,"N S Memorial IMS, Thattamala",DMRD(NBEMS),NBE Diploma,"₹ 1,25,000.00",NA,0,₹ 0.00,"₹ 57,876.00"
Madhya Pradesh,"Bansal Hospital, Shahpura",DMRD(NBEMS),NBE Diploma,"₹ 1,25,000.00",301,0,₹ 0.00,"₹ 65,000.00"
Madhya Pradesh,"CHL Hospital, Indore",DMRD(NBEMS),NBE Diploma,"₹ 1,25,000.00",200,0,₹ 0.00,"₹ 69,115.00"
Madhya Pradesh,"JaiPrakash DistGovtHosp,Bhopal",DMRD(NBEMS),NBE Diploma,"₹ 1,25,000.00",330,3,"₹ 20,00,000.00","₹ 75,444.00"
Maharashtra,"Max Super Spec Hosp, Nagpur",DMRD(NBEMS),NBE Diploma,"₹ 1,25,000.00",200,0,₹ 0.00,"₹ 76,429.00"
Maharashtra,"Bhaktivedanta Hosp, Thane",DMRD(NBEMS),NBE Diploma,"₹ 1,25,000.00",200,0,₹ 0.00,"₹ 82,769.00"
Maharashtra,"DrHedgewarRugnalaya,Aurangabad",DMRD(NBEMS),NBE Diploma,"₹ 1,25,000.00",267,0,₹ 0.00,"₹ 71,000.00"
Maharashtra,"HCG Manavata Cancer, Nashik",DMRD(NBEMS),NBE Diploma,"₹ 1,25,000.00",200,0,₹ 0.00,"₹ 45,000.00"
Maharashtra,"KamalnayanBajajHosp,Aurangabad",DMRD(NBEMS),NBE Diploma,"₹ 1,25,000.00",200,0,₹ 0.00,"₹ 73,057.00"
Maharashtra,"Lilavati Hospital, Mumbai",DMRD(NBEMS),NBE Diploma,"₹ 1,25,000.00",330,0,₹ 0.00,"₹ 86,630.00"
Maharashtra,"Noble Hospital, Pune",DMRD(NBEMS),NBE Diploma,"₹ 1,25,000.00",350,0,₹ 0.00,"₹ 89,700.00"
Maharashtra,"Ozone MS Hosp, Akola, MH",DMRD(NBEMS),NBE Diploma,"₹ 1,25,000.00",NA,0,₹ 0.00,"₹ 35,000.00"
Maharashtra,"Zen Multi Spec Hosp, Mumbai",DMRD(NBEMS),NBE Diploma,"₹ 1,25,000.00",115,0,₹ 0.00,"₹ 75,000.00"
Meghalaya,"Civil Hosp, Shillong, Meghalaya",DMRD(NBEMS),NBE Diploma,"₹ 1,25,000.00",NA,1,"₹ 20,00,000.00","₹ 35,000.00"
Odisha,"Bhima Bhoi Med Coll, Balangir",DMRD(NBEMS),NBE Diploma,"₹ 1,25,000.00",NA,2,"₹ 34,78,000.00","₹ 70,868.00"
Odisha,"Capital Hospital, Bhubaneswar",DMRD(NBEMS),NBE Diploma,"₹ 1,25,000.00",647,2,"₹ 34,78,000.00","₹ 70,868.00"
Odisha,"FakirMohanMed,Balasore,Odisha",DMRD(NBEMS),NBE Diploma,"₹ 1,25,000.00",360,2,"₹ 34,78,000.00","₹ 70,868.00"
Odisha,"PanditRaghunathMurmu,Mayurbhanj",DMRD(NBEMS),NBE Diploma,"₹ 1,25,000.00",563,2,"₹ 34,78,000.00","₹ 70,868.00"
Odisha,"Vikash Multispec Hosp,Bargarh",DMRD(NBEMS),NBE Diploma,"₹ 1,25,000.00",150,0,₹ 0.00,"₹ 66,000.00"
Punjab,"Amandeep Medicity, Amritsar",DMRD(NBEMS),NBE Diploma,"₹ 1,25,000.00",500,0,₹ 0.00,"₹ 67,968.00"
Punjab,"Amar Hospital, Patiala",DMRD(NBEMS),NBE Diploma,"₹ 1,25,000.00",158,0,₹ 0.00,"₹ 70,000.00"
Punjab,"Joshi Hospital,Jalandhar,Punjab",DMRD(NBEMS),NBE Diploma,"₹ 1,25,000.00",100,0,₹ 0.00,"₹ 68,000.00"
Punjab,"Punjab Inst of MS, Jalandhar",DMRD(NBEMS),NBE Diploma,"₹ 1,25,000.00",750,0,₹ 0.00,"₹ 60,000.00"
Punjab,"SBLS Civil Hospital, Jalandhar",DMRD(NBEMS),NBE Diploma,"₹ 1,25,000.00",470,1,"₹ 10,00,000.00","₹ 50,190.00"
Rajasthan,"Bhagwan Mahavir Cancer, Jaipur",DMRD(NBEMS),NBE Diploma,"₹ 1,25,000.00",300,0,₹ 0.00,"₹ 67,000.00"
Rajasthan,"Govt DB Dist Hosp, Churu",DMRD(NBEMS),NBE Diploma,"₹ 1,25,000.00",NA,0,₹ 0.00,"₹ 60,375.00"
Rajasthan,"Gurukripa Hospital, Sikar",DMRD(NBEMS),NBE Diploma,"₹ 1,25,000.00",NA,0,₹ 0.00,"₹ 50,000.00"
Rajasthan,"MahavirJaipuriya,MilapNgrJaipur",DMRD(NBEMS),NBE Diploma,"₹ 1,25,000.00",250,0,₹ 0.00,"₹ 60,000.00"
Tamil Nadu,"Aarthi Hospital, Kovilpatti",DMRD(NBEMS),NBE Diploma,"₹ 1,25,000.00",NA,0,₹ 0.00,"₹ 45,000.00"
Tamil Nadu,"Christian F Hosp, Oddanchatram",DMRD(NBEMS),NBE Diploma,"₹ 1,25,000.00",299,0,₹ 0.00,"₹ 52,451.00"
Tamil Nadu,"Dr Kamakshi Mem, Chennai",DMRD(NBEMS),NBE Diploma,"₹ 1,25,000.00",220,0,₹ 0.00,"₹ 52,451.00"
Tamil Nadu,"KG Hospital, Coimbatore",DMRD(NBEMS),NBE Diploma,"₹ 1,25,000.00",250,0,₹ 0.00,"₹ 52,451.00"
Tamil Nadu,"Kauvery Hosp Med Serv, Hosur",DMRD(NBEMS),NBE Diploma,"₹ 1,25,000.00",NA,0,₹ 0.00,"₹ 52,451.00"
Tamil Nadu,"Kauvery Hospital, Chennai",DMRD(NBEMS),NBE Diploma,"₹ 1,25,000.00",200,0,₹ 0.00,"₹ 52,451.00"
Tamil Nadu,"Kauvery Hospital, Salem",DMRD(NBEMS),NBE Diploma,"₹ 1,25,000.00",NA,0,₹ 0.00,"₹ 52,451.00"
Tamil Nadu,"KMC SpecHosp,Cantonment,Trichy",DMRD(NBEMS),NBE Diploma,"₹ 1,25,000.00",175,0,₹ 0.00,"₹ 52,451.00"
Tamil Nadu,"Krishna Hospital, Sattur",DMRD(NBEMS),NBE Diploma,"₹ 1,25,000.00",NA,0,₹ 0.00,"₹ 35,000.00"
Tamil Nadu,"MGM Health Care, Aminjikarai",DMRD(NBEMS),NBE Diploma,"₹ 1,25,000.00",NA,0,₹ 0.00,"₹ 52,451.00"
Tamil Nadu,"Vadamalayan Hospital, Madurai",DMRD(NBEMS),NBE Diploma,"₹ 1,25,000.00",200,0,₹ 0.00,"₹ 52,451.00"
Telangana,"Ekashilaa Hosp, Warangal",DMRD(NBEMS),NBE Diploma,"₹ 1,25,000.00",200,0,₹ 0.00,"₹ 58,289.00"
Telangana,"Renee Hospital, Karimnagar, TEL",DMRD(NBEMS),NBE Diploma,"₹ 1,25,000.00",150,0,₹ 0.00,"₹ 50,000.00"
Telangana,"SLG Hospitals, Bachupally",DMRD(NBEMS),NBE Diploma,"₹ 1,25,000.00",NA,0,₹ 0.00,"₹ 50,686.00"
Telangana,"Star Hospital, Hyderabad",DMRD(NBEMS),NBE Diploma,"₹ 1,25,000.00",200,0,₹ 0.00,"₹ 58,289.00"
Uttar Pradesh,"Apex Hospital, Varanasi",DMRD(NBEMS),NBE Diploma,"₹ 1,25,000.00",200,0,₹ 0.00,"₹ 56,100.00"
Uttar Pradesh,"AutonomousStateMC,Shahjahanpur",DMRD(NBEMS),NBE Diploma,"₹ 1,25,000.00",312,0,₹ 0.00,"₹ 80,000.00"
Uttar Pradesh,"Autonomous State MC, Firozabad",DMRD(NBEMS),NBE Diploma,"₹ 1,25,000.00",244,0,₹ 0.00,"₹ 80,000.00"
Uttar Pradesh,"HomiBhabhaCancHosp,Varanasi,UP",DMRD(NBEMS),NBE Diploma,"₹ 1,25,000.00",352,1,"₹ 25,00,000.00","₹ 1,00,800.00"
Jammu and Kashmir,"District Hospital, Pulwama, JK",DMRD(NBEMS),NBE Diploma,"₹ 1,25,000.00",200,0,₹ 0.00,"₹ 48,000.00"
Uttar Pradesh,"AutonomousStateMC,Rampur",DMRD(NBEMS),NBE Diploma,"₹ 1,25,000.00",NA,0,₹ 0.00,"₹ 80,000.00"
Uttar Pradesh,"Popular Medicare, Varanasi",DMRD(NBEMS),NBE Diploma,"₹ 1,25,000.00",450,0,₹ 0.00,"₹ 55,000.00"
Uttar Pradesh,"Siddh MultispecHosp, Moradabad",DMRD(NBEMS),NBE Diploma,"₹ 1,25,000.00",NA,0,₹ 0.00,"₹ 56,000.00"
West Bengal,"Coochbehar Govt Med Coll, WB",DMRD(NBEMS),NBE Diploma,"₹ 1,25,000.00",400,0,₹ 0.00,"₹ 49,884.00"
West Bengal,"DiamondHarbour(Gov),Harindanga",DMRD(NBEMS),NBE Diploma,"₹ 1,25,000.00",726,0,₹ 0.00,"₹ 49,884.00"
West Bengal,"NeotiaGetwelHC Centre,Siliguri",DMRD(NBEMS),NBE Diploma,"₹ 1,25,000.00",217,0,₹ 0.00,"₹ 49,884.00"
West Bengal,"Peerless Hospital, Kolkata",DMRD(NBEMS),NBE Diploma,"₹ 1,25,000.00",400,0,₹ 0.00,"₹ 46,300.00"
West Bengal,"RN Tagore (Cardiac), Kolkata",DMRD(NBEMS),NBE Diploma,"₹ 1,25,000.00",681,0,₹ 0.00,"₹ 49,884.00"
West Bengal,"WoodlandsMultiSpecHosp,Kolkata",DMRD(NBEMS),NBE Diploma,"₹ 1,25,000.00",NA,0,₹ 0.00,"₹ 43,000.00"
Bihar,"ESIC MC & Hosp Bihta, Patna",DMRD(NBEMS),NBE Diploma,"₹ 1,25,000.00",330,1,"₹ 7,50,000.00","₹ 70,000.00"
Delhi,"Dr Baba Saheb Ambedkar, Delhi",DMRD(NBEMS),NBE Diploma,"₹ 1,25,000.00",500,0,₹ 0.00,"₹ 1,26,927.00"
Karnataka,"Sri Sathya Sai, Chikkaballapura",DMRD(NBEMS),NBE Diploma,"₹ 1,25,000.00",300,0,₹ 0.00,"₹ 45,000.00"
Maharashtra,"Aditya Birla Mem Hosp, Pune",DMRD(NBEMS),NBE Diploma,"₹ 1,25,000.00",500,0,₹ 0.00,"₹ 86,629.00"
Maharashtra,"Dr RN Cooper Gen Hosp, Mumbai",DMRD(NBEMS),NBE Diploma,"₹ 1,25,000.00",940,NA,NA,"₹ 75,144.00"
Maharashtra,"Govt Med Coll & Hosp, Alibag",DMRD(NBEMS),NBE Diploma,"₹ 1,25,000.00",NA,1,"₹ 50,00,000.00","₹ 75,144.00"
Maharashtra,"ShriBhausahebGovtMedColl,Dhule",DMRD(NBEMS),NBE Diploma,"₹ 1,25,000.00",NA,1,"₹ 50,00,000.00","₹ 75,144.00"
Meghalaya,"Woodland Hosp, Malki, Shillong",DMRD(NBEMS),NBE Diploma,"₹ 1,25,000.00",160,0,₹ 0.00,"₹ 35,000.00"
Madhya Pradesh,"All is Well MultSpec,Burhanpur",DMRD(NBEMS),NBE Diploma,"₹ 1,25,000.00",360,0,₹ 0.00,"₹ 35,000.00"
Maharashtra,"Bhatia Hosp, Tardeo, Mumbai",DMRD(NBEMS),NBE Diploma,"₹ 1,25,000.00",NA,0,₹ 0.00,"₹ 70,000.00"
Maharashtra,"DrRajendraGodeMedColl,Amravati",DMRD(NBEMS),NBE Diploma,"₹ 1,25,000.00",350,0,₹ 0.00,"₹ 35,000.00"
Maharashtra,"VivekanandHosp,SignalCamp,Latur",DMRD(NBEMS),NBE Diploma,"₹ 1,25,000.00",NA,0,₹ 0.00,"₹ 71,000.00"
Meghalaya,"BethanyHos,NongrimHill,Shillong",DMRD(NBEMS),NBE Diploma,"₹ 1,25,000.00",175,0,₹ 0.00,"₹ 55,000.00"
Kerala,"MalabarCancerCentre,Thalassery",DMRD(NBEMS),NBE Diploma,"₹ 1,25,000.00",203,1,"₹ 50,00,000.00","₹ 57,876.00"
Pondicherry,"IG GovtGenHosp&PGI,Pondicherry",DMRD(NBEMS),NBE Diploma,"₹ 1,25,000.00",626,0,₹ 0.00,"₹ 43,000.00"
Tamil Nadu,"Govt HQ Hosp, Cuddalore",DMRD(NBEMS),NBE Diploma,"₹ 1,25,000.00",750,2,"₹ 20,00,000.00","₹ 52,451.00"
West Bengal,"District Hospital, Nadia",DMRD(NBEMS),NBE Diploma,"₹ 1,25,000.00",723,0,₹ 0.00,"₹ 49,884.00"
Maharashtra,"Pawana Hospital, Pune",DMRD(NBEMS),NBE Diploma,"₹ 1,25,000.00",NA,0,₹ 0.00,"₹ 76,429.00"
Tamil Nadu,"Sudha Hospitals, Erode",DMRD(NBEMS),NBE Diploma,"₹ 1,25,000.00",242,0,₹ 0.00,"₹ 37,000.00"
Uttar Pradesh,"Apollomedics SS Hosp, Lucknow",DMRD(NBEMS),NBE Diploma,"₹ 1,25,000.00",300,0,₹ 0.00,"₹ 80,000.00"
Maharashtra,"P Hinduja Hosp, KharWest,Mumbai",DMRD(NBEMS),NBE Diploma,"₹ 1,25,000.00",NA,0,₹ 0.00,"₹ 89,700.00"
Uttar Pradesh,"Dist Male Hosp, Basti, UP",DTBCD(NBEMS),NBE Diploma,"₹ 1,25,000.00",NA,0,₹ 0.00,"₹ 70,000.00"
Gujarat,"GMERS MedColl Hosp,Valsad",DTBCD(NBEMS),NBE Diploma,"₹ 1,25,000.00",650,0,₹ 0.00,"₹ 75,600.00"
Gujarat,"GMERS MedColl Hosp,Gandhinagar",DTBCD(NBEMS),NBE Diploma,"₹ 1,25,000.00",770,0,₹ 0.00,"₹ 75,600.00"
Gujarat,"GMERS MedColl Hosp,Mehsana",DTBCD(NBEMS),NBE Diploma,"₹ 1,25,000.00",NA,0,₹ 0.00,"₹ 75,600.00"
Gujarat,"GMERS MedColl Hosp,Patan",DTBCD(NBEMS),NBE Diploma,"₹ 1,25,000.00",650,0,₹ 0.00,"₹ 75,600.00"
Andhra Pradesh,"Kanumuri Hosp, Kothapet, Guntur",DTBCD(NBEMS),NBE Diploma,"₹ 1,25,000.00",100,0,₹ 0.00,"₹ 60,823.00"
Andhra Pradesh,"St. Josephs Gen Hosp, Guntur",DTBCD(NBEMS),NBE Diploma,"₹ 1,25,000.00",NA,0,₹ 0.00,"₹ 60,823.00"
Chhattisgarh,"MMI Narayana MultiSpec, Lalpur",DTBCD(NBEMS),NBE Diploma,"₹ 1,25,000.00",215,0,₹ 0.00,"₹ 67,500.00"
Chhattisgarh,"VYIMS, Raipur",DTBCD(NBEMS),NBE Diploma,"₹ 1,25,000.00",175,0,₹ 0.00,"₹ 53,550.00"
Delhi,"ESI Hospital, Jhilmil Shahdara",DTBCD(NBEMS),NBE Diploma,"₹ 1,25,000.00",300,1,"₹ 7,50,000.00","₹ 70,000.00"
Delhi,"Jaipur Golden Hospital, Delhi",DTBCD(NBEMS),NBE Diploma,"₹ 1,25,000.00",242,0,₹ 0.00,"₹ 70,000.00"
Delhi,"NationalHeartIns,EastofKailash",DTBCD(NBEMS),NBE Diploma,"₹ 1,25,000.00",75,0,₹ 0.00,"₹ 56,250.00"
Haryana,"Alchemist Hosp, Panchkula",DTBCD(NBEMS),NBE Diploma,"₹ 1,25,000.00",180,0,₹ 0.00,"₹ 38,000.00"
Haryana,"BPS Med Coll, Sonepat",DTBCD(NBEMS),NBE Diploma,"₹ 1,25,000.00",550,0,₹ 0.00,"₹ 1,00,980.00"
Haryana,"FIMS Hospital, Sonipat",DTBCD(NBEMS),NBE Diploma,"₹ 1,25,000.00",140,0,₹ 0.00,"₹ 56,000.00"
Haryana,"General Hospital, Panchkula",DTBCD(NBEMS),NBE Diploma,"₹ 1,25,000.00",300,0,₹ 0.00,"₹ 1,00,980.00"
Haryana,"Lala Harbhagwan Das, Panipat",DTBCD(NBEMS),NBE Diploma,"₹ 1,25,000.00",140,0,₹ 0.00,"₹ 51,100.00"
Haryana,"Maharaja Agrasen MCHosp,Agroha",DTBCD(NBEMS),NBE Diploma,"₹ 1,25,000.00",541,0,₹ 0.00,"₹ 1,00,980.00"
Jammu and Kashmir,"Govt Med Coll Hosp, Anantnag",DTBCD(NBEMS),NBE Diploma,"₹ 1,25,000.00",363,0,₹ 0.00,"₹ 59,500.00"
Jharkhand,"NHBrahamananda Nar,Jamshedpur",DTBCD(NBEMS),NBE Diploma,"₹ 1,25,000.00",NA,0,₹ 0.00,"₹ 54,500.00"
Karnataka,"Trustwell Hospitals, Bangalore",DTBCD(NBEMS),NBE Diploma,"₹ 1,25,000.00",NA,0,₹ 0.00,"₹ 35,000.00"
Kerala,"EMS Mem Hosp, Perinthalmanna",DTBCD(NBEMS),NBE Diploma,"₹ 1,25,000.00",500,0,₹ 0.00,"₹ 57,876.00"
Kerala,"MalankaraMedMissn,Thrissur, KER",DTBCD(NBEMS),NBE Diploma,"₹ 1,25,000.00",150,0,₹ 0.00,"₹ 35,000.00"
Maharashtra,"Hiranandani Hosp, Mumbai",DTBCD(NBEMS),NBE Diploma,"₹ 1,25,000.00",244,0,₹ 0.00,"₹ 83,000.00"
Maharashtra,"Dr RN Cooper Gen Hosp, Mumbai",DTBCD(NBEMS),NBE Diploma,"₹ 1,25,000.00",940,NA,NA,"₹ 75,144.00"
Maharashtra,"Lilavati Hospital, Mumbai",DTBCD(NBEMS),NBE Diploma,"₹ 1,25,000.00",330,0,₹ 0.00,"₹ 86,630.00"
Odisha,"Capital Hospital, Bhubaneswar",DTBCD(NBEMS),NBE Diploma,"₹ 1,25,000.00",647,2,"₹ 34,78,000.00","₹ 70,868.00"
Odisha,"Vikash Multispec Hosp,Bargarh",DTBCD(NBEMS),NBE Diploma,"₹ 1,25,000.00",150,0,₹ 0.00,"₹ 66,000.00"
Punjab,"Amandeep Medicity, Amritsar",DTBCD(NBEMS),NBE Diploma,"₹ 1,25,000.00",500,0,₹ 0.00,"₹ 67,968.00"
Punjab,"District Hosp, Faridkot, Punjab",DTBCD(NBEMS),NBE Diploma,"₹ 1,25,000.00",100,1,"₹ 10,00,000.00","₹ 50,190.00"
Punjab,"Lord MahavirCivilHosp,Ludhiana",DTBCD(NBEMS),NBE Diploma,"₹ 1,25,000.00",250,1,"₹ 10,00,000.00","₹ 50,190.00"
Punjab,"Mohandai Oswal Hosp, Ludhiana",DTBCD(NBEMS),NBE Diploma,"₹ 1,25,000.00",300,0,₹ 0.00,"₹ 67,968.00"
Rajasthan,"Govt General Hosp, Madhopur",DTBCD(NBEMS),NBE Diploma,"₹ 1,25,000.00",NA,0,₹ 0.00,"₹ 60,375.00"
Rajasthan,"Govt Hosp, Barmer",DTBCD(NBEMS),NBE Diploma,"₹ 1,25,000.00",NA,0,₹ 0.00,"₹ 60,375.00"
Rajasthan,"Govt MedColl Hosp,RamasiyaPali",DTBCD(NBEMS),NBE Diploma,"₹ 1,25,000.00",NA,0,₹ 0.00,"₹ 60,375.00"
Rajasthan,"Govt DB Dist Hosp, Churu",DTBCD(NBEMS),NBE Diploma,"₹ 1,25,000.00",NA,0,₹ 0.00,"₹ 60,375.00"
Rajasthan,"Govt Dist Hosp, Sri Ganganagar",DTBCD(NBEMS),NBE Diploma,"₹ 1,25,000.00",NA,0,₹ 0.00,"₹ 60,375.00"
Rajasthan,"Govt Medical College, Rampura",DTBCD(NBEMS),NBE Diploma,"₹ 1,25,000.00",NA,0,₹ 0.00,"₹ 60,375.00"
Rajasthan,"Mahatma Gandhi Hosp, Bhilwara",DTBCD(NBEMS),NBE Diploma,"₹ 1,25,000.00",NA,0,₹ 0.00,"₹ 60,375.00"
Rajasthan,"MGM Govt Dist Hosp,Hanumangarh",DTBCD(NBEMS),NBE Diploma,"₹ 1,25,000.00",NA,0,₹ 0.00,"₹ 60,375.00"
Tamil Nadu,"GKNM Hospital, Coimbatore",DTBCD(NBEMS),NBE Diploma,"₹ 1,25,000.00",600,0,₹ 0.00,"₹ 52,451.00"
Tamil Nadu,"Hindusthan Hosp, Coimbatore, TN",DTBCD(NBEMS),NBE Diploma,"₹ 1,25,000.00",200,0,₹ 0.00,"₹ 48,000.00"
Tamil Nadu,"KG Hospital, Coimbatore",DTBCD(NBEMS),NBE Diploma,"₹ 1,25,000.00",250,0,₹ 0.00,"₹ 52,451.00"
Tamil Nadu,"MGM Health Care, Aminjikarai",DTBCD(NBEMS),NBE Diploma,"₹ 1,25,000.00",NA,0,₹ 0.00,"₹ 52,451.00"
Tamil Nadu,"Vijaya Hospital, Chennai",DTBCD(NBEMS),NBE Diploma,"₹ 1,25,000.00",281,0,₹ 0.00,"₹ 52,451.00"
Telangana,"Ekashilaa Hosp, Warangal",DTBCD(NBEMS),NBE Diploma,"₹ 1,25,000.00",200,0,₹ 0.00,"₹ 58,289.00"
Telangana,"Yashoda HealthCareServ,Somajiguda,HYD",DTBCD(NBEMS),NBE Diploma,"₹ 1,25,000.00",650,0,₹ 0.00,"₹ 58,289.00"
Uttar Pradesh,"Autonomous State MC, Ayodhya",DTBCD(NBEMS),NBE Diploma,"₹ 1,25,000.00",300,0,₹ 0.00,"₹ 80,000.00"
Uttar Pradesh,"Balrampur Hospital, Lucknow",DTBCD(NBEMS),NBE Diploma,"₹ 1,25,000.00",656,0,₹ 0.00,"₹ 70,000.00"
Uttar Pradesh,"Charak Hosp & RC, Lucknow",DTBCD(NBEMS),NBE Diploma,"₹ 1,25,000.00",NA,0,₹ 0.00,"₹ 56,100.00"
Uttar Pradesh,"Midland HC & RC, Lucknow",DTBCD(NBEMS),NBE Diploma,"₹ 1,25,000.00",NA,0,₹ 0.00,"₹ 35,000.00"
Uttar Pradesh,"Regency Hospital, Kanpur",DTBCD(NBEMS),NBE Diploma,"₹ 1,25,000.00",207,0,₹ 0.00,"₹ 70,000.00"
Uttar Pradesh,"UrsalaHorsmanMemHosp, Kanpur",DTBCD(NBEMS),NBE Diploma,"₹ 1,25,000.00",550,0,₹ 0.00,"₹ 70,000.00"
Uttarakhand,"Max SS Hosp, Dehradun",DTBCD(NBEMS),NBE Diploma,"₹ 1,25,000.00",200,0,₹ 0.00,"₹ 57,000.00"
Uttar Pradesh,"LalBahadurShastri Hosp,Varanasi",DTBCD(NBEMS),NBE Diploma,"₹ 1,25,000.00",NA,0,₹ 0.00,"₹ 70,000.00"
Maharashtra,"Datta Meghe Med Coll, Nagpur",EMERGENCY MEDICINE,MNG,"₹ 30,00,000.00",925,1,"₹ 5,00,000.00","₹ 66,629.00"
Maharashtra,"Datta Meghe Med Coll, Nagpur",ANAESTHESIOLOGY,MNG,"₹ 24,00,000.00",925,1,"₹ 5,00,000.00","₹ 66,629.00"
Karnataka,"St Philomena's Hosp,Bangalore",DEM(NBEMS),NBE Diploma,"₹ 1,25,000.00",371,0,₹ 0.00,"₹ 56,250.00"
