S. No.,State,Management of college,College Name,Course Name,Seats
1,Andhra Pradesh,Govt,ACSR Government Medical College Nellore,MD - Anaesthesiology,3
2,Andhra Pradesh,Govt,ACSR Government Medical College Nellore,MD - Anatomy,2
3,Andhra Pradesh,Govt,ACSR Government Medical College Nellore,MD - Community Medicine,2
4,Andhra Pradesh,Govt,ACSR Government Medical College Nellore,MS - OBG,7
5,Andhra Pradesh,Govt,ACSR Government Medical College Nellore,MS - General Surgery,5
6,Andhra Pradesh,Govt,ACSR Government Medical College Nellore,MS - Orthopedics,4
7,Andhra Pradesh,Govt,ACSR Government Medical College Nellore,MS - Ophthalmology,3
8,Andhra Pradesh,Govt,ACSR Government Medical College Nellore,MD- General Medicine,17
9,Andhra Pradesh,Govt,ACSR Government Medical College Nellore,MD - Paediatrics,6
10,Andhra Pradesh,Govt,ACSR Government Medical College Nellore,MD - Psychiatry,2
11,Andhra Pradesh,Govt,ACSR Government Medical College Nellore,MD - Respiratory Medicine,3
12,Andhra Pradesh,Govt,ACSR Government Medical College Nellore,MD - Forensic Medicine,2
13,Andhra Pradesh,Trust,"Alluri Sitaram Raju Academy of Medical Sciences, Eluru",MD - Pharmacology,2
14,Andhra Pradesh,Trust,"Alluri Sitaram Raju Academy of Medical Sciences, Eluru",MS - ENT,6
15,Andhra Pradesh,Trust,"Alluri Sitaram Raju Academy of Medical Sciences, Eluru","MD - Social & Preventive Medicine / Community
Medicine",4
16,Andhra Pradesh,Trust,"Alluri Sitaram Raju Academy of Medical Sciences, Eluru",MD - Anaesthesiology,14
17,Andhra Pradesh,Trust,"Alluri Sitaram Raju Academy of Medical Sciences, Eluru",MD - Bio-Chemistry,2
18,Andhra Pradesh,Trust,"Alluri Sitaram Raju Academy of Medical Sciences, Eluru","MD - Dermatology , Venereology & Leprosy",6
19,Andhra Pradesh,Trust,"Alluri Sitaram Raju Academy of Medical Sciences, Eluru","MD - Forensic Medicine/Forensic Medicine &
Toxicology",2
20,Andhra Pradesh,Trust,"Alluri Sitaram Raju Academy of Medical Sciences, Eluru",MD - Microbiology,2
21,Andhra Pradesh,Trust,"Alluri Sitaram Raju Academy of Medical Sciences, Eluru",MS - Orthopaedics,10
22,Andhra Pradesh,Trust,"Alluri Sitaram Raju Academy of Medical Sciences, Eluru",MD - Radio Diagnosis/Radiology,18
23,Andhra Pradesh,Trust,"Alluri Sitaram Raju Academy of Medical Sciences, Eluru",MD - Paediatrics,12
24,Andhra Pradesh,Trust,"Alluri Sitaram Raju Academy of Medical Sciences, Eluru",MS - Ophthalmology,6
25,Andhra Pradesh,Trust,"Alluri Sitaram Raju Academy of Medical Sciences, Eluru",MS - Obstetrics & Gynaecology,15
26,Andhra Pradesh,Trust,"Alluri Sitaram Raju Academy of Medical Sciences, Eluru",MS - General Surgery,20
27,Andhra Pradesh,Trust,"Alluri Sitaram Raju Academy of Medical Sciences, Eluru",MD - Physiology,2
28,Andhra Pradesh,Trust,"Alluri Sitaram Raju Academy of Medical Sciences, Eluru","MD - Tuberculosis & Respiratory Diseases / Pulmonary
Medicine",7
29,Andhra Pradesh,Trust,"Alluri Sitaram Raju Academy of Medical Sciences, Eluru",MD - General Medicine,20
30,Andhra Pradesh,Trust,"Alluri Sitaram Raju Academy of Medical Sciences, Eluru",MD - Pathology,5
31,Andhra Pradesh,Trust,"Alluri Sitaram Raju Academy of Medical Sciences, Eluru",MD - Anatomy,2
32,Andhra Pradesh,Trust,"Alluri Sitaram Raju Academy of Medical Sciences, Eluru",MD - Psychiatry,3
33,Andhra Pradesh,Govt,"Andhra Medical College, Visakhapatnam",M.D. Anatomy,5
34,Andhra Pradesh,Govt,"Andhra Medical College, Visakhapatnam",M.D.Biochemistry,10
35,Andhra Pradesh,Govt,"Andhra Medical College, Visakhapatnam",M.D.Forensic Medicine,10
36,Andhra Pradesh,Govt,"Andhra Medical College, Visakhapatnam",M.D.Microbiology,10
37,Andhra Pradesh,Govt,"Andhra Medical College, Visakhapatnam",M.D.Pathology,14
38,Andhra Pradesh,Govt,"Andhra Medical College, Visakhapatnam",M.D.Pharmacology,10
39,Andhra Pradesh,Govt,"Andhra Medical College, Visakhapatnam",M.D.Physiology,12
40,Andhra Pradesh,Govt,"Andhra Medical College, Visakhapatnam",M.D. Community Medicine,12
41,Andhra Pradesh,Govt,"Andhra Medical College, Visakhapatnam",M.D. Anaesthesia,21
42,Andhra Pradesh,Govt,"Andhra Medical College, Visakhapatnam","M.D.,Dermatology",10
43,Andhra Pradesh,Govt,"Andhra Medical College, Visakhapatnam",M.D. General Medicine,29
44,Andhra Pradesh,Govt,"Andhra Medical College, Visakhapatnam",M.D. Paediatric,12
45,Andhra Pradesh,Govt,"Andhra Medical College, Visakhapatnam",M.D.Psychiatry,27
46,Andhra Pradesh,Govt,"Andhra Medical College, Visakhapatnam",M.D.Radiology/Radiodiagnosis,10
47,Andhra Pradesh,Govt,"Andhra Medical College, Visakhapatnam",M.D.Radiotherapy/Radiation Oncology,5
48,Andhra Pradesh,Govt,"Andhra Medical College, Visakhapatnam",M.D. Pulmonary Medicine,18
49,Andhra Pradesh,Govt,"Andhra Medical College, Visakhapatnam",M.S.ENT,13
50,Andhra Pradesh,Govt,"Andhra Medical College, Visakhapatnam",M.S.Ophthalmology,15
51,Andhra Pradesh,Govt,"Andhra Medical College, Visakhapatnam",M. S. Orthopaedics,12
52,Andhra Pradesh,Govt,"Andhra Medical College, Visakhapatnam",M.S. General Surgery,26
53,Andhra Pradesh,Govt,"Andhra Medical College, Visakhapatnam",M.S. OBG,37
54,Andhra Pradesh,Society,"Apollo Institute of Medical Sciences and Research, Chittoor",MD - Anatomy,2
55,Andhra Pradesh,Society,"Apollo Institute of Medical Sciences and Research, Chittoor",MS - General Surgery,4
56,Andhra Pradesh,Society,"Apollo Institute of Medical Sciences and Research, Chittoor",MD - Anaesthesiology,3
57,Andhra Pradesh,Society,"Apollo Institute of Medical Sciences and Research, Chittoor",MS - Ophthalmology,1
58,Andhra Pradesh,Society,"Apollo Institute of Medical Sciences and Research, Chittoor",MD - Psychiatry,2
59,Andhra Pradesh,Society,"Apollo Institute of Medical Sciences and Research, Chittoor",MD - Radio Diagnosis,2
60,Andhra Pradesh,Society,"Apollo Institute of Medical Sciences and Research, Chittoor",MD - Physiology,2
61,Andhra Pradesh,Society,"Apollo Institute of Medical Sciences and Research, Chittoor",MD - Paediatrics,3
62,Andhra Pradesh,Society,"Apollo Institute of Medical Sciences and Research, Chittoor",MD - Respiratory Medicine,2
63,Andhra Pradesh,Society,"Apollo Institute of Medical Sciences and Research, Chittoor",MS - Obstetrics and Gynaecology,5
64,Andhra Pradesh,Society,"Apollo Institute of Medical Sciences and Research, Chittoor",MS - Orthopaedics,2
65,Andhra Pradesh,Society,"Apollo Institute of Medical Sciences and Research, Chittoor",MS - Otorhinolaryngology,2
66,Andhra Pradesh,Society,"Apollo Institute of Medical Sciences and Research, Chittoor",MD - General Medicine,5
67,Andhra Pradesh,Society,"Apollo Institute of Medical Sciences and Research, Chittoor","MD - Dermatology , Venereology & Leprosy",1
68,Andhra Pradesh,Society,"Apollo Institute of Medical Sciences and Research, Chittoor",MD - Community Medicine,2
69,Andhra Pradesh,Trust,"Dr. P.S.I. Medical College , Chinoutpalli",MD - Pathology,5
70,Andhra Pradesh,Trust,"Dr. P.S.I. Medical College , Chinoutpalli",MD - Anatomy,2
71,Andhra Pradesh,Trust,"Dr. P.S.I. Medical College , Chinoutpalli",MD - Physiology,2
72,Andhra Pradesh,Trust,"Dr. P.S.I. Medical College , Chinoutpalli",MD - Psychiatry,4
73,Andhra Pradesh,Trust,"Dr. P.S.I. Medical College , Chinoutpalli",Diploma in Clinical Pathology,4
74,Andhra Pradesh,Trust,"Dr. P.S.I. Medical College , Chinoutpalli","MD - Dermatology , Venereology & Leprosy",6
75,Andhra Pradesh,Trust,"Dr. P.S.I. Medical College , Chinoutpalli",MD - Anaesthesiology,10
76,Andhra Pradesh,Trust,"Dr. P.S.I. Medical College , Chinoutpalli",MS - Ophthalmology,6
77,Andhra Pradesh,Trust,"Dr. P.S.I. Medical College , Chinoutpalli","MD - Tuberculosis & Respiratory Diseases / Pulmonary
Medicine",5
78,Andhra Pradesh,Trust,"Dr. P.S.I. Medical College , Chinoutpalli",MD - General Medicine,14
79,Andhra Pradesh,Trust,"Dr. P.S.I. Medical College , Chinoutpalli",MD - Bio-Chemistry,2
80,Andhra Pradesh,Trust,"Dr. P.S.I. Medical College , Chinoutpalli",MD - Pharmacology,4
81,Andhra Pradesh,Trust,"Dr. P.S.I. Medical College , Chinoutpalli",MS - Obstetrics & Gynaecology,8
82,Andhra Pradesh,Trust,"Dr. P.S.I. Medical College , Chinoutpalli",Diploma in Public Health,1
83,Andhra Pradesh,Trust,"Dr. P.S.I. Medical College , Chinoutpalli",MD - Microbiology,4
84,Andhra Pradesh,Trust,"Dr. P.S.I. Medical College , Chinoutpalli","MD - Social & Preventive Medicine / Community
Medicine",4
85,Andhra Pradesh,Trust,"Dr. P.S.I. Medical College , Chinoutpalli",MS - Orthopaedics,7
86,Andhra Pradesh,Trust,"Dr. P.S.I. Medical College , Chinoutpalli",MD - Paediatrics,6
87,Andhra Pradesh,Trust,"Dr. P.S.I. Medical College , Chinoutpalli",MS - General Surgery,12
88,Andhra Pradesh,Trust,"Dr. P.S.I. Medical College , Chinoutpalli",MD - Radio Diagnosis/Radiology,9
89,Andhra Pradesh,Trust,"Dr. P.S.I. Medical College , Chinoutpalli",MS - ENT,6
90,Andhra Pradesh,Trust,"Fathima Instt. of Medical Sciences,Kadapa",MD - Radio Diagnosis/Radiology,3
91,Andhra Pradesh,Trust,"Fathima Instt. of Medical Sciences,Kadapa",MD - General Medicine,8
92,Andhra Pradesh,Trust,"Fathima Instt. of Medical Sciences,Kadapa","MD - Dermatology , Venereology & Leprosy",3
93,Andhra Pradesh,Trust,"Fathima Instt. of Medical Sciences,Kadapa",MS - Obstetrics & Gynaecology,3
94,Andhra Pradesh,Trust,"Fathima Instt. of Medical Sciences,Kadapa",MS - General Surgery,4
95,Andhra Pradesh,Trust,"Fathima Instt. of Medical Sciences,Kadapa",MD - Paediatrics,4
96,Andhra Pradesh,Society,"Gayathri Vidya Parishad Institute of Health Care & Medical Technology,
Visakhapatnam",MD - General Medicine,4
97,Andhra Pradesh,Society,"Gayathri Vidya Parishad Institute of Health Care & Medical Technology,
Visakhapatnam",MD - Paediatrics,4
98,Andhra Pradesh,Society,"Gayathri Vidya Parishad Institute of Health Care & Medical Technology,
Visakhapatnam",MD - Respiratory Medicine,3
99,Andhra Pradesh,Society,"Gayathri Vidya Parishad Institute of Health Care & Medical Technology,
Visakhapatnam","MD - Dermatology , Venereology & Leprosy",3
100,Andhra Pradesh,Society,"Gayathri Vidya Parishad Institute of Health Care & Medical Technology,
Visakhapatnam",MD - Psychiatry,3
101,Andhra Pradesh,Society,"Gayathri Vidya Parishad Institute of Health Care & Medical Technology,
Visakhapatnam",MS - General Surgery,6
102,Andhra Pradesh,Society,"Gayathri Vidya Parishad Institute of Health Care & Medical Technology,
Visakhapatnam",MS - Orthopaedics,4
103,Andhra Pradesh,Society,"Gayathri Vidya Parishad Institute of Health Care & Medical Technology,
Visakhapatnam",MS - Otorhinolaryngology,3
104,Andhra Pradesh,Society,"Gayathri Vidya Parishad Institute of Health Care & Medical Technology,
Visakhapatnam",MS - Ophthalmology,1
105,Andhra Pradesh,Society,"Gayathri Vidya Parishad Institute of Health Care & Medical Technology,
Visakhapatnam",MS - Obstetrics and Gynaecology,3
106,Andhra Pradesh,Society,"Gayathri Vidya Parishad Institute of Health Care & Medical Technology,
Visakhapatnam",MD - Anaesthesiology,6
107,Andhra Pradesh,Society,"Gayathri Vidya Parishad Institute of Health Care & Medical Technology,
Visakhapatnam",MD - Radio Diagnosis,2
108,Andhra Pradesh,Society,"Gayathri Vidya Parishad Institute of Health Care & Medical Technology,
Visakhapatnam",MD - Pathology,2
109,Andhra Pradesh,Society,"Gayathri Vidya Parishad Institute of Health Care & Medical Technology,
Visakhapatnam",MD - Community Medicine,2
110,Andhra Pradesh,Pvt,"GITAM Institute of Medical Sciences and Research, Visakhapatnam",MS - Otorhinolaryngology,3
111,Andhra Pradesh,Pvt,"GITAM Institute of Medical Sciences and Research, Visakhapatnam","MD - Dermatology , Venereology & Leprosy",3
112,Andhra Pradesh,Pvt,"GITAM Institute of Medical Sciences and Research, Visakhapatnam",MD - Paediatrics,4
113,Andhra Pradesh,Pvt,"GITAM Institute of Medical Sciences and Research, Visakhapatnam",MD - Pathology,3
114,Andhra Pradesh,Pvt,"GITAM Institute of Medical Sciences and Research, Visakhapatnam",MS - Obstetrics and Gynaecology,6
115,Andhra Pradesh,Pvt,"GITAM Institute of Medical Sciences and Research, Visakhapatnam",MD - Radio Diagnosis,4
116,Andhra Pradesh,Pvt,"GITAM Institute of Medical Sciences and Research, Visakhapatnam",MD - Anaesthesiology,6
117,Andhra Pradesh,Pvt,"GITAM Institute of Medical Sciences and Research, Visakhapatnam",MD - Respiratory Medicine,2
118,Andhra Pradesh,Pvt,"GITAM Institute of Medical Sciences and Research, Visakhapatnam",MS - Ophthalmology,2
119,Andhra Pradesh,Pvt,"GITAM Institute of Medical Sciences and Research, Visakhapatnam",MS - General Surgery,6
120,Andhra Pradesh,Pvt,"GITAM Institute of Medical Sciences and Research, Visakhapatnam",MS - Orthopaedics,4
121,Andhra Pradesh,Pvt,"GITAM Institute of Medical Sciences and Research, Visakhapatnam",MD - General Medicine,4
122,Andhra Pradesh,Pvt,"GITAM Institute of Medical Sciences and Research, Visakhapatnam",MD - Psychiatry,2
123,Andhra Pradesh,Pvt,"GITAM Institute of Medical Sciences and Research, Visakhapatnam",MD - Community Medicine,3
124,Andhra Pradesh,Govt,"Government Medical College, Ananthapuram",MD - Respiratory Medicine,5
125,Andhra Pradesh,Govt,"Government Medical College, Ananthapuram",MD - Pathology,4
126,Andhra Pradesh,Govt,"Government Medical College, Ananthapuram",MS - Otorhinolaryngology,3
127,Andhra Pradesh,Govt,"Government Medical College, Ananthapuram",MD - Microbiology,11
128,Andhra Pradesh,Govt,"Government Medical College, Ananthapuram",MD - Radio Diagnosis,12
129,Andhra Pradesh,Govt,"Government Medical College, Ananthapuram",MS - Obstetrics & Gynaecology,12
130,Andhra Pradesh,Govt,"Government Medical College, Ananthapuram",MD - Psychiatry,2
131,Andhra Pradesh,Govt,"Government Medical College, Ananthapuram",MD - General Medicine,9
132,Andhra Pradesh,Govt,"Government Medical College, Ananthapuram",MS - Orthopaedics,7
133,Andhra Pradesh,Govt,"Government Medical College, Ananthapuram",MD - Pharmacology,7
134,Andhra Pradesh,Govt,"Government Medical College, Ananthapuram",MS - Ophthalmology,3
135,Andhra Pradesh,Govt,"Government Medical College, Ananthapuram","MD - Social & Preventive Medicine / Community
Medicine",3
136,Andhra Pradesh,Govt,"Government Medical College, Ananthapuram",MD - Anaesthesiology,6
137,Andhra Pradesh,Govt,"Government Medical College, Ananthapuram",MD - Anatomy,9
138,Andhra Pradesh,Govt,"Government Medical College, Ananthapuram",MD - Paediatrics,4
139,Andhra Pradesh,Govt,"Government Medical College, Ananthapuram",MD - Bio-Chemistry,2
140,Andhra Pradesh,Govt,"Government Medical College, Ananthapuram","MD - Forensic Medicine/Forensic Medicine &
Toxicology",2
141,Andhra Pradesh,Govt,"Government Medical College, Ananthapuram",MD - Physiology,4
142,Andhra Pradesh,Govt,"Government Medical College, Ananthapuram","MD - Dermatology , Venereology & Leprosy",4
143,Andhra Pradesh,Govt,"Government Medical College, Ananthapuram",MS - General Surgery,8
144,Andhra Pradesh,Govt,"Government Medical College, Kadapa(also known as Rajiv Gandhi Institute of
Medical Sciences, Kadapa)",MD - Anaesthesiology,13
145,Andhra Pradesh,Govt,"Government Medical College, Kadapa(also known as Rajiv Gandhi Institute of
Medical Sciences, Kadapa)",MD - Anatomy,2
146,Andhra Pradesh,Govt,"Government Medical College, Kadapa(also known as Rajiv Gandhi Institute of
Medical Sciences, Kadapa)",MD - Bio-Chemistry,2
147,Andhra Pradesh,Govt,"Government Medical College, Kadapa(also known as Rajiv Gandhi Institute of
Medical Sciences, Kadapa)","MD - Social & Preventive Medicine / Community
Medicine",9
148,Andhra Pradesh,Govt,"Government Medical College, Kadapa(also known as Rajiv Gandhi Institute of
Medical Sciences, Kadapa)","MD - Dermatology , Venereology & Leprosy",2
149,Andhra Pradesh,Govt,"Government Medical College, Kadapa(also known as Rajiv Gandhi Institute of
Medical Sciences, Kadapa)",MS - ENT,3
150,Andhra Pradesh,Govt,"Government Medical College, Kadapa(also known as Rajiv Gandhi Institute of
Medical Sciences, Kadapa)",MD - Emergency Medicine,5
151,Andhra Pradesh,Govt,"Government Medical College, Kadapa(also known as Rajiv Gandhi Institute of
Medical Sciences, Kadapa)","MD - Forensic Medicine/Forensic Medicine &
Toxicology",5
152,Andhra Pradesh,Govt,"Government Medical College, Kadapa(also known as Rajiv Gandhi Institute of
Medical Sciences, Kadapa)",MD - General Medicine,12
153,Andhra Pradesh,Govt,"Government Medical College, Kadapa(also known as Rajiv Gandhi Institute of
Medical Sciences, Kadapa)",MD - Microbiology,9
154,Andhra Pradesh,Govt,"Government Medical College, Kadapa(also known as Rajiv Gandhi Institute of
Medical Sciences, Kadapa)",MS - Obstetrics & Gynaecology,8
155,Andhra Pradesh,Govt,"Government Medical College, Kadapa(also known as Rajiv Gandhi Institute of
Medical Sciences, Kadapa)",MS - Ophthalmology,3
156,Andhra Pradesh,Govt,"Government Medical College, Kadapa(also known as Rajiv Gandhi Institute of
Medical Sciences, Kadapa)",MS - Orthopaedics,3
157,Andhra Pradesh,Govt,"Government Medical College, Kadapa(also known as Rajiv Gandhi Institute of
Medical Sciences, Kadapa)",MD - Pathology,9
158,Andhra Pradesh,Govt,"Government Medical College, Kadapa(also known as Rajiv Gandhi Institute of
Medical Sciences, Kadapa)",MD - Paediatrics,3
159,Andhra Pradesh,Govt,"Government Medical College, Kadapa(also known as Rajiv Gandhi Institute of
Medical Sciences, Kadapa)",MD - Pharmacology,7
160,Andhra Pradesh,Govt,"Government Medical College, Kadapa(also known as Rajiv Gandhi Institute of
Medical Sciences, Kadapa)",MD - Psychiatry,5
161,Andhra Pradesh,Govt,"Government Medical College, Kadapa(also known as Rajiv Gandhi Institute of
Medical Sciences, Kadapa)",MD - Radiation Oncology,5
162,Andhra Pradesh,Govt,"Government Medical College, Kadapa(also known as Rajiv Gandhi Institute of
Medical Sciences, Kadapa)",MD - Radio Diagnosis/Radiology,5
163,Andhra Pradesh,Govt,"Government Medical College, Kadapa(also known as Rajiv Gandhi Institute of
Medical Sciences, Kadapa)",MD - Respiratory Medicine,5
164,Andhra Pradesh,Govt,"Government Medical College, Kadapa(also known as Rajiv Gandhi Institute of
Medical Sciences, Kadapa)",MS - General Surgery,9
165,Andhra Pradesh,Govt,"Government Medical College, Ongole (Previously known as Rajiv Gandhi
Institute of Medical Sciences, Ongole,)",MD - General Medicine,6
166,Andhra Pradesh,Govt,"Government Medical College, Ongole (Previously known as Rajiv Gandhi
Institute of Medical Sciences, Ongole,)",MS - General Surgery,11
167,Andhra Pradesh,Govt,"Government Medical College, Ongole (Previously known as Rajiv Gandhi
Institute of Medical Sciences, Ongole,)",MS - Orthopedics,7
168,Andhra Pradesh,Govt,"Government Medical College, Ongole (Previously known as Rajiv Gandhi
Institute of Medical Sciences, Ongole,)",MD - Pharmacology,4
169,Andhra Pradesh,Govt,"Government Medical College, Ongole (Previously known as Rajiv Gandhi
Institute of Medical Sciences, Ongole,)",MD - Respiratory Medicine,1
170,Andhra Pradesh,Govt,"Government Medical College, Ongole (Previously known as Rajiv Gandhi
Institute of Medical Sciences, Ongole,)",MD - Anaesthesiology,7
171,Andhra Pradesh,Govt,"Government Medical College, Ongole (Previously known as Rajiv Gandhi
Institute of Medical Sciences, Ongole,)",MD - Microbiology,4
172,Andhra Pradesh,Govt,"Government Medical College, Ongole (Previously known as Rajiv Gandhi
Institute of Medical Sciences, Ongole,)",MS - Ophthalmology,5
173,Andhra Pradesh,Govt,"Government Medical College, Ongole (Previously known as Rajiv Gandhi
Institute of Medical Sciences, Ongole,)",MD - Psychiatry,2
174,Andhra Pradesh,Govt,"Government Medical College, Ongole (Previously known as Rajiv Gandhi
Institute of Medical Sciences, Ongole,)",MD - Bio-Chemistry,2
175,Andhra Pradesh,Govt,"Government Medical College, Ongole (Previously known as Rajiv Gandhi
Institute of Medical Sciences, Ongole,)",MD - Paediatrics,7
176,Andhra Pradesh,Govt,"Government Medical College, Ongole (Previously known as Rajiv Gandhi
Institute of Medical Sciences, Ongole,)",MD - Physiology,4
177,Andhra Pradesh,Govt,"Government Medical College, Ongole (Previously known as Rajiv Gandhi
Institute of Medical Sciences, Ongole,)",MD - Radio Diagnosis,5
178,Andhra Pradesh,Govt,"Government Medical College, Ongole (Previously known as Rajiv Gandhi
Institute of Medical Sciences, Ongole,)",MS - Obstetrics & Gynaecology,9
179,Andhra Pradesh,Govt,"Government Medical College, Ongole (Previously known as Rajiv Gandhi
Institute of Medical Sciences, Ongole,)",MS - Otorhinolaryngology,5
180,Andhra Pradesh,Govt,"Government Medical College, Ongole (Previously known as Rajiv Gandhi
Institute of Medical Sciences, Ongole,)",MD - Pathology,9
181,Andhra Pradesh,Govt,"Government Medical College, Ongole (Previously known as Rajiv Gandhi
Institute of Medical Sciences, Ongole,)",MD - Forensic Medicine,2
182,Andhra Pradesh,Govt,"Government Medical College, Ongole (Previously known as Rajiv Gandhi
Institute of Medical Sciences, Ongole,)","MD - Dermatology , Venereology & Leprosy",2
183,Andhra Pradesh,Govt,"Government Medical College, Ongole (Previously known as Rajiv Gandhi
Institute of Medical Sciences, Ongole,)",MD - Community Medicine,7
184,Andhra Pradesh,Govt,"Government Siddhartha Medical College, Vijaywada",MS - General Surgery,14
185,Andhra Pradesh,Govt,"Government Siddhartha Medical College, Vijaywada",MD - Anatomy,4
186,Andhra Pradesh,Govt,"Government Siddhartha Medical College, Vijaywada",MD - Anaesthesiology,22
187,Andhra Pradesh,Govt,"Government Siddhartha Medical College, Vijaywada","MD - Tuberculosis & Respiratory Diseases / Pulmonary
Medicine",5
188,Andhra Pradesh,Govt,"Government Siddhartha Medical College, Vijaywada",MD - Radio Diagnosis,3
189,Andhra Pradesh,Govt,"Government Siddhartha Medical College, Vijaywada",MD - Forensic Medicine,3
190,Andhra Pradesh,Govt,"Government Siddhartha Medical College, Vijaywada",MD - Microbiology,10
191,Andhra Pradesh,Govt,"Government Siddhartha Medical College, Vijaywada",MS - ENT,5
192,Andhra Pradesh,Govt,"Government Siddhartha Medical College, Vijaywada",MS - Orthopaedics,8
193,Andhra Pradesh,Govt,"Government Siddhartha Medical College, Vijaywada","MD - Dermatology , Venereology & Leprosy",3
194,Andhra Pradesh,Govt,"Government Siddhartha Medical College, Vijaywada",MD - Physiology,4
195,Andhra Pradesh,Govt,"Government Siddhartha Medical College, Vijaywada","MD - Social & Preventive Medicine / Community
Medicine",3
196,Andhra Pradesh,Govt,"Government Siddhartha Medical College, Vijaywada",MD - Bio-Chemistry,2
197,Andhra Pradesh,Govt,"Government Siddhartha Medical College, Vijaywada",MD - General Medicine,14
198,Andhra Pradesh,Govt,"Government Siddhartha Medical College, Vijaywada",MD - Psychiatry,2
199,Andhra Pradesh,Govt,"Government Siddhartha Medical College, Vijaywada",MS - Obstetrics & Gynaecology,20
200,Andhra Pradesh,Govt,"Government Siddhartha Medical College, Vijaywada",MD - Paediatrics,8
201,Andhra Pradesh,Govt,"Government Siddhartha Medical College, Vijaywada",MD - Pathology,15
202,Andhra Pradesh,Govt,"Government Siddhartha Medical College, Vijaywada",MD - Pharmacology,2
203,Andhra Pradesh,Govt,"Government Siddhartha Medical College, Vijaywada",MS-Ophthalmology,5
204,Andhra Pradesh,Trust,"Great Eastern Medical School and Hospital,Srikakulam",MD - Anaesthesiology,10
205,Andhra Pradesh,Trust,"Great Eastern Medical School and Hospital,Srikakulam","MD - Dermatology , Venereology & Leprosy",2
206,Andhra Pradesh,Trust,"Great Eastern Medical School and Hospital,Srikakulam",MD - Emergency Medicine,4
207,Andhra Pradesh,Trust,"Great Eastern Medical School and Hospital,Srikakulam",MD - General Medicine,12
208,Andhra Pradesh,Trust,"Great Eastern Medical School and Hospital,Srikakulam",MD - Paediatrics,6
209,Andhra Pradesh,Trust,"Great Eastern Medical School and Hospital,Srikakulam",MD - Pathology,2
210,Andhra Pradesh,Trust,"Great Eastern Medical School and Hospital,Srikakulam",MD - Pharmacology,2
211,Andhra Pradesh,Trust,"Great Eastern Medical School and Hospital,Srikakulam",MD - Psychiatry,2
212,Andhra Pradesh,Trust,"Great Eastern Medical School and Hospital,Srikakulam",MD - Radio Diagnosis/Radiology,10
213,Andhra Pradesh,Trust,"Great Eastern Medical School and Hospital,Srikakulam","MD - Social & Preventive Medicine / Community
Medicine",2
214,Andhra Pradesh,Trust,"Great Eastern Medical School and Hospital,Srikakulam","MD - Tuberculosis & Respiratory Diseases / Pulmonary
Medicine",2
215,Andhra Pradesh,Trust,"Great Eastern Medical School and Hospital,Srikakulam",MS - Ophthalmology,2
216,Andhra Pradesh,Trust,"Great Eastern Medical School and Hospital,Srikakulam",MS - ENT,2
217,Andhra Pradesh,Trust,"Great Eastern Medical School and Hospital,Srikakulam",MS - General Surgery,12
218,Andhra Pradesh,Trust,"Great Eastern Medical School and Hospital,Srikakulam",MS - Obstetrics & Gynaecology,9
219,Andhra Pradesh,Trust,"Great Eastern Medical School and Hospital,Srikakulam",MS - Orthopaedics,8
220,Andhra Pradesh,Trust,"GSL Medical College, Rajahmundry",MD - Anaesthesiology,8
221,Andhra Pradesh,Trust,"GSL Medical College, Rajahmundry",MD - Bio-Chemistry,2
222,Andhra Pradesh,Trust,"GSL Medical College, Rajahmundry","MD - Dermatology , Venereology & Leprosy",4
223,Andhra Pradesh,Trust,"GSL Medical College, Rajahmundry",MD - Emergency Medicine,1
224,Andhra Pradesh,Trust,"GSL Medical College, Rajahmundry",MD - General Medicine,24
225,Andhra Pradesh,Trust,"GSL Medical College, Rajahmundry",MD - Microbiology,2
226,Andhra Pradesh,Trust,"GSL Medical College, Rajahmundry",MD - Paediatrics,20
227,Andhra Pradesh,Trust,"GSL Medical College, Rajahmundry",MD - Pathology,6
228,Andhra Pradesh,Trust,"GSL Medical College, Rajahmundry",MD - Pharmacology,1
229,Andhra Pradesh,Trust,"GSL Medical College, Rajahmundry",MD - Physiology,2
230,Andhra Pradesh,Trust,"GSL Medical College, Rajahmundry",MD - Psychiatry,2
231,Andhra Pradesh,Trust,"GSL Medical College, Rajahmundry",MD - Radio Diagnosis/Radiology,10
232,Andhra Pradesh,Trust,"GSL Medical College, Rajahmundry","MD - Social & Preventive Medicine / Community
Medicine",6
233,Andhra Pradesh,Trust,"GSL Medical College, Rajahmundry","MD - Tuberculosis & Respiratory Diseases / Pulmonary
Medicine",10
234,Andhra Pradesh,Trust,"GSL Medical College, Rajahmundry",MD - Anatomy,2
235,Andhra Pradesh,Trust,"GSL Medical College, Rajahmundry",MS - Ophthalmology,6
236,Andhra Pradesh,Trust,"GSL Medical College, Rajahmundry",MS - ENT,5
237,Andhra Pradesh,Trust,"GSL Medical College, Rajahmundry",MS - General Surgery,24
238,Andhra Pradesh,Trust,"GSL Medical College, Rajahmundry",MS - Obstetrics & Gynaecology,15
239,Andhra Pradesh,Trust,"GSL Medical College, Rajahmundry",MS - Orthopaedics,20
240,Andhra Pradesh,Trust,"GSL Medical College, Rajahmundry",MD.- Radiation Oncology,2
241,Andhra Pradesh,Govt,"Guntur Medical College, Guntur","MD - Social & Preventive Medicine / Community
Medicine",5
242,Andhra Pradesh,Govt,"Guntur Medical College, Guntur",MD - Psychiatry,4
243,Andhra Pradesh,Govt,"Guntur Medical College, Guntur",MS - General Surgery,29
244,Andhra Pradesh,Govt,"Guntur Medical College, Guntur","MD - Forensic Medicine/Forensic Medicine &
Toxicology",2
245,Andhra Pradesh,Govt,"Guntur Medical College, Guntur",MS - Obstetrics & Gynaecology,20
246,Andhra Pradesh,Govt,"Guntur Medical College, Guntur",MD - Physiology,2
247,Andhra Pradesh,Govt,"Guntur Medical College, Guntur",MD - Radio Diagnosis/Radiology,4
248,Andhra Pradesh,Govt,"Guntur Medical College, Guntur",MS - Ophthalmology,9
249,Andhra Pradesh,Govt,"Guntur Medical College, Guntur",MS - ENT,6
250,Andhra Pradesh,Govt,"Guntur Medical College, Guntur",MD - Pharmacology,3
251,Andhra Pradesh,Govt,"Guntur Medical College, Guntur",MD - Microbiology,9
252,Andhra Pradesh,Govt,"Guntur Medical College, Guntur",MD - Bio-Chemistry,3
253,Andhra Pradesh,Govt,"Guntur Medical College, Guntur",MS - Orthopaedics,11
254,Andhra Pradesh,Govt,"Guntur Medical College, Guntur","MD - Tuberculosis & Respiratory Diseases / Pulmonary
Medicine",6
255,Andhra Pradesh,Govt,"Guntur Medical College, Guntur",MD - Radiotherapy/ Radiation Oncology,2
256,Andhra Pradesh,Govt,"Guntur Medical College, Guntur",MD - Anaesthesiology,14
257,Andhra Pradesh,Govt,"Guntur Medical College, Guntur",MD - General Medicine,25
258,Andhra Pradesh,Govt,"Guntur Medical College, Guntur",MD - Pathology,11
259,Andhra Pradesh,Govt,"Guntur Medical College, Guntur",MD - Anatomy,2
260,Andhra Pradesh,Govt,"Guntur Medical College, Guntur",MD - Emergency Medicine,4
261,Andhra Pradesh,Govt,"Guntur Medical College, Guntur",MD - Paediatrics,12
262,Andhra Pradesh,Govt,"Guntur Medical College, Guntur","MD - Dermatology , Venereology & Leprosy",6
263,Andhra Pradesh,Govt,"Homi Bhabha Cancer Hospital and Research Centre, Visakhapatnam",MD - Anaesthesiology,2
264,Andhra Pradesh,Govt,"Homi Bhabha Cancer Hospital and Research Centre, Visakhapatnam",MD - Radiation Oncology,4
265,Andhra Pradesh,Trust,"Katuri Medical College, Guntur",MD - Anaesthesiology,8
266,Andhra Pradesh,Trust,"Katuri Medical College, Guntur",MD - Bio-Chemistry,1
267,Andhra Pradesh,Trust,"Katuri Medical College, Guntur","MD - Dermatology , Venereology & Leprosy",4
268,Andhra Pradesh,Trust,"Katuri Medical College, Guntur",MD - General Medicine,10
269,Andhra Pradesh,Trust,"Katuri Medical College, Guntur",MD - Microbiology,2
270,Andhra Pradesh,Trust,"Katuri Medical College, Guntur",MD - Paediatrics,6
271,Andhra Pradesh,Trust,"Katuri Medical College, Guntur",MD - Pharmacology,2
272,Andhra Pradesh,Trust,"Katuri Medical College, Guntur",MD - Psychiatry,3
273,Andhra Pradesh,Trust,"Katuri Medical College, Guntur",MD - Radio Diagnosis/Radiology,5
274,Andhra Pradesh,Trust,"Katuri Medical College, Guntur","MD - Social & Preventive Medicine / Community
Medicine",3
275,Andhra Pradesh,Trust,"Katuri Medical College, Guntur","MD - Tuberculosis & Respiratory Diseases / Pulmonary
Medicine",4
276,Andhra Pradesh,Trust,"Katuri Medical College, Guntur",MS - Ophthalmology,4
277,Andhra Pradesh,Trust,"Katuri Medical College, Guntur",MS - ENT,4
278,Andhra Pradesh,Trust,"Katuri Medical College, Guntur",MS - General Surgery,10
279,Andhra Pradesh,Trust,"Katuri Medical College, Guntur",MS - Obstetrics & Gynaecology,9
280,Andhra Pradesh,Trust,"Katuri Medical College, Guntur",MS - Orthopaedics,8
281,Andhra Pradesh,Trust,"Konaseema Institute of Medical Sciences & Research Foundation,
Amalapuram",MD - Paediatrics,9
282,Andhra Pradesh,Trust,"Konaseema Institute of Medical Sciences & Research Foundation,
Amalapuram",MD - Bio-Chemistry,1
283,Andhra Pradesh,Trust,"Konaseema Institute of Medical Sciences & Research Foundation,
Amalapuram",MS - ENT,2
284,Andhra Pradesh,Trust,"Konaseema Institute of Medical Sciences & Research Foundation,
Amalapuram","MD - Tuberculosis & Respiratory Diseases / Pulmonary
Medicine",2
285,Andhra Pradesh,Trust,"Konaseema Institute of Medical Sciences & Research Foundation,
Amalapuram","MD - Social & Preventive Medicine / Community
Medicine",2
286,Andhra Pradesh,Trust,"Konaseema Institute of Medical Sciences & Research Foundation,
Amalapuram",MD - Physiology,1
287,Andhra Pradesh,Trust,"Konaseema Institute of Medical Sciences & Research Foundation,
Amalapuram",MS - General Surgery,10
288,Andhra Pradesh,Trust,"Konaseema Institute of Medical Sciences & Research Foundation,
Amalapuram",MD - Pharmacology,1
289,Andhra Pradesh,Trust,"Konaseema Institute of Medical Sciences & Research Foundation,
Amalapuram",MD - Microbiology,1
290,Andhra Pradesh,Trust,"Konaseema Institute of Medical Sciences & Research Foundation,
Amalapuram",MS - Orthopaedics,6
291,Andhra Pradesh,Trust,"Konaseema Institute of Medical Sciences & Research Foundation,
Amalapuram",MS - Obstetrics & Gynaecology,12
292,Andhra Pradesh,Trust,"Konaseema Institute of Medical Sciences & Research Foundation,
Amalapuram",MD - General Medicine,14
293,Andhra Pradesh,Trust,"Konaseema Institute of Medical Sciences & Research Foundation,
Amalapuram","MD - Forensic Medicine/Forensic Medicine &
Toxicology",2
294,Andhra Pradesh,Trust,"Konaseema Institute of Medical Sciences & Research Foundation,
Amalapuram","MD - Dermatology , Venereology & Leprosy",4
295,Andhra Pradesh,Trust,"Konaseema Institute of Medical Sciences & Research Foundation,
Amalapuram",MD - Anaesthesiology,11
296,Andhra Pradesh,Trust,"Konaseema Institute of Medical Sciences & Research Foundation,
Amalapuram",MD - Radio Diagnosis/Radiology,11
297,Andhra Pradesh,Trust,"Konaseema Institute of Medical Sciences & Research Foundation,
Amalapuram",MD - Psychiatry,2
298,Andhra Pradesh,Trust,"Konaseema Institute of Medical Sciences & Research Foundation,
Amalapuram",MD - Anatomy,1
299,Andhra Pradesh,Govt,"Kurnool Medical College, Kurnool",MD - Anatomy,3
300,Andhra Pradesh,Govt,"Kurnool Medical College, Kurnool",MD - Physiology,4
301,Andhra Pradesh,Govt,"Kurnool Medical College, Kurnool",MD - Bio-Chemistry,3
302,Andhra Pradesh,Govt,"Kurnool Medical College, Kurnool",MD - Pharmacology,3
303,Andhra Pradesh,Govt,"Kurnool Medical College, Kurnool",MD - Microbiology,6
304,Andhra Pradesh,Govt,"Kurnool Medical College, Kurnool",MD - Pathology,8
305,Andhra Pradesh,Govt,"Kurnool Medical College, Kurnool",MD - Community Medicine,4
306,Andhra Pradesh,Govt,"Kurnool Medical College, Kurnool","MD - Forensic Medicine/Forensic Medicine &
Toxicology",6
307,Andhra Pradesh,Govt,"Kurnool Medical College, Kurnool",MD - General Medicine,29
308,Andhra Pradesh,Govt,"Kurnool Medical College, Kurnool",MS- General Surgery,20
309,Andhra Pradesh,Govt,"Kurnool Medical College, Kurnool",MS - Orthopaedics,13
310,Andhra Pradesh,Govt,"Kurnool Medical College, Kurnool",MS - Obstetrics & Gynaecology,18
311,Andhra Pradesh,Govt,"Kurnool Medical College, Kurnool",MD - Anesthesiology,15
312,Andhra Pradesh,Govt,"Kurnool Medical College, Kurnool",MD - Pediatrics,15
313,Andhra Pradesh,Govt,"Kurnool Medical College, Kurnool",MS - Opthalmology,10
314,Andhra Pradesh,Govt,"Kurnool Medical College, Kurnool",MD - Radio Diagnosis,7
315,Andhra Pradesh,Govt,"Kurnool Medical College, Kurnool",MS - ENT,8
316,Andhra Pradesh,Govt,"Kurnool Medical College, Kurnool",MD - Tuberculosis & Chest Diseases,4
317,Andhra Pradesh,Govt,"Kurnool Medical College, Kurnool",MD - DVL,4
318,Andhra Pradesh,Govt,"Kurnool Medical College, Kurnool",MD - Radiation Oncology,1
319,Andhra Pradesh,Govt,"Kurnool Medical College, Kurnool",MD - Psychiatry,3
320,Andhra Pradesh,Trust,"Maharajah Institute of Medical Sciences, Vizianagaram",MD - Pharmacology,2
321,Andhra Pradesh,Trust,"Maharajah Institute of Medical Sciences, Vizianagaram","MD - Tuberculosis & Respiratory Diseases / Pulmonary
Medicine",2
322,Andhra Pradesh,Trust,"Maharajah Institute of Medical Sciences, Vizianagaram",MS - ENT,2
323,Andhra Pradesh,Trust,"Maharajah Institute of Medical Sciences, Vizianagaram",MS - Obstetrics & Gynaecology,10
324,Andhra Pradesh,Trust,"Maharajah Institute of Medical Sciences, Vizianagaram",MD - Paediatrics,8
325,Andhra Pradesh,Trust,"Maharajah Institute of Medical Sciences, Vizianagaram",MS - Orthopaedics,8
326,Andhra Pradesh,Trust,"Maharajah Institute of Medical Sciences, Vizianagaram",MD - Radio Diagnosis/Radiology,15
327,Andhra Pradesh,Trust,"Maharajah Institute of Medical Sciences, Vizianagaram",MD - Microbiology,2
328,Andhra Pradesh,Trust,"Maharajah Institute of Medical Sciences, Vizianagaram","MD - Dermatology , Venereology & Leprosy",5
329,Andhra Pradesh,Trust,"Maharajah Institute of Medical Sciences, Vizianagaram","MD - Social & Preventive Medicine / Community
Medicine",2
330,Andhra Pradesh,Trust,"Maharajah Institute of Medical Sciences, Vizianagaram",MD - General Medicine,15
331,Andhra Pradesh,Trust,"Maharajah Institute of Medical Sciences, Vizianagaram",MD - Bio-Chemistry,2
332,Andhra Pradesh,Trust,"Maharajah Institute of Medical Sciences, Vizianagaram",MD - Pathology,2
333,Andhra Pradesh,Trust,"Maharajah Institute of Medical Sciences, Vizianagaram",MD - Anaesthesiology,4
334,Andhra Pradesh,Trust,"Maharajah Institute of Medical Sciences, Vizianagaram",MD - Psychiatry,2
335,Andhra Pradesh,Trust,"Maharajah Institute of Medical Sciences, Vizianagaram",MS - General Surgery,10
336,Andhra Pradesh,Trust,"Maharajah Institute of Medical Sciences, Vizianagaram",MS - Ophthalmology,3
337,Andhra Pradesh,Trust,"Narayana Medical College, Nellore",MD - Bio-Chemistry,3
338,Andhra Pradesh,Trust,"Narayana Medical College, Nellore",MD - Physiology,3
339,Andhra Pradesh,Trust,"Narayana Medical College, Nellore",MD - Microbiology,2
340,Andhra Pradesh,Trust,"Narayana Medical College, Nellore",MD - Pharmacology,3
341,Andhra Pradesh,Trust,"Narayana Medical College, Nellore",MS - Obstetrics & Gynaecology,7
342,Andhra Pradesh,Trust,"Narayana Medical College, Nellore",MD - Radio Diagnosis/Radiology,12
343,Andhra Pradesh,Trust,"Narayana Medical College, Nellore",MS - Ophthalmology,6
344,Andhra Pradesh,Trust,"Narayana Medical College, Nellore",MD - Psychiatry,3
345,Andhra Pradesh,Trust,"Narayana Medical College, Nellore",MD - Paediatrics,10
346,Andhra Pradesh,Trust,"Narayana Medical College, Nellore",MD - General Medicine,18
347,Andhra Pradesh,Trust,"Narayana Medical College, Nellore",MD - Emergency Medicine,2
348,Andhra Pradesh,Trust,"Narayana Medical College, Nellore","MD - Dermatology , Venereology & Leprosy",5
349,Andhra Pradesh,Trust,"Narayana Medical College, Nellore",MD - Anaesthesiology,12
350,Andhra Pradesh,Trust,"Narayana Medical College, Nellore",MS - ENT,4
351,Andhra Pradesh,Trust,"Narayana Medical College, Nellore",MD - Pathology,4
352,Andhra Pradesh,Trust,"Narayana Medical College, Nellore",MS - General Surgery,18
353,Andhra Pradesh,Trust,"Narayana Medical College, Nellore",MD - Anatomy,3
354,Andhra Pradesh,Trust,"Narayana Medical College, Nellore",MS - Orthopaedics,15
355,Andhra Pradesh,Trust,"Narayana Medical College, Nellore","MD - Social & Preventive Medicine / Community
Medicine",3
356,Andhra Pradesh,Trust,"Narayana Medical College, Nellore","MD - Tuberculosis & Respiratory Diseases / Pulmonary
Medicine",5
357,Andhra Pradesh,Society,"Nimra Institute of Medical Sciences, Krishna Dist., A.P.",MD - General Medicine,6
358,Andhra Pradesh,Society,"Nimra Institute of Medical Sciences, Krishna Dist., A.P.",MS - General Surgery,8
359,Andhra Pradesh,Society,"Nimra Institute of Medical Sciences, Krishna Dist., A.P.",MD - Anesthesiology,8
360,Andhra Pradesh,Society,"Nimra Institute of Medical Sciences, Krishna Dist., A.P.",MS - Orthopaedics,8
361,Andhra Pradesh,Society,"Nimra Institute of Medical Sciences, Krishna Dist., A.P.",MS - Obstetrics & Gynaecology,6
362,Andhra Pradesh,Trust,"NRI Institute of Medical Sciences, Visakhapatnam",MS - Ophthalmology,2
363,Andhra Pradesh,Trust,"NRI Institute of Medical Sciences, Visakhapatnam",MS - Obstetrics & Gynaecology,6
364,Andhra Pradesh,Trust,"NRI Institute of Medical Sciences, Visakhapatnam","MD - Dermatology , Venereology & Leprosy",2
365,Andhra Pradesh,Trust,"NRI Institute of Medical Sciences, Visakhapatnam",MD - Bio-Chemistry,3
366,Andhra Pradesh,Trust,"NRI Institute of Medical Sciences, Visakhapatnam","MD - Social & Preventive Medicine / Community
Medicine",4
367,Andhra Pradesh,Trust,"NRI Institute of Medical Sciences, Visakhapatnam",MS - Orthopaedics,4
368,Andhra Pradesh,Trust,"NRI Institute of Medical Sciences, Visakhapatnam",MD - Paediatrics,4
369,Andhra Pradesh,Trust,"NRI Institute of Medical Sciences, Visakhapatnam",MD - Microbiology,3
370,Andhra Pradesh,Trust,"NRI Institute of Medical Sciences, Visakhapatnam",MD - Radio Diagnosis/Radiology,2
371,Andhra Pradesh,Trust,"NRI Institute of Medical Sciences, Visakhapatnam",MD - Psychiatry,2
372,Andhra Pradesh,Trust,"NRI Institute of Medical Sciences, Visakhapatnam","MD - Tuberculosis & Respiratory Diseases / Pulmonary
Medicine",4
373,Andhra Pradesh,Trust,"NRI Institute of Medical Sciences, Visakhapatnam",MD - General Medicine,12
374,Andhra Pradesh,Trust,"NRI Institute of Medical Sciences, Visakhapatnam",MD - Anaesthesiology,6
375,Andhra Pradesh,Trust,"NRI Institute of Medical Sciences, Visakhapatnam",MS - ENT,2
376,Andhra Pradesh,Trust,"NRI Institute of Medical Sciences, Visakhapatnam",MS - General Surgery,6
377,Andhra Pradesh,Trust,"NRI Institute of Medical Sciences, Visakhapatnam",MD - Pathology,4
378,Andhra Pradesh,Trust,"NRI Medical College, Guntur",MD - Radiotherapy/ Radiation Oncology,3
379,Andhra Pradesh,Trust,"NRI Medical College, Guntur",MS - Ophthalmology,6
380,Andhra Pradesh,Trust,"NRI Medical College, Guntur",MD - Physiology,2
381,Andhra Pradesh,Trust,"NRI Medical College, Guntur","MD - Tuberculosis & Respiratory Diseases / Pulmonary
Medicine",5
382,Andhra Pradesh,Trust,"NRI Medical College, Guntur",MD - General Medicine,14
383,Andhra Pradesh,Trust,"NRI Medical College, Guntur",MD - Family Medicine,1
384,Andhra Pradesh,Trust,"NRI Medical College, Guntur",MS - Orthopaedics,6
385,Andhra Pradesh,Trust,"NRI Medical College, Guntur",MD - Microbiology,4
386,Andhra Pradesh,Trust,"NRI Medical College, Guntur","MD - Dermatology , Venereology & Leprosy",5
387,Andhra Pradesh,Trust,"NRI Medical College, Guntur",MD - Pathology,4
388,Andhra Pradesh,Trust,"NRI Medical College, Guntur",MD - Pharmacology,3
389,Andhra Pradesh,Trust,"NRI Medical College, Guntur",MD - Anatomy,2
390,Andhra Pradesh,Trust,"NRI Medical College, Guntur",MD - Anaesthesiology,15
391,Andhra Pradesh,Trust,"NRI Medical College, Guntur",MD - Psychiatry,5
392,Andhra Pradesh,Trust,"NRI Medical College, Guntur",MD - Radio Diagnosis/Radiology,12
393,Andhra Pradesh,Trust,"NRI Medical College, Guntur",MS - ENT,4
394,Andhra Pradesh,Trust,"NRI Medical College, Guntur","MD - Social & Preventive Medicine / Community
Medicine",2
395,Andhra Pradesh,Trust,"NRI Medical College, Guntur",MD - Bio-Chemistry,2
396,Andhra Pradesh,Trust,"NRI Medical College, Guntur",MS - General Surgery,14
397,Andhra Pradesh,Trust,"NRI Medical College, Guntur",MS - Obstetrics & Gynaecology,4
398,Andhra Pradesh,Trust,"NRI Medical College, Guntur",MD - Paediatrics,6
399,Andhra Pradesh,Trust,"P E S Institute Of Medical Sciences and Research, Kuppam",MS - Orthopaedics,9
400,Andhra Pradesh,Trust,"P E S Institute Of Medical Sciences and Research, Kuppam",MS - Ophthalmology,5
401,Andhra Pradesh,Trust,"P E S Institute Of Medical Sciences and Research, Kuppam",MS - General Surgery,12
402,Andhra Pradesh,Trust,"P E S Institute Of Medical Sciences and Research, Kuppam",MD - Paediatrics,8
403,Andhra Pradesh,Trust,"P E S Institute Of Medical Sciences and Research, Kuppam",MD - Pharmacology,2
404,Andhra Pradesh,Trust,"P E S Institute Of Medical Sciences and Research, Kuppam",MS - Obstetrics & Gynaecology,11
405,Andhra Pradesh,Trust,"P E S Institute Of Medical Sciences and Research, Kuppam",MD - Anaesthesiology,10
406,Andhra Pradesh,Trust,"P E S Institute Of Medical Sciences and Research, Kuppam",MD - General Medicine,15
407,Andhra Pradesh,Trust,"P E S Institute Of Medical Sciences and Research, Kuppam",MD - Psychiatry,5
408,Andhra Pradesh,Trust,"P E S Institute Of Medical Sciences and Research, Kuppam",MD - Microbiology,2
409,Andhra Pradesh,Trust,"P E S Institute Of Medical Sciences and Research, Kuppam",MD - Physiology,2
410,Andhra Pradesh,Trust,"P E S Institute Of Medical Sciences and Research, Kuppam",MD - Bio-Chemistry,1
411,Andhra Pradesh,Trust,"P E S Institute Of Medical Sciences and Research, Kuppam",MD - Radio Diagnosis/Radiology,9
412,Andhra Pradesh,Trust,"P E S Institute Of Medical Sciences and Research, Kuppam",MD - Pathology,6
413,Andhra Pradesh,Trust,"P E S Institute Of Medical Sciences and Research, Kuppam","MD - Social & Preventive Medicine / Community
Medicine",4
414,Andhra Pradesh,Trust,"P E S Institute Of Medical Sciences and Research, Kuppam",MD - Emergency Medicine,2
415,Andhra Pradesh,Trust,"P E S Institute Of Medical Sciences and Research, Kuppam",MD - Anatomy,2
416,Andhra Pradesh,Trust,"P E S Institute Of Medical Sciences and Research, Kuppam",MS - ENT,5
417,Andhra Pradesh,Trust,"P E S Institute Of Medical Sciences and Research, Kuppam","MD - Dermatology , Venereology & Leprosy",4
418,Andhra Pradesh,Govt,"Rajiv Gandhi Institute of Medical Sciences, Srikakulam",MD - Emergency Medicine,4
419,Andhra Pradesh,Govt,"Rajiv Gandhi Institute of Medical Sciences, Srikakulam",MS - ENT,5
420,Andhra Pradesh,Govt,"Rajiv Gandhi Institute of Medical Sciences, Srikakulam","MD - Dermatology , Venereology & Leprosy",5
421,Andhra Pradesh,Govt,"Rajiv Gandhi Institute of Medical Sciences, Srikakulam",MD - Pathology,3
422,Andhra Pradesh,Govt,"Rajiv Gandhi Institute of Medical Sciences, Srikakulam",MS - Ophthalmology,3
423,Andhra Pradesh,Govt,"Rajiv Gandhi Institute of Medical Sciences, Srikakulam",MD - Radio Diagnosis,5
424,Andhra Pradesh,Govt,"Rajiv Gandhi Institute of Medical Sciences, Srikakulam",MD - Pharmacology,2
425,Andhra Pradesh,Govt,"Rajiv Gandhi Institute of Medical Sciences, Srikakulam",MD - Paediatrics,3
426,Andhra Pradesh,Govt,"Rajiv Gandhi Institute of Medical Sciences, Srikakulam",MS - General Surgery,3
427,Andhra Pradesh,Govt,"Rajiv Gandhi Institute of Medical Sciences, Srikakulam",MD - Anaesthesiology,4
428,Andhra Pradesh,Govt,"Rajiv Gandhi Institute of Medical Sciences, Srikakulam",MD - Microbiology,4
429,Andhra Pradesh,Govt,"Rajiv Gandhi Institute of Medical Sciences, Srikakulam",MD - Psychiatry,3
430,Andhra Pradesh,Govt,"Rajiv Gandhi Institute of Medical Sciences, Srikakulam",MD - Physiology,3
431,Andhra Pradesh,Govt,"Rajiv Gandhi Institute of Medical Sciences, Srikakulam",MD - Forensic Medicine,3
432,Andhra Pradesh,Govt,"Rajiv Gandhi Institute of Medical Sciences, Srikakulam",MD - General Medicine,15
433,Andhra Pradesh,Govt,"Rajiv Gandhi Institute of Medical Sciences, Srikakulam",MD - Anatomy,3
434,Andhra Pradesh,Govt,"Rajiv Gandhi Institute of Medical Sciences, Srikakulam","MD - Social & Preventive Medicine / Community
Medicine",3
435,Andhra Pradesh,Govt,"Rajiv Gandhi Institute of Medical Sciences, Srikakulam",MS - Orthopaedics,4
436,Andhra Pradesh,Govt,"Rajiv Gandhi Institute of Medical Sciences, Srikakulam",MD - Bio-Chemistry,3
437,Andhra Pradesh,Govt,"Rajiv Gandhi Institute of Medical Sciences, Srikakulam",MS - Obstetrics & Gynaecology,14
438,Andhra Pradesh,Govt,"Rangaraya Medical College, Kakinada",MD - Radio Diagnosis/Radiology,7
439,Andhra Pradesh,Govt,"Rangaraya Medical College, Kakinada",MD - Microbiology,10
440,Andhra Pradesh,Govt,"Rangaraya Medical College, Kakinada",MS - Obstetrics & Gynaecology,15
441,Andhra Pradesh,Govt,"Rangaraya Medical College, Kakinada",MD - General Medicine,20
442,Andhra Pradesh,Govt,"Rangaraya Medical College, Kakinada",MS - General Surgery,18
443,Andhra Pradesh,Govt,"Rangaraya Medical College, Kakinada",MD - Pharmacology,10
444,Andhra Pradesh,Govt,"Rangaraya Medical College, Kakinada",MD - Hospital Administration,5
445,Andhra Pradesh,Govt,"Rangaraya Medical College, Kakinada",MD - Radiation Oncology,5
446,Andhra Pradesh,Govt,"Rangaraya Medical College, Kakinada","MD - Forensic Medicine/Forensic Medicine &
Toxicology",5
447,Andhra Pradesh,Govt,"Rangaraya Medical College, Kakinada",MS - Ophthalmology,13
448,Andhra Pradesh,Govt,"Rangaraya Medical College, Kakinada",MD - Pathology,14
449,Andhra Pradesh,Govt,"Rangaraya Medical College, Kakinada",MD - Psychiatry,4
450,Andhra Pradesh,Govt,"Rangaraya Medical College, Kakinada",MS - Orthopaedics,13
451,Andhra Pradesh,Govt,"Rangaraya Medical College, Kakinada","MD - Dermatology , Venereology & Leprosy",3
452,Andhra Pradesh,Govt,"Rangaraya Medical College, Kakinada","MD - Tuberculosis & Respiratory Diseases / Pulmonary
Medicine",4
453,Andhra Pradesh,Govt,"Rangaraya Medical College, Kakinada",MD - Anaesthesiology,18
454,Andhra Pradesh,Govt,"Rangaraya Medical College, Kakinada",MD - Paediatrics,15
455,Andhra Pradesh,Govt,"Rangaraya Medical College, Kakinada",MD - Bio-Chemistry,4
456,Andhra Pradesh,Govt,"Rangaraya Medical College, Kakinada","MD - Social & Preventive Medicine / Community
Medicine",10
457,Andhra Pradesh,Govt,"Rangaraya Medical College, Kakinada",MS - ENT,8
458,Andhra Pradesh,Govt,"Rangaraya Medical College, Kakinada",MD - Anatomy,1
459,Andhra Pradesh,Govt,"Rangaraya Medical College, Kakinada",MD - Physiology,1
460,Andhra Pradesh,Govt,"S V Medical College, Tirupati",MD - Anaesthesiology,17
461,Andhra Pradesh,Govt,"S V Medical College, Tirupati",MD - Anatomy,3
462,Andhra Pradesh,Govt,"S V Medical College, Tirupati",MD - Bio-Chemistry,4
463,Andhra Pradesh,Govt,"S V Medical College, Tirupati","MD - Dermatology , Venereology & Leprosy",9
464,Andhra Pradesh,Govt,"S V Medical College, Tirupati",MS - ENT,8
465,Andhra Pradesh,Govt,"S V Medical College, Tirupati",Diploma in Oto-Rhino-Laryngology,1
466,Andhra Pradesh,Govt,"S V Medical College, Tirupati","MD - Forensic Medicine/Forensic Medicine &
Toxicology",2
467,Andhra Pradesh,Govt,"S V Medical College, Tirupati",MD - General Medicine,26
468,Andhra Pradesh,Govt,"S V Medical College, Tirupati",MS - General Surgery,26
469,Andhra Pradesh,Govt,"S V Medical College, Tirupati",MD - Microbiology,4
470,Andhra Pradesh,Govt,"S V Medical College, Tirupati",MS - Obstetrics & Gynaecology,41
471,Andhra Pradesh,Govt,"S V Medical College, Tirupati",MS - Ophthalmology,8
472,Andhra Pradesh,Govt,"S V Medical College, Tirupati",MS - Orthopaedics,15
473,Andhra Pradesh,Govt,"S V Medical College, Tirupati",MD - Paediatrics,22
474,Andhra Pradesh,Govt,"S V Medical College, Tirupati",MD - Pathology,11
475,Andhra Pradesh,Govt,"S V Medical College, Tirupati",MD - Pharmacology,4
476,Andhra Pradesh,Govt,"S V Medical College, Tirupati",MD - Physiology,1
477,Andhra Pradesh,Govt,"S V Medical College, Tirupati",MD - Psychiatry,5
478,Andhra Pradesh,Govt,"S V Medical College, Tirupati",MD - Radio Diagnosis/Radiology,9
479,Andhra Pradesh,Govt,"S V Medical College, Tirupati","MD - Social & Preventive Medicine / Community
Medicine",7
480,Andhra Pradesh,Govt,"S V Medical College, Tirupati",MD - Respiratory Medicine,7
481,Andhra Pradesh,Trust,"Santhiram Medical College, Nandyal",MS - Obstetrics & Gynaecology,5
482,Andhra Pradesh,Trust,"Santhiram Medical College, Nandyal",MD - Anaesthesiology,14
483,Andhra Pradesh,Trust,"Santhiram Medical College, Nandyal",MD - Pathology,2
484,Andhra Pradesh,Trust,"Santhiram Medical College, Nandyal",MS - Orthopaedics,4
485,Andhra Pradesh,Trust,"Santhiram Medical College, Nandyal",MD - Anatomy,1
486,Andhra Pradesh,Trust,"Santhiram Medical College, Nandyal","MD - Social & Preventive Medicine / Community
Medicine",2
487,Andhra Pradesh,Trust,"Santhiram Medical College, Nandyal",MD - Radio Diagnosis/Radiology,4
488,Andhra Pradesh,Trust,"Santhiram Medical College, Nandyal",MS - Ophthalmology,5
489,Andhra Pradesh,Trust,"Santhiram Medical College, Nandyal","MD - Tuberculosis & Respiratory Diseases / Pulmonary
Medicine",2
490,Andhra Pradesh,Trust,"Santhiram Medical College, Nandyal",MD - Microbiology,2
491,Andhra Pradesh,Trust,"Santhiram Medical College, Nandyal",MD - Psychiatry,2
492,Andhra Pradesh,Trust,"Santhiram Medical College, Nandyal",MD - Bio-Chemistry,2
493,Andhra Pradesh,Trust,"Santhiram Medical College, Nandyal",MD - Physiology,2
494,Andhra Pradesh,Trust,"Santhiram Medical College, Nandyal",MD - General Medicine,7
495,Andhra Pradesh,Trust,"Santhiram Medical College, Nandyal","MD - Dermatology , Venereology & Leprosy",4
496,Andhra Pradesh,Trust,"Santhiram Medical College, Nandyal",MD - Pharmacology,1
497,Andhra Pradesh,Trust,"Santhiram Medical College, Nandyal",MS - General Surgery,12
498,Andhra Pradesh,Trust,"Santhiram Medical College, Nandyal",MS - ENT,5
499,Andhra Pradesh,Trust,"Santhiram Medical College, Nandyal",MD - Paediatrics,5
500,Andhra Pradesh,Govt,"Sri Venkateswara Institute of Medical Sciences (SVIMS) , Tirupati",MD - Bio-Chemistry,1
501,Andhra Pradesh,Govt,"Sri Venkateswara Institute of Medical Sciences (SVIMS) , Tirupati",MS - General Surgery,4
502,Andhra Pradesh,Govt,"Sri Venkateswara Institute of Medical Sciences (SVIMS) , Tirupati",MD - Immuno Haematology & Blood Transfusion,1
503,Andhra Pradesh,Govt,"Sri Venkateswara Institute of Medical Sciences (SVIMS) , Tirupati",MD - Pathology,3
504,Andhra Pradesh,Govt,"Sri Venkateswara Institute of Medical Sciences (SVIMS) , Tirupati",MD-Microbiology,2
505,Andhra Pradesh,Govt,"Sri Venkateswara Institute of Medical Sciences (SVIMS) , Tirupati",MD - Emergency Medicine,2
506,Andhra Pradesh,Govt,"Sri Venkateswara Institute of Medical Sciences (SVIMS) , Tirupati",MD - Nuclear Medicine,2
507,Andhra Pradesh,Govt,"Sri Venkateswara Institute of Medical Sciences (SVIMS) , Tirupati",MD - Radio Diagnosis/Radiology,7
508,Andhra Pradesh,Govt,"Sri Venkateswara Institute of Medical Sciences (SVIMS) , Tirupati",MD - General Medicine,9
509,Andhra Pradesh,Govt,"Sri Venkateswara Institute of Medical Sciences (SVIMS) , Tirupati",MD - Radiotherapy/ Radiation Oncology,7
510,Andhra Pradesh,Govt,"Sri Venkateswara Institute of Medical Sciences (SVIMS) , Tirupati",MD - Anaesthesiology,9
511,Andhra Pradesh,Govt,"Sri Venkateswara Institute of Medical Sciences (SVIMS) , Tirupati",MD - Community Medicine,2
512,Andhra Pradesh,Govt,"Sri Venkateswara Institute of Medical Sciences (SVIMS) , Tirupati",MD - Anatomy,1
513,Andhra Pradesh,Govt,"Sri Venkateswara Institute of Medical Sciences (SVIMS) , Tirupati",MD - Pharmacology,2
514,Andhra Pradesh,Govt,"Sri Venkateswara Institute of Medical Sciences (SVIMS) , Tirupati",MD - Physiology,1
515,Andhra Pradesh,Society,"Viswabharathi Medical College, Kurnool",MD - Microbiology,4
516,Andhra Pradesh,Society,"Viswabharathi Medical College, Kurnool",MD - Pathology,4
517,Andhra Pradesh,Society,"Viswabharathi Medical College, Kurnool","MD - Social & Preventive Medicine / Community
Medicine",4
518,Andhra Pradesh,Society,"Viswabharathi Medical College, Kurnool","MD - Dermatology , Venereology & Leprosy",3
519,Andhra Pradesh,Society,"Viswabharathi Medical College, Kurnool",MD - General Medicine,5
520,Andhra Pradesh,Society,"Viswabharathi Medical College, Kurnool",MS - Orthopaedics,4
521,Andhra Pradesh,Society,"Viswabharathi Medical College, Kurnool",MD - Bio-Chemistry,4
522,Andhra Pradesh,Society,"Viswabharathi Medical College, Kurnool",MD - Radiation Oncology,5
523,Andhra Pradesh,Society,"Viswabharathi Medical College, Kurnool",MD - Anaesthesiology,4
524,Andhra Pradesh,Society,"Viswabharathi Medical College, Kurnool",MD - Pharmacology,3
525,Andhra Pradesh,Society,"Viswabharathi Medical College, Kurnool",MD - Paediatrics,3
526,Andhra Pradesh,Society,"Viswabharathi Medical College, Kurnool",MS - General Surgery,3
527,Andhra Pradesh,Society,"Viswabharathi Medical College, Kurnool",MD - Psychiatry,3
528,Andhra Pradesh,Society,"Viswabharathi Medical College, Kurnool",MS - Ophthalmology,2
529,Andhra Pradesh,Society,"Viswabharathi Medical College, Kurnool",MS - Obstetrics and Gynaecology,4
530,Andhra Pradesh,Society,"Viswabharathi Medical College, Kurnool",MS - ENT,3
531,Andhra Pradesh,Society,"Viswabharathi Medical College, Kurnool",MD - Radio Diagnosis/Radiology,1
532,Andhra Pradesh,Society,"Viswabharathi Medical College, Kurnool","MD - Tuberculosis & Respiratory Diseases / Pulmonary
Medicine",2
533,Assam,Govt,"Assam Medial College, Dibrugarh",MD - Anaesthesiology,20
534,Assam,Govt,"Assam Medial College, Dibrugarh",MD - Bio-Chemistry,6
535,Assam,Govt,"Assam Medial College, Dibrugarh",MD - General Medicine,25
536,Assam,Govt,"Assam Medial College, Dibrugarh",MD - Microbiology,5
537,Assam,Govt,"Assam Medial College, Dibrugarh",MD - Paediatrics,10
538,Assam,Govt,"Assam Medial College, Dibrugarh",MD - Pathology,14
539,Assam,Govt,"Assam Medial College, Dibrugarh",MD - Pharmacology,5
540,Assam,Govt,"Assam Medial College, Dibrugarh",MD - Physiology,5
541,Assam,Govt,"Assam Medial College, Dibrugarh",MD - Psychiatry,9
542,Assam,Govt,"Assam Medial College, Dibrugarh",MD - Radio Diagnosis/Radiology,9
543,Assam,Govt,"Assam Medial College, Dibrugarh","MD - Social & Preventive Medicine / Community
Medicine",5
544,Assam,Govt,"Assam Medial College, Dibrugarh",MD - Anatomy,6
545,Assam,Govt,"Assam Medial College, Dibrugarh",MS - Ophthalmology,10
546,Assam,Govt,"Assam Medial College, Dibrugarh",MS - ENT,6
547,Assam,Govt,"Assam Medial College, Dibrugarh",MS - General Surgery,23
548,Assam,Govt,"Assam Medial College, Dibrugarh",MS - Obstetrics & Gynaecology,14
549,Assam,Govt,"Assam Medial College, Dibrugarh",MS - Orthopaedics,12
550,Assam,Govt,"Assam Medial College, Dibrugarh",MD- DVL,3
551,Assam,Govt,"Assam Medial College, Dibrugarh","MD - Forensic Medicine/Forensic Medicine &
Toxicology",3
552,Assam,Govt,"Assam Medial College, Dibrugarh",MD- RADIATION ONCOLOGY,1
553,Assam,Govt,Dr. B. Borooah Cancer Institute (Regional Cancer Centre) Guwahati,MD - Radiotherapy/ Radiation Oncology,5
554,Assam,Govt.-Society,Fakhruddin Ali Ahmed Medical College Barpeta Assam,MD - Community Medicine,4
555,Assam,Govt.-Society,Fakhruddin Ali Ahmed Medical College Barpeta Assam,MS - General Surgery,8
556,Assam,Govt.-Society,Fakhruddin Ali Ahmed Medical College Barpeta Assam,MD - General Medicine,8
557,Assam,Govt.-Society,Fakhruddin Ali Ahmed Medical College Barpeta Assam,MS - Obstetrics & Gynaecology,6
558,Assam,Govt.-Society,Fakhruddin Ali Ahmed Medical College Barpeta Assam,MD - Pathology,7
559,Assam,Govt.-Society,Fakhruddin Ali Ahmed Medical College Barpeta Assam,MD - Bio-Chemistry,3
560,Assam,Govt.-Society,Fakhruddin Ali Ahmed Medical College Barpeta Assam,MD - Radio Diagnosis/Radiology,6
561,Assam,Govt.-Society,Fakhruddin Ali Ahmed Medical College Barpeta Assam,MD - Anaesthesiology,4
562,Assam,Govt.-Society,Fakhruddin Ali Ahmed Medical College Barpeta Assam,MD - Microbiology,3
563,Assam,Govt.-Society,Fakhruddin Ali Ahmed Medical College Barpeta Assam,MD - Paediatrics,3
564,Assam,Govt,"Gauhati Medical College, Guwahati",MS - Orthopaedics,11
565,Assam,Govt,"Gauhati Medical College, Guwahati",MD - Pharmacology,3
566,Assam,Govt,"Gauhati Medical College, Guwahati",MD - Psychiatry,6
567,Assam,Govt,"Gauhati Medical College, Guwahati",MD - Microbiology,7
568,Assam,Govt,"Gauhati Medical College, Guwahati",MD - General Medicine,22
569,Assam,Govt,"Gauhati Medical College, Guwahati",MS - Ophthalmology,11
570,Assam,Govt,"Gauhati Medical College, Guwahati",MS - Obstetrics & Gynaecology,18
571,Assam,Govt,"Gauhati Medical College, Guwahati",MD - Anaesthesiology,15
572,Assam,Govt,"Gauhati Medical College, Guwahati","MD - Tuberculosis & Respiratory Diseases / Pulmonary
Medicine",4
573,Assam,Govt,"Gauhati Medical College, Guwahati",MD - Emergency Medicine,4
574,Assam,Govt,"Gauhati Medical College, Guwahati",MD - Radio Diagnosis/Radiology,8
575,Assam,Govt,"Gauhati Medical College, Guwahati",MD - Bio-Chemistry,5
576,Assam,Govt,"Gauhati Medical College, Guwahati","MD - Social & Preventive Medicine / Community
Medicine",6
577,Assam,Govt,"Gauhati Medical College, Guwahati","MD - Dermatology , Venereology & Leprosy",5
578,Assam,Govt,"Gauhati Medical College, Guwahati",MS - General Surgery,17
579,Assam,Govt,"Gauhati Medical College, Guwahati",MD - Paediatrics,9
580,Assam,Govt,"Gauhati Medical College, Guwahati",MD - Anatomy,6
581,Assam,Govt,"Gauhati Medical College, Guwahati",MD - Physiology,8
582,Assam,Govt,"Gauhati Medical College, Guwahati",MD - Radiation Oncology,3
583,Assam,Govt,"Gauhati Medical College, Guwahati",MD - Pathology,11
584,Assam,Govt,"Gauhati Medical College, Guwahati",MS - ENT,6
585,Assam,Govt,"Gauhati Medical College, Guwahati","MD - Forensic Medicine/Forensic Medicine &
Toxicology",3
586,Assam,Govt,"Jorhat Medical College & Hospital , Jorhat",MD - Microbiology,3
587,Assam,Govt,"Jorhat Medical College & Hospital , Jorhat",MD - Anaesthesiology,8
588,Assam,Govt,"Jorhat Medical College & Hospital , Jorhat",MS - Ophthalmology,2
589,Assam,Govt,"Jorhat Medical College & Hospital , Jorhat","MD - Social & Preventive Medicine / Community
Medicine",3
590,Assam,Govt,"Jorhat Medical College & Hospital , Jorhat",MD - General Medicine,10
591,Assam,Govt,"Jorhat Medical College & Hospital , Jorhat",MS - Obstetrics & Gynaecology,5
592,Assam,Govt,"Jorhat Medical College & Hospital , Jorhat","MD - Dermatology , Venereology & Leprosy",3
593,Assam,Govt,"Jorhat Medical College & Hospital , Jorhat",MD - Pathology,8
594,Assam,Govt,"Jorhat Medical College & Hospital , Jorhat",MS - ENT,3
595,Assam,Govt,"Jorhat Medical College & Hospital , Jorhat",MD - Paediatrics,5
596,Assam,Govt,"Jorhat Medical College & Hospital , Jorhat",MD - Psychiatry,2
597,Assam,Govt,"Jorhat Medical College & Hospital , Jorhat",MD - Anatomy,2
598,Assam,Govt,"Jorhat Medical College & Hospital , Jorhat",MS - Orthopaedics,6
599,Assam,Govt,"Jorhat Medical College & Hospital , Jorhat",MD - Physiology,3
600,Assam,Govt,"Jorhat Medical College & Hospital , Jorhat",MD - Bio-Chemistry,2
601,Assam,Govt,"Jorhat Medical College & Hospital , Jorhat",MS - General Surgery,10
602,Assam,Govt,"Jorhat Medical College & Hospital , Jorhat",MD - Pharmacology,3
603,Assam,Govt,"Jorhat Medical College & Hospital , Jorhat",MD - Radio Diagnosis/Radiology,4
604,Assam,Govt,"Jorhat Medical College & Hospital , Jorhat","MD - Forensic Medicine/Forensic Medicine &
Toxicology",2
605,Assam,Govt,"Lokopriya Gopinath Bordoloi Regional Institute of Mental Health, Tezpur",MD - Psychiatry,11
606,Assam,Govt,"Silchar Medical College, Silchar",MD - Pharmacology,4
607,Assam,Govt,"Silchar Medical College, Silchar","MD - Forensic Medicine/Forensic Medicine &
Toxicology",3
608,Assam,Govt,"Silchar Medical College, Silchar",MD - Physiology,3
609,Assam,Govt,"Silchar Medical College, Silchar",MD - Bio-Chemistry,3
610,Assam,Govt,"Silchar Medical College, Silchar","MD - Dermatology , Venereology & Leprosy",4
611,Assam,Govt,"Silchar Medical College, Silchar",MS - Obstetrics & Gynaecology,7
612,Assam,Govt,"Silchar Medical College, Silchar",MD - Paediatrics,7
613,Assam,Govt,"Silchar Medical College, Silchar",MS - General Surgery,15
614,Assam,Govt,"Silchar Medical College, Silchar",MS - Ophthalmology,5
615,Assam,Govt,"Silchar Medical College, Silchar",MD - Psychiatry,5
616,Assam,Govt,"Silchar Medical College, Silchar",MD - General Medicine,15
617,Assam,Govt,"Silchar Medical College, Silchar",MS - Orthopaedics,8
618,Assam,Govt,"Silchar Medical College, Silchar",MD - Anatomy,4
619,Assam,Govt,"Silchar Medical College, Silchar",MD - Microbiology,4
620,Assam,Govt,"Silchar Medical College, Silchar",MD - Radio Diagnosis/Radiology,7
621,Assam,Govt,"Silchar Medical College, Silchar",MS - ENT,6
622,Assam,Govt,"Silchar Medical College, Silchar",MD - Anaesthesiology,4
623,Assam,Govt,"Silchar Medical College, Silchar",MD - Pathology,7
624,Assam,Govt,"Tezpur Medical College & Hospital, Tezpur",MD - General Medicine,8
625,Assam,Govt,"Tezpur Medical College & Hospital, Tezpur",MS - General Surgery,6
626,Assam,Govt,"Tezpur Medical College & Hospital, Tezpur",MS - Ophthalmology,2
627,Assam,Govt,"Tezpur Medical College & Hospital, Tezpur",MD - Radio Diagnosis/Radiology,5
628,Assam,Govt,"Tezpur Medical College & Hospital, Tezpur",MD - Pharmacology,4
629,Assam,Govt,"Tezpur Medical College & Hospital, Tezpur",MD - Paediatrics,3
630,Assam,Govt,"Tezpur Medical College & Hospital, Tezpur",MS - ENT,3
631,Assam,Govt,"Tezpur Medical College & Hospital, Tezpur",MD - Psychiatry,3
632,Assam,Govt,"Tezpur Medical College & Hospital, Tezpur",MS - Obstetrics & Gynaecology,4
633,Assam,Govt,"Tezpur Medical College & Hospital, Tezpur",MD - Microbiology,4
634,Assam,Govt,"Tezpur Medical College & Hospital, Tezpur",MS - Orthopaedics,4
635,Assam,Govt,"Tezpur Medical College & Hospital, Tezpur","MD - Social & Preventive Medicine / Community
Medicine",4
636,Assam,Govt,"Tezpur Medical College & Hospital, Tezpur",MD - Bio-Chemistry,3
637,Assam,Govt,"Tezpur Medical College & Hospital, Tezpur",MD - Anaesthesiology,5
638,Assam,Govt,"Tezpur Medical College & Hospital, Tezpur",MD - Pathology,2
639,Bihar,Govt,"Anugrah Narayan Magadh Medical College, Gaya",MS - General Surgery,3
640,Bihar,Govt,"Anugrah Narayan Magadh Medical College, Gaya",MD - Bio-Chemistry,2
641,Bihar,Govt,"Anugrah Narayan Magadh Medical College, Gaya",MS - Orthopaedics,3
642,Bihar,Govt,"Anugrah Narayan Magadh Medical College, Gaya",MD - Anaesthesiology,3
643,Bihar,Govt,"Anugrah Narayan Magadh Medical College, Gaya","MD - Dermatology , Venereology & Leprosy",3
644,Bihar,Govt,"Anugrah Narayan Magadh Medical College, Gaya",MD - Pathology,3
645,Bihar,Govt,"Anugrah Narayan Magadh Medical College, Gaya",MS - Obstetrics and Gynaecology,6
646,Bihar,Govt,"Anugrah Narayan Magadh Medical College, Gaya",MS - ENT,2
647,Bihar,Govt,"Anugrah Narayan Magadh Medical College, Gaya",MD - Microbiology,2
648,Bihar,Govt,"Anugrah Narayan Magadh Medical College, Gaya",MS - Ophthalmology,3
649,Bihar,Govt,"Anugrah Narayan Magadh Medical College, Gaya",MD - Physiology,3
650,Bihar,Govt,"Anugrah Narayan Magadh Medical College, Gaya",MD - Paediatrics,3
651,Bihar,Govt,"Anugrah Narayan Magadh Medical College, Gaya",MD - Anatomy,3
652,Bihar,Govt,"Anugrah Narayan Magadh Medical College, Gaya",MD - Pharmacology,2
653,Bihar,Govt,"Bhagwan Mahavir Institute of Medical Sciences, Pawapuri (Formely known as Vardhman Institute of Medical Sciences, Pawapuri)",MD - General Medicine,2
654,Bihar,Govt,"Bhagwan Mahavir Institute of Medical Sciences, Pawapuri (Formely known as Vardhman Institute of Medical Sciences, Pawapuri)",MD - Physiology,3
655,Bihar,Govt,"Bhagwan Mahavir Institute of Medical Sciences, Pawapuri (Formely known as Vardhman Institute of Medical Sciences, Pawapuri)",MD - Bio-Chemistry,2
656,Bihar,Govt,"Bhagwan Mahavir Institute of Medical Sciences, Pawapuri (Formely known as Vardhman Institute of Medical Sciences, Pawapuri)",MD - Anatomy,3
657,Bihar,Govt,"Bhagwan Mahavir Institute of Medical Sciences, Pawapuri (Formely known as Vardhman Institute of Medical Sciences, Pawapuri)",MD - Pharmacology,2
658,Bihar,Govt,"Darbhanga Medical College, Lehriasarai",MD - Anatomy,11
659,Bihar,Govt,"Darbhanga Medical College, Lehriasarai",MD - Physiology,7
660,Bihar,Govt,"Darbhanga Medical College, Lehriasarai",MD - Bio-Chemistry,3
661,Bihar,Govt,"Darbhanga Medical College, Lehriasarai",MD - Pathology,10
662,Bihar,Govt,"Darbhanga Medical College, Lehriasarai",MD - Microbiology,6
663,Bihar,Govt,"Darbhanga Medical College, Lehriasarai",MD - Pharmacology,7
664,Bihar,Govt,"Darbhanga Medical College, Lehriasarai","MD - Forensic Medicine/Forensic Medicine &
Toxicology",1
665,Bihar,Govt,"Darbhanga Medical College, Lehriasarai","MD - Social & Preventive Medicine / Community
Medicine",8
666,Bihar,Govt,"Darbhanga Medical College, Lehriasarai",MD - General Medicine,18
667,Bihar,Govt,"Darbhanga Medical College, Lehriasarai",MS - General Surgery,16
668,Bihar,Govt,"Darbhanga Medical College, Lehriasarai",MS - Obstetrics & Gynaecology,20
669,Bihar,Govt,"Darbhanga Medical College, Lehriasarai",MD - Paediatrics,7
670,Bihar,Govt,"Darbhanga Medical College, Lehriasarai",MD - Anaesthesiology,8
671,Bihar,Govt,"Darbhanga Medical College, Lehriasarai",MD - Radio Diagnosis/Radiology,6
672,Bihar,Govt,"Darbhanga Medical College, Lehriasarai",MS - Orthopaedics,7
673,Bihar,Govt,"Darbhanga Medical College, Lehriasarai",MS - ENT,4
674,Bihar,Govt,"Darbhanga Medical College, Lehriasarai",MS - Ophthalmology,7
675,Bihar,Govt,"Darbhanga Medical College, Lehriasarai",MD - Respiratory Medicine,1
676,Bihar,Govt,"Darbhanga Medical College, Lehriasarai",Diploma in Anaesthesia,8
677,Bihar,Govt,"Government Medical College, Bettiah",MD - Bio-Chemistry,2
678,Bihar,Govt,"Government Medical College, Bettiah",MD - Microbiology,3
679,Bihar,Govt,"Government Medical College, Bettiah",MS - Ophthalmology,2
680,Bihar,Govt,"Government Medical College, Bettiah",MD - Paediatrics,2
681,Bihar,Govt,"Government Medical College, Bettiah",MS - Obstetrics and Gynaecology,2
682,Bihar,Govt,"Government Medical College, Bettiah",MD - Anatomy,2
683,Bihar,Govt,"Government Medical College, Bettiah",MD - Radio Diagnosis,3
684,Bihar,Govt,"Government Medical College, Bettiah",MD - Physiology,2
685,Bihar,Govt,Indira Gandhi Institute of Medical Sciences Sheikhpura Patna,MD - Anaesthesiology,17
686,Bihar,Govt,Indira Gandhi Institute of Medical Sciences Sheikhpura Patna,MD - Bio-Chemistry,4
687,Bihar,Govt,Indira Gandhi Institute of Medical Sciences Sheikhpura Patna,"MD - Dermatology , Venereology & Leprosy",3
688,Bihar,Govt,Indira Gandhi Institute of Medical Sciences Sheikhpura Patna,"MD - Forensic Medicine/Forensic Medicine &
Toxicology",1
689,Bihar,Govt,Indira Gandhi Institute of Medical Sciences Sheikhpura Patna,MD - General Medicine,8
690,Bihar,Govt,Indira Gandhi Institute of Medical Sciences Sheikhpura Patna,MD - Microbiology,8
691,Bihar,Govt,Indira Gandhi Institute of Medical Sciences Sheikhpura Patna,MD - Paediatrics,3
692,Bihar,Govt,Indira Gandhi Institute of Medical Sciences Sheikhpura Patna,MD - Pathology,5
693,Bihar,Govt,Indira Gandhi Institute of Medical Sciences Sheikhpura Patna,MD - Pharmacology,2
694,Bihar,Govt,Indira Gandhi Institute of Medical Sciences Sheikhpura Patna,MD - Physiology,2
695,Bihar,Govt,Indira Gandhi Institute of Medical Sciences Sheikhpura Patna,MD - Psychiatry,3
696,Bihar,Govt,Indira Gandhi Institute of Medical Sciences Sheikhpura Patna,MD - Radio Diagnosis/Radiology,5
697,Bihar,Govt,Indira Gandhi Institute of Medical Sciences Sheikhpura Patna,MD - Radiotherapy/ Radiation Oncology,4
698,Bihar,Govt,Indira Gandhi Institute of Medical Sciences Sheikhpura Patna,MD - Respiratory Medicine,3
699,Bihar,Govt,Indira Gandhi Institute of Medical Sciences Sheikhpura Patna,"MD - Social & Preventive Medicine / Community
Medicine",4
700,Bihar,Govt,Indira Gandhi Institute of Medical Sciences Sheikhpura Patna,MD - Anatomy,3
701,Bihar,Govt,Indira Gandhi Institute of Medical Sciences Sheikhpura Patna,MS - Ophthalmology,4
702,Bihar,Govt,Indira Gandhi Institute of Medical Sciences Sheikhpura Patna,MS - ENT,3
703,Bihar,Govt,Indira Gandhi Institute of Medical Sciences Sheikhpura Patna,MS - General Surgery,8
704,Bihar,Govt,Indira Gandhi Institute of Medical Sciences Sheikhpura Patna,MS - Obstetrics & Gynaecology,4
705,Bihar,Govt,Indira Gandhi Institute of Medical Sciences Sheikhpura Patna,MS - Orthopaedics,3
706,Bihar,Govt,"Jawaharlal Nehru Medical College, Bhagalpur",MD - Emergency Medicine,5
707,Bihar,Govt,"Jawaharlal Nehru Medical College, Bhagalpur",MD - Psychiatry,3
708,Bihar,Govt,"Jawaharlal Nehru Medical College, Bhagalpur",MD - Pathology,3
709,Bihar,Govt,"Jawaharlal Nehru Medical College, Bhagalpur",MD - Anatomy,3
710,Bihar,Govt,"Jawaharlal Nehru Medical College, Bhagalpur",MS - Orthopaedics,3
711,Bihar,Govt,"Jawaharlal Nehru Medical College, Bhagalpur",MD - Respiratory Medicine,2
712,Bihar,Govt,"Jawaharlal Nehru Medical College, Bhagalpur",MS - General Surgery,12
713,Bihar,Govt,"Jawaharlal Nehru Medical College, Bhagalpur","MD - Forensic Medicine/Forensic Medicine &
Toxicology",1
714,Bihar,Govt,"Jawaharlal Nehru Medical College, Bhagalpur",MD - Physiology,4
715,Bihar,Govt,"Jawaharlal Nehru Medical College, Bhagalpur",MD - Paediatrics,5
716,Bihar,Govt,"Jawaharlal Nehru Medical College, Bhagalpur",MD - Microbiology,5
717,Bihar,Govt,"Jawaharlal Nehru Medical College, Bhagalpur",MD - Pharmacology,5
718,Bihar,Govt,"Jawaharlal Nehru Medical College, Bhagalpur",MD - Bio-Chemistry,3
719,Bihar,Govt,"Jawaharlal Nehru Medical College, Bhagalpur",MS - Ophthalmology,3
720,Bihar,Govt,"Jawaharlal Nehru Medical College, Bhagalpur",MD - General Medicine,12
721,Bihar,Govt,"Jawaharlal Nehru Medical College, Bhagalpur",MS - Obstetrics & Gynaecology,3
722,Bihar,Govt,"Jawaharlal Nehru Medical College, Bhagalpur",MD - Physical Medicine & Rehabilitation,1
723,Bihar,Govt,"Jawaharlal Nehru Medical College, Bhagalpur",MD - Community Medicine,2
724,Bihar,Trust,"Katihar Medical College, Katihar",MD - Anaesthesiology,7
725,Bihar,Trust,"Katihar Medical College, Katihar",MD - Bio-Chemistry,1
726,Bihar,Trust,"Katihar Medical College, Katihar","MD - Dermatology , Venereology & Leprosy",4
727,Bihar,Trust,"Katihar Medical College, Katihar",MD - General Medicine,15
728,Bihar,Trust,"Katihar Medical College, Katihar",MD - Microbiology,2
729,Bihar,Trust,"Katihar Medical College, Katihar",MD - Paediatrics,6
730,Bihar,Trust,"Katihar Medical College, Katihar",MD - Pathology,4
731,Bihar,Trust,"Katihar Medical College, Katihar",MD - Pharmacology,3
732,Bihar,Trust,"Katihar Medical College, Katihar",MD - Physiology,2
733,Bihar,Trust,"Katihar Medical College, Katihar",MD - Psychiatry,1
734,Bihar,Trust,"Katihar Medical College, Katihar",MD - Radio Diagnosis/Radiology,7
735,Bihar,Trust,"Katihar Medical College, Katihar","MD - Social & Preventive Medicine / Community
Medicine",3
736,Bihar,Trust,"Katihar Medical College, Katihar",MD - Anatomy,2
737,Bihar,Trust,"Katihar Medical College, Katihar",MS - Ophthalmology,2
738,Bihar,Trust,"Katihar Medical College, Katihar",MS - ENT,1
739,Bihar,Trust,"Katihar Medical College, Katihar",MS - General Surgery,8
740,Bihar,Trust,"Katihar Medical College, Katihar",MS - Obstetrics & Gynaecology,5
741,Bihar,Trust,"Katihar Medical College, Katihar",MS - Orthopaedics,8
742,Bihar,Trust,"Lord Buddha Koshi Medical College and Hospital, Saharsa",MD - Pathology,3
743,Bihar,Trust,"Lord Buddha Koshi Medical College and Hospital, Saharsa",MS - Obstetrics & Gynaecology,4
744,Bihar,Trust,"Lord Buddha Koshi Medical College and Hospital, Saharsa",MS- ENT,3
745,Bihar,Trust,"Lord Buddha Koshi Medical College and Hospital, Saharsa",MS- Ophthalmology,3
746,Bihar,Trust,"Lord Buddha Koshi Medical College and Hospital, Saharsa",MD - Radio Diagnosis,3
747,Bihar,Trust,"Lord Buddha Koshi Medical College and Hospital, Saharsa",MS - General Surgery,7
748,Bihar,Trust,"Lord Buddha Koshi Medical College and Hospital, Saharsa",MD - Paediatrics,6
749,Bihar,Trust,"Lord Buddha Koshi Medical College and Hospital, Saharsa",MD - General Medicine,7
750,Bihar,Trust,"Lord Buddha Koshi Medical College and Hospital, Saharsa",MS - Orthopaedics,4
751,Bihar,Trust,"Lord Buddha Koshi Medical College and Hospital, Saharsa",MD - Anaesthesiology,7
752,Bihar,Trust,"Madhubani Medical College, Madhubani",MD - General Medicine,11
753,Bihar,Trust,"Madhubani Medical College, Madhubani",MD - Pediatrics,4
754,Bihar,Trust,"Madhubani Medical College, Madhubani","MD - Dermatology , Venereology & Leprosy",4
755,Bihar,Trust,"Madhubani Medical College, Madhubani",MS - General Surgery,13
756,Bihar,Trust,"Madhubani Medical College, Madhubani",MS - Orthopaedics,6
757,Bihar,Trust,"Madhubani Medical College, Madhubani",MS - Ophthalmology,3
758,Bihar,Trust,"Madhubani Medical College, Madhubani",MS - Obstetrics & Gynaecology,8
759,Bihar,Trust,"Madhubani Medical College, Madhubani",MD - Pathology,6
760,Bihar,Trust,"Madhubani Medical College, Madhubani",MD - Anaesthesiology,7
761,Bihar,Trust,"Madhubani Medical College, Madhubani",MS - ENT,3
762,Bihar,Trust,"Mata Gujri Memorial Medical College, Kishanganj",MD - Anatomy,2
763,Bihar,Trust,"Mata Gujri Memorial Medical College, Kishanganj",MS - Obstetrics & Gynaecology,10
764,Bihar,Trust,"Mata Gujri Memorial Medical College, Kishanganj",MD - Pathology,8
765,Bihar,Trust,"Mata Gujri Memorial Medical College, Kishanganj",MS - Ophthalmology,9
766,Bihar,Trust,"Mata Gujri Memorial Medical College, Kishanganj",MD - Bio-Chemistry,3
767,Bihar,Trust,"Mata Gujri Memorial Medical College, Kishanganj",MD - Pharmacology,2
768,Bihar,Trust,"Mata Gujri Memorial Medical College, Kishanganj",MD - Physiology,2
769,Bihar,Trust,"Mata Gujri Memorial Medical College, Kishanganj",MD - Paediatrics,7
770,Bihar,Trust,"Mata Gujri Memorial Medical College, Kishanganj","MD - Dermatology , Venereology & Leprosy",5
771,Bihar,Trust,"Mata Gujri Memorial Medical College, Kishanganj",MD - Anaesthesiology,6
772,Bihar,Trust,"Mata Gujri Memorial Medical College, Kishanganj",MD - Microbiology,5
773,Bihar,Trust,"Mata Gujri Memorial Medical College, Kishanganj",MS - General Surgery,10
774,Bihar,Trust,"Mata Gujri Memorial Medical College, Kishanganj",MD - General Medicine,10
775,Bihar,Trust,"Mata Gujri Memorial Medical College, Kishanganj",MD - Radio Diagnosis/Radiology,6
776,Bihar,Trust,"Mata Gujri Memorial Medical College, Kishanganj",MS - Orthopaedics,10
777,Bihar,Trust,"Mata Gujri Memorial Medical College, Kishanganj",MS - ENT,4
778,Bihar,Trust,"Mata Gujri Memorial Medical College, Kishanganj","MD - Social & Preventive Medicine / Community
Medicine",2
779,Bihar,Govt,"Nalanda Medical College, Patna",MD - Pathology,3
780,Bihar,Govt,"Nalanda Medical College, Patna",MD - Anatomy,5
781,Bihar,Govt,"Nalanda Medical College, Patna",MD - Physiology,6
782,Bihar,Govt,"Nalanda Medical College, Patna",MD - Bio-Chemistry,5
783,Bihar,Govt,"Nalanda Medical College, Patna","MD - Forensic Medicine/Forensic Medicine &
Toxicology",4
784,Bihar,Govt,"Nalanda Medical College, Patna",MD - Paediatrics,8
785,Bihar,Govt,"Nalanda Medical College, Patna",MS - General Surgery,15
786,Bihar,Govt,"Nalanda Medical College, Patna",MD - Psychiatry,1
787,Bihar,Govt,"Nalanda Medical College, Patna",MS - Ophthalmology,2
788,Bihar,Govt,"Nalanda Medical College, Patna",MD - Microbiology,5
789,Bihar,Govt,"Nalanda Medical College, Patna",MS - Obstetrics & Gynaecology,11
790,Bihar,Govt,"Nalanda Medical College, Patna","MD - Dermatology , Venereology & Leprosy",3
791,Bihar,Govt,"Nalanda Medical College, Patna",MD - Pharmacology,4
792,Bihar,Govt,"Nalanda Medical College, Patna",MS - ENT,4
793,Bihar,Govt,"Nalanda Medical College, Patna",MD - Anaesthesiology,6
794,Bihar,Govt,"Nalanda Medical College, Patna",MD - Radio Diagnosis,3
795,Bihar,Govt,"Nalanda Medical College, Patna",MD - Respiratory Medicine,1
796,Bihar,Govt,"Nalanda Medical College, Patna",MS - Orthopaedics,6
797,Bihar,Govt,"Nalanda Medical College, Patna",MD - General Medicine,10
798,Bihar,Govt,"Nalanda Medical College, Patna",MD - Community Medicine,3
799,Bihar,Trust,"Narayan Medical College & Hospital, Sasaram",MS - General Surgery,6
800,Bihar,Trust,"Narayan Medical College & Hospital, Sasaram",MS - Obstetrics & Gynaecology,3
801,Bihar,Trust,"Narayan Medical College & Hospital, Sasaram",MD - Physiology,2
802,Bihar,Trust,"Narayan Medical College & Hospital, Sasaram",MD - General Medicine,16
803,Bihar,Trust,"Narayan Medical College & Hospital, Sasaram",MD - Microbiology,4
804,Bihar,Trust,"Narayan Medical College & Hospital, Sasaram","MD - Dermatology , Venereology & Leprosy",5
805,Bihar,Trust,"Narayan Medical College & Hospital, Sasaram",MS - ENT,2
806,Bihar,Trust,"Narayan Medical College & Hospital, Sasaram",MD - Anaesthesiology,16
807,Bihar,Trust,"Narayan Medical College & Hospital, Sasaram",MD - Paediatrics,8
808,Bihar,Trust,"Narayan Medical College & Hospital, Sasaram",MD - Bio-Chemistry,3
809,Bihar,Trust,"Narayan Medical College & Hospital, Sasaram",MD - Anatomy,2
810,Bihar,Trust,"Narayan Medical College & Hospital, Sasaram",MD - Radio Diagnosis/Radiology,10
811,Bihar,Trust,"Narayan Medical College & Hospital, Sasaram",MS - Ophthalmology,4
812,Bihar,Trust,"Narayan Medical College & Hospital, Sasaram",MD - Pharmacology,4
813,Bihar,Trust,"Narayan Medical College & Hospital, Sasaram",MD - Pathology,12
814,Bihar,Trust,"Narayan Medical College & Hospital, Sasaram",MS - Orthopaedics,8
815,Bihar,Society,"Netaji Subhas Medical College & Hospital, Amhara, Bihta, Patna",MD - General Medicine,7
816,Bihar,Society,"Netaji Subhas Medical College & Hospital, Amhara, Bihta, Patna",MS - General Surgery,7
817,Bihar,Society,"Netaji Subhas Medical College & Hospital, Amhara, Bihta, Patna",MD - Pediatrics,3
818,Bihar,Society,"Netaji Subhas Medical College & Hospital, Amhara, Bihta, Patna",MS - Obstetrics & Gynaecology,4
819,Bihar,Society,"Netaji Subhas Medical College & Hospital, Amhara, Bihta, Patna",MS - Ophthalmology,3
820,Bihar,Society,"Netaji Subhas Medical College & Hospital, Amhara, Bihta, Patna",MD - Anesthesiology,6
821,Bihar,Society,"Netaji Subhas Medical College & Hospital, Amhara, Bihta, Patna",MD - Radiology,3
822,Bihar,Society,"Netaji Subhas Medical College & Hospital, Amhara, Bihta, Patna",MD - Anatomy,3
823,Bihar,Society,"Netaji Subhas Medical College & Hospital, Amhara, Bihta, Patna",MD - Physiology,2
824,Bihar,Society,"Netaji Subhas Medical College & Hospital, Amhara, Bihta, Patna",MD - Pathology,4
825,Bihar,Society,"Netaji Subhas Medical College & Hospital, Amhara, Bihta, Patna",MD - Pharmacology,4
826,Bihar,Society,"Netaji Subhas Medical College & Hospital, Amhara, Bihta, Patna",MD - Microbiology,4
827,Bihar,Govt,"Patna Medical College, Patna",MD - General Medicine,20
828,Bihar,Govt,"Patna Medical College, Patna",MD - Paediatrics,21
829,Bihar,Govt,"Patna Medical College, Patna",MD - Respiratory Medicine,2
830,Bihar,Govt,"Patna Medical College, Patna",MD - Psychiatry,3
831,Bihar,Govt,"Patna Medical College, Patna","MD - Dermatology , Venereology & Leprosy",5
832,Bihar,Govt,"Patna Medical College, Patna",MS - General Surgery,17
833,Bihar,Govt,"Patna Medical College, Patna",MS - Orthopaedics,14
834,Bihar,Govt,"Patna Medical College, Patna",MS - Ophthalmology,11
835,Bihar,Govt,"Patna Medical College, Patna",MS - ENT,6
836,Bihar,Govt,"Patna Medical College, Patna",MS - Obstetrics & Gynaecology,20
837,Bihar,Govt,"Patna Medical College, Patna",MD - Radio Diagnosis/Radiology,5
838,Bihar,Govt,"Patna Medical College, Patna",MD - Anaesthesiology,10
839,Bihar,Govt,"Patna Medical College, Patna",MD - Physiology,10
840,Bihar,Govt,"Patna Medical College, Patna",MD - Bio-Chemistry,8
841,Bihar,Govt,"Patna Medical College, Patna",MD - Pharmacology,7
842,Bihar,Govt,"Patna Medical College, Patna","MD - Social & Preventive Medicine / Community
Medicine",5
843,Bihar,Govt,"Patna Medical College, Patna","MD - Forensic Medicine/Forensic Medicine &
Toxicology",5
844,Bihar,Govt,"Patna Medical College, Patna",MD - Pathology,16
845,Bihar,Govt,"Patna Medical College, Patna",MD - Microbiology,5
846,Bihar,Govt,"Patna Medical College, Patna",MD - Physical Medicine & Rehabilitation,3
847,Bihar,Govt,"Patna Medical College, Patna",MD - Anatomy,8
848,Bihar,Govt,"Shri Krishna Medical College, Muzzafarpur",MD - Pharmacology,2
849,Bihar,Govt,"Shri Krishna Medical College, Muzzafarpur",MS - General Surgery,2
850,Bihar,Govt,"Shri Krishna Medical College, Muzzafarpur",MD - Pathology,6
851,Bihar,Govt,"Shri Krishna Medical College, Muzzafarpur",MD - General Medicine,2
852,Bihar,Govt,"Shri Krishna Medical College, Muzzafarpur",MD - Physiology,2
853,Bihar,Govt,"Shri Krishna Medical College, Muzzafarpur","MD - Social & Preventive Medicine / Community
Medicine",1
854,Bihar,Govt,"Shri Krishna Medical College, Muzzafarpur",MS - Obstetrics & Gynaecology,2
855,Bihar,Govt,"Shri Krishna Medical College, Muzzafarpur",MD - Anatomy,1
856,Chandigarh,Govt,"Government Medical College, Chandigarh",MD - Physiology,2
857,Chandigarh,Govt,"Government Medical College, Chandigarh",MD - Bio-Chemistry,6
858,Chandigarh,Govt,"Government Medical College, Chandigarh",MS - Obstetrics & Gynaecology,10
859,Chandigarh,Govt,"Government Medical College, Chandigarh",MD - Microbiology,6
860,Chandigarh,Govt,"Government Medical College, Chandigarh",MD - Pharmacology,4
861,Chandigarh,Govt,"Government Medical College, Chandigarh",MD - Radio Diagnosis/Radiology,10
862,Chandigarh,Govt,"Government Medical College, Chandigarh",MS - General Surgery,12
863,Chandigarh,Govt,"Government Medical College, Chandigarh","MD - Social & Preventive Medicine / Community
Medicine",9
864,Chandigarh,Govt,"Government Medical College, Chandigarh",MD - Paediatrics,10
865,Chandigarh,Govt,"Government Medical College, Chandigarh",MS - ENT,3
866,Chandigarh,Govt,"Government Medical College, Chandigarh",MS - Orthopaedics,9
867,Chandigarh,Govt,"Government Medical College, Chandigarh","MD - Forensic Medicine/Forensic Medicine &
Toxicology",5
868,Chandigarh,Govt,"Government Medical College, Chandigarh","MD - Dermatology , Venereology & Leprosy",5
869,Chandigarh,Govt,"Government Medical College, Chandigarh",MD - General Medicine,12
870,Chandigarh,Govt,"Government Medical College, Chandigarh",MD - Immuno Haematology & Blood Transfusion,5
871,Chandigarh,Govt,"Government Medical College, Chandigarh",MD - Pathology,6
872,Chandigarh,Govt,"Government Medical College, Chandigarh",MD - Radiotherapy/ Radiation Oncology,5
873,Chandigarh,Govt,"Government Medical College, Chandigarh",MD - Psychiatry,8
874,Chandigarh,Govt,"Government Medical College, Chandigarh",MD - Anaesthesiology,20
875,Chandigarh,Govt,"Government Medical College, Chandigarh",MS - Ophthalmology,5
876,Chandigarh,Govt,"Government Medical College, Chandigarh",MD - Anatomy,3
877,Chhatisgarh,Govt,"Chhatisgarh Institute Of Medical Sciences, Bilaspur",MD- community medicine,1
878,Chhatisgarh,Govt,"Chhatisgarh Institute Of Medical Sciences, Bilaspur",MD-Forensic Medicine,2
879,Chhatisgarh,Govt,"Chhatisgarh Institute Of Medical Sciences, Bilaspur",MD-Anatomy,3
880,Chhatisgarh,Govt,"Chhatisgarh Institute Of Medical Sciences, Bilaspur",MD- Biochemistry,4
881,Chhatisgarh,Govt,"Chhatisgarh Institute Of Medical Sciences, Bilaspur",MD-Pharmacology,5
882,Chhatisgarh,Govt,"Chhatisgarh Institute Of Medical Sciences, Bilaspur",MS-Otorhinolarnygology,2
883,Chhatisgarh,Govt,"Chhatisgarh Institute Of Medical Sciences, Bilaspur",MD-Microbiology,3
884,Chhatisgarh,Govt,"Chhatisgarh Institute Of Medical Sciences, Bilaspur",MS-Ophthalmology,3
885,Chhatisgarh,Govt,"Chhatisgarh Institute Of Medical Sciences, Bilaspur",MD-Pediatrics,4
886,Chhatisgarh,Govt,"Chhatisgarh Institute Of Medical Sciences, Bilaspur",MD- Anesthesiology,4
887,Chhatisgarh,Govt,"Chhatisgarh Institute Of Medical Sciences, Bilaspur",MS-Obstetrics & Gyanecology,2
888,Chhatisgarh,Govt,"Chhatisgarh Institute Of Medical Sciences, Bilaspur","MD- Dermatology, Venerology & Leprosy",3
889,Chhatisgarh,Govt,"Chhatisgarh Institute Of Medical Sciences, Bilaspur",MD- General Medicine,8
890,Chhatisgarh,Govt,"Chhatisgarh Institute Of Medical Sciences, Bilaspur",MD-Psychiatry,3
891,Chhatisgarh,Govt,"Chhatisgarh Institute Of Medical Sciences, Bilaspur",MD-Pathology,9
892,Chhatisgarh,Govt,"Chhatisgarh Institute Of Medical Sciences, Bilaspur",MS-Orthopaedics,6
893,Chhatisgarh,Govt,"Chhatisgarh Institute Of Medical Sciences, Bilaspur",MS - General Surgery,6
894,Chhatisgarh,Govt,"Government Medical College (Bharat Ratna Shri Atal Bihari Vajpyee Memorial
Med. Col.), Rajnandgaon",MS - Otorhinolaryngology,2
895,Chhatisgarh,Govt,"Government Medical College (Bharat Ratna Shri Atal Bihari Vajpyee Memorial
Med. Col.), Rajnandgaon",MS - Ophthalmology,2
896,Chhatisgarh,Govt,"Government Medical College (Bharat Ratna Shri Atal Bihari Vajpyee Memorial
Med. Col.), Rajnandgaon",MD - Anaesthesiology,3
897,Chhatisgarh,Govt,"Government Medical College (Bharat Ratna Shri Atal Bihari Vajpyee Memorial
Med. Col.), Rajnandgaon",MD - Community Medicine,4
898,Chhatisgarh,Govt,Late Shri Baliram Kashyap Memorial NDMC Govt. Medical College Jagdalpur,MS- Orthopedics,5
899,Chhatisgarh,Govt,Late Shri Baliram Kashyap Memorial NDMC Govt. Medical College Jagdalpur,MD - Respiratory Medicine,5
900,Chhatisgarh,Govt,Late Shri Baliram Kashyap Memorial NDMC Govt. Medical College Jagdalpur,"MD - Forensic Medicine/Forensic Medicine &
Toxicology",3
901,Chhatisgarh,Govt,Late Shri Baliram Kashyap Memorial NDMC Govt. Medical College Jagdalpur,MS - Ophthalmology,2
902,Chhatisgarh,Govt,Late Shri Baliram Kashyap Memorial NDMC Govt. Medical College Jagdalpur,MD - Community Medicine,5
903,Chhatisgarh,Govt,Late Shri Lakhi Ram Agrawal Memorial Govt. Medical College Raigarh,MD - Pathology,4
904,Chhatisgarh,Govt,Late Shri Lakhi Ram Agrawal Memorial Govt. Medical College Raigarh,MD - Anaesthesiology,3
905,Chhatisgarh,Govt,Late Shri Lakhi Ram Agrawal Memorial Govt. Medical College Raigarh,MD - Psychiatry,1
906,Chhatisgarh,Govt,Late Shri Lakhi Ram Agrawal Memorial Govt. Medical College Raigarh,MD - Physiology,3
907,Chhatisgarh,Govt,Late Shri Lakhi Ram Agrawal Memorial Govt. Medical College Raigarh,MD - Anatomy,3
908,Chhatisgarh,Govt,Late Shri Lakhi Ram Agrawal Memorial Govt. Medical College Raigarh,MD - Forensic Medicine,3
909,Chhatisgarh,Govt,Late Shri Lakhi Ram Agrawal Memorial Govt. Medical College Raigarh,MS - Otorhinolaryngology,2
910,Chhatisgarh,Govt,Late Shri Lakhi Ram Agrawal Memorial Govt. Medical College Raigarh,MD - Bio-Chemistry,3
911,Chhatisgarh,Govt,Late Shri Lakhi Ram Agrawal Memorial Govt. Medical College Raigarh,"MD - Social & Preventive Medicine / Community
Medicine",3
912,Chhatisgarh,Govt,Late Shri Lakhi Ram Agrawal Memorial Govt. Medical College Raigarh,MS - Orthopaedics,3
913,Chhatisgarh,Govt,"Pt. J N M Medical College, Raipur",MD - Radio Diagnosis/Radiology,12
914,Chhatisgarh,Govt,"Pt. J N M Medical College, Raipur",MS - General Surgery,12
915,Chhatisgarh,Govt,"Pt. J N M Medical College, Raipur",MD - Anaesthesiology,10
916,Chhatisgarh,Govt,"Pt. J N M Medical College, Raipur","MD - Social & Preventive Medicine / Community
Medicine",9
917,Chhatisgarh,Govt,"Pt. J N M Medical College, Raipur",MD - Physiology,2
918,Chhatisgarh,Govt,"Pt. J N M Medical College, Raipur",MS - Orthopaedics,6
919,Chhatisgarh,Govt,"Pt. J N M Medical College, Raipur",MD - Pharmacology,2
920,Chhatisgarh,Govt,"Pt. J N M Medical College, Raipur",MD - General Medicine,15
921,Chhatisgarh,Govt,"Pt. J N M Medical College, Raipur",MD - Radiotherapy/ Radiation Oncology,6
922,Chhatisgarh,Govt,"Pt. J N M Medical College, Raipur",MD - Bio-Chemistry,4
923,Chhatisgarh,Govt,"Pt. J N M Medical College, Raipur",MD - Anatomy,4
924,Chhatisgarh,Govt,"Pt. J N M Medical College, Raipur",MD - Pathology,11
925,Chhatisgarh,Govt,"Pt. J N M Medical College, Raipur","MD - Dermatology , Venereology & Leprosy",3
926,Chhatisgarh,Govt,"Pt. J N M Medical College, Raipur",MD - Paediatrics,11
927,Chhatisgarh,Govt,"Pt. J N M Medical College, Raipur",MS - Ophthalmology,8
928,Chhatisgarh,Govt,"Pt. J N M Medical College, Raipur",MD - Psychiatry,3
929,Chhatisgarh,Govt,"Pt. J N M Medical College, Raipur","MD - Tuberculosis & Respiratory Diseases / Pulmonary
Medicine",3
930,Chhatisgarh,Govt,"Pt. J N M Medical College, Raipur",MD - Forensic Medicine,5
931,Chhatisgarh,Govt,"Pt. J N M Medical College, Raipur",MD - Microbiology,5
932,Chhatisgarh,Govt,"Pt. J N M Medical College, Raipur",MS - ENT,3
933,Chhatisgarh,Govt,"Pt. J N M Medical College, Raipur",MS - Obstetrics & Gynaecology,12
934,Chhatisgarh,Society,"Raipur Institute of Medical Sciences (RIMS), Raipur",MD - Psychiatry,3
935,Chhatisgarh,Society,"Raipur Institute of Medical Sciences (RIMS), Raipur",MS - Otorhinolaryngology(ENT),3
936,Chhatisgarh,Society,"Raipur Institute of Medical Sciences (RIMS), Raipur",MD - Pathology,5
937,Chhatisgarh,Society,"Raipur Institute of Medical Sciences (RIMS), Raipur",MS - General Surgery,8
938,Chhatisgarh,Society,"Raipur Institute of Medical Sciences (RIMS), Raipur",MS - Orthopaedics,4
939,Chhatisgarh,Society,"Raipur Institute of Medical Sciences (RIMS), Raipur",MD - Microbiology,4
940,Chhatisgarh,Society,"Raipur Institute of Medical Sciences (RIMS), Raipur",MD - Radiology,4
941,Chhatisgarh,Society,"Raipur Institute of Medical Sciences (RIMS), Raipur",MD - Paediatrics,6
942,Chhatisgarh,Society,"Raipur Institute of Medical Sciences (RIMS), Raipur",MS - Obstetrics and Gynaecology,3
943,Chhatisgarh,Society,"Raipur Institute of Medical Sciences (RIMS), Raipur",MD - Bio-Chemistry,3
944,Chhatisgarh,Society,"Raipur Institute of Medical Sciences (RIMS), Raipur",MD - General Medicine,5
945,Chhatisgarh,Society,"Raipur Institute of Medical Sciences (RIMS), Raipur",MD - Anaesthesiology,5
946,Chhatisgarh,Society,"Raipur Institute of Medical Sciences (RIMS), Raipur",MD - Pharmacology,2
947,Chhatisgarh,Society,"Raipur Institute of Medical Sciences (RIMS), Raipur",MS - Ophthalmology,2
948,Chhatisgarh,Society,"Raipur Institute of Medical Sciences (RIMS), Raipur",MD - Community Medicine,6
949,Chhatisgarh,Govt,"Rajmata Shrimati Devendra kumari Singhdeo Government Medical College,
Surguja ( C.G.)",MD - General Medicine,5
950,Chhatisgarh,Govt,"Rajmata Shrimati Devendra kumari Singhdeo Government Medical College,
Surguja ( C.G.)",MD - Paediatrics,2
951,Chhatisgarh,Govt,"Rajmata Shrimati Devendra kumari Singhdeo Government Medical College,
Surguja ( C.G.)",MS - General Surgery,4
952,Chhatisgarh,Govt,"Rajmata Shrimati Devendra kumari Singhdeo Government Medical College,
Surguja ( C.G.)",MS - Orthopaedics,2
953,Chhatisgarh,Govt,"Rajmata Shrimati Devendra kumari Singhdeo Government Medical College,
Surguja ( C.G.)",MS - Ophthalmology,3
954,Chhatisgarh,Govt,"Rajmata Shrimati Devendra kumari Singhdeo Government Medical College,
Surguja ( C.G.)",MS - Otorhinolaryngology,3
955,Chhatisgarh,Govt,"Rajmata Shrimati Devendra kumari Singhdeo Government Medical College,
Surguja ( C.G.)",MS - Obstetrics & Gynaecology,4
956,Chhatisgarh,Govt,"Rajmata Shrimati Devendra kumari Singhdeo Government Medical College,
Surguja ( C.G.)",MD- Anaesthesiology,4
957,Chhatisgarh,Govt,"Rajmata Shrimati Devendra kumari Singhdeo Government Medical College,
Surguja ( C.G.)",MD- Anatomy,3
958,Chhatisgarh,Govt,"Rajmata Shrimati Devendra kumari Singhdeo Government Medical College,
Surguja ( C.G.)",MD- Biochemistry,1
959,Chhatisgarh,Govt,"Rajmata Shrimati Devendra kumari Singhdeo Government Medical College,
Surguja ( C.G.)",MD-  Community Medicine,3
960,Chhatisgarh,Govt,"Rajmata Shrimati Devendra kumari Singhdeo Government Medical College,
Surguja ( C.G.)",MD-Pathology,3
961,Chhatisgarh,Govt,"Rajmata Shrimati Devendra kumari Singhdeo Government Medical College,
Surguja ( C.G.)",MD-Physiology,3
962,Chhatisgarh,Society,Shri Balaji Institute of Medical Science,MD - Anatomy,3
963,Chhatisgarh,Society,Shri Balaji Institute of Medical Science,MD - Physiology,4
964,Chhatisgarh,Society,Shri Balaji Institute of Medical Science,MD - General Medicine,8
965,Chhatisgarh,Society,Shri Balaji Institute of Medical Science,MD - Community Medicine,5
966,Chhatisgarh,Society,Shri Balaji Institute of Medical Science,MD - Biochemistry,4
967,Chhatisgarh,Society,Shri Balaji Institute of Medical Science,MD - Microbiology,4
968,Chhatisgarh,Society,Shri Balaji Institute of Medical Science,MD - Pharmacology,4
969,Chhatisgarh,Society,Shri Balaji Institute of Medical Science,MD - Dermatology Venerology and Leprosy,4
970,Chhatisgarh,Society,Shri Balaji Institute of Medical Science,MS - General Surgery,8
971,Chhatisgarh,Society,Shri Balaji Institute of Medical Science,MS - Orthopaedics,2
972,Chhatisgarh,Society,Shri Balaji Institute of Medical Science,MS - Opthalmology,3
973,Chhatisgarh,Society,Shri Balaji Institute of Medical Science,MD - Anaesthesiology,7
974,Chhatisgarh,Society,Shri Balaji Institute of Medical Science,MD - Emergency Medicine,2
975,Chhatisgarh,Society,Shri Balaji Institute of Medical Science,MS  - Obstetrics & Gynaecology,5
976,Chhatisgarh,Society,Shri Balaji Institute of Medical Science,MD - Radio - Diagnosis,3
977,Chhatisgarh,Society,"Shri Shankaracharya Institute of Medical Sciences, Bhilai",MD - Respiratory Medicine,2
978,Chhatisgarh,Society,"Shri Shankaracharya Institute of Medical Sciences, Bhilai","MD - Social & Preventive Medicine / Community
Medicine",4
979,Chhatisgarh,Society,"Shri Shankaracharya Institute of Medical Sciences, Bhilai",MD - Radio Diagnosis/Radiology,4
980,Chhatisgarh,Society,"Shri Shankaracharya Institute of Medical Sciences, Bhilai",MD - General Medicine,4
981,Chhatisgarh,Society,"Shri Shankaracharya Institute of Medical Sciences, Bhilai",MD - Microbiology,3
982,Chhatisgarh,Society,"Shri Shankaracharya Institute of Medical Sciences, Bhilai",MS - Orthopaedics,4
983,Chhatisgarh,Society,"Shri Shankaracharya Institute of Medical Sciences, Bhilai",MD - Bio-Chemistry,4
984,Chhatisgarh,Society,"Shri Shankaracharya Institute of Medical Sciences, Bhilai",MD - Pharmacology,3
985,Chhatisgarh,Society,"Shri Shankaracharya Institute of Medical Sciences, Bhilai",MD - Paediatrics,2
986,Chhatisgarh,Society,"Shri Shankaracharya Institute of Medical Sciences, Bhilai","MD - Forensic Medicine/Forensic Medicine &
Toxicology",2
987,Chhatisgarh,Society,"Shri Shankaracharya Institute of Medical Sciences, Bhilai",MS - General Surgery,5
988,Chhatisgarh,Society,"Shri Shankaracharya Institute of Medical Sciences, Bhilai",MD - Physiology,2
989,Chhatisgarh,Society,"Shri Shankaracharya Institute of Medical Sciences, Bhilai",MS - Ophthalmology,2
990,Chhatisgarh,Society,"Shri Shankaracharya Institute of Medical Sciences, Bhilai","MD - Dermatology , Venereology & Leprosy",1
991,Chhatisgarh,Society,"Shri Shankaracharya Institute of Medical Sciences, Bhilai",MS - Otorhinolaryngology,1
992,Chhatisgarh,Society,"Shri Shankaracharya Institute of Medical Sciences, Bhilai",MS - Obstetrics & Gynaecology,2
993,Chhatisgarh,Society,"Shri Shankaracharya Institute of Medical Sciences, Bhilai",MD - Anatomy,3
994,Chhatisgarh,Society,"Shri Shankaracharya Institute of Medical Sciences, Bhilai",MD - Anaesthesiology,2
995,Chhatisgarh,Society,"Shri Shankaracharya Institute of Medical Sciences, Bhilai",MD - Psychiatry,2
996,Chhatisgarh,Society,"Shri Shankaracharya Institute of Medical Sciences, Bhilai",MD - Pathology,5
997,Dadara Nagar Haveli,Govt,NAMO Medical Education and Research Institute Silvassa,MD - Microbiology,3
998,Dadara Nagar Haveli,Govt,NAMO Medical Education and Research Institute Silvassa,MD - Anaesthesiology,4
999,Dadara Nagar Haveli,Govt,NAMO Medical Education and Research Institute Silvassa,MD- Pathology,4
1000,Dadara Nagar Haveli,Govt,NAMO Medical Education and Research Institute Silvassa,MD- Community Medicine,4
1001,Dadara Nagar Haveli,Govt,NAMO Medical Education and Research Institute Silvassa,MS - General Surgery,4
1002,Dadara Nagar Haveli,Govt,NAMO Medical Education and Research Institute Silvassa,MS - Obstetrics & Gynaecology,4
1003,Dadara Nagar Haveli,Govt,NAMO Medical Education and Research Institute Silvassa,MS - Opthalmology,3
1004,Delhi,Trust,"Army Hospital Research & Referral, New Delhi",MS - ENT,4
1005,Delhi,Trust,"Army Hospital Research & Referral, New Delhi",MD - Radio Diagnosis/Radiology,4
1006,Delhi,Trust,"Army Hospital Research & Referral, New Delhi",MD - Paediatrics,5
1007,Delhi,Trust,"Army Hospital Research & Referral, New Delhi",MD - Pathology,4
1008,Delhi,Trust,"Army Hospital Research & Referral, New Delhi",MS - General Surgery,11
1009,Delhi,Trust,"Army Hospital Research & Referral, New Delhi",MD - General Medicine,11
1010,Delhi,Trust,"Army Hospital Research & Referral, New Delhi",MD - Microbiology,2
1011,Delhi,Trust,"Army Hospital Research & Referral, New Delhi",MS - Obstetrics & Gynaecology,2
1012,Delhi,Trust,"Army Hospital Research & Referral, New Delhi",MD - Anaesthesiology,9
1013,Delhi,Trust,"Army Hospital Research & Referral, New Delhi",MS - Ophthalmology,4
1014,Delhi,Govt,"Atal Bihari Vajpayee Institute of Medical Sciences and Dr. RML Hospital, New
Delhi",MD - Anaesthesiology,34
1015,Delhi,Govt,"Atal Bihari Vajpayee Institute of Medical Sciences and Dr. RML Hospital, New
Delhi",Diploma in ENT,1
1016,Delhi,Govt,"Atal Bihari Vajpayee Institute of Medical Sciences and Dr. RML Hospital, New
Delhi",MS - ENT,5
1017,Delhi,Govt,"Atal Bihari Vajpayee Institute of Medical Sciences and Dr. RML Hospital, New
Delhi","MD - Dermatology , Venereology & Leprosy",5
1018,Delhi,Govt,"Atal Bihari Vajpayee Institute of Medical Sciences and Dr. RML Hospital, New
Delhi",MS - Ophthalmology,4
1019,Delhi,Govt,"Atal Bihari Vajpayee Institute of Medical Sciences and Dr. RML Hospital, New
Delhi",Diploma in Ophthalmology,1
1020,Delhi,Govt,"Atal Bihari Vajpayee Institute of Medical Sciences and Dr. RML Hospital, New
Delhi",MD - Psychiatry,7
1021,Delhi,Govt,"Atal Bihari Vajpayee Institute of Medical Sciences and Dr. RML Hospital, New
Delhi",MD - General Medicine,39
1022,Delhi,Govt,"Atal Bihari Vajpayee Institute of Medical Sciences and Dr. RML Hospital, New
Delhi",MD - Radio Diagnosis/Radiology,15
1023,Delhi,Govt,"Atal Bihari Vajpayee Institute of Medical Sciences and Dr. RML Hospital, New
Delhi",MD - Microbiology,10
1024,Delhi,Govt,"Atal Bihari Vajpayee Institute of Medical Sciences and Dr. RML Hospital, New
Delhi",MS - Orthopaedics,10
1025,Delhi,Govt,"Atal Bihari Vajpayee Institute of Medical Sciences and Dr. RML Hospital, New
Delhi",MS - General Surgery,20
1026,Delhi,Govt,"Atal Bihari Vajpayee Institute of Medical Sciences and Dr. RML Hospital, New
Delhi",MD - Pathology,11
1027,Delhi,Govt,"Atal Bihari Vajpayee Institute of Medical Sciences and Dr. RML Hospital, New
Delhi",MD - Paediatrics,20
1028,Delhi,Govt,"Atal Bihari Vajpayee Institute of Medical Sciences and Dr. RML Hospital, New
Delhi",MD - Physical Medicine & Rehabilitation,3
1029,Delhi,Govt,"Atal Bihari Vajpayee Institute of Medical Sciences and Dr. RML Hospital, New
Delhi",MS - Obstetrics & Gynaecology,10
1030,Delhi,Govt,"Atal Bihari Vajpayee Institute of Medical Sciences and Dr. RML Hospital, New
Delhi",MD - Bio-Chemistry,7
1031,Delhi,Govt,"Central Health Education Bureau, New Delhi",Diploma in Health  Education,20
1032,Delhi,Govt,Chacha Nehru Bal Chikitsalaya,MD - Paediatrics,4
1033,Delhi,Govt,"ESI-PGIMSR,ESI-Hospital,Basaidarapur,New Delhi",MS - General Surgery,8
1034,Delhi,Govt,"ESI-PGIMSR,ESI-Hospital,Basaidarapur,New Delhi",MD - General Medicine,4
1035,Delhi,Govt,"ESI-PGIMSR,ESI-Hospital,Basaidarapur,New Delhi","MD - Dermatology , Venereology & Leprosy",5
1036,Delhi,Govt,"ESI-PGIMSR,ESI-Hospital,Basaidarapur,New Delhi",MD - Anaesthesiology,6
1037,Delhi,Govt,"ESI-PGIMSR,ESI-Hospital,Basaidarapur,New Delhi",MD - Microbiology,2
1038,Delhi,Govt,"ESI-PGIMSR,ESI-Hospital,Basaidarapur,New Delhi",MD - Paediatrics,5
1039,Delhi,Govt,"ESI-PGIMSR,ESI-Hospital,Basaidarapur,New Delhi",MS - Obstetrics & Gynaecology,8
1040,Delhi,Govt,"ESI-PGIMSR,ESI-Hospital,Basaidarapur,New Delhi",MS - Orthopaedics,8
1041,Delhi,Govt,"ESI-PGIMSR,ESI-Hospital,Basaidarapur,New Delhi",MD - Pathology,3
1042,Delhi,Govt,"ESI-PGIMSR,ESI-Hospital,Basaidarapur,New Delhi",MS - Ophthalmology,5
1043,Delhi,Govt,"G.B. Pant Institute of Postgraduate Medical Education and Research, New
Delhi",MD - Bio-Chemistry,2
1044,Delhi,Govt,"G.B. Pant Institute of Postgraduate Medical Education and Research, New
Delhi",MD - Microbiology,2
1045,Delhi,Govt,"G.B. Pant Institute of Postgraduate Medical Education and Research, New
Delhi",MD - Radio Diagnosis/Radiology,4
1046,Delhi,Govt,"G.B. Pant Institute of Postgraduate Medical Education and Research, New
Delhi",MD - Pathology,3
1047,Delhi,Society,"Hamdard Institute of Medical Sciences & Research, New Delhi",MD - General Medicine,4
1048,Delhi,Society,"Hamdard Institute of Medical Sciences & Research, New Delhi",MS - ENT,2
1049,Delhi,Society,"Hamdard Institute of Medical Sciences & Research, New Delhi",MS - Obstetrics & Gynaecology,4
1050,Delhi,Society,"Hamdard Institute of Medical Sciences & Research, New Delhi","MD - Social & Preventive Medicine / Community
Medicine",3
1051,Delhi,Society,"Hamdard Institute of Medical Sciences & Research, New Delhi",MD - Anatomy,3
1052,Delhi,Society,"Hamdard Institute of Medical Sciences & Research, New Delhi",MS - Orthopaedics,3
1053,Delhi,Society,"Hamdard Institute of Medical Sciences & Research, New Delhi",MD - Radio Diagnosis/Radiology,3
1054,Delhi,Society,"Hamdard Institute of Medical Sciences & Research, New Delhi",MD - Paediatrics,4
1055,Delhi,Society,"Hamdard Institute of Medical Sciences & Research, New Delhi",MD - Pharmacology,4
1056,Delhi,Society,"Hamdard Institute of Medical Sciences & Research, New Delhi",MS - Ophthalmology,3
1057,Delhi,Society,"Hamdard Institute of Medical Sciences & Research, New Delhi",MD - Microbiology,3
1058,Delhi,Society,"Hamdard Institute of Medical Sciences & Research, New Delhi",MD - Pathology,3
1059,Delhi,Society,"Hamdard Institute of Medical Sciences & Research, New Delhi",MD - Anaesthesiology,4
1060,Delhi,Society,"Hamdard Institute of Medical Sciences & Research, New Delhi",MS - General Surgery,4
1061,Delhi,Society,"Hamdard Institute of Medical Sciences & Research, New Delhi",MD - Bio-Chemistry,2
1062,Delhi,Govt,"Institute of Human Behaviour and Allied Sciences, Delhi",MD - Psychiatry,12
1063,Delhi,Govt,"Institute of Nuclear Medicine & Allied Sciences, New Delhi",Diploma in Radiation Medicine(Nuclear Medicine),4
1064,Delhi,Govt,"Kasturba Hospital, New Delhi",Diploma in Obstetrics & Gynaecology,3
1065,Delhi,Govt,"Kasturba Hospital, New Delhi",Diploma in Child Health (Pediatrics),2
1066,Delhi,Govt,"Lady Hardinge Medical College, New Delhi",MS - ENT,4
1067,Delhi,Govt,"Lady Hardinge Medical College, New Delhi",MS - Ophthalmology,5
1068,Delhi,Govt,"Lady Hardinge Medical College, New Delhi",MD - Microbiology,7
1069,Delhi,Govt,"Lady Hardinge Medical College, New Delhi",MS - Orthopaedics,5
1070,Delhi,Govt,"Lady Hardinge Medical College, New Delhi",MD - Physiology,5
1071,Delhi,Govt,"Lady Hardinge Medical College, New Delhi",MD - Pharmacology,3
1072,Delhi,Govt,"Lady Hardinge Medical College, New Delhi",MD - Paediatrics,27
1073,Delhi,Govt,"Lady Hardinge Medical College, New Delhi","MD - Social & Preventive Medicine / Community
Medicine",8
1074,Delhi,Govt,"Lady Hardinge Medical College, New Delhi",MS - Obstetrics & Gynaecology,18
1075,Delhi,Govt,"Lady Hardinge Medical College, New Delhi",MD - Pathology,10
1076,Delhi,Govt,"Lady Hardinge Medical College, New Delhi",MD-DVL,5
1077,Delhi,Govt,"Lady Hardinge Medical College, New Delhi",MD - Bio-Chemistry,5
1078,Delhi,Govt,"Lady Hardinge Medical College, New Delhi","MD - Forensic Medicine/Forensic Medicine &
Toxicology",4
1079,Delhi,Govt,"Lady Hardinge Medical College, New Delhi",MD - Anatomy,6
1080,Delhi,Govt,"Lady Hardinge Medical College, New Delhi",MD - Anaesthesiology,12
1081,Delhi,Govt,"Lady Hardinge Medical College, New Delhi",MD - General Medicine,19
1082,Delhi,Govt,"Lady Hardinge Medical College, New Delhi",MS - General Surgery,14
1083,Delhi,Govt,"Lady Hardinge Medical College, New Delhi",MD - Psychiatry,7
1084,Delhi,Govt,"Lady Hardinge Medical College, New Delhi",MD - Radio Diagnosis/Radiology,8
1085,Delhi,Govt,"Lady Hardinge Medical College, New Delhi",MD - Physical Medicine & Rehabilitation,2
1086,Delhi,Govt,"Maulana Azad Medical College, New Delhi","MD - Dermatology , Venereology & Leprosy",3
1087,Delhi,Govt,"Maulana Azad Medical College, New Delhi",MS - ENT,8
1088,Delhi,Govt,"Maulana Azad Medical College, New Delhi",MD - Radiotherapy/ Radiation Oncology,6
1089,Delhi,Govt,"Maulana Azad Medical College, New Delhi","MD - Social & Preventive Medicine / Community
Medicine",10
1090,Delhi,Govt,"Maulana Azad Medical College, New Delhi",MD - Pathology,9
1091,Delhi,Govt,"Maulana Azad Medical College, New Delhi",MD - Paediatrics,23
1092,Delhi,Govt,"Maulana Azad Medical College, New Delhi",MS - Obstetrics & Gynaecology,20
1093,Delhi,Govt,"Maulana Azad Medical College, New Delhi","Diploma in Dermatology, Venereology and Leprosy",1
1094,Delhi,Govt,"Maulana Azad Medical College, New Delhi",MD - Bio-Chemistry,10
1095,Delhi,Govt,"Maulana Azad Medical College, New Delhi",MD - Pharmacology,5
1096,Delhi,Govt,"Maulana Azad Medical College, New Delhi",MD - Anatomy,7
1097,Delhi,Govt,"Maulana Azad Medical College, New Delhi",MD - Physiology,6
1098,Delhi,Govt,"Maulana Azad Medical College, New Delhi",MD - Psychiatry,3
1099,Delhi,Govt,"Maulana Azad Medical College, New Delhi",MS - Ophthalmology,17
1100,Delhi,Govt,"Maulana Azad Medical College, New Delhi",MS - Orthopaedics,15
1101,Delhi,Govt,"Maulana Azad Medical College, New Delhi",MD - Microbiology,10
1102,Delhi,Govt,"Maulana Azad Medical College, New Delhi",MD - General Medicine,22
1103,Delhi,Govt,"Maulana Azad Medical College, New Delhi",MS - General Surgery,16
1104,Delhi,Govt,"Maulana Azad Medical College, New Delhi","MD - Forensic Medicine/Forensic Medicine &
Toxicology",7
1105,Delhi,Govt,"Maulana Azad Medical College, New Delhi",MD - Anaesthesiology,28
1106,Delhi,Govt,"Maulana Azad Medical College, New Delhi",MD - Radio Diagnosis/Radiology,20
1107,Delhi,Govt,"National Institute of Health and Family Welfare, New Delhi",MD - Community Health Administration,10
1108,Delhi,Govt,"National Institute of Health and Family Welfare, New Delhi",Diploma in Health Administration,6
1109,Delhi,Govt,"North Delhi Muncipal Corporation Medical College, Delhi","MD - Social & Preventive Medicine / Community
Medicine",0
1110,Delhi,Govt,"University College of Medical Sciences & GTB Hospital, New Delhi","MD - Forensic Medicine/Forensic Medicine &
Toxicology",9
1111,Delhi,Govt,"University College of Medical Sciences & GTB Hospital, New Delhi",MD - General Medicine,15
1112,Delhi,Govt,"University College of Medical Sciences & GTB Hospital, New Delhi",MD - Paediatrics,20
1113,Delhi,Govt,"University College of Medical Sciences & GTB Hospital, New Delhi",MD - Microbiology,9
1114,Delhi,Govt,"University College of Medical Sciences & GTB Hospital, New Delhi",MD - Pathology,16
1115,Delhi,Govt,"University College of Medical Sciences & GTB Hospital, New Delhi",MD - Bio-Chemistry,7
1116,Delhi,Govt,"University College of Medical Sciences & GTB Hospital, New Delhi",MD - Pharmacology,8
1117,Delhi,Govt,"University College of Medical Sciences & GTB Hospital, New Delhi",MD - Physiology,9
1118,Delhi,Govt,"University College of Medical Sciences & GTB Hospital, New Delhi",MS - ENT,5
1119,Delhi,Govt,"University College of Medical Sciences & GTB Hospital, New Delhi","MD - Dermatology , Venereology & Leprosy",3
1120,Delhi,Govt,"University College of Medical Sciences & GTB Hospital, New Delhi",MD - Radio Diagnosis/Radiology,11
1121,Delhi,Govt,"University College of Medical Sciences & GTB Hospital, New Delhi",MS - Orthopaedics,9
1122,Delhi,Govt,"University College of Medical Sciences & GTB Hospital, New Delhi",MD - Anaesthesiology,24
1123,Delhi,Govt,"University College of Medical Sciences & GTB Hospital, New Delhi",MD - Psychiatry,2
1124,Delhi,Govt,"University College of Medical Sciences & GTB Hospital, New Delhi","MD - Social & Preventive Medicine / Community
Medicine",15
1125,Delhi,Govt,"University College of Medical Sciences & GTB Hospital, New Delhi",MS - General Surgery,16
1126,Delhi,Govt,"University College of Medical Sciences & GTB Hospital, New Delhi",MS - Obstetrics & Gynaecology,20
1127,Delhi,Govt,"University College of Medical Sciences & GTB Hospital, New Delhi",MD - Anatomy,7
1128,Delhi,Govt,"University College of Medical Sciences & GTB Hospital, New Delhi",MS - Opthalmology,5
1129,Delhi,Govt,"Vardhman Mahavir Medical College & Safdarjung Hospital, Delhi",MD - Physical Medicine & Rehabilitation,6
1130,Delhi,Govt,"Vardhman Mahavir Medical College & Safdarjung Hospital, Delhi","MD - Social & Preventive Medicine / Community
Medicine",9
1131,Delhi,Govt,"Vardhman Mahavir Medical College & Safdarjung Hospital, Delhi","MD - Forensic Medicine/Forensic Medicine &
Toxicology",5
1132,Delhi,Govt,"Vardhman Mahavir Medical College & Safdarjung Hospital, Delhi",MD - Anatomy,8
1133,Delhi,Govt,"Vardhman Mahavir Medical College & Safdarjung Hospital, Delhi","MD - Dermatology , Venereology & Leprosy",5
1134,Delhi,Govt,"Vardhman Mahavir Medical College & Safdarjung Hospital, Delhi",MD - Pharmacology,5
1135,Delhi,Govt,"Vardhman Mahavir Medical College & Safdarjung Hospital, Delhi",MD - General Medicine,26
1136,Delhi,Govt,"Vardhman Mahavir Medical College & Safdarjung Hospital, Delhi",MS - Obstetrics & Gynaecology,31
1137,Delhi,Govt,"Vardhman Mahavir Medical College & Safdarjung Hospital, Delhi",MD - Bio-Chemistry,6
1138,Delhi,Govt,"Vardhman Mahavir Medical College & Safdarjung Hospital, Delhi",MD - Radio Diagnosis/Radiology,21
1139,Delhi,Govt,"Vardhman Mahavir Medical College & Safdarjung Hospital, Delhi",MD - Paediatrics,26
1140,Delhi,Govt,"Vardhman Mahavir Medical College & Safdarjung Hospital, Delhi",MD - Sports Medicine,5
1141,Delhi,Govt,"Vardhman Mahavir Medical College & Safdarjung Hospital, Delhi",MS - Orthopaedics,17
1142,Delhi,Govt,"Vardhman Mahavir Medical College & Safdarjung Hospital, Delhi",MS - General Surgery,25
1143,Delhi,Govt,"Vardhman Mahavir Medical College & Safdarjung Hospital, Delhi",MD - Physiology,7
1144,Delhi,Govt,"Vardhman Mahavir Medical College & Safdarjung Hospital, Delhi",MD - Pathology,21
1145,Delhi,Govt,"Vardhman Mahavir Medical College & Safdarjung Hospital, Delhi",MD - Microbiology,10
1146,Delhi,Govt,"Vardhman Mahavir Medical College & Safdarjung Hospital, Delhi",MD - Radiotherapy/ Radiation Oncology,6
1147,Delhi,Govt,"Vardhman Mahavir Medical College & Safdarjung Hospital, Delhi",MD - Anaesthesiology,65
1148,Delhi,Govt,"Vardhman Mahavir Medical College & Safdarjung Hospital, Delhi",MS - ENT,8
1149,Delhi,Govt,"Vardhman Mahavir Medical College & Safdarjung Hospital, Delhi",MS - Ophthalmology,7
1150,Delhi,Govt,"Vardhman Mahavir Medical College & Safdarjung Hospital, Delhi",MD - Psychiatry,5
1151,Delhi,Govt,"Vallabhbhai Patel Chest Institute, University of Delhi , Delhi",MD - Pulmonary Medicine,5
1152,Delhi,Govt,"Vallabhbhai Patel Chest Institute, University of Delhi , Delhi",MD - Microbiology,2
1153,Delhi,Govt,"Vallabhbhai Patel Chest Institute, University of Delhi , Delhi",MD - Bio-Chemistry,1
1154,Delhi,Govt,"Vallabhbhai Patel Chest Institute, University of Delhi , Delhi",MD - Physiology,1
1155,Delhi,Govt,"Vallabhbhai Patel Chest Institute, University of Delhi , Delhi",MD - Pharmacology,1
1156,Goa,Govt,Goa Medical College,MD Anatomy,4
1157,Goa,Govt,Goa Medical College,MD Physiology,5
1158,Goa,Govt,Goa Medical College,MD Biochemistry,4
1159,Goa,Govt,Goa Medical College,MD- Pharmacology,10
1160,Goa,Govt,Goa Medical College,MD- Anaesthesiology,10
1161,Goa,Govt,Goa Medical College,MD Pathology,3
1162,Goa,Govt,Goa Medical College,MD Microbiology,3
1163,Goa,Govt,Goa Medical College,MD Forensic Medicine,5
1164,Goa,Govt,Goa Medical College,MD Community  Medicine,7
1165,Goa,Govt,Goa Medical College,MD General Medicine,14
1166,Goa,Govt,Goa Medical College,MS General Surgery,15
1167,Goa,Govt,Goa Medical College,MS Obstetrics &Gynaecology,8
1168,Goa,Govt,Goa Medical College,MS Orthopaedics,3
1169,Goa,Govt,Goa Medical College,MS Ophthalmology,5
1170,Goa,Govt,Goa Medical College,MD Paediatrics,10
1171,Goa,Govt,Goa Medical College,"MD Dermatology, Venerology  & Leprosy",5
1172,Goa,Govt,Goa Medical College,MD Radio Diagnosis,7
1173,Goa,Govt,Goa Medical College,MD Psychaitry,8
1174,Goa,Govt,Goa Medical College,MD Respiratory Medicine,6
1175,Goa,Govt,Goa Medical College,MS Oto-Rhinolaryngology,4
1176,Goa,Govt,Goa Medical College,MD Geriatrics,2
1177,Goa,Govt,Goa Medical College,MD Immunology Haematology and Blood Transfusion,2
1178,Gujarat,Govt,"Ahmedabad Municipal Coporation Medical Education Trust Medical College,
Ahmedabad",MD - Anatomy,3
1179,Gujarat,Govt,"Ahmedabad Municipal Coporation Medical Education Trust Medical College,
Ahmedabad",MD - Anaesthesiology,13
1180,Gujarat,Govt,"Ahmedabad Municipal Coporation Medical Education Trust Medical College,
Ahmedabad",MD - Community Medicine,2
1181,Gujarat,Govt,"Ahmedabad Municipal Coporation Medical Education Trust Medical College,
Ahmedabad","MD - Dermatology , Venereology & Leprosy",5
1182,Gujarat,Govt,"Ahmedabad Municipal Coporation Medical Education Trust Medical College,
Ahmedabad",MD - Emergency Medicine,4
1183,Gujarat,Govt,"Ahmedabad Municipal Coporation Medical Education Trust Medical College,
Ahmedabad",MD - General Medicine,35
1184,Gujarat,Govt,"Ahmedabad Municipal Coporation Medical Education Trust Medical College,
Ahmedabad",MS - General Surgery,24
1185,Gujarat,Govt,"Ahmedabad Municipal Coporation Medical Education Trust Medical College,
Ahmedabad",MD - Microbiology,2
1186,Gujarat,Govt,"Ahmedabad Municipal Coporation Medical Education Trust Medical College,
Ahmedabad",MS - Obstetrics & Gynaecology,20
1187,Gujarat,Govt,"Ahmedabad Municipal Coporation Medical Education Trust Medical College,
Ahmedabad",MS - Opthalmology,4
1188,Gujarat,Govt,"Ahmedabad Municipal Coporation Medical Education Trust Medical College,
Ahmedabad",MS - Orthopaedics,14
1189,Gujarat,Govt,"Ahmedabad Municipal Coporation Medical Education Trust Medical College,
Ahmedabad",MS - Otorhinolaryngology,4
1190,Gujarat,Govt,"Ahmedabad Municipal Coporation Medical Education Trust Medical College,
Ahmedabad",MD - Paediatrics,20
1191,Gujarat,Govt,"Ahmedabad Municipal Coporation Medical Education Trust Medical College,
Ahmedabad",MD - Pathology,12
1192,Gujarat,Govt,"Ahmedabad Municipal Coporation Medical Education Trust Medical College,
Ahmedabad",MD - Pharmacology,7
1193,Gujarat,Govt,"Ahmedabad Municipal Coporation Medical Education Trust Medical College,
Ahmedabad",MD - Physiology,4
1194,Gujarat,Govt,"Ahmedabad Municipal Coporation Medical Education Trust Medical College,
Ahmedabad",MD - Psychiatry,4
1195,Gujarat,Govt,"Ahmedabad Municipal Coporation Medical Education Trust Medical College,
Ahmedabad",MD - Radiodiagnosis,9
1196,Gujarat,Govt,"Ahmedabad Municipal Coporation Medical Education Trust Medical College,
Ahmedabad",MD - Respiratory Medicine,10
1197,Gujarat,Govt,"B J Medical College, Ahmedabad",MD - Anatomy,9
1198,Gujarat,Govt,"B J Medical College, Ahmedabad",MD - Pharmacology,16
1199,Gujarat,Govt,"B J Medical College, Ahmedabad","MD - Forensic Medicine/Forensic Medicine &
Toxicology",11
1200,Gujarat,Govt,"B J Medical College, Ahmedabad",MD - General Medicine,28
1201,Gujarat,Govt,"B J Medical College, Ahmedabad",MD - Anaesthesiology,65
1202,Gujarat,Govt,"B J Medical College, Ahmedabad",MS - General Surgery,36
1203,Gujarat,Govt,"B J Medical College, Ahmedabad",MD - Radiotherapy/ Radiation Oncology,9
1204,Gujarat,Govt,"B J Medical College, Ahmedabad",MD - Microbiology,21
1205,Gujarat,Govt,"B J Medical College, Ahmedabad",MS - Orthopaedics,20
1206,Gujarat,Govt,"B J Medical College, Ahmedabad",MD - Pathology,28
1207,Gujarat,Govt,"B J Medical College, Ahmedabad",MS - Ophthalmology,30
1208,Gujarat,Govt,"B J Medical College, Ahmedabad",MD - Paediatrics,18
1209,Gujarat,Govt,"B J Medical College, Ahmedabad","MD - Social & Preventive Medicine / Community
Medicine",11
1210,Gujarat,Govt,"B J Medical College, Ahmedabad",MD - Bio-Chemistry,3
1211,Gujarat,Govt,"B J Medical College, Ahmedabad",MS - ENT,10
1212,Gujarat,Govt,"B J Medical College, Ahmedabad",MD - Radio Diagnosis/Radiology,27
1213,Gujarat,Govt,"B J Medical College, Ahmedabad",MD - Physiology,10
1214,Gujarat,Govt,"B J Medical College, Ahmedabad","MD - Dermatology , Venereology & Leprosy",9
1215,Gujarat,Govt,"B J Medical College, Ahmedabad",MD - Emergency Medicine,5
1216,Gujarat,Govt,"B J Medical College, Ahmedabad",MD - Immuno Haematology & Blood Transfusion,5
1217,Gujarat,Govt,"B J Medical College, Ahmedabad",MD - Psychiatry,8
1218,Gujarat,Govt,"B J Medical College, Ahmedabad",MS - Obstetrics & Gynaecology,27
1219,Gujarat,Govt,"B J Medical College, Ahmedabad","MD - Tuberculosis & Respiratory Diseases / Pulmonary
Medicine",10
1220,Gujarat,Govt,"B J Medical College, Ahmedabad",MD - Palliative Medicine,2
1221,Gujarat,Trust,"CU Shah Medical College, Surendra Nagar",MD - General Medicine,8
1222,Gujarat,Trust,"CU Shah Medical College, Surendra Nagar",MS - General Surgery,6
1223,Gujarat,Trust,"CU Shah Medical College, Surendra Nagar",MS - Obstetrics & Gynaecology,4
1224,Gujarat,Trust,"CU Shah Medical College, Surendra Nagar",MS - ENT,1
1225,Gujarat,Trust,"CU Shah Medical College, Surendra Nagar","MD - Social & Preventive Medicine / Community
Medicine",3
1226,Gujarat,Trust,"CU Shah Medical College, Surendra Nagar","MD - Dermatology , Venereology & Leprosy",2
1227,Gujarat,Trust,"CU Shah Medical College, Surendra Nagar",MD - Psychiatry,2
1228,Gujarat,Trust,"CU Shah Medical College, Surendra Nagar","MD - Tuberculosis & Respiratory Diseases / Pulmonary
Medicine",1
1229,Gujarat,Trust,"CU Shah Medical College, Surendra Nagar",MS - Orthopaedics,4
1230,Gujarat,Trust,"CU Shah Medical College, Surendra Nagar",MD - Anatomy,2
1231,Gujarat,Trust,"CU Shah Medical College, Surendra Nagar",MD - Pathology,7
1232,Gujarat,Trust,"CU Shah Medical College, Surendra Nagar",MD - Pharmacology,2
1233,Gujarat,Trust,"CU Shah Medical College, Surendra Nagar",MD - Radio Diagnosis/Radiology,9
1234,Gujarat,Trust,"CU Shah Medical College, Surendra Nagar",MD - Anaesthesiology,3
1235,Gujarat,Trust,"CU Shah Medical College, Surendra Nagar",MS - Ophthalmology,2
1236,Gujarat,Trust,"CU Shah Medical College, Surendra Nagar",MD - Microbiology,2
1237,Gujarat,Trust,"CU Shah Medical College, Surendra Nagar",MD - Paediatrics,3
1238,Gujarat,Trust,"Dr. M.K. Shah Medical College & Research Centre, Ahmedabad",MS - Obstetrics & Gynaecology,8
1239,Gujarat,Trust,"Dr. M.K. Shah Medical College & Research Centre, Ahmedabad",MD - Paediatrics,5
1240,Gujarat,Trust,"Dr. M.K. Shah Medical College & Research Centre, Ahmedabad",MD - Radio Diagnosis,5
1241,Gujarat,Trust,"Dr. M.K. Shah Medical College & Research Centre, Ahmedabad",MD - Microbiology,4
1242,Gujarat,Trust,"Dr. M.K. Shah Medical College & Research Centre, Ahmedabad",MD - General Medicine,10
1243,Gujarat,Trust,"Dr. M.K. Shah Medical College & Research Centre, Ahmedabad","MD - Dermatology , Venereology & Leprosy",3
1244,Gujarat,Trust,"Dr. M.K. Shah Medical College & Research Centre, Ahmedabad",MD - Psychiatry,3
1245,Gujarat,Trust,"Dr. M.K. Shah Medical College & Research Centre, Ahmedabad",MD - Pathology,2
1246,Gujarat,Trust,"Dr. M.K. Shah Medical College & Research Centre, Ahmedabad",MS - Orthopaedics,6
1247,Gujarat,Trust,"Dr. M.K. Shah Medical College & Research Centre, Ahmedabad",MS - General Surgery,9
1248,Gujarat,Trust,"Dr. M.K. Shah Medical College & Research Centre, Ahmedabad",MD - Respiratory Medicine,3
1249,Gujarat,Trust,"Dr. M.K. Shah Medical College & Research Centre, Ahmedabad",MD - Anaesthesiology,8
1250,Gujarat,Trust,"Dr. M.K. Shah Medical College & Research Centre, Ahmedabad",MS- Otorhinolaryngology,3
1251,Gujarat,Pvt,Dr. N.D. Desai Faculty of Medical Science and Research Nadiad,MD - Anaesthesiology,8
1252,Gujarat,Pvt,Dr. N.D. Desai Faculty of Medical Science and Research Nadiad,MD - Anatomy,4
1253,Gujarat,Pvt,Dr. N.D. Desai Faculty of Medical Science and Research Nadiad,MD - Physiology,4
1254,Gujarat,Pvt,Dr. N.D. Desai Faculty of Medical Science and Research Nadiad,MD - Biochemistry,3
1255,Gujarat,Pvt,Dr. N.D. Desai Faculty of Medical Science and Research Nadiad,MD - Pathology,6
1256,Gujarat,Pvt,Dr. N.D. Desai Faculty of Medical Science and Research Nadiad,MD - Microbiology,3
1257,Gujarat,Pvt,Dr. N.D. Desai Faculty of Medical Science and Research Nadiad,MD - Community Medicine,4
1258,Gujarat,Pvt,Dr. N.D. Desai Faculty of Medical Science and Research Nadiad,MD - General Medicine,4
1259,Gujarat,Pvt,Dr. N.D. Desai Faculty of Medical Science and Research Nadiad,MD - Paediatrics,5
1260,Gujarat,Pvt,Dr. N.D. Desai Faculty of Medical Science and Research Nadiad,MS - General Surgery,5
1261,Gujarat,Pvt,Dr. N.D. Desai Faculty of Medical Science and Research Nadiad,MS - Otorhinolaryngology(ENT),3
1262,Gujarat,Pvt,Dr. N.D. Desai Faculty of Medical Science and Research Nadiad,MS - Opthalmology,3
1263,Gujarat,Pvt,Dr. N.D. Desai Faculty of Medical Science and Research Nadiad,MS - Obstetrics & Gynaecology,5
1264,Gujarat,Trust,"GCS Medical College, Ahmedabad",MD - Emergency Medicine,2
1265,Gujarat,Trust,"GCS Medical College, Ahmedabad",MS - Ophthalmology,2
1266,Gujarat,Trust,"GCS Medical College, Ahmedabad",MS - General Surgery,8
1267,Gujarat,Trust,"GCS Medical College, Ahmedabad",MD - Anatomy,2
1268,Gujarat,Trust,"GCS Medical College, Ahmedabad",MS - Obstetrics & Gynaecology,5
1269,Gujarat,Trust,"GCS Medical College, Ahmedabad",MD - Pharmacology,2
1270,Gujarat,Trust,"GCS Medical College, Ahmedabad",MD - Radio Diagnosis/Radiology,5
1271,Gujarat,Trust,"GCS Medical College, Ahmedabad",MD - Paediatrics,9
1272,Gujarat,Trust,"GCS Medical College, Ahmedabad",MD - Pathology,4
1273,Gujarat,Trust,"GCS Medical College, Ahmedabad","MD - Forensic Medicine/Forensic Medicine &
Toxicology",2
1274,Gujarat,Trust,"GCS Medical College, Ahmedabad",MD - Psychiatry,3
1275,Gujarat,Trust,"GCS Medical College, Ahmedabad",MD - Physiology,2
1276,Gujarat,Trust,"GCS Medical College, Ahmedabad",MD - General Medicine,12
1277,Gujarat,Trust,"GCS Medical College, Ahmedabad",MS - Orthopaedics,7
1278,Gujarat,Trust,"GCS Medical College, Ahmedabad","MD - Social & Preventive Medicine / Community
Medicine",3
1279,Gujarat,Trust,"GCS Medical College, Ahmedabad",MD - Anaesthesiology,9
1280,Gujarat,Trust,"GCS Medical College, Ahmedabad","MD - Dermatology , Venereology & Leprosy",3
1281,Gujarat,Trust,"GCS Medical College, Ahmedabad",MD - Bio-Chemistry,2
1282,Gujarat,Trust,"GCS Medical College, Ahmedabad",MS - ENT,3
1283,Gujarat,Trust,"GCS Medical College, Ahmedabad","MD - Tuberculosis & Respiratory Diseases / Pulmonary
Medicine",3
1284,Gujarat,Trust,"GCS Medical College, Ahmedabad",MD - Microbiology,2
1285,Gujarat,Govt.-Society,"GMERS Medical College, Gandhinagar",MS - General Surgery,3
1286,Gujarat,Govt.-Society,"GMERS Medical College, Gandhinagar",MD - Pharmacology,6
1287,Gujarat,Govt.-Society,"GMERS Medical College, Gandhinagar",MD - General Medicine,6
1288,Gujarat,Govt.-Society,"GMERS Medical College, Gandhinagar",MD - Paediatrics,2
1289,Gujarat,Govt.-Society,"GMERS Medical College, Gandhinagar",MD - Pathology,11
1290,Gujarat,Govt.-Society,"GMERS Medical College, Gandhinagar",MS - ENT,3
1291,Gujarat,Govt.-Society,"GMERS Medical College, Gandhinagar",MS - Ophthalmology,4
1292,Gujarat,Govt.-Society,"GMERS Medical College, Gandhinagar",MS - Obstetrics & Gynaecology,6
1293,Gujarat,Govt.-Society,"GMERS Medical College, Gandhinagar",MD - Community Medicine,9
1294,Gujarat,Govt.-Society,"GMERS Medical College, Gandhinagar",MD - Anaesthesiology,11
1295,Gujarat,Govt.-Society,"GMERS Medical College, Gandhinagar",MD - Microbiology,3
1296,Gujarat,Govt.-Society,"GMERS Medical College, Gotri, Vadodara",MD - General Medicine,9
1297,Gujarat,Govt.-Society,"GMERS Medical College, Gotri, Vadodara",MS - General Surgery,8
1298,Gujarat,Govt.-Society,"GMERS Medical College, Gotri, Vadodara",MS - Obstetrics & Gynaecology,4
1299,Gujarat,Govt.-Society,"GMERS Medical College, Gotri, Vadodara",MD - Paediatrics,3
1300,Gujarat,Govt.-Society,"GMERS Medical College, Gotri, Vadodara",MD - Community Medicine,7
1301,Gujarat,Govt.-Society,"GMERS Medical College, Gotri, Vadodara",MS - Ophthalmology,2
1302,Gujarat,Govt.-Society,"GMERS Medical College, Gotri, Vadodara",MS - ENT,4
1303,Gujarat,Govt.-Society,"GMERS Medical College, Gotri, Vadodara","MD - Tuberculosis & Respiratory Diseases / Pulmonary
Medicine",6
1304,Gujarat,Govt.-Society,"GMERS Medical College, Gotri, Vadodara","MD - Dermatology , Venereology & Leprosy",2
1305,Gujarat,Govt.-Society,"GMERS Medical College, Gotri, Vadodara",MD - Psychiatry,6
1306,Gujarat,Govt.-Society,"GMERS Medical College, Gotri, Vadodara",MD - Pathology,10
1307,Gujarat,Govt.-Society,"GMERS Medical College, Gotri, Vadodara",MD - Anaesthesiology,14
1308,Gujarat,Govt.-Society,"GMERS Medical College, Sola, Ahmedabad",MS - Orthopaedics,7
1309,Gujarat,Govt.-Society,"GMERS Medical College, Sola, Ahmedabad",MD - General Medicine,11
1310,Gujarat,Govt.-Society,"GMERS Medical College, Sola, Ahmedabad",MD - Radio - Diagnosis,3
1311,Gujarat,Govt.-Society,"GMERS Medical College, Sola, Ahmedabad",MD - Pathology,12
1312,Gujarat,Govt.-Society,"GMERS Medical College, Sola, Ahmedabad",MD - Microbiology,5
1313,Gujarat,Govt.-Society,"GMERS Medical College, Sola, Ahmedabad",MD - Anaesthesiology,9
1314,Gujarat,Govt.-Society,"GMERS Medical College, Sola, Ahmedabad","MD - Tuberculosis & Respiratory Diseases / Pulmonary
Medicine",5
1315,Gujarat,Govt.-Society,"GMERS Medical College, Sola, Ahmedabad",MS - Ophthalmology,5
1316,Gujarat,Govt.-Society,"GMERS Medical College, Sola, Ahmedabad",MS - Obstetrics & Gynaecology,8
1317,Gujarat,Govt.-Society,"GMERS Medical College, Sola, Ahmedabad",MS - ENT,4
1318,Gujarat,Govt.-Society,"GMERS Medical College, Sola, Ahmedabad",MD - Psychiatry,4
1319,Gujarat,Govt.-Society,"GMERS Medical College, Sola, Ahmedabad","MD - Dermatology , Venereology & Leprosy",5
1320,Gujarat,Govt,"Government Medical College, Bhavnagar",MD - Anaesthesiology,8
1321,Gujarat,Govt,"Government Medical College, Bhavnagar",MD - Bio-Chemistry,2
1322,Gujarat,Govt,"Government Medical College, Bhavnagar","MD - Dermatology , Venereology & Leprosy",4
1323,Gujarat,Govt,"Government Medical College, Bhavnagar","MD - Forensic Medicine/Forensic Medicine &
Toxicology",4
1324,Gujarat,Govt,"Government Medical College, Bhavnagar",MD - General Medicine,13
1325,Gujarat,Govt,"Government Medical College, Bhavnagar",MD - Microbiology,7
1326,Gujarat,Govt,"Government Medical College, Bhavnagar",MD - Paediatrics,4
1327,Gujarat,Govt,"Government Medical College, Bhavnagar",MD - Pathology,14
1328,Gujarat,Govt,"Government Medical College, Bhavnagar",MD - Pharmacology,5
1329,Gujarat,Govt,"Government Medical College, Bhavnagar",MD - Physiology,6
1330,Gujarat,Govt,"Government Medical College, Bhavnagar",MD - Psychiatry,3
1331,Gujarat,Govt,"Government Medical College, Bhavnagar",MD - Radio Diagnosis/Radiology,4
1332,Gujarat,Govt,"Government Medical College, Bhavnagar","MD - Social & Preventive Medicine / Community
Medicine",6
1333,Gujarat,Govt,"Government Medical College, Bhavnagar","MD - Tuberculosis & Respiratory Diseases / Pulmonary
Medicine",2
1334,Gujarat,Govt,"Government Medical College, Bhavnagar",MD - Anatomy,6
1335,Gujarat,Govt,"Government Medical College, Bhavnagar",MS - Ophthalmology,4
1336,Gujarat,Govt,"Government Medical College, Bhavnagar",MS - ENT,5
1337,Gujarat,Govt,"Government Medical College, Bhavnagar",MS - General Surgery,12
1338,Gujarat,Govt,"Government Medical College, Bhavnagar",MS - Obstetrics & Gynaecology,8
1339,Gujarat,Govt,"Government Medical College, Bhavnagar",MS - Orthopaedics,13
1340,Gujarat,Govt,"Government Medical College, Bhavnagar","Diploma in Dermatology, Venereology and Leprosy",1
1341,Gujarat,Govt,"Government Medical College, Bhavnagar",Diploma in Child Health,1
1342,Gujarat,Govt,"Government Medical College, Bhavnagar",Diploma in Psychological Medicine,1
1343,Gujarat,Govt,"Government Medical College, Surat",MS - Orthopaedics,15
1344,Gujarat,Govt,"Government Medical College, Surat",MS - ENT,5
1345,Gujarat,Govt,"Government Medical College, Surat",MD - General Medicine,17
1346,Gujarat,Govt,"Government Medical College, Surat","MD - Dermatology , Venereology & Leprosy",4
1347,Gujarat,Govt,"Government Medical College, Surat",MD - Radio Diagnosis/Radiology,14
1348,Gujarat,Govt,"Government Medical College, Surat",MS - Obstetrics & Gynaecology,21
1349,Gujarat,Govt,"Government Medical College, Surat",MD - Microbiology,10
1350,Gujarat,Govt,"Government Medical College, Surat",MD - Immuno Haematology & Blood Transfusion,2
1351,Gujarat,Govt,"Government Medical College, Surat",MD - Anaesthesiology,18
1352,Gujarat,Govt,"Government Medical College, Surat",MD - Paediatrics,20
1353,Gujarat,Govt,"Government Medical College, Surat",Diploma in Clinical Pathology,3
1354,Gujarat,Govt,"Government Medical College, Surat",MD - Pharmacology,14
1355,Gujarat,Govt,"Government Medical College, Surat",MD - Physiology,8
1356,Gujarat,Govt,"Government Medical College, Surat",MD - Pathology,19
1357,Gujarat,Govt,"Government Medical College, Surat","MD - Tuberculosis & Respiratory Diseases / Pulmonary
Medicine",6
1358,Gujarat,Govt,"Government Medical College, Surat",Diploma in Community Medicine,1
1359,Gujarat,Govt,"Government Medical College, Surat",MD - Emergency Medicine,2
1360,Gujarat,Govt,"Government Medical College, Surat","MD - Forensic Medicine/Forensic Medicine &
Toxicology",4
1361,Gujarat,Govt,"Government Medical College, Surat",MS - Ophthalmology,8
1362,Gujarat,Govt,"Government Medical College, Surat",MS - General Surgery,22
1363,Gujarat,Govt,"Government Medical College, Surat",MD - Psychiatry,4
1364,Gujarat,Govt,"Government Medical College, Surat",MD - Bio-Chemistry,7
1365,Gujarat,Govt,"Government Medical College, Surat",MD - Anatomy,6
1366,Gujarat,Govt,"Government Medical College, Surat","MD - Social & Preventive Medicine / Community
Medicine",8
1367,Gujarat,Trust,"Gujarat Adani Institute of Medical Sciences, Bhuj",MS - Obstetrics & Gynaecology,9
1368,Gujarat,Trust,"Gujarat Adani Institute of Medical Sciences, Bhuj",MD - Psychiatry,2
1369,Gujarat,Trust,"Gujarat Adani Institute of Medical Sciences, Bhuj",MS - Ophthalmology,4
1370,Gujarat,Trust,"Gujarat Adani Institute of Medical Sciences, Bhuj",MD - Emergency Medicine,5
1371,Gujarat,Trust,"Gujarat Adani Institute of Medical Sciences, Bhuj",MD - Paediatrics,6
1372,Gujarat,Trust,"Gujarat Adani Institute of Medical Sciences, Bhuj",MD - General Medicine,10
1373,Gujarat,Trust,"Gujarat Adani Institute of Medical Sciences, Bhuj","MD - Tuberculosis & Respiratory Diseases / Pulmonary
Medicine",3
1374,Gujarat,Trust,"Gujarat Adani Institute of Medical Sciences, Bhuj","MD - Dermatology , Venereology & Leprosy",2
1375,Gujarat,Trust,"Gujarat Adani Institute of Medical Sciences, Bhuj",MD - Microbiology,2
1376,Gujarat,Trust,"Gujarat Adani Institute of Medical Sciences, Bhuj",MD - Physiology,4
1377,Gujarat,Trust,"Gujarat Adani Institute of Medical Sciences, Bhuj",MD - Pathology,5
1378,Gujarat,Trust,"Gujarat Adani Institute of Medical Sciences, Bhuj",MD - Radio Diagnosis/Radiology,5
1379,Gujarat,Trust,"Gujarat Adani Institute of Medical Sciences, Bhuj",MS - ENT,4
1380,Gujarat,Trust,"Gujarat Adani Institute of Medical Sciences, Bhuj",MD - Anaesthesiology,12
1381,Gujarat,Trust,"Gujarat Adani Institute of Medical Sciences, Bhuj",MS - Orthopaedics,9
1382,Gujarat,Trust,"Gujarat Adani Institute of Medical Sciences, Bhuj",MD - Anatomy,4
1383,Gujarat,Trust,"Gujarat Adani Institute of Medical Sciences, Bhuj",MS - General Surgery,8
1384,Gujarat,Govt,"Medical College, Baroda",MD - Paediatrics,12
1385,Gujarat,Govt,"Medical College, Baroda",MD - Bio-Chemistry,3
1386,Gujarat,Govt,"Medical College, Baroda","MD - Social & Preventive Medicine / Community
Medicine",8
1387,Gujarat,Govt,"Medical College, Baroda",MD - Immuno Haematology & Blood Transfusion,2
1388,Gujarat,Govt,"Medical College, Baroda",MS - ENT,6
1389,Gujarat,Govt,"Medical College, Baroda",MS - Obstetrics & Gynaecology,20
1390,Gujarat,Govt,"Medical College, Baroda","MD - Dermatology , Venereology & Leprosy",5
1391,Gujarat,Govt,"Medical College, Baroda",MD - Microbiology,14
1392,Gujarat,Govt,"Medical College, Baroda",MD - Radio Diagnosis/Radiology,8
1393,Gujarat,Govt,"Medical College, Baroda",MD - Anatomy,4
1394,Gujarat,Govt,"Medical College, Baroda",MD - Pathology,11
1395,Gujarat,Govt,"Medical College, Baroda",MD - Psychiatry,5
1396,Gujarat,Govt,"Medical College, Baroda","MD - Tuberculosis & Respiratory Diseases / Pulmonary
Medicine",5
1397,Gujarat,Govt,"Medical College, Baroda",MD - Radiotherapy/ Radiation Oncology,2
1398,Gujarat,Govt,"Medical College, Baroda",MD - Pharmacology,5
1399,Gujarat,Govt,"Medical College, Baroda",MS - General Surgery,19
1400,Gujarat,Govt,"Medical College, Baroda",MD - Anaesthesiology,17
1401,Gujarat,Govt,"Medical College, Baroda",MD - General Medicine,25
1402,Gujarat,Govt,"Medical College, Baroda",MS - Ophthalmology,8
1403,Gujarat,Govt,"Medical College, Baroda",MS - Orthopaedics,14
1404,Gujarat,Govt,"Medical College, Baroda","MD - Forensic Medicine/Forensic Medicine &
Toxicology",2
1405,Gujarat,Govt,"Medical College, Baroda",MD - Physiology,3
1406,Gujarat,Govt,"Medical College, Baroda",MD - Emergency Medicine,1
1407,Gujarat,Govt,"MP Shah Medical College,Jamnagar",MS - General Surgery,32
1408,Gujarat,Govt,"MP Shah Medical College,Jamnagar",Diploma in Tuberculosis & Chest Diseases,1
1409,Gujarat,Govt,"MP Shah Medical College,Jamnagar",MD - Paediatrics,15
1410,Gujarat,Govt,"MP Shah Medical College,Jamnagar",Diploma in Radio-Diagnosis,5
1411,Gujarat,Govt,"MP Shah Medical College,Jamnagar",Diploma in Child Health,2
1412,Gujarat,Govt,"MP Shah Medical College,Jamnagar",Diploma in Obstetrics & Gynaecology,10
1413,Gujarat,Govt,"MP Shah Medical College,Jamnagar",MD - Radio Diagnosis/Radiology,12
1414,Gujarat,Govt,"MP Shah Medical College,Jamnagar",MD - Anaesthesiology,13
1415,Gujarat,Govt,"MP Shah Medical College,Jamnagar",MD - Pharmacology,7
1416,Gujarat,Govt,"MP Shah Medical College,Jamnagar",MS - Obstetrics & Gynaecology,5
1417,Gujarat,Govt,"MP Shah Medical College,Jamnagar","MD - Social & Preventive Medicine / Community
Medicine",8
1418,Gujarat,Govt,"MP Shah Medical College,Jamnagar",MS - ENT,4
1419,Gujarat,Govt,"MP Shah Medical College,Jamnagar",MD - General Medicine,17
1420,Gujarat,Govt,"MP Shah Medical College,Jamnagar",MD - Radiotherapy/ Radiation Oncology,1
1421,Gujarat,Govt,"MP Shah Medical College,Jamnagar",Diploma in Anaesthesia,3
1422,Gujarat,Govt,"MP Shah Medical College,Jamnagar",MD - Immuno Haematology & Blood Transfusion,3
1423,Gujarat,Govt,"MP Shah Medical College,Jamnagar",MS - Orthopaedics,9
1424,Gujarat,Govt,"MP Shah Medical College,Jamnagar","MD - Tuberculosis & Respiratory Diseases / Pulmonary
Medicine",3
1425,Gujarat,Govt,"MP Shah Medical College,Jamnagar",MD - Physiology,4
1426,Gujarat,Govt,"MP Shah Medical College,Jamnagar",MD - Anatomy,4
1427,Gujarat,Govt,"MP Shah Medical College,Jamnagar","MD - Forensic Medicine/Forensic Medicine &
Toxicology",2
1428,Gujarat,Govt,"MP Shah Medical College,Jamnagar",MS - Ophthalmology,8
1429,Gujarat,Govt,"MP Shah Medical College,Jamnagar","MD - Dermatology , Venereology & Leprosy",4
1430,Gujarat,Govt,"MP Shah Medical College,Jamnagar",MD - Pathology,20
1431,Gujarat,Govt,"MP Shah Medical College,Jamnagar",MD - Microbiology,6
1432,Gujarat,Govt,"MP Shah Medical College,Jamnagar",MD - Psychiatry,3
1433,Gujarat,Trust,Nootan Medical College and Research Centre Mehsana,MD - Radio - Diagnosis,2
1434,Gujarat,Trust,Nootan Medical College and Research Centre Mehsana,MD - Anaesthesiology,4
1435,Gujarat,Trust,Nootan Medical College and Research Centre Mehsana,MD - General Medicine,2
1436,Gujarat,Trust,Nootan Medical College and Research Centre Mehsana,MD - Pathology,4
1437,Gujarat,Trust,Nootan Medical College and Research Centre Mehsana,MS  - Obstetrics & Gynaecology,2
1438,Gujarat,Trust,Nootan Medical College and Research Centre Mehsana,MS - General Surgery,3
1439,Gujarat,Govt,"Pandit Deendayal Upadhyay Medical College, Rajkot",MD - Radio Diagnosis/Radiology,10
1440,Gujarat,Govt,"Pandit Deendayal Upadhyay Medical College, Rajkot",MD - Biochemistry,4
1441,Gujarat,Govt,"Pandit Deendayal Upadhyay Medical College, Rajkot",MS - Ophthalmology,3
1442,Gujarat,Govt,"Pandit Deendayal Upadhyay Medical College, Rajkot",MD - Anatomy,4
1443,Gujarat,Govt,"Pandit Deendayal Upadhyay Medical College, Rajkot",MD - Microbiology,6
1444,Gujarat,Govt,"Pandit Deendayal Upadhyay Medical College, Rajkot","MD - Tuberculosis & Respiratory Diseases / Pulmonary
Medicine",3
1445,Gujarat,Govt,"Pandit Deendayal Upadhyay Medical College, Rajkot",Diploma in Obstetrics & Gynaecology,2
1446,Gujarat,Govt,"Pandit Deendayal Upadhyay Medical College, Rajkot",MS - General Surgery,14
1447,Gujarat,Govt,"Pandit Deendayal Upadhyay Medical College, Rajkot","Diploma in Dermatology, Venereology and Leprosy",1
1448,Gujarat,Govt,"Pandit Deendayal Upadhyay Medical College, Rajkot",Diploma in Child Health,3
1449,Gujarat,Govt,"Pandit Deendayal Upadhyay Medical College, Rajkot",MD - Psychiatry,5
1450,Gujarat,Govt,"Pandit Deendayal Upadhyay Medical College, Rajkot",Diploma in Ophthalmology,1
1451,Gujarat,Govt,"Pandit Deendayal Upadhyay Medical College, Rajkot",MD - General Medicine,13
1452,Gujarat,Govt,"Pandit Deendayal Upadhyay Medical College, Rajkot","MD - Forensic Medicine/Forensic Medicine &
Toxicology",3
1453,Gujarat,Govt,"Pandit Deendayal Upadhyay Medical College, Rajkot","MD - Dermatology , Venereology & Leprosy",4
1454,Gujarat,Govt,"Pandit Deendayal Upadhyay Medical College, Rajkot",MS - ENT,5
1455,Gujarat,Govt,"Pandit Deendayal Upadhyay Medical College, Rajkot",MD - Paediatrics,5
1456,Gujarat,Govt,"Pandit Deendayal Upadhyay Medical College, Rajkot",MS - Orthopaedics,8
1457,Gujarat,Govt,"Pandit Deendayal Upadhyay Medical College, Rajkot",Diploma in Orthopaedics,1
1458,Gujarat,Govt,"Pandit Deendayal Upadhyay Medical College, Rajkot",Diploma in Anaesthesia,1
1459,Gujarat,Govt,"Pandit Deendayal Upadhyay Medical College, Rajkot",MD - Radiation Oncology,3
1460,Gujarat,Govt,"Pandit Deendayal Upadhyay Medical College, Rajkot",MD - Pathology,14
1461,Gujarat,Govt,"Pandit Deendayal Upadhyay Medical College, Rajkot",MD - Pharmacology,6
1462,Gujarat,Govt,"Pandit Deendayal Upadhyay Medical College, Rajkot",MS - Obstetrics & Gynaecology,6
1463,Gujarat,Govt,"Pandit Deendayal Upadhyay Medical College, Rajkot",MD - Anaesthesiology,16
1464,Gujarat,Govt,"Pandit Deendayal Upadhyay Medical College, Rajkot","MD - Social & Preventive Medicine / Community
Medicine",6
1465,Gujarat,Govt,"Pandit Deendayal Upadhyay Medical College, Rajkot",MD - Physiology,4
1466,Gujarat,Pvt,"Parul Institute of Medical Sciences & Research, Vadodara",MD - Respiratory Medicine,2
1467,Gujarat,Pvt,"Parul Institute of Medical Sciences & Research, Vadodara",MD - Radio Diagnosis,5
1468,Gujarat,Pvt,"Parul Institute of Medical Sciences & Research, Vadodara",MD - Anaesthesiology,9
1469,Gujarat,Pvt,"Parul Institute of Medical Sciences & Research, Vadodara",MD - Psychiatry,2
1470,Gujarat,Pvt,"Parul Institute of Medical Sciences & Research, Vadodara",MD - General Medicine,11
1471,Gujarat,Pvt,"Parul Institute of Medical Sciences & Research, Vadodara",MS - Obstetrics and Gynaecology,3
1472,Gujarat,Pvt,"Parul Institute of Medical Sciences & Research, Vadodara",MD - Microbiology,3
1473,Gujarat,Pvt,"Parul Institute of Medical Sciences & Research, Vadodara",MD - Physiology,3
1474,Gujarat,Pvt,"Parul Institute of Medical Sciences & Research, Vadodara",MS - Otorhinolaryngology,2
1475,Gujarat,Pvt,"Parul Institute of Medical Sciences & Research, Vadodara",MS - Orthopaedics,8
1476,Gujarat,Pvt,"Parul Institute of Medical Sciences & Research, Vadodara",MD - Pharmacology,3
1477,Gujarat,Pvt,"Parul Institute of Medical Sciences & Research, Vadodara",MS - General Surgery,12
1478,Gujarat,Pvt,"Parul Institute of Medical Sciences & Research, Vadodara",MD - Pathology,6
1479,Gujarat,Pvt,"Parul Institute of Medical Sciences & Research, Vadodara","MD - Dermatology , Venereology & Leprosy",3
1480,Gujarat,Pvt,"Parul Institute of Medical Sciences & Research, Vadodara",MD - Bio-Chemistry,3
1481,Gujarat,Pvt,"Parul Institute of Medical Sciences & Research, Vadodara",MD - Paediatrics,4
1482,Gujarat,Pvt,"Parul Institute of Medical Sciences & Research, Vadodara",MD - Emergency Medicine,3
1483,Gujarat,Pvt,"Parul Institute of Medical Sciences & Research, Vadodara",MD - Anatomy,3
1484,Gujarat,Pvt,"Parul Institute of Medical Sciences & Research, Vadodara",MS - Ophthalmology,3
1485,Gujarat,Pvt,"Parul Institute of Medical Sciences & Research, Vadodara",MD - Community Medicine,2
1486,Gujarat,Trust,"Pramukhswami Medical College, Karmsad",MD - Anatomy,3
1487,Gujarat,Trust,"Pramukhswami Medical College, Karmsad",MD - Anaesthesiology,15
1488,Gujarat,Trust,"Pramukhswami Medical College, Karmsad",MD - Bio-Chemistry,4
1489,Gujarat,Trust,"Pramukhswami Medical College, Karmsad","MD - Social & Preventive Medicine / Community
Medicine",4
1490,Gujarat,Trust,"Pramukhswami Medical College, Karmsad","MD - Dermatology , Venereology & Leprosy",3
1491,Gujarat,Trust,"Pramukhswami Medical College, Karmsad",MD - Emergency Medicine,3
1492,Gujarat,Trust,"Pramukhswami Medical College, Karmsad","MD - Forensic Medicine/Forensic Medicine &
Toxicology",2
1493,Gujarat,Trust,"Pramukhswami Medical College, Karmsad",MD - General Medicine,10
1494,Gujarat,Trust,"Pramukhswami Medical College, Karmsad",MD - Immuno Haematology & Blood Transfusion,3
1495,Gujarat,Trust,"Pramukhswami Medical College, Karmsad",MD - Microbiology,3
1496,Gujarat,Trust,"Pramukhswami Medical College, Karmsad",MD - Pathology,9
1497,Gujarat,Trust,"Pramukhswami Medical College, Karmsad",MD - Paediatrics,6
1498,Gujarat,Trust,"Pramukhswami Medical College, Karmsad",MD - Pharmacology,4
1499,Gujarat,Trust,"Pramukhswami Medical College, Karmsad",MD - Physiology,2
1500,Gujarat,Trust,"Pramukhswami Medical College, Karmsad",MD - Psychiatry,2
1501,Gujarat,Trust,"Pramukhswami Medical College, Karmsad",MD - Radio Diagnosis/Radiology,5
1502,Gujarat,Trust,"Pramukhswami Medical College, Karmsad",MD - Respiratory Medicine,4
1503,Gujarat,Trust,"Pramukhswami Medical College, Karmsad",MS - ENT,4
1504,Gujarat,Trust,"Pramukhswami Medical College, Karmsad",MS - Obstetrics & Gynaecology,6
1505,Gujarat,Trust,"Pramukhswami Medical College, Karmsad",MS - Ophthalmology,3
1506,Gujarat,Trust,"Pramukhswami Medical College, Karmsad",MS - Orthopaedics,4
1507,Gujarat,Trust,"Pramukhswami Medical College, Karmsad",MS - General Surgery,8
1508,Gujarat,Trust,"SBKS Medical Instt. & Research Centre, Vadodra",MS - Obstetrics & Gynaecology,12
1509,Gujarat,Trust,"SBKS Medical Instt. & Research Centre, Vadodra",MS - General Surgery,10
1510,Gujarat,Trust,"SBKS Medical Instt. & Research Centre, Vadodra","MD - Tuberculosis & Respiratory Diseases / Pulmonary
Medicine",4
1511,Gujarat,Trust,"SBKS Medical Instt. & Research Centre, Vadodra",MS - Ophthalmology,7
1512,Gujarat,Trust,"SBKS Medical Instt. & Research Centre, Vadodra",MD - Anatomy,5
1513,Gujarat,Trust,"SBKS Medical Instt. & Research Centre, Vadodra","MD - Social & Preventive Medicine / Community
Medicine",7
1514,Gujarat,Trust,"SBKS Medical Instt. & Research Centre, Vadodra",MD - Paediatrics,12
1515,Gujarat,Trust,"SBKS Medical Instt. & Research Centre, Vadodra",MD - Radio Diagnosis/Radiology,15
1516,Gujarat,Trust,"SBKS Medical Instt. & Research Centre, Vadodra",MS - Orthopaedics,12
1517,Gujarat,Trust,"SBKS Medical Instt. & Research Centre, Vadodra",MD - Anaesthesiology,20
1518,Gujarat,Trust,"SBKS Medical Instt. & Research Centre, Vadodra","MD - Dermatology , Venereology & Leprosy",5
1519,Gujarat,Trust,"SBKS Medical Instt. & Research Centre, Vadodra",MD - Bio-Chemistry,2
1520,Gujarat,Trust,"SBKS Medical Instt. & Research Centre, Vadodra",MS - ENT,5
1521,Gujarat,Trust,"SBKS Medical Instt. & Research Centre, Vadodra",MD - General Medicine,25
1522,Gujarat,Trust,"SBKS Medical Instt. & Research Centre, Vadodra",MD - Psychiatry,3
1523,Gujarat,Trust,"SBKS Medical Instt. & Research Centre, Vadodra",MD - Pharmacology,6
1524,Gujarat,Trust,"SBKS Medical Instt. & Research Centre, Vadodra",MD - Microbiology,3
1525,Gujarat,Trust,"SBKS Medical Instt. & Research Centre, Vadodra",MD - Pathology,12
1526,Gujarat,Trust,"SBKS Medical Instt. & Research Centre, Vadodra",MD - Physiology,3
1527,Gujarat,Trust,"SBKS Medical Instt. & Research Centre, Vadodra","MD - Forensic Medicine/Forensic Medicine &
Toxicology",1
1528,Gujarat,Trust,Shantabaa Medical College Amreli,MD - Anaesthesiology,4
1529,Gujarat,Trust,Shantabaa Medical College Amreli,MD - Microbiology,4
1530,Gujarat,Trust,Shantabaa Medical College Amreli,MD - Community Medicine,4
1531,Gujarat,Govt,"Smt. G.R. Doshi and Smt. K.M. Mehta Institute of Kidney Diseases and Research Centre, Dr. H.L. Trivedi Institute of Transplantation Sciences,
Ahmedabad, Gujarat",MD - Anaesthesiology,6
1532,Gujarat,Govt,"Smt. N.H.L.Municipal Medical College, Ahmedabad",MS - Orthopaedics,16
1533,Gujarat,Govt,"Smt. N.H.L.Municipal Medical College, Ahmedabad",MS - Ophthalmology,14
1534,Gujarat,Govt,"Smt. N.H.L.Municipal Medical College, Ahmedabad",MD - Pharmacology,5
1535,Gujarat,Govt,"Smt. N.H.L.Municipal Medical College, Ahmedabad",MD - Emergency Medicine,6
1536,Gujarat,Govt,"Smt. N.H.L.Municipal Medical College, Ahmedabad",MS - ENT,10
1537,Gujarat,Govt,"Smt. N.H.L.Municipal Medical College, Ahmedabad",MD - Psychiatry,4
1538,Gujarat,Govt,"Smt. N.H.L.Municipal Medical College, Ahmedabad","MD - Forensic Medicine/Forensic Medicine &
Toxicology",2
1539,Gujarat,Govt,"Smt. N.H.L.Municipal Medical College, Ahmedabad",MD - Anaesthesiology,24
1540,Gujarat,Govt,"Smt. N.H.L.Municipal Medical College, Ahmedabad",MD - Microbiology,6
1541,Gujarat,Govt,"Smt. N.H.L.Municipal Medical College, Ahmedabad",MD - Paediatrics,20
1542,Gujarat,Govt,"Smt. N.H.L.Municipal Medical College, Ahmedabad","MD - Dermatology , Venereology & Leprosy",6
1543,Gujarat,Govt,"Smt. N.H.L.Municipal Medical College, Ahmedabad","MD - Social & Preventive Medicine / Community
Medicine",5
1544,Gujarat,Govt,"Smt. N.H.L.Municipal Medical College, Ahmedabad","Diploma in Dermatology, Venereology and Leprosy",3
1545,Gujarat,Govt,"Smt. N.H.L.Municipal Medical College, Ahmedabad",MD - General Medicine,32
1546,Gujarat,Govt,"Smt. N.H.L.Municipal Medical College, Ahmedabad",MD - Physiology,5
1547,Gujarat,Govt,"Smt. N.H.L.Municipal Medical College, Ahmedabad",Diploma in Psychological Medicine,1
1548,Gujarat,Govt,"Smt. N.H.L.Municipal Medical College, Ahmedabad",MS - General Surgery,29
1549,Gujarat,Govt,"Smt. N.H.L.Municipal Medical College, Ahmedabad",MD - Respiratory Medicine,3
1550,Gujarat,Govt,"Smt. N.H.L.Municipal Medical College, Ahmedabad",MD - Radio Diagnosis/Radiology,15
1551,Gujarat,Govt,"Smt. N.H.L.Municipal Medical College, Ahmedabad",MS - Obstetrics & Gynaecology,32
1552,Gujarat,Govt,"Smt. N.H.L.Municipal Medical College, Ahmedabad",MD - Anatomy,2
1553,Gujarat,Govt,"Smt. N.H.L.Municipal Medical College, Ahmedabad",MD - Bio-Chemistry,1
1554,Gujarat,Govt,"Smt. N.H.L.Municipal Medical College, Ahmedabad",MD - Pathology,14
1555,Gujarat,Govt,"Surat Municipal Institute of Medical Education & Research, Surat",MD - Pathology,10
1556,Gujarat,Govt,"Surat Municipal Institute of Medical Education & Research, Surat",MS - Ophthalmology,6
1557,Gujarat,Govt,"Surat Municipal Institute of Medical Education & Research, Surat",MD - Paediatrics,12
1558,Gujarat,Govt,"Surat Municipal Institute of Medical Education & Research, Surat","MD - Dermatology , Venereology & Leprosy",3
1559,Gujarat,Govt,"Surat Municipal Institute of Medical Education & Research, Surat",MD - Psychiatry,3
1560,Gujarat,Govt,"Surat Municipal Institute of Medical Education & Research, Surat",MS - General Surgery,23
1561,Gujarat,Govt,"Surat Municipal Institute of Medical Education & Research, Surat","MD - Tuberculosis & Respiratory Diseases / Pulmonary
Medicine",5
1562,Gujarat,Govt,"Surat Municipal Institute of Medical Education & Research, Surat",MD - Bio-Chemistry,3
1563,Gujarat,Govt,"Surat Municipal Institute of Medical Education & Research, Surat",MS - Obstetrics & Gynaecology,15
1564,Gujarat,Govt,"Surat Municipal Institute of Medical Education & Research, Surat",MD - Microbiology,4
1565,Gujarat,Govt,"Surat Municipal Institute of Medical Education & Research, Surat",MD - Radio Diagnosis/Radiology,7
1566,Gujarat,Govt,"Surat Municipal Institute of Medical Education & Research, Surat",Diploma in Public Health,1
1567,Gujarat,Govt,"Surat Municipal Institute of Medical Education & Research, Surat",MD - Pharmacology,3
1568,Gujarat,Govt,"Surat Municipal Institute of Medical Education & Research, Surat",MD - Anatomy,2
1569,Gujarat,Govt,"Surat Municipal Institute of Medical Education & Research, Surat","MD - Forensic Medicine/Forensic Medicine &
Toxicology",3
1570,Gujarat,Govt,"Surat Municipal Institute of Medical Education & Research, Surat",MD - Anaesthesiology,19
1571,Gujarat,Govt,"Surat Municipal Institute of Medical Education & Research, Surat",MD - General Medicine,24
1572,Gujarat,Govt,"Surat Municipal Institute of Medical Education & Research, Surat","MD - Social & Preventive Medicine / Community
Medicine",7
1573,Gujarat,Govt,"Surat Municipal Institute of Medical Education & Research, Surat",MS - ENT,6
1574,Gujarat,Govt,"Surat Municipal Institute of Medical Education & Research, Surat",MD - Physiology,4
1575,Gujarat,Govt,"Surat Municipal Institute of Medical Education & Research, Surat",MS - Orthopaedics,11
1576,Gujarat,Trust,"Zydus Medical College & Hospital, Dahod",MD - Physiology,3
1577,Gujarat,Trust,"Zydus Medical College & Hospital, Dahod",MD - Anatomy,2
1578,Gujarat,Trust,"Zydus Medical College & Hospital, Dahod",MD - Biochemistry,3
1579,Gujarat,Trust,"Zydus Medical College & Hospital, Dahod",MD - Paediatrics,3
1580,Gujarat,Trust,"Zydus Medical College & Hospital, Dahod",MD - Anaesthesiology,4
1581,Gujarat,Trust,"Zydus Medical College & Hospital, Dahod",MD - Microbiology,3
1582,Gujarat,Trust,"Zydus Medical College & Hospital, Dahod",MS - General Surgery,9
1583,Gujarat,Trust,"Zydus Medical College & Hospital, Dahod",MD - Forensic Medicine,3
1584,Gujarat,Trust,"Zydus Medical College & Hospital, Dahod",MD - General Medicine,11
1585,Gujarat,Trust,"Zydus Medical College & Hospital, Dahod",MS - Orthopaedics,7
1586,Gujarat,Trust,"Zydus Medical College & Hospital, Dahod",MS - Otorhinolaryngology,3
1587,Gujarat,Trust,"Zydus Medical College & Hospital, Dahod",MD - Pathology,5
1588,Gujarat,Trust,"Zydus Medical College & Hospital, Dahod",MD - Radio Diagnosis,4
1589,Gujarat,Trust,"Zydus Medical College & Hospital, Dahod",MD - Pharmacology,5
1590,Gujarat,Trust,"Zydus Medical College & Hospital, Dahod",MS - Obstetrics & Gynaecology,9
1591,Gujarat,Trust,"Zydus Medical College & Hospital, Dahod",MD - Community Medicine,4
1592,Haryana,Society,"Adesh Medical College and Hospital, Shahabad, Kurukshetra, Haryana",MD - Paediatrics,4
1593,Haryana,Society,"Adesh Medical College and Hospital, Shahabad, Kurukshetra, Haryana",MD - General Medicine,3
1594,Haryana,Society,"Adesh Medical College and Hospital, Shahabad, Kurukshetra, Haryana",MD - Psychiatry,3
1595,Haryana,Society,"Adesh Medical College and Hospital, Shahabad, Kurukshetra, Haryana",MS - Orthopaedics,2
1596,Haryana,Society,"Adesh Medical College and Hospital, Shahabad, Kurukshetra, Haryana",MS - Ophthalmology,2
1597,Haryana,Society,"Adesh Medical College and Hospital, Shahabad, Kurukshetra, Haryana",MS - General Surgery,5
1598,Haryana,Society,"Adesh Medical College and Hospital, Shahabad, Kurukshetra, Haryana",MS - Otorhinolaryngology,2
1599,Haryana,Society,"Adesh Medical College and Hospital, Shahabad, Kurukshetra, Haryana",MD - Respiratory Medicine,2
1600,Haryana,Society,"Adesh Medical College and Hospital, Shahabad, Kurukshetra, Haryana",MD - Pathology,6
1601,Haryana,Society,"Adesh Medical College and Hospital, Shahabad, Kurukshetra, Haryana",MS - Obstetrics and Gynaecology,3
1602,Haryana,Society,"Adesh Medical College and Hospital, Shahabad, Kurukshetra, Haryana","MD - Dermatology , Venereology & Leprosy",2
1603,Haryana,Society,"Adesh Medical College and Hospital, Shahabad, Kurukshetra, Haryana",MD - Microbiology,6
1604,Haryana,Society,"Adesh Medical College and Hospital, Shahabad, Kurukshetra, Haryana",MD - Radio Diagnosis,1
1605,Haryana,Society,"Adesh Medical College and Hospital, Shahabad, Kurukshetra, Haryana",MD - Anaesthesiology,4
1606,Haryana,Society,"Adesh Medical College and Hospital, Shahabad, Kurukshetra, Haryana",MD - Community Medicine,5
1607,Haryana,Pvt,"Al Falah School of Medical Sciences & Research Centre, Faridabad",MS - Obstetrics & Gynaecology,3
1608,Haryana,Pvt,"Al Falah School of Medical Sciences & Research Centre, Faridabad",MD - Anatomy,6
1609,Haryana,Pvt,"Al Falah School of Medical Sciences & Research Centre, Faridabad",MD- Biochemistry,5
1610,Haryana,Pvt,"Al Falah School of Medical Sciences & Research Centre, Faridabad",MD - Anaesthesiology,10
1611,Haryana,Pvt,"Al Falah School of Medical Sciences & Research Centre, Faridabad",MD - Pathology,8
1612,Haryana,Pvt,"Al Falah School of Medical Sciences & Research Centre, Faridabad","MD - Dermatology , Venereology & Leprosy",3
1613,Haryana,Pvt,"Al Falah School of Medical Sciences & Research Centre, Faridabad",MD - General Medicine,8
1614,Haryana,Pvt,"Al Falah School of Medical Sciences & Research Centre, Faridabad",MD - Paediatrics,2
1615,Haryana,Pvt,"Al Falah School of Medical Sciences & Research Centre, Faridabad",MD - Microbiology,4
1616,Haryana,Pvt,"Al Falah School of Medical Sciences & Research Centre, Faridabad",MD - Physiology,5
1617,Haryana,Pvt,"Al Falah School of Medical Sciences & Research Centre, Faridabad",MD - Community Medicine,7
1618,Haryana,Govt,"BPS Government Medical College for Women, Sonepat",MD - Physiology,4
1619,Haryana,Govt,"BPS Government Medical College for Women, Sonepat",MD - Anatomy,3
1620,Haryana,Govt,"BPS Government Medical College for Women, Sonepat",MD - Pathology,6
1621,Haryana,Govt,"BPS Government Medical College for Women, Sonepat","MD - Forensic Medicine/Forensic Medicine &
Toxicology",4
1622,Haryana,Govt,"BPS Government Medical College for Women, Sonepat","MD - Social & Preventive Medicine / Community
Medicine",5
1623,Haryana,Govt,"BPS Government Medical College for Women, Sonepat",MD - Pharmacology,3
1624,Haryana,Govt,"BPS Government Medical College for Women, Sonepat",MD - Bio-Chemistry,3
1625,Haryana,Govt,"Command Hospital,Chandimandir",MD - General Medicine,2
1626,Haryana,Govt,"Command Hospital,Chandimandir",MS - General Surgery,3
1627,Haryana,Govt,"Command Hospital,Chandimandir",MS - Ophthalmology,2
1628,Haryana,Govt,"Command Hospital,Chandimandir",MD - Anaesthesiology,2
1629,Haryana,Govt,"Employees State Insurance Corporation Medical College, Faridabad",MS - Otorhinolaryngology,3
1630,Haryana,Govt,"Employees State Insurance Corporation Medical College, Faridabad",MD - Pathology,3
1631,Haryana,Govt,"Employees State Insurance Corporation Medical College, Faridabad",MS - Ophthalmology,3
1632,Haryana,Govt,"Employees State Insurance Corporation Medical College, Faridabad",MD - Immuno Haematology & Blood Transfusion,2
1633,Haryana,Govt,"Employees State Insurance Corporation Medical College, Faridabad",MD - Forensic Medicine,2
1634,Haryana,Govt,"Employees State Insurance Corporation Medical College, Faridabad",MD - Physiology,3
1635,Haryana,Govt,"Employees State Insurance Corporation Medical College, Faridabad",MS - Orthopaedics,2
1636,Haryana,Govt,"Employees State Insurance Corporation Medical College, Faridabad",MD - Anatomy,3
1637,Haryana,Govt,"Employees State Insurance Corporation Medical College, Faridabad",MD - Microbiology,3
1638,Haryana,Govt,"Employees State Insurance Corporation Medical College, Faridabad",MD - Pharmacology,3
1639,Haryana,Govt,"Employees State Insurance Corporation Medical College, Faridabad",MD - Bio-Chemistry,4
1640,Haryana,Govt,"Employees State Insurance Corporation Medical College, Faridabad",MD - Paediatrics,5
1641,Haryana,Govt,"Employees State Insurance Corporation Medical College, Faridabad",MD - Emergency Medicine,4
1642,Haryana,Govt,"Employees State Insurance Corporation Medical College, Faridabad",MD - Psychiatry,2
1643,Haryana,Govt,"Employees State Insurance Corporation Medical College, Faridabad",MS - General Surgery,8
1644,Haryana,Govt,"Employees State Insurance Corporation Medical College, Faridabad",MS - Obstetrics & Gynaecology,8
1645,Haryana,Govt,"Employees State Insurance Corporation Medical College, Faridabad","MD - Dermatology , Venereology & Leprosy",1
1646,Haryana,Govt,"Employees State Insurance Corporation Medical College, Faridabad",MD - Respiratory Medicine,2
1647,Haryana,Govt,"Employees State Insurance Corporation Medical College, Faridabad",MD - Radiology,5
1648,Haryana,Govt,"Employees State Insurance Corporation Medical College, Faridabad",MD - General Medicine,8
1649,Haryana,Govt,"Employees State Insurance Corporation Medical College, Faridabad",MD - Physical Medicine & Rehabilitation,3
1650,Haryana,Govt,"Employees State Insurance Corporation Medical College, Faridabad",MD - Anaesthesiology,7
1651,Haryana,Govt,"Employees State Insurance Corporation Medical College, Faridabad",MD - Community Medicine,3
1652,Haryana,Trust,"Faculty of Medicine and Health Sciences, Gurgaon (Formarly SGGST Medical
College & R Centre,Gurgaon)",MS - Orthopaedics,4
1653,Haryana,Trust,"Faculty of Medicine and Health Sciences, Gurgaon (Formarly SGGST Medical
College & R Centre,Gurgaon)","MD - Forensic Medicine/Forensic Medicine &
Toxicology",2
1654,Haryana,Trust,"Faculty of Medicine and Health Sciences, Gurgaon (Formarly SGGST Medical
College & R Centre,Gurgaon)",MD - Bio-Chemistry,3
1655,Haryana,Trust,"Faculty of Medicine and Health Sciences, Gurgaon (Formarly SGGST Medical
College & R Centre,Gurgaon)",MS - Obstetrics & Gynaecology,3
1656,Haryana,Trust,"Faculty of Medicine and Health Sciences, Gurgaon (Formarly SGGST Medical
College & R Centre,Gurgaon)","MD - Social & Preventive Medicine / Community
Medicine",4
1657,Haryana,Trust,"Faculty of Medicine and Health Sciences, Gurgaon (Formarly SGGST Medical
College & R Centre,Gurgaon)",MD - Radio Diagnosis/Radiology,6
1658,Haryana,Trust,"Faculty of Medicine and Health Sciences, Gurgaon (Formarly SGGST Medical
College & R Centre,Gurgaon)",MD - General Medicine,8
1659,Haryana,Trust,"Faculty of Medicine and Health Sciences, Gurgaon (Formarly SGGST Medical
College & R Centre,Gurgaon)",MS - Ophthalmology,2
1660,Haryana,Trust,"Faculty of Medicine and Health Sciences, Gurgaon (Formarly SGGST Medical
College & R Centre,Gurgaon)",MD - Anatomy,2
1661,Haryana,Trust,"Faculty of Medicine and Health Sciences, Gurgaon (Formarly SGGST Medical
College & R Centre,Gurgaon)","MD - Dermatology , Venereology & Leprosy",2
1662,Haryana,Trust,"Faculty of Medicine and Health Sciences, Gurgaon (Formarly SGGST Medical
College & R Centre,Gurgaon)",MD - Physiology,2
1663,Haryana,Trust,"Faculty of Medicine and Health Sciences, Gurgaon (Formarly SGGST Medical
College & R Centre,Gurgaon)",MD - Pharmacology,3
1664,Haryana,Trust,"Faculty of Medicine and Health Sciences, Gurgaon (Formarly SGGST Medical
College & R Centre,Gurgaon)",MD - Pathology,5
1665,Haryana,Trust,"Faculty of Medicine and Health Sciences, Gurgaon (Formarly SGGST Medical
College & R Centre,Gurgaon)",MS - ENT,2
1666,Haryana,Trust,"Faculty of Medicine and Health Sciences, Gurgaon (Formarly SGGST Medical
College & R Centre,Gurgaon)",MD - Psychiatry,2
1667,Haryana,Trust,"Faculty of Medicine and Health Sciences, Gurgaon (Formarly SGGST Medical
College & R Centre,Gurgaon)","MD - Tuberculosis & Respiratory Diseases / Pulmonary
Medicine",2
1668,Haryana,Trust,"Faculty of Medicine and Health Sciences, Gurgaon (Formarly SGGST Medical
College & R Centre,Gurgaon)",MD - Microbiology,2
1669,Haryana,Trust,"Faculty of Medicine and Health Sciences, Gurgaon (Formarly SGGST Medical
College & R Centre,Gurgaon)",MD - Anaesthesiology,6
1670,Haryana,Trust,"Faculty of Medicine and Health Sciences, Gurgaon (Formarly SGGST Medical
College & R Centre,Gurgaon)",MD - Paediatrics,4
1671,Haryana,Trust,"Faculty of Medicine and Health Sciences, Gurgaon (Formarly SGGST Medical
College & R Centre,Gurgaon)",MS - General Surgery,8
1672,Haryana,Govt,"Kalpana Chawala Govt. Medical College, Karnal, Haryana",MD - Paediatrics,2
1673,Haryana,Govt,"Kalpana Chawala Govt. Medical College, Karnal, Haryana",MD - Bio-Chemistry,4
1674,Haryana,Govt,"Kalpana Chawala Govt. Medical College, Karnal, Haryana",MD - Pharmacology,2
1675,Haryana,Govt,"Kalpana Chawala Govt. Medical College, Karnal, Haryana",MD - Forensic Medicine,2
1676,Haryana,Govt,"Kalpana Chawala Govt. Medical College, Karnal, Haryana",MD - Physiology,3
1677,Haryana,Govt,"Kalpana Chawala Govt. Medical College, Karnal, Haryana",MD - Anatomy,4
1678,Haryana,Govt,"Kalpana Chawala Govt. Medical College, Karnal, Haryana",MD - Microbiology,4
1679,Haryana,Trust,"Maharaja Agrasen Medical College, Agroha",MD - Physiology,2
1680,Haryana,Trust,"Maharaja Agrasen Medical College, Agroha",MD - Microbiology,2
1681,Haryana,Trust,"Maharaja Agrasen Medical College, Agroha","MD - Forensic Medicine/Forensic Medicine &
Toxicology",2
1682,Haryana,Trust,"Maharaja Agrasen Medical College, Agroha",MS - Ophthalmology,3
1683,Haryana,Trust,"Maharaja Agrasen Medical College, Agroha",MD - Anatomy,2
1684,Haryana,Trust,"Maharaja Agrasen Medical College, Agroha",MD - Pharmacology,2
1685,Haryana,Trust,"Maharaja Agrasen Medical College, Agroha",MS - General Surgery,10
1686,Haryana,Trust,"Maharaja Agrasen Medical College, Agroha",MD - Pathology,8
1687,Haryana,Trust,"Maharaja Agrasen Medical College, Agroha",MS - Orthopaedics,7
1688,Haryana,Trust,"Maharaja Agrasen Medical College, Agroha",MD - Anaesthesiology,9
1689,Haryana,Trust,"Maharaja Agrasen Medical College, Agroha","MD - Social & Preventive Medicine / Community
Medicine",2
1690,Haryana,Trust,"Maharaja Agrasen Medical College, Agroha",MD - Bio-Chemistry,3
1691,Haryana,Trust,"Maharishi Markandeshwar Institute Of Medical Sciences & Research, Mullana,
Ambala","MD - Tuberculosis & Respiratory Diseases / Pulmonary
Medicine",4
1692,Haryana,Trust,"Maharishi Markandeshwar Institute Of Medical Sciences & Research, Mullana,
Ambala",MD - Psychiatry,3
1693,Haryana,Trust,"Maharishi Markandeshwar Institute Of Medical Sciences & Research, Mullana,
Ambala",MS - General Surgery,16
1694,Haryana,Trust,"Maharishi Markandeshwar Institute Of Medical Sciences & Research, Mullana,
Ambala","MD - Forensic Medicine/Forensic Medicine &
Toxicology",3
1695,Haryana,Trust,"Maharishi Markandeshwar Institute Of Medical Sciences & Research, Mullana,
Ambala","MD - Social & Preventive Medicine / Community
Medicine",5
1696,Haryana,Trust,"Maharishi Markandeshwar Institute Of Medical Sciences & Research, Mullana,
Ambala",MD - Anatomy,4
1697,Haryana,Trust,"Maharishi Markandeshwar Institute Of Medical Sciences & Research, Mullana,
Ambala",MD - Pathology,10
1698,Haryana,Trust,"Maharishi Markandeshwar Institute Of Medical Sciences & Research, Mullana,
Ambala",MD - Pharmacology,3
1699,Haryana,Trust,"Maharishi Markandeshwar Institute Of Medical Sciences & Research, Mullana,
Ambala","MD - Dermatology , Venereology & Leprosy",4
1700,Haryana,Trust,"Maharishi Markandeshwar Institute Of Medical Sciences & Research, Mullana,
Ambala",MD - Bio-Chemistry,3
1701,Haryana,Trust,"Maharishi Markandeshwar Institute Of Medical Sciences & Research, Mullana,
Ambala",MD - Paediatrics,9
1702,Haryana,Trust,"Maharishi Markandeshwar Institute Of Medical Sciences & Research, Mullana,
Ambala",MD - Radio Diagnosis/Radiology,14
1703,Haryana,Trust,"Maharishi Markandeshwar Institute Of Medical Sciences & Research, Mullana,
Ambala",MS - Orthopaedics,9
1704,Haryana,Trust,"Maharishi Markandeshwar Institute Of Medical Sciences & Research, Mullana,
Ambala",MS - Ophthalmology,4
1705,Haryana,Trust,"Maharishi Markandeshwar Institute Of Medical Sciences & Research, Mullana,
Ambala",MD - Microbiology,3
1706,Haryana,Trust,"Maharishi Markandeshwar Institute Of Medical Sciences & Research, Mullana,
Ambala",MD - General Medicine,19
1707,Haryana,Trust,"Maharishi Markandeshwar Institute Of Medical Sciences & Research, Mullana,
Ambala",MD - Physiology,5
1708,Haryana,Trust,"Maharishi Markandeshwar Institute Of Medical Sciences & Research, Mullana,
Ambala",MS - Obstetrics & Gynaecology,9
1709,Haryana,Trust,"Maharishi Markandeshwar Institute Of Medical Sciences & Research, Mullana,
Ambala",MD - Anaesthesiology,14
1710,Haryana,Trust,"Maharishi Markandeshwar Institute Of Medical Sciences & Research, Mullana,
Ambala",MS - ENT,4
1711,Haryana,Trust,"Maharishi Markandeshwar Institute Of Medical Sciences & Research, Mullana,
Ambala",MD - Radiotherapy/ Radiation Oncology,2
1712,Haryana,Trust,"N.C. Medical College & Hospital, Panipat",MS - Obstetrics & Gynaecology,2
1713,Haryana,Trust,"N.C. Medical College & Hospital, Panipat",MS - General Surgery,5
1714,Haryana,Trust,"N.C. Medical College & Hospital, Panipat",MD - Paediatrics,5
1715,Haryana,Trust,"N.C. Medical College & Hospital, Panipat",MD - General Medicine,2
1716,Haryana,Trust,"N.C. Medical College & Hospital, Panipat",MS - Orthopaedics,2
1717,Haryana,Trust,"N.C. Medical College & Hospital, Panipat",MS - Ophthalmology,2
1718,Haryana,Trust,"N.C. Medical College & Hospital, Panipat",MS - Otorhinolaryngology,2
1719,Haryana,Trust,"N.C. Medical College & Hospital, Panipat",MD - Microbiology,3
1720,Haryana,Trust,"N.C. Medical College & Hospital, Panipat",MD - Anaesthesiology,2
1721,Haryana,Trust,"N.C. Medical College & Hospital, Panipat",MD - Radio Diagnosis,2
1722,Haryana,Govt,"Pt. B D Sharma Postgraduate Institute of Medical Sciences, Rohtak (Haryana)",MD - Paediatrics,15
1723,Haryana,Govt,"Pt. B D Sharma Postgraduate Institute of Medical Sciences, Rohtak (Haryana)",MS - General Surgery,18
1724,Haryana,Govt,"Pt. B D Sharma Postgraduate Institute of Medical Sciences, Rohtak (Haryana)",MS - ENT,5
1725,Haryana,Govt,"Pt. B D Sharma Postgraduate Institute of Medical Sciences, Rohtak (Haryana)",MD - Sports Medicine,2
1726,Haryana,Govt,"Pt. B D Sharma Postgraduate Institute of Medical Sciences, Rohtak (Haryana)",MD - Psychiatry,10
1727,Haryana,Govt,"Pt. B D Sharma Postgraduate Institute of Medical Sciences, Rohtak (Haryana)",MS - Obstetrics & Gynaecology,20
1728,Haryana,Govt,"Pt. B D Sharma Postgraduate Institute of Medical Sciences, Rohtak (Haryana)",MS - Orthopaedics,12
1729,Haryana,Govt,"Pt. B D Sharma Postgraduate Institute of Medical Sciences, Rohtak (Haryana)",MD - Radio Diagnosis/Radiology,9
1730,Haryana,Govt,"Pt. B D Sharma Postgraduate Institute of Medical Sciences, Rohtak (Haryana)",MD - Pharmacology,6
1731,Haryana,Govt,"Pt. B D Sharma Postgraduate Institute of Medical Sciences, Rohtak (Haryana)",MD - Radiotherapy/ Radiation Oncology,6
1732,Haryana,Govt,"Pt. B D Sharma Postgraduate Institute of Medical Sciences, Rohtak (Haryana)","MD - Tuberculosis & Respiratory Diseases / Pulmonary
Medicine",5
1733,Haryana,Govt,"Pt. B D Sharma Postgraduate Institute of Medical Sciences, Rohtak (Haryana)",MD - Anatomy,4
1734,Haryana,Govt,"Pt. B D Sharma Postgraduate Institute of Medical Sciences, Rohtak (Haryana)",MD - Physiology,8
1735,Haryana,Govt,"Pt. B D Sharma Postgraduate Institute of Medical Sciences, Rohtak (Haryana)",MD - Microbiology,4
1736,Haryana,Govt,"Pt. B D Sharma Postgraduate Institute of Medical Sciences, Rohtak (Haryana)",MD - Pathology,14
1737,Haryana,Govt,"Pt. B D Sharma Postgraduate Institute of Medical Sciences, Rohtak (Haryana)","MD - Forensic Medicine/Forensic Medicine &
Toxicology",5
1738,Haryana,Govt,"Pt. B D Sharma Postgraduate Institute of Medical Sciences, Rohtak (Haryana)",MD - General Medicine,18
1739,Haryana,Govt,"Pt. B D Sharma Postgraduate Institute of Medical Sciences, Rohtak (Haryana)",MD - Anaesthesiology,44
1740,Haryana,Govt,"Pt. B D Sharma Postgraduate Institute of Medical Sciences, Rohtak (Haryana)",MS - Ophthalmology,10
1741,Haryana,Govt,"Pt. B D Sharma Postgraduate Institute of Medical Sciences, Rohtak (Haryana)",MD - Bio-Chemistry,9
1742,Haryana,Govt,"Pt. B D Sharma Postgraduate Institute of Medical Sciences, Rohtak (Haryana)","MD - Social & Preventive Medicine / Community
Medicine",10
1743,Haryana,Govt,"Pt. B D Sharma Postgraduate Institute of Medical Sciences, Rohtak (Haryana)","MD - Dermatology , Venereology & Leprosy",5
1744,Haryana,Govt,"Shaheed Hasan Khan Mewati Government Medical College, Nalhar",MD - Pharmacology,3
1745,Haryana,Govt,"Shaheed Hasan Khan Mewati Government Medical College, Nalhar",MD - Bio-Chemistry,3
1746,Haryana,Govt,"Shaheed Hasan Khan Mewati Government Medical College, Nalhar",MD - Anatomy,3
1747,Haryana,Govt,"Shaheed Hasan Khan Mewati Government Medical College, Nalhar",MD - Physiology,3
1748,Haryana,Govt,"Shaheed Hasan Khan Mewati Government Medical College, Nalhar",MD - Microbiology,3
1749,Haryana,Govt,"Shaheed Hasan Khan Mewati Government Medical College, Nalhar","MD - Forensic Medicine/Forensic Medicine &
Toxicology",3
1750,Haryana,Govt,"Shaheed Hasan Khan Mewati Government Medical College, Nalhar","MD - Social & Preventive Medicine / Community
Medicine",3
1751,Haryana,Govt,"Shaheed Hasan Khan Mewati Government Medical College, Nalhar",MD - Pathology,6
1752,Haryana,Trust,"World College of Medical Sciences & Researc, Jhajjar, Haryana",MS - Ophthalmology,2
1753,Haryana,Trust,"World College of Medical Sciences & Researc, Jhajjar, Haryana",MD - Radio Diagnosis,4
1754,Haryana,Trust,"World College of Medical Sciences & Researc, Jhajjar, Haryana",MS - ENT,3
1755,Haryana,Trust,"World College of Medical Sciences & Researc, Jhajjar, Haryana",MD - Anaesthesiology,9
1756,Haryana,Trust,"World College of Medical Sciences & Researc, Jhajjar, Haryana",MD - Paediatrics,4
1757,Haryana,Trust,"World College of Medical Sciences & Researc, Jhajjar, Haryana",MS - Orthopaedics,3
1758,Haryana,Trust,"World College of Medical Sciences & Researc, Jhajjar, Haryana",MD - Psychiatry,3
1759,Haryana,Trust,"World College of Medical Sciences & Researc, Jhajjar, Haryana",MS - Obstetrics and Gynaecology,7
1760,Haryana,Trust,"World College of Medical Sciences & Researc, Jhajjar, Haryana",MS - General Surgery,10
1761,Haryana,Trust,"World College of Medical Sciences & Researc, Jhajjar, Haryana",MD - General Medicine,3
1762,Haryana,Trust,"World College of Medical Sciences & Researc, Jhajjar, Haryana",MD - Emergency Medicine,3
1763,Haryana,Trust,"World College of Medical Sciences & Researc, Jhajjar, Haryana","MD - Dermatology , Venereology & Leprosy",2
1764,Haryana,Trust,"World College of Medical Sciences & Researc, Jhajjar, Haryana",MD - Respiratory Medicine,3
1765,Himachal Pradesh,Govt,"Dr. Rajendar Prasad Government Medical College, Tanda, H.P",MD - Psychiatry,3
1766,Himachal Pradesh,Govt,"Dr. Rajendar Prasad Government Medical College, Tanda, H.P",MS - ENT,5
1767,Himachal Pradesh,Govt,"Dr. Rajendar Prasad Government Medical College, Tanda, H.P",MD - Paediatrics,11
1768,Himachal Pradesh,Govt,"Dr. Rajendar Prasad Government Medical College, Tanda, H.P",MD - Anaesthesiology,13
1769,Himachal Pradesh,Govt,"Dr. Rajendar Prasad Government Medical College, Tanda, H.P",MS - Ophthalmology,4
1770,Himachal Pradesh,Govt,"Dr. Rajendar Prasad Government Medical College, Tanda, H.P","MD - Social & Preventive Medicine / Community
Medicine",4
1771,Himachal Pradesh,Govt,"Dr. Rajendar Prasad Government Medical College, Tanda, H.P",MS - General Surgery,7
1772,Himachal Pradesh,Govt,"Dr. Rajendar Prasad Government Medical College, Tanda, H.P",MD - Radio Diagnosis/Radiology,3
1773,Himachal Pradesh,Govt,"Dr. Rajendar Prasad Government Medical College, Tanda, H.P","MD - Forensic Medicine/Forensic Medicine &
Toxicology",2
1774,Himachal Pradesh,Govt,"Dr. Rajendar Prasad Government Medical College, Tanda, H.P","MD - Dermatology , Venereology & Leprosy",3
1775,Himachal Pradesh,Govt,"Dr. Rajendar Prasad Government Medical College, Tanda, H.P",MD - Anatomy,2
1776,Himachal Pradesh,Govt,"Dr. Rajendar Prasad Government Medical College, Tanda, H.P",MD - Pharmacology,3
1777,Himachal Pradesh,Govt,"Dr. Rajendar Prasad Government Medical College, Tanda, H.P",MS - Obstetrics & Gynaecology,15
1778,Himachal Pradesh,Govt,"Dr. Rajendar Prasad Government Medical College, Tanda, H.P",MD - Microbiology,3
1779,Himachal Pradesh,Govt,"Dr. Rajendar Prasad Government Medical College, Tanda, H.P",MD - Pathology,3
1780,Himachal Pradesh,Govt,"Dr. Rajendar Prasad Government Medical College, Tanda, H.P",MD - Bio-Chemistry,2
1781,Himachal Pradesh,Govt,"Dr. Rajendar Prasad Government Medical College, Tanda, H.P",MD - General Medicine,10
1782,Himachal Pradesh,Govt,"Dr. Rajendar Prasad Government Medical College, Tanda, H.P",MS - Orthopaedics,6
1783,Himachal Pradesh,Govt,"Government Medical College, Nahan, Sirmour H.P.",MD - Community Medicine,3
1784,Himachal Pradesh,Govt,"Indira Gandhi Medical College, Shimla",Diploma in Radio-Diagnosis,0
1785,Himachal Pradesh,Govt,"Indira Gandhi Medical College, Shimla",MD - Physiology,3
1786,Himachal Pradesh,Govt,"Indira Gandhi Medical College, Shimla",MD - Anatomy,2
1787,Himachal Pradesh,Govt,"Indira Gandhi Medical College, Shimla",MD - Paediatrics,15
1788,Himachal Pradesh,Govt,"Indira Gandhi Medical College, Shimla","MD - Social & Preventive Medicine / Community
Medicine",4
1789,Himachal Pradesh,Govt,"Indira Gandhi Medical College, Shimla",MS - General Surgery,15
1790,Himachal Pradesh,Govt,"Indira Gandhi Medical College, Shimla",MS - ENT,5
1791,Himachal Pradesh,Govt,"Indira Gandhi Medical College, Shimla",Diploma in Orthopaedics,0
1792,Himachal Pradesh,Govt,"Indira Gandhi Medical College, Shimla",MD - Radio Diagnosis/Radiology,15
1793,Himachal Pradesh,Govt,"Indira Gandhi Medical College, Shimla",MS - Obstetrics & Gynaecology,13
1794,Himachal Pradesh,Govt,"Indira Gandhi Medical College, Shimla",Diploma in Anaesthesia,0
1795,Himachal Pradesh,Govt,"Indira Gandhi Medical College, Shimla","MD - Dermatology , Venereology & Leprosy",3
1796,Himachal Pradesh,Govt,"Indira Gandhi Medical College, Shimla",MD - Anaesthesiology,17
1797,Himachal Pradesh,Govt,"Indira Gandhi Medical College, Shimla",MD - Microbiology,3
1798,Himachal Pradesh,Govt,"Indira Gandhi Medical College, Shimla",MD - Radiotherapy/ Radiation Oncology,4
1799,Himachal Pradesh,Govt,"Indira Gandhi Medical College, Shimla",MS - Ophthalmology,4
1800,Himachal Pradesh,Govt,"Indira Gandhi Medical College, Shimla",Diploma in Oto-Rhino-Laryngology,0
1801,Himachal Pradesh,Govt,"Indira Gandhi Medical College, Shimla",MS - Orthopaedics,6
1802,Himachal Pradesh,Govt,"Indira Gandhi Medical College, Shimla",MD - General Medicine,15
1803,Himachal Pradesh,Govt,"Indira Gandhi Medical College, Shimla","MD - Forensic Medicine/Forensic Medicine &
Toxicology",1
1804,Himachal Pradesh,Govt,"Indira Gandhi Medical College, Shimla",Diploma in Clinical Pathology,0
1805,Himachal Pradesh,Govt,"Indira Gandhi Medical College, Shimla","MD - Tuberculosis & Respiratory Diseases / Pulmonary
Medicine",3
1806,Himachal Pradesh,Govt,"Indira Gandhi Medical College, Shimla",MD - Psychiatry,3
1807,Himachal Pradesh,Govt,"Indira Gandhi Medical College, Shimla",Diploma in Child Health,0
1808,Himachal Pradesh,Govt,"Indira Gandhi Medical College, Shimla",MD - Pharmacology,2
1809,Himachal Pradesh,Govt,"Indira Gandhi Medical College, Shimla",MD - Pathology,6
1810,Himachal Pradesh,Trust,"Maharishi Markandeshwar Medical College & Hospital, Solan","MD - Social & Preventive Medicine / Community
Medicine",3
1811,Himachal Pradesh,Trust,"Maharishi Markandeshwar Medical College & Hospital, Solan","MD - Tuberculosis & Respiratory Diseases / Pulmonary
Medicine",2
1812,Himachal Pradesh,Trust,"Maharishi Markandeshwar Medical College & Hospital, Solan",MD - Bio-Chemistry,3
1813,Himachal Pradesh,Trust,"Maharishi Markandeshwar Medical College & Hospital, Solan",MD - Pharmacology,3
1814,Himachal Pradesh,Trust,"Maharishi Markandeshwar Medical College & Hospital, Solan",MS - General Surgery,10
1815,Himachal Pradesh,Trust,"Maharishi Markandeshwar Medical College & Hospital, Solan",MS - Orthopaedics,6
1816,Himachal Pradesh,Trust,"Maharishi Markandeshwar Medical College & Hospital, Solan",MD - Psychiatry,2
1817,Himachal Pradesh,Trust,"Maharishi Markandeshwar Medical College & Hospital, Solan",MD - General Medicine,10
1818,Himachal Pradesh,Trust,"Maharishi Markandeshwar Medical College & Hospital, Solan",MS - ENT,2
1819,Himachal Pradesh,Trust,"Maharishi Markandeshwar Medical College & Hospital, Solan",MS - Ophthalmology,2
1820,Himachal Pradesh,Trust,"Maharishi Markandeshwar Medical College & Hospital, Solan",MD - Radio Diagnosis/Radiology,7
1821,Himachal Pradesh,Trust,"Maharishi Markandeshwar Medical College & Hospital, Solan",MD - Pathology,5
1822,Himachal Pradesh,Trust,"Maharishi Markandeshwar Medical College & Hospital, Solan","MD - Forensic Medicine/Forensic Medicine &
Toxicology",3
1823,Himachal Pradesh,Trust,"Maharishi Markandeshwar Medical College & Hospital, Solan",MD - Anatomy,3
1824,Himachal Pradesh,Trust,"Maharishi Markandeshwar Medical College & Hospital, Solan",MD - Anaesthesiology,10
1825,Himachal Pradesh,Trust,"Maharishi Markandeshwar Medical College & Hospital, Solan",MS - Obstetrics & Gynaecology,6
1826,Himachal Pradesh,Trust,"Maharishi Markandeshwar Medical College & Hospital, Solan",MD - Microbiology,3
1827,Himachal Pradesh,Trust,"Maharishi Markandeshwar Medical College & Hospital, Solan",MD - Physiology,3
1828,Himachal Pradesh,Trust,"Maharishi Markandeshwar Medical College & Hospital, Solan",MD - Paediatrics,6
1829,Himachal Pradesh,Trust,"Maharishi Markandeshwar Medical College & Hospital, Solan","MD - Dermatology , Venereology & Leprosy",3
1830,Himachal Pradesh,Govt,"Shri Lal Bahadur Shastri Government Medical College, Mandi, HP",MD - Microbiology,4
1831,Himachal Pradesh,Govt,"Shri Lal Bahadur Shastri Government Medical College, Mandi, HP",MD - Pharmacology,2
1832,Jammu & Kashmir,Trust,"Acharya Shri Chander College of Medical Sciences, Jammu",MS - General Surgery,4
1833,Jammu & Kashmir,Trust,"Acharya Shri Chander College of Medical Sciences, Jammu",MD - Psychiatry,3
1834,Jammu & Kashmir,Trust,"Acharya Shri Chander College of Medical Sciences, Jammu",MS - ENT,3
1835,Jammu & Kashmir,Trust,"Acharya Shri Chander College of Medical Sciences, Jammu",MD - Microbiology,3
1836,Jammu & Kashmir,Trust,"Acharya Shri Chander College of Medical Sciences, Jammu",MS - Ophthalmology,3
1837,Jammu & Kashmir,Trust,"Acharya Shri Chander College of Medical Sciences, Jammu",MD - Anaesthesiology,4
1838,Jammu & Kashmir,Trust,"Acharya Shri Chander College of Medical Sciences, Jammu",MD - Bio-Chemistry,3
1839,Jammu & Kashmir,Trust,"Acharya Shri Chander College of Medical Sciences, Jammu",MS - Obstetrics & Gynaecology,4
1840,Jammu & Kashmir,Trust,"Acharya Shri Chander College of Medical Sciences, Jammu",MD - General Medicine,4
1841,Jammu & Kashmir,Trust,"Acharya Shri Chander College of Medical Sciences, Jammu",MD - Paediatrics,4
1842,Jammu & Kashmir,Trust,"Acharya Shri Chander College of Medical Sciences, Jammu",MD - Physiology,3
1843,Jammu & Kashmir,Trust,"Acharya Shri Chander College of Medical Sciences, Jammu",MD - Radio Diagnosis/Radiology,2
1844,Jammu & Kashmir,Govt,"Government Medical College, Jammu",MD - Radio Diagnosis/Radiology,12
1845,Jammu & Kashmir,Govt,"Government Medical College, Jammu",MD - Immuno Haematology & Blood Transfusion,3
1846,Jammu & Kashmir,Govt,"Government Medical College, Jammu",MD - Anaesthesiology,20
1847,Jammu & Kashmir,Govt,"Government Medical College, Jammu",MS - Orthopaedics,16
1848,Jammu & Kashmir,Govt,"Government Medical College, Jammu",MS - Ophthalmology,11
1849,Jammu & Kashmir,Govt,"Government Medical College, Jammu",MD - Pharmacology,6
1850,Jammu & Kashmir,Govt,"Government Medical College, Jammu",MS - General Surgery,23
1851,Jammu & Kashmir,Govt,"Government Medical College, Jammu",MD - Anatomy,6
1852,Jammu & Kashmir,Govt,"Government Medical College, Jammu","MD - Dermatology , Venereology & Leprosy",7
1853,Jammu & Kashmir,Govt,"Government Medical College, Jammu",MD - General Medicine,13
1854,Jammu & Kashmir,Govt,"Government Medical College, Jammu",MD - Microbiology,3
1855,Jammu & Kashmir,Govt,"Government Medical College, Jammu",MD - Physiology,9
1856,Jammu & Kashmir,Govt,"Government Medical College, Jammu",MD - Paediatrics,14
1857,Jammu & Kashmir,Govt,"Government Medical College, Jammu",MD - Pathology,16
1858,Jammu & Kashmir,Govt,"Government Medical College, Jammu",MS - ENT,13
1859,Jammu & Kashmir,Govt,"Government Medical College, Jammu",MS - Obstetrics & Gynaecology,20
1860,Jammu & Kashmir,Govt,"Government Medical College, Jammu","MD - Social & Preventive Medicine / Community
Medicine",6
1861,Jammu & Kashmir,Govt,"Government Medical College, Kathua",MS- General Surgery,3
1862,Jammu & Kashmir,Govt,"Government Medical College, Srinagar","Diploma in Dermatology, Venereology and Leprosy",2
1863,Jammu & Kashmir,Govt,"Government Medical College, Srinagar",Diploma in Ophthalmology,1
1864,Jammu & Kashmir,Govt,"Government Medical College, Srinagar",MD - Anaesthesiology,35
1865,Jammu & Kashmir,Govt,"Government Medical College, Srinagar","MD - Dermatology , Venereology & Leprosy",6
1866,Jammu & Kashmir,Govt,"Government Medical College, Srinagar",MD - General Medicine,22
1867,Jammu & Kashmir,Govt,"Government Medical College, Srinagar",MD - Microbiology,14
1868,Jammu & Kashmir,Govt,"Government Medical College, Srinagar",MD - Paediatrics,17
1869,Jammu & Kashmir,Govt,"Government Medical College, Srinagar",MD - Pathology,8
1870,Jammu & Kashmir,Govt,"Government Medical College, Srinagar",MD - Pharmacology,7
1871,Jammu & Kashmir,Govt,"Government Medical College, Srinagar",MD - Physiology,8
1872,Jammu & Kashmir,Govt,"Government Medical College, Srinagar",MD - Psychiatry,12
1873,Jammu & Kashmir,Govt,"Government Medical College, Srinagar",MD - Radio Diagnosis/Radiology,15
1874,Jammu & Kashmir,Govt,"Government Medical College, Srinagar",MD - Radiotherapy/ Radiation Oncology,3
1875,Jammu & Kashmir,Govt,"Government Medical College, Srinagar","MD - Social & Preventive Medicine / Community
Medicine",8
1876,Jammu & Kashmir,Govt,"Government Medical College, Srinagar","MD - Tuberculosis & Respiratory Diseases / Pulmonary
Medicine",4
1877,Jammu & Kashmir,Govt,"Government Medical College, Srinagar",MD - Anatomy,12
1878,Jammu & Kashmir,Govt,"Government Medical College, Srinagar",MS - Ophthalmology,11
1879,Jammu & Kashmir,Govt,"Government Medical College, Srinagar",MS - ENT,6
1880,Jammu & Kashmir,Govt,"Government Medical College, Srinagar",MS - General Surgery,20
1881,Jammu & Kashmir,Govt,"Government Medical College, Srinagar",MS - Obstetrics & Gynaecology,30
1882,Jammu & Kashmir,Govt,"Government Medical College, Srinagar",MS - Orthopaedics,16
1883,Jammu & Kashmir,Govt,"Sher-I-Kashmir Instt. Of Medical Sciences, Srinagar",MS - Orthopaedics,6
1884,Jammu & Kashmir,Govt,"Sher-I-Kashmir Instt. Of Medical Sciences, Srinagar",MS - Obstetrics & Gynaecology,6
1885,Jammu & Kashmir,Govt,"Sher-I-Kashmir Instt. Of Medical Sciences, Srinagar",MS - Ophthalmology,3
1886,Jammu & Kashmir,Govt,"Sher-I-Kashmir Instt. Of Medical Sciences, Srinagar",MD - Pathology,8
1887,Jammu & Kashmir,Govt,"Sher-I-Kashmir Instt. Of Medical Sciences, Srinagar",MD - Hospital Administration,5
1888,Jammu & Kashmir,Govt,"Sher-I-Kashmir Instt. Of Medical Sciences, Srinagar","MD - Social & Preventive Medicine / Community
Medicine",3
1889,Jammu & Kashmir,Govt,"Sher-I-Kashmir Instt. Of Medical Sciences, Srinagar",MD - Radiotherapy/ Radiation Oncology,5
1890,Jammu & Kashmir,Govt,"Sher-I-Kashmir Instt. Of Medical Sciences, Srinagar","Diploma in Immuno-Haematology and Blood
Transfusion",2
1891,Jammu & Kashmir,Govt,"Sher-I-Kashmir Instt. Of Medical Sciences, Srinagar",MS - General Surgery,19
1892,Jammu & Kashmir,Govt,"Sher-I-Kashmir Instt. Of Medical Sciences, Srinagar",MD - Anaesthesiology,22
1893,Jammu & Kashmir,Govt,"Sher-I-Kashmir Instt. Of Medical Sciences, Srinagar",MD - Paediatrics,7
1894,Jammu & Kashmir,Govt,"Sher-I-Kashmir Instt. Of Medical Sciences, Srinagar",MD - Radio Diagnosis/Radiology,16
1895,Jammu & Kashmir,Govt,"Sher-I-Kashmir Instt. Of Medical Sciences, Srinagar",MD - Respiratory Medicine,2
1896,Jammu & Kashmir,Govt,"Sher-I-Kashmir Instt. Of Medical Sciences, Srinagar","MD - Dermatology , Venereology & Leprosy",2
1897,Jammu & Kashmir,Govt,"Sher-I-Kashmir Instt. Of Medical Sciences, Srinagar",MD - General Medicine,20
1898,Jammu & Kashmir,Govt,"Sher-I-Kashmir Instt. Of Medical Sciences, Srinagar",Diploma in Anaesthesia,12
1899,Jammu & Kashmir,Govt,"Sher-I-Kashmir Instt. Of Medical Sciences, Srinagar",MD - Psychiatry,3
1900,Jammu & Kashmir,Govt,"Sher-I-Kashmir Instt. Of Medical Sciences, Srinagar",MD - Microbiology,5
1901,Jharkhand,Govt,"Central Institute of Psychiatry, Ranchi",MD - Psychiatry,34
1902,Jharkhand,Govt,"M G M Medical College, Jamshedpur",Diploma in Obstetrics & Gynaecology,2
1903,Jharkhand,Govt,"M G M Medical College, Jamshedpur",MS - Otorhinolaryngology,3
1904,Jharkhand,Govt,"M G M Medical College, Jamshedpur",MS - Obstetrics & Gynaecology,3
1905,Jharkhand,Govt,"M G M Medical College, Jamshedpur",MS - Ophthalmology,3
1906,Jharkhand,Govt,"M G M Medical College, Jamshedpur",MD - Paediatrics,4
1907,Jharkhand,Govt,"M G M Medical College, Jamshedpur",Diploma in Child Health,2
1908,Jharkhand,Govt,"M G M Medical College, Jamshedpur",MS - General Surgery,5
1909,Jharkhand,Govt,"M G M Medical College, Jamshedpur",MD - Pharmacology,1
1910,Jharkhand,Govt,"M G M Medical College, Jamshedpur","MD - Dermatology , Venereology & Leprosy",1
1911,Jharkhand,Govt,"M G M Medical College, Jamshedpur",MD - Anaesthesiology,2
1912,Jharkhand,Govt,"M G M Medical College, Jamshedpur",MS - Orthopaedics,3
1913,Jharkhand,Govt,"M G M Medical College, Jamshedpur",MD - Physiology,2
1914,Jharkhand,Govt,"M G M Medical College, Jamshedpur",MD - General Medicine,6
1915,Jharkhand,Govt,"M G M Medical College, Jamshedpur",MD - Anatomy,2
1916,Jharkhand,Govt,"M G M Medical College, Jamshedpur",MD - Pathology,4
1917,Jharkhand,Govt,"M G M Medical College, Jamshedpur",Diploma in Radio-Diagnosis,2
1918,Jharkhand,Govt,"M G M Medical College, Jamshedpur",MD - Radiodiagnosis,2
1919,Jharkhand,Govt,"Rajendra Institute of Medical Sciences, Ranchi",MD - Radio Diagnosis/Radiology,7
1920,Jharkhand,Govt,"Rajendra Institute of Medical Sciences, Ranchi",MS - General Surgery,24
1921,Jharkhand,Govt,"Rajendra Institute of Medical Sciences, Ranchi",MS - Orthopaedics,6
1922,Jharkhand,Govt,"Rajendra Institute of Medical Sciences, Ranchi","MD - Dermatology , Venereology & Leprosy",4
1923,Jharkhand,Govt,"Rajendra Institute of Medical Sciences, Ranchi",MD - Pharmacology,9
1924,Jharkhand,Govt,"Rajendra Institute of Medical Sciences, Ranchi",MD - Anaesthesiology,16
1925,Jharkhand,Govt,"Rajendra Institute of Medical Sciences, Ranchi",MS - Obstetrics & Gynaecology,15
1926,Jharkhand,Govt,"Rajendra Institute of Medical Sciences, Ranchi",MD - Paediatrics,14
1927,Jharkhand,Govt,"Rajendra Institute of Medical Sciences, Ranchi",MD - General Medicine,15
1928,Jharkhand,Govt,"Rajendra Institute of Medical Sciences, Ranchi",MD - Bio-Chemistry,5
1929,Jharkhand,Govt,"Rajendra Institute of Medical Sciences, Ranchi",MD - Physiology,7
1930,Jharkhand,Govt,"Rajendra Institute of Medical Sciences, Ranchi",MD - Microbiology,6
1931,Jharkhand,Govt,"Rajendra Institute of Medical Sciences, Ranchi","MD - Forensic Medicine/Forensic Medicine &
Toxicology",6
1932,Jharkhand,Govt,"Rajendra Institute of Medical Sciences, Ranchi",MD - Anatomy,5
1933,Jharkhand,Govt,"Rajendra Institute of Medical Sciences, Ranchi","MD - Social & Preventive Medicine / Community
Medicine",5
1934,Jharkhand,Govt,"Rajendra Institute of Medical Sciences, Ranchi",MS - ENT,6
1935,Jharkhand,Govt,"Rajendra Institute of Medical Sciences, Ranchi",MD - Pathology,18
1936,Jharkhand,Govt,"Rajendra Institute of Medical Sciences, Ranchi",MS - Ophthalmology,8
1937,Jharkhand,Govt,"Ranchi Instt. Of Neuro-Psychiatry and Allied Sciences,Kanke,Ranchi",MD - Psychiatry,1
1938,Jharkhand,Govt,"Shahed Nirmal Mahto Medical College & Hospital, Dhanbad",MD - General Medicine,6
1939,Jharkhand,Govt,"Shahed Nirmal Mahto Medical College & Hospital, Dhanbad",MS - Orthopaedics,3
1940,Karnataka,Trust,"A J Institute of Medical Sciences & Research Centre, Mangalore",MD - Anatomy,4
1941,Karnataka,Trust,"A J Institute of Medical Sciences & Research Centre, Mangalore",MD - Pharmacology,4
1942,Karnataka,Trust,"A J Institute of Medical Sciences & Research Centre, Mangalore",MD - Anaesthesiology,12
1943,Karnataka,Trust,"A J Institute of Medical Sciences & Research Centre, Mangalore","MD - Social & Preventive Medicine / Community
Medicine",4
1944,Karnataka,Trust,"A J Institute of Medical Sciences & Research Centre, Mangalore",MD - Radio Diagnosis/Radiology,15
1945,Karnataka,Trust,"A J Institute of Medical Sciences & Research Centre, Mangalore",MS - Ophthalmology,4
1946,Karnataka,Trust,"A J Institute of Medical Sciences & Research Centre, Mangalore",MD - Paediatrics,8
1947,Karnataka,Trust,"A J Institute of Medical Sciences & Research Centre, Mangalore",MD - Bio-Chemistry,3
1948,Karnataka,Trust,"A J Institute of Medical Sciences & Research Centre, Mangalore",MD - Psychiatry,3
1949,Karnataka,Trust,"A J Institute of Medical Sciences & Research Centre, Mangalore",MD - General Medicine,16
1950,Karnataka,Trust,"A J Institute of Medical Sciences & Research Centre, Mangalore",MS - General Surgery,12
1951,Karnataka,Trust,"A J Institute of Medical Sciences & Research Centre, Mangalore",Diploma in Tuberculosis & Chest Diseases,1
1952,Karnataka,Trust,"A J Institute of Medical Sciences & Research Centre, Mangalore",MD - Radiotherapy/ Radiation Oncology,3
1953,Karnataka,Trust,"A J Institute of Medical Sciences & Research Centre, Mangalore","MD - Tuberculosis & Respiratory Diseases / Pulmonary
Medicine",3
1954,Karnataka,Trust,"A J Institute of Medical Sciences & Research Centre, Mangalore",MD - Pathology,5
1955,Karnataka,Trust,"A J Institute of Medical Sciences & Research Centre, Mangalore",MS - ENT,5
1956,Karnataka,Trust,"A J Institute of Medical Sciences & Research Centre, Mangalore","MD - Forensic Medicine/Forensic Medicine &
Toxicology",2
1957,Karnataka,Trust,"A J Institute of Medical Sciences & Research Centre, Mangalore","MD - Dermatology , Venereology & Leprosy",5
1958,Karnataka,Trust,"A J Institute of Medical Sciences & Research Centre, Mangalore",MD - Microbiology,2
1959,Karnataka,Trust,"A J Institute of Medical Sciences & Research Centre, Mangalore",MS - Obstetrics & Gynaecology,6
1960,Karnataka,Trust,"A J Institute of Medical Sciences & Research Centre, Mangalore",MD - Physiology,3
1961,Karnataka,Trust,"A J Institute of Medical Sciences & Research Centre, Mangalore",MS - Orthopaedics,8
1962,Karnataka,Trust,Adichunchanagiri Institute of Medical Sciences Bellur,MS - General Surgery,17
1963,Karnataka,Trust,Adichunchanagiri Institute of Medical Sciences Bellur,MD - Psychiatry,3
1964,Karnataka,Trust,Adichunchanagiri Institute of Medical Sciences Bellur,MS - Obstetrics & Gynaecology,11
1965,Karnataka,Trust,Adichunchanagiri Institute of Medical Sciences Bellur,MS - ENT,6
1966,Karnataka,Trust,Adichunchanagiri Institute of Medical Sciences Bellur,"MD - Social & Preventive Medicine / Community
Medicine",1
1967,Karnataka,Trust,Adichunchanagiri Institute of Medical Sciences Bellur,MD - Microbiology,4
1968,Karnataka,Trust,Adichunchanagiri Institute of Medical Sciences Bellur,MD - Anatomy,2
1969,Karnataka,Trust,Adichunchanagiri Institute of Medical Sciences Bellur,MS - Orthopaedics,12
1970,Karnataka,Trust,Adichunchanagiri Institute of Medical Sciences Bellur,MS - Ophthalmology,5
1971,Karnataka,Trust,Adichunchanagiri Institute of Medical Sciences Bellur,MD - Anaesthesiology,12
1972,Karnataka,Trust,Adichunchanagiri Institute of Medical Sciences Bellur,MD - Pathology,9
1973,Karnataka,Trust,Adichunchanagiri Institute of Medical Sciences Bellur,MD - Bio-Chemistry,1
1974,Karnataka,Trust,Adichunchanagiri Institute of Medical Sciences Bellur,MD - Pharmacology,2
1975,Karnataka,Trust,Adichunchanagiri Institute of Medical Sciences Bellur,MD - Paediatrics,8
1976,Karnataka,Trust,Adichunchanagiri Institute of Medical Sciences Bellur,MD - Radio Diagnosis/Radiology,7
1977,Karnataka,Trust,Adichunchanagiri Institute of Medical Sciences Bellur,MD - General Medicine,11
1978,Karnataka,Trust,Adichunchanagiri Institute of Medical Sciences Bellur,"MD - Forensic Medicine/Forensic Medicine &
Toxicology",2
1979,Karnataka,Trust,Adichunchanagiri Institute of Medical Sciences Bellur,MD - Respiratory Medicine,3
1980,Karnataka,Trust,Adichunchanagiri Institute of Medical Sciences Bellur,"MD - Dermatology , Venereology & Leprosy",5
1981,Karnataka,Trust,Adichunchanagiri Institute of Medical Sciences Bellur,MD - Physiology,4
1982,Karnataka,Trust,"Akash Institute of Medical Sciences & Research Centre, Devanhalli, Bangalore,
Karnataka",MD - Anatomy,3
1983,Karnataka,Trust,"Akash Institute of Medical Sciences & Research Centre, Devanhalli, Bangalore,
Karnataka",MD - Biochemistry,3
1984,Karnataka,Trust,"Akash Institute of Medical Sciences & Research Centre, Devanhalli, Bangalore,
Karnataka",MD - Microbiology,5
1985,Karnataka,Trust,"Akash Institute of Medical Sciences & Research Centre, Devanhalli, Bangalore,
Karnataka",MD - Psychiatry,4
1986,Karnataka,Trust,"Akash Institute of Medical Sciences & Research Centre, Devanhalli, Bangalore,
Karnataka",MD - General Medicine,10
1987,Karnataka,Trust,"Akash Institute of Medical Sciences & Research Centre, Devanhalli, Bangalore,
Karnataka","MD - Social & Preventive Medicine / Community
Medicine",4
1988,Karnataka,Trust,"Akash Institute of Medical Sciences & Research Centre, Devanhalli, Bangalore,
Karnataka",MS - Orthopaedics,6
1989,Karnataka,Trust,"Akash Institute of Medical Sciences & Research Centre, Devanhalli, Bangalore,
Karnataka",MD - Emergency Medicine,5
1990,Karnataka,Trust,"Akash Institute of Medical Sciences & Research Centre, Devanhalli, Bangalore,
Karnataka",MS - Otorhinolaryngology,3
1991,Karnataka,Trust,"Akash Institute of Medical Sciences & Research Centre, Devanhalli, Bangalore,
Karnataka",MD - Radio Diagnosis,6
1992,Karnataka,Trust,"Akash Institute of Medical Sciences & Research Centre, Devanhalli, Bangalore,
Karnataka",MD - Paediatrics,6
1993,Karnataka,Trust,"Akash Institute of Medical Sciences & Research Centre, Devanhalli, Bangalore,
Karnataka",MS - General Surgery,10
1994,Karnataka,Trust,"Akash Institute of Medical Sciences & Research Centre, Devanhalli, Bangalore,
Karnataka",MS - Obstetrics and Gynaecology,8
1995,Karnataka,Trust,"Akash Institute of Medical Sciences & Research Centre, Devanhalli, Bangalore,
Karnataka",MD - Anaesthesiology,8
1996,Karnataka,Trust,"Akash Institute of Medical Sciences & Research Centre, Devanhalli, Bangalore,
Karnataka",MD - Pharmacology,3
1997,Karnataka,Trust,"Akash Institute of Medical Sciences & Research Centre, Devanhalli, Bangalore,
Karnataka",MS - Ophthalmology,4
1998,Karnataka,Trust,"Akash Institute of Medical Sciences & Research Centre, Devanhalli, Bangalore,
Karnataka",MD - Pathology,4
1999,Karnataka,Trust,"Akash Institute of Medical Sciences & Research Centre, Devanhalli, Bangalore,
Karnataka","MD - Dermatology , Venereology & Leprosy",5
2000,Karnataka,Trust,"Al-Ameen Medical College,Bijapur",MS - Obstetrics & Gynaecology,9
2001,Karnataka,Trust,"Al-Ameen Medical College,Bijapur",MS - ENT,3
2002,Karnataka,Trust,"Al-Ameen Medical College,Bijapur",MD - Radio Diagnosis/Radiology,6
2003,Karnataka,Trust,"Al-Ameen Medical College,Bijapur",MD - Anatomy,1
2004,Karnataka,Trust,"Al-Ameen Medical College,Bijapur",MS - General Surgery,10
2005,Karnataka,Trust,"Al-Ameen Medical College,Bijapur",MD - General Medicine,15
2006,Karnataka,Trust,"Al-Ameen Medical College,Bijapur",MD - Anaesthesiology,6
2007,Karnataka,Trust,"Al-Ameen Medical College,Bijapur",MD - Physiology,1
2008,Karnataka,Trust,"Al-Ameen Medical College,Bijapur","MD - Forensic Medicine/Forensic Medicine &
Toxicology",2
2009,Karnataka,Trust,"Al-Ameen Medical College,Bijapur",MD - Paediatrics,8
2010,Karnataka,Trust,"Al-Ameen Medical College,Bijapur",MS - Ophthalmology,3
2011,Karnataka,Trust,"Al-Ameen Medical College,Bijapur",MS - Orthopaedics,9
2012,Karnataka,Trust,"Al-Ameen Medical College,Bijapur",MD - Pathology,2
2013,Karnataka,Govt,"Bangalore Medical College and Research Institute, Bangalore","MD - Tuberculosis & Respiratory Diseases / Pulmonary
Medicine",8
2014,Karnataka,Govt,"Bangalore Medical College and Research Institute, Bangalore",MD - General Medicine,32
2015,Karnataka,Govt,"Bangalore Medical College and Research Institute, Bangalore",MS - ENT,12
2016,Karnataka,Govt,"Bangalore Medical College and Research Institute, Bangalore",MD - Pathology,12
2017,Karnataka,Govt,"Bangalore Medical College and Research Institute, Bangalore",MD - Paediatrics,18
2018,Karnataka,Govt,"Bangalore Medical College and Research Institute, Bangalore",MS - Orthopaedics,15
2019,Karnataka,Govt,"Bangalore Medical College and Research Institute, Bangalore","MD - Forensic Medicine/Forensic Medicine &
Toxicology",6
2020,Karnataka,Govt,"Bangalore Medical College and Research Institute, Bangalore","MD - Dermatology , Venereology & Leprosy",7
2021,Karnataka,Govt,"Bangalore Medical College and Research Institute, Bangalore","MD - Social & Preventive Medicine / Community
Medicine",7
2022,Karnataka,Govt,"Bangalore Medical College and Research Institute, Bangalore",MD - Microbiology,5
2023,Karnataka,Govt,"Bangalore Medical College and Research Institute, Bangalore",MD - Anatomy,5
2024,Karnataka,Govt,"Bangalore Medical College and Research Institute, Bangalore",MD - Bio-Chemistry,4
2025,Karnataka,Govt,"Bangalore Medical College and Research Institute, Bangalore",MD - Pharmacology,9
2026,Karnataka,Govt,"Bangalore Medical College and Research Institute, Bangalore",MS - Ophthalmology,26
2027,Karnataka,Govt,"Bangalore Medical College and Research Institute, Bangalore",MD - Radio Diagnosis/Radiology,16
2028,Karnataka,Govt,"Bangalore Medical College and Research Institute, Bangalore",MS - Obstetrics & Gynaecology,24
2029,Karnataka,Govt,"Bangalore Medical College and Research Institute, Bangalore",MD - Radiotherapy/ Radiation Oncology,3
2030,Karnataka,Govt,"Bangalore Medical College and Research Institute, Bangalore",MD - Sports Medicine,2
2031,Karnataka,Govt,"Bangalore Medical College and Research Institute, Bangalore",MD - Anaesthesiology,33
2032,Karnataka,Govt,"Bangalore Medical College and Research Institute, Bangalore",MS - General Surgery,28
2033,Karnataka,Govt,"Bangalore Medical College and Research Institute, Bangalore",MD - Physiology,5
2034,Karnataka,Govt,"Bangalore Medical College and Research Institute, Bangalore",MD - Geriatrics,2
2035,Karnataka,Govt,"Bangalore Medical College and Research Institute, Bangalore",MD - Immuno Haematology & Blood Transfusion,2
2036,Karnataka,Govt,"Bangalore Medical College and Research Institute, Bangalore",MD - Psychiatry,5
2037,Karnataka,Trust,"Basaveswara Medical College and Hospital, Chitradurga","MD - Dermatology , Venereology & Leprosy",4
2038,Karnataka,Trust,"Basaveswara Medical College and Hospital, Chitradurga",MD - General Medicine,4
2039,Karnataka,Trust,"Basaveswara Medical College and Hospital, Chitradurga",MS - General Surgery,4
2040,Karnataka,Trust,"Basaveswara Medical College and Hospital, Chitradurga",MD - Anaesthesiology,3
2041,Karnataka,Trust,"Basaveswara Medical College and Hospital, Chitradurga","MD - Social & Preventive Medicine / Community
Medicine",3
2042,Karnataka,Trust,"Basaveswara Medical College and Hospital, Chitradurga",MD - Pathology,3
2043,Karnataka,Trust,"Basaveswara Medical College and Hospital, Chitradurga",MD - Emergency Medicine,2
2044,Karnataka,Trust,"Basaveswara Medical College and Hospital, Chitradurga",MD - Bio-Chemistry,1
2045,Karnataka,Trust,"Basaveswara Medical College and Hospital, Chitradurga",MD - Radio Diagnosis/Radiology,2
2046,Karnataka,Trust,"Basaveswara Medical College and Hospital, Chitradurga",MD - Psychiatry,2
2047,Karnataka,Trust,"Basaveswara Medical College and Hospital, Chitradurga",MS - Orthopaedics,2
2048,Karnataka,Trust,"Basaveswara Medical College and Hospital, Chitradurga",MD - Paediatrics,3
2049,Karnataka,Trust,"Basaveswara Medical College and Hospital, Chitradurga",MD - Anatomy,3
2050,Karnataka,Trust,"Basaveswara Medical College and Hospital, Chitradurga",MS - Ophthalmology,3
2051,Karnataka,Trust,"Basaveswara Medical College and Hospital, Chitradurga","MD - Forensic Medicine/Forensic Medicine &
Toxicology",2
2052,Karnataka,Trust,"Basaveswara Medical College and Hospital, Chitradurga",MS - ENT,2
2053,Karnataka,Trust,"Basaveswara Medical College and Hospital, Chitradurga",MS - Obstetrics & Gynaecology,3
2054,Karnataka,Trust,"Basaveswara Medical College and Hospital, Chitradurga",MD - Respiratory Medicine,2
2055,Karnataka,Govt,"Belagavi Institute of Medical Sciences, Belagavi",MD - General Medicine,6
2056,Karnataka,Govt,"Belagavi Institute of Medical Sciences, Belagavi",MD - Microbiology,1
2057,Karnataka,Govt,"Belagavi Institute of Medical Sciences, Belagavi",MD - Anatomy,2
2058,Karnataka,Govt,"Belagavi Institute of Medical Sciences, Belagavi",MS - General Surgery,4
2059,Karnataka,Govt,"Belagavi Institute of Medical Sciences, Belagavi",MD - Pathology,2
2060,Karnataka,Govt,"Belagavi Institute of Medical Sciences, Belagavi",MD - Physiology,2
2061,Karnataka,Govt,"Belagavi Institute of Medical Sciences, Belagavi","MD - Forensic Medicine/Forensic Medicine &
Toxicology",2
2062,Karnataka,Govt,"Belagavi Institute of Medical Sciences, Belagavi",MS - Otorhinolaryngology,2
2063,Karnataka,Govt,"Belagavi Institute of Medical Sciences, Belagavi",MS - Ophthalmology,2
2064,Karnataka,Govt,"Belagavi Institute of Medical Sciences, Belagavi",MD - Bio-Chemistry,2
2065,Karnataka,Govt,"Belagavi Institute of Medical Sciences, Belagavi",MD - Respiratory Medicine,3
2066,Karnataka,Govt,"Belagavi Institute of Medical Sciences, Belagavi",MD - Anaesthesiology,3
2067,Karnataka,Govt,"Belagavi Institute of Medical Sciences, Belagavi",MD - Pharmacology,2
2068,Karnataka,Govt,"Belagavi Institute of Medical Sciences, Belagavi","MD - Dermatology , Venereology & Leprosy",3
2069,Karnataka,Govt,"Belagavi Institute of Medical Sciences, Belagavi","MD - Social & Preventive Medicine / Community
Medicine",2
2070,Karnataka,Govt,"Belagavi Institute of Medical Sciences, Belagavi",MD - Psychiatry,3
2071,Karnataka,Govt,"Belagavi Institute of Medical Sciences, Belagavi",MS - Orthopaedics,10
2072,Karnataka,Govt,"Belagavi Institute of Medical Sciences, Belagavi",MD - Paediatrics,5
2073,Karnataka,Govt,"Belagavi Institute of Medical Sciences, Belagavi",MD - Radio Diagnosis,3
2074,Karnataka,Govt,"Belagavi Institute of Medical Sciences, Belagavi",MS - Obstetrics & Gynaecology,9
2075,Karnataka,Trust,"BGS Global Institute of Medical Sciences, Bangalore",MS - Otorhinolaryngology,2
2076,Karnataka,Trust,"BGS Global Institute of Medical Sciences, Bangalore",MD - Paediatrics,4
2077,Karnataka,Trust,"BGS Global Institute of Medical Sciences, Bangalore",MD - Psychiatry,2
2078,Karnataka,Trust,"BGS Global Institute of Medical Sciences, Bangalore",MS - Orthopaedics,4
2079,Karnataka,Trust,"BGS Global Institute of Medical Sciences, Bangalore","MD - Dermatology , Venereology & Leprosy",2
2080,Karnataka,Trust,"BGS Global Institute of Medical Sciences, Bangalore",MS-ophthalmology,4
2081,Karnataka,Trust,"BGS Global Institute of Medical Sciences, Bangalore",MD - Physiology,2
2082,Karnataka,Trust,"BGS Global Institute of Medical Sciences, Bangalore",MS - General Surgery,12
2083,Karnataka,Trust,"BGS Global Institute of Medical Sciences, Bangalore",MD - Microbiology,3
2084,Karnataka,Trust,"BGS Global Institute of Medical Sciences, Bangalore",MD - General Medicine,10
2085,Karnataka,Trust,"BGS Global Institute of Medical Sciences, Bangalore",MD - Bio-Chemistry,3
2086,Karnataka,Trust,"BGS Global Institute of Medical Sciences, Bangalore",MD - Pathology,5
2087,Karnataka,Trust,"BGS Global Institute of Medical Sciences, Bangalore",MD - Radio Diagnosis/Radiology,2
2088,Karnataka,Trust,"BGS Global Institute of Medical Sciences, Bangalore",MD - Anaesthesiology,9
2089,Karnataka,Trust,"BGS Global Institute of Medical Sciences, Bangalore",MD - Pharmacology,4
2090,Karnataka,Trust,"BGS Global Institute of Medical Sciences, Bangalore",MS - Obstetrics & Gynaecology,3
2091,Karnataka,Trust,"BGS Global Institute of Medical Sciences, Bangalore",MD - Anatomy,3
2092,Karnataka,Trust,"BGS Global Institute of Medical Sciences, Bangalore",MD Community medicine,4
2093,Karnataka,Govt,"Bidar Institute of Medical Sciences,Bidar",MD - Anaesthesiology,3
2094,Karnataka,Govt,"Bidar Institute of Medical Sciences,Bidar",MD - Community Medicine,5
2095,Karnataka,Govt,"Bidar Institute of Medical Sciences,Bidar",MD - General Medicine,5
2096,Karnataka,Govt,"Bidar Institute of Medical Sciences,Bidar",MD - Pathology,3
2097,Karnataka,Govt,"Bidar Institute of Medical Sciences,Bidar",MD - Microbiology,5
2098,Karnataka,Govt,"Bidar Institute of Medical Sciences,Bidar",MD - Paediatrics,3
2099,Karnataka,Govt,"Bidar Institute of Medical Sciences,Bidar",MS - General Surgery,3
2100,Karnataka,Govt,"Bidar Institute of Medical Sciences,Bidar",MS - Obstetrics & Gynaecology,5
2101,Karnataka,Govt,"Bidar Institute of Medical Sciences,Bidar",MS - Opthalmology,5
2102,Karnataka,Govt,"Bidar Institute of Medical Sciences,Bidar",MS - Orthopaedics,5
2103,Karnataka,Govt,"Bidar Institute of Medical Sciences,Bidar",MD - Bio-Chemistry,2
2104,Karnataka,Govt,"Bidar Institute of Medical Sciences,Bidar",MD - Physiology,2
2105,Karnataka,Govt,"Bidar Institute of Medical Sciences,Bidar","MD - Forensic Medicine/Forensic Medicine &
Toxicology",2
2106,Karnataka,Govt,"Bidar Institute of Medical Sciences,Bidar",MD - Anatomy,2
2107,Karnataka,Govt,"Bidar Institute of Medical Sciences,Bidar",MD - Pharmacology,2
2108,Karnataka,Govt,Chamrajanagar Institute of Medical Sciences Karnataka,MD - General Medicine,4
2109,Karnataka,Govt,Chamrajanagar Institute of Medical Sciences Karnataka,MS - Ophthalmology,4
2110,Karnataka,Govt,Chamrajanagar Institute of Medical Sciences Karnataka,MD - Pathology,2
2111,Karnataka,Govt,Chamrajanagar Institute of Medical Sciences Karnataka,MD - Anaesthesiology,3
2112,Karnataka,Govt,Chamrajanagar Institute of Medical Sciences Karnataka,MS - Obstetrics & Gynaecology,6
2113,Karnataka,Govt,Chamrajanagar Institute of Medical Sciences Karnataka,MD - Microbiology,4
2114,Karnataka,Govt,Chamrajanagar Institute of Medical Sciences Karnataka,MD - Bio-Chemistry,2
2115,Karnataka,Govt,Chamrajanagar Institute of Medical Sciences Karnataka,MS - General Surgery,4
2116,Karnataka,Govt,Chamrajanagar Institute of Medical Sciences Karnataka,MS - Orthopaedics,3
2117,Karnataka,Govt,Chamrajanagar Institute of Medical Sciences Karnataka,MS - Otorhinolaryngology,1
2118,Karnataka,Govt,Chamrajanagar Institute of Medical Sciences Karnataka,MD - Community Medicine,4
2119,Karnataka,Govt,"Command Hospital Air Force, Bangalore",MD-General Medicine,3
2120,Karnataka,Govt,"Command Hospital Air Force, Bangalore",MD-Anaesthesiology,5
2121,Karnataka,Govt,"Command Hospital Air Force, Bangalore",MD- DVL,4
2122,Karnataka,Govt,"Command Hospital Air Force, Bangalore",MD-Paediatrics,2
2123,Karnataka,Govt,"Command Hospital Air Force, Bangalore",MD-Pathology,3
2124,Karnataka,Govt,"Command Hospital Air Force, Bangalore",MD-Radiodiagnosis,5
2125,Karnataka,Govt,"Command Hospital Air Force, Bangalore",MS-ENT,3
2126,Karnataka,Govt,"Command Hospital Air Force, Bangalore",MS-General Surgery,2
2127,Karnataka,Govt,"Command Hospital Air Force, Bangalore",MS-OBG,3
2128,Karnataka,Govt,"Command Hospital Air Force, Bangalore",MS-Ophthalmology,2
2129,Karnataka,Govt,"Dharwad Institute of Mental Health and Neuro Sciences, Dharwad",MD - Psychiatry,10
2130,Karnataka,Trust,"Dr BR Ambedkar Medical College, Bangalore",MD - Anaesthesiology,10
2131,Karnataka,Trust,"Dr BR Ambedkar Medical College, Bangalore",MD - Bio-Chemistry,1
2132,Karnataka,Trust,"Dr BR Ambedkar Medical College, Bangalore","MD - Dermatology , Venereology & Leprosy",4
2133,Karnataka,Trust,"Dr BR Ambedkar Medical College, Bangalore",MS - ENT,4
2134,Karnataka,Trust,"Dr BR Ambedkar Medical College, Bangalore",MS - General Surgery,7
2135,Karnataka,Trust,"Dr BR Ambedkar Medical College, Bangalore",MD - Pharmacology,3
2136,Karnataka,Trust,"Dr BR Ambedkar Medical College, Bangalore",MD - Microbiology,2
2137,Karnataka,Trust,"Dr BR Ambedkar Medical College, Bangalore",MS - Obstetrics & Gynaecology,4
2138,Karnataka,Trust,"Dr BR Ambedkar Medical College, Bangalore",MS - Ophthalmology,5
2139,Karnataka,Trust,"Dr BR Ambedkar Medical College, Bangalore",MD - Paediatrics,5
2140,Karnataka,Trust,"Dr BR Ambedkar Medical College, Bangalore",MD - Pathology,5
2141,Karnataka,Trust,"Dr BR Ambedkar Medical College, Bangalore","MD - Social & Preventive Medicine / Community
Medicine",1
2142,Karnataka,Trust,"Dr BR Ambedkar Medical College, Bangalore","MD - Forensic Medicine/Forensic Medicine &
Toxicology",1
2143,Karnataka,Trust,"Dr BR Ambedkar Medical College, Bangalore",MD - Radio Diagnosis/Radiology,4
2144,Karnataka,Trust,"Dr BR Ambedkar Medical College, Bangalore",MD-Respiratory Medicine,3
2145,Karnataka,Trust,"Dr BR Ambedkar Medical College, Bangalore",MD - Physiology,1
2146,Karnataka,Trust,"Dr BR Ambedkar Medical College, Bangalore",MD - Emergency Medicine,3
2147,Karnataka,Trust,"Dr BR Ambedkar Medical College, Bangalore",MD-Psychiatry,2
2148,Karnataka,Trust,"Dr BR Ambedkar Medical College, Bangalore",MD - General Medicine,9
2149,Karnataka,Trust,"Dr BR Ambedkar Medical College, Bangalore",MD - Anatomy,1
2150,Karnataka,Trust,"Dr BR Ambedkar Medical College, Bangalore",MS - Orthopaedics,4
2151,Karnataka,Trust,"Dr. Chandramma Dayananda Sagar Instt. of Medical Education & Research
Harohalli Hubli",MD - Pathology,4
2152,Karnataka,Trust,"Dr. Chandramma Dayananda Sagar Instt. of Medical Education & Research
Harohalli Hubli",MD - Community Medicine,4
2153,Karnataka,Trust,"East Point College of Medical Sciences & Research Centre, Bangalore",MD - General Medicine,9
2154,Karnataka,Trust,"East Point College of Medical Sciences & Research Centre, Bangalore",MS - General Surgery,9
2155,Karnataka,Trust,"East Point College of Medical Sciences & Research Centre, Bangalore",MD - Dermatology Venerology and Leprosy,5
2156,Karnataka,Trust,"East Point College of Medical Sciences & Research Centre, Bangalore",MD - Paediatrics,7
2157,Karnataka,Trust,"East Point College of Medical Sciences & Research Centre, Bangalore",MD - Respiratory Medicine,4
2158,Karnataka,Trust,"East Point College of Medical Sciences & Research Centre, Bangalore",MS - Ophthalmology,3
2159,Karnataka,Trust,"East Point College of Medical Sciences & Research Centre, Bangalore",MD - Pharmacology,2
2160,Karnataka,Trust,"East Point College of Medical Sciences & Research Centre, Bangalore",MD - Microbiology,4
2161,Karnataka,Trust,"East Point College of Medical Sciences & Research Centre, Bangalore",MD - Forensic Medicine,2
2162,Karnataka,Trust,"East Point College of Medical Sciences & Research Centre, Bangalore",MD - Psychiatry,3
2163,Karnataka,Trust,"East Point College of Medical Sciences & Research Centre, Bangalore",MD - Anaesthesiology,4
2164,Karnataka,Trust,"East Point College of Medical Sciences & Research Centre, Bangalore",MD - Physiology,3
2165,Karnataka,Trust,"East Point College of Medical Sciences & Research Centre, Bangalore",MD - Anatomy,2
2166,Karnataka,Trust,"East Point College of Medical Sciences & Research Centre, Bangalore",MS - Orthopaedics,2
2167,Karnataka,Trust,"East Point College of Medical Sciences & Research Centre, Bangalore",MD - Radio Diagnosis,3
2168,Karnataka,Trust,"East Point College of Medical Sciences & Research Centre, Bangalore",MD - Bio-Chemistry,4
2169,Karnataka,Trust,"East Point College of Medical Sciences & Research Centre, Bangalore",MS - Otorhinolaryngology,3
2170,Karnataka,Trust,"East Point College of Medical Sciences & Research Centre, Bangalore",MS - Obstetrics & Gynaecology,3
2171,Karnataka,Trust,"East Point College of Medical Sciences & Research Centre, Bangalore",MD - Pathology,3
2172,Karnataka,Trust,"East Point College of Medical Sciences & Research Centre, Bangalore",MD - Community Medicine,2
2173,Karnataka,Govt,Employees State Insurance Corporation Medical College Bangalore,MD - Anatomy,7
2174,Karnataka,Govt,Employees State Insurance Corporation Medical College Bangalore,MD - Bio-Chemistry,4
2175,Karnataka,Govt,Employees State Insurance Corporation Medical College Bangalore,MD - Physiology,7
2176,Karnataka,Govt,Employees State Insurance Corporation Medical College Bangalore,MD - Pathology,4
2177,Karnataka,Govt,Employees State Insurance Corporation Medical College Bangalore,MD - Microbiology,4
2178,Karnataka,Govt,Employees State Insurance Corporation Medical College Bangalore,MD - Anaesthesiology,10
2179,Karnataka,Govt,Employees State Insurance Corporation Medical College Bangalore,MD - Community Medicine,6
2180,Karnataka,Govt,Employees State Insurance Corporation Medical College Bangalore,MD - Radio Diagnosis,2
2181,Karnataka,Govt,Employees State Insurance Corporation Medical College Bangalore,MS - Obstetrics & Gynaecology,9
2182,Karnataka,Govt,Employees State Insurance Corporation Medical College Bangalore,MD - General Medicine,6
2183,Karnataka,Govt,Employees State Insurance Corporation Medical College Bangalore,MS - General Surgery,12
2184,Karnataka,Govt,Employees State Insurance Corporation Medical College Bangalore,MS - Orthopaedics,2
2185,Karnataka,Govt,Employees State Insurance Corporation Medical College Bangalore,MD - Paediatrics,6
2186,Karnataka,Govt,Employees State Insurance Corporation Medical College Bangalore,MD - Emergency Medicine,2
2187,Karnataka,Govt,Employees State Insurance Corporation Medical College Bangalore,MD - Immunology Haematology and Blood Transfusion,2
2188,Karnataka,Govt,Employees State Insurance Corporation Medical College Bangalore,MD - Pharmacology,5
2189,Karnataka,Govt,Employees State Insurance Corporation Medical College Gulbarga,MD - Anatomy,5
2190,Karnataka,Govt,Employees State Insurance Corporation Medical College Gulbarga,MD - Physiology,5
2191,Karnataka,Govt,Employees State Insurance Corporation Medical College Gulbarga,MD - Bio-Chemistry,4
2192,Karnataka,Govt,Employees State Insurance Corporation Medical College Gulbarga,MD - Pharmacology,3
2193,Karnataka,Govt,Employees State Insurance Corporation Medical College Gulbarga,MD - Pathology,6
2194,Karnataka,Govt,Employees State Insurance Corporation Medical College Gulbarga,MD - Microbiology,4
2195,Karnataka,Govt,Employees State Insurance Corporation Medical College Gulbarga,MD - Community Medicine,4
2196,Karnataka,Govt,Employees State Insurance Corporation Medical College Gulbarga,MD - General Medicine,6
2197,Karnataka,Govt,Employees State Insurance Corporation Medical College Gulbarga,MD - Paediatrics,3
2198,Karnataka,Govt,Employees State Insurance Corporation Medical College Gulbarga,MS - General Surgery,5
2199,Karnataka,Govt,Employees State Insurance Corporation Medical College Gulbarga,MS - Orthopaedics,5
2200,Karnataka,Govt,Employees State Insurance Corporation Medical College Gulbarga,MS - Ophthalmology,2
2201,Karnataka,Govt,Employees State Insurance Corporation Medical College Gulbarga,MS-ENT,3
2202,Karnataka,Govt,Employees State Insurance Corporation Medical College Gulbarga,MS - Obstetrics and Gynaecology,4
2203,Karnataka,Govt,Employees State Insurance Corporation Medical College Gulbarga,MD-Anaesthesiology,5
2204,Karnataka,Trust,"Father Mullers Medical College, Mangalore",MD - Emergency Medicine,3
2205,Karnataka,Trust,"Father Mullers Medical College, Mangalore",MD - Physiology,2
2206,Karnataka,Trust,"Father Mullers Medical College, Mangalore","MD - Dermatology , Venereology & Leprosy",7
2207,Karnataka,Trust,"Father Mullers Medical College, Mangalore",MD - Pharmacology,5
2208,Karnataka,Trust,"Father Mullers Medical College, Mangalore",MD - Anatomy,2
2209,Karnataka,Trust,"Father Mullers Medical College, Mangalore",MD - Radio Diagnosis/Radiology,8
2210,Karnataka,Trust,"Father Mullers Medical College, Mangalore",MS - Obstetrics & Gynaecology,6
2211,Karnataka,Trust,"Father Mullers Medical College, Mangalore",MS - General Surgery,12
2212,Karnataka,Trust,"Father Mullers Medical College, Mangalore",MD - Radiotherapy/ Radiation Oncology,3
2213,Karnataka,Trust,"Father Mullers Medical College, Mangalore",MS - Ophthalmology,2
2214,Karnataka,Trust,"Father Mullers Medical College, Mangalore",MD - Psychiatry,9
2215,Karnataka,Trust,"Father Mullers Medical College, Mangalore",MD - Anaesthesiology,9
2216,Karnataka,Trust,"Father Mullers Medical College, Mangalore",MS - ENT,3
2217,Karnataka,Trust,"Father Mullers Medical College, Mangalore",MD - Microbiology,5
2218,Karnataka,Trust,"Father Mullers Medical College, Mangalore",MS - Orthopaedics,9
2219,Karnataka,Trust,"Father Mullers Medical College, Mangalore",MD - Paediatrics,8
2220,Karnataka,Trust,"Father Mullers Medical College, Mangalore",MD - General Medicine,15
2221,Karnataka,Trust,"Father Mullers Medical College, Mangalore",MD - Bio-Chemistry,2
2222,Karnataka,Trust,"Father Mullers Medical College, Mangalore",MD - Pathology,8
2223,Karnataka,Govt,"Gadag Institute of Medical Sciences, Mallasamudra, Mulgund Road, Gadag",MD - Bio-Chemistry,2
2224,Karnataka,Govt,"Gadag Institute of Medical Sciences, Mallasamudra, Mulgund Road, Gadag",MD - Anaesthesiology,3
2225,Karnataka,Govt,"Gadag Institute of Medical Sciences, Mallasamudra, Mulgund Road, Gadag",MS - Orthopaedics,3
2226,Karnataka,Govt,"Gadag Institute of Medical Sciences, Mallasamudra, Mulgund Road, Gadag",MD - Paediatrics,3
2227,Karnataka,Govt,"Gadag Institute of Medical Sciences, Mallasamudra, Mulgund Road, Gadag",MD - Psychiatry,2
2228,Karnataka,Govt,"Gadag Institute of Medical Sciences, Mallasamudra, Mulgund Road, Gadag",MD - Radio Diagnosis/Radiology,2
2229,Karnataka,Govt,"Gadag Institute of Medical Sciences, Mallasamudra, Mulgund Road, Gadag",MS - Ophthalmology,4
2230,Karnataka,Govt,"Gadag Institute of Medical Sciences, Mallasamudra, Mulgund Road, Gadag",MD - Physiology,2
2231,Karnataka,Govt,"Gadag Institute of Medical Sciences, Mallasamudra, Mulgund Road, Gadag","MD - Dermatology , Venereology & Leprosy",2
2232,Karnataka,Govt,"Gadag Institute of Medical Sciences, Mallasamudra, Mulgund Road, Gadag",MD - Anatomy,2
2233,Karnataka,Govt,"Gadag Institute of Medical Sciences, Mallasamudra, Mulgund Road, Gadag",MD - Pathology,2
2234,Karnataka,Govt,"Gadag Institute of Medical Sciences, Mallasamudra, Mulgund Road, Gadag",MS - ENT,3
2235,Karnataka,Govt,"Gadag Institute of Medical Sciences, Mallasamudra, Mulgund Road, Gadag",MD - Pharmacology,2
2236,Karnataka,Govt,"Gadag Institute of Medical Sciences, Mallasamudra, Mulgund Road, Gadag","MD - Social & Preventive Medicine / Community
Medicine",2
2237,Karnataka,Govt,"Gadag Institute of Medical Sciences, Mallasamudra, Mulgund Road, Gadag",MS - Obstetrics & Gynaecology,5
2238,Karnataka,Govt,"Gadag Institute of Medical Sciences, Mallasamudra, Mulgund Road, Gadag","MD - Forensic Medicine/Forensic Medicine &
Toxicology",2
2239,Karnataka,Govt,"Gadag Institute of Medical Sciences, Mallasamudra, Mulgund Road, Gadag",MS - General Surgery,5
2240,Karnataka,Govt,"Gadag Institute of Medical Sciences, Mallasamudra, Mulgund Road, Gadag",MD - General Medicine,5
2241,Karnataka,Govt,"Gadag Institute of Medical Sciences, Mallasamudra, Mulgund Road, Gadag",MD - Microbiology,2
2242,Karnataka,Govt,"Gulbarga Institute of Medical Sciences, Gulbarga",MD - Anaesthesiology,4
2243,Karnataka,Govt,"Gulbarga Institute of Medical Sciences, Gulbarga",MD - Bio-Chemistry,5
2244,Karnataka,Govt,"Gulbarga Institute of Medical Sciences, Gulbarga",MD - Community Medicine,4
2245,Karnataka,Govt,"Gulbarga Institute of Medical Sciences, Gulbarga",MD - Forensic Medicine,3
2246,Karnataka,Govt,"Gulbarga Institute of Medical Sciences, Gulbarga",MD - General Medicine,5
2247,Karnataka,Govt,"Gulbarga Institute of Medical Sciences, Gulbarga",MD - Microbiology,5
2248,Karnataka,Govt,"Gulbarga Institute of Medical Sciences, Gulbarga",MD - Paediatrics,4
2249,Karnataka,Govt,"Gulbarga Institute of Medical Sciences, Gulbarga",MD - Pathology,3
2250,Karnataka,Govt,"Gulbarga Institute of Medical Sciences, Gulbarga",MD - Pharmacology,5
2251,Karnataka,Govt,"Gulbarga Institute of Medical Sciences, Gulbarga",MD - Physiology,5
2252,Karnataka,Govt,"Gulbarga Institute of Medical Sciences, Gulbarga",MD - Radio Diagnosis,3
2253,Karnataka,Govt,"Gulbarga Institute of Medical Sciences, Gulbarga",MD - Anatomy,5
2254,Karnataka,Govt,"Gulbarga Institute of Medical Sciences, Gulbarga",MS - General Surgery,4
2255,Karnataka,Govt,"Gulbarga Institute of Medical Sciences, Gulbarga",MS - Obstetrics and Gynaecology,4
2256,Karnataka,Govt,"Gulbarga Institute of Medical Sciences, Gulbarga",MS - Ophthalmology,3
2257,Karnataka,Govt,"Gulbarga Institute of Medical Sciences, Gulbarga",MS - Orthopaedics,3
2258,Karnataka,Govt,"Gulbarga Institute of Medical Sciences, Gulbarga",MS - Otorhinolaryngology,1
2259,Karnataka,Govt,"Hassan Institute of Medical Sciences, Hassan",MD - Anaesthesiology,3
2260,Karnataka,Govt,"Hassan Institute of Medical Sciences, Hassan",MD - Bio-Chemistry,2
2261,Karnataka,Govt,"Hassan Institute of Medical Sciences, Hassan","MD - Dermatology , Venereology & Leprosy",4
2262,Karnataka,Govt,"Hassan Institute of Medical Sciences, Hassan","MD - Forensic Medicine/Forensic Medicine &
Toxicology",2
2263,Karnataka,Govt,"Hassan Institute of Medical Sciences, Hassan",MD - General Medicine,8
2264,Karnataka,Govt,"Hassan Institute of Medical Sciences, Hassan",MD - Microbiology,2
2265,Karnataka,Govt,"Hassan Institute of Medical Sciences, Hassan",MD - Paediatrics,4
2266,Karnataka,Govt,"Hassan Institute of Medical Sciences, Hassan",MD - Pathology,2
2267,Karnataka,Govt,"Hassan Institute of Medical Sciences, Hassan",MD - Pharmacology,2
2268,Karnataka,Govt,"Hassan Institute of Medical Sciences, Hassan",MD - Physiology,2
2269,Karnataka,Govt,"Hassan Institute of Medical Sciences, Hassan",MD - Psychiatry,3
2270,Karnataka,Govt,"Hassan Institute of Medical Sciences, Hassan",MD - Radio Diagnosis,5
2271,Karnataka,Govt,"Hassan Institute of Medical Sciences, Hassan","MD - Social & Preventive Medicine / Community
Medicine",2
2272,Karnataka,Govt,"Hassan Institute of Medical Sciences, Hassan",MD - Anatomy,2
2273,Karnataka,Govt,"Hassan Institute of Medical Sciences, Hassan",MS - Ophthalmology,5
2274,Karnataka,Govt,"Hassan Institute of Medical Sciences, Hassan",MS - ENT,3
2275,Karnataka,Govt,"Hassan Institute of Medical Sciences, Hassan",MS - General Surgery,5
2276,Karnataka,Govt,"Hassan Institute of Medical Sciences, Hassan",MS - Obstetrics and Gynaecology,3
2277,Karnataka,Govt,"Hassan Institute of Medical Sciences, Hassan",MS - Orthopaedics,2
2278,Karnataka,Govt,"Institute of Aerospace Medicine Indian Air Force, Bangaluru",MD - Aviation Medicine/Aerospace Medicine,10
2279,Karnataka,Trust,Jawaharlal Nehru Medical College Belgaum,MD General Medicine,21
2280,Karnataka,Trust,Jawaharlal Nehru Medical College Belgaum,MS General Surgery,18
2281,Karnataka,Trust,Jawaharlal Nehru Medical College Belgaum,MS OBG,19
2282,Karnataka,Trust,Jawaharlal Nehru Medical College Belgaum,MD Paediatrics,20
2283,Karnataka,Trust,Jawaharlal Nehru Medical College Belgaum,MS Orthopedics,10
2284,Karnataka,Trust,Jawaharlal Nehru Medical College Belgaum,MS Ophthalmolgy,5
2285,Karnataka,Trust,Jawaharlal Nehru Medical College Belgaum,MS ENT,13
2286,Karnataka,Trust,Jawaharlal Nehru Medical College Belgaum,MD Skin & V.D,5
2287,Karnataka,Trust,Jawaharlal Nehru Medical College Belgaum,MD Anaesthesiology,20
2288,Karnataka,Trust,Jawaharlal Nehru Medical College Belgaum,MD Radiodiagnosis,15
2289,Karnataka,Trust,Jawaharlal Nehru Medical College Belgaum,MD TB & RD,5
2290,Karnataka,Trust,Jawaharlal Nehru Medical College Belgaum,MD Psychiatry,5
2291,Karnataka,Trust,Jawaharlal Nehru Medical College Belgaum,MD PAthology,13
2292,Karnataka,Trust,Jawaharlal Nehru Medical College Belgaum,MD Microbiology,4
2293,Karnataka,Trust,Jawaharlal Nehru Medical College Belgaum,MD Pharmacology,4
2294,Karnataka,Trust,Jawaharlal Nehru Medical College Belgaum,MD Community Medicine,10
2295,Karnataka,Trust,Jawaharlal Nehru Medical College Belgaum,MD Forensic Medicine,6
2296,Karnataka,Trust,Jawaharlal Nehru Medical College Belgaum,MD Anatomy,4
2297,Karnataka,Trust,Jawaharlal Nehru Medical College Belgaum,MD Physiology,4
2298,Karnataka,Trust,Jawaharlal Nehru Medical College Belgaum,MD Biochemestry,3
2299,Karnataka,Trust,Jawaharlal Nehru Medical College Belgaum,MD Emergency Medicine,3
2300,Karnataka,Trust,Jawaharlal Nehru Medical College Belgaum,DOMS,10
2301,Karnataka,Trust,"JJM Medical College, Davangere",MS - General Surgery,14
2302,Karnataka,Trust,"JJM Medical College, Davangere","MD - Tuberculosis & Respiratory Diseases / Pulmonary
Medicine",3
2303,Karnataka,Trust,"JJM Medical College, Davangere",MD - Emergency Medicine,3
2304,Karnataka,Trust,"JJM Medical College, Davangere",MD - General Medicine,28
2305,Karnataka,Trust,"JJM Medical College, Davangere",MD - Paediatrics,20
2306,Karnataka,Trust,"JJM Medical College, Davangere",MD - Pharmacology,6
2307,Karnataka,Trust,"JJM Medical College, Davangere",MD - Bio-Chemistry,8
2308,Karnataka,Trust,"JJM Medical College, Davangere",MS - Ophthalmology,14
2309,Karnataka,Trust,"JJM Medical College, Davangere","MD - Dermatology , Venereology & Leprosy",10
2310,Karnataka,Trust,"JJM Medical College, Davangere",MD - Anatomy,6
2311,Karnataka,Trust,"JJM Medical College, Davangere",MS - ENT,13
2312,Karnataka,Trust,"JJM Medical College, Davangere",MD - Pathology,24
2313,Karnataka,Trust,"JJM Medical College, Davangere",MS - Obstetrics & Gynaecology,25
2314,Karnataka,Trust,"JJM Medical College, Davangere",MD - Radio Diagnosis/Radiology,15
2315,Karnataka,Trust,"JJM Medical College, Davangere",MD - Physiology,7
2316,Karnataka,Trust,"JJM Medical College, Davangere","MD - Social & Preventive Medicine / Community
Medicine",4
2317,Karnataka,Trust,"JJM Medical College, Davangere",MD - Psychiatry,3
2318,Karnataka,Trust,"JJM Medical College, Davangere",MD - Microbiology,6
2319,Karnataka,Trust,"JJM Medical College, Davangere",MS - Orthopaedics,15
2320,Karnataka,Trust,"JJM Medical College, Davangere","MD - Forensic Medicine/Forensic Medicine &
Toxicology",2
2321,Karnataka,Trust,"JJM Medical College, Davangere",MD - Anaesthesiology,20
2322,Karnataka,Trust,"JSS Medical College, Mysore",MD - Anaesthesiology,14
2323,Karnataka,Trust,"JSS Medical College, Mysore",MD - Bio-Chemistry,3
2324,Karnataka,Trust,"JSS Medical College, Mysore","MD - Dermatology , Venereology & Leprosy",7
2325,Karnataka,Trust,"JSS Medical College, Mysore",MD - Emergency Medicine,5
2326,Karnataka,Trust,"JSS Medical College, Mysore","MD - Forensic Medicine/Forensic Medicine &
Toxicology",3
2327,Karnataka,Trust,"JSS Medical College, Mysore",MD - General Medicine,20
2328,Karnataka,Trust,"JSS Medical College, Mysore",MD - Hospital Administration,2
2329,Karnataka,Trust,"JSS Medical College, Mysore",MD - Microbiology,4
2330,Karnataka,Trust,"JSS Medical College, Mysore",MD - Paediatrics,12
2331,Karnataka,Trust,"JSS Medical College, Mysore",MD - Pathology,14
2332,Karnataka,Trust,"JSS Medical College, Mysore",MD - Pharmacology,4
2333,Karnataka,Trust,"JSS Medical College, Mysore",MD - Physiology,4
2334,Karnataka,Trust,"JSS Medical College, Mysore",MD - Psychiatry,3
2335,Karnataka,Trust,"JSS Medical College, Mysore",MD - Radio Diagnosis/Radiology,10
2336,Karnataka,Trust,"JSS Medical College, Mysore","MD - Social & Preventive Medicine / Community
Medicine",4
2337,Karnataka,Trust,"JSS Medical College, Mysore","MD - Tuberculosis & Respiratory Diseases / Pulmonary
Medicine",4
2338,Karnataka,Trust,"JSS Medical College, Mysore",MD - Anatomy,4
2339,Karnataka,Trust,"JSS Medical College, Mysore",MS - Ophthalmology,5
2340,Karnataka,Trust,"JSS Medical College, Mysore",MS - ENT,6
2341,Karnataka,Trust,"JSS Medical College, Mysore",MS - General Surgery,16
2342,Karnataka,Trust,"JSS Medical College, Mysore",MS - Obstetrics & Gynaecology,8
2343,Karnataka,Trust,"JSS Medical College, Mysore",MS - Orthopaedics,11
2344,Karnataka,Trust,"JSS Medical College, Mysore",MD-Geriatrics,2
2345,Karnataka,Trust,"JSS Medical College, Mysore",Diploma in Psychological Medicine (DPM),1
2346,Karnataka,Trust,"K S Hegde Medical Academy, Mangalore",MD - Anaesthesiology,16
2347,Karnataka,Trust,"K S Hegde Medical Academy, Mangalore",MD - Bio-Chemistry,3
2348,Karnataka,Trust,"K S Hegde Medical Academy, Mangalore","MD - Dermatology , Venereology & Leprosy",5
2349,Karnataka,Trust,"K S Hegde Medical Academy, Mangalore","MD - Forensic Medicine/Forensic Medicine &
Toxicology",4
2350,Karnataka,Trust,"K S Hegde Medical Academy, Mangalore",MD - General Medicine,17
2351,Karnataka,Trust,"K S Hegde Medical Academy, Mangalore",MD - Microbiology,3
2352,Karnataka,Trust,"K S Hegde Medical Academy, Mangalore",MD - Paediatrics,9
2353,Karnataka,Trust,"K S Hegde Medical Academy, Mangalore",MD - Pathology,5
2354,Karnataka,Trust,"K S Hegde Medical Academy, Mangalore",MD - Pharmacology,5
2355,Karnataka,Trust,"K S Hegde Medical Academy, Mangalore",MD - Physiology,4
2356,Karnataka,Trust,"K S Hegde Medical Academy, Mangalore",MD - Psychiatry,5
2357,Karnataka,Trust,"K S Hegde Medical Academy, Mangalore",MD - Radio Diagnosis/Radiology,8
2358,Karnataka,Trust,"K S Hegde Medical Academy, Mangalore","MD - Social & Preventive Medicine / Community
Medicine",5
2359,Karnataka,Trust,"K S Hegde Medical Academy, Mangalore","MD - Tuberculosis & Respiratory Diseases / Pulmonary
Medicine",2
2360,Karnataka,Trust,"K S Hegde Medical Academy, Mangalore",MD - Anatomy,4
2361,Karnataka,Trust,"K S Hegde Medical Academy, Mangalore",MS - Ophthalmology,6
2362,Karnataka,Trust,"K S Hegde Medical Academy, Mangalore",MS - ENT,8
2363,Karnataka,Trust,"K S Hegde Medical Academy, Mangalore",MS - General Surgery,12
2364,Karnataka,Trust,"K S Hegde Medical Academy, Mangalore",MS - Obstetrics & Gynaecology,6
2365,Karnataka,Trust,"K S Hegde Medical Academy, Mangalore",MS - Orthopaedics,9
2366,Karnataka,Trust,"K V G Medical College, Sullia",MD - Anaesthesiology,6
2367,Karnataka,Trust,"K V G Medical College, Sullia",MS - General Surgery,8
2368,Karnataka,Trust,"K V G Medical College, Sullia",MS - ENT,2
2369,Karnataka,Trust,"K V G Medical College, Sullia",MD - Anatomy,2
2370,Karnataka,Trust,"K V G Medical College, Sullia",MD - Physiology,3
2371,Karnataka,Trust,"K V G Medical College, Sullia",MS - Obstetrics & Gynaecology,6
2372,Karnataka,Trust,"K V G Medical College, Sullia",MD - Radio Diagnosis/Radiology,4
2373,Karnataka,Trust,"K V G Medical College, Sullia","MD - Social & Preventive Medicine / Community
Medicine",3
2374,Karnataka,Trust,"K V G Medical College, Sullia",MD - Respiratory Medicine,2
2375,Karnataka,Trust,"K V G Medical College, Sullia",MD - Paediatrics,6
2376,Karnataka,Trust,"K V G Medical College, Sullia",MD - Psychiatry,2
2377,Karnataka,Trust,"K V G Medical College, Sullia",MS - Ophthalmology,3
2378,Karnataka,Trust,"K V G Medical College, Sullia",MD - Microbiology,2
2379,Karnataka,Trust,"K V G Medical College, Sullia",MD - Emergency Medicine,2
2380,Karnataka,Trust,"K V G Medical College, Sullia",MD - Pathology,4
2381,Karnataka,Trust,"K V G Medical College, Sullia","MD - Dermatology , Venereology & Leprosy",4
2382,Karnataka,Trust,"K V G Medical College, Sullia",MD - Pharmacology,4
2383,Karnataka,Trust,"K V G Medical College, Sullia",MD - General Medicine,9
2384,Karnataka,Trust,"K V G Medical College, Sullia",MS - Orthopaedics,5
2385,Karnataka,Trust,"Kanachur Institute of Medical Sciences, Mangalore",MD - Anaesthesiology,3
2386,Karnataka,Trust,"Kanachur Institute of Medical Sciences, Mangalore",MS - Obstetrics and Gynaecology,3
2387,Karnataka,Trust,"Kanachur Institute of Medical Sciences, Mangalore",MD - Pathology,3
2388,Karnataka,Trust,"Kanachur Institute of Medical Sciences, Mangalore",MD - Respiratory Medicine,2
2389,Karnataka,Trust,"Kanachur Institute of Medical Sciences, Mangalore",MS - General Surgery,5
2390,Karnataka,Trust,"Kanachur Institute of Medical Sciences, Mangalore",MS - Ophthalmology,3
2391,Karnataka,Trust,"Kanachur Institute of Medical Sciences, Mangalore","MD - Dermatology , Venereology & Leprosy",4
2392,Karnataka,Trust,"Kanachur Institute of Medical Sciences, Mangalore",MD - General Medicine,5
2393,Karnataka,Trust,"Kanachur Institute of Medical Sciences, Mangalore",MS - Orthopaedics,3
2394,Karnataka,Trust,"Kanachur Institute of Medical Sciences, Mangalore",MD - Emergency Medicine,4
2395,Karnataka,Trust,"Kanachur Institute of Medical Sciences, Mangalore",MD - Radio Diagnosis,3
2396,Karnataka,Trust,"Kanachur Institute of Medical Sciences, Mangalore",MD - Paediatrics,3
2397,Karnataka,Trust,"Kanachur Institute of Medical Sciences, Mangalore",MD - Psychiatry,3
2398,Karnataka,Govt,"Karnataka Institute of Medical Sciences, Hubballi","MD - Forensic Medicine/Forensic Medicine &
Toxicology",2
2399,Karnataka,Govt,"Karnataka Institute of Medical Sciences, Hubballi",MD - General Medicine,22
2400,Karnataka,Govt,"Karnataka Institute of Medical Sciences, Hubballi",MD - Respiratory Medicine,2
2401,Karnataka,Govt,"Karnataka Institute of Medical Sciences, Hubballi",MS - Obstetrics & Gynaecology,22
2402,Karnataka,Govt,"Karnataka Institute of Medical Sciences, Hubballi",MD - Anatomy,2
2403,Karnataka,Govt,"Karnataka Institute of Medical Sciences, Hubballi",MD - Pharmacology,2
2404,Karnataka,Govt,"Karnataka Institute of Medical Sciences, Hubballi",MS - ENT,9
2405,Karnataka,Govt,"Karnataka Institute of Medical Sciences, Hubballi","MD - Dermatology , Venereology & Leprosy",4
2406,Karnataka,Govt,"Karnataka Institute of Medical Sciences, Hubballi",MD - Radio Diagnosis/Radiology,4
2407,Karnataka,Govt,"Karnataka Institute of Medical Sciences, Hubballi",MD - Bio-Chemistry,2
2408,Karnataka,Govt,"Karnataka Institute of Medical Sciences, Hubballi",MD - Psychiatry,6
2409,Karnataka,Govt,"Karnataka Institute of Medical Sciences, Hubballi",MS - Orthopaedics,14
2410,Karnataka,Govt,"Karnataka Institute of Medical Sciences, Hubballi",MD - Pathology,21
2411,Karnataka,Govt,"Karnataka Institute of Medical Sciences, Hubballi",MD - Paediatrics,15
2412,Karnataka,Govt,"Karnataka Institute of Medical Sciences, Hubballi",MD - Microbiology,3
2413,Karnataka,Govt,"Karnataka Institute of Medical Sciences, Hubballi","MD - Social & Preventive Medicine / Community
Medicine",3
2414,Karnataka,Govt,"Karnataka Institute of Medical Sciences, Hubballi",MD - Anaesthesiology,19
2415,Karnataka,Govt,"Karnataka Institute of Medical Sciences, Hubballi",MS - Ophthalmology,6
2416,Karnataka,Govt,"Karnataka Institute of Medical Sciences, Hubballi",MS - General Surgery,18
2417,Karnataka,Govt,"Karnataka Institute of Medical Sciences, Hubballi",MD - Physiology,5
2418,Karnataka,Govt,"Karwar Institute of Medical Sciences, Karwar",MD - Anaesthesiology,3
2419,Karnataka,Govt,"Karwar Institute of Medical Sciences, Karwar",MD - Anatomy,5
2420,Karnataka,Govt,"Karwar Institute of Medical Sciences, Karwar",MD - Bio-Chemistry,5
2421,Karnataka,Govt,"Karwar Institute of Medical Sciences, Karwar",MD - Community Medicine,2
2422,Karnataka,Govt,"Karwar Institute of Medical Sciences, Karwar",MD - Forensic Medicine,5
2423,Karnataka,Govt,"Karwar Institute of Medical Sciences, Karwar",MD - General Medicine,3
2424,Karnataka,Govt,"Karwar Institute of Medical Sciences, Karwar",MD - Microbiology,5
2425,Karnataka,Govt,"Karwar Institute of Medical Sciences, Karwar",MD - Paediatrics,2
2426,Karnataka,Govt,"Karwar Institute of Medical Sciences, Karwar",MD - Pathology,2
2427,Karnataka,Govt,"Karwar Institute of Medical Sciences, Karwar",MD - Pharmacology,3
2428,Karnataka,Govt,"Karwar Institute of Medical Sciences, Karwar",MD - Physiology,5
2429,Karnataka,Govt,"Karwar Institute of Medical Sciences, Karwar",MS - General Surgery,3
2430,Karnataka,Govt,"Karwar Institute of Medical Sciences, Karwar",MS - Obstetrics & Gynaecology,3
2431,Karnataka,Govt,"Karwar Institute of Medical Sciences, Karwar",MS - Orthopaedics,3
2432,Karnataka,Govt,"Karwar Institute of Medical Sciences, Karwar",MS - Otorhinolaryngology,2
2433,Karnataka,Trust,"Kasturba Medical College, Mangalore",MD - Emergency Medicine,3
2434,Karnataka,Trust,"Kasturba Medical College, Mangalore",MD - Paediatrics,10
2435,Karnataka,Trust,"Kasturba Medical College, Mangalore","MD - Dermatology , Venereology & Leprosy",3
2436,Karnataka,Trust,"Kasturba Medical College, Mangalore",MD - Physiology,5
2437,Karnataka,Trust,"Kasturba Medical College, Mangalore",MS - General Surgery,10
2438,Karnataka,Trust,"Kasturba Medical College, Mangalore",MD - Forensic Medicine,5
2439,Karnataka,Trust,"Kasturba Medical College, Mangalore",MD - Psychiatry,2
2440,Karnataka,Trust,"Kasturba Medical College, Mangalore",MD - Respiratory Medicine,2
2441,Karnataka,Trust,"Kasturba Medical College, Mangalore",MD - Radio Diagnosis/Radiology,9
2442,Karnataka,Trust,"Kasturba Medical College, Mangalore",MD - Pathology,13
2443,Karnataka,Trust,"Kasturba Medical College, Mangalore",MS - Ophthalmology,4
2444,Karnataka,Trust,"Kasturba Medical College, Mangalore",MD - Bio-Chemistry,6
2445,Karnataka,Trust,"Kasturba Medical College, Mangalore",MD - Pharmacology,2
2446,Karnataka,Trust,"Kasturba Medical College, Mangalore",MS - ENT,4
2447,Karnataka,Trust,"Kasturba Medical College, Mangalore",MD - General Medicine,30
2448,Karnataka,Trust,"Kasturba Medical College, Mangalore",MD - Radiotherapy/ Radiation Oncology,2
2449,Karnataka,Trust,"Kasturba Medical College, Mangalore",MD - Anatomy,4
2450,Karnataka,Trust,"Kasturba Medical College, Mangalore",MD - Anaesthesiology,15
2451,Karnataka,Trust,"Kasturba Medical College, Mangalore",MS - Orthopaedics,8
2452,Karnataka,Trust,"Kasturba Medical College, Mangalore","MD - Social & Preventive Medicine / Community
Medicine",4
2453,Karnataka,Trust,"Kasturba Medical College, Mangalore",MD - Microbiology,8
2454,Karnataka,Trust,"Kasturba Medical College, Mangalore",MS - Obstetrics & Gynaecology,15
2455,Karnataka,Trust,"Kasturba Medical College, Manipal",MD - Anatomy,7
2456,Karnataka,Trust,"Kasturba Medical College, Manipal",MD - Physiology,3
2457,Karnataka,Trust,"Kasturba Medical College, Manipal",MD - Bio-Chemistry,4
2458,Karnataka,Trust,"Kasturba Medical College, Manipal",MD - Pharmacology,8
2459,Karnataka,Trust,"Kasturba Medical College, Manipal",MD - Pathology,17
2460,Karnataka,Trust,"Kasturba Medical College, Manipal",MD - Microbiology,4
2461,Karnataka,Trust,"Kasturba Medical College, Manipal",MD - Community Medicine,8
2462,Karnataka,Trust,"Kasturba Medical College, Manipal",MD - Forensic Medicine & Toxicology,3
2463,Karnataka,Trust,"Kasturba Medical College, Manipal",MD - General Medicine,24
2464,Karnataka,Trust,"Kasturba Medical College, Manipal",MS - General Surgery,21
2465,Karnataka,Trust,"Kasturba Medical College, Manipal",MS - Obstetrics & Gynaecology,21
2466,Karnataka,Trust,"Kasturba Medical College, Manipal",MD - Paediatrics,18
2467,Karnataka,Trust,"Kasturba Medical College, Manipal",MS - Orthopaedics,15
2468,Karnataka,Trust,"Kasturba Medical College, Manipal","MD - Dermatology , Venereology & Leprosy",6
2469,Karnataka,Trust,"Kasturba Medical College, Manipal",MD - Psychiatry,9
2470,Karnataka,Trust,"Kasturba Medical College, Manipal",MD - Anaesthesiology,18
2471,Karnataka,Trust,"Kasturba Medical College, Manipal",MD - Radiation Oncology,3
2472,Karnataka,Trust,"Kasturba Medical College, Manipal",MD - Radio Diagnosis,8
2473,Karnataka,Trust,"Kasturba Medical College, Manipal",MD - Respiratory Medicine,4
2474,Karnataka,Trust,"Kasturba Medical College, Manipal",MD - Hospital Administration,2
2475,Karnataka,Trust,"Kasturba Medical College, Manipal",MD - Immuno Haematology & Blood Transfusion,4
2476,Karnataka,Trust,"Kasturba Medical College, Manipal",MS - Ophthalmology,6
2477,Karnataka,Trust,"Kasturba Medical College, Manipal",MS - Oto-Rhino-Laryngology,6
2478,Karnataka,Trust,"Kasturba Medical College, Manipal",MD - Emergency Medicine,4
2479,Karnataka,Trust,"Kasturba Medical College, Manipal",MD - Palliative Medicine,2
2480,Karnataka,Trust,"Kempegowda Institute of Medical Sciences, Bangalore",MD - Anatomy,5
2481,Karnataka,Trust,"Kempegowda Institute of Medical Sciences, Bangalore",MD - Physiology,2
2482,Karnataka,Trust,"Kempegowda Institute of Medical Sciences, Bangalore",MD - Bio-Chemistry,2
2483,Karnataka,Trust,"Kempegowda Institute of Medical Sciences, Bangalore",MD - Pathology,10
2484,Karnataka,Trust,"Kempegowda Institute of Medical Sciences, Bangalore",MD - Microbiology,5
2485,Karnataka,Trust,"Kempegowda Institute of Medical Sciences, Bangalore",MD - Pharmacology,6
2486,Karnataka,Trust,"Kempegowda Institute of Medical Sciences, Bangalore",MD - Community Medicine,6
2487,Karnataka,Trust,"Kempegowda Institute of Medical Sciences, Bangalore",MD - Forensic Medicine,4
2488,Karnataka,Trust,"Kempegowda Institute of Medical Sciences, Bangalore",MD - General Medicine,18
2489,Karnataka,Trust,"Kempegowda Institute of Medical Sciences, Bangalore",MD - Paediatrics,20
2490,Karnataka,Trust,"Kempegowda Institute of Medical Sciences, Bangalore",MD - Psychiatry,2
2491,Karnataka,Trust,"Kempegowda Institute of Medical Sciences, Bangalore","MD - Dermatology , Venereology & Leprosy",5
2492,Karnataka,Trust,"Kempegowda Institute of Medical Sciences, Bangalore",MD - Emergency Medicine,5
2493,Karnataka,Trust,"Kempegowda Institute of Medical Sciences, Bangalore",MS - Orthopaedics,17
2494,Karnataka,Trust,"Kempegowda Institute of Medical Sciences, Bangalore",MD - Radio Diagnosis,15
2495,Karnataka,Trust,"Kempegowda Institute of Medical Sciences, Bangalore",MS - Oto-Rhino-Laryngology,5
2496,Karnataka,Trust,"Kempegowda Institute of Medical Sciences, Bangalore",MS - Ophthalmology,6
2497,Karnataka,Trust,"Kempegowda Institute of Medical Sciences, Bangalore",MS - Obstetrics & Gynaecology,7
2498,Karnataka,Trust,"Kempegowda Institute of Medical Sciences, Bangalore",MD - Anaesthesiology,22
2499,Karnataka,Trust,"Kempegowda Institute of Medical Sciences, Bangalore",MS - General Surgery,20
2500,Karnataka,Trust,"Kempegowda Institute of Medical Sciences, Bangalore",MD - Respiratory  Medicine,5
2501,Karnataka,Trust,"Khaja Bandanawaz University - Faculty of Medical Sciences, Gulbarga",MD - Anatomy,2
2502,Karnataka,Trust,"Khaja Bandanawaz University - Faculty of Medical Sciences, Gulbarga",MD - Physiology,2
2503,Karnataka,Trust,"Khaja Bandanawaz University - Faculty of Medical Sciences, Gulbarga",MD - Bio-Chemistry,2
2504,Karnataka,Trust,"Khaja Bandanawaz University - Faculty of Medical Sciences, Gulbarga",MD - Community Medicine,2
2505,Karnataka,Trust,"Khaja Bandanawaz University - Faculty of Medical Sciences, Gulbarga",MD - Pathology,4
2506,Karnataka,Trust,"Khaja Bandanawaz University - Faculty of Medical Sciences, Gulbarga",MD - Microbiology,2
2507,Karnataka,Trust,"Khaja Bandanawaz University - Faculty of Medical Sciences, Gulbarga",MD - Pharmacology,1
2508,Karnataka,Trust,"Khaja Bandanawaz University - Faculty of Medical Sciences, Gulbarga",MD - Anesthesiology,2
2509,Karnataka,Trust,"Khaja Bandanawaz University - Faculty of Medical Sciences, Gulbarga",MD - Radio Diagnosis,2
2510,Karnataka,Trust,"Khaja Bandanawaz University - Faculty of Medical Sciences, Gulbarga",MD - General Medicine,7
2511,Karnataka,Trust,"Khaja Bandanawaz University - Faculty of Medical Sciences, Gulbarga","MD - Dermatology , Venereology & Leprosy",2
2512,Karnataka,Trust,"Khaja Bandanawaz University - Faculty of Medical Sciences, Gulbarga",MS - Orthopaedics,2
2513,Karnataka,Trust,"Khaja Bandanawaz University - Faculty of Medical Sciences, Gulbarga",MS - General Surgery,2
2514,Karnataka,Trust,"Khaja Bandanawaz University - Faculty of Medical Sciences, Gulbarga",MS - Opthalmology,2
2515,Karnataka,Trust,"Khaja Bandanawaz University - Faculty of Medical Sciences, Gulbarga",MS - Obstetrics & Gynaecology,2
2516,Karnataka,Trust,"Khaja Bandanawaz University - Faculty of Medical Sciences, Gulbarga",MD - Pediatrics,1
2517,Karnataka,Govt,"Kidwai Memorial Institute of Oncology, Bangalore",MD - Anesthesiology,14
2518,Karnataka,Govt,"Kidwai Memorial Institute of Oncology, Bangalore",MD - Microbiology,2
2519,Karnataka,Govt,"Kidwai Memorial Institute of Oncology, Bangalore",MD - Pathology,2
2520,Karnataka,Govt,"Kidwai Memorial Institute of Oncology, Bangalore",MD - Radio Diagnosis,2
2521,Karnataka,Govt,"Kidwai Memorial Institute of Oncology, Bangalore",MD - Radiation Oncology,9
2522,Karnataka,Govt,"Kidwai Memorial Institute of Oncology, Bangalore",Diploma in Medicine Radiotherapy,3
2523,Karnataka,Govt,"Kidwai Memorial Institute of Oncology, Bangalore",MD - Bio-Chemistry,3
2524,Karnataka,Govt,"Kodagu Institute of Medical Sciences, Kodagu",MD - Anaesthesiology,6
2525,Karnataka,Govt,"Kodagu Institute of Medical Sciences, Kodagu",MD - Anatomy,3
2526,Karnataka,Govt,"Kodagu Institute of Medical Sciences, Kodagu",MD - Bio-Chemistry,4
2527,Karnataka,Govt,"Kodagu Institute of Medical Sciences, Kodagu",MD - Community Medicine,4
2528,Karnataka,Govt,"Kodagu Institute of Medical Sciences, Kodagu",MD - Forensic Medicine,4
2529,Karnataka,Govt,"Kodagu Institute of Medical Sciences, Kodagu",MD - Microbiology,4
2530,Karnataka,Govt,"Kodagu Institute of Medical Sciences, Kodagu",MD - Paediatrics,3
2531,Karnataka,Govt,"Kodagu Institute of Medical Sciences, Kodagu",MD - Pathology,2
2532,Karnataka,Govt,"Kodagu Institute of Medical Sciences, Kodagu",MD - Pharmacology,4
2533,Karnataka,Govt,"Kodagu Institute of Medical Sciences, Kodagu",MD - Physiology,4
2534,Karnataka,Govt,"Kodagu Institute of Medical Sciences, Kodagu",MS - General Surgery,5
2535,Karnataka,Govt,"Kodagu Institute of Medical Sciences, Kodagu",MS - Obstetrics & Gynaecology,6
2536,Karnataka,Govt,"Kodagu Institute of Medical Sciences, Kodagu",MS - Orthopaedics,6
2537,Karnataka,Govt,"Kodagu Institute of Medical Sciences, Kodagu",MS - Otorhinolaryngology(ENT),3
2538,Karnataka,Govt,"Kodagu Institute of Medical Sciences, Kodagu",MS- Ophthalmology,2
2539,Karnataka,Govt,Koppal Institute of Medical Sciences Koppal,MD - Anaesthesiology,4
2540,Karnataka,Govt,Koppal Institute of Medical Sciences Koppal,MS - Orthopaedics,3
2541,Karnataka,Govt,Koppal Institute of Medical Sciences Koppal,MD - Pathology,4
2542,Karnataka,Govt,Koppal Institute of Medical Sciences Koppal,MD - Physiology,4
2543,Karnataka,Govt,Koppal Institute of Medical Sciences Koppal,MD - Forensic Medicine,4
2544,Karnataka,Govt,Koppal Institute of Medical Sciences Koppal,MD - Microbiology,4
2545,Karnataka,Govt,Koppal Institute of Medical Sciences Koppal,MD - Pharmacology,4
2546,Karnataka,Govt,Koppal Institute of Medical Sciences Koppal,MD - Anatomy,4
2547,Karnataka,Govt,Koppal Institute of Medical Sciences Koppal,MD - Biochemistry,4
2548,Karnataka,Govt,Koppal Institute of Medical Sciences Koppal,MS - Obstetrics and Gynaecology,6
2549,Karnataka,Govt,Koppal Institute of Medical Sciences Koppal,MD - Paediatrics,2
2550,Karnataka,Govt,Koppal Institute of Medical Sciences Koppal,MD - General Medicine,5
2551,Karnataka,Govt,Koppal Institute of Medical Sciences Koppal,MS - General Surgery,4
2552,Karnataka,Govt,Koppal Institute of Medical Sciences Koppal,MD - Community Medicine,2
2553,Karnataka,Trust,"M S Ramaiah Medical College, Bangalore",MD - Anatomy,4
2554,Karnataka,Trust,"M S Ramaiah Medical College, Bangalore",MD - Physiology,4
2555,Karnataka,Trust,"M S Ramaiah Medical College, Bangalore",MD - Bio-Chemistry,4
2556,Karnataka,Trust,"M S Ramaiah Medical College, Bangalore",MD - Pathology,8
2557,Karnataka,Trust,"M S Ramaiah Medical College, Bangalore",MD - Pharmacology,4
2558,Karnataka,Trust,"M S Ramaiah Medical College, Bangalore",MD - Microbiology,3
2559,Karnataka,Trust,"M S Ramaiah Medical College, Bangalore",MD - Community Medicine,3
2560,Karnataka,Trust,"M S Ramaiah Medical College, Bangalore","MD - Forensic Medicine/Forensic Medicine &
Toxicology",3
2561,Karnataka,Trust,"M S Ramaiah Medical College, Bangalore",MD - General Medicine,20
2562,Karnataka,Trust,"M S Ramaiah Medical College, Bangalore",MS - General Surgery,12
2563,Karnataka,Trust,"M S Ramaiah Medical College, Bangalore",MS - Obstetrics & Gynaecology,12
2564,Karnataka,Trust,"M S Ramaiah Medical College, Bangalore",MD - Anesthesiology,15
2565,Karnataka,Trust,"M S Ramaiah Medical College, Bangalore",MD - Pediatrics,18
2566,Karnataka,Trust,"M S Ramaiah Medical College, Bangalore",MS - Opthalmology,6
2567,Karnataka,Trust,"M S Ramaiah Medical College, Bangalore",MS - Orthopaedics,12
2568,Karnataka,Trust,"M S Ramaiah Medical College, Bangalore",MD - Radiodiagnosis,14
2569,Karnataka,Trust,"M S Ramaiah Medical College, Bangalore",MD - Radio Oncology,5
2570,Karnataka,Trust,"M S Ramaiah Medical College, Bangalore",MS - ENT,4
2571,Karnataka,Trust,"M S Ramaiah Medical College, Bangalore","MD - Dermatology , Venereology & Leprosy",6
2572,Karnataka,Trust,"M S Ramaiah Medical College, Bangalore",MD - Emergency Medicine,4
2573,Karnataka,Trust,"M S Ramaiah Medical College, Bangalore",MD - Psychiatry,2
2574,Karnataka,Trust,"M S Ramaiah Medical College, Bangalore",MD - Respiratory Medicine,4
2575,Karnataka,Trust,"M S Ramaiah Medical College, Bangalore",MD - Hospital Administration,2
2576,Karnataka,Trust,"Mahadevappa Rampure Medical College, Kalaburagi, Gulbarga","MD - Forensic Medicine/Forensic Medicine &
Toxicology",2
2577,Karnataka,Trust,"Mahadevappa Rampure Medical College, Kalaburagi, Gulbarga","MD - Dermatology , Venereology & Leprosy",5
2578,Karnataka,Trust,"Mahadevappa Rampure Medical College, Kalaburagi, Gulbarga",MD - Physiology,2
2579,Karnataka,Trust,"Mahadevappa Rampure Medical College, Kalaburagi, Gulbarga",MD - Anaesthesiology,15
2580,Karnataka,Trust,"Mahadevappa Rampure Medical College, Kalaburagi, Gulbarga",MS - Orthopaedics,9
2581,Karnataka,Trust,"Mahadevappa Rampure Medical College, Kalaburagi, Gulbarga",MD - General Medicine,12
2582,Karnataka,Trust,"Mahadevappa Rampure Medical College, Kalaburagi, Gulbarga",MS - ENT,4
2583,Karnataka,Trust,"Mahadevappa Rampure Medical College, Kalaburagi, Gulbarga","MD - Social & Preventive Medicine / Community
Medicine",2
2584,Karnataka,Trust,"Mahadevappa Rampure Medical College, Kalaburagi, Gulbarga",MD - Pharmacology,6
2585,Karnataka,Trust,"Mahadevappa Rampure Medical College, Kalaburagi, Gulbarga",MS - General Surgery,10
2586,Karnataka,Trust,"Mahadevappa Rampure Medical College, Kalaburagi, Gulbarga",MD - Anatomy,6
2587,Karnataka,Trust,"Mahadevappa Rampure Medical College, Kalaburagi, Gulbarga",MD - Pathology,10
2588,Karnataka,Trust,"Mahadevappa Rampure Medical College, Kalaburagi, Gulbarga",MS - Obstetrics & Gynaecology,7
2589,Karnataka,Trust,"Mahadevappa Rampure Medical College, Kalaburagi, Gulbarga",MD - Microbiology,2
2590,Karnataka,Trust,"Mahadevappa Rampure Medical College, Kalaburagi, Gulbarga",MD - Psychiatry,2
2591,Karnataka,Trust,"Mahadevappa Rampure Medical College, Kalaburagi, Gulbarga",MD - Paediatrics,9
2592,Karnataka,Trust,"Mahadevappa Rampure Medical College, Kalaburagi, Gulbarga",MD - Bio-Chemistry,2
2593,Karnataka,Trust,"Mahadevappa Rampure Medical College, Kalaburagi, Gulbarga",MD - Radio Diagnosis/Radiology,15
2594,Karnataka,Trust,"Mahadevappa Rampure Medical College, Kalaburagi, Gulbarga",MS - Ophthalmology,10
2595,Karnataka,Govt,"Mandya Institute of Medical Sciences, Mandya",MD - Anatomy,2
2596,Karnataka,Govt,"Mandya Institute of Medical Sciences, Mandya",MD - Physiology,2
2597,Karnataka,Govt,"Mandya Institute of Medical Sciences, Mandya",MD - Bio-Chemistry,2
2598,Karnataka,Govt,"Mandya Institute of Medical Sciences, Mandya",MD - Pathology,4
2599,Karnataka,Govt,"Mandya Institute of Medical Sciences, Mandya",MD - Microbiology,4
2600,Karnataka,Govt,"Mandya Institute of Medical Sciences, Mandya",MD - Pharmacology,2
2601,Karnataka,Govt,"Mandya Institute of Medical Sciences, Mandya","MD - Forensic Medicine/Forensic Medicine &
Toxicology",1
2602,Karnataka,Govt,"Mandya Institute of Medical Sciences, Mandya",MD - Community Medicine,2
2603,Karnataka,Govt,"Mandya Institute of Medical Sciences, Mandya",MS - ENT,5
2604,Karnataka,Govt,"Mandya Institute of Medical Sciences, Mandya",MS - Ophthalmology,5
2605,Karnataka,Govt,"Mandya Institute of Medical Sciences, Mandya","MD - Dermatology , Venereology & Leprosy",5
2606,Karnataka,Govt,"Mandya Institute of Medical Sciences, Mandya",MD - Pediatrics,9
2607,Karnataka,Govt,"Mandya Institute of Medical Sciences, Mandya",MS - Orthopaedics,8
2608,Karnataka,Govt,"Mandya Institute of Medical Sciences, Mandya",MD - Anesthesiology,11
2609,Karnataka,Govt,"Mandya Institute of Medical Sciences, Mandya",MD - General Medicine,14
2610,Karnataka,Govt,"Mandya Institute of Medical Sciences, Mandya",MS - General Surgery,4
2611,Karnataka,Govt,"Mandya Institute of Medical Sciences, Mandya",MS - Obstetrics & Gynaecology,3
2612,Karnataka,Govt,"Mandya Institute of Medical Sciences, Mandya",MD - Psychiatry,3
2613,Karnataka,Govt,"Mandya Institute of Medical Sciences, Mandya",MD - Radiology,4
2614,Karnataka,Trust,"MVJ Medical College and Research Hospital, Bangalore",MS - Opthalmology,3
2615,Karnataka,Trust,"MVJ Medical College and Research Hospital, Bangalore",MS - Obstetrics & Gynaecology,4
2616,Karnataka,Trust,"MVJ Medical College and Research Hospital, Bangalore",MS - General Surgery,10
2617,Karnataka,Trust,"MVJ Medical College and Research Hospital, Bangalore",MS - Otorhinolaryngology,6
2618,Karnataka,Trust,"MVJ Medical College and Research Hospital, Bangalore",MD - Radio Diagnosis,8
2619,Karnataka,Trust,"MVJ Medical College and Research Hospital, Bangalore",MD - Psychiatry,4
2620,Karnataka,Trust,"MVJ Medical College and Research Hospital, Bangalore",MD - Pathology,4
2621,Karnataka,Trust,"MVJ Medical College and Research Hospital, Bangalore",MD - Pediatrics,8
2622,Karnataka,Trust,"MVJ Medical College and Research Hospital, Bangalore",MD - General Medicine,15
2623,Karnataka,Trust,"MVJ Medical College and Research Hospital, Bangalore","MD - Dermatology , Venereology & Leprosy",6
2624,Karnataka,Trust,"MVJ Medical College and Research Hospital, Bangalore",MD - Anaesthesiology,7
2625,Karnataka,Trust,"MVJ Medical College and Research Hospital, Bangalore",MS - Orthopaedics,3
2626,Karnataka,Govt,"Mysore Medical College and Research Instt. (Prev.name Government Medical
College), Mysore",MD Anatomy,2
2627,Karnataka,Govt,"Mysore Medical College and Research Instt. (Prev.name Government Medical
College), Mysore",MD Physiology,2
2628,Karnataka,Govt,"Mysore Medical College and Research Instt. (Prev.name Government Medical
College), Mysore",MD Biochemistry,1
2629,Karnataka,Govt,"Mysore Medical College and Research Instt. (Prev.name Government Medical
College), Mysore",MD Pharmacology,4
2630,Karnataka,Govt,"Mysore Medical College and Research Instt. (Prev.name Government Medical
College), Mysore",MD Pathology,7
2631,Karnataka,Govt,"Mysore Medical College and Research Instt. (Prev.name Government Medical
College), Mysore",MD Microbiology,5
2632,Karnataka,Govt,"Mysore Medical College and Research Instt. (Prev.name Government Medical
College), Mysore",MD Community Medicine,3
2633,Karnataka,Govt,"Mysore Medical College and Research Instt. (Prev.name Government Medical
College), Mysore",MD Forensic Medicine,1
2634,Karnataka,Govt,"Mysore Medical College and Research Instt. (Prev.name Government Medical
College), Mysore",MS Ophthalmology,9
2635,Karnataka,Govt,"Mysore Medical College and Research Instt. (Prev.name Government Medical
College), Mysore",MS ENT,8
2636,Karnataka,Govt,"Mysore Medical College and Research Instt. (Prev.name Government Medical
College), Mysore",MS Orthipedics,10
2637,Karnataka,Govt,"Mysore Medical College and Research Instt. (Prev.name Government Medical
College), Mysore",MD DVL,3
2638,Karnataka,Govt,"Mysore Medical College and Research Instt. (Prev.name Government Medical
College), Mysore",MD Radiodiagnosis,10
2639,Karnataka,Govt,"Mysore Medical College and Research Instt. (Prev.name Government Medical
College), Mysore",MD Anaesthesiology,16
2640,Karnataka,Govt,"Mysore Medical College and Research Instt. (Prev.name Government Medical
College), Mysore",MD Paediatrics,12
2641,Karnataka,Govt,"Mysore Medical College and Research Instt. (Prev.name Government Medical
College), Mysore",MD General Medicine,23
2642,Karnataka,Govt,"Mysore Medical College and Research Instt. (Prev.name Government Medical
College), Mysore",MS General Surgery,20
2643,Karnataka,Govt,"Mysore Medical College and Research Instt. (Prev.name Government Medical
College), Mysore",MS OBG,12
2644,Karnataka,Govt,"Mysore Medical College and Research Instt. (Prev.name Government Medical
College), Mysore",MD Pulmonary Medicine,3
2645,Karnataka,Govt,"Mysore Medical College and Research Instt. (Prev.name Government Medical
College), Mysore",MD Psychiatry,2
2646,Karnataka,Trust,"Navodaya Medical College, Raichur",MD - Anatomy,3
2647,Karnataka,Trust,"Navodaya Medical College, Raichur",MD - General Medicine,10
2648,Karnataka,Trust,"Navodaya Medical College, Raichur",MD - Paediatrics,13
2649,Karnataka,Trust,"Navodaya Medical College, Raichur","MD - Social & Preventive Medicine / Community
Medicine",2
2650,Karnataka,Trust,"Navodaya Medical College, Raichur",MS - Ophthalmology,6
2651,Karnataka,Trust,"Navodaya Medical College, Raichur",MS - ENT,5
2652,Karnataka,Trust,"Navodaya Medical College, Raichur",MS - Orthopaedics,10
2653,Karnataka,Trust,"Navodaya Medical College, Raichur",MS - Obstetrics & Gynaecology,14
2654,Karnataka,Trust,"Navodaya Medical College, Raichur",MD - Pathology,3
2655,Karnataka,Trust,"Navodaya Medical College, Raichur",MD - Bio-Chemistry,2
2656,Karnataka,Trust,"Navodaya Medical College, Raichur","MD - Dermatology , Venereology & Leprosy",6
2657,Karnataka,Trust,"Navodaya Medical College, Raichur","MD - Tuberculosis & Respiratory Diseases / Pulmonary
Medicine",1
2658,Karnataka,Trust,"Navodaya Medical College, Raichur",MD - Radio Diagnosis/Radiology,9
2659,Karnataka,Trust,"Navodaya Medical College, Raichur",MD - Pharmacology,3
2660,Karnataka,Trust,"Navodaya Medical College, Raichur",MD - Physiology,4
2661,Karnataka,Trust,"Navodaya Medical College, Raichur",MD - Microbiology,3
2662,Karnataka,Trust,"Navodaya Medical College, Raichur",MD - Anaesthesiology,12
2663,Karnataka,Trust,"Navodaya Medical College, Raichur",MS - General Surgery,14
2664,Karnataka,Govt,"Raichur Institute of Medical Sciences,Raichur",MD - Microbiology,2
2665,Karnataka,Govt,"Raichur Institute of Medical Sciences,Raichur",MD - Pathology,2
2666,Karnataka,Govt,"Raichur Institute of Medical Sciences,Raichur","MD - Forensic Medicine/Forensic Medicine &
Toxicology",2
2667,Karnataka,Govt,"Raichur Institute of Medical Sciences,Raichur",MS - Otorhinolaryngology,1
2668,Karnataka,Govt,"Raichur Institute of Medical Sciences,Raichur",MD - Pharmacology,1
2669,Karnataka,Govt,"Raichur Institute of Medical Sciences,Raichur",MD - Anatomy,2
2670,Karnataka,Govt,"Raichur Institute of Medical Sciences,Raichur",MS - Ophthalmology,2
2671,Karnataka,Govt,"Raichur Institute of Medical Sciences,Raichur",MS - General Surgery,4
2672,Karnataka,Govt,"Raichur Institute of Medical Sciences,Raichur",MS - Obstetrics & Gynaecology,3
2673,Karnataka,Govt,"Raichur Institute of Medical Sciences,Raichur","MD - Dermatology , Venereology & Leprosy",5
2674,Karnataka,Govt,"Raichur Institute of Medical Sciences,Raichur",MS - Orthopaedics,2
2675,Karnataka,Govt,"Raichur Institute of Medical Sciences,Raichur",MD - Paediatrics,2
2676,Karnataka,Govt,"Raichur Institute of Medical Sciences,Raichur",MD - General Medicine,4
2677,Karnataka,Govt,"Raichur Institute of Medical Sciences,Raichur",MD - Anaesthesiology,2
2678,Karnataka,Govt,"Raichur Institute of Medical Sciences,Raichur","MD - Social & Preventive Medicine / Community
Medicine",1
2679,Karnataka,Govt,"Raichur Institute of Medical Sciences,Raichur",MD - Bio-Chemistry,2
2680,Karnataka,Govt,"Raichur Institute of Medical Sciences,Raichur",MD - Physiology,2
2681,Karnataka,Trust,"Rajarajeswari Medical College & Hospital, Bangalore",MS - Obstetrics & Gynaecology,25
2682,Karnataka,Trust,"Rajarajeswari Medical College & Hospital, Bangalore",MD - Pharmacology,6
2683,Karnataka,Trust,"Rajarajeswari Medical College & Hospital, Bangalore",MD - Bio-Chemistry,5
2684,Karnataka,Trust,"Rajarajeswari Medical College & Hospital, Bangalore",MD - Emergency Medicine,2
2685,Karnataka,Trust,"Rajarajeswari Medical College & Hospital, Bangalore",MD - Anatomy,6
2686,Karnataka,Trust,"Rajarajeswari Medical College & Hospital, Bangalore",MD - General Medicine,22
2687,Karnataka,Trust,"Rajarajeswari Medical College & Hospital, Bangalore",MD - Paediatrics,14
2688,Karnataka,Trust,"Rajarajeswari Medical College & Hospital, Bangalore",MD - Psychiatry,5
2689,Karnataka,Trust,"Rajarajeswari Medical College & Hospital, Bangalore","MD - Forensic Medicine/Forensic Medicine &
Toxicology",4
2690,Karnataka,Trust,"Rajarajeswari Medical College & Hospital, Bangalore",MD - Radio Diagnosis,20
2691,Karnataka,Trust,"Rajarajeswari Medical College & Hospital, Bangalore",MS - General Surgery,13
2692,Karnataka,Trust,"Rajarajeswari Medical College & Hospital, Bangalore",MD - Pathology,15
2693,Karnataka,Trust,"Rajarajeswari Medical College & Hospital, Bangalore",MS - Orthopaedics,15
2694,Karnataka,Trust,"Rajarajeswari Medical College & Hospital, Bangalore","MD - Social & Preventive Medicine / Community
Medicine",6
2695,Karnataka,Trust,"Rajarajeswari Medical College & Hospital, Bangalore",MS - ENT,8
2696,Karnataka,Trust,"Rajarajeswari Medical College & Hospital, Bangalore",MD - Physiology,6
2697,Karnataka,Trust,"Rajarajeswari Medical College & Hospital, Bangalore",MD - Microbiology,5
2698,Karnataka,Trust,"Rajarajeswari Medical College & Hospital, Bangalore","MD - Tuberculosis & Respiratory Diseases / Pulmonary
Medicine",5
2699,Karnataka,Trust,"Rajarajeswari Medical College & Hospital, Bangalore","MD - Dermatology , Venereology & Leprosy",8
2700,Karnataka,Trust,"Rajarajeswari Medical College & Hospital, Bangalore",MD - Anaesthesiology,12
2701,Karnataka,Trust,"Rajarajeswari Medical College & Hospital, Bangalore",MS - Ophthalmology,8
2702,Karnataka,Trust,"S S Institute of Medical Sciences& Research Centre, Davangere",MD - Anatomy,4
2703,Karnataka,Trust,"S S Institute of Medical Sciences& Research Centre, Davangere",MD - Anaesthesiology,11
2704,Karnataka,Trust,"S S Institute of Medical Sciences& Research Centre, Davangere",MD - Bio-Chemistry,3
2705,Karnataka,Trust,"S S Institute of Medical Sciences& Research Centre, Davangere","MD - Social & Preventive Medicine / Community
Medicine",2
2706,Karnataka,Trust,"S S Institute of Medical Sciences& Research Centre, Davangere","MD - Dermatology , Venereology & Leprosy",3
2707,Karnataka,Trust,"S S Institute of Medical Sciences& Research Centre, Davangere",MD - Emergency Medicine,3
2708,Karnataka,Trust,"S S Institute of Medical Sciences& Research Centre, Davangere",MS - ENT,6
2709,Karnataka,Trust,"S S Institute of Medical Sciences& Research Centre, Davangere","MD - Forensic Medicine/Forensic Medicine &
Toxicology",2
2710,Karnataka,Trust,"S S Institute of Medical Sciences& Research Centre, Davangere",MD - General Medicine,6
2711,Karnataka,Trust,"S S Institute of Medical Sciences& Research Centre, Davangere",MS - General Surgery,5
2712,Karnataka,Trust,"S S Institute of Medical Sciences& Research Centre, Davangere",MD - Microbiology,2
2713,Karnataka,Trust,"S S Institute of Medical Sciences& Research Centre, Davangere",MS - Obstetrics & Gynaecology,3
2714,Karnataka,Trust,"S S Institute of Medical Sciences& Research Centre, Davangere",MS - Ophthalmology,3
2715,Karnataka,Trust,"S S Institute of Medical Sciences& Research Centre, Davangere",MS - Orthopaedics,5
2716,Karnataka,Trust,"S S Institute of Medical Sciences& Research Centre, Davangere",MD - Paediatrics,6
2717,Karnataka,Trust,"S S Institute of Medical Sciences& Research Centre, Davangere",MD - Pathology,6
2718,Karnataka,Trust,"S S Institute of Medical Sciences& Research Centre, Davangere",MD - Pharmacology,3
2719,Karnataka,Trust,"S S Institute of Medical Sciences& Research Centre, Davangere",MD - Physiology,4
2720,Karnataka,Trust,"S S Institute of Medical Sciences& Research Centre, Davangere",MD - Psychiatry,2
2721,Karnataka,Trust,"S S Institute of Medical Sciences& Research Centre, Davangere",MD - Radio Diagnosis/Radiology,8
2722,Karnataka,Trust,"S S Institute of Medical Sciences& Research Centre, Davangere",MD - Respiratory Medicine,3
2723,Karnataka,Trust,"S. Nijalingappa Medical College & HSK Hospital & Research Centre, Bagalkot",MD - Bio-Chemistry,2
2724,Karnataka,Trust,"S. Nijalingappa Medical College & HSK Hospital & Research Centre, Bagalkot",MS - Orthopaedics,5
2725,Karnataka,Trust,"S. Nijalingappa Medical College & HSK Hospital & Research Centre, Bagalkot",MD - Physiology,3
2726,Karnataka,Trust,"S. Nijalingappa Medical College & HSK Hospital & Research Centre, Bagalkot",MD - Anatomy,2
2727,Karnataka,Trust,"S. Nijalingappa Medical College & HSK Hospital & Research Centre, Bagalkot","MD - Forensic Medicine/Forensic Medicine &
Toxicology",4
2728,Karnataka,Trust,"S. Nijalingappa Medical College & HSK Hospital & Research Centre, Bagalkot","MD - Dermatology , Venereology & Leprosy",3
2729,Karnataka,Trust,"S. Nijalingappa Medical College & HSK Hospital & Research Centre, Bagalkot",MD - Pathology,8
2730,Karnataka,Trust,"S. Nijalingappa Medical College & HSK Hospital & Research Centre, Bagalkot",MS - Ophthalmology,5
2731,Karnataka,Trust,"S. Nijalingappa Medical College & HSK Hospital & Research Centre, Bagalkot",MS - ENT,4
2732,Karnataka,Trust,"S. Nijalingappa Medical College & HSK Hospital & Research Centre, Bagalkot",MS - General Surgery,8
2733,Karnataka,Trust,"S. Nijalingappa Medical College & HSK Hospital & Research Centre, Bagalkot",MS - Obstetrics & Gynaecology,6
2734,Karnataka,Trust,"S. Nijalingappa Medical College & HSK Hospital & Research Centre, Bagalkot",MD - General Medicine,10
2735,Karnataka,Trust,"S. Nijalingappa Medical College & HSK Hospital & Research Centre, Bagalkot",MD - Anaesthesiology,9
2736,Karnataka,Trust,"S. Nijalingappa Medical College & HSK Hospital & Research Centre, Bagalkot",MD - Pharmacology,5
2737,Karnataka,Trust,"S. Nijalingappa Medical College & HSK Hospital & Research Centre, Bagalkot",MD - Radio Diagnosis/Radiology,3
2738,Karnataka,Trust,"S. Nijalingappa Medical College & HSK Hospital & Research Centre, Bagalkot",MD - Psychiatry,3
2739,Karnataka,Trust,"S. Nijalingappa Medical College & HSK Hospital & Research Centre, Bagalkot",MD - Paediatrics,7
2740,Karnataka,Trust,"S. Nijalingappa Medical College & HSK Hospital & Research Centre, Bagalkot","MD - Social & Preventive Medicine / Community
Medicine",6
2741,Karnataka,Trust,"S. Nijalingappa Medical College & HSK Hospital & Research Centre, Bagalkot",MD - Microbiology,6
2742,Karnataka,Trust,"S. Nijalingappa Medical College & HSK Hospital & Research Centre, Bagalkot",Diploma in Clinical Pathology,2
2743,Karnataka,Trust,"S. Nijalingappa Medical College & HSK Hospital & Research Centre, Bagalkot",Diploma in Public Health,1
2744,Karnataka,Govt,"Sanjay Gandhi Institute of Trauma and Orthopaedics, Bangalore",MS - Orthopaedics,10
2745,Karnataka,Trust,"Sapthagiri Institute of Medical Sciences & Research Centre, Bangalore",MS - Orthopaedics,16
2746,Karnataka,Trust,"Sapthagiri Institute of Medical Sciences & Research Centre, Bangalore",MD - Radio Diagnosis/Radiology,15
2747,Karnataka,Trust,"Sapthagiri Institute of Medical Sciences & Research Centre, Bangalore","MD - Dermatology , Venereology & Leprosy",9
2748,Karnataka,Trust,"Sapthagiri Institute of Medical Sciences & Research Centre, Bangalore",MD - Anaesthesiology,24
2749,Karnataka,Trust,"Sapthagiri Institute of Medical Sciences & Research Centre, Bangalore",MD - Bio-Chemistry,2
2750,Karnataka,Trust,"Sapthagiri Institute of Medical Sciences & Research Centre, Bangalore",MD - Physiology,2
2751,Karnataka,Trust,"Sapthagiri Institute of Medical Sciences & Research Centre, Bangalore","MD - Forensic Medicine/Forensic Medicine &
Toxicology",2
2752,Karnataka,Trust,"Sapthagiri Institute of Medical Sciences & Research Centre, Bangalore",MS - ENT,8
2753,Karnataka,Trust,"Sapthagiri Institute of Medical Sciences & Research Centre, Bangalore",MD - Pathology,2
2754,Karnataka,Trust,"Sapthagiri Institute of Medical Sciences & Research Centre, Bangalore","MD - Tuberculosis & Respiratory Diseases / Pulmonary
Medicine",2
2755,Karnataka,Trust,"Sapthagiri Institute of Medical Sciences & Research Centre, Bangalore",MD - Psychiatry,5
2756,Karnataka,Trust,"Sapthagiri Institute of Medical Sciences & Research Centre, Bangalore",MS - General Surgery,26
2757,Karnataka,Trust,"Sapthagiri Institute of Medical Sciences & Research Centre, Bangalore",MS - Ophthalmology,7
2758,Karnataka,Trust,"Sapthagiri Institute of Medical Sciences & Research Centre, Bangalore",MD - Paediatrics,6
2759,Karnataka,Trust,"Sapthagiri Institute of Medical Sciences & Research Centre, Bangalore",MD - Microbiology,2
2760,Karnataka,Trust,"Sapthagiri Institute of Medical Sciences & Research Centre, Bangalore",MD - Pharmacology,2
2761,Karnataka,Trust,"Sapthagiri Institute of Medical Sciences & Research Centre, Bangalore","MD - Social & Preventive Medicine / Community
Medicine",3
2762,Karnataka,Trust,"Sapthagiri Institute of Medical Sciences & Research Centre, Bangalore",MS - Obstetrics & Gynaecology,25
2763,Karnataka,Trust,"Sapthagiri Institute of Medical Sciences & Research Centre, Bangalore",MD - General Medicine,32
2764,Karnataka,Trust,"SDM College of Medical Sciences & Hospital, Sattur, Dharwad",MD - Anaesthesiology,9
2765,Karnataka,Trust,"SDM College of Medical Sciences & Hospital, Sattur, Dharwad",MD - Microbiology,2
2766,Karnataka,Trust,"SDM College of Medical Sciences & Hospital, Sattur, Dharwad",MD - Paediatrics,8
2767,Karnataka,Trust,"SDM College of Medical Sciences & Hospital, Sattur, Dharwad",MD - Pharmacology,1
2768,Karnataka,Trust,"SDM College of Medical Sciences & Hospital, Sattur, Dharwad","MD - Dermatology , Venereology & Leprosy",3
2769,Karnataka,Trust,"SDM College of Medical Sciences & Hospital, Sattur, Dharwad",MS - Ophthalmology,2
2770,Karnataka,Trust,"SDM College of Medical Sciences & Hospital, Sattur, Dharwad",MS - ENT,3
2771,Karnataka,Trust,"SDM College of Medical Sciences & Hospital, Sattur, Dharwad",MD - Anatomy,3
2772,Karnataka,Trust,"SDM College of Medical Sciences & Hospital, Sattur, Dharwad",MD - Pathology,6
2773,Karnataka,Trust,"SDM College of Medical Sciences & Hospital, Sattur, Dharwad",Diploma in Public Health,2
2774,Karnataka,Trust,"SDM College of Medical Sciences & Hospital, Sattur, Dharwad",MD - Hospital Administration,3
2775,Karnataka,Trust,"SDM College of Medical Sciences & Hospital, Sattur, Dharwad",MD - Radio Diagnosis/Radiology,4
2776,Karnataka,Trust,"SDM College of Medical Sciences & Hospital, Sattur, Dharwad",MS - Obstetrics & Gynaecology,10
2777,Karnataka,Trust,"SDM College of Medical Sciences & Hospital, Sattur, Dharwad",MS - Orthopaedics,6
2778,Karnataka,Trust,"SDM College of Medical Sciences & Hospital, Sattur, Dharwad",MD - General Medicine,10
2779,Karnataka,Trust,"SDM College of Medical Sciences & Hospital, Sattur, Dharwad",MD - Psychiatry,3
2780,Karnataka,Trust,"SDM College of Medical Sciences & Hospital, Sattur, Dharwad","MD - Forensic Medicine/Forensic Medicine &
Toxicology",1
2781,Karnataka,Trust,"SDM College of Medical Sciences & Hospital, Sattur, Dharwad",MD - Physiology,2
2782,Karnataka,Trust,"SDM College of Medical Sciences & Hospital, Sattur, Dharwad",MS - General Surgery,8
2783,Karnataka,Trust,"SDM College of Medical Sciences & Hospital, Sattur, Dharwad",MD - Bio-Chemistry,4
2784,Karnataka,Trust,"SDM College of Medical Sciences & Hospital, Sattur, Dharwad",MD - Respiratory Medicine,3
2785,Karnataka,Trust,"SDM College of Medical Sciences & Hospital, Sattur, Dharwad",MD - Emergency Medicine,2
2786,Karnataka,Trust,"SDM College of Medical Sciences & Hospital, Sattur, Dharwad","MD - Social & Preventive Medicine / Community
Medicine",4
2787,Karnataka,Govt,"SDS Tuberculosis Research Centre and Rajiv Gandhi Institute of Chest
Diseases, Bangalore","MD - Tuberculosis & Respiratory Diseases / Pulmonary
Medicine",12
2788,Karnataka,Govt,"Shimoga Institute of Medical Sciences,Shimoga","MD - Social & Preventive Medicine / Community
Medicine",5
2789,Karnataka,Govt,"Shimoga Institute of Medical Sciences,Shimoga",MD - Bio-Chemistry,1
2790,Karnataka,Govt,"Shimoga Institute of Medical Sciences,Shimoga",MD - General Medicine,13
2791,Karnataka,Govt,"Shimoga Institute of Medical Sciences,Shimoga",MD - Pharmacology,1
2792,Karnataka,Govt,"Shimoga Institute of Medical Sciences,Shimoga",MS - Obstetrics & Gynaecology,9
2793,Karnataka,Govt,"Shimoga Institute of Medical Sciences,Shimoga",MD - Pathology,11
2794,Karnataka,Govt,"Shimoga Institute of Medical Sciences,Shimoga",MD - Paediatrics,7
2795,Karnataka,Govt,"Shimoga Institute of Medical Sciences,Shimoga",MD - Anaesthesiology,10
2796,Karnataka,Govt,"Shimoga Institute of Medical Sciences,Shimoga",MD - Physiology,1
2797,Karnataka,Govt,"Shimoga Institute of Medical Sciences,Shimoga",MD - Anatomy,2
2798,Karnataka,Govt,"Shimoga Institute of Medical Sciences,Shimoga",MD - Microbiology,1
2799,Karnataka,Govt,"Shimoga Institute of Medical Sciences,Shimoga","MD - Forensic Medicine/Forensic Medicine &
Toxicology",2
2800,Karnataka,Govt,"Shimoga Institute of Medical Sciences,Shimoga",MS - Orthopaedics,3
2801,Karnataka,Govt,"Shimoga Institute of Medical Sciences,Shimoga",MS - Ophthalmology,3
2802,Karnataka,Govt,"Shimoga Institute of Medical Sciences,Shimoga",MS - General Surgery,11
2803,Karnataka,Govt,"Shimoga Institute of Medical Sciences,Shimoga","MD - Dermatology , Venereology & Leprosy",5
2804,Karnataka,Govt,"Shimoga Institute of Medical Sciences,Shimoga",MS - ENT,4
2805,Karnataka,Govt,"Shimoga Institute of Medical Sciences,Shimoga",MD - Radio Diagnosis,2
2806,Karnataka,Govt,Shri Atal Bihari Vajpayee Medical College & Research Institute,MD - Bio-Chemistry,3
2807,Karnataka,Govt,Shri Atal Bihari Vajpayee Medical College & Research Institute,MD - Forensic Medicine,3
2808,Karnataka,Govt,Shri Atal Bihari Vajpayee Medical College & Research Institute,MD - Pharmacology,3
2809,Karnataka,Govt,Shri Atal Bihari Vajpayee Medical College & Research Institute,MD - Anatomy,3
2810,Karnataka,Govt,Shri Atal Bihari Vajpayee Medical College & Research Institute,MD - Microbiology,3
2811,Karnataka,Govt,Shri Atal Bihari Vajpayee Medical College & Research Institute,MD - Pathology,5
2812,Karnataka,Govt,Shri Atal Bihari Vajpayee Medical College & Research Institute,MD - Physiology,3
2813,Karnataka,Govt,Shri Atal Bihari Vajpayee Medical College & Research Institute,MD - Community Medicine,4
2814,Karnataka,Trust,"Shri B M Patil Medical College, Hospital & Research Centre, Vijayapura(Bijapur",MD - Anatomy,4
2815,Karnataka,Trust,"Shri B M Patil Medical College, Hospital & Research Centre, Vijayapura(Bijapur",MD - Radio Diagnosis/Radiology,6
2816,Karnataka,Trust,"Shri B M Patil Medical College, Hospital & Research Centre, Vijayapura(Bijapur",MD - General Medicine,21
2817,Karnataka,Trust,"Shri B M Patil Medical College, Hospital & Research Centre, Vijayapura(Bijapur","MD - Dermatology , Venereology & Leprosy",5
2818,Karnataka,Trust,"Shri B M Patil Medical College, Hospital & Research Centre, Vijayapura(Bijapur",MD - Paediatrics,10
2819,Karnataka,Trust,"Shri B M Patil Medical College, Hospital & Research Centre, Vijayapura(Bijapur",MD - Pharmacology,2
2820,Karnataka,Trust,"Shri B M Patil Medical College, Hospital & Research Centre, Vijayapura(Bijapur","MD - Tuberculosis & Respiratory Diseases / Pulmonary
Medicine",2
2821,Karnataka,Trust,"Shri B M Patil Medical College, Hospital & Research Centre, Vijayapura(Bijapur",MD - Microbiology,2
2822,Karnataka,Trust,"Shri B M Patil Medical College, Hospital & Research Centre, Vijayapura(Bijapur",MD - Bio-Chemistry,1
2823,Karnataka,Trust,"Shri B M Patil Medical College, Hospital & Research Centre, Vijayapura(Bijapur",MD - Emergency Medicine,3
2824,Karnataka,Trust,"Shri B M Patil Medical College, Hospital & Research Centre, Vijayapura(Bijapur",MS - Orthopaedics,12
2825,Karnataka,Trust,"Shri B M Patil Medical College, Hospital & Research Centre, Vijayapura(Bijapur",MS - ENT,5
2826,Karnataka,Trust,"Shri B M Patil Medical College, Hospital & Research Centre, Vijayapura(Bijapur",MD - Pathology,13
2827,Karnataka,Trust,"Shri B M Patil Medical College, Hospital & Research Centre, Vijayapura(Bijapur",MD - Geriatrics,2
2828,Karnataka,Trust,"Shri B M Patil Medical College, Hospital & Research Centre, Vijayapura(Bijapur",MD - Psychiatry,2
2829,Karnataka,Trust,"Shri B M Patil Medical College, Hospital & Research Centre, Vijayapura(Bijapur",MS - Obstetrics & Gynaecology,15
2830,Karnataka,Trust,"Shri B M Patil Medical College, Hospital & Research Centre, Vijayapura(Bijapur",MS - Ophthalmology,5
2831,Karnataka,Trust,"Shri B M Patil Medical College, Hospital & Research Centre, Vijayapura(Bijapur",MD - Physiology,4
2832,Karnataka,Trust,"Shri B M Patil Medical College, Hospital & Research Centre, Vijayapura(Bijapur",MS - General Surgery,12
2833,Karnataka,Trust,"Shri B M Patil Medical College, Hospital & Research Centre, Vijayapura(Bijapur","MD - Forensic Medicine/Forensic Medicine &
Toxicology",2
2834,Karnataka,Trust,"Shri B M Patil Medical College, Hospital & Research Centre, Vijayapura(Bijapur","MD - Social & Preventive Medicine / Community
Medicine",6
2835,Karnataka,Trust,"Shri B M Patil Medical College, Hospital & Research Centre, Vijayapura(Bijapur",MD - Anaesthesiology,14
2836,Karnataka,Trust,"Shridevi Institute of Medical Sciences & Research Hospital, Tumkur",MD - Radio Diagnosis/Radiology,3
2837,Karnataka,Trust,"Shridevi Institute of Medical Sciences & Research Hospital, Tumkur","MD - Dermatology , Venereology & Leprosy",2
2838,Karnataka,Trust,"Shridevi Institute of Medical Sciences & Research Hospital, Tumkur",MD - Pharmacology,2
2839,Karnataka,Trust,"Shridevi Institute of Medical Sciences & Research Hospital, Tumkur","MD - Social & Preventive Medicine / Community
Medicine",2
2840,Karnataka,Trust,"Shridevi Institute of Medical Sciences & Research Hospital, Tumkur",MS - Orthopaedics,3
2841,Karnataka,Trust,"Shridevi Institute of Medical Sciences & Research Hospital, Tumkur",MD - Bio-Chemistry,2
2842,Karnataka,Trust,"Shridevi Institute of Medical Sciences & Research Hospital, Tumkur","MD - Tuberculosis & Respiratory Diseases / Pulmonary
Medicine",2
2843,Karnataka,Trust,"Shridevi Institute of Medical Sciences & Research Hospital, Tumkur",MS - General Surgery,5
2844,Karnataka,Trust,"Shridevi Institute of Medical Sciences & Research Hospital, Tumkur",MD - Pathology,3
2845,Karnataka,Trust,"Shridevi Institute of Medical Sciences & Research Hospital, Tumkur",MD - Psychiatry,2
2846,Karnataka,Trust,"Shridevi Institute of Medical Sciences & Research Hospital, Tumkur",MD - Anaesthesiology,4
2847,Karnataka,Trust,"Shridevi Institute of Medical Sciences & Research Hospital, Tumkur",MS - ENT,2
2848,Karnataka,Trust,"Shridevi Institute of Medical Sciences & Research Hospital, Tumkur",MS - Obstetrics and Gynaecology,4
2849,Karnataka,Trust,"Shridevi Institute of Medical Sciences & Research Hospital, Tumkur",MD - Microbiology,3
2850,Karnataka,Trust,"Shridevi Institute of Medical Sciences & Research Hospital, Tumkur",MD - Paediatrics,3
2851,Karnataka,Trust,"Shridevi Institute of Medical Sciences & Research Hospital, Tumkur",MD - General Medicine,5
2852,Karnataka,Trust,"Shridevi Institute of Medical Sciences & Research Hospital, Tumkur",MS - Ophthalmology,2
2853,Karnataka,Trust,"Shridevi Institute of Medical Sciences & Research Hospital, Tumkur",MD - Emergency Medicine,2
2854,Karnataka,Trust,"Sri Devaraj URS Medical College, Kolar","MD - Forensic Medicine/Forensic Medicine &
Toxicology",2
2855,Karnataka,Trust,"Sri Devaraj URS Medical College, Kolar",MD - General Medicine,17
2856,Karnataka,Trust,"Sri Devaraj URS Medical College, Kolar",MD - Anatomy,2
2857,Karnataka,Trust,"Sri Devaraj URS Medical College, Kolar",MD - Radio Diagnosis/Radiology,11
2858,Karnataka,Trust,"Sri Devaraj URS Medical College, Kolar",MD - Emergency Medicine,2
2859,Karnataka,Trust,"Sri Devaraj URS Medical College, Kolar",MD - Psychiatry,4
2860,Karnataka,Trust,"Sri Devaraj URS Medical College, Kolar",MD - Paediatrics,13
2861,Karnataka,Trust,"Sri Devaraj URS Medical College, Kolar",MD - Anaesthesiology,20
2862,Karnataka,Trust,"Sri Devaraj URS Medical College, Kolar",MS - General Surgery,6
2863,Karnataka,Trust,"Sri Devaraj URS Medical College, Kolar",MS - ENT,11
2864,Karnataka,Trust,"Sri Devaraj URS Medical College, Kolar",MD - Bio-Chemistry,2
2865,Karnataka,Trust,"Sri Devaraj URS Medical College, Kolar","MD - Social & Preventive Medicine / Community
Medicine",12
2866,Karnataka,Trust,"Sri Devaraj URS Medical College, Kolar",MS - Orthopaedics,14
2867,Karnataka,Trust,"Sri Devaraj URS Medical College, Kolar",MD - Physiology,3
2868,Karnataka,Trust,"Sri Devaraj URS Medical College, Kolar",MD - Microbiology,3
2869,Karnataka,Trust,"Sri Devaraj URS Medical College, Kolar",MD - Pharmacology,3
2870,Karnataka,Trust,"Sri Devaraj URS Medical College, Kolar",MS - Obstetrics & Gynaecology,9
2871,Karnataka,Trust,"Sri Devaraj URS Medical College, Kolar","MD - Dermatology , Venereology & Leprosy",8
2872,Karnataka,Trust,"Sri Devaraj URS Medical College, Kolar",MD - Pathology,10
2873,Karnataka,Trust,"Sri Devaraj URS Medical College, Kolar",MS - Ophthalmology,15
2874,Karnataka,Trust,"Sri siddhartha Institute of Medical Sciences & Research Centre, Bangalore",MD - Anatomy,5
2875,Karnataka,Trust,"Sri siddhartha Institute of Medical Sciences & Research Centre, Bangalore",MD - Bio-Chemistry,5
2876,Karnataka,Trust,"Sri siddhartha Institute of Medical Sciences & Research Centre, Bangalore",MD - Physiology,5
2877,Karnataka,Trust,"Sri siddhartha Institute of Medical Sciences & Research Centre, Bangalore",MD - Pathology,2
2878,Karnataka,Trust,"Sri siddhartha Institute of Medical Sciences & Research Centre, Bangalore",MD - Pharmacology,2
2879,Karnataka,Trust,"Sri Siddhartha Medical College, Tumkur",MD - Emergency Medicine,3
2880,Karnataka,Trust,"Sri Siddhartha Medical College, Tumkur",MD - Microbiology,2
2881,Karnataka,Trust,"Sri Siddhartha Medical College, Tumkur",MD - Physiology,3
2882,Karnataka,Trust,"Sri Siddhartha Medical College, Tumkur",MD - Anaesthesiology,8
2883,Karnataka,Trust,"Sri Siddhartha Medical College, Tumkur","MD - Dermatology , Venereology & Leprosy",4
2884,Karnataka,Trust,"Sri Siddhartha Medical College, Tumkur",MS - Orthopaedics,6
2885,Karnataka,Trust,"Sri Siddhartha Medical College, Tumkur",MD - Pathology,6
2886,Karnataka,Trust,"Sri Siddhartha Medical College, Tumkur",MS - Ophthalmology,5
2887,Karnataka,Trust,"Sri Siddhartha Medical College, Tumkur",MS - Obstetrics & Gynaecology,9
2888,Karnataka,Trust,"Sri Siddhartha Medical College, Tumkur",MD - Radio Diagnosis/Radiology,6
2889,Karnataka,Trust,"Sri Siddhartha Medical College, Tumkur","MD - Social & Preventive Medicine / Community
Medicine",2
2890,Karnataka,Trust,"Sri Siddhartha Medical College, Tumkur",MD - Paediatrics,8
2891,Karnataka,Trust,"Sri Siddhartha Medical College, Tumkur",MD - Psychiatry,3
2892,Karnataka,Trust,"Sri Siddhartha Medical College, Tumkur",MD - General Medicine,10
2893,Karnataka,Trust,"Sri Siddhartha Medical College, Tumkur",MS - ENT,4
2894,Karnataka,Trust,"Sri Siddhartha Medical College, Tumkur",MD - Anatomy,2
2895,Karnataka,Trust,"Sri Siddhartha Medical College, Tumkur",MS - General Surgery,8
2896,Karnataka,Trust,"Sri Siddhartha Medical College, Tumkur",MD - Respiratory Medicine,3
2897,Karnataka,Trust,"Srinivas Institute of Medical Research Centre, Srinivasnagar, mangalore",MD - Bio-Chemistry,2
2898,Karnataka,Trust,"Srinivas Institute of Medical Research Centre, Srinivasnagar, mangalore",MD - Paediatrics,6
2899,Karnataka,Trust,"Srinivas Institute of Medical Research Centre, Srinivasnagar, mangalore",MS - Obstetrics & Gynaecology,6
2900,Karnataka,Trust,"Srinivas Institute of Medical Research Centre, Srinivasnagar, mangalore",MD - Anatomy,2
2901,Karnataka,Trust,"Srinivas Institute of Medical Research Centre, Srinivasnagar, mangalore","MD - Tuberculosis & Respiratory Diseases / Pulmonary
Medicine",2
2902,Karnataka,Trust,"Srinivas Institute of Medical Research Centre, Srinivasnagar, mangalore",MD - General Medicine,14
2903,Karnataka,Trust,"Srinivas Institute of Medical Research Centre, Srinivasnagar, mangalore",MS - Orthopaedics,5
2904,Karnataka,Trust,"Srinivas Institute of Medical Research Centre, Srinivasnagar, mangalore","MD - Social & Preventive Medicine / Community
Medicine",2
2905,Karnataka,Trust,"Srinivas Institute of Medical Research Centre, Srinivasnagar, mangalore",MS - Ophthalmology,1
2906,Karnataka,Trust,"Srinivas Institute of Medical Research Centre, Srinivasnagar, mangalore",MD - Pathology,2
2907,Karnataka,Trust,"Srinivas Institute of Medical Research Centre, Srinivasnagar, mangalore",MD - Anaesthesiology,6
2908,Karnataka,Trust,"Srinivas Institute of Medical Research Centre, Srinivasnagar, mangalore",MD - Pharmacology,2
2909,Karnataka,Trust,"Srinivas Institute of Medical Research Centre, Srinivasnagar, mangalore",MS - General Surgery,10
2910,Karnataka,Trust,"Srinivas Institute of Medical Research Centre, Srinivasnagar, mangalore",MD - Physiology,2
2911,Karnataka,Trust,"Srinivas Institute of Medical Research Centre, Srinivasnagar, mangalore","MD - Dermatology , Venereology & Leprosy",3
2912,Karnataka,Trust,"Srinivas Institute of Medical Research Centre, Srinivasnagar, mangalore",MS - ENT,2
2913,Karnataka,Trust,"Srinivas Institute of Medical Research Centre, Srinivasnagar, mangalore",MD - Radio Diagnosis/Radiology,10
2914,Karnataka,Trust,"St. Johns Medical College, Bangalore","MD - Dermatology , Venereology & Leprosy",5
2915,Karnataka,Trust,"St. Johns Medical College, Bangalore",MS - ENT,3
2916,Karnataka,Trust,"St. Johns Medical College, Bangalore",MD - General Medicine,15
2917,Karnataka,Trust,"St. Johns Medical College, Bangalore",MD - Family Medicine,3
2918,Karnataka,Trust,"St. Johns Medical College, Bangalore",MD - Paediatrics,9
2919,Karnataka,Trust,"St. Johns Medical College, Bangalore",MD - Emergency Medicine,3
2920,Karnataka,Trust,"St. Johns Medical College, Bangalore",MD - Radiotherapy/ Radiation Oncology,2
2921,Karnataka,Trust,"St. Johns Medical College, Bangalore",MD - Physiology,4
2922,Karnataka,Trust,"St. Johns Medical College, Bangalore",MD - Pharmacology,4
2923,Karnataka,Trust,"St. Johns Medical College, Bangalore",MD - Microbiology,4
2924,Karnataka,Trust,"St. Johns Medical College, Bangalore",MD - Bio-Chemistry,4
2925,Karnataka,Trust,"St. Johns Medical College, Bangalore",MS - Ophthalmology,3
2926,Karnataka,Trust,"St. Johns Medical College, Bangalore",MD - Anatomy,4
2927,Karnataka,Trust,"St. Johns Medical College, Bangalore",MS - Orthopaedics,6
2928,Karnataka,Trust,"St. Johns Medical College, Bangalore","MD - Social & Preventive Medicine / Community
Medicine",8
2929,Karnataka,Trust,"St. Johns Medical College, Bangalore",MD - Radio Diagnosis/Radiology,10
2930,Karnataka,Trust,"St. Johns Medical College, Bangalore","MD - Forensic Medicine/Forensic Medicine &
Toxicology",1
2931,Karnataka,Trust,"St. Johns Medical College, Bangalore",MD - Physical Medicine & Rehabilitation,2
2932,Karnataka,Trust,"St. Johns Medical College, Bangalore",MS - Obstetrics & Gynaecology,8
2933,Karnataka,Trust,"St. Johns Medical College, Bangalore",MD - Anaesthesiology,14
2934,Karnataka,Trust,"St. Johns Medical College, Bangalore",MD - Pathology,8
2935,Karnataka,Trust,"St. Johns Medical College, Bangalore",MD - Transfusion Medicine,1
2936,Karnataka,Trust,"St. Johns Medical College, Bangalore",MD - Psychiatry,5
2937,Karnataka,Trust,"St. Johns Medical College, Bangalore",MS - General Surgery,5
2938,Karnataka,Trust,"Subbaiah Institute of Medical Sciences, Shimoga, Karnataka",MS - Ophthalmology,3
2939,Karnataka,Trust,"Subbaiah Institute of Medical Sciences, Shimoga, Karnataka",MD - Radio Diagnosis/Radiology,2
2940,Karnataka,Trust,"Subbaiah Institute of Medical Sciences, Shimoga, Karnataka",MD - Bio-Chemistry,2
2941,Karnataka,Trust,"Subbaiah Institute of Medical Sciences, Shimoga, Karnataka",MD - Pharmacology,3
2942,Karnataka,Trust,"Subbaiah Institute of Medical Sciences, Shimoga, Karnataka",MS - Orthopaedics,9
2943,Karnataka,Trust,"Subbaiah Institute of Medical Sciences, Shimoga, Karnataka",MD - General Medicine,12
2944,Karnataka,Trust,"Subbaiah Institute of Medical Sciences, Shimoga, Karnataka",MD - Psychiatry,2
2945,Karnataka,Trust,"Subbaiah Institute of Medical Sciences, Shimoga, Karnataka",MD - Microbiology,3
2946,Karnataka,Trust,"Subbaiah Institute of Medical Sciences, Shimoga, Karnataka",MD - Paediatrics,6
2947,Karnataka,Trust,"Subbaiah Institute of Medical Sciences, Shimoga, Karnataka",MS- Obstetrics & Gynaecology,10
2948,Karnataka,Trust,"Subbaiah Institute of Medical Sciences, Shimoga, Karnataka",MD - Forensic Medicine,2
2949,Karnataka,Trust,"Subbaiah Institute of Medical Sciences, Shimoga, Karnataka",MS - General Surgery,3
2950,Karnataka,Trust,"Subbaiah Institute of Medical Sciences, Shimoga, Karnataka",MD - Respiratory Medicine,4
2951,Karnataka,Trust,"Subbaiah Institute of Medical Sciences, Shimoga, Karnataka",MD - Anaesthesiology,4
2952,Karnataka,Trust,"Subbaiah Institute of Medical Sciences, Shimoga, Karnataka",MD - Physiology,3
2953,Karnataka,Trust,"Subbaiah Institute of Medical Sciences, Shimoga, Karnataka",MD - Anatomy,2
2954,Karnataka,Trust,"Subbaiah Institute of Medical Sciences, Shimoga, Karnataka",MD - Emergency Medicine,4
2955,Karnataka,Trust,"Subbaiah Institute of Medical Sciences, Shimoga, Karnataka",MD - Pathology,4
2956,Karnataka,Trust,"Subbaiah Institute of Medical Sciences, Shimoga, Karnataka","MD - Dermatology , Venereology & Leprosy",1
2957,Karnataka,Trust,"Subbaiah Institute of Medical Sciences, Shimoga, Karnataka",MD - Community Medicine,3
2958,Karnataka,Society,"The Oxford Medical College, Hospital & Research Centre, Bangalore",MS - Obstetrics & Gynaecology,3
2959,Karnataka,Society,"The Oxford Medical College, Hospital & Research Centre, Bangalore","MD - Dermatology , Venereology & Leprosy",5
2960,Karnataka,Society,"The Oxford Medical College, Hospital & Research Centre, Bangalore","MD - Forensic Medicine/Forensic Medicine &
Toxicology",3
2961,Karnataka,Society,"The Oxford Medical College, Hospital & Research Centre, Bangalore",MS - General Surgery,7
2962,Karnataka,Society,"The Oxford Medical College, Hospital & Research Centre, Bangalore",MD - Anatomy,3
2963,Karnataka,Society,"The Oxford Medical College, Hospital & Research Centre, Bangalore",MS - Orthopaedics,6
2964,Karnataka,Society,"The Oxford Medical College, Hospital & Research Centre, Bangalore",MD - Respiratory Medicine,2
2965,Karnataka,Society,"The Oxford Medical College, Hospital & Research Centre, Bangalore",MD - Physiology,2
2966,Karnataka,Society,"The Oxford Medical College, Hospital & Research Centre, Bangalore",MD - General Medicine,8
2967,Karnataka,Society,"The Oxford Medical College, Hospital & Research Centre, Bangalore",MD - Pathology,3
2968,Karnataka,Society,"The Oxford Medical College, Hospital & Research Centre, Bangalore","MD - Social & Preventive Medicine / Community
Medicine",5
2969,Karnataka,Society,"The Oxford Medical College, Hospital & Research Centre, Bangalore",MD - Radio Diagnosis/Radiology,3
2970,Karnataka,Society,"The Oxford Medical College, Hospital & Research Centre, Bangalore",MD - Microbiology,4
2971,Karnataka,Society,"The Oxford Medical College, Hospital & Research Centre, Bangalore",MD - Bio-Chemistry,3
2972,Karnataka,Society,"The Oxford Medical College, Hospital & Research Centre, Bangalore",MD - Paediatrics,5
2973,Karnataka,Society,"The Oxford Medical College, Hospital & Research Centre, Bangalore",MD - Emergency Medicine,3
2974,Karnataka,Society,"The Oxford Medical College, Hospital & Research Centre, Bangalore",MD - Anaesthesiology,7
2975,Karnataka,Society,"The Oxford Medical College, Hospital & Research Centre, Bangalore",MD - Psychiatry,2
2976,Karnataka,Society,"The Oxford Medical College, Hospital & Research Centre, Bangalore",MD - Pharmacology,3
2977,Karnataka,Society,"The Oxford Medical College, Hospital & Research Centre, Bangalore",MS - ENT,3
2978,Karnataka,Society,"The Oxford Medical College, Hospital & Research Centre, Bangalore",MS - Ophthalmology,4
2979,Karnataka,Govt,"Vijaynagar Institute of Medical Sciences, Bellary",MD - Pathology,4
2980,Karnataka,Govt,"Vijaynagar Institute of Medical Sciences, Bellary",MS - Obstetrics & Gynaecology,15
2981,Karnataka,Govt,"Vijaynagar Institute of Medical Sciences, Bellary","MD - Dermatology , Venereology & Leprosy",5
2982,Karnataka,Govt,"Vijaynagar Institute of Medical Sciences, Bellary",MD - General Medicine,8
2983,Karnataka,Govt,"Vijaynagar Institute of Medical Sciences, Bellary",MD - Physiology,1
2984,Karnataka,Govt,"Vijaynagar Institute of Medical Sciences, Bellary",MD - Anatomy,1
2985,Karnataka,Govt,"Vijaynagar Institute of Medical Sciences, Bellary",MS - General Surgery,8
2986,Karnataka,Govt,"Vijaynagar Institute of Medical Sciences, Bellary",MS - ENT,8
2987,Karnataka,Govt,"Vijaynagar Institute of Medical Sciences, Bellary",MD - Microbiology,5
2988,Karnataka,Govt,"Vijaynagar Institute of Medical Sciences, Bellary","MD - Social & Preventive Medicine / Community
Medicine",3
2989,Karnataka,Govt,"Vijaynagar Institute of Medical Sciences, Bellary",MD - Pharmacology,4
2990,Karnataka,Govt,"Vijaynagar Institute of Medical Sciences, Bellary",MD - Paediatrics,10
2991,Karnataka,Govt,"Vijaynagar Institute of Medical Sciences, Bellary",MD - Anaesthesiology,14
2992,Karnataka,Govt,"Vijaynagar Institute of Medical Sciences, Bellary",MS - Ophthalmology,6
2993,Karnataka,Govt,"Vijaynagar Institute of Medical Sciences, Bellary",MD - Bio-Chemistry,1
2994,Karnataka,Govt,"Vijaynagar Institute of Medical Sciences, Bellary",MS - Orthopaedics,13
2995,Karnataka,Trust,"Vydehi Institute Of Medical Sciences & Research Centre, Bangalore",MD - Hospital Administration,3
2996,Karnataka,Trust,"Vydehi Institute Of Medical Sciences & Research Centre, Bangalore",MD - Emergency Medicine,2
2997,Karnataka,Trust,"Vydehi Institute Of Medical Sciences & Research Centre, Bangalore",MD - Pharmacology,4
2998,Karnataka,Trust,"Vydehi Institute Of Medical Sciences & Research Centre, Bangalore",MD - General Medicine,21
2999,Karnataka,Trust,"Vydehi Institute Of Medical Sciences & Research Centre, Bangalore",MS - Obstetrics & Gynaecology,12
3000,Karnataka,Trust,"Vydehi Institute Of Medical Sciences & Research Centre, Bangalore",MD - Anaesthesiology,16
3001,Karnataka,Trust,"Vydehi Institute Of Medical Sciences & Research Centre, Bangalore",MS - Orthopaedics,16
3002,Karnataka,Trust,"Vydehi Institute Of Medical Sciences & Research Centre, Bangalore",MS - General Surgery,10
3003,Karnataka,Trust,"Vydehi Institute Of Medical Sciences & Research Centre, Bangalore",MD - Paediatrics,10
3004,Karnataka,Trust,"Vydehi Institute Of Medical Sciences & Research Centre, Bangalore","MD - Tuberculosis & Respiratory Diseases / Pulmonary
Medicine",2
3005,Karnataka,Trust,"Vydehi Institute Of Medical Sciences & Research Centre, Bangalore",MD - Psychiatry,5
3006,Karnataka,Trust,"Vydehi Institute Of Medical Sciences & Research Centre, Bangalore",MD - Anatomy,3
3007,Karnataka,Trust,"Vydehi Institute Of Medical Sciences & Research Centre, Bangalore",MD - Bio-Chemistry,4
3008,Karnataka,Trust,"Vydehi Institute Of Medical Sciences & Research Centre, Bangalore","MD - Dermatology , Venereology & Leprosy",5
3009,Karnataka,Trust,"Vydehi Institute Of Medical Sciences & Research Centre, Bangalore",MS - Ophthalmology,5
3010,Karnataka,Trust,"Vydehi Institute Of Medical Sciences & Research Centre, Bangalore",MD - Radio Diagnosis/Radiology,10
3011,Karnataka,Trust,"Vydehi Institute Of Medical Sciences & Research Centre, Bangalore",MD - Physiology,3
3012,Karnataka,Trust,"Vydehi Institute Of Medical Sciences & Research Centre, Bangalore",MS - ENT,4
3013,Karnataka,Trust,"Vydehi Institute Of Medical Sciences & Research Centre, Bangalore",MD - Microbiology,4
3014,Karnataka,Trust,"Vydehi Institute Of Medical Sciences & Research Centre, Bangalore",MD - Pathology,4
3015,Karnataka,Trust,"Vydehi Institute Of Medical Sciences & Research Centre, Bangalore","MD - Forensic Medicine/Forensic Medicine &
Toxicology",1
3016,Karnataka,Trust,"Vydehi Institute Of Medical Sciences & Research Centre, Bangalore","MD - Social & Preventive Medicine / Community
Medicine",3
3017,Karnataka,Trust,"Vydehi Institute Of Medical Sciences & Research Centre, Bangalore",MD - Radiotherapy/ Radiation Oncology,8
3018,Karnataka,Trust,"Yenepoya Medical College, Mangalore",MD - Radio Diagnosis/Radiology,10
3019,Karnataka,Trust,"Yenepoya Medical College, Mangalore","MD - Dermatology , Venereology & Leprosy",4
3020,Karnataka,Trust,"Yenepoya Medical College, Mangalore",MD - Bio-Chemistry,2
3021,Karnataka,Trust,"Yenepoya Medical College, Mangalore",MD - Physiology,2
3022,Karnataka,Trust,"Yenepoya Medical College, Mangalore",MS - Orthopaedics,7
3023,Karnataka,Trust,"Yenepoya Medical College, Mangalore",MS - Obstetrics & Gynaecology,6
3024,Karnataka,Trust,"Yenepoya Medical College, Mangalore",MD - Emergency Medicine,2
3025,Karnataka,Trust,"Yenepoya Medical College, Mangalore",MD - Psychiatry,5
3026,Karnataka,Trust,"Yenepoya Medical College, Mangalore",MD - Anaesthesiology,9
3027,Karnataka,Trust,"Yenepoya Medical College, Mangalore",MD - Paediatrics,6
3028,Karnataka,Trust,"Yenepoya Medical College, Mangalore",MD - Anatomy,2
3029,Karnataka,Trust,"Yenepoya Medical College, Mangalore",MD - Radiation Oncology,2
3030,Karnataka,Trust,"Yenepoya Medical College, Mangalore",MD - Geriatrics,2
3031,Karnataka,Trust,"Yenepoya Medical College, Mangalore",MD - General Medicine,15
3032,Karnataka,Trust,"Yenepoya Medical College, Mangalore","MD - Tuberculosis & Respiratory Diseases / Pulmonary
Medicine",3
3033,Karnataka,Trust,"Yenepoya Medical College, Mangalore","MD - Forensic Medicine/Forensic Medicine &
Toxicology",2
3034,Karnataka,Trust,"Yenepoya Medical College, Mangalore",MD - Pharmacology,2
3035,Karnataka,Trust,"Yenepoya Medical College, Mangalore",MS - Ophthalmology,5
3036,Karnataka,Trust,"Yenepoya Medical College, Mangalore",MS - General Surgery,10
3037,Karnataka,Trust,"Yenepoya Medical College, Mangalore",MD - Microbiology,2
3038,Karnataka,Trust,"Yenepoya Medical College, Mangalore",MD - Pathology,10
3039,Karnataka,Trust,"Yenepoya Medical College, Mangalore",MS - ENT,5
3040,Karnataka,Trust,"Yenepoya Medical College, Mangalore","MD - Social & Preventive Medicine / Community
Medicine",4
3041,Kerala,Govt,"Academy of Medical Sciences,Pariyaram, Kannur",MD - Emergency Medicine,2
3042,Kerala,Govt,"Academy of Medical Sciences,Pariyaram, Kannur",MD - General Medicine,4
3043,Kerala,Govt,"Academy of Medical Sciences,Pariyaram, Kannur",MS - General Surgery,2
3044,Kerala,Govt,"Academy of Medical Sciences,Pariyaram, Kannur",MD - Pulmonary Medicine,2
3045,Kerala,Govt,"Academy of Medical Sciences,Pariyaram, Kannur",MS - Obstetrics & Gynaecology,2
3046,Kerala,Govt,"Academy of Medical Sciences,Pariyaram, Kannur","MD - Dermatology , Venereology & Leprosy",3
3047,Kerala,Govt,"Academy of Medical Sciences,Pariyaram, Kannur",MD - Psychiatry,2
3048,Kerala,Govt,"Academy of Medical Sciences,Pariyaram, Kannur",MS - Otorhinolaryngology,3
3049,Kerala,Govt,"Academy of Medical Sciences,Pariyaram, Kannur",MS - Opthalmology,2
3050,Kerala,Govt,"Academy of Medical Sciences,Pariyaram, Kannur",MD - Radio Diagnosis/Radiology,1
3051,Kerala,Govt,"Academy of Medical Sciences,Pariyaram, Kannur",MD - Paediatrics,2
3052,Kerala,Govt,"Academy of Medical Sciences,Pariyaram, Kannur",MS - Orthopaedics,2
3053,Kerala,Govt,"Academy of Medical Sciences,Pariyaram, Kannur",MD - Anaesthesiology,2
3054,Kerala,Govt,"Academy of Medical Sciences,Pariyaram, Kannur",MD- Physiology,2
3055,Kerala,Govt,"Academy of Medical Sciences,Pariyaram, Kannur",MD - Microbiology,1
3056,Kerala,Govt,"Academy of Medical Sciences,Pariyaram, Kannur",MD - Community Medicine,2
3057,Kerala,Govt,"Academy of Medical Sciences,Pariyaram, Kannur",MD - Pathology,2
3058,Kerala,Trust,"Al-Azhar Medical College and Super Speciality Hospital, Thodupuzha",MS - General Surgery,2
3059,Kerala,Trust,"Al-Azhar Medical College and Super Speciality Hospital, Thodupuzha",MD - Anaesthesiology,2
3060,Kerala,Trust,"Al-Azhar Medical College and Super Speciality Hospital, Thodupuzha",MD - General Medicine,2
3061,Kerala,Trust,"Al-Azhar Medical College and Super Speciality Hospital, Thodupuzha",MS - ENT,2
3062,Kerala,Trust,"Al-Azhar Medical College and Super Speciality Hospital, Thodupuzha",MS - Obstetrics and Gynaecology,2
3063,Kerala,Trust,"Al-Azhar Medical College and Super Speciality Hospital, Thodupuzha",MD - Paediatrics,1
3064,Kerala,Trust,"Al-Azhar Medical College and Super Speciality Hospital, Thodupuzha",MD - Respiratory Medicine,1
3065,Kerala,Trust,"Al-Azhar Medical College and Super Speciality Hospital, Thodupuzha",MS - Orthopaedics,2
3066,Kerala,Trust,"Amala Institute of Medical Sciences, Thrissur","MD - Tuberculosis & Respiratory Diseases /
Pulmonary Medicine",2
3067,Kerala,Trust,"Amala Institute of Medical Sciences, Thrissur",MD - Radiotherapy/ Radiation Oncology,1
3068,Kerala,Trust,"Amala Institute of Medical Sciences, Thrissur",MS - Obstetrics & Gynaecology,3
3069,Kerala,Trust,"Amala Institute of Medical Sciences, Thrissur",MD - Pathology,5
3070,Kerala,Trust,"Amala Institute of Medical Sciences, Thrissur",MS - Ophthalmology,3
3071,Kerala,Trust,"Amala Institute of Medical Sciences, Thrissur",MD - Anaesthesiology,6
3072,Kerala,Trust,"Amala Institute of Medical Sciences, Thrissur",MD - Physiology,2
3073,Kerala,Trust,"Amala Institute of Medical Sciences, Thrissur","MD - Dermatology , Venereology & Leprosy",5
3074,Kerala,Trust,"Amala Institute of Medical Sciences, Thrissur",MS - Orthopaedics,2
3075,Kerala,Trust,"Amala Institute of Medical Sciences, Thrissur",MD - Emergency Medicine,2
3076,Kerala,Trust,"Amala Institute of Medical Sciences, Thrissur",MD - Psychiatry,2
3077,Kerala,Trust,"Amala Institute of Medical Sciences, Thrissur","MD - Social & Preventive Medicine / Community
Medicine",5
3078,Kerala,Trust,"Amala Institute of Medical Sciences, Thrissur",MS - General Surgery,4
3079,Kerala,Trust,"Amala Institute of Medical Sciences, Thrissur",MD - Radio Diagnosis/Radiology,4
3080,Kerala,Trust,"Amala Institute of Medical Sciences, Thrissur",MD - General Medicine,6
3081,Kerala,Trust,"Amala Institute of Medical Sciences, Thrissur",MD - Bio-Chemistry,2
3082,Kerala,Trust,"Amala Institute of Medical Sciences, Thrissur",MD - Paediatrics,6
3083,Kerala,Trust,"Amala Institute of Medical Sciences, Thrissur",MS - ENT,2
3084,Kerala,Trust,"Amrita School of Medicine, Elamkara, Kochi",MD - Anaesthesiology,16
3085,Kerala,Trust,"Amrita School of Medicine, Elamkara, Kochi",MS - Ophthalmology,6
3086,Kerala,Trust,"Amrita School of Medicine, Elamkara, Kochi",MD - Radiotherapy/ Radiation Oncology,3
3087,Kerala,Trust,"Amrita School of Medicine, Elamkara, Kochi",MD - Physiology,2
3088,Kerala,Trust,"Amrita School of Medicine, Elamkara, Kochi",MS - Obstetrics & Gynaecology,3
3089,Kerala,Trust,"Amrita School of Medicine, Elamkara, Kochi","MD - Tuberculosis & Respiratory Diseases /
Pulmonary Medicine",3
3090,Kerala,Trust,"Amrita School of Medicine, Elamkara, Kochi",MD - Anatomy,2
3091,Kerala,Trust,"Amrita School of Medicine, Elamkara, Kochi",MD - General Medicine,6
3092,Kerala,Trust,"Amrita School of Medicine, Elamkara, Kochi",MD - Physical Medicine & Rehabilitation,2
3093,Kerala,Trust,"Amrita School of Medicine, Elamkara, Kochi",MD - Geriatrics,1
3094,Kerala,Trust,"Amrita School of Medicine, Elamkara, Kochi","MD - Social & Preventive Medicine / Community
Medicine",5
3095,Kerala,Trust,"Amrita School of Medicine, Elamkara, Kochi",MS - Orthopaedics,6
3096,Kerala,Trust,"Amrita School of Medicine, Elamkara, Kochi",MS - ENT,4
3097,Kerala,Trust,"Amrita School of Medicine, Elamkara, Kochi",MS - General Surgery,6
3098,Kerala,Trust,"Amrita School of Medicine, Elamkara, Kochi","MD - Dermatology , Venereology & Leprosy",3
3099,Kerala,Trust,"Amrita School of Medicine, Elamkara, Kochi",MD - Pharmacology,2
3100,Kerala,Trust,"Amrita School of Medicine, Elamkara, Kochi",MD - Microbiology,2
3101,Kerala,Trust,"Amrita School of Medicine, Elamkara, Kochi",MD - Palliative Medicine,2
3102,Kerala,Trust,"Amrita School of Medicine, Elamkara, Kochi",MD - Radio Diagnosis/Radiology,15
3103,Kerala,Trust,"Amrita School of Medicine, Elamkara, Kochi",MD - Bio-Chemistry,2
3104,Kerala,Trust,"Amrita School of Medicine, Elamkara, Kochi","MD - Forensic Medicine/Forensic Medicine &
Toxicology",2
3105,Kerala,Trust,"Amrita School of Medicine, Elamkara, Kochi",MD - Nuclear Medicine,2
3106,Kerala,Trust,"Amrita School of Medicine, Elamkara, Kochi",MD - Psychiatry,4
3107,Kerala,Trust,"Amrita School of Medicine, Elamkara, Kochi",MD - Emergency Medicine,5
3108,Kerala,Trust,"Amrita School of Medicine, Elamkara, Kochi",MD - Pathology,8
3109,Kerala,Trust,"Amrita School of Medicine, Elamkara, Kochi",MD - Paediatrics,6
3110,Kerala,Trust,"Azeezia Instt of Medical Science,Meeyannoor,Kollam",MD - Anaesthesiology,2
3111,Kerala,Trust,"Azeezia Instt of Medical Science,Meeyannoor,Kollam","MD - Dermatology , Venereology & Leprosy",1
3112,Kerala,Trust,"Azeezia Instt of Medical Science,Meeyannoor,Kollam",MS - Orthopaedics,2
3113,Kerala,Trust,"Azeezia Instt of Medical Science,Meeyannoor,Kollam",MS - General Surgery,4
3114,Kerala,Trust,"Azeezia Instt of Medical Science,Meeyannoor,Kollam",MD- General Medicine,4
3115,Kerala,Trust,"Azeezia Instt of Medical Science,Meeyannoor,Kollam",MD-Radio Diagnosis,2
3116,Kerala,Trust,"Azeezia Instt of Medical Science,Meeyannoor,Kollam",MS-OPTHALMOLOGY,1
3117,Kerala,Trust,"Azeezia Instt of Medical Science,Meeyannoor,Kollam",MD-Paediatrics,2
3118,Kerala,Trust,"Azeezia Instt of Medical Science,Meeyannoor,Kollam",MD-Pharmacology,1
3119,Kerala,Trust,"Believers Church Medical College Hospital, Thiruvalla, Kerala",MD - Pathology,2
3120,Kerala,Trust,"Believers Church Medical College Hospital, Thiruvalla, Kerala",MD - Microbiology,2
3121,Kerala,Trust,"Believers Church Medical College Hospital, Thiruvalla, Kerala",MD - Radio - Diagnosis,2
3122,Kerala,Trust,"Believers Church Medical College Hospital, Thiruvalla, Kerala",MS - General Surgery,2
3123,Kerala,Trust,"Believers Church Medical College Hospital, Thiruvalla, Kerala",MD - Emergency Medicine,2
3124,Kerala,Trust,"Believers Church Medical College Hospital, Thiruvalla, Kerala",MD - Anaesthesiology,2
3125,Kerala,Trust,"Believers Church Medical College Hospital, Thiruvalla, Kerala",MS - Obstetrics and Gynaecology,2
3126,Kerala,Trust,"Believers Church Medical College Hospital, Thiruvalla, Kerala",MS - Ophthalmology,2
3127,Kerala,Trust,"Believers Church Medical College Hospital, Thiruvalla, Kerala",MS - Orthopaedics,2
3128,Kerala,Trust,"Dr. Moopen s Medical College, Wayanad, Kerala",MD - General Medicine,2
3129,Kerala,Trust,"Dr. Moopen s Medical College, Wayanad, Kerala",MS - General Surgery,2
3130,Kerala,Trust,"Dr. Moopen s Medical College, Wayanad, Kerala",MD - Anaesthesiology,2
3131,Kerala,Trust,"Dr. Moopen s Medical College, Wayanad, Kerala",MD Radiology,2
3132,Kerala,Trust,"Dr. Moopen s Medical College, Wayanad, Kerala",MS - Otorhinolaryngology,2
3133,Kerala,Trust,"Dr. Moopen s Medical College, Wayanad, Kerala",MS - Orthopaedics,2
3134,Kerala,Trust,"Dr. Moopen s Medical College, Wayanad, Kerala",MD - Paediatrics,2
3135,Kerala,Trust,"Dr. Moopen s Medical College, Wayanad, Kerala",MS - Obstetrics & Gynaecology,2
3136,Kerala,Trust,"Dr. Somervel Memorial CSI Hospital & Medical College Karakonam
Thiruvananthapuram",MD - Microbiology,2
3137,Kerala,Trust,"Dr. Somervel Memorial CSI Hospital & Medical College Karakonam
Thiruvananthapuram",MD - Psychiatry,3
3138,Kerala,Trust,"Dr. Somervel Memorial CSI Hospital & Medical College Karakonam
Thiruvananthapuram",MS - ENT,2
3139,Kerala,Trust,"Dr. Somervel Memorial CSI Hospital & Medical College Karakonam
Thiruvananthapuram",MS - Ophthalmology,5
3140,Kerala,Trust,"Dr. Somervel Memorial CSI Hospital & Medical College Karakonam
Thiruvananthapuram",MS - General Surgery,4
3141,Kerala,Trust,"Dr. Somervel Memorial CSI Hospital & Medical College Karakonam
Thiruvananthapuram",MD - General Medicine,2
3142,Kerala,Trust,"Dr. Somervel Memorial CSI Hospital & Medical College Karakonam
Thiruvananthapuram",MD - Pathology,4
3143,Kerala,Trust,"Dr. Somervel Memorial CSI Hospital & Medical College Karakonam
Thiruvananthapuram","MD - Social & Preventive Medicine / Community
Medicine",4
3144,Kerala,Trust,"Dr. Somervel Memorial CSI Hospital & Medical College Karakonam
Thiruvananthapuram",MS - Obstetrics & Gynaecology,2
3145,Kerala,Trust,"Dr. Somervel Memorial CSI Hospital & Medical College Karakonam
Thiruvananthapuram",MD - Radio Diagnosis/Radiology,3
3146,Kerala,Trust,"Dr. Somervel Memorial CSI Hospital & Medical College Karakonam
Thiruvananthapuram",MD - Paediatrics,3
3147,Kerala,Trust,"Dr. Somervel Memorial CSI Hospital & Medical College Karakonam
Thiruvananthapuram",MS - Orthopaedics,3
3148,Kerala,Trust,"Dr. Somervel Memorial CSI Hospital & Medical College Karakonam
Thiruvananthapuram",MD - Anaesthesiology,2
3149,Kerala,Trust,"Dr. Somervel Memorial CSI Hospital & Medical College Karakonam
Thiruvananthapuram","MD - Dermatology , Venereology & Leprosy",2
3150,Kerala,Govt,"Government Medical College (Institute of Integrated Medical Sciences) Yakkara Palakkad,Government Medical College Yakkara Palakkad",MD - Community Medicine,3
3151,Kerala,Govt,"Government Medical College (Institute of Integrated Medical Sciences) Yakkara Palakkad,Government Medical College Yakkara Palakkad",MD - Microbiology,3
3152,Kerala,Govt,"Government Medical College (Institute of Integrated Medical Sciences) Yakkara Palakkad,Government Medical College Yakkara Palakkad",MD - Pharmacology,3
3153,Kerala,Govt,"Government Medical College (Institute of Integrated Medical Sciences) Yakkara Palakkad,Government Medical College Yakkara Palakkad",MD - Pathology,3
3154,Kerala,Govt,"Government Medical College, Ernakulam",MD - Pathology,2
3155,Kerala,Govt,"Government Medical College, Ernakulam",MD - Microbiology,2
3156,Kerala,Govt,"Government Medical College, Ernakulam",MD - Psychiatry,2
3157,Kerala,Govt,"Government Medical College, Ernakulam",MD - Paediatrics,2
3158,Kerala,Govt,"Government Medical College, Ernakulam",MD - General Medicine,3
3159,Kerala,Govt,"Government Medical College, Kottayam",MD- Anaesthesiology,14
3160,Kerala,Govt,"Government Medical College, Kottayam",MD - Anatomy,2
3161,Kerala,Govt,"Government Medical College, Kottayam",MD- Biochemistry,2
3162,Kerala,Govt,"Government Medical College, Kottayam",MD- Community Medicine,2
3163,Kerala,Govt,"Government Medical College, Kottayam","MD- Dermatology, Veneerology & Leprosy",5
3164,Kerala,Govt,"Government Medical College, Kottayam",MD - Forensic Medicine,2
3165,Kerala,Govt,"Government Medical College, Kottayam",MD- General Medicine,14
3166,Kerala,Govt,"Government Medical College, Kottayam",MD- Microbiology,2
3167,Kerala,Govt,"Government Medical College, Kottayam",MD- Pathology,8
3168,Kerala,Govt,"Government Medical College, Kottayam",MD- Padiatrics,10
3169,Kerala,Govt,"Government Medical College, Kottayam",MD- Pharmacology,2
3170,Kerala,Govt,"Government Medical College, Kottayam",MD- Physiology,2
3171,Kerala,Govt,"Government Medical College, Kottayam",MD- Physical Medicine and Rehabilitation,1
3172,Kerala,Govt,"Government Medical College, Kottayam",MD- Psychiatry,2
3173,Kerala,Govt,"Government Medical College, Kottayam",MD- Radiodiagnosis,3
3174,Kerala,Govt,"Government Medical College, Kottayam",MD- Radiotherapy,2
3175,Kerala,Govt,"Government Medical College, Kottayam",MS- Otorhinolaryngology,6
3176,Kerala,Govt,"Government Medical College, Kottayam",MS General Surgery,12
3177,Kerala,Govt,"Government Medical College, Kottayam",MS Ophthalmology,6
3178,Kerala,Govt,"Government Medical College, Kottayam",MS Orthopeadics,9
3179,Kerala,Govt,"Government Medical College, Kottayam",MS obstetrics& Gynaecology,11
3180,Kerala,Govt,"Government Medical College, Kottayam",MD-Pulmonary Medicine,2
3181,Kerala,Govt,"Government Medical College, Kozhikode, Calicut",MD - Anaesthesiology,25
3182,Kerala,Govt,"Government Medical College, Kozhikode, Calicut",MD - Bio-Chemistry,3
3183,Kerala,Govt,"Government Medical College, Kozhikode, Calicut","MD - Dermatology , Venereology & Leprosy",7
3184,Kerala,Govt,"Government Medical College, Kozhikode, Calicut",MD - Emergency Medicine,2
3185,Kerala,Govt,"Government Medical College, Kozhikode, Calicut",MD - Family Medicine,2
3186,Kerala,Govt,"Government Medical College, Kozhikode, Calicut","MD - Forensic Medicine/Forensic Medicine &
Toxicology",3
3187,Kerala,Govt,"Government Medical College, Kozhikode, Calicut",MD - General Medicine,20
3188,Kerala,Govt,"Government Medical College, Kozhikode, Calicut",MD - Microbiology,3
3189,Kerala,Govt,"Government Medical College, Kozhikode, Calicut",MD - Paediatrics,20
3190,Kerala,Govt,"Government Medical College, Kozhikode, Calicut",MD - Pathology,11
3191,Kerala,Govt,"Government Medical College, Kozhikode, Calicut",MD - Pharmacology,2
3192,Kerala,Govt,"Government Medical College, Kozhikode, Calicut",MD - Physical Medicine & Rehabilitation,6
3193,Kerala,Govt,"Government Medical College, Kozhikode, Calicut",MD - Physiology,5
3194,Kerala,Govt,"Government Medical College, Kozhikode, Calicut",MD - Psychiatry,4
3195,Kerala,Govt,"Government Medical College, Kozhikode, Calicut",MD - Radio Diagnosis/Radiology,11
3196,Kerala,Govt,"Government Medical College, Kozhikode, Calicut",MD - Radiotherapy/ Radiation Oncology,4
3197,Kerala,Govt,"Government Medical College, Kozhikode, Calicut","MD - Social & Preventive Medicine / Community
Medicine",4
3198,Kerala,Govt,"Government Medical College, Kozhikode, Calicut","MD - Tuberculosis & Respiratory Diseases /
Pulmonary Medicine",7
3199,Kerala,Govt,"Government Medical College, Kozhikode, Calicut",MD - Anatomy,6
3200,Kerala,Govt,"Government Medical College, Kozhikode, Calicut",MS - Ophthalmology,9
3201,Kerala,Govt,"Government Medical College, Kozhikode, Calicut",MS - ENT,6
3202,Kerala,Govt,"Government Medical College, Kozhikode, Calicut",MS - General Surgery,19
3203,Kerala,Govt,"Government Medical College, Kozhikode, Calicut",MS - Obstetrics & Gynaecology,24
3204,Kerala,Govt,"Government Medical College, Kozhikode, Calicut",MS - Orthopaedics,12
3205,Kerala,Govt,"Government Medical College, Manjeri, Malapuram Dist.","MD - Dermatology , Venereology & Leprosy",2
3206,Kerala,Govt,"Government Medical College, Manjeri, Malapuram Dist.",MS - Otorhinolaryngology,2
3207,Kerala,Govt,"Government Medical College, Manjeri, Malapuram Dist.",MS - Ophthalmology,2
3208,Kerala,Govt,"Government Medical College, Parippally, Kollam",MD - Community Medicine,2
3209,Kerala,Govt,"Government Medical College, Parippally, Kollam",MD - Forensic Medicine,2
3210,Kerala,Govt,"Government Medical College, Parippally, Kollam",MD - Microbiology,2
3211,Kerala,Govt,"Government Medical College, Parippally, Kollam",MD - Pathology,2
3212,Kerala,Govt,"Government Medical College, Thrissur",MD - Anatomy,2
3213,Kerala,Govt,"Government Medical College, Thrissur",MD - Physiology,4
3214,Kerala,Govt,"Government Medical College, Thrissur",MD - Bio-Chemistry,2
3215,Kerala,Govt,"Government Medical College, Thrissur",MD - Pathology,10
3216,Kerala,Govt,"Government Medical College, Thrissur",MD - Microbiology,6
3217,Kerala,Govt,"Government Medical College, Thrissur",MD - Pharmacology,4
3218,Kerala,Govt,"Government Medical College, Thrissur","MD - Forensic Medicine/Forensic Medicine &
Toxicology",3
3219,Kerala,Govt,"Government Medical College, Thrissur","MD - Social & Preventive Medicine / Community
Medicine",3
3220,Kerala,Govt,"Government Medical College, Thrissur",MS - General Surgery,17
3221,Kerala,Govt,"Government Medical College, Thrissur",MD - General Medicine,14
3222,Kerala,Govt,"Government Medical College, Thrissur",MD - Paediatrics,9
3223,Kerala,Govt,"Government Medical College, Thrissur",MD - Psychiatry,4
3224,Kerala,Govt,"Government Medical College, Thrissur","MD - Dermatology , Venereology & Leprosy",4
3225,Kerala,Govt,"Government Medical College, Thrissur","MD - Tuberculosis & Respiratory Diseases /
Pulmonary Medicine",4
3226,Kerala,Govt,"Government Medical College, Thrissur",MS - Orthopaedics,10
3227,Kerala,Govt,"Government Medical College, Thrissur",MD - Radio Diagnosis/Radiology,5
3228,Kerala,Govt,"Government Medical College, Thrissur",MD - Radiotherapy/ Radiation Oncology,2
3229,Kerala,Govt,"Government Medical College, Thrissur",MS - ENT,2
3230,Kerala,Govt,"Government Medical College, Thrissur",MS - Ophthalmology,7
3231,Kerala,Govt,"Government Medical College, Thrissur",MS - Obstetrics & Gynaecology,9
3232,Kerala,Govt,"Government Medical College, Thrissur",MD - Anaesthesiology,22
3233,Kerala,Trust,Jubilee Mission Medical College & Research Institute Thrissur,MD - Radio Diagnosis/Radiology,3
3234,Kerala,Trust,Jubilee Mission Medical College & Research Institute Thrissur,MD - Anaesthesiology,4
3235,Kerala,Trust,Jubilee Mission Medical College & Research Institute Thrissur,MS - Orthopaedics,3
3236,Kerala,Trust,Jubilee Mission Medical College & Research Institute Thrissur,MD - Emergency Medicine,3
3237,Kerala,Trust,Jubilee Mission Medical College & Research Institute Thrissur,"MD - Dermatology , Venereology & Leprosy",2
3238,Kerala,Trust,Jubilee Mission Medical College & Research Institute Thrissur,MD - Physiology,1
3239,Kerala,Trust,Jubilee Mission Medical College & Research Institute Thrissur,MD - Psychiatry,3
3240,Kerala,Trust,Jubilee Mission Medical College & Research Institute Thrissur,MD - Microbiology,2
3241,Kerala,Trust,Jubilee Mission Medical College & Research Institute Thrissur,MS - Ophthalmology,2
3242,Kerala,Trust,Jubilee Mission Medical College & Research Institute Thrissur,MS - Obstetrics & Gynaecology,4
3243,Kerala,Trust,Jubilee Mission Medical College & Research Institute Thrissur,"MD - Social & Preventive Medicine / Community
Medicine",2
3244,Kerala,Trust,Jubilee Mission Medical College & Research Institute Thrissur,MD - General Medicine,4
3245,Kerala,Trust,Jubilee Mission Medical College & Research Institute Thrissur,MD - Paediatrics,4
3246,Kerala,Trust,Jubilee Mission Medical College & Research Institute Thrissur,MD - Immuno Haematology & Blood Transfusion,2
3247,Kerala,Trust,Jubilee Mission Medical College & Research Institute Thrissur,MD - Pathology,3
3248,Kerala,Trust,Jubilee Mission Medical College & Research Institute Thrissur,MS - ENT,3
3249,Kerala,Trust,Jubilee Mission Medical College & Research Institute Thrissur,MS - General Surgery,5
3250,Kerala,Trust,Jubilee Mission Medical College & Research Institute Thrissur,MD - Respiratory Medicine,2
3251,Kerala,Trust,"Kannur Medical College, Kannur","MD - Social & Preventive Medicine / Community
Medicine",2
3252,Kerala,Trust,"Kannur Medical College, Kannur",MD - Physiology,2
3253,Kerala,Trust,"Kannur Medical College, Kannur",MD - Microbiology,2
3254,Kerala,Trust,"Kannur Medical College, Kannur",MS - Ophthalmology,2
3255,Kerala,Trust,"Kannur Medical College, Kannur",MD - Radio Diagnosis/Radiology,2
3256,Kerala,Trust,"Kannur Medical College, Kannur",MD - Pharmacology,2
3257,Kerala,Trust,"Kannur Medical College, Kannur",MD - Psychiatry,2
3258,Kerala,Trust,"Kannur Medical College, Kannur",MD - Anatomy,2
3259,Kerala,Trust,"Kannur Medical College, Kannur","MD - Dermatology , Venereology & Leprosy",1
3260,Kerala,Trust,"Kannur Medical College, Kannur",MD - Pathology,2
3261,Kerala,Trust,"Kannur Medical College, Kannur",MD - Bio-Chemistry,1
3262,Kerala,Trust,"Karuna Medical College, Palakkad",MD - Pathology,2
3263,Kerala,Trust,"Karuna Medical College, Palakkad",MD - Physiology,2
3264,Kerala,Trust,"Karuna Medical College, Palakkad",MD - Bio-Chemistry,1
3265,Kerala,Trust,"Karuna Medical College, Palakkad",MD - Anatomy,2
3266,Kerala,Trust,"Karuna Medical College, Palakkad",MD - Microbiology,1
3267,Kerala,Trust,"Karuna Medical College, Palakkad",MD - Pharmacology,2
3268,Kerala,Trust,"KMCT Medical College,Kozhikode, Calicut",MD - Anaesthesiology,7
3269,Kerala,Trust,"KMCT Medical College,Kozhikode, Calicut",MD - Bio-Chemistry,3
3270,Kerala,Trust,"KMCT Medical College,Kozhikode, Calicut","MD - Dermatology , Venereology & Leprosy",7
3271,Kerala,Trust,"KMCT Medical College,Kozhikode, Calicut",MD - Emergency Medicine,2
3272,Kerala,Trust,"KMCT Medical College,Kozhikode, Calicut",MD - Family Medicine,3
3273,Kerala,Trust,"KMCT Medical College,Kozhikode, Calicut",MD - General Medicine,7
3274,Kerala,Trust,"KMCT Medical College,Kozhikode, Calicut",MD - Geriatrics,2
3275,Kerala,Trust,"KMCT Medical College,Kozhikode, Calicut",MD - Microbiology,2
3276,Kerala,Trust,"KMCT Medical College,Kozhikode, Calicut",MD - Paediatrics,7
3277,Kerala,Trust,"KMCT Medical College,Kozhikode, Calicut",MD - Pathology,4
3278,Kerala,Trust,"KMCT Medical College,Kozhikode, Calicut",MD - Pharmacology,2
3279,Kerala,Trust,"KMCT Medical College,Kozhikode, Calicut",MD - Physical Medicine & Rehabilitation,3
3280,Kerala,Trust,"KMCT Medical College,Kozhikode, Calicut",MD - Physiology,3
3281,Kerala,Trust,"KMCT Medical College,Kozhikode, Calicut",MD - Psychiatry,4
3282,Kerala,Trust,"KMCT Medical College,Kozhikode, Calicut",MD - Radio Diagnosis/Radiology,5
3283,Kerala,Trust,"KMCT Medical College,Kozhikode, Calicut","MD - Social & Preventive Medicine / Community
Medicine",2
3284,Kerala,Trust,"KMCT Medical College,Kozhikode, Calicut","MD - Tuberculosis & Respiratory Diseases /
Pulmonary Medicine",4
3285,Kerala,Trust,"KMCT Medical College,Kozhikode, Calicut",MD - Anatomy,3
3286,Kerala,Trust,"KMCT Medical College,Kozhikode, Calicut",MS - Ophthalmology,6
3287,Kerala,Trust,"KMCT Medical College,Kozhikode, Calicut",MS - ENT,5
3288,Kerala,Trust,"KMCT Medical College,Kozhikode, Calicut",MS - General Surgery,7
3289,Kerala,Trust,"KMCT Medical College,Kozhikode, Calicut",MS - Obstetrics & Gynaecology,7
3290,Kerala,Trust,"KMCT Medical College,Kozhikode, Calicut",MS - Orthopaedics,5
3291,Kerala,Trust,"M E S Medical College , Perintalmanna Malappuram Distt.Kerala",MD - Paediatrics,4
3292,Kerala,Trust,"M E S Medical College , Perintalmanna Malappuram Distt.Kerala",MS - Orthopaedics,3
3293,Kerala,Trust,"M E S Medical College , Perintalmanna Malappuram Distt.Kerala",Diploma in Clinical Pathology,3
3294,Kerala,Trust,"M E S Medical College , Perintalmanna Malappuram Distt.Kerala",MD - Microbiology,2
3295,Kerala,Trust,"M E S Medical College , Perintalmanna Malappuram Distt.Kerala",MD - Anatomy,2
3296,Kerala,Trust,"M E S Medical College , Perintalmanna Malappuram Distt.Kerala","MD - Dermatology , Venereology & Leprosy",3
3297,Kerala,Trust,"M E S Medical College , Perintalmanna Malappuram Distt.Kerala","MD - Tuberculosis & Respiratory Diseases /
Pulmonary Medicine",2
3298,Kerala,Trust,"M E S Medical College , Perintalmanna Malappuram Distt.Kerala",MS - Ophthalmology,3
3299,Kerala,Trust,"M E S Medical College , Perintalmanna Malappuram Distt.Kerala",MS - General Surgery,4
3300,Kerala,Trust,"M E S Medical College , Perintalmanna Malappuram Distt.Kerala",MD - Pathology,2
3301,Kerala,Trust,"M E S Medical College , Perintalmanna Malappuram Distt.Kerala","MD - Social & Preventive Medicine / Community
Medicine",2
3302,Kerala,Trust,"M E S Medical College , Perintalmanna Malappuram Distt.Kerala",MD - Pharmacology,2
3303,Kerala,Trust,"M E S Medical College , Perintalmanna Malappuram Distt.Kerala",MD - Anaesthesiology,5
3304,Kerala,Trust,"M E S Medical College , Perintalmanna Malappuram Distt.Kerala",MD - Psychiatry,3
3305,Kerala,Trust,"M E S Medical College , Perintalmanna Malappuram Distt.Kerala",MS - Obstetrics & Gynaecology,3
3306,Kerala,Trust,"M E S Medical College , Perintalmanna Malappuram Distt.Kerala",MD - Bio-Chemistry,1
3307,Kerala,Trust,"M E S Medical College , Perintalmanna Malappuram Distt.Kerala",MD - General Medicine,4
3308,Kerala,Trust,"M E S Medical College , Perintalmanna Malappuram Distt.Kerala",MD - Radio Diagnosis/Radiology,3
3309,Kerala,Trust,"M E S Medical College , Perintalmanna Malappuram Distt.Kerala",MS - ENT,3
3310,Kerala,Trust,"Malabar Medical College, Kozhikode,Calicut",MS - Obstetrics & Gynaecology,4
3311,Kerala,Trust,"Malabar Medical College, Kozhikode,Calicut",MD - Anatomy,2
3312,Kerala,Trust,"Malabar Medical College, Kozhikode,Calicut","MD - Dermatology , Venereology & Leprosy",3
3313,Kerala,Trust,"Malabar Medical College, Kozhikode,Calicut",MD - General Medicine,4
3314,Kerala,Trust,"Malabar Medical College, Kozhikode,Calicut",MS - General Surgery,4
3315,Kerala,Trust,"Malabar Medical College, Kozhikode,Calicut",MD - Anaesthesiology,2
3316,Kerala,Trust,"Malabar Medical College, Kozhikode,Calicut",MD - Microbiology,2
3317,Kerala,Trust,"Malabar Medical College, Kozhikode,Calicut",MS - Orthopaedics,4
3318,Kerala,Trust,"Malabar Medical College, Kozhikode,Calicut","MD - Social & Preventive Medicine / Community
Medicine",5
3319,Kerala,Trust,"Malabar Medical College, Kozhikode,Calicut",MD - Psychiatry,2
3320,Kerala,Trust,"Malabar Medical College, Kozhikode,Calicut",MS - Ophthalmology,3
3321,Kerala,Trust,"Malabar Medical College, Kozhikode,Calicut",MD - Respiratory Medicine,2
3322,Kerala,Trust,"Malabar Medical College, Kozhikode,Calicut",MD - Emergency Medicine,3
3323,Kerala,Trust,"Malabar Medical College, Kozhikode,Calicut",MD - Radio Diagnosis,2
3324,Kerala,Trust,"Malabar Medical College, Kozhikode,Calicut",MS - ENT,3
3325,Kerala,Trust,"Malabar Medical College, Kozhikode,Calicut",MD - Pathology,3
3326,Kerala,Trust,"Malabar Medical College, Kozhikode,Calicut",MD - Paediatrics,4
3327,Kerala,Trust,"Malabar Medical College, Kozhikode,Calicut",MD - Bio-Chemistry,2
3328,Kerala,Trust,"Malankara Orthodox Syrian Church Medical College, Kolenchery",MD - Psychiatry,3
3329,Kerala,Trust,"Malankara Orthodox Syrian Church Medical College, Kolenchery",MD - Anaesthesiology,4
3330,Kerala,Trust,"Malankara Orthodox Syrian Church Medical College, Kolenchery",MD - Radio Diagnosis/Radiology,2
3331,Kerala,Trust,"Malankara Orthodox Syrian Church Medical College, Kolenchery",MD - Paediatrics,5
3332,Kerala,Trust,"Malankara Orthodox Syrian Church Medical College, Kolenchery",MD - General Medicine,3
3333,Kerala,Trust,"Malankara Orthodox Syrian Church Medical College, Kolenchery",MS - Obstetrics & Gynaecology,5
3334,Kerala,Trust,"Malankara Orthodox Syrian Church Medical College, Kolenchery",MS - Orthopaedics,2
3335,Kerala,Trust,"Malankara Orthodox Syrian Church Medical College, Kolenchery",MS - General Surgery,2
3336,Kerala,Govt,"Medical College, Thiruvananthapuram","MD - Forensic Medicine/Forensic Medicine &
Toxicology",4
3337,Kerala,Govt,"Medical College, Thiruvananthapuram",MD - Physical Medicine & Rehabilitation,3
3338,Kerala,Govt,"Medical College, Thiruvananthapuram",MD - General Medicine,24
3339,Kerala,Govt,"Medical College, Thiruvananthapuram",MD - Paediatrics,24
3340,Kerala,Govt,"Medical College, Thiruvananthapuram",MS - Obstetrics & Gynaecology,30
3341,Kerala,Govt,"Medical College, Thiruvananthapuram",MD - Microbiology,4
3342,Kerala,Govt,"Medical College, Thiruvananthapuram",MD - Radiotherapy/ Radiation Oncology,6
3343,Kerala,Govt,"Medical College, Thiruvananthapuram",MS - Ophthalmology,12
3344,Kerala,Govt,"Medical College, Thiruvananthapuram",MD - Pathology,12
3345,Kerala,Govt,"Medical College, Thiruvananthapuram",MD - Immuno Haematology & Blood Transfusion,3
3346,Kerala,Govt,"Medical College, Thiruvananthapuram","MD - Tuberculosis & Respiratory Diseases /
Pulmonary Medicine",9
3347,Kerala,Govt,"Medical College, Thiruvananthapuram",MD - Physiology,5
3348,Kerala,Govt,"Medical College, Thiruvananthapuram",MD - Bio-Chemistry,4
3349,Kerala,Govt,"Medical College, Thiruvananthapuram","MD - Social & Preventive Medicine / Community
Medicine",7
3350,Kerala,Govt,"Medical College, Thiruvananthapuram",MD - Anaesthesiology,18
3351,Kerala,Govt,"Medical College, Thiruvananthapuram",MD - Emergency Medicine,3
3352,Kerala,Govt,"Medical College, Thiruvananthapuram",MS - General Surgery,24
3353,Kerala,Govt,"Medical College, Thiruvananthapuram","MD - Dermatology , Venereology & Leprosy",6
3354,Kerala,Govt,"Medical College, Thiruvananthapuram",MD - Pharmacology,6
3355,Kerala,Govt,"Medical College, Thiruvananthapuram",MS - Orthopaedics,18
3356,Kerala,Govt,"Medical College, Thiruvananthapuram",MD - Psychiatry,12
3357,Kerala,Govt,"Medical College, Thiruvananthapuram",MS - ENT,7
3358,Kerala,Govt,"Medical College, Thiruvananthapuram",MD - Radio Diagnosis/Radiology,9
3359,Kerala,Govt,"Medical College, Thiruvananthapuram",MD - Anatomy,4
3360,Kerala,Society,"Mount Zion Medical College, Chayalode, Ezhamkulam Adoor,
Pathanamthitta",MS - Orthopaedics,1
3361,Kerala,Society,"Mount Zion Medical College, Chayalode, Ezhamkulam Adoor,
Pathanamthitta",MD - General Medicine,2
3362,Kerala,Society,"Mount Zion Medical College, Chayalode, Ezhamkulam Adoor,
Pathanamthitta",MS - General Surgery,2
3363,Kerala,Trust,"P K Das Institute of Medical Sciences, Palakkad, Kerala",MD - Anaesthesiology,2
3364,Kerala,Trust,"P K Das Institute of Medical Sciences, Palakkad, Kerala",MD - Dermatology,2
3365,Kerala,Trust,"P K Das Institute of Medical Sciences, Palakkad, Kerala",MD - Psychiatry,2
3366,Kerala,Trust,"P K Das Institute of Medical Sciences, Palakkad, Kerala",MD - General Medicine,2
3367,Kerala,Trust,"P K Das Institute of Medical Sciences, Palakkad, Kerala",MS - Otorhinolaryngology,2
3368,Kerala,Trust,"P K Das Institute of Medical Sciences, Palakkad, Kerala",MD - Pharmacology,2
3369,Kerala,Trust,"P K Das Institute of Medical Sciences, Palakkad, Kerala",MS - General Surgery,2
3370,Kerala,Trust,"Pushpagiri Institute Of Medical Sciences and Research Centre, Tiruvalla","MD - Tuberculosis & Respiratory Diseases /
Pulmonary Medicine",4
3371,Kerala,Trust,"Pushpagiri Institute Of Medical Sciences and Research Centre, Tiruvalla",MD - Anatomy,2
3372,Kerala,Trust,"Pushpagiri Institute Of Medical Sciences and Research Centre, Tiruvalla",MD - Physiology,2
3373,Kerala,Trust,"Pushpagiri Institute Of Medical Sciences and Research Centre, Tiruvalla",MD - Pharmacology,1
3374,Kerala,Trust,"Pushpagiri Institute Of Medical Sciences and Research Centre, Tiruvalla","MD - Dermatology , Venereology & Leprosy",3
3375,Kerala,Trust,"Pushpagiri Institute Of Medical Sciences and Research Centre, Tiruvalla",MD - Microbiology,2
3376,Kerala,Trust,"Pushpagiri Institute Of Medical Sciences and Research Centre, Tiruvalla",MS - Ophthalmology,1
3377,Kerala,Trust,"Pushpagiri Institute Of Medical Sciences and Research Centre, Tiruvalla",MD - Paediatrics,6
3378,Kerala,Trust,"Pushpagiri Institute Of Medical Sciences and Research Centre, Tiruvalla",MS - General Surgery,4
3379,Kerala,Trust,"Pushpagiri Institute Of Medical Sciences and Research Centre, Tiruvalla",MD - Psychiatry,4
3380,Kerala,Trust,"Pushpagiri Institute Of Medical Sciences and Research Centre, Tiruvalla",MD - Bio-Chemistry,2
3381,Kerala,Trust,"Pushpagiri Institute Of Medical Sciences and Research Centre, Tiruvalla",MD - Pathology,4
3382,Kerala,Trust,"Pushpagiri Institute Of Medical Sciences and Research Centre, Tiruvalla",MD - Anaesthesiology,6
3383,Kerala,Trust,"Pushpagiri Institute Of Medical Sciences and Research Centre, Tiruvalla","MD - Social & Preventive Medicine / Community
Medicine",4
3384,Kerala,Trust,"Pushpagiri Institute Of Medical Sciences and Research Centre, Tiruvalla",MS - ENT,2
3385,Kerala,Trust,"Pushpagiri Institute Of Medical Sciences and Research Centre, Tiruvalla",MD - General Medicine,6
3386,Kerala,Trust,"Pushpagiri Institute Of Medical Sciences and Research Centre, Tiruvalla",MD - Radio Diagnosis/Radiology,4
3387,Kerala,Trust,"Pushpagiri Institute Of Medical Sciences and Research Centre, Tiruvalla",MS - Obstetrics & Gynaecology,4
3388,Kerala,Trust,"Pushpagiri Institute Of Medical Sciences and Research Centre, Tiruvalla",MS - Orthopaedics,4
3389,Kerala,Govt,"Regional Cancer Centre, Thiruvanthapuram",MD - Radiotherapy/ Radiation Oncology,8
3390,Kerala,Govt,"Regional Cancer Centre, Thiruvanthapuram",MD - Anaesthesiology,6
3391,Kerala,Govt,"Regional Cancer Centre, Thiruvanthapuram",MD - Pathology,2
3392,Kerala,Trust,"Sree Gokulam Medical College Trust & Research Foundation, Trivandrum",MS - Orthopaedics,2
3393,Kerala,Trust,"Sree Gokulam Medical College Trust & Research Foundation, Trivandrum",MS - ENT,3
3394,Kerala,Trust,"Sree Gokulam Medical College Trust & Research Foundation, Trivandrum","MD - Social & Preventive Medicine / Community
Medicine",2
3395,Kerala,Trust,"Sree Gokulam Medical College Trust & Research Foundation, Trivandrum",MD - Pathology,2
3396,Kerala,Trust,"Sree Gokulam Medical College Trust & Research Foundation, Trivandrum",MS - General Surgery,6
3397,Kerala,Trust,"Sree Gokulam Medical College Trust & Research Foundation, Trivandrum",MD - Radio Diagnosis/Radiology,3
3398,Kerala,Trust,"Sree Gokulam Medical College Trust & Research Foundation, Trivandrum",MD - Anaesthesiology,6
3399,Kerala,Trust,"Sree Gokulam Medical College Trust & Research Foundation, Trivandrum",MD - General Medicine,10
3400,Kerala,Trust,"Sree Gokulam Medical College Trust & Research Foundation, Trivandrum",MD - Pharmacology,2
3401,Kerala,Trust,"Sree Gokulam Medical College Trust & Research Foundation, Trivandrum",MD - Microbiology,3
3402,Kerala,Trust,"Sree Gokulam Medical College Trust & Research Foundation, Trivandrum",MD - Physiology,2
3403,Kerala,Trust,"Sree Gokulam Medical College Trust & Research Foundation, Trivandrum",MD - Anatomy,2
3404,Kerala,Trust,"Sree Gokulam Medical College Trust & Research Foundation, Trivandrum",MS - Obstetrics & Gynaecology,4
3405,Kerala,Trust,"Sree Gokulam Medical College Trust & Research Foundation, Trivandrum",MS - Ophthalmology,3
3406,Kerala,Trust,"Sree Gokulam Medical College Trust & Research Foundation, Trivandrum",MD - Bio-Chemistry,2
3407,Kerala,Trust,"Sree Gokulam Medical College Trust & Research Foundation, Trivandrum",MD - Paediatrics,3
3408,Kerala,Trust,"Sree Gokulam Medical College Trust & Research Foundation, Trivandrum","MD - Dermatology , Venereology & Leprosy",2
3409,Kerala,Trust,"Sree Narayana Instt. of Medical Sciences, Chalakka,Ernakulam",MD - Paediatrics,1
3410,Kerala,Trust,"Sree Narayana Instt. of Medical Sciences, Chalakka,Ernakulam",MD - Psychiatry,2
3411,Kerala,Trust,"Sree Narayana Instt. of Medical Sciences, Chalakka,Ernakulam",MS - Orthopaedics,2
3412,Kerala,Trust,"Sree Narayana Instt. of Medical Sciences, Chalakka,Ernakulam",MD - Pharmacology,2
3413,Kerala,Trust,"Sree Narayana Instt. of Medical Sciences, Chalakka,Ernakulam",MD - Respiratory Medicine,2
3414,Kerala,Trust,"Sree Narayana Instt. of Medical Sciences, Chalakka,Ernakulam",MS - Otorhinolaryngology,1
3415,Kerala,Trust,"Sree Narayana Instt. of Medical Sciences, Chalakka,Ernakulam",MD - General Medicine,2
3416,Kerala,Trust,"Sree Narayana Instt. of Medical Sciences, Chalakka,Ernakulam",MD - Community Medicine,2
3417,Kerala,Trust,"Sree Uthradom Thiurnal Academy of Medical Sciences,Trivandrum",MD - Physiology,2
3418,Kerala,Trust,"Sree Uthradom Thiurnal Academy of Medical Sciences,Trivandrum",MS - General Surgery,2
3419,Kerala,Trust,"Sree Uthradom Thiurnal Academy of Medical Sciences,Trivandrum",MD - Microbiology,2
3420,Kerala,Trust,"Sree Uthradom Thiurnal Academy of Medical Sciences,Trivandrum",MD - Pathology,2
3421,Kerala,Trust,"Sree Uthradom Thiurnal Academy of Medical Sciences,Trivandrum",MD - Anatomy,2
3422,Kerala,Trust,"Sree Uthradom Thiurnal Academy of Medical Sciences,Trivandrum",MS - Otorhinolaryngology,2
3423,Kerala,Trust,"Sree Uthradom Thiurnal Academy of Medical Sciences,Trivandrum",MD - Psychiatry,2
3424,Kerala,Trust,"Sree Uthradom Thiurnal Academy of Medical Sciences,Trivandrum",MD - Radio Diagnosis,2
3425,Kerala,Trust,"Sree Uthradom Thiurnal Academy of Medical Sciences,Trivandrum","MD - Dermatology , Venereology & Leprosy",2
3426,Kerala,Trust,"Sree Uthradom Thiurnal Academy of Medical Sciences,Trivandrum",MS - Orthopaedics,2
3427,Kerala,Trust,"Sree Uthradom Thiurnal Academy of Medical Sciences,Trivandrum",MS - Obstetrics & Gynaecology,2
3428,Kerala,Trust,"Sree Uthradom Thiurnal Academy of Medical Sciences,Trivandrum",MD - General Medicine,2
3429,Kerala,Trust,"Sree Uthradom Thiurnal Academy of Medical Sciences,Trivandrum",MD - Paediatrics,2
3430,Kerala,Trust,"Sree Uthradom Thiurnal Academy of Medical Sciences,Trivandrum",MD - Pharmacology,2
3431,Kerala,Trust,"Sree Uthradom Thiurnal Academy of Medical Sciences,Trivandrum",MD - Anaesthesiology,2
3432,Kerala,Trust,"Sree Uthradom Thiurnal Academy of Medical Sciences,Trivandrum",MS - Ophthalmology,2
3433,Kerala,Trust,"Sree Uthradom Thiurnal Academy of Medical Sciences,Trivandrum",MD - Respiratory Medicine,2
3434,Kerala,Trust,"Sree Uthradom Thiurnal Academy of Medical Sciences,Trivandrum",MD - Community Medicine,2
3435,Kerala,Govt,"T D Medical College, Alleppey (Allappuzha)","MD - Forensic Medicine/Forensic Medicine &
Toxicology",1
3436,Kerala,Govt,"T D Medical College, Alleppey (Allappuzha)",MD - Psychiatry,3
3437,Kerala,Govt,"T D Medical College, Alleppey (Allappuzha)",MS - General Surgery,3
3438,Kerala,Govt,"T D Medical College, Alleppey (Allappuzha)",MD - Anaesthesiology,4
3439,Kerala,Govt,"T D Medical College, Alleppey (Allappuzha)",MD - Radio Diagnosis/Radiology,4
3440,Kerala,Govt,"T D Medical College, Alleppey (Allappuzha)",MD - General Medicine,16
3441,Kerala,Govt,"T D Medical College, Alleppey (Allappuzha)",MD - Radiotherapy/ Radiation Oncology,3
3442,Kerala,Govt,"T D Medical College, Alleppey (Allappuzha)",MD - Physiology,2
3443,Kerala,Govt,"T D Medical College, Alleppey (Allappuzha)",MD - Pathology,2
3444,Kerala,Govt,"T D Medical College, Alleppey (Allappuzha)",MD - Microbiology,2
3445,Kerala,Govt,"T D Medical College, Alleppey (Allappuzha)","MD - Dermatology , Venereology & Leprosy",3
3446,Kerala,Govt,"T D Medical College, Alleppey (Allappuzha)",MD - Pharmacology,2
3447,Kerala,Govt,"T D Medical College, Alleppey (Allappuzha)",MD - Bio-Chemistry,2
3448,Kerala,Govt,"T D Medical College, Alleppey (Allappuzha)",MD - Transfusion Medicine,1
3449,Kerala,Govt,"T D Medical College, Alleppey (Allappuzha)",MS - Orthopaedics,3
3450,Kerala,Govt,"T D Medical College, Alleppey (Allappuzha)",MD - Paediatrics,9
3451,Kerala,Govt,"T D Medical College, Alleppey (Allappuzha)",MS - Ophthalmology,3
3452,Kerala,Govt,"T D Medical College, Alleppey (Allappuzha)",MS - Obstetrics & Gynaecology,8
3453,Kerala,Govt,"T D Medical College, Alleppey (Allappuzha)","MD - Tuberculosis & Respiratory Diseases /
Pulmonary Medicine",2
3454,Kerala,Govt,"T D Medical College, Alleppey (Allappuzha)","MD - Social & Preventive Medicine / Community
Medicine",2
3455,Kerala,Govt,"T D Medical College, Alleppey (Allappuzha)",MS - ENT,3
3456,Kerala,Govt,"T D Medical College, Alleppey (Allappuzha)",MD - Anatomy,2
3457,Kerala,Trust,"Travancore Medical College, Kollam",MD - General Medicine,6
3458,Kerala,Trust,"Travancore Medical College, Kollam",MS - ENT,2
3459,Kerala,Trust,"Travancore Medical College, Kollam",MD - Radio Diagnosis/Radiology,2
3460,Kerala,Trust,"Travancore Medical College, Kollam",MD - Anaesthesiology,4
3461,Kerala,Trust,"Travancore Medical College, Kollam",MS - General Surgery,2
3462,Kerala,Trust,"Travancore Medical College, Kollam",MS - Obstetrics & Gynaecology,4
3463,Kerala,Trust,"Travancore Medical College, Kollam",MD - Respiratory Medicine,2
3464,Kerala,Trust,"Travancore Medical College, Kollam",MD - Emergency Medicine,2
3465,Kerala,Trust,"Travancore Medical College, Kollam",MD - Psychiatry,2
3466,Kerala,Trust,"Travancore Medical College, Kollam",MS - Orthopaedics,1
3467,Kerala,Trust,"Travancore Medical College, Kollam",MS - Ophthalmology,2
3468,Kerala,Trust,"Travancore Medical College, Kollam","MD - Dermatology , Venereology & Leprosy",2
3469,Kerala,Trust,"Travancore Medical College, Kollam",MD - Paediatrics,2
3470,Madhya Pradesh,Society,"Amaltas Institute of Medical Sciences, Dewas",MD - Anaesthesiology,6
3471,Madhya Pradesh,Society,"Amaltas Institute of Medical Sciences, Dewas","MD - Dermatology , Venereology & Leprosy",2
3472,Madhya Pradesh,Society,"Amaltas Institute of Medical Sciences, Dewas",MD - Emergency Medicine,3
3473,Madhya Pradesh,Society,"Amaltas Institute of Medical Sciences, Dewas",MD - General Medicine,5
3474,Madhya Pradesh,Society,"Amaltas Institute of Medical Sciences, Dewas",MS - General Surgery,3
3475,Madhya Pradesh,Society,"Amaltas Institute of Medical Sciences, Dewas",MS - Obstetrics and Gynaecology,4
3476,Madhya Pradesh,Society,"Amaltas Institute of Medical Sciences, Dewas",MS - Ophthalmology,10
3477,Madhya Pradesh,Society,"Amaltas Institute of Medical Sciences, Dewas",MS - Orthopaedics,4
3478,Madhya Pradesh,Society,"Amaltas Institute of Medical Sciences, Dewas",MS - Otorhinolaryngology,3
3479,Madhya Pradesh,Society,"Amaltas Institute of Medical Sciences, Dewas",MD - Paediatrics,6
3480,Madhya Pradesh,Society,"Amaltas Institute of Medical Sciences, Dewas",MD - Pathology,4
3481,Madhya Pradesh,Society,"Amaltas Institute of Medical Sciences, Dewas",MD - Psychiatry,2
3482,Madhya Pradesh,Society,"Amaltas Institute of Medical Sciences, Dewas",MD - Radio Diagnosis,5
3483,Madhya Pradesh,Society,"Amaltas Institute of Medical Sciences, Dewas",MD - Respiratory Medicine,2
3484,Madhya Pradesh,Govt,"Bhopal Memorial Hospital and research Centre, Bhopal",MD Anaesthesia,4
3485,Madhya Pradesh,Govt,"Bhopal Memorial Hospital and research Centre, Bhopal",MD Microbiology,2
3486,Madhya Pradesh,Govt,"Bhopal Memorial Hospital and research Centre, Bhopal",MD Psychiatry,2
3487,Madhya Pradesh,Govt,"Bhopal Memorial Hospital and research Centre, Bhopal",MS Ophthamology,2
3488,Madhya Pradesh,Govt,"Bundelkhand Medical College, Sagar",MD - Emergency Medicine,3
3489,Madhya Pradesh,Govt,"Bundelkhand Medical College, Sagar",MS - General Surgery,6
3490,Madhya Pradesh,Govt,"Bundelkhand Medical College, Sagar",MD - Pathology,2
3491,Madhya Pradesh,Govt,"Bundelkhand Medical College, Sagar",MD - Forensic Medicine,3
3492,Madhya Pradesh,Govt,"Bundelkhand Medical College, Sagar",MD - Paediatrics,4
3493,Madhya Pradesh,Govt,"Bundelkhand Medical College, Sagar",MD - Pharmacology,3
3494,Madhya Pradesh,Govt,"Bundelkhand Medical College, Sagar",MD - Microbiology,3
3495,Madhya Pradesh,Govt,"Bundelkhand Medical College, Sagar",MS - Obstetrics & Gynaecology,3
3496,Madhya Pradesh,Govt,"Bundelkhand Medical College, Sagar",MS - Ophthalmology,5
3497,Madhya Pradesh,Govt,"Bundelkhand Medical College, Sagar",MD - Physiology,3
3498,Madhya Pradesh,Govt,"Bundelkhand Medical College, Sagar",MS - Orthopaedics,5
3499,Madhya Pradesh,Govt,"Bundelkhand Medical College, Sagar",MD - Anaesthesiology,7
3500,Madhya Pradesh,Govt,"Bundelkhand Medical College, Sagar",MD - Bio-Chemistry,3
3501,Madhya Pradesh,Govt,"Bundelkhand Medical College, Sagar",MD - General Medicine,9
3502,Madhya Pradesh,Govt,"Bundelkhand Medical College, Sagar","MD - Social & Preventive Medicine / Community
Medicine",4
3503,Madhya Pradesh,Govt,"Bundelkhand Medical College, Sagar",MS - ENT,5
3504,Madhya Pradesh,Govt,"Bundelkhand Medical College, Sagar",MD - Anatomy,3
3505,Madhya Pradesh,Trust,"Chirayu Medical College and Hospital, Bairagarh,Bhopal",MS - General Surgery,10
3506,Madhya Pradesh,Trust,"Chirayu Medical College and Hospital, Bairagarh,Bhopal",MD - Psychiatry,3
3507,Madhya Pradesh,Trust,"Chirayu Medical College and Hospital, Bairagarh,Bhopal",MD - Paediatrics,11
3508,Madhya Pradesh,Trust,"Chirayu Medical College and Hospital, Bairagarh,Bhopal",MD - General Medicine,8
3509,Madhya Pradesh,Trust,"Chirayu Medical College and Hospital, Bairagarh,Bhopal",MD - Bio-Chemistry,2
3510,Madhya Pradesh,Trust,"Chirayu Medical College and Hospital, Bairagarh,Bhopal",MD - Pharmacology,2
3511,Madhya Pradesh,Trust,"Chirayu Medical College and Hospital, Bairagarh,Bhopal","MD - Social & Preventive Medicine / Community
Medicine",4
3512,Madhya Pradesh,Trust,"Chirayu Medical College and Hospital, Bairagarh,Bhopal",MD - Anatomy,2
3513,Madhya Pradesh,Trust,"Chirayu Medical College and Hospital, Bairagarh,Bhopal",MD - Anaesthesiology,13
3514,Madhya Pradesh,Trust,"Chirayu Medical College and Hospital, Bairagarh,Bhopal",MS - Obstetrics & Gynaecology,3
3515,Madhya Pradesh,Trust,"Chirayu Medical College and Hospital, Bairagarh,Bhopal",MD - Emergency Medicine,1
3516,Madhya Pradesh,Trust,"Chirayu Medical College and Hospital, Bairagarh,Bhopal",MD - Pathology,8
3517,Madhya Pradesh,Trust,"Chirayu Medical College and Hospital, Bairagarh,Bhopal",MD - Radiotherapy/ Radiation Oncology,2
3518,Madhya Pradesh,Trust,"Chirayu Medical College and Hospital, Bairagarh,Bhopal",MS - Ophthalmology,5
3519,Madhya Pradesh,Trust,"Chirayu Medical College and Hospital, Bairagarh,Bhopal","MD - Dermatology , Venereology & Leprosy",3
3520,Madhya Pradesh,Trust,"Chirayu Medical College and Hospital, Bairagarh,Bhopal",MD - Radio Diagnosis/Radiology,4
3521,Madhya Pradesh,Trust,"Chirayu Medical College and Hospital, Bairagarh,Bhopal",MD - Physiology,2
3522,Madhya Pradesh,Trust,"Chirayu Medical College and Hospital, Bairagarh,Bhopal",MS - ENT,5
3523,Madhya Pradesh,Trust,"Chirayu Medical College and Hospital, Bairagarh,Bhopal",MD - Microbiology,4
3524,Madhya Pradesh,Trust,"Chirayu Medical College and Hospital, Bairagarh,Bhopal",MS - Orthopaedics,6
3525,Madhya Pradesh,Govt,"Gajra Raja Medical College, Gwalior",MD (Emergency Medicine),3
3526,Madhya Pradesh,Govt,"Gajra Raja Medical College, Gwalior",MD - Anaesthesiology,19
3527,Madhya Pradesh,Govt,"Gajra Raja Medical College, Gwalior",MD - Anatomy,6
3528,Madhya Pradesh,Govt,"Gajra Raja Medical College, Gwalior",MD - Biochemistry,3
3529,Madhya Pradesh,Govt,"Gajra Raja Medical College, Gwalior",MD - Forensic Medicine,3
3530,Madhya Pradesh,Govt,"Gajra Raja Medical College, Gwalior",MD - General Medicine,20
3531,Madhya Pradesh,Govt,"Gajra Raja Medical College, Gwalior",MS - General Surgery,14
3532,Madhya Pradesh,Govt,"Gajra Raja Medical College, Gwalior",MD - Microbiology,6
3533,Madhya Pradesh,Govt,"Gajra Raja Medical College, Gwalior",MS - Obstetrics & Gynaecology,16
3534,Madhya Pradesh,Govt,"Gajra Raja Medical College, Gwalior",MS - Ophthalmology,6
3535,Madhya Pradesh,Govt,"Gajra Raja Medical College, Gwalior",MS - Orthopaedics,10
3536,Madhya Pradesh,Govt,"Gajra Raja Medical College, Gwalior",MS - ENT,5
3537,Madhya Pradesh,Govt,"Gajra Raja Medical College, Gwalior",MD - Paediatrics,15
3538,Madhya Pradesh,Govt,"Gajra Raja Medical College, Gwalior",MD - Pathology,13
3539,Madhya Pradesh,Govt,"Gajra Raja Medical College, Gwalior",MD - Pharmacology,3
3540,Madhya Pradesh,Govt,"Gajra Raja Medical College, Gwalior",MD - Physiology,7
3541,Madhya Pradesh,Govt,"Gajra Raja Medical College, Gwalior",MD-PSM,10
3542,Madhya Pradesh,Govt,"Gajra Raja Medical College, Gwalior",MD - Psychiatry,3
3543,Madhya Pradesh,Govt,"Gajra Raja Medical College, Gwalior",MD - Radiation Oncology,3
3544,Madhya Pradesh,Govt,"Gajra Raja Medical College, Gwalior",MD - Radio Diagnosis/Radiology,13
3545,Madhya Pradesh,Govt,"Gandhi Medical College, Bhopal",MD - Paediatrics,25
3546,Madhya Pradesh,Govt,"Gandhi Medical College, Bhopal",MD - Emergency Medicine,5
3547,Madhya Pradesh,Govt,"Gandhi Medical College, Bhopal",MD - Radio Diagnosis/Radiology,10
3548,Madhya Pradesh,Govt,"Gandhi Medical College, Bhopal",MD - Anaesthesiology,35
3549,Madhya Pradesh,Govt,"Gandhi Medical College, Bhopal",MS - Orthopaedics,13
3550,Madhya Pradesh,Govt,"Gandhi Medical College, Bhopal",MD - Radiotherapy/ Radiation Oncology,4
3551,Madhya Pradesh,Govt,"Gandhi Medical College, Bhopal",MD - Pharmacology,7
3552,Madhya Pradesh,Govt,"Gandhi Medical College, Bhopal",MS - General Surgery,24
3553,Madhya Pradesh,Govt,"Gandhi Medical College, Bhopal",MD - Psychiatry,3
3554,Madhya Pradesh,Govt,"Gandhi Medical College, Bhopal",MD - Bio-Chemistry,10
3555,Madhya Pradesh,Govt,"Gandhi Medical College, Bhopal","MD - Dermatology , Venereology & Leprosy",1
3556,Madhya Pradesh,Govt,"Gandhi Medical College, Bhopal",MD - Physiology,9
3557,Madhya Pradesh,Govt,"Gandhi Medical College, Bhopal",MS - ENT,5
3558,Madhya Pradesh,Govt,"Gandhi Medical College, Bhopal",MD - Microbiology,7
3559,Madhya Pradesh,Govt,"Gandhi Medical College, Bhopal",MD - Anatomy,11
3560,Madhya Pradesh,Govt,"Gandhi Medical College, Bhopal","MD - Tuberculosis & Respiratory Diseases / Pulmonary
Medicine",5
3561,Madhya Pradesh,Govt,"Gandhi Medical College, Bhopal",MD - Pathology,20
3562,Madhya Pradesh,Govt,"Gandhi Medical College, Bhopal","MD - Forensic Medicine/Forensic Medicine &
Toxicology",9
3563,Madhya Pradesh,Govt,"Gandhi Medical College, Bhopal",MS - Ophthalmology,8
3564,Madhya Pradesh,Govt,"Gandhi Medical College, Bhopal",MS - Obstetrics & Gynaecology,25
3565,Madhya Pradesh,Govt,"Gandhi Medical College, Bhopal",MD - General Medicine,24
3566,Madhya Pradesh,Govt,"Gandhi Medical College, Bhopal","MD - Social & Preventive Medicine / Community
Medicine",6
3567,Madhya Pradesh,Govt,Government Medical College Shahdol MP,MD - Microbiology,3
3568,Madhya Pradesh,Govt,Government Medical College Shahdol MP,MD - Forensic Medicine,3
3569,Madhya Pradesh,Govt,Government Medical College Shivpuri MP,MD - Physiology,4
3570,Madhya Pradesh,Govt,Government Medical College Shivpuri MP,MD - Pharmacology,3
3571,Madhya Pradesh,Govt,Government Medical College Shivpuri MP,MD - Community Medicine,4
3572,Madhya Pradesh,Govt,Government Medical College Shivpuri MP,MD - Microbiology,3
3573,Madhya Pradesh,Govt,Government Medical College Shivpuri MP,MD - Pathology,2
3574,Madhya Pradesh,Govt,Government Medical College Shivpuri MP,MD - Anatomy,3
3575,Madhya Pradesh,Govt,Government Medical College Shivpuri MP,MS - Orthopaedics,2
3576,Madhya Pradesh,Govt,"Government Medical College, Datia, MP",MD - General Medicine,5
3577,Madhya Pradesh,Govt,"Government Medical College, Datia, MP",MS - Orthopaedics,3
3578,Madhya Pradesh,Govt,"Government Medical College, Datia, MP",MD - Anaesthesiology,4
3579,Madhya Pradesh,Govt,"Government Medical College, Datia, MP",MS - General Surgery,5
3580,Madhya Pradesh,Govt,"Government Medical College, Datia, MP",MD - Bio-Chemistry,3
3581,Madhya Pradesh,Govt,"Government Medical College, Datia, MP",MD - Physiology,4
3582,Madhya Pradesh,Govt,"Government Medical College, Datia, MP",MS - Ophthalmology,3
3583,Madhya Pradesh,Govt,"Government Medical College, Datia, MP",MD - Microbiology,3
3584,Madhya Pradesh,Govt,"Government Medical College, Datia, MP",MS - Obstetrics & Gynaecology,3
3585,Madhya Pradesh,Govt,"Government Medical College, Datia, MP",MD - Paediatrics,5
3586,Madhya Pradesh,Govt,"Government Medical College, Datia, MP",MD - Pathology,3
3587,Madhya Pradesh,Govt,"Government Medical College, Datia, MP",MD - Pharmacology,3
3588,Madhya Pradesh,Govt,"Government Medical College, Datia, MP",MD - Community Medicine,2
3589,Madhya Pradesh,Govt,"Government Medical College, Khandwa, MP",MD - Forensic Medicine,2
3590,Madhya Pradesh,Govt,"Government Medical College, Khandwa, MP",MS - ENT,3
3591,Madhya Pradesh,Govt,"Government Medical College, Khandwa, MP",MD-physiology,4
3592,Madhya Pradesh,Govt,"Government Medical College, Khandwa, MP",MD - Microbiology,5
3593,Madhya Pradesh,Govt,"Government Medical College, Khandwa, MP",MD - Pathology,3
3594,Madhya Pradesh,Govt,"Government Medical College, Khandwa, MP",MD - Paediatrics,5
3595,Madhya Pradesh,Govt,"Government Medical College, Khandwa, MP",MD - Community Medicine,6
3596,Madhya Pradesh,Govt,"Government Medical College, Ratlam",MD - Forensic Medicine,3
3597,Madhya Pradesh,Govt,"Government Medical College, Ratlam",MD - Paediatrics,3
3598,Madhya Pradesh,Govt,"Government Medical College, Ratlam",MD-Anaesthesiology,9
3599,Madhya Pradesh,Govt,"Government Medical College, Ratlam",MS- Ophthalmology,3
3600,Madhya Pradesh,Govt,"Government Medical College, Ratlam",MS- Orthopedics,5
3601,Madhya Pradesh,Govt,"Government Medical College, Ratlam",MD - Microbiology,3
3602,Madhya Pradesh,Govt,"Government Medical College, Ratlam",MD - Pathology,5
3603,Madhya Pradesh,Govt,"Government Medical College, Ratlam",MS - General Surgery,9
3604,Madhya Pradesh,Govt,"Government Medical College, Ratlam",MD - Anatomy,3
3605,Madhya Pradesh,Govt,"Government Medical College, Ratlam",MD - General Medicine,9
3606,Madhya Pradesh,Govt,"Government Medical College, Ratlam",MD - Bio-Chemistry,5
3607,Madhya Pradesh,Govt,"Government Medical College, Ratlam",MS - ENT,3
3608,Madhya Pradesh,Govt,"Government Medical College, Ratlam",MS - Obstetrics & Gynaecology,6
3609,Madhya Pradesh,Govt,"Government Medical College, Ratlam",MD - Pharmacology,5
3610,Madhya Pradesh,Govt,"Government Medical College, Ratlam","MD - Dermatology , Venereology & Leprosy",3
3611,Madhya Pradesh,Govt,"Government Medical College, Ratlam",MD - Physiology,5
3612,Madhya Pradesh,Govt,"Government Medical College, Ratlam",MD - Community Medicine,3
3613,Madhya Pradesh,Govt,"Government Medical College, Vidisha, MP",MS - Ophthalmology,2
3614,Madhya Pradesh,Govt,"Government Medical College, Vidisha, MP",MD - Paediatrics,6
3615,Madhya Pradesh,Govt,"Government Medical College, Vidisha, MP",MS - General Surgery,6
3616,Madhya Pradesh,Govt,"Government Medical College, Vidisha, MP",MD - Bio-Chemistry,5
3617,Madhya Pradesh,Govt,"Government Medical College, Vidisha, MP",MS - Orthopaedics,2
3618,Madhya Pradesh,Govt,"Government Medical College, Vidisha, MP",MD - Pathology,7
3619,Madhya Pradesh,Govt,"Government Medical College, Vidisha, MP",MS - ENT,2
3620,Madhya Pradesh,Govt,"Government Medical College, Vidisha, MP",MD - Physiology,5
3621,Madhya Pradesh,Govt,"Government Medical College, Vidisha, MP",MD - Microbiology,3
3622,Madhya Pradesh,Govt,"Government Medical College, Vidisha, MP",MS - Obstetrics & Gynaecology,3
3623,Madhya Pradesh,Govt,"Government Medical College, Vidisha, MP",MD - Forensic Medicine,3
3624,Madhya Pradesh,Govt,"Government Medical College, Vidisha, MP",MD - Community Medicine,7
3625,Madhya Pradesh,Govt,"Gwalior Mansik Arogyashala, Madhya Pradesh",MD - Psychiatry,4
3626,Madhya Pradesh,Trust,"Index Medical College Hospital & Research Centre,Indore",MS-General Surgery,7
3627,Madhya Pradesh,Trust,"Index Medical College Hospital & Research Centre,Indore",MD-Paediatrics,15
3628,Madhya Pradesh,Trust,"Index Medical College Hospital & Research Centre,Indore",MD-General Medicine,24
3629,Madhya Pradesh,Trust,"Index Medical College Hospital & Research Centre,Indore",MD-Psychiatry,5
3630,Madhya Pradesh,Trust,"Index Medical College Hospital & Research Centre,Indore",MD-Anaesthesiology,23
3631,Madhya Pradesh,Trust,"Index Medical College Hospital & Research Centre,Indore",MS-OBG,13
3632,Madhya Pradesh,Trust,"Index Medical College Hospital & Research Centre,Indore",MS-Orthopaedics,23
3633,Madhya Pradesh,Trust,"Index Medical College Hospital & Research Centre,Indore",MD - Anatomy,2
3634,Madhya Pradesh,Trust,"Index Medical College Hospital & Research Centre,Indore",MD Physiology,3
3635,Madhya Pradesh,Trust,"Index Medical College Hospital & Research Centre,Indore",MD Biochemistry,2
3636,Madhya Pradesh,Trust,"Index Medical College Hospital & Research Centre,Indore",MD Microbiology,2
3637,Madhya Pradesh,Trust,"Index Medical College Hospital & Research Centre,Indore",MD Community Medicine,2
3638,Madhya Pradesh,Trust,"Index Medical College Hospital & Research Centre,Indore",MD Pathology,12
3639,Madhya Pradesh,Trust,"Index Medical College Hospital & Research Centre,Indore",MD Pharmacology,1
3640,Madhya Pradesh,Trust,"Index Medical College Hospital & Research Centre,Indore",MD Dermatology Venerology Leprosy,8
3641,Madhya Pradesh,Trust,"Index Medical College Hospital & Research Centre,Indore",MS-ENT,6
3642,Madhya Pradesh,Trust,"Index Medical College Hospital & Research Centre,Indore",MS Ophthalmology,5
3643,Madhya Pradesh,Trust,"Index Medical College Hospital & Research Centre,Indore",MD-Respiratory Medicine,5
3644,Madhya Pradesh,Trust,"Index Medical College Hospital & Research Centre,Indore",MD-Emergency Medicine,3
3645,Madhya Pradesh,Trust,"L.N. Medical College and Research Centre,Bhopal",MD - Microbiology,2
3646,Madhya Pradesh,Trust,"L.N. Medical College and Research Centre,Bhopal",MD - Psychiatry,3
3647,Madhya Pradesh,Trust,"L.N. Medical College and Research Centre,Bhopal","MD - Social & Preventive Medicine / Community
Medicine",5
3648,Madhya Pradesh,Trust,"L.N. Medical College and Research Centre,Bhopal",MD - Anatomy,2
3649,Madhya Pradesh,Trust,"L.N. Medical College and Research Centre,Bhopal",MD - Paediatrics,12
3650,Madhya Pradesh,Trust,"L.N. Medical College and Research Centre,Bhopal",MD - General Medicine,24
3651,Madhya Pradesh,Trust,"L.N. Medical College and Research Centre,Bhopal",MS - ENT,6
3652,Madhya Pradesh,Trust,"L.N. Medical College and Research Centre,Bhopal","MD - Tuberculosis & Respiratory Diseases / Pulmonary
Medicine",5
3653,Madhya Pradesh,Trust,"L.N. Medical College and Research Centre,Bhopal","MD - Dermatology , Venereology & Leprosy",5
3654,Madhya Pradesh,Trust,"L.N. Medical College and Research Centre,Bhopal",MD - Pharmacology,2
3655,Madhya Pradesh,Trust,"L.N. Medical College and Research Centre,Bhopal",MS - General Surgery,24
3656,Madhya Pradesh,Trust,"L.N. Medical College and Research Centre,Bhopal",MD - Physiology,4
3657,Madhya Pradesh,Trust,"L.N. Medical College and Research Centre,Bhopal",MS - Obstetrics & Gynaecology,10
3658,Madhya Pradesh,Trust,"L.N. Medical College and Research Centre,Bhopal",MD - Radio Diagnosis/Radiology,8
3659,Madhya Pradesh,Trust,"L.N. Medical College and Research Centre,Bhopal",MS - Ophthalmology,6
3660,Madhya Pradesh,Trust,"L.N. Medical College and Research Centre,Bhopal",MD - Pathology,8
3661,Madhya Pradesh,Trust,"L.N. Medical College and Research Centre,Bhopal",MD - Bio-Chemistry,2
3662,Madhya Pradesh,Trust,"L.N. Medical College and Research Centre,Bhopal",MS - Orthopaedics,12
3663,Madhya Pradesh,Trust,"L.N. Medical College and Research Centre,Bhopal",MD - Anaesthesiology,15
3664,Madhya Pradesh,Trust,"L.N. Medical College and Research Centre,Bhopal",MD - Emergency Medicine,3
3665,Madhya Pradesh,Govt,"M G M Medical College, Indore",MS - Ophthalmology,10
3666,Madhya Pradesh,Govt,"M G M Medical College, Indore",MD - Anaesthesiology,24
3667,Madhya Pradesh,Govt,"M G M Medical College, Indore",MD - Anatomy,10
3668,Madhya Pradesh,Govt,"M G M Medical College, Indore",MD - Physiology,13
3669,Madhya Pradesh,Govt,"M G M Medical College, Indore",MD - General Medicine,35
3670,Madhya Pradesh,Govt,"M G M Medical College, Indore",MD - Bio-Chemistry,12
3671,Madhya Pradesh,Govt,"M G M Medical College, Indore",MD - Microbiology,13
3672,Madhya Pradesh,Govt,"M G M Medical College, Indore",MD - Radiotherapy/ Radiation Oncology,4
3673,Madhya Pradesh,Govt,"M G M Medical College, Indore",MD - Emergency Medicine,5
3674,Madhya Pradesh,Govt,"M G M Medical College, Indore",MD - Pathology,11
3675,Madhya Pradesh,Govt,"M G M Medical College, Indore",MS - General Surgery,20
3676,Madhya Pradesh,Govt,"M G M Medical College, Indore","MD - Tuberculosis & Respiratory Diseases / Pulmonary
Medicine",4
3677,Madhya Pradesh,Govt,"M G M Medical College, Indore",MD - Immuno Haematology & Blood Transfusion,5
3678,Madhya Pradesh,Govt,"M G M Medical College, Indore",MD - Paediatrics,20
3679,Madhya Pradesh,Govt,"M G M Medical College, Indore","MD - Forensic Medicine/Forensic Medicine &
Toxicology",4
3680,Madhya Pradesh,Govt,"M G M Medical College, Indore",MD - Psychiatry,10
3681,Madhya Pradesh,Govt,"M G M Medical College, Indore",MS - Obstetrics & Gynaecology,24
3682,Madhya Pradesh,Govt,"M G M Medical College, Indore","MD - Social & Preventive Medicine / Community
Medicine",7
3683,Madhya Pradesh,Govt,"M G M Medical College, Indore",MS - ENT,8
3684,Madhya Pradesh,Govt,"M G M Medical College, Indore","MD - Dermatology , Venereology & Leprosy",4
3685,Madhya Pradesh,Govt,"M G M Medical College, Indore",MD - Radio Diagnosis/Radiology,17
3686,Madhya Pradesh,Govt,"M G M Medical College, Indore",MS - Orthopaedics,10
3687,Madhya Pradesh,Govt,"M G M Medical College, Indore",MD - Pharmacology,9
3688,Madhya Pradesh,Govt,"Netaji Subhash Chandra Bose Medical College, Jabalpur",MD - Pharmacology,7
3689,Madhya Pradesh,Govt,"Netaji Subhash Chandra Bose Medical College, Jabalpur",MD - Bio-Chemistry,3
3690,Madhya Pradesh,Govt,"Netaji Subhash Chandra Bose Medical College, Jabalpur",MD - Anatomy,5
3691,Madhya Pradesh,Govt,"Netaji Subhash Chandra Bose Medical College, Jabalpur","MD - Forensic Medicine/Forensic Medicine &
Toxicology",3
3692,Madhya Pradesh,Govt,"Netaji Subhash Chandra Bose Medical College, Jabalpur",MD - Anaesthesiology,16
3693,Madhya Pradesh,Govt,"Netaji Subhash Chandra Bose Medical College, Jabalpur",MD - Radio Diagnosis/Radiology,10
3694,Madhya Pradesh,Govt,"Netaji Subhash Chandra Bose Medical College, Jabalpur",MS - General Surgery,25
3695,Madhya Pradesh,Govt,"Netaji Subhash Chandra Bose Medical College, Jabalpur",MS - Obstetrics & Gynaecology,21
3696,Madhya Pradesh,Govt,"Netaji Subhash Chandra Bose Medical College, Jabalpur",MS - Ophthalmology,10
3697,Madhya Pradesh,Govt,"Netaji Subhash Chandra Bose Medical College, Jabalpur",MS - Orthopaedics,13
3698,Madhya Pradesh,Govt,"Netaji Subhash Chandra Bose Medical College, Jabalpur",MD - Psychiatry,3
3699,Madhya Pradesh,Govt,"Netaji Subhash Chandra Bose Medical College, Jabalpur",MD - Physiology,6
3700,Madhya Pradesh,Govt,"Netaji Subhash Chandra Bose Medical College, Jabalpur",MD - Radiotherapy/ Radiation Oncology,5
3701,Madhya Pradesh,Govt,"Netaji Subhash Chandra Bose Medical College, Jabalpur",MD - Paediatrics,8
3702,Madhya Pradesh,Govt,"Netaji Subhash Chandra Bose Medical College, Jabalpur",MS - ENT,5
3703,Madhya Pradesh,Govt,"Netaji Subhash Chandra Bose Medical College, Jabalpur",MD - Pathology,10
3704,Madhya Pradesh,Govt,"Netaji Subhash Chandra Bose Medical College, Jabalpur",MD - General Medicine,22
3705,Madhya Pradesh,Govt,"Netaji Subhash Chandra Bose Medical College, Jabalpur",MD - Microbiology,5
3706,Madhya Pradesh,Govt,"Netaji Subhash Chandra Bose Medical College, Jabalpur","MD - Social & Preventive Medicine / Community
Medicine",10
3707,Madhya Pradesh,Trust,Peoples College of Medical Sciences & Research Centre Bhanpur Bhopal,MD - Emergency Medicine,5
3708,Madhya Pradesh,Trust,Peoples College of Medical Sciences & Research Centre Bhanpur Bhopal,MD - Anaesthesiology,8
3709,Madhya Pradesh,Trust,Peoples College of Medical Sciences & Research Centre Bhanpur Bhopal,MD - Bio-Chemistry,2
3710,Madhya Pradesh,Trust,Peoples College of Medical Sciences & Research Centre Bhanpur Bhopal,"MD - Dermatology , Venereology & Leprosy",5
3711,Madhya Pradesh,Trust,Peoples College of Medical Sciences & Research Centre Bhanpur Bhopal,"MD - Forensic Medicine/Forensic Medicine &
Toxicology",3
3712,Madhya Pradesh,Trust,Peoples College of Medical Sciences & Research Centre Bhanpur Bhopal,MD - General Medicine,8
3713,Madhya Pradesh,Trust,Peoples College of Medical Sciences & Research Centre Bhanpur Bhopal,MD - Microbiology,3
3714,Madhya Pradesh,Trust,Peoples College of Medical Sciences & Research Centre Bhanpur Bhopal,MD - Paediatrics,4
3715,Madhya Pradesh,Trust,Peoples College of Medical Sciences & Research Centre Bhanpur Bhopal,MD - Pathology,11
3716,Madhya Pradesh,Trust,Peoples College of Medical Sciences & Research Centre Bhanpur Bhopal,MD - Pharmacology,2
3717,Madhya Pradesh,Trust,Peoples College of Medical Sciences & Research Centre Bhanpur Bhopal,MD - Physiology,2
3718,Madhya Pradesh,Trust,Peoples College of Medical Sciences & Research Centre Bhanpur Bhopal,MD - Psychiatry,3
3719,Madhya Pradesh,Trust,Peoples College of Medical Sciences & Research Centre Bhanpur Bhopal,MD - Radio Diagnosis/Radiology,4
3720,Madhya Pradesh,Trust,Peoples College of Medical Sciences & Research Centre Bhanpur Bhopal,"MD - Social & Preventive Medicine / Community
Medicine",4
3721,Madhya Pradesh,Trust,Peoples College of Medical Sciences & Research Centre Bhanpur Bhopal,"MD - Tuberculosis & Respiratory Diseases / Pulmonary
Medicine",4
3722,Madhya Pradesh,Trust,Peoples College of Medical Sciences & Research Centre Bhanpur Bhopal,MD - Anatomy,2
3723,Madhya Pradesh,Trust,Peoples College of Medical Sciences & Research Centre Bhanpur Bhopal,MS - Ophthalmology,3
3724,Madhya Pradesh,Trust,Peoples College of Medical Sciences & Research Centre Bhanpur Bhopal,MS - ENT,3
3725,Madhya Pradesh,Trust,Peoples College of Medical Sciences & Research Centre Bhanpur Bhopal,MS - General Surgery,10
3726,Madhya Pradesh,Trust,Peoples College of Medical Sciences & Research Centre Bhanpur Bhopal,MS - Obstetrics & Gynaecology,9
3727,Madhya Pradesh,Trust,Peoples College of Medical Sciences & Research Centre Bhanpur Bhopal,MS - Orthopaedics,7
3728,Madhya Pradesh,Society,RKDF Medical College Hospital & Research Centre Jatkhedi Bhopal,MD - Emergency Medicine,3
3729,Madhya Pradesh,Society,"RKDF Medical College Hospital & Research Centre, Jatkhedi, Bhopal",MS - Otorhinolaryngology,3
3730,Madhya Pradesh,Society,"RKDF Medical College Hospital & Research Centre, Jatkhedi, Bhopal",MS - Orthopaedics,5
3731,Madhya Pradesh,Society,"RKDF Medical College Hospital & Research Centre, Jatkhedi, Bhopal",MS - General Surgery,10
3732,Madhya Pradesh,Society,"RKDF Medical College Hospital & Research Centre, Jatkhedi, Bhopal",MD - General Medicine,8
3733,Madhya Pradesh,Society,"RKDF Medical College Hospital & Research Centre, Jatkhedi, Bhopal",MD - Paediatrics,3
3734,Madhya Pradesh,Society,"RKDF Medical College Hospital & Research Centre, Jatkhedi, Bhopal",MD - Pharmacology,2
3735,Madhya Pradesh,Society,"RKDF Medical College Hospital & Research Centre, Jatkhedi, Bhopal",MD - Bio-Chemistry,2
3736,Madhya Pradesh,Society,"RKDF Medical College Hospital & Research Centre, Jatkhedi, Bhopal",MD - Physiology,5
3737,Madhya Pradesh,Society,"RKDF Medical College Hospital & Research Centre, Jatkhedi, Bhopal",MD - Anaesthesiology,9
3738,Madhya Pradesh,Society,"RKDF Medical College Hospital & Research Centre, Jatkhedi, Bhopal",MS - Ophthalmology,4
3739,Madhya Pradesh,Society,"RKDF Medical College Hospital & Research Centre, Jatkhedi, Bhopal",MD - Anatomy,5
3740,Madhya Pradesh,Society,"RKDF Medical College Hospital & Research Centre, Jatkhedi, Bhopal",MD - Microbiology,3
3741,Madhya Pradesh,Society,"RKDF Medical College Hospital & Research Centre, Jatkhedi, Bhopal",MD - Radio Diagnosis,2
3742,Madhya Pradesh,Society,"RKDF Medical College Hospital & Research Centre, Jatkhedi, Bhopal",MD - Forensic Medicine,3
3743,Madhya Pradesh,Society,"RKDF Medical College Hospital & Research Centre, Jatkhedi, Bhopal","MD - Dermatology , Venereology & Leprosy",3
3744,Madhya Pradesh,Society,"RKDF Medical College Hospital & Research Centre, Jatkhedi, Bhopal",MD - Pathology,4
3745,Madhya Pradesh,Society,"RKDF Medical College Hospital & Research Centre, Jatkhedi, Bhopal",MS - Obstetrics and Gynaecology,2
3746,Madhya Pradesh,Society,"RKDF Medical College Hospital & Research Centre, Jatkhedi, Bhopal",MD - Community Medicine,7
3747,Madhya Pradesh,Society,"RKDF Medical College Hospital & Research Centre, Jatkhedi, Bhopal",MD-Psychiatry,5
3748,Madhya Pradesh,Trust,"Ruxmaniben Deepchand Gardi Medical College, Ujjain",MD - General Medicine,12
3749,Madhya Pradesh,Trust,"Ruxmaniben Deepchand Gardi Medical College, Ujjain",MD - Microbiology,3
3750,Madhya Pradesh,Trust,"Ruxmaniben Deepchand Gardi Medical College, Ujjain",MS - Ophthalmology,5
3751,Madhya Pradesh,Trust,"Ruxmaniben Deepchand Gardi Medical College, Ujjain",MS - Orthopaedics,6
3752,Madhya Pradesh,Trust,"Ruxmaniben Deepchand Gardi Medical College, Ujjain",MD - Pathology,12
3753,Madhya Pradesh,Trust,"Ruxmaniben Deepchand Gardi Medical College, Ujjain",MD - Paediatrics,4
3754,Madhya Pradesh,Trust,"Ruxmaniben Deepchand Gardi Medical College, Ujjain",MS - Obstetrics & Gynaecology,8
3755,Madhya Pradesh,Trust,"Ruxmaniben Deepchand Gardi Medical College, Ujjain",MD - Pharmacology,2
3756,Madhya Pradesh,Trust,"Ruxmaniben Deepchand Gardi Medical College, Ujjain",MD - Physiology,2
3757,Madhya Pradesh,Trust,"Ruxmaniben Deepchand Gardi Medical College, Ujjain",MD - Psychiatry,3
3758,Madhya Pradesh,Trust,"Ruxmaniben Deepchand Gardi Medical College, Ujjain",MD - Radio Diagnosis/Radiology,7
3759,Madhya Pradesh,Trust,"Ruxmaniben Deepchand Gardi Medical College, Ujjain",MD - Respiratory Medicine,4
3760,Madhya Pradesh,Trust,"Ruxmaniben Deepchand Gardi Medical College, Ujjain",MD - Anaesthesiology,9
3761,Madhya Pradesh,Trust,"Ruxmaniben Deepchand Gardi Medical College, Ujjain",MD - Anatomy,2
3762,Madhya Pradesh,Trust,"Ruxmaniben Deepchand Gardi Medical College, Ujjain",MD - Bio-Chemistry,3
3763,Madhya Pradesh,Trust,"Ruxmaniben Deepchand Gardi Medical College, Ujjain","MD - Social & Preventive Medicine / Community
Medicine",7
3764,Madhya Pradesh,Trust,"Ruxmaniben Deepchand Gardi Medical College, Ujjain","MD - Dermatology , Venereology & Leprosy",4
3765,Madhya Pradesh,Trust,"Ruxmaniben Deepchand Gardi Medical College, Ujjain",MS - ENT,5
3766,Madhya Pradesh,Trust,"Ruxmaniben Deepchand Gardi Medical College, Ujjain",MS - General Surgery,8
3767,Madhya Pradesh,Govt,"Shyam Shah Medical College, Rewa",MD - Physiology,6
3768,Madhya Pradesh,Govt,"Shyam Shah Medical College, Rewa",MD - Anaesthesiology,10
3769,Madhya Pradesh,Govt,"Shyam Shah Medical College, Rewa","MD - Social & Preventive Medicine / Community
Medicine",4
3770,Madhya Pradesh,Govt,"Shyam Shah Medical College, Rewa",MD - Bio-Chemistry,3
3771,Madhya Pradesh,Govt,"Shyam Shah Medical College, Rewa",MD - Radio Diagnosis,6
3772,Madhya Pradesh,Govt,"Shyam Shah Medical College, Rewa",MD - Microbiology,4
3773,Madhya Pradesh,Govt,"Shyam Shah Medical College, Rewa",MD - Anatomy,5
3774,Madhya Pradesh,Govt,"Shyam Shah Medical College, Rewa",MS - Ophthalmology,10
3775,Madhya Pradesh,Govt,"Shyam Shah Medical College, Rewa",MD - Psychiatry,5
3776,Madhya Pradesh,Govt,"Shyam Shah Medical College, Rewa",MS - Orthopaedics,3
3777,Madhya Pradesh,Govt,"Shyam Shah Medical College, Rewa",MS - General Surgery,20
3778,Madhya Pradesh,Govt,"Shyam Shah Medical College, Rewa","MD - Dermatology , Venereology & Leprosy",3
3779,Madhya Pradesh,Govt,"Shyam Shah Medical College, Rewa",MS - Obstetrics & Gynaecology,9
3780,Madhya Pradesh,Govt,"Shyam Shah Medical College, Rewa","MD - Forensic Medicine/Forensic Medicine &
Toxicology",3
3781,Madhya Pradesh,Govt,"Shyam Shah Medical College, Rewa",MD - Pathology,6
3782,Madhya Pradesh,Govt,"Shyam Shah Medical College, Rewa",MD - Pharmacology,1
3783,Madhya Pradesh,Govt,"Shyam Shah Medical College, Rewa",MD - Paediatrics,12
3784,Madhya Pradesh,Govt,"Shyam Shah Medical College, Rewa",MS - ENT,3
3785,Madhya Pradesh,Govt,"Shyam Shah Medical College, Rewa",MD - General Medicine,19
3786,Madhya Pradesh,Trust,"Sri Aurobindo Medical College and Post Graduate Institute , Indore","MD - Tuberculosis & Respiratory Diseases / Pulmonary
Medicine",3
3787,Madhya Pradesh,Trust,"Sri Aurobindo Medical College and Post Graduate Institute , Indore",MS - Orthopaedics,12
3788,Madhya Pradesh,Trust,"Sri Aurobindo Medical College and Post Graduate Institute , Indore",MD - Radio Diagnosis/Radiology,17
3789,Madhya Pradesh,Trust,"Sri Aurobindo Medical College and Post Graduate Institute , Indore",MD - Radiotherapy/ Radiation Oncology,5
3790,Madhya Pradesh,Trust,"Sri Aurobindo Medical College and Post Graduate Institute , Indore",MD - Anatomy,7
3791,Madhya Pradesh,Trust,"Sri Aurobindo Medical College and Post Graduate Institute , Indore",MD - Pharmacology,2
3792,Madhya Pradesh,Trust,"Sri Aurobindo Medical College and Post Graduate Institute , Indore",MS - Ophthalmology,5
3793,Madhya Pradesh,Trust,"Sri Aurobindo Medical College and Post Graduate Institute , Indore",MS - ENT,4
3794,Madhya Pradesh,Trust,"Sri Aurobindo Medical College and Post Graduate Institute , Indore",MD - Pathology,19
3795,Madhya Pradesh,Trust,"Sri Aurobindo Medical College and Post Graduate Institute , Indore",MD - General Medicine,30
3796,Madhya Pradesh,Trust,"Sri Aurobindo Medical College and Post Graduate Institute , Indore","MD - Dermatology , Venereology & Leprosy",10
3797,Madhya Pradesh,Trust,"Sri Aurobindo Medical College and Post Graduate Institute , Indore",MD - Psychiatry,5
3798,Madhya Pradesh,Trust,"Sri Aurobindo Medical College and Post Graduate Institute , Indore",MD - Physiology,2
3799,Madhya Pradesh,Trust,"Sri Aurobindo Medical College and Post Graduate Institute , Indore",MD - Anaesthesiology,16
3800,Madhya Pradesh,Trust,"Sri Aurobindo Medical College and Post Graduate Institute , Indore","MD - Forensic Medicine/Forensic Medicine &
Toxicology",3
3801,Madhya Pradesh,Trust,"Sri Aurobindo Medical College and Post Graduate Institute , Indore",MD - Paediatrics,20
3802,Madhya Pradesh,Trust,"Sri Aurobindo Medical College and Post Graduate Institute , Indore",MS - Obstetrics & Gynaecology,20
3803,Madhya Pradesh,Trust,"Sri Aurobindo Medical College and Post Graduate Institute , Indore",MD - Emergency Medicine,3
3804,Madhya Pradesh,Trust,"Sri Aurobindo Medical College and Post Graduate Institute , Indore","MD - Social & Preventive Medicine / Community
Medicine",7
3805,Madhya Pradesh,Trust,"Sri Aurobindo Medical College and Post Graduate Institute , Indore",MD - Bio-Chemistry,2
3806,Madhya Pradesh,Trust,"Sri Aurobindo Medical College and Post Graduate Institute , Indore",MD - Microbiology,2
3807,Madhya Pradesh,Trust,"Sri Aurobindo Medical College and Post Graduate Institute , Indore",MS - General Surgery,30
3808,Madhya Pradesh,Trust,"Sri Aurobindo Medical College and Post Graduate Institute , Indore",MD - Community Medicine,7
3809,Maharashtra,Trust,"ACPM Medical College, Dhule",MD - Paediatrics,2
3810,Maharashtra,Trust,"ACPM Medical College, Dhule",MD - Microbiology,2
3811,Maharashtra,Trust,"ACPM Medical College, Dhule",MS - General Surgery,4
3812,Maharashtra,Trust,"ACPM Medical College, Dhule","MD - Dermatology , Venereology & Leprosy",3
3813,Maharashtra,Trust,"ACPM Medical College, Dhule",MD - General Medicine,10
3814,Maharashtra,Trust,"ACPM Medical College, Dhule",MS - Ophthalmology,3
3815,Maharashtra,Trust,"ACPM Medical College, Dhule",MS - Orthopaedics,6
3816,Maharashtra,Trust,"ACPM Medical College, Dhule",MD - Pathology,2
3817,Maharashtra,Trust,"ACPM Medical College, Dhule",MS - Obstetrics & Gynaecology,3
3818,Maharashtra,Govt,"All India Institute of Physical Med. and Rehabilitation, Mumbai",MD - Physical Medicine & Rehabilitation,4
3819,Maharashtra,Govt,"Armed Forces Medical College, Pune",Diploma in Hospital Administration,8
3820,Maharashtra,Govt,"Armed Forces Medical College, Pune",Diploma in Anaesthesia,15
3821,Maharashtra,Govt,"Armed Forces Medical College, Pune",MD - Radio Diagnosis/Radiology,7
3822,Maharashtra,Govt,"Armed Forces Medical College, Pune","MD - Dermatology , Venereology & Leprosy",4
3823,Maharashtra,Govt,"Armed Forces Medical College, Pune",MD - Pathology,10
3824,Maharashtra,Govt,"Armed Forces Medical College, Pune",MD - Anatomy,4
3825,Maharashtra,Govt,"Armed Forces Medical College, Pune",MD - Paediatrics,8
3826,Maharashtra,Govt,"Armed Forces Medical College, Pune",MD - Microbiology,9
3827,Maharashtra,Govt,"Armed Forces Medical College, Pune",MD - Hospital Administration,8
3828,Maharashtra,Govt,"Armed Forces Medical College, Pune",MD - General Medicine,22
3829,Maharashtra,Govt,"Armed Forces Medical College, Pune",MD - Anaesthesiology,15
3830,Maharashtra,Govt,"Armed Forces Medical College, Pune",MS - ENT,6
3831,Maharashtra,Govt,"Armed Forces Medical College, Pune",MS - General Surgery,21
3832,Maharashtra,Govt,"Armed Forces Medical College, Pune","MD - Social & Preventive Medicine / Community
Medicine",12
3833,Maharashtra,Govt,"Armed Forces Medical College, Pune",MS - Ophthalmology,8
3834,Maharashtra,Govt,"Armed Forces Medical College, Pune",MD Biochemistry,2
3835,Maharashtra,Govt,"Armed Forces Medical College, Pune",MD Immuno haematology and blood transfusion,2
3836,Maharashtra,Govt,"Armed Forces Medical College, Pune",MS Obstetrics and Gynaecology,8
3837,Maharashtra,Govt,"Armed Forces Medical College, Pune",MS Orthopaedics,6
3838,Maharashtra,Govt,"Armed Forces Medical College, Pune",MD Sports medicine,2
3839,Maharashtra,Govt,"Armed Forces Medical College, Pune",MD Respiratory medicine,3
3840,Maharashtra,Govt,"Armed Forces Medical College, Pune",MD Psychiatry,5
3841,Maharashtra,Govt,"Armed Forces Medical College, Pune",MD Physiology,4
3842,Maharashtra,Govt,"Armed Forces Medical College, Pune",MD Pharmacology,2
3843,Maharashtra,Govt,"Armed Forces Medical College, Pune",MD Geriatrics,2
3844,Maharashtra,Govt,"Armed Forces Medical College, Pune",MD Forensic medicine and toxicology,2
3845,Maharashtra,Trust,"Ashwini Rural Medical College, Hospital & Research Centre, Solapur",MD - Anaesthesiology,4
3846,Maharashtra,Trust,"Ashwini Rural Medical College, Hospital & Research Centre, Solapur","MD - Dermatology , Venereology & Leprosy",3
3847,Maharashtra,Trust,"Ashwini Rural Medical College, Hospital & Research Centre, Solapur",MD - General Medicine,7
3848,Maharashtra,Trust,"Ashwini Rural Medical College, Hospital & Research Centre, Solapur",MD - Paediatrics,4
3849,Maharashtra,Trust,"Ashwini Rural Medical College, Hospital & Research Centre, Solapur",MD - Pathology,4
3850,Maharashtra,Trust,"Ashwini Rural Medical College, Hospital & Research Centre, Solapur",MD - Radio Diagnosis/Radiology,4
3851,Maharashtra,Trust,"Ashwini Rural Medical College, Hospital & Research Centre, Solapur",MS - Ophthalmology,3
3852,Maharashtra,Trust,"Ashwini Rural Medical College, Hospital & Research Centre, Solapur",MS - ENT,2
3853,Maharashtra,Trust,"Ashwini Rural Medical College, Hospital & Research Centre, Solapur",MS - General Surgery,6
3854,Maharashtra,Trust,"Ashwini Rural Medical College, Hospital & Research Centre, Solapur",MS - Obstetrics & Gynaecology,6
3855,Maharashtra,Trust,"Ashwini Rural Medical College, Hospital & Research Centre, Solapur",MS - Orthopaedics,5
3856,Maharashtra,Govt,"B. J. Govt. Medical College, Pune",MD - Psychiatry,7
3857,Maharashtra,Govt,"B. J. Govt. Medical College, Pune","MD - Dermatology , Venereology & Leprosy",8
3858,Maharashtra,Govt,"B. J. Govt. Medical College, Pune",MD - Paediatrics,12
3859,Maharashtra,Govt,"B. J. Govt. Medical College, Pune",MS - Orthopaedics,12
3860,Maharashtra,Govt,"B. J. Govt. Medical College, Pune","MD - Tuberculosis & Respiratory Diseases / Pulmonary
Medicine",5
3861,Maharashtra,Govt,"B. J. Govt. Medical College, Pune","MD - Social & Preventive Medicine / Community
Medicine",10
3862,Maharashtra,Govt,"B. J. Govt. Medical College, Pune",MS - General Surgery,17
3863,Maharashtra,Govt,"B. J. Govt. Medical College, Pune",MD - Physiology,4
3864,Maharashtra,Govt,"B. J. Govt. Medical College, Pune",MD - Pharmacology,8
3865,Maharashtra,Govt,"B. J. Govt. Medical College, Pune",MS - Ophthalmology,10
3866,Maharashtra,Govt,"B. J. Govt. Medical College, Pune",MD - Pathology,16
3867,Maharashtra,Govt,"B. J. Govt. Medical College, Pune",MD - Emergency Medicine,3
3868,Maharashtra,Govt,"B. J. Govt. Medical College, Pune",MD - General Medicine,16
3869,Maharashtra,Govt,"B. J. Govt. Medical College, Pune",MD anesthesiology,18
3870,Maharashtra,Govt,"B. J. Govt. Medical College, Pune",MD Anatomy,4
3871,Maharashtra,Govt,"B. J. Govt. Medical College, Pune",MD Biochemistry,9
3872,Maharashtra,Govt,"B. J. Govt. Medical College, Pune",MS otorhinolaryngology,8
3873,Maharashtra,Govt,"B. J. Govt. Medical College, Pune",MD Forensic medicine and toxicology,6
3874,Maharashtra,Govt,"B. J. Govt. Medical College, Pune",MD Microbiology,10
3875,Maharashtra,Govt,"B. J. Govt. Medical College, Pune",MS Obstetrics and Gynaecology,20
3876,Maharashtra,Govt,"B. J. Govt. Medical College, Pune",MD radiodiagnosis,13
3877,Maharashtra,Trust,"B.K.L. Walawalkar Rural Medical College, Ratnagiri",MD Anaesthesiology,5
3878,Maharashtra,Trust,"B.K.L. Walawalkar Rural Medical College, Ratnagiri",MD Paediatrics,2
3879,Maharashtra,Trust,"B.K.L. Walawalkar Rural Medical College, Ratnagiri",MS Orthopedics,4
3880,Maharashtra,Trust,"B.K.L. Walawalkar Rural Medical College, Ratnagiri",MS Obstetrics & Gynecology,3
3881,Maharashtra,Trust,"B.K.L. Walawalkar Rural Medical College, Ratnagiri",MD Radio Daiagnosis,3
3882,Maharashtra,Trust,"B.K.L. Walawalkar Rural Medical College, Ratnagiri",MS General Surgery,8
3883,Maharashtra,Trust,"B.K.L. Walawalkar Rural Medical College, Ratnagiri",MD Community Medicine,4
3884,Maharashtra,Trust,"B.K.L. Walawalkar Rural Medical College, Ratnagiri",MD General Medicine,8
3885,Maharashtra,Trust,"B.K.L. Walawalkar Rural Medical College, Ratnagiri",MD Pathology,4
3886,Maharashtra,Govt,"Bhabha Atomic Research Centre,Mumbai",MD - Nuclear Medicine,6
3887,Maharashtra,Trust,"Bharati Vidyapeeth Deemed University Medical College & Hospital, Sangli",MD - Emergency Medicine,2
3888,Maharashtra,Trust,"Bharati Vidyapeeth Deemed University Medical College & Hospital, Sangli",MD - Pharmacology,2
3889,Maharashtra,Trust,"Bharati Vidyapeeth Deemed University Medical College & Hospital, Sangli",MS - Obstetrics & Gynaecology,8
3890,Maharashtra,Trust,"Bharati Vidyapeeth Deemed University Medical College & Hospital, Sangli",MD - Radio Diagnosis/Radiology,8
3891,Maharashtra,Trust,"Bharati Vidyapeeth Deemed University Medical College & Hospital, Sangli",MS - General Surgery,6
3892,Maharashtra,Trust,"Bharati Vidyapeeth Deemed University Medical College & Hospital, Sangli",MS - ENT,3
3893,Maharashtra,Trust,"Bharati Vidyapeeth Deemed University Medical College & Hospital, Sangli",MD - Pathology,6
3894,Maharashtra,Trust,"Bharati Vidyapeeth Deemed University Medical College & Hospital, Sangli",MD - Psychiatry,3
3895,Maharashtra,Trust,"Bharati Vidyapeeth Deemed University Medical College & Hospital, Sangli",MD - Anaesthesiology,8
3896,Maharashtra,Trust,"Bharati Vidyapeeth Deemed University Medical College & Hospital, Sangli",MD - Bio-Chemistry,3
3897,Maharashtra,Trust,"Bharati Vidyapeeth Deemed University Medical College & Hospital, Sangli",MD - Physiology,3
3898,Maharashtra,Trust,"Bharati Vidyapeeth Deemed University Medical College & Hospital, Sangli",MD - General Medicine,15
3899,Maharashtra,Trust,"Bharati Vidyapeeth Deemed University Medical College & Hospital, Sangli",MS - Orthopaedics,6
3900,Maharashtra,Trust,"Bharati Vidyapeeth Deemed University Medical College & Hospital, Sangli",MD - Paediatrics,6
3901,Maharashtra,Trust,"Bharati Vidyapeeth Deemed University Medical College & Hospital, Sangli","MD - Dermatology , Venereology & Leprosy",3
3902,Maharashtra,Trust,"Bharati Vidyapeeth Deemed University Medical College & Hospital, Sangli",MS - Ophthalmology,4
3903,Maharashtra,Trust,"Bharati Vidyapeeth Deemed University Medical College & Hospital, Sangli",MD - Microbiology,3
3904,Maharashtra,Trust,"Bharati Vidyapeeth Deemed University Medical College & Hospital, Sangli","MD - Social & Preventive Medicine / Community
Medicine",6
3905,Maharashtra,Trust,"Bharati Vidyapeeth Deemed University Medical College & Hospital, Sangli",MD - Anatomy,3
3906,Maharashtra,Trust,"Bharati Vidyapeeth University Medical College, Pune",MD - Microbiology,4
3907,Maharashtra,Trust,"Bharati Vidyapeeth University Medical College, Pune",MD - Pathology,12
3908,Maharashtra,Trust,"Bharati Vidyapeeth University Medical College, Pune",MS - Orthopaedics,10
3909,Maharashtra,Trust,"Bharati Vidyapeeth University Medical College, Pune",MS - General Surgery,10
3910,Maharashtra,Trust,"Bharati Vidyapeeth University Medical College, Pune",MD - Bio-Chemistry,3
3911,Maharashtra,Trust,"Bharati Vidyapeeth University Medical College, Pune",MD - Psychiatry,5
3912,Maharashtra,Trust,"Bharati Vidyapeeth University Medical College, Pune",MD - Immuno Haematology & Blood Transfusion,2
3913,Maharashtra,Trust,"Bharati Vidyapeeth University Medical College, Pune",MD - Paediatrics,15
3914,Maharashtra,Trust,"Bharati Vidyapeeth University Medical College, Pune","MD - Social & Preventive Medicine / Community
Medicine",5
3915,Maharashtra,Trust,"Bharati Vidyapeeth University Medical College, Pune",MS - Ophthalmology,5
3916,Maharashtra,Trust,"Bharati Vidyapeeth University Medical College, Pune","MD - Dermatology , Venereology & Leprosy",4
3917,Maharashtra,Trust,"Bharati Vidyapeeth University Medical College, Pune","MD - Tuberculosis & Respiratory Diseases / Pulmonary
Medicine",4
3918,Maharashtra,Trust,"Bharati Vidyapeeth University Medical College, Pune",MD - Anaesthesiology,14
3919,Maharashtra,Trust,"Bharati Vidyapeeth University Medical College, Pune",MD - Emergency Medicine,3
3920,Maharashtra,Trust,"Bharati Vidyapeeth University Medical College, Pune",MD - Anatomy,3
3921,Maharashtra,Trust,"Bharati Vidyapeeth University Medical College, Pune",MD - Radio Diagnosis/Radiology,15
3922,Maharashtra,Trust,"Bharati Vidyapeeth University Medical College, Pune",MS - Obstetrics & Gynaecology,8
3923,Maharashtra,Trust,"Bharati Vidyapeeth University Medical College, Pune",MD - General Medicine,19
3924,Maharashtra,Trust,"Bharati Vidyapeeth University Medical College, Pune",MS - ENT,5
3925,Maharashtra,Trust,"Bharati Vidyapeeth University Medical College, Pune",MD - Pharmacology,4
3926,Maharashtra,Trust,"Bharati Vidyapeeth University Medical College, Pune",MD - Physiology,3
3927,Maharashtra,Trust,"Bharati Vidyapeeth University Medical College, Pune",MD Interventional Radiology,1
3928,Maharashtra,Govt,"Bombay Hospital Institute of Medical Sciences, Mumbai",M.D. - General Medicine,2
3929,Maharashtra,Govt,"Bombay Hospital Institute of Medical Sciences, Mumbai",M.D.- Paediatrics,2
3930,Maharashtra,Govt,"Bombay Hospital Institute of Medical Sciences, Mumbai",M.D.- Anaesthesia,1
3931,Maharashtra,Govt,"Bombay Hospital Institute of Medical Sciences, Mumbai",M.D.- Radio-diagnosis,2
3932,Maharashtra,Govt,"Bombay Hospital Institute of Medical Sciences, Mumbai",M.D.- Pathology,2
3933,Maharashtra,Govt,"Bombay Hospital Institute of Medical Sciences, Mumbai",M.S.- General Surgery,2
3934,Maharashtra,Govt,"Bombay Hospital Institute of Medical Sciences, Mumbai",M.S.- Orthopaedics,2
3935,Maharashtra,Govt,"Bombay Hospital Institute of Medical Sciences, Mumbai",M.S.- Ophthalmology,1
3936,Maharashtra,Govt,"Bombay Hospital Institute of Medical Sciences, Mumbai",M.S.- Obst. & Gynaec,3
3937,Maharashtra,Pvt,Datta Meghe Medical College Nagpur,MD - General Medicine,9
3938,Maharashtra,Pvt,Datta Meghe Medical College Nagpur,MS - General Surgery,9
3939,Maharashtra,Pvt,Datta Meghe Medical College Nagpur,MS  - Obstetrics & Gynaecology,2
3940,Maharashtra,Pvt,Datta Meghe Medical College Nagpur,MD - Paediatrics,3
3941,Maharashtra,Pvt,Datta Meghe Medical College Nagpur,MD- Psychiatry,3
3942,Maharashtra,Pvt,Datta Meghe Medical College Nagpur,MS - Orthopaedics,3
3943,Maharashtra,Pvt,Datta Meghe Medical College Nagpur,MD - Anaesthesiology,8
3944,Maharashtra,Pvt,Datta Meghe Medical College Nagpur,MD - Radio - Diagnosis,5
3945,Maharashtra,Pvt,Datta Meghe Medical College Nagpur,MD - Dermatology Venerology and Leprosy,5
3946,Maharashtra,Pvt,Datta Meghe Medical College Nagpur,MD - Pathology,4
3947,Maharashtra,Pvt,Datta Meghe Medical College Nagpur,MD - Emergency Medicine,3
3948,Maharashtra,Govt,"Dr Vaishampayan Memorial Medical College, Solapur",MD - Psychiatry,3
3949,Maharashtra,Govt,"Dr Vaishampayan Memorial Medical College, Solapur",MD - DVL,3
3950,Maharashtra,Govt,"Dr Vaishampayan Memorial Medical College, Solapur",MD - Microbiology,3
3951,Maharashtra,Govt,"Dr Vaishampayan Memorial Medical College, Solapur",MD - Bio-Chemistry,2
3952,Maharashtra,Govt,"Dr Vaishampayan Memorial Medical College, Solapur","MD - Forensic Medicine/Forensic Medicine &
Toxicology",4
3953,Maharashtra,Govt,"Dr Vaishampayan Memorial Medical College, Solapur",MD - Pharmacology,3
3954,Maharashtra,Govt,"Dr Vaishampayan Memorial Medical College, Solapur",MD - Paediatrics,8
3955,Maharashtra,Govt,"Dr Vaishampayan Memorial Medical College, Solapur",MD - Pathology,7
3956,Maharashtra,Govt,"Dr Vaishampayan Memorial Medical College, Solapur",MS - General Surgery,8
3957,Maharashtra,Govt,"Dr Vaishampayan Memorial Medical College, Solapur",MS - Ophthalmology,3
3958,Maharashtra,Govt,"Dr Vaishampayan Memorial Medical College, Solapur",MD - Anatomy,3
3959,Maharashtra,Govt,"Dr Vaishampayan Memorial Medical College, Solapur",MD - Anaesthesiology,7
3960,Maharashtra,Govt,"Dr Vaishampayan Memorial Medical College, Solapur",MS - Orthopaedics,2
3961,Maharashtra,Govt,"Dr Vaishampayan Memorial Medical College, Solapur",MS - Obstetrics & Gynaecology,9
3962,Maharashtra,Govt,"Dr Vaishampayan Memorial Medical College, Solapur","MD - Social & Preventive Medicine / Community
Medicine",6
3963,Maharashtra,Govt,"Dr Vaishampayan Memorial Medical College, Solapur",MD - General Medicine,11
3964,Maharashtra,Govt,"Dr Vaishampayan Memorial Medical College, Solapur",MD - Radio Diagnosis/Radiology,4
3965,Maharashtra,Govt,"Dr Vaishampayan Memorial Medical College, Solapur",MS - ENT,3
3966,Maharashtra,Govt,"Dr Vaishampayan Memorial Medical College, Solapur",MD - Physiology,3
3967,Maharashtra,Trust,"Dr. D Y Patil Medical College, Hospital and Research Centre, Pimpri, Pune",MD - Anaesthesiology,27
3968,Maharashtra,Trust,"Dr. D Y Patil Medical College, Hospital and Research Centre, Pimpri, Pune",MD - Bio-Chemistry,2
3969,Maharashtra,Trust,"Dr. D Y Patil Medical College, Hospital and Research Centre, Pimpri, Pune","MD - Dermatology , Venereology & Leprosy",11
3970,Maharashtra,Trust,"Dr. D Y Patil Medical College, Hospital and Research Centre, Pimpri, Pune",MD - Emergency Medicine,4
3971,Maharashtra,Trust,"Dr. D Y Patil Medical College, Hospital and Research Centre, Pimpri, Pune",MD - General Medicine,24
3972,Maharashtra,Trust,"Dr. D Y Patil Medical College, Hospital and Research Centre, Pimpri, Pune",MD - Microbiology,3
3973,Maharashtra,Trust,"Dr. D Y Patil Medical College, Hospital and Research Centre, Pimpri, Pune",MD - Paediatrics,18
3974,Maharashtra,Trust,"Dr. D Y Patil Medical College, Hospital and Research Centre, Pimpri, Pune",MD - Pathology,14
3975,Maharashtra,Trust,"Dr. D Y Patil Medical College, Hospital and Research Centre, Pimpri, Pune",MD - Pharmacology,6
3976,Maharashtra,Trust,"Dr. D Y Patil Medical College, Hospital and Research Centre, Pimpri, Pune",MD - Physiology,3
3977,Maharashtra,Trust,"Dr. D Y Patil Medical College, Hospital and Research Centre, Pimpri, Pune",MD - Psychiatry,7
3978,Maharashtra,Trust,"Dr. D Y Patil Medical College, Hospital and Research Centre, Pimpri, Pune",MD - Radio Diagnosis/Radiology,23
3979,Maharashtra,Trust,"Dr. D Y Patil Medical College, Hospital and Research Centre, Pimpri, Pune","MD - Social & Preventive Medicine / Community
Medicine",8
3980,Maharashtra,Trust,"Dr. D Y Patil Medical College, Hospital and Research Centre, Pimpri, Pune","MD - Tuberculosis & Respiratory Diseases / Pulmonary
Medicine",8
3981,Maharashtra,Trust,"Dr. D Y Patil Medical College, Hospital and Research Centre, Pimpri, Pune",MD - Anatomy,3
3982,Maharashtra,Trust,"Dr. D Y Patil Medical College, Hospital and Research Centre, Pimpri, Pune",MS - Ophthalmology,10
3983,Maharashtra,Trust,"Dr. D Y Patil Medical College, Hospital and Research Centre, Pimpri, Pune",MS - ENT,8
3984,Maharashtra,Trust,"Dr. D Y Patil Medical College, Hospital and Research Centre, Pimpri, Pune",MS - General Surgery,24
3985,Maharashtra,Trust,"Dr. D Y Patil Medical College, Hospital and Research Centre, Pimpri, Pune",MS - Obstetrics & Gynaecology,17
3986,Maharashtra,Trust,"Dr. D Y Patil Medical College, Hospital and Research Centre, Pimpri, Pune",MS - Orthopaedics,24
3987,Maharashtra,Trust,"Dr. D Y Patil Medical College, Kolhapur",MS - Ophthalmology,5
3988,Maharashtra,Trust,"Dr. D Y Patil Medical College, Kolhapur",MS - Orthopaedics,9
3989,Maharashtra,Trust,"Dr. D Y Patil Medical College, Kolhapur",MS - General Surgery,10
3990,Maharashtra,Trust,"Dr. D Y Patil Medical College, Kolhapur",MS - ENT,2
3991,Maharashtra,Trust,"Dr. D Y Patil Medical College, Kolhapur","MD - Dermatology , Venereology & Leprosy",1
3992,Maharashtra,Trust,"Dr. D Y Patil Medical College, Kolhapur",MD - Psychiatry,3
3993,Maharashtra,Trust,"Dr. D Y Patil Medical College, Kolhapur",MD - Anaesthesiology,6
3994,Maharashtra,Trust,"Dr. D Y Patil Medical College, Kolhapur",MS - Obstetrics & Gynaecology,6
3995,Maharashtra,Trust,"Dr. D Y Patil Medical College, Kolhapur",MD - Radio Diagnosis/Radiology,7
3996,Maharashtra,Trust,"Dr. D Y Patil Medical College, Kolhapur",MD - Pathology,6
3997,Maharashtra,Trust,"Dr. D Y Patil Medical College, Kolhapur",MD - General Medicine,13
3998,Maharashtra,Trust,"Dr. D Y Patil Medical College, Kolhapur",MD - Paediatrics,9
3999,Maharashtra,Trust,"Dr. Panjabrao Alias Bhausaheb Deshmukh Memorial Medical College,
Amravati","MD - Social & Preventive Medicine / Community
Medicine",2
4000,Maharashtra,Trust,"Dr. Panjabrao Alias Bhausaheb Deshmukh Memorial Medical College,
Amravati",MS - General Surgery,6
4001,Maharashtra,Trust,"Dr. Panjabrao Alias Bhausaheb Deshmukh Memorial Medical College,
Amravati","MD - Dermatology , Venereology & Leprosy",2
4002,Maharashtra,Trust,"Dr. Panjabrao Alias Bhausaheb Deshmukh Memorial Medical College,
Amravati",MD - Microbiology,2
4003,Maharashtra,Trust,"Dr. Panjabrao Alias Bhausaheb Deshmukh Memorial Medical College,
Amravati",MS - Obstetrics & Gynaecology,4
4004,Maharashtra,Trust,"Dr. Panjabrao Alias Bhausaheb Deshmukh Memorial Medical College,
Amravati",MS - Ophthalmology,3
4005,Maharashtra,Trust,"Dr. Panjabrao Alias Bhausaheb Deshmukh Memorial Medical College,
Amravati","MD - Tuberculosis & Respiratory Diseases / Pulmonary
Medicine",3
4006,Maharashtra,Trust,"Dr. Panjabrao Alias Bhausaheb Deshmukh Memorial Medical College,
Amravati",MD - General Medicine,4
4007,Maharashtra,Trust,"Dr. Panjabrao Alias Bhausaheb Deshmukh Memorial Medical College,
Amravati",MD - Pathology,7
4008,Maharashtra,Trust,"Dr. Panjabrao Alias Bhausaheb Deshmukh Memorial Medical College,
Amravati",MD - Psychiatry,4
4009,Maharashtra,Trust,"Dr. Panjabrao Alias Bhausaheb Deshmukh Memorial Medical College,
Amravati",MD - Physiology,1
4010,Maharashtra,Trust,"Dr. Panjabrao Alias Bhausaheb Deshmukh Memorial Medical College,
Amravati",MD - Anatomy,2
4011,Maharashtra,Trust,"Dr. Panjabrao Alias Bhausaheb Deshmukh Memorial Medical College,
Amravati",MD - Radio Diagnosis,3
4012,Maharashtra,Trust,"Dr. Panjabrao Alias Bhausaheb Deshmukh Memorial Medical College,
Amravati",MS - Orthopaedics,5
4013,Maharashtra,Trust,"Dr. Panjabrao Alias Bhausaheb Deshmukh Memorial Medical College,
Amravati",MD - Paediatrics,2
4014,Maharashtra,Trust,"Dr. Panjabrao Alias Bhausaheb Deshmukh Memorial Medical College,
Amravati",MD - Pharmacology,2
4015,Maharashtra,Trust,"Dr. Panjabrao Alias Bhausaheb Deshmukh Memorial Medical College,
Amravati",MD - Anaesthesiology,3
4016,Maharashtra,Govt,"Dr. Shankarrao Chavan Govt. Medical College, Nanded",MS - ENT,4
4017,Maharashtra,Govt,"Dr. Shankarrao Chavan Govt. Medical College, Nanded",MD - Microbiology,5
4018,Maharashtra,Govt,"Dr. Shankarrao Chavan Govt. Medical College, Nanded",MD - Anaesthesiology,10
4019,Maharashtra,Govt,"Dr. Shankarrao Chavan Govt. Medical College, Nanded","MD - Social & Preventive Medicine / Community
Medicine",8
4020,Maharashtra,Govt,"Dr. Shankarrao Chavan Govt. Medical College, Nanded",MD - Bio-Chemistry,5
4021,Maharashtra,Govt,"Dr. Shankarrao Chavan Govt. Medical College, Nanded",MD - Anatomy,2
4022,Maharashtra,Govt,"Dr. Shankarrao Chavan Govt. Medical College, Nanded",MD - Physiology,2
4023,Maharashtra,Govt,"Dr. Shankarrao Chavan Govt. Medical College, Nanded",MD - Pharmacology,5
4024,Maharashtra,Govt,"Dr. Shankarrao Chavan Govt. Medical College, Nanded",MS - Orthopaedics,6
4025,Maharashtra,Govt,"Dr. Shankarrao Chavan Govt. Medical College, Nanded",MD - Paediatrics,3
4026,Maharashtra,Govt,"Dr. Shankarrao Chavan Govt. Medical College, Nanded",MD - General Medicine,9
4027,Maharashtra,Govt,"Dr. Shankarrao Chavan Govt. Medical College, Nanded",MS - Ophthalmology,4
4028,Maharashtra,Govt,"Dr. Shankarrao Chavan Govt. Medical College, Nanded",MS - Obstetrics & Gynaecology,10
4029,Maharashtra,Govt,"Dr. Shankarrao Chavan Govt. Medical College, Nanded","MD - Tuberculosis & Respiratory Diseases / Pulmonary
Medicine",5
4030,Maharashtra,Govt,"Dr. Shankarrao Chavan Govt. Medical College, Nanded",MS - General Surgery,9
4031,Maharashtra,Govt,"Dr. Shankarrao Chavan Govt. Medical College, Nanded",MD - Psychiatry,3
4032,Maharashtra,Govt,"Dr. Shankarrao Chavan Govt. Medical College, Nanded",MD - Radio Diagnosis,3
4033,Maharashtra,Govt,"Dr. Shankarrao Chavan Govt. Medical College, Nanded","MD - Dermatology , Venereology & Leprosy",5
4034,Maharashtra,Govt,"Dr. Shankarrao Chavan Govt. Medical College, Nanded","MD - Forensic Medicine/Forensic Medicine &
Toxicology",5
4035,Maharashtra,Govt,"Dr. Shankarrao Chavan Govt. Medical College, Nanded",MD - Pathology,4
4036,Maharashtra,Trust,"Dr. Ulhas Patil Medical College & Hospital, Jalgaon",MD - Emergency Medicine,5
4037,Maharashtra,Trust,"Dr. Ulhas Patil Medical College & Hospital, Jalgaon","MD - Tuberculosis & Respiratory Diseases / Pulmonary
Medicine",2
4038,Maharashtra,Trust,"Dr. Ulhas Patil Medical College & Hospital, Jalgaon",MD - Radio Diagnosis/Radiology,3
4039,Maharashtra,Trust,"Dr. Ulhas Patil Medical College & Hospital, Jalgaon",MD - Pathology,6
4040,Maharashtra,Trust,"Dr. Ulhas Patil Medical College & Hospital, Jalgaon",MD - Microbiology,2
4041,Maharashtra,Trust,"Dr. Ulhas Patil Medical College & Hospital, Jalgaon",MS - General Surgery,5
4042,Maharashtra,Trust,"Dr. Ulhas Patil Medical College & Hospital, Jalgaon",MD - Psychiatry,2
4043,Maharashtra,Trust,"Dr. Ulhas Patil Medical College & Hospital, Jalgaon",MD - Paediatrics,2
4044,Maharashtra,Trust,"Dr. Ulhas Patil Medical College & Hospital, Jalgaon",MS - ENT,2
4045,Maharashtra,Trust,"Dr. Ulhas Patil Medical College & Hospital, Jalgaon",MS - Orthopaedics,3
4046,Maharashtra,Trust,"Dr. Ulhas Patil Medical College & Hospital, Jalgaon","MD - Social & Preventive Medicine / Community
Medicine",2
4047,Maharashtra,Trust,"Dr. Ulhas Patil Medical College & Hospital, Jalgaon","MD - Dermatology , Venereology & Leprosy",2
4048,Maharashtra,Trust,"Dr. Ulhas Patil Medical College & Hospital, Jalgaon",MD - General Medicine,5
4049,Maharashtra,Trust,"Dr. Ulhas Patil Medical College & Hospital, Jalgaon",MD - Bio-Chemistry,1
4050,Maharashtra,Trust,"Dr. Ulhas Patil Medical College & Hospital, Jalgaon",MS - Ophthalmology,3
4051,Maharashtra,Trust,"Dr. Ulhas Patil Medical College & Hospital, Jalgaon",MD - Physiology,2
4052,Maharashtra,Trust,"Dr. Ulhas Patil Medical College & Hospital, Jalgaon",MS - Obstetrics & Gynaecology,3
4053,Maharashtra,Trust,"Dr. Ulhas Patil Medical College & Hospital, Jalgaon",MD - Anatomy,1
4054,Maharashtra,Trust,"Dr. Ulhas Patil Medical College & Hospital, Jalgaon",MD - Anaesthesiology,4
4055,Maharashtra,Trust,"Dr. Vithalrao Vikhe Patil Foundations Medical College & Hospital, Ahmednagar",MD - Pathology,4
4056,Maharashtra,Trust,"Dr. Vithalrao Vikhe Patil Foundations Medical College & Hospital, Ahmednagar",MD - General Medicine,9
4057,Maharashtra,Trust,"Dr. Vithalrao Vikhe Patil Foundations Medical College & Hospital, Ahmednagar","MD - Dermatology , Venereology & Leprosy",3
4058,Maharashtra,Trust,"Dr. Vithalrao Vikhe Patil Foundations Medical College & Hospital, Ahmednagar",MD - Pediatrics,8
4059,Maharashtra,Trust,"Dr. Vithalrao Vikhe Patil Foundations Medical College & Hospital, Ahmednagar",MS - General Surgery,12
4060,Maharashtra,Trust,"Dr. Vithalrao Vikhe Patil Foundations Medical College & Hospital, Ahmednagar",MS - Orthopaedics,9
4061,Maharashtra,Trust,"Dr. Vithalrao Vikhe Patil Foundations Medical College & Hospital, Ahmednagar",MS - Ophthalmology,6
4062,Maharashtra,Trust,"Dr. Vithalrao Vikhe Patil Foundations Medical College & Hospital, Ahmednagar",MS - Obstetrics & Gynaecology,9
4063,Maharashtra,Trust,"Dr. Vithalrao Vikhe Patil Foundations Medical College & Hospital, Ahmednagar",MD - Anesthesiology,8
4064,Maharashtra,Trust,"Dr. Vithalrao Vikhe Patil Foundations Medical College & Hospital, Ahmednagar",MD - Radio diagnosis,8
4065,Maharashtra,Trust,"Dr.Vasantrao Pawar Med. Col. Hosp. & Research Centre,Nasik (Prev. NDMVP
Samaj Medical College)",MD - Pathology,5
4066,Maharashtra,Trust,"Dr.Vasantrao Pawar Med. Col. Hosp. & Research Centre,Nasik (Prev. NDMVP
Samaj Medical College)",MD - Microbiology,3
4067,Maharashtra,Trust,"Dr.Vasantrao Pawar Med. Col. Hosp. & Research Centre,Nasik (Prev. NDMVP
Samaj Medical College)",MD - Pharmacology,2
4068,Maharashtra,Trust,"Dr.Vasantrao Pawar Med. Col. Hosp. & Research Centre,Nasik (Prev. NDMVP
Samaj Medical College)",MD - General Medicine,5
4069,Maharashtra,Trust,"Dr.Vasantrao Pawar Med. Col. Hosp. & Research Centre,Nasik (Prev. NDMVP
Samaj Medical College)","MD - Tuberculosis & Respiratory Diseases / Pulmonary
Medicine",2
4070,Maharashtra,Trust,"Dr.Vasantrao Pawar Med. Col. Hosp. & Research Centre,Nasik (Prev. NDMVP
Samaj Medical College)","MD - Dermatology , Venereology & Leprosy",3
4071,Maharashtra,Trust,"Dr.Vasantrao Pawar Med. Col. Hosp. & Research Centre,Nasik (Prev. NDMVP
Samaj Medical College)",MD - Psychiatry,3
4072,Maharashtra,Trust,"Dr.Vasantrao Pawar Med. Col. Hosp. & Research Centre,Nasik (Prev. NDMVP
Samaj Medical College)",MD - Paediatrics,3
4073,Maharashtra,Trust,"Dr.Vasantrao Pawar Med. Col. Hosp. & Research Centre,Nasik (Prev. NDMVP
Samaj Medical College)",MS - General Surgery,12
4074,Maharashtra,Trust,"Dr.Vasantrao Pawar Med. Col. Hosp. & Research Centre,Nasik (Prev. NDMVP
Samaj Medical College)",MS - Orthopaedics,9
4075,Maharashtra,Trust,"Dr.Vasantrao Pawar Med. Col. Hosp. & Research Centre,Nasik (Prev. NDMVP
Samaj Medical College)",MS - ENT,5
4076,Maharashtra,Trust,"Dr.Vasantrao Pawar Med. Col. Hosp. & Research Centre,Nasik (Prev. NDMVP
Samaj Medical College)",MS - Ophthalmology,4
4077,Maharashtra,Trust,"Dr.Vasantrao Pawar Med. Col. Hosp. & Research Centre,Nasik (Prev. NDMVP
Samaj Medical College)",MS - Obstetrics & Gynaecology,5
4078,Maharashtra,Trust,"Dr.Vasantrao Pawar Med. Col. Hosp. & Research Centre,Nasik (Prev. NDMVP
Samaj Medical College)",MD - Radio Diagnosis/Radiology,5
4079,Maharashtra,Trust,"Dr.Vasantrao Pawar Med. Col. Hosp. & Research Centre,Nasik (Prev. NDMVP
Samaj Medical College)",MD - Anaesthesiology,8
4080,Maharashtra,Govt,"ESI-PGIMSR,ESI-Hospital,Parel,Mumbai","MD - Tuberculosis & Respiratory Diseases / Pulmonary
Medicine",2
4081,Maharashtra,Govt,"ESI-PGIMSR,ESI-Hospital,Parel,Mumbai",MD - Anaesthesiology,1
4082,Maharashtra,Govt,"ESI-PGIMSR,ESI-Hospital,Parel,Mumbai",MS - Orthopaedics,2
4083,Maharashtra,Govt,"ESI-PGIMSR,ESI-Hospital,Parel,Mumbai",MS - General Surgery,1
4084,Maharashtra,Govt,Government Medical College & Hospital Baramati,MD - Anaesthesiology,5
4085,Maharashtra,Govt,Government Medical College & Hospital Baramati,MD - Physiology,4
4086,Maharashtra,Govt,Government Medical College & Hospital Baramati,MD - Community Medicine,6
4087,Maharashtra,Govt,"Government Medical College, Akola",MD - Anaesthesiology,4
4088,Maharashtra,Govt,"Government Medical College, Akola",MD - Bio-Chemistry,2
4089,Maharashtra,Govt,"Government Medical College, Akola","MD - Dermatology , Venereology & Leprosy",3
4090,Maharashtra,Govt,"Government Medical College, Akola","MD - Forensic Medicine/Forensic Medicine &
Toxicology",2
4091,Maharashtra,Govt,"Government Medical College, Akola",MD - Microbiology,2
4092,Maharashtra,Govt,"Government Medical College, Akola",MD - Paediatrics,2
4093,Maharashtra,Govt,"Government Medical College, Akola",MD - Pathology,9
4094,Maharashtra,Govt,"Government Medical College, Akola",MD - Pharmacology,5
4095,Maharashtra,Govt,"Government Medical College, Akola",MD - Physiology,2
4096,Maharashtra,Govt,"Government Medical College, Akola",MD - Radio Diagnosis,5
4097,Maharashtra,Govt,"Government Medical College, Akola","MD - Social & Preventive Medicine / Community
Medicine",11
4098,Maharashtra,Govt,"Government Medical College, Akola","MD - Tuberculosis & Respiratory Diseases / Pulmonary
Medicine",3
4099,Maharashtra,Govt,"Government Medical College, Akola",MD - Anatomy,2
4100,Maharashtra,Govt,"Government Medical College, Akola",MS - Ophthalmology,4
4101,Maharashtra,Govt,"Government Medical College, Akola",MS - ENT,3
4102,Maharashtra,Govt,"Government Medical College, Akola",MS - Obstetrics & Gynaecology,14
4103,Maharashtra,Govt,"Government Medical College, Aurangabad",MD - Anaesthesiology,25
4104,Maharashtra,Govt,"Government Medical College, Aurangabad",MD - Bio-Chemistry,2
4105,Maharashtra,Govt,"Government Medical College, Aurangabad","MD - Dermatology , Venereology & Leprosy",3
4106,Maharashtra,Govt,"Government Medical College, Aurangabad","MD - Forensic Medicine/Forensic Medicine &
Toxicology",3
4107,Maharashtra,Govt,"Government Medical College, Aurangabad",MD - General Medicine,20
4108,Maharashtra,Govt,"Government Medical College, Aurangabad",MD - Geriatrics,5
4109,Maharashtra,Govt,"Government Medical College, Aurangabad",MD - Microbiology,13
4110,Maharashtra,Govt,"Government Medical College, Aurangabad",MD - Paediatrics,9
4111,Maharashtra,Govt,"Government Medical College, Aurangabad",MD - Pathology,14
4112,Maharashtra,Govt,"Government Medical College, Aurangabad",MD - Pharmacology,3
4113,Maharashtra,Govt,"Government Medical College, Aurangabad",MD - Physiology,3
4114,Maharashtra,Govt,"Government Medical College, Aurangabad",MD - Psychiatry,3
4115,Maharashtra,Govt,"Government Medical College, Aurangabad",MD - Radio Diagnosis/Radiology,13
4116,Maharashtra,Govt,"Government Medical College, Aurangabad",MD - Radiotherapy/ Radiation Oncology,2
4117,Maharashtra,Govt,"Government Medical College, Aurangabad","MD - Social & Preventive Medicine / Community
Medicine",12
4118,Maharashtra,Govt,"Government Medical College, Aurangabad",MD -Respiratory Medicine,5
4119,Maharashtra,Govt,"Government Medical College, Aurangabad",MD - Anatomy,3
4120,Maharashtra,Govt,"Government Medical College, Aurangabad",MS - Ophthalmology,8
4121,Maharashtra,Govt,"Government Medical College, Aurangabad",MS - ENT,4
4122,Maharashtra,Govt,"Government Medical College, Aurangabad",MS - General Surgery,20
4123,Maharashtra,Govt,"Government Medical College, Aurangabad",MS - Obstetrics & Gynaecology,21
4124,Maharashtra,Govt,"Government Medical College, Aurangabad",MS - Orthopaedics,9
4125,Maharashtra,Govt,"Government Medical College, Chandrapur",MS - Obstetrics and Gynaecology,5
4126,Maharashtra,Govt,"Government Medical College, Chandrapur",MD - Paediatrics,2
4127,Maharashtra,Govt,"Government Medical College, Chandrapur",MS - Ophthalmology,3
4128,Maharashtra,Govt,"Government Medical College, Chandrapur",MD - Psychiatry,2
4129,Maharashtra,Govt,"Government Medical College, Chandrapur",MD - Microbiology,3
4130,Maharashtra,Govt,"Government Medical College, Chandrapur",MD - Physiology,3
4131,Maharashtra,Govt,"Government Medical College, Chandrapur",MD - Forensic Medicine,5
4132,Maharashtra,Govt,"Government Medical College, Chandrapur",MD - Anaesthesiology,4
4133,Maharashtra,Govt,"Government Medical College, Chandrapur",MD - Pharmacology,3
4134,Maharashtra,Govt,"Government Medical College, Chandrapur",MS - Orthopaedics,2
4135,Maharashtra,Govt,"Government Medical College, Chandrapur",MS - General Surgery,10
4136,Maharashtra,Govt,"Government Medical College, Chandrapur",MD - Anatomy,4
4137,Maharashtra,Govt,"Government Medical College, Chandrapur",MD - General Medicine,2
4138,Maharashtra,Govt,"Government Medical College, Chandrapur",MD - Pathology,2
4139,Maharashtra,Govt,"Government Medical College, Chandrapur","MD - Dermatology , Venereology & Leprosy",5
4140,Maharashtra,Govt,"Government Medical College, Chandrapur",MD - Bio-Chemistry,5
4141,Maharashtra,Govt,"Government Medical College, Chandrapur",MS - ENT,2
4142,Maharashtra,Govt,"Government Medical College, Chandrapur",MD - Community Medicine,3
4143,Maharashtra,Govt,"Government Medical College, Gondia",MS - Obstetrics and Gynaecology,5
4144,Maharashtra,Govt,"Government Medical College, Gondia",MS - Ophthalmology,3
4145,Maharashtra,Govt,"Government Medical College, Gondia",MD - Physiology,5
4146,Maharashtra,Govt,"Government Medical College, Gondia",MS - Otorhinolaryngology,4
4147,Maharashtra,Govt,"Government Medical College, Gondia",MD - Paediatrics,2
4148,Maharashtra,Govt,"Government Medical College, Gondia",MD - Anatomy,5
4149,Maharashtra,Govt,"Government Medical College, Gondia",MD - Anaesthesiology,4
4150,Maharashtra,Govt,"Government Medical College, Gondia",MS - General Surgery,3
4151,Maharashtra,Govt,"Government Medical College, Gondia",MD - Pharmacology,5
4152,Maharashtra,Govt,"Government Medical College, Gondia",MD - Pathology,2
4153,Maharashtra,Govt,"Government Medical College, Gondia",MD - Microbiology,3
4154,Maharashtra,Govt,"Government Medical College, Gondia",MD - Bio-Chemistry,3
4155,Maharashtra,Govt,"Government Medical College, Gondia",MD - Forensic Medicine,3
4156,Maharashtra,Govt,"Government Medical College, Gondia",MD - Community Medicine,7
4157,Maharashtra,Govt,"Government Medical College, Jalgaon",MD - Anaesthesiology,5
4158,Maharashtra,Govt,"Government Medical College, Jalgaon",MS- Ophthalmology,3
4159,Maharashtra,Govt,"Government Medical College, Jalgaon",MS-ENT,3
4160,Maharashtra,Govt,"Government Medical College, Jalgaon",MD - Radio Diagnosis,3
4161,Maharashtra,Govt,"Government Medical College, Jalgaon",MD - General Medicine,7
4162,Maharashtra,Govt,"Government Medical College, Jalgaon",MD - Microbiology,4
4163,Maharashtra,Govt,"Government Medical College, Jalgaon",MS - Orthopaedics,3
4164,Maharashtra,Govt,"Government Medical College, Jalgaon",MS - Obstetrics & Gynaecology,7
4165,Maharashtra,Govt,"Government Medical College, Jalgaon",MS - General Surgery,9
4166,Maharashtra,Govt,"Government Medical College, Jalgaon",MD - Pathology,2
4167,Maharashtra,Govt,"Government Medical College, Jalgaon",MD - Paediatrics,5
4168,Maharashtra,Govt,"Government Medical College, Jalgaon",MD- Forensic Medicine,3
4169,Maharashtra,Govt,"Government Medical College, Jalgaon",MD - Pharmacology,5
4170,Maharashtra,Govt,"Government Medical College, Jalgaon",MD - Community Medicine,4
4171,Maharashtra,Govt,"Government Medical College, Latur",MD - Anatomy,2
4172,Maharashtra,Govt,"Government Medical College, Latur",MD - Physiology,2
4173,Maharashtra,Govt,"Government Medical College, Latur",MD - Pathology,5
4174,Maharashtra,Govt,"Government Medical College, Latur",MD - Microbiology,2
4175,Maharashtra,Govt,"Government Medical College, Latur",MD - Pharmacology,2
4176,Maharashtra,Govt,"Government Medical College, Latur","MD - Forensic Medicine/Forensic Medicine &
Toxicology",2
4177,Maharashtra,Govt,"Government Medical College, Latur","MD - Social & Preventive Medicine / Community
Medicine",4
4178,Maharashtra,Govt,"Government Medical College, Latur",MS - ENT,3
4179,Maharashtra,Govt,"Government Medical College, Latur",MS - Ophthalmology,4
4180,Maharashtra,Govt,"Government Medical College, Latur",MD - General Medicine,7
4181,Maharashtra,Govt,"Government Medical College, Latur",MD - Paediatrics,3
4182,Maharashtra,Govt,"Government Medical College, Latur","MD - Dermatology , Venereology & Leprosy",3
4183,Maharashtra,Govt,"Government Medical College, Latur",MS - General Surgery,9
4184,Maharashtra,Govt,"Government Medical College, Latur",MS - Orthopaedics,2
4185,Maharashtra,Govt,"Government Medical College, Latur",MS - Obstetrics & Gynaecology,6
4186,Maharashtra,Govt,"Government Medical College, Latur",MD - Anaesthesiology,9
4187,Maharashtra,Govt,"Government Medical College, Latur",MD - Radio Diagnosis/Radiology,5
4188,Maharashtra,Govt,"Government Medical College, Miraj","MD - Social & Preventive Medicine / Community
Medicine",5
4189,Maharashtra,Govt,"Government Medical College, Miraj",MD - Pharmacology,2
4190,Maharashtra,Govt,"Government Medical College, Miraj",MD - Anatomy,3
4191,Maharashtra,Govt,"Government Medical College, Miraj",MD - Paediatrics,10
4192,Maharashtra,Govt,"Government Medical College, Miraj",MS - General Surgery,11
4193,Maharashtra,Govt,"Government Medical College, Miraj",MD - Microbiology,5
4194,Maharashtra,Govt,"Government Medical College, Miraj",MS - Ophthalmology,5
4195,Maharashtra,Govt,"Government Medical College, Miraj","MD - Dermatology , Venereology & Leprosy",2
4196,Maharashtra,Govt,"Government Medical College, Miraj",MD - General Medicine,7
4197,Maharashtra,Govt,"Government Medical College, Miraj",MD - Radio Diagnosis/Radiology,5
4198,Maharashtra,Govt,"Government Medical College, Miraj","MD - Forensic Medicine/Forensic Medicine &
Toxicology",3
4199,Maharashtra,Govt,"Government Medical College, Miraj",MD - Psychiatry,2
4200,Maharashtra,Govt,"Government Medical College, Miraj",MS - Orthopaedics,3
4201,Maharashtra,Govt,"Government Medical College, Miraj",MS - ENT,2
4202,Maharashtra,Govt,"Government Medical College, Miraj",MS - Obstetrics & Gynaecology,12
4203,Maharashtra,Govt,"Government Medical College, Miraj",MD - Bio-Chemistry,3
4204,Maharashtra,Govt,"Government Medical College, Miraj",MD - Anaesthesiology,10
4205,Maharashtra,Govt,"Government Medical College, Miraj",MD - Emergency Medicine,2
4206,Maharashtra,Govt,"Government Medical College, Miraj",MD - Physiology,2
4207,Maharashtra,Govt,"Government Medical College, Miraj",MD - Pathology,5
4209,Maharashtra,Govt,"Government Medical College, Nagpur",MD - Microbiology,25
4210,Maharashtra,Govt,"Government Medical College, Nagpur",MD - Paediatrics,16
4211,Maharashtra,Govt,"Government Medical College, Nagpur",MD - Pathology,12
4212,Maharashtra,Govt,"Government Medical College, Nagpur",MD - Pharmacology,16
4213,Maharashtra,Govt,"Government Medical College, Nagpur",MD - Psychiatry,4
4214,Maharashtra,Govt,"Government Medical College, Nagpur",MD - Radiotherapy/ Radiation Oncology,5
4215,Maharashtra,Govt,"Government Medical College, Nagpur","MD - Social & Preventive Medicine / Community
Medicine",22
4216,Maharashtra,Govt,"Government Medical College, Nagpur",MS - Ophthalmology,10
4217,Maharashtra,Govt,"Government Medical College, Nagpur",MS - ENT,10
4218,Maharashtra,Govt,"Government Medical College, Nagpur",MS - Obstetrics & Gynaecology,25
4219,Maharashtra,Govt,"Government Medical College, Nagpur",MS - Orthopaedics,9
4220,Maharashtra,Govt,"Government Medical College, Nagpur",MD - Anatomy,3
4221,Maharashtra,Govt,"Government Medical College, Nagpur",MD- physiology,4
4222,Maharashtra,Govt,"Government Medical College, Nagpur",MD-biochemistry,4
4223,Maharashtra,Govt,"Government Medical College, Nagpur",MD-forensic medicine,5
4224,Maharashtra,Govt,"Government Medical College, Nagpur",MD-general medicine,37
4225,Maharashtra,Govt,"Government Medical College, Nagpur",MD-respiratory medicine,4
4226,Maharashtra,Govt,"Government Medical College, Nagpur",MD-DVL,5
4227,Maharashtra,Govt,"Government Medical College, Nagpur",MS-general surgery,22
4228,Maharashtra,Govt,"Government Medical College, Nagpur",MD-anaesthesiology,20
4229,Maharashtra,Govt,"Government Medical College, Nagpur",MD-Radiation Oncology,5
4230,Maharashtra,Govt,"Grant Medical College, Mumbai",MD - Pharmacology,6
4231,Maharashtra,Govt,"Grant Medical College, Mumbai",MD - Psychiatry,10
4232,Maharashtra,Govt,"Grant Medical College, Mumbai",MD - Paediatrics,14
4233,Maharashtra,Govt,"Grant Medical College, Mumbai",MD - Pathology,30
4234,Maharashtra,Govt,"Grant Medical College, Mumbai",MS - Ophthalmology,18
4235,Maharashtra,Govt,"Grant Medical College, Mumbai",MS - Obstetrics & Gynaecology,22
4236,Maharashtra,Govt,"Grant Medical College, Mumbai",MD - Emergency Medicine,5
4237,Maharashtra,Govt,"Grant Medical College, Mumbai",MD - Bio-Chemistry,7
4238,Maharashtra,Govt,"Grant Medical College, Mumbai","MD - Forensic Medicine/Forensic Medicine &
Toxicology",10
4239,Maharashtra,Govt,"Grant Medical College, Mumbai",MD - Anaesthesiology,30
4240,Maharashtra,Govt,"Grant Medical College, Mumbai",MD - Geriatrics,4
4241,Maharashtra,Govt,"Grant Medical College, Mumbai",MD - Immuno Haematology & Blood Transfusion,5
4242,Maharashtra,Govt,"Grant Medical College, Mumbai","MD - Dermatology , Venereology & Leprosy",10
4243,Maharashtra,Govt,"Grant Medical College, Mumbai",MD - Radio Diagnosis/Radiology,16
4244,Maharashtra,Govt,"Grant Medical College, Mumbai",MD - General Medicine,22
4245,Maharashtra,Govt,"Grant Medical College, Mumbai",MD - Physiology,4
4246,Maharashtra,Govt,"Grant Medical College, Mumbai",MD - Microbiology,17
4247,Maharashtra,Govt,"Grant Medical College, Mumbai",MD - Anatomy,2
4248,Maharashtra,Govt,"Grant Medical College, Mumbai","MD - Tuberculosis & Respiratory Diseases / Pulmonary
Medicine",8
4249,Maharashtra,Govt,"Grant Medical College, Mumbai",MS - General Surgery,32
4250,Maharashtra,Govt,"Grant Medical College, Mumbai","MD - Social & Preventive Medicine / Community
Medicine",15
4251,Maharashtra,Govt,"Grant Medical College, Mumbai",MS - ENT,5
4252,Maharashtra,Govt,"Grant Medical College, Mumbai",MS - Orthopaedics,15
4253,Maharashtra,Govt,"H.B.T. Medical College & Dr. R.N. Cooper Municipal General Hospital, Juhu,
Mumbai",MD - Anaesthesiology,4
4254,Maharashtra,Govt,"H.B.T. Medical College & Dr. R.N. Cooper Municipal General Hospital, Juhu,
Mumbai","MD - Forensic Medicine/Forensic Medicine &
Toxicology",3
4255,Maharashtra,Govt,"H.B.T. Medical College & Dr. R.N. Cooper Municipal General Hospital, Juhu,
Mumbai",MD - General Medicine,10
4256,Maharashtra,Govt,"H.B.T. Medical College & Dr. R.N. Cooper Municipal General Hospital, Juhu,
Mumbai",MD - Paediatrics,2
4257,Maharashtra,Govt,"H.B.T. Medical College & Dr. R.N. Cooper Municipal General Hospital, Juhu,
Mumbai",MD - Pathology,2
4258,Maharashtra,Govt,"H.B.T. Medical College & Dr. R.N. Cooper Municipal General Hospital, Juhu,
Mumbai",MD - Pharmacology,6
4259,Maharashtra,Govt,"H.B.T. Medical College & Dr. R.N. Cooper Municipal General Hospital, Juhu,
Mumbai",MD - Physiology,5
4260,Maharashtra,Govt,"H.B.T. Medical College & Dr. R.N. Cooper Municipal General Hospital, Juhu,
Mumbai","MD - Social & Preventive Medicine / Community
Medicine",5
4261,Maharashtra,Govt,"H.B.T. Medical College & Dr. R.N. Cooper Municipal General Hospital, Juhu,
Mumbai",MD - Anatomy,5
4262,Maharashtra,Govt,"H.B.T. Medical College & Dr. R.N. Cooper Municipal General Hospital, Juhu,
Mumbai",MS - General Surgery,10
4263,Maharashtra,Govt,"H.B.T. Medical College & Dr. R.N. Cooper Municipal General Hospital, Juhu,
Mumbai",MS - Ophthalmology,1
4264,Maharashtra,Govt,"H.B.T. Medical College & Dr. R.N. Cooper Municipal General Hospital, Juhu,
Mumbai",MS - Orthopaedics,4
4265,Maharashtra,Govt,"H.B.T. Medical College & Dr. R.N. Cooper Municipal General Hospital, Juhu,
Mumbai",MS - Otorhinolaryngology,3
4266,Maharashtra,Trust,"Indian Institute of Medical Science & Research, Jalna",MD - Paediatrics,3
4267,Maharashtra,Trust,"Indian Institute of Medical Science & Research, Jalna",MD - Anaesthesiology,2
4268,Maharashtra,Trust,"Indian Institute of Medical Science & Research, Jalna",MD - Pathology,2
4269,Maharashtra,Trust,"Indian Institute of Medical Science & Research, Jalna",MS - General Surgery,2
4270,Maharashtra,Trust,"Indian Institute of Medical Science & Research, Jalna",MS - Ophthalmology,12
4271,Maharashtra,Trust,"Indian Institute of Medical Science & Research, Jalna",MS - Obstetrics & Gynaecology,1
4272,Maharashtra,Trust,"Indian Institute of Medical Science & Research, Jalna",MS - Orthopaedics,8
4273,Maharashtra,Trust,"Indian Institute of Medical Science & Research, Jalna",MD - General Medicine,6
4274,Maharashtra,Trust,"Indian Institute of Medical Science & Research, Jalna",MD - Psychiatry,5
4275,Maharashtra,Trust,"Indian Institute of Medical Science & Research, Jalna","MD - Dermatology , Venereology & Leprosy",5
4276,Maharashtra,Govt,"Indira Gandhi Medical College & Hospital, Nagpur",MS - Obstetrics & Gynaecology,20
4277,Maharashtra,Govt,"Indira Gandhi Medical College & Hospital, Nagpur",MD - Pharmacology,5
4278,Maharashtra,Govt,"Indira Gandhi Medical College & Hospital, Nagpur","MD - Tuberculosis & Respiratory Diseases / Pulmonary
Medicine",8
4279,Maharashtra,Govt,"Indira Gandhi Medical College & Hospital, Nagpur",MS - Ophthalmology,5
4280,Maharashtra,Govt,"Indira Gandhi Medical College & Hospital, Nagpur",MD - Anaesthesiology,11
4281,Maharashtra,Govt,"Indira Gandhi Medical College & Hospital, Nagpur",MD - Paediatrics,13
4282,Maharashtra,Govt,"Indira Gandhi Medical College & Hospital, Nagpur",MS - General Surgery,12
4283,Maharashtra,Govt,"Indira Gandhi Medical College & Hospital, Nagpur",MS - ENT,4
4284,Maharashtra,Govt,"Indira Gandhi Medical College & Hospital, Nagpur",MD - Microbiology,8
4285,Maharashtra,Govt,"Indira Gandhi Medical College & Hospital, Nagpur",MD - General Medicine,12
4286,Maharashtra,Govt,"Indira Gandhi Medical College & Hospital, Nagpur",MS - Orthopaedics,9
4287,Maharashtra,Govt,"Indira Gandhi Medical College & Hospital, Nagpur",MD - Bio-Chemistry,7
4288,Maharashtra,Govt,"Indira Gandhi Medical College & Hospital, Nagpur",MD - Pathology,4
4289,Maharashtra,Govt,"Indira Gandhi Medical College & Hospital, Nagpur",MD - Physiology,3
4290,Maharashtra,Govt,"Indira Gandhi Medical College & Hospital, Nagpur",MD - Anatomy,3
4291,Maharashtra,Govt,"Indira Gandhi Medical College & Hospital, Nagpur","MD - Forensic Medicine/Forensic Medicine &
Toxicology",3
4292,Maharashtra,Govt,"Indira Gandhi Medical College & Hospital, Nagpur","MD - Dermatology , Venereology & Leprosy",4
4293,Maharashtra,Govt,"Indira Gandhi Medical College & Hospital, Nagpur",MD - Radio Diagnosis/Radiology,8
4294,Maharashtra,Govt,"Indira Gandhi Medical College & Hospital, Nagpur","MD - Social & Preventive Medicine / Community
Medicine",10
4295,Maharashtra,Govt,"Indira Gandhi Medical College & Hospital, Nagpur",MD - Psychiatry,8
4296,Maharashtra,Govt,"Institute of Navel Medicine, INHS,  Aswini",MD - General Medicine,10
4297,Maharashtra,Govt,"Institute of Navel Medicine, INHS,  Aswini",MS - Ophthalmology,3
4298,Maharashtra,Govt,"Institute of Navel Medicine, INHS,  Aswini",MS - General Surgery,6
4299,Maharashtra,Govt,"Institute of Navel Medicine, INHS,  Aswini",MD - Anaesthesiology,3
4300,Maharashtra,Govt,"Institute of Navel Medicine, INHS,  Aswini",MS - Obstetrics & Gynaecology,3
4301,Maharashtra,Govt,"Institute of Navel Medicine, INHS,  Aswini",MD - Radio Diagnosis/Radiology,2
4302,Maharashtra,Govt,"Institute of Navel Medicine, INHS,  Aswini",Diploma (Marine Medicine),2
4303,Maharashtra,Govt,"Institute of Navel Medicine, INHS,  Aswini",MD - Psychiatry,4
4304,Maharashtra,Govt,"Institute of Navel Medicine, INHS,  Aswini","MD - Dermatology , Venereology & Leprosy",2
4305,Maharashtra,Govt,"Institute of Navel Medicine, INHS,  Aswini",MD - Pathology,3
4306,Maharashtra,Govt,"Institute of Navel Medicine, INHS,  Aswini",MS - ENT,2
4307,Maharashtra,Govt,"Institute of Navel Medicine, INHS,  Aswini",MD - Paediatrics,3
4308,Maharashtra,Trust,"Jawaharlal Nehru Medical College, Sawangi (Meghe), Wardha",MD - Anatomy,6
4309,Maharashtra,Trust,"Jawaharlal Nehru Medical College, Sawangi (Meghe), Wardha",MD - Physiology,4
4310,Maharashtra,Trust,"Jawaharlal Nehru Medical College, Sawangi (Meghe), Wardha",MD - Bio-Chemistry,2
4311,Maharashtra,Trust,"Jawaharlal Nehru Medical College, Sawangi (Meghe), Wardha",MD - Pathology,15
4312,Maharashtra,Trust,"Jawaharlal Nehru Medical College, Sawangi (Meghe), Wardha",MD - Pharmacology,6
4313,Maharashtra,Trust,"Jawaharlal Nehru Medical College, Sawangi (Meghe), Wardha",MD - Microbiology,2
4314,Maharashtra,Trust,"Jawaharlal Nehru Medical College, Sawangi (Meghe), Wardha",MD - Community Medicine,5
4315,Maharashtra,Trust,"Jawaharlal Nehru Medical College, Sawangi (Meghe), Wardha",MD - Emergency Medicine,5
4316,Maharashtra,Trust,"Jawaharlal Nehru Medical College, Sawangi (Meghe), Wardha",MD - General Medicine,24
4317,Maharashtra,Trust,"Jawaharlal Nehru Medical College, Sawangi (Meghe), Wardha","MD - Dermatology , Venereology & Leprosy",5
4318,Maharashtra,Trust,"Jawaharlal Nehru Medical College, Sawangi (Meghe), Wardha",MD - Psychiatry,5
4319,Maharashtra,Trust,"Jawaharlal Nehru Medical College, Sawangi (Meghe), Wardha",MD - Respiratory Medicine,5
4320,Maharashtra,Trust,"Jawaharlal Nehru Medical College, Sawangi (Meghe), Wardha",MS - General Surgery,22
4321,Maharashtra,Trust,"Jawaharlal Nehru Medical College, Sawangi (Meghe), Wardha",MS - Orthopaedics,20
4322,Maharashtra,Trust,"Jawaharlal Nehru Medical College, Sawangi (Meghe), Wardha",MS - Oto-Rhino-Laryngology,5
4323,Maharashtra,Trust,"Jawaharlal Nehru Medical College, Sawangi (Meghe), Wardha",MS - Ophthalmology,10
4324,Maharashtra,Trust,"Jawaharlal Nehru Medical College, Sawangi (Meghe), Wardha",MD - Radio Diagnosis,16
4325,Maharashtra,Trust,"Jawaharlal Nehru Medical College, Sawangi (Meghe), Wardha",MD - Anaesthesiology,18
4326,Maharashtra,Trust,"Jawaharlal Nehru Medical College, Sawangi (Meghe), Wardha",MS - Obstetrics & Gynaecology,13
4327,Maharashtra,Trust,"Jawaharlal Nehru Medical College, Sawangi (Meghe), Wardha",MD - Paediatrics,20
4328,Maharashtra,Trust,KJ Somaiyya Medical College & Research Centre Mumbai,MD - Anaesthesiology,6
4329,Maharashtra,Trust,KJ Somaiyya Medical College & Research Centre Mumbai,MS - General Surgery,5
4330,Maharashtra,Trust,KJ Somaiyya Medical College & Research Centre Mumbai,MD - Paediatrics,3
4331,Maharashtra,Trust,KJ Somaiyya Medical College & Research Centre Mumbai,MD - Pathology,2
4332,Maharashtra,Trust,KJ Somaiyya Medical College & Research Centre Mumbai,MD - Anatomy,2
4333,Maharashtra,Trust,KJ Somaiyya Medical College & Research Centre Mumbai,MS - Obstetrics & Gynaecology,2
4334,Maharashtra,Trust,KJ Somaiyya Medical College & Research Centre Mumbai,MS - Ophthalmology,3
4335,Maharashtra,Trust,"Krishna Institute of Medical Sciences, Karad",MS - General Surgery,21
4336,Maharashtra,Trust,"Krishna Institute of Medical Sciences, Karad",MD - Physiology,1
4337,Maharashtra,Trust,"Krishna Institute of Medical Sciences, Karad",MD - Pathology,8
4338,Maharashtra,Trust,"Krishna Institute of Medical Sciences, Karad","MD - Dermatology , Venereology & Leprosy",3
4339,Maharashtra,Trust,"Krishna Institute of Medical Sciences, Karad",MS - Orthopaedics,12
4340,Maharashtra,Trust,"Krishna Institute of Medical Sciences, Karad",MD - Anatomy,3
4341,Maharashtra,Trust,"Krishna Institute of Medical Sciences, Karad","MD - Social & Preventive Medicine / Community
Medicine",2
4342,Maharashtra,Trust,"Krishna Institute of Medical Sciences, Karad",MS - Ophthalmology,6
4343,Maharashtra,Trust,"Krishna Institute of Medical Sciences, Karad",MD - Anaesthesiology,13
4344,Maharashtra,Trust,"Krishna Institute of Medical Sciences, Karad",MS - Obstetrics & Gynaecology,12
4345,Maharashtra,Trust,"Krishna Institute of Medical Sciences, Karad",MD - Microbiology,1
4346,Maharashtra,Trust,"Krishna Institute of Medical Sciences, Karad",MD - Paediatrics,12
4347,Maharashtra,Trust,"Krishna Institute of Medical Sciences, Karad",MS - ENT,3
4348,Maharashtra,Trust,"Krishna Institute of Medical Sciences, Karad",MD - Psychiatry,2
4349,Maharashtra,Trust,"Krishna Institute of Medical Sciences, Karad",MD - Radio Diagnosis/Radiology,13
4350,Maharashtra,Trust,"Krishna Institute of Medical Sciences, Karad",MD - Bio-Chemistry,2
4351,Maharashtra,Trust,"Krishna Institute of Medical Sciences, Karad",MD - Pharmacology,4
4352,Maharashtra,Trust,"Krishna Institute of Medical Sciences, Karad",MD - Emergency Medicine,3
4353,Maharashtra,Trust,"Krishna Institute of Medical Sciences, Karad",MD - General Medicine,24
4354,Maharashtra,Govt,"Lokmanya Tilak Municipal Medical College, Sion, Mumbai",MD - Anaesthesiology,35
4355,Maharashtra,Govt,"Lokmanya Tilak Municipal Medical College, Sion, Mumbai",Diploma in Oto-Rhino-Laryngology,1
4356,Maharashtra,Govt,"Lokmanya Tilak Municipal Medical College, Sion, Mumbai",MD - Pathology,8
4357,Maharashtra,Govt,"Lokmanya Tilak Municipal Medical College, Sion, Mumbai",MD - Pharmacology,7
4358,Maharashtra,Govt,"Lokmanya Tilak Municipal Medical College, Sion, Mumbai","MD - Social & Preventive Medicine / Community
Medicine",7
4359,Maharashtra,Govt,"Lokmanya Tilak Municipal Medical College, Sion, Mumbai",Diploma in Anaesthesia,11
4360,Maharashtra,Govt,"Lokmanya Tilak Municipal Medical College, Sion, Mumbai",MD - Microbiology,9
4361,Maharashtra,Govt,"Lokmanya Tilak Municipal Medical College, Sion, Mumbai",Diploma in Ophthalmology,1
4362,Maharashtra,Govt,"Lokmanya Tilak Municipal Medical College, Sion, Mumbai",Diploma in Psychological Medicine,2
4363,Maharashtra,Govt,"Lokmanya Tilak Municipal Medical College, Sion, Mumbai",Diploma in Obstetrics & Gynaecology,4
4364,Maharashtra,Govt,"Lokmanya Tilak Municipal Medical College, Sion, Mumbai",MD - General Medicine,22
4365,Maharashtra,Govt,"Lokmanya Tilak Municipal Medical College, Sion, Mumbai",MD - Radio Diagnosis/Radiology,10
4366,Maharashtra,Govt,"Lokmanya Tilak Municipal Medical College, Sion, Mumbai",Diploma in Child Health,3
4367,Maharashtra,Govt,"Lokmanya Tilak Municipal Medical College, Sion, Mumbai","MD - Tuberculosis & Respiratory Diseases / Pulmonary
Medicine",4
4368,Maharashtra,Govt,"Lokmanya Tilak Municipal Medical College, Sion, Mumbai",Diploma in Radio-Diagnosis,3
4369,Maharashtra,Govt,"Lokmanya Tilak Municipal Medical College, Sion, Mumbai",MD - Physiology,2
4370,Maharashtra,Govt,"Lokmanya Tilak Municipal Medical College, Sion, Mumbai",MD - Paediatrics,12
4371,Maharashtra,Govt,"Lokmanya Tilak Municipal Medical College, Sion, Mumbai",MS - General Surgery,20
4372,Maharashtra,Govt,"Lokmanya Tilak Municipal Medical College, Sion, Mumbai","MD - Dermatology , Venereology & Leprosy",3
4373,Maharashtra,Govt,"Lokmanya Tilak Municipal Medical College, Sion, Mumbai","MD - Forensic Medicine/Forensic Medicine &
Toxicology",2
4374,Maharashtra,Govt,"Lokmanya Tilak Municipal Medical College, Sion, Mumbai",Diploma in Public Health,3
4375,Maharashtra,Govt,"Lokmanya Tilak Municipal Medical College, Sion, Mumbai",MS - ENT,4
4376,Maharashtra,Govt,"Lokmanya Tilak Municipal Medical College, Sion, Mumbai",MS - Ophthalmology,3
4377,Maharashtra,Govt,"Lokmanya Tilak Municipal Medical College, Sion, Mumbai",MS - Obstetrics & Gynaecology,18
4378,Maharashtra,Govt,"Lokmanya Tilak Municipal Medical College, Sion, Mumbai",MS - Orthopaedics,16
4379,Maharashtra,Govt,"Lokmanya Tilak Municipal Medical College, Sion, Mumbai",MD - Bio-Chemistry,3
4380,Maharashtra,Govt,"Lokmanya Tilak Municipal Medical College, Sion, Mumbai",MD - Anatomy,2
4381,Maharashtra,Govt,"Lokmanya Tilak Municipal Medical College, Sion, Mumbai","Diploma in Dermatology, Venereology and Leprosy",1
4382,Maharashtra,Govt,"Lokmanya Tilak Municipal Medical College, Sion, Mumbai",MD - Psychiatry,3
4383,Maharashtra,Trust,"Maharashtra Institute of Medical Education & Research, Talegaon,Pune",MD - General Medicine,4
4384,Maharashtra,Trust,"Maharashtra Institute of Medical Education & Research, Talegaon,Pune",MS - Otorhinolaryngology,3
4385,Maharashtra,Trust,"Maharashtra Institute of Medical Education & Research, Talegaon,Pune","MD - Social & Preventive Medicine / Community
Medicine",2
4386,Maharashtra,Trust,"Maharashtra Institute of Medical Education & Research, Talegaon,Pune","MD - Dermatology , Venereology & Leprosy",2
4387,Maharashtra,Trust,"Maharashtra Institute of Medical Education & Research, Talegaon,Pune",MD - Pathology,2
4388,Maharashtra,Trust,"Maharashtra Institute of Medical Education & Research, Talegaon,Pune",MS - General Surgery,6
4389,Maharashtra,Trust,"Maharashtra Institute of Medical Education & Research, Talegaon,Pune",MD - Pharmacology,2
4390,Maharashtra,Trust,"Maharashtra Institute of Medical Education & Research, Talegaon,Pune",MD - Anaesthesiology,2
4391,Maharashtra,Trust,"Maharashtra Institute of Medical Education & Research, Talegaon,Pune",MS - Orthopaedics,6
4392,Maharashtra,Trust,"Maharashtra Institute of Medical Education & Research, Talegaon,Pune",MS - Obstetrics & Gynaecology,2
4393,Maharashtra,Trust,"Maharashtra Institute of Medical Education & Research, Talegaon,Pune",MD - Bio-Chemistry,1
4394,Maharashtra,Trust,"Maharashtra Institute of Medical Education & Research, Talegaon,Pune",MS - Ophthalmology,5
4395,Maharashtra,Trust,"Maharashtra Institute of Medical Education & Research, Talegaon,Pune",MD - Microbiology,2
4396,Maharashtra,Trust,"Maharashtra Institute of Medical Education & Research, Talegaon,Pune",MD - Psychiatry,2
4397,Maharashtra,Trust,"Maharashtra Institute of Medical Sciences & Research, Latur",MD - Physiology,2
4398,Maharashtra,Trust,"Maharashtra Institute of Medical Sciences & Research, Latur",MD - Bio-Chemistry,1
4399,Maharashtra,Trust,"Maharashtra Institute of Medical Sciences & Research, Latur",MD - Microbiology,2
4400,Maharashtra,Trust,"Maharashtra Institute of Medical Sciences & Research, Latur",MD - Pathology,2
4401,Maharashtra,Trust,"Maharashtra Institute of Medical Sciences & Research, Latur",MD - Pharmacology,1
4402,Maharashtra,Trust,"Maharashtra Institute of Medical Sciences & Research, Latur",MD - Community Medicine,2
4403,Maharashtra,Trust,"Maharashtra Institute of Medical Sciences & Research, Latur",MD - General Medicine,4
4404,Maharashtra,Trust,"Maharashtra Institute of Medical Sciences & Research, Latur","MD - Dermatology , Venereology & Leprosy",4
4405,Maharashtra,Trust,"Maharashtra Institute of Medical Sciences & Research, Latur",MD - Pediatrics,4
4406,Maharashtra,Trust,"Maharashtra Institute of Medical Sciences & Research, Latur",MS - General Surgery,5
4407,Maharashtra,Trust,"Maharashtra Institute of Medical Sciences & Research, Latur",MS - Orthopaedics,3
4408,Maharashtra,Trust,"Maharashtra Institute of Medical Sciences & Research, Latur",MS - Ophthalmology,3
4409,Maharashtra,Trust,"Maharashtra Institute of Medical Sciences & Research, Latur",MS - ENT,1
4410,Maharashtra,Trust,"Maharashtra Institute of Medical Sciences & Research, Latur",MS - Obstetrics & Gynaecology,4
4411,Maharashtra,Trust,"Maharashtra Institute of Medical Sciences & Research, Latur",MD - Radio diagnosis,2
4412,Maharashtra,Trust,"Maharashtra Institute of Medical Sciences & Research, Latur",MD - Anesthesiology,4
4413,Maharashtra,Govt,Maharashtra Post Graudate Institute of Medical Education & Research,MD - General Medicine,12
4414,Maharashtra,Govt,Maharashtra Post Graudate Institute of Medical Education & Research,MS- ENT,5
4415,Maharashtra,Govt,Maharashtra Post Graudate Institute of Medical Education & Research,MD - Anaesthesiology,11
4416,Maharashtra,Govt,Maharashtra Post Graudate Institute of Medical Education & Research,MD - Paediatrics,6
4417,Maharashtra,Govt,Maharashtra Post Graudate Institute of Medical Education & Research,MD - Emergency Medicine,2
4418,Maharashtra,Govt,Maharashtra Post Graudate Institute of Medical Education & Research,MS - Obstetrics and Gynaecology,4
4419,Maharashtra,Govt,Maharashtra Post Graudate Institute of Medical Education & Research,MS - Orthopaedics,5
4420,Maharashtra,Govt,Maharashtra Post Graudate Institute of Medical Education & Research,MS - General Surgery,12
4421,Maharashtra,Govt,Maharashtra Post Graudate Institute of Medical Education & Research,MS - Opthalmology,3
4422,Maharashtra,Govt,Maharashtra Post Graudate Institute of Medical Education & Research,MD - Radio - Diagnosis,3
4423,Maharashtra,Govt,Maharashtra Post Graudate Institute of Medical Education & Research,MD - Microbiology,5
4424,Maharashtra,Govt,Maharashtra Post Graudate Institute of Medical Education & Research,MD - Pathology,6
4425,Maharashtra,Govt,Maharashtra Post Graudate Institute of Medical Education & Research,MD - Forensic Medicine,3
4426,Maharashtra,Trust,"Mahatma Gandhi Institute of Medical Sciences, Sevagram, Wardha",MS - General Surgery,8
4427,Maharashtra,Trust,"Mahatma Gandhi Institute of Medical Sciences, Sevagram, Wardha",MS - Orthopaedics,4
4428,Maharashtra,Trust,"Mahatma Gandhi Institute of Medical Sciences, Sevagram, Wardha",MD - Pediatrics,4
4429,Maharashtra,Trust,"Mahatma Gandhi Institute of Medical Sciences, Sevagram, Wardha",MS - Otorhinolaryngology,3
4430,Maharashtra,Trust,"Mahatma Gandhi Institute of Medical Sciences, Sevagram, Wardha",MS - Obstetrics & Gynaecology,6
4431,Maharashtra,Trust,"Mahatma Gandhi Institute of Medical Sciences, Sevagram, Wardha",MD - General Medicine,12
4432,Maharashtra,Trust,"Mahatma Gandhi Institute of Medical Sciences, Sevagram, Wardha",MS - Ophthalmology,5
4433,Maharashtra,Trust,"Mahatma Gandhi Institute of Medical Sciences, Sevagram, Wardha",MD - Psychiatry,2
4434,Maharashtra,Trust,"Mahatma Gandhi Institute of Medical Sciences, Sevagram, Wardha","MD - Dermatology , Venereology & Leprosy",2
4435,Maharashtra,Trust,"Mahatma Gandhi Institute of Medical Sciences, Sevagram, Wardha",MD - Radiotherapy/ Radiation Oncology,1
4436,Maharashtra,Trust,"Mahatma Gandhi Institute of Medical Sciences, Sevagram, Wardha",MD - Community Medicine,5
4437,Maharashtra,Trust,"Mahatma Gandhi Institute of Medical Sciences, Sevagram, Wardha",MD - Anatomy,2
4438,Maharashtra,Trust,"Mahatma Gandhi Institute of Medical Sciences, Sevagram, Wardha",MD - Physiology,2
4439,Maharashtra,Trust,"Mahatma Gandhi Institute of Medical Sciences, Sevagram, Wardha",MD - Bio-Chemistry,2
4440,Maharashtra,Trust,"Mahatma Gandhi Institute of Medical Sciences, Sevagram, Wardha",MD - Pharmacology,4
4441,Maharashtra,Trust,"Mahatma Gandhi Institute of Medical Sciences, Sevagram, Wardha",MD - Pathology,4
4442,Maharashtra,Trust,"Mahatma Gandhi Institute of Medical Sciences, Sevagram, Wardha","MD - Forensic Medicine/Forensic Medicine &
Toxicology",2
4443,Maharashtra,Trust,"Mahatma Gandhi Institute of Medical Sciences, Sevagram, Wardha",MD - Anesthesiology,5
4444,Maharashtra,Trust,"Mahatma Gandhi Institute of Medical Sciences, Sevagram, Wardha",MD - Microbiology,5
4445,Maharashtra,Trust,"Mahatma Gandhi Institute of Medical Sciences, Sevagram, Wardha",MD - Radiology,4
4446,Maharashtra,Trust,Mahatma Gandhi Missions Medical College Aurangabad,MD - Emergency Medicine,5
4447,Maharashtra,Trust,Mahatma Gandhi Missions Medical College Aurangabad,MS - General Surgery,8
4448,Maharashtra,Trust,Mahatma Gandhi Missions Medical College Aurangabad,MD - Bio-Chemistry,2
4449,Maharashtra,Trust,Mahatma Gandhi Missions Medical College Aurangabad,MS - Ophthalmology,5
4450,Maharashtra,Trust,Mahatma Gandhi Missions Medical College Aurangabad,MD - Pharmacology,2
4451,Maharashtra,Trust,Mahatma Gandhi Missions Medical College Aurangabad,MS - Obstetrics & Gynaecology,9
4452,Maharashtra,Trust,Mahatma Gandhi Missions Medical College Aurangabad,MS - ENT,3
4453,Maharashtra,Trust,Mahatma Gandhi Missions Medical College Aurangabad,MD - Anatomy,4
4454,Maharashtra,Trust,Mahatma Gandhi Missions Medical College Aurangabad,"MD - Social & Preventive Medicine / Community
Medicine",2
4455,Maharashtra,Trust,Mahatma Gandhi Missions Medical College Aurangabad,MD - Physiology,3
4456,Maharashtra,Trust,Mahatma Gandhi Missions Medical College Aurangabad,"MD - Tuberculosis & Respiratory Diseases / Pulmonary
Medicine",3
4457,Maharashtra,Trust,Mahatma Gandhi Missions Medical College Aurangabad,MS - Orthopaedics,8
4458,Maharashtra,Trust,Mahatma Gandhi Missions Medical College Aurangabad,MD - Psychiatry,3
4459,Maharashtra,Trust,Mahatma Gandhi Missions Medical College Aurangabad,MD - Paediatrics,8
4460,Maharashtra,Trust,Mahatma Gandhi Missions Medical College Aurangabad,MD - Microbiology,4
4461,Maharashtra,Trust,Mahatma Gandhi Missions Medical College Aurangabad,MD - Radio Diagnosis/Radiology,8
4462,Maharashtra,Trust,Mahatma Gandhi Missions Medical College Aurangabad,MD - Pathology,5
4463,Maharashtra,Trust,Mahatma Gandhi Missions Medical College Aurangabad,MD - General Medicine,14
4464,Maharashtra,Trust,Mahatma Gandhi Missions Medical College Aurangabad,MD - Anaesthesiology,7
4465,Maharashtra,Trust,Mahatma Gandhi Missions Medical College Aurangabad,"MD - Forensic Medicine/Forensic Medicine &
Toxicology",2
4466,Maharashtra,Trust,Mahatma Gandhi Missions Medical College Aurangabad,"MD - Dermatology , Venereology & Leprosy",3
4467,Maharashtra,Trust,"Mahatma Gandhi Missions Medical College, Navi Mumbai",MS - Ophthalmology,4
4468,Maharashtra,Trust,"Mahatma Gandhi Missions Medical College, Navi Mumbai",MS - Orthopaedics,11
4469,Maharashtra,Trust,"Mahatma Gandhi Missions Medical College, Navi Mumbai",MD - Emergency Medicine,5
4470,Maharashtra,Trust,"Mahatma Gandhi Missions Medical College, Navi Mumbai",MD - Pharmacology,4
4471,Maharashtra,Trust,"Mahatma Gandhi Missions Medical College, Navi Mumbai",MD - Pathology,11
4472,Maharashtra,Trust,"Mahatma Gandhi Missions Medical College, Navi Mumbai",MS - Traumatology and Surgery,2
4473,Maharashtra,Trust,"Mahatma Gandhi Missions Medical College, Navi Mumbai",MD - Family Medicine,2
4474,Maharashtra,Trust,"Mahatma Gandhi Missions Medical College, Navi Mumbai",MD - Anatomy,5
4475,Maharashtra,Trust,"Mahatma Gandhi Missions Medical College, Navi Mumbai",MD - Geriatrics,2
4476,Maharashtra,Trust,"Mahatma Gandhi Missions Medical College, Navi Mumbai",MD - Paediatrics,11
4477,Maharashtra,Trust,"Mahatma Gandhi Missions Medical College, Navi Mumbai",MS - ENT,3
4478,Maharashtra,Trust,"Mahatma Gandhi Missions Medical College, Navi Mumbai",MD - Microbiology,2
4479,Maharashtra,Trust,"Mahatma Gandhi Missions Medical College, Navi Mumbai",MD - Bio-Chemistry,2
4480,Maharashtra,Trust,"Mahatma Gandhi Missions Medical College, Navi Mumbai","MD - Tuberculosis & Respiratory Diseases / Pulmonary
Medicine",3
4481,Maharashtra,Trust,"Mahatma Gandhi Missions Medical College, Navi Mumbai","MD - Dermatology , Venereology & Leprosy",3
4482,Maharashtra,Trust,"Mahatma Gandhi Missions Medical College, Navi Mumbai",MD - Psychiatry,3
4483,Maharashtra,Trust,"Mahatma Gandhi Missions Medical College, Navi Mumbai",MD - Radio Diagnosis/Radiology,8
4484,Maharashtra,Trust,"Mahatma Gandhi Missions Medical College, Navi Mumbai",MD - Anaesthesiology,11
4485,Maharashtra,Trust,"Mahatma Gandhi Missions Medical College, Navi Mumbai",MD - General Medicine,14
4486,Maharashtra,Trust,"Mahatma Gandhi Missions Medical College, Navi Mumbai","MD - Social & Preventive Medicine / Community
Medicine",2
4487,Maharashtra,Trust,"Mahatma Gandhi Missions Medical College, Navi Mumbai",MD - Immuno Haematology & Blood Transfusion,3
4488,Maharashtra,Trust,"Mahatma Gandhi Missions Medical College, Navi Mumbai",MS - Obstetrics & Gynaecology,12
4489,Maharashtra,Trust,"Mahatma Gandhi Missions Medical College, Navi Mumbai",MS - General Surgery,12
4490,Maharashtra,Trust,"Mahatma Gandhi Missions Medical College, Navi Mumbai",MD - Physiology,3
4491,Maharashtra,Trust,"N. K. P. Salve Instt. of Medical Sciences and Research Centre and Lata
Mangeshkar Hospital, Nagpur","MD - Social & Preventive Medicine / Community
Medicine",4
4492,Maharashtra,Trust,"N. K. P. Salve Instt. of Medical Sciences and Research Centre and Lata
Mangeshkar Hospital, Nagpur",MD - Paediatrics,10
4493,Maharashtra,Trust,"N. K. P. Salve Instt. of Medical Sciences and Research Centre and Lata
Mangeshkar Hospital, Nagpur",MD - Physiology,3
4494,Maharashtra,Trust,"N. K. P. Salve Instt. of Medical Sciences and Research Centre and Lata
Mangeshkar Hospital, Nagpur",MS - Obstetrics & Gynaecology,11
4495,Maharashtra,Trust,"N. K. P. Salve Instt. of Medical Sciences and Research Centre and Lata
Mangeshkar Hospital, Nagpur",MS - Orthopaedics,10
4496,Maharashtra,Trust,"N. K. P. Salve Instt. of Medical Sciences and Research Centre and Lata
Mangeshkar Hospital, Nagpur",MD - Anaesthesiology,12
4497,Maharashtra,Trust,"N. K. P. Salve Instt. of Medical Sciences and Research Centre and Lata
Mangeshkar Hospital, Nagpur",MD - Radio Diagnosis/Radiology,11
4498,Maharashtra,Trust,"N. K. P. Salve Instt. of Medical Sciences and Research Centre and Lata
Mangeshkar Hospital, Nagpur",MD - Microbiology,4
4499,Maharashtra,Trust,"N. K. P. Salve Instt. of Medical Sciences and Research Centre and Lata
Mangeshkar Hospital, Nagpur",MD - Pathology,12
4500,Maharashtra,Trust,"N. K. P. Salve Instt. of Medical Sciences and Research Centre and Lata
Mangeshkar Hospital, Nagpur",MD - Anatomy,3
4501,Maharashtra,Trust,"N. K. P. Salve Instt. of Medical Sciences and Research Centre and Lata
Mangeshkar Hospital, Nagpur",MD - General Medicine,18
4502,Maharashtra,Trust,"N. K. P. Salve Instt. of Medical Sciences and Research Centre and Lata
Mangeshkar Hospital, Nagpur",MS - Ophthalmology,5
4503,Maharashtra,Trust,"N. K. P. Salve Instt. of Medical Sciences and Research Centre and Lata
Mangeshkar Hospital, Nagpur",MS - ENT,5
4504,Maharashtra,Trust,"N. K. P. Salve Instt. of Medical Sciences and Research Centre and Lata
Mangeshkar Hospital, Nagpur",MD - Bio-Chemistry,1
4505,Maharashtra,Trust,"N. K. P. Salve Instt. of Medical Sciences and Research Centre and Lata
Mangeshkar Hospital, Nagpur",MD - Psychiatry,5
4506,Maharashtra,Trust,"N. K. P. Salve Instt. of Medical Sciences and Research Centre and Lata
Mangeshkar Hospital, Nagpur",MD - Pharmacology,2
4507,Maharashtra,Trust,"N. K. P. Salve Instt. of Medical Sciences and Research Centre and Lata
Mangeshkar Hospital, Nagpur","MD - Tuberculosis & Respiratory Diseases / Pulmonary
Medicine",5
4508,Maharashtra,Trust,"N. K. P. Salve Instt. of Medical Sciences and Research Centre and Lata
Mangeshkar Hospital, Nagpur",MS - General Surgery,16
4509,Maharashtra,Trust,"N. K. P. Salve Instt. of Medical Sciences and Research Centre and Lata
Mangeshkar Hospital, Nagpur","MD - Dermatology , Venereology & Leprosy",4
4510,Maharashtra,Trust,"Padmashree Dr. D.Y.Patil Medical College, Navi Mumbai",MD - Anaesthesiology,18
4511,Maharashtra,Trust,"Padmashree Dr. D.Y.Patil Medical College, Navi Mumbai",MD - Anatomy,2
4512,Maharashtra,Trust,"Padmashree Dr. D.Y.Patil Medical College, Navi Mumbai",MD - Bio-Chemistry,2
4513,Maharashtra,Trust,"Padmashree Dr. D.Y.Patil Medical College, Navi Mumbai",MD - Physiology,2
4514,Maharashtra,Trust,"Padmashree Dr. D.Y.Patil Medical College, Navi Mumbai",MD - Pathology,10
4515,Maharashtra,Trust,"Padmashree Dr. D.Y.Patil Medical College, Navi Mumbai",MD - Pharmacology,5
4516,Maharashtra,Trust,"Padmashree Dr. D.Y.Patil Medical College, Navi Mumbai",MD - Microbiology,4
4517,Maharashtra,Trust,"Padmashree Dr. D.Y.Patil Medical College, Navi Mumbai",MD - Community Medicine,8
4518,Maharashtra,Trust,"Padmashree Dr. D.Y.Patil Medical College, Navi Mumbai","MD - Forensic Medicine/Forensic Medicine &
Toxicology",1
4519,Maharashtra,Trust,"Padmashree Dr. D.Y.Patil Medical College, Navi Mumbai",MD - General Medicine,24
4520,Maharashtra,Trust,"Padmashree Dr. D.Y.Patil Medical College, Navi Mumbai",MD - Respiratory Medicine,6
4521,Maharashtra,Trust,"Padmashree Dr. D.Y.Patil Medical College, Navi Mumbai",MD - Psychiatry,5
4522,Maharashtra,Trust,"Padmashree Dr. D.Y.Patil Medical College, Navi Mumbai","MD - Dermatology , Venereology & Leprosy",10
4523,Maharashtra,Trust,"Padmashree Dr. D.Y.Patil Medical College, Navi Mumbai",MS - General Surgery,24
4524,Maharashtra,Trust,"Padmashree Dr. D.Y.Patil Medical College, Navi Mumbai",MS - Orthopaedics,15
4525,Maharashtra,Trust,"Padmashree Dr. D.Y.Patil Medical College, Navi Mumbai",MS - Opthalmology,8
4526,Maharashtra,Trust,"Padmashree Dr. D.Y.Patil Medical College, Navi Mumbai",MS - ENT,5
4527,Maharashtra,Trust,"Padmashree Dr. D.Y.Patil Medical College, Navi Mumbai",MS - Obstetrics & Gynaecology,14
4528,Maharashtra,Trust,"Padmashree Dr. D.Y.Patil Medical College, Navi Mumbai",MD - Pediatrics,16
4529,Maharashtra,Trust,"Padmashree Dr. D.Y.Patil Medical College, Navi Mumbai",MD - Radiodiagnosis,17
4530,Maharashtra,Trust,"Padmashree Dr. D.Y.Patil Medical College, Navi Mumbai",MD - Emergency Medicine,3
4531,Maharashtra,Trust,"Padmashree Dr. D.Y.Patil Medical College, Navi Mumbai",MD - Family Medicine,2
4532,Maharashtra,Trust,"Padmashree Dr. D.Y.Patil Medical College, Navi Mumbai",MD - Immuno Haematology & Blood Transfusion,2
4533,Maharashtra,Trust,"Padmashree Dr. D.Y.Patil Medical College, Navi Mumbai",MD- Geriatrics,2
4534,Maharashtra,Govt,"Pimpri Chinchwad Municipal Corporation PG Institute, Pimpri",MD - Anaesthesiology,4
4535,Maharashtra,Govt,"Pimpri Chinchwad Municipal Corporation PG Institute, Pimpri",MD - Psychiatry,3
4536,Maharashtra,Govt,"Pimpri Chinchwad Municipal Corporation PG Institute, Pimpri",MS - Obstetrics & Gynaecology,3
4537,Maharashtra,Govt,"Pimpri Chinchwad Municipal Corporation PG Institute, Pimpri",MD - Respiratory Medicine,1
4538,Maharashtra,Govt,"Pimpri Chinchwad Municipal Corporation PG Institute, Pimpri",MD - Pathology,3
4539,Maharashtra,Govt,"Pimpri Chinchwad Municipal Corporation PG Institute, Pimpri",MS - Ophthalmology,3
4540,Maharashtra,Govt,"Pimpri Chinchwad Municipal Corporation PG Institute, Pimpri",MD - Paediatrics,4
4541,Maharashtra,Govt,"Pimpri Chinchwad Municipal Corporation PG Institute, Pimpri",MS - General Surgery,6
4542,Maharashtra,Govt,"Pimpri Chinchwad Municipal Corporation PG Institute, Pimpri",MS - ENT,3
4543,Maharashtra,Govt,"Pimpri Chinchwad Municipal Corporation PG Institute, Pimpri","MD - Dermatology , Venereology & Leprosy",5
4544,Maharashtra,Govt,"Pimpri Chinchwad Municipal Corporation PG Institute, Pimpri",MD - General Medicine,6
4545,Maharashtra,Govt,"Pimpri Chinchwad Municipal Corporation PG Institute, Pimpri",MS - Orthopaedics,4
4546,Maharashtra,Govt,"Pimpri Chinchwad Municipal Corporation PG Institute, Pimpri",MD - Community Medicine,4
4547,Maharashtra,Govt,"Pimpri Chinchwad Municipal Corporation PG Institute, Pimpri",MD - Microbiology,3
4548,Maharashtra,Govt,Post Graduate institute of medical science navi mumbai,MS-Orthopaedics,2
4549,Maharashtra,Govt,Post Graduate institute of medical science navi mumbai,MS-OBG,8
4550,Maharashtra,Govt,Post Graduate institute of medical science navi mumbai,MD-General Medicine,3
4551,Maharashtra,Govt,Post Graduate institute of medical science navi mumbai,MS- General Surgery,4
4552,Maharashtra,Govt,Post Graduate institute of medical science navi mumbai,MD-Paediatrics,4
4553,Maharashtra,Govt,"Postgraduate Institute of Swasthiyog Pratisthan, Miraj",MS - Orthopaedics,4
4554,Maharashtra,Trust,"Prakash Institute of Medical Sciences & Research,Prakash Institute of Medical Sciences & Research Sangli",MD - Anaesthesiology,5
4555,Maharashtra,Trust,"Prakash Institute of Medical Sciences & Research,Prakash Institute of Medical Sciences & Research Sangli",MD - General Medicine,11
4556,Maharashtra,Trust,"Prakash Institute of Medical Sciences & Research,Prakash Institute of Medical Sciences & Research Sangli",MS - General Surgery,8
4557,Maharashtra,Trust,"Prakash Institute of Medical Sciences & Research,Prakash Institute of Medical Sciences & Research Sangli",MS - Obstetrics & Gynaecology,5
4558,Maharashtra,Trust,"Prakash Institute of Medical Sciences & Research,Prakash Institute of Medical Sciences & Research Sangli",MS - Opthalmology,3
4559,Maharashtra,Trust,"Prakash Institute of Medical Sciences & Research,Prakash Institute of Medical Sciences & Research Sangli",MS - Orthopaedics,6
4560,Maharashtra,Trust,"Prakash Institute of Medical Sciences & Research,Prakash Institute of Medical Sciences & Research Sangli",MD - Paediatrics,5
4561,Maharashtra,Trust,"Prakash Institute of Medical Sciences & Research,Prakash Institute of Medical Sciences & Research Sangli",MD - Radio - Diagnosis,4
4562,Maharashtra,Govt,"Rajashree Chatrapati Shahu Maharaj Government Medical College, Kolhapur",MD - Bio-Chemistry,4
4563,Maharashtra,Govt,"Rajashree Chatrapati Shahu Maharaj Government Medical College, Kolhapur",MD - Forensic Medicine,3
4564,Maharashtra,Govt,"Rajashree Chatrapati Shahu Maharaj Government Medical College, Kolhapur",MS - General Surgery,3
4565,Maharashtra,Govt,"Rajashree Chatrapati Shahu Maharaj Government Medical College, Kolhapur",MD - Paediatrics,7
4566,Maharashtra,Govt,"Rajashree Chatrapati Shahu Maharaj Government Medical College, Kolhapur",MS - Obstetrics & Gynaecology,3
4567,Maharashtra,Govt,"Rajashree Chatrapati Shahu Maharaj Government Medical College, Kolhapur",MD - Pathology,4
4568,Maharashtra,Govt,"Rajashree Chatrapati Shahu Maharaj Government Medical College, Kolhapur",MD - Respiratory Medicine,2
4569,Maharashtra,Govt,"Rajashree Chatrapati Shahu Maharaj Government Medical College, Kolhapur",MD - Pharmacology,3
4570,Maharashtra,Govt,"Rajashree Chatrapati Shahu Maharaj Government Medical College, Kolhapur",MS - Ophthalmology,2
4571,Maharashtra,Govt,"Rajashree Chatrapati Shahu Maharaj Government Medical College, Kolhapur",MD - Radio Diagnosis,2
4572,Maharashtra,Govt,"Rajashree Chatrapati Shahu Maharaj Government Medical College, Kolhapur",MD - Anaesthesiology,4
4573,Maharashtra,Govt,"Rajashree Chatrapati Shahu Maharaj Government Medical College, Kolhapur",MD - General Medicine,9
4574,Maharashtra,Govt,"Rajashree Chatrapati Shahu Maharaj Government Medical College, Kolhapur",MS - Orthopaedics,5
4575,Maharashtra,Govt,"Rajashree Chatrapati Shahu Maharaj Government Medical College, Kolhapur",MD - Psychiatry,2
4576,Maharashtra,Govt,"Rajashree Chatrapati Shahu Maharaj Government Medical College, Kolhapur",MD - Anatomy,4
4577,Maharashtra,Govt,"Rajashree Chatrapati Shahu Maharaj Government Medical College, Kolhapur",MS - Otorhinolaryngology,3
4578,Maharashtra,Govt,"Rajashree Chatrapati Shahu Maharaj Government Medical College, Kolhapur",MD - Physiology,4
4579,Maharashtra,Govt,"Rajashree Chatrapati Shahu Maharaj Government Medical College, Kolhapur",MD - Microbiology,3
4580,Maharashtra,Govt,"Rajashree Chatrapati Shahu Maharaj Government Medical College, Kolhapur",MD - Community Medicine,7
4581,Maharashtra,Govt,"Rajiv Gandhi Medical College and Chhatrapati Shivaji Maharaj Hospital, Thane",MD - Bio-Chemistry,3
4582,Maharashtra,Govt,"Rajiv Gandhi Medical College and Chhatrapati Shivaji Maharaj Hospital, Thane",MD - Physiology,3
4583,Maharashtra,Govt,"Rajiv Gandhi Medical College and Chhatrapati Shivaji Maharaj Hospital, Thane","MD - Social & Preventive Medicine / Community
Medicine",7
4584,Maharashtra,Govt,"Rajiv Gandhi Medical College and Chhatrapati Shivaji Maharaj Hospital, Thane",MD - Pathology,6
4585,Maharashtra,Govt,"Rajiv Gandhi Medical College and Chhatrapati Shivaji Maharaj Hospital, Thane","MD - Forensic Medicine/Forensic Medicine &
Toxicology",3
4586,Maharashtra,Govt,"Rajiv Gandhi Medical College and Chhatrapati Shivaji Maharaj Hospital, Thane",MD - Pharmacology,2
4587,Maharashtra,Govt,"Rajiv Gandhi Medical College and Chhatrapati Shivaji Maharaj Hospital, Thane",MD - Microbiology,5
4588,Maharashtra,Trust,"Rural Medical College, Loni",MD - Psychiatry,3
4589,Maharashtra,Trust,"Rural Medical College, Loni",MD - General Medicine,10
4590,Maharashtra,Trust,"Rural Medical College, Loni",MD - Paediatrics,12
4591,Maharashtra,Trust,"Rural Medical College, Loni",MD - Pharmacology,4
4592,Maharashtra,Trust,"Rural Medical College, Loni","MD - Social & Preventive Medicine / Community
Medicine",1
4593,Maharashtra,Trust,"Rural Medical College, Loni",MD - Pathology,5
4594,Maharashtra,Trust,"Rural Medical College, Loni",MD - Radiotherapy/ Radiation Oncology,5
4595,Maharashtra,Trust,"Rural Medical College, Loni",MS - Orthopaedics,8
4596,Maharashtra,Trust,"Rural Medical College, Loni",MD - Radio Diagnosis/Radiology,5
4597,Maharashtra,Trust,"Rural Medical College, Loni",MD - Anaesthesiology,11
4598,Maharashtra,Trust,"Rural Medical College, Loni",MS - ENT,2
4599,Maharashtra,Trust,"Rural Medical College, Loni",MS - Obstetrics & Gynaecology,12
4600,Maharashtra,Trust,"Rural Medical College, Loni",MS - General Surgery,9
4601,Maharashtra,Trust,"Rural Medical College, Loni",MD - Physiology,2
4602,Maharashtra,Trust,"Rural Medical College, Loni",MD - Microbiology,1
4603,Maharashtra,Trust,"Rural Medical College, Loni",MD- Anatomy,3
4604,Maharashtra,Trust,"Rural Medical College, Loni",MD - Foresnic Medicine,2
4605,Maharashtra,Trust,"Rural Medical College, Loni",MD- Opthalmology,8
4606,Maharashtra,Govt,"Sancheti Institute for Orthpaedics & Rehabilitation, Pune",MS - Orthopaedics,20
4607,Maharashtra,Govt,"Sanjeevan Medical Foundation ENT Post Graduate Training Instt., Miraj",MS - ENT,3
4608,Maharashtra,Govt,"Seth GS Medical College, and KEM Hospital, Mumbai",MD - Biochemistry,5
4609,Maharashtra,Govt,"Seth GS Medical College, and KEM Hospital, Mumbai",MS - Orthopaedics,24
4610,Maharashtra,Govt,"Seth GS Medical College, and KEM Hospital, Mumbai",MD - Anatomy,6
4611,Maharashtra,Govt,"Seth GS Medical College, and KEM Hospital, Mumbai",MD - Paediatrics,28
4612,Maharashtra,Govt,"Seth GS Medical College, and KEM Hospital, Mumbai",MS - Ophthalmology,5
4613,Maharashtra,Govt,"Seth GS Medical College, and KEM Hospital, Mumbai","MD - Dermatology , Venereology & Leprosy",6
4614,Maharashtra,Govt,"Seth GS Medical College, and KEM Hospital, Mumbai",MD - General Medicine,23
4615,Maharashtra,Govt,"Seth GS Medical College, and KEM Hospital, Mumbai","MD - Tuberculosis & Respiratory Diseases / Pulmonary
Medicine",4
4616,Maharashtra,Govt,"Seth GS Medical College, and KEM Hospital, Mumbai","MD - Social & Preventive Medicine / Community
Medicine",19
4617,Maharashtra,Govt,"Seth GS Medical College, and KEM Hospital, Mumbai",MD - Radio Diagnosis/Radiology,13
4618,Maharashtra,Govt,"Seth GS Medical College, and KEM Hospital, Mumbai",MD - Pathology,14
4619,Maharashtra,Govt,"Seth GS Medical College, and KEM Hospital, Mumbai",MD - Immuno Haematology & Blood Transfusion,2
4620,Maharashtra,Govt,"Seth GS Medical College, and KEM Hospital, Mumbai",MD - Psychiatry,6
4621,Maharashtra,Govt,"Seth GS Medical College, and KEM Hospital, Mumbai",MS - ENT,5
4622,Maharashtra,Govt,"Seth GS Medical College, and KEM Hospital, Mumbai","MD - Forensic Medicine/Forensic Medicine &
Toxicology",2
4623,Maharashtra,Govt,"Seth GS Medical College, and KEM Hospital, Mumbai",MD - Microbiology,6
4624,Maharashtra,Govt,"Seth GS Medical College, and KEM Hospital, Mumbai",MD - Anaesthesiology,40
4625,Maharashtra,Govt,"Seth GS Medical College, and KEM Hospital, Mumbai",MD - Physiology,9
4626,Maharashtra,Govt,"Seth GS Medical College, and KEM Hospital, Mumbai",MD - Pharmacology,10
4627,Maharashtra,Govt,"Shri Vasant Rao Naik Govt. Medical College, Yavatmal",MD - Anaesthesiology,4
4628,Maharashtra,Govt,"Shri Vasant Rao Naik Govt. Medical College, Yavatmal",MD - Bio-Chemistry,2
4629,Maharashtra,Govt,"Shri Vasant Rao Naik Govt. Medical College, Yavatmal",MD - Pathology,1
4630,Maharashtra,Govt,"Shri Vasant Rao Naik Govt. Medical College, Yavatmal",MD - Anatomy,6
4631,Maharashtra,Govt,"Shri Vasant Rao Naik Govt. Medical College, Yavatmal",MS - ENT,3
4632,Maharashtra,Govt,"Shri Vasant Rao Naik Govt. Medical College, Yavatmal",MD - Pharmacology,2
4633,Maharashtra,Govt,"Shri Vasant Rao Naik Govt. Medical College, Yavatmal",MS - General Surgery,8
4634,Maharashtra,Govt,"Shri Vasant Rao Naik Govt. Medical College, Yavatmal",MD - Paediatrics,6
4635,Maharashtra,Govt,"Shri Vasant Rao Naik Govt. Medical College, Yavatmal",MS - Obstetrics & Gynaecology,6
4636,Maharashtra,Govt,"Shri Vasant Rao Naik Govt. Medical College, Yavatmal","MD - Forensic Medicine/Forensic Medicine &
Toxicology",1
4637,Maharashtra,Govt,"Shri Vasant Rao Naik Govt. Medical College, Yavatmal","MD - Social & Preventive Medicine / Community
Medicine",4
4638,Maharashtra,Govt,"Shri Vasant Rao Naik Govt. Medical College, Yavatmal",MS - Ophthalmology,4
4639,Maharashtra,Govt,"Shri Vasant Rao Naik Govt. Medical College, Yavatmal","MD - Tuberculosis & Respiratory Diseases / Pulmonary
Medicine",2
4640,Maharashtra,Govt,"Shri Vasant Rao Naik Govt. Medical College, Yavatmal",MD - Microbiology,6
4641,Maharashtra,Trust,"SMBT Institute of Medical Sciences & Research Centre, Nandihills, Nashik","MD - Dermatology , Venereology & Leprosy",2
4642,Maharashtra,Trust,"SMBT Institute of Medical Sciences & Research Centre, Nandihills, Nashik",MS - ENT,2
4643,Maharashtra,Trust,"SMBT Institute of Medical Sciences & Research Centre, Nandihills, Nashik",MD - Anaesthesiology,8
4644,Maharashtra,Trust,"SMBT Institute of Medical Sciences & Research Centre, Nandihills, Nashik",MS - General Surgery,5
4645,Maharashtra,Trust,"SMBT Institute of Medical Sciences & Research Centre, Nandihills, Nashik",MS - Obstetrics & Gynaecology,3
4646,Maharashtra,Trust,"SMBT Institute of Medical Sciences & Research Centre, Nandihills, Nashik",MD - General Medicine,10
4647,Maharashtra,Trust,"SMBT Institute of Medical Sciences & Research Centre, Nandihills, Nashik",MD - Radio Diagnosis/Radiology,3
4648,Maharashtra,Trust,"SMBT Institute of Medical Sciences & Research Centre, Nandihills, Nashik",MS - Ophthalmology,2
4649,Maharashtra,Trust,"SMBT Institute of Medical Sciences & Research Centre, Nandihills, Nashik",MS - Orthopaedics,4
4650,Maharashtra,Trust,"SMBT Institute of Medical Sciences & Research Centre, Nandihills, Nashik",MD - Paediatrics,4
4651,Maharashtra,Trust,"Smt. Kashibai Navale Medical College and General Hospital,Pune",MD - Psychiatry,3
4652,Maharashtra,Trust,"Smt. Kashibai Navale Medical College and General Hospital,Pune","MD - Tuberculosis & Respiratory Diseases / Pulmonary
Medicine",2
4653,Maharashtra,Trust,"Smt. Kashibai Navale Medical College and General Hospital,Pune",MS - Orthopaedics,4
4654,Maharashtra,Trust,"Smt. Kashibai Navale Medical College and General Hospital,Pune",MS - General Surgery,8
4655,Maharashtra,Trust,"Smt. Kashibai Navale Medical College and General Hospital,Pune",MD - Microbiology,2
4656,Maharashtra,Trust,"Smt. Kashibai Navale Medical College and General Hospital,Pune",MS - Obstetrics & Gynaecology,7
4657,Maharashtra,Trust,"Smt. Kashibai Navale Medical College and General Hospital,Pune",MD - General Medicine,8
4658,Maharashtra,Trust,"Smt. Kashibai Navale Medical College and General Hospital,Pune",MD - Anaesthesiology,21
4659,Maharashtra,Trust,"Smt. Kashibai Navale Medical College and General Hospital,Pune",MS - Ophthalmology,3
4660,Maharashtra,Trust,"Smt. Kashibai Navale Medical College and General Hospital,Pune",MD - Radio Diagnosis/Radiology,5
4661,Maharashtra,Trust,"Smt. Kashibai Navale Medical College and General Hospital,Pune","MD - Dermatology , Venereology & Leprosy",3
4662,Maharashtra,Trust,"Smt. Kashibai Navale Medical College and General Hospital,Pune","MD - Social & Preventive Medicine / Community
Medicine",4
4663,Maharashtra,Trust,"Smt. Kashibai Navale Medical College and General Hospital,Pune",MD - Paediatrics,5
4664,Maharashtra,Trust,"Smt. Kashibai Navale Medical College and General Hospital,Pune",MS - ENT,3
4665,Maharashtra,Trust,"Smt. Kashibai Navale Medical College and General Hospital,Pune",MD - Pathology,7
4666,Maharashtra,Trust,"Smt. Kashibai Navale Medical College and General Hospital,Pune",MD - Bio-Chemistry,2
4667,Maharashtra,Trust,"Smt. Kashibai Navale Medical College and General Hospital,Pune",MD - Pharmacology,2
4668,Maharashtra,Govt,Sri Bhausaheb Hire Government Medical College Dhule,MD - Forensic Medicine,5
4669,Maharashtra,Govt,Sri Bhausaheb Hire Government Medical College Dhule,MD - Pathology,2
4670,Maharashtra,Govt,Sri Bhausaheb Hire Government Medical College Dhule,MD - Paediatrics,3
4671,Maharashtra,Govt,Sri Bhausaheb Hire Government Medical College Dhule,MD - Microbiology,3
4672,Maharashtra,Govt,Sri Bhausaheb Hire Government Medical College Dhule,MD - Psychiatry,2
4673,Maharashtra,Govt,Sri Bhausaheb Hire Government Medical College Dhule,MD - Anaesthesiology,7
4674,Maharashtra,Govt,Sri Bhausaheb Hire Government Medical College Dhule,MS - Obstetrics & Gynaecology,6
4675,Maharashtra,Govt,Sri Bhausaheb Hire Government Medical College Dhule,MD - Bio-Chemistry,7
4676,Maharashtra,Govt,Sri Bhausaheb Hire Government Medical College Dhule,MD - General Medicine,4
4677,Maharashtra,Govt,Sri Bhausaheb Hire Government Medical College Dhule,"MD - Dermatology , Venereology & Leprosy",3
4678,Maharashtra,Govt,Sri Bhausaheb Hire Government Medical College Dhule,MS - Orthopaedics,3
4679,Maharashtra,Govt,Sri Bhausaheb Hire Government Medical College Dhule,MS - Ophthalmology,2
4680,Maharashtra,Govt,Sri Bhausaheb Hire Government Medical College Dhule,MS - ENT,3
4681,Maharashtra,Govt,Sri Bhausaheb Hire Government Medical College Dhule,MS - General Surgery,6
4682,Maharashtra,Govt,"SRTR Medical College, Ambajogai",MD - Anaesthesiology,6
4683,Maharashtra,Govt,"SRTR Medical College, Ambajogai",MD - Anatomy,3
4684,Maharashtra,Govt,"SRTR Medical College, Ambajogai","MD - Dermatology , Venereology & Leprosy",2
4685,Maharashtra,Govt,"SRTR Medical College, Ambajogai",MD - Microbiology,8
4686,Maharashtra,Govt,"SRTR Medical College, Ambajogai",MS - Ophthalmology,5
4687,Maharashtra,Govt,"SRTR Medical College, Ambajogai",MS - General Surgery,5
4688,Maharashtra,Govt,"SRTR Medical College, Ambajogai",MD - Pathology,9
4689,Maharashtra,Govt,"SRTR Medical College, Ambajogai","MD - Forensic Medicine/Forensic Medicine &
Toxicology",3
4690,Maharashtra,Govt,"SRTR Medical College, Ambajogai","MD - Social & Preventive Medicine / Community
Medicine",9
4691,Maharashtra,Govt,"SRTR Medical College, Ambajogai",MS - ENT,5
4692,Maharashtra,Govt,"SRTR Medical College, Ambajogai",MD - Pharmacology,2
4693,Maharashtra,Govt,"SRTR Medical College, Ambajogai",MD - Paediatrics,5
4694,Maharashtra,Govt,"SRTR Medical College, Ambajogai",MD - Physiology,2
4695,Maharashtra,Govt,"SRTR Medical College, Ambajogai",MS - Obstetrics & Gynaecology,5
4696,Maharashtra,Govt,"SRTR Medical College, Ambajogai",MD - General Medicine,6
4697,Maharashtra,Govt,"SRTR Medical College, Ambajogai",MD - Respiratory Medicine,2
4698,Maharashtra,Govt,"SRTR Medical College, Ambajogai",MS - Orthopaedics,7
4699,Maharashtra,Govt,"SRTR Medical College, Ambajogai",MD - Bio-Chemistry,9
4700,Maharashtra,Govt,"Tata Memorial centre, Mumbai",MD- Palliative Medicine,5
4701,Maharashtra,Govt,"Tata Memorial centre, Mumbai",MD - Anaesthesiology,30
4702,Maharashtra,Govt,"Tata Memorial centre, Mumbai",MD - Radiotherapy/ Radiation Oncology,18
4703,Maharashtra,Govt,"Tata Memorial centre, Mumbai",MD - Radio Diagnosis/Radiology,17
4704,Maharashtra,Govt,"Tata Memorial centre, Mumbai",MD - Microbiology,1
4705,Maharashtra,Govt,"Tata Memorial centre, Mumbai",MD - Immuno Haematology & Blood Transfusion,5
4706,Maharashtra,Govt,"Tata Memorial centre, Mumbai",MD - Pathology,12
4707,Maharashtra,Govt,"Tata Memorial centre, Mumbai",MD - Nuclear Medicine,6
4708,Maharashtra,Trust,Terna Medical College Navi Mumbai,MD - Pathology,6
4709,Maharashtra,Trust,Terna Medical College Navi Mumbai,MD - Anaesthesiology,8
4710,Maharashtra,Trust,Terna Medical College Navi Mumbai,MD - Radio - Diagnosis,5
4711,Maharashtra,Trust,Terna Medical College Navi Mumbai,MS - Obstetrics & Gynaecology,3
4712,Maharashtra,Trust,Terna Medical College Navi Mumbai,MS- General Surgery,6
4713,Maharashtra,Trust,Terna Medical College Navi Mumbai,MD- Paediatrics,3
4714,Maharashtra,Trust,Terna Medical College Navi Mumbai,"MD - Social & Preventive Medicine / Community
Medicine",3
4715,Maharashtra,Govt,"Topiwala National Medical College, Mumbai","MD - Tuberculosis & Respiratory Diseases / Pulmonary
Medicine",3
4716,Maharashtra,Govt,"Topiwala National Medical College, Mumbai",MS - Orthopaedics,3
4717,Maharashtra,Govt,"Topiwala National Medical College, Mumbai",MD - Anatomy,5
4718,Maharashtra,Govt,"Topiwala National Medical College, Mumbai",MD - Physiology,4
4719,Maharashtra,Govt,"Topiwala National Medical College, Mumbai",MS - Obstetrics & Gynaecology,8
4720,Maharashtra,Govt,"Topiwala National Medical College, Mumbai",MD - Anaesthesiology,26
4721,Maharashtra,Govt,"Topiwala National Medical College, Mumbai",MD - Radio Diagnosis/Radiology,10
4722,Maharashtra,Govt,"Topiwala National Medical College, Mumbai",MD - Microbiology,4
4723,Maharashtra,Govt,"Topiwala National Medical College, Mumbai",MD - Psychiatry,8
4724,Maharashtra,Govt,"Topiwala National Medical College, Mumbai","MD - Forensic Medicine/Forensic Medicine &
Toxicology",2
4725,Maharashtra,Govt,"Topiwala National Medical College, Mumbai",MD - General Medicine,18
4726,Maharashtra,Govt,"Topiwala National Medical College, Mumbai","MD - Social & Preventive Medicine / Community
Medicine",10
4727,Maharashtra,Govt,"Topiwala National Medical College, Mumbai","Diploma in Dermatology, Venereology and Leprosy",1
4728,Maharashtra,Govt,"Topiwala National Medical College, Mumbai",MS - Ophthalmology,6
4729,Maharashtra,Govt,"Topiwala National Medical College, Mumbai",MD - Pathology,11
4730,Maharashtra,Govt,"Topiwala National Medical College, Mumbai",MS - General Surgery,14
4731,Maharashtra,Govt,"Topiwala National Medical College, Mumbai","MD - Dermatology , Venereology & Leprosy",3
4732,Maharashtra,Govt,"Topiwala National Medical College, Mumbai",MS - ENT,6
4733,Maharashtra,Govt,"Topiwala National Medical College, Mumbai",MD - Pharmacology,5
4734,Maharashtra,Govt,"Topiwala National Medical College, Mumbai",MD - Paediatrics,14
4735,Maharashtra,Pvt,Vedantaa Institute of Medical Sciences Palghar Maharashtra,MS - Orthopaedics,7
4736,Maharashtra,Pvt,Vedantaa Institute of Medical Sciences Palghar Maharashtra,MS - Ophthalmology,3
4737,Maharashtra,Pvt,Vedantaa Institute of Medical Sciences Palghar Maharashtra,MS - General Surgery,15
4738,Maharashtra,Pvt,Vedantaa Institute of Medical Sciences Palghar Maharashtra,MD - Paediatrics,9
4739,Maharashtra,Pvt,Vedantaa Institute of Medical Sciences Palghar Maharashtra,MD - Pharmacology,4
4740,Maharashtra,Pvt,Vedantaa Institute of Medical Sciences Palghar Maharashtra,MS - Obstetrics & Gynaecology,7
4741,Maharashtra,Pvt,Vedantaa Institute of Medical Sciences Palghar Maharashtra,MD - Anaesthesiology,7
4742,Maharashtra,Pvt,Vedantaa Institute of Medical Sciences Palghar Maharashtra,MD - General Medicine,10
4743,Maharashtra,Pvt,Vedantaa Institute of Medical Sciences Palghar Maharashtra,MD - Psychiatry,3
4744,Maharashtra,Pvt,Vedantaa Institute of Medical Sciences Palghar Maharashtra,MD - Microbiology,2
4745,Maharashtra,Pvt,Vedantaa Institute of Medical Sciences Palghar Maharashtra,MD - Radio Diagnosis/Radiology,4
4746,Maharashtra,Pvt,Vedantaa Institute of Medical Sciences Palghar Maharashtra,MD - Pathology,8
4747,Maharashtra,Pvt,Vedantaa Institute of Medical Sciences Palghar Maharashtra,"MD - Social & Preventive Medicine / Community
Medicine",4
4748,Maharashtra,Pvt,Vedantaa Institute of Medical Sciences Palghar Maharashtra,MD - Emergency Medicine,3
4749,Maharashtra,Pvt,Vedantaa Institute of Medical Sciences Palghar Maharashtra,MD - Anatomy,4
4750,Maharashtra,Pvt,Vedantaa Institute of Medical Sciences Palghar Maharashtra,MS - ENT,2
4751,Maharashtra,Pvt,Vedantaa Institute of Medical Sciences Palghar Maharashtra,"MD - Dermatology , Venereology & Leprosy",10
4752,Maharashtra,Pvt,Vedantaa Institute of Medical Sciences Palghar Maharashtra,MD - Forensic Medicine,3
4753,Maharashtra,Pvt,Vedantaa Institute of Medical Sciences Palghar Maharashtra,"MD - Tuberculosis & Respiratory Diseases / Pulmonary
Medicine",2
4754,Manipur,Govt,"Jawaharlal Nehru Institute of Medical Sciences,Porompet,Imphal","MD - Forensic Medicine/Forensic Medicine &
Toxicology",2
4755,Manipur,Govt,"Jawaharlal Nehru Institute of Medical Sciences,Porompet,Imphal",MD - Physiology,2
4756,Manipur,Govt,"Jawaharlal Nehru Institute of Medical Sciences,Porompet,Imphal",MD - General Medicine,12
4757,Manipur,Govt,"Jawaharlal Nehru Institute of Medical Sciences,Porompet,Imphal","MD - Social & Preventive Medicine / Community
Medicine",4
4758,Manipur,Govt,"Jawaharlal Nehru Institute of Medical Sciences,Porompet,Imphal",MD - Bio-Chemistry,2
4759,Manipur,Govt,"Jawaharlal Nehru Institute of Medical Sciences,Porompet,Imphal",MD - Anatomy,2
4760,Manipur,Govt,"Jawaharlal Nehru Institute of Medical Sciences,Porompet,Imphal",MD - Radio Diagnosis,3
4761,Manipur,Govt,"Jawaharlal Nehru Institute of Medical Sciences,Porompet,Imphal",MS - Obstetrics & Gynaecology,9
4762,Manipur,Govt,"Jawaharlal Nehru Institute of Medical Sciences,Porompet,Imphal",MD - Paediatrics,2
4763,Manipur,Govt,"Jawaharlal Nehru Institute of Medical Sciences,Porompet,Imphal","MD - Dermatology , Venereology & Leprosy",2
4764,Manipur,Govt,"Jawaharlal Nehru Institute of Medical Sciences,Porompet,Imphal",MS - General Surgery,11
4765,Manipur,Govt,"Jawaharlal Nehru Institute of Medical Sciences,Porompet,Imphal",MD - Anaesthesiology,14
4766,Manipur,Govt,"Jawaharlal Nehru Institute of Medical Sciences,Porompet,Imphal",MS - Ophthalmology,4
4767,Manipur,Govt,"Jawaharlal Nehru Institute of Medical Sciences,Porompet,Imphal",MS - ENT,2
4768,Manipur,Govt,"Jawaharlal Nehru Institute of Medical Sciences,Porompet,Imphal",MD - Microbiology,2
4769,Manipur,Govt,"Jawaharlal Nehru Institute of Medical Sciences,Porompet,Imphal",MS - Orthopaedics,4
4770,Manipur,Govt,"Jawaharlal Nehru Institute of Medical Sciences,Porompet,Imphal",MD - Pharmacology,2
4771,Manipur,Govt,"Jawaharlal Nehru Institute of Medical Sciences,Porompet,Imphal",MD - Pathology,8
4772,Manipur,Govt,"Jawaharlal Nehru Institute of Medical Sciences,Porompet,Imphal",MD - Respiratory Medicine,2
4773,Manipur,Govt,"Jawaharlal Nehru Institute of Medical Sciences,Porompet,Imphal",MD - Psychiatry,2
4774,Manipur,Govt,"Regional Institute of Medical Sciences, Imphal",MD - Anaesthesiology,20
4775,Manipur,Govt,"Regional Institute of Medical Sciences, Imphal",MD - Anatomy,6
4776,Manipur,Govt,"Regional Institute of Medical Sciences, Imphal",MD - Bio-Chemistry,7
4777,Manipur,Govt,"Regional Institute of Medical Sciences, Imphal","MD - Social & Preventive Medicine / Community
Medicine",8
4778,Manipur,Govt,"Regional Institute of Medical Sciences, Imphal","MD - Dermatology , Venereology & Leprosy",4
4779,Manipur,Govt,"Regional Institute of Medical Sciences, Imphal",MS - ENT,6
4780,Manipur,Govt,"Regional Institute of Medical Sciences, Imphal","MD - Forensic Medicine/Forensic Medicine &
Toxicology",3
4781,Manipur,Govt,"Regional Institute of Medical Sciences, Imphal",MS - General Surgery,16
4782,Manipur,Govt,"Regional Institute of Medical Sciences, Imphal",MD - General Medicine,16
4783,Manipur,Govt,"Regional Institute of Medical Sciences, Imphal",MD - Microbiology,4
4784,Manipur,Govt,"Regional Institute of Medical Sciences, Imphal",MS - Obstetrics & Gynaecology,13
4785,Manipur,Govt,"Regional Institute of Medical Sciences, Imphal",MS - Ophthalmology,5
4786,Manipur,Govt,"Regional Institute of Medical Sciences, Imphal",MS - Orthopaedics,7
4787,Manipur,Govt,"Regional Institute of Medical Sciences, Imphal",MD - Paediatrics,5
4788,Manipur,Govt,"Regional Institute of Medical Sciences, Imphal",MD - Pathology,6
4789,Manipur,Govt,"Regional Institute of Medical Sciences, Imphal",Diploma in Clinical Pathology,2
4790,Manipur,Govt,"Regional Institute of Medical Sciences, Imphal",MD - Pharmacology,4
4791,Manipur,Govt,"Regional Institute of Medical Sciences, Imphal",MD - Physiology,8
4792,Manipur,Govt,"Regional Institute of Medical Sciences, Imphal",MD - Physical Medicine & Rehabilitation,4
4793,Manipur,Govt,"Regional Institute of Medical Sciences, Imphal",MD - Psychiatry,3
4794,Manipur,Govt,"Regional Institute of Medical Sciences, Imphal",MD - Radiation Oncology,4
4795,Manipur,Govt,"Regional Institute of Medical Sciences, Imphal",MD - Radio Diagnosis/Radiology,6
4796,Manipur,Govt,"Regional Institute of Medical Sciences, Imphal",MD - Respiratory Medicine,6
4797,Manipur,Govt,"Regional Institute of Medical Sciences, Imphal",MD - Sports Medicine,1
4798,Manipur,Govt,"Regional Institute of Medical Sciences, Imphal",MD - Immuno Haematology & Blood Transfusion,2
4799,Manipur,Pvt,"Shija Academay of Health Science, Imphal",MD- Biochemistry,0
4800,Manipur,Pvt,"Shija Academay of Health Science, Imphal",MD- Dermatology,0
4801,Manipur,Pvt,"Shija Academay of Health Science, Imphal",MD-General Medicine,0
4802,Manipur,Pvt,"Shija Academay of Health Science, Imphal",MS-General Surgery,0
4803,Manipur,Pvt,"Shija Academay of Health Science, Imphal",MD-Radio Diagnosis,0
4804,Meghalaya,Govt,"North Eastern Indira Gandhi Regional Instt. of Health and Medical Sciences,
Shillong",MS - Obstetrics & Gynaecology,2
4805,Meghalaya,Govt,"North Eastern Indira Gandhi Regional Instt. of Health and Medical Sciences,
Shillong",MS - Ophthalmology,2
4806,Meghalaya,Govt,"North Eastern Indira Gandhi Regional Instt. of Health and Medical Sciences,
Shillong","MD - Dermatology , Venereology & Leprosy",2
4807,Meghalaya,Govt,"North Eastern Indira Gandhi Regional Instt. of Health and Medical Sciences,
Shillong",MD - General Medicine,2
4808,Meghalaya,Govt,"North Eastern Indira Gandhi Regional Instt. of Health and Medical Sciences,
Shillong",MD - Anatomy,2
4809,Meghalaya,Govt,"North Eastern Indira Gandhi Regional Instt. of Health and Medical Sciences,
Shillong",MS - ENT,2
4810,Meghalaya,Govt,"North Eastern Indira Gandhi Regional Instt. of Health and Medical Sciences,
Shillong",MD - Microbiology,3
4811,Meghalaya,Govt,"North Eastern Indira Gandhi Regional Instt. of Health and Medical Sciences,
Shillong",MD - Bio-Chemistry,2
4812,Meghalaya,Govt,"North Eastern Indira Gandhi Regional Instt. of Health and Medical Sciences,
Shillong",MD - Pathology,3
4813,Meghalaya,Govt,"North Eastern Indira Gandhi Regional Instt. of Health and Medical Sciences,
Shillong",MD - Pharmacology,2
4814,Meghalaya,Govt,"North Eastern Indira Gandhi Regional Instt. of Health and Medical Sciences,
Shillong",MD - Radio Diagnosis/Radiology,2
4815,Meghalaya,Govt,"North Eastern Indira Gandhi Regional Instt. of Health and Medical Sciences,
Shillong","MD - Forensic Medicine/Forensic Medicine &
Toxicology",3
4816,Meghalaya,Govt,"North Eastern Indira Gandhi Regional Instt. of Health and Medical Sciences,
Shillong",MD - Physiology,2
4817,Meghalaya,Govt,"North Eastern Indira Gandhi Regional Instt. of Health and Medical Sciences,
Shillong",MD - Anaesthesiology,4
4818,Meghalaya,Govt,"North Eastern Indira Gandhi Regional Instt. of Health and Medical Sciences,
Shillong",MS - Orthopaedics,2
4819,Orissa,Govt,"Acharya Harihar Regional Cancer Centre, Cuttack",MD - Pathology,4
4820,Orissa,Govt,"Acharya Harihar Regional Cancer Centre, Cuttack",MD - Anaesthesiology,2
4821,Orissa,Trust,"Hi-Tech Medical College & Hospital, Bhubaneswar",MD - Paediatrics,6
4822,Orissa,Trust,"Hi-Tech Medical College & Hospital, Bhubaneswar",MS - Obstetrics & Gynaecology,8
4823,Orissa,Trust,"Hi-Tech Medical College & Hospital, Bhubaneswar",MD - Respiratory Medicine,3
4824,Orissa,Trust,"Hi-Tech Medical College & Hospital, Bhubaneswar",MD - Pathology,8
4825,Orissa,Trust,"Hi-Tech Medical College & Hospital, Bhubaneswar",MS - General Surgery,12
4826,Orissa,Trust,"Hi-Tech Medical College & Hospital, Bhubaneswar",MD - General Medicine,8
4827,Orissa,Trust,"Hi-Tech Medical College & Hospital, Bhubaneswar","MD - Social & Preventive Medicine / Community
Medicine",6
4828,Orissa,Trust,"Hi-Tech Medical College & Hospital, Bhubaneswar",MD - Radio Diagnosis,4
4829,Orissa,Trust,"Hi-Tech Medical College & Hospital, Bhubaneswar",MD - Physiology,4
4830,Orissa,Trust,"Hi-Tech Medical College & Hospital, Bhubaneswar",MS - Ophthalmology,4
4831,Orissa,Trust,"Hi-Tech Medical College & Hospital, Bhubaneswar",MS - Orthopaedics,6
4832,Orissa,Trust,"Hi-Tech Medical College & Hospital, Bhubaneswar",MD - Anaesthesiology,8
4833,Orissa,Trust,"Hi-Tech Medical College & Hospital, Bhubaneswar",MD - Microbiology,4
4834,Orissa,Trust,"Hi-Tech Medical College & Hospital, Bhubaneswar","MD - Dermatology , Venereology & Leprosy",2
4835,Orissa,Trust,"Hi-Tech Medical College & Hospital, Bhubaneswar",MD - Psychiatry,2
4836,Orissa,Trust,"Hi-Tech Medical College & Hospital, Bhubaneswar",MS - ENT,3
4837,Orissa,Trust,"Hi-Tech Medical College & Hospital, Rourkela",MS - Ophthalmology,2
4838,Orissa,Trust,"Hi-Tech Medical College & Hospital, Rourkela",MD - Pathology,2
4839,Orissa,Trust,"Hi-Tech Medical College & Hospital, Rourkela",MS - Orthopaedics,2
4840,Orissa,Trust,"Hi-Tech Medical College & Hospital, Rourkela",MS - Obstetrics and Gynaecology,2
4841,Orissa,Trust,"Hi-Tech Medical College & Hospital, Rourkela",MD - Microbiology,2
4842,Orissa,Trust,"Institute of Medical Science & SUM hospital,Bhubaneswar",MD-Anatomy,2
4843,Orissa,Trust,"Institute of Medical Science & SUM hospital,Bhubaneswar",MD- Physiology,2
4844,Orissa,Trust,"Institute of Medical Science & SUM hospital,Bhubaneswar",MD- Biochemistry,2
4845,Orissa,Trust,"Institute of Medical Science & SUM hospital,Bhubaneswar",MD-Pharmacology,2
4846,Orissa,Trust,"Institute of Medical Science & SUM hospital,Bhubaneswar",MD- Microbiology,3
4847,Orissa,Trust,"Institute of Medical Science & SUM hospital,Bhubaneswar",MD- Pathology,10
4848,Orissa,Trust,"Institute of Medical Science & SUM hospital,Bhubaneswar",MD- Forensic Medicine  & Toxicology,2
4849,Orissa,Trust,"Institute of Medical Science & SUM hospital,Bhubaneswar",MD - Community Medicine,2
4850,Orissa,Trust,"Institute of Medical Science & SUM hospital,Bhubaneswar",MD - DVL,6
4851,Orissa,Trust,"Institute of Medical Science & SUM hospital,Bhubaneswar",MS - General Surgery,20
4852,Orissa,Trust,"Institute of Medical Science & SUM hospital,Bhubaneswar",MS - Opthalmology,6
4853,Orissa,Trust,"Institute of Medical Science & SUM hospital,Bhubaneswar",MD - Anesthesiology,19
4854,Orissa,Trust,"Institute of Medical Science & SUM hospital,Bhubaneswar",MD - Immunohematology & Blood Transfusion,2
4855,Orissa,Trust,"Institute of Medical Science & SUM hospital,Bhubaneswar",MD - General Medicine,24
4856,Orissa,Trust,"Institute of Medical Science & SUM hospital,Bhubaneswar",MD - Respiratory Medicine,4
4857,Orissa,Trust,"Institute of Medical Science & SUM hospital,Bhubaneswar",MD - Pediatrics,12
4858,Orissa,Trust,"Institute of Medical Science & SUM hospital,Bhubaneswar",MD - Radiology,15
4859,Orissa,Trust,"Institute of Medical Science & SUM hospital,Bhubaneswar",MD - Psychiatry,6
4860,Orissa,Trust,"Institute of Medical Science & SUM hospital,Bhubaneswar",MS - Otorhinolaryngology,6
4861,Orissa,Trust,"Institute of Medical Science & SUM hospital,Bhubaneswar",MS - Orthopaedics,15
4862,Orissa,Trust,"Institute of Medical Science & SUM hospital,Bhubaneswar",MS - OBG,12
4863,Orissa,Trust,"Institute of Medical Science & SUM hospital,Bhubaneswar",MD - Emergency Medicine,1
4864,Orissa,Trust,"Kalinga Institute of Medical Sciences, Bhubaneswar",MD - Anaesthesiology,20
4865,Orissa,Trust,"Kalinga Institute of Medical Sciences, Bhubaneswar",MD - Bio-Chemistry,2
4866,Orissa,Trust,"Kalinga Institute of Medical Sciences, Bhubaneswar","MD - Dermatology , Venereology & Leprosy",5
4867,Orissa,Trust,"Kalinga Institute of Medical Sciences, Bhubaneswar",MD - Emergency Medicine,3
4868,Orissa,Trust,"Kalinga Institute of Medical Sciences, Bhubaneswar","MD - Forensic Medicine/Forensic Medicine &
Toxicology",3
4869,Orissa,Trust,"Kalinga Institute of Medical Sciences, Bhubaneswar",MD - General Medicine,19
4870,Orissa,Trust,"Kalinga Institute of Medical Sciences, Bhubaneswar",MD - Immuno Haematology & Blood Transfusion,3
4871,Orissa,Trust,"Kalinga Institute of Medical Sciences, Bhubaneswar",MD - Microbiology,2
4872,Orissa,Trust,"Kalinga Institute of Medical Sciences, Bhubaneswar",MD - Paediatrics,10
4873,Orissa,Trust,"Kalinga Institute of Medical Sciences, Bhubaneswar",MD - Pathology,8
4874,Orissa,Trust,"Kalinga Institute of Medical Sciences, Bhubaneswar",MD - Pharmacology,2
4875,Orissa,Trust,"Kalinga Institute of Medical Sciences, Bhubaneswar",MD - Physiology,2
4876,Orissa,Trust,"Kalinga Institute of Medical Sciences, Bhubaneswar",MD - Psychiatry,6
4877,Orissa,Trust,"Kalinga Institute of Medical Sciences, Bhubaneswar",MD - Radio Diagnosis/Radiology,15
4878,Orissa,Trust,"Kalinga Institute of Medical Sciences, Bhubaneswar","MD - Social & Preventive Medicine / Community
Medicine",6
4879,Orissa,Trust,"Kalinga Institute of Medical Sciences, Bhubaneswar","MD - Tuberculosis & Respiratory Diseases / Pulmonary
Medicine",6
4880,Orissa,Trust,"Kalinga Institute of Medical Sciences, Bhubaneswar",MD - Anatomy,2
4881,Orissa,Trust,"Kalinga Institute of Medical Sciences, Bhubaneswar",MS - Ophthalmology,6
4882,Orissa,Trust,"Kalinga Institute of Medical Sciences, Bhubaneswar",MS - ENT,7
4883,Orissa,Trust,"Kalinga Institute of Medical Sciences, Bhubaneswar",MS - General Surgery,20
4884,Orissa,Trust,"Kalinga Institute of Medical Sciences, Bhubaneswar",MS - Obstetrics & Gynaecology,15
4885,Orissa,Trust,"Kalinga Institute of Medical Sciences, Bhubaneswar",MS - Orthopaedics,15
4886,Orissa,Govt,"MKCG Medical College, Berhampur",MD - Radio Diagnosis,3
4887,Orissa,Govt,"MKCG Medical College, Berhampur","MD - Social & Preventive Medicine / Community
Medicine",12
4888,Orissa,Govt,"MKCG Medical College, Berhampur",MD - Bio-Chemistry,5
4889,Orissa,Govt,"MKCG Medical College, Berhampur",MD - Physiology,6
4890,Orissa,Govt,"MKCG Medical College, Berhampur",MD - Anaesthesiology,10
4891,Orissa,Govt,"MKCG Medical College, Berhampur",MD - Immuno Haematology & Blood Transfusion,3
4892,Orissa,Govt,"MKCG Medical College, Berhampur",MS - Obstetrics & Gynaecology,12
4893,Orissa,Govt,"MKCG Medical College, Berhampur",MS - Orthopaedics,8
4894,Orissa,Govt,"MKCG Medical College, Berhampur","MD - Forensic Medicine/Forensic Medicine &
Toxicology",4
4895,Orissa,Govt,"MKCG Medical College, Berhampur",MD - Paediatrics,11
4896,Orissa,Govt,"MKCG Medical College, Berhampur",MD - Pharmacology,8
4897,Orissa,Govt,"MKCG Medical College, Berhampur",MS - ENT,2
4898,Orissa,Govt,"MKCG Medical College, Berhampur",MS - Ophthalmology,9
4899,Orissa,Govt,"MKCG Medical College, Berhampur",MD - Microbiology,7
4900,Orissa,Govt,"MKCG Medical College, Berhampur",MD - Pathology,11
4901,Orissa,Govt,"MKCG Medical College, Berhampur",MS - General Surgery,19
4902,Orissa,Govt,"MKCG Medical College, Berhampur",MD - Psychiatry,2
4903,Orissa,Govt,"MKCG Medical College, Berhampur",MD - General Medicine,15
4904,Orissa,Govt,"MKCG Medical College, Berhampur","MD - Dermatology , Venereology & Leprosy",3
4905,Orissa,Govt,"MKCG Medical College, Berhampur",MD - Respiratory Medicine,3
4906,Orissa,Govt,"MKCG Medical College, Berhampur",MD - Anatomy,5
4907,Orissa,Govt,"Post Graduate Institute of Medical Education and Research & Capital Hospital,
Bhubaneswar",MD - General Medicine,5
4908,Orissa,Govt,"Post Graduate Institute of Medical Education and Research & Capital Hospital,
Bhubaneswar",MS - Ophthalmology,3
4909,Orissa,Govt,"Post Graduate Institute of Medical Education and Research & Capital Hospital,
Bhubaneswar",MD - Paediatrics,4
4910,Orissa,Govt,"Post Graduate Institute of Medical Education and Research & Capital Hospital,
Bhubaneswar",MD - Respiratory Medicine,3
4911,Orissa,Govt,"Post Graduate Institute of Medical Education and Research & Capital Hospital,
Bhubaneswar",MD - Anaesthesiology,3
4912,Orissa,Govt,"Post Graduate Institute of Medical Education and Research & Capital Hospital,
Bhubaneswar",MS - General Surgery,5
4913,Orissa,Govt,"Post Graduate Institute of Medical Education and Research & Capital Hospital,
Bhubaneswar",MS - Obstetrics & Gynaecology,5
4914,Orissa,Govt,"Post Graduate Institute of Medical Education and Research & Capital Hospital,
Bhubaneswar",MS - Orthopaedics,2
4915,Orissa,Govt,"SCB Medical College, Cuttack",MS - ENT,4
4916,Orissa,Govt,"SCB Medical College, Cuttack",MD - Anatomy,8
4917,Orissa,Govt,"SCB Medical College, Cuttack",MD - Bio-Chemistry,6
4918,Orissa,Govt,"SCB Medical College, Cuttack",MD - Transfusion Medicine,5
4919,Orissa,Govt,"SCB Medical College, Cuttack",MD - Pharmacology,7
4920,Orissa,Govt,"SCB Medical College, Cuttack",MD - Microbiology,6
4921,Orissa,Govt,"SCB Medical College, Cuttack",MS - Orthopaedics,14
4922,Orissa,Govt,"SCB Medical College, Cuttack","MD - Forensic Medicine/Forensic Medicine &
Toxicology",6
4923,Orissa,Govt,"SCB Medical College, Cuttack","MD - Social & Preventive Medicine / Community
Medicine",6
4924,Orissa,Govt,"SCB Medical College, Cuttack",MD - Anaesthesiology,20
4925,Orissa,Govt,"SCB Medical College, Cuttack",MD - Psychiatry,5
4926,Orissa,Govt,"SCB Medical College, Cuttack",MD - General Medicine,29
4927,Orissa,Govt,"SCB Medical College, Cuttack","MD - Dermatology , Venereology & Leprosy",6
4928,Orissa,Govt,"SCB Medical College, Cuttack","MD - Tuberculosis & Respiratory Diseases / Pulmonary
Medicine",6
4929,Orissa,Govt,"SCB Medical College, Cuttack",MD - Paediatrics,24
4930,Orissa,Govt,"SCB Medical College, Cuttack",MD - Radio Diagnosis/Radiology,6
4931,Orissa,Govt,"SCB Medical College, Cuttack",MS - Ophthalmology,9
4932,Orissa,Govt,"SCB Medical College, Cuttack",MS - General Surgery,24
4933,Orissa,Govt,"SCB Medical College, Cuttack",MD - Pathology,8
4934,Orissa,Govt,"SCB Medical College, Cuttack",MD - Radiotherapy/ Radiation Oncology,6
4935,Orissa,Govt,"SCB Medical College, Cuttack",MD - Physiology,7
4936,Orissa,Govt,"SCB Medical College, Cuttack",MS - Obstetrics & Gynaecology,20
4937,Orissa,Govt,"Veer Surendra Sai Institute of Medical Sciences and Research, Burla","MD - Dermatology , Venereology & Leprosy",3
4938,Orissa,Govt,"Veer Surendra Sai Institute of Medical Sciences and Research, Burla",MS - Orthopaedics,2
4939,Orissa,Govt,"Veer Surendra Sai Institute of Medical Sciences and Research, Burla","MD - Tuberculosis & Respiratory Diseases / Pulmonary
Medicine",5
4940,Orissa,Govt,"Veer Surendra Sai Institute of Medical Sciences and Research, Burla",MD - General Medicine,20
4941,Orissa,Govt,"Veer Surendra Sai Institute of Medical Sciences and Research, Burla",MD - Paediatrics,9
4942,Orissa,Govt,"Veer Surendra Sai Institute of Medical Sciences and Research, Burla",MD - Anaesthesiology,10
4943,Orissa,Govt,"Veer Surendra Sai Institute of Medical Sciences and Research, Burla","MD - Social & Preventive Medicine / Community
Medicine",6
4944,Orissa,Govt,"Veer Surendra Sai Institute of Medical Sciences and Research, Burla","MD - Forensic Medicine/Forensic Medicine &
Toxicology",3
4945,Orissa,Govt,"Veer Surendra Sai Institute of Medical Sciences and Research, Burla",MD - Physiology,5
4946,Orissa,Govt,"Veer Surendra Sai Institute of Medical Sciences and Research, Burla",MS - General Surgery,18
4947,Orissa,Govt,"Veer Surendra Sai Institute of Medical Sciences and Research, Burla",MD - Radio Diagnosis/Radiology,2
4948,Orissa,Govt,"Veer Surendra Sai Institute of Medical Sciences and Research, Burla",MS - ENT,4
4949,Orissa,Govt,"Veer Surendra Sai Institute of Medical Sciences and Research, Burla",MD - Anatomy,6
4950,Orissa,Govt,"Veer Surendra Sai Institute of Medical Sciences and Research, Burla",MD - Pharmacology,8
4951,Orissa,Govt,"Veer Surendra Sai Institute of Medical Sciences and Research, Burla",MD - Pathology,3
4952,Orissa,Govt,"Veer Surendra Sai Institute of Medical Sciences and Research, Burla",MD - Bio-Chemistry,5
4953,Orissa,Govt,"Veer Surendra Sai Institute of Medical Sciences and Research, Burla",MS - Obstetrics & Gynaecology,10
4954,Orissa,Govt,"Veer Surendra Sai Institute of Medical Sciences and Research, Burla",MS - Ophthalmology,6
4955,Orissa,Govt,"Veer Surendra Sai Institute of Medical Sciences and Research, Burla",MD - Microbiology,5
4956,Pondicherry,Trust,"Aarupadai Veedu Medical College, Pondicherry",MS - Ophthalmology,2
4957,Pondicherry,Trust,"Aarupadai Veedu Medical College, Pondicherry",MD - Microbiology,4
4958,Pondicherry,Trust,"Aarupadai Veedu Medical College, Pondicherry",MD - Anaesthesiology,8
4959,Pondicherry,Trust,"Aarupadai Veedu Medical College, Pondicherry",MD - Pathology,2
4960,Pondicherry,Trust,"Aarupadai Veedu Medical College, Pondicherry",MD - Anatomy,3
4961,Pondicherry,Trust,"Aarupadai Veedu Medical College, Pondicherry",MD - Emergency Medicine,3
4962,Pondicherry,Trust,"Aarupadai Veedu Medical College, Pondicherry",MD - Respiratory Medicine,2
4963,Pondicherry,Trust,"Aarupadai Veedu Medical College, Pondicherry",MD - General Medicine,14
4964,Pondicherry,Trust,"Aarupadai Veedu Medical College, Pondicherry",MD - Bio-Chemistry,2
4965,Pondicherry,Trust,"Aarupadai Veedu Medical College, Pondicherry",MD - Psychiatry,5
4966,Pondicherry,Trust,"Aarupadai Veedu Medical College, Pondicherry",MD - Pharmacology,2
4967,Pondicherry,Trust,"Aarupadai Veedu Medical College, Pondicherry","MD - Social & Preventive Medicine / Community
Medicine",4
4968,Pondicherry,Trust,"Aarupadai Veedu Medical College, Pondicherry",MS - ENT,5
4969,Pondicherry,Trust,"Aarupadai Veedu Medical College, Pondicherry","MD - Dermatology , Venereology & Leprosy",3
4970,Pondicherry,Trust,"Aarupadai Veedu Medical College, Pondicherry",MD - Paediatrics,10
4971,Pondicherry,Trust,"Aarupadai Veedu Medical College, Pondicherry",MS - Obstetrics & Gynaecology,6
4972,Pondicherry,Trust,"Aarupadai Veedu Medical College, Pondicherry",MS - Orthopaedics,5
4973,Pondicherry,Trust,"Aarupadai Veedu Medical College, Pondicherry",MS - General Surgery,14
4974,Pondicherry,Trust,"Aarupadai Veedu Medical College, Pondicherry",MD - Radio Diagnosis/Radiology,5
4975,Pondicherry,Govt,"Indira Gandhi Medical College & Research Institute, Puducherry",MD - Community Medicine,8
4976,Pondicherry,Govt,"Indira Gandhi Medical College & Research Institute, Puducherry",MD - Forensic Medicine,4
4977,Pondicherry,Govt,"Indira Gandhi Medical College & Research Institute, Puducherry",MD - General Medicine,4
4978,Pondicherry,Govt,"Indira Gandhi Medical College & Research Institute, Puducherry",MD - Microbiology,4
4979,Pondicherry,Govt,"Indira Gandhi Medical College & Research Institute, Puducherry",MD - Pathology,6
4980,Pondicherry,Govt,"Indira Gandhi Medical College & Research Institute, Puducherry",MD - Pharmacology,4
4981,Pondicherry,Govt,"Indira Gandhi Medical College & Research Institute, Puducherry",MD - Anatomy,2
4982,Pondicherry,Govt,"Indira Gandhi Medical College & Research Institute, Puducherry",MS - ENT,2
4983,Pondicherry,Govt,"Indira Gandhi Medical College & Research Institute, Puducherry",MS - General Surgery,4
4984,Pondicherry,Govt,"Indira Gandhi Medical College & Research Institute, Puducherry",MS - Obstetrics & Gynaecology,3
4985,Pondicherry,Govt,"Indira Gandhi Medical College & Research Institute, Puducherry",MS - Ophthalmology,4
4986,Pondicherry,Govt,"Indira Gandhi Medical College & Research Institute, Puducherry",MS - Orthopaedics,4
4987,Pondicherry,Govt,"Indira Gandhi Medical College & Research Institute, Puducherry",MD-DVL,3
4988,Pondicherry,Govt,"Indira Gandhi Medical College & Research Institute, Puducherry",MD-Anaesthesiology,4
4989,Pondicherry,Trust,"Mahatma Gandhi Medical College & Research Institute, Pondicherry",MD - General Medicine,18
4990,Pondicherry,Trust,"Mahatma Gandhi Medical College & Research Institute, Pondicherry",MS - Orthopaedics,16
4991,Pondicherry,Trust,"Mahatma Gandhi Medical College & Research Institute, Pondicherry",MD - Bio-Chemistry,2
4992,Pondicherry,Trust,"Mahatma Gandhi Medical College & Research Institute, Pondicherry",MD - Psychiatry,7
4993,Pondicherry,Trust,"Mahatma Gandhi Medical College & Research Institute, Pondicherry",MD - Physiology,4
4994,Pondicherry,Trust,"Mahatma Gandhi Medical College & Research Institute, Pondicherry",MD - Radio Diagnosis/Radiology,10
4995,Pondicherry,Trust,"Mahatma Gandhi Medical College & Research Institute, Pondicherry","MD - Social & Preventive Medicine / Community
Medicine",4
4996,Pondicherry,Trust,"Mahatma Gandhi Medical College & Research Institute, Pondicherry",MD - Microbiology,4
4997,Pondicherry,Trust,"Mahatma Gandhi Medical College & Research Institute, Pondicherry",MS - General Surgery,18
4998,Pondicherry,Trust,"Mahatma Gandhi Medical College & Research Institute, Pondicherry",MS - Obstetrics & Gynaecology,18
4999,Pondicherry,Trust,"Mahatma Gandhi Medical College & Research Institute, Pondicherry",MD - Pathology,6
5000,Pondicherry,Trust,"Mahatma Gandhi Medical College & Research Institute, Pondicherry",MD - Anaesthesiology,18
5001,Pondicherry,Trust,"Mahatma Gandhi Medical College & Research Institute, Pondicherry",MD - Paediatrics,12
5002,Pondicherry,Trust,"Mahatma Gandhi Medical College & Research Institute, Pondicherry","MD - Tuberculosis & Respiratory Diseases / Pulmonary
Medicine",5
5003,Pondicherry,Trust,"Mahatma Gandhi Medical College & Research Institute, Pondicherry",MS - ENT,7
5004,Pondicherry,Trust,"Mahatma Gandhi Medical College & Research Institute, Pondicherry",MD - Pharmacology,4
5005,Pondicherry,Trust,"Mahatma Gandhi Medical College & Research Institute, Pondicherry","MD - Dermatology , Venereology & Leprosy",7
5006,Pondicherry,Trust,"Mahatma Gandhi Medical College & Research Institute, Pondicherry",MS - Ophthalmology,9
5007,Pondicherry,Trust,"Mahatma Gandhi Medical College & Research Institute, Pondicherry",MD - Anatomy,4
5008,Pondicherry,Trust,"Pondicherry Institute of Medical Sciences & Research, Pondicherry",MD - General Medicine,4
5009,Pondicherry,Trust,"Pondicherry Institute of Medical Sciences & Research, Pondicherry",MD - Bio-Chemistry,3
5010,Pondicherry,Trust,"Pondicherry Institute of Medical Sciences & Research, Pondicherry",MS - Orthopaedics,2
5011,Pondicherry,Trust,"Pondicherry Institute of Medical Sciences & Research, Pondicherry",MS - Ophthalmology,3
5012,Pondicherry,Trust,"Pondicherry Institute of Medical Sciences & Research, Pondicherry","MD - Tuberculosis & Respiratory Diseases / Pulmonary
Medicine",3
5013,Pondicherry,Trust,"Pondicherry Institute of Medical Sciences & Research, Pondicherry",MD - Paediatrics,3
5014,Pondicherry,Trust,"Pondicherry Institute of Medical Sciences & Research, Pondicherry",MD - Microbiology,4
5015,Pondicherry,Trust,"Pondicherry Institute of Medical Sciences & Research, Pondicherry",MD - Radio Diagnosis/Radiology,3
5016,Pondicherry,Trust,"Pondicherry Institute of Medical Sciences & Research, Pondicherry",MS - ENT,3
5017,Pondicherry,Trust,"Pondicherry Institute of Medical Sciences & Research, Pondicherry",MS - Obstetrics & Gynaecology,2
5018,Pondicherry,Trust,"Pondicherry Institute of Medical Sciences & Research, Pondicherry","MD - Social & Preventive Medicine / Community
Medicine",4
5019,Pondicherry,Trust,"Pondicherry Institute of Medical Sciences & Research, Pondicherry","MD - Dermatology , Venereology & Leprosy",3
5020,Pondicherry,Trust,"Pondicherry Institute of Medical Sciences & Research, Pondicherry",MD - Psychiatry,3
5021,Pondicherry,Trust,"Pondicherry Institute of Medical Sciences & Research, Pondicherry",MD - Anaesthesiology,6
5022,Pondicherry,Trust,"Pondicherry Institute of Medical Sciences & Research, Pondicherry",MD - Physiology,4
5023,Pondicherry,Trust,"Pondicherry Institute of Medical Sciences & Research, Pondicherry",MD - Pathology,3
5024,Pondicherry,Trust,"Pondicherry Institute of Medical Sciences & Research, Pondicherry",MS - General Surgery,6
5025,Pondicherry,Trust,"Pondicherry Institute of Medical Sciences & Research, Pondicherry",MD - Pharmacology,2
5026,Pondicherry,Trust,"Pondicherry Institute of Medical Sciences & Research, Pondicherry",MD - Anatomy,2
5027,Pondicherry,Trust,"Sri Lakshmi Narayana Institute of Medical Sciences, Pondicherry",MS - ENT,4
5028,Pondicherry,Trust,"Sri Lakshmi Narayana Institute of Medical Sciences, Pondicherry",MD - Psychiatry,2
5029,Pondicherry,Trust,"Sri Lakshmi Narayana Institute of Medical Sciences, Pondicherry",MD - General Medicine,5
5030,Pondicherry,Trust,"Sri Lakshmi Narayana Institute of Medical Sciences, Pondicherry",MS - Orthopaedics,12
5031,Pondicherry,Trust,"Sri Lakshmi Narayana Institute of Medical Sciences, Pondicherry","MD - Social & Preventive Medicine / Community
Medicine",5
5032,Pondicherry,Trust,"Sri Lakshmi Narayana Institute of Medical Sciences, Pondicherry","MD - Dermatology , Venereology & Leprosy",5
5033,Pondicherry,Trust,"Sri Lakshmi Narayana Institute of Medical Sciences, Pondicherry",MD - Radio Diagnosis/Radiology,9
5034,Pondicherry,Trust,"Sri Lakshmi Narayana Institute of Medical Sciences, Pondicherry",MS - Obstetrics and Gynaecology,5
5035,Pondicherry,Trust,"Sri Lakshmi Narayana Institute of Medical Sciences, Pondicherry",MD - Anaesthesiology,2
5036,Pondicherry,Trust,"Sri Lakshmi Narayana Institute of Medical Sciences, Pondicherry",MS - General Surgery,5
5037,Pondicherry,Trust,"Sri Lakshmi Narayana Institute of Medical Sciences, Pondicherry",MS - Ophthalmology,6
5038,Pondicherry,Trust,"Sri Lakshmi Narayana Institute of Medical Sciences, Pondicherry",MD - Emergency Medicine,3
5039,Pondicherry,Trust,"Sri Lakshmi Narayana Institute of Medical Sciences, Pondicherry",MD - Paediatrics,3
5040,Pondicherry,Trust,"Sri Manakula Vinayagar Medical College & Hospital, Pondicherry",MD - Pharmacology,4
5041,Pondicherry,Trust,"Sri Manakula Vinayagar Medical College & Hospital, Pondicherry","MD - Social & Preventive Medicine / Community
Medicine",3
5042,Pondicherry,Trust,"Sri Manakula Vinayagar Medical College & Hospital, Pondicherry",MD - Microbiology,2
5043,Pondicherry,Trust,"Sri Manakula Vinayagar Medical College & Hospital, Pondicherry",MD - Bio-Chemistry,3
5044,Pondicherry,Trust,"Sri Manakula Vinayagar Medical College & Hospital, Pondicherry",MD - General Medicine,18
5045,Pondicherry,Trust,"Sri Manakula Vinayagar Medical College & Hospital, Pondicherry",MS - Orthopaedics,6
5046,Pondicherry,Trust,"Sri Manakula Vinayagar Medical College & Hospital, Pondicherry",MS - General Surgery,9
5047,Pondicherry,Trust,"Sri Manakula Vinayagar Medical College & Hospital, Pondicherry",MD - Pathology,6
5048,Pondicherry,Trust,"Sri Manakula Vinayagar Medical College & Hospital, Pondicherry",MD - Radio Diagnosis/Radiology,8
5049,Pondicherry,Trust,"Sri Manakula Vinayagar Medical College & Hospital, Pondicherry","MD - Dermatology , Venereology & Leprosy",5
5050,Pondicherry,Trust,"Sri Manakula Vinayagar Medical College & Hospital, Pondicherry",MD - Psychiatry,6
5051,Pondicherry,Trust,"Sri Manakula Vinayagar Medical College & Hospital, Pondicherry",MS - Obstetrics & Gynaecology,6
5052,Pondicherry,Trust,"Sri Manakula Vinayagar Medical College & Hospital, Pondicherry",MD - Paediatrics,12
5053,Pondicherry,Trust,"Sri Manakula Vinayagar Medical College & Hospital, Pondicherry","MD - Tuberculosis & Respiratory Diseases / Pulmonary
Medicine",3
5054,Pondicherry,Trust,"Sri Manakula Vinayagar Medical College & Hospital, Pondicherry",MD - Anaesthesiology,12
5055,Pondicherry,Trust,"Sri Manakula Vinayagar Medical College & Hospital, Pondicherry",MD - Physiology,3
5056,Pondicherry,Trust,"Sri Manakula Vinayagar Medical College & Hospital, Pondicherry",MS - Ophthalmology,5
5057,Pondicherry,Trust,"Sri Manakula Vinayagar Medical College & Hospital, Pondicherry",MD - Anatomy,4
5058,Pondicherry,Trust,"Sri Manakula Vinayagar Medical College & Hospital, Pondicherry",MS - ENT,6
5059,Pondicherry,Trust,"Sri Venkateswaraa Medical College, Hospital & Research Centre, Pondicherry",MD - Community Medicine,4
5060,Pondicherry,Trust,"Sri Venkateswaraa Medical College, Hospital & Research Centre, Pondicherry",MD - General Medicine,19
5061,Pondicherry,Trust,"Sri Venkateswaraa Medical College, Hospital & Research Centre, Pondicherry",MD - Respiratory Medicine,2
5062,Pondicherry,Trust,"Sri Venkateswaraa Medical College, Hospital & Research Centre, Pondicherry",MD - Bio-Chemistry,2
5063,Pondicherry,Trust,"Sri Venkateswaraa Medical College, Hospital & Research Centre, Pondicherry",MS - Obstetrics & Gynaecology,11
5064,Pondicherry,Trust,"Sri Venkateswaraa Medical College, Hospital & Research Centre, Pondicherry",MS - General Surgery,19
5065,Pondicherry,Trust,"Sri Venkateswaraa Medical College, Hospital & Research Centre, Pondicherry",MD - Psychiatry,3
5066,Pondicherry,Trust,"Sri Venkateswaraa Medical College, Hospital & Research Centre, Pondicherry",MD - Radiotherapy/ Radiation Oncology,9
5067,Pondicherry,Trust,"Sri Venkateswaraa Medical College, Hospital & Research Centre, Pondicherry",MD - Anatomy,3
5068,Pondicherry,Trust,"Sri Venkateswaraa Medical College, Hospital & Research Centre, Pondicherry",MD - Paediatrics,9
5069,Pondicherry,Trust,"Sri Venkateswaraa Medical College, Hospital & Research Centre, Pondicherry",MD - Pathology,4
5070,Pondicherry,Trust,"Sri Venkateswaraa Medical College, Hospital & Research Centre, Pondicherry",MS - Orthopaedics,8
5071,Pondicherry,Trust,"Sri Venkateswaraa Medical College, Hospital & Research Centre, Pondicherry",MD - Emergency Medicine,3
5072,Pondicherry,Trust,"Sri Venkateswaraa Medical College, Hospital & Research Centre, Pondicherry","MD - Dermatology , Venereology & Leprosy",4
5074,Pondicherry,Trust,"Sri Venkateswaraa Medical College, Hospital & Research Centre, Pondicherry",MS - Ophthalmology,5
5075,Pondicherry,Trust,"Sri Venkateswaraa Medical College, Hospital & Research Centre, Pondicherry",MS - ENT,3
5076,Pondicherry,Trust,"Sri Venkateswaraa Medical College, Hospital & Research Centre, Pondicherry",MD - Radio Diagnosis/Radiology,9
5077,Pondicherry,Trust,"Sri Venkateswaraa Medical College, Hospital & Research Centre, Pondicherry",MD - Physiology,3
5078,Pondicherry,Trust,"Sri Venkateswaraa Medical College, Hospital & Research Centre, Pondicherry",MD - Microbiology,4
5079,Pondicherry,Trust,"Sri Venkateswaraa Medical College, Hospital & Research Centre, Pondicherry",MD - Pharmacology,4
5080,Pondicherry,Trust,"Sri Venkateswaraa Medical College, Hospital & Research Centre, Pondicherry",MD - Anaesthesiology,13
5081,Pondicherry,Trust,"Vinayaka Missions Medical College, Karaikal, Pondicherry",MD - General Medicine,6
5082,Pondicherry,Trust,"Vinayaka Missions Medical College, Karaikal, Pondicherry",MD - Community Medicine,2
5083,Pondicherry,Trust,"Vinayaka Missions Medical College, Karaikal, Pondicherry",MS - General Surgery,3
5084,Pondicherry,Trust,"Vinayaka Missions Medical College, Karaikal, Pondicherry",MD - Pathology,4
5085,Pondicherry,Trust,"Vinayaka Missions Medical College, Karaikal, Pondicherry","MD - Dermatology , Venereology & Leprosy",5
5086,Pondicherry,Trust,"Vinayaka Missions Medical College, Karaikal, Pondicherry",MS - Orthopaedics,5
5087,Pondicherry,Trust,"Vinayaka Missions Medical College, Karaikal, Pondicherry",MD - Bio-Chemistry,2
5088,Pondicherry,Trust,"Vinayaka Missions Medical College, Karaikal, Pondicherry",MS - Ophthalmology,5
5089,Pondicherry,Trust,"Vinayaka Missions Medical College, Karaikal, Pondicherry",MD - Forensic Medicine,2
5090,Pondicherry,Trust,"Vinayaka Missions Medical College, Karaikal, Pondicherry",MD - Radio Diagnosis/Radiology,4
5091,Pondicherry,Trust,"Vinayaka Missions Medical College, Karaikal, Pondicherry",MD - Paediatrics,8
5092,Pondicherry,Trust,"Vinayaka Missions Medical College, Karaikal, Pondicherry",MS - Obstetrics & Gynaecology,3
5093,Pondicherry,Trust,"Vinayaka Missions Medical College, Karaikal, Pondicherry",MD - Anaesthesiology,6
5094,Pondicherry,Trust,"Vinayaka Missions Medical College, Karaikal, Pondicherry",MS - ENT,5
5095,Pondicherry,Trust,"Vinayaka Missions Medical College, Karaikal, Pondicherry",MD - Psychiatry,2
5096,Punjab,Trust,"Adesh Institute of Medical Sciences & Research, Bhatinda",MD - Anaesthesiology,12
5097,Punjab,Trust,"Adesh Institute of Medical Sciences & Research, Bhatinda",MD - Anatomy,2
5098,Punjab,Trust,"Adesh Institute of Medical Sciences & Research, Bhatinda",MD - Bio-Chemistry,2
5099,Punjab,Trust,"Adesh Institute of Medical Sciences & Research, Bhatinda","MD - Social & Preventive Medicine / Community
Medicine",3
5100,Punjab,Trust,"Adesh Institute of Medical Sciences & Research, Bhatinda","MD - Dermatology , Venereology & Leprosy",2
5101,Punjab,Trust,"Adesh Institute of Medical Sciences & Research, Bhatinda",MS - ENT,2
5102,Punjab,Trust,"Adesh Institute of Medical Sciences & Research, Bhatinda",MD - General Medicine,3
5103,Punjab,Trust,"Adesh Institute of Medical Sciences & Research, Bhatinda",MD - Immuno Haematology & Blood Transfusion,2
5104,Punjab,Trust,"Adesh Institute of Medical Sciences & Research, Bhatinda",MD - Microbiology,2
5105,Punjab,Trust,"Adesh Institute of Medical Sciences & Research, Bhatinda",MS - Obstetrics & Gynaecology,6
5106,Punjab,Trust,"Adesh Institute of Medical Sciences & Research, Bhatinda",MS - Ophthalmology,2
5107,Punjab,Trust,"Adesh Institute of Medical Sciences & Research, Bhatinda",MS - Orthopaedics,5
5108,Punjab,Trust,"Adesh Institute of Medical Sciences & Research, Bhatinda",MD - Pathology,4
5109,Punjab,Trust,"Adesh Institute of Medical Sciences & Research, Bhatinda",MD - Pharmacology,2
5110,Punjab,Trust,"Adesh Institute of Medical Sciences & Research, Bhatinda",MD - Physiology,2
5111,Punjab,Trust,"Adesh Institute of Medical Sciences & Research, Bhatinda",MD - Psychiatry,3
5112,Punjab,Trust,"Adesh Institute of Medical Sciences & Research, Bhatinda",MD - Radio Diagnosis/Radiology,7
5113,Punjab,Trust,"Adesh Institute of Medical Sciences & Research, Bhatinda",MS - General Surgery,10
5114,Punjab,Trust,"Adesh Institute of Medical Sciences & Research, Bhatinda",MD Respiratory Medicine,3
5115,Punjab,Trust,"Adesh Institute of Medical Sciences & Research, Bhatinda",MD - Paediatrics,2
5116,Punjab,Trust,"Christian Medical College, Ludhiana",MS - Orthopaedics,4
5117,Punjab,Trust,"Christian Medical College, Ludhiana",MD - General Medicine,8
5118,Punjab,Trust,"Christian Medical College, Ludhiana",MS - Obstetrics & Gynaecology,4
5119,Punjab,Trust,"Christian Medical College, Ludhiana",MD - Anatomy,2
5120,Punjab,Trust,"Christian Medical College, Ludhiana","MD - Dermatology , Venereology & Leprosy",1
5121,Punjab,Trust,"Christian Medical College, Ludhiana",MD - Radio Diagnosis/Radiology,6
5122,Punjab,Trust,"Christian Medical College, Ludhiana",MD - Physiology,1
5123,Punjab,Trust,"Christian Medical College, Ludhiana",MD - Anaesthesiology,10
5124,Punjab,Trust,"Christian Medical College, Ludhiana",MD - Pharmacology,3
5125,Punjab,Trust,"Christian Medical College, Ludhiana","MD - Social & Preventive Medicine / Community
Medicine",4
5126,Punjab,Trust,"Christian Medical College, Ludhiana",MD - Bio-Chemistry,1
5127,Punjab,Trust,"Christian Medical College, Ludhiana",MS - General Surgery,8
5128,Punjab,Trust,"Christian Medical College, Ludhiana",MD - Microbiology,3
5129,Punjab,Trust,"Christian Medical College, Ludhiana",MD - Radiotherapy/ Radiation Oncology,3
5130,Punjab,Trust,"Christian Medical College, Ludhiana",MD - Paediatrics,9
5131,Punjab,Trust,"Christian Medical College, Ludhiana",MD - Pathology,4
5132,Punjab,Trust,"Christian Medical College, Ludhiana",MS - Ophthalmology,3
5133,Punjab,Trust,"Christian Medical College, Ludhiana",MS - ENT,2
5134,Punjab,Trust,"Dayanand Medical College & Hospital, Ludhiana",MD - Psychiatry,3
5135,Punjab,Trust,"Dayanand Medical College & Hospital, Ludhiana",MD - Anatomy,2
5136,Punjab,Trust,"Dayanand Medical College & Hospital, Ludhiana",MS - Orthopaedics,5
5137,Punjab,Trust,"Dayanand Medical College & Hospital, Ludhiana",MS - General Surgery,8
5138,Punjab,Trust,"Dayanand Medical College & Hospital, Ludhiana",MD - Microbiology,3
5139,Punjab,Trust,"Dayanand Medical College & Hospital, Ludhiana",MD - Anaesthesiology,15
5140,Punjab,Trust,"Dayanand Medical College & Hospital, Ludhiana","MD - Dermatology , Venereology & Leprosy",2
5141,Punjab,Trust,"Dayanand Medical College & Hospital, Ludhiana",MD - Pharmacology,4
5142,Punjab,Trust,"Dayanand Medical College & Hospital, Ludhiana",MS - Ophthalmology,1
5143,Punjab,Trust,"Dayanand Medical College & Hospital, Ludhiana",MD - Pathology,8
5144,Punjab,Trust,"Dayanand Medical College & Hospital, Ludhiana",MD - Radio Diagnosis/Radiology,10
5145,Punjab,Trust,"Dayanand Medical College & Hospital, Ludhiana",MS - ENT,2
5146,Punjab,Trust,"Dayanand Medical College & Hospital, Ludhiana",MD - Physiology,2
5147,Punjab,Trust,"Dayanand Medical College & Hospital, Ludhiana",MD - Bio-Chemistry,2
5148,Punjab,Trust,"Dayanand Medical College & Hospital, Ludhiana","MD - Social & Preventive Medicine / Community
Medicine",3
5149,Punjab,Trust,"Dayanand Medical College & Hospital, Ludhiana",MD - General Medicine,16
5150,Punjab,Trust,"Dayanand Medical College & Hospital, Ludhiana",MD - Paediatrics,8
5151,Punjab,Trust,"Dayanand Medical College & Hospital, Ludhiana",MD - Immuno Haematology & Blood Transfusion,3
5152,Punjab,Trust,"Dayanand Medical College & Hospital, Ludhiana",MS - Obstetrics & Gynaecology,4
5153,Punjab,Govt,"Dr. B R Ambedkar State Institute of Medical Sciences, SAS Nagar, Mohali",MD - Microbiology,4
5154,Punjab,Trust,Gian Sagar Medical College & Hospital Patiala,MS - OBG,3
5155,Punjab,Trust,Gian Sagar Medical College & Hospital Patiala,MD - Pathology,5
5156,Punjab,Govt,"Government Medical College, Amritsar","MD - Tuberculosis & Respiratory Diseases / Pulmonary
Medicine",4
5157,Punjab,Govt,"Government Medical College, Amritsar",MD - Psychiatry,3
5158,Punjab,Govt,"Government Medical College, Amritsar",MS - Ophthalmology,6
5159,Punjab,Govt,"Government Medical College, Amritsar",Diploma in Child Health,4
5160,Punjab,Govt,"Government Medical College, Amritsar",MS - Orthopaedics,10
5161,Punjab,Govt,"Government Medical College, Amritsar",MD - Radio Diagnosis/Radiology,6
5162,Punjab,Govt,"Government Medical College, Amritsar",MS - Obstetrics & Gynaecology,9
5163,Punjab,Govt,"Government Medical College, Amritsar",MS - ENT,6
5164,Punjab,Govt,"Government Medical College, Amritsar","MD - Dermatology , Venereology & Leprosy",4
5165,Punjab,Govt,"Government Medical College, Amritsar",MD - Anaesthesiology,9
5166,Punjab,Govt,"Government Medical College, Amritsar",MD - Pathology,8
5167,Punjab,Govt,"Government Medical College, Amritsar",MD - Bio-Chemistry,2
5168,Punjab,Govt,"Government Medical College, Amritsar","MD - Forensic Medicine/Forensic Medicine &
Toxicology",4
5169,Punjab,Govt,"Government Medical College, Amritsar",MD - Anatomy,8
5170,Punjab,Govt,"Government Medical College, Amritsar",MD - Pharmacology,4
5171,Punjab,Govt,"Government Medical College, Amritsar",MD - Physiology,4
5172,Punjab,Govt,"Government Medical College, Amritsar",MD - General Medicine,18
5173,Punjab,Govt,"Government Medical College, Amritsar",MD - Paediatrics,5
5174,Punjab,Govt,"Government Medical College, Amritsar",MS - General Surgery,13
5175,Punjab,Govt,"Government Medical College, Amritsar",Diploma in Anaesthesia,6
5176,Punjab,Govt,"Government Medical College, Amritsar","MD - Social & Preventive Medicine / Community
Medicine",6
5177,Punjab,Govt,"Government Medical College, Amritsar",MD - Microbiology,8
5178,Punjab,Govt,"Government Medical College, Patiala",MD - Paediatrics,7
5179,Punjab,Govt,"Government Medical College, Patiala",MS - ENT,7
5180,Punjab,Govt,"Government Medical College, Patiala",MS - Orthopaedics,9
5181,Punjab,Govt,"Government Medical College, Patiala",MD - Radio Diagnosis/Radiology,10
5182,Punjab,Govt,"Government Medical College, Patiala",MD - Anatomy,8
5183,Punjab,Govt,"Government Medical College, Patiala",MD - Anaesthesiology,8
5184,Punjab,Govt,"Government Medical College, Patiala",MS - Obstetrics & Gynaecology,12
5185,Punjab,Govt,"Government Medical College, Patiala",MD - Pharmacology,5
5186,Punjab,Govt,"Government Medical College, Patiala",MD - Microbiology,1
5187,Punjab,Govt,"Government Medical College, Patiala",MD - General Medicine,12
5188,Punjab,Govt,"Government Medical College, Patiala","MD - Forensic Medicine/Forensic Medicine &
Toxicology",3
5189,Punjab,Govt,"Government Medical College, Patiala",MD - Bio-Chemistry,4
5190,Punjab,Govt,"Government Medical College, Patiala",MD - Radiation Oncology,2
5191,Punjab,Govt,"Government Medical College, Patiala",MD - Physiology,7
5192,Punjab,Govt,"Government Medical College, Patiala","MD - Tuberculosis & Respiratory Diseases / Pulmonary
Medicine",5
5193,Punjab,Govt,"Government Medical College, Patiala",MD - Pathology,12
5194,Punjab,Govt,"Government Medical College, Patiala",MS - General Surgery,18
5195,Punjab,Govt,"Government Medical College, Patiala","MD - Dermatology , Venereology & Leprosy",5
5196,Punjab,Govt,"Government Medical College, Patiala",MS - Ophthalmology,6
5197,Punjab,Govt,"Government Medical College, Patiala",MD - Psychiatry,3
5198,Punjab,Govt,"Government Medical College, Patiala",Diploma in Anaesthesia,6
5199,Punjab,Govt,"Government Medical College, Patiala","MD - Social & Preventive Medicine / Community
Medicine",2
5200,Punjab,Govt,"Guru Govind Singh Medical College, Faridkot",MD - Radiotherapy/ Radiation Oncology,5
5201,Punjab,Govt,"Guru Govind Singh Medical College, Faridkot","MD - Social & Preventive Medicine / Community
Medicine",3
5202,Punjab,Govt,"Guru Govind Singh Medical College, Faridkot",MD - Pharmacology,3
5203,Punjab,Govt,"Guru Govind Singh Medical College, Faridkot",MS - Orthopaedics,5
5204,Punjab,Govt,"Guru Govind Singh Medical College, Faridkot",MS - General Surgery,8
5205,Punjab,Govt,"Guru Govind Singh Medical College, Faridkot",MD - Paediatrics,6
5206,Punjab,Govt,"Guru Govind Singh Medical College, Faridkot",MD - General Medicine,10
5207,Punjab,Govt,"Guru Govind Singh Medical College, Faridkot",MS - Obstetrics & Gynaecology,8
5208,Punjab,Govt,"Guru Govind Singh Medical College, Faridkot",MD - Immuno Haematology & Blood Transfusion,3
5209,Punjab,Govt,"Guru Govind Singh Medical College, Faridkot",MS - Ophthalmology,7
5210,Punjab,Govt,"Guru Govind Singh Medical College, Faridkot",MD - Anaesthesiology,13
5211,Punjab,Govt,"Guru Govind Singh Medical College, Faridkot",MD - Bio-Chemistry,3
5212,Punjab,Govt,"Guru Govind Singh Medical College, Faridkot",MD - Psychiatry,3
5213,Punjab,Govt,"Guru Govind Singh Medical College, Faridkot","MD - Dermatology , Venereology & Leprosy",3
5214,Punjab,Govt,"Guru Govind Singh Medical College, Faridkot",MD - Microbiology,4
5215,Punjab,Govt,"Guru Govind Singh Medical College, Faridkot","MD - Forensic Medicine/Forensic Medicine &
Toxicology",4
5216,Punjab,Govt,"Guru Govind Singh Medical College, Faridkot",MD - Anatomy,2
5217,Punjab,Govt,"Guru Govind Singh Medical College, Faridkot",MS - ENT,6
5218,Punjab,Govt,"Guru Govind Singh Medical College, Faridkot",MD - Physiology,3
5219,Punjab,Govt,"Guru Govind Singh Medical College, Faridkot",MD - Pathology,3
5220,Punjab,Govt,"Guru Govind Singh Medical College, Faridkot",MD - Respiratory Medicine,3
5221,Punjab,Govt,"Homi Bhabha Cancer Hospital, Sangrur, Punjab",MD - Radiation Oncology,4
5222,Punjab,Govt,"Netaji Subhas National Institute of Sports Medicine, Patiala",Diploma in  Sports Medicine,6
5223,Punjab,Trust,"Sri Guru Ram Das Institute of Medical Sciences and Research, Sri Amritsar","MD - Tuberculosis & Respiratory Diseases / Pulmonary
Medicine",3
5224,Punjab,Trust,"Sri Guru Ram Das Institute of Medical Sciences and Research, Sri Amritsar","MD - Dermatology , Venereology & Leprosy",3
5225,Punjab,Trust,"Sri Guru Ram Das Institute of Medical Sciences and Research, Sri Amritsar",MS - Orthopaedics,7
5226,Punjab,Trust,"Sri Guru Ram Das Institute of Medical Sciences and Research, Sri Amritsar",MS - ENT,3
5227,Punjab,Trust,"Sri Guru Ram Das Institute of Medical Sciences and Research, Sri Amritsar",MS - Obstetrics & Gynaecology,4
5228,Punjab,Trust,"Sri Guru Ram Das Institute of Medical Sciences and Research, Sri Amritsar",MD - Bio-Chemistry,3
5229,Punjab,Trust,"Sri Guru Ram Das Institute of Medical Sciences and Research, Sri Amritsar",MD - Paediatrics,6
5230,Punjab,Trust,"Sri Guru Ram Das Institute of Medical Sciences and Research, Sri Amritsar",MD - Anaesthesiology,12
5231,Punjab,Trust,"Sri Guru Ram Das Institute of Medical Sciences and Research, Sri Amritsar",MD - Pathology,12
5232,Punjab,Trust,"Sri Guru Ram Das Institute of Medical Sciences and Research, Sri Amritsar",MD - Radio Diagnosis/Radiology,10
5233,Punjab,Trust,"Sri Guru Ram Das Institute of Medical Sciences and Research, Sri Amritsar",MD - General Medicine,16
5234,Punjab,Trust,"Sri Guru Ram Das Institute of Medical Sciences and Research, Sri Amritsar",MS - Ophthalmology,3
5235,Punjab,Trust,"Sri Guru Ram Das Institute of Medical Sciences and Research, Sri Amritsar",MD - Physiology,3
5236,Punjab,Trust,"Sri Guru Ram Das Institute of Medical Sciences and Research, Sri Amritsar",MD - Anatomy,2
5237,Punjab,Trust,"Sri Guru Ram Das Institute of Medical Sciences and Research, Sri Amritsar",MS - General Surgery,18
5238,Punjab,Trust,"Sri Guru Ram Das Institute of Medical Sciences and Research, Sri Amritsar",MD - Pharmacology,4
5239,Punjab,Trust,"Sri Guru Ram Das Institute of Medical Sciences and Research, Sri Amritsar","MD - Social & Preventive Medicine / Community
Medicine",3
5240,Punjab,Trust,"Sri Guru Ram Das Institute of Medical Sciences and Research, Sri Amritsar",MD - Microbiology,3
5241,Rajasthan,Pvt,"American International Institute of Medical Sciences, Bedwas",MD - Psychiatry,4
5242,Rajasthan,Pvt,"American International Institute of Medical Sciences, Bedwas",MD - General Medicine,5
5243,Rajasthan,Pvt,"American International Institute of Medical Sciences, Bedwas",MS - General Surgery,6
5244,Rajasthan,Pvt,"American International Institute of Medical Sciences, Bedwas",MD - Community Medicine,3
5245,Rajasthan,Pvt,"American International Institute of Medical Sciences, Bedwas",MD - Radio Diagnosis/Radiology,2
5246,Rajasthan,Pvt,"American International Institute of Medical Sciences, Bedwas",MS - Ophthalmology,2
5247,Rajasthan,Pvt,"American International Institute of Medical Sciences, Bedwas",MD - Paediatrics,4
5248,Rajasthan,Pvt,"American International Institute of Medical Sciences, Bedwas",MD - Anaesthesiology,3
5249,Rajasthan,Pvt,"American International Institute of Medical Sciences, Bedwas",MS - Obstetrics & Gynaecology,3
5250,Rajasthan,Pvt,"American International Institute of Medical Sciences, Bedwas",MD - Pathology,4
5251,Rajasthan,Pvt,"American International Institute of Medical Sciences, Bedwas",MS - Otorhinolaryngology,1
5252,Rajasthan,Pvt,"American International Institute of Medical Sciences, Bedwas",MS - Orthopaedics,2
5253,Rajasthan,Society,"Ananta Institute of Medical Sciences & Research Centre, Rajsamand",MD - Paediatrics,10
5254,Rajasthan,Society,"Ananta Institute of Medical Sciences & Research Centre, Rajsamand",MS - General Surgery,15
5255,Rajasthan,Society,"Ananta Institute of Medical Sciences & Research Centre, Rajsamand",MD - Pathology,3
5256,Rajasthan,Society,"Ananta Institute of Medical Sciences & Research Centre, Rajsamand",MS - Obstetrics and Gynaecology,9
5257,Rajasthan,Society,"Ananta Institute of Medical Sciences & Research Centre, Rajsamand",MD - Respiratory Medicine,3
5258,Rajasthan,Society,"Ananta Institute of Medical Sciences & Research Centre, Rajsamand",MS - Orthopaedics,8
5259,Rajasthan,Society,"Ananta Institute of Medical Sciences & Research Centre, Rajsamand",MD - Community Medicine,3
5260,Rajasthan,Society,"Ananta Institute of Medical Sciences & Research Centre, Rajsamand",MS - Ophthalmology,3
5261,Rajasthan,Society,"Ananta Institute of Medical Sciences & Research Centre, Rajsamand",MD - Psychiatry,2
5262,Rajasthan,Society,"Ananta Institute of Medical Sciences & Research Centre, Rajsamand","MD - Dermatology , Venereology & Leprosy",3
5263,Rajasthan,Society,"Ananta Institute of Medical Sciences & Research Centre, Rajsamand",MD - General Medicine,15
5264,Rajasthan,Society,"Ananta Institute of Medical Sciences & Research Centre, Rajsamand",MD - Radio Diagnosis,6
5265,Rajasthan,Society,"Ananta Institute of Medical Sciences & Research Centre, Rajsamand",MD - Forensic Medicine,3
5266,Rajasthan,Society,"Ananta Institute of Medical Sciences & Research Centre, Rajsamand",MD - Anaesthesiology,17
5267,Rajasthan,Society,"Ananta Institute of Medical Sciences & Research Centre, Rajsamand",MS - Otorhinolaryngology,2
5268,Rajasthan,Pvt,Dr S S Tantia Medical College Hospital & Research Centre,MD - Anatomy,4
5269,Rajasthan,Pvt,Dr S S Tantia Medical College Hospital & Research Centre,MD - Physiology,4
5270,Rajasthan,Pvt,Dr S S Tantia Medical College Hospital & Research Centre,MD - Pharmacology,4
5271,Rajasthan,Pvt,Dr S S Tantia Medical College Hospital & Research Centre,MD - Microbiology,6
5272,Rajasthan,Pvt,Dr S S Tantia Medical College Hospital & Research Centre,MD - Pathology,8
5273,Rajasthan,Pvt,Dr S S Tantia Medical College Hospital & Research Centre,MD - Community Medicine,4
5274,Rajasthan,Pvt,Dr S S Tantia Medical College Hospital & Research Centre,MD - Forensic Medicine,3
5275,Rajasthan,Govt,"Dr. S.N. Medical College, Jodhpur",MD-Anesthesiology,29
5276,Rajasthan,Govt,"Dr. S.N. Medical College, Jodhpur",MD- Anatomy,1
5277,Rajasthan,Govt,"Dr. S.N. Medical College, Jodhpur",MD- Biochemistry,3
5278,Rajasthan,Govt,"Dr. S.N. Medical College, Jodhpur",MS- ENT,4
5279,Rajasthan,Govt,"Dr. S.N. Medical College, Jodhpur",MD- Forensic Medicine,3
5280,Rajasthan,Govt,"Dr. S.N. Medical College, Jodhpur",MD-General Medicine,20
5281,Rajasthan,Govt,"Dr. S.N. Medical College, Jodhpur",MS-General Surgery,11
5282,Rajasthan,Govt,"Dr. S.N. Medical College, Jodhpur",MD-Geriatric,2
5283,Rajasthan,Govt,"Dr. S.N. Medical College, Jodhpur",MD-IHTM/ITBT,5
5284,Rajasthan,Govt,"Dr. S.N. Medical College, Jodhpur",MD-Microbiology,6
5285,Rajasthan,Govt,"Dr. S.N. Medical College, Jodhpur",MS-OBG,21
5286,Rajasthan,Govt,"Dr. S.N. Medical College, Jodhpur",MS-Opthalmology,6
5287,Rajasthan,Govt,"Dr. S.N. Medical College, Jodhpur",MS- Orthopaedics,11
5288,Rajasthan,Govt,"Dr. S.N. Medical College, Jodhpur",MD-Paediatrics,22
5289,Rajasthan,Govt,"Dr. S.N. Medical College, Jodhpur",MD-Pathology,7
5290,Rajasthan,Govt,"Dr. S.N. Medical College, Jodhpur",MD-Pharmacology,3
5291,Rajasthan,Govt,"Dr. S.N. Medical College, Jodhpur",MD-Physiology,6
5292,Rajasthan,Govt,"Dr. S.N. Medical College, Jodhpur",MD-Psychiatry,4
5293,Rajasthan,Govt,"Dr. S.N. Medical College, Jodhpur",MD-Radio- Diagnosis,5
5294,Rajasthan,Govt,"Dr. S.N. Medical College, Jodhpur",MD-Radiotherapy,1
5295,Rajasthan,Govt,"Dr. S.N. Medical College, Jodhpur",MD-Skin & V.D,5
5296,Rajasthan,Govt,"Dr. S.N. Medical College, Jodhpur",MD-  Community Medicine,2
5297,Rajasthan,Trust,"Geetanjali Medical College & Hospital,Udaipur",MD - Anatomy,3
5298,Rajasthan,Trust,"Geetanjali Medical College & Hospital,Udaipur",MD - Physiology,3
5299,Rajasthan,Trust,"Geetanjali Medical College & Hospital,Udaipur",MD - Bio-Chemistry,2
5300,Rajasthan,Trust,"Geetanjali Medical College & Hospital,Udaipur",MD - Pathology,5
5301,Rajasthan,Trust,"Geetanjali Medical College & Hospital,Udaipur",MD - Microbiology,3
5302,Rajasthan,Trust,"Geetanjali Medical College & Hospital,Udaipur",MD - Pharmacology,2
5303,Rajasthan,Trust,"Geetanjali Medical College & Hospital,Udaipur","MD - Forensic Medicine/Forensic Medicine &
Toxicology",2
5304,Rajasthan,Trust,"Geetanjali Medical College & Hospital,Udaipur","MD - Social & Preventive Medicine / Community
Medicine",3
5305,Rajasthan,Trust,"Geetanjali Medical College & Hospital,Udaipur",MD - Radio Diagnosis/Radiology,15
5306,Rajasthan,Trust,"Geetanjali Medical College & Hospital,Udaipur","MD - Tuberculosis & Respiratory Diseases / Pulmonary
Medicine",6
5307,Rajasthan,Trust,"Geetanjali Medical College & Hospital,Udaipur",MS - ENT,4
5308,Rajasthan,Trust,"Geetanjali Medical College & Hospital,Udaipur",MD - Paediatrics,12
5309,Rajasthan,Trust,"Geetanjali Medical College & Hospital,Udaipur",MS - Orthopaedics,12
5310,Rajasthan,Trust,"Geetanjali Medical College & Hospital,Udaipur",MD - General Medicine,16
5311,Rajasthan,Trust,"Geetanjali Medical College & Hospital,Udaipur","MD - Dermatology , Venereology & Leprosy",8
5312,Rajasthan,Trust,"Geetanjali Medical College & Hospital,Udaipur",MS - Obstetrics & Gynaecology,9
5313,Rajasthan,Trust,"Geetanjali Medical College & Hospital,Udaipur",MD - Psychiatry,5
5314,Rajasthan,Trust,"Geetanjali Medical College & Hospital,Udaipur",MD - Anaesthesiology,15
5315,Rajasthan,Trust,"Geetanjali Medical College & Hospital,Udaipur",MS - Ophthalmology,6
5316,Rajasthan,Trust,"Geetanjali Medical College & Hospital,Udaipur",MS - General Surgery,15
5317,Rajasthan,Trust,"Geetanjali Medical College & Hospital,Udaipur",MD - Radiotherapy/ Radiation Oncology,3
5318,Rajasthan,Trust,"Geetanjali Medical College & Hospital,Udaipur",MD - Emergency Medicine,3
5319,Rajasthan,Govt,Government Medical College Bharatpur Rajasthan,MD - General Medicine,10
5320,Rajasthan,Govt,Government Medical College Bharatpur Rajasthan,MD - Anatomy,2
5321,Rajasthan,Govt,Government Medical College Bharatpur Rajasthan,MD - Microbiology,3
5322,Rajasthan,Govt,Government Medical College Bharatpur Rajasthan,MD - Pathology,3
5323,Rajasthan,Govt,Government Medical College Bharatpur Rajasthan,MD - Community Medicine,6
5324,Rajasthan,Govt,"Government Medical College, Bhilwara, Rajasthan",MD - Microbiology,4
5325,Rajasthan,Govt,"Government Medical College, Bhilwara, Rajasthan",MD - Pathology,4
5326,Rajasthan,Govt,"Government Medical College, Bhilwara, Rajasthan",MD - Anaesthesiology,4
5327,Rajasthan,Govt,"Government Medical College, Bhilwara, Rajasthan",MD - Biochemistry,5
5328,Rajasthan,Govt,"Government Medical College, Bhilwara, Rajasthan",MS - General Surgery,5
5329,Rajasthan,Govt,"Government Medical College, Churu",MD - Community Medicine,3
5330,Rajasthan,Govt,"Government Medical College, Churu",MD - Pathology,4
5331,Rajasthan,Govt,"Government Medical College, Dungarpur",MD - Pharmacology,2
5332,Rajasthan,Govt,"Government Medical College, Dungarpur",MD - Community Medicine,2
5333,Rajasthan,Govt,"Government Medical College, Kota",MD - Anaesthesiology,22
5334,Rajasthan,Govt,"Government Medical College, Kota",MD - Bio-Chemistry,7
5335,Rajasthan,Govt,"Government Medical College, Kota",MD - Community Medicine,5
5336,Rajasthan,Govt,"Government Medical College, Kota","MD - Dermatology , Venereology & Leprosy",5
5337,Rajasthan,Govt,"Government Medical College, Kota",MD - Forensic Medicine,4
5338,Rajasthan,Govt,"Government Medical College, Kota",MD - General Medicine,24
5339,Rajasthan,Govt,"Government Medical College, Kota",MD - Immuno Haematology & Blood Transfusion,3
5340,Rajasthan,Govt,"Government Medical College, Kota",MD - Microbiology,7
5341,Rajasthan,Govt,"Government Medical College, Kota",MD - Paediatrics,15
5342,Rajasthan,Govt,"Government Medical College, Kota",MD - Pathology,10
5343,Rajasthan,Govt,"Government Medical College, Kota",MD - Physiology,2
5344,Rajasthan,Govt,"Government Medical College, Kota",MD - Psychiatry,5
5345,Rajasthan,Govt,"Government Medical College, Kota",MD - Radiation Oncology,3
5346,Rajasthan,Govt,"Government Medical College, Kota",MD - Radio Diagnosis/Radiology,6
5347,Rajasthan,Govt,"Government Medical College, Kota","MD - Tuberculosis & Respiratory Diseases / Pulmonary
Medicine",6
5348,Rajasthan,Govt,"Government Medical College, Kota",MD - Anatomy,7
5349,Rajasthan,Govt,"Government Medical College, Kota",MS - Ophthalmology,5
5350,Rajasthan,Govt,"Government Medical College, Kota",MS - ENT,5
5351,Rajasthan,Govt,"Government Medical College, Kota",MS - General Surgery,16
5352,Rajasthan,Govt,"Government Medical College, Kota",MS - Obstetrics & Gynaecology,20
5353,Rajasthan,Govt,"Government Medical College, Kota",MS - Orthopaedics,12
5354,Rajasthan,Govt,"Government Medical College, Pali, Rajasthan",MD - Pathology,4
5355,Rajasthan,Govt,"Government Medical College, Pali, Rajasthan",MD-Anaesthesiology,4
5356,Rajasthan,Govt,"Government Medical College, Pali, Rajasthan",MD-Microbiology,3
5357,Rajasthan,Govt,"Government Medical College, Pali, Rajasthan",MS-OBG,5
5358,Rajasthan,Govt,"Government Medical College, Pali, Rajasthan",MS-Ophthalmology,3
5359,Rajasthan,Govt,"Government Medical College, Pali, Rajasthan",MS-general surgery,10
5360,Rajasthan,Govt,"Government Medical College, Pali, Rajasthan",MD - Physiology,4
5361,Rajasthan,Govt,"Government Medical College, Pali, Rajasthan",MD - Anatomy,4
5362,Rajasthan,Pvt,"Jaipur National University Institute of Medical Sciences and Resarch Centre,
Jagatpura, Jaipur",MD - Anaesthesiology,6
5363,Rajasthan,Pvt,"Jaipur National University Institute of Medical Sciences and Resarch Centre,
Jagatpura, Jaipur",MD - Bio-Chemistry,3
5364,Rajasthan,Pvt,"Jaipur National University Institute of Medical Sciences and Resarch Centre,
Jagatpura, Jaipur","MD - Dermatology , Venereology & Leprosy",3
5365,Rajasthan,Pvt,"Jaipur National University Institute of Medical Sciences and Resarch Centre,
Jagatpura, Jaipur",MD - Emergency Medicine,3
5366,Rajasthan,Pvt,"Jaipur National University Institute of Medical Sciences and Resarch Centre,
Jagatpura, Jaipur","MD - Forensic Medicine/Forensic Medicine &
Toxicology",2
5367,Rajasthan,Pvt,"Jaipur National University Institute of Medical Sciences and Resarch Centre,
Jagatpura, Jaipur",MD - General Medicine,6
5368,Rajasthan,Pvt,"Jaipur National University Institute of Medical Sciences and Resarch Centre,
Jagatpura, Jaipur",MD - Microbiology,3
5369,Rajasthan,Pvt,"Jaipur National University Institute of Medical Sciences and Resarch Centre,
Jagatpura, Jaipur",MD - Paediatrics,6
5370,Rajasthan,Pvt,"Jaipur National University Institute of Medical Sciences and Resarch Centre,
Jagatpura, Jaipur",MD - Pathology,7
5371,Rajasthan,Pvt,"Jaipur National University Institute of Medical Sciences and Resarch Centre,
Jagatpura, Jaipur",MD - Pharmacology,3
5372,Rajasthan,Pvt,"Jaipur National University Institute of Medical Sciences and Resarch Centre,
Jagatpura, Jaipur",MD - Physiology,3
5373,Rajasthan,Pvt,"Jaipur National University Institute of Medical Sciences and Resarch Centre,
Jagatpura, Jaipur",MD - Psychiatry,3
5374,Rajasthan,Pvt,"Jaipur National University Institute of Medical Sciences and Resarch Centre,
Jagatpura, Jaipur",MD - Radio Diagnosis,6
5375,Rajasthan,Pvt,"Jaipur National University Institute of Medical Sciences and Resarch Centre,
Jagatpura, Jaipur",MD - Respiratory Medicine,3
5376,Rajasthan,Pvt,"Jaipur National University Institute of Medical Sciences and Resarch Centre,
Jagatpura, Jaipur","MD - Social & Preventive Medicine / Community
Medicine",4
5377,Rajasthan,Pvt,"Jaipur National University Institute of Medical Sciences and Resarch Centre,
Jagatpura, Jaipur",MD - Anatomy,3
5378,Rajasthan,Pvt,"Jaipur National University Institute of Medical Sciences and Resarch Centre,
Jagatpura, Jaipur",MS - General Surgery,6
5379,Rajasthan,Pvt,"Jaipur National University Institute of Medical Sciences and Resarch Centre,
Jagatpura, Jaipur",MS - Obstetrics and Gynaecology,6
5380,Rajasthan,Pvt,"Jaipur National University Institute of Medical Sciences and Resarch Centre,
Jagatpura, Jaipur",MS - Ophthalmology,3
5381,Rajasthan,Pvt,"Jaipur National University Institute of Medical Sciences and Resarch Centre,
Jagatpura, Jaipur",MS - Orthopaedics,6
5382,Rajasthan,Pvt,"Jaipur National University Institute of Medical Sciences and Resarch Centre,
Jagatpura, Jaipur",MS - Otorhinolaryngology,2
5383,Rajasthan,Govt,"Jawahar Lal Nehru Medical College, Ajmer",MS- General Surgery,24
5384,Rajasthan,Govt,"Jawahar Lal Nehru Medical College, Ajmer",MD - Pediatrics,18
5385,Rajasthan,Govt,"Jawahar Lal Nehru Medical College, Ajmer",MS - Orthopaedics,11
5386,Rajasthan,Govt,"Jawahar Lal Nehru Medical College, Ajmer",MS - ENT,5
5387,Rajasthan,Govt,"Jawahar Lal Nehru Medical College, Ajmer",MS - Opthalmology,10
5388,Rajasthan,Govt,"Jawahar Lal Nehru Medical College, Ajmer",MS - OBG,21
5389,Rajasthan,Govt,"Jawahar Lal Nehru Medical College, Ajmer",MD - Anaesthesiology,21
5390,Rajasthan,Govt,"Jawahar Lal Nehru Medical College, Ajmer",MD - Anatomy,9
5391,Rajasthan,Govt,"Jawahar Lal Nehru Medical College, Ajmer",MD - Bio-Chemistry,7
5392,Rajasthan,Govt,"Jawahar Lal Nehru Medical College, Ajmer",MD - Community Medicine,7
5393,Rajasthan,Govt,"Jawahar Lal Nehru Medical College, Ajmer","MD - Dermatology , Venereology & Leprosy",5
5394,Rajasthan,Govt,"Jawahar Lal Nehru Medical College, Ajmer",MD - Emergency Medicine,5
5395,Rajasthan,Govt,"Jawahar Lal Nehru Medical College, Ajmer","MD - Forensic Medicine/Forensic Medicine &
Toxicology",7
5396,Rajasthan,Govt,"Jawahar Lal Nehru Medical College, Ajmer",MD - Immunohematology & Blood Transfusion,5
5397,Rajasthan,Govt,"Jawahar Lal Nehru Medical College, Ajmer",MD - General Medicine,23
5398,Rajasthan,Govt,"Jawahar Lal Nehru Medical College, Ajmer",MD - Microbiology,7
5399,Rajasthan,Govt,"Jawahar Lal Nehru Medical College, Ajmer",MD - Radiation Oncology,5
5400,Rajasthan,Govt,"Jawahar Lal Nehru Medical College, Ajmer",MD - Palliative Medicine,5
5401,Rajasthan,Govt,"Jawahar Lal Nehru Medical College, Ajmer",MD - Pathology,18
5402,Rajasthan,Govt,"Jawahar Lal Nehru Medical College, Ajmer",MD - Pharmacology,7
5403,Rajasthan,Govt,"Jawahar Lal Nehru Medical College, Ajmer",MD - Physiology,9
5404,Rajasthan,Govt,"Jawahar Lal Nehru Medical College, Ajmer",MD - Psychiatry,5
5405,Rajasthan,Govt,"Jawahar Lal Nehru Medical College, Ajmer",MD - Radio Diagnosis,9
5406,Rajasthan,Govt,"Jawahar Lal Nehru Medical College, Ajmer",MD - Respiratory Medicine,7
5407,Rajasthan,Govt,"Jhalawar Medical College, Jhalawar",MS - ENT,3
5408,Rajasthan,Govt,"Jhalawar Medical College, Jhalawar",MD - General Medicine,16
5409,Rajasthan,Govt,"Jhalawar Medical College, Jhalawar",MD - Physiology,5
5410,Rajasthan,Govt,"Jhalawar Medical College, Jhalawar",MD - Bio-Chemistry,3
5411,Rajasthan,Govt,"Jhalawar Medical College, Jhalawar",MD - Pathology,11
5412,Rajasthan,Govt,"Jhalawar Medical College, Jhalawar",MD - Paediatrics,8
5413,Rajasthan,Govt,"Jhalawar Medical College, Jhalawar",MD - Anatomy,5
5414,Rajasthan,Govt,"Jhalawar Medical College, Jhalawar","MD - Social & Preventive Medicine / Community
Medicine",5
5415,Rajasthan,Govt,"Jhalawar Medical College, Jhalawar",MS - Orthopaedics,10
5416,Rajasthan,Govt,"Jhalawar Medical College, Jhalawar","MD - Forensic Medicine/Forensic Medicine &
Toxicology",4
5417,Rajasthan,Govt,"Jhalawar Medical College, Jhalawar",MS - Obstetrics & Gynaecology,10
5418,Rajasthan,Govt,"Jhalawar Medical College, Jhalawar",MD - Anaesthesiology,15
5419,Rajasthan,Govt,"Jhalawar Medical College, Jhalawar",MD - Microbiology,3
5420,Rajasthan,Govt,"Jhalawar Medical College, Jhalawar",MS - General Surgery,8
5421,Rajasthan,Trust,"Mahatma Gandhi Medical College and Hospital, Sitapur, Jaipur",MD - Anesthesiology,32
5422,Rajasthan,Trust,"Mahatma Gandhi Medical College and Hospital, Sitapur, Jaipur",MD - Anatomy,4
5423,Rajasthan,Trust,"Mahatma Gandhi Medical College and Hospital, Sitapur, Jaipur",MD - Community Medicine,3
5424,Rajasthan,Trust,"Mahatma Gandhi Medical College and Hospital, Sitapur, Jaipur",MS - Otorhinolaryngology,4
5425,Rajasthan,Trust,"Mahatma Gandhi Medical College and Hospital, Sitapur, Jaipur",MD - General Medicine,23
5426,Rajasthan,Trust,"Mahatma Gandhi Medical College and Hospital, Sitapur, Jaipur",MD - Microbiology,2
5427,Rajasthan,Trust,"Mahatma Gandhi Medical College and Hospital, Sitapur, Jaipur",MS - Orthopaedics,12
5428,Rajasthan,Trust,"Mahatma Gandhi Medical College and Hospital, Sitapur, Jaipur",MS - General Surgery,24
5429,Rajasthan,Trust,"Mahatma Gandhi Medical College and Hospital, Sitapur, Jaipur",MS - Ophthalmology,5
5430,Rajasthan,Trust,"Mahatma Gandhi Medical College and Hospital, Sitapur, Jaipur",MD - Radiodiagnosis,15
5431,Rajasthan,Trust,"Mahatma Gandhi Medical College and Hospital, Sitapur, Jaipur",MS - Obstetrics & Gynaecology,9
5432,Rajasthan,Trust,"Mahatma Gandhi Medical College and Hospital, Sitapur, Jaipur",MD - Respiratory Medicine,5
5433,Rajasthan,Trust,"Mahatma Gandhi Medical College and Hospital, Sitapur, Jaipur",MD - Pediatrics,9
5434,Rajasthan,Trust,"Mahatma Gandhi Medical College and Hospital, Sitapur, Jaipur",MD - Pathology,15
5435,Rajasthan,Trust,"Mahatma Gandhi Medical College and Hospital, Sitapur, Jaipur",MD - Bio-Chemistry,1
5436,Rajasthan,Trust,"Mahatma Gandhi Medical College and Hospital, Sitapur, Jaipur",MD - Pharmacology,4
5437,Rajasthan,Trust,"Mahatma Gandhi Medical College and Hospital, Sitapur, Jaipur","MD - Dermatology , Venereology & Leprosy",5
5438,Rajasthan,Trust,"Mahatma Gandhi Medical College and Hospital, Sitapur, Jaipur",MD - Psychiatry,4
5439,Rajasthan,Trust,"Mahatma Gandhi Medical College and Hospital, Sitapur, Jaipur",MD - Physiology,3
5440,Rajasthan,Trust,"Mahatma Gandhi Medical College and Hospital, Sitapur, Jaipur",MD - Radiation Oncology,2
5441,Rajasthan,Trust,"Mahatma Gandhi Medical College and Hospital, Sitapur, Jaipur","MD - Forensic Medicine/Forensic Medicine &
Toxicology",2
5442,Rajasthan,Trust,"Mahatma Gandhi Medical College and Hospital, Sitapur, Jaipur",MD - Emergency Medicine,2
5443,Rajasthan,Trust,"Mahatma Gandhi Medical College and Hospital, Sitapur, Jaipur",MD - Hospital Administration,2
5444,Rajasthan,Trust,"Mahatma Gandhi Medical College and Hospital, Sitapur, Jaipur",MD - Nuclear Medicine,2
5445,Rajasthan,Trust,"Mahatma Gandhi Medical College and Hospital, Sitapur, Jaipur",MD - Palliative Medicine,3
5446,Rajasthan,Trust,"Mahatma Gandhi Medical College and Hospital, Sitapur, Jaipur",MD - Family Medicine,1
5447,Rajasthan,Trust,"Mahatma Gandhi Medical College and Hospital, Sitapur, Jaipur",MS - Traumatology & Surgery,1
5448,Rajasthan,Trust,"Mahatma Gandhi Medical College and Hospital, Sitapur, Jaipur",MD - Immunohematology & Blood Transfusion,2
5449,Rajasthan,Trust,"Mahatma Gandhi Medical College and Hospital, Sitapur, Jaipur",MD - PMR,2
5450,Rajasthan,Trust,"Mahatma Gandhi Medical College and Hospital, Sitapur, Jaipur",MD - Laboratory Medicine,3
5451,Rajasthan,Trust,"Mahatma Gandhi Medical College and Hospital, Sitapur, Jaipur",MD- Radio-therapy,2
5452,Rajasthan,Trust,"National Institute of Medical Science & Research, Jaipur","MD - Forensic Medicine/Forensic Medicine &
Toxicology",1
5453,Rajasthan,Trust,"National Institute of Medical Science & Research, Jaipur",MD - Radio Diagnosis/Radiology,24
5454,Rajasthan,Trust,"National Institute of Medical Science & Research, Jaipur",MS - Orthopaedics,18
5455,Rajasthan,Trust,"National Institute of Medical Science & Research, Jaipur",MD - Pathology,2
5456,Rajasthan,Trust,"National Institute of Medical Science & Research, Jaipur",MD - Anaesthesiology,20
5457,Rajasthan,Trust,"National Institute of Medical Science & Research, Jaipur",MD- Radiation Oncology,3
5458,Rajasthan,Trust,"National Institute of Medical Science & Research, Jaipur",MD - Physiology,2
5459,Rajasthan,Trust,"National Institute of Medical Science & Research, Jaipur","MD - Social & Preventive Medicine / Community
Medicine",2
5460,Rajasthan,Trust,"National Institute of Medical Science & Research, Jaipur",MD - Pharmacology,2
5461,Rajasthan,Trust,"National Institute of Medical Science & Research, Jaipur",MD - Anatomy,2
5462,Rajasthan,Trust,"National Institute of Medical Science & Research, Jaipur",MS - General Surgery,24
5463,Rajasthan,Trust,"National Institute of Medical Science & Research, Jaipur","MD - Dermatology , Venereology & Leprosy",10
5464,Rajasthan,Trust,"National Institute of Medical Science & Research, Jaipur",MD - Paediatrics,18
5465,Rajasthan,Trust,"National Institute of Medical Science & Research, Jaipur",MS - Ophthalmology,8
5466,Rajasthan,Trust,"National Institute of Medical Science & Research, Jaipur",MS - Obstetrics & Gynaecology,15
5467,Rajasthan,Trust,"National Institute of Medical Science & Research, Jaipur",MD - Immuno Haematology & Blood Transfusion,2
5468,Rajasthan,Trust,"National Institute of Medical Science & Research, Jaipur",MD - Microbiology,2
5469,Rajasthan,Trust,"National Institute of Medical Science & Research, Jaipur",MD - Psychiatry,8
5470,Rajasthan,Trust,"National Institute of Medical Science & Research, Jaipur",MD - General Medicine,24
5471,Rajasthan,Trust,"National Institute of Medical Science & Research, Jaipur",MS - ENT,8
5472,Rajasthan,Trust,"National Institute of Medical Science & Research, Jaipur",MD - Emergency Medicine,5
5473,Rajasthan,Trust,"National Institute of Medical Science & Research, Jaipur","MD - Tuberculosis & Respiratory Diseases / Pulmonary
Medicine",5
5474,Rajasthan,Trust,"National Institute of Medical Science & Research, Jaipur",MD - Bio-Chemistry,1
5475,Rajasthan,Society,"Pacific Institute of Medical Sciences, Umarda, Udaipur",MD - Pathology,4
5476,Rajasthan,Society,"Pacific Institute of Medical Sciences, Umarda, Udaipur",MD - General Medicine,23
5477,Rajasthan,Society,"Pacific Institute of Medical Sciences, Umarda, Udaipur",MD - Pediatrics,13
5478,Rajasthan,Society,"Pacific Institute of Medical Sciences, Umarda, Udaipur",MD - Respiratory Medicine,11
5479,Rajasthan,Society,"Pacific Institute of Medical Sciences, Umarda, Udaipur","MD - Dermatology , Venereology & Leprosy",10
5480,Rajasthan,Society,"Pacific Institute of Medical Sciences, Umarda, Udaipur",MD - Psychiatry,3
5481,Rajasthan,Society,"Pacific Institute of Medical Sciences, Umarda, Udaipur",MS - General Surgery,20
5482,Rajasthan,Society,"Pacific Institute of Medical Sciences, Umarda, Udaipur",MS - Orthopaedics,13
5483,Rajasthan,Society,"Pacific Institute of Medical Sciences, Umarda, Udaipur",MS - Otorhinolaryngology,7
5484,Rajasthan,Society,"Pacific Institute of Medical Sciences, Umarda, Udaipur",MS - Ophthalmology,12
5485,Rajasthan,Society,"Pacific Institute of Medical Sciences, Umarda, Udaipur",MS - Obstetrics & Gynaecology,6
5486,Rajasthan,Society,"Pacific Institute of Medical Sciences, Umarda, Udaipur",MD - Anesthesiology,19
5487,Rajasthan,Society,"Pacific Institute of Medical Sciences, Umarda, Udaipur",MD - Radio diagnosis,17
5488,Rajasthan,Trust,Pacific Medical College & Hostptal Bilo Ka Bedla Udaipur,MD-Anaeshtesiology,20
5489,Rajasthan,Trust,Pacific Medical College & Hostptal Bilo Ka Bedla Udaipur,"MD- Dermatology, Venerology & Leprosy",10
5490,Rajasthan,Trust,Pacific Medical College & Hostptal Bilo Ka Bedla Udaipur,MD-General Medicine,29
5491,Rajasthan,Trust,Pacific Medical College & Hostptal Bilo Ka Bedla Udaipur,MD-Radio-Diagnosis,14
5492,Rajasthan,Trust,Pacific Medical College & Hostptal Bilo Ka Bedla Udaipur,MD-Pediatriscs,15
5493,Rajasthan,Trust,Pacific Medical College & Hostptal Bilo Ka Bedla Udaipur,MD-Psychiatry,4
5494,Rajasthan,Trust,Pacific Medical College & Hostptal Bilo Ka Bedla Udaipur,MS- Geveral Surgery,25
5495,Rajasthan,Trust,Pacific Medical College & Hostptal Bilo Ka Bedla Udaipur,MS-Orthopedics,10
5496,Rajasthan,Trust,Pacific Medical College & Hostptal Bilo Ka Bedla Udaipur,MS- Obstetrics & Gyanecology,10
5497,Rajasthan,Trust,Pacific Medical College & Hostptal Bilo Ka Bedla Udaipur,MS-Ophthalmology,5
5498,Rajasthan,Trust,Pacific Medical College & Hostptal Bilo Ka Bedla Udaipur,MD-Respiratory Medicine,4
5499,Rajasthan,Trust,Pacific Medical College & Hostptal Bilo Ka Bedla Udaipur,MS-Otorhinolarnygology,4
5500,Rajasthan,Govt,"R N T Medical College,  Udaipur",MD - Radio Diagnosis/Radiology,6
5501,Rajasthan,Govt,"R N T Medical College,  Udaipur",MS - Orthopaedics,8
5502,Rajasthan,Govt,"R N T Medical College,  Udaipur",MS - Ophthalmology,5
5503,Rajasthan,Govt,"R N T Medical College,  Udaipur",MS - ENT,4
5504,Rajasthan,Govt,"R N T Medical College,  Udaipur",MD - General Medicine,25
5505,Rajasthan,Govt,"R N T Medical College,  Udaipur","MD - Forensic Medicine/Forensic Medicine &
Toxicology",5
5506,Rajasthan,Govt,"R N T Medical College,  Udaipur","MD - Social & Preventive Medicine / Community
Medicine",7
5507,Rajasthan,Govt,"R N T Medical College,  Udaipur",MD - Transfusion Medicine,2
5508,Rajasthan,Govt,"R N T Medical College,  Udaipur",MS - Obstetrics & Gynaecology,28
5509,Rajasthan,Govt,"R N T Medical College,  Udaipur",MD - Pharmacology,10
5510,Rajasthan,Govt,"R N T Medical College,  Udaipur",MD - Radiotherapy/ Radiation Oncology,5
5511,Rajasthan,Govt,"R N T Medical College,  Udaipur","MD - Dermatology , Venereology & Leprosy",7
5512,Rajasthan,Govt,"R N T Medical College,  Udaipur",MD - Physiology,4
5513,Rajasthan,Govt,"R N T Medical College,  Udaipur",MS - General Surgery,17
5514,Rajasthan,Govt,"R N T Medical College,  Udaipur",MD - Psychiatry,4
5515,Rajasthan,Govt,"R N T Medical College,  Udaipur",MD - Anatomy,9
5516,Rajasthan,Govt,"R N T Medical College,  Udaipur",MD - Anaesthesiology,18
5517,Rajasthan,Govt,"R N T Medical College,  Udaipur",MD - Microbiology,3
5518,Rajasthan,Govt,"R N T Medical College,  Udaipur",MD - Paediatrics,17
5519,Rajasthan,Govt,"R N T Medical College,  Udaipur",MD - Pathology,20
5520,Rajasthan,Govt,"R N T Medical College,  Udaipur",MD - Bio-Chemistry,7
5521,Rajasthan,Govt,"R N T Medical College,  Udaipur","MD - Tuberculosis & Respiratory Diseases / Pulmonary
Medicine",9
5522,Rajasthan,Govt,"RUHS College of Medical Sciences, Jaipur",MD - Anatomy,3
5523,Rajasthan,Govt,"RUHS College of Medical Sciences, Jaipur",MD - Microbiology,3
5524,Rajasthan,Govt,"RUHS College of Medical Sciences, Jaipur",MD - Bio-Chemistry,3
5525,Rajasthan,Govt,"RUHS College of Medical Sciences, Jaipur",MD - Pharmacology,3
5526,Rajasthan,Govt,"RUHS College of Medical Sciences, Jaipur","MD - Social & Preventive Medicine / Community
Medicine",3
5527,Rajasthan,Govt,"RUHS College of Medical Sciences, Jaipur",MD - Pathology,3
5528,Rajasthan,Govt,"RUHS College of Medical Sciences, Jaipur",MD - Physiology,3
5529,Rajasthan,Govt,"Sardar Patel Medical College, Bikaner",MD - Anatomy,6
5530,Rajasthan,Govt,"Sardar Patel Medical College, Bikaner",MD - Psychiatry,5
5531,Rajasthan,Govt,"Sardar Patel Medical College, Bikaner",MD - Radio Diagnosis/Radiology,9
5532,Rajasthan,Govt,"Sardar Patel Medical College, Bikaner",MS - ENT,5
5533,Rajasthan,Govt,"Sardar Patel Medical College, Bikaner",MD - Bio-Chemistry,6
5534,Rajasthan,Govt,"Sardar Patel Medical College, Bikaner","MD - Forensic Medicine/Forensic Medicine &
Toxicology",7
5535,Rajasthan,Govt,"Sardar Patel Medical College, Bikaner",MD - Pathology,10
5536,Rajasthan,Govt,"Sardar Patel Medical College, Bikaner",MS - Ophthalmology,9
5537,Rajasthan,Govt,"Sardar Patel Medical College, Bikaner",MS - General Surgery,11
5538,Rajasthan,Govt,"Sardar Patel Medical College, Bikaner",MD - Microbiology,6
5539,Rajasthan,Govt,"Sardar Patel Medical College, Bikaner",MD - Pharmacology,4
5540,Rajasthan,Govt,"Sardar Patel Medical College, Bikaner",MD - Radiotherapy/ Radiation Oncology,10
5541,Rajasthan,Govt,"Sardar Patel Medical College, Bikaner","MD - Tuberculosis & Respiratory Diseases / Pulmonary
Medicine",8
5542,Rajasthan,Govt,"Sardar Patel Medical College, Bikaner",MD - Physiology,5
5543,Rajasthan,Govt,"Sardar Patel Medical College, Bikaner",MD - Anaesthesiology,16
5544,Rajasthan,Govt,"Sardar Patel Medical College, Bikaner",MD - General Medicine,24
5545,Rajasthan,Govt,"Sardar Patel Medical College, Bikaner",MS - Obstetrics & Gynaecology,18
5546,Rajasthan,Govt,"Sardar Patel Medical College, Bikaner","MD - Social & Preventive Medicine / Community
Medicine",4
5547,Rajasthan,Govt,"Sardar Patel Medical College, Bikaner",MD - Paediatrics,17
5548,Rajasthan,Govt,"Sardar Patel Medical College, Bikaner","MD - Dermatology , Venereology & Leprosy",5
5549,Rajasthan,Govt,"Sardar Patel Medical College, Bikaner",MS - Orthopaedics,8
5550,Rajasthan,Govt,"Sardar Patel Medical College, Bikaner",MD - Immuno Haematology & Blood Transfusion,4
5551,Rajasthan,Govt,"SMS Medical College, Jaipur",MD - Anaesthesiology,78
5552,Rajasthan,Govt,"SMS Medical College, Jaipur","MD - Tuberculosis & Respiratory Diseases / Pulmonary
Medicine",19
5553,Rajasthan,Govt,"SMS Medical College, Jaipur",MD - Geriatrics,2
5554,Rajasthan,Govt,"SMS Medical College, Jaipur",MD - Microbiology,24
5555,Rajasthan,Govt,"SMS Medical College, Jaipur",MD - Physical Medicine & Rehabilitation,9
5556,Rajasthan,Govt,"SMS Medical College, Jaipur",MD - Psychiatry,19
5557,Rajasthan,Govt,"SMS Medical College, Jaipur",MS - Obstetrics & Gynaecology,69
5558,Rajasthan,Govt,"SMS Medical College, Jaipur",MD - Radio Diagnosis/Radiology,25
5559,Rajasthan,Govt,"SMS Medical College, Jaipur",MD - Immuno Haematology & Blood Transfusion,11
5560,Rajasthan,Govt,"SMS Medical College, Jaipur",MD - Physiology,12
5561,Rajasthan,Govt,"SMS Medical College, Jaipur",MS - Ophthalmology,15
5562,Rajasthan,Govt,"SMS Medical College, Jaipur",MS - ENT,19
5563,Rajasthan,Govt,"SMS Medical College, Jaipur",MD - Anatomy,14
5564,Rajasthan,Govt,"SMS Medical College, Jaipur",MS - General Surgery,45
5565,Rajasthan,Govt,"SMS Medical College, Jaipur",MD - Palliative Medicine,2
5566,Rajasthan,Govt,"SMS Medical College, Jaipur",MD - Tropical Medicine,2
5567,Rajasthan,Govt,"SMS Medical College, Jaipur",MD - Radiotherapy/ Radiation Oncology,15
5568,Rajasthan,Govt,"SMS Medical College, Jaipur",MD - Bio-Chemistry,30
5569,Rajasthan,Govt,"SMS Medical College, Jaipur","MD - Social & Preventive Medicine / Community
Medicine",20
5570,Rajasthan,Govt,"SMS Medical College, Jaipur","MD - Dermatology , Venereology & Leprosy",13
5571,Rajasthan,Govt,"SMS Medical College, Jaipur",MD - Paediatrics,40
5572,Rajasthan,Govt,"SMS Medical College, Jaipur",MS - Orthopaedics,37
5573,Rajasthan,Govt,"SMS Medical College, Jaipur","MD - Forensic Medicine/Forensic Medicine &
Toxicology",11
5574,Rajasthan,Govt,"SMS Medical College, Jaipur",MD - Emergency Medicine,3
5575,Rajasthan,Govt,"SMS Medical College, Jaipur",MD - Pharmacology,17
5576,Rajasthan,Govt,"SMS Medical College, Jaipur",MD - Pathology,29
5577,Rajasthan,Govt,"SMS Medical College, Jaipur",MD - General Medicine,60
5578,Sikkim,Trust,"Sikkim Manipal Institute of Medical Sciences, Gangtok",MD - Physiology,3
5579,Sikkim,Trust,"Sikkim Manipal Institute of Medical Sciences, Gangtok","MD - Social & Preventive Medicine / Community
Medicine",2
5580,Sikkim,Trust,"Sikkim Manipal Institute of Medical Sciences, Gangtok",MS - Orthopaedics,3
5581,Sikkim,Trust,"Sikkim Manipal Institute of Medical Sciences, Gangtok",MS - ENT,2
5582,Sikkim,Trust,"Sikkim Manipal Institute of Medical Sciences, Gangtok",MS - Obstetrics & Gynaecology,2
5583,Sikkim,Trust,"Sikkim Manipal Institute of Medical Sciences, Gangtok",MD - Psychiatry,3
5584,Sikkim,Trust,"Sikkim Manipal Institute of Medical Sciences, Gangtok",MD - General Medicine,2
5585,Sikkim,Trust,"Sikkim Manipal Institute of Medical Sciences, Gangtok",MD - Pharmacology,2
5586,Sikkim,Trust,"Sikkim Manipal Institute of Medical Sciences, Gangtok",MD - Microbiology,2
5587,Sikkim,Trust,"Sikkim Manipal Institute of Medical Sciences, Gangtok",MD - Bio-Chemistry,2
5588,Sikkim,Trust,"Sikkim Manipal Institute of Medical Sciences, Gangtok",MD - Anaesthesiology,4
5589,Sikkim,Trust,"Sikkim Manipal Institute of Medical Sciences, Gangtok",MD - Radio Diagnosis,3
5590,Sikkim,Trust,"Sikkim Manipal Institute of Medical Sciences, Gangtok",MD - Paediatrics,2
5591,Tamil Nadu,Trust,"ACS Medical College and Hospital, Chennai",MD - Anaesthesiology,3
5592,Tamil Nadu,Trust,"ACS Medical College and Hospital, Chennai",MD - Anatomy,3
5593,Tamil Nadu,Trust,"ACS Medical College and Hospital, Chennai",MD - Bio-Chemistry,4
5594,Tamil Nadu,Trust,"ACS Medical College and Hospital, Chennai","MD - Dermatology , Venereology & Leprosy",3
5595,Tamil Nadu,Trust,"ACS Medical College and Hospital, Chennai",MD - Emergency Medicine,3
5596,Tamil Nadu,Trust,"ACS Medical College and Hospital, Chennai","MD - Forensic Medicine/Forensic Medicine &
Toxicology",2
5597,Tamil Nadu,Trust,"ACS Medical College and Hospital, Chennai",MD - General Medicine,4
5598,Tamil Nadu,Trust,"ACS Medical College and Hospital, Chennai",MD - Microbiology,4
5599,Tamil Nadu,Trust,"ACS Medical College and Hospital, Chennai",MD - Paediatrics,6
5600,Tamil Nadu,Trust,"ACS Medical College and Hospital, Chennai",MD - Pathology,6
5601,Tamil Nadu,Trust,"ACS Medical College and Hospital, Chennai",MD - Pharmacology,4
5602,Tamil Nadu,Trust,"ACS Medical College and Hospital, Chennai",MD - Physiology,3
5603,Tamil Nadu,Trust,"ACS Medical College and Hospital, Chennai",MD - Psychiatry,2
5604,Tamil Nadu,Trust,"ACS Medical College and Hospital, Chennai",MD - Radio Diagnosis,3
5605,Tamil Nadu,Trust,"ACS Medical College and Hospital, Chennai",MD - Respiratory Medicine,3
5606,Tamil Nadu,Trust,"ACS Medical College and Hospital, Chennai","MD - Social & Preventive Medicine / Community
Medicine",5
5607,Tamil Nadu,Trust,"ACS Medical College and Hospital, Chennai",MS - General Surgery,5
5608,Tamil Nadu,Trust,"ACS Medical College and Hospital, Chennai",MS - Obstetrics & Gynaecology,6
5609,Tamil Nadu,Trust,"ACS Medical College and Hospital, Chennai",MS - Opthalmology,2
5610,Tamil Nadu,Trust,"ACS Medical College and Hospital, Chennai",MS - Orthopaedics,2
5611,Tamil Nadu,Trust,"ACS Medical College and Hospital, Chennai",MS - Otorhinolaryngology,2
5612,Tamil Nadu,Trust,"Annapoorna Medical College & Hospital, Salem",MD - Anatomy,2
5613,Tamil Nadu,Trust,"Annapoorna Medical College & Hospital, Salem",MD - Bio-Chemistry,2
5614,Tamil Nadu,Trust,"Annapoorna Medical College & Hospital, Salem",MD - Microbiology,2
5615,Tamil Nadu,Trust,"Annapoorna Medical College & Hospital, Salem",MD - Pharmacology,2
5616,Tamil Nadu,Trust,"Annapoorna Medical College & Hospital, Salem",MD - Physiology,2
5617,Tamil Nadu,Trust,"Aravind Eye Hospitals & Post Graduate Institute of Ophthalmology, Madurai",MS - Opthalmology,20
5618,Tamil Nadu,Trust,Arunai Medical College & Hospital,MD-Microbiology,3
5619,Tamil Nadu,Trust,Arunai Medical College & Hospital,MD-Pharmacology,4
5620,Tamil Nadu,Trust,Arunai Medical College & Hospital,MD-Physiology,4
5621,Tamil Nadu,Trust,Arunai Medical College & Hospital,MD-Com. Medicine,3
5622,Tamil Nadu,Trust,Arunai Medical College & Hospital,MD-Forensic Medicine,2
5623,Tamil Nadu,Trust,Arunai Medical College & Hospital,MD-Bio-Chemestry,4
5624,Tamil Nadu,Trust,Arunai Medical College & Hospital,MD-Anatomy,4
5625,Tamil Nadu,Govt,"Chengalpattu Medical College, Chengalpattu",MS - Opthalmology,2
5626,Tamil Nadu,Govt,"Chengalpattu Medical College, Chengalpattu",MD - Paediatrics,6
5627,Tamil Nadu,Govt,"Chengalpattu Medical College, Chengalpattu","MD - Dermatology , Venereology & Leprosy",4
5628,Tamil Nadu,Govt,"Chengalpattu Medical College, Chengalpattu","MD - Forensic Medicine/Forensic Medicine &
Toxicology",3
5629,Tamil Nadu,Govt,"Chengalpattu Medical College, Chengalpattu",MD - Radiotherapy/ Radiation Oncology,4
5630,Tamil Nadu,Govt,"Chengalpattu Medical College, Chengalpattu",MD - Anaesthesiology,12
5631,Tamil Nadu,Govt,"Chengalpattu Medical College, Chengalpattu",MD - Psychiatry,3
5632,Tamil Nadu,Govt,"Chengalpattu Medical College, Chengalpattu",MS - General Surgery,15
5633,Tamil Nadu,Govt,"Chengalpattu Medical College, Chengalpattu","MD - Social & Preventive Medicine / Community
Medicine",3
5634,Tamil Nadu,Govt,"Chengalpattu Medical College, Chengalpattu",MD - General Medicine,10
5635,Tamil Nadu,Govt,"Chengalpattu Medical College, Chengalpattu",MS - Orthopaedics,6
5636,Tamil Nadu,Govt,"Chengalpattu Medical College, Chengalpattu",MD - Physiology,2
5637,Tamil Nadu,Govt,"Chengalpattu Medical College, Chengalpattu",MD - Pharmacology,2
5638,Tamil Nadu,Govt,"Chengalpattu Medical College, Chengalpattu",MD - Pathology,2
5639,Tamil Nadu,Govt,"Chengalpattu Medical College, Chengalpattu",MD - Microbiology,2
5640,Tamil Nadu,Govt,"Chengalpattu Medical College, Chengalpattu",MS - ENT,2
5641,Tamil Nadu,Govt,"Chengalpattu Medical College, Chengalpattu",MD - Bio-Chemistry,3
5642,Tamil Nadu,Govt,"Chengalpattu Medical College, Chengalpattu",MD - Emergency Medicine,5
5643,Tamil Nadu,Govt,"Chengalpattu Medical College, Chengalpattu",MS - Obstetrics & Gynaecology,6
5644,Tamil Nadu,Govt,"Chengalpattu Medical College, Chengalpattu",MD - Respiratory Medicine,2
5645,Tamil Nadu,Trust,Chettinad Hospital & Research Institute Kanchipuram,MD - Emergency Medicine,5
5646,Tamil Nadu,Trust,Chettinad Hospital & Research Institute Kanchipuram,MD - Forensic Medicine,4
5647,Tamil Nadu,Trust,Chettinad Hospital & Research Institute Kanchipuram,MS - Orthopaedics,23
5648,Tamil Nadu,Trust,Chettinad Hospital & Research Institute Kanchipuram,MS - Obstetrics & Gynaecology,25
5649,Tamil Nadu,Trust,Chettinad Hospital & Research Institute Kanchipuram,MD - Pathology,11
5650,Tamil Nadu,Trust,Chettinad Hospital & Research Institute Kanchipuram,MD - Microbiology,3
5651,Tamil Nadu,Trust,Chettinad Hospital & Research Institute Kanchipuram,MD - Anaesthesiology,19
5652,Tamil Nadu,Trust,Chettinad Hospital & Research Institute Kanchipuram,MD - Bio-Chemistry,2
5653,Tamil Nadu,Trust,Chettinad Hospital & Research Institute Kanchipuram,"MD - Dermatology , Venereology & Leprosy",8
5654,Tamil Nadu,Trust,Chettinad Hospital & Research Institute Kanchipuram,MD - Anatomy,2
5655,Tamil Nadu,Trust,Chettinad Hospital & Research Institute Kanchipuram,MS - ENT,10
5656,Tamil Nadu,Trust,Chettinad Hospital & Research Institute Kanchipuram,MS - Opthalmology,10
5657,Tamil Nadu,Trust,Chettinad Hospital & Research Institute Kanchipuram,MD - Pharmacology,4
5658,Tamil Nadu,Trust,Chettinad Hospital & Research Institute Kanchipuram,MD - General Medicine,31
5659,Tamil Nadu,Trust,Chettinad Hospital & Research Institute Kanchipuram,MS - General Surgery,35
5660,Tamil Nadu,Trust,Chettinad Hospital & Research Institute Kanchipuram,MD - Paediatrics,20
5661,Tamil Nadu,Trust,Chettinad Hospital & Research Institute Kanchipuram,MD - Psychiatry,5
5662,Tamil Nadu,Trust,Chettinad Hospital & Research Institute Kanchipuram,MD - Sports Medicine,2
5663,Tamil Nadu,Trust,Chettinad Hospital & Research Institute Kanchipuram,MD - Radio Diagnosis/Radiology,15
5664,Tamil Nadu,Trust,Chettinad Hospital & Research Institute Kanchipuram,"MD - Tuberculosis & Respiratory Diseases / Pulmonary
Medicine",10
5665,Tamil Nadu,Trust,Chettinad Hospital & Research Institute Kanchipuram,"MD - Social & Preventive Medicine / Community
Medicine",8
5666,Tamil Nadu,Trust,Chettinad Hospital & Research Institute Kanchipuram,MD - Physiology,4
5667,Tamil Nadu,Trust,"Christian Medical College, Vellore","MD - Tuberculosis & Respiratory Diseases / Pulmonary
Medicine",4
5668,Tamil Nadu,Trust,"Christian Medical College, Vellore",MD - Psychiatry,12
5669,Tamil Nadu,Trust,"Christian Medical College, Vellore",MD - Emergency Medicine,3
5670,Tamil Nadu,Trust,"Christian Medical College, Vellore",MD - Physical Medicine & Rehabilitation,4
5671,Tamil Nadu,Trust,"Christian Medical College, Vellore",MD - Anatomy,4
5672,Tamil Nadu,Trust,"Christian Medical College, Vellore",MS - Obstetrics & Gynaecology,17
5673,Tamil Nadu,Trust,"Christian Medical College, Vellore",MD - Radio Diagnosis/Radiology,24
5674,Tamil Nadu,Trust,"Christian Medical College, Vellore",MD - Family Medicine,6
5675,Tamil Nadu,Trust,"Christian Medical College, Vellore",MD - Geriatrics,5
5676,Tamil Nadu,Trust,"Christian Medical College, Vellore",MD - Nuclear Medicine,2
5677,Tamil Nadu,Trust,"Christian Medical College, Vellore",MS - General Surgery,10
5678,Tamil Nadu,Trust,"Christian Medical College, Vellore",MD - Paediatrics,20
5679,Tamil Nadu,Trust,"Christian Medical College, Vellore",MD - General Medicine,16
5680,Tamil Nadu,Trust,"Christian Medical College, Vellore",MD - Physiology,4
5681,Tamil Nadu,Trust,"Christian Medical College, Vellore","MD - Dermatology , Venereology & Leprosy",5
5682,Tamil Nadu,Trust,"Christian Medical College, Vellore",MD - Bio-Chemistry,2
5683,Tamil Nadu,Trust,"Christian Medical College, Vellore","MD - Social & Preventive Medicine / Community
Medicine",6
5684,Tamil Nadu,Trust,"Christian Medical College, Vellore",MS - Orthopaedics,12
5685,Tamil Nadu,Trust,"Christian Medical College, Vellore",MS - ENT,8
5686,Tamil Nadu,Trust,"Christian Medical College, Vellore",MD - Radiotherapy/ Radiation Oncology,8
5687,Tamil Nadu,Trust,"Christian Medical College, Vellore",MS - Opthalmology,9
5688,Tamil Nadu,Trust,"Christian Medical College, Vellore",MD - Pharmacology,2
5689,Tamil Nadu,Trust,"Christian Medical College, Vellore",MD - Microbiology,4
5690,Tamil Nadu,Trust,"Christian Medical College, Vellore",MD - Immuno Haematology & Blood Transfusion,3
5691,Tamil Nadu,Trust,"Christian Medical College, Vellore",Diploma in Clinical Pathology,4
5692,Tamil Nadu,Trust,"Christian Medical College, Vellore",MD - Pathology,8
5693,Tamil Nadu,Trust,"Christian Medical College, Vellore",MD - Anaesthesiology,33
5694,Tamil Nadu,Trust,"Christian Medical College, Vellore",MD- RESPIRATORY MEDICINE,4
5695,Tamil Nadu,Govt,"Coimbatore Medical College, Coimbatore",MS - ENT,3
5696,Tamil Nadu,Govt,"Coimbatore Medical College, Coimbatore","MD - Dermatology , Venereology & Leprosy",3
5697,Tamil Nadu,Govt,"Coimbatore Medical College, Coimbatore",MD - Emergency Medicine,3
5698,Tamil Nadu,Govt,"Coimbatore Medical College, Coimbatore",MS - Opthalmology,4
5699,Tamil Nadu,Govt,"Coimbatore Medical College, Coimbatore",MD - Pathology,7
5700,Tamil Nadu,Govt,"Coimbatore Medical College, Coimbatore",MS - Obstetrics & Gynaecology,11
5701,Tamil Nadu,Govt,"Coimbatore Medical College, Coimbatore",MS - Orthopaedics,8
5702,Tamil Nadu,Govt,"Coimbatore Medical College, Coimbatore","MD - Tuberculosis & Respiratory Diseases / Pulmonary
Medicine",2
5703,Tamil Nadu,Govt,"Coimbatore Medical College, Coimbatore",MD - Microbiology,4
5704,Tamil Nadu,Govt,"Coimbatore Medical College, Coimbatore",MS - General Surgery,18
5705,Tamil Nadu,Govt,"Coimbatore Medical College, Coimbatore",MD - Bio-Chemistry,3
5706,Tamil Nadu,Govt,"Coimbatore Medical College, Coimbatore","MD - Forensic Medicine/Forensic Medicine &
Toxicology",3
5707,Tamil Nadu,Govt,"Coimbatore Medical College, Coimbatore",MD - Anaesthesiology,10
5708,Tamil Nadu,Govt,"Coimbatore Medical College, Coimbatore",MD - Physiology,4
5709,Tamil Nadu,Govt,"Coimbatore Medical College, Coimbatore",MD - Pharmacology,3
5710,Tamil Nadu,Govt,"Coimbatore Medical College, Coimbatore",MD - Paediatrics,8
5711,Tamil Nadu,Govt,"Coimbatore Medical College, Coimbatore",MD - Radio Diagnosis/Radiology,5
5712,Tamil Nadu,Govt,"Coimbatore Medical College, Coimbatore",MD - Psychiatry,3
5713,Tamil Nadu,Govt,"Coimbatore Medical College, Coimbatore",MD - General Medicine,19
5714,Tamil Nadu,Trust,"Dhanalakshmi Srinivasan Medical College and Hospital,Perambalur",MD - Physiology,2
5715,Tamil Nadu,Trust,"Dhanalakshmi Srinivasan Medical College and Hospital,Perambalur",MD - Radio Diagnosis/Radiology,5
5716,Tamil Nadu,Trust,"Dhanalakshmi Srinivasan Medical College and Hospital,Perambalur",MD - Microbiology,2
5717,Tamil Nadu,Trust,"Dhanalakshmi Srinivasan Medical College and Hospital,Perambalur",MD - Paediatrics,6
5718,Tamil Nadu,Trust,"Dhanalakshmi Srinivasan Medical College and Hospital,Perambalur",MS - Obstetrics & Gynaecology,6
5719,Tamil Nadu,Trust,"Dhanalakshmi Srinivasan Medical College and Hospital,Perambalur",MD - General Medicine,10
5720,Tamil Nadu,Trust,"Dhanalakshmi Srinivasan Medical College and Hospital,Perambalur",MD - Anaesthesiology,10
5721,Tamil Nadu,Trust,"Dhanalakshmi Srinivasan Medical College and Hospital,Perambalur",MD - Anatomy,2
5722,Tamil Nadu,Trust,"Dhanalakshmi Srinivasan Medical College and Hospital,Perambalur",MD - Pathology,4
5723,Tamil Nadu,Trust,"Dhanalakshmi Srinivasan Medical College and Hospital,Perambalur",MS - ENT,2
5724,Tamil Nadu,Trust,"Dhanalakshmi Srinivasan Medical College and Hospital,Perambalur",MS - General Surgery,13
5725,Tamil Nadu,Trust,"Dhanalakshmi Srinivasan Medical College and Hospital,Perambalur",MS - Orthopaedics,4
5726,Tamil Nadu,Trust,"Dhanalakshmi Srinivasan Medical College and Hospital,Perambalur","MD - Dermatology , Venereology & Leprosy",3
5727,Tamil Nadu,Trust,"Dhanalakshmi Srinivasan Medical College and Hospital,Perambalur",MD - Pharmacology,2
5728,Tamil Nadu,Trust,"Dhanalakshmi Srinivasan Medical College and Hospital,Perambalur","MD - Social & Preventive Medicine / Community
Medicine",4
5729,Tamil Nadu,Trust,"Dhanalakshmi Srinivasan Medical College and Hospital,Perambalur","MD - Tuberculosis & Respiratory Diseases / Pulmonary
Medicine",2
5730,Tamil Nadu,Trust,"Dhanalakshmi Srinivasan Medical College and Hospital,Perambalur",MD - Psychiatry,2
5731,Tamil Nadu,Trust,"Dhanalakshmi Srinivasan Medical College and Hospital,Perambalur",MS - Opthalmology,3
5732,Tamil Nadu,Trust,"Dhanalakshmi Srinivasan Medical College and Hospital,Perambalur",MD - Bio-Chemistry,2
5733,Tamil Nadu,Govt,"E.S.I.C. Medical College & Hospital K.K. Nagar Chennai earlier known as ESIC Medical College & PGIMSR K.K Nagar Chennai,ESI-PGIMSR ESI Hospital K.K Nagar Chennai,ESI-PGIMSR ESI Hospital K.K Nagar Chennai,ESIC Medical
College & PGIMSR K.K Nagar Chennai",MD - Anatomy,2
5734,Tamil Nadu,Govt,"E.S.I.C. Medical College & Hospital K.K. Nagar Chennai earlier known as ESIC Medical College & PGIMSR K.K Nagar Chennai,ESI-PGIMSR ESI Hospital K.K Nagar Chennai,ESI-PGIMSR ESI Hospital K.K Nagar Chennai,ESIC Medical
College & PGIMSR K.K Nagar Chennai",MD - Physiology,2
5735,Tamil Nadu,Govt,"E.S.I.C. Medical College & Hospital K.K. Nagar Chennai earlier known as ESIC Medical College & PGIMSR K.K Nagar Chennai,ESI-PGIMSR ESI Hospital K.K Nagar Chennai,ESI-PGIMSR ESI Hospital K.K Nagar Chennai,ESIC Medical
College & PGIMSR K.K Nagar Chennai",MD - Biochemistry,2
5736,Tamil Nadu,Govt,"E.S.I.C. Medical College & Hospital K.K. Nagar Chennai earlier known as ESIC Medical College & PGIMSR K.K Nagar Chennai,ESI-PGIMSR ESI Hospital K.K Nagar Chennai,ESI-PGIMSR ESI Hospital K.K Nagar Chennai,ESIC Medical
College & PGIMSR K.K Nagar Chennai",MD - Community Medicine,2
5737,Tamil Nadu,Govt,"E.S.I.C. Medical College & Hospital K.K. Nagar Chennai earlier known as ESIC Medical College & PGIMSR K.K Nagar Chennai,ESI-PGIMSR ESI Hospital K.K Nagar Chennai,ESI-PGIMSR ESI Hospital K.K Nagar Chennai,ESIC Medical
College & PGIMSR K.K Nagar Chennai",MD - Emergency Medicine,5
5738,Tamil Nadu,Govt,"E.S.I.C. Medical College & Hospital K.K. Nagar Chennai earlier known as ESIC Medical College & PGIMSR K.K Nagar Chennai,ESI-PGIMSR ESI Hospital K.K Nagar Chennai,ESI-PGIMSR ESI Hospital K.K Nagar Chennai,ESIC Medical
College & PGIMSR K.K Nagar Chennai",MS - Opthalmology,3
5739,Tamil Nadu,Govt,"E.S.I.C. Medical College & Hospital K.K. Nagar Chennai earlier known as ESIC Medical College & PGIMSR K.K Nagar Chennai,ESI-PGIMSR ESI Hospital K.K Nagar Chennai,ESI-PGIMSR ESI Hospital K.K Nagar Chennai,ESIC Medical
College & PGIMSR K.K Nagar Chennai",MS - Otorhinolaryngology(ENT),5
5740,Tamil Nadu,Govt,"E.S.I.C. Medical College & Hospital K.K. Nagar Chennai earlier known as ESIC Medical College & PGIMSR K.K Nagar Chennai,ESI-PGIMSR ESI Hospital K.K Nagar Chennai,ESI-PGIMSR ESI Hospital K.K Nagar Chennai,ESIC Medical
College & PGIMSR K.K Nagar Chennai",MD - Psychiatry,5
5741,Tamil Nadu,Govt,"E.S.I.C. Medical College & Hospital K.K. Nagar Chennai earlier known as ESIC Medical College & PGIMSR K.K Nagar Chennai,ESI-PGIMSR ESI Hospital K.K Nagar Chennai,ESI-PGIMSR ESI Hospital K.K Nagar Chennai,ESIC Medical
College & PGIMSR K.K Nagar Chennai",MD - Forensic Medicine,3
5742,Tamil Nadu,Govt,"E.S.I.C. Medical College & Hospital K.K. Nagar Chennai earlier known as ESIC Medical College & PGIMSR K.K Nagar Chennai,ESI-PGIMSR ESI Hospital K.K Nagar Chennai,ESI-PGIMSR ESI Hospital K.K Nagar Chennai,ESIC Medical
College & PGIMSR K.K Nagar Chennai",MD - Respiratory Medicine,5
5743,Tamil Nadu,Govt,"E.S.I.C. Medical College & Hospital K.K. Nagar Chennai earlier known as ESIC Medical College & PGIMSR K.K Nagar Chennai,ESI-PGIMSR ESI Hospital K.K Nagar Chennai,ESI-PGIMSR ESI Hospital K.K Nagar Chennai,ESIC Medical
College & PGIMSR K.K Nagar Chennai",MS - General Surgery,5
5744,Tamil Nadu,Govt,"E.S.I.C. Medical College & Hospital K.K. Nagar Chennai earlier known as ESIC Medical College & PGIMSR K.K Nagar Chennai,ESI-PGIMSR ESI Hospital K.K Nagar Chennai,ESI-PGIMSR ESI Hospital K.K Nagar Chennai,ESIC Medical
College & PGIMSR K.K Nagar Chennai",MS - Orthopaedics,2
5745,Tamil Nadu,Govt,"E.S.I.C. Medical College & Hospital K.K. Nagar Chennai earlier known as ESIC Medical College & PGIMSR K.K Nagar Chennai,ESI-PGIMSR ESI Hospital K.K Nagar Chennai,ESI-PGIMSR ESI Hospital K.K Nagar Chennai,ESIC Medical
College & PGIMSR K.K Nagar Chennai",MS - Obstetrics & Gynaecology,4
5746,Tamil Nadu,Govt,"E.S.I.C. Medical College & Hospital K.K. Nagar Chennai earlier known as ESIC Medical College & PGIMSR K.K Nagar Chennai,ESI-PGIMSR ESI Hospital K.K Nagar Chennai,ESI-PGIMSR ESI Hospital K.K Nagar Chennai,ESIC Medical
College & PGIMSR K.K Nagar Chennai",MD - Pharmacology,2
5747,Tamil Nadu,Govt,"E.S.I.C. Medical College & Hospital K.K. Nagar Chennai earlier known as ESIC Medical College & PGIMSR K.K Nagar Chennai,ESI-PGIMSR ESI Hospital K.K Nagar Chennai,ESI-PGIMSR ESI Hospital K.K Nagar Chennai,ESIC Medical
College & PGIMSR K.K Nagar Chennai",MD - Pathology,2
5748,Tamil Nadu,Govt,"E.S.I.C. Medical College & Hospital K.K. Nagar Chennai earlier known as ESIC Medical College & PGIMSR K.K Nagar Chennai,ESI-PGIMSR ESI Hospital K.K Nagar Chennai,ESI-PGIMSR ESI Hospital K.K Nagar Chennai,ESIC Medical
College & PGIMSR K.K Nagar Chennai",MD - General Medicine,11
5749,Tamil Nadu,Govt,"E.S.I.C. Medical College & Hospital K.K. Nagar Chennai earlier known as ESIC Medical College & PGIMSR K.K Nagar Chennai,ESI-PGIMSR ESI Hospital K.K Nagar Chennai,ESI-PGIMSR ESI Hospital K.K Nagar Chennai,ESIC Medical
College & PGIMSR K.K Nagar Chennai",MD - Microbiology,2
5750,Tamil Nadu,Govt,"E.S.I.C. Medical College & Hospital K.K. Nagar Chennai earlier known as ESIC Medical College & PGIMSR K.K Nagar Chennai,ESI-PGIMSR ESI Hospital K.K Nagar Chennai,ESI-PGIMSR ESI Hospital K.K Nagar Chennai,ESIC Medical
College & PGIMSR K.K Nagar Chennai",MD - Paediatrics,4
5751,Tamil Nadu,Govt,"E.S.I.C. Medical College & Hospital K.K. Nagar Chennai earlier known as ESIC Medical College & PGIMSR K.K Nagar Chennai,ESI-PGIMSR ESI Hospital K.K Nagar Chennai,ESI-PGIMSR ESI Hospital K.K Nagar Chennai,ESIC Medical
College & PGIMSR K.K Nagar Chennai",MD - Anaesthesiology,11
5752,Tamil Nadu,Govt,"Government Dharmapuri Medical College, Dharmapuri",MD - Anaesthesiology,6
5753,Tamil Nadu,Govt,"Government Dharmapuri Medical College, Dharmapuri",MD - Emergency Medicine,3
5754,Tamil Nadu,Govt,"Government Dharmapuri Medical College, Dharmapuri",MD - General Medicine,8
5755,Tamil Nadu,Govt,"Government Dharmapuri Medical College, Dharmapuri",MD - Paediatrics,4
5756,Tamil Nadu,Govt,"Government Dharmapuri Medical College, Dharmapuri",MS - General Surgery,8
5757,Tamil Nadu,Govt,"Government Dharmapuri Medical College, Dharmapuri",MS - Obstetrics & Gynaecology,7
5758,Tamil Nadu,Govt,"Government Dharmapuri Medical College, Dharmapuri",MS - Opthalmology,2
5759,Tamil Nadu,Govt,"Government Dharmapuri Medical College, Dharmapuri",MS - Orthopaedics,6
5760,Tamil Nadu,Govt,"Government Medical College & ESIC Hospital, Coimbatore, Tamil Nadu.",MD - Emergency Medicine,5
5761,Tamil Nadu,Govt,"Government Medical College & Hospital, Perundurai Erode",MS - General Surgery,4
5762,Tamil Nadu,Govt,"Government Medical College & Hospital, Perundurai Erode",MD - DVL,2
5763,Tamil Nadu,Govt,"Government Medical College & Hospital, Perundurai Erode",MD - Emergency Medicine,3
5764,Tamil Nadu,Govt,"Government Medical College, Omandurar",MS - Obstetrics & Gynaecology,4
5765,Tamil Nadu,Govt,"Government Medical College, Omandurar",MS - Orthopaedics,3
5766,Tamil Nadu,Govt,"Government Medical College, Omandurar",MS - General Surgery,6
5767,Tamil Nadu,Govt,"Government Medical College, Omandurar",MD - Paediatrics,6
5768,Tamil Nadu,Govt,"Government Medical College, Omandurar",MD - General Medicine,6
5769,Tamil Nadu,Govt,"Government Medical College, Omandurar",MD - Anaesthesiology,3
5770,Tamil Nadu,Govt,"Government Medical College, Omandurar",MD - Emergency Medicine,3
5771,Tamil Nadu,Govt,"Government Sivagangai Medical College, Sivaganga",MD - General Medicine,6
5772,Tamil Nadu,Govt,"Government Sivagangai Medical College, Sivaganga",MD - Paediatrics,3
5773,Tamil Nadu,Govt,"Government Sivagangai Medical College, Sivaganga",MD - Emergency Medicine,5
5774,Tamil Nadu,Govt,"Government Sivagangai Medical College, Sivaganga",MS - Obstetrics & Gynaecology,6
5775,Tamil Nadu,Govt,"Government Sivagangai Medical College, Sivaganga",MS - General Surgery,2
5776,Tamil Nadu,Govt,"Government Sivagangai Medical College, Sivaganga",MD - Anaesthesiology,4
5777,Tamil Nadu,Govt,"Government Thiruvannamalai Medical College, Thiruvannamalai",MD - Anaesthesiology,6
5778,Tamil Nadu,Govt,"Government Thiruvannamalai Medical College, Thiruvannamalai",MD - General Medicine,6
5779,Tamil Nadu,Govt,"Government Thiruvannamalai Medical College, Thiruvannamalai",MD - Paediatrics,4
5780,Tamil Nadu,Govt,"Government Thiruvannamalai Medical College, Thiruvannamalai",MS - General Surgery,8
5781,Tamil Nadu,Govt,"Government Thiruvannamalai Medical College, Thiruvannamalai",MS - Obstetrics & Gynaecology,6
5782,Tamil Nadu,Govt,"Government Vellore Medical College, Vellore",MD - General Medicine,10
5783,Tamil Nadu,Govt,"Government Vellore Medical College, Vellore",MD - Emergency Medicine,4
5784,Tamil Nadu,Govt,"Government Vellore Medical College, Vellore",MS - Obstetrics & Gynaecology,6
5785,Tamil Nadu,Govt,"Government Vellore Medical College, Vellore",MS - General Surgery,9
5786,Tamil Nadu,Govt,"Government Vellore Medical College, Vellore",MD - Paediatrics,6
5787,Tamil Nadu,Govt,"Government Vellore Medical College, Vellore","MD - Dermatology , Venereology & Leprosy",2
5788,Tamil Nadu,Govt,"Government Vellore Medical College, Vellore",MS - Otorhinolaryngology,2
5789,Tamil Nadu,Govt,"Government Vellore Medical College, Vellore",MD - Anaesthesiology,6
5790,Tamil Nadu,Govt,"Government Vellore Medical College, Vellore",MS - Orthopaedics,3
5791,Tamil Nadu,Govt,"Government Vellore Medical College, Vellore",MS - Opthalmology,2
5792,Tamil Nadu,Govt,"Government Villupuram Medical College, Villupuram",MD - Paediatrics,6
5793,Tamil Nadu,Govt,"Government Villupuram Medical College, Villupuram",MD - General Medicine,10
5794,Tamil Nadu,Govt,"Government Villupuram Medical College, Villupuram",MD - Emergency Medicine,3
5795,Tamil Nadu,Govt,"Government Villupuram Medical College, Villupuram",MD - Anaesthesiology,8
5796,Tamil Nadu,Govt,"Government Villupuram Medical College, Villupuram",MS - Obstetrics & Gynaecology,6
5797,Tamil Nadu,Govt,"Government Villupuram Medical College, Villupuram",MS - Orthopaedics,2
5798,Tamil Nadu,Govt,"Government Villupuram Medical College, Villupuram",MS - Opthalmology,3
5799,Tamil Nadu,Govt,"Government Villupuram Medical College, Villupuram",MS - General Surgery,10
5800,Tamil Nadu,Govt,"Govt. Mohan Kumaramangalam Medical College, Salem",MD - Bio-Chemistry,3
5801,Tamil Nadu,Govt,"Govt. Mohan Kumaramangalam Medical College, Salem",MD - Microbiology,3
5802,Tamil Nadu,Govt,"Govt. Mohan Kumaramangalam Medical College, Salem",MD - Pathology,6
5803,Tamil Nadu,Govt,"Govt. Mohan Kumaramangalam Medical College, Salem","MD - Forensic Medicine/Forensic Medicine &
Toxicology",3
5804,Tamil Nadu,Govt,"Govt. Mohan Kumaramangalam Medical College, Salem",MD - General Medicine,16
5805,Tamil Nadu,Govt,"Govt. Mohan Kumaramangalam Medical College, Salem",MD - Pediatrics,8
5806,Tamil Nadu,Govt,"Govt. Mohan Kumaramangalam Medical College, Salem",MD - Emergency Medicine,3
5807,Tamil Nadu,Govt,"Govt. Mohan Kumaramangalam Medical College, Salem",MD - Psychiatry,5
5808,Tamil Nadu,Govt,"Govt. Mohan Kumaramangalam Medical College, Salem",MS - General Surgery,12
5809,Tamil Nadu,Govt,"Govt. Mohan Kumaramangalam Medical College, Salem",MS - Orthopaedics,10
5810,Tamil Nadu,Govt,"Govt. Mohan Kumaramangalam Medical College, Salem",MS - Otorhinolaryngology,2
5811,Tamil Nadu,Govt,"Govt. Mohan Kumaramangalam Medical College, Salem",MS - Opthalmology,2
5812,Tamil Nadu,Govt,"Govt. Mohan Kumaramangalam Medical College, Salem",MS - Obstetrics & Gynaecology,10
5813,Tamil Nadu,Govt,"Govt. Mohan Kumaramangalam Medical College, Salem",MD - Radiodiagnosis,3
5814,Tamil Nadu,Govt,"Govt. Mohan Kumaramangalam Medical College, Salem",MD - Anesthesiology,9
5815,Tamil Nadu,Govt,"Institute of Opthalmology Joseph Eye Hospital, Tiruchirapalli",MS - Opthalmology,8
5816,Tamil Nadu,Govt,"K A P Viswanathan Government Medical College, Trichy",MD - Anaesthesiology,13
5817,Tamil Nadu,Govt,"K A P Viswanathan Government Medical College, Trichy",MD - Anatomy,3
5818,Tamil Nadu,Govt,"K A P Viswanathan Government Medical College, Trichy",MD - Bio-Chemistry,5
5819,Tamil Nadu,Govt,"K A P Viswanathan Government Medical College, Trichy","MD - Dermatology , Venereology & Leprosy",2
5820,Tamil Nadu,Govt,"K A P Viswanathan Government Medical College, Trichy",MD - Emergency Medicine,5
5821,Tamil Nadu,Govt,"K A P Viswanathan Government Medical College, Trichy","MD - Forensic Medicine/Forensic Medicine &
Toxicology",3
5822,Tamil Nadu,Govt,"K A P Viswanathan Government Medical College, Trichy",MD - General Medicine,14
5823,Tamil Nadu,Govt,"K A P Viswanathan Government Medical College, Trichy",MD - Microbiology,3
5824,Tamil Nadu,Govt,"K A P Viswanathan Government Medical College, Trichy",MD - Paediatrics,9
5825,Tamil Nadu,Govt,"K A P Viswanathan Government Medical College, Trichy",MD - Pathology,6
5826,Tamil Nadu,Govt,"K A P Viswanathan Government Medical College, Trichy",MD - Psychiatry,4
5827,Tamil Nadu,Govt,"K A P Viswanathan Government Medical College, Trichy",MD - Radio Diagnosis,3
5828,Tamil Nadu,Govt,"K A P Viswanathan Government Medical College, Trichy",MS - ENT,2
5829,Tamil Nadu,Govt,"K A P Viswanathan Government Medical College, Trichy",MS - General Surgery,16
5830,Tamil Nadu,Govt,"K A P Viswanathan Government Medical College, Trichy",MS - Obstetrics & Gynaecology,9
5831,Tamil Nadu,Govt,"K A P Viswanathan Government Medical College, Trichy",MS - Opthalmology,2
5832,Tamil Nadu,Govt,"K A P Viswanathan Government Medical College, Trichy",MS - Orthopaedics,5
5833,Tamil Nadu,Govt,"KanyaKumari Government Medical College, Asaripallam",MD - Anaesthesiology,6
5834,Tamil Nadu,Govt,"KanyaKumari Government Medical College, Asaripallam",MD - Emergency Medicine,3
5835,Tamil Nadu,Govt,"KanyaKumari Government Medical College, Asaripallam",MD - General Medicine,10
5836,Tamil Nadu,Govt,"KanyaKumari Government Medical College, Asaripallam",MD - Paediatrics,4
5837,Tamil Nadu,Govt,"KanyaKumari Government Medical College, Asaripallam",MS - ENT,4
5838,Tamil Nadu,Govt,"KanyaKumari Government Medical College, Asaripallam",MS - General Surgery,11
5839,Tamil Nadu,Govt,"KanyaKumari Government Medical College, Asaripallam",MS - Obstetrics & Gynaecology,6
5840,Tamil Nadu,Govt,"KanyaKumari Government Medical College, Asaripallam",MS - Opthalmology,2
5841,Tamil Nadu,Govt,"KanyaKumari Government Medical College, Asaripallam",MS - Orthopaedics,2
5842,Tamil Nadu,Trust,"Karpaga Vinayaga Institute of Medical Sciences,Maduranthagam",MS - ENT,2
5843,Tamil Nadu,Trust,"Karpaga Vinayaga Institute of Medical Sciences,Maduranthagam",MD - Respiratory Medicine,2
5844,Tamil Nadu,Trust,"Karpaga Vinayaga Institute of Medical Sciences,Maduranthagam",MD - Pathology,2
5845,Tamil Nadu,Trust,"Karpaga Vinayaga Institute of Medical Sciences,Maduranthagam",MD - Psychiatry,2
5846,Tamil Nadu,Trust,"Karpaga Vinayaga Institute of Medical Sciences,Maduranthagam","MD - Dermatology , Venereology & Leprosy",3
5847,Tamil Nadu,Trust,"Karpaga Vinayaga Institute of Medical Sciences,Maduranthagam",MD - Microbiology,2
5848,Tamil Nadu,Trust,"Karpaga Vinayaga Institute of Medical Sciences,Maduranthagam",MD - Pharmacology,2
5849,Tamil Nadu,Trust,"Karpaga Vinayaga Institute of Medical Sciences,Maduranthagam",MD - Anatomy,2
5850,Tamil Nadu,Trust,"Karpaga Vinayaga Institute of Medical Sciences,Maduranthagam",MD - Physiology,2
5851,Tamil Nadu,Trust,"Karpaga Vinayaga Institute of Medical Sciences,Maduranthagam",MD - General Medicine,9
5852,Tamil Nadu,Trust,"Karpaga Vinayaga Institute of Medical Sciences,Maduranthagam",MS - Opthalmology,2
5853,Tamil Nadu,Trust,"Karpaga Vinayaga Institute of Medical Sciences,Maduranthagam",MD - Bio-Chemistry,2
5854,Tamil Nadu,Trust,"Karpaga Vinayaga Institute of Medical Sciences,Maduranthagam",MS - Obstetrics & Gynaecology,4
5855,Tamil Nadu,Trust,"Karpaga Vinayaga Institute of Medical Sciences,Maduranthagam",MS - Orthopaedics,5
5856,Tamil Nadu,Trust,"Karpaga Vinayaga Institute of Medical Sciences,Maduranthagam",MD - Community Medicine,2
5857,Tamil Nadu,Trust,"Karpaga Vinayaga Institute of Medical Sciences,Maduranthagam",MS - General Surgery,4
5858,Tamil Nadu,Trust,"Karpaga Vinayaga Institute of Medical Sciences,Maduranthagam",MD - Anaesthesiology,3
5859,Tamil Nadu,Trust,"Karpaga Vinayaga Institute of Medical Sciences,Maduranthagam",MD - Radiodiagnosis,3
5860,Tamil Nadu,Trust,"Karpaga Vinayaga Institute of Medical Sciences,Maduranthagam",MD - Emergency medicine,3
5861,Tamil Nadu,Trust,"Karpagam Faculty of Medical Sciences & Research, Coimbatore",MD - Anaesthesiology,3
5862,Tamil Nadu,Trust,"Karpagam Faculty of Medical Sciences & Research, Coimbatore",MD - Bio-Chemistry,2
5863,Tamil Nadu,Trust,"Karpagam Faculty of Medical Sciences & Research, Coimbatore","MD - Dermatology , Venereology & Leprosy",2
5864,Tamil Nadu,Trust,"Karpagam Faculty of Medical Sciences & Research, Coimbatore",MD - Microbiology,2
5865,Tamil Nadu,Trust,"Karpagam Faculty of Medical Sciences & Research, Coimbatore",MD - Pathology,2
5866,Tamil Nadu,Trust,"Karpagam Faculty of Medical Sciences & Research, Coimbatore",MD - Pharmacology,2
5867,Tamil Nadu,Trust,"Karpagam Faculty of Medical Sciences & Research, Coimbatore",MD - Radio Diagnosis,1
5868,Tamil Nadu,Trust,"Karpagam Faculty of Medical Sciences & Research, Coimbatore","MD - Social & Preventive Medicine / Community
Medicine",2
5869,Tamil Nadu,Trust,"Karpagam Faculty of Medical Sciences & Research, Coimbatore",MS - Opthalmology,2
5870,Tamil Nadu,Trust,"Karpagam Faculty of Medical Sciences & Research, Coimbatore",MS - Otorhinolaryngology,2
5871,Tamil Nadu,Govt,"Kilpauk Medical College, Chennai",MD - Anaesthesiology,16
5872,Tamil Nadu,Govt,"Kilpauk Medical College, Chennai",MD - Emergency Medicine,4
5873,Tamil Nadu,Govt,"Kilpauk Medical College, Chennai",MS - Orthopaedics,9
5874,Tamil Nadu,Govt,"Kilpauk Medical College, Chennai",MD - Radiotherapy/ Radiation Oncology,3
5875,Tamil Nadu,Govt,"Kilpauk Medical College, Chennai",MD - Microbiology,2
5876,Tamil Nadu,Govt,"Kilpauk Medical College, Chennai","MD - Tuberculosis & Respiratory Diseases / Pulmonary
Medicine",3
5877,Tamil Nadu,Govt,"Kilpauk Medical College, Chennai",MD - Radio Diagnosis/Radiology,4
5878,Tamil Nadu,Govt,"Kilpauk Medical College, Chennai",MD - Physiology,1
5879,Tamil Nadu,Govt,"Kilpauk Medical College, Chennai",MD - Psychiatry,4
5880,Tamil Nadu,Govt,"Kilpauk Medical College, Chennai",MD - Bio-Chemistry,2
5881,Tamil Nadu,Govt,"Kilpauk Medical College, Chennai",MD - General Medicine,26
5882,Tamil Nadu,Govt,"Kilpauk Medical College, Chennai",MS - Opthalmology,2
5883,Tamil Nadu,Govt,"Kilpauk Medical College, Chennai","MD - Social & Preventive Medicine / Community
Medicine",2
5884,Tamil Nadu,Govt,"Kilpauk Medical College, Chennai",MD - Pathology,10
5885,Tamil Nadu,Govt,"Kilpauk Medical College, Chennai",MS - Obstetrics & Gynaecology,10
5886,Tamil Nadu,Govt,"Kilpauk Medical College, Chennai",MD - Paediatrics,6
5887,Tamil Nadu,Govt,"Kilpauk Medical College, Chennai",MD - Pharmacology,3
5888,Tamil Nadu,Govt,"Kilpauk Medical College, Chennai",MD - Physical Medicine & Rehabilitation,2
5889,Tamil Nadu,Govt,"Kilpauk Medical College, Chennai",MS - General Surgery,22
5890,Tamil Nadu,Govt,"Kilpauk Medical College, Chennai","MD - Dermatology , Venereology & Leprosy",2
5891,Tamil Nadu,Govt,"Kilpauk Medical College, Chennai",MD - Anatomy,3
5892,Tamil Nadu,Govt,"Kilpauk Medical College, Chennai","MD - Forensic Medicine/Forensic Medicine &
Toxicology",2
5893,Tamil Nadu,Trust,"Madha Medical College and Hospital, Thandalam, Chennai",MS - Opthalmology,3
5894,Tamil Nadu,Trust,"Madha Medical College and Hospital, Thandalam, Chennai",MS - General Surgery,6
5895,Tamil Nadu,Trust,"Madha Medical College and Hospital, Thandalam, Chennai","MD - Dermatology , Venereology & Leprosy",3
5896,Tamil Nadu,Trust,"Madha Medical College and Hospital, Thandalam, Chennai",MS - Orthopaedics,3
5897,Tamil Nadu,Trust,"Madha Medical College and Hospital, Thandalam, Chennai",MS - ENT,3
5898,Tamil Nadu,Trust,"Madha Medical College and Hospital, Thandalam, Chennai",MD - General Medicine,6
5899,Tamil Nadu,Trust,"Madha Medical College and Hospital, Thandalam, Chennai",MS - Obstetrics & Gynaecology,3
5900,Tamil Nadu,Trust,"Madha Medical College and Hospital, Thandalam, Chennai",MD - Paediatrics,3
5901,Tamil Nadu,Trust,"Madha Medical College and Hospital, Thandalam, Chennai",MD - Psychiatry,3
5902,Tamil Nadu,Trust,"Madha Medical College and Hospital, Thandalam, Chennai",MD - Anaesthesiology,3
5903,Tamil Nadu,Govt,"Madras Medical College, Chennai",MD - Anatomy,4
5904,Tamil Nadu,Govt,"Madras Medical College, Chennai",MS - Orthopaedics,21
5905,Tamil Nadu,Govt,"Madras Medical College, Chennai","MD - Tuberculosis & Respiratory Diseases / Pulmonary
Medicine",14
5906,Tamil Nadu,Govt,"Madras Medical College, Chennai",MD - Pathology,18
5907,Tamil Nadu,Govt,"Madras Medical College, Chennai",MD - Physiology,5
5908,Tamil Nadu,Govt,"Madras Medical College, Chennai",MS - Opthalmology,30
5909,Tamil Nadu,Govt,"Madras Medical College, Chennai",MS - General Surgery,30
5910,Tamil Nadu,Govt,"Madras Medical College, Chennai",MD - Radio Diagnosis/Radiology,18
5911,Tamil Nadu,Govt,"Madras Medical College, Chennai",MD - Microbiology,10
5912,Tamil Nadu,Govt,"Madras Medical College, Chennai",MD - Bio-Chemistry,10
5913,Tamil Nadu,Govt,"Madras Medical College, Chennai","MD - Forensic Medicine/Forensic Medicine &
Toxicology",3
5914,Tamil Nadu,Govt,"Madras Medical College, Chennai",MD - General Medicine,35
5915,Tamil Nadu,Govt,"Madras Medical College, Chennai",MD - Immuno Haematology & Blood Transfusion,3
5916,Tamil Nadu,Govt,"Madras Medical College, Chennai",MD - Geriatrics,9
5917,Tamil Nadu,Govt,"Madras Medical College, Chennai",MD - Physical Medicine & Rehabilitation,5
5918,Tamil Nadu,Govt,"Madras Medical College, Chennai",Diploma in Diabetology,3
5919,Tamil Nadu,Govt,"Madras Medical College, Chennai",MD - Emergency Medicine,5
5920,Tamil Nadu,Govt,"Madras Medical College, Chennai",MD - Radiotherapy/ Radiation Oncology,13
5921,Tamil Nadu,Govt,"Madras Medical College, Chennai",MD - Anaesthesiology,37
5922,Tamil Nadu,Govt,"Madras Medical College, Chennai",MS - ENT,30
5923,Tamil Nadu,Govt,"Madras Medical College, Chennai",MD - Psychiatry,18
5924,Tamil Nadu,Govt,"Madras Medical College, Chennai","MD - Dermatology , Venereology & Leprosy",30
5925,Tamil Nadu,Govt,"Madras Medical College, Chennai",MD - Pharmacology,4
5926,Tamil Nadu,Govt,"Madras Medical College, Chennai",MD - Paediatrics,52
5927,Tamil Nadu,Govt,"Madras Medical College, Chennai",MS - Obstetrics & Gynaecology,55
5928,Tamil Nadu,Govt,"Madras Medical College, Chennai","MD - Social & Preventive Medicine / Community
Medicine",20
5929,Tamil Nadu,Trust,"Madurai Medical College, Madurai",MD - General Medicine,26
5930,Tamil Nadu,Trust,"Madurai Medical College, Madurai",MD - Pharmacology,3
5931,Tamil Nadu,Trust,"Madurai Medical College, Madurai",MS - Obstetrics & Gynaecology,21
5932,Tamil Nadu,Trust,"Madurai Medical College, Madurai","MD - Dermatology , Venereology & Leprosy",5
5933,Tamil Nadu,Trust,"Madurai Medical College, Madurai","MD - Social & Preventive Medicine / Community
Medicine",4
5934,Tamil Nadu,Trust,"Madurai Medical College, Madurai",MD - Physiology,2
5935,Tamil Nadu,Trust,"Madurai Medical College, Madurai","MD - Forensic Medicine/Forensic Medicine &
Toxicology",3
5936,Tamil Nadu,Trust,"Madurai Medical College, Madurai",MD - Emergency Medicine,4
5937,Tamil Nadu,Trust,"Madurai Medical College, Madurai",MD - Immuno Haematology & Blood Transfusion,2
5938,Tamil Nadu,Trust,"Madurai Medical College, Madurai",MD - Anatomy,2
5939,Tamil Nadu,Trust,"Madurai Medical College, Madurai",MS - Opthalmology,18
5940,Tamil Nadu,Trust,"Madurai Medical College, Madurai",MD - Radio Diagnosis/Radiology,9
5941,Tamil Nadu,Trust,"Madurai Medical College, Madurai",MD - Microbiology,2
5942,Tamil Nadu,Trust,"Madurai Medical College, Madurai",MD - Psychiatry,7
5943,Tamil Nadu,Trust,"Madurai Medical College, Madurai",MD - Bio-Chemistry,5
5944,Tamil Nadu,Trust,"Madurai Medical College, Madurai","MD - Tuberculosis & Respiratory Diseases / Pulmonary
Medicine",4
5945,Tamil Nadu,Trust,"Madurai Medical College, Madurai",MS - Orthopaedics,12
5946,Tamil Nadu,Trust,"Madurai Medical College, Madurai",MD - Pathology,8
5947,Tamil Nadu,Trust,"Madurai Medical College, Madurai",MD - Anaesthesiology,27
5948,Tamil Nadu,Trust,"Madurai Medical College, Madurai",MS - ENT,8
5949,Tamil Nadu,Trust,"Madurai Medical College, Madurai",MS - General Surgery,25
5950,Tamil Nadu,Trust,"Madurai Medical College, Madurai",MD - Paediatrics,17
5951,Tamil Nadu,Trust,"Meenakshi Medical College and Research Institute, Enathur",MD - Radio Diagnosis/Radiology,7
5952,Tamil Nadu,Trust,"Meenakshi Medical College and Research Institute, Enathur",MD - Microbiology,2
5953,Tamil Nadu,Trust,"Meenakshi Medical College and Research Institute, Enathur",MS - ENT,2
5954,Tamil Nadu,Trust,"Meenakshi Medical College and Research Institute, Enathur",MD - Paediatrics,8
5955,Tamil Nadu,Trust,"Meenakshi Medical College and Research Institute, Enathur",MD - Anaesthesiology,8
5956,Tamil Nadu,Trust,"Meenakshi Medical College and Research Institute, Enathur","MD - Tuberculosis & Respiratory Diseases / Pulmonary
Medicine",2
5957,Tamil Nadu,Trust,"Meenakshi Medical College and Research Institute, Enathur",MS - Opthalmology,3
5958,Tamil Nadu,Trust,"Meenakshi Medical College and Research Institute, Enathur",MD - General Medicine,10
5959,Tamil Nadu,Trust,"Meenakshi Medical College and Research Institute, Enathur",MS - Obstetrics & Gynaecology,3
5960,Tamil Nadu,Trust,"Meenakshi Medical College and Research Institute, Enathur",MD - Pharmacology,1
5961,Tamil Nadu,Trust,"Meenakshi Medical College and Research Institute, Enathur","MD - Dermatology , Venereology & Leprosy",3
5962,Tamil Nadu,Trust,"Meenakshi Medical College and Research Institute, Enathur",MD - Bio-Chemistry,2
5963,Tamil Nadu,Trust,"Meenakshi Medical College and Research Institute, Enathur",MD - Psychiatry,2
5964,Tamil Nadu,Trust,"Meenakshi Medical College and Research Institute, Enathur",MD - Anatomy,2
5965,Tamil Nadu,Trust,"Meenakshi Medical College and Research Institute, Enathur","MD - Social & Preventive Medicine / Community
Medicine",4
5966,Tamil Nadu,Trust,"Meenakshi Medical College and Research Institute, Enathur",MS - Orthopaedics,2
5967,Tamil Nadu,Trust,"Meenakshi Medical College and Research Institute, Enathur",MD - Physiology,2
5968,Tamil Nadu,Trust,"Meenakshi Medical College and Research Institute, Enathur",MS - General Surgery,15
5969,Tamil Nadu,Trust,"Meenakshi Medical College and Research Institute, Enathur",MD - Pathology,5
5970,Tamil Nadu,Trust,Melmaruvathur Adiparasakthi Instt. Medical Sciences and Research,MD - Community Medicine,2
5971,Tamil Nadu,Trust,Melmaruvathur Adiparasakthi Instt. Medical Sciences and Research,MS - Orthopaedics,3
5972,Tamil Nadu,Trust,Melmaruvathur Adiparasakthi Instt. Medical Sciences and Research,MS - General Surgery,5
5973,Tamil Nadu,Trust,Melmaruvathur Adiparasakthi Instt. Medical Sciences and Research,MD - Paediatrics,3
5974,Tamil Nadu,Trust,Melmaruvathur Adiparasakthi Instt. Medical Sciences and Research,MD - Pharmacology,4
5975,Tamil Nadu,Trust,Melmaruvathur Adiparasakthi Instt. Medical Sciences and Research,MD - Physiology,3
5976,Tamil Nadu,Trust,Melmaruvathur Adiparasakthi Instt. Medical Sciences and Research,MD - General Medicine,3
5977,Tamil Nadu,Trust,Melmaruvathur Adiparasakthi Instt. Medical Sciences and Research,"MD - Forensic Medicine/Forensic Medicine &
Toxicology",3
5978,Tamil Nadu,Trust,Melmaruvathur Adiparasakthi Instt. Medical Sciences and Research,MD - Anatomy,4
5979,Tamil Nadu,Trust,Melmaruvathur Adiparasakthi Instt. Medical Sciences and Research,MS - Obstetrics & Gynaecology,4
5980,Tamil Nadu,Trust,Melmaruvathur Adiparasakthi Instt. Medical Sciences and Research,MD - Pathology,3
5981,Tamil Nadu,Trust,Melmaruvathur Adiparasakthi Instt. Medical Sciences and Research,MD - Microbiology,3
5982,Tamil Nadu,Trust,Melmaruvathur Adiparasakthi Instt. Medical Sciences and Research,MD - Radio Diagnosis/Radiology,2
5983,Tamil Nadu,Trust,Melmaruvathur Adiparasakthi Instt. Medical Sciences and Research,MD - Anaesthesiology,3
5984,Tamil Nadu,Trust,Melmaruvathur Adiparasakthi Instt. Medical Sciences and Research,MS - Opthalmology,3
5985,Tamil Nadu,Trust,Melmaruvathur Adiparasakthi Instt. Medical Sciences and Research,MS - Otorhinolaryngology,2
5986,Tamil Nadu,Trust,Melmaruvathur Adiparasakthi Instt. Medical Sciences and Research,MD - Bio-Chemistry,3
5987,Tamil Nadu,Trust,"PSG Institute of Medical Sciences, Coimbatore","MD - Dermatology , Venereology & Leprosy",5
5988,Tamil Nadu,Trust,"PSG Institute of Medical Sciences, Coimbatore",MD - Pharmacology,2
5989,Tamil Nadu,Trust,"PSG Institute of Medical Sciences, Coimbatore","MD - Tuberculosis & Respiratory Diseases / Pulmonary
Medicine",2
5990,Tamil Nadu,Trust,"PSG Institute of Medical Sciences, Coimbatore",MD - Psychiatry,4
5991,Tamil Nadu,Trust,"PSG Institute of Medical Sciences, Coimbatore","MD - Social & Preventive Medicine / Community
Medicine",6
5992,Tamil Nadu,Trust,"PSG Institute of Medical Sciences, Coimbatore",MS - ENT,2
5993,Tamil Nadu,Trust,"PSG Institute of Medical Sciences, Coimbatore",MS - Opthalmology,3
5994,Tamil Nadu,Trust,"PSG Institute of Medical Sciences, Coimbatore",MS - Obstetrics & Gynaecology,7
5995,Tamil Nadu,Trust,"PSG Institute of Medical Sciences, Coimbatore",MD - Pathology,8
5996,Tamil Nadu,Trust,"PSG Institute of Medical Sciences, Coimbatore",MS - Orthopaedics,2
5997,Tamil Nadu,Trust,"PSG Institute of Medical Sciences, Coimbatore",MD - Physiology,3
5998,Tamil Nadu,Trust,"PSG Institute of Medical Sciences, Coimbatore",MD - Anaesthesiology,4
5999,Tamil Nadu,Trust,"PSG Institute of Medical Sciences, Coimbatore",MD - Paediatrics,6
6000,Tamil Nadu,Trust,"PSG Institute of Medical Sciences, Coimbatore",MD - Radio Diagnosis/Radiology,5
6001,Tamil Nadu,Trust,"PSG Institute of Medical Sciences, Coimbatore",MD - General Medicine,6
6002,Tamil Nadu,Trust,"PSG Institute of Medical Sciences, Coimbatore",MD - Bio-Chemistry,1
6003,Tamil Nadu,Trust,"PSG Institute of Medical Sciences, Coimbatore",MD- Anatomy,3
6004,Tamil Nadu,Trust,"PSG Institute of Medical Sciences, Coimbatore",MD-Micrology,4
6005,Tamil Nadu,Trust,"PSG Institute of Medical Sciences, Coimbatore",MS-General Surgery,4
6006,Tamil Nadu,Govt,"Rajah Muthiah Medical College, Annamalainagar",MD - Pathology,3
6007,Tamil Nadu,Govt,"Rajah Muthiah Medical College, Annamalainagar",MS - ENT,4
6008,Tamil Nadu,Govt,"Rajah Muthiah Medical College, Annamalainagar",MD - Psychiatry,2
6009,Tamil Nadu,Govt,"Rajah Muthiah Medical College, Annamalainagar",MD - Anatomy,3
6010,Tamil Nadu,Govt,"Rajah Muthiah Medical College, Annamalainagar",MD - Emergency Medicine,3
6011,Tamil Nadu,Govt,"Rajah Muthiah Medical College, Annamalainagar",MD - Physiology,3
6012,Tamil Nadu,Govt,"Rajah Muthiah Medical College, Annamalainagar",MS - Obstetrics & Gynaecology,12
6013,Tamil Nadu,Govt,"Rajah Muthiah Medical College, Annamalainagar",MD - Anaesthesiology,7
6014,Tamil Nadu,Govt,"Rajah Muthiah Medical College, Annamalainagar",MD - Paediatrics,10
6015,Tamil Nadu,Govt,"Rajah Muthiah Medical College, Annamalainagar",Diploma in Oto-Rhino-Laryngology,1
6016,Tamil Nadu,Govt,"Rajah Muthiah Medical College, Annamalainagar","MD - Social & Preventive Medicine / Community
Medicine",8
6017,Tamil Nadu,Govt,"Rajah Muthiah Medical College, Annamalainagar",MS - General Surgery,18
6018,Tamil Nadu,Govt,"Rajah Muthiah Medical College, Annamalainagar",Diploma in Orthopaedics,3
6019,Tamil Nadu,Govt,"Rajah Muthiah Medical College, Annamalainagar",Diploma in Ophthalmology,1
6020,Tamil Nadu,Govt,"Rajah Muthiah Medical College, Annamalainagar",MS - Opthalmology,4
6021,Tamil Nadu,Govt,"Rajah Muthiah Medical College, Annamalainagar",MD - Bio-Chemistry,4
6022,Tamil Nadu,Govt,"Rajah Muthiah Medical College, Annamalainagar",MD - General Medicine,14
6023,Tamil Nadu,Govt,"Rajah Muthiah Medical College, Annamalainagar",Diploma in Obstetrics & Gynaecology,3
6024,Tamil Nadu,Govt,"Rajah Muthiah Medical College, Annamalainagar",Diploma in Child Health,3
6025,Tamil Nadu,Govt,"Rajah Muthiah Medical College, Annamalainagar",Diploma in Anaesthesia,6
6026,Tamil Nadu,Govt,"Rajah Muthiah Medical College, Annamalainagar",MD - Physical Medicine & Rehabilitation,1
6027,Tamil Nadu,Govt,"Rajah Muthiah Medical College, Annamalainagar","Diploma in Dermatology, Venereology and Leprosy",1
6028,Tamil Nadu,Govt,"Rajah Muthiah Medical College, Annamalainagar",MD - Microbiology,3
6029,Tamil Nadu,Govt,"Rajah Muthiah Medical College, Annamalainagar",MS - Orthopaedics,8
6030,Tamil Nadu,Govt,"Rajah Muthiah Medical College, Annamalainagar",MD - Pharmacology,5
6031,Tamil Nadu,Govt,"Rajah Muthiah Medical College, Annamalainagar","MD - Dermatology , Venereology & Leprosy",4
6032,Tamil Nadu,Govt,"Regional centre for Cancer Research and treatment,Adyar,Chennai",MD - Radiotherapy/ Radiation Oncology,7
6033,Tamil Nadu,Govt,"Sankara Netralaya  Medical Research Foundation, Chennai",MS - Ophthalmology,4
6034,Tamil Nadu,Trust,"Saveetha Medical College and Hospital, Kanchipuram",MD - Sports Medicine,2
6035,Tamil Nadu,Trust,"Saveetha Medical College and Hospital, Kanchipuram","MD - Tuberculosis & Respiratory Diseases / Pulmonary
Medicine",3
6036,Tamil Nadu,Trust,"Saveetha Medical College and Hospital, Kanchipuram","MD - Social & Preventive Medicine / Community
Medicine",7
6037,Tamil Nadu,Trust,"Saveetha Medical College and Hospital, Kanchipuram",MD - Bio-Chemistry,2
6038,Tamil Nadu,Trust,"Saveetha Medical College and Hospital, Kanchipuram",MD - Anatomy,2
6039,Tamil Nadu,Trust,"Saveetha Medical College and Hospital, Kanchipuram",MD - General Medicine,15
6040,Tamil Nadu,Trust,"Saveetha Medical College and Hospital, Kanchipuram",MD - Immuno Haematology & Blood Transfusion,2
6041,Tamil Nadu,Trust,"Saveetha Medical College and Hospital, Kanchipuram",MD - Anaesthesiology,12
6042,Tamil Nadu,Trust,"Saveetha Medical College and Hospital, Kanchipuram","MD - Dermatology , Venereology & Leprosy",5
6043,Tamil Nadu,Trust,"Saveetha Medical College and Hospital, Kanchipuram",MD - Pharmacology,1
6044,Tamil Nadu,Trust,"Saveetha Medical College and Hospital, Kanchipuram",MS - Obstetrics & Gynaecology,10
6045,Tamil Nadu,Trust,"Saveetha Medical College and Hospital, Kanchipuram",MS - Orthopaedics,12
6046,Tamil Nadu,Trust,"Saveetha Medical College and Hospital, Kanchipuram",MD - Microbiology,4
6047,Tamil Nadu,Trust,"Saveetha Medical College and Hospital, Kanchipuram",MS - General Surgery,15
6048,Tamil Nadu,Trust,"Saveetha Medical College and Hospital, Kanchipuram",MD - Radio Diagnosis/Radiology,11
6049,Tamil Nadu,Trust,"Saveetha Medical College and Hospital, Kanchipuram",MD - Paediatrics,9
6050,Tamil Nadu,Trust,"Saveetha Medical College and Hospital, Kanchipuram",MS - ENT,5
6051,Tamil Nadu,Trust,"Saveetha Medical College and Hospital, Kanchipuram",MS - Opthalmology,3
6052,Tamil Nadu,Trust,"Saveetha Medical College and Hospital, Kanchipuram",MD - Pathology,10
6053,Tamil Nadu,Trust,"Saveetha Medical College and Hospital, Kanchipuram",MD - Physiology,2
6054,Tamil Nadu,Trust,"Saveetha Medical College and Hospital, Kanchipuram",MD - Psychiatry,4
6055,Tamil Nadu,Trust,"Shri Sathya Sai Medical College and Research Institute, Kancheepuram",MS - Opthalmology,4
6056,Tamil Nadu,Trust,"Shri Sathya Sai Medical College and Research Institute, Kancheepuram",MD - Paediatrics,12
6057,Tamil Nadu,Trust,"Shri Sathya Sai Medical College and Research Institute, Kancheepuram","MD - Dermatology , Venereology & Leprosy",4
6058,Tamil Nadu,Trust,"Shri Sathya Sai Medical College and Research Institute, Kancheepuram",MD - Microbiology,3
6059,Tamil Nadu,Trust,"Shri Sathya Sai Medical College and Research Institute, Kancheepuram",MS - Orthopaedics,12
6060,Tamil Nadu,Trust,"Shri Sathya Sai Medical College and Research Institute, Kancheepuram",MS - ENT,7
6061,Tamil Nadu,Trust,"Shri Sathya Sai Medical College and Research Institute, Kancheepuram",MS - General Surgery,14
6062,Tamil Nadu,Trust,"Shri Sathya Sai Medical College and Research Institute, Kancheepuram","MD - Tuberculosis & Respiratory Diseases / Pulmonary
Medicine",5
6063,Tamil Nadu,Trust,"Shri Sathya Sai Medical College and Research Institute, Kancheepuram",MD - Anaesthesiology,9
6064,Tamil Nadu,Trust,"Shri Sathya Sai Medical College and Research Institute, Kancheepuram",MD - Pathology,3
6065,Tamil Nadu,Trust,"Shri Sathya Sai Medical College and Research Institute, Kancheepuram",MD - Pharmacology,1
6066,Tamil Nadu,Trust,"Shri Sathya Sai Medical College and Research Institute, Kancheepuram","MD - Forensic Medicine/Forensic Medicine &
Toxicology",3
6067,Tamil Nadu,Trust,"Shri Sathya Sai Medical College and Research Institute, Kancheepuram",MS - Obstetrics & Gynaecology,7
6068,Tamil Nadu,Trust,"Shri Sathya Sai Medical College and Research Institute, Kancheepuram",MD - Radio Diagnosis/Radiology,10
6069,Tamil Nadu,Trust,"Shri Sathya Sai Medical College and Research Institute, Kancheepuram","MD - Social & Preventive Medicine / Community
Medicine",2
6070,Tamil Nadu,Trust,"Shri Sathya Sai Medical College and Research Institute, Kancheepuram",MD - General Medicine,10
6071,Tamil Nadu,Society,"Sree Balaji Medical College and Hospital, Chennai","MD - Dermatology , Venereology & Leprosy",7
6072,Tamil Nadu,Society,"Sree Balaji Medical College and Hospital, Chennai","MD - Social & Preventive Medicine / Community
Medicine",8
6073,Tamil Nadu,Society,"Sree Balaji Medical College and Hospital, Chennai","MD - Tuberculosis & Respiratory Diseases / Pulmonary
Medicine",6
6074,Tamil Nadu,Society,"Sree Balaji Medical College and Hospital, Chennai",MS - Opthalmology,2
6075,Tamil Nadu,Society,"Sree Balaji Medical College and Hospital, Chennai",MS - General Surgery,21
6076,Tamil Nadu,Society,"Sree Balaji Medical College and Hospital, Chennai",MS - ENT,3
6077,Tamil Nadu,Society,"Sree Balaji Medical College and Hospital, Chennai",MD - Paediatrics,12
6078,Tamil Nadu,Society,"Sree Balaji Medical College and Hospital, Chennai",MD - Physiology,4
6079,Tamil Nadu,Society,"Sree Balaji Medical College and Hospital, Chennai",MD - Pathology,10
6080,Tamil Nadu,Society,"Sree Balaji Medical College and Hospital, Chennai",MD - Anatomy,2
6081,Tamil Nadu,Society,"Sree Balaji Medical College and Hospital, Chennai",MD - Pharmacology,3
6082,Tamil Nadu,Society,"Sree Balaji Medical College and Hospital, Chennai",MD - Bio-Chemistry,3
6083,Tamil Nadu,Society,"Sree Balaji Medical College and Hospital, Chennai",MD - Microbiology,3
6084,Tamil Nadu,Society,"Sree Balaji Medical College and Hospital, Chennai",MD - Anaesthesiology,10
6085,Tamil Nadu,Society,"Sree Balaji Medical College and Hospital, Chennai",MS - Orthopaedics,15
6086,Tamil Nadu,Society,"Sree Balaji Medical College and Hospital, Chennai",MD - General Medicine,20
6087,Tamil Nadu,Society,"Sree Balaji Medical College and Hospital, Chennai",MD - Psychiatry,2
6088,Tamil Nadu,Society,"Sree Balaji Medical College and Hospital, Chennai",MD - Radio Diagnosis/Radiology,11
6089,Tamil Nadu,Society,"Sree Balaji Medical College and Hospital, Chennai",MS - Obstetrics & Gynaecology,15
6090,Tamil Nadu,Trust,"Sree Mookambika Institute of Medical Sciences, Kanyakumari",MS - ENT,3
6091,Tamil Nadu,Trust,"Sree Mookambika Institute of Medical Sciences, Kanyakumari","MD - Dermatology , Venereology & Leprosy",3
6092,Tamil Nadu,Trust,"Sree Mookambika Institute of Medical Sciences, Kanyakumari",MS - Opthalmology,3
6093,Tamil Nadu,Trust,"Sree Mookambika Institute of Medical Sciences, Kanyakumari",MD - Radiation Oncology,2
6094,Tamil Nadu,Trust,"Sree Mookambika Institute of Medical Sciences, Kanyakumari",MD - Anaesthesiology,5
6095,Tamil Nadu,Trust,"Sree Mookambika Institute of Medical Sciences, Kanyakumari",MD - Microbiology,1
6096,Tamil Nadu,Trust,"Sree Mookambika Institute of Medical Sciences, Kanyakumari","MD - Social & Preventive Medicine / Community
Medicine",2
6097,Tamil Nadu,Trust,"Sree Mookambika Institute of Medical Sciences, Kanyakumari",MD - Pharmacology,2
6098,Tamil Nadu,Trust,"Sree Mookambika Institute of Medical Sciences, Kanyakumari",MD - Pathology,2
6099,Tamil Nadu,Trust,"Sree Mookambika Institute of Medical Sciences, Kanyakumari",MD - Emergency Medicine,3
6100,Tamil Nadu,Trust,"Sree Mookambika Institute of Medical Sciences, Kanyakumari",MD - General Medicine,6
6101,Tamil Nadu,Trust,"Sree Mookambika Institute of Medical Sciences, Kanyakumari",MD - Radio Diagnosis/Radiology,6
6102,Tamil Nadu,Trust,"Sree Mookambika Institute of Medical Sciences, Kanyakumari",MD - Anatomy,2
6103,Tamil Nadu,Trust,"Sree Mookambika Institute of Medical Sciences, Kanyakumari",MD - Physiology,2
6104,Tamil Nadu,Trust,"Sree Mookambika Institute of Medical Sciences, Kanyakumari",MD - Respiratory Medicine,3
6105,Tamil Nadu,Trust,"Sree Mookambika Institute of Medical Sciences, Kanyakumari",MD - Bio-Chemistry,2
6106,Tamil Nadu,Trust,"Sree Mookambika Institute of Medical Sciences, Kanyakumari",MS - Orthopaedics,3
6107,Tamil Nadu,Trust,"Sree Mookambika Institute of Medical Sciences, Kanyakumari",MS - Obstetrics & Gynaecology,5
6108,Tamil Nadu,Trust,"Sree Mookambika Institute of Medical Sciences, Kanyakumari",MD - Paediatrics,6
6109,Tamil Nadu,Trust,"Sree Mookambika Institute of Medical Sciences, Kanyakumari",MS - General Surgery,9
6110,Tamil Nadu,Trust,"Sri Muthukumaran Medical College,Chennai",MD - Psychiatry,1
6111,Tamil Nadu,Trust,"Sri Muthukumaran Medical College,Chennai",MS - Opthalmology,1
6112,Tamil Nadu,Trust,"Sri Muthukumaran Medical College,Chennai",MS - ENT,2
6113,Tamil Nadu,Trust,"Sri Muthukumaran Medical College,Chennai",MS - General Surgery,11
6114,Tamil Nadu,Trust,"Sri Muthukumaran Medical College,Chennai",MD - Anaesthesiology,4
6115,Tamil Nadu,Trust,"Sri Muthukumaran Medical College,Chennai",MD - Community Medicine,2
6116,Tamil Nadu,Trust,"Sri Muthukumaran Medical College,Chennai",MS - Obstetrics & Gynaecology,3
6117,Tamil Nadu,Trust,"Sri Muthukumaran Medical College,Chennai",MD - General Medicine,8
6118,Tamil Nadu,Trust,"Sri Ramachandra Medical College & Research Institute, Chennai",MD - Sports Medicine,5
6119,Tamil Nadu,Trust,"Sri Ramachandra Medical College & Research Institute, Chennai","MD - Dermatology , Venereology & Leprosy",6
6120,Tamil Nadu,Trust,"Sri Ramachandra Medical College & Research Institute, Chennai",MS - General Surgery,18
6121,Tamil Nadu,Trust,"Sri Ramachandra Medical College & Research Institute, Chennai",MD - Anatomy,6
6122,Tamil Nadu,Trust,"Sri Ramachandra Medical College & Research Institute, Chennai",MD - Pharmacology,6
6123,Tamil Nadu,Trust,"Sri Ramachandra Medical College & Research Institute, Chennai",MD - Psychiatry,4
6124,Tamil Nadu,Trust,"Sri Ramachandra Medical College & Research Institute, Chennai",MS - Orthopaedics,18
6125,Tamil Nadu,Trust,"Sri Ramachandra Medical College & Research Institute, Chennai",MD - General Medicine,30
6126,Tamil Nadu,Trust,"Sri Ramachandra Medical College & Research Institute, Chennai",MD - Pathology,10
6127,Tamil Nadu,Trust,"Sri Ramachandra Medical College & Research Institute, Chennai",MD - Paediatrics,18
6128,Tamil Nadu,Trust,"Sri Ramachandra Medical College & Research Institute, Chennai",MD - Physiology,5
6129,Tamil Nadu,Trust,"Sri Ramachandra Medical College & Research Institute, Chennai",MD - Anaesthesiology,20
6130,Tamil Nadu,Trust,"Sri Ramachandra Medical College & Research Institute, Chennai",MS - Obstetrics & Gynaecology,18
6131,Tamil Nadu,Trust,"Sri Ramachandra Medical College & Research Institute, Chennai",MD - Radiotherapy/ Radiation Oncology,2
6132,Tamil Nadu,Trust,"Sri Ramachandra Medical College & Research Institute, Chennai","MD - Tuberculosis & Respiratory Diseases / Pulmonary
Medicine",5
6133,Tamil Nadu,Trust,"Sri Ramachandra Medical College & Research Institute, Chennai",MD - Radio Diagnosis/Radiology,22
6134,Tamil Nadu,Trust,"Sri Ramachandra Medical College & Research Institute, Chennai","MD - Social & Preventive Medicine / Community
Medicine",4
6135,Tamil Nadu,Trust,"Sri Ramachandra Medical College & Research Institute, Chennai","MD - Forensic Medicine/Forensic Medicine &
Toxicology",3
6136,Tamil Nadu,Trust,"Sri Ramachandra Medical College & Research Institute, Chennai",MD - Microbiology,6
6137,Tamil Nadu,Trust,"Sri Ramachandra Medical College & Research Institute, Chennai",MD - Emergency Medicine,3
6138,Tamil Nadu,Trust,"Sri Ramachandra Medical College & Research Institute, Chennai",MD - Bio-Chemistry,4
6139,Tamil Nadu,Trust,"Sri Ramachandra Medical College & Research Institute, Chennai",MD - Immuno Haematology & Blood Transfusion,4
6140,Tamil Nadu,Trust,"Sri Ramachandra Medical College & Research Institute, Chennai",MS - Opthalmology,6
6141,Tamil Nadu,Trust,"Sri Ramachandra Medical College & Research Institute, Chennai",MS - ENT,8
6142,Tamil Nadu,Trust,Srinivasan Medical College and Hospital,MS-ENT,3
6143,Tamil Nadu,Trust,Srinivasan Medical College and Hospital,MD - Community Medicine,3
6144,Tamil Nadu,Trust,"SRM Medical College Hospital & Research Centre Chengalpattu,SRM Medical College Hospital & Research Centre Kancheepuram",MD - Tuberculosis & Respiratory Diseases / Pulmonary Medicine,5
6145,Tamil Nadu,Trust,"SRM Medical College Hospital & Research Centre Chengalpattu,SRM Medical College Hospital & Research Centre Kancheepuram",MD - Social & Preventive Medicine / Community Medicine,9
6146,Tamil Nadu,Trust,"SRM Medical College Hospital & Research Centre Chengalpattu,SRM Medical College Hospital & Research Centre Kancheepuram",MD - Paediatrics,6
6147,Tamil Nadu,Trust,"SRM Medical College Hospital & Research Centre Chengalpattu,SRM Medical College Hospital & Research Centre Kancheepuram",MS - Orthopaedics,11
6148,Tamil Nadu,Trust,"SRM Medical College Hospital & Research Centre Chengalpattu,SRM Medical College Hospital & Research Centre Kancheepuram",MS - Obstetrics & Gynaecology,9
6149,Tamil Nadu,Trust,"SRM Medical College Hospital & Research Centre Chengalpattu,SRM Medical College Hospital & Research Centre Kancheepuram","MD - Dermatology , Venereology & Leprosy",5
6150,Tamil Nadu,Trust,"SRM Medical College Hospital & Research Centre Chengalpattu,SRM Medical College Hospital & Research Centre Kancheepuram",MS - General Surgery,24
6151,Tamil Nadu,Trust,"SRM Medical College Hospital & Research Centre Chengalpattu,SRM Medical College Hospital & Research Centre Kancheepuram",MD - Anatomy,4
6152,Tamil Nadu,Trust,"SRM Medical College Hospital & Research Centre Chengalpattu,SRM Medical College Hospital & Research Centre Kancheepuram",MD - General Medicine,24
6153,Tamil Nadu,Trust,"SRM Medical College Hospital & Research Centre Chengalpattu,SRM Medical College Hospital & Research Centre Kancheepuram",MS - Opthalmology,5
6154,Tamil Nadu,Trust,"SRM Medical College Hospital & Research Centre Chengalpattu,SRM Medical College Hospital & Research Centre Kancheepuram",MD - Emergency Medicine,5
6155,Tamil Nadu,Trust,"SRM Medical College Hospital & Research Centre Chengalpattu,SRM Medical College Hospital & Research Centre Kancheepuram",MD - Radio Diagnosis/Radiology,7
6156,Tamil Nadu,Trust,"SRM Medical College Hospital & Research Centre Chengalpattu,SRM Medical College Hospital & Research Centre Kancheepuram",MD - Psychiatry,5
6157,Tamil Nadu,Trust,"SRM Medical College Hospital & Research Centre Chengalpattu,SRM Medical College Hospital & Research Centre Kancheepuram",MD - Physiology,4
6158,Tamil Nadu,Trust,"SRM Medical College Hospital & Research Centre Chengalpattu,SRM Medical College Hospital & Research Centre Kancheepuram",MD - Anaesthesiology,15
6159,Tamil Nadu,Trust,"SRM Medical College Hospital & Research Centre Chengalpattu,SRM Medical College Hospital & Research Centre Kancheepuram",MS - ENT,8
6160,Tamil Nadu,Trust,"SRM Medical College Hospital & Research Centre Chengalpattu,SRM Medical College Hospital & Research Centre Kancheepuram",MD - Microbiology,3
6161,Tamil Nadu,Trust,"SRM Medical College Hospital & Research Centre Chengalpattu,SRM Medical College Hospital & Research Centre Kancheepuram",MD - Pathology,6
6162,Tamil Nadu,Trust,"SRM Medical College Hospital & Research Centre Chengalpattu,SRM Medical College Hospital & Research Centre Kancheepuram",MD - Bio-Chemistry,2
6163,Tamil Nadu,Trust,"SRM Medical College Hospital & Research Centre Chengalpattu,SRM Medical College Hospital & Research Centre Kancheepuram",MD - Pharmacology,4
6164,Tamil Nadu,Trust,"SRM Medical College Hospital & Research Centre Chengalpattu,SRM Medical College Hospital & Research Centre Kancheepuram",MD - Forensic Medicine/Forensic Medicine & Toxicology,5
6165,Tamil Nadu,Trust,"ST Peters Medical College, Hospital & Research Institute",MS-General Surgery,4
6166,Tamil Nadu,Trust,"ST Peters Medical College, Hospital & Research Institute",MS-Orthopedics,4
6167,Tamil Nadu,Trust,"ST Peters Medical College, Hospital & Research Institute",MS-ENT,2
6168,Tamil Nadu,Trust,"ST Peters Medical College, Hospital & Research Institute",MD- Radio Diagnosis,2
6169,Tamil Nadu,Trust,"ST Peters Medical College, Hospital & Research Institute",MD - Pathology,3
6170,Tamil Nadu,Trust,"ST Peters Medical College, Hospital & Research Institute",MD - Microbiology,3
6171,Tamil Nadu,Trust,"ST Peters Medical College, Hospital & Research Institute",MD- Community Medicine,3
6172,Tamil Nadu,Trust,"ST Peters Medical College, Hospital & Research Institute",MD- Biochemistry,3
6173,Tamil Nadu,Trust,"ST Peters Medical College, Hospital & Research Institute",MD- Anaesthesiology,2
6174,Tamil Nadu,Trust,"ST Peters Medical College, Hospital & Research Institute",MD - DVL,2
6175,Tamil Nadu,Govt,"Stanley Medical College, Chennai","MD - Dermatology , Venereology & Leprosy",10
6176,Tamil Nadu,Govt,"Stanley Medical College, Chennai","MD - Tuberculosis & Respiratory Diseases / Pulmonary
Medicine",6
6177,Tamil Nadu,Govt,"Stanley Medical College, Chennai",MD - Pharmacology,2
6178,Tamil Nadu,Govt,"Stanley Medical College, Chennai",MS - Opthalmology,6
6179,Tamil Nadu,Govt,"Stanley Medical College, Chennai",MD - Bio-Chemistry,4
6180,Tamil Nadu,Govt,"Stanley Medical College, Chennai",MD - Pathology,7
6181,Tamil Nadu,Govt,"Stanley Medical College, Chennai",MS - Orthopaedics,16
6182,Tamil Nadu,Govt,"Stanley Medical College, Chennai",MD - Paediatrics,16
6183,Tamil Nadu,Govt,"Stanley Medical College, Chennai",MS - Obstetrics & Gynaecology,20
6184,Tamil Nadu,Govt,"Stanley Medical College, Chennai",MS - General Surgery,28
6185,Tamil Nadu,Govt,"Stanley Medical College, Chennai",MD - General Medicine,31
6186,Tamil Nadu,Govt,"Stanley Medical College, Chennai",MD - Psychiatry,5
6187,Tamil Nadu,Govt,"Stanley Medical College, Chennai",MD - Radio Diagnosis/Radiology,14
6188,Tamil Nadu,Govt,"Stanley Medical College, Chennai","MD - Social & Preventive Medicine / Community
Medicine",5
6189,Tamil Nadu,Govt,"Stanley Medical College, Chennai",MD - Anaesthesiology,24
6190,Tamil Nadu,Govt,"Stanley Medical College, Chennai","MD - Forensic Medicine/Forensic Medicine &
Toxicology",3
6191,Tamil Nadu,Govt,"Stanley Medical College, Chennai",MD - Microbiology,3
6192,Tamil Nadu,Govt,"Stanley Medical College, Chennai",MS - ENT,7
6193,Tamil Nadu,Govt,"Stanley Medical College, Chennai",MD - Physiology,2
6194,Tamil Nadu,Govt,"Stanley Medical College, Chennai",MD - Anatomy,2
6195,Tamil Nadu,Govt,"Stanley Medical College, Chennai",MD - Emergency Medicine,5
6196,Tamil Nadu,Trust,Swamy Vivekanandha Medical College Hospital And Research Institute,MD - Biochemistry,2
6197,Tamil Nadu,Trust,Swamy Vivekanandha Medical College Hospital And Research Institute,MD - Anatomy,2
6198,Tamil Nadu,Trust,"Tagore Medical College and Hospital, Chennai","MD - Dermatology , Venereology & Leprosy",2
6199,Tamil Nadu,Trust,"Tagore Medical College and Hospital, Chennai","MD - Social & Preventive Medicine / Community
Medicine",4
6200,Tamil Nadu,Trust,"Tagore Medical College and Hospital, Chennai",MD - Microbiology,3
6201,Tamil Nadu,Trust,"Tagore Medical College and Hospital, Chennai",MD - Anaesthesiology,2
6202,Tamil Nadu,Trust,"Tagore Medical College and Hospital, Chennai",MS - Obstetrics & Gynaecology,3
6203,Tamil Nadu,Trust,"Tagore Medical College and Hospital, Chennai",MS - Orthopaedics,3
6204,Tamil Nadu,Trust,"Tagore Medical College and Hospital, Chennai",MS - Otorhinolaryngology,1
6205,Tamil Nadu,Trust,"Tagore Medical College and Hospital, Chennai",MD - Radio Diagnosis/Radiology,2
6206,Tamil Nadu,Trust,"Tagore Medical College and Hospital, Chennai",MD - Pathology,5
6207,Tamil Nadu,Trust,"Tagore Medical College and Hospital, Chennai",MD - Paediatrics,3
6208,Tamil Nadu,Trust,"Tagore Medical College and Hospital, Chennai",MD - Pharmacology,3
6209,Tamil Nadu,Trust,"Tagore Medical College and Hospital, Chennai",MD - Respiratory Medicine,2
6210,Tamil Nadu,Trust,"Tagore Medical College and Hospital, Chennai",MS - General Surgery,5
6211,Tamil Nadu,Trust,"Tagore Medical College and Hospital, Chennai",MS - Opthalmology,2
6212,Tamil Nadu,Trust,"Tagore Medical College and Hospital, Chennai",MD - General Medicine,5
6213,Tamil Nadu,Govt,"Thanjavur Medical College,Thanjavur","MD - Tuberculosis & Respiratory Diseases / Pulmonary
Medicine",2
6214,Tamil Nadu,Govt,"Thanjavur Medical College,Thanjavur",MD - General Medicine,17
6215,Tamil Nadu,Govt,"Thanjavur Medical College,Thanjavur",MD - Paediatrics,10
6216,Tamil Nadu,Govt,"Thanjavur Medical College,Thanjavur",MD - Microbiology,2
6217,Tamil Nadu,Govt,"Thanjavur Medical College,Thanjavur",MD - Anatomy,3
6218,Tamil Nadu,Govt,"Thanjavur Medical College,Thanjavur",MD - Pathology,4
6219,Tamil Nadu,Govt,"Thanjavur Medical College,Thanjavur",MS - Opthalmology,6
6220,Tamil Nadu,Govt,"Thanjavur Medical College,Thanjavur",MS - Orthopaedics,5
6221,Tamil Nadu,Govt,"Thanjavur Medical College,Thanjavur",MS - ENT,6
6222,Tamil Nadu,Govt,"Thanjavur Medical College,Thanjavur",MD - Bio-Chemistry,3
6223,Tamil Nadu,Govt,"Thanjavur Medical College,Thanjavur",MD - Psychiatry,4
6224,Tamil Nadu,Govt,"Thanjavur Medical College,Thanjavur",MD - Emergency Medicine,5
6225,Tamil Nadu,Govt,"Thanjavur Medical College,Thanjavur",MD - Radio Diagnosis/Radiology,5
6226,Tamil Nadu,Govt,"Thanjavur Medical College,Thanjavur","MD - Dermatology , Venereology & Leprosy",2
6227,Tamil Nadu,Govt,"Thanjavur Medical College,Thanjavur",MS - Obstetrics & Gynaecology,16
6228,Tamil Nadu,Govt,"Thanjavur Medical College,Thanjavur",MS - General Surgery,14
6229,Tamil Nadu,Govt,"Thanjavur Medical College,Thanjavur",MD - Anaesthesiology,13
6230,Tamil Nadu,Govt,"Thanjavur Medical College,Thanjavur",MD - Physiology,3
6231,Tamil Nadu,Govt,"The Tamilnadu Dr. MGR Medical University,Chennai",MD Immuno-Hematology & Blood Tranfusion,5
6232,Tamil Nadu,Govt,"Theni Government Medical College,Theni",MS - General Surgery,8
6233,Tamil Nadu,Govt,"Theni Government Medical College,Theni",MD - Emergency Medicine,3
6234,Tamil Nadu,Govt,"Theni Government Medical College,Theni",MD - Anaesthesiology,6
6235,Tamil Nadu,Govt,"Theni Government Medical College,Theni",MD - Anatomy,3
6236,Tamil Nadu,Govt,"Theni Government Medical College,Theni",MD - Paediatrics,6
6237,Tamil Nadu,Govt,"Theni Government Medical College,Theni",MS - Orthopaedics,2
6238,Tamil Nadu,Govt,"Theni Government Medical College,Theni",MD - General Medicine,8
6239,Tamil Nadu,Govt,"Theni Government Medical College,Theni",MS - Obstetrics & Gynaecology,8
6240,Tamil Nadu,Govt,"Theni Government Medical College,Theni",MD - Psychiatry,2
6241,Tamil Nadu,Govt,"Thiruvarur Govt. Medical College, Thiruvarur",MS - General Surgery,10
6242,Tamil Nadu,Govt,"Thiruvarur Govt. Medical College, Thiruvarur",MD - Anaesthesiology,6
6243,Tamil Nadu,Govt,"Thiruvarur Govt. Medical College, Thiruvarur",MS - Obstetrics & Gynaecology,2
6244,Tamil Nadu,Govt,"Thiruvarur Govt. Medical College, Thiruvarur",MD - Paediatrics,3
6245,Tamil Nadu,Govt,"Thiruvarur Govt. Medical College, Thiruvarur",MS - Orthopaedics,3
6246,Tamil Nadu,Govt,"Thiruvarur Govt. Medical College, Thiruvarur",MD - General Medicine,8
6247,Tamil Nadu,Govt,"Thiruvarur Govt. Medical College, Thiruvarur",MD - Emergency Medicine,2
6248,Tamil Nadu,Govt,"Thoothukudi Medical College, Thoothukudi",MD - Anaesthesiology,8
6249,Tamil Nadu,Govt,"Thoothukudi Medical College, Thoothukudi",MS - General Surgery,10
6250,Tamil Nadu,Govt,"Thoothukudi Medical College, Thoothukudi",MS - Orthopaedics,3
6251,Tamil Nadu,Govt,"Thoothukudi Medical College, Thoothukudi",MS - Obstetrics & Gynaecology,6
6252,Tamil Nadu,Govt,"Thoothukudi Medical College, Thoothukudi",MD - General Medicine,10
6253,Tamil Nadu,Govt,"Thoothukudi Medical College, Thoothukudi",MD - Paediatrics,6
6254,Tamil Nadu,Govt,"Thoothukudi Medical College, Thoothukudi",MD - Emergency Medicine,5
6255,Tamil Nadu,Govt,"Thoothukudi Medical College, Thoothukudi",MS - ENT,2
6256,Tamil Nadu,Govt,"Thoothukudi Medical College, Thoothukudi","MD - Forensic Medicine/Forensic Medicine &
Toxicology",2
6257,Tamil Nadu,Govt,"Tirunelveli Medical College,Tirunelveli",MS - Obstetrics & Gynaecology,12
6258,Tamil Nadu,Govt,"Tirunelveli Medical College,Tirunelveli",MD - Anaesthesiology,9
6259,Tamil Nadu,Govt,"Tirunelveli Medical College,Tirunelveli",MS - Opthalmology,4
6260,Tamil Nadu,Govt,"Tirunelveli Medical College,Tirunelveli",MD - Radiotherapy/ Radiation Oncology,3
6261,Tamil Nadu,Govt,"Tirunelveli Medical College,Tirunelveli",MD - Psychiatry,4
6262,Tamil Nadu,Govt,"Tirunelveli Medical College,Tirunelveli",MD - Bio-Chemistry,2
6263,Tamil Nadu,Govt,"Tirunelveli Medical College,Tirunelveli","MD - Dermatology , Venereology & Leprosy",6
6264,Tamil Nadu,Govt,"Tirunelveli Medical College,Tirunelveli",MS - Orthopaedics,12
6265,Tamil Nadu,Govt,"Tirunelveli Medical College,Tirunelveli","MD - Forensic Medicine/Forensic Medicine &
Toxicology",3
6266,Tamil Nadu,Govt,"Tirunelveli Medical College,Tirunelveli",MD - Emergency Medicine,4
6267,Tamil Nadu,Govt,"Tirunelveli Medical College,Tirunelveli",MD - Radio Diagnosis/Radiology,4
6268,Tamil Nadu,Govt,"Tirunelveli Medical College,Tirunelveli",MD - Pathology,7
6269,Tamil Nadu,Govt,"Tirunelveli Medical College,Tirunelveli",MD - Immuno Haematology & Blood Transfusion,3
6270,Tamil Nadu,Govt,"Tirunelveli Medical College,Tirunelveli",MD - Paediatrics,13
6271,Tamil Nadu,Govt,"Tirunelveli Medical College,Tirunelveli",MS - General Surgery,20
6272,Tamil Nadu,Govt,"Tirunelveli Medical College,Tirunelveli",MD - General Medicine,21
6273,Tamil Nadu,Govt,"Tirunelveli Medical College,Tirunelveli",MD - Pharmacology,2
6274,Tamil Nadu,Govt,"Tirunelveli Medical College,Tirunelveli",MD - Microbiology,5
6275,Tamil Nadu,Govt,"Tirunelveli Medical College,Tirunelveli",MD - Physiology,2
6276,Tamil Nadu,Govt,"Tirunelveli Medical College,Tirunelveli","MD - Tuberculosis & Respiratory Diseases / Pulmonary
Medicine",4
6277,Tamil Nadu,Govt,"Tirunelveli Medical College,Tirunelveli",MS - ENT,4
6278,Tamil Nadu,Trust,"Trichy SRM Medical College Hospital & Research Centre, Trichy",MD - Anatomy,3
6279,Tamil Nadu,Trust,"Trichy SRM Medical College Hospital & Research Centre, Trichy",MD - Microbiology,2
6280,Tamil Nadu,Trust,"Trichy SRM Medical College Hospital & Research Centre, Trichy","MD - Dermatology , Venereology & Leprosy",3
6281,Tamil Nadu,Trust,"Trichy SRM Medical College Hospital & Research Centre, Trichy",MD - Bio-Chemistry,3
6282,Tamil Nadu,Trust,"Trichy SRM Medical College Hospital & Research Centre, Trichy",MD - Radio Diagnosis/Radiology,6
6283,Tamil Nadu,Trust,"Trichy SRM Medical College Hospital & Research Centre, Trichy",MS - General Surgery,17
6284,Tamil Nadu,Trust,"Trichy SRM Medical College Hospital & Research Centre, Trichy",MS - Orthopaedics,9
6285,Tamil Nadu,Trust,"Trichy SRM Medical College Hospital & Research Centre, Trichy",MS - ENT,5
6286,Tamil Nadu,Trust,"Trichy SRM Medical College Hospital & Research Centre, Trichy",MD - General Medicine,17
6287,Tamil Nadu,Trust,"Trichy SRM Medical College Hospital & Research Centre, Trichy","MD - Tuberculosis & Respiratory Diseases / Pulmonary
Medicine",2
6288,Tamil Nadu,Trust,"Trichy SRM Medical College Hospital & Research Centre, Trichy",MS - Obstetrics & Gynaecology,9
6289,Tamil Nadu,Trust,"Trichy SRM Medical College Hospital & Research Centre, Trichy",MD - Pathology,2
6290,Tamil Nadu,Trust,"Trichy SRM Medical College Hospital & Research Centre, Trichy",MD - Pharmacology,2
6291,Tamil Nadu,Trust,"Trichy SRM Medical College Hospital & Research Centre, Trichy",MS - Opthalmology,3
6292,Tamil Nadu,Trust,"Trichy SRM Medical College Hospital & Research Centre, Trichy",MD - Physiology,3
6293,Tamil Nadu,Trust,"Trichy SRM Medical College Hospital & Research Centre, Trichy",MD - Psychiatry,2
6294,Tamil Nadu,Trust,"Trichy SRM Medical College Hospital & Research Centre, Trichy",MD - Paediatrics,8
6295,Tamil Nadu,Trust,"Trichy SRM Medical College Hospital & Research Centre, Trichy","MD - Social & Preventive Medicine / Community
Medicine",3
6296,Tamil Nadu,Trust,"Trichy SRM Medical College Hospital & Research Centre, Trichy",MD - Anaesthesiology,6
6297,Tamil Nadu,Trust,"Velammal Medical College Hospital and Research Institute, Madurai",MS - Obstetrics & Gynaecology,2
6298,Tamil Nadu,Trust,"Velammal Medical College Hospital and Research Institute, Madurai",MD - Anatomy,2
6299,Tamil Nadu,Trust,"Velammal Medical College Hospital and Research Institute, Madurai",MD - General Medicine,3
6300,Tamil Nadu,Trust,"Velammal Medical College Hospital and Research Institute, Madurai",MD - Microbiology,4
6301,Tamil Nadu,Trust,"Velammal Medical College Hospital and Research Institute, Madurai",MD - Psychiatry,2
6302,Tamil Nadu,Trust,"Velammal Medical College Hospital and Research Institute, Madurai",MD - Pathology,4
6303,Tamil Nadu,Trust,"Velammal Medical College Hospital and Research Institute, Madurai",MD - Radio Diagnosis/Radiology,3
6304,Tamil Nadu,Trust,"Velammal Medical College Hospital and Research Institute, Madurai",MD - Physiology,2
6305,Tamil Nadu,Trust,"Velammal Medical College Hospital and Research Institute, Madurai",MD - Bio-Chemistry,4
6306,Tamil Nadu,Trust,"Velammal Medical College Hospital and Research Institute, Madurai",MS - Opthalmology,2
6307,Tamil Nadu,Trust,"Velammal Medical College Hospital and Research Institute, Madurai",MD - Paediatrics,2
6308,Tamil Nadu,Trust,"Velammal Medical College Hospital and Research Institute, Madurai",MS - Orthopaedics,3
6309,Tamil Nadu,Trust,"Velammal Medical College Hospital and Research Institute, Madurai",MS - ENT,2
6310,Tamil Nadu,Trust,"Velammal Medical College Hospital and Research Institute, Madurai",MD - Anaesthesiology,4
6311,Tamil Nadu,Trust,"Velammal Medical College Hospital and Research Institute, Madurai","MD - Social & Preventive Medicine / Community
Medicine",2
6312,Tamil Nadu,Trust,"Velammal Medical College Hospital and Research Institute, Madurai",MD - Pharmacology,2
6313,Tamil Nadu,Trust,"Velammal Medical College Hospital and Research Institute, Madurai","MD - Dermatology , Venereology & Leprosy",2
6314,Tamil Nadu,Trust,"Velammal Medical College Hospital and Research Institute, Madurai",MS - General Surgery,4
6315,Tamil Nadu,Trust,"Vinayaka Missions Kirupananda Variyar Medical College, Salem",MD - Physiology,2
6316,Tamil Nadu,Trust,"Vinayaka Missions Kirupananda Variyar Medical College, Salem",MD - Emergency Medicine,5
6317,Tamil Nadu,Trust,"Vinayaka Missions Kirupananda Variyar Medical College, Salem",MD - Radio Diagnosis/Radiology,6
6318,Tamil Nadu,Trust,"Vinayaka Missions Kirupananda Variyar Medical College, Salem",MD - Psychiatry,3
6319,Tamil Nadu,Trust,"Vinayaka Missions Kirupananda Variyar Medical College, Salem",MS - Obstetrics & Gynaecology,6
6320,Tamil Nadu,Trust,"Vinayaka Missions Kirupananda Variyar Medical College, Salem",MD - Anaesthesiology,15
6321,Tamil Nadu,Trust,"Vinayaka Missions Kirupananda Variyar Medical College, Salem",MD - Pharmacology,2
6322,Tamil Nadu,Trust,"Vinayaka Missions Kirupananda Variyar Medical College, Salem","MD - Dermatology , Venereology & Leprosy",8
6323,Tamil Nadu,Trust,"Vinayaka Missions Kirupananda Variyar Medical College, Salem",MD - Immuno Haematology & Blood Transfusion,4
6324,Tamil Nadu,Trust,"Vinayaka Missions Kirupananda Variyar Medical College, Salem",MD - Paediatrics,6
6325,Tamil Nadu,Trust,"Vinayaka Missions Kirupananda Variyar Medical College, Salem",MS - Orthopaedics,5
6326,Tamil Nadu,Trust,"Vinayaka Missions Kirupananda Variyar Medical College, Salem",MD - Microbiology,4
6327,Tamil Nadu,Trust,"Vinayaka Missions Kirupananda Variyar Medical College, Salem",MD - Anatomy,2
6328,Tamil Nadu,Trust,"Vinayaka Missions Kirupananda Variyar Medical College, Salem",MS - Opthalmology,5
6329,Tamil Nadu,Trust,"Vinayaka Missions Kirupananda Variyar Medical College, Salem",MS - ENT,5
6330,Tamil Nadu,Trust,"Vinayaka Missions Kirupananda Variyar Medical College, Salem",MD - Pathology,4
6331,Tamil Nadu,Trust,"Vinayaka Missions Kirupananda Variyar Medical College, Salem",MD - Community Medicine,2
6332,Tamil Nadu,Trust,"Vinayaka Missions Kirupananda Variyar Medical College, Salem",MD - General Medicine,12
6333,Tamil Nadu,Trust,"Vinayaka Missions Kirupananda Variyar Medical College, Salem",MS - General Surgery,4
6334,Tamil Nadu,Trust,"Vinayaka Missions Kirupananda Variyar Medical College, Salem",MD - Bio-Chemistry,3
6335,Telangana,Trust,"Apollo Institute of Medical Sciences and Research, Hyderabad","MD - Social & Preventive Medicine / Community
Medicine",2
6336,Telangana,Trust,"Apollo Institute of Medical Sciences and Research, Hyderabad",MS - Opthalmology,3
6337,Telangana,Trust,"Apollo Institute of Medical Sciences and Research, Hyderabad",MD - Emergency Medicine,3
6338,Telangana,Trust,"Apollo Institute of Medical Sciences and Research, Hyderabad",MD - Anaesthesiology,4
6339,Telangana,Trust,"Apollo Institute of Medical Sciences and Research, Hyderabad",MD - Physiology,1
6340,Telangana,Trust,"Apollo Institute of Medical Sciences and Research, Hyderabad",MS - Orthopaedics,3
6341,Telangana,Trust,"Apollo Institute of Medical Sciences and Research, Hyderabad","MD - Dermatology , Venereology & Leprosy",2
6342,Telangana,Trust,"Apollo Institute of Medical Sciences and Research, Hyderabad",MD - Psychiatry,2
6343,Telangana,Trust,"Apollo Institute of Medical Sciences and Research, Hyderabad",MD - Radio Diagnosis/Radiology,5
6344,Telangana,Trust,"Apollo Institute of Medical Sciences and Research, Hyderabad",MS - Obstetrics & Gynaecology,5
6345,Telangana,Trust,"Apollo Institute of Medical Sciences and Research, Hyderabad",MS - General Surgery,4
6346,Telangana,Trust,"Apollo Institute of Medical Sciences and Research, Hyderabad",MD - Paediatrics,4
6347,Telangana,Trust,"Apollo Institute of Medical Sciences and Research, Hyderabad",MD - General Medicine,8
6348,Telangana,Trust,"Apollo Institute of Medical Sciences and Research, Hyderabad",MD - Respiratory Medicine,2
6349,Telangana,Trust,"Apollo Institute of Medical Sciences and Research, Hyderabad",MD - Anatomy,1
6350,Telangana,Trust,"Apollo Institute of Medical Sciences and Research, Hyderabad",MD - Microbiology,2
6351,Telangana,Trust,"Apollo Institute of Medical Sciences and Research, Hyderabad",MS - Otorhinolaryngology,2
6352,Telangana,Trust,"Bhaskar Medical College, Yenkapally",MS - Obstetrics & Gynaecology,6
6353,Telangana,Trust,"Bhaskar Medical College, Yenkapally",MS - General Surgery,8
6354,Telangana,Trust,"Bhaskar Medical College, Yenkapally",MD - Psychiatry,2
6355,Telangana,Trust,"Bhaskar Medical College, Yenkapally",MD - Anaesthesiology,6
6356,Telangana,Trust,"Bhaskar Medical College, Yenkapally",MD - Paediatrics,3
6357,Telangana,Trust,"Bhaskar Medical College, Yenkapally",MS - Orthopaedics,8
6358,Telangana,Trust,"Bhaskar Medical College, Yenkapally",MS - ENT,3
6359,Telangana,Trust,"Bhaskar Medical College, Yenkapally","MD - Dermatology , Venereology & Leprosy",6
6360,Telangana,Trust,"Bhaskar Medical College, Yenkapally",MD - Physiology,2
6361,Telangana,Trust,"Bhaskar Medical College, Yenkapally",MS - Opthalmology,4
6362,Telangana,Trust,"Bhaskar Medical College, Yenkapally","MD - Tuberculosis & Respiratory Diseases / Pulmonary
Medicine",3
6363,Telangana,Trust,"Bhaskar Medical College, Yenkapally",MD - Pharmacology,1
6364,Telangana,Trust,"Bhaskar Medical College, Yenkapally",MD - General Medicine,9
6365,Telangana,Trust,"Bhaskar Medical College, Yenkapally",MD - Anatomy,2
6366,Telangana,Trust,"Bhaskar Medical College, Yenkapally",MD- RADIO-DIAGNOSIS,9
6367,Telangana,Trust,"Chalmeda Anand Rao Insttitute Of  Medical Sciences, Karimnagar",MD - Anatomy,3
6368,Telangana,Trust,"Chalmeda Anand Rao Insttitute Of  Medical Sciences, Karimnagar",MD Physiology,3
6369,Telangana,Trust,"Chalmeda Anand Rao Insttitute Of  Medical Sciences, Karimnagar",MD - Bio-chemistry,2
6370,Telangana,Trust,"Chalmeda Anand Rao Insttitute Of  Medical Sciences, Karimnagar",MD Microbioogy,2
6371,Telangana,Trust,"Chalmeda Anand Rao Insttitute Of  Medical Sciences, Karimnagar",MD - Pharmacology,3
6372,Telangana,Trust,"Chalmeda Anand Rao Insttitute Of  Medical Sciences, Karimnagar",MD  Patholgy,7
6373,Telangana,Trust,"Chalmeda Anand Rao Insttitute Of  Medical Sciences, Karimnagar",MD Community Medicine,4
6374,Telangana,Trust,"Chalmeda Anand Rao Insttitute Of  Medical Sciences, Karimnagar",MD - General Medicine,18
6375,Telangana,Trust,"Chalmeda Anand Rao Insttitute Of  Medical Sciences, Karimnagar",MD DVL,4
6376,Telangana,Trust,"Chalmeda Anand Rao Insttitute Of  Medical Sciences, Karimnagar",MD Respiratory Medicine,3
6377,Telangana,Trust,"Chalmeda Anand Rao Insttitute Of  Medical Sciences, Karimnagar",MD - Psychiatry,3
6378,Telangana,Trust,"Chalmeda Anand Rao Insttitute Of  Medical Sciences, Karimnagar",MD - Paediatrics,9
6379,Telangana,Trust,"Chalmeda Anand Rao Insttitute Of  Medical Sciences, Karimnagar",MS  General Surgery,12
6380,Telangana,Trust,"Chalmeda Anand Rao Insttitute Of  Medical Sciences, Karimnagar",MS orthopedics,8
6381,Telangana,Trust,"Chalmeda Anand Rao Insttitute Of  Medical Sciences, Karimnagar",MS ENT,4
6382,Telangana,Trust,"Chalmeda Anand Rao Insttitute Of  Medical Sciences, Karimnagar",MS Ophthalmology,4
6383,Telangana,Trust,"Chalmeda Anand Rao Insttitute Of  Medical Sciences, Karimnagar",MS OBG,9
6384,Telangana,Trust,"Chalmeda Anand Rao Insttitute Of  Medical Sciences, Karimnagar",MD Anaesthesiology,18
6385,Telangana,Trust,"Chalmeda Anand Rao Insttitute Of  Medical Sciences, Karimnagar",MD Radiodiagnosis,11
6386,Telangana,Trust,"Deccan College of Medical Sciences, Hyderabad",MD - Radio Diagnosis/Radiology,7
6387,Telangana,Trust,"Deccan College of Medical Sciences, Hyderabad",MS - Obstetrics & Gynaecology,9
6388,Telangana,Trust,"Deccan College of Medical Sciences, Hyderabad",MS - General Surgery,7
6389,Telangana,Trust,"Deccan College of Medical Sciences, Hyderabad",MD - General Medicine,6
6390,Telangana,Trust,"Deccan College of Medical Sciences, Hyderabad",MD - Pathology,4
6391,Telangana,Trust,"Deccan College of Medical Sciences, Hyderabad",MS - Opthalmology,3
6392,Telangana,Trust,"Deccan College of Medical Sciences, Hyderabad","MD - Social & Preventive Medicine / Community
Medicine",2
6393,Telangana,Trust,"Deccan College of Medical Sciences, Hyderabad",MD - Paediatrics,5
6394,Telangana,Trust,"Deccan College of Medical Sciences, Hyderabad",MD - Anatomy,3
6395,Telangana,Trust,"Deccan College of Medical Sciences, Hyderabad","MD - Tuberculosis & Respiratory Diseases / Pulmonary
Medicine",2
6396,Telangana,Trust,"Deccan College of Medical Sciences, Hyderabad",MS - Orthopaedics,4
6397,Telangana,Trust,"Deccan College of Medical Sciences, Hyderabad",MD - Anaesthesiology,8
6398,Telangana,Trust,"Deccan College of Medical Sciences, Hyderabad",MD - Pharmacology,2
6399,Telangana,Trust,"Deccan College of Medical Sciences, Hyderabad",MD - Bio-Chemistry,2
6400,Telangana,Trust,"Deccan College of Medical Sciences, Hyderabad",MD - Psychiatry,1
6401,Telangana,Trust,"Deccan College of Medical Sciences, Hyderabad",MD - Microbiology,1
6402,Telangana,Trust,"Deccan College of Medical Sciences, Hyderabad",MS - ENT,3
6403,Telangana,Trust,"Deccan College of Medical Sciences, Hyderabad","MD - Dermatology , Venereology & Leprosy",3
6404,Telangana,Trust,"Deccan College of Medical Sciences, Hyderabad",MD - Physiology,3
6405,Telangana,Trust,"Deccan College of Medical Sciences, Hyderabad",Diploma in Psychological Medicine,1
6406,Telangana,Society,"Dr. Patnam Mahender Reddy Institute of Medical Sciences, Chevella,
Rangareddy",MS - Otorhinolaryngology,3
6407,Telangana,Society,"Dr. Patnam Mahender Reddy Institute of Medical Sciences, Chevella,
Rangareddy",MS - Obstetrics & Gynaecology,4
6408,Telangana,Society,"Dr. Patnam Mahender Reddy Institute of Medical Sciences, Chevella,
Rangareddy",MD - General Medicine,9
6409,Telangana,Society,"Dr. Patnam Mahender Reddy Institute of Medical Sciences, Chevella,
Rangareddy",MD - Pathology,4
6410,Telangana,Society,"Dr. Patnam Mahender Reddy Institute of Medical Sciences, Chevella,
Rangareddy",MD - Microbiology,4
6411,Telangana,Society,"Dr. Patnam Mahender Reddy Institute of Medical Sciences, Chevella,
Rangareddy","MD - Dermatology , Venereology & Leprosy",3
6412,Telangana,Society,"Dr. Patnam Mahender Reddy Institute of Medical Sciences, Chevella,
Rangareddy",MD - Respiratory Medicine,3
6413,Telangana,Society,"Dr. Patnam Mahender Reddy Institute of Medical Sciences, Chevella,
Rangareddy",MD - Paediatrics,5
6414,Telangana,Society,"Dr. Patnam Mahender Reddy Institute of Medical Sciences, Chevella,
Rangareddy",MD - Bio-Chemistry,2
6415,Telangana,Society,"Dr. Patnam Mahender Reddy Institute of Medical Sciences, Chevella,
Rangareddy",MD - Psychiatry,3
6416,Telangana,Society,"Dr. Patnam Mahender Reddy Institute of Medical Sciences, Chevella,
Rangareddy",MD - Radio Diagnosis,3
6417,Telangana,Society,"Dr. Patnam Mahender Reddy Institute of Medical Sciences, Chevella,
Rangareddy",MS - Ophthalmology,3
6418,Telangana,Society,"Dr. Patnam Mahender Reddy Institute of Medical Sciences, Chevella,
Rangareddy",MD - Anaesthesiology,9
6419,Telangana,Society,"Dr. Patnam Mahender Reddy Institute of Medical Sciences, Chevella,
Rangareddy",MS - Orthopaedics,5
6420,Telangana,Society,"Dr. Patnam Mahender Reddy Institute of Medical Sciences, Chevella,
Rangareddy",MS-General Surgery,6
6421,Telangana,Trust,"Dr. VRK Womens Medical College, Aziznagar",MD - Paediatrics,3
6422,Telangana,Trust,"Dr. VRK Womens Medical College, Aziznagar",MD - Community Medicine,2
6423,Telangana,Trust,"Dr. VRK Womens Medical College, Aziznagar",MD - Respiratory Medicine,1
6424,Telangana,Trust,"Dr. VRK Womens Medical College, Aziznagar",MD - Physiology,2
6425,Telangana,Trust,"Dr. VRK Womens Medical College, Aziznagar",MD - Anatomy,2
6426,Telangana,Trust,"Dr. VRK Womens Medical College, Aziznagar",MS - Orthopaedics,2
6427,Telangana,Trust,"Dr. VRK Womens Medical College, Aziznagar",MS - Otorhinolaryngology,1
6428,Telangana,Trust,"Dr. VRK Womens Medical College, Aziznagar",MD - Pathology,2
6429,Telangana,Trust,"Dr. VRK Womens Medical College, Aziznagar",MD - Bio-Chemistry,1
6430,Telangana,Trust,"Dr. VRK Womens Medical College, Aziznagar",MS - Obstetrics & Gynaecology,2
6431,Telangana,Trust,"Dr. VRK Womens Medical College, Aziznagar",MD - Pharmacology,2
6432,Telangana,Govt,"Employees State Insurance Coporation Medical College, Sanath Nagar,
Hyderabad",MD - Physiology,5
6433,Telangana,Govt,"Employees State Insurance Coporation Medical College, Sanath Nagar,
Hyderabad",MD - Physical Medicine & Rehabilitation,5
6434,Telangana,Govt,"Employees State Insurance Coporation Medical College, Sanath Nagar,
Hyderabad",MD - Community Medicine,3
6435,Telangana,Govt,"Employees State Insurance Coporation Medical College, Sanath Nagar,
Hyderabad",MD - Anatomy,5
6436,Telangana,Govt,"Employees State Insurance Coporation Medical College, Sanath Nagar,
Hyderabad","MD - Dermatology , Venereology & Leprosy",3
6437,Telangana,Govt,"Employees State Insurance Coporation Medical College, Sanath Nagar,
Hyderabad",MD - Microbiology,3
6438,Telangana,Govt,"Employees State Insurance Coporation Medical College, Sanath Nagar,
Hyderabad",MD - Pathology,4
6439,Telangana,Govt,"Employees State Insurance Coporation Medical College, Sanath Nagar,
Hyderabad",MD - Bio-Chemistry,3
6440,Telangana,Govt,"Employees State Insurance Coporation Medical College, Sanath Nagar,
Hyderabad",MS - General Surgery,4
6441,Telangana,Govt,"Employees State Insurance Coporation Medical College, Sanath Nagar,
Hyderabad",MD - Anaesthesiology,4
6442,Telangana,Govt,"Employees State Insurance Coporation Medical College, Sanath Nagar,
Hyderabad",MD - Respiratory Medicine,3
6443,Telangana,Govt,"Employees State Insurance Coporation Medical College, Sanath Nagar,
Hyderabad",MD - Pharmacology,3
6444,Telangana,Govt,"Employees State Insurance Coporation Medical College, Sanath Nagar,
Hyderabad",MD - General Medicine,8
6445,Telangana,Govt,"Employees State Insurance Coporation Medical College, Sanath Nagar,
Hyderabad",MS - Opthalmology,4
6446,Telangana,Govt,"Employees State Insurance Coporation Medical College, Sanath Nagar,
Hyderabad",MS - Obstetrics & Gynaecology,2
6447,Telangana,Govt,"Employees State Insurance Coporation Medical College, Sanath Nagar,
Hyderabad",MD - Psychiatry,2
6448,Telangana,Govt,"Employees State Insurance Coporation Medical College, Sanath Nagar,
Hyderabad",MD - Immuno Haematology & Blood Transfusion,5
6449,Telangana,Govt,"Employees State Insurance Coporation Medical College, Sanath Nagar,
Hyderabad",MD - Emergency Medicine,5
6450,Telangana,Govt,"Employees State Insurance Coporation Medical College, Sanath Nagar,
Hyderabad",MD - Paediatrics,2
6451,Telangana,Govt,"Employees State Insurance Coporation Medical College, Sanath Nagar,
Hyderabad",MD - Radio Diagnosis,5
6452,Telangana,Govt,"Employees State Insurance Coporation Medical College, Sanath Nagar,
Hyderabad",MS - Otorhinolaryngology,2
6453,Telangana,Govt,"Employees State Insurance Coporation Medical College, Sanath Nagar,
Hyderabad",MS - Orthopaedics,3
6454,Telangana,Govt,"Gandhi Medical College, Secunderabad",MD - Geriatrics,4
6455,Telangana,Govt,"Gandhi Medical College, Secunderabad",MD - Psychiatry,3
6456,Telangana,Govt,"Gandhi Medical College, Secunderabad",MS - Obstetrics & Gynaecology,25
6457,Telangana,Govt,"Gandhi Medical College, Secunderabad",MD - Radio Diagnosis/Radiology,9
6458,Telangana,Govt,"Gandhi Medical College, Secunderabad",MD - Hospital Administration,3
6459,Telangana,Govt,"Gandhi Medical College, Secunderabad",MS - General Surgery,20
6460,Telangana,Govt,"Gandhi Medical College, Secunderabad","MD - Forensic Medicine/Forensic Medicine &
Toxicology",8
6461,Telangana,Govt,"Gandhi Medical College, Secunderabad",MD - Pathology,10
6462,Telangana,Govt,"Gandhi Medical College, Secunderabad",MD - Anatomy,4
6463,Telangana,Govt,"Gandhi Medical College, Secunderabad",MS - Opthalmology,6
6464,Telangana,Govt,"Gandhi Medical College, Secunderabad",MD - Microbiology,10
6465,Telangana,Govt,"Gandhi Medical College, Secunderabad",MD - Paediatrics,15
6466,Telangana,Govt,"Gandhi Medical College, Secunderabad",MS - ENT,10
6467,Telangana,Govt,"Gandhi Medical College, Secunderabad","MD - Tuberculosis & Respiratory Diseases / Pulmonary
Medicine",5
6468,Telangana,Govt,"Gandhi Medical College, Secunderabad",MD - Pharmacology,7
6469,Telangana,Govt,"Gandhi Medical College, Secunderabad","MD - Social & Preventive Medicine / Community
Medicine",3
6470,Telangana,Govt,"Gandhi Medical College, Secunderabad",MD - General Medicine,20
6471,Telangana,Govt,"Gandhi Medical College, Secunderabad","MD - Dermatology , Venereology & Leprosy",10
6472,Telangana,Govt,"Gandhi Medical College, Secunderabad",MD - Anaesthesiology,17
6473,Telangana,Govt,"Gandhi Medical College, Secunderabad",MS - Orthopaedics,13
6474,Telangana,Govt,"Gandhi Medical College, Secunderabad",MD - Bio-Chemistry,7
6475,Telangana,Govt,"Gandhi Medical College, Secunderabad",MD - Physiology,8
6476,Telangana,Govt,"Government Medical College, Mahabubnagar",MD - Paediatrics,4
6477,Telangana,Govt,"Government Medical College, Mahabubnagar",MD - Bio-Chemistry,3
6478,Telangana,Govt,"Government Medical College, Mahabubnagar",MD - Microbiology,3
6479,Telangana,Govt,"Government Medical College, Mahabubnagar",MD - Pharmacology,3
6480,Telangana,Govt,"Government Medical College, Mahabubnagar","MD - Forensic Medicine/Forensic Medicine &
Toxicology",2
6481,Telangana,Govt,"Government Medical College, Mahabubnagar",MD - Community Medicine,3
6482,Telangana,Govt,"Government Medical College, Mahabubnagar",MD - Anatomy,3
6483,Telangana,Govt,"Government Medical College, Mahabubnagar",MS - Obstetrics & Gynaecology,3
6484,Telangana,Govt,"Government Medical College, Mahabubnagar",MD - Physiology,3
6485,Telangana,Govt,"Government Medical College, Mahabubnagar",MD - Pathology,3
6486,Telangana,Govt,"Government Medical College, Nalgonda",MD - Physiology,3
6487,Telangana,Govt,"Government Medical College, Nalgonda",MD - Bio-Chemistry,5
6488,Telangana,Govt,"Government Medical College, Nalgonda",MD - Microbiology,3
6489,Telangana,Govt,"Government Medical College, Nalgonda",MD - Anatomy,3
6490,Telangana,Govt,"Government Medical College, Nalgonda",MD - Pharmacology,5
6491,Telangana,Govt,"Government Medical College, Nalgonda","MD - Forensic Medicine/Forensic Medicine &
Toxicology",3
6492,Telangana,Govt,"Government Medical College, Nizamabad",MS - ENT,3
6493,Telangana,Govt,"Government Medical College, Nizamabad",MS - Orthopaedics,4
6494,Telangana,Govt,"Government Medical College, Nizamabad",MD - Microbiology,3
6495,Telangana,Govt,"Government Medical College, Nizamabad",MD - Bio-Chemistry,2
6496,Telangana,Govt,"Government Medical College, Nizamabad",MD - Anatomy,4
6497,Telangana,Govt,"Government Medical College, Nizamabad",MS - Opthalmology,3
6498,Telangana,Govt,"Government Medical College, Nizamabad",MD - Pathology,3
6499,Telangana,Govt,"Government Medical College, Nizamabad",MS - General Surgery,8
6500,Telangana,Govt,"Government Medical College, Nizamabad",MD - Anaesthesiology,6
6501,Telangana,Govt,"Government Medical College, Nizamabad",MD - Pharmacology,3
6502,Telangana,Govt,"Government Medical College, Nizamabad",MD - Physiology,2
6503,Telangana,Govt,"Government Medical College, Nizamabad","MD - Forensic Medicine/Forensic Medicine &
Toxicology",3
6504,Telangana,Govt,"Government Medical College, Nizamabad",MS - Obstetrics & Gynaecology,6
6505,Telangana,Govt,"Government Medical College, Nizamabad",MD - General Medicine,10
6506,Telangana,Govt,"Government Medical College, Nizamabad",MD - Respiratory Medicine,3
6507,Telangana,Govt,"Government Medical College, Nizamabad",MD - Psychiatry,2
6508,Telangana,Govt,"Government Medical College, Nizamabad",MD - Paediatrics,3
6509,Telangana,Govt,"Government Medical College, Suryapet",MD - Microbiology,3
6510,Telangana,Govt,"Government Medical College, Suryapet",MD - Pharmacology,3
6511,Telangana,Govt,"Government Medical College, Suryapet",MS  - Obstetrics & Gynaecology,4
6512,Telangana,Govt,"Government Medical College, Suryapet",MS - Otorhinolaryngology(ENT),3
6513,Telangana,Govt,"Government Medical College, Suryapet",MD - Physiology,3
6514,Telangana,Govt,"Government Medical College, Suryapet",MD - Bio-Chemistry,2
6515,Telangana,Govt,"Government Medical College, Suryapet",MD - Anatomy,3
6516,Telangana,Govt,"Kakatiya Medical College, Warangal",Diploma in Public Health,1
6517,Telangana,Govt,"Kakatiya Medical College, Warangal",Diploma in Radio-Diagnosis,1
6518,Telangana,Govt,"Kakatiya Medical College, Warangal",MD - Anaesthesiology,16
6519,Telangana,Govt,"Kakatiya Medical College, Warangal",MD - Anatomy,3
6520,Telangana,Govt,"Kakatiya Medical College, Warangal",MD - Bio-Chemistry,10
6521,Telangana,Govt,"Kakatiya Medical College, Warangal","MD - Dermatology , Venereology & Leprosy",4
6522,Telangana,Govt,"Kakatiya Medical College, Warangal",MD - Emergency Medicine,5
6523,Telangana,Govt,"Kakatiya Medical College, Warangal","MD - Forensic Medicine/Forensic Medicine &
Toxicology",3
6524,Telangana,Govt,"Kakatiya Medical College, Warangal",MD - General Medicine,22
6525,Telangana,Govt,"Kakatiya Medical College, Warangal",MD - Microbiology,8
6526,Telangana,Govt,"Kakatiya Medical College, Warangal",MD - Paediatrics,16
6527,Telangana,Govt,"Kakatiya Medical College, Warangal",MD - Pathology,10
6528,Telangana,Govt,"Kakatiya Medical College, Warangal",MD - Pharmacology,4
6529,Telangana,Govt,"Kakatiya Medical College, Warangal",MD - Physiology,3
6530,Telangana,Govt,"Kakatiya Medical College, Warangal",MD - Psychiatry,4
6531,Telangana,Govt,"Kakatiya Medical College, Warangal",MD - Radio Diagnosis/Radiology,4
6532,Telangana,Govt,"Kakatiya Medical College, Warangal","MD - Social & Preventive Medicine / Community
Medicine",3
6533,Telangana,Govt,"Kakatiya Medical College, Warangal","MD - Tuberculosis & Respiratory Diseases / Pulmonary
Medicine",8
6534,Telangana,Govt,"Kakatiya Medical College, Warangal",MS - ENT,7
6535,Telangana,Govt,"Kakatiya Medical College, Warangal",MS - General Surgery,19
6536,Telangana,Govt,"Kakatiya Medical College, Warangal",MS - Obstetrics & Gynaecology,19
6537,Telangana,Govt,"Kakatiya Medical College, Warangal",MS - Opthalmology,10
6538,Telangana,Govt,"Kakatiya Medical College, Warangal",MS - Orthopaedics,12
6539,Telangana,Pvt,"Kamineni Academy of Medical Sciences & Research Center, Hyderabad",MS - Obstetrics & Gynaecology,8
6540,Telangana,Pvt,"Kamineni Academy of Medical Sciences & Research Center, Hyderabad",MD - Paediatrics,5
6541,Telangana,Pvt,"Kamineni Academy of Medical Sciences & Research Center, Hyderabad",MD - Emergency Medicine,2
6542,Telangana,Pvt,"Kamineni Academy of Medical Sciences & Research Center, Hyderabad","MD - Dermatology , Venereology & Leprosy",5
6543,Telangana,Pvt,"Kamineni Academy of Medical Sciences & Research Center, Hyderabad",MS - General Surgery,9
6544,Telangana,Pvt,"Kamineni Academy of Medical Sciences & Research Center, Hyderabad",MD - Microbiology,3
6545,Telangana,Pvt,"Kamineni Academy of Medical Sciences & Research Center, Hyderabad",MD - Bio-Chemistry,3
6546,Telangana,Pvt,"Kamineni Academy of Medical Sciences & Research Center, Hyderabad",MD - Pathology,4
6547,Telangana,Pvt,"Kamineni Academy of Medical Sciences & Research Center, Hyderabad",MD - Anatomy,3
6548,Telangana,Pvt,"Kamineni Academy of Medical Sciences & Research Center, Hyderabad",MD - Pharmacology,3
6549,Telangana,Pvt,"Kamineni Academy of Medical Sciences & Research Center, Hyderabad",MS - Orthopaedics,6
6550,Telangana,Pvt,"Kamineni Academy of Medical Sciences & Research Center, Hyderabad",MD - Radio Diagnosis/Radiology,8
6551,Telangana,Pvt,"Kamineni Academy of Medical Sciences & Research Center, Hyderabad",MD - Immuno Haematology & Blood Transfusion,2
6552,Telangana,Pvt,"Kamineni Academy of Medical Sciences & Research Center, Hyderabad",MD - Anaesthesiology,8
6553,Telangana,Pvt,"Kamineni Academy of Medical Sciences & Research Center, Hyderabad",MD - General Medicine,10
6554,Telangana,Pvt,"Kamineni Academy of Medical Sciences & Research Center, Hyderabad",MD - Radiotherapy/ Radiation Oncology,2
6555,Telangana,Pvt,"Kamineni Academy of Medical Sciences & Research Center, Hyderabad","MD - Social & Preventive Medicine / Community
Medicine",4
6556,Telangana,Pvt,"Kamineni Academy of Medical Sciences & Research Center, Hyderabad",MD - Physiology,3
6557,Telangana,Pvt,"Kamineni Academy of Medical Sciences & Research Center, Hyderabad","MD - Tuberculosis & Respiratory Diseases / Pulmonary
Medicine",5
6558,Telangana,Trust,"Kamineni Institute of Medical Sciences, Narketpally",MD - Anatomy,4
6559,Telangana,Trust,"Kamineni Institute of Medical Sciences, Narketpally",MD - Physiology,3
6560,Telangana,Trust,"Kamineni Institute of Medical Sciences, Narketpally",MD - Bio-Chemistry,2
6561,Telangana,Trust,"Kamineni Institute of Medical Sciences, Narketpally",MD - Pharmacology,4
6562,Telangana,Trust,"Kamineni Institute of Medical Sciences, Narketpally",MD - Microbiology,2
6563,Telangana,Trust,"Kamineni Institute of Medical Sciences, Narketpally",MD - Pathology,4
6564,Telangana,Trust,"Kamineni Institute of Medical Sciences, Narketpally",MD - Community Medicine,3
6565,Telangana,Trust,"Kamineni Institute of Medical Sciences, Narketpally",MD - General Medicine,10
6566,Telangana,Trust,"Kamineni Institute of Medical Sciences, Narketpally",MD - Tuberculosis & Chest Diseases,3
6567,Telangana,Trust,"Kamineni Institute of Medical Sciences, Narketpally",MD - DVL,3
6568,Telangana,Trust,"Kamineni Institute of Medical Sciences, Narketpally",MD - Psychiatry,3
6569,Telangana,Trust,"Kamineni Institute of Medical Sciences, Narketpally",MD - Pediatrics,6
6570,Telangana,Trust,"Kamineni Institute of Medical Sciences, Narketpally",MS- General Surgery,10
6571,Telangana,Trust,"Kamineni Institute of Medical Sciences, Narketpally",MS - Orthopaedics,7
6572,Telangana,Trust,"Kamineni Institute of Medical Sciences, Narketpally",MS - ENT,3
6573,Telangana,Trust,"Kamineni Institute of Medical Sciences, Narketpally",MS - Opthalmology,3
6574,Telangana,Trust,"Kamineni Institute of Medical Sciences, Narketpally",MS - Obstetrics & Gynaecology,6
6575,Telangana,Trust,"Kamineni Institute of Medical Sciences, Narketpally",MD - Anaesthesiology,8
6576,Telangana,Trust,"Kamineni Institute of Medical Sciences, Narketpally",MD - Radiology,5
6577,Telangana,Trust,"Kamineni Institute of Medical Sciences, Narketpally",MD - Emergency Medicine,2
6578,Telangana,Trust,"Kamineni Institute of Medical Sciences, Narketpally",MD - Hospital Administration,2
6579,Telangana,Trust,"Kamineni Institute of Medical Sciences, Narketpally",MD - Transfusion Medicine,1
6580,Telangana,Trust,"Mahavir Institute of Medical Sciences, Vikarabad, Telengana",MD - Radio Diagnosis,3
6581,Telangana,Trust,"Mahavir Institute of Medical Sciences, Vikarabad, Telengana",MD - Anaesthesiology,2
6582,Telangana,Trust,"Mahavir Institute of Medical Sciences, Vikarabad, Telengana",MD - Pathology,2
6583,Telangana,Trust,"Mahavir Institute of Medical Sciences, Vikarabad, Telengana",MD- Community Medicine,3
6584,Telangana,Trust,"Mahavir Institute of Medical Sciences, Vikarabad, Telengana",MD - General Medicine,4
6585,Telangana,Trust,"Mahavir Institute of Medical Sciences, Vikarabad, Telengana",MD - Microbiology,2
6586,Telangana,Trust,"Mahavir Institute of Medical Sciences, Vikarabad, Telengana",MD - Paediatrics,2
6587,Telangana,Trust,"Mahavir Institute of Medical Sciences, Vikarabad, Telengana","MD - Forensic Medicine/Forensic Medicine &
Toxicology",2
6588,Telangana,Trust,"Mahavir Institute of Medical Sciences, Vikarabad, Telengana",MD - Bio-Chemistry,2
6589,Telangana,Trust,"Mahavir Institute of Medical Sciences, Vikarabad, Telengana","MD - Dermatology , Venereology & Leprosy",2
6590,Telangana,Trust,"Mahavir Institute of Medical Sciences, Vikarabad, Telengana",MD - Physiology,2
6591,Telangana,Trust,"Mahavir Institute of Medical Sciences, Vikarabad, Telengana",MS - General Surgery,2
6592,Telangana,Trust,"Mahavir Institute of Medical Sciences, Vikarabad, Telengana",MD - Anatomy,2
6593,Telangana,Trust,"Mahavir Institute of Medical Sciences, Vikarabad, Telengana",MS - Obstetrics & Gynaecology,4
6594,Telangana,Trust,"Mahavir Institute of Medical Sciences, Vikarabad, Telengana",MD - Pharmacology,2
6595,Telangana,Trust,"Mahavir Institute of Medical Sciences, Vikarabad, Telengana",MS - Orthopaedics,3
6596,Telangana,Society,"Maheshwara Medical College, Chitkul, Patancheru, Medak",MD - General Medicine,2
6597,Telangana,Society,"Maheshwara Medical College, Chitkul, Patancheru, Medak",MD - Paediatrics,2
6598,Telangana,Society,"Maheshwara Medical College, Chitkul, Patancheru, Medak","MD - Dermatology , Venereology & Leprosy",2
6599,Telangana,Society,"Maheshwara Medical College, Chitkul, Patancheru, Medak",MD - Respiratory Medicine,2
6600,Telangana,Society,"Maheshwara Medical College, Chitkul, Patancheru, Medak",MS - General Surgery,2
6601,Telangana,Society,"Maheshwara Medical College, Chitkul, Patancheru, Medak",MS - Orthopaedics,1
6602,Telangana,Society,"Maheshwara Medical College, Chitkul, Patancheru, Medak",MS - Ophthalmology,2
6603,Telangana,Society,"Maheshwara Medical College, Chitkul, Patancheru, Medak",MS - Otorhinolaryngology,1
6604,Telangana,Society,"Maheshwara Medical College, Chitkul, Patancheru, Medak",MS - Obstetrics & Gynaecology,2
6605,Telangana,Society,"Maheshwara Medical College, Chitkul, Patancheru, Medak",MD - Anesthesiology,4
6606,Telangana,Society,"Maheshwara Medical College, Chitkul, Patancheru, Medak",MD - Radio diagnosis,1
6607,Telangana,Society,"Maheshwara Medical College, Chitkul, Patancheru, Medak",MD - Microbiology,4
6608,Telangana,Society,"Maheshwara Medical College, Chitkul, Patancheru, Medak",MD - Pathology,2
6609,Telangana,Society,"Maheshwara Medical College, Chitkul, Patancheru, Medak",MD - Community Medicine,3
6610,Telangana,Society,"Malla Reddy Institute of Medical Sciences, Hyderabad",MD - Paediatrics,14
6611,Telangana,Society,"Malla Reddy Institute of Medical Sciences, Hyderabad",MD - Psychiatry,2
6612,Telangana,Society,"Malla Reddy Institute of Medical Sciences, Hyderabad",MS - Orthopaedics,7
6613,Telangana,Society,"Malla Reddy Institute of Medical Sciences, Hyderabad","MD - Tuberculosis & Respiratory Diseases / Pulmonary
Medicine",2
6614,Telangana,Society,"Malla Reddy Institute of Medical Sciences, Hyderabad","MD - Social & Preventive Medicine / Community
Medicine",4
6615,Telangana,Society,"Malla Reddy Institute of Medical Sciences, Hyderabad",MD - Anaesthesiology,23
6616,Telangana,Society,"Malla Reddy Institute of Medical Sciences, Hyderabad",MD - Radio Diagnosis/Radiology,15
6617,Telangana,Society,"Malla Reddy Institute of Medical Sciences, Hyderabad",MD - Microbiology,4
6618,Telangana,Society,"Malla Reddy Institute of Medical Sciences, Hyderabad",MS - Opthalmology,9
6619,Telangana,Society,"Malla Reddy Institute of Medical Sciences, Hyderabad",MD - Pathology,7
6620,Telangana,Society,"Malla Reddy Institute of Medical Sciences, Hyderabad",MD - General Medicine,24
6621,Telangana,Society,"Malla Reddy Institute of Medical Sciences, Hyderabad",MS - Obstetrics & Gynaecology,18
6622,Telangana,Society,"Malla Reddy Institute of Medical Sciences, Hyderabad","MD - Dermatology , Venereology & Leprosy",2
6623,Telangana,Society,"Malla Reddy Institute of Medical Sciences, Hyderabad",MS - ENT,8
6624,Telangana,Society,"Malla Reddy Institute of Medical Sciences, Hyderabad",MS - General Surgery,24
6625,Telangana,Society,"Malla Reddy Institute of Medical Sciences, Hyderabad",MD - Emergency Medicine,3
6626,Telangana,Society,"Mallareddy Medical College for Women, Hyderabad",MS - Obstetrics & Gynaecology,12
6627,Telangana,Society,"Mallareddy Medical College for Women, Hyderabad",MS - Orthopaedics,7
6628,Telangana,Society,"Mallareddy Medical College for Women, Hyderabad","MD - Dermatology , Venereology & Leprosy",2
6629,Telangana,Society,"Mallareddy Medical College for Women, Hyderabad",MD - Pharmacology,8
6630,Telangana,Society,"Mallareddy Medical College for Women, Hyderabad",MS - ENT,1
6631,Telangana,Society,"Mallareddy Medical College for Women, Hyderabad",MD - Psychiatry,2
6632,Telangana,Society,"Mallareddy Medical College for Women, Hyderabad","MD - Tuberculosis & Respiratory Diseases / Pulmonary
Medicine",2
6633,Telangana,Society,"Mallareddy Medical College for Women, Hyderabad",MS - Opthalmology,6
6634,Telangana,Society,"Mallareddy Medical College for Women, Hyderabad",MD - Anatomy,8
6635,Telangana,Society,"Mallareddy Medical College for Women, Hyderabad",MD - Paediatrics,4
6636,Telangana,Society,"Mallareddy Medical College for Women, Hyderabad",MS - General Surgery,13
6637,Telangana,Society,"Mallareddy Medical College for Women, Hyderabad",MD - Anaesthesiology,10
6638,Telangana,Society,"Mallareddy Medical College for Women, Hyderabad",MD - General Medicine,14
6639,Telangana,Society,"Mallareddy Medical College for Women, Hyderabad",MD - Radio Diagnosis/Radiology,10
6640,Telangana,Society,"Mallareddy Medical College for Women, Hyderabad",MD - Emergency Medicine,3
6641,Telangana,Society,"Mallareddy Medical College for Women, Hyderabad",MD - Radiation Oncology,3
6642,Telangana,Society,Mamata Academy of Medical Sciences Bachupally,MD - Community Medicine,2
6643,Telangana,Society,Mamata Academy of Medical Sciences Bachupally,MD - Pathology,8
6644,Telangana,Trust,Mamata Medical College Khammam,MS - Opthalmology,3
6645,Telangana,Trust,Mamata Medical College Khammam,MD - Psychiatry,6
6646,Telangana,Trust,Mamata Medical College Khammam,MD - Anaesthesiology,8
6647,Telangana,Trust,Mamata Medical College Khammam,MD - Pharmacology,2
6648,Telangana,Trust,Mamata Medical College Khammam,"MD - Tuberculosis & Respiratory Diseases / Pulmonary
Medicine",5
6649,Telangana,Trust,Mamata Medical College Khammam,MS - ENT,6
6650,Telangana,Trust,Mamata Medical College Khammam,MD - Paediatrics,12
6651,Telangana,Trust,Mamata Medical College Khammam,MS - General Surgery,15
6652,Telangana,Trust,Mamata Medical College Khammam,MD - Radio Diagnosis/Radiology,12
6653,Telangana,Trust,Mamata Medical College Khammam,MD - Physiology,2
6654,Telangana,Trust,Mamata Medical College Khammam,"MD - Forensic Medicine/Forensic Medicine &
Toxicology",2
6655,Telangana,Trust,Mamata Medical College Khammam,MD - Pathology,4
6656,Telangana,Trust,Mamata Medical College Khammam,"MD - Social & Preventive Medicine / Community
Medicine",2
6657,Telangana,Trust,Mamata Medical College Khammam,MS - Orthopaedics,8
6658,Telangana,Trust,Mamata Medical College Khammam,MD - Bio-Chemistry,2
6659,Telangana,Trust,Mamata Medical College Khammam,"MD - Dermatology , Venereology & Leprosy",6
6660,Telangana,Trust,Mamata Medical College Khammam,MD - Anatomy,3
6661,Telangana,Trust,Mamata Medical College Khammam,MD - General Medicine,21
6662,Telangana,Trust,Mamata Medical College Khammam,MD - Microbiology,2
6663,Telangana,Trust,Mamata Medical College Khammam,MS - Obstetrics & Gynaecology,9
6664,Telangana,Trust,"Mediciti Institute Of Medical Sciences, Ghanpur","MD - Social & Preventive Medicine / Community
Medicine",2
6665,Telangana,Trust,"Mediciti Institute Of Medical Sciences, Ghanpur","MD - Tuberculosis & Respiratory Diseases / Pulmonary
Medicine",4
6666,Telangana,Trust,"Mediciti Institute Of Medical Sciences, Ghanpur","MD - Dermatology , Venereology & Leprosy",5
6667,Telangana,Trust,"Mediciti Institute Of Medical Sciences, Ghanpur",MD - Paediatrics,4
6668,Telangana,Trust,"Mediciti Institute Of Medical Sciences, Ghanpur",MS - Orthopaedics,9
6669,Telangana,Trust,"Mediciti Institute Of Medical Sciences, Ghanpur",MS - ENT,3
6670,Telangana,Trust,"Mediciti Institute Of Medical Sciences, Ghanpur",MD - Pathology,2
6671,Telangana,Trust,"Mediciti Institute Of Medical Sciences, Ghanpur",MD - Psychiatry,1
6672,Telangana,Trust,"Mediciti Institute Of Medical Sciences, Ghanpur",MS - General Surgery,4
6673,Telangana,Trust,"Mediciti Institute Of Medical Sciences, Ghanpur",MD - Bio-Chemistry,2
6674,Telangana,Trust,"Mediciti Institute Of Medical Sciences, Ghanpur",MS - Opthalmology,3
6675,Telangana,Trust,"Mediciti Institute Of Medical Sciences, Ghanpur",MD - Anatomy,2
6676,Telangana,Trust,"Mediciti Institute Of Medical Sciences, Ghanpur",MD - Microbiology,2
6677,Telangana,Trust,"Mediciti Institute Of Medical Sciences, Ghanpur",MS - Obstetrics & Gynaecology,6
6678,Telangana,Trust,"Mediciti Institute Of Medical Sciences, Ghanpur",MD - Pharmacology,2
6679,Telangana,Trust,"Mediciti Institute Of Medical Sciences, Ghanpur",MD - General Medicine,9
6680,Telangana,Trust,"Mediciti Institute Of Medical Sciences, Ghanpur",MD - Radio Diagnosis/Radiology,12
6681,Telangana,Trust,"Mediciti Institute Of Medical Sciences, Ghanpur",MD - Anaesthesiology,16
6682,Telangana,Trust,"Mediciti Institute Of Medical Sciences, Ghanpur",MD - Physiology,2
6683,Telangana,Trust,"MNR Medical College & Hospital, Sangareddy",MD - Emergency Medicine,3
6684,Telangana,Trust,"MNR Medical College & Hospital, Sangareddy",MS - Orthopaedics,5
6685,Telangana,Trust,"MNR Medical College & Hospital, Sangareddy",MD - Anaesthesiology,12
6686,Telangana,Trust,"MNR Medical College & Hospital, Sangareddy",MS - ENT,5
6687,Telangana,Trust,"MNR Medical College & Hospital, Sangareddy",MS - Opthalmology,5
6688,Telangana,Trust,"MNR Medical College & Hospital, Sangareddy","MD - Social & Preventive Medicine / Community
Medicine",2
6689,Telangana,Trust,"MNR Medical College & Hospital, Sangareddy",MS - General Surgery,22
6690,Telangana,Trust,"MNR Medical College & Hospital, Sangareddy",MD - Radio Diagnosis/Radiology,8
6691,Telangana,Trust,"MNR Medical College & Hospital, Sangareddy",MD - Bio-Chemistry,2
6692,Telangana,Trust,"MNR Medical College & Hospital, Sangareddy",MD - Pharmacology,2
6693,Telangana,Trust,"MNR Medical College & Hospital, Sangareddy",MD - Psychiatry,3
6694,Telangana,Trust,"MNR Medical College & Hospital, Sangareddy",MD - Anatomy,2
6695,Telangana,Trust,"MNR Medical College & Hospital, Sangareddy","MD - Dermatology , Venereology & Leprosy",5
6696,Telangana,Trust,"MNR Medical College & Hospital, Sangareddy","MD - Tuberculosis & Respiratory Diseases / Pulmonary
Medicine",5
6697,Telangana,Trust,"MNR Medical College & Hospital, Sangareddy",MD - General Medicine,22
6698,Telangana,Trust,"MNR Medical College & Hospital, Sangareddy",MD - Paediatrics,8
6699,Telangana,Trust,"MNR Medical College & Hospital, Sangareddy",MD - Microbiology,2
6700,Telangana,Trust,"MNR Medical College & Hospital, Sangareddy",MD - Physiology,3
6701,Telangana,Trust,"MNR Medical College & Hospital, Sangareddy",MS - Obstetrics & Gynaecology,10
6702,Telangana,Govt,"Nizams Institute of Medical Sciences, Hyderabad",MD - Radio Diagnosis/Radiology,13
6703,Telangana,Govt,"Nizams Institute of Medical Sciences, Hyderabad",MD - Anaesthesiology,21
6704,Telangana,Govt,"Nizams Institute of Medical Sciences, Hyderabad",MD - Emergency Medicine,6
6705,Telangana,Govt,"Nizams Institute of Medical Sciences, Hyderabad",MD - General Medicine,13
6706,Telangana,Govt,"Nizams Institute of Medical Sciences, Hyderabad",MD - Pathology,8
6707,Telangana,Govt,"Nizams Institute of Medical Sciences, Hyderabad",MD - Radiotherapy/ Radiation Oncology,3
6708,Telangana,Govt,"Nizams Institute of Medical Sciences, Hyderabad",MD - Microbiology,5
6709,Telangana,Govt,"Nizams Institute of Medical Sciences, Hyderabad",MD - Bio-Chemistry,10
6710,Telangana,Govt,"Nizams Institute of Medical Sciences, Hyderabad",MD - Hospital Administration,5
6711,Telangana,Govt,"Nizams Institute of Medical Sciences, Hyderabad",MS - Orthopaedics,9
6712,Telangana,Govt,"Osmania Medical College, Hyderabad","MD - Forensic Medicine/Forensic Medicine &
Toxicology",10
6713,Telangana,Govt,"Osmania Medical College, Hyderabad","MD - Tuberculosis & Respiratory Diseases / Pulmonary
Medicine",11
6714,Telangana,Govt,"Osmania Medical College, Hyderabad",MD - Microbiology,15
6715,Telangana,Govt,"Osmania Medical College, Hyderabad",MD - Radiotherapy/ Radiation Oncology,14
6716,Telangana,Govt,"Osmania Medical College, Hyderabad",MS - Opthalmology,34
6717,Telangana,Govt,"Osmania Medical College, Hyderabad",MS - Obstetrics & Gynaecology,60
6718,Telangana,Govt,"Osmania Medical College, Hyderabad",MS - Orthopaedics,18
6719,Telangana,Govt,"Osmania Medical College, Hyderabad",MD - Physiology,5
6720,Telangana,Govt,"Osmania Medical College, Hyderabad",MS - General Surgery,40
6721,Telangana,Govt,"Osmania Medical College, Hyderabad",MD - Pharmacology,15
6722,Telangana,Govt,"Osmania Medical College, Hyderabad",MD - Radio Diagnosis/Radiology,16
6723,Telangana,Govt,"Osmania Medical College, Hyderabad","MD - Dermatology , Venereology & Leprosy",18
6724,Telangana,Govt,"Osmania Medical College, Hyderabad",MD - Anaesthesiology,40
6725,Telangana,Govt,"Osmania Medical College, Hyderabad",MD - Bio-Chemistry,16
6726,Telangana,Govt,"Osmania Medical College, Hyderabad",Diploma in Public Health,2
6727,Telangana,Govt,"Osmania Medical College, Hyderabad",MD - Pathology,30
6728,Telangana,Govt,"Osmania Medical College, Hyderabad",MD - General Medicine,28
6729,Telangana,Govt,"Osmania Medical College, Hyderabad",MS - ENT,14
6730,Telangana,Govt,"Osmania Medical College, Hyderabad",MD - Anatomy,7
6731,Telangana,Govt,"Osmania Medical College, Hyderabad","MD - Social & Preventive Medicine / Community
Medicine",5
6732,Telangana,Govt,"Osmania Medical College, Hyderabad",Diploma in Tuberculosis & Chest Diseases,2
6733,Telangana,Govt,"Osmania Medical College, Hyderabad",Diploma in Ophthalmology,7
6734,Telangana,Govt,"Osmania Medical College, Hyderabad",MD - Psychiatry,22
6735,Telangana,Govt,"Osmania Medical College, Hyderabad",MD - Paediatrics,60
6736,Telangana,Trust,"Prathima Institute Of Medical Sciences, Karimnagar",MS - Obstetrics & Gynaecology,12
6737,Telangana,Trust,"Prathima Institute Of Medical Sciences, Karimnagar",MD - Pathology,4
6738,Telangana,Trust,"Prathima Institute Of Medical Sciences, Karimnagar",MS - Opthalmology,6
6739,Telangana,Trust,"Prathima Institute Of Medical Sciences, Karimnagar",MD - Radio Diagnosis/Radiology,10
6740,Telangana,Trust,"Prathima Institute Of Medical Sciences, Karimnagar",MS - General Surgery,20
6741,Telangana,Trust,"Prathima Institute Of Medical Sciences, Karimnagar",MS - ENT,2
6742,Telangana,Trust,"Prathima Institute Of Medical Sciences, Karimnagar",MS - Orthopaedics,12
6743,Telangana,Trust,"Prathima Institute Of Medical Sciences, Karimnagar","MD - Dermatology , Venereology & Leprosy",3
6744,Telangana,Trust,"Prathima Institute Of Medical Sciences, Karimnagar",MD - Microbiology,3
6745,Telangana,Trust,"Prathima Institute Of Medical Sciences, Karimnagar",MD - General Medicine,21
6746,Telangana,Trust,"Prathima Institute Of Medical Sciences, Karimnagar",MD - Bio-Chemistry,2
6747,Telangana,Trust,"Prathima Institute Of Medical Sciences, Karimnagar",MD - Pharmacology,1
6748,Telangana,Trust,"Prathima Institute Of Medical Sciences, Karimnagar","MD - Social & Preventive Medicine / Community
Medicine",3
6749,Telangana,Trust,"Prathima Institute Of Medical Sciences, Karimnagar",MD - Paediatrics,12
6750,Telangana,Trust,"Prathima Institute Of Medical Sciences, Karimnagar","MD - Tuberculosis & Respiratory Diseases / Pulmonary
Medicine",3
6751,Telangana,Trust,"Prathima Institute Of Medical Sciences, Karimnagar",MD - Anaesthesiology,19
6752,Telangana,Trust,"Prathima Institute Of Medical Sciences, Karimnagar",MD - Physiology,2
6753,Telangana,Trust,"Prathima Institute Of Medical Sciences, Karimnagar",MD - Psychiatry,2
6754,Telangana,Trust,"Prathima Institute Of Medical Sciences, Karimnagar",MD - Anatomy,2
6755,Telangana,Trust,"R.V.M. Institute of Medical Sciences and Research Centre, Siddipet",MD - Anatomy,2
6756,Telangana,Trust,"R.V.M. Institute of Medical Sciences and Research Centre, Siddipet",MD - Bio-Chemistry,2
6757,Telangana,Trust,"R.V.M. Institute of Medical Sciences and Research Centre, Siddipet","MD - Social & Preventive Medicine / Community
Medicine",4
6758,Telangana,Trust,"R.V.M. Institute of Medical Sciences and Research Centre, Siddipet",MD - General Medicine,5
6759,Telangana,Trust,"R.V.M. Institute of Medical Sciences and Research Centre, Siddipet",MD - Paediatrics,3
6760,Telangana,Trust,"R.V.M. Institute of Medical Sciences and Research Centre, Siddipet",MD - Pathology,4
6761,Telangana,Trust,"R.V.M. Institute of Medical Sciences and Research Centre, Siddipet","MD - Dermatology , Venereology & Leprosy",2
6762,Telangana,Trust,"R.V.M. Institute of Medical Sciences and Research Centre, Siddipet",MS - Orthopaedics,3
6763,Telangana,Trust,"R.V.M. Institute of Medical Sciences and Research Centre, Siddipet",MD - Pharmacology,4
6764,Telangana,Trust,"R.V.M. Institute of Medical Sciences and Research Centre, Siddipet",MS - Otorhinolaryngology,2
6765,Telangana,Trust,"R.V.M. Institute of Medical Sciences and Research Centre, Siddipet",MD - Respiratory Medicine,2
6766,Telangana,Trust,"R.V.M. Institute of Medical Sciences and Research Centre, Siddipet",MD - Radio Diagnosis/Radiology,3
6767,Telangana,Trust,"R.V.M. Institute of Medical Sciences and Research Centre, Siddipet",MS - General Surgery,4
6768,Telangana,Trust,"R.V.M. Institute of Medical Sciences and Research Centre, Siddipet",MD - Microbiology,2
6769,Telangana,Trust,"R.V.M. Institute of Medical Sciences and Research Centre, Siddipet",MS - Opthalmology,3
6770,Telangana,Trust,"R.V.M. Institute of Medical Sciences and Research Centre, Siddipet",MD - Anaesthesiology,3
6771,Telangana,Trust,"R.V.M. Institute of Medical Sciences and Research Centre, Siddipet",MD - Psychiatry,2
6772,Telangana,Trust,"R.V.M. Institute of Medical Sciences and Research Centre, Siddipet",MS - Obstetrics & Gynaecology,3
6773,Telangana,Trust,"R.V.M. Institute of Medical Sciences and Research Centre, Siddipet",MD - Physiology,2
6774,Telangana,Govt,"Rajiv Gandhi Institute of Medical Sciences, adilabad",MD - General Medicine,7
6775,Telangana,Govt,"Rajiv Gandhi Institute of Medical Sciences, adilabad",MD - Respiratory Medicine,5
6776,Telangana,Govt,"Rajiv Gandhi Institute of Medical Sciences, adilabad","MD - Dermatology , Venereology & Leprosy",5
6777,Telangana,Govt,"Rajiv Gandhi Institute of Medical Sciences, adilabad",MS - General Surgery,6
6778,Telangana,Govt,"Rajiv Gandhi Institute of Medical Sciences, adilabad",MS - Orthopaedics,5
6779,Telangana,Govt,"Rajiv Gandhi Institute of Medical Sciences, adilabad",MS - ENT,3
6780,Telangana,Govt,"Rajiv Gandhi Institute of Medical Sciences, adilabad",MS - Ophthalmology,3
6781,Telangana,Govt,"Rajiv Gandhi Institute of Medical Sciences, adilabad",MD - Anaesthesiology,7
6782,Telangana,Govt,"Rajiv Gandhi Institute of Medical Sciences, adilabad",MS - Obstetrics & Gynaecology,2
6783,Telangana,Govt,"Rajiv Gandhi Institute of Medical Sciences, adilabad",MD - Anatomy,5
6784,Telangana,Govt,"Rajiv Gandhi Institute of Medical Sciences, adilabad",MD - Bio-Chemistry,3
6785,Telangana,Govt,"Rajiv Gandhi Institute of Medical Sciences, adilabad",MD - Physiology,5
6786,Telangana,Govt,"Rajiv Gandhi Institute of Medical Sciences, adilabad",MD - Pharmacology,5
6787,Telangana,Govt,"Rajiv Gandhi Institute of Medical Sciences, adilabad",MD - Pathology,4
6788,Telangana,Govt,"Rajiv Gandhi Institute of Medical Sciences, adilabad","MD - Forensic Medicine/Forensic Medicine &
Toxicology",2
6789,Telangana,Govt,"Rajiv Gandhi Institute of Medical Sciences, adilabad","MD - Social & Preventive Medicine / Community
Medicine",5
6790,Telangana,Trust,"S V S Medical College, Mehboobnagar",MD - Pathology,13
6791,Telangana,Trust,"S V S Medical College, Mehboobnagar",MD - Paediatrics,7
6792,Telangana,Trust,"S V S Medical College, Mehboobnagar",MD - Radio Diagnosis/Radiology,7
6793,Telangana,Trust,"S V S Medical College, Mehboobnagar",MD - Anatomy,2
6794,Telangana,Trust,"S V S Medical College, Mehboobnagar",MS - ENT,3
6795,Telangana,Trust,"S V S Medical College, Mehboobnagar",MS - Orthopaedics,10
6796,Telangana,Trust,"S V S Medical College, Mehboobnagar",MD - Anaesthesiology,15
6797,Telangana,Trust,"S V S Medical College, Mehboobnagar",MD - Microbiology,3
6798,Telangana,Trust,"S V S Medical College, Mehboobnagar","MD - Dermatology , Venereology & Leprosy",4
6799,Telangana,Trust,"S V S Medical College, Mehboobnagar",MS - General Surgery,15
6800,Telangana,Trust,"S V S Medical College, Mehboobnagar",MD - Bio-Chemistry,3
6801,Telangana,Trust,"S V S Medical College, Mehboobnagar",MS - Obstetrics & Gynaecology,8
6802,Telangana,Trust,"S V S Medical College, Mehboobnagar","MD - Tuberculosis & Respiratory Diseases / Pulmonary
Medicine",3
6803,Telangana,Trust,"S V S Medical College, Mehboobnagar",MD - General Medicine,18
6804,Telangana,Trust,"S V S Medical College, Mehboobnagar",MS - Opthalmology,4
6805,Telangana,Trust,"S V S Medical College, Mehboobnagar",MD - Psychiatry,3
6806,Telangana,Society,"Shadan Institute of Medical Sciences,Research Centre and Teaching Hospital,
Peerancheru",MD - General Medicine,6
6807,Telangana,Society,"Shadan Institute of Medical Sciences,Research Centre and Teaching Hospital,
Peerancheru",MS - Orthopaedics,2
6808,Telangana,Society,"Shadan Institute of Medical Sciences,Research Centre and Teaching Hospital,
Peerancheru",MS - General Surgery,2
6809,Telangana,Society,"Shadan Institute of Medical Sciences,Research Centre and Teaching Hospital,
Peerancheru",MD - Anatomy,3
6810,Telangana,Society,"Shadan Institute of Medical Sciences,Research Centre and Teaching Hospital,
Peerancheru",MS - Obstetrics & Gynaecology,4
6811,Telangana,Society,"Shadan Institute of Medical Sciences,Research Centre and Teaching Hospital,
Peerancheru",MD - Radio Diagnosis/Radiology,4
6812,Telangana,Society,"Shadan Institute of Medical Sciences,Research Centre and Teaching Hospital,
Peerancheru",MS - Opthalmology,2
6813,Telangana,Society,"Shadan Institute of Medical Sciences,Research Centre and Teaching Hospital,
Peerancheru",MD - Paediatrics,4
6814,Telangana,Society,"Shadan Institute of Medical Sciences,Research Centre and Teaching Hospital,
Peerancheru",MD - Microbiology,2
6815,Telangana,Society,"Shadan Institute of Medical Sciences,Research Centre and Teaching Hospital,
Peerancheru",MD - Pharmacology,2
6816,Telangana,Society,"Shadan Institute of Medical Sciences,Research Centre and Teaching Hospital,
Peerancheru",MS - ENT,3
6817,Telangana,Society,"Shadan Institute of Medical Sciences,Research Centre and Teaching Hospital,
Peerancheru",MD - Bio-Chemistry,1
6818,Telangana,Society,"Shadan Institute of Medical Sciences,Research Centre and Teaching Hospital,
Peerancheru","MD - Tuberculosis & Respiratory Diseases / Pulmonary
Medicine",2
6819,Telangana,Society,"Shadan Institute of Medical Sciences,Research Centre and Teaching Hospital,
Peerancheru",MD - Physiology,2
6820,Telangana,Society,"Shadan Institute of Medical Sciences,Research Centre and Teaching Hospital,
Peerancheru",MD - Anaesthesiology,4
6821,Telangana,Society,"Shadan Institute of Medical Sciences,Research Centre and Teaching Hospital,
Peerancheru","MD - Dermatology , Venereology & Leprosy",2
6822,Telangana,Trust,"Surabhi Institute of Medical Sciences, Siddipet, Telangana",MS - Orthopaedics,3
6823,Telangana,Trust,"Surabhi Institute of Medical Sciences, Siddipet, Telangana",MD - Pathology,2
6824,Telangana,Trust,"Surabhi Institute of Medical Sciences, Siddipet, Telangana",MS - General Surgery,6
6825,Telangana,Trust,"Surabhi Institute of Medical Sciences, Siddipet, Telangana",MD- DVL,2
6826,Telangana,Trust,"Surabhi Institute of Medical Sciences, Siddipet, Telangana",MS - Opthalmology,3
6827,Telangana,Trust,"Surabhi Institute of Medical Sciences, Siddipet, Telangana",MD - Bio-Chemistry,3
6828,Telangana,Trust,"Surabhi Institute of Medical Sciences, Siddipet, Telangana",MD - Paediatrics,5
6829,Telangana,Trust,"Surabhi Institute of Medical Sciences, Siddipet, Telangana",MD - Radio Diagnosis,2
6830,Telangana,Trust,"Surabhi Institute of Medical Sciences, Siddipet, Telangana",MD - Anaesthesiology,5
6831,Telangana,Trust,"Surabhi Institute of Medical Sciences, Siddipet, Telangana",MD - Microbiology,4
6832,Telangana,Trust,"Surabhi Institute of Medical Sciences, Siddipet, Telangana",MS - Obstetrics & Gynaecology,6
6833,Telangana,Trust,"Surabhi Institute of Medical Sciences, Siddipet, Telangana",MD - General Medicine,7
6834,Telangana,Govt,Government Medical College Siddipet,MD - Dermatology Venerology and Leprosy,3
6835,Telangana,Govt,Government Medical College Siddipet,MD - Anaesthesiology,6
6836,Telangana,Govt,Government Medical College Siddipet,MD - Paediatrics,4
6837,Telangana,Govt,Government Medical College Siddipet,MD - Anatomy,5
6838,Telangana,Govt,Government Medical College Siddipet,MD -Biochemistry,5
6839,Telangana,Govt,Government Medical College Siddipet,MD - Physiology,3
6840,Telangana,Govt,Government Medical College Siddipet,MD - Pharmacology,5
6841,Telangana,Govt,Government Medical College Siddipet,MD - Pathology,4
6842,Telangana,Govt,Government Medical College Siddipet,MD - Forensic Medicine,4
6843,Telangana,Govt,Government Medical College Siddipet,MD - Community Medicine,4
6844,Telangana,Govt,Government Medical College Siddipet,MS - General Surgery,5
6845,Telangana,Govt,Government Medical College Siddipet,MS - Obstetrics & Gynaecology,9
6846,Telangana,Govt,Government Medical College Siddipet,MS - Opthalmology,5
6847,Telangana,Govt,Government Medical College Siddipet,MS - ENT,5
6848,Telangana,Govt,Government Medical College Siddipet,MD - Psychiatry,5
6849,Telangana,Govt,Government Medical College Siddipet,MD- Microbiology,3
6850,Telangana,Govt,"Government Medical College, Nizamabad",MD-Radio-Diagnosis,5
6851,Telangana,Society,"Mallareddy Medical College for Women, Hyderabad",MD - Pathology,9
6852,Telangana,Society,Mamata Academy of Medical Sciences Bachupally,MD - Anaesthesiology,10
6853,Telangana,Society,Mamata Academy of Medical Sciences Bachupally,MD - General Medicine,15
6854,Telangana,Society,Mamata Academy of Medical Sciences Bachupally,MS - General Surgery,15
6855,Telangana,Society,Mamata Academy of Medical Sciences Bachupally,MS - Orthopaedics,9
6856,Telangana,Society,Mamata Academy of Medical Sciences Bachupally,MS - Obstetrics & Gynaecology,9
6857,Telangana,Society,Mamata Academy of Medical Sciences Bachupally,MD - Radio - Diagnosis,7
6858,Telangana,Society,Mamata Academy of Medical Sciences Bachupally,MD - Paediatrics,8
6859,Telangana,Society,Mamata Academy of Medical Sciences Bachupally,MD - Dermatology Venerology and Leprosy,3
6860,Telangana,Society,Mamata Academy of Medical Sciences Bachupally,MD - Respiratory Medicine,3
6861,Telangana,Society,Mamata Academy of Medical Sciences Bachupally,MS - Otorhinolaryngology(ENT),3
6862,Telangana,Society,Mamata Academy of Medical Sciences Bachupally,MS - Opthalmology,3
6863,Telangana,Society,Mamata Academy of Medical Sciences Bachupally,MD - Psychiatry,3
6864,Telangana,Trust,Mamata Medical College Khammam,MD - Emergency Medicine,3
6865,Tripura,Govt,Agartala Government College & GBP Hospital,MD-Anesthesiology,4
6866,Tripura,Govt,Agartala Government College & GBP Hospital,MD- Anatomy,3
6867,Tripura,Govt,Agartala Government College & GBP Hospital,MD- Biochemistry,4
6868,Tripura,Govt,Agartala Government College & GBP Hospital,MD- Forensic Medicine,3
6869,Tripura,Govt,Agartala Government College & GBP Hospital,MD- General Medicine,11
6870,Tripura,Govt,Agartala Government College & GBP Hospital,MS- General Surgery,9
6871,Tripura,Govt,Agartala Government College & GBP Hospital,MD-Microbiology,3
6872,Tripura,Govt,Agartala Government College & GBP Hospital,MS-OBG,8
6873,Tripura,Govt,Agartala Government College & GBP Hospital,MS-Opthalmology,3
6874,Tripura,Govt,Agartala Government College & GBP Hospital,MS-Orthopaedics,5
6875,Tripura,Govt,Agartala Government College & GBP Hospital,MS- ENT,3
6876,Tripura,Govt,Agartala Government College & GBP Hospital,MD-Paediatrics,3
6877,Tripura,Govt,Agartala Government College & GBP Hospital,MD-Pathology,4
6878,Tripura,Govt,Agartala Government College & GBP Hospital,MD-Pharmacology,4
6879,Tripura,Govt,Agartala Government College & GBP Hospital,MD-Physiology,3
6880,Tripura,Govt,Agartala Government College & GBP Hospital,MD-Preventive Social Medicine,6
6881,Tripura,Govt,Agartala Government College & GBP Hospital,MD-Psychiatry,3
6882,Tripura,Govt,Agartala Government College & GBP Hospital,MD-Radio- Diagnosis,5
6883,Tripura,Govt,Agartala Government College & GBP Hospital,MD-Radio Therapy,3
6884,Tripura,Govt,Agartala Government College & GBP Hospital,MD-TB Respiratory Diseases,2
6885,Tripura,Trust,"Tripura Medical College and Dr. B R A M Teaching Hospital, Agartala",MD - Pathology,1
6886,Tripura,Trust,"Tripura Medical College and Dr. B R A M Teaching Hospital, Agartala",MS - Opthalmology,2
6887,Tripura,Trust,"Tripura Medical College and Dr. B R A M Teaching Hospital, Agartala",MD - General Medicine,2
6888,Tripura,Trust,"Tripura Medical College and Dr. B R A M Teaching Hospital, Agartala",MD - Pharmacology,1
6889,Tripura,Trust,"Tripura Medical College and Dr. B R A M Teaching Hospital, Agartala",MS - ENT,2
6890,Uttar Pradesh,Govt,"BRD Medical College, Gorakhpur",Diploma in Orthopaedics,3
6891,Uttar Pradesh,Govt,"BRD Medical College, Gorakhpur","MD - Dermatology , Venereology & Leprosy",3
6892,Uttar Pradesh,Govt,"BRD Medical College, Gorakhpur",Diploma in Child Health,3
6893,Uttar Pradesh,Govt,"BRD Medical College, Gorakhpur",MD - Pharmacology,5
6894,Uttar Pradesh,Govt,"BRD Medical College, Gorakhpur",MD - Anatomy,5
6895,Uttar Pradesh,Govt,"BRD Medical College, Gorakhpur","Diploma in Dermatology, Venereology and Leprosy",1
6896,Uttar Pradesh,Govt,"BRD Medical College, Gorakhpur",MD - Paediatrics,7
6897,Uttar Pradesh,Govt,"BRD Medical College, Gorakhpur",Diploma in Anaesthesia,1
6898,Uttar Pradesh,Govt,"BRD Medical College, Gorakhpur",MD - Anaesthesiology,12
6899,Uttar Pradesh,Govt,"BRD Medical College, Gorakhpur",Diploma in Obstetrics & Gynaecology,5
6900,Uttar Pradesh,Govt,"BRD Medical College, Gorakhpur",MD - Psychiatry,3
6901,Uttar Pradesh,Govt,"BRD Medical College, Gorakhpur",MD - Physiology,5
6902,Uttar Pradesh,Govt,"BRD Medical College, Gorakhpur",MS - General Surgery,12
6903,Uttar Pradesh,Govt,"BRD Medical College, Gorakhpur",MD - Pathology,12
6904,Uttar Pradesh,Govt,"BRD Medical College, Gorakhpur",MS - Obstetrics & Gynaecology,10
6905,Uttar Pradesh,Govt,"BRD Medical College, Gorakhpur",MS - Orthopaedics,5
6906,Uttar Pradesh,Govt,"BRD Medical College, Gorakhpur",MD - Radio Diagnosis/Radiology,3
6907,Uttar Pradesh,Govt,"BRD Medical College, Gorakhpur",MD - General Medicine,15
6908,Uttar Pradesh,Govt,"BRD Medical College, Gorakhpur",MS - Otorhinolaryngology,3
6909,Uttar Pradesh,Govt,"BRD Medical College, Gorakhpur",MS - Opthalmology,5
6910,Uttar Pradesh,Govt,"BRD Medical College, Gorakhpur","MD - Social & Preventive Medicine / Community
Medicine",5
6911,Uttar Pradesh,Trust,"Career Instt. Of Medical Sciences & Hospital, Lucknow",MD - Microbiology,4
6912,Uttar Pradesh,Trust,"Career Instt. Of Medical Sciences & Hospital, Lucknow",MD - Anatomy,4
6913,Uttar Pradesh,Trust,"Career Instt. Of Medical Sciences & Hospital, Lucknow",MD - General Medicine,5
6914,Uttar Pradesh,Trust,"Career Instt. Of Medical Sciences & Hospital, Lucknow",MD - Bio-Chemistry,4
6915,Uttar Pradesh,Trust,"Career Instt. Of Medical Sciences & Hospital, Lucknow",MS - General Surgery,9
6916,Uttar Pradesh,Trust,"Career Instt. Of Medical Sciences & Hospital, Lucknow",MS - Obstetrics & Gynaecology,2
6917,Uttar Pradesh,Trust,"Career Instt. Of Medical Sciences & Hospital, Lucknow",MD - Pharmacology,3
6918,Uttar Pradesh,Trust,"Career Instt. Of Medical Sciences & Hospital, Lucknow","MD - Dermatology , Venereology & Leprosy",2
6919,Uttar Pradesh,Trust,"Career Instt. Of Medical Sciences & Hospital, Lucknow",MD - Psychiatry,3
6920,Uttar Pradesh,Trust,"Career Instt. Of Medical Sciences & Hospital, Lucknow","MD - Social & Preventive Medicine / Community
Medicine",4
6921,Uttar Pradesh,Trust,"Career Instt. Of Medical Sciences & Hospital, Lucknow",MD - Radio Diagnosis/Radiology,2
6922,Uttar Pradesh,Trust,"Career Instt. Of Medical Sciences & Hospital, Lucknow",MD - Paediatrics,4
6923,Uttar Pradesh,Trust,"Career Instt. Of Medical Sciences & Hospital, Lucknow",MD - Physiology,3
6924,Uttar Pradesh,Trust,"Career Instt. Of Medical Sciences & Hospital, Lucknow",MS - Orthopaedics,4
6925,Uttar Pradesh,Trust,"Career Instt. Of Medical Sciences & Hospital, Lucknow","MD - Tuberculosis & Respiratory Diseases / Pulmonary
Medicine",3
6926,Uttar Pradesh,Trust,"Career Instt. Of Medical Sciences & Hospital, Lucknow",MS - Opthalmology,4
6927,Uttar Pradesh,Trust,"Career Instt. Of Medical Sciences & Hospital, Lucknow",MD - Anaesthesiology,6
6928,Uttar Pradesh,Trust,"Career Instt. Of Medical Sciences & Hospital, Lucknow",MS - ENT,4
6929,Uttar Pradesh,Trust,"Career Instt. Of Medical Sciences & Hospital, Lucknow",MD - Pathology,6
6930,Uttar Pradesh,Govt,"Command Hospital, Lucknow",MS - General Surgery,2
6931,Uttar Pradesh,Govt,"Command Hospital, Lucknow",MD - General Medicine,2
6932,Uttar Pradesh,Govt,"Command Hospital, Lucknow",MD - Paediatrics,2
6933,Uttar Pradesh,Govt,"Command Hospital, Lucknow",MS - Orthopaedics,2
6934,Uttar Pradesh,Govt,"Command Hospital, Lucknow",MD - Radio Diagnosis/Radiology,2
6935,Uttar Pradesh,Govt,"Command Hospital, Lucknow",MD - Pathology,1
6936,Uttar Pradesh,Govt,"Command Hospital, Lucknow",MD - Anaesthesiology,2
6937,Uttar Pradesh,Govt,"Command Hospital, Lucknow","MD - Dermatology , Venereology & Leprosy",2
6938,Uttar Pradesh,Govt,"Command Hospital, Lucknow",MS - ENT,1
6939,Uttar Pradesh,Govt,"Command Hospital, Lucknow",MS - Obstetrics & Gynaecology,2
6940,Uttar Pradesh,Govt,"Dr Sonelal Patel Autonomous State Medical College(Autonomous State
Medical College Pratapgarh",Post MBBS Diploma Courses in OBG-DGO,2
6941,Uttar Pradesh,Govt,"Dr. Ram Manohar Lohia Institute of Medical Sciences,Lucknow",MD - Pharmacology,5
6942,Uttar Pradesh,Govt,"Dr. Ram Manohar Lohia Institute of Medical Sciences,Lucknow",MS - Otorhinolaryngology,3
6943,Uttar Pradesh,Govt,"Dr. Ram Manohar Lohia Institute of Medical Sciences,Lucknow",MD - Microbiology,10
6944,Uttar Pradesh,Govt,"Dr. Ram Manohar Lohia Institute of Medical Sciences,Lucknow",MD - Radiotherapy/ Radiation Oncology,5
6945,Uttar Pradesh,Govt,"Dr. Ram Manohar Lohia Institute of Medical Sciences,Lucknow",MD - Paediatrics,7
6946,Uttar Pradesh,Govt,"Dr. Ram Manohar Lohia Institute of Medical Sciences,Lucknow",MD - Community Medicine,3
6947,Uttar Pradesh,Govt,"Dr. Ram Manohar Lohia Institute of Medical Sciences,Lucknow",MD - Radio Diagnosis/Radiology,8
6948,Uttar Pradesh,Govt,"Dr. Ram Manohar Lohia Institute of Medical Sciences,Lucknow",MD - Pathology,10
6949,Uttar Pradesh,Govt,"Dr. Ram Manohar Lohia Institute of Medical Sciences,Lucknow",MD - Emergency Medicine,5
6950,Uttar Pradesh,Govt,"Dr. Ram Manohar Lohia Institute of Medical Sciences,Lucknow",MD - Anatomy,4
6951,Uttar Pradesh,Govt,"Dr. Ram Manohar Lohia Institute of Medical Sciences,Lucknow",MD - Anaesthesiology,15
6952,Uttar Pradesh,Govt,"Dr. Ram Manohar Lohia Institute of Medical Sciences,Lucknow",MD - General Medicine,4
6953,Uttar Pradesh,Govt,"Dr. Ram Manohar Lohia Institute of Medical Sciences,Lucknow",MS - Orthopaedics,4
6954,Uttar Pradesh,Govt,"Dr. Ram Manohar Lohia Institute of Medical Sciences,Lucknow",MS - Obstetrics & Gynaecology,6
6955,Uttar Pradesh,Govt,"Dr. Ram Manohar Lohia Institute of Medical Sciences,Lucknow",MS - General Surgery,6
6956,Uttar Pradesh,Govt,"Dr. Ram Manohar Lohia Institute of Medical Sciences,Lucknow",MD - Physiology,4
6957,Uttar Pradesh,Trust,"Era Lucknow Medical College , Lucknow",MD - General Medicine,13
6958,Uttar Pradesh,Trust,"Era Lucknow Medical College , Lucknow",MD - Anatomy,2
6959,Uttar Pradesh,Trust,"Era Lucknow Medical College , Lucknow",MD - Paediatrics,10
6960,Uttar Pradesh,Trust,"Era Lucknow Medical College , Lucknow","MD - Social & Preventive Medicine / Community
Medicine",2
6961,Uttar Pradesh,Trust,"Era Lucknow Medical College , Lucknow",MS - Orthopaedics,9
6962,Uttar Pradesh,Trust,"Era Lucknow Medical College , Lucknow",MS - Opthalmology,4
6963,Uttar Pradesh,Trust,"Era Lucknow Medical College , Lucknow","MD - Dermatology , Venereology & Leprosy",5
6964,Uttar Pradesh,Trust,"Era Lucknow Medical College , Lucknow",MS - ENT,3
6965,Uttar Pradesh,Trust,"Era Lucknow Medical College , Lucknow",MD - Anaesthesiology,10
6966,Uttar Pradesh,Trust,"Era Lucknow Medical College , Lucknow","MD - Tuberculosis & Respiratory Diseases / Pulmonary
Medicine",4
6967,Uttar Pradesh,Trust,"Era Lucknow Medical College , Lucknow",MD - Psychiatry,3
6968,Uttar Pradesh,Trust,"Era Lucknow Medical College , Lucknow",MD - Physiology,2
6969,Uttar Pradesh,Trust,"Era Lucknow Medical College , Lucknow",MD - Pathology,7
6970,Uttar Pradesh,Trust,"Era Lucknow Medical College , Lucknow",MS - General Surgery,12
6971,Uttar Pradesh,Trust,"Era Lucknow Medical College , Lucknow",MS - Obstetrics & Gynaecology,9
6972,Uttar Pradesh,Trust,"Era Lucknow Medical College , Lucknow",MD - Pharmacology,3
6973,Uttar Pradesh,Trust,"Era Lucknow Medical College , Lucknow",MD - Microbiology,2
6974,Uttar Pradesh,Trust,"Era Lucknow Medical College , Lucknow",MD - Radio Diagnosis/Radiology,14
6975,Uttar Pradesh,Trust,"Era Lucknow Medical College , Lucknow",MD - Bio-Chemistry,1
6976,Uttar Pradesh,Trust,"F.H. Medical College & Hospital, Etamdapur, Agra",MS - Opthalmology,2
6977,Uttar Pradesh,Trust,"F.H. Medical College & Hospital, Etamdapur, Agra",MS - Orthopaedics,3
6978,Uttar Pradesh,Trust,"F.H. Medical College & Hospital, Etamdapur, Agra",MS - Otorhinolaryngology,2
6979,Uttar Pradesh,Trust,"F.H. Medical College & Hospital, Etamdapur, Agra",MD - Microbiology,2
6980,Uttar Pradesh,Trust,"F.H. Medical College & Hospital, Etamdapur, Agra",MD - Psychiatry,2
6981,Uttar Pradesh,Trust,"F.H. Medical College & Hospital, Etamdapur, Agra",MS - Obstetrics & Gynaecology,6
6982,Uttar Pradesh,Trust,"F.H. Medical College & Hospital, Etamdapur, Agra","MD - Dermatology , Venereology & Leprosy",2
6983,Uttar Pradesh,Trust,"F.H. Medical College & Hospital, Etamdapur, Agra",MD - Respiratory Medicine,2
6984,Uttar Pradesh,Trust,"F.H. Medical College & Hospital, Etamdapur, Agra",MD - Pathology,4
6985,Uttar Pradesh,Trust,"F.H. Medical College & Hospital, Etamdapur, Agra",MD - Radio Diagnosis/Radiology,3
6986,Uttar Pradesh,Trust,"F.H. Medical College & Hospital, Etamdapur, Agra",MS - General Surgery,4
6987,Uttar Pradesh,Trust,"F.H. Medical College & Hospital, Etamdapur, Agra",MD - Anaesthesiology,3
6988,Uttar Pradesh,Trust,"F.H. Medical College & Hospital, Etamdapur, Agra",MD - Paediatrics,4
6989,Uttar Pradesh,Trust,"F.H. Medical College & Hospital, Etamdapur, Agra",MD - General Medicine,5
6990,Uttar Pradesh,Trust,"F.H. Medical College & Hospital, Etamdapur, Agra",MD - Community Medicine,4
6991,Uttar Pradesh,Trust,"G.S. Medical College & Hospital, Hapur, UP",MD - Paediatrics,3
6992,Uttar Pradesh,Trust,"G.S. Medical College & Hospital, Hapur, UP",MD - Radio Diagnosis,3
6993,Uttar Pradesh,Trust,"G.S. Medical College & Hospital, Hapur, UP",MD - Anaesthesiology,6
6994,Uttar Pradesh,Trust,"G.S. Medical College & Hospital, Hapur, UP",MD - General Medicine,4
6995,Uttar Pradesh,Trust,"G.S. Medical College & Hospital, Hapur, UP",MS - General Surgery,4
6996,Uttar Pradesh,Trust,"G.S. Medical College & Hospital, Hapur, UP","MD - Dermatology , Venereology & Leprosy",3
6997,Uttar Pradesh,Trust,"G.S. Medical College & Hospital, Hapur, UP",MS - Otorhinolaryngology,2
6998,Uttar Pradesh,Trust,"G.S. Medical College & Hospital, Hapur, UP",MD - Respiratory Medicine,2
6999,Uttar Pradesh,Trust,"G.S. Medical College & Hospital, Hapur, UP",MS - Orthopaedics,2
7000,Uttar Pradesh,Trust,"G.S. Medical College & Hospital, Hapur, UP",MS - Obstetrics & Gynaecology,3
7001,Uttar Pradesh,Trust,"G.S. Medical College & Hospital, Hapur, UP",MD - Psychiatry,2
7002,Uttar Pradesh,Trust,"G.S. Medical College & Hospital, Hapur, UP",MS - Opthalmology,3
7003,Uttar Pradesh,Govt,"Government Allopathic Medical College, Banda, UP",MS - Otorhinolaryngology(ENT),3
7004,Uttar Pradesh,Govt,"Government Allopathic Medical College, Banda, UP",MS - General Surgery,5
7005,Uttar Pradesh,Govt,"Government Allopathic Medical College, Banda, UP",MD - Anaesthesiology,3
7006,Uttar Pradesh,Govt,"Government Allopathic Medical College, Banda, UP",MD - Pharmacology,3
7007,Uttar Pradesh,Govt,"Government Allopathic Medical College, Banda, UP",MD - Physiology,3
7008,Uttar Pradesh,Govt,"Government Allopathic Medical College, Banda, UP",MD - Anatomy,3
7009,Uttar Pradesh,Govt,"Government Allopathic Medical College, Banda, UP","MD - Forensic Medicine/Forensic Medicine &
Toxicology",3
7010,Uttar Pradesh,Govt,"Government Allopathic Medical College, Banda, UP",MD - Community Medicine,4
7011,Uttar Pradesh,Govt,"Government Institute of Medical Sciences Greater Noida (Greater Noida
Medical College)",MD - Anatomy,4
7012,Uttar Pradesh,Govt,"Government Institute of Medical Sciences Greater Noida (Greater Noida
Medical College)",MD - Physiology,4
7013,Uttar Pradesh,Govt,"Government Institute of Medical Sciences Greater Noida (Greater Noida
Medical College)",MD - Biochemistry,4
7014,Uttar Pradesh,Govt,"Government Institute of Medical Sciences Greater Noida (Greater Noida
Medical College)",MD - Pathology,4
7015,Uttar Pradesh,Govt,"Government Institute of Medical Sciences Greater Noida (Greater Noida
Medical College)",MD - Pharmacology,4
7016,Uttar Pradesh,Govt,"Government Institute of Medical Sciences Greater Noida (Greater Noida
Medical College)",MD - Microbiology,4
7017,Uttar Pradesh,Govt,"Government Institute of Medical Sciences Greater Noida (Greater Noida
Medical College)",MD - Community Medicine,4
7018,Uttar Pradesh,Govt,"Government Institute of Medical Sciences Greater Noida (Greater Noida
Medical College)",MD - General Medicine,6
7019,Uttar Pradesh,Govt,"Government Institute of Medical Sciences Greater Noida (Greater Noida
Medical College)",MS - Orthopaedics,4
7020,Uttar Pradesh,Govt,"Government Institute of Medical Sciences Greater Noida (Greater Noida
Medical College)",MS - General Surgery,6
7021,Uttar Pradesh,Govt,"Government Institute of Medical Sciences Greater Noida (Greater Noida
Medical College)",MD - Anaesthesiology,6
7022,Uttar Pradesh,Govt,"Government Institute of Medical Sciences Greater Noida (Greater Noida
Medical College)",MD - Paediatrics,3
7023,Uttar Pradesh,Govt,"Government Institute of Medical Sciences Greater Noida (Greater Noida
Medical College)",MS - Otorhinolaryngology(ENT),3
7024,Uttar Pradesh,Govt,"Government Medical College & Super facility Hospital, Azamgarh",MD - Anaesthesiology,5
7025,Uttar Pradesh,Govt,"Government Medical College & Super facility Hospital, Azamgarh",MS - Otorhinolaryngology(ENT),3
7026,Uttar Pradesh,Govt,"Government Medical College & Super facility Hospital, Azamgarh",MD - Pharmacology,4
7027,Uttar Pradesh,Govt,"Government Medical College & Super facility Hospital, Azamgarh",MD - Community Medicine,8
7028,Uttar Pradesh,Govt,"Government Medical College & Super facility Hospital, Azamgarh",MD - Anatomy,4
7029,Uttar Pradesh,Govt,Government Medical College Badaun U.P.,MD - Community Medicine,3
7030,Uttar Pradesh,Govt,Government Medical College Firozabad,MD - Anatomy,3
7031,Uttar Pradesh,Govt,Government Medical College Firozabad,MD - Pathology,4
7032,Uttar Pradesh,Govt,Government Medical College Firozabad,MD - Physiology,3
7033,Uttar Pradesh,Govt,Government Medical College Firozabad,MD - Pharmacology,2
7034,Uttar Pradesh,Govt,Government Medical College Firozabad,MD - Biochemistry,3
7035,Uttar Pradesh,Govt,Government Medical College Firozabad,MD - Community Medicine,4
7036,Uttar Pradesh,Govt,Government Medical College Firozabad,MD - Microbiology,4
7037,Uttar Pradesh,Govt,Government Medical College Firozabad,MD - Forensic Medicine,2
7038,Uttar Pradesh,Govt,Government Medical College Rampur Basti,MD - Physiology,5
7039,Uttar Pradesh,Govt,Government Medical College Rampur Basti,MD - Pathology,3
7040,Uttar Pradesh,Govt,Government Medical College Rampur Basti,MD - Microbiology,3
7041,Uttar Pradesh,Govt,Government Medical College Rampur Basti,MD - Community Medicine,3
7042,Uttar Pradesh,Govt,Government Medical College Shahjahanpur UP,MD - Anatomy,3
7043,Uttar Pradesh,Govt,Government Medical College Shahjahanpur UP,MD - Microbiology,3
7044,Uttar Pradesh,Govt,Government Medical College Shahjahanpur UP,MD- Community Medicine,3
7045,Uttar Pradesh,Govt,Government Medical College Shahjahanpur UP,MD- Pathology,2
7046,Uttar Pradesh,Govt,Government Medical College Shahjahanpur UP,MD- Physiology,4
7047,Uttar Pradesh,Govt,Government Medical College Shahjahanpur UP,MD- Biochemistry,2
7048,Uttar Pradesh,Govt,Government Medical College Shahjahanpur UP,MD - Pharmacology,3
7049,Uttar Pradesh,Govt,Government Medical College Shahjahanpur UP,MD - Forensic Medicine,3
7050,Uttar Pradesh,Govt,"Government Medical College, Kannauj",MD- Pathology,5
7051,Uttar Pradesh,Govt,"Government Medical College, Kannauj",MS- ENT,3
7052,Uttar Pradesh,Govt,"Government Medical College, Kannauj",MD- Biochemistry,3
7053,Uttar Pradesh,Govt,"Government Medical College, Kannauj",MD- Anesthesiology,5
7054,Uttar Pradesh,Govt,"Government Medical College, Kannauj",MD- Anatomy,5
7055,Uttar Pradesh,Govt,"Government Medical College, Kannauj",MD-Paediatrics,5
7056,Uttar Pradesh,Govt,"Government Medical College, Kannauj",MS- General Surgery,5
7057,Uttar Pradesh,Govt,"Government Medical College, Kannauj",MS - Orthopaedics,5
7058,Uttar Pradesh,Govt,"Government Medical College, Kannauj",MS- OBG,5
7059,Uttar Pradesh,Govt,"Government Medical College, Kannauj",MD- Microbiology,5
7060,Uttar Pradesh,Govt,"Government Medical College, Kannauj",MD-Community Medicine,3
7061,Uttar Pradesh,Govt,"Government Medical College, Kannauj",MS -Ophthalmology,3
7062,Uttar Pradesh,Govt,"Government Medical College, Kannauj",MD - Pharmacology,2
7063,Uttar Pradesh,Govt,"Government Medical College, Kannauj",MD - Physiology,2
7064,Uttar Pradesh,Govt,"GSVM Medical College, Kanpur",MD Anaesthesiology,12
7065,Uttar Pradesh,Govt,"GSVM Medical College, Kanpur",MD - Anatomy,2
7066,Uttar Pradesh,Govt,"GSVM Medical College, Kanpur",MS ENT,6
7067,Uttar Pradesh,Govt,"GSVM Medical College, Kanpur",MD Forensic Medicine,1
7068,Uttar Pradesh,Govt,"GSVM Medical College, Kanpur",MS OBG,21
7069,Uttar Pradesh,Govt,"GSVM Medical College, Kanpur",MD General Medicine,25
7070,Uttar Pradesh,Govt,"GSVM Medical College, Kanpur",MS Ophthalmology,5
7071,Uttar Pradesh,Govt,"GSVM Medical College, Kanpur",MS orthopedics,9
7072,Uttar Pradesh,Govt,"GSVM Medical College, Kanpur",MD Pediatrics,14
7073,Uttar Pradesh,Govt,"GSVM Medical College, Kanpur",MD Pathology,14
7074,Uttar Pradesh,Govt,"GSVM Medical College, Kanpur",MD Pharmacology,5
7075,Uttar Pradesh,Govt,"GSVM Medical College, Kanpur",MD Physiology,8
7076,Uttar Pradesh,Govt,"GSVM Medical College, Kanpur",MD Radiodiagnosis,2
7077,Uttar Pradesh,Govt,"GSVM Medical College, Kanpur",MD Radiotherepy,4
7078,Uttar Pradesh,Govt,"GSVM Medical College, Kanpur",MD Community Medicine,6
7079,Uttar Pradesh,Govt,"GSVM Medical College, Kanpur",MS- General Surgery,24
7080,Uttar Pradesh,Govt,"GSVM Medical College, Kanpur",MD Respiratory Medicine,7
7081,Uttar Pradesh,Govt,"GSVM Medical College, Kanpur",MD - Biochemistry,3
7082,Uttar Pradesh,Govt,"GSVM Medical College, Kanpur",MD - Microbiology,3
7083,Uttar Pradesh,Pvt,"Heritage Institute of Medical Sciences, Varanasi",MS - Opthalmology,4
7084,Uttar Pradesh,Pvt,"Heritage Institute of Medical Sciences, Varanasi",MS - Orthopaedics,3
7085,Uttar Pradesh,Pvt,"Heritage Institute of Medical Sciences, Varanasi",MD - General Medicine,3
7086,Uttar Pradesh,Pvt,"Heritage Institute of Medical Sciences, Varanasi",MD - Anaesthesiology,8
7087,Uttar Pradesh,Pvt,"Heritage Institute of Medical Sciences, Varanasi",MD - Paediatrics,3
7088,Uttar Pradesh,Pvt,"Heritage Institute of Medical Sciences, Varanasi",MD - Pharmacology,2
7089,Uttar Pradesh,Pvt,"Heritage Institute of Medical Sciences, Varanasi",MD - Pathology,6
7090,Uttar Pradesh,Pvt,"Heritage Institute of Medical Sciences, Varanasi",MS - Obstetrics & Gynaecology,3
7091,Uttar Pradesh,Pvt,"Heritage Institute of Medical Sciences, Varanasi",MD - Microbiology,1
7092,Uttar Pradesh,Pvt,"Heritage Institute of Medical Sciences, Varanasi",MS - ENT,4
7093,Uttar Pradesh,Pvt,"Heritage Institute of Medical Sciences, Varanasi",MS - General Surgery,6
7094,Uttar Pradesh,Pvt,"Heritage Institute of Medical Sciences, Varanasi","MD - Tuberculosis & Respiratory Diseases / Pulmonary
Medicine",3
7095,Uttar Pradesh,Pvt,"Heritage Institute of Medical Sciences, Varanasi",MD - Radio Diagnosis,4
7096,Uttar Pradesh,Pvt,"Heritage Institute of Medical Sciences, Varanasi",MD - Bio-Chemistry,3
7097,Uttar Pradesh,Pvt,"Heritage Institute of Medical Sciences, Varanasi",MD - Anatomy,3
7098,Uttar Pradesh,Trust,"Hind Institute of Medical Sciences , Barabanki","MD - Dermatology , Venereology & Leprosy",2
7099,Uttar Pradesh,Trust,"Hind Institute of Medical Sciences , Barabanki","MD - Forensic Medicine/Forensic Medicine &
Toxicology",2
7100,Uttar Pradesh,Trust,"Hind Institute of Medical Sciences , Barabanki",MD - Pathology,4
7101,Uttar Pradesh,Trust,"Hind Institute of Medical Sciences , Barabanki",MD - Respiratory Medicine,2
7102,Uttar Pradesh,Trust,"Hind Institute of Medical Sciences , Barabanki","MD - Social & Preventive Medicine / Community
Medicine",2
7103,Uttar Pradesh,Trust,"Hind Institute of Medical Sciences , Barabanki",MD - Anatomy,2
7104,Uttar Pradesh,Trust,"Hind Institute of Medical Sciences , Barabanki",MS - Orthopaedics,4
7105,Uttar Pradesh,Trust,"Hind Institute of Medical Sciences , Barabanki",MD - Pharmacology,4
7106,Uttar Pradesh,Trust,"Hind Institute of Medical Sciences , Barabanki",MS - General Surgery,7
7107,Uttar Pradesh,Trust,"Hind Institute of Medical Sciences , Barabanki",MD - General Medicine,10
7108,Uttar Pradesh,Trust,"Hind Institute of Medical Sciences , Barabanki",MS - ENT,2
7109,Uttar Pradesh,Trust,"Hind Institute of Medical Sciences , Barabanki",MD - Paediatrics,3
7110,Uttar Pradesh,Trust,"Hind Institute of Medical Sciences , Barabanki",MD - Psychiatry,2
7111,Uttar Pradesh,Trust,"Hind Institute of Medical Sciences , Barabanki",MD - Physiology,3
7112,Uttar Pradesh,Trust,"Hind Institute of Medical Sciences , Barabanki",MD - Microbiology,4
7113,Uttar Pradesh,Trust,"Hind Institute of Medical Sciences , Barabanki",MS - Opthalmology,2
7114,Uttar Pradesh,Trust,"Hind Institute of Medical Sciences , Barabanki",MD - Bio-Chemistry,1
7115,Uttar Pradesh,Trust,"Hind Institute of Medical Sciences , Barabanki",MD - Anaesthesiology,7
7116,Uttar Pradesh,Trust,"Hind Institute of Medical Sciences , Barabanki",MD - Radio Diagnosis/Radiology,4
7117,Uttar Pradesh,Trust,"Hind Institute of Medical Sciences , Barabanki",MS - Obstetrics & Gynaecology,4
7118,Uttar Pradesh,Trust,"Hind Institute of Medical Sciences, Sitapur",MD - Paediatrics,3
7119,Uttar Pradesh,Trust,"Hind Institute of Medical Sciences, Sitapur",MD - Microbiology,6
7120,Uttar Pradesh,Trust,"Hind Institute of Medical Sciences, Sitapur",MD - Bio-Chemistry,4
7121,Uttar Pradesh,Trust,"Hind Institute of Medical Sciences, Sitapur",MS - Otorhinolaryngology,2
7122,Uttar Pradesh,Trust,"Hind Institute of Medical Sciences, Sitapur","MD - Dermatology , Venereology & Leprosy",2
7123,Uttar Pradesh,Trust,"Hind Institute of Medical Sciences, Sitapur",MS - Orthopaedics,5
7124,Uttar Pradesh,Trust,"Hind Institute of Medical Sciences, Sitapur",MD - Anaesthesiology,5
7125,Uttar Pradesh,Trust,"Hind Institute of Medical Sciences, Sitapur",MD - Pathology,4
7126,Uttar Pradesh,Trust,"Hind Institute of Medical Sciences, Sitapur",MS - Opthalmology,2
7127,Uttar Pradesh,Trust,"Hind Institute of Medical Sciences, Sitapur",MS - General Surgery,12
7128,Uttar Pradesh,Trust,"Hind Institute of Medical Sciences, Sitapur",MS - Obstetrics & Gynaecology,3
7129,Uttar Pradesh,Trust,"Hind Institute of Medical Sciences, Sitapur",MD - Radio Diagnosis/Radiology,2
7130,Uttar Pradesh,Trust,"Hind Institute of Medical Sciences, Sitapur",MD - Respiratory Medicine,2
7131,Uttar Pradesh,Trust,"Hind Institute of Medical Sciences, Sitapur",MD - General Medicine,5
7132,Uttar Pradesh,Trust,"Hind Institute of Medical Sciences, Sitapur",MD - Psychiatry,2
7133,Uttar Pradesh,Govt,"Homi Bhabha Cancer Hospital, Varanasi, Uttar Pradesh",MD - Anaesthesiology,2
7134,Uttar Pradesh,Govt,"Homi Bhabha Cancer Hospital, Varanasi, Uttar Pradesh",MD - Radiation Oncology,4
7135,Uttar Pradesh,Govt,"Institute of Medical Sciences, BHU, Varansi","MD - Forensic Medicine/Forensic Medicine &
Toxicology",4
7136,Uttar Pradesh,Govt,"Institute of Medical Sciences, BHU, Varansi","MD - Dermatology , Venereology & Leprosy",5
7137,Uttar Pradesh,Govt,"Institute of Medical Sciences, BHU, Varansi",MD - Geriatrics,3
7138,Uttar Pradesh,Govt,"Institute of Medical Sciences, BHU, Varansi",MD - Radio Diagnosis/Radiology,10
7139,Uttar Pradesh,Govt,"Institute of Medical Sciences, BHU, Varansi","MD - Tuberculosis & Respiratory Diseases / Pulmonary
Medicine",5
7140,Uttar Pradesh,Govt,"Institute of Medical Sciences, BHU, Varansi",MS - Orthopaedics,9
7141,Uttar Pradesh,Govt,"Institute of Medical Sciences, BHU, Varansi",MD - Paediatrics,12
7142,Uttar Pradesh,Govt,"Institute of Medical Sciences, BHU, Varansi",MD - Anatomy,3
7143,Uttar Pradesh,Govt,"Institute of Medical Sciences, BHU, Varansi",MD - Physiology,4
7144,Uttar Pradesh,Govt,"Institute of Medical Sciences, BHU, Varansi",MS - Opthalmology,7
7145,Uttar Pradesh,Govt,"Institute of Medical Sciences, BHU, Varansi",Diploma in Anaesthesia,1
7146,Uttar Pradesh,Govt,"Institute of Medical Sciences, BHU, Varansi",MD - Radiotherapy/ Radiation Oncology,5
7147,Uttar Pradesh,Govt,"Institute of Medical Sciences, BHU, Varansi",MD - Pharmacology,5
7148,Uttar Pradesh,Govt,"Institute of Medical Sciences, BHU, Varansi",MS - ENT,5
7149,Uttar Pradesh,Govt,"Institute of Medical Sciences, BHU, Varansi",MS - Obstetrics & Gynaecology,10
7150,Uttar Pradesh,Govt,"Institute of Medical Sciences, BHU, Varansi",MD - Anaesthesiology,31
7151,Uttar Pradesh,Govt,"Institute of Medical Sciences, BHU, Varansi",MD - Bio-Physics,1
7152,Uttar Pradesh,Govt,"Institute of Medical Sciences, BHU, Varansi",MD - Pathology,9
7153,Uttar Pradesh,Govt,"Institute of Medical Sciences, BHU, Varansi",MD - General Medicine,19
7154,Uttar Pradesh,Govt,"Institute of Medical Sciences, BHU, Varansi","MD - Social & Preventive Medicine / Community
Medicine",5
7155,Uttar Pradesh,Govt,"Institute of Medical Sciences, BHU, Varansi",MD - Microbiology,5
7156,Uttar Pradesh,Govt,"Institute of Medical Sciences, BHU, Varansi",MD - Psychiatry,6
7157,Uttar Pradesh,Govt,"Institute of Medical Sciences, BHU, Varansi",MS - General Surgery,20
7158,Uttar Pradesh,Govt,"Institute of Medical Sciences, BHU, Varansi",MD - Bio-Chemistry,4
7159,Uttar Pradesh,Govt,"Institute of Mental Health and Hospital, Agra",MD - Psychiatry,8
7160,Uttar Pradesh,Pvt,"Integral Institute of Medical Sciences & Research, Lucknow",MD - Anaesthesiology,7
7161,Uttar Pradesh,Pvt,"Integral Institute of Medical Sciences & Research, Lucknow",MD - Bio-Chemistry,3
7162,Uttar Pradesh,Pvt,"Integral Institute of Medical Sciences & Research, Lucknow","MD - Dermatology , Venereology & Leprosy",3
7163,Uttar Pradesh,Pvt,"Integral Institute of Medical Sciences & Research, Lucknow",MD - General Medicine,4
7164,Uttar Pradesh,Pvt,"Integral Institute of Medical Sciences & Research, Lucknow",MD - Microbiology,4
7165,Uttar Pradesh,Pvt,"Integral Institute of Medical Sciences & Research, Lucknow",MD - Paediatrics,2
7166,Uttar Pradesh,Pvt,"Integral Institute of Medical Sciences & Research, Lucknow",MD - Pathology,5
7167,Uttar Pradesh,Pvt,"Integral Institute of Medical Sciences & Research, Lucknow",MD - Psychiatry,1
7168,Uttar Pradesh,Pvt,"Integral Institute of Medical Sciences & Research, Lucknow",MD - Radio Diagnosis/Radiology,2
7169,Uttar Pradesh,Pvt,"Integral Institute of Medical Sciences & Research, Lucknow","MD - Social & Preventive Medicine / Community
Medicine",4
7170,Uttar Pradesh,Pvt,"Integral Institute of Medical Sciences & Research, Lucknow",MS - General Surgery,2
7171,Uttar Pradesh,Pvt,"Integral Institute of Medical Sciences & Research, Lucknow",MS - Obstetrics & Gynaecology,6
7172,Uttar Pradesh,Pvt,"Integral Institute of Medical Sciences & Research, Lucknow",MS - Opthalmology,2
7173,Uttar Pradesh,Pvt,"Integral Institute of Medical Sciences & Research, Lucknow",MS - Orthopaedics,2
7174,Uttar Pradesh,Pvt,"Integral Institute of Medical Sciences & Research, Lucknow",MS - Otorhinolaryngology,1
7175,Uttar Pradesh,Govt,"Jawaharlal Nehru Medical College, Aligarh",Diploma in Ophthalmology,9
7176,Uttar Pradesh,Govt,"Jawaharlal Nehru Medical College, Aligarh",MD - Anaesthesiology,19
7177,Uttar Pradesh,Govt,"Jawaharlal Nehru Medical College, Aligarh",MD - Anatomy,3
7178,Uttar Pradesh,Govt,"Jawaharlal Nehru Medical College, Aligarh",MD - Bio-Chemistry,2
7179,Uttar Pradesh,Govt,"Jawaharlal Nehru Medical College, Aligarh","MD - Dermatology , Venereology & Leprosy",5
7180,Uttar Pradesh,Govt,"Jawaharlal Nehru Medical College, Aligarh","MD - Forensic Medicine/Forensic Medicine &
Toxicology",5
7181,Uttar Pradesh,Govt,"Jawaharlal Nehru Medical College, Aligarh",MD - General Medicine,21
7182,Uttar Pradesh,Govt,"Jawaharlal Nehru Medical College, Aligarh",MD - Microbiology,5
7183,Uttar Pradesh,Govt,"Jawaharlal Nehru Medical College, Aligarh",MD - Paediatrics,15
7184,Uttar Pradesh,Govt,"Jawaharlal Nehru Medical College, Aligarh",MD - Pathology,15
7185,Uttar Pradesh,Govt,"Jawaharlal Nehru Medical College, Aligarh",MD - Pharmacology,12
7186,Uttar Pradesh,Govt,"Jawaharlal Nehru Medical College, Aligarh",MD - Physiology,5
7187,Uttar Pradesh,Govt,"Jawaharlal Nehru Medical College, Aligarh",MD - Psychiatry,3
7188,Uttar Pradesh,Govt,"Jawaharlal Nehru Medical College, Aligarh",MD - Radio Diagnosis/Radiology,11
7189,Uttar Pradesh,Govt,"Jawaharlal Nehru Medical College, Aligarh",MD - Radiotherapy/ Radiation Oncology,4
7190,Uttar Pradesh,Govt,"Jawaharlal Nehru Medical College, Aligarh","MD - Social & Preventive Medicine / Community
Medicine",11
7191,Uttar Pradesh,Govt,"Jawaharlal Nehru Medical College, Aligarh","MD - Tuberculosis & Respiratory Diseases / Pulmonary
Medicine",6
7192,Uttar Pradesh,Govt,"Jawaharlal Nehru Medical College, Aligarh",MS - ENT,6
7193,Uttar Pradesh,Govt,"Jawaharlal Nehru Medical College, Aligarh",MS - General Surgery,21
7194,Uttar Pradesh,Govt,"Jawaharlal Nehru Medical College, Aligarh",MS - Obstetrics & Gynaecology,17
7195,Uttar Pradesh,Govt,"Jawaharlal Nehru Medical College, Aligarh",MS - Opthalmology,13
7196,Uttar Pradesh,Govt,"Jawaharlal Nehru Medical College, Aligarh",MS-Orthopaedics,14
7197,Uttar Pradesh,Society,"K.D. Medical College Hospital & Research Centre, Mathura","MD - Dermatology , Venereology & Leprosy",2
7198,Uttar Pradesh,Society,"K.D. Medical College Hospital & Research Centre, Mathura",MD - Pathology,4
7199,Uttar Pradesh,Society,"K.D. Medical College Hospital & Research Centre, Mathura",MD - General Medicine,3
7200,Uttar Pradesh,Society,"K.D. Medical College Hospital & Research Centre, Mathura",MD - Psychiatry,2
7201,Uttar Pradesh,Society,"K.D. Medical College Hospital & Research Centre, Mathura",MD - Respiratory Medicine,2
7202,Uttar Pradesh,Society,"K.D. Medical College Hospital & Research Centre, Mathura",MD - Radio Diagnosis,2
7203,Uttar Pradesh,Society,"K.D. Medical College Hospital & Research Centre, Mathura",MS - Opthalmology,2
7204,Uttar Pradesh,Society,"K.D. Medical College Hospital & Research Centre, Mathura",MS - Obstetrics & Gynaecology,3
7205,Uttar Pradesh,Society,"K.D. Medical College Hospital & Research Centre, Mathura",MS - General Surgery,12
7206,Uttar Pradesh,Society,"K.D. Medical College Hospital & Research Centre, Mathura",MS - Orthopaedics,5
7207,Uttar Pradesh,Society,"K.D. Medical College Hospital & Research Centre, Mathura",MS - Otorhinolaryngology,6
7208,Uttar Pradesh,Society,"K.D. Medical College Hospital & Research Centre, Mathura",MD - Emergency Medicine,6
7209,Uttar Pradesh,Society,"K.D. Medical College Hospital & Research Centre, Mathura",MD - Paediatrics,2
7210,Uttar Pradesh,Society,"K.D. Medical College Hospital & Research Centre, Mathura",MD - Anaesthesiology,4
7211,Uttar Pradesh,Govt,"King George Medical University, Lucknow",MD - Anatomy,15
7212,Uttar Pradesh,Govt,"King George Medical University, Lucknow",MD - Community Medicine,10
7213,Uttar Pradesh,Govt,"King George Medical University, Lucknow","MD - Forensic Medicine/Forensic Medicine &
Toxicology",9
7214,Uttar Pradesh,Govt,"King George Medical University, Lucknow",MD - Hospital Administration,2
7215,Uttar Pradesh,Govt,"King George Medical University, Lucknow",MD - Microbiology,15
7216,Uttar Pradesh,Govt,"King George Medical University, Lucknow",MD - Pathology,20
7217,Uttar Pradesh,Govt,"King George Medical University, Lucknow",MD - Physiology,18
7218,Uttar Pradesh,Govt,"King George Medical University, Lucknow",MD - Pharmacology,26
7219,Uttar Pradesh,Govt,"King George Medical University, Lucknow",MD - Bio-Chemistry,2
7220,Uttar Pradesh,Govt,"King George Medical University, Lucknow",MD - Anesthesiology,42
7221,Uttar Pradesh,Govt,"King George Medical University, Lucknow",MD - Radio Diagnosis,9
7222,Uttar Pradesh,Govt,"King George Medical University, Lucknow",MD - Transfusion Medicine,3
7223,Uttar Pradesh,Govt,"King George Medical University, Lucknow",MD - General Medicine,28
7224,Uttar Pradesh,Govt,"King George Medical University, Lucknow",MS - General Surgery,24
7225,Uttar Pradesh,Govt,"King George Medical University, Lucknow",MS - Obstetrics & Gynaecology,30
7226,Uttar Pradesh,Govt,"King George Medical University, Lucknow",MS -Ophthamology,8
7227,Uttar Pradesh,Govt,"King George Medical University, Lucknow",MS - Orthopaedics,16
7228,Uttar Pradesh,Govt,"King George Medical University, Lucknow",MD - Paediatrics,24
7229,Uttar Pradesh,Govt,"King George Medical University, Lucknow",MD PMR,4
7230,Uttar Pradesh,Govt,"King George Medical University, Lucknow",MD - Psychiatry,12
7231,Uttar Pradesh,Govt,"King George Medical University, Lucknow",MD - Radiotherapy/ Radiation Oncology,6
7232,Uttar Pradesh,Govt,"King George Medical University, Lucknow",MD - Respiratory Medicine,15
7233,Uttar Pradesh,Govt,"King George Medical University, Lucknow",MS - ENT,5
7234,Uttar Pradesh,Govt,"King George Medical University, Lucknow",MS - Traumatology & Surgery,5
7235,Uttar Pradesh,Govt,"King George Medical University, Lucknow",MD - Emergency Medicine,5
7236,Uttar Pradesh,Society,"Krishna Mohan Medical College & Hospital, Mathura",MD - Paediatrics,8
7237,Uttar Pradesh,Society,"Krishna Mohan Medical College & Hospital, Mathura",MD - Anaesthesiology,4
7238,Uttar Pradesh,Society,"Krishna Mohan Medical College & Hospital, Mathura",MD - Psychiatry,6
7239,Uttar Pradesh,Society,"Krishna Mohan Medical College & Hospital, Mathura","MD - Dermatology , Venereology & Leprosy",6
7240,Uttar Pradesh,Society,"Krishna Mohan Medical College & Hospital, Mathura",MS - Orthopaedics,4
7241,Uttar Pradesh,Society,"Krishna Mohan Medical College & Hospital, Mathura",MD - Pathology,6
7242,Uttar Pradesh,Society,"Krishna Mohan Medical College & Hospital, Mathura",MS - ENT,6
7243,Uttar Pradesh,Society,"Krishna Mohan Medical College & Hospital, Mathura",MS - Opthalmology,6
7244,Uttar Pradesh,Society,"Krishna Mohan Medical College & Hospital, Mathura",MD - Respiratory Medicine,4
7245,Uttar Pradesh,Society,"Krishna Mohan Medical College & Hospital, Mathura",MS - General Surgery,4
7246,Uttar Pradesh,Society,"Krishna Mohan Medical College & Hospital, Mathura",MS - Obstetrics & Gynaecology,4
7247,Uttar Pradesh,Society,"Krishna Mohan Medical College & Hospital, Mathura",MD - General Medicine,4
7248,Uttar Pradesh,Society,"Krishna Mohan Medical College & Hospital, Mathura",MD- Radiodiagnosis,4
7249,Uttar Pradesh,Govt,"LLRM Medical College, Meerut",Diploma in Radio-Diagnosis,1
7250,Uttar Pradesh,Govt,"LLRM Medical College, Meerut","MD - Social & Preventive Medicine / Community
Medicine",8
7251,Uttar Pradesh,Govt,"LLRM Medical College, Meerut",MS - Otorhinolaryngology,3
7252,Uttar Pradesh,Govt,"LLRM Medical College, Meerut",MD - Anaesthesiology,12
7253,Uttar Pradesh,Govt,"LLRM Medical College, Meerut",MD - General Medicine,18
7254,Uttar Pradesh,Govt,"LLRM Medical College, Meerut",MS - Obstetrics & Gynaecology,14
7255,Uttar Pradesh,Govt,"LLRM Medical College, Meerut",MD - Pharmacology,4
7256,Uttar Pradesh,Govt,"LLRM Medical College, Meerut",MD - Pathology,5
7257,Uttar Pradesh,Govt,"LLRM Medical College, Meerut",MS - Orthopaedics,5
7258,Uttar Pradesh,Govt,"LLRM Medical College, Meerut",Diploma in Orthopaedics,3
7259,Uttar Pradesh,Govt,"LLRM Medical College, Meerut",Diploma in Ophthalmology,1
7260,Uttar Pradesh,Govt,"LLRM Medical College, Meerut",MD - Paediatrics,11
7261,Uttar Pradesh,Govt,"LLRM Medical College, Meerut",MD - Anatomy,5
7262,Uttar Pradesh,Govt,"LLRM Medical College, Meerut",MD - Radio Diagnosis/Radiology,1
7263,Uttar Pradesh,Govt,"LLRM Medical College, Meerut","MD - Dermatology , Venereology & Leprosy",5
7264,Uttar Pradesh,Govt,"LLRM Medical College, Meerut",MD - Psychiatry,3
7265,Uttar Pradesh,Govt,"LLRM Medical College, Meerut",MD - Physiology,6
7266,Uttar Pradesh,Govt,"LLRM Medical College, Meerut",MS - General Surgery,17
7267,Uttar Pradesh,Govt,"LLRM Medical College, Meerut",MD - Microbiology,3
7268,Uttar Pradesh,Govt,"LLRM Medical College, Meerut",MD - Bio-Chemistry,3
7269,Uttar Pradesh,Govt,"LLRM Medical College, Meerut",MS - Opthalmology,9
7270,Uttar Pradesh,Govt,"LLRM Medical College, Meerut","Diploma in Dermatology, Venereology and Leprosy",2
7271,Uttar Pradesh,Govt,"LLRM Medical College, Meerut",Diploma in Paediatrics,2
7272,Uttar Pradesh,Govt,"Maharani Laxmi Bai Medical College, Jhansi",MD - Anesthesiology,12
7273,Uttar Pradesh,Govt,"Maharani Laxmi Bai Medical College, Jhansi",MS - ENT,5
7274,Uttar Pradesh,Govt,"Maharani Laxmi Bai Medical College, Jhansi",MS - Obstetrics & Gynaecology,10
7275,Uttar Pradesh,Govt,"Maharani Laxmi Bai Medical College, Jhansi",MD - General Medicine,15
7276,Uttar Pradesh,Govt,"Maharani Laxmi Bai Medical College, Jhansi",MS - Ophthalmology,5
7277,Uttar Pradesh,Govt,"Maharani Laxmi Bai Medical College, Jhansi",MS - Orthopaedics,8
7278,Uttar Pradesh,Govt,"Maharani Laxmi Bai Medical College, Jhansi",MD - Pediatrics,10
7279,Uttar Pradesh,Govt,"Maharani Laxmi Bai Medical College, Jhansi",MD - Pathology,6
7280,Uttar Pradesh,Govt,"Maharani Laxmi Bai Medical College, Jhansi",MD - Pharmacology,1
7281,Uttar Pradesh,Govt,"Maharani Laxmi Bai Medical College, Jhansi",MD - Physiology,1
7282,Uttar Pradesh,Govt,"Maharani Laxmi Bai Medical College, Jhansi",MD - Radio diagnosis,6
7283,Uttar Pradesh,Govt,"Maharani Laxmi Bai Medical College, Jhansi",MD - Community Medicine,2
7284,Uttar Pradesh,Govt,"Maharani Laxmi Bai Medical College, Jhansi",MS - General Surgery,16
7285,Uttar Pradesh,Govt,"Maharani Laxmi Bai Medical College, Jhansi",MD - Respiratory Medicine,5
7286,Uttar Pradesh,Govt,Maharshi Devraha Baba Autonomous State Medical College Deoria,MD - Anatomy,4
7287,Uttar Pradesh,Trust,"Mayo Institute of Medical Sciences, Barabanki",MD - Pathology,4
7288,Uttar Pradesh,Trust,"Mayo Institute of Medical Sciences, Barabanki",MD - Anaesthesiology,3
7289,Uttar Pradesh,Trust,"Mayo Institute of Medical Sciences, Barabanki","MD - Social & Preventive Medicine / Community
Medicine",4
7290,Uttar Pradesh,Trust,"Mayo Institute of Medical Sciences, Barabanki",MD - Physiology,3
7291,Uttar Pradesh,Trust,"Mayo Institute of Medical Sciences, Barabanki",MS - Obstetrics & Gynaecology,6
7292,Uttar Pradesh,Trust,"Mayo Institute of Medical Sciences, Barabanki",MS - Opthalmology,4
7293,Uttar Pradesh,Trust,"Mayo Institute of Medical Sciences, Barabanki",MD - General Medicine,8
7294,Uttar Pradesh,Trust,"Mayo Institute of Medical Sciences, Barabanki","MD - Dermatology , Venereology & Leprosy",4
7295,Uttar Pradesh,Trust,"Mayo Institute of Medical Sciences, Barabanki",MD - Microbiology,3
7296,Uttar Pradesh,Trust,"Mayo Institute of Medical Sciences, Barabanki",MD - Bio-Chemistry,2
7297,Uttar Pradesh,Trust,"Mayo Institute of Medical Sciences, Barabanki",MD - Paediatrics,7
7298,Uttar Pradesh,Trust,"Mayo Institute of Medical Sciences, Barabanki",MS - General Surgery,9
7299,Uttar Pradesh,Trust,"Mayo Institute of Medical Sciences, Barabanki",MS - Orthopaedics,8
7300,Uttar Pradesh,Trust,"Mayo Institute of Medical Sciences, Barabanki",MD - Radio Diagnosis/Radiology,3
7301,Uttar Pradesh,Trust,"Mayo Institute of Medical Sciences, Barabanki",MD - Pharmacology,3
7302,Uttar Pradesh,Trust,"Mayo Institute of Medical Sciences, Barabanki",MD - Anatomy,2
7303,Uttar Pradesh,Trust,"Mayo Institute of Medical Sciences, Barabanki","MD - Tuberculosis & Respiratory Diseases / Pulmonary
Medicine",2
7304,Uttar Pradesh,Trust,"Mayo Institute of Medical Sciences, Barabanki",MS - ENT,3
7305,Uttar Pradesh,Govt,"Moti Lal Nehru Medical College, Allahabad","MD - Social & Preventive Medicine / Community
Medicine",6
7306,Uttar Pradesh,Govt,"Moti Lal Nehru Medical College, Allahabad","MD - Dermatology , Venereology & Leprosy",3
7307,Uttar Pradesh,Govt,"Moti Lal Nehru Medical College, Allahabad",MD - Immuno Haematology & Blood Transfusion,3
7308,Uttar Pradesh,Govt,"Moti Lal Nehru Medical College, Allahabad",MD - Radiation Oncology,2
7309,Uttar Pradesh,Govt,"Moti Lal Nehru Medical College, Allahabad",MD - General Medicine,25
7310,Uttar Pradesh,Govt,"Moti Lal Nehru Medical College, Allahabad",MS - Obstetrics & Gynaecology,12
7311,Uttar Pradesh,Govt,"Moti Lal Nehru Medical College, Allahabad",MD - Psychiatry,2
7312,Uttar Pradesh,Govt,"Moti Lal Nehru Medical College, Allahabad",MD - Pathology,8
7313,Uttar Pradesh,Govt,"Moti Lal Nehru Medical College, Allahabad",MS - ENT,5
7314,Uttar Pradesh,Govt,"Moti Lal Nehru Medical College, Allahabad",MD - Radio Diagnosis/Radiology,4
7315,Uttar Pradesh,Govt,"Moti Lal Nehru Medical College, Allahabad",MS - Opthalmology,15
7316,Uttar Pradesh,Govt,"Moti Lal Nehru Medical College, Allahabad","MD - Tuberculosis & Respiratory Diseases / Pulmonary
Medicine",5
7317,Uttar Pradesh,Govt,"Moti Lal Nehru Medical College, Allahabad","MD - Forensic Medicine/Forensic Medicine &
Toxicology",5
7318,Uttar Pradesh,Govt,"Moti Lal Nehru Medical College, Allahabad",MD - Pharmacology,2
7319,Uttar Pradesh,Govt,"Moti Lal Nehru Medical College, Allahabad",MD - Anaesthesiology,11
7320,Uttar Pradesh,Govt,"Moti Lal Nehru Medical College, Allahabad",MD - Paediatrics,11
7321,Uttar Pradesh,Govt,"Moti Lal Nehru Medical College, Allahabad",MS - General Surgery,25
7322,Uttar Pradesh,Govt,"Moti Lal Nehru Medical College, Allahabad",MD - Microbiology,2
7323,Uttar Pradesh,Govt,"Moti Lal Nehru Medical College, Allahabad",MD - Anatomy,6
7324,Uttar Pradesh,Govt,"Moti Lal Nehru Medical College, Allahabad",MD - Physiology,5
7325,Uttar Pradesh,Govt,"Moti Lal Nehru Medical College, Allahabad",MS - Orthopaedics,11
7326,Uttar Pradesh,Trust,"Muzaffarnagar Medical College, Muzaffarnagar",MD - Pathology,10
7327,Uttar Pradesh,Trust,"Muzaffarnagar Medical College, Muzaffarnagar","MD - Tuberculosis & Respiratory Diseases / Pulmonary
Medicine",2
7328,Uttar Pradesh,Trust,"Muzaffarnagar Medical College, Muzaffarnagar",MS - Obstetrics & Gynaecology,10
7329,Uttar Pradesh,Trust,"Muzaffarnagar Medical College, Muzaffarnagar",MS - ENT,4
7330,Uttar Pradesh,Trust,"Muzaffarnagar Medical College, Muzaffarnagar",MD - Paediatrics,4
7331,Uttar Pradesh,Trust,"Muzaffarnagar Medical College, Muzaffarnagar",MS - General Surgery,8
7332,Uttar Pradesh,Trust,"Muzaffarnagar Medical College, Muzaffarnagar",MD - Anatomy,2
7333,Uttar Pradesh,Trust,"Muzaffarnagar Medical College, Muzaffarnagar",MD - Pharmacology,3
7334,Uttar Pradesh,Trust,"Muzaffarnagar Medical College, Muzaffarnagar",MD - Bio-Chemistry,1
7335,Uttar Pradesh,Trust,"Muzaffarnagar Medical College, Muzaffarnagar",MD - Anaesthesiology,6
7336,Uttar Pradesh,Trust,"Muzaffarnagar Medical College, Muzaffarnagar","MD - Social & Preventive Medicine / Community
Medicine",2
7337,Uttar Pradesh,Trust,"Muzaffarnagar Medical College, Muzaffarnagar",MD - General Medicine,8
7338,Uttar Pradesh,Trust,"Muzaffarnagar Medical College, Muzaffarnagar",MD - Physiology,2
7339,Uttar Pradesh,Trust,"Muzaffarnagar Medical College, Muzaffarnagar",MD - Microbiology,4
7340,Uttar Pradesh,Trust,"Muzaffarnagar Medical College, Muzaffarnagar",MD - Psychiatry,3
7341,Uttar Pradesh,Trust,"Muzaffarnagar Medical College, Muzaffarnagar","MD - Dermatology , Venereology & Leprosy",5
7342,Uttar Pradesh,Trust,"Muzaffarnagar Medical College, Muzaffarnagar",MD - Radio Diagnosis/Radiology,6
7343,Uttar Pradesh,Trust,"Muzaffarnagar Medical College, Muzaffarnagar",MD - Emergency Medicine,3
7344,Uttar Pradesh,Trust,"Muzaffarnagar Medical College, Muzaffarnagar",MS - Opthalmology,4
7345,Uttar Pradesh,Trust,"Muzaffarnagar Medical College, Muzaffarnagar",MS - Orthopaedics,10
7346,Uttar Pradesh,Society,"National Capital Region Institute of Medical Sciences, Meerut",MD - Dermatology Venerology and Leprosy,3
7347,Uttar Pradesh,Society,"National Capital Region Institute of Medical Sciences, Meerut",MS - General Surgery,10
7348,Uttar Pradesh,Society,"National Capital Region Institute of Medical Sciences, Meerut",MS - Orthopaedics,8
7349,Uttar Pradesh,Society,"National Capital Region Institute of Medical Sciences, Meerut",MS - Obstetrics & Gynaecology,5
7350,Uttar Pradesh,Society,"National Capital Region Institute of Medical Sciences, Meerut",MD - Anaesthesiology,12
7351,Uttar Pradesh,Society,"National Capital Region Institute of Medical Sciences, Meerut",MD - Psychiatry,3
7352,Uttar Pradesh,Society,"National Capital Region Institute of Medical Sciences, Meerut",MD - Radio - Diagnosis,5
7353,Uttar Pradesh,Society,"National Capital Region Institute of Medical Sciences, Meerut",MD - General Medicine,10
7354,Uttar Pradesh,Society,"National Capital Region Institute of Medical Sciences, Meerut",MD - Community Medicine,4
7355,Uttar Pradesh,Society,"National Capital Region Institute of Medical Sciences, Meerut",MD - Pathology,3
7356,Uttar Pradesh,Trust,Noida International Institute Of Medical Sciences,MD-Anaesthesiology,15
7357,Uttar Pradesh,Trust,Noida International Institute Of Medical Sciences,MD Paediatrics,9
7358,Uttar Pradesh,Trust,Noida International Institute Of Medical Sciences,MD- Pathology,2
7359,Uttar Pradesh,Trust,Noida International Institute Of Medical Sciences,MS- General Surgery,15
7360,Uttar Pradesh,Trust,Noida International Institute Of Medical Sciences,MD- General Medicine,15
7361,Uttar Pradesh,Trust,Noida International Institute Of Medical Sciences,MS- Orthopedics,9
7362,Uttar Pradesh,Trust,Noida International Institute Of Medical Sciences,MS- OBG,3
7363,Uttar Pradesh,Govt,"Post Graduate Institute of Child Health, Noida (Formely known as Super Speciality Paediatric Hospital & Post Graduate Teaching Institute)",MD - Paediatrics,4
7364,Uttar Pradesh,Govt,"Post Graduate Institute of Child Health, Noida (Formely known as Super Speciality Paediatric Hospital & Post Graduate Teaching Institute)",MD - Microbiology,4
7365,Uttar Pradesh,Trust,Prasad Institute of Medical Sciences Lucknow,MD - Radio - Diagnosis,6
7366,Uttar Pradesh,Trust,Prasad Institute of Medical Sciences Lucknow,MS - Orthopaedics,3
7367,Uttar Pradesh,Trust,Prasad Institute of Medical Sciences Lucknow,MS - Opthalmology,2
7368,Uttar Pradesh,Trust,Prasad Institute of Medical Sciences Lucknow,MS - Otorhinolaryngology,4
7369,Uttar Pradesh,Trust,Prasad Institute of Medical Sciences Lucknow,MD - Psychiatry,3
7370,Uttar Pradesh,Trust,Prasad Institute of Medical Sciences Lucknow,"MD - Dermatology , Venereology & Leprosy",4
7371,Uttar Pradesh,Trust,Prasad Institute of Medical Sciences Lucknow,MD - General Medicine,5
7372,Uttar Pradesh,Trust,Prasad Institute of Medical Sciences Lucknow,MD - Anaesthesiology,5
7373,Uttar Pradesh,Trust,Prasad Institute of Medical Sciences Lucknow,MD - Paediatrics,3
7374,Uttar Pradesh,Trust,Prasad Institute of Medical Sciences Lucknow,MS - Obstetrics & Gynaecology,3
7375,Uttar Pradesh,Trust,Prasad Institute of Medical Sciences Lucknow,MD - Respiratory Medicine,3
7376,Uttar Pradesh,Trust,Prasad Institute of Medical Sciences Lucknow,MS - General Surgery,5
7377,Uttar Pradesh,Govt,Rajkiya Allopathic Medical College Bahraich UP,MD - Anatomy,3
7378,Uttar Pradesh,Govt,Rajkiya Allopathic Medical College Bahraich UP,MD - Biochemistry,3
7379,Uttar Pradesh,Govt,Rajkiya Allopathic Medical College Bahraich UP,MD - Community Medicine,5
7380,Uttar Pradesh,Govt,Rajkiya Allopathic Medical College Bahraich UP,MS - Orthopaedics,5
7381,Uttar Pradesh,Govt,Rajkiya Allopathic Medical College Bahraich UP,MD - Physiology,3
7382,Uttar Pradesh,Govt,Rajkiya Allopathic Medical College Bahraich UP,MD - Forensic Medicine,3
7383,Uttar Pradesh,Govt,"Rajkiya Medical College Jalaun, Orai, Uttar Pradesh",MS - General Surgery,4
7384,Uttar Pradesh,Govt,"Rajkiya Medical College Jalaun, Orai, Uttar Pradesh",MS-Orthopaedics,5
7385,Uttar Pradesh,Govt,"Rajkiya Medical College Jalaun, Orai, Uttar Pradesh",MD- General Medicine,3
7386,Uttar Pradesh,Govt,"Rajkiya Medical College Jalaun, Orai, Uttar Pradesh",MS- OBG,2
7387,Uttar Pradesh,Govt,"Rajkiya Medical College Jalaun, Orai, Uttar Pradesh",MD- Paediatrics,5
7388,Uttar Pradesh,Govt,"Rajkiya Medical College Jalaun, Orai, Uttar Pradesh",MD- Anesthesiology,7
7389,Uttar Pradesh,Govt,"Rajkiya Medical College Jalaun, Orai, Uttar Pradesh",MD - Community Medicine,3
7390,Uttar Pradesh,Govt,"Rajkiya Medical College Jalaun, Orai, Uttar Pradesh",MS - Opthalmology,2
7391,Uttar Pradesh,Govt,"Rajkiya Medical College Jalaun, Orai, Uttar Pradesh",MD - Anatomy,2
7392,Uttar Pradesh,Govt,"Rajkiya Medical College Jalaun, Orai, Uttar Pradesh",MD - Pathology,2
7393,Uttar Pradesh,Govt,"Rajkiya Medical College saddarpur, Ambedkar Nagar(Mahamaya Rajkiya Allopathic Medical College, Ambedkarnagar)",MD Community Medicine,5
7394,Uttar Pradesh,Trust,"Rajshree Medical Research Institute, Bareilly",MD - Radio Diagnosis/Radiology,3
7395,Uttar Pradesh,Trust,"Rajshree Medical Research Institute, Bareilly",MS - Opthalmology,3
7396,Uttar Pradesh,Trust,"Rajshree Medical Research Institute, Bareilly",MS - Obstetrics & Gynaecology,7
7397,Uttar Pradesh,Trust,"Rajshree Medical Research Institute, Bareilly",MD - Bio-Chemistry,3
7398,Uttar Pradesh,Trust,"Rajshree Medical Research Institute, Bareilly",MD - Emergency Medicine,2
7399,Uttar Pradesh,Trust,"Rajshree Medical Research Institute, Bareilly","MD - Tuberculosis & Respiratory Diseases / Pulmonary
Medicine",2
7400,Uttar Pradesh,Trust,"Rajshree Medical Research Institute, Bareilly",MD - Paediatrics,7
7401,Uttar Pradesh,Trust,"Rajshree Medical Research Institute, Bareilly",MD - Psychiatry,3
7402,Uttar Pradesh,Trust,"Rajshree Medical Research Institute, Bareilly",MD - Microbiology,3
7403,Uttar Pradesh,Trust,"Rajshree Medical Research Institute, Bareilly",MS - Otorhinolaryngology,2
7404,Uttar Pradesh,Trust,"Rajshree Medical Research Institute, Bareilly",MD - General Medicine,9
7405,Uttar Pradesh,Trust,"Rajshree Medical Research Institute, Bareilly",MS - Orthopaedics,7
7406,Uttar Pradesh,Trust,"Rajshree Medical Research Institute, Bareilly",MS - General Surgery,8
7407,Uttar Pradesh,Trust,"Rajshree Medical Research Institute, Bareilly",MD - Pharmacology,4
7408,Uttar Pradesh,Trust,"Rajshree Medical Research Institute, Bareilly",MD - Community Medicine,3
7409,Uttar Pradesh,Trust,"Rajshree Medical Research Institute, Bareilly","MD - Dermatology , Venereology & Leprosy",2
7410,Uttar Pradesh,Trust,"Rajshree Medical Research Institute, Bareilly",MD - Pathology,4
7411,Uttar Pradesh,Trust,"Rajshree Medical Research Institute, Bareilly",MD - Anaesthesiology,5
7412,Uttar Pradesh,Trust,"Rama Medical College and Hospital , Kanpur",MD - Pulmonary Medicine,2
7413,Uttar Pradesh,Trust,"Rama Medical College and Hospital , Kanpur",MD - Paediatrics,2
7414,Uttar Pradesh,Trust,"Rama Medical College and Hospital , Kanpur",MS - General Surgery,4
7415,Uttar Pradesh,Trust,"Rama Medical College and Hospital , Kanpur",MS - Orthopaedics,3
7416,Uttar Pradesh,Trust,"Rama Medical College and Hospital , Kanpur",MD - Psychiatry,3
7417,Uttar Pradesh,Trust,"Rama Medical College and Hospital , Kanpur",MS - Obstetrics & Gynaecology,4
7418,Uttar Pradesh,Trust,"Rama Medical College and Hospital , Kanpur",MD - Pathology,2
7419,Uttar Pradesh,Trust,"Rama Medical College and Hospital , Kanpur",MD - Anaesthesiology,4
7420,Uttar Pradesh,Trust,"Rama Medical College and Hospital , Kanpur",MD - Bio-Chemistry,2
7421,Uttar Pradesh,Trust,"Rama Medical College and Hospital , Kanpur",MS - Otorhinolaryngology,2
7422,Uttar Pradesh,Trust,"Rama Medical College and Hospital , Kanpur",MD - Pharmacology,3
7423,Uttar Pradesh,Trust,"Rama Medical College and Hospital , Kanpur",MD - Microbiology,3
7424,Uttar Pradesh,Trust,"Rama Medical College and Hospital , Kanpur",MD - Emergency Medicine,3
7425,Uttar Pradesh,Trust,"Rama Medical College and Hospital , Kanpur",MD - Radio Diagnosis/Radiology,4
7426,Uttar Pradesh,Trust,"Rama Medical College and Hospital , Kanpur","MD - Social & Preventive Medicine / Community
Medicine",6
7427,Uttar Pradesh,Trust,"Rama Medical College and Hospital , Kanpur",MD - General Medicine,4
7428,Uttar Pradesh,Trust,"Rama Medical College and Hospital , Kanpur","MD - Dermatology , Venereology & Leprosy",2
7429,Uttar Pradesh,Trust,"Rama Medical College and Hospital , Kanpur",MS - Opthalmology,1
7430,Uttar Pradesh,Trust,"Rama Medical College Hospital and Research Centre, Hapur",MS - Otorhinolaryngology,1
7431,Uttar Pradesh,Trust,"Rama Medical College Hospital and Research Centre, Hapur",MD - Pulmonary Medicine,3
7432,Uttar Pradesh,Trust,"Rama Medical College Hospital and Research Centre, Hapur",MD - General Medicine,10
7433,Uttar Pradesh,Trust,"Rama Medical College Hospital and Research Centre, Hapur",MS - Orthopaedics,4
7434,Uttar Pradesh,Trust,"Rama Medical College Hospital and Research Centre, Hapur","MD - Dermatology , Venereology & Leprosy",3
7435,Uttar Pradesh,Trust,"Rama Medical College Hospital and Research Centre, Hapur",MS - Opthalmology,3
7436,Uttar Pradesh,Trust,"Rama Medical College Hospital and Research Centre, Hapur",MD - Paediatrics,3
7437,Uttar Pradesh,Trust,"Rama Medical College Hospital and Research Centre, Hapur",MS - General Surgery,5
7438,Uttar Pradesh,Trust,"Rama Medical College Hospital and Research Centre, Hapur",MD - Radio Diagnosis/Radiology,2
7439,Uttar Pradesh,Trust,"Rama Medical College Hospital and Research Centre, Hapur",MD - Anaesthesiology,4
7440,Uttar Pradesh,Trust,"Rama Medical College Hospital and Research Centre, Hapur",MD - Psychiatry,3
7441,Uttar Pradesh,Trust,"Rama Medical College Hospital and Research Centre, Hapur",MS - Obstetrics & Gynaecology,4
7442,Uttar Pradesh,Govt,"Regional Instt. of Opthalmology Previously Known as Nehru Instt.of Opthalmo,
Sitapur",MS - Ophthalmology,15
7443,Uttar Pradesh,Trust,"Rohilkhand Medical College & Hospital, Bareilly",MS - Orthopaedics,8
7444,Uttar Pradesh,Trust,"Rohilkhand Medical College & Hospital, Bareilly",MD - Radiation Oncology,4
7445,Uttar Pradesh,Trust,"Rohilkhand Medical College & Hospital, Bareilly",MD - Paediatrics,9
7446,Uttar Pradesh,Trust,"Rohilkhand Medical College & Hospital, Bareilly",MD - Psychiatry,5
7447,Uttar Pradesh,Trust,"Rohilkhand Medical College & Hospital, Bareilly","MD - Social & Preventive Medicine / Community
Medicine",6
7448,Uttar Pradesh,Trust,"Rohilkhand Medical College & Hospital, Bareilly",MD - Radio Diagnosis/Radiology,16
7449,Uttar Pradesh,Trust,"Rohilkhand Medical College & Hospital, Bareilly",MS - ENT,3
7450,Uttar Pradesh,Trust,"Rohilkhand Medical College & Hospital, Bareilly",MD - General Medicine,17
7451,Uttar Pradesh,Trust,"Rohilkhand Medical College & Hospital, Bareilly",MD - Anaesthesiology,14
7452,Uttar Pradesh,Trust,"Rohilkhand Medical College & Hospital, Bareilly",MD - Bio-Chemistry,2
7453,Uttar Pradesh,Trust,"Rohilkhand Medical College & Hospital, Bareilly",MD - Anatomy,3
7454,Uttar Pradesh,Trust,"Rohilkhand Medical College & Hospital, Bareilly","MD - Tuberculosis & Respiratory Diseases / Pulmonary
Medicine",5
7455,Uttar Pradesh,Trust,"Rohilkhand Medical College & Hospital, Bareilly",MS - Opthalmology,5
7456,Uttar Pradesh,Trust,"Rohilkhand Medical College & Hospital, Bareilly",MS - General Surgery,22
7457,Uttar Pradesh,Trust,"Rohilkhand Medical College & Hospital, Bareilly",MD - Physiology,2
7458,Uttar Pradesh,Trust,"Rohilkhand Medical College & Hospital, Bareilly","MD - Dermatology , Venereology & Leprosy",5
7459,Uttar Pradesh,Trust,"Rohilkhand Medical College & Hospital, Bareilly",MD - Emergency Medicine,3
7460,Uttar Pradesh,Trust,"Rohilkhand Medical College & Hospital, Bareilly",MD - Pathology,9
7461,Uttar Pradesh,Trust,"Rohilkhand Medical College & Hospital, Bareilly",MS - Obstetrics & Gynaecology,16
7462,Uttar Pradesh,Trust,"Rohilkhand Medical College & Hospital, Bareilly",MD - Pharmacology,4
7463,Uttar Pradesh,Trust,"Rohilkhand Medical College & Hospital, Bareilly",MD - Microbiology,2
7464,Uttar Pradesh,Govt,"S N Medical College, Agra",MD - Pharmacology,6
7465,Uttar Pradesh,Govt,"S N Medical College, Agra",MS - Orthopaedics,7
7466,Uttar Pradesh,Govt,"S N Medical College, Agra",MS - Otorhinolaryngology,2
7467,Uttar Pradesh,Govt,"S N Medical College, Agra",MD - Pathology,19
7468,Uttar Pradesh,Govt,"S N Medical College, Agra",Diploma in Oto-Rhino-Laryngology,2
7469,Uttar Pradesh,Govt,"S N Medical College, Agra","MD - Forensic Medicine/Forensic Medicine &
Toxicology",3
7470,Uttar Pradesh,Govt,"S N Medical College, Agra","MD - Social & Preventive Medicine / Community
Medicine",7
7471,Uttar Pradesh,Govt,"S N Medical College, Agra",MS - Obstetrics & Gynaecology,20
7472,Uttar Pradesh,Govt,"S N Medical College, Agra",MD - Radio Diagnosis/Radiology,2
7473,Uttar Pradesh,Govt,"S N Medical College, Agra",MD - Paediatrics,9
7474,Uttar Pradesh,Govt,"S N Medical College, Agra",Diploma in Tuberculosis & Chest Diseases,1
7475,Uttar Pradesh,Govt,"S N Medical College, Agra",Diploma in Orthopaedics,2
7476,Uttar Pradesh,Govt,"S N Medical College, Agra",Diploma in Child Health,6
7477,Uttar Pradesh,Govt,"S N Medical College, Agra",Diploma in Dermatology,1
7478,Uttar Pradesh,Govt,"S N Medical College, Agra",MD - Anatomy,6
7479,Uttar Pradesh,Govt,"S N Medical College, Agra","MD - Tuberculosis & Respiratory Diseases / Pulmonary
Medicine",4
7480,Uttar Pradesh,Govt,"S N Medical College, Agra",MD - Psychiatry,5
7481,Uttar Pradesh,Govt,"S N Medical College, Agra",MD - Microbiology,7
7482,Uttar Pradesh,Govt,"S N Medical College, Agra",MS - Opthalmology,8
7483,Uttar Pradesh,Govt,"S N Medical College, Agra","MD - Dermatology , Venereology & Leprosy",4
7484,Uttar Pradesh,Govt,"S N Medical College, Agra",MS - General Surgery,25
7485,Uttar Pradesh,Govt,"S N Medical College, Agra",MD - Radiotherapy/ Radiation Oncology,5
7486,Uttar Pradesh,Govt,"S N Medical College, Agra",MD - Anaesthesiology,14
7487,Uttar Pradesh,Govt,"S N Medical College, Agra",MD - General Medicine,25
7488,Uttar Pradesh,Govt,"S N Medical College, Agra",MD - Physiology,5
7489,Uttar Pradesh,Govt,"Sanjay Gandhi Postgraduate Institute of Medical Sciences, Lucknow",MD - Anaesthesiology,16
7490,Uttar Pradesh,Govt,"Sanjay Gandhi Postgraduate Institute of Medical Sciences, Lucknow",MD - Emergency Medicine,2
7491,Uttar Pradesh,Govt,"Sanjay Gandhi Postgraduate Institute of Medical Sciences, Lucknow",MD - Immuno Haematology & Blood Transfusion,3
7492,Uttar Pradesh,Govt,"Sanjay Gandhi Postgraduate Institute of Medical Sciences, Lucknow",MD - Microbiology,2
7493,Uttar Pradesh,Govt,"Sanjay Gandhi Postgraduate Institute of Medical Sciences, Lucknow",MD - Nuclear Medicine,6
7494,Uttar Pradesh,Govt,"Sanjay Gandhi Postgraduate Institute of Medical Sciences, Lucknow",MS - Ophthalmology,2
7495,Uttar Pradesh,Govt,"Sanjay Gandhi Postgraduate Institute of Medical Sciences, Lucknow",MD - Pathology,4
7496,Uttar Pradesh,Govt,"Sanjay Gandhi Postgraduate Institute of Medical Sciences, Lucknow",MD - Radiation Oncology,4
7497,Uttar Pradesh,Govt,"Sanjay Gandhi Postgraduate Institute of Medical Sciences, Lucknow",MD - Radio Diagnosis/Radiology,6
7498,Uttar Pradesh,Trust,"Santosh Medical College, Ghaziabad",MD - Immuno Haematology & Blood Transfusion,3
7499,Uttar Pradesh,Trust,"Santosh Medical College, Ghaziabad","MD - Forensic Medicine/Forensic Medicine &
Toxicology",1
7500,Uttar Pradesh,Trust,"Santosh Medical College, Ghaziabad",MS - ENT,7
7501,Uttar Pradesh,Trust,"Santosh Medical College, Ghaziabad",MD - Pathology,10
7502,Uttar Pradesh,Trust,"Santosh Medical College, Ghaziabad",MS - Opthalmology,8
7503,Uttar Pradesh,Trust,"Santosh Medical College, Ghaziabad",MD - Emergency Medicine,3
7504,Uttar Pradesh,Trust,"Santosh Medical College, Ghaziabad",MS - Orthopaedics,7
7505,Uttar Pradesh,Trust,"Santosh Medical College, Ghaziabad",MD - Pharmacology,6
7506,Uttar Pradesh,Trust,"Santosh Medical College, Ghaziabad",MD - Microbiology,6
7507,Uttar Pradesh,Trust,"Santosh Medical College, Ghaziabad","MD - Dermatology , Venereology & Leprosy",2
7508,Uttar Pradesh,Trust,"Santosh Medical College, Ghaziabad",MD - Anaesthesiology,10
7509,Uttar Pradesh,Trust,"Santosh Medical College, Ghaziabad","MD - Tuberculosis & Respiratory Diseases / Pulmonary
Medicine",5
7510,Uttar Pradesh,Trust,"Santosh Medical College, Ghaziabad",MS - General Surgery,11
7511,Uttar Pradesh,Trust,"Santosh Medical College, Ghaziabad",MD - Physiology,5
7512,Uttar Pradesh,Trust,"Santosh Medical College, Ghaziabad",MD - Psychiatry,5
7513,Uttar Pradesh,Trust,"Santosh Medical College, Ghaziabad",MD - Anatomy,5
7514,Uttar Pradesh,Trust,"Santosh Medical College, Ghaziabad",MD - Paediatrics,8
7515,Uttar Pradesh,Trust,"Santosh Medical College, Ghaziabad",MD - General Medicine,11
7516,Uttar Pradesh,Trust,"Santosh Medical College, Ghaziabad",MS - Obstetrics & Gynaecology,7
7517,Uttar Pradesh,Trust,"Santosh Medical College, Ghaziabad",MD - Bio-Chemistry,5
7518,Uttar Pradesh,Trust,"Santosh Medical College, Ghaziabad",MD - Radio Diagnosis,6
7519,Uttar Pradesh,Trust,"Santosh Medical College, Ghaziabad","MD - Social & Preventive Medicine / Community
Medicine",5
7520,Uttar Pradesh,Trust,"Santosh Medical College, Ghaziabad","Diploma - Forensic Medicine/Forensic Medicine &
Toxicology",1
7521,Uttar Pradesh,Trust,Saraswathi Institute of Medical Sciences Hapur,MD- Anatomy,1
7522,Uttar Pradesh,Trust,Saraswathi Institute of Medical Sciences Hapur,MD-Physiology,1
7523,Uttar Pradesh,Trust,Saraswathi Institute of Medical Sciences Hapur,MD-Pharmacology,2
7524,Uttar Pradesh,Trust,Saraswathi Institute of Medical Sciences Hapur,MD-Microbiology,1
7525,Uttar Pradesh,Trust,Saraswathi Institute of Medical Sciences Hapur,MD-Pathology,4
7526,Uttar Pradesh,Trust,Saraswathi Institute of Medical Sciences Hapur,MD-  Community Medicine,2
7527,Uttar Pradesh,Trust,Saraswathi Institute of Medical Sciences Hapur,MD-Forensic Medicine,2
7528,Uttar Pradesh,Trust,Saraswathi Institute of Medical Sciences Hapur,MD-General Medicine,14
7529,Uttar Pradesh,Trust,Saraswathi Institute of Medical Sciences Hapur,MD-Radio Diagnosis,6
7530,Uttar Pradesh,Trust,Saraswathi Institute of Medical Sciences Hapur,MD-Psychiatry,4
7531,Uttar Pradesh,Trust,Saraswathi Institute of Medical Sciences Hapur,MS-OBG,6
7532,Uttar Pradesh,Trust,Saraswathi Institute of Medical Sciences Hapur,MS-General Surgery,10
7533,Uttar Pradesh,Trust,Saraswathi Institute of Medical Sciences Hapur,MS-ENT,2
7534,Uttar Pradesh,Trust,Saraswathi Institute of Medical Sciences Hapur,MD-DVL,5
7535,Uttar Pradesh,Trust,Saraswathi Institute of Medical Sciences Hapur,MD-Paediatrics,8
7536,Uttar Pradesh,Trust,Saraswathi Institute of Medical Sciences Hapur,MD- Anesthesiology,9
7537,Uttar Pradesh,Trust,Saraswathi Institute of Medical Sciences Hapur,MD-Respiratory Medicine,2
7538,Uttar Pradesh,Trust,Saraswathi Institute of Medical Sciences Hapur,MS-Orthopaedics,2
7539,Uttar Pradesh,Trust,Saraswathi Institute of Medical Sciences Hapur,MS-Opthalmology,4
7540,Uttar Pradesh,Trust,"School of Medical Sciences & Research,Greater Noida",MS - General Surgery,9
7541,Uttar Pradesh,Trust,"School of Medical Sciences & Research,Greater Noida",MS - Orthopaedics,5
7542,Uttar Pradesh,Trust,"School of Medical Sciences & Research,Greater Noida",MD - Pharmacology,2
7543,Uttar Pradesh,Trust,"School of Medical Sciences & Research,Greater Noida","MD - Social & Preventive Medicine / Community
Medicine",2
7544,Uttar Pradesh,Trust,"School of Medical Sciences & Research,Greater Noida",MD - Physiology,2
7545,Uttar Pradesh,Trust,"School of Medical Sciences & Research,Greater Noida",MD - Radio Diagnosis/Radiology,10
7546,Uttar Pradesh,Trust,"School of Medical Sciences & Research,Greater Noida","MD - Tuberculosis & Respiratory Diseases / Pulmonary
Medicine",3
7547,Uttar Pradesh,Trust,"School of Medical Sciences & Research,Greater Noida",MD - Emergency Medicine,2
7548,Uttar Pradesh,Trust,"School of Medical Sciences & Research,Greater Noida",MS - Obstetrics & Gynaecology,8
7549,Uttar Pradesh,Trust,"School of Medical Sciences & Research,Greater Noida",MD - Paediatrics,12
7550,Uttar Pradesh,Trust,"School of Medical Sciences & Research,Greater Noida",MD - Anatomy,2
7551,Uttar Pradesh,Trust,"School of Medical Sciences & Research,Greater Noida",MD - General Medicine,16
7552,Uttar Pradesh,Trust,"School of Medical Sciences & Research,Greater Noida",MD - Bio-Chemistry,1
7553,Uttar Pradesh,Trust,"School of Medical Sciences & Research,Greater Noida",MD - Microbiology,2
7554,Uttar Pradesh,Trust,"School of Medical Sciences & Research,Greater Noida",MD - Psychiatry,3
7555,Uttar Pradesh,Trust,"School of Medical Sciences & Research,Greater Noida",MD - Pathology,4
7556,Uttar Pradesh,Trust,"School of Medical Sciences & Research,Greater Noida",MD - Anaesthesiology,15
7557,Uttar Pradesh,Trust,"School of Medical Sciences & Research,Greater Noida","MD - Dermatology , Venereology & Leprosy",4
7558,Uttar Pradesh,Trust,"School of Medical Sciences & Research,Greater Noida",MS - Opthalmology,4
7559,Uttar Pradesh,Trust,"School of Medical Sciences & Research,Greater Noida",MS - ENT,3
7560,Uttar Pradesh,Govt,"Shaikh-UL-Hind Maulana Mahmood Hasan Medical College, Saharanpur",MS - General Surgery,6
7561,Uttar Pradesh,Govt,"Shaikh-UL-Hind Maulana Mahmood Hasan Medical College, Saharanpur",MD - Anatomy,2
7562,Uttar Pradesh,Govt,"Shaikh-UL-Hind Maulana Mahmood Hasan Medical College, Saharanpur",MS - Obstetrics & Gynaecology,3
7563,Uttar Pradesh,Govt,"Shaikh-UL-Hind Maulana Mahmood Hasan Medical College, Saharanpur",MD - Anaesthesiology,6
7564,Uttar Pradesh,Govt,"Shaikh-UL-Hind Maulana Mahmood Hasan Medical College, Saharanpur",MD - Community Medicine,4
7565,Uttar Pradesh,Govt,"Shaikh-UL-Hind Maulana Mahmood Hasan Medical College, Saharanpur",MD - Pathology,2
7566,Uttar Pradesh,Govt,"Shaikh-UL-Hind Maulana Mahmood Hasan Medical College, Saharanpur",MD - Paediatrics,1
7567,Uttar Pradesh,Govt,"Shaikh-UL-Hind Maulana Mahmood Hasan Medical College, Saharanpur",MD - Pharmacology,1
7568,Uttar Pradesh,Govt,"Shaikh-UL-Hind Maulana Mahmood Hasan Medical College, Saharanpur",MD - General Medicine,8
7569,Uttar Pradesh,Govt,"Shaikh-UL-Hind Maulana Mahmood Hasan Medical College, Saharanpur","MD - Dermatology , Venereology & Leprosy",2
7570,Uttar Pradesh,Govt,"Shaikh-UL-Hind Maulana Mahmood Hasan Medical College, Saharanpur",MS - Orthopaedics,3
7571,Uttar Pradesh,Trust,"Shri Ram Murti Smarak Institute of Medical Sciences, Bareilly",MD - General Medicine,12
7572,Uttar Pradesh,Trust,"Shri Ram Murti Smarak Institute of Medical Sciences, Bareilly",MD - Pharmacology,2
7573,Uttar Pradesh,Trust,"Shri Ram Murti Smarak Institute of Medical Sciences, Bareilly",MD - Emergency Medicine,2
7574,Uttar Pradesh,Trust,"Shri Ram Murti Smarak Institute of Medical Sciences, Bareilly",MD - Physiology,4
7575,Uttar Pradesh,Trust,"Shri Ram Murti Smarak Institute of Medical Sciences, Bareilly",MS - General Surgery,12
7576,Uttar Pradesh,Trust,"Shri Ram Murti Smarak Institute of Medical Sciences, Bareilly",MD - Radiotherapy/ Radiation Oncology,4
7577,Uttar Pradesh,Trust,"Shri Ram Murti Smarak Institute of Medical Sciences, Bareilly",MD - Radio Diagnosis/Radiology,8
7578,Uttar Pradesh,Trust,"Shri Ram Murti Smarak Institute of Medical Sciences, Bareilly","MD - Social & Preventive Medicine / Community
Medicine",3
7579,Uttar Pradesh,Trust,"Shri Ram Murti Smarak Institute of Medical Sciences, Bareilly",MD - Immuno Haematology & Blood Transfusion,1
7580,Uttar Pradesh,Trust,"Shri Ram Murti Smarak Institute of Medical Sciences, Bareilly",MS - ENT,5
7581,Uttar Pradesh,Trust,"Shri Ram Murti Smarak Institute of Medical Sciences, Bareilly",MS - Opthalmology,5
7582,Uttar Pradesh,Trust,"Shri Ram Murti Smarak Institute of Medical Sciences, Bareilly",MD - Anaesthesiology,14
7583,Uttar Pradesh,Trust,"Shri Ram Murti Smarak Institute of Medical Sciences, Bareilly","MD - Dermatology , Venereology & Leprosy",4
7584,Uttar Pradesh,Trust,"Shri Ram Murti Smarak Institute of Medical Sciences, Bareilly",MD - Psychiatry,5
7585,Uttar Pradesh,Trust,"Shri Ram Murti Smarak Institute of Medical Sciences, Bareilly","MD - Forensic Medicine/Forensic Medicine &
Toxicology",3
7586,Uttar Pradesh,Trust,"Shri Ram Murti Smarak Institute of Medical Sciences, Bareilly",MS - Orthopaedics,6
7587,Uttar Pradesh,Trust,"Shri Ram Murti Smarak Institute of Medical Sciences, Bareilly","MD - Tuberculosis & Respiratory Diseases / Pulmonary
Medicine",5
7588,Uttar Pradesh,Trust,"Shri Ram Murti Smarak Institute of Medical Sciences, Bareilly",MD - Pathology,6
7589,Uttar Pradesh,Trust,"Shri Ram Murti Smarak Institute of Medical Sciences, Bareilly",MS - Obstetrics & Gynaecology,9
7590,Uttar Pradesh,Trust,"Shri Ram Murti Smarak Institute of Medical Sciences, Bareilly",MD - Anatomy,5
7591,Uttar Pradesh,Trust,"Shri Ram Murti Smarak Institute of Medical Sciences, Bareilly",MD - Bio-Chemistry,1
7592,Uttar Pradesh,Trust,"Shri Ram Murti Smarak Institute of Medical Sciences, Bareilly",MD - Paediatrics,9
7593,Uttar Pradesh,Trust,"Shri Ram Murti Smarak Institute of Medical Sciences, Bareilly",MD - Microbiology,3
7594,Uttar Pradesh,Trust,"Subharti Medical College, Meerut",MS - Orthopaedics,3
7595,Uttar Pradesh,Trust,"Subharti Medical College, Meerut",MD - Anatomy,3
7596,Uttar Pradesh,Trust,"Subharti Medical College, Meerut","MD - Tuberculosis & Respiratory Diseases / Pulmonary
Medicine",3
7597,Uttar Pradesh,Trust,"Subharti Medical College, Meerut",MS - Opthalmology,6
7598,Uttar Pradesh,Trust,"Subharti Medical College, Meerut",MD - Physiology,4
7599,Uttar Pradesh,Trust,"Subharti Medical College, Meerut",MD - Anaesthesiology,18
7600,Uttar Pradesh,Trust,"Subharti Medical College, Meerut",MD - Paediatrics,7
7601,Uttar Pradesh,Trust,"Subharti Medical College, Meerut",MD - Pathology,5
7602,Uttar Pradesh,Trust,"Subharti Medical College, Meerut",MD - Psychiatry,5
7603,Uttar Pradesh,Trust,"Subharti Medical College, Meerut",MS - Obstetrics & Gynaecology,6
7604,Uttar Pradesh,Trust,"Subharti Medical College, Meerut","MD - Social & Preventive Medicine / Community
Medicine",3
7605,Uttar Pradesh,Trust,"Subharti Medical College, Meerut",MS - General Surgery,15
7606,Uttar Pradesh,Trust,"Subharti Medical College, Meerut",MD - Pharmacology,3
7607,Uttar Pradesh,Trust,"Subharti Medical College, Meerut","MD - Dermatology , Venereology & Leprosy",3
7608,Uttar Pradesh,Trust,"Subharti Medical College, Meerut",MD - Bio-Chemistry,3
7609,Uttar Pradesh,Trust,"Subharti Medical College, Meerut",MS - ENT,3
7610,Uttar Pradesh,Trust,"Subharti Medical College, Meerut",MD - Radio Diagnosis/Radiology,13
7611,Uttar Pradesh,Trust,"Subharti Medical College, Meerut",MD - General Medicine,25
7612,Uttar Pradesh,Trust,"Subharti Medical College, Meerut",MD - Microbiology,3
7613,Uttar Pradesh,Trust,"Subharti Medical College, Meerut",MD - Emergency Medicine,2
7614,Uttar Pradesh,Trust,"Subharti Medical College, Meerut",MD - Radiation Oncology,3
7615,Uttar Pradesh,Pvt,"T S Misra Medical College & Hospital, Amusi, Lucknow",MS - Orthopaedics,2
7616,Uttar Pradesh,Pvt,"T S Misra Medical College & Hospital, Amusi, Lucknow",MD - Anaesthesiology,3
7617,Uttar Pradesh,Pvt,"T S Misra Medical College & Hospital, Amusi, Lucknow",MS - Obstetrics & Gynaecology,6
7618,Uttar Pradesh,Pvt,"T S Misra Medical College & Hospital, Amusi, Lucknow",MD - Pathology,3
7619,Uttar Pradesh,Pvt,"T S Misra Medical College & Hospital, Amusi, Lucknow","MD - Dermatology , Venereology & Leprosy",2
7620,Uttar Pradesh,Pvt,"T S Misra Medical College & Hospital, Amusi, Lucknow",MD - Paediatrics,6
7621,Uttar Pradesh,Pvt,"T S Misra Medical College & Hospital, Amusi, Lucknow",MS - Opthalmology,2
7622,Uttar Pradesh,Pvt,"T S Misra Medical College & Hospital, Amusi, Lucknow",MD - Radio Diagnosis/Radiology,4
7623,Uttar Pradesh,Pvt,"T S Misra Medical College & Hospital, Amusi, Lucknow",MS - General Surgery,5
7624,Uttar Pradesh,Pvt,"T S Misra Medical College & Hospital, Amusi, Lucknow",MS - Otorhinolaryngology,1
7625,Uttar Pradesh,Pvt,"T S Misra Medical College & Hospital, Amusi, Lucknow",MD - General Medicine,6
7626,Uttar Pradesh,Pvt,"T S Misra Medical College & Hospital, Amusi, Lucknow",MD - Microbiology,2
7627,Uttar Pradesh,Pvt,"T S Misra Medical College & Hospital, Amusi, Lucknow",MD - Pharmacology,2
7628,Uttar Pradesh,Pvt,"T S Misra Medical College & Hospital, Amusi, Lucknow","MD - Social & Preventive Medicine / Community
Medicine",3
7629,Uttar Pradesh,Pvt,"T S Misra Medical College & Hospital, Amusi, Lucknow",MD - Respiratory Medicine,2
7630,Uttar Pradesh,Pvt,"T S Misra Medical College & Hospital, Amusi, Lucknow",MD - Bio-Chemistry,2
7631,Uttar Pradesh,Trust,"Teerthanker Mahaveer Medical College, Moradabad",MD - Paediatrics,10
7632,Uttar Pradesh,Trust,"Teerthanker Mahaveer Medical College, Moradabad","MD - Social & Preventive Medicine / Community
Medicine",3
7633,Uttar Pradesh,Trust,"Teerthanker Mahaveer Medical College, Moradabad","MD - Tuberculosis & Respiratory Diseases / Pulmonary
Medicine",4
7634,Uttar Pradesh,Trust,"Teerthanker Mahaveer Medical College, Moradabad",MD - Pharmacology,2
7635,Uttar Pradesh,Trust,"Teerthanker Mahaveer Medical College, Moradabad",MD - Pathology,8
7636,Uttar Pradesh,Trust,"Teerthanker Mahaveer Medical College, Moradabad",MD - Anaesthesiology,11
7637,Uttar Pradesh,Trust,"Teerthanker Mahaveer Medical College, Moradabad",MD - Radio Diagnosis/Radiology,15
7638,Uttar Pradesh,Trust,"Teerthanker Mahaveer Medical College, Moradabad",MS - Orthopaedics,10
7639,Uttar Pradesh,Trust,"Teerthanker Mahaveer Medical College, Moradabad",MS - Opthalmology,5
7640,Uttar Pradesh,Trust,"Teerthanker Mahaveer Medical College, Moradabad",MD - Psychiatry,5
7641,Uttar Pradesh,Trust,"Teerthanker Mahaveer Medical College, Moradabad",MD - Physiology,2
7642,Uttar Pradesh,Trust,"Teerthanker Mahaveer Medical College, Moradabad",MD - Bio-Chemistry,2
7643,Uttar Pradesh,Trust,"Teerthanker Mahaveer Medical College, Moradabad",MD - Microbiology,2
7644,Uttar Pradesh,Trust,"Teerthanker Mahaveer Medical College, Moradabad",MS - ENT,4
7645,Uttar Pradesh,Trust,"Teerthanker Mahaveer Medical College, Moradabad","MD - Forensic Medicine/Forensic Medicine &
Toxicology",2
7646,Uttar Pradesh,Trust,"Teerthanker Mahaveer Medical College, Moradabad",MD - General Medicine,25
7647,Uttar Pradesh,Trust,"Teerthanker Mahaveer Medical College, Moradabad",MS - General Surgery,16
7648,Uttar Pradesh,Trust,"Teerthanker Mahaveer Medical College, Moradabad",MD - Anatomy,2
7649,Uttar Pradesh,Trust,"Teerthanker Mahaveer Medical College, Moradabad","MD - Dermatology , Venereology & Leprosy",4
7650,Uttar Pradesh,Trust,"Teerthanker Mahaveer Medical College, Moradabad",MS - Obstetrics & Gynaecology,10
7651,Uttar Pradesh,Govt,Uma Nath Singh Autonomous State Medical College Society Jaunpur,MD - Biochemistry,3
7652,Uttar Pradesh,Govt,Uma Nath Singh Autonomous State Medical College Society Jaunpur,MD - Anatomy,3
7653,Uttar Pradesh,Society,"United Institute of Medical Sciences, Allahabad",MD - Pathology,4
7654,Uttar Pradesh,Society,"United Institute of Medical Sciences, Allahabad",MD - Physiology,3
7655,Uttar Pradesh,Govt,"Uttar Pradesh University of Medical Sciences, (Prev. UP Rural Inst.of
Med.Sc&R) Etawah",MD - Anatomy,13
7656,Uttar Pradesh,Govt,"Uttar Pradesh University of Medical Sciences, (Prev. UP Rural Inst.of
Med.Sc&R) Etawah",MD - Bio-Chemistry,5
7657,Uttar Pradesh,Govt,"Uttar Pradesh University of Medical Sciences, (Prev. UP Rural Inst.of
Med.Sc&R) Etawah",MS - General Surgery,11
7658,Uttar Pradesh,Govt,"Uttar Pradesh University of Medical Sciences, (Prev. UP Rural Inst.of
Med.Sc&R) Etawah",MD - Pathology,17
7659,Uttar Pradesh,Govt,"Uttar Pradesh University of Medical Sciences, (Prev. UP Rural Inst.of
Med.Sc&R) Etawah",MD - Physiology,5
7660,Uttar Pradesh,Govt,"Uttar Pradesh University of Medical Sciences, (Prev. UP Rural Inst.of
Med.Sc&R) Etawah","MD - Tuberculosis & Respiratory Diseases / Pulmonary
Medicine",5
7661,Uttar Pradesh,Govt,"Uttar Pradesh University of Medical Sciences, (Prev. UP Rural Inst.of
Med.Sc&R) Etawah",MS - Orthopaedics,6
7662,Uttar Pradesh,Govt,"Uttar Pradesh University of Medical Sciences, (Prev. UP Rural Inst.of
Med.Sc&R) Etawah",MS - Obstetrics & Gynaecology,5
7663,Uttar Pradesh,Govt,"Uttar Pradesh University of Medical Sciences, (Prev. UP Rural Inst.of
Med.Sc&R) Etawah",MD - General Medicine,6
7664,Uttar Pradesh,Govt,"Uttar Pradesh University of Medical Sciences, (Prev. UP Rural Inst.of
Med.Sc&R) Etawah",MD - Pharmacology,3
7665,Uttar Pradesh,Govt,"Uttar Pradesh University of Medical Sciences, (Prev. UP Rural Inst.of
Med.Sc&R) Etawah","MD - Social & Preventive Medicine / Community
Medicine",11
7666,Uttar Pradesh,Govt,"Uttar Pradesh University of Medical Sciences, (Prev. UP Rural Inst.of
Med.Sc&R) Etawah",MS - Opthalmology,3
7667,Uttar Pradesh,Govt,"Uttar Pradesh University of Medical Sciences, (Prev. UP Rural Inst.of
Med.Sc&R) Etawah",MD - Paediatrics,8
7668,Uttar Pradesh,Govt,"Uttar Pradesh University of Medical Sciences, (Prev. UP Rural Inst.of
Med.Sc&R) Etawah",MD - Microbiology,8
7669,Uttar Pradesh,Govt,"Uttar Pradesh University of Medical Sciences, (Prev. UP Rural Inst.of
Med.Sc&R) Etawah",MS - ENT,1
7670,Uttar Pradesh,Govt,"Uttar Pradesh University of Medical Sciences, (Prev. UP Rural Inst.of
Med.Sc&R) Etawah",MD - Anaesthesiology,11
7671,Uttar Pradesh,Trust,"Varun Arjun Medical College, Banthra, Shahjahanpur",MS - General Surgery,7
7672,Uttar Pradesh,Trust,"Varun Arjun Medical College, Banthra, Shahjahanpur",MD - Community Medicine,3
7673,Uttar Pradesh,Trust,"Varun Arjun Medical College, Banthra, Shahjahanpur",MD - General Medicine,10
7674,Uttar Pradesh,Trust,"Varun Arjun Medical College, Banthra, Shahjahanpur",MD - Psychiatry,4
7675,Uttar Pradesh,Trust,"Varun Arjun Medical College, Banthra, Shahjahanpur","MD - Dermatology , Venereology & Leprosy",3
7676,Uttar Pradesh,Trust,"Varun Arjun Medical College, Banthra, Shahjahanpur",MD - Pathology,10
7677,Uttar Pradesh,Trust,"Varun Arjun Medical College, Banthra, Shahjahanpur",MS - Opthalmology,2
7678,Uttar Pradesh,Trust,"Varun Arjun Medical College, Banthra, Shahjahanpur",MS - Obstetrics & Gynaecology,6
7679,Uttar Pradesh,Trust,"Varun Arjun Medical College, Banthra, Shahjahanpur",MS - Orthopaedics,9
7680,Uttar Pradesh,Trust,"Varun Arjun Medical College, Banthra, Shahjahanpur",MD - Radio Diagnosis/Radiology,5
7681,Uttar Pradesh,Trust,"Varun Arjun Medical College, Banthra, Shahjahanpur",MD - Paediatrics,3
7682,Uttar Pradesh,Trust,"Varun Arjun Medical College, Banthra, Shahjahanpur",MS - Otorhinolaryngology,2
7683,Uttar Pradesh,Trust,"Varun Arjun Medical College, Banthra, Shahjahanpur",MD - Anaesthesiology,13
7684,Uttar Pradesh,Trust,"Varun Arjun Medical College, Banthra, Shahjahanpur",MD - Microbiology,2
7685,Uttar Pradesh,Trust,"Varun Arjun Medical College, Banthra, Shahjahanpur",MD - Respiratory Medicine,2
7686,Uttar Pradesh,Trust,"Venkateshwara Institute of Medical Sciences, Gajraula",MD - Paediatrics,6
7687,Uttar Pradesh,Trust,"Venkateshwara Institute of Medical Sciences, Gajraula",MS - Otorhinolaryngology,4
7688,Uttar Pradesh,Trust,"Venkateshwara Institute of Medical Sciences, Gajraula",MS - Obstetrics & Gynaecology,6
7689,Uttar Pradesh,Trust,"Venkateshwara Institute of Medical Sciences, Gajraula",MS - Opthalmology,3
7690,Uttar Pradesh,Trust,"Venkateshwara Institute of Medical Sciences, Gajraula",MD - Radio Diagnosis,2
7691,Uttar Pradesh,Trust,"Venkateshwara Institute of Medical Sciences, Gajraula",MS - General Surgery,10
7692,Uttar Pradesh,Trust,"Venkateshwara Institute of Medical Sciences, Gajraula","MD - Dermatology , Venereology & Leprosy",3
7693,Uttar Pradesh,Trust,"Venkateshwara Institute of Medical Sciences, Gajraula",MD - Pathology,6
7694,Uttar Pradesh,Trust,"Venkateshwara Institute of Medical Sciences, Gajraula",MD - General Medicine,10
7695,Uttar Pradesh,Trust,"Venkateshwara Institute of Medical Sciences, Gajraula",MS - Orthopaedics,3
7696,Uttar Pradesh,Trust,"Venkateshwara Institute of Medical Sciences, Gajraula",MD - Psychiatry,3
7697,Uttar Pradesh,Trust,"Venkateshwara Institute of Medical Sciences, Gajraula",MD - Anaesthesiology,4
7698,Uttarakhand,Govt,"Doon Medical College, Dehradun, Uttarakhand",MD - Paediatrics,7
7699,Uttarakhand,Govt,"Doon Medical College, Dehradun, Uttarakhand",MD - Bio-Chemistry,1
7700,Uttarakhand,Govt,"Doon Medical College, Dehradun, Uttarakhand",MD - Pharmacology,4
7701,Uttarakhand,Govt,"Doon Medical College, Dehradun, Uttarakhand",MD - Microbiology,3
7702,Uttarakhand,Govt,"Doon Medical College, Dehradun, Uttarakhand",MD - Anatomy,3
7703,Uttarakhand,Govt,"Doon Medical College, Dehradun, Uttarakhand",MS - Orthopaedics,3
7704,Uttarakhand,Govt,"Doon Medical College, Dehradun, Uttarakhand",MS - Otorhinolaryngology,2
7705,Uttarakhand,Govt,"Doon Medical College, Dehradun, Uttarakhand",MS - Opthalmology,3
7706,Uttarakhand,Govt,"Doon Medical College, Dehradun, Uttarakhand","MD - Social & Preventive Medicine / Community
Medicine",2
7707,Uttarakhand,Govt,"Doon Medical College, Dehradun, Uttarakhand",MD - General Medicine,3
7708,Uttarakhand,Govt,"Doon Medical College, Dehradun, Uttarakhand",MD - Pathology,2
7709,Uttarakhand,Govt,"Doon Medical College, Dehradun, Uttarakhand",MS - General Surgery,5
7710,Uttarakhand,Govt,"Doon Medical College, Dehradun, Uttarakhand","MD - Forensic Medicine/Forensic Medicine &
Toxicology",3
7711,Uttarakhand,Govt,"Doon Medical College, Dehradun, Uttarakhand",MD - Anaesthesiology,5
7712,Uttarakhand,Govt,"Doon Medical College, Dehradun, Uttarakhand",MS - Obstetrics & Gynaecology,9
7713,Uttarakhand,Govt,"Doon Medical College, Dehradun, Uttarakhand",MD - Physiology,5
7714,Uttarakhand,Govt,"Government Medical College (Prev.Uttarakhand Forest Hospital Trust
Med.Col.), Haldwani",MS - Obstetrics & Gynaecology,7
7715,Uttarakhand,Govt,"Government Medical College (Prev.Uttarakhand Forest Hospital Trust
Med.Col.), Haldwani",MS - General Surgery,9
7716,Uttarakhand,Govt,"Government Medical College (Prev.Uttarakhand Forest Hospital Trust
Med.Col.), Haldwani",MD - Anatomy,4
7717,Uttarakhand,Govt,"Government Medical College (Prev.Uttarakhand Forest Hospital Trust
Med.Col.), Haldwani","MD - Social & Preventive Medicine / Community
Medicine",2
7718,Uttarakhand,Govt,"Government Medical College (Prev.Uttarakhand Forest Hospital Trust
Med.Col.), Haldwani",MD - Paediatrics,6
7719,Uttarakhand,Govt,"Government Medical College (Prev.Uttarakhand Forest Hospital Trust
Med.Col.), Haldwani",MD - Anaesthesiology,9
7720,Uttarakhand,Govt,"Government Medical College (Prev.Uttarakhand Forest Hospital Trust
Med.Col.), Haldwani","MD - Tuberculosis & Respiratory Diseases /
Pulmonary Medicine",1
7721,Uttarakhand,Govt,"Government Medical College (Prev.Uttarakhand Forest Hospital Trust
Med.Col.), Haldwani",MD - Pharmacology,3
7722,Uttarakhand,Govt,"Government Medical College (Prev.Uttarakhand Forest Hospital Trust
Med.Col.), Haldwani",MS - ENT,4
7723,Uttarakhand,Govt,"Government Medical College (Prev.Uttarakhand Forest Hospital Trust
Med.Col.), Haldwani",MS - Opthalmology,3
7724,Uttarakhand,Govt,"Government Medical College (Prev.Uttarakhand Forest Hospital Trust
Med.Col.), Haldwani",MD - Microbiology,2
7725,Uttarakhand,Govt,"Government Medical College (Prev.Uttarakhand Forest Hospital Trust
Med.Col.), Haldwani",MD - Pathology,8
7726,Uttarakhand,Govt,"Government Medical College (Prev.Uttarakhand Forest Hospital Trust
Med.Col.), Haldwani",MD - General Medicine,12
7727,Uttarakhand,Trust,"Himalayan Institute of Medical Sciences, Dehradun",MS - ENT,4
7728,Uttarakhand,Trust,"Himalayan Institute of Medical Sciences, Dehradun",MD - Anaesthesiology,12
7729,Uttarakhand,Trust,"Himalayan Institute of Medical Sciences, Dehradun",MS - Opthalmology,5
7730,Uttarakhand,Trust,"Himalayan Institute of Medical Sciences, Dehradun",MD - Pathology,8
7731,Uttarakhand,Trust,"Himalayan Institute of Medical Sciences, Dehradun",MS - Obstetrics & Gynaecology,6
7732,Uttarakhand,Trust,"Himalayan Institute of Medical Sciences, Dehradun",MD - Anatomy,3
7733,Uttarakhand,Trust,"Himalayan Institute of Medical Sciences, Dehradun",MD - Physiology,4
7734,Uttarakhand,Trust,"Himalayan Institute of Medical Sciences, Dehradun",MD - Bio-Chemistry,3
7735,Uttarakhand,Trust,"Himalayan Institute of Medical Sciences, Dehradun",MD - Psychiatry,3
7736,Uttarakhand,Trust,"Himalayan Institute of Medical Sciences, Dehradun",MD - Emergency Medicine,2
7737,Uttarakhand,Trust,"Himalayan Institute of Medical Sciences, Dehradun","MD - Dermatology , Venereology & Leprosy",3
7738,Uttarakhand,Trust,"Himalayan Institute of Medical Sciences, Dehradun",MD - Immuno Haematology & Blood Transfusion,3
7739,Uttarakhand,Trust,"Himalayan Institute of Medical Sciences, Dehradun",MD - Paediatrics,13
7740,Uttarakhand,Trust,"Himalayan Institute of Medical Sciences, Dehradun",MS - General Surgery,15
7741,Uttarakhand,Trust,"Himalayan Institute of Medical Sciences, Dehradun",MD - General Medicine,15
7742,Uttarakhand,Trust,"Himalayan Institute of Medical Sciences, Dehradun","MD - Tuberculosis & Respiratory Diseases /
Pulmonary Medicine",4
7743,Uttarakhand,Trust,"Himalayan Institute of Medical Sciences, Dehradun",MD - Radiotherapy/ Radiation Oncology,3
7744,Uttarakhand,Trust,"Himalayan Institute of Medical Sciences, Dehradun",MD - Radio Diagnosis/Radiology,6
7745,Uttarakhand,Trust,"Himalayan Institute of Medical Sciences, Dehradun",MS - Orthopaedics,6
7746,Uttarakhand,Trust,"Himalayan Institute of Medical Sciences, Dehradun","MD - Social & Preventive Medicine / Community
Medicine",3
7747,Uttarakhand,Trust,"Himalayan Institute of Medical Sciences, Dehradun",MD - Pharmacology,3
7748,Uttarakhand,Trust,"Himalayan Institute of Medical Sciences, Dehradun",MD - Microbiology,3
7749,Uttarakhand,Society,"Shri Guru Ram Rai Institute of Medical & Health Sciences, Dehradun",MS - Orthopaedics,6
7750,Uttarakhand,Society,"Shri Guru Ram Rai Institute of Medical & Health Sciences, Dehradun",MD - Paediatrics,6
7751,Uttarakhand,Society,"Shri Guru Ram Rai Institute of Medical & Health Sciences, Dehradun",MS - General Surgery,10
7752,Uttarakhand,Society,"Shri Guru Ram Rai Institute of Medical & Health Sciences, Dehradun",MD - Anatomy,6
7753,Uttarakhand,Society,"Shri Guru Ram Rai Institute of Medical & Health Sciences, Dehradun",MD - General Medicine,20
7754,Uttarakhand,Society,"Shri Guru Ram Rai Institute of Medical & Health Sciences, Dehradun","MD - Social & Preventive Medicine / Community
Medicine",6
7755,Uttarakhand,Society,"Shri Guru Ram Rai Institute of Medical & Health Sciences, Dehradun",MD - Microbiology,6
7756,Uttarakhand,Society,"Shri Guru Ram Rai Institute of Medical & Health Sciences, Dehradun",MD - Anaesthesiology,24
7757,Uttarakhand,Society,"Shri Guru Ram Rai Institute of Medical & Health Sciences, Dehradun",MD - Pathology,9
7758,Uttarakhand,Society,"Shri Guru Ram Rai Institute of Medical & Health Sciences, Dehradun",MS - ENT,5
7759,Uttarakhand,Society,"Shri Guru Ram Rai Institute of Medical & Health Sciences, Dehradun",MS - Opthalmology,5
7760,Uttarakhand,Society,"Shri Guru Ram Rai Institute of Medical & Health Sciences, Dehradun",MD - Bio-Chemistry,2
7761,Uttarakhand,Society,"Shri Guru Ram Rai Institute of Medical & Health Sciences, Dehradun",MS - Obstetrics & Gynaecology,6
7762,Uttarakhand,Society,"Shri Guru Ram Rai Institute of Medical & Health Sciences, Dehradun",MD - Psychiatry,5
7763,Uttarakhand,Society,"Shri Guru Ram Rai Institute of Medical & Health Sciences, Dehradun",MD - Pharmacology,6
7764,Uttarakhand,Society,"Shri Guru Ram Rai Institute of Medical & Health Sciences, Dehradun",MD - Physiology,6
7765,Uttarakhand,Society,"Shri Guru Ram Rai Institute of Medical & Health Sciences, Dehradun",MD - Radio Diagnosis/Radiology,16
7766,Uttarakhand,Society,"Shri Guru Ram Rai Institute of Medical & Health Sciences, Dehradun","MD - Tuberculosis & Respiratory Diseases /
Pulmonary Medicine",5
7767,Uttarakhand,Society,"Shri Guru Ram Rai Institute of Medical & Health Sciences, Dehradun","MD - Dermatology , Venereology & Leprosy",5
7768,Uttarakhand,Govt,"Veer Chandra Singh Garhwali Govt. Medical Sc. & Research Instt, Srinagar,
Pauri Garhwal",MD - Anatomy,4
7769,Uttarakhand,Govt,"Veer Chandra Singh Garhwali Govt. Medical Sc. & Research Instt, Srinagar,
Pauri Garhwal",MD - Pathology,4
7770,Uttarakhand,Govt,"Veer Chandra Singh Garhwali Govt. Medical Sc. & Research Instt, Srinagar,
Pauri Garhwal",MD - Community Medicine,4
7771,Uttarakhand,Govt,"Veer Chandra Singh Garhwali Govt. Medical Sc. & Research Instt, Srinagar,
Pauri Garhwal",MS - Opthalmology,2
7772,Uttarakhand,Govt,"Veer Chandra Singh Garhwali Govt. Medical Sc. & Research Instt, Srinagar,
Pauri Garhwal",MD - Pharmacology,2
7773,Uttarakhand,Govt,"Veer Chandra Singh Garhwali Govt. Medical Sc. & Research Instt, Srinagar,
Pauri Garhwal",MD - Physiology,2
7774,Uttarakhand,Govt,"Veer Chandra Singh Garhwali Govt. Medical Sc. & Research Instt, Srinagar,
Pauri Garhwal",MD - Microbiology,3
7775,Uttarakhand,Govt,"Veer Chandra Singh Garhwali Govt. Medical Sc. & Research Instt, Srinagar,
Pauri Garhwal","MD - Forensic Medicine/Forensic Medicine &
Toxicology",3
7776,West Bengal,Govt,"All India Institute of Hygiene & Public Health, Kolkata","MD - Social & Preventive Medicine / Community
Medicine",20
7777,West Bengal,Govt,"All India Institute of Hygiene & Public Health, Kolkata",MD (Master of Public Health - Epidemiology,7
7778,West Bengal,Govt,"Bankura Sammilani Medical College, Bankura",MD - Pathology,4
7779,West Bengal,Govt,"Bankura Sammilani Medical College, Bankura",MD - General Medicine,4
7780,West Bengal,Govt,"Bankura Sammilani Medical College, Bankura",MD - Pharmacology,2
7781,West Bengal,Govt,"Bankura Sammilani Medical College, Bankura",MS - Orthopaedics,2
7782,West Bengal,Govt,"Bankura Sammilani Medical College, Bankura",MD - Physiology,2
7783,West Bengal,Govt,"Bankura Sammilani Medical College, Bankura",MD - Microbiology,2
7784,West Bengal,Govt,"Bankura Sammilani Medical College, Bankura",MD - Respiratory Medicine,3
7785,West Bengal,Govt,"Bankura Sammilani Medical College, Bankura",MD - Anaesthesiology,11
7786,West Bengal,Govt,"Bankura Sammilani Medical College, Bankura",MD - Bio-Chemistry,1
7787,West Bengal,Govt,"Bankura Sammilani Medical College, Bankura","MD - Social & Preventive Medicine / Community
Medicine",2
7788,West Bengal,Govt,"Bankura Sammilani Medical College, Bankura","MD - Dermatology , Venereology & Leprosy",3
7789,West Bengal,Govt,"Bankura Sammilani Medical College, Bankura",MD - Radio Diagnosis/Radiology,6
7790,West Bengal,Govt,"Bankura Sammilani Medical College, Bankura",MD - Anatomy,2
7791,West Bengal,Govt,"Bankura Sammilani Medical College, Bankura",MS - Opthalmology,3
7792,West Bengal,Govt,"Bankura Sammilani Medical College, Bankura",MS - Otorhinolaryngology,3
7793,West Bengal,Govt,"Bankura Sammilani Medical College, Bankura",MS - General Surgery,17
7794,West Bengal,Govt,"Bankura Sammilani Medical College, Bankura",MS - Obstetrics & Gynaecology,15
7795,West Bengal,Govt,"Bankura Sammilani Medical College, Bankura","MD - Forensic Medicine/Forensic Medicine &
Toxicology",1
7796,West Bengal,Govt,"Bankura Sammilani Medical College, Bankura",MD - Paediatrics,5
7797,West Bengal,Govt,"Burdwan Medical College, Burdwan","MD - Dermatology , Venereology & Leprosy",2
7798,West Bengal,Govt,"Burdwan Medical College, Burdwan","MD - Forensic Medicine/Forensic Medicine &
Toxicology",3
7799,West Bengal,Govt,"Burdwan Medical College, Burdwan",MD - General Medicine,13
7800,West Bengal,Govt,"Burdwan Medical College, Burdwan",MD - Pathology,9
7801,West Bengal,Govt,"Burdwan Medical College, Burdwan",MD - Pharmacology,4
7802,West Bengal,Govt,"Burdwan Medical College, Burdwan",MD - Psychiatry,3
7803,West Bengal,Govt,"Burdwan Medical College, Burdwan",MD - Radiotherapy/ Radiation Oncology,5
7804,West Bengal,Govt,"Burdwan Medical College, Burdwan","MD - Social & Preventive Medicine / Community
Medicine",6
7805,West Bengal,Govt,"Burdwan Medical College, Burdwan",MS - ENT,4
7806,West Bengal,Govt,"Burdwan Medical College, Burdwan",MS - General Surgery,18
7807,West Bengal,Govt,"Burdwan Medical College, Burdwan",MS - Obstetrics & Gynaecology,13
7808,West Bengal,Govt,"Burdwan Medical College, Burdwan",MS - Orthopaedics,10
7809,West Bengal,Govt,"Burdwan Medical College, Burdwan",MD- ANAESTHESIOLOGY,11
7810,West Bengal,Govt,"Burdwan Medical College, Burdwan",MD- ANATOMY,4
7811,West Bengal,Govt,"Burdwan Medical College, Burdwan",MD- Biochemistry,4
7812,West Bengal,Govt,"Burdwan Medical College, Burdwan",MD-Microbiology,4
7813,West Bengal,Govt,"Burdwan Medical College, Burdwan",MS-OPTHALMOLOGY,4
7814,West Bengal,Govt,"Burdwan Medical College, Burdwan",MD- PAEDIATRICS,13
7815,West Bengal,Govt,"Burdwan Medical College, Burdwan",MD-PHYSIOLOGY,5
7816,West Bengal,Govt,"Burdwan Medical College, Burdwan",MD-Respiratory Medicine,3
7817,West Bengal,Govt,"Calcutta National Medical College, Kolkata",MD - Pathology,4
7818,West Bengal,Govt,"Calcutta National Medical College, Kolkata",MS - Obstetrics & Gynaecology,16
7819,West Bengal,Govt,"Calcutta National Medical College, Kolkata",MS - General Surgery,16
7820,West Bengal,Govt,"Calcutta National Medical College, Kolkata",MS - Orthopaedics,9
7821,West Bengal,Govt,"Calcutta National Medical College, Kolkata","MD - Dermatology , Venereology & Leprosy",3
7822,West Bengal,Govt,"Calcutta National Medical College, Kolkata",MD - Psychiatry,5
7823,West Bengal,Govt,"Calcutta National Medical College, Kolkata",MD - Physiology,4
7824,West Bengal,Govt,"Calcutta National Medical College, Kolkata",MD - Pharmacology,4
7825,West Bengal,Govt,"Calcutta National Medical College, Kolkata","MD - Tuberculosis & Respiratory Diseases / Pulmonary
Medicine",4
7826,West Bengal,Govt,"Calcutta National Medical College, Kolkata",MD - General Medicine,18
7827,West Bengal,Govt,"Calcutta National Medical College, Kolkata",MD - Anaesthesiology,13
7828,West Bengal,Govt,"Calcutta National Medical College, Kolkata","MD - Social & Preventive Medicine / Community
Medicine",6
7829,West Bengal,Govt,"Calcutta National Medical College, Kolkata",MS - ENT,5
7830,West Bengal,Govt,"Calcutta National Medical College, Kolkata",MD - Microbiology,4
7831,West Bengal,Govt,"Calcutta National Medical College, Kolkata",MS - Opthalmology,8
7832,West Bengal,Govt,"Calcutta National Medical College, Kolkata",MD - Bio-Chemistry,2
7833,West Bengal,Govt,"Calcutta National Medical College, Kolkata",MD - Paediatrics,9
7834,West Bengal,Govt,"Calcutta National Medical College, Kolkata",MD - Anatomy,2
7835,West Bengal,Govt,"Calcutta National Medical College, Kolkata",Diploma in Anaesthesia,13
7836,West Bengal,Govt,Chittaranjan National Cancer Institute,MD - Lab Medicine,2
7837,West Bengal,Govt,Chittaranjan National Cancer Institute,MD - Radiation Oncology,3
7838,West Bengal,Govt,Chittaranjan National Cancer Institute,MD Anaesthesiology,2
7839,West Bengal,Govt,Chittaranjan National Cancer Institute,MD - Radio Diagnosis,2
7840,West Bengal,Govt,"Chittaranjan Seva Sadan Hospital, Kolkata",MD - Paediatrics,6
7841,West Bengal,Govt,"Chittaranjan Seva Sadan Hospital, Kolkata",MS - Obstetrics & Gynaecology,12
7842,West Bengal,Govt,"College of Medicine and JNM Hospital,Kalyani,Nadia",MD - Physiology,2
7843,West Bengal,Govt,"College of Medicine and JNM Hospital,Kalyani,Nadia",MD - Anatomy,2
7844,West Bengal,Govt,"College of Medicine and JNM Hospital,Kalyani,Nadia",MS - General Surgery,2
7845,West Bengal,Govt,"College of Medicine and JNM Hospital,Kalyani,Nadia",MS - Otorhinolaryngology,2
7846,West Bengal,Govt,"College of Medicine and JNM Hospital,Kalyani,Nadia",MD - Psychiatry,2
7847,West Bengal,Govt,"College of Medicine and JNM Hospital,Kalyani,Nadia",MD - Pharmacology,2
7848,West Bengal,Govt,"College of Medicine and JNM Hospital,Kalyani,Nadia",MD - Anaesthesiology,2
7849,West Bengal,Govt,"College of Medicine and JNM Hospital,Kalyani,Nadia",MD - Community Medicine,2
7850,West Bengal,Govt,"College of Medicine and JNM Hospital,Kalyani,Nadia","MD - Forensic Medicine/Forensic Medicine &
Toxicology",1
7851,West Bengal,Govt,"College of Medicine and JNM Hospital,Kalyani,Nadia",MS - Obstetrics & Gynaecology,3
7852,West Bengal,Govt,"College of Medicine and JNM Hospital,Kalyani,Nadia",MD - Microbiology,2
7853,West Bengal,Govt,"College of Medicine and Sagore Dutta Hospital, Kolkata",MD - Paediatrics,4
7854,West Bengal,Govt,"College of Medicine and Sagore Dutta Hospital, Kolkata",MS-OPTHALMOLOGY,2
7855,West Bengal,Govt,"College of Medicine and Sagore Dutta Hospital, Kolkata",MS-OBG,4
7856,West Bengal,Govt,"College of Medicine and Sagore Dutta Hospital, Kolkata",MD-General Medicine,6
7857,West Bengal,Govt,"College of Medicine and Sagore Dutta Hospital, Kolkata",MD-  Community Medicine,4
7858,West Bengal,Govt,"College of Medicine and Sagore Dutta Hospital, Kolkata",MD- Biochemistry,2
7859,West Bengal,Govt,"College of Medicine and Sagore Dutta Hospital, Kolkata",MD- Respiratory Medicine,3
7860,West Bengal,Govt,"College of Medicine and Sagore Dutta Hospital, Kolkata",MD-Psychiatry,2
7861,West Bengal,Govt,"College of Medicine and Sagore Dutta Hospital, Kolkata",MD- Pharmacoloy,4
7862,West Bengal,Govt,"College of Medicine and Sagore Dutta Hospital, Kolkata",MD-Pathology,4
7863,West Bengal,Govt,"College of Medicine and Sagore Dutta Hospital, Kolkata",MD-Microbiology,3
7864,West Bengal,Govt,"College of Medicine and Sagore Dutta Hospital, Kolkata",MD- DVL,5
7865,West Bengal,Govt,"College of Medicine and Sagore Dutta Hospital, Kolkata",MD- AnaesTHESIOLOGY,3
7866,West Bengal,Govt,"Command Hospital, Kolkata",MD - Psychiatry,2
7867,West Bengal,Govt,"Command Hospital, Kolkata",MD - Pathology,3
7868,West Bengal,Govt,"Command Hospital, Kolkata",MS - General Surgery,4
7869,West Bengal,Govt,"Command Hospital, Kolkata",MD - Radio Diagnosis/Radiology,2
7870,West Bengal,Govt,"Command Hospital, Kolkata",MD - Anaesthesiology,4
7871,West Bengal,Govt,"Command Hospital, Kolkata",MS - Opthalmology,3
7872,West Bengal,Govt,"Command Hospital, Kolkata",MS - Orthopaedics,2
7873,West Bengal,Govt,"Command Hospital, Kolkata",MS - Obstetrics & Gynaecology,2
7874,West Bengal,Govt,"Command Hospital, Kolkata",MD - Paediatrics,9
7875,West Bengal,Govt,"Command Hospital, Kolkata",MS - ENT,3
7876,West Bengal,Govt,"Command Hospital, Kolkata",MD - General Medicine,4
7877,West Bengal,Govt,Diamond Harbour Government Medical College and Hospital West Bengal,MD - Microbiology,2
7878,West Bengal,Govt,"Dr. B C Roy Post Graduate Institute of Paediatric Sciences,Kolkata",MD - Paediatrics,14
7879,West Bengal,Govt,Employees State Insurance Corporation Medical College Joka Kolkata,MS - General Surgery,4
7880,West Bengal,Govt,Employees State Insurance Corporation Medical College Joka Kolkata,MD-  Community Medicine,1
7881,West Bengal,Govt,Employees State Insurance Corporation Medical College Joka Kolkata,MD-Paediatrics,2
7882,West Bengal,Govt,Employees State Insurance Corporation Medical College Joka Kolkata,MS- Orthopaedics,3
7883,West Bengal,Govt,Employees State Insurance Corporation Medical College Joka Kolkata,MS-OBG,6
7884,West Bengal,Govt,Employees State Insurance Corporation Medical College Joka Kolkata,MS- ENT,1
7885,West Bengal,Govt,Employees State Insurance Corporation Medical College Joka Kolkata,MD- Anaesthesiology,5
7886,West Bengal,Govt,Employees State Insurance Corporation Medical College Joka Kolkata,MD-PATHOLOGY,4
7887,West Bengal,Govt,Employees State Insurance Corporation Medical College Joka Kolkata,MD-General Medicine,5
7888,West Bengal,Society,Gouri Devi Institute of Medical Sciences and Hospital Durgapur,MS - Orthopaedics,3
7889,West Bengal,Society,Gouri Devi Institute of Medical Sciences and Hospital Durgapur,MD - Radio - Diagnosis,6
7890,West Bengal,Society,Gouri Devi Institute of Medical Sciences and Hospital Durgapur,MD - Dermatology Venerology and Leprosy,3
7891,West Bengal,Society,Gouri Devi Institute of Medical Sciences and Hospital Durgapur,MS - Obstetrics & Gynaecology,6
7892,West Bengal,Society,Gouri Devi Institute of Medical Sciences and Hospital Durgapur,MD - Paediatrics,6
7893,West Bengal,Society,Gouri Devi Institute of Medical Sciences and Hospital Durgapur,MD - Respiratory Medicine,5
7894,West Bengal,Society,Gouri Devi Institute of Medical Sciences and Hospital Durgapur,MS - Opthalmology,3
7895,West Bengal,Society,Gouri Devi Institute of Medical Sciences and Hospital Durgapur,MS - Otorhinolaryngology(ENT),3
7896,West Bengal,Society,Gouri Devi Institute of Medical Sciences and Hospital Durgapur,MD - Physiology,2
7897,West Bengal,Society,Gouri Devi Institute of Medical Sciences and Hospital Durgapur,MD - General Medicine,2
7898,West Bengal,Society,Gouri Devi Institute of Medical Sciences and Hospital Durgapur,MD - Pathology,3
7899,West Bengal,Society,Gouri Devi Institute of Medical Sciences and Hospital Durgapur,MD - Anatomy,3
7900,West Bengal,Society,Gouri Devi Institute of Medical Sciences and Hospital Durgapur,MD - Anaesthesiology,2
7901,West Bengal,Society,Gouri Devi Institute of Medical Sciences and Hospital Durgapur,MD - Microbiology,3
7902,West Bengal,Society,Gouri Devi Institute of Medical Sciences and Hospital Durgapur,MS - General Surgery,3
7903,West Bengal,Trust,"ICARE Institute of Medical Sciences & Research, Haldia, Purba Midanpore",MS - Orthopaedics,3
7904,West Bengal,Trust,"ICARE Institute of Medical Sciences & Research, Haldia, Purba Midanpore",MD - Paediatrics,3
7905,West Bengal,Trust,"ICARE Institute of Medical Sciences & Research, Haldia, Purba Midanpore",MD - General Medicine,2
7906,West Bengal,Trust,"ICARE Institute of Medical Sciences & Research, Haldia, Purba Midanpore",MS - General Surgery,3
7907,West Bengal,Trust,"ICARE Institute of Medical Sciences & Research, Haldia, Purba Midanpore",MD - Radio Diagnosis,4
7908,West Bengal,Trust,"ICARE Institute of Medical Sciences & Research, Haldia, Purba Midanpore",MS - Otorhinolaryngology,2
7909,West Bengal,Trust,"ICARE Institute of Medical Sciences & Research, Haldia, Purba Midanpore",MD - Pathology,2
7910,West Bengal,Trust,"ICARE Institute of Medical Sciences & Research, Haldia, Purba Midanpore",MS - Opthalmology,4
7911,West Bengal,Trust,"ICARE Institute of Medical Sciences & Research, Haldia, Purba Midanpore",MD - Anaesthesiology,7
7912,West Bengal,Trust,"ICARE Institute of Medical Sciences & Research, Haldia, Purba Midanpore",MS - Obstetrics & Gynaecology,2
7913,West Bengal,Trust,"ICARE Institute of Medical Sciences & Research, Haldia, Purba Midanpore",MD - Psychiatry,4
7914,West Bengal,Trust,"ICARE Institute of Medical Sciences & Research, Haldia, Purba Midanpore","MD - Dermatology , Venereology & Leprosy",4
7915,West Bengal,Trust,"ICARE Institute of Medical Sciences & Research, Haldia, Purba Midanpore",MD - Bio-Chemistry,2
7916,West Bengal,Trust,"ICARE Institute of Medical Sciences & Research, Haldia, Purba Midanpore",MD - Pharmacology,2
7917,West Bengal,Trust,"ICARE Institute of Medical Sciences & Research, Haldia, Purba Midanpore",MD - Microbiology,2
7918,West Bengal,Trust,"ICARE Institute of Medical Sciences & Research, Haldia, Purba Midanpore",MD - Respiratory Medicine,4
7919,West Bengal,Govt,"Institute of Child Health, Kolkata",MD - Paediatrics,16
7920,West Bengal,Govt,"Institute of Postgraduate Medical Education & Research, Kolkata",MD - Microbiology,4
7921,West Bengal,Govt,"Institute of Postgraduate Medical Education & Research, Kolkata","MD - Tuberculosis & Respiratory Diseases / Pulmonary
Medicine",5
7922,West Bengal,Govt,"Institute of Postgraduate Medical Education & Research, Kolkata",MD - Anatomy,5
7923,West Bengal,Govt,"Institute of Postgraduate Medical Education & Research, Kolkata",MD - Anaesthesiology,18
7924,West Bengal,Govt,"Institute of Postgraduate Medical Education & Research, Kolkata",MD - Physical Medicine & Rehabilitation,10
7925,West Bengal,Govt,"Institute of Postgraduate Medical Education & Research, Kolkata",MD - Radiotherapy/ Radiation Oncology,10
7926,West Bengal,Govt,"Institute of Postgraduate Medical Education & Research, Kolkata","MD - Social & Preventive Medicine / Community
Medicine",4
7927,West Bengal,Govt,"Institute of Postgraduate Medical Education & Research, Kolkata",MD - Pathology,20
7928,West Bengal,Govt,"Institute of Postgraduate Medical Education & Research, Kolkata",MS - Opthalmology,3
7929,West Bengal,Govt,"Institute of Postgraduate Medical Education & Research, Kolkata",MD - Physiology,5
7930,West Bengal,Govt,"Institute of Postgraduate Medical Education & Research, Kolkata",MS - ENT,8
7931,West Bengal,Govt,"Institute of Postgraduate Medical Education & Research, Kolkata",MD - Pharmacology,6
7932,West Bengal,Govt,"Institute of Postgraduate Medical Education & Research, Kolkata",MS - Obstetrics & Gynaecology,16
7933,West Bengal,Govt,"Institute of Postgraduate Medical Education & Research, Kolkata",MD - Emergency Medicine,3
7934,West Bengal,Govt,"Institute of Postgraduate Medical Education & Research, Kolkata",MD - Paediatrics,9
7935,West Bengal,Govt,"Institute of Postgraduate Medical Education & Research, Kolkata",MD - General Medicine,14
7936,West Bengal,Govt,"Institute of Postgraduate Medical Education & Research, Kolkata",MD - Bio-Chemistry,7
7937,West Bengal,Govt,"Institute of Postgraduate Medical Education & Research, Kolkata",MS - General Surgery,19
7938,West Bengal,Govt,"Institute of Postgraduate Medical Education & Research, Kolkata","MD - Dermatology , Venereology & Leprosy",5
7939,West Bengal,Govt,"Institute of Postgraduate Medical Education & Research, Kolkata",MD - Psychiatry,10
7940,West Bengal,Govt,"Institute of Postgraduate Medical Education & Research, Kolkata",MS - Orthopaedics,15
7941,West Bengal,Govt,"Institute of Postgraduate Medical Education & Research, Kolkata",MD - Radio Diagnosis/Radiology,12
7942,West Bengal,Trust,"IQ-City Medical College, Burdwan",MS - Orthopaedics,2
7943,West Bengal,Trust,"IQ-City Medical College, Burdwan",MD - Radio Diagnosis,2
7944,West Bengal,Trust,"IQ-City Medical College, Burdwan",MD - Paediatrics,3
7945,West Bengal,Trust,"IQ-City Medical College, Burdwan",MS - Opthalmology,3
7946,West Bengal,Trust,"IQ-City Medical College, Burdwan",MD - General Medicine,4
7947,West Bengal,Trust,"IQ-City Medical College, Burdwan",MD - Respiratory Medicine,2
7948,West Bengal,Trust,"IQ-City Medical College, Burdwan",MS - Obstetrics & Gynaecology,3
7949,West Bengal,Trust,"IQ-City Medical College, Burdwan",MD - Bio-Chemistry,3
7950,West Bengal,Trust,"IQ-City Medical College, Burdwan",MD - Physiology,3
7951,West Bengal,Trust,"IQ-City Medical College, Burdwan",MD - Microbiology,3
7952,West Bengal,Trust,"IQ-City Medical College, Burdwan","MD - Social & Preventive Medicine / Community
Medicine",3
7953,West Bengal,Trust,"IQ-City Medical College, Burdwan",MD - Pharmacology,3
7954,West Bengal,Trust,"IQ-City Medical College, Burdwan",MD - Psychiatry,1
7955,West Bengal,Trust,"IQ-City Medical College, Burdwan",MS - General Surgery,7
7956,West Bengal,Trust,"IQ-City Medical College, Burdwan",MD - Anatomy,3
7957,West Bengal,Trust,"IQ-City Medical College, Burdwan",MD - Pathology,3
7958,West Bengal,Trust,"IQ-City Medical College, Burdwan",MD - Anaesthesiology,3
7959,West Bengal,Trust,"IQ-City Medical College, Burdwan","MD - Dermatology , Venereology & Leprosy",1
7960,West Bengal,Trust,"IQ-City Medical College, Burdwan",MS - Otorhinolaryngology,2
7961,West Bengal,Trust,Jagannath Gupta Institute of Medical Sciences & Hospital Kolkata,MD - Paediatrics,6
7962,West Bengal,Trust,Jagannath Gupta Institute of Medical Sciences & Hospital Kolkata,MS - Obstetrics & Gynaecology,3
7963,West Bengal,Trust,Jagannath Gupta Institute of Medical Sciences & Hospital Kolkata,MD - Anaesthesiology,8
7964,West Bengal,Trust,Jagannath Gupta Institute of Medical Sciences & Hospital Kolkata,MD - General Medicine,4
7965,West Bengal,Trust,Jagannath Gupta Institute of Medical Sciences & Hospital Kolkata,MD - Radio Diagnosis,2
7966,West Bengal,Trust,Jagannath Gupta Institute of Medical Sciences & Hospital Kolkata,MD-Respiratory Medicine,3
7967,West Bengal,Trust,Jagannath Gupta Institute of Medical Sciences & Hospital Kolkata,"MD - Dermatology , Venereology & Leprosy",3
7968,West Bengal,Trust,Jagannath Gupta Institute of Medical Sciences & Hospital Kolkata,MS - Otorhinolaryngology,3
7969,West Bengal,Trust,Jagannath Gupta Institute of Medical Sciences & Hospital Kolkata,MS - General Surgery,6
7970,West Bengal,Trust,Jagannath Gupta Institute of Medical Sciences & Hospital Kolkata,MS - Orthopaedics,3
7971,West Bengal,Trust,Jagannath Gupta Institute of Medical Sciences & Hospital Kolkata,MD - Physiology,3
7972,West Bengal,Trust,Jagannath Gupta Institute of Medical Sciences & Hospital Kolkata,MD - Anatomy,3
7973,West Bengal,Pvt,"KPC Medical College,Jadavpur,Kolkata",MS - Orthopaedics,6
7974,West Bengal,Pvt,"KPC Medical College,Jadavpur,Kolkata",MD - Psychiatry,2
7975,West Bengal,Pvt,"KPC Medical College,Jadavpur,Kolkata","MD - Dermatology , Venereology & Leprosy",4
7976,West Bengal,Pvt,"KPC Medical College,Jadavpur,Kolkata",MS - ENT,3
7977,West Bengal,Pvt,"KPC Medical College,Jadavpur,Kolkata",MD - Microbiology,3
7978,West Bengal,Pvt,"KPC Medical College,Jadavpur,Kolkata",MD - Radio Diagnosis/Radiology,4
7979,West Bengal,Pvt,"KPC Medical College,Jadavpur,Kolkata",MD - Pathology,4
7980,West Bengal,Pvt,"KPC Medical College,Jadavpur,Kolkata",MD - General Medicine,13
7981,West Bengal,Pvt,"KPC Medical College,Jadavpur,Kolkata",MD - Anatomy,2
7982,West Bengal,Pvt,"KPC Medical College,Jadavpur,Kolkata",MD - Bio-Chemistry,2
7983,West Bengal,Pvt,"KPC Medical College,Jadavpur,Kolkata",MS - Obstetrics & Gynaecology,3
7984,West Bengal,Pvt,"KPC Medical College,Jadavpur,Kolkata",MD - Anaesthesiology,6
7985,West Bengal,Pvt,"KPC Medical College,Jadavpur,Kolkata",MD - Pharmacology,3
7986,West Bengal,Pvt,"KPC Medical College,Jadavpur,Kolkata",MD - Physiology,3
7987,West Bengal,Pvt,"KPC Medical College,Jadavpur,Kolkata","MD - Social & Preventive Medicine / Community
Medicine",2
7988,West Bengal,Pvt,"KPC Medical College,Jadavpur,Kolkata",MS - General Surgery,10
7989,West Bengal,Govt,"Malda Medical College & Hospital, Malda",MD - Paediatrics,5
7990,West Bengal,Govt,"Malda Medical College & Hospital, Malda",MS - Obstetrics & Gynaecology,6
7991,West Bengal,Govt,"Malda Medical College & Hospital, Malda",MD - Microbiology,3
7992,West Bengal,Govt,"MEDICAL COLLEGE, KOLKATA",MD - Anaesthesiology,17
7993,West Bengal,Govt,"MEDICAL COLLEGE, KOLKATA",MD - Anatomy,6
7994,West Bengal,Govt,"MEDICAL COLLEGE, KOLKATA",MD - Bio-Chemistry,3
7995,West Bengal,Govt,"MEDICAL COLLEGE, KOLKATA","MD - Dermatology , Venereology & Leprosy",5
7996,West Bengal,Govt,"MEDICAL COLLEGE, KOLKATA","MD - Forensic Medicine/Forensic Medicine &
Toxicology",4
7997,West Bengal,Govt,"MEDICAL COLLEGE, KOLKATA",MD - General Medicine,23
7998,West Bengal,Govt,"MEDICAL COLLEGE, KOLKATA",MS - General Surgery,12
7999,West Bengal,Govt,"MEDICAL COLLEGE, KOLKATA",MD - Geriatrics,3
8000,West Bengal,Govt,"MEDICAL COLLEGE, KOLKATA",MD - Microbiology,2
8001,West Bengal,Govt,"MEDICAL COLLEGE, KOLKATA",MS - Obstetrics & Gynaecology,22
8002,West Bengal,Govt,"MEDICAL COLLEGE, KOLKATA",MS - Ophthalmology,22
8003,West Bengal,Govt,"MEDICAL COLLEGE, KOLKATA",MS - Orthopaedics,4
8004,West Bengal,Govt,"MEDICAL COLLEGE, KOLKATA",MS - ENT,6
8005,West Bengal,Govt,"MEDICAL COLLEGE, KOLKATA",MD - Paediatrics,20
8006,West Bengal,Govt,"MEDICAL COLLEGE, KOLKATA",MD - Pathology,9
8007,West Bengal,Govt,"MEDICAL COLLEGE, KOLKATA",MD - Pharmacology,6
8008,West Bengal,Govt,"MEDICAL COLLEGE, KOLKATA",MD - Physiology,4
8009,West Bengal,Govt,"MEDICAL COLLEGE, KOLKATA","MD - Social & Preventive Medicine / Community
Medicine",3
8010,West Bengal,Govt,"MEDICAL COLLEGE, KOLKATA",MD - Psychiatry,3
8011,West Bengal,Govt,"MEDICAL COLLEGE, KOLKATA",MD - Radio Diagnosis/Radiology,4
8012,West Bengal,Govt,"MEDICAL COLLEGE, KOLKATA",MD - Radiotherapy/ Radiation Oncology,8
8013,West Bengal,Govt,"MEDICAL COLLEGE, KOLKATA","MD - Tuberculosis & Respiratory Diseases / Pulmonary
Medicine",5
8014,West Bengal,Govt,"MEDICAL COLLEGE, KOLKATA",MD - Immuno Haematology & Blood Transfusion,2
8015,West Bengal,Govt,"MEDICAL COLLEGE, KOLKATA",DIP. ANAESTHESIOLOGY,6
8016,West Bengal,Govt,"MEDICAL COLLEGE, KOLKATA",DIP. OBST and GYNAE,20
8017,West Bengal,Govt,"MEDICAL COLLEGE, KOLKATA",DIP. OPTHALMOLOGY,20
8018,West Bengal,Govt,"MEDICAL COLLEGE, KOLKATA",DIP. ORTHOPAEDICS,8
8019,West Bengal,Govt,"MEDICAL COLLEGE, KOLKATA",DIP. OTORHINOLARYNGOLOGY,4
8020,West Bengal,Govt,"Midnapore Medical College, Midnapore",MS - General Surgery,14
8021,West Bengal,Govt,"Midnapore Medical College, Midnapore","MD - Forensic Medicine/Forensic Medicine &
Toxicology",2
8022,West Bengal,Govt,"Midnapore Medical College, Midnapore",MS - Obstetrics & Gynaecology,12
8023,West Bengal,Govt,"Midnapore Medical College, Midnapore",MD - General Medicine,11
8024,West Bengal,Govt,"Midnapore Medical College, Midnapore",MD - Paediatrics,7
8025,West Bengal,Govt,"Midnapore Medical College, Midnapore",MS - ENT,4
8026,West Bengal,Govt,"Midnapore Medical College, Midnapore",MD - Pharmacology,2
8027,West Bengal,Govt,"Midnapore Medical College, Midnapore",MS - Opthalmology,2
8028,West Bengal,Govt,"Midnapore Medical College, Midnapore",MD - Anaesthesiology,7
8029,West Bengal,Govt,"Murshidabad Medical College & Hospitals, Murshidabad",MD - Pathology,4
8030,West Bengal,Govt,"Murshidabad Medical College & Hospitals, Murshidabad",MS - General Surgery,5
8031,West Bengal,Govt,"Murshidabad Medical College & Hospitals, Murshidabad",MS - Obstetrics & Gynaecology,4
8032,West Bengal,Govt,"Murshidabad Medical College & Hospitals, Murshidabad",MD - Anaesthesiology,5
8033,West Bengal,Govt,"Murshidabad Medical College & Hospitals, Murshidabad","MD - Social & Preventive Medicine / Community
Medicine",4
8034,West Bengal,Govt,"Murshidabad Medical College & Hospitals, Murshidabad",MD - Physiology,4
8035,West Bengal,Govt,"Murshidabad Medical College & Hospitals, Murshidabad",MS - Orthopaedics,2
8036,West Bengal,Govt,"Murshidabad Medical College & Hospitals, Murshidabad",MD - Radio Diagnosis/Radiology,4
8037,West Bengal,Govt,"Murshidabad Medical College & Hospitals, Murshidabad",MS - Opthalmology,2
8038,West Bengal,Govt,"Murshidabad Medical College & Hospitals, Murshidabad",MD - Bio-Chemistry,4
8039,West Bengal,Govt,"Nilratan Sircar Medical College, Kolkata","MD - Forensic Medicine/Forensic Medicine &
Toxicology",4
8040,West Bengal,Govt,"Nilratan Sircar Medical College, Kolkata",MS - Orthopaedics,5
8041,West Bengal,Govt,"Nilratan Sircar Medical College, Kolkata",MD - Pediatrics,11
8042,West Bengal,Govt,"Nilratan Sircar Medical College, Kolkata",MD - Anatomy,4
8043,West Bengal,Govt,"Nilratan Sircar Medical College, Kolkata",MD - Radiotherapy/ Radiation Oncology,6
8044,West Bengal,Govt,"Nilratan Sircar Medical College, Kolkata",MD - General Medicine,10
8045,West Bengal,Govt,"Nilratan Sircar Medical College, Kolkata",MD - Psychiatry,3
8046,West Bengal,Govt,"Nilratan Sircar Medical College, Kolkata","MD - Tuberculosis & Respiratory Diseases / Pulmonary
Medicine",6
8047,West Bengal,Govt,"Nilratan Sircar Medical College, Kolkata",MS - General Surgery,10
8048,West Bengal,Govt,"Nilratan Sircar Medical College, Kolkata",MS - Obstetrics & Gynaecology,12
8049,West Bengal,Govt,"Nilratan Sircar Medical College, Kolkata",MD -PMR,3
8050,West Bengal,Govt,"Nilratan Sircar Medical College, Kolkata",MD - Microbiology,3
8051,West Bengal,Govt,"Nilratan Sircar Medical College, Kolkata",MD - Pharmacology,3
8052,West Bengal,Govt,"Nilratan Sircar Medical College, Kolkata",MD - Bio-Chemistry,4
8053,West Bengal,Govt,"Nilratan Sircar Medical College, Kolkata",MS - Opthalmology,6
8054,West Bengal,Govt,"Nilratan Sircar Medical College, Kolkata",MD - Radiodiagnosis,9
8055,West Bengal,Govt,"Nilratan Sircar Medical College, Kolkata","MD - Dermatology , Venereology & Leprosy",3
8056,West Bengal,Govt,"Nilratan Sircar Medical College, Kolkata",MS - ENT,4
8057,West Bengal,Govt,"Nilratan Sircar Medical College, Kolkata",MD - Pathology,5
8058,West Bengal,Govt,"Nilratan Sircar Medical College, Kolkata",MD - Anesthesiology,20
8059,West Bengal,Govt,"Nilratan Sircar Medical College, Kolkata",MD - Community Medicine,5
8060,West Bengal,Govt,"North Bengal Medical College, Darjeeling",MD - Physiology,4
8061,West Bengal,Govt,"North Bengal Medical College, Darjeeling",MD - Pathology,7
8062,West Bengal,Govt,"North Bengal Medical College, Darjeeling",MD - Psychiatry,2
8063,West Bengal,Govt,"North Bengal Medical College, Darjeeling",MS - ENT,2
8064,West Bengal,Govt,"North Bengal Medical College, Darjeeling",MS - Opthalmology,2
8065,West Bengal,Govt,"North Bengal Medical College, Darjeeling",MD - Paediatrics,4
8066,West Bengal,Govt,"North Bengal Medical College, Darjeeling",MS - Obstetrics & Gynaecology,9
8067,West Bengal,Govt,"North Bengal Medical College, Darjeeling",MD - Anatomy,4
8068,West Bengal,Govt,"North Bengal Medical College, Darjeeling",MD - Anaesthesiology,11
8069,West Bengal,Govt,"North Bengal Medical College, Darjeeling",MS - General Surgery,6
8070,West Bengal,Govt,"North Bengal Medical College, Darjeeling",MD - General Medicine,18
8071,West Bengal,Govt,"North Bengal Medical College, Darjeeling",MD - Bio-Chemistry,4
8072,West Bengal,Govt,"North Bengal Medical College, Darjeeling","MD - Forensic Medicine/Forensic Medicine &
Toxicology",2
8073,West Bengal,Govt,"North Bengal Medical College, Darjeeling",MS - Orthopaedics,2
8074,West Bengal,Govt,"North Bengal Medical College, Darjeeling",MD - Microbiology,4
8075,West Bengal,Govt,"North Bengal Medical College, Darjeeling","MD - Social & Preventive Medicine / Community
Medicine",3
8076,West Bengal,Govt,"North Bengal Medical College, Darjeeling",MD - Radio Diagnosis/Radiology,6
8077,West Bengal,Govt,"RG Kar Medical College, Kolkata","MD - Forensic Medicine/Forensic Medicine &
Toxicology",4
8078,West Bengal,Govt,"RG Kar Medical College, Kolkata",MS - Orthopaedics,10
8079,West Bengal,Govt,"RG Kar Medical College, Kolkata",MS - Obstetrics & Gynaecology,25
8080,West Bengal,Govt,"RG Kar Medical College, Kolkata",MD - Anaesthesiology,20
8081,West Bengal,Govt,"RG Kar Medical College, Kolkata","MD - Dermatology , Venereology & Leprosy",3
8082,West Bengal,Govt,"RG Kar Medical College, Kolkata","MD - Social & Preventive Medicine / Community
Medicine",5
8083,West Bengal,Govt,"RG Kar Medical College, Kolkata",MD - Microbiology,6
8084,West Bengal,Govt,"RG Kar Medical College, Kolkata",Diploma in Anaesthesia,4
8085,West Bengal,Govt,"RG Kar Medical College, Kolkata",MD - Bio-Chemistry,4
8086,West Bengal,Govt,"RG Kar Medical College, Kolkata",MS - Opthalmology,6
8087,West Bengal,Govt,"RG Kar Medical College, Kolkata",MD - Physical Medicine & Rehabilitation,3
8088,West Bengal,Govt,"RG Kar Medical College, Kolkata",MD - General Medicine,14
8089,West Bengal,Govt,"RG Kar Medical College, Kolkata",MD - Pharmacology,4
8090,West Bengal,Govt,"RG Kar Medical College, Kolkata",MD - Anatomy,5
8091,West Bengal,Govt,"RG Kar Medical College, Kolkata",MD - Physiology,7
8092,West Bengal,Govt,"RG Kar Medical College, Kolkata",MD - Psychiatry,4
8093,West Bengal,Govt,"RG Kar Medical College, Kolkata",MS - General Surgery,14
8094,West Bengal,Govt,"RG Kar Medical College, Kolkata",MD - Pathology,8
8095,West Bengal,Govt,"RG Kar Medical College, Kolkata",MD - Radiotherapy/ Radiation Oncology,6
8096,West Bengal,Govt,"RG Kar Medical College, Kolkata",MD - Respiratory Medicine,5
8097,West Bengal,Govt,"RG Kar Medical College, Kolkata",MS - ENT,6
8098,West Bengal,Govt,"RG Kar Medical College, Kolkata",MD - Paediatrics,11
8099,West Bengal,Govt,"School of Tropical Medicine, Kolkata",Diploma in Clinical Pathology,4
8100,West Bengal,Govt,"School of Tropical Medicine, Kolkata",MD - Microbiology,5
8101,West Bengal,Govt,"School of Tropical Medicine, Kolkata","MD - Dermatology , Venereology & Leprosy",3
8102,West Bengal,Govt,"School of Tropical Medicine, Kolkata",MD - Pharmacology,2
8103,West Bengal,Govt,"School of Tropical Medicine, Kolkata",MD - Tropical Medicine,9
8104,West Bengal,Govt,"School of Tropical Medicine, Kolkata",MD- Pathology,4
8105,West Bengal,Trust,"Shri Ramkrishna Institute of Medical Sciences & Sanaka Hospitals, Durgapur",MS - Otorhinolaryngology(ENT),3
8106,West Bengal,Trust,"Shri Ramkrishna Institute of Medical Sciences & Sanaka Hospitals, Durgapur",MS - Obstetrics & Gynaecology,4
8107,West Bengal,Trust,"Shri Ramkrishna Institute of Medical Sciences & Sanaka Hospitals, Durgapur",MD - Radio Diagnosis,3
8108,West Bengal,Trust,"Shri Ramkrishna Institute of Medical Sciences & Sanaka Hospitals, Durgapur",MS - General Surgery,5
8109,West Bengal,Trust,"Shri Ramkrishna Institute of Medical Sciences & Sanaka Hospitals, Durgapur",MD - Psychiatry,3
8110,West Bengal,Trust,"Shri Ramkrishna Institute of Medical Sciences & Sanaka Hospitals, Durgapur",MD - Anaesthesiology,4
8111,West Bengal,Trust,"Shri Ramkrishna Institute of Medical Sciences & Sanaka Hospitals, Durgapur",MS - Orthopaedics,3
8112,West Bengal,Trust,"Shri Ramkrishna Institute of Medical Sciences & Sanaka Hospitals, Durgapur",MD - Paediatrics,3
8113,West Bengal,Trust,"Shri Ramkrishna Institute of Medical Sciences & Sanaka Hospitals, Durgapur",MD - General Medicine,5
8114,West Bengal,Trust,"Vivekananda Institute of Medical Sciences, Kolkata ( Also known as
Ramakrishna Mission Seva Pratishtahna )",MD - Pathology,2
8115,West Bengal,Trust,"Vivekananda Institute of Medical Sciences, Kolkata ( Also known as
Ramakrishna Mission Seva Pratishtahna )",Diploma in Ophthalmology,1
8116,West Bengal,Trust,"Vivekananda Institute of Medical Sciences, Kolkata ( Also known as
Ramakrishna Mission Seva Pratishtahna )",MS - Orthopaedics,3
8117,West Bengal,Trust,"Vivekananda Institute of Medical Sciences, Kolkata ( Also known as
Ramakrishna Mission Seva Pratishtahna )",MS - Obstetrics & Gynaecology,8
8118,West Bengal,Trust,"Vivekananda Institute of Medical Sciences, Kolkata ( Also known as
Ramakrishna Mission Seva Pratishtahna )",Diploma in Child Health,2
8119,West Bengal,Trust,"Vivekananda Institute of Medical Sciences, Kolkata ( Also known as
Ramakrishna Mission Seva Pratishtahna )",MS - Opthalmology,4
8120,West Bengal,Trust,"Vivekananda Institute of Medical Sciences, Kolkata ( Also known as
Ramakrishna Mission Seva Pratishtahna )",Diploma in Oto-Rhino-Laryngology,1
8121,West Bengal,Trust,"Vivekananda Institute of Medical Sciences, Kolkata ( Also known as
Ramakrishna Mission Seva Pratishtahna )",Diploma in Obstetrics & Gynaecology,3
8122,West Bengal,Trust,"Vivekananda Institute of Medical Sciences, Kolkata ( Also known as
Ramakrishna Mission Seva Pratishtahna )",MD - General Medicine,7
8123,West Bengal,Trust,"Vivekananda Institute of Medical Sciences, Kolkata ( Also known as
Ramakrishna Mission Seva Pratishtahna )",MS - General Surgery,6
8124,West Bengal,Trust,"Vivekananda Institute of Medical Sciences, Kolkata ( Also known as
Ramakrishna Mission Seva Pratishtahna )",MS - ENT,3
8125,West Bengal,Trust,"Vivekananda Institute of Medical Sciences, Kolkata ( Also known as
Ramakrishna Mission Seva Pratishtahna )",MD - Anaesthesiology,4
8126,West Bengal,Trust,"Vivekananda Institute of Medical Sciences, Kolkata ( Also known as
Ramakrishna Mission Seva Pratishtahna )",MD - Radio Diagnosis,2
8127,West Bengal,Trust,"Vivekananda Institute of Medical Sciences, Kolkata ( Also known as
Ramakrishna Mission Seva Pratishtahna )",MD - Paediatrics,5
8128,Madhya Pradesh,Trust,"Index Medical College Hospital & Research Centre,Indore",MD - Radio Diagnosis,12
8129,Maharashtra,Govt,"Government Medical College, Nagpur",MD - Radio Diagnosis,17
8130,Kerala,Trust,"Believers Church Medical College Hospital, Thiruvalla, Kerala",MD - General Medicine,2
8131,Andhra Pradesh,Trust,"Great Eastern Medical School and Hospital,Srikakulam",MD- Biochemistry,2
8132,Andhra Pradesh,Trust,"Great Eastern Medical School and Hospital,Srikakulam",MD - Anatomy,2
8133,Andhra Pradesh,Trust,"Great Eastern Medical School and Hospital,Srikakulam",MD-Microbiology,2
8134,Andhra Pradesh,Trust,"Great Eastern Medical School and Hospital,Srikakulam",MD - Physiology,2
8135,Uttar Pradesh,Government,"Government Medical College, Faizabad",MD - Anatomy,3
8136,Uttar Pradesh,Government,"Government Medical College, Faizabad",MD- Biochemistry,3
8137,Uttar Pradesh,Government,"Government Medical College, Faizabad",MD - Community Medicine,5
8138,Uttar Pradesh,Government,"Government Medical College, Faizabad",MD - General Medicine,3
8139,Uttar Pradesh,Government,"Government Medical College, Faizabad",MD - Pathology,3
8140,Uttar Pradesh,Government,"Government Medical College, Faizabad",MD - Pharmacology,2
8141,Uttar Pradesh,Government,"Government Medical College, Faizabad",MD - Physiology,4
