Round,AI Rank,State,Institute,Course,Quota,Category
0,1,Delhi,"AIIMS, Delhi",GENERAL MEDICINE,AIIMS-All India,UR
0,2,Delhi,"AIIMS, Delhi",GENERAL MEDICINE,AIIMS-All India,UR
0,3,Delhi,"AIIMS, Delhi",GENERAL MEDICINE,AIIMS-All India,UR
0,4,Delhi,"AIIMS, Delhi",RADIO DIAGNOSIS,AIIMS-All India,UR
0,5,Pondicherry,"JIPMER, Puducherry",RADIO DIAGNOSIS,JIPMER-All India,OBC
0,6,Delhi,"AIIMS, Delhi",GENERAL MEDICINE,AIIMS-All India,OBC
0,7,Delhi,"AIIMS, Delhi",GENERAL MEDICINE,AIIMS-All India,OBC
0,8,Chandigarh,"PGIMER, Chandigarh",GENERAL MEDICINE,PGIMER-All India,UR
0,9,Delhi,"AIIMS, Delhi",GENERAL MEDICINE,AIIMS-All India,OBC
0,10,Delhi,"AIIMS, Delhi",PAEDIATRICS,AIIMS-All India,UR
0,11,Chandigarh,"PGIMER, Chandigarh",GENERAL MEDICINE,PGIMER-All India,UR
0,12,Chandigarh,"PGIMER, Chandigarh",RADIO DIAGNOSIS,PGIMER-All India,UR
0,13,Chandigarh,"PGIMER, Chandigarh",GENERAL MEDICINE,PGIMER-All India,UR
0,14,Pondicherry,"JIPMER, Puducherry",GENERAL MEDICINE,JIPMER-All India,UR
0,15,Pondicherry,"JIPMER, Puducherry",GENERAL MEDICINE,JIPMER-All India,UR
0,16,Chandigarh,"PGIMER, Chandigarh",GENERAL MEDICINE,PGIMER-All India,UR
0,17,Chandigarh,"PGIMER, Chandigarh",GENERAL MEDICINE,PGIMER-All India,UR
0,19,Karnataka,"NIMHANS, Bangalore",NEUROLOGY 6 YRS,NIMHANS-All India,UR
0,20,Chandigarh,"PGIMER, Chandigarh",RADIO DIAGNOSIS,PGIMER-All India,UR
0,21,Pondicherry,"JIPMER, Puducherry",RADIO DIAGNOSIS,JIPMER-All India,UR
0,22,Delhi,"AIIMS, Delhi",GENERAL SURGERY,AIIMS-All India,UR
0,23,Chandigarh,"PGIMER, Chandigarh",GENERAL MEDICINE,PGIMER-All India,UR
0,24,Karnataka,"NIMHANS, Bangalore",NEUROLOGY 6 YRS,NIMHANS-All India,UR
0,25,Uttarakhand,"AIIMS, Rishikesh",RADIO DIAGNOSIS,AIIMS-All India,UR
0,26,Chandigarh,"PGIMER, Chandigarh",GENERAL MEDICINE,PGIMER-All India,UR
0,27,Delhi,"AIIMS, Delhi",RADIO DIAGNOSIS,AIIMS-All India,OBC
0,28,Chandigarh,"PGIMER, Chandigarh",GENERAL MEDICINE,PGIMER-All India,UR
0,29,Delhi,"AIIMS, Delhi",PAEDIATRICS,AIIMS-All India,UR
0,30,Delhi,"AIIMS, Delhi",INECTIOUS DISEASES 6 YRS,AIIMS-All India,UR
0,31,Delhi,"AIIMS, Delhi",PAEDIATRICS,AIIMS-All India,UR
0,32,Rajasthan,"AIIMS, Jodhpur",RADIO DIAGNOSIS,AIIMS-All India,UR
0,33,Chandigarh,"PGIMER, Chandigarh",RADIO DIAGNOSIS,PGIMER-All India,OBC
0,34,Delhi,"AIIMS, Delhi",GENERAL MEDICINE,AIIMS-All India,EWS
0,35,Pondicherry,"JIPMER, Puducherry",RADIO DIAGNOSIS,JIMPER-Inst. Pref,INST (JIPMER)
0,36,Maharashtra,"AIIMS, Nagpur",GENERAL MEDICINE,AIIMS-All India,UR
0,37,Chandigarh,"PGIMER, Chandigarh",PAEDIATRICS,PGIMER-All India,UR
0,38,Pondicherry,"JIPMER, Puducherry",DERMATOLOGY,JIPMER-All India,OBC
0,39,Pondicherry,"JIPMER, Puducherry",GENERAL MEDICINE,JIPMER-All India,OBC
0,40,Rajasthan,"AIIMS, Jodhpur",RADIO DIAGNOSIS,AIIMS-All India,UR
0,41,Chandigarh,"PGIMER, Chandigarh",GENERAL MEDICINE,PGIMER-All India,OBC
0,42,Odisha,"AIIMS, Bhubaneswar",RADIO DIAGNOSIS,AIIMS-All India,UR
0,43,Uttarakhand,"AIIMS, Rishikesh",GENERAL MEDICINE,AIIMS-All India,UR
0,44,Madhya Pradesh,"AIIMS, Bhopal",RADIO DIAGNOSIS,AIIMS-All India,UR
0,45,Bihar,"AIIMS, Patna",GENERAL MEDICINE,AIIMS-All India,UR
0,46,Delhi,"AIIMS, Delhi",GENERAL SURGERY,AIIMS-Inst. Pref,UR-AIIMS-IP
0,47,Pondicherry,"JIPMER, Puducherry",GENERAL MEDICINE,JIPMER-All India,UR
0,48,Rajasthan,"AIIMS, Jodhpur",RADIO DIAGNOSIS,AIIMS-All India,OBC
0,49,Delhi,"AIIMS, Delhi",GENERAL MEDICINE,AIIMS-All India,EWS
0,50,Rajasthan,"AIIMS, Jodhpur",GENERAL MEDICINE,AIIMS-All India,UR
0,51,Pondicherry,"JIPMER, Puducherry",GENERAL MEDICINE,JIPMER-All India,UR
0,52,Uttarakhand,"AIIMS, Rishikesh",GENERAL MEDICINE,AIIMS-All India,UR
0,53,Pondicherry,"JIPMER, Puducherry",GENERAL MEDICINE,JIPMER-All India,UR
0,54,Madhya Pradesh,"AIIMS, Bhopal",GENERAL MEDICINE,AIIMS-All India,UR
0,55,Pondicherry,"JIPMER, Puducherry",GENERAL MEDICINE,JIPMER-All India,EWS
0,56,Rajasthan,"AIIMS, Jodhpur",RADIO DIAGNOSIS,AIIMS-All India,OBC
0,57,Delhi,"AIIMS, Delhi",NUCLEAR MEDICINE,AIIMS-All India,OBC
0,58,Pondicherry,"JIPMER, Puducherry",PAEDIATRICS,JIPMER-All India,UR
0,59,Uttarakhand,"AIIMS, Rishikesh",RADIO DIAGNOSIS,AIIMS-All India,OBC
0,60,Pondicherry,"JIPMER, Puducherry",GENERAL MEDICINE,JIPMER-All India,OBC
0,61,Madhya Pradesh,"AIIMS, Bhopal",GENERAL MEDICINE,AIIMS-All India,UR
0,62,Chandigarh,"PGIMER, Chandigarh",GENERAL MEDICINE,PGIMER-All India,OBC
0,63,Gujarat,"AIIMS, Rajkot",GENERAL MEDICINE,AIIMS-All India,UR
0,64,Odisha,"AIIMS, Bhubaneswar",GENERAL MEDICINE,AIIMS-All India,UR
0,65,Delhi,"AIIMS, Delhi",NEUROSURGERY 6 YRS,AIIMS-All India,UR
0,66,Madhya Pradesh,"AIIMS, Bhopal",RADIO DIAGNOSIS,AIIMS-All India,UR
0,67,Chandigarh,"PGIMER, Chandigarh",NUCLEAR MEDICINE,PGIMER-All India,UR
0,68,Madhya Pradesh,"AIIMS, Bhopal",RADIO DIAGNOSIS,AIIMS-All India,UR
0,69,Karnataka,"NIMHANS, Bangalore",PSYCHIATRY,NIMHANS-All India,UR
0,70,Chhattisgarh,"AIIMS, Raipur",GENERAL MEDICINE,AIIMS-All India,UR
0,71,Madhya Pradesh,"AIIMS, Bhopal",RADIO DIAGNOSIS,AIIMS-All India,OBC
0,72,Delhi,"AIIMS, Delhi",OBG,AIIMS-All India,UR
0,73,Delhi,"AIIMS, Delhi",DERMATOLOGY,AIIMS-All India,OBC
0,74,Karnataka,"NIMHANS, Bangalore",NEUROLOGY 6 YRS,NIMHANS-All India,UR
0,75,Uttarakhand,"AIIMS, Rishikesh",RADIO DIAGNOSIS,AIIMS-All India,EWS
0,76,Karnataka,"NIMHANS, Bangalore",NEUROSURGERY 6 YRS,NIMHANS-All India,UR
0,77,Karnataka,"NIMHANS, Bangalore",NEUROSURGERY 6 YRS,NIMHANS-All India,UR
0,78,Chhattisgarh,"AIIMS, Raipur",GENERAL MEDICINE,AIIMS-All India,UR
0,79,Maharashtra,"AIIMS, Nagpur",GENERAL MEDICINE,AIIMS-All India,UR
0,80,Bihar,"AIIMS, Patna",RADIO DIAGNOSIS,AIIMS-All India,UR
0,81,Chandigarh,"PGIMER, Chandigarh",PAEDIATRICS,PGIMER-All India,UR
0,82,Delhi,"AIIMS, Delhi",GENERAL SURGERY,AIIMS-All India,UR
0,83,Chhattisgarh,"AIIMS, Raipur",RADIO DIAGNOSIS,AIIMS-All India,UR
0,84,Maharashtra,"AIIMS, Nagpur",RADIO DIAGNOSIS,AIIMS-All India,UR
0,86,Punjab,"AIIMS, Bathinda",GENERAL MEDICINE,AIIMS-All India,UR
0,87,Chandigarh,"PGIMER, Chandigarh",GENERAL SURGERY,PGIMER-All India,UR
0,88,Pondicherry,"JIPMER, Puducherry",GENERAL SURGERY,JIPMER-All India,OBC
0,89,Chandigarh,"PGIMER, Chandigarh",DERMATOLOGY,PGIMER-All India,UR
0,90,West Bengal,"AIIMS, Kalyani",RADIO DIAGNOSIS,AIIMS-All India,UR
0,91,Andhra Pradesh,"AIIMS, Mangalagiri",GENERAL MEDICINE,AIIMS-All India,UR
0,92,Chandigarh,"PGIMER, Chandigarh",PAEDIATRICS,PGIMER-All India,UR
0,93,Odisha,"AIIMS, Bhubaneswar",RADIO DIAGNOSIS,AIIMS-All India,OBC
0,94,Andhra Pradesh,"AIIMS, Mangalagiri",GENERAL MEDICINE,AIIMS-All India,UR
0,95,Chandigarh,"PGIMER, Chandigarh",ORTHOPAEDICS,PGIMER-All India,UR
0,96,Delhi,"AIIMS, Delhi",OPHTHALMOLOGY,AIIMS-All India,UR
0,97,Delhi,"AIIMS, Delhi",RADIO DIAGNOSIS,AIIMS-Inst. Pref,UR-AIIMS-IP
0,98,Chandigarh,"PGIMER, Chandigarh",GENERAL SURGERY,PGIMER-All India,UR
0,99,Chandigarh,"PGIMER, Chandigarh",DERMATOLOGY,PGIMER-All India,UR
0,100,Himachal Pradesh,"AIIMS, Bilaspur, Himachal",GENERAL MEDICINE,AIIMS-All India,UR
0,102,Bihar,"AIIMS, Patna",RADIO DIAGNOSIS,AIIMS-All India,OBC
0,103,Chandigarh,"PGIMER, Chandigarh",GENERAL MEDICINE,PGIMER-All India,OBC
0,104,Odisha,"AIIMS, Bhubaneswar",DERMATOLOGY,AIIMS-All India,UR
0,106,Chandigarh,"PGIMER, Chandigarh",GENERAL MEDICINE,PGIMER-All India,OBC
0,108,Pondicherry,"JIPMER, Puducherry",GENERAL SURGERY,JIPMER-All India,UR
0,109,Uttar Pradesh,"AIIMS, Rai Bareli",GENERAL MEDICINE,AIIMS-All India,UR
0,110,Karnataka,"NIMHANS, Bangalore",NEUROLOGY 6 YRS,NIMHANS-All India,UR
0,111,Chandigarh,"PGIMER, Chandigarh",PAEDIATRICS,PGIMER-All India,UR
0,112,Pondicherry,"JIPMER, Puducherry",DERMATOLOGY,JIPMER-All India,OBC
0,113,Madhya Pradesh,"AIIMS, Bhopal",GENERAL MEDICINE,AIIMS-All India,OBC
0,114,Delhi,"AIIMS, Delhi",OBG,AIIMS-All India,UR
0,115,Chhattisgarh,"AIIMS, Raipur",GENERAL MEDICINE,AIIMS-All India,OBC
0,116,Chandigarh,"PGIMER, Chandigarh",PAEDIATRICS,PGIMER-All India,UR
0,117,Himachal Pradesh,"AIIMS, Bilaspur, Himachal",GENERAL MEDICINE,AIIMS-All India,UR
0,118,Andhra Pradesh,"AIIMS, Mangalagiri",RADIO DIAGNOSIS,AIIMS-All India,UR
0,119,Delhi,"AIIMS, Delhi",OBG,AIIMS-All India,UR
0,120,Uttarakhand,"AIIMS, Rishikesh",GENERAL MEDICINE,AIIMS-All India,OBC
0,121,Himachal Pradesh,"AIIMS, Bilaspur, Himachal",RADIO DIAGNOSIS,AIIMS-All India,UR
0,122,Himachal Pradesh,"AIIMS, Bilaspur, Himachal",RADIO DIAGNOSIS,AIIMS-All India,UR
0,123,West Bengal,"AIIMS, Kalyani",RADIO DIAGNOSIS,AIIMS-All India,UR
0,124,Rajasthan,"AIIMS, Jodhpur",GENERAL MEDICINE,AIIMS-All India,OBC
0,125,Chhattisgarh,"AIIMS, Raipur",DERMATOLOGY,AIIMS-All India,UR
0,127,Delhi,"AIIMS, Delhi",OPHTHALMOLOGY,AIIMS-All India,UR
0,128,Uttarakhand,"AIIMS, Rishikesh",UROLOGY (6 YRS),AIIMS-All India,UR
0,130,Chandigarh,"PGIMER, Chandigarh",PAEDIATRICS,PGIMER-All India,UR
0,131,Uttar Pradesh,"AIIMS, Gorakhpur",GENERAL MEDICINE,AIIMS-All India,UR
0,132,Chandigarh,"PGIMER, Chandigarh",PAEDIATRICS,PGIMER-All India,UR
0,133,Chandigarh,"PGIMER, Chandigarh",PAEDIATRICS,PGIMER-All India,UR
0,134,Jammu and Kashmir,"AIIMS, Jammu",RADIO DIAGNOSIS,AIIMS-All India,UR
0,135,Pondicherry,"JIPMER, Puducherry",TBRD,JIPMER-All India,UR
0,136,Uttarakhand,"AIIMS, Rishikesh",GENERAL MEDICINE,AIIMS-All India,EWS
0,137,Odisha,"AIIMS, Bhubaneswar",GENERAL MEDICINE,AIIMS-All India,EWS
0,138,Assam,"AIIMS, Guwahati",GENERAL MEDICINE,AIIMS-All India,UR
0,139,Rajasthan,"AIIMS, Jodhpur",DERMATOLOGY,AIIMS-Inst. Pref,UR-AIIMS-IP
0,141,Karnataka,"NIMHANS, Bangalore",PSYCHIATRY,NIMHANS-All India,UR
0,142,Maharashtra,"AIIMS, Nagpur",RADIO DIAGNOSIS,AIIMS-All India,OBC
0,143,Delhi,"AIIMS, Delhi",INECTIOUS DISEASES 6 YRS,AIIMS-All India,UR
0,144,Delhi,"AIIMS, Delhi",GENERAL SURGERY,AIIMS-Inst. Pref,UR-AIIMS-IP
0,145,Andhra Pradesh,"AIIMS, Mangalagiri",DERMATOLOGY,AIIMS-All India,UR
0,146,Chandigarh,"PGIMER, Chandigarh",OPHTHALMOLOGY,PGIMER-All India,UR
0,148,Chandigarh,"PGIMER, Chandigarh",ORTHOPAEDICS,PGIMER-All India,UR
0,149,Chandigarh,"PGIMER, Chandigarh",ORTHOPAEDICS,PGIMER-All India,UR
0,150,Uttarakhand,"AIIMS, Rishikesh",NEUROSURGERY 6 YRS,AIIMS-All India,UR
0,151,Pondicherry,"JIPMER, Puducherry",RADIO DIAGNOSIS,JIMPER-Inst. Pref,INST (JIPMER)
0,152,Rajasthan,"AIIMS, Jodhpur",NEUROSURGERY 6 YRS,AIIMS-All India,UR
0,153,Rajasthan,"AIIMS, Jodhpur",GENERAL SURGERY,AIIMS-All India,UR
0,154,Pondicherry,"JIPMER, Puducherry",GENERAL SURGERY,JIPMER-All India,UR
0,155,Maharashtra,"AIIMS, Nagpur",NUCLEAR MEDICINE,AIIMS-All India,UR
0,157,Chhattisgarh,"AIIMS, Raipur",RADIO DIAGNOSIS,AIIMS-Inst. Pref,UR-AIIMS-IP
0,158,Delhi,"AIIMS, Delhi",ENT,AIIMS-All India,UR
0,159,Rajasthan,"AIIMS, Jodhpur",NEUROSURGERY 6 YRS,AIIMS-All India,UR
0,160,Bihar,"AIIMS, Patna",GENERAL MEDICINE,AIIMS-All India,OBC
0,161,Chandigarh,"PGIMER, Chandigarh",PAEDIATRICS,PGIMER-All India,UR
0,164,Pondicherry,"JIPMER, Puducherry",PAEDIATRICS,JIPMER-All India,OBC
0,165,Madhya Pradesh,"AIIMS, Bhopal",PAEDIATRICS,AIIMS-All India,UR
0,166,Uttarakhand,"AIIMS, Rishikesh",OBG,AIIMS-All India,UR
0,167,Jammu and Kashmir,"AIIMS, Jammu",GENERAL MEDICINE,AIIMS-All India,UR
0,168,Maharashtra,"AIIMS, Nagpur",GENERAL MEDICINE,AIIMS-Inst. Pref,UR-AIIMS-IP
0,169,Madhya Pradesh,"AIIMS, Bhopal",GENERAL MEDICINE,AIIMS-All India,OBC
0,170,Assam,"AIIMS, Guwahati",GENERAL MEDICINE,AIIMS-All India,UR
0,172,Odisha,"AIIMS, Bhubaneswar",GENERAL MEDICINE,AIIMS-All India,OBC
0,174,Odisha,"AIIMS, Bhubaneswar",OBG,AIIMS-All India,UR
0,176,Madhya Pradesh,"AIIMS, Bhopal",GENERAL MEDICINE,AIIMS-Inst. Pref,UR-AIIMS-IP
0,177,Pondicherry,"JIPMER, Puducherry",PAEDIATRICS,JIPMER-All India,OBC
0,178,Delhi,"AIIMS, Delhi",PSYCHIATRY,AIIMS-All India,UR
0,179,Andhra Pradesh,"AIIMS, Mangalagiri",RADIO DIAGNOSIS,AIIMS-All India,OBC
0,180,Delhi,"AIIMS, Delhi",GENERAL SURGERY,AIIMS-All India,OBC
0,181,Chandigarh,"PGIMER, Chandigarh",OBG,PGIMER-All India,UR
0,182,Punjab,"AIIMS, Bathinda",GENERAL MEDICINE,AIIMS-All India,OBC
0,183,Delhi,"AIIMS, Delhi",GENERAL MEDICINE,AIIMS-All India,SC
0,184,Karnataka,"NIMHANS, Bangalore",PSYCHIATRY,NIMHANS-All India,UR
0,186,Punjab,"AIIMS, Bathinda",RADIO DIAGNOSIS,AIIMS-All India,EWS
0,187,Uttarakhand,"AIIMS, Rishikesh",NEUROSURGERY 6 YRS,AIIMS-All India,UR
0,188,Chandigarh,"PGIMER, Chandigarh",GENERAL SURGERY,PGIMER-All India,UR
0,189,Delhi,"AIIMS, Delhi",PAEDIATRICS,AIIMS-All India,EWS
0,190,Rajasthan,"AIIMS, Jodhpur",PAEDIATRICS,AIIMS-All India,UR
0,191,Bihar,"AIIMS, Patna",DERMATOLOGY,AIIMS-All India,UR
0,192,Madhya Pradesh,"AIIMS, Bhopal",PAEDIATRICS,AIIMS-All India,UR
0,194,Jharkhand,"AIIMS, Deoghar",GENERAL MEDICINE,AIIMS-All India,UR
0,196,Jharkhand,"AIIMS, Deoghar",GENERAL MEDICINE,AIIMS-All India,OBC
0,198,Delhi,"AIIMS, Delhi",OBG,AIIMS-All India,OBC
0,199,Pondicherry,"JIPMER, Puducherry",RADIATION ONCOLOGY,JIPMER-All India,OBC
0,200,Chhattisgarh,"AIIMS, Raipur",PAEDIATRICS,AIIMS-All India,UR
0,201,Pondicherry,"JIPMER, Puducherry",OBG,JIPMER-All India,UR
0,202,Uttar Pradesh,"AIIMS, Gorakhpur",DERMATOLOGY,AIIMS-All India,UR
0,204,Chandigarh,"PGIMER, Chandigarh",OPHTHALMOLOGY,PGIMER-All India,UR
0,206,Delhi,"AIIMS, Delhi",RADIATION ONCOLOGY,AIIMS-All India,UR
0,207,Assam,"AIIMS, Guwahati",GENERAL MEDICINE,AIIMS-All India,UR
0,208,Chhattisgarh,"AIIMS, Raipur",GENERAL MEDICINE,AIIMS-All India,OBC
0,210,Chandigarh,"PGIMER, Chandigarh",GENERAL SURGERY,PGIMER-All India,UR
0,212,Pondicherry,"JIPMER, Puducherry",GENERAL SURGERY,JIPMER-All India,UR
0,214,Delhi,"AIIMS, Delhi",DERMATOLOGY,AIIMS-All India,OBC
0,216,Maharashtra,"AIIMS, Nagpur",PAEDIATRICS,AIIMS-All India,UR
0,217,Rajasthan,"AIIMS, Jodhpur",ORTHOPAEDICS,AIIMS-All India,UR
0,218,Rajasthan,"AIIMS, Jodhpur",OPHTHALMOLOGY,AIIMS-All India,UR
0,219,Delhi,"AIIMS, Delhi",PAEDIATRICS,AIIMS-All India,OBC
0,220,Chhattisgarh,"AIIMS, Raipur",GENERAL MEDICINE,AIIMS-All India,OBC
0,221,Pondicherry,"JIPMER, Puducherry",OPHTHALMOLOGY,JIPMER-All India,UR
0,224,Chhattisgarh,"AIIMS, Raipur",GENERAL MEDICINE,AIIMS-All India,EWS
0,225,Delhi,"AIIMS, Delhi",PAEDIATRICS,AIIMS-All India,OBC
0,226,Odisha,"AIIMS, Bhubaneswar",ORTHOPAEDICS,AIIMS-All India,UR
0,227,Chandigarh,"PGIMER, Chandigarh",PAEDIATRICS,PGIMER-All India,OBC
0,228,Jammu and Kashmir,"AIIMS, Jammu",DERMATOLOGY,AIIMS-All India,UR
0,229,Andhra Pradesh,"AIIMS, Mangalagiri",NUCLEAR MEDICINE,AIIMS-All India,UR
0,230,Maharashtra,"AIIMS, Nagpur",GENERAL MEDICINE,AIIMS-All India,EWS
0,232,Pondicherry,"JIPMER, Puducherry",DERMATOLOGY,JIPMER-All India,OBC
0,234,Chandigarh,"PGIMER, Chandigarh",GENERAL SURGERY,PGIMER-All India,UR
0,235,Uttarakhand,"AIIMS, Rishikesh",ORTHOPAEDICS,AIIMS-All India,UR
0,236,Bihar,"AIIMS, Patna",GENERAL MEDICINE,AIIMS-All India,EWS
0,237,Punjab,"AIIMS, Bathinda",PAEDIATRICS,AIIMS-All India,UR
0,238,Uttar Pradesh,"AIIMS, Gorakhpur",GENERAL MEDICINE,AIIMS-All India,EWS
0,240,Gujarat,"AIIMS, Rajkot",RADIO DIAGNOSIS,AIIMS-All India,EWS
0,241,Pondicherry,"JIPMER, Puducherry",OBG,JIPMER-All India,UR
0,242,Pondicherry,"JIPMER, Puducherry",GENERAL SURGERY,JIPMER-All India,UR
0,243,Delhi,"AIIMS, Delhi",PSYCHIATRY,AIIMS-All India,UR
0,245,Himachal Pradesh,"AIIMS, Bilaspur, Himachal",RADIO DIAGNOSIS,AIIMS-All India,EWS
0,246,Pondicherry,"JIPMER, Puducherry",PAEDIATRICS,JIPMER-All India,OBC
0,247,Chhattisgarh,"AIIMS, Raipur",OBG,AIIMS-All India,UR
0,248,Delhi,"AIIMS, Delhi",DERMATOLOGY,AIIMS-Inst. Pref,UR-AIIMS-IP
0,249,Pondicherry,"JIPMER, Puducherry",RADIATION ONCOLOGY,JIPMER-All India,OBC
0,250,Pondicherry,"JIPMER, Puducherry",OBG,JIPMER-All India,OBC
0,251,Delhi,"AIIMS, Delhi",GENERAL SURGERY,AIIMS-All India,OBC
0,252,Chandigarh,"PGIMER, Chandigarh",GENERAL SURGERY,PGIMER-All India,UR
0,253,Chandigarh,"PGIMER, Chandigarh",GENERAL SURGERY,PGIMER-All India,UR
0,254,Maharashtra,"AIIMS, Nagpur",ORTHOPAEDICS,AIIMS-All India,UR
0,256,Punjab,"AIIMS, Bathinda",PAEDIATRICS,AIIMS-All India,UR
0,257,Maharashtra,"AIIMS, Nagpur",GENERAL MEDICINE,AIIMS-All India,OBC
0,258,Delhi,"AIIMS, Delhi",DERMATOLOGY,AIIMS-All India,EWS
0,259,Madhya Pradesh,"AIIMS, Bhopal",PAEDIATRICS,AIIMS-All India,OBC
0,261,Karnataka,"NIMHANS, Bangalore",PSYCHIATRY,NIMHANS-All India,UR
0,263,Uttarakhand,"AIIMS, Rishikesh",GENERAL SURGERY,AIIMS-All India,UR
0,264,Chandigarh,"PGIMER, Chandigarh",PAEDIATRICS,PGIMER-All India,OBC
0,266,Himachal Pradesh,"AIIMS, Bilaspur, Himachal",PAEDIATRICS,AIIMS-All India,UR
0,267,Chandigarh,"PGIMER, Chandigarh",RADIATION ONCOLOGY,PGIMER-All India,UR
0,268,Andhra Pradesh,"AIIMS, Mangalagiri",PAEDIATRICS,AIIMS-All India,OBC
0,269,Punjab,"AIIMS, Bathinda",PAEDIATRICS,AIIMS-All India,UR
0,270,Himachal Pradesh,"AIIMS, Bilaspur, Himachal",RADIO DIAGNOSIS,AIIMS-All India,OBC
0,272,Chhattisgarh,"AIIMS, Raipur",ORTHOPAEDICS,AIIMS-All India,UR
0,273,Uttar Pradesh,"AIIMS, Rai Bareli",PAEDIATRICS,AIIMS-All India,UR
0,274,Uttarakhand,"AIIMS, Rishikesh",PAEDIATRICS,AIIMS-All India,EWS
0,275,Chhattisgarh,"AIIMS, Raipur",RADIATION ONCOLOGY,AIIMS-All India,UR
0,276,Chhattisgarh,"AIIMS, Raipur",GENERAL SURGERY,AIIMS-All India,UR
0,277,Rajasthan,"AIIMS, Jodhpur",INECTIOUS DISEASES 6 YRS,AIIMS-All India,UR
0,278,Pondicherry,"JIPMER, Puducherry",ORTHOPAEDICS,JIPMER-All India,UR
0,279,Maharashtra,"AIIMS, Nagpur",DERMATOLOGY,AIIMS-All India,EWS
0,280,Uttar Pradesh,"AIIMS, Rai Bareli",PAEDIATRICS,AIIMS-All India,UR
0,281,Maharashtra,"AIIMS, Nagpur",GENERAL MEDICINE,AIIMS-All India,OBC
0,282,Uttarakhand,"AIIMS, Rishikesh",GENERAL SURGERY,AIIMS-All India,UR
0,283,Delhi,"AIIMS, Delhi",PSYCHIATRY,AIIMS-All India,UR
0,284,Pondicherry,"JIPMER, Puducherry",TBRD,JIPMER-All India,OBC
0,285,Uttarakhand,"AIIMS, Rishikesh",GENERAL SURGERY,AIIMS-All India,UR
0,286,Chandigarh,"PGIMER, Chandigarh",OBG,PGIMER-All India,UR
0,287,Delhi,"AIIMS, Delhi",OBG,AIIMS-All India,OBC
0,288,Delhi,"AIIMS, Delhi",OBG,AIIMS-All India,OBC
0,290,Delhi,"AIIMS, Delhi",ANAESTHESIOLOGY,AIIMS-All India,UR
0,292,Chandigarh,"PGIMER, Chandigarh",NUCLEAR MEDICINE,PGIMER-All India,OBC
0,293,Pondicherry,"JIPMER, Puducherry",PAEDIATRICS,JIPMER-All India,EWS
0,294,Odisha,"AIIMS, Bhubaneswar",PAEDIATRICS,AIIMS-All India,OBC
0,295,Assam,"AIIMS, Guwahati",PAEDIATRICS,AIIMS-All India,UR
0,296,Punjab,"AIIMS, Bathinda",ORTHOPAEDICS,AIIMS-All India,UR
0,297,Chandigarh,"PGIMER, Chandigarh",ANAESTHESIOLOGY,PGIMER-All India,UR
0,298,Uttar Pradesh,"AIIMS, Rai Bareli",GENERAL MEDICINE,AIIMS-All India,OBC
0,299,Bihar,"AIIMS, Patna",ORTHOPAEDICS,AIIMS-All India,UR
0,300,Jharkhand,"AIIMS, Deoghar",PAEDIATRICS,AIIMS-All India,UR
0,301,Assam,"AIIMS, Guwahati",GENERAL MEDICINE,AIIMS-All India,OBC
0,302,Chandigarh,"PGIMER, Chandigarh",PAEDIATRICS,PGIMER-All India,OBC
0,303,Punjab,"AIIMS, Bathinda",OPHTHALMOLOGY,AIIMS-All India,UR
0,304,Delhi,"AIIMS, Delhi",ANAESTHESIOLOGY,AIIMS-All India,UR
0,305,Uttarakhand,"AIIMS, Rishikesh",NUCLEAR MEDICINE,AIIMS-All India,OBC
0,306,Bihar,"AIIMS, Patna",GENERAL SURGERY,AIIMS-All India,UR
0,307,Delhi,"AIIMS, Delhi",GENERAL SURGERY,AIIMS-All India,OBC
0,308,Pondicherry,"JIPMER, Puducherry",TBRD,JIPMER-All India,OBC
0,309,Jharkhand,"AIIMS, Deoghar",PAEDIATRICS,AIIMS-All India,UR
0,310,Karnataka,"NIMHANS, Bangalore",PSYCHIATRY,NIMHANS-All India,UR
0,311,Pondicherry,"JIPMER, Puducherry",RADIO DIAGNOSIS,JIPMER-All India,SC
0,313,Chandigarh,"PGIMER, Chandigarh",PAEDIATRICS,PGIMER-All India,OBC
0,314,Chandigarh,"PGIMER, Chandigarh",OBG,PGIMER-All India,UR
0,316,Chandigarh,"PGIMER, Chandigarh",ANAESTHESIOLOGY,PGIMER-All India,UR
0,318,Andhra Pradesh,"AIIMS, Mangalagiri",DERMATOLOGY,AIIMS-All India,OBC
0,319,Rajasthan,"AIIMS, Jodhpur",DERMATOLOGY,AIIMS-All India,OBC
0,320,Karnataka,"NIMHANS, Bangalore",PSYCHIATRY,NIMHANS-All India,UR
0,321,Chhattisgarh,"AIIMS, Raipur",ORTHOPAEDICS,AIIMS-All India,UR
0,322,Maharashtra,"AIIMS, Nagpur",PLASTIC SURGERY 6 YRS,AIIMS-All India,UR
0,323,Andhra Pradesh,"AIIMS, Mangalagiri",ORTHOPAEDICS,AIIMS-All India,UR
0,325,Odisha,"AIIMS, Bhubaneswar",DERMATOLOGY,AIIMS-All India,OBC
0,328,Chandigarh,"PGIMER, Chandigarh",OBG,PGIMER-All India,UR
0,330,Chandigarh,"PGIMER, Chandigarh",ANAESTHESIOLOGY,PGIMER-All India,UR
0,331,Uttarakhand,"AIIMS, Rishikesh",EMERGENCY MEDICINE,AIIMS-All India,UR
0,333,Chandigarh,"PGIMER, Chandigarh",PAEDIATRICS,PGIMER-All India,OBC
0,334,Karnataka,"NIMHANS, Bangalore",PSYCHIATRY,NIMHANS-All India,UR
0,336,Uttarakhand,"AIIMS, Rishikesh",PAEDIATRICS,AIIMS-All India,OBC
0,337,Andhra Pradesh,"AIIMS, Mangalagiri",GENERAL SURGERY,AIIMS-All India,UR
0,338,Rajasthan,"AIIMS, Jodhpur",OBG,AIIMS-All India,UR
0,339,Rajasthan,"AIIMS, Jodhpur",PAEDIATRICS,AIIMS-All India,EWS
0,340,Delhi,"AIIMS, Delhi",GERIATRICS,AIIMS-All India,UR
0,341,Odisha,"AIIMS, Bhubaneswar",RADIATION ONCOLOGY,AIIMS-All India,UR
0,342,Jammu and Kashmir,"AIIMS, Jammu",GENERAL MEDICINE,AIIMS-All India,OBC
0,343,Karnataka,"NIMHANS, Bangalore",PSYCHIATRY,NIMHANS-All India,UR
0,344,Delhi,"AIIMS, Delhi",OBG,AIIMS-All India,EWS
0,346,Uttarakhand,"AIIMS, Rishikesh",OBG,AIIMS-All India,EWS
0,347,Madhya Pradesh,"AIIMS, Bhopal",EMERGENCY MEDICINE,AIIMS-All India,UR
0,348,Madhya Pradesh,"AIIMS, Bhopal",NUCLEAR MEDICINE,AIIMS-All India,OBC
0,349,Madhya Pradesh,"AIIMS, Bhopal",DERMATOLOGY,AIIMS-All India,OBC
0,350,Pondicherry,"JIPMER, Puducherry",OBG,JIPMER-All India,OBC
0,351,Maharashtra,"AIIMS, Nagpur",NEUROSURGERY 6 YRS,AIIMS-All India,UR
0,353,Rajasthan,"AIIMS, Jodhpur",GENERAL SURGERY,AIIMS-All India,OBC
0,354,Bihar,"AIIMS, Patna",GENERAL SURGERY,AIIMS-All India,UR
0,355,Maharashtra,"AIIMS, Nagpur",NEUROSURGERY 6 YRS,AIIMS-All India,UR
0,360,Madhya Pradesh,"AIIMS, Bhopal",DERMATOLOGY,AIIMS-Inst. Pref,UR-AIIMS-IP
0,361,Uttar Pradesh,"AIIMS, Gorakhpur",GENERAL SURGERY,AIIMS-All India,UR
0,362,Kerala,"Sree Chirtra Thirunal, Triv.",IHBT,SCTIMST-All India,UR
0,363,Chandigarh,"PGIMER, Chandigarh",PSYCHIATRY,PGIMER-All India,UR
0,364,Jharkhand,"AIIMS, Deoghar",GENERAL MEDICINE,AIIMS-All India,EWS
0,367,Pondicherry,"JIPMER, Puducherry",RADIATION ONCOLOGY,JIPMER-All India,UR
0,370,Delhi,"AIIMS, Delhi",OBG,AIIMS-All India,OBC
0,372,Punjab,"AIIMS, Bathinda",NEUROSURGERY 6 YRS,AIIMS-All India,UR
0,373,Bihar,"AIIMS, Patna",OBG,AIIMS-All India,UR
0,374,Delhi,"AIIMS, Delhi",ORTHOPAEDICS,AIIMS-All India,OBC
0,375,Karnataka,"NIMHANS, Bangalore",PSYCHIATRY,NIMHANS-All India,UR
0,376,Chandigarh,"PGIMER, Chandigarh",ORTHOPAEDICS,PGIMER-All India,OBC
0,377,Pondicherry,"JIPMER, Puducherry",ENT,JIPMER-All India,UR
0,378,Delhi,"AIIMS, Delhi",GENERAL SURGERY,AIIMS-All India,EWS
0,379,Uttar Pradesh,"AIIMS, Rai Bareli",GENERAL SURGERY,AIIMS-All India,UR
0,380,Pondicherry,"JIPMER, Puducherry",RADIO DIAGNOSIS,JIMPER-Inst. Pref,INST (JIPMER)
0,381,Chandigarh,"PGIMER, Chandigarh",ANAESTHESIOLOGY,PGIMER-All India,UR
0,383,Delhi,"AIIMS, Delhi",GERIATRICS,AIIMS-All India,UR
0,384,Madhya Pradesh,"AIIMS, Bhopal",PAEDIATRICS,AIIMS-All India,EWS
0,386,Chandigarh,"PGIMER, Chandigarh",GENERAL SURGERY,PGIMER-All India,OBC
0,387,Pondicherry,"JIPMER, Puducherry",OPHTHALMOLOGY,JIPMER-All India,UR
0,389,Rajasthan,"AIIMS, Jodhpur",PAEDIATRICS,AIIMS-All India,OBC
0,390,Pondicherry,"JIPMER, Puducherry",EMERGENCY MEDICINE,JIPMER-All India,OBC
0,391,Uttarakhand,"AIIMS, Rishikesh",TBRD,AIIMS-All India,EWS
0,392,Maharashtra,"AIIMS, Nagpur",DERMATOLOGY,AIIMS-All India,OBC
0,393,Punjab,"AIIMS, Bathinda",RADIO DIAGNOSIS,AIIMS-All India,OBC
0,395,Uttarakhand,"AIIMS, Rishikesh",ENT,AIIMS-All India,UR
0,399,Madhya Pradesh,"AIIMS, Bhopal",OPHTHALMOLOGY,AIIMS-All India,UR
0,401,Assam,"AIIMS, Guwahati",RADIO DIAGNOSIS,AIIMS-All India,OBC
0,402,Himachal Pradesh,"AIIMS, Bilaspur, Himachal",GENERAL SURGERY,AIIMS-All India,UR
0,405,Uttar Pradesh,"AIIMS, Rai Bareli",NEUROSURGERY 6 YRS,AIIMS-All India,UR
0,407,Chhattisgarh,"AIIMS, Raipur",PAEDIATRICS,AIIMS-All India,OBC
0,408,Madhya Pradesh,"AIIMS, Bhopal",OBG,AIIMS-All India,EWS
0,409,Bihar,"AIIMS, Patna",PAEDIATRICS,AIIMS-All India,OBC
0,411,Uttarakhand,"AIIMS, Rishikesh",PAEDIATRIC SURGERY 6 YRS,AIIMS-All India,UR
0,412,Odisha,"AIIMS, Bhubaneswar",ORTHOPAEDICS,AIIMS-Inst. Pref,UR-AIIMS-IP
0,413,Karnataka,"NIMHANS, Bangalore",PSYCHIATRY,NIMHANS-All India,UR
0,414,Chandigarh,"PGIMER, Chandigarh",ENT,PGIMER-All India,UR
0,415,Pondicherry,"JIPMER, Puducherry",OBG,JIPMER-All India,OBC
0,416,Chandigarh,"PGIMER, Chandigarh",ENT,PGIMER-All India,UR
0,417,Delhi,"AIIMS, Delhi",NUCLEAR MEDICINE,AIIMS-Inst. Pref,UR-AIIMS-IP
0,419,Bihar,"AIIMS, Patna",SURGGASTRO (6 YRS),AIIMS-Inst. Pref,UR-AIIMS-IP
0,421,Delhi,"AIIMS, Delhi",GERIATRICS,AIIMS-All India,UR
0,423,Pondicherry,"JIPMER, Puducherry",GERIATRICS,JIPMER-All India,UR
0,424,Karnataka,"NIMHANS, Bangalore",PSYCHIATRY,NIMHANS-All India,UR
0,425,Maharashtra,"AIIMS, Nagpur",OBG,AIIMS-All India,UR
0,427,Punjab,"AIIMS, Bathinda",PLASTIC SURGERY 6 YRS,AIIMS-All India,UR
0,428,Karnataka,"NIMHANS, Bangalore",PSYCHIATRY,NIMHANS-All India,UR
0,429,Pondicherry,"JIPMER, Puducherry",GENERAL SURGERY,JIPMER-All India,OBC
0,430,Bihar,"AIIMS, Patna",RADIATION ONCOLOGY,AIIMS-All India,UR
0,431,Delhi,"AIIMS, Delhi",NUCLEAR MEDICINE,AIIMS-Inst. Pref,UR-AIIMS-IP
0,432,Uttar Pradesh,"AIIMS, Rai Bareli",OBG,AIIMS-All India,UR
0,433,Uttar Pradesh,"AIIMS, Gorakhpur",RADIO DIAGNOSIS,AIIMS-All India,OBC
0,434,Chandigarh,"PGIMER, Chandigarh",PSYCHIATRY,PGIMER-All India,UR
0,435,Delhi,"AIIMS, Delhi",GENERAL MEDICINE,AIIMS-All India,SC
0,436,Pondicherry,"JIPMER, Puducherry",GENERAL MEDICINE,JIMPER-Inst. Pref,INST (JIPMER)
0,437,Chandigarh,"PGIMER, Chandigarh",PSYCHIATRY,PGIMER-All India,UR
0,447,Bihar,"AIIMS, Patna",OBG,AIIMS-All India,OBC
0,449,Pondicherry,"JIPMER, Puducherry",PAEDIATRICS,JIPMER-All India,EWS
0,450,Andhra Pradesh,"AIIMS, Mangalagiri",OBG,AIIMS-All India,UR
0,451,Maharashtra,"AIIMS, Nagpur",PAEDIATRICS,AIIMS-All India,OBC
0,452,Maharashtra,"AIIMS, Nagpur",ORTHOPAEDICS,AIIMS-All India,UR
0,453,Delhi,"AIIMS, Delhi",DERMATOLOGY,AIIMS-All India,SC
0,454,Punjab,"AIIMS, Bathinda",OBG,AIIMS-All India,UR
0,455,Maharashtra,"AIIMS, Nagpur",PAEDIATRICS,AIIMS-All India,OBC
0,456,Himachal Pradesh,"AIIMS, Bilaspur, Himachal",DERMATOLOGY,AIIMS-All India,EWS
0,457,Odisha,"AIIMS, Bhubaneswar",ENT,AIIMS-All India,UR
0,459,Delhi,"AIIMS, Delhi",OPHTHALMOLOGY,AIIMS-All India,OBC
0,460,Karnataka,"NIMHANS, Bangalore",PSYCHIATRY,NIMHANS-NE Domicile,UR-North East Domicile
0,463,Bihar,"AIIMS, Patna",PAEDIATRICS,AIIMS-All India,EWS
0,464,Delhi,"AIIMS, Delhi",RADIATION ONCOLOGY,AIIMS-All India,OBC
0,465,Uttarakhand,"AIIMS, Rishikesh",GENERAL MEDICINE,AIIMS-Inst. Pref,UR-AIIMS-IP
0,466,Chandigarh,"PGIMER, Chandigarh",GENERAL SURGERY,PGIMER-All India,OBC
0,467,Chandigarh,"PGIMER, Chandigarh",ANAESTHESIOLOGY,PGIMER-All India,UR
0,470,Uttar Pradesh,"AIIMS, Gorakhpur",OBG,AIIMS-All India,UR
0,474,Telangana,"AIIMS, Bibinagar",OBG,AIIMS-All India,UR
0,475,Chandigarh,"PGIMER, Chandigarh",GENERAL SURGERY,PGIMER-All India,OBC
0,477,Himachal Pradesh,"AIIMS, Bilaspur, Himachal",GENERAL MEDICINE,AIIMS-Inst. Pref,UR-AIIMS-IP
0,479,Gujarat,"AIIMS, Rajkot",ORTHOPAEDICS,AIIMS-All India,UR
0,480,Pondicherry,"JIPMER, Puducherry",NUCLEAR MEDICINE,JIMPER-Inst. Pref,INST (JIPMER)
0,481,West Bengal,"AIIMS, Kalyani",EMERGENCY MEDICINE,AIIMS-All India,UR
0,483,Pondicherry,"JIPMER, Puducherry",TBRD,JIPMER-All India,EWS
0,487,Rajasthan,"AIIMS, Jodhpur",RADIOTHERAPY & ONCOLOGY 6 YRS,AIIMS-Inst. Pref,UR-AIIMS-IP
0,488,Punjab,"AIIMS, Bathinda",PAEDIATRICS,AIIMS-All India,OBC
0,489,Delhi,"AIIMS, Delhi",RADIATION ONCOLOGY,AIIMS-All India,OBC
0,490,Rajasthan,"AIIMS, Jodhpur",PSYCHIATRY,AIIMS-All India,UR
0,491,Uttarakhand,"AIIMS, Rishikesh",GENERAL SURGERY,AIIMS-All India,OBC
0,494,Pondicherry,"JIPMER, Puducherry",EMERGENCY MEDICINE,JIPMER-All India,OBC
0,497,Madhya Pradesh,"AIIMS, Bhopal",ORTHOPAEDICS,AIIMS-Inst. Pref,UR-AIIMS-IP
0,498,Himachal Pradesh,"AIIMS, Bilaspur, Himachal",GENERAL SURGERY,AIIMS-All India,UR
0,499,Assam,"AIIMS, Guwahati",OBG,AIIMS-All India,UR
0,501,Uttar Pradesh,"AIIMS, Gorakhpur",ENT,AIIMS-All India,UR
0,502,Gujarat,"AIIMS, Rajkot",PAEDIATRICS,AIIMS-All India,OBC
0,505,Delhi,"AIIMS, Delhi",PSYCHIATRY,AIIMS-All India,EWS
0,506,Jharkhand,"AIIMS, Deoghar",OBG,AIIMS-All India,UR
0,508,Chandigarh,"PGIMER, Chandigarh",GENERAL SURGERY,PGIMER-All India,OBC
0,509,Gujarat,"AIIMS, Rajkot",OPHTHALMOLOGY,AIIMS-All India,UR
0,510,Rajasthan,"AIIMS, Jodhpur",ORTHOPAEDICS,AIIMS-All India,EWS
0,511,Madhya Pradesh,"AIIMS, Bhopal",PAEDIATRICS,AIIMS-Inst. Pref,UR-AIIMS-IP
0,512,Delhi,"AIIMS, Delhi",PATHOLOGY,AIIMS-All India,UR
0,515,Punjab,"AIIMS, Bathinda",PAEDIATRICS,AIIMS-All India,OBC
0,516,Delhi,"AIIMS, Delhi",ENT,AIIMS-All India,OBC
0,517,Chhattisgarh,"AIIMS, Raipur",PAEDIATRICS,AIIMS-All India,EWS
0,518,Uttar Pradesh,"AIIMS, Gorakhpur",PAEDIATRICS,AIIMS-All India,EWS
0,519,Uttarakhand,"AIIMS, Rishikesh",PAEDIATRICS,AIIMS-Inst. Pref,UR-AIIMS-IP
0,522,Odisha,"AIIMS, Bhubaneswar",ANAESTHESIOLOGY,AIIMS-All India,UR
0,523,Pondicherry,"JIPMER, Puducherry",CARDIO THORACIC AND VASCULAR SURGERY 6 YRS,JIPMER-All India,UR
0,524,Andhra Pradesh,"AIIMS, Mangalagiri",ORTHOPAEDICS,AIIMS-All India,UR
0,526,Andhra Pradesh,"AIIMS, Mangalagiri",RADIO DIAGNOSIS,AIIMS-Inst. Pref,UR-AIIMS-IP
0,527,Delhi,"AIIMS, Delhi",ANAESTHESIOLOGY,AIIMS-All India,OBC
0,532,Rajasthan,"AIIMS, Jodhpur",PAEDIATRIC SURGERY 6 YRS,AIIMS-All India,UR
0,536,Assam,"AIIMS, Guwahati",DERMATOLOGY,AIIMS-All India,OBC
0,537,Jammu and Kashmir,"AIIMS, Jammu",GENERAL SURGERY,AIIMS-All India,UR
0,538,Pondicherry,"JIPMER, Puducherry",ANAESTHESIOLOGY,JIPMER-All India,UR
0,539,Pondicherry,"JIPMER, Puducherry",GENERAL SURGERY,JIPMER-All India,EWS
0,541,Telangana,"AIIMS, Bibinagar",RADIATION ONCOLOGY,AIIMS-All India,UR
0,544,Rajasthan,"AIIMS, Jodhpur",PAEDIATRICS,AIIMS-Inst. Pref,UR-AIIMS-IP
0,545,Chhattisgarh,"AIIMS, Raipur",PAEDIATRICS,AIIMS-Inst. Pref,UR-AIIMS-IP
0,547,Chhattisgarh,"AIIMS, Raipur",OBG,AIIMS-All India,OBC
0,550,Madhya Pradesh,"AIIMS, Bhopal",CARDIO THORACIC AND VASCULAR SURGERY 6 YRS,AIIMS-All India,UR
0,555,Himachal Pradesh,"AIIMS, Bilaspur, Himachal",PAEDIATRICS,AIIMS-All India,OBC
0,557,Himachal Pradesh,"AIIMS, Bilaspur, Himachal",PAEDIATRICS,AIIMS-All India,EWS
0,558,Uttar Pradesh,"AIIMS, Gorakhpur",PAEDIATRICS,AIIMS-All India,OBC
0,560,Delhi,"AIIMS, Delhi",OBG,AIIMS-Inst. Pref,UR-AIIMS-IP
0,562,Madhya Pradesh,"AIIMS, Bhopal",PAEDIATRIC SURGERY 6 YRS,AIIMS-All India,UR
0,566,Jammu and Kashmir,"AIIMS, Jammu",GENERAL SURGERY,AIIMS-All India,UR
0,567,Maharashtra,"AIIMS, Nagpur",ENT,AIIMS-All India,UR
0,568,Assam,"AIIMS, Guwahati",OBG,AIIMS-All India,UR
0,569,Maharashtra,"AIIMS, Nagpur",PATHOLOGY,AIIMS-All India,OBC
0,570,Jharkhand,"AIIMS, Deoghar",PAEDIATRICS,AIIMS-All India,OBC
0,573,Jharkhand,"AIIMS, Deoghar",GENERAL SURGERY,AIIMS-All India,UR
0,574,Pondicherry,"JIPMER, Puducherry",ANAESTHESIOLOGY,JIPMER-All India,OBC
0,575,Karnataka,"NIMHANS, Bangalore",PSYCHIATRY,NIMHANS-All India,OBC
0,577,Pondicherry,"JIPMER, Puducherry",EMERGENCY MEDICINE,JIPMER-All India,OBC
0,578,Madhya Pradesh,"AIIMS, Bhopal",GENERAL SURGERY,AIIMS-All India,OBC
0,580,Chandigarh,"PGIMER, Chandigarh",GENERAL MEDICINE,PGIMER-All India,SC
0,582,Pondicherry,"JIPMER, Puducherry",RADIO DIAGNOSIS,JIPMER-All India,SC
0,583,Karnataka,"NIMHANS, Bangalore",PSYCHIATRY,NIMHANS-All India,EWS
0,584,Andhra Pradesh,"AIIMS, Mangalagiri",OBG,AIIMS-All India,OBC
0,588,Chandigarh,"PGIMER, Chandigarh",ANAESTHESIOLOGY,PGIMER-All India,UR
0,589,Jharkhand,"AIIMS, Deoghar",PSYCHIATRY,AIIMS-All India,UR
0,594,Bihar,"AIIMS, Patna",CARDIO THORACIC AND VASCULAR SURGERY 6 YRS,AIIMS-All India,UR
0,597,Pondicherry,"JIPMER, Puducherry",ANAESTHESIOLOGY,JIPMER-All India,UR
0,599,Karnataka,"NIMHANS, Bangalore",PSYCHIATRY,NIMHANS-All India,OBC
0,600,Rajasthan,"AIIMS, Jodhpur",PAEDIATRIC SURGERY 6 YRS,AIIMS-All India,UR
0,604,Pondicherry,"JIPMER, Puducherry",NUCLEAR MEDICINE,JIMPER-Inst. Pref,INST (JIPMER)
0,610,Punjab,"AIIMS, Bathinda",CARDIO THORACIC AND VASCULAR SURGERY 6 YRS,AIIMS-All India,UR
0,611,Uttar Pradesh,"AIIMS, Rai Bareli",PAEDIATRICS,AIIMS-All India,OBC
0,613,Chandigarh,"PGIMER, Chandigarh",OBG,PGIMER-All India,OBC
0,618,Delhi,"AIIMS, Delhi",NEUROSURGERY 6 YRS,AIIMS-Inst. Pref,UR-AIIMS-IP
0,619,Karnataka,"NIMHANS, Bangalore",PSYCHIATRY,NIMHANS-All India,OBC
0,625,Chhattisgarh,"AIIMS, Raipur",PSYCHIATRY,AIIMS-All India,UR
0,626,Pondicherry,"JIPMER, Puducherry",PAEDIATRICS,JIMPER-Inst. Pref,INST (JIPMER)
0,627,Chandigarh,"PGIMER, Chandigarh",ANAESTHESIOLOGY,PGIMER-All India,UR
0,629,Andhra Pradesh,"AIIMS, Mangalagiri",GENERAL SURGERY,AIIMS-All India,OBC
0,630,Jammu and Kashmir,"AIIMS, Jammu",PAEDIATRICS,AIIMS-All India,OBC
0,631,Bihar,"AIIMS, Patna",EMERGENCY MEDICINE,AIIMS-All India,UR
0,632,Chandigarh,"PGIMER, Chandigarh",ANAESTHESIOLOGY,PGIMER-All India,UR
0,633,Andhra Pradesh,"AIIMS, Mangalagiri",EMERGENCY MEDICINE,AIIMS-All India,UR
0,634,Maharashtra,"AIIMS, Nagpur",ANAESTHESIOLOGY,AIIMS-All India,UR
0,636,Jammu and Kashmir,"AIIMS, Jammu",OBG,AIIMS-All India,UR
0,637,Bihar,"AIIMS, Patna",GENERAL SURGERY,AIIMS-All India,OBC
0,638,Delhi,"AIIMS, Delhi",ANAESTHESIOLOGY,AIIMS-All India,OBC
0,639,Delhi,"AIIMS, Delhi",COMMUNITY MEDICINE,AIIMS-All India,UR
0,640,Andhra Pradesh,"AIIMS, Mangalagiri",EMERGENCY MEDICINE,AIIMS-All India,UR
0,641,Rajasthan,"AIIMS, Jodhpur",ANAESTHESIOLOGY,AIIMS-All India,UR
0,645,Uttarakhand,"AIIMS, Rishikesh",ORTHOPAEDICS,AIIMS-All India,OBC
0,647,Rajasthan,"AIIMS, Jodhpur",RADIOTHERAPY & ONCOLOGY 6 YRS,AIIMS-Inst. Pref,UR-AIIMS-IP
0,648,Rajasthan,"AIIMS, Jodhpur",ORTHOPAEDICS,AIIMS-Inst. Pref,UR-AIIMS-IP
0,651,Maharashtra,"AIIMS, Nagpur",PSYCHIATRY,AIIMS-All India,UR
0,657,Delhi,"AIIMS, Delhi",RADIO DIAGNOSIS,AIIMS-All India,SC
0,658,Uttarakhand,"AIIMS, Rishikesh",PAEDIATRIC SURGERY 6 YRS,AIIMS-All India,UR
0,660,Pondicherry,"JIPMER, Puducherry",PAEDIATRICS,JIMPER-Inst. Pref,INST (JIPMER)
0,661,Pondicherry,"JIPMER, Puducherry",OBG,JIPMER-All India,EWS
0,662,Jharkhand,"AIIMS, Deoghar",OPHTHALMOLOGY,AIIMS-All India,UR
0,664,Punjab,"AIIMS, Bathinda",ORTHOPAEDICS,AIIMS-All India,UR
0,665,Delhi,"AIIMS, Delhi",OPHTHALMOLOGY,AIIMS-All India,OBC
0,666,Chandigarh,"PGIMER, Chandigarh",OBG,PGIMER-All India,OBC
0,667,Maharashtra,"AIIMS, Nagpur",EMERGENCY MEDICINE,AIIMS-All India,UR
0,668,Delhi,"AIIMS, Delhi",ORTHOPAEDICS,AIIMS-Inst. Pref,UR-AIIMS-IP
0,670,Punjab,"AIIMS, Bathinda",DERMATOLOGY,AIIMS-All India,EWS
0,672,Chhattisgarh,"AIIMS, Raipur",OBG,AIIMS-All India,EWS
0,675,Odisha,"AIIMS, Bhubaneswar",ANAESTHESIOLOGY,AIIMS-All India,UR
0,676,Rajasthan,"AIIMS, Jodhpur",OBG,AIIMS-All India,OBC
0,679,Assam,"AIIMS, Guwahati",RADIATION ONCOLOGY,AIIMS-All India,UR
0,680,Chandigarh,"PGIMER, Chandigarh",HOSPITAL ADMINISTRATION,PGIMER-All India,UR
0,683,Bihar,"AIIMS, Patna",ANAESTHESIOLOGY,AIIMS-All India,UR
0,684,Andhra Pradesh,"AIIMS, Mangalagiri",OPHTHALMOLOGY,AIIMS-All India,UR
0,686,Chandigarh,"PGIMER, Chandigarh",RADIO DIAGNOSIS,PGIMER-All India,SC
0,690,Chhattisgarh,"AIIMS, Raipur",ORTHOPAEDICS,AIIMS-All India,OBC
0,692,Bihar,"AIIMS, Patna",PAEDIATRIC SURGERY 6 YRS,AIIMS-All India,UR
0,698,Assam,"AIIMS, Guwahati",GENERAL SURGERY,AIIMS-All India,OBC
0,699,Rajasthan,"AIIMS, Jodhpur",GENERAL SURGERY,AIIMS-All India,EWS
0,700,Himachal Pradesh,"AIIMS, Bilaspur, Himachal",ORTHOPAEDICS,AIIMS-All India,UR
0,709,Uttar Pradesh,"AIIMS, Gorakhpur",OPHTHALMOLOGY,AIIMS-All India,UR
0,710,Delhi,"AIIMS, Delhi",PATHOLOGY,AIIMS-All India,OBC
0,711,Maharashtra,"AIIMS, Nagpur",GENERAL SURGERY,AIIMS-Inst. Pref,UR-AIIMS-IP
0,712,Pondicherry,"JIPMER, Puducherry",ORTHOPAEDICS,JIPMER-All India,OBC
0,713,Himachal Pradesh,"AIIMS, Bilaspur, Himachal",PAEDIATRIC SURGERY 6 YRS,AIIMS-All India,UR
0,714,Pondicherry,"JIPMER, Puducherry",OBG,JIPMER-All India,EWS
0,719,Gujarat,"AIIMS, Rajkot",ENT,AIIMS-All India,UR
0,721,Uttarakhand,"AIIMS, Rishikesh",OBG,AIIMS-All India,OBC
0,722,Himachal Pradesh,"AIIMS, Bilaspur, Himachal",ORTHOPAEDICS,AIIMS-All India,UR
0,723,Karnataka,"NIMHANS, Bangalore",PSYCHIATRY,NIMHANS-All India,OBC
0,724,Jharkhand,"AIIMS, Deoghar",PAEDIATRICS,AIIMS-All India,EWS
0,725,Karnataka,"NIMHANS, Bangalore",PSYCHIATRY,NIMHANS-NE Domicile,UR-North East Domicile
0,726,Bihar,"AIIMS, Patna",OBG,AIIMS-Inst. Pref,UR-AIIMS-IP
0,737,Chandigarh,"PGIMER, Chandigarh",GENERAL MEDICINE,PGIMER-All India,SC
0,738,Punjab,"AIIMS, Bathinda",CARDIO THORACIC AND VASCULAR SURGERY 6 YRS,AIIMS-All India,UR
0,740,Delhi,"AIIMS, Delhi",ENT,AIIMS-All India,OBC
0,744,Odisha,"AIIMS, Bhubaneswar",ANAESTHESIOLOGY,AIIMS-All India,UR
0,746,Delhi,"AIIMS, Delhi",RADIATION ONCOLOGY,AIIMS-All India,EWS
0,747,Pondicherry,"JIPMER, Puducherry",ANAESTHESIOLOGY,JIPMER-All India,OBC
0,748,Pondicherry,"JIPMER, Puducherry",GENERAL MEDICINE,JIPMER-All India,SC
0,751,Punjab,"AIIMS, Bathinda",OBG,AIIMS-All India,EWS
0,755,Chhattisgarh,"AIIMS, Raipur",GENERAL MEDICINE,AIIMS-All India,SC
0,759,Andhra Pradesh,"AIIMS, Mangalagiri",PSYCHIATRY,AIIMS-All India,UR
0,761,Pondicherry,"JIPMER, Puducherry",PSYCHIATRY,JIMPER-Inst. Pref,INST (JIPMER)
0,762,Pondicherry,"JIPMER, Puducherry",RADIATION ONCOLOGY,JIPMER-All India,EWS
0,766,Jharkhand,"AIIMS, Deoghar",PSYCHIATRY,AIIMS-All India,UR
0,767,Chhattisgarh,"AIIMS, Raipur",GENERAL SURGERY,AIIMS-All India,OBC
0,768,Delhi,"AIIMS, Delhi",ENT,AIIMS-Inst. Pref,UR-AIIMS-IP
0,769,Karnataka,"NIMHANS, Bangalore",PSYCHIATRY,NIMHANS-NE Domicile,UR-North East Domicile
0,773,Uttarakhand,"AIIMS, Rishikesh",OBG,AIIMS-All India,OBC
0,775,Odisha,"AIIMS, Bhubaneswar",ENT,AIIMS-Inst. Pref,UR-AIIMS-IP
0,776,Delhi,"AIIMS, Delhi",OPHTHALMOLOGY,AIIMS-All India,EWS
0,777,Odisha,"AIIMS, Bhubaneswar",EMERGENCY MEDICINE,AIIMS-Inst. Pref,UR-AIIMS-IP
0,780,Chandigarh,"PGIMER, Chandigarh",RADIO DIAGNOSIS,PGIMER-Rural,UR-RA
0,783,Maharashtra,"AIIMS, Nagpur",GENERAL SURGERY,AIIMS-All India,OBC
0,786,Karnataka,"NIMHANS, Bangalore",PSYCHIATRY,NIMHANS-All India,OBC
0,787,Chhattisgarh,"AIIMS, Raipur",ANAESTHESIOLOGY,AIIMS-All India,UR
0,793,Chandigarh,"PGIMER, Chandigarh",ANAESTHESIOLOGY,PGIMER-All India,OBC
0,797,Uttar Pradesh,"AIIMS, Rai Bareli",GENERAL SURGERY,AIIMS-All India,OBC
0,808,Rajasthan,"AIIMS, Jodhpur",PSYCHIATRY,AIIMS-Inst. Pref,UR-AIIMS-IP
0,811,Uttar Pradesh,"AIIMS, Gorakhpur",GENERAL SURGERY,AIIMS-All India,OBC
0,812,Uttarakhand,"AIIMS, Rishikesh",FAMILY MEDICINE,AIIMS-All India,UR
0,814,Chandigarh,"PGIMER, Chandigarh",RADIATION ONCOLOGY,PGIMER-All India,OBC
0,816,Pondicherry,"JIPMER, Puducherry",ENT,JIPMER-All India,OBC
0,817,Delhi,"AIIMS, Delhi",OPHTHALMOLOGY,AIIMS-Inst. Pref,UR-AIIMS-IP
0,818,Punjab,"AIIMS, Bathinda",ORTHOPAEDICS,AIIMS-All India,EWS
0,819,Delhi,"AIIMS, Delhi",PALLIATIVE MEDICINE,AIIMS-All India,UR
0,821,Karnataka,"NIMHANS, Bangalore",PSYCHIATRY,NIMHANS-All India,OBC
0,822,Pondicherry,"JIPMER, Puducherry",ANAESTHESIOLOGY,JIPMER-All India,OBC
0,823,Jammu and Kashmir,"AIIMS, Jammu",ANAESTHESIOLOGY,AIIMS-All India,UR
0,825,Uttarakhand,"AIIMS, Rishikesh",EMERGENCY MEDICINE,AIIMS-All India,OBC
0,829,Delhi,"AIIMS, Delhi",GERIATRICS,AIIMS-All India,EWS
0,830,Delhi,"AIIMS, Delhi",ANAESTHESIOLOGY,AIIMS-All India,EWS
0,833,Himachal Pradesh,"AIIMS, Bilaspur, Himachal",ANAESTHESIOLOGY,AIIMS-All India,UR
0,839,Karnataka,"NIMHANS, Bangalore",PSYCHIATRY,NIMHANS-KAR Domicile,UR-Karnataka Domicile
0,840,Madhya Pradesh,"AIIMS, Bhopal",OBG,AIIMS-All India,OBC
0,841,Delhi,"AIIMS, Delhi",ENT,AIIMS-All India,OBC
0,844,Chhattisgarh,"AIIMS, Raipur",GENERAL SURGERY,AIIMS-Inst. Pref,UR-AIIMS-IP
0,846,Chandigarh,"PGIMER, Chandigarh",PATHOLOGY,PGIMER-All India,UR
0,847,Pondicherry,"JIPMER, Puducherry",GENERAL MEDICINE,JIPMER-All India,SC
0,850,Chhattisgarh,"AIIMS, Raipur",OBG,AIIMS-All India,OBC
0,851,Pondicherry,"JIPMER, Puducherry",GENERAL SURGERY,JIMPER-Inst. Pref,INST (JIPMER)
0,852,Maharashtra,"AIIMS, Nagpur",GENERAL SURGERY,AIIMS-All India,OBC
0,856,Delhi,"AIIMS, Delhi",PSYCHIATRY,AIIMS-All India,OBC
0,863,Delhi,"AIIMS, Delhi",PSYCHIATRY,AIIMS-All India,OBC
0,864,Pondicherry,"JIPMER, Puducherry",ANAESTHESIOLOGY,JIPMER-All India,OBC
0,867,Chhattisgarh,"AIIMS, Raipur",OPHTHALMOLOGY,AIIMS-Inst. Pref,UR-AIIMS-IP
0,872,Bihar,"AIIMS, Patna",GENERAL MEDICINE,AIIMS-All India,SC
0,876,Maharashtra,"AIIMS, Nagpur",GENERAL SURGERY,AIIMS-All India,EWS
0,877,Pondicherry,"JIPMER, Puducherry",TBRD,JIMPER-Inst. Pref,INST (JIPMER)
0,879,Jharkhand,"AIIMS, Deoghar",OBG,AIIMS-All India,EWS
0,880,West Bengal,"AIIMS, Kalyani",RADIATION ONCOLOGY,AIIMS-All India,EWS
0,881,Delhi,"AIIMS, Delhi",ANAESTHESIOLOGY,AIIMS-All India,EWS
0,882,Uttar Pradesh,"AIIMS, Gorakhpur",ANAESTHESIOLOGY,AIIMS-All India,UR
0,883,Delhi,"AIIMS, Delhi",OPHTHALMOLOGY,AIIMS-Inst. Pref,UR-AIIMS-IP
0,885,Pondicherry,"JIPMER, Puducherry",GENERAL SURGERY,JIMPER-Inst. Pref,INST (JIPMER)
0,887,Rajasthan,"AIIMS, Jodhpur",RADIO DIAGNOSIS,AIIMS-All India,SC
0,888,Jharkhand,"AIIMS, Deoghar",ANAESTHESIOLOGY,AIIMS-All India,UR
0,892,Maharashtra,"AIIMS, Nagpur",OBG,AIIMS-All India,OBC
0,893,Delhi,"AIIMS, Delhi",PSYCHIATRY,AIIMS-Inst. Pref,UR-AIIMS-IP
0,897,Punjab,"AIIMS, Bathinda",OBG,AIIMS-All India,OBC
0,899,Delhi,"AIIMS, Delhi",RADIO DIAGNOSIS,AIIMS-All India,ST
0,905,Rajasthan,"AIIMS, Jodhpur",RADIOTHERAPY & ONCOLOGY 6 YRS,AIIMS-Inst. Pref,UR-AIIMS-IP
0,907,Uttarakhand,"AIIMS, Rishikesh",EMERGENCY MEDICINE,AIIMS-All India,OBC
0,919,Chhattisgarh,"AIIMS, Raipur",ENT,AIIMS-All India,OBC
0,923,Bihar,"AIIMS, Patna",EMERGENCY MEDICINE,AIIMS-All India,OBC
0,924,Delhi,"AIIMS, Delhi",INECTIOUS DISEASES 6 YRS,AIIMS-Inst. Pref,UR-AIIMS-IP
0,926,West Bengal,"AIIMS, Kalyani",ANAESTHESIOLOGY,AIIMS-All India,UR
0,933,Pondicherry,"JIPMER, Puducherry",ORTHOPAEDICS,JIPMER-All India,EWS
0,934,Jharkhand,"AIIMS, Deoghar",GENERAL SURGERY,AIIMS-All India,OBC
0,944,Pondicherry,"JIPMER, Puducherry",OBG,JIMPER-Inst. Pref,INST (JIPMER)
0,946,Karnataka,"NIMHANS, Bangalore",PSYCHIATRY,NIMHANS-All India,EWS
0,947,Andhra Pradesh,"AIIMS, Mangalagiri",GENERAL MEDICINE,AIIMS-All India,SC
0,949,Delhi,"AIIMS, Delhi",ANAESTHESIOLOGY,AIIMS-All India,OBC
0,950,Uttar Pradesh,"AIIMS, Gorakhpur",GENERAL MEDICINE,AIIMS-All India,SC
0,951,Odisha,"AIIMS, Bhubaneswar",PATHOLOGY,AIIMS-All India,UR
0,952,Uttarakhand,"AIIMS, Rishikesh",RADIATION ONCOLOGY,AIIMS-All India,OBC
0,954,Chandigarh,"PGIMER, Chandigarh",PATHOLOGY,PGIMER-All India,UR
0,956,Punjab,"AIIMS, Bathinda",GENERAL SURGERY,AIIMS-All India,OBC
0,957,Maharashtra,"AIIMS, Nagpur",RADIATION ONCOLOGY,AIIMS-All India,EWS
0,959,Madhya Pradesh,"AIIMS, Bhopal",ORTHOPAEDICS,AIIMS-All India,OBC
0,960,Punjab,"AIIMS, Bathinda",ORTHOPAEDICS,AIIMS-All India,OBC
0,961,Gujarat,"AIIMS, Rajkot",ANAESTHESIOLOGY,AIIMS-All India,UR
0,974,Pondicherry,"JIPMER, Puducherry",OBG,JIMPER-Inst. Pref,INST (JIPMER)
0,980,Delhi,"AIIMS, Delhi",ANAESTHESIOLOGY,AIIMS-All India,OBC
0,983,Maharashtra,"AIIMS, Nagpur",GENERAL SURGERY,AIIMS-Inst. Pref,UR-AIIMS-IP
0,985,Maharashtra,"AIIMS, Nagpur",ORTHOPAEDICS,AIIMS-All India,OBC
0,989,Delhi,"AIIMS, Delhi",COMMUNITY MEDICINE,AIIMS-All India,UR
0,992,Madhya Pradesh,"AIIMS, Bhopal",RADIATION ONCOLOGY,AIIMS-All India,EWS
0,993,Karnataka,"NIMHANS, Bangalore",PMR,NIMHANS-All India,UR
0,995,Delhi,"AIIMS, Delhi",COMMUNITY MEDICINE,AIIMS-All India,UR
0,997,Karnataka,"NIMHANS, Bangalore",PSYCHIATRY,NIMHANS-KAR Domicile,UR-Karnataka Domicile
0,1000,Jharkhand,"AIIMS, Deoghar",ANAESTHESIOLOGY,AIIMS-All India,UR
0,1001,Chandigarh,"PGIMER, Chandigarh",ENT,PGIMER-All India,OBC
0,1003,Assam,"AIIMS, Guwahati",ANAESTHESIOLOGY,AIIMS-All India,UR
0,1009,Delhi,"AIIMS, Delhi",OPHTHALMOLOGY,AIIMS-All India,OBC
0,1013,Delhi,"AIIMS, Delhi",ENT,AIIMS-All India,EWS
0,1016,Rajasthan,"AIIMS, Jodhpur",ENT,AIIMS-All India,OBC
0,1021,Uttar Pradesh,"AIIMS, Rai Bareli",OBG,AIIMS-All India,OBC
0,1026,Himachal Pradesh,"AIIMS, Bilaspur, Himachal",GENERAL SURGERY,AIIMS-All India,OBC
0,1030,Assam,"AIIMS, Guwahati",ANAESTHESIOLOGY,AIIMS-All India,UR
0,1034,Uttar Pradesh,"AIIMS, Rai Bareli",GENERAL MEDICINE,AIIMS-All India,SC
0,1039,Punjab,"AIIMS, Bathinda",PAEDIATRICS,AIIMS-Inst. Pref,UR-AIIMS-IP
0,1042,Delhi,"AIIMS, Delhi",PSYCHIATRY,AIIMS-All India,OBC
0,1043,Delhi,"AIIMS, Delhi",ANAESTHESIOLOGY,AIIMS-All India,OBC
0,1046,Chhattisgarh,"AIIMS, Raipur",EMERGENCY MEDICINE,AIIMS-All India,OBC
0,1049,Gujarat,"AIIMS, Rajkot",OBG,AIIMS-All India,OBC
0,1052,Chhattisgarh,"AIIMS, Raipur",OBG,AIIMS-Inst. Pref,UR-AIIMS-IP
0,1053,Madhya Pradesh,"AIIMS, Bhopal",RADIATION ONCOLOGY,AIIMS-All India,OBC
0,1057,Pondicherry,"JIPMER, Puducherry",FORENSIC MEDICINE,JIPMER-All India,UR
0,1058,Punjab,"AIIMS, Bathinda",OBG,AIIMS-All India,OBC
0,1059,Madhya Pradesh,"AIIMS, Bhopal",EMERGENCY MEDICINE,AIIMS-Inst. Pref,UR-AIIMS-IP
0,1060,Jammu and Kashmir,"AIIMS, Jammu",GENERAL SURGERY,AIIMS-All India,OBC
0,1063,Uttarakhand,"AIIMS, Rishikesh",RADIO DIAGNOSIS,AIIMS-All India,SC
0,1064,Madhya Pradesh,"AIIMS, Bhopal",RADIO DIAGNOSIS,AIIMS-All India,SC
0,1067,Delhi,"AIIMS, Delhi",OPHTHALMOLOGY,AIIMS-All India,OBC
0,1068,Chandigarh,"PGIMER, Chandigarh",PSYCHIATRY,PGIMER-All India,OBC
0,1069,Pondicherry,"JIPMER, Puducherry",COMMUNITY MEDICINE,JIPMER-All India,OBC
0,1072,Uttar Pradesh,"AIIMS, Rai Bareli",GENERAL SURGERY,AIIMS-All India,EWS
0,1082,Jharkhand,"AIIMS, Deoghar",OBG,AIIMS-All India,OBC
0,1083,Karnataka,"NIMHANS, Bangalore",PSYCHIATRY,NIMHANS-KAR Domicile,UR-Karnataka Domicile
0,1087,Chandigarh,"PGIMER, Chandigarh",ANAESTHESIOLOGY,PGIMER-All India,OBC
0,1088,Maharashtra,"AIIMS, Nagpur",EMERGENCY MEDICINE,AIIMS-All India,OBC
0,1089,Pondicherry,"JIPMER, Puducherry",PAEDIATRICS,JIPMER-All India,UR
0,1091,Chandigarh,"PGIMER, Chandigarh",PATHOLOGY,PGIMER-All India,UR
0,1093,Karnataka,"NIMHANS, Bangalore",PSYCHIATRY,NIMHANS-KAR Domicile,UR-Karnataka Domicile
0,1097,Chandigarh,"PGIMER, Chandigarh",RADIO DIAGNOSIS,PGIMER-All India,ST
0,1108,Delhi,"AIIMS, Delhi",LAB MEDICINE,AIIMS-All India,UR
0,1112,Delhi,"AIIMS, Delhi",COMMUNITY MEDICINE,AIIMS-All India,UR
0,1114,Chandigarh,"PGIMER, Chandigarh",GENERAL SURGERY,PGIMER-All India,ST
0,1115,Karnataka,"NIMHANS, Bangalore",PSYCHIATRY,NIMHANS-NE Domicile,UR-North East Domicile
0,1119,Rajasthan,"AIIMS, Jodhpur",PSYCHIATRY,AIIMS-All India,EWS
0,1124,Bihar,"AIIMS, Patna",ORTHOPAEDICS,AIIMS-All India,OBC
0,1125,Delhi,"AIIMS, Delhi",PSYCHIATRY,AIIMS-All India,SC
0,1128,Andhra Pradesh,"AIIMS, Mangalagiri",FAMILY MEDICINE,AIIMS-All India,UR
0,1129,Assam,"AIIMS, Guwahati",OBG,AIIMS-All India,OBC
0,1136,Chandigarh,"PGIMER, Chandigarh",OPHTHALMOLOGY,PGIMER-All India,OBC
0,1140,Chandigarh,"PGIMER, Chandigarh",IHBT,PGIMER-All India,UR
0,1145,Punjab,"AIIMS, Bathinda",OPHTHALMOLOGY,AIIMS-All India,EWS
0,1147,Uttarakhand,"AIIMS, Rishikesh",OPHTHALMOLOGY,AIIMS-All India,OBC
0,1148,Karnataka,"NIMHANS, Bangalore",PSYCHIATRY,NIMHANS-NE Domicile,UR-North East Domicile
0,1152,Andhra Pradesh,"AIIMS, Mangalagiri",OBG,AIIMS-All India,EWS
0,1153,Punjab,"AIIMS, Bathinda",ORTHOPAEDICS,AIIMS-All India,OBC
0,1154,Bihar,"AIIMS, Patna",RADIO DIAGNOSIS,AIIMS-All India,SC
0,1158,Delhi,"AIIMS, Delhi",PAEDIATRIC SURGERY 6 YRS,AIIMS-Inst. Pref,UR-AIIMS-IP
0,1159,Pondicherry,"JIPMER, Puducherry",COMMUNITY MEDICINE,JIPMER-All India,UR
0,1165,Chandigarh,"PGIMER, Chandigarh",OPHTHALMOLOGY,PGIMER-All India,OBC
0,1166,Chandigarh,"PGIMER, Chandigarh",COMMUNITY MEDICINE,PGIMER-All India,UR
0,1167,Jammu and Kashmir,"AIIMS, Jammu",GENERAL MEDICINE,AIIMS-All India,SC
0,1176,Delhi,"AIIMS, Delhi",PAEDIATRICS,AIIMS-All India,SC
0,1181,Uttarakhand,"AIIMS, Rishikesh",ANAESTHESIOLOGY,AIIMS-All India,OBC
0,1185,Andhra Pradesh,"AIIMS, Mangalagiri",ORTHOPAEDICS,AIIMS-All India,OBC
0,1188,Chandigarh,"PGIMER, Chandigarh",ANAESTHESIOLOGY,PGIMER-All India,OBC
0,1191,Maharashtra,"AIIMS, Nagpur",RADIATION ONCOLOGY,AIIMS-All India,OBC
0,1194,Chandigarh,"PGIMER, Chandigarh",HOSPITAL ADMINISTRATION,PGIMER-All India,UR
0,1202,Chandigarh,"PGIMER, Chandigarh",PATHOLOGY,PGIMER-All India,UR
0,1205,Punjab,"AIIMS, Bathinda",RADIATION ONCOLOGY,AIIMS-Inst. Pref,UR-AIIMS-IP
0,1206,Bihar,"AIIMS, Patna",OBG,AIIMS-All India,EWS
0,1208,Rajasthan,"AIIMS, Jodhpur",ENT,AIIMS-All India,EWS
0,1212,Andhra Pradesh,"AIIMS, Mangalagiri",EMERGENCY MEDICINE,AIIMS-All India,OBC
0,1215,Pondicherry,"JIPMER, Puducherry",PATHOLOGY,JIPMER-All India,UR
0,1218,Rajasthan,"AIIMS, Jodhpur",OPHTHALMOLOGY,AIIMS-All India,OBC
0,1219,Bihar,"AIIMS, Patna",CARDIO THORACIC AND VASCULAR SURGERY 6 YRS,AIIMS-Inst. Pref,UR-AIIMS-IP
0,1224,Delhi,"AIIMS, Delhi",PATHOLOGY,AIIMS-All India,OBC
0,1229,Jammu and Kashmir,"AIIMS, Jammu",OBG,AIIMS-All India,OBC
0,1232,Uttar Pradesh,"AIIMS, Gorakhpur",PSYCHIATRY,AIIMS-All India,OBC
0,1233,Himachal Pradesh,"AIIMS, Bilaspur, Himachal",EMERGENCY MEDICINE,AIIMS-All India,OBC
0,1234,Chandigarh,"PGIMER, Chandigarh",PAEDIATRICS,PGIMER-All India,SC
0,1239,Delhi,"AIIMS, Delhi",ENT,AIIMS-Inst. Pref,UR-AIIMS-IP
0,1241,Chandigarh,"PGIMER, Chandigarh",ANAESTHESIOLOGY,PGIMER-All India,OBC
0,1242,Rajasthan,"AIIMS, Jodhpur",ENT,AIIMS-All India,OBC
0,1248,Rajasthan,"AIIMS, Jodhpur",PATHOLOGY,AIIMS-All India,UR
0,1252,Andhra Pradesh,"AIIMS, Mangalagiri",GENERAL SURGERY,AIIMS-All India,EWS
0,1255,Delhi,"AIIMS, Delhi",ANAESTHESIOLOGY,AIIMS-All India,SC
0,1256,Chandigarh,"PGIMER, Chandigarh",DERMATOLOGY,PGIMER-All India,SC
0,1262,Chhattisgarh,"AIIMS, Raipur",EMERGENCY MEDICINE,AIIMS-All India,EWS
0,1265,Bihar,"AIIMS, Patna",PMR,AIIMS-All India,UR
0,1271,Rajasthan,"AIIMS, Jodhpur",PATHOLOGY,AIIMS-All India,UR
0,1272,Uttar Pradesh,"AIIMS, Gorakhpur",GENERAL SURGERY,AIIMS-Inst. Pref,UR-AIIMS-IP
0,1274,Pondicherry,"JIPMER, Puducherry",OBG,JIPMER-All India,SC
0,1275,Uttarakhand,"AIIMS, Rishikesh",PSYCHIATRY,AIIMS-All India,OBC
0,1276,Madhya Pradesh,"AIIMS, Bhopal",OPHTHALMOLOGY,AIIMS-All India,OBC
0,1279,Pondicherry,"JIPMER, Puducherry",PATHOLOGY,JIPMER-All India,UR
0,1280,Andhra Pradesh,"AIIMS, Mangalagiri",OPHTHALMOLOGY,AIIMS-All India,OBC
0,1281,Chandigarh,"PGIMER, Chandigarh",ANAESTHESIOLOGY,PGIMER-All India,OBC
0,1287,Pondicherry,"JIPMER, Puducherry",FORENSIC MEDICINE,JIPMER-All India,UR
0,1293,Delhi,"AIIMS, Delhi",PAEDIATRICS,AIIMS-All India,SC
0,1299,Delhi,"AIIMS, Delhi",RADIATION ONCOLOGY,AIIMS-Inst. Pref,UR-AIIMS-IP
0,1301,Uttar Pradesh,"AIIMS, Rai Bareli",EMERGENCY MEDICINE,AIIMS-All India,OBC
0,1306,Andhra Pradesh,"AIIMS, Mangalagiri",PATHOLOGY,AIIMS-All India,UR
0,1309,Andhra Pradesh,"AIIMS, Mangalagiri",RADIATION ONCOLOGY,AIIMS-All India,OBC
0,1312,Uttar Pradesh,"AIIMS, Rai Bareli",ORTHOPAEDICS,AIIMS-All India,OBC
0,1327,Maharashtra,"AIIMS, Nagpur",PMR,AIIMS-All India,UR
0,1329,Uttarakhand,"AIIMS, Rishikesh",PATHOLOGY,AIIMS-All India,UR
0,1335,Pondicherry,"JIPMER, Puducherry",PATHOLOGY,JIPMER-All India,OBC
0,1336,Chandigarh,"PGIMER, Chandigarh",MICROBIOLOGY,PGIMER-All India,UR
0,1338,Rajasthan,"AIIMS, Jodhpur",ANAESTHESIOLOGY,AIIMS-All India,OBC
0,1342,Jharkhand,"AIIMS, Deoghar",ORTHOPAEDICS,AIIMS-All India,OBC
0,1345,Delhi,"AIIMS, Delhi",GERIATRICS,AIIMS-All India,OBC
0,1346,Maharashtra,"AIIMS, Nagpur",PLASTIC SURGERY 6 YRS,AIIMS-Inst. Pref,UR-AIIMS-IP
0,1350,Delhi,"AIIMS, Delhi",GENERAL MEDICINE,AIIMS-All India,ST
0,1362,Chandigarh,"PGIMER, Chandigarh",GENERAL MEDICINE,PGIMER-Rural,OBC-RA
0,1366,Madhya Pradesh,"AIIMS, Bhopal",ANAESTHESIOLOGY,AIIMS-All India,OBC
0,1367,Himachal Pradesh,"AIIMS, Bilaspur, Himachal",ORTHOPAEDICS,AIIMS-All India,OBC
0,1376,Himachal Pradesh,"AIIMS, Bilaspur, Himachal",TRAUMATOLOGY AND SURGERY,AIIMS-All India,OBC
0,1378,Andhra Pradesh,"AIIMS, Mangalagiri",ANAESTHESIOLOGY,AIIMS-All India,OBC
0,1379,Delhi,"AIIMS, Delhi",GERIATRICS,AIIMS-All India,OBC
0,1380,Delhi,"AIIMS, Delhi",RADIATION ONCOLOGY,AIIMS-Inst. Pref,UR-AIIMS-IP
0,1381,Delhi,"AIIMS, Delhi",LAB MEDICINE,AIIMS-All India,UR
0,1382,Delhi,"AIIMS, Delhi",RADIATION ONCOLOGY,AIIMS-All India,SC
0,1389,Uttarakhand,"AIIMS, Rishikesh",ANAESTHESIOLOGY,AIIMS-All India,OBC
0,1390,Chhattisgarh,"AIIMS, Raipur",OPHTHALMOLOGY,AIIMS-All India,OBC
0,1391,Jammu and Kashmir,"AIIMS, Jammu",ORTHOPAEDICS,AIIMS-All India,OBC
0,1393,Madhya Pradesh,"AIIMS, Bhopal",ANAESTHESIOLOGY,AIIMS-All India,OBC
0,1398,Assam,"AIIMS, Guwahati",ORTHOPAEDICS,AIIMS-All India,OBC
0,1403,Bihar,"AIIMS, Patna",OPHTHALMOLOGY,AIIMS-Inst. Pref,UR-AIIMS-IP
0,1415,Delhi,"AIIMS, Delhi",FORENSIC MEDICINE,AIIMS-All India,UR
0,1416,Uttarakhand,"AIIMS, Rishikesh",ENT,AIIMS-All India,OBC
0,1418,Uttarakhand,"AIIMS, Rishikesh",EMERGENCY MEDICINE,AIIMS-Inst. Pref,UR-AIIMS-IP
0,1419,Madhya Pradesh,"AIIMS, Bhopal",ENT,AIIMS-All India,OBC
0,1421,Rajasthan,"AIIMS, Jodhpur",ANAESTHESIOLOGY,AIIMS-All India,OBC
0,1422,Karnataka,"NIMHANS, Bangalore",PSYCHIATRY,NIMHANS-KAR Domicile,OBC-Karnataka Domicile
0,1427,Maharashtra,"AIIMS, Nagpur",HOSPITAL ADMINISTRATION,AIIMS-All India,UR
0,1431,Pondicherry,"JIPMER, Puducherry",DERMATOLOGY,JIPMER-All India,SC
0,1432,Odisha,"AIIMS, Bhubaneswar",ANAESTHESIOLOGY,AIIMS-All India,OBC
0,1433,Jammu and Kashmir,"AIIMS, Jammu",GENERAL SURGERY,AIIMS-All India,EWS
0,1435,Pondicherry,"JIPMER, Puducherry",ANAESTHESIOLOGY,JIMPER-Inst. Pref,INST (JIPMER)
0,1436,Rajasthan,"AIIMS, Jodhpur",ANAESTHESIOLOGY,AIIMS-All India,EWS
0,1449,Bihar,"AIIMS, Patna",OPHTHALMOLOGY,AIIMS-All India,OBC
0,1451,Odisha,"AIIMS, Bhubaneswar",ANAESTHESIOLOGY,AIIMS-All India,OBC
0,1454,Telangana,"AIIMS, Bibinagar",RADIATION ONCOLOGY,AIIMS-All India,OBC
0,1458,Uttarakhand,"AIIMS, Rishikesh",TBRD,AIIMS-Inst. Pref,UR-AIIMS-IP
0,1463,Pondicherry,"JIPMER, Puducherry",ENT,JIMPER-Inst. Pref,INST (JIPMER)
0,1471,Rajasthan,"AIIMS, Jodhpur",ANAESTHESIOLOGY,AIIMS-All India,OBC
0,1473,Maharashtra,"AIIMS, Nagpur",RADIO DIAGNOSIS,AIIMS-All India,SC
0,1474,Delhi,"AIIMS, Delhi",FORENSIC MEDICINE,AIIMS-All India,UR
0,1475,Bihar,"AIIMS, Patna",ENT,AIIMS-All India,OBC
0,1481,Rajasthan,"AIIMS, Jodhpur",OBG,AIIMS-Inst. Pref,UR-AIIMS-IP
0,1495,Uttarakhand,"AIIMS, Rishikesh",OPHTHALMOLOGY,AIIMS-Inst. Pref,UR-AIIMS-IP
0,1496,Odisha,"AIIMS, Bhubaneswar",PSYCHIATRY,AIIMS-All India,OBC
0,1500,Jharkhand,"AIIMS, Deoghar",GENERAL MEDICINE,AIIMS-All India,SC
0,1504,Chhattisgarh,"AIIMS, Raipur",PAEDIATRIC SURGERY 6 YRS,AIIMS-Inst. Pref,UR-AIIMS-IP
0,1507,Chhattisgarh,"AIIMS, Raipur",ANAESTHESIOLOGY,AIIMS-All India,OBC
0,1508,Pondicherry,"JIPMER, Puducherry",ANAESTHESIOLOGY,JIPMER-All India,EWS
0,1514,Maharashtra,"AIIMS, Nagpur",OPHTHALMOLOGY,AIIMS-All India,OBC
0,1519,Jammu and Kashmir,"AIIMS, Jammu",PMR,AIIMS-All India,UR
0,1529,Himachal Pradesh,"AIIMS, Bilaspur, Himachal",RADIATION ONCOLOGY,AIIMS-All India,OBC
0,1543,Bihar,"AIIMS, Patna",OBG,AIIMS-Inst. Pref,UR-AIIMS-IP
0,1544,West Bengal,"AIIMS, Kalyani",RADIO DIAGNOSIS,AIIMS-All India,SC
0,1545,Chandigarh,"PGIMER, Chandigarh",IHBT,PGIMER-All India,UR
0,1551,Odisha,"AIIMS, Bhubaneswar",PATHOLOGY,AIIMS-All India,UR
0,1552,Rajasthan,"AIIMS, Jodhpur",ANAESTHESIOLOGY,AIIMS-All India,OBC
0,1569,Karnataka,"NIMHANS, Bangalore",PSYCHIATRY,NIMHANS-KAR Domicile,OBC-Karnataka Domicile
0,1574,Karnataka,"NIMHANS, Bangalore",PMR,NIMHANS-All India,UR
0,1576,Andhra Pradesh,"AIIMS, Mangalagiri",ANAESTHESIOLOGY,AIIMS-All India,OBC
0,1581,Maharashtra,"AIIMS, Nagpur",ANAESTHESIOLOGY,AIIMS-All India,OBC
0,1588,Pondicherry,"JIPMER, Puducherry",COMMUNITY MEDICINE,JIPMER-All India,OBC
0,1590,Madhya Pradesh,"AIIMS, Bhopal",OPHTHALMOLOGY,AIIMS-Inst. Pref,UR-AIIMS-IP
0,1597,Madhya Pradesh,"AIIMS, Bhopal",COMMUNITY MEDICINE,AIIMS-All India,UR
0,1599,Bihar,"AIIMS, Patna",EMERGENCY MEDICINE,AIIMS-All India,EWS
0,1600,Delhi,"AIIMS, Delhi",IHBT,AIIMS-All India,EWS
0,1601,Madhya Pradesh,"AIIMS, Bhopal",IHBT,AIIMS-All India,UR
0,1604,Gujarat,"AIIMS, Rajkot",ANAESTHESIOLOGY,AIIMS-Inst. Pref,UR-AIIMS-IP
0,1605,Maharashtra,"AIIMS, Nagpur",ENT,AIIMS-All India,OBC
0,1613,Rajasthan,"AIIMS, Jodhpur",PAEDIATRICS,AIIMS-All India,SC
0,1614,Madhya Pradesh,"AIIMS, Bhopal",PMR,AIIMS-Inst. Pref,UR-AIIMS-IP
0,1623,Rajasthan,"AIIMS, Jodhpur",ANAESTHESIOLOGY,AIIMS-All India,OBC
0,1624,Odisha,"AIIMS, Bhubaneswar",ANAESTHESIOLOGY,AIIMS-All India,EWS
0,1626,Maharashtra,"AIIMS, Nagpur",ORTHOPAEDICS,AIIMS-Inst. Pref,UR-AIIMS-IP
0,1628,Rajasthan,"AIIMS, Jodhpur",ENT,AIIMS-Inst. Pref,UR-AIIMS-IP
0,1629,Madhya Pradesh,"AIIMS, Bhopal",PSYCHIATRY,AIIMS-All India,OBC
0,1630,Bihar,"AIIMS, Patna",ENT,AIIMS-Inst. Pref,UR-AIIMS-IP
0,1636,Madhya Pradesh,"AIIMS, Bhopal",PATHOLOGY,AIIMS-All India,UR
0,1639,Telangana,"AIIMS, Bibinagar",HOSPITAL ADMINISTRATION,AIIMS-All India,UR
0,1642,Punjab,"AIIMS, Bathinda",OPHTHALMOLOGY,AIIMS-All India,OBC
0,1644,Rajasthan,"AIIMS, Jodhpur",ANAESTHESIOLOGY,AIIMS-Inst. Pref,UR-AIIMS-IP
0,1651,Bihar,"AIIMS, Patna",ANAESTHESIOLOGY,AIIMS-All India,OBC
0,1654,Chandigarh,"PGIMER, Chandigarh",PAEDIATRICS,PGIMER-All India,SC
0,1662,Assam,"AIIMS, Guwahati",COMMUNITY & FAMILY MEDICINE,AIIMS-All India,UR
0,1668,Telangana,"AIIMS, Bibinagar",ANAESTHESIOLOGY,AIIMS-All India,OBC
0,1678,Delhi,"AIIMS, Delhi",ANATOMY,AIIMS-All India,UR
0,1679,Madhya Pradesh,"AIIMS, Bhopal",COMMUNITY MEDICINE,AIIMS-All India,UR
0,1680,Delhi,"AIIMS, Delhi",PHARMACOLOGY,AIIMS-All India,EWS
0,1687,Gujarat,"AIIMS, Rajkot",ANAESTHESIOLOGY,AIIMS-All India,OBC
0,1693,Maharashtra,"AIIMS, Nagpur",PMR,AIIMS-All India,OBC
0,1694,Bihar,"AIIMS, Patna",ANAESTHESIOLOGY,AIIMS-All India,OBC
0,1696,Delhi,"AIIMS, Delhi",COMMUNITY MEDICINE,AIIMS-All India,OBC
0,1700,Delhi,"AIIMS, Delhi",PSYCHIATRY,AIIMS-Inst. Pref,UR-AIIMS-IP
0,1703,Uttar Pradesh,"AIIMS, Gorakhpur",TRAUMATOLOGY AND SURGERY,AIIMS-All India,OBC
0,1712,Chhattisgarh,"AIIMS, Raipur",ENT,AIIMS-Inst. Pref,UR-AIIMS-IP
0,1716,Maharashtra,"AIIMS, Nagpur",FAMILY MEDICINE,AIIMS-All India,OBC
0,1719,Uttar Pradesh,"AIIMS, Gorakhpur",ANAESTHESIOLOGY,AIIMS-All India,OBC
0,1721,Jharkhand,"AIIMS, Deoghar",ENT,AIIMS-All India,OBC
0,1727,Chandigarh,"PGIMER, Chandigarh",PHARMACOLOGY,PGIMER-All India,UR
0,1732,Jammu and Kashmir,"AIIMS, Jammu",ANAESTHESIOLOGY,AIIMS-All India,OBC
0,1735,Chandigarh,"PGIMER, Chandigarh",GENERAL MEDICINE,PGIMER-All India,ST
0,1744,Delhi,"AIIMS, Delhi",PATHOLOGY,AIIMS-All India,EWS
0,1748,Chandigarh,"PGIMER, Chandigarh",PHARMACOLOGY,PGIMER-All India,UR
0,1752,Assam,"AIIMS, Guwahati",ANAESTHESIOLOGY,AIIMS-All India,OBC
0,1762,Pondicherry,"JIPMER, Puducherry",COMMUNITY MEDICINE,JIPMER-All India,OBC
0,1768,Madhya Pradesh,"AIIMS, Bhopal",PATHOLOGY,AIIMS-All India,UR
0,1770,Andhra Pradesh,"AIIMS, Mangalagiri",EMERGENCY MEDICINE,AIIMS-All India,EWS
0,1781,Telangana,"AIIMS, Bibinagar",HOSPITAL ADMINISTRATION,AIIMS-All India,UR
0,1787,Maharashtra,"AIIMS, Nagpur",OBG,AIIMS-Inst. Pref,UR-AIIMS-IP
0,1789,Odisha,"AIIMS, Bhubaneswar",PSYCHIATRY,AIIMS-All India,OBC
0,1796,Chhattisgarh,"AIIMS, Raipur",RADIO DIAGNOSIS,AIIMS-All India,SC
0,1803,Delhi,"AIIMS, Delhi",PMR,AIIMS-All India,OBC
0,1805,Delhi,"AIIMS, Delhi",COMMUNITY MEDICINE,AIIMS-All India,OBC
0,1809,Pondicherry,"JIPMER, Puducherry",ANAESTHESIOLOGY,JIPMER-All India,SC
0,1811,Chhattisgarh,"AIIMS, Raipur",OPHTHALMOLOGY,AIIMS-All India,EWS
0,1815,Jharkhand,"AIIMS, Deoghar",OPHTHALMOLOGY,AIIMS-All India,OBC
0,1818,Bihar,"AIIMS, Patna",IHBT,AIIMS-All India,UR
0,1824,Rajasthan,"AIIMS, Jodhpur",PATHOLOGY,AIIMS-All India,OBC
0,1826,Chhattisgarh,"AIIMS, Raipur",PATHOLOGY,AIIMS-All India,UR
0,1828,Pondicherry,"JIPMER, Puducherry",TBRD,JIPMER-All India,SC
0,1832,Madhya Pradesh,"AIIMS, Bhopal",FORENSIC MEDICINE,AIIMS-All India,UR
0,1833,Pondicherry,"JIPMER, Puducherry",MICROBIOLOGY,JIPMER-All India,UR
0,1835,Pondicherry,"JIPMER, Puducherry",OPHTHALMOLOGY,JIMPER-Inst. Pref,INST (JIPMER)-PwD
0,1836,Chandigarh,"PGIMER, Chandigarh",PAEDIATRICS,PGIMER-All India,SC
0,1845,Pondicherry,"JIPMER, Puducherry",FORENSIC MEDICINE,JIPMER-All India,EWS
0,1860,West Bengal,"AIIMS, Kalyani",OPHTHALMOLOGY,AIIMS-All India,OBC
0,1862,Pondicherry,"JIPMER, Puducherry",GENERAL MEDICINE,JIPMER-All India,ST
0,1871,Delhi,"AIIMS, Delhi",ANATOMY,AIIMS-All India,UR
0,1884,Odisha,"AIIMS, Bhubaneswar",PHARMACOLOGY,AIIMS-All India,UR
0,1888,Punjab,"AIIMS, Bathinda",ANAESTHESIOLOGY,AIIMS-All India,OBC
0,1900,Chandigarh,"PGIMER, Chandigarh",PATHOLOGY,PGIMER-All India,OBC
0,1903,Pondicherry,"JIPMER, Puducherry",PATHOLOGY,JIPMER-All India,OBC
0,1905,Delhi,"AIIMS, Delhi",IHBT,AIIMS-All India,OBC
0,1908,Delhi,"AIIMS, Delhi",ENT,AIIMS-Inst. Pref,UR-AIIMS-IP
0,1909,Chhattisgarh,"AIIMS, Raipur",PSYCHIATRY,AIIMS-All India,OBC
0,1911,Punjab,"AIIMS, Bathinda",IHBT,AIIMS-All India,UR
0,1917,Andhra Pradesh,"AIIMS, Mangalagiri",RADIO DIAGNOSIS,AIIMS-All India,SC
0,1919,Delhi,"AIIMS, Delhi",PALLIATIVE MEDICINE,AIIMS-All India,OBC
0,1922,Madhya Pradesh,"AIIMS, Bhopal",ANAESTHESIOLOGY,AIIMS-All India,EWS
0,1926,Chhattisgarh,"AIIMS, Raipur",PATHOLOGY,AIIMS-All India,UR
0,1927,Himachal Pradesh,"AIIMS, Bilaspur, Himachal",ANAESTHESIOLOGY,AIIMS-All India,EWS
0,1931,Uttarakhand,"AIIMS, Rishikesh",DERMATOLOGY,AIIMS-All India,SC
0,1933,Jharkhand,"AIIMS, Deoghar",PATHOLOGY,AIIMS-All India,UR
0,1941,Odisha,"AIIMS, Bhubaneswar",ENT,AIIMS-All India,EWS
0,1944,Odisha,"AIIMS, Bhubaneswar",PAEDIATRICS,AIIMS-All India,SC
0,1951,Maharashtra,"AIIMS, Nagpur",ANAESTHESIOLOGY,AIIMS-All India,EWS
0,1954,Bihar,"AIIMS, Patna",PSYCHIATRY,AIIMS-Inst. Pref,UR-AIIMS-IP
0,1955,Himachal Pradesh,"AIIMS, Bilaspur, Himachal",ANAESTHESIOLOGY,AIIMS-All India,OBC
0,1957,Punjab,"AIIMS, Bathinda",ANAESTHESIOLOGY,AIIMS-All India,OBC
0,1959,Pondicherry,"JIPMER, Puducherry",ORTHOPAEDICS,JIMPER-Inst. Pref,INST (JIPMER)
0,1969,Uttar Pradesh,"AIIMS, Gorakhpur",EMERGENCY MEDICINE,AIIMS-All India,EWS
0,1975,Chhattisgarh,"AIIMS, Raipur",CARDIO THORACIC AND VASCULAR SURGERY 6 YRS,AIIMS-Inst. Pref,UR-AIIMS-IP
0,1977,Madhya Pradesh,"AIIMS, Bhopal",FORENSIC MEDICINE,AIIMS-All India,UR
0,1995,Pondicherry,"JIPMER, Puducherry",ORTHOPAEDICS,JIMPER-Inst. Pref,INST (JIPMER)
0,1997,West Bengal,"AIIMS, Kalyani",PATHOLOGY,AIIMS-All India,UR
0,2007,Jharkhand,"AIIMS, Deoghar",ANAESTHESIOLOGY,AIIMS-All India,OBC
0,2013,Delhi,"AIIMS, Delhi",OBG,AIIMS-All India,SC
0,2018,Andhra Pradesh,"AIIMS, Mangalagiri",PAEDIATRICS,AIIMS-Inst. Pref,UR-AIIMS-IP
0,2026,Jammu and Kashmir,"AIIMS, Jammu",ANAESTHESIOLOGY,AIIMS-All India,OBC
0,2031,Maharashtra,"AIIMS, Nagpur",FORENSIC MEDICINE,AIIMS-All India,UR
0,2035,Jammu and Kashmir,"AIIMS, Jammu",PATHOLOGY,AIIMS-All India,UR
0,2037,Maharashtra,"AIIMS, Nagpur",ENT,AIIMS-All India,EWS
0,2039,Assam,"AIIMS, Guwahati",RADIO DIAGNOSIS,AIIMS-All India,SC
0,2040,Uttar Pradesh,"AIIMS, Rai Bareli",PATHOLOGY,AIIMS-All India,UR
0,2041,Delhi,"AIIMS, Delhi",FORENSIC MEDICINE,AIIMS-All India,OBC
0,2044,Madhya Pradesh,"AIIMS, Bhopal",RADIO DIAGNOSIS,AIIMS-All India,ST
0,2046,Maharashtra,"AIIMS, Nagpur",OPHTHALMOLOGY,AIIMS-Inst. Pref,UR-AIIMS-IP
0,2054,Chhattisgarh,"AIIMS, Raipur",IHBT,AIIMS-All India,UR
0,2070,Uttar Pradesh,"AIIMS, Rai Bareli",MICROBIOLOGY,AIIMS-All India,UR
0,2085,West Bengal,"AIIMS, Kalyani",PSYCHIATRY,AIIMS-All India,OBC
0,2088,Rajasthan,"AIIMS, Jodhpur",BIOCHEMISTRY,AIIMS-All India,UR
0,2091,Pondicherry,"JIPMER, Puducherry",PSYCHIATRY,JIMPER-Inst. Pref,INST (JIPMER)
0,2093,Chandigarh,"PGIMER, Chandigarh",BIOCHEMISTRY,PGIMER-All India,UR
0,2094,Chandigarh,"PGIMER, Chandigarh",GENERAL SURGERY,PGIMER-All India,UR-PwD
0,2097,Rajasthan,"AIIMS, Jodhpur",COMMUNITY MEDICINE,AIIMS-All India,UR
0,2102,Andhra Pradesh,"AIIMS, Mangalagiri",PSYCHIATRY,AIIMS-All India,OBC
0,2106,Chandigarh,"PGIMER, Chandigarh",OBG,PGIMER-Rural,UR-RA
0,2107,Jharkhand,"AIIMS, Deoghar",ANAESTHESIOLOGY,AIIMS-All India,OBC
0,2109,Punjab,"AIIMS, Bathinda",RADIO DIAGNOSIS,AIIMS-All India,SC
0,2110,Chhattisgarh,"AIIMS, Raipur",PATHOLOGY,AIIMS-All India,OBC
0,2112,Andhra Pradesh,"AIIMS, Mangalagiri",PAEDIATRICS,AIIMS-Inst. Pref,UR-AIIMS-IP
0,2115,Punjab,"AIIMS, Bathinda",PSYCHIATRY,AIIMS-All India,OBC
0,2125,Himachal Pradesh,"AIIMS, Bilaspur, Himachal",PSYCHIATRY,AIIMS-All India,OBC
0,2127,Uttarakhand,"AIIMS, Rishikesh",ORTHOPAEDICS,AIIMS-Inst. Pref,UR-AIIMS-IP
0,2128,Punjab,"AIIMS, Bathinda",EMERGENCY MEDICINE,AIIMS-Inst. Pref,UR-AIIMS-IP
0,2143,Andhra Pradesh,"AIIMS, Mangalagiri",ENT,AIIMS-All India,EWS
0,2149,Delhi,"AIIMS, Delhi",ORTHOPAEDICS,AIIMS-All India,SC
0,2160,Pondicherry,"JIPMER, Puducherry",ANAESTHESIOLOGY,JIMPER-Inst. Pref,INST (JIPMER)
0,2172,Gujarat,"AIIMS, Rajkot",COMMUNITY & FAMILY MEDICINE,AIIMS-All India,UR
0,2178,Pondicherry,"JIPMER, Puducherry",IHBT,JIPMER-All India,OBC
0,2205,Telangana,"AIIMS, Bibinagar",IHBT,AIIMS-All India,UR
0,2210,Assam,"AIIMS, Guwahati",COMMUNITY & FAMILY MEDICINE,AIIMS-All India,UR
0,2213,Uttar Pradesh,"AIIMS, Gorakhpur",RADIO DIAGNOSIS,AIIMS-All India,SC
0,2214,Chandigarh,"PGIMER, Chandigarh",MICROBIOLOGY,PGIMER-All India,UR
0,2215,Uttarakhand,"AIIMS, Rishikesh",PAEDIATRICS,AIIMS-All India,SC
0,2224,Chandigarh,"PGIMER, Chandigarh",PAEDIATRICS,PGIMER-Rural,UR-RA
0,2226,Bihar,"AIIMS, Patna",ANAESTHESIOLOGY,AIIMS-All India,EWS
0,2229,Telangana,"AIIMS, Bibinagar",MICROBIOLOGY,AIIMS-All India,UR
0,2230,Delhi,"AIIMS, Delhi",PALLIATIVE MEDICINE,AIIMS-All India,OBC
0,2250,Pondicherry,"JIPMER, Puducherry",ORTHOPAEDICS,JIPMER-All India,SC
0,2251,Pondicherry,"JIPMER, Puducherry",PATHOLOGY,JIPMER-All India,OBC
0,2269,Delhi,"AIIMS, Delhi",BIOPHYSICS,AIIMS-All India,OBC
0,2278,Pondicherry,"JIPMER, Puducherry",ANAESTHESIOLOGY,JIMPER-Inst. Pref,INST (JIPMER)
0,2284,Madhya Pradesh,"AIIMS, Bhopal",ANAESTHESIOLOGY,AIIMS-Inst. Pref,UR-AIIMS-IP
0,2293,Uttar Pradesh,"AIIMS, Rai Bareli",ENT,AIIMS-All India,EWS
0,2303,Odisha,"AIIMS, Bhubaneswar",PAEDIATRIC SURGERY 6 YRS,AIIMS-Inst. Pref,UR-AIIMS-IP
0,2313,Rajasthan,"AIIMS, Jodhpur",GENERAL SURGERY,AIIMS-All India,ST
0,2328,Assam,"AIIMS, Guwahati",COMMUNITY & FAMILY MEDICINE,AIIMS-All India,UR
0,2330,Pondicherry,"JIPMER, Puducherry",PATHOLOGY,JIPMER-All India,OBC
0,2335,Pondicherry,"JIPMER, Puducherry",PMR,JIMPER-Inst. Pref,INST (JIPMER)
0,2353,Andhra Pradesh,"AIIMS, Mangalagiri",GENERAL SURGERY,AIIMS-Inst. Pref,UR-AIIMS-IP
0,2373,Madhya Pradesh,"AIIMS, Bhopal",CARDIO THORACIC AND VASCULAR SURGERY 6 YRS,AIIMS-Inst. Pref,UR-AIIMS-IP
0,2381,Pondicherry,"JIPMER, Puducherry",GENERAL SURGERY,JIPMER-All India,SC
0,2390,Chandigarh,"PGIMER, Chandigarh",OBG,PGIMER-All India,SC
0,2401,Rajasthan,"AIIMS, Jodhpur",PAEDIATRIC SURGERY 6 YRS,AIIMS-Inst. Pref,UR-AIIMS-IP
0,2403,Uttarakhand,"AIIMS, Rishikesh",RADIATION ONCOLOGY,AIIMS-Inst. Pref,UR-AIIMS-IP
0,2419,Bihar,"AIIMS, Patna",PAEDIATRICS,AIIMS-All India,SC
0,2420,Himachal Pradesh,"AIIMS, Bilaspur, Himachal",OBG,AIIMS-Inst. Pref,UR-AIIMS-IP
0,2423,Bihar,"AIIMS, Patna",FORENSIC MEDICINE,AIIMS-All India,UR
0,2434,Madhya Pradesh,"AIIMS, Bhopal",FORENSIC MEDICINE,AIIMS-All India,OBC
0,2437,Rajasthan,"AIIMS, Jodhpur",ANAESTHESIOLOGY,AIIMS-Inst. Pref,UR-AIIMS-IP
0,2439,Bihar,"AIIMS, Patna",TRAUMASURG&CC (6 YRS),AIIMS-Inst. Pref,UR-AIIMS-IP
0,2440,Delhi,"AIIMS, Delhi",NUCLEAR MEDICINE,AIIMS-All India,SC
0,2442,Bihar,"AIIMS, Patna",PATHOLOGY,AIIMS-All India,OBC
0,2453,Madhya Pradesh,"AIIMS, Bhopal",PATHOLOGY,AIIMS-All India,OBC
0,2454,Uttar Pradesh,"AIIMS, Rai Bareli",NEUROSURGERY 6 YRS,AIIMS-Inst. Pref,UR-AIIMS-IP
0,2464,Himachal Pradesh,"AIIMS, Bilaspur, Himachal",OPHTHALMOLOGY,AIIMS-Inst. Pref,UR-AIIMS-IP
0,2471,West Bengal,"AIIMS, Kalyani",ENT,AIIMS-Inst. Pref,UR-AIIMS-IP
0,2477,Jharkhand,"AIIMS, Deoghar",FORENSIC MEDICINE,AIIMS-All India,UR
0,2484,Madhya Pradesh,"AIIMS, Bhopal",FAMILY MEDICINE,AIIMS-All India,EWS
0,2486,Chandigarh,"PGIMER, Chandigarh",GENERAL SURGERY,PGIMER-Rural,UR-RA
0,2489,Delhi,"AIIMS, Delhi",HOSPITAL ADMINISTRATION,AIIMS-All India,OBC
0,2491,Assam,"AIIMS, Guwahati",PATHOLOGY,AIIMS-All India,OBC
0,2495,Chhattisgarh,"AIIMS, Raipur",ANAESTHESIOLOGY,AIIMS-Inst. Pref,UR-AIIMS-IP
0,2506,West Bengal,"AIIMS, Kalyani",FORENSIC MEDICINE,AIIMS-All India,UR
0,2508,Bihar,"AIIMS, Patna",MICROBIOLOGY,AIIMS-All India,UR
0,2536,Gujarat,"AIIMS, Rajkot",FORENSIC MEDICINE,AIIMS-All India,OBC
0,2538,Punjab,"AIIMS, Bathinda",ANAESTHESIOLOGY,AIIMS-All India,EWS
0,2542,Himachal Pradesh,"AIIMS, Bilaspur, Himachal",PATHOLOGY,AIIMS-All India,OBC
0,2557,Uttarakhand,"AIIMS, Rishikesh",OPHTHALMOLOGY,AIIMS-Inst. Pref,UR-AIIMS-IP
0,2568,Madhya Pradesh,"AIIMS, Bhopal",ANAESTHESIOLOGY,AIIMS-Inst. Pref,UR-AIIMS-IP
0,2569,Maharashtra,"AIIMS, Nagpur",PATHOLOGY,AIIMS-All India,OBC
0,2574,Chhattisgarh,"AIIMS, Raipur",ANAESTHESIOLOGY,AIIMS-Inst. Pref,UR-AIIMS-IP
0,2575,Pondicherry,"JIPMER, Puducherry",PHARMACOLOGY,JIMPER-Inst. Pref,INST (JIPMER)
0,2607,Jharkhand,"AIIMS, Deoghar",ANAESTHESIOLOGY,AIIMS-All India,EWS
0,2608,Andhra Pradesh,"AIIMS, Mangalagiri",FORENSIC MEDICINE,AIIMS-All India,UR
0,2613,Chhattisgarh,"AIIMS, Raipur",BIOCHEMISTRY,AIIMS-All India,UR
0,2629,Madhya Pradesh,"AIIMS, Bhopal",COMMUNITY MEDICINE,AIIMS-All India,OBC
0,2630,Maharashtra,"AIIMS, Nagpur",PHARMACOLOGY,AIIMS-All India,UR
0,2634,Delhi,"AIIMS, Delhi",ENT,AIIMS-All India,SC
0,2642,Uttar Pradesh,"AIIMS, Gorakhpur",GENERAL SURGERY,AIIMS-Inst. Pref,UR-AIIMS-IP
0,2652,Madhya Pradesh,"AIIMS, Bhopal",NUCLEAR MEDICINE,AIIMS-All India,SC
0,2653,Uttarakhand,"AIIMS, Rishikesh",GERIATRICS,AIIMS-Inst. Pref,UR-AIIMS-IP
0,2666,Rajasthan,"AIIMS, Jodhpur",DERMATOLOGY,AIIMS-All India,SC
0,2674,Karnataka,"NIMHANS, Bangalore",PSYCHIATRY,NIMHANS-All India,SC
0,2687,Delhi,"AIIMS, Delhi",PHARMACOLOGY,AIIMS-All India,OBC
0,2692,Maharashtra,"AIIMS, Nagpur",PAEDIATRICS,AIIMS-All India,SC
0,2701,Rajasthan,"AIIMS, Jodhpur",GENERAL MEDICINE,AIIMS-All India,ST
0,2702,Uttar Pradesh,"AIIMS, Rai Bareli",OPHTHALMOLOGY,AIIMS-Inst. Pref,UR-AIIMS-IP
0,2723,Chhattisgarh,"AIIMS, Raipur",DERMATOLOGY,AIIMS-All India,SC
0,2730,Madhya Pradesh,"AIIMS, Bhopal",PAEDIATRICS,AIIMS-All India,SC
0,2735,Uttarakhand,"AIIMS, Rishikesh",PLASTIC SURGERY 6 YRS,AIIMS-Inst. Pref,UR-AIIMS-IP
0,2743,Uttarakhand,"AIIMS, Rishikesh",OBG,AIIMS-All India,SC
0,2745,Chhattisgarh,"AIIMS, Raipur",ANAESTHESIOLOGY,AIIMS-Inst. Pref,UR-AIIMS-IP
0,2746,Rajasthan,"AIIMS, Jodhpur",COMMUNITY MEDICINE,AIIMS-All India,EWS
0,2753,Odisha,"AIIMS, Bhubaneswar",ENT,AIIMS-Inst. Pref,UR-AIIMS-IP
0,2754,Maharashtra,"AIIMS, Nagpur",PAEDIATRIC SURGERY 6 YRS,AIIMS-Inst. Pref,UR-AIIMS-IP
0,2781,Himachal Pradesh,"AIIMS, Bilaspur, Himachal",IHBT,AIIMS-All India,OBC
0,2782,Chandigarh,"PGIMER, Chandigarh",GENERAL SURGERY,PGIMER-All India,SC
0,2787,Pondicherry,"JIPMER, Puducherry",BIOCHEMISTRY,JIPMER-All India,UR
0,2790,Maharashtra,"AIIMS, Nagpur",PAEDIATRIC SURGERY 6 YRS,AIIMS-Inst. Pref,UR-AIIMS-IP
0,2794,Rajasthan,"AIIMS, Jodhpur",ANAESTHESIOLOGY,AIIMS-Inst. Pref,UR-AIIMS-IP
0,2798,Odisha,"AIIMS, Bhubaneswar",COMMUNITY MEDICINE,AIIMS-All India,OBC
0,2800,Chandigarh,"PGIMER, Chandigarh",ORTHOPAEDICS,PGIMER-All India,SC
0,2803,Odisha,"AIIMS, Bhubaneswar",ANAESTHESIOLOGY,AIIMS-Inst. Pref,UR-AIIMS-IP
0,2809,Delhi,"AIIMS, Delhi",OPHTHALMOLOGY,AIIMS-All India,SC
0,2821,Telangana,"AIIMS, Bibinagar",PATHOLOGY,AIIMS-All India,OBC
0,2823,Delhi,"AIIMS, Delhi",OPHTHALMOLOGY,AIIMS-All India,SC
0,2828,Uttarakhand,"AIIMS, Rishikesh",EMERGENCY MEDICINE,AIIMS-Inst. Pref,UR-AIIMS-IP
0,2830,Pondicherry,"JIPMER, Puducherry",PATHOLOGY,JIPMER-All India,EWS
0,2836,Pondicherry,"JIPMER, Puducherry",BIOCHEMISTRY,JIPMER-All India,UR
0,2837,Chhattisgarh,"AIIMS, Raipur",MICROBIOLOGY,AIIMS-All India,UR
0,2853,Uttarakhand,"AIIMS, Rishikesh",NUCLEAR MEDICINE,AIIMS-All India,SC
0,2862,Andhra Pradesh,"AIIMS, Mangalagiri",OBG,AIIMS-Inst. Pref,UR-AIIMS-IP
0,2890,Jharkhand,"AIIMS, Deoghar",GENERAL SURGERY,AIIMS-Inst. Pref,UR-AIIMS-IP
0,2896,Punjab,"AIIMS, Bathinda",MICROBIOLOGY,AIIMS-All India,UR
0,2914,Maharashtra,"AIIMS, Nagpur",DERMATOLOGY,AIIMS-All India,SC
0,2925,Delhi,"AIIMS, Delhi",COMMUNITY MEDICINE,AIIMS-All India,EWS
0,2929,Telangana,"AIIMS, Bibinagar",FORENSIC MEDICINE,AIIMS-All India,EWS
0,2933,Pondicherry,"JIPMER, Puducherry",ANAESTHESIOLOGY,JIPMER-All India,SC
0,2936,Uttarakhand,"AIIMS, Rishikesh",ANAESTHESIOLOGY,AIIMS-Inst. Pref,UR-AIIMS-IP
0,2944,Punjab,"AIIMS, Bathinda",OBG,AIIMS-Inst. Pref,UR-AIIMS-IP
0,2950,Pondicherry,"JIPMER, Puducherry",EMERGENCY MEDICINE,JIPMER-All India,SC
0,2962,Delhi,"AIIMS, Delhi",COMMUNITY MEDICINE,AIIMS-All India,SC
0,2965,Pondicherry,"JIPMER, Puducherry",MICROBIOLOGY,JIPMER-All India,OBC
0,2969,Andhra Pradesh,"AIIMS, Mangalagiri",MICROBIOLOGY,AIIMS-All India,OBC
0,2978,Pondicherry,"JIPMER, Puducherry",PAEDIATRICS,JIPMER-All India,ST
0,3001,Karnataka,"NIMHANS, Bangalore",PSYCHIATRY,NIMHANS-NE Domicile,OBC-North East Domicile
0,3017,Uttar Pradesh,"AIIMS, Gorakhpur",PATHOLOGY,AIIMS-All India,OBC
0,3018,Punjab,"AIIMS, Bathinda",PHARMACOLOGY,AIIMS-All India,UR
0,3021,Delhi,"AIIMS, Delhi",PAEDIATRICS,AIIMS-All India,ST
0,3036,Punjab,"AIIMS, Bathinda",DERMATOLOGY,AIIMS-All India,SC
0,3037,Maharashtra,"AIIMS, Nagpur",ANAESTHESIOLOGY,AIIMS-Inst. Pref,UR-AIIMS-IP
0,3038,West Bengal,"AIIMS, Kalyani",PHARMACOLOGY,AIIMS-All India,UR
0,3043,Bihar,"AIIMS, Patna",ANAESTHESIOLOGY,AIIMS-Inst. Pref,UR-AIIMS-IP
0,3048,Chandigarh,"PGIMER, Chandigarh",IHBT,PGIMER-All India,OBC
0,3050,Pondicherry,"JIPMER, Puducherry",ANAESTHESIOLOGY,JIPMER-All India,SC
0,3064,Andhra Pradesh,"AIIMS, Mangalagiri",COMMUNITY MEDICINE,AIIMS-All India,OBC
0,3066,Chandigarh,"PGIMER, Chandigarh",PSYCHIATRY,PGIMER-All India,SC
0,3067,Maharashtra,"AIIMS, Nagpur",OBG,AIIMS-All India,SC
0,3087,Assam,"AIIMS, Guwahati",PATHOLOGY,AIIMS-All India,OBC
0,3088,Bihar,"AIIMS, Patna",PMR,AIIMS-All India,OBC
0,3095,Telangana,"AIIMS, Bibinagar",PMR,AIIMS-All India,OBC
0,3120,Bihar,"AIIMS, Patna",PHYSIOLOGY,AIIMS-All India,UR
0,3138,Chandigarh,"PGIMER, Chandigarh",GENERAL SURGERY,PGIMER-All India,SC
0,3155,Chhattisgarh,"AIIMS, Raipur",PMR,AIIMS-All India,EWS
0,3201,Uttar Pradesh,"AIIMS, Rai Bareli",PATHOLOGY,AIIMS-All India,OBC
0,3232,Assam,"AIIMS, Guwahati",PHARMACOLOGY,AIIMS-All India,UR
0,3249,Rajasthan,"AIIMS, Jodhpur",OBG,AIIMS-All India,SC
0,3256,Andhra Pradesh,"AIIMS, Mangalagiri",HOSPITAL ADMINISTRATION,AIIMS-All India,OBC
0,3277,Punjab,"AIIMS, Bathinda",COMMUNITY & FAMILY MEDICINE,AIIMS-All India,OBC
0,3286,Assam,"AIIMS, Guwahati",PHYSIOLOGY,AIIMS-All India,UR
0,3298,Bihar,"AIIMS, Patna",TRAUMASURG&CC (6 YRS),AIIMS-Inst. Pref,UR-AIIMS-IP
0,3356,Chandigarh,"PGIMER, Chandigarh",RADIO DIAGNOSIS,PGIMER-All India,OBC-PwD
0,3359,Odisha,"AIIMS, Bhubaneswar",IHBT,AIIMS-All India,OBC
0,3372,Bihar,"AIIMS, Patna",GENERAL MEDICINE,AIIMS-All India,ST
0,3394,Pondicherry,"JIPMER, Puducherry",PATHOLOGY,JIPMER-All India,EWS
0,3406,Punjab,"AIIMS, Bathinda",PAEDIATRICS,AIIMS-All India,SC
0,3418,Delhi,"AIIMS, Delhi",ANAESTHESIOLOGY,AIIMS-All India,SC
0,3438,Chhattisgarh,"AIIMS, Raipur",FAMILY MEDICINE,AIIMS-Inst. Pref,UR-AIIMS-IP
0,3465,Punjab,"AIIMS, Bathinda",ENT,AIIMS-Inst. Pref,UR-AIIMS-IP
0,3466,Delhi,"AIIMS, Delhi",ANAESTHESIOLOGY,AIIMS-Inst. Pref,UR-AIIMS-IP
0,3500,Andhra Pradesh,"AIIMS, Mangalagiri",FORENSIC MEDICINE,AIIMS-All India,OBC
0,3505,Uttarakhand,"AIIMS, Rishikesh",IHBT,AIIMS-All India,OBC
0,3526,Pondicherry,"JIPMER, Puducherry",ORTHOPAEDICS,JIPMER-All India,SC
0,3550,Gujarat,"AIIMS, Rajkot",DERMATOLOGY,AIIMS-All India,SC
0,3551,Andhra Pradesh,"AIIMS, Mangalagiri",EMERGENCY MEDICINE,AIIMS-Inst. Pref,UR-AIIMS-IP
0,3553,Punjab,"AIIMS, Bathinda",PAEDIATRICS,AIIMS-All India,SC
0,3555,Chandigarh,"PGIMER, Chandigarh",ANAESTHESIOLOGY,PGIMER-Rural,UR-RA
0,3562,Uttarakhand,"AIIMS, Rishikesh",MICROBIOLOGY,AIIMS-All India,OBC
0,3564,Delhi,"AIIMS, Delhi",EMERGENCY MEDICINE,AIIMS-All India,SC
0,3586,Pondicherry,"JIPMER, Puducherry",ENT,JIPMER-All India,SC
0,3595,Delhi,"AIIMS, Delhi",GENERAL SURGERY,AIIMS-All India,SC
0,3603,Karnataka,"NIMHANS, Bangalore",PSYCHIATRY,NIMHANS-All India,SC
0,3618,Delhi,"AIIMS, Delhi",LAB MEDICINE,AIIMS-All India,OBC
0,3649,Delhi,"AIIMS, Delhi",GENERAL SURGERY,AIIMS-All India,SC
0,3655,Odisha,"AIIMS, Bhubaneswar",ANATOMY,AIIMS-All India,UR
0,3661,Punjab,"AIIMS, Bathinda",ORTHOPAEDICS,AIIMS-All India,SC
0,3666,Delhi,"AIIMS, Delhi",ANAESTHESIOLOGY,AIIMS-Inst. Pref,UR-AIIMS-IP
0,3698,Telangana,"AIIMS, Bibinagar",PMR,AIIMS-Inst. Pref,UR-AIIMS-IP
0,3704,Assam,"AIIMS, Guwahati",PMR,AIIMS-All India,OBC
0,3707,Chandigarh,"PGIMER, Chandigarh",HOSPITAL ADMINISTRATION,PGIMER-All India,OBC
0,3735,Assam,"AIIMS, Guwahati",COMMUNITY & FAMILY MEDICINE,AIIMS-All India,OBC
0,3736,Maharashtra,"AIIMS, Nagpur",PATHOLOGY,AIIMS-Inst. Pref,UR-AIIMS-IP
0,3737,Andhra Pradesh,"AIIMS, Mangalagiri",ANAESTHESIOLOGY,AIIMS-Inst. Pref,UR-AIIMS-IP
0,3747,Jharkhand,"AIIMS, Deoghar",ORTHOPAEDICS,AIIMS-Inst. Pref,UR-AIIMS-IP
0,3754,Delhi,"AIIMS, Delhi",HOSPITAL ADMINISTRATION,AIIMS-Inst. Pref,UR-AIIMS-IP
0,3766,Assam,"AIIMS, Guwahati",BIOCHEMISTRY,AIIMS-All India,UR
0,3767,Odisha,"AIIMS, Bhubaneswar",NUCLEAR MEDICINE,AIIMS-All India,SC
0,3782,Odisha,"AIIMS, Bhubaneswar",RADIO DIAGNOSIS,AIIMS-All India,ST
0,3797,Uttar Pradesh,"AIIMS, Gorakhpur",ORTHOPAEDICS,AIIMS-All India,SC
0,3802,Delhi,"AIIMS, Delhi",OBG,AIIMS-All India,ST
0,3809,Rajasthan,"AIIMS, Jodhpur",PATHOLOGY,AIIMS-All India,EWS
0,3823,Uttarakhand,"AIIMS, Rishikesh",RADIATION ONCOLOGY,AIIMS-All India,SC
0,3838,Bihar,"AIIMS, Patna",TRAUMASURG&CC (6 YRS),AIIMS-Inst. Pref,UR-AIIMS-IP
0,3851,Delhi,"AIIMS, Delhi",PSYCHIATRY,AIIMS-All India,UR-PwD
0,3911,Rajasthan,"AIIMS, Jodhpur",ANAESTHESIOLOGY,AIIMS-Inst. Pref,UR-AIIMS-IP
0,3943,Karnataka,"NIMHANS, Bangalore",PSYCHIATRY,NIMHANS-All India,SC
0,3964,Delhi,"AIIMS, Delhi",PALLIATIVE MEDICINE,AIIMS-All India,EWS
0,3973,Andhra Pradesh,"AIIMS, Mangalagiri",NUCLEAR MEDICINE,AIIMS-All India,SC
0,3975,Uttarakhand,"AIIMS, Rishikesh",PHYSIOLOGY,AIIMS-All India,OBC
0,3993,Chandigarh,"PGIMER, Chandigarh",GENERAL SURGERY,PGIMER-All India,SC
0,4007,Gujarat,"AIIMS, Rajkot",RADIO DIAGNOSIS,AIIMS-All India,ST
0,4024,Andhra Pradesh,"AIIMS, Mangalagiri",BIOCHEMISTRY,AIIMS-All India,UR
0,4025,Chhattisgarh,"AIIMS, Raipur",IHBT,AIIMS-All India,OBC
0,4027,Uttarakhand,"AIIMS, Rishikesh",GENERAL SURGERY,AIIMS-All India,SC
0,4033,Madhya Pradesh,"AIIMS, Bhopal",ENT,AIIMS-All India,SC
0,4045,Bihar,"AIIMS, Patna",EMERGENCY MEDICINE,AIIMS-All India,SC
0,4053,Andhra Pradesh,"AIIMS, Mangalagiri",ANATOMY,AIIMS-All India,UR
0,4072,Andhra Pradesh,"AIIMS, Mangalagiri",ANAESTHESIOLOGY,AIIMS-Inst. Pref,UR-AIIMS-IP
0,4079,Chhattisgarh,"AIIMS, Raipur",COMMUNITY MEDICINE,AIIMS-All India,OBC
0,4100,Uttarakhand,"AIIMS, Rishikesh",PSYCHIATRY,AIIMS-All India,SC
0,4103,Assam,"AIIMS, Guwahati",GENERAL SURGERY,AIIMS-All India,SC
0,4122,Rajasthan,"AIIMS, Jodhpur",PHARMACOLOGY,AIIMS-All India,EWS
0,4148,Assam,"AIIMS, Guwahati",PHYSIOLOGY,AIIMS-All India,UR
0,4150,Pondicherry,"JIPMER, Puducherry",PATHOLOGY,JIMPER-Inst. Pref,INST (JIPMER)
0,4153,Pondicherry,"JIPMER, Puducherry",OPHTHALMOLOGY,JIPMER-All India,SC-PwD
0,4158,Uttar Pradesh,"AIIMS, Rai Bareli",EMERGENCY MEDICINE,AIIMS-Inst. Pref,UR-AIIMS-IP
0,4165,Pondicherry,"JIPMER, Puducherry",PHARMACOLOGY,JIPMER-All India,SC
0,4177,Andhra Pradesh,"AIIMS, Mangalagiri",RADIO DIAGNOSIS,AIIMS-All India,ST
0,4180,Jharkhand,"AIIMS, Deoghar",ORTHOPAEDICS,AIIMS-All India,SC
0,4182,Maharashtra,"AIIMS, Nagpur",ENT,AIIMS-All India,SC
0,4187,Bihar,"AIIMS, Patna",ANAESTHESIOLOGY,AIIMS-Inst. Pref,UR-AIIMS-IP
0,4193,Andhra Pradesh,"AIIMS, Mangalagiri",OBG,AIIMS-Inst. Pref,UR-AIIMS-IP
0,4197,Andhra Pradesh,"AIIMS, Mangalagiri",GENERAL MEDICINE,AIIMS-All India,ST
0,4202,Jharkhand,"AIIMS, Deoghar",MICROBIOLOGY,AIIMS-All India,OBC
0,4211,West Bengal,"AIIMS, Kalyani",OPHTHALMOLOGY,AIIMS-All India,SC
0,4214,Rajasthan,"AIIMS, Jodhpur",COMMUNITY MEDICINE,AIIMS-All India,OBC
0,4239,Bihar,"AIIMS, Patna",PATHOLOGY,AIIMS-All India,EWS
0,4252,Bihar,"AIIMS, Patna",ANAESTHESIOLOGY,AIIMS-Inst. Pref,UR-AIIMS-IP
0,4253,Chandigarh,"PGIMER, Chandigarh",ANAESTHESIOLOGY,PGIMER-All India,SC
0,4268,Uttar Pradesh,"AIIMS, Gorakhpur",OBG,AIIMS-All India,SC
0,4269,Uttarakhand,"AIIMS, Rishikesh",GERIATRICS,AIIMS-Inst. Pref,UR-AIIMS-IP
0,4280,Chandigarh,"PGIMER, Chandigarh",ANAESTHESIOLOGY,PGIMER-All India,SC
0,4281,Madhya Pradesh,"AIIMS, Bhopal",GENERAL SURGERY,AIIMS-All India,SC
0,4301,Assam,"AIIMS, Guwahati",ANATOMY,AIIMS-All India,UR
0,4318,Pondicherry,"JIPMER, Puducherry",ANATOMY,JIPMER-All India,OBC-PwD
0,4331,Delhi,"AIIMS, Delhi",ORTHOPAEDICS,AIIMS-All India,ST
0,4340,Jharkhand,"AIIMS, Deoghar",ORTHOPAEDICS,AIIMS-Inst. Pref,UR-AIIMS-IP
0,4358,Assam,"AIIMS, Guwahati",ANATOMY,AIIMS-All India,UR
0,4377,Rajasthan,"AIIMS, Jodhpur",BIOCHEMISTRY,AIIMS-All India,OBC
0,4392,Odisha,"AIIMS, Bhubaneswar",COMMUNITY MEDICINE,AIIMS-All India,OBC
0,4394,Delhi,"AIIMS, Delhi",PHYSIOLOGY,AIIMS-All India,OBC
0,4395,Himachal Pradesh,"AIIMS, Bilaspur, Himachal",GENERAL MEDICINE,AIIMS-All India,ST
0,4400,Odisha,"AIIMS, Bhubaneswar",FORENSIC MEDICINE,AIIMS-All India,OBC
0,4417,Pondicherry,"JIPMER, Puducherry",COMMUNITY MEDICINE,JIMPER-Inst. Pref,INST (JIPMER)
0,4419,Odisha,"AIIMS, Bhubaneswar",HOSPITAL ADMINISTRATION,AIIMS-All India,OBC
0,4427,Bihar,"AIIMS, Patna",COMMUNITY & FAMILY MEDICINE,AIIMS-All India,OBC
0,4463,Chandigarh,"PGIMER, Chandigarh",PAEDIATRICS,PGIMER-All India,ST
0,4468,Delhi,"AIIMS, Delhi",ANAESTHESIOLOGY,AIIMS-All India,SC
0,4472,Jammu and Kashmir,"AIIMS, Jammu",FORENSIC MEDICINE,AIIMS-All India,OBC
0,4490,Maharashtra,"AIIMS, Nagpur",COMMUNITY MEDICINE,AIIMS-All India,EWS
0,4499,Chandigarh,"PGIMER, Chandigarh",MICROBIOLOGY,PGIMER-All India,OBC
0,4521,Madhya Pradesh,"AIIMS, Bhopal",GENERAL SURGERY,AIIMS-All India,ST
0,4545,Punjab,"AIIMS, Bathinda",COMMUNITY & FAMILY MEDICINE,AIIMS-All India,EWS
0,4553,Chhattisgarh,"AIIMS, Raipur",EMERGENCY MEDICINE,AIIMS-All India,SC
0,4567,Andhra Pradesh,"AIIMS, Mangalagiri",ORTHOPAEDICS,AIIMS-All India,SC
0,4593,Gujarat,"AIIMS, Rajkot",PHYSIOLOGY,AIIMS-Inst. Pref,UR-AIIMS-IP
0,4595,Delhi,"AIIMS, Delhi",ENT,AIIMS-Inst. Pref,UR-AIIMS-IP
0,4620,Bihar,"AIIMS, Patna",COMMUNITY & FAMILY MEDICINE,AIIMS-Inst. Pref,UR-AIIMS-IP
0,4632,Delhi,"AIIMS, Delhi",GERIATRICS,AIIMS-All India,SC
0,4635,Jharkhand,"AIIMS, Deoghar",COMMUNITY & FAMILY MEDICINE,AIIMS-All India,OBC
0,4664,Bihar,"AIIMS, Patna",FORENSIC MEDICINE,AIIMS-All India,OBC
0,4691,Uttar Pradesh,"AIIMS, Rai Bareli",ORTHOPAEDICS,AIIMS-All India,SC
0,4736,Punjab,"AIIMS, Bathinda",IHBT,AIIMS-All India,OBC
0,4751,Gujarat,"AIIMS, Rajkot",COMMUNITY & FAMILY MEDICINE,AIIMS-All India,OBC
0,4760,West Bengal,"AIIMS, Kalyani",FORENSIC MEDICINE,AIIMS-All India,OBC
0,4774,Gujarat,"AIIMS, Rajkot",PHARMACOLOGY,AIIMS-All India,OBC
0,4776,Andhra Pradesh,"AIIMS, Mangalagiri",ANAESTHESIOLOGY,AIIMS-Inst. Pref,UR-AIIMS-IP
0,4781,Maharashtra,"AIIMS, Nagpur",COMMUNITY MEDICINE,AIIMS-Inst. Pref,UR-AIIMS-IP
0,4785,Odisha,"AIIMS, Bhubaneswar",PSYCHIATRY,AIIMS-All India,SC
0,4801,Rajasthan,"AIIMS, Jodhpur",ANAESTHESIOLOGY,AIIMS-All India,SC
0,4811,Maharashtra,"AIIMS, Nagpur",GENERAL SURGERY,AIIMS-All India,SC
0,4842,Uttar Pradesh,"AIIMS, Rai Bareli",PAEDIATRIC SURGERY 6 YRS,AIIMS-Inst. Pref,UR-AIIMS-IP
0,4860,Andhra Pradesh,"AIIMS, Mangalagiri",GENERAL SURGERY,AIIMS-All India,SC
0,4866,Delhi,"AIIMS, Delhi",ANATOMY,AIIMS-All India,OBC
0,4884,Andhra Pradesh,"AIIMS, Mangalagiri",OPHTHALMOLOGY,AIIMS-Inst. Pref,UR-AIIMS-IP
0,4887,Rajasthan,"AIIMS, Jodhpur",COMMUNITY MEDICINE,AIIMS-All India,OBC
0,4899,Punjab,"AIIMS, Bathinda",ENT,AIIMS-All India,SC
0,4906,Pondicherry,"JIPMER, Puducherry",OBG,JIPMER-All India,ST
0,4921,Rajasthan,"AIIMS, Jodhpur",ANAESTHESIOLOGY,AIIMS-All India,SC
0,4958,Uttar Pradesh,"AIIMS, Rai Bareli",OBG,AIIMS-All India,SC
0,4974,Pondicherry,"JIPMER, Puducherry",PHYSIOLOGY,JIPMER-All India,OBC
0,4979,Gujarat,"AIIMS, Rajkot",OBG,AIIMS-All India,SC
0,4981,Himachal Pradesh,"AIIMS, Bilaspur, Himachal",OBG,AIIMS-All India,SC
0,4998,Delhi,"AIIMS, Delhi",PHYSIOLOGY,AIIMS-All India,OBC
0,5034,Delhi,"AIIMS, Delhi",LAB MEDICINE,AIIMS-All India,EWS
0,5043,Chhattisgarh,"AIIMS, Raipur",FORENSIC MEDICINE,AIIMS-All India,OBC
0,5080,Himachal Pradesh,"AIIMS, Bilaspur, Himachal",IHBT,AIIMS-All India,EWS
0,5081,Uttarakhand,"AIIMS, Rishikesh",BIOCHEMISTRY,AIIMS-All India,OBC
0,5084,Chhattisgarh,"AIIMS, Raipur",ANATOMY,AIIMS-Inst. Pref,UR-AIIMS-IP
0,5097,Punjab,"AIIMS, Bathinda",EMERGENCY MEDICINE,AIIMS-Inst. Pref,UR-AIIMS-IP
0,5104,Maharashtra,"AIIMS, Nagpur",GENERAL SURGERY,AIIMS-All India,SC
0,5125,Bihar,"AIIMS, Patna",GENERAL SURGERY,AIIMS-All India,SC
0,5141,Himachal Pradesh,"AIIMS, Bilaspur, Himachal",EMERGENCY MEDICINE,AIIMS-All India,SC
0,5147,Uttarakhand,"AIIMS, Rishikesh",PAEDIATRICS,AIIMS-All India,ST
0,5160,Andhra Pradesh,"AIIMS, Mangalagiri",PATHOLOGY,AIIMS-All India,EWS
0,5171,Assam,"AIIMS, Guwahati",RADIO DIAGNOSIS,AIIMS-All India,ST
0,5174,Madhya Pradesh,"AIIMS, Bhopal",PHARMACOLOGY,AIIMS-All India,OBC
0,5198,Pondicherry,"JIPMER, Puducherry",ANATOMY,JIPMER-All India,OBC
0,5200,Karnataka,"NIMHANS, Bangalore",PSYCHIATRY,NIMHANS-KAR Domicile,SC-Karnataka Domicile
0,5231,Jammu and Kashmir,"AIIMS, Jammu",ORTHOPAEDICS,AIIMS-All India,SC
0,5234,Odisha,"AIIMS, Bhubaneswar",IHBT,AIIMS-Inst. Pref,UR-AIIMS-IP
0,5236,Uttar Pradesh,"AIIMS, Gorakhpur",FAMILY MEDICINE,AIIMS-Inst. Pref,UR-AIIMS-IP
0,5243,Maharashtra,"AIIMS, Nagpur",GENERAL MEDICINE,AIIMS-All India,ST
0,5272,Telangana,"AIIMS, Bibinagar",IHBT,AIIMS-Inst. Pref,UR-AIIMS-IP
0,5300,Punjab,"AIIMS, Bathinda",GENERAL MEDICINE,AIIMS-All India,ST
0,5314,Pondicherry,"JIPMER, Puducherry",PATHOLOGY,JIMPER-Inst. Pref,INST (JIPMER)
0,5327,Maharashtra,"AIIMS, Nagpur",EMERGENCY MEDICINE,AIIMS-Inst. Pref,UR-AIIMS-IP
0,5329,Uttar Pradesh,"AIIMS, Gorakhpur",GENERAL SURGERY,AIIMS-All India,SC
0,5349,Jharkhand,"AIIMS, Deoghar",PHARMACOLOGY,AIIMS-All India,OBC
0,5372,Pondicherry,"JIPMER, Puducherry",PATHOLOGY,JIPMER-All India,SC
0,5403,Odisha,"AIIMS, Bhubaneswar",EMERGENCY MEDICINE,AIIMS-All India,SC
0,5410,Maharashtra,"AIIMS, Nagpur",PSYCHIATRY,AIIMS-Inst. Pref,UR-AIIMS-IP
0,5432,Bihar,"AIIMS, Patna",PHARMACOLOGY,AIIMS-Inst. Pref,UR-AIIMS-IP
0,5453,Telangana,"AIIMS, Bibinagar",GENERAL SURGERY,AIIMS-All India,SC
0,5494,Chandigarh,"PGIMER, Chandigarh",OBG,PGIMER-All India,ST
0,5516,Uttarakhand,"AIIMS, Rishikesh",ANAESTHESIOLOGY,AIIMS-All India,SC
0,5527,Gujarat,"AIIMS, Rajkot",PATHOLOGY,AIIMS-All India,EWS
0,5540,Jharkhand,"AIIMS, Deoghar",PATHOLOGY,AIIMS-All India,EWS
0,5544,Delhi,"AIIMS, Delhi",PALLIATIVE MEDICINE,AIIMS-All India,SC
0,5550,Punjab,"AIIMS, Bathinda",OBG,AIIMS-All India,SC
0,5562,Chandigarh,"PGIMER, Chandigarh",HOSPITAL ADMINISTRATION,PGIMER-All India,SC
0,5573,Delhi,"AIIMS, Delhi",PMR,AIIMS-Inst. Pref,UR-AIIMS-IP
0,5586,Punjab,"AIIMS, Bathinda",RADIO DIAGNOSIS,AIIMS-All India,UR-PwD
0,5615,Punjab,"AIIMS, Bathinda",BIOCHEMISTRY,AIIMS-All India,OBC
0,5646,Himachal Pradesh,"AIIMS, Bilaspur, Himachal",TRAUMATOLOGY AND SURGERY,AIIMS-Inst. Pref,UR-AIIMS-IP
0,5667,Bihar,"AIIMS, Patna",BIOCHEMISTRY,AIIMS-All India,OBC
0,5672,Maharashtra,"AIIMS, Nagpur",PAEDIATRICS,AIIMS-All India,ST
0,5746,Delhi,"AIIMS, Delhi",HOSPITAL ADMINISTRATION,AIIMS-Inst. Pref,UR-AIIMS-IP
0,5753,Chandigarh,"PGIMER, Chandigarh",MICROBIOLOGY,PGIMER-All India,OBC
0,5773,Andhra Pradesh,"AIIMS, Mangalagiri",ENT,AIIMS-Inst. Pref,UR-AIIMS-IP
0,5804,Andhra Pradesh,"AIIMS, Mangalagiri",RADIATION ONCOLOGY,AIIMS-Inst. Pref,UR-AIIMS-IP
0,5807,Odisha,"AIIMS, Bhubaneswar",EMERGENCY MEDICINE,AIIMS-All India,SC
0,5816,Madhya Pradesh,"AIIMS, Bhopal",ANAESTHESIOLOGY,AIIMS-All India,SC
0,5840,Uttarakhand,"AIIMS, Rishikesh",RADIATION ONCOLOGY,AIIMS-All India,ST
0,5842,Punjab,"AIIMS, Bathinda",COMMUNITY & FAMILY MEDICINE,AIIMS-Inst. Pref,UR-AIIMS-IP
0,5862,Delhi,"AIIMS, Delhi",OPHTHALMOLOGY,AIIMS-All India,ST
0,5875,Assam,"AIIMS, Guwahati",BIOCHEMISTRY,AIIMS-All India,OBC
0,5884,Punjab,"AIIMS, Bathinda",FORENSIC MEDICINE,AIIMS-All India,OBC
0,5887,Odisha,"AIIMS, Bhubaneswar",OPHTHALMOLOGY,AIIMS-All India,SC
0,5907,Uttarakhand,"AIIMS, Rishikesh",ANAESTHESIOLOGY,AIIMS-All India,SC
0,5916,Odisha,"AIIMS, Bhubaneswar",IHBT,AIIMS-Inst. Pref,UR-AIIMS-IP
0,5951,Jharkhand,"AIIMS, Deoghar",GENERAL SURGERY,AIIMS-All India,SC
0,5960,Jammu and Kashmir,"AIIMS, Jammu",OBG,AIIMS-All India,SC
0,5982,Maharashtra,"AIIMS, Nagpur",ORTHOPAEDICS,AIIMS-All India,ST
0,5986,Madhya Pradesh,"AIIMS, Bhopal",OPHTHALMOLOGY,AIIMS-All India,SC
0,5988,Odisha,"AIIMS, Bhubaneswar",FORENSIC MEDICINE,AIIMS-Inst. Pref,UR-AIIMS-IP
0,5997,Maharashtra,"AIIMS, Nagpur",BIOCHEMISTRY,AIIMS-All India,OBC
0,6003,Pondicherry,"JIPMER, Puducherry",PHYSIOLOGY,JIPMER-All India,EWS
0,6007,Maharashtra,"AIIMS, Nagpur",EMERGENCY MEDICINE,AIIMS-All India,SC
0,6038,Rajasthan,"AIIMS, Jodhpur",MICROBIOLOGY,AIIMS-All India,OBC
0,6058,Pondicherry,"JIPMER, Puducherry",GENERAL SURGERY,JIPMER-All India,ST
0,6070,Chhattisgarh,"AIIMS, Raipur",ANAESTHESIOLOGY,AIIMS-All India,SC
0,6072,Rajasthan,"AIIMS, Jodhpur",ANAESTHESIOLOGY,AIIMS-Inst. Pref,UR-AIIMS-IP
0,6073,Jharkhand,"AIIMS, Deoghar",OBG,AIIMS-All India,SC
0,6075,Madhya Pradesh,"AIIMS, Bhopal",PHYSIOLOGY,AIIMS-All India,OBC
0,6106,Assam,"AIIMS, Guwahati",PATHOLOGY,AIIMS-All India,EWS
0,6128,Jammu and Kashmir,"AIIMS, Jammu",OPHTHALMOLOGY,AIIMS-All India,SC
0,6135,Andhra Pradesh,"AIIMS, Mangalagiri",ENT,AIIMS-Inst. Pref,UR-AIIMS-IP
0,6137,Bihar,"AIIMS, Patna",ANAESTHESIOLOGY,AIIMS-All India,SC
0,6149,Maharashtra,"AIIMS, Nagpur",IHBT,AIIMS-Inst. Pref,UR-AIIMS-IP
0,6236,Chhattisgarh,"AIIMS, Raipur",MICROBIOLOGY,AIIMS-All India,OBC
0,6243,Bihar,"AIIMS, Patna",ANATOMY,AIIMS-All India,OBC
0,6259,Delhi,"AIIMS, Delhi",PATHOLOGY,AIIMS-All India,SC
0,6269,Odisha,"AIIMS, Bhubaneswar",MICROBIOLOGY,AIIMS-All India,EWS
0,6272,Rajasthan,"AIIMS, Jodhpur",PHYSIOLOGY,AIIMS-All India,OBC
0,6296,Maharashtra,"AIIMS, Nagpur",IHBT,AIIMS-All India,SC
0,6334,Madhya Pradesh,"AIIMS, Bhopal",PHARMACOLOGY,AIIMS-All India,EWS
0,6351,Andhra Pradesh,"AIIMS, Mangalagiri",HOSPITAL ADMINISTRATION,AIIMS-Inst. Pref,UR-AIIMS-IP
0,6385,Chhattisgarh,"AIIMS, Raipur",ANATOMY,AIIMS-All India,OBC
0,6398,Madhya Pradesh,"AIIMS, Bhopal",BIOCHEMISTRY,AIIMS-All India,OBC
0,6425,Andhra Pradesh,"AIIMS, Mangalagiri",PAEDIATRICS,AIIMS-All India,ST
0,6431,Punjab,"AIIMS, Bathinda",ANAESTHESIOLOGY,AIIMS-All India,SC
0,6436,Uttar Pradesh,"AIIMS, Gorakhpur",GENERAL MEDICINE,AIIMS-All India,ST
0,6445,Madhya Pradesh,"AIIMS, Bhopal",PHYSIOLOGY,AIIMS-Inst. Pref,UR-AIIMS-IP
0,6496,Bihar,"AIIMS, Patna",PHYSIOLOGY,AIIMS-Inst. Pref,UR-AIIMS-IP
0,6498,Bihar,"AIIMS, Patna",PAEDIATRICS,AIIMS-All India,ST
0,6499,Uttarakhand,"AIIMS, Rishikesh",ANAESTHESIOLOGY,AIIMS-Inst. Pref,UR-AIIMS-IP
0,6506,Jharkhand,"AIIMS, Deoghar",ANAESTHESIOLOGY,AIIMS-All India,SC
0,6515,Gujarat,"AIIMS, Rajkot",ANATOMY,AIIMS-All India,OBC
0,6560,Pondicherry,"JIPMER, Puducherry",PHYSIOLOGY,JIMPER-Inst. Pref,INST (JIPMER)
0,6571,Pondicherry,"JIPMER, Puducherry",IHBT,JIPMER-All India,SC
0,6588,Himachal Pradesh,"AIIMS, Bilaspur, Himachal",PAEDIATRICS,AIIMS-All India,ST
0,6700,Assam,"AIIMS, Guwahati",ANAESTHESIOLOGY,AIIMS-All India,SC
0,6808,Pondicherry,"JIPMER, Puducherry",OBG,JIPMER-All India,ST
0,6812,Punjab,"AIIMS, Bathinda",OBG,AIIMS-Inst. Pref,UR-AIIMS-IP
0,6830,West Bengal,"AIIMS, Kalyani",FORENSIC MEDICINE,AIIMS-All India,EWS
0,6849,Telangana,"AIIMS, Bibinagar",MICROBIOLOGY,AIIMS-Inst. Pref,UR-AIIMS-IP
0,6890,Himachal Pradesh,"AIIMS, Bilaspur, Himachal",PAEDIATRIC SURGERY 6 YRS,AIIMS-Inst. Pref,UR-AIIMS-IP
0,6934,Chandigarh,"PGIMER, Chandigarh",PATHOLOGY,PGIMER-All India,SC
0,6962,Chhattisgarh,"AIIMS, Raipur",ENT,AIIMS-All India,SC
0,7004,Rajasthan,"AIIMS, Jodhpur",PSYCHIATRY,AIIMS-All India,SC
0,7035,Himachal Pradesh,"AIIMS, Bilaspur, Himachal",ANAESTHESIOLOGY,AIIMS-All India,SC
0,7143,Chandigarh,"PGIMER, Chandigarh",IHBT,PGIMER-All India,SC
0,7184,Assam,"AIIMS, Guwahati",PHYSIOLOGY,AIIMS-All India,OBC
0,7196,Maharashtra,"AIIMS, Nagpur",MICROBIOLOGY,AIIMS-Inst. Pref,UR-AIIMS-IP
0,7227,Maharashtra,"AIIMS, Nagpur",PHYSIOLOGY,AIIMS-Inst. Pref,UR-AIIMS-IP
0,7230,Uttarakhand,"AIIMS, Rishikesh",ANATOMY,AIIMS-All India,OBC
0,7291,Bihar,"AIIMS, Patna",ENT,AIIMS-All India,SC
0,7320,Delhi,"AIIMS, Delhi",LAB MEDICINE,AIIMS-All India,SC
0,7326,Chandigarh,"PGIMER, Chandigarh",OPHTHALMOLOGY,PGIMER-All India,ST
0,7366,Delhi,"AIIMS, Delhi",PHYSIOLOGY,AIIMS-All India,EWS
0,7397,Uttar Pradesh,"AIIMS, Rai Bareli",BIOCHEMISTRY,AIIMS-All India,OBC
0,7407,Delhi,"AIIMS, Delhi",BIOPHYSICS,AIIMS-Inst. Pref,UR-AIIMS-IP
0,7421,Delhi,"AIIMS, Delhi",BIOPHYSICS,AIIMS-Inst. Pref,UR-AIIMS-IP
0,7462,Madhya Pradesh,"AIIMS, Bhopal",COMMUNITY MEDICINE,AIIMS-Inst. Pref,UR-AIIMS-IP
0,7465,Chhattisgarh,"AIIMS, Raipur",COMMUNITY MEDICINE,AIIMS-Inst. Pref,UR-AIIMS-IP
0,7519,Himachal Pradesh,"AIIMS, Bilaspur, Himachal",ENT,AIIMS-All India,SC
0,7528,Himachal Pradesh,"AIIMS, Bilaspur, Himachal",TRAUMATOLOGY AND SURGERY,AIIMS-All India,SC
0,7606,Chhattisgarh,"AIIMS, Raipur",OPHTHALMOLOGY,AIIMS-All India,SC
0,7607,Assam,"AIIMS, Guwahati",ANATOMY,AIIMS-All India,OBC
0,7685,Rajasthan,"AIIMS, Jodhpur",OBG,AIIMS-All India,ST
0,7698,Uttar Pradesh,"AIIMS, Rai Bareli",ANAESTHESIOLOGY,AIIMS-Inst. Pref,UR-AIIMS-IP
0,7760,Delhi,"AIIMS, Delhi",BIOPHYSICS,AIIMS-Inst. Pref,UR-AIIMS-IP
0,7793,Madhya Pradesh,"AIIMS, Bhopal",PSYCHIATRY,AIIMS-All India,SC
0,7846,Telangana,"AIIMS, Bibinagar",PHYSIOLOGY,AIIMS-All India,OBC
0,7862,Assam,"AIIMS, Guwahati",ANATOMY,AIIMS-All India,OBC
0,7883,Assam,"AIIMS, Guwahati",OPHTHALMOLOGY,AIIMS-All India,SC
0,7888,Pondicherry,"JIPMER, Puducherry",ANATOMY,JIPMER-All India,SC
0,7896,Himachal Pradesh,"AIIMS, Bilaspur, Himachal",PSYCHIATRY,AIIMS-All India,SC
0,7925,Telangana,"AIIMS, Bibinagar",ANATOMY,AIIMS-All India,OBC
0,7933,Uttar Pradesh,"AIIMS, Gorakhpur",COMMUNITY & FAMILY MEDICINE,AIIMS-Inst. Pref,UR-AIIMS-IP
0,8019,Rajasthan,"AIIMS, Jodhpur",MICROBIOLOGY,AIIMS-All India,EWS
0,8049,Bihar,"AIIMS, Patna",BIOCHEMISTRY,AIIMS-Inst. Pref,UR-AIIMS-IP
0,8089,Punjab,"AIIMS, Bathinda",ORTHOPAEDICS,AIIMS-Inst. Pref,UR-AIIMS-IP
0,8090,Andhra Pradesh,"AIIMS, Mangalagiri",ANATOMY,AIIMS-All India,OBC
0,8117,Uttar Pradesh,"AIIMS, Rai Bareli",PSYCHIATRY,AIIMS-All India,SC
0,8123,Uttarakhand,"AIIMS, Rishikesh",TRAUMASURG&CC (6 YRS),AIIMS-Inst. Pref,UR-AIIMS-IP
0,8279,Odisha,"AIIMS, Bhubaneswar",PHYSIOLOGY,AIIMS-Inst. Pref,UR-AIIMS-IP
0,8281,Jharkhand,"AIIMS, Deoghar",PHYSIOLOGY,AIIMS-All India,OBC
0,8318,Karnataka,"NIMHANS, Bangalore",PSYCHIATRY,NIMHANS-All India,ST
0,8336,Maharashtra,"AIIMS, Nagpur",ANATOMY,AIIMS-All India,OBC
0,8339,Chhattisgarh,"AIIMS, Raipur",PHARMACOLOGY,AIIMS-Inst. Pref,UR-AIIMS-IP
0,8405,Rajasthan,"AIIMS, Jodhpur",PATHOLOGY,AIIMS-All India,SC
0,8419,Punjab,"AIIMS, Bathinda",PAEDIATRICS,AIIMS-All India,ST
0,8434,Delhi,"AIIMS, Delhi",PMR,AIIMS-Inst. Pref,UR-AIIMS-IP
0,8446,Jharkhand,"AIIMS, Deoghar",ANATOMY,AIIMS-All India,OBC
0,8462,Maharashtra,"AIIMS, Nagpur",PATHOLOGY,AIIMS-All India,SC
0,8472,Bihar,"AIIMS, Patna",OBG,AIIMS-All India,ST
0,8483,Odisha,"AIIMS, Bhubaneswar",PMR,AIIMS-All India,SC
0,8547,West Bengal,"AIIMS, Kalyani",ANATOMY,AIIMS-All India,OBC
0,8633,Gujarat,"AIIMS, Rajkot",ANATOMY,AIIMS-All India,EWS
0,8687,Uttar Pradesh,"AIIMS, Gorakhpur",FORENSIC MEDICINE,AIIMS-Inst. Pref,UR-AIIMS-IP
0,8725,West Bengal,"AIIMS, Kalyani",ANATOMY,AIIMS-All India,OBC
0,8736,Delhi,"AIIMS, Delhi",PSYCHIATRY,AIIMS-All India,ST
0,8759,Madhya Pradesh,"AIIMS, Bhopal",MICROBIOLOGY,AIIMS-All India,EWS
0,8781,Uttarakhand,"AIIMS, Rishikesh",IHBT,AIIMS-Inst. Pref,UR-AIIMS-IP
0,8806,Himachal Pradesh,"AIIMS, Bilaspur, Himachal",EMERGENCY MEDICINE,AIIMS-Inst. Pref,UR-AIIMS-IP
0,8822,Madhya Pradesh,"AIIMS, Bhopal",PATHOLOGY,AIIMS-All India,SC
0,8825,Chhattisgarh,"AIIMS, Raipur",PSYCHIATRY,AIIMS-All India,ST
0,8826,Bihar,"AIIMS, Patna",ANATOMY,AIIMS-Inst. Pref,UR-AIIMS-IP
0,8832,Pondicherry,"JIPMER, Puducherry",RADIATION ONCOLOGY,JIPMER-All India,ST
0,8840,Pondicherry,"JIPMER, Puducherry",PSYCHIATRY,JIPMER-All India,ST
0,8854,Chandigarh,"PGIMER, Chandigarh",PAEDIATRICS,PGIMER-All India,UR-PwD
0,8862,Rajasthan,"AIIMS, Jodhpur",COMMUNITY MEDICINE,AIIMS-All India,SC
0,8904,Pondicherry,"JIPMER, Puducherry",MICROBIOLOGY,JIPMER-All India,SC
0,8921,Jharkhand,"AIIMS, Deoghar",PAEDIATRIC SURGERY 6 YRS,AIIMS-Inst. Pref,UR-AIIMS-IP
0,8923,Telangana,"AIIMS, Bibinagar",PATHOLOGY,AIIMS-All India,SC
0,9011,Chhattisgarh,"AIIMS, Raipur",GENERAL SURGERY,AIIMS-All India,ST
0,9020,Punjab,"AIIMS, Bathinda",GENERAL SURGERY,AIIMS-All India,ST
0,9040,Maharashtra,"AIIMS, Nagpur",OBG,AIIMS-All India,ST
0,9166,Jammu and Kashmir,"AIIMS, Jammu",NEUROSURGERY 6 YRS,AIIMS-Inst. Pref,UR-AIIMS-IP
0,9215,Delhi,"AIIMS, Delhi",ANAESTHESIOLOGY,AIIMS-All India,ST
0,9267,Jammu and Kashmir,"AIIMS, Jammu",ORTHOPAEDICS,AIIMS-Inst. Pref,UR-AIIMS-IP
0,9287,Andhra Pradesh,"AIIMS, Mangalagiri",PMR,AIIMS-Inst. Pref,UR-AIIMS-IP
0,9292,Delhi,"AIIMS, Delhi",EMERGENCY MEDICINE,AIIMS-All India,ST
0,9329,Gujarat,"AIIMS, Rajkot",FAMILY MEDICINE,AIIMS-All India,SC
0,9335,Uttarakhand,"AIIMS, Rishikesh",PHYSIOLOGY,AIIMS-All India,EWS
0,9348,Jharkhand,"AIIMS, Deoghar",PAEDIATRIC SURGERY 6 YRS,AIIMS-Inst. Pref,UR-AIIMS-IP
0,9378,Madhya Pradesh,"AIIMS, Bhopal",IHBT,AIIMS-Inst. Pref,UR-AIIMS-IP
0,9398,Delhi,"AIIMS, Delhi",BIOPHYSICS,AIIMS-All India,SC
0,9423,Andhra Pradesh,"AIIMS, Mangalagiri",COMMUNITY MEDICINE,AIIMS-Inst. Pref,UR-AIIMS-IP
0,9437,Jammu and Kashmir,"AIIMS, Jammu",FAMILY MEDICINE,AIIMS-All India,SC
0,9482,Madhya Pradesh,"AIIMS, Bhopal",ORTHOPAEDICS,AIIMS-All India,ST
0,9489,Maharashtra,"AIIMS, Nagpur",PHARMACOLOGY,AIIMS-Inst. Pref,UR-AIIMS-IP
0,9572,Chandigarh,"PGIMER, Chandigarh",ANAESTHESIOLOGY,PGIMER-All India,ST
0,9595,Madhya Pradesh,"AIIMS, Bhopal",FORENSIC MEDICINE,AIIMS-All India,SC
0,9641,Pondicherry,"JIPMER, Puducherry",BIOCHEMISTRY,JIPMER-All India,SC
0,9643,Jammu and Kashmir,"AIIMS, Jammu",ENT,AIIMS-Inst. Pref,UR-AIIMS-IP
0,9689,Gujarat,"AIIMS, Rajkot",ORTHOPAEDICS,AIIMS-All India,ST
0,9740,Rajasthan,"AIIMS, Jodhpur",OPHTHALMOLOGY,AIIMS-All India,ST
0,9812,Punjab,"AIIMS, Bathinda",OBG,AIIMS-All India,ST
0,9867,Chhattisgarh,"AIIMS, Raipur",IHBT,AIIMS-All India,SC
0,9868,Delhi,"AIIMS, Delhi",ANAESTHESIOLOGY,AIIMS-All India,ST
0,9874,Delhi,"AIIMS, Delhi",PMR,AIIMS-All India,SC
0,9996,Chhattisgarh,"AIIMS, Raipur",PATHOLOGY,AIIMS-All India,SC
0,10025,Odisha,"AIIMS, Bhubaneswar",OPHTHALMOLOGY,AIIMS-All India,ST
0,10036,Maharashtra,"AIIMS, Nagpur",GENERAL SURGERY,AIIMS-All India,ST
0,10049,Jharkhand,"AIIMS, Deoghar",GENERAL SURGERY,AIIMS-All India,ST
0,10075,Pondicherry,"JIPMER, Puducherry",PHYSIOLOGY,JIMPER-Inst. Pref,INST (JIPMER)
0,10482,Rajasthan,"AIIMS, Jodhpur",COMMUNITY MEDICINE,AIIMS-Inst. Pref,UR-AIIMS-IP
0,10509,Jammu and Kashmir,"AIIMS, Jammu",ANAESTHESIOLOGY,AIIMS-All India,ST
0,10559,Uttarakhand,"AIIMS, Rishikesh",ANAESTHESIOLOGY,AIIMS-All India,ST
0,10567,Odisha,"AIIMS, Bhubaneswar",PHYSIOLOGY,AIIMS-All India,EWS
0,10594,Assam,"AIIMS, Guwahati",FORENSIC MEDICINE,AIIMS-All India,SC
0,10598,Rajasthan,"AIIMS, Jodhpur",ANAESTHESIOLOGY,AIIMS-All India,ST
0,10625,Pondicherry,"JIPMER, Puducherry",ANATOMY,JIMPER-Inst. Pref,INST (JIPMER)
0,10739,Rajasthan,"AIIMS, Jodhpur",COMMUNITY MEDICINE,AIIMS-All India,SC
0,10761,Assam,"AIIMS, Guwahati",FORENSIC MEDICINE,AIIMS-All India,EWS
0,10814,Bihar,"AIIMS, Patna",COMMUNITY & FAMILY MEDICINE,AIIMS-All India,SC
0,10967,Bihar,"AIIMS, Patna",ANAESTHESIOLOGY,AIIMS-All India,ST
0,10974,Jharkhand,"AIIMS, Deoghar",GENERAL MEDICINE,AIIMS-All India,UR-PwD
0,11020,Andhra Pradesh,"AIIMS, Mangalagiri",IHBT,AIIMS-Inst. Pref,UR-AIIMS-IP
0,11031,Uttarakhand,"AIIMS, Rishikesh",PMR,AIIMS-All India,SC
0,11087,Punjab,"AIIMS, Bathinda",PAEDIATRIC SURGERY 6 YRS,AIIMS-Inst. Pref,UR-AIIMS-IP
0,11182,Chhattisgarh,"AIIMS, Raipur",BIOCHEMISTRY,AIIMS-All India,EWS
0,11246,Odisha,"AIIMS, Bhubaneswar",PATHOLOGY,AIIMS-All India,SC
0,11259,Punjab,"AIIMS, Bathinda",ANAESTHESIOLOGY,AIIMS-All India,ST
0,11337,Jharkhand,"AIIMS, Deoghar",ANAESTHESIOLOGY,AIIMS-All India,ST
0,11450,Madhya Pradesh,"AIIMS, Bhopal",ENT,AIIMS-All India,ST
0,11538,Odisha,"AIIMS, Bhubaneswar",BIOCHEMISTRY,AIIMS-All India,EWS
0,11556,Andhra Pradesh,"AIIMS, Mangalagiri",PHARMACOLOGY,AIIMS-All India,SC
0,11563,Maharashtra,"AIIMS, Nagpur",MICROBIOLOGY,AIIMS-All India,EWS
0,11712,Rajasthan,"AIIMS, Jodhpur",PATHOLOGY,AIIMS-All India,ST
0,11731,Jharkhand,"AIIMS, Deoghar",PMR,AIIMS-All India,SC
0,11881,Delhi,"AIIMS, Delhi",PALLIATIVE MEDICINE,AIIMS-All India,ST
0,11981,Jharkhand,"AIIMS, Deoghar",ENT,AIIMS-All India,ST
0,12100,Madhya Pradesh,"AIIMS, Bhopal",ANATOMY,AIIMS-Inst. Pref,UR-AIIMS-IP
0,12149,Rajasthan,"AIIMS, Jodhpur",ANATOMY,AIIMS-All India,SC
0,12200,Delhi,"AIIMS, Delhi",COMMUNITY MEDICINE,AIIMS-All India,ST
0,12247,West Bengal,"AIIMS, Kalyani",BIOCHEMISTRY,AIIMS-All India,EWS
0,12322,Bihar,"AIIMS, Patna",PATHOLOGY,AIIMS-All India,SC
0,12330,Rajasthan,"AIIMS, Jodhpur",HOSPITAL ADMINISTRATION,AIIMS-Inst. Pref,UR-AIIMS-IP
0,12427,Delhi,"AIIMS, Delhi",LAB MEDICINE,AIIMS-All India,ST
0,12466,Andhra Pradesh,"AIIMS, Mangalagiri",PMR,AIIMS-All India,SC
0,12540,Uttar Pradesh,"AIIMS, Gorakhpur",RADIATION ONCOLOGY,AIIMS-All India,ST
0,12576,Uttar Pradesh,"AIIMS, Rai Bareli",ANAESTHESIOLOGY,AIIMS-Inst. Pref,UR-AIIMS-IP
0,12635,Chandigarh,"PGIMER, Chandigarh",GENERAL MEDICINE,PGIMER-All India,UR-PwD
0,12738,Chhattisgarh,"AIIMS, Raipur",COMMUNITY MEDICINE,AIIMS-All India,SC
0,12767,Jammu and Kashmir,"AIIMS, Jammu",MICROBIOLOGY,AIIMS-All India,EWS
0,12864,Punjab,"AIIMS, Bathinda",ANAESTHESIOLOGY,AIIMS-Inst. Pref,UR-AIIMS-IP
0,12866,Delhi,"AIIMS, Delhi",HOSPITAL ADMINISTRATION,AIIMS-All India,SC
0,12943,Himachal Pradesh,"AIIMS, Bilaspur, Himachal",COMMUNITY & FAMILY MEDICINE,AIIMS-All India,SC
0,12948,West Bengal,"AIIMS, Kalyani",MICROBIOLOGY,AIIMS-All India,EWS
0,12953,Assam,"AIIMS, Guwahati",MICROBIOLOGY,AIIMS-All India,EWS
0,12964,Delhi,"AIIMS, Delhi",PHYSIOLOGY,AIIMS-All India,SC
0,13004,Pondicherry,"JIPMER, Puducherry",COMMUNITY MEDICINE,JIPMER-All India,ST
0,13059,Punjab,"AIIMS, Bathinda",PATHOLOGY,AIIMS-Inst. Pref,UR-AIIMS-IP
0,13063,Jammu and Kashmir,"AIIMS, Jammu",RADIATION ONCOLOGY,AIIMS-All India,ST
0,13067,Delhi,"AIIMS, Delhi",PAEDIATRICS,AIIMS-All India,UR-PwD
0,13351,Assam,"AIIMS, Guwahati",BIOCHEMISTRY,AIIMS-All India,SC
0,13444,Jharkhand,"AIIMS, Deoghar",ANAESTHESIOLOGY,AIIMS-Inst. Pref,UR-AIIMS-IP
0,13506,Uttarakhand,"AIIMS, Rishikesh",IHBT,AIIMS-All India,ST
0,13524,Jharkhand,"AIIMS, Deoghar",PATHOLOGY,AIIMS-All India,SC
0,13595,Uttarakhand,"AIIMS, Rishikesh",PATHOLOGY,AIIMS-Inst. Pref,UR-AIIMS-IP
0,13639,Madhya Pradesh,"AIIMS, Bhopal",ANATOMY,AIIMS-All India,SC
0,13781,Assam,"AIIMS, Guwahati",PATHOLOGY,AIIMS-All India,SC
0,13872,Rajasthan,"AIIMS, Jodhpur",BIOCHEMISTRY,AIIMS-All India,SC
0,13919,Rajasthan,"AIIMS, Jodhpur",PMR,AIIMS-Inst. Pref,UR-AIIMS-IP
0,14038,Odisha,"AIIMS, Bhubaneswar",ANATOMY,AIIMS-Inst. Pref,UR-AIIMS-IP
0,14051,Punjab,"AIIMS, Bathinda",HOSPITAL ADMINISTRATION,AIIMS-Inst. Pref,UR-AIIMS-IP
0,14087,Assam,"AIIMS, Guwahati",PHYSIOLOGY,AIIMS-All India,EWS
0,14123,Chhattisgarh,"AIIMS, Raipur",COMMUNITY MEDICINE,AIIMS-Inst. Pref,UR-AIIMS-IP
0,14410,West Bengal,"AIIMS, Kalyani",PHYSIOLOGY,AIIMS-All India,SC
0,14415,Madhya Pradesh,"AIIMS, Bhopal",MICROBIOLOGY,AIIMS-Inst. Pref,UR-AIIMS-IP
0,14455,Jharkhand,"AIIMS, Deoghar",COMMUNITY & FAMILY MEDICINE,AIIMS-All India,SC
0,14458,Himachal Pradesh,"AIIMS, Bilaspur, Himachal",EMERGENCY MEDICINE,AIIMS-Inst. Pref,UR-AIIMS-IP
0,14529,Rajasthan,"AIIMS, Jodhpur",MICROBIOLOGY,AIIMS-All India,SC
0,14547,Odisha,"AIIMS, Bhubaneswar",MICROBIOLOGY,AIIMS-All India,SC
0,14570,Gujarat,"AIIMS, Rajkot",MICROBIOLOGY,AIIMS-All India,SC
0,14640,Chhattisgarh,"AIIMS, Raipur",PHYSIOLOGY,AIIMS-Inst. Pref,UR-AIIMS-IP
0,14697,Assam,"AIIMS, Guwahati",ANATOMY,AIIMS-All India,EWS
0,14715,West Bengal,"AIIMS, Kalyani",ANATOMY,AIIMS-All India,SC
0,14762,Odisha,"AIIMS, Bhubaneswar",PHYSIOLOGY,AIIMS-All India,SC
0,14809,Chhattisgarh,"AIIMS, Raipur",MICROBIOLOGY,AIIMS-All India,SC
0,14813,Rajasthan,"AIIMS, Jodhpur",COMMUNITY MEDICINE,AIIMS-All India,ST
0,15027,Uttar Pradesh,"AIIMS, Rai Bareli",IHBT,AIIMS-All India,ST
0,15038,Pondicherry,"JIPMER, Puducherry",PATHOLOGY,JIPMER-All India,ST
0,15196,Andhra Pradesh,"AIIMS, Mangalagiri",MICROBIOLOGY,AIIMS-Inst. Pref,UR-AIIMS-IP
0,15198,Jharkhand,"AIIMS, Deoghar",COMMUNITY & FAMILY MEDICINE,AIIMS-All India,ST
0,15444,Rajasthan,"AIIMS, Jodhpur",MICROBIOLOGY,AIIMS-Inst. Pref,UR-AIIMS-IP
0,15484,Maharashtra,"AIIMS, Nagpur",PATHOLOGY,AIIMS-All India,ST
0,15511,Maharashtra,"AIIMS, Nagpur",MICROBIOLOGY,AIIMS-All India,SC
0,15532,Madhya Pradesh,"AIIMS, Bhopal",MICROBIOLOGY,AIIMS-Inst. Pref,UR-AIIMS-IP
0,15734,Uttar Pradesh,"AIIMS, Rai Bareli",COMMUNITY MEDICINE,AIIMS-Inst. Pref,UR-AIIMS-IP
0,15827,Odisha,"AIIMS, Bhubaneswar",BIOCHEMISTRY,AIIMS-All India,SC
0,15862,Punjab,"AIIMS, Bathinda",MICROBIOLOGY,AIIMS-All India,SC
0,16023,Maharashtra,"AIIMS, Nagpur",BIOCHEMISTRY,AIIMS-All India,SC
0,16312,Delhi,"AIIMS, Delhi",IHBT,AIIMS-Inst. Pref,UR-AIIMS-IP
0,16324,Odisha,"AIIMS, Bhubaneswar",PATHOLOGY,AIIMS-All India,ST
0,16448,Himachal Pradesh,"AIIMS, Bilaspur, Himachal",TRAUMATOLOGY AND SURGERY,AIIMS-Inst. Pref,UR-AIIMS-IP
0,16449,Delhi,"AIIMS, Delhi",MICROBIOLOGY,AIIMS-Inst. Pref,UR-AIIMS-IP
0,16639,Punjab,"AIIMS, Bathinda",BIOCHEMISTRY,AIIMS-Inst. Pref,UR-AIIMS-IP
0,16835,Himachal Pradesh,"AIIMS, Bilaspur, Himachal",PATHOLOGY,AIIMS-All India,ST
0,16943,Rajasthan,"AIIMS, Jodhpur",COMMUNITY MEDICINE,AIIMS-Inst. Pref,UR-AIIMS-IP
0,17084,Madhya Pradesh,"AIIMS, Bhopal",PATHOLOGY,AIIMS-All India,ST
0,17092,West Bengal,"AIIMS, Kalyani",ANATOMY,AIIMS-Inst. Pref,UR-AIIMS-IP
0,17114,West Bengal,"AIIMS, Kalyani",PHYSIOLOGY,AIIMS-Inst. Pref,UR-AIIMS-IP
0,17176,Bihar,"AIIMS, Patna",PATHOLOGY,AIIMS-All India,ST
0,17751,Punjab,"AIIMS, Bathinda",PHYSIOLOGY,AIIMS-Inst. Pref,UR-AIIMS-IP
0,17771,Assam,"AIIMS, Guwahati",PHYSIOLOGY,AIIMS-All India,SC
0,17996,Chhattisgarh,"AIIMS, Raipur",PATHOLOGY,AIIMS-All India,ST
0,18064,West Bengal,"AIIMS, Kalyani",PATHOLOGY,AIIMS-All India,ST
0,18136,Gujarat,"AIIMS, Rajkot",ANATOMY,AIIMS-Inst. Pref,UR-AIIMS-IP
0,18226,Assam,"AIIMS, Guwahati",BIOCHEMISTRY,AIIMS-All India,SC
0,18301,Delhi,"AIIMS, Delhi",PHARMACOLOGY,AIIMS-Inst. Pref,UR-AIIMS-IP
0,18494,Telangana,"AIIMS, Bibinagar",FORENSIC MEDICINE,AIIMS-All India,ST
0,18902,Assam,"AIIMS, Guwahati",PATHOLOGY,AIIMS-All India,ST
0,18927,Maharashtra,"AIIMS, Nagpur",MICROBIOLOGY,AIIMS-Inst. Pref,UR-AIIMS-IP
0,19580,Chandigarh,"PGIMER, Chandigarh",MICROBIOLOGY,PGIMER-All India,ST
0,19806,Madhya Pradesh,"AIIMS, Bhopal",BIOCHEMISTRY,AIIMS-All India,ST
0,19836,Pondicherry,"JIPMER, Puducherry",ANATOMY,JIPMER-All India,ST
0,19883,Rajasthan,"AIIMS, Jodhpur",COMMUNITY MEDICINE,AIIMS-Inst. Pref,UR-AIIMS-IP
0,20048,Delhi,"AIIMS, Delhi",PHYSIOLOGY,AIIMS-Inst. Pref,UR-AIIMS-IP
0,20203,Andhra Pradesh,"AIIMS, Mangalagiri",IHBT,AIIMS-All India,ST
0,20280,Uttarakhand,"AIIMS, Rishikesh",PATHOLOGY,AIIMS-Inst. Pref,UR-AIIMS-IP
0,20331,Jharkhand,"AIIMS, Deoghar",COMMUNITY & FAMILY MEDICINE,AIIMS-Inst. Pref,UR-AIIMS-IP
0,20356,Delhi,"AIIMS, Delhi",GENERAL SURGERY,AIIMS-All India,UR-PwD
0,20429,Rajasthan,"AIIMS, Jodhpur",PHARMACOLOGY,AIIMS-Inst. Pref,UR-AIIMS-IP
0,20665,Odisha,"AIIMS, Bhubaneswar",PHARMACOLOGY,AIIMS-All India,ST
0,20699,Delhi,"AIIMS, Delhi",PHYSIOLOGY,AIIMS-All India,ST
0,21400,Uttar Pradesh,"AIIMS, Rai Bareli",MICROBIOLOGY,AIIMS-All India,ST
0,21579,Assam,"AIIMS, Guwahati",MICROBIOLOGY,AIIMS-All India,ST
0,21904,Punjab,"AIIMS, Bathinda",GENERAL MEDICINE,AIIMS-All India,SC-PwD
0,21928,Punjab,"AIIMS, Bathinda",ANATOMY,AIIMS-Inst. Pref,UR-AIIMS-IP
0,21969,Assam,"AIIMS, Guwahati",PAEDIATRICS,AIIMS-Inst. Pref,UR-AIIMS-IP
0,23661,Bihar,"AIIMS, Patna",PSYCHIATRY,AIIMS-All India,UR-PwD
0,24610,Odisha,"AIIMS, Bhubaneswar",ANATOMY,AIIMS-All India,ST
0,24956,Uttarakhand,"AIIMS, Rishikesh",MICROBIOLOGY,AIIMS-Inst. Pref,UR-AIIMS-IP
0,25206,Uttar Pradesh,"AIIMS, Rai Bareli",FORENSIC MEDICINE,AIIMS-Inst. Pref,UR-AIIMS-IP
0,25612,Uttarakhand,"AIIMS, Rishikesh",ANATOMY,AIIMS-All India,ST
0,25818,Rajasthan,"AIIMS, Jodhpur",COMMUNITY MEDICINE,AIIMS-All India,UR-PwD
0,25934,Delhi,"AIIMS, Delhi",FORENSIC MEDICINE,AIIMS-Inst. Pref,UR-AIIMS-IP
0,26291,Telangana,"AIIMS, Bibinagar",PHYSIOLOGY,AIIMS-All India,ST
0,26477,Delhi,"AIIMS, Delhi",ANAESTHESIOLOGY,AIIMS-All India,UR-PwD
0,26935,Chhattisgarh,"AIIMS, Raipur",PHYSIOLOGY,AIIMS-All India,ST
0,27168,Uttarakhand,"AIIMS, Rishikesh",BIOCHEMISTRY,AIIMS-Inst. Pref,UR-AIIMS-IP
0,28093,Rajasthan,"AIIMS, Jodhpur",PSYCHIATRY,AIIMS-All India,OBC-PwD
0,28285,Maharashtra,"AIIMS, Nagpur",GENERAL MEDICINE,AIIMS-All India,SC-PwD
0,28729,Andhra Pradesh,"AIIMS, Mangalagiri",GENERAL MEDICINE,AIIMS-All India,OBC-PwD
0,29144,Chhattisgarh,"AIIMS, Raipur",PHARMACOLOGY,AIIMS-All India,ST
0,29232,Chhattisgarh,"AIIMS, Raipur",NUCLEAR MEDICINE,AIIMS-All India,UR-PwD
0,29257,Assam,"AIIMS, Guwahati",PATHOLOGY,AIIMS-Inst. Pref,UR-AIIMS-IP
0,29259,Assam,"AIIMS, Guwahati",BIOCHEMISTRY,AIIMS-All India,ST
0,29339,Bihar,"AIIMS, Patna",OBG,AIIMS-All India,SC-PwD
0,29373,Jammu and Kashmir,"AIIMS, Jammu",PAEDIATRIC SURGERY 6 YRS,AIIMS-Inst. Pref,UR-AIIMS-IP
0,30967,Gujarat,"AIIMS, Rajkot",PAEDIATRICS,AIIMS-All India,UR-PwD
0,31358,Delhi,"AIIMS, Delhi",OPHTHALMOLOGY,AIIMS-All India,UR-PwD
0,31428,West Bengal,"AIIMS, Kalyani",ANATOMY,AIIMS-All India,ST
0,32444,Delhi,"AIIMS, Delhi",PHARMACOLOGY,AIIMS-All India,UR-PwD
0,32546,Maharashtra,"AIIMS, Nagpur",PAEDIATRICS,AIIMS-All India,UR-PwD
0,32826,Jharkhand,"AIIMS, Deoghar",PHARMACOLOGY,AIIMS-All India,ST
0,33047,Delhi,"AIIMS, Delhi",OBG,AIIMS-All India,UR-PwD
0,33419,Karnataka,"NIMHANS, Bangalore",PSYCHIATRY,NIMHANS-KAR Domicile,UR-PwD-Karnataka Domicile
0,33441,Karnataka,"NIMHANS, Bangalore",PSYCHIATRY,NIMHANS-All India,UR-PwD
0,33715,Rajasthan,"AIIMS, Jodhpur",ENT,AIIMS-All India,UR-PwD
0,34326,Uttar Pradesh,"AIIMS, Rai Bareli",ANAESTHESIOLOGY,AIIMS-All India,UR-PwD
0,35294,Punjab,"AIIMS, Bathinda",ORTHOPAEDICS,AIIMS-All India,UR-PwD
0,36555,Jammu and Kashmir,"AIIMS, Jammu",EMERGENCY MEDICINE,AIIMS-Inst. Pref,UR-AIIMS-IP
0,36921,Delhi,"AIIMS, Delhi",PHYSIOLOGY,AIIMS-Inst. Pref,UR-AIIMS-IP
0,37059,Uttarakhand,"AIIMS, Rishikesh",OBG,AIIMS-All India,UR-PwD
0,37270,Jammu and Kashmir,"AIIMS, Jammu",COMMUNITY MEDICINE,AIIMS-Inst. Pref,UR-AIIMS-IP
0,38007,Assam,"AIIMS, Guwahati",PSYCHIATRY,AIIMS-Inst. Pref,UR-AIIMS-IP
0,38343,Delhi,"AIIMS, Delhi",BIOCHEMISTRY,AIIMS-All India,UR-PwD
0,38881,Pondicherry,"JIPMER, Puducherry",GENERAL MEDICINE,JIPMER-All India,ST-PwD
0,39823,Chhattisgarh,"AIIMS, Raipur",ANAESTHESIOLOGY,AIIMS-All India,OBC-PwD
0,41824,Himachal Pradesh,"AIIMS, Bilaspur, Himachal",OBG,AIIMS-All India,OBC-PwD
0,43041,Pondicherry,"JIPMER, Puducherry",PSYCHIATRY,JIPMER-All India,OBC-PwD
0,43208,Jharkhand,"AIIMS, Deoghar",BIOCHEMISTRY,AIIMS-Inst. Pref,UR-AIIMS-IP
0,44371,Jharkhand,"AIIMS, Deoghar",MICROBIOLOGY,AIIMS-Inst. Pref,UR-AIIMS-IP
0,45741,Jharkhand,"AIIMS, Deoghar",BIOCHEMISTRY,AIIMS-Inst. Pref,UR-AIIMS-IP
0,45831,Chhattisgarh,"AIIMS, Raipur",EMERGENCY MEDICINE,AIIMS-All India,UR-PwD
0,46240,Chandigarh,"PGIMER, Chandigarh",OBG,PGIMER-All India,OBC-PwD
0,46834,Chandigarh,"PGIMER, Chandigarh",ANAESTHESIOLOGY,PGIMER-All India,UR-PwD
0,47417,Odisha,"AIIMS, Bhubaneswar",PATHOLOGY,AIIMS-All India,OBC-PwD
0,47638,Uttarakhand,"AIIMS, Rishikesh",PHARMACOLOGY,AIIMS-All India,UR-PwD
0,47925,Madhya Pradesh,"AIIMS, Bhopal",OBG,AIIMS-All India,UR-PwD
1,1,Delhi,"AIIMS, Delhi",GENERAL MEDICINE,AIIMS-All India,UR
1,2,Delhi,"AIIMS, Delhi",GENERAL MEDICINE,AIIMS-All India,UR
1,3,Delhi,"AIIMS, Delhi",GENERAL MEDICINE,AIIMS-All India,UR
1,4,Delhi,"AIIMS, Delhi",RADIO DIAGNOSIS,AIIMS-All India,UR
1,5,Pondicherry,"JIPMER, Puducherry",PAEDIATRICS,JIPMER-All India,OBC
1,6,Delhi,"AIIMS, Delhi",GENERAL MEDICINE,AIIMS-All India,OBC
1,7,Delhi,"AIIMS, Delhi",GENERAL MEDICINE,AIIMS-All India,OBC
1,8,Chandigarh,"PGIMER, Chandigarh",GENERAL MEDICINE,PGIMER-All India,UR
1,9,Delhi,"AIIMS, Delhi",GENERAL MEDICINE,AIIMS-All India,OBC
1,10,Delhi,"AIIMS, Delhi",PAEDIATRICS,AIIMS-All India,UR
1,11,Chandigarh,"PGIMER, Chandigarh",GENERAL MEDICINE,PGIMER-All India,UR
1,12,Chandigarh,"PGIMER, Chandigarh",RADIO DIAGNOSIS,PGIMER-All India,UR
1,13,Pondicherry,"JIPMER, Puducherry",GENERAL MEDICINE,JIPMER-All India,UR
1,14,Pondicherry,"JIPMER, Puducherry",GENERAL MEDICINE,JIPMER-All India,UR
1,15,Pondicherry,"JIPMER, Puducherry",GENERAL MEDICINE,JIPMER-All India,UR
1,16,Chandigarh,"PGIMER, Chandigarh",GENERAL MEDICINE,PGIMER-All India,UR
1,17,Pondicherry,"JIPMER, Puducherry",GENERAL MEDICINE,JIPMER-All India,OBC
1,19,Karnataka,"NIMHANS, Bangalore",NEUROLOGY 6 YRS,NIMHANS-All India,UR
1,20,Chandigarh,"PGIMER, Chandigarh",RADIO DIAGNOSIS,PGIMER-All India,UR
1,21,Delhi,"AIIMS, Delhi",NUCLEAR MEDICINE,AIIMS-All India,UR
1,22,Delhi,"AIIMS, Delhi",GENERAL SURGERY,AIIMS-All India,UR
1,23,Chandigarh,"PGIMER, Chandigarh",GENERAL MEDICINE,PGIMER-All India,UR
1,24,Karnataka,"NIMHANS, Bangalore",NEUROLOGY 6 YRS,NIMHANS-All India,UR
1,25,Chandigarh,"PGIMER, Chandigarh",RADIO DIAGNOSIS,PGIMER-All India,UR
1,26,Chandigarh,"PGIMER, Chandigarh",GENERAL MEDICINE,PGIMER-All India,UR
1,27,Delhi,"AIIMS, Delhi",RADIO DIAGNOSIS,AIIMS-All India,OBC
1,28,Chandigarh,"PGIMER, Chandigarh",GENERAL MEDICINE,PGIMER-All India,UR
1,29,Delhi,"AIIMS, Delhi",PAEDIATRICS,AIIMS-All India,UR
1,30,Delhi,"AIIMS, Delhi",INECTIOUS DISEASES 6 YRS,AIIMS-All India,UR
1,31,Delhi,"AIIMS, Delhi",PAEDIATRICS,AIIMS-All India,UR
1,32,Uttarakhand,"AIIMS, Rishikesh",RADIO DIAGNOSIS,AIIMS-All India,UR
1,33,Madhya Pradesh,"AIIMS, Bhopal",RADIO DIAGNOSIS,AIIMS-All India,UR
1,34,Uttarakhand,"AIIMS, Rishikesh",RADIO DIAGNOSIS,AIIMS-All India,EWS
1,35,Pondicherry,"JIPMER, Puducherry",RADIO DIAGNOSIS,JIMPER-Inst. Pref,INST (JIPMER)
1,36,Maharashtra,"AIIMS, Nagpur",GENERAL MEDICINE,AIIMS-All India,UR
1,37,Chandigarh,"PGIMER, Chandigarh",PAEDIATRICS,PGIMER-All India,UR
1,38,Pondicherry,"JIPMER, Puducherry",DERMATOLOGY,JIPMER-All India,OBC
1,39,Pondicherry,"JIPMER, Puducherry",GENERAL MEDICINE,JIPMER-All India,OBC
1,40,Pondicherry,"JIPMER, Puducherry",RADIO DIAGNOSIS,JIPMER-All India,UR
1,41,Chandigarh,"PGIMER, Chandigarh",GENERAL MEDICINE,PGIMER-All India,UR
1,42,Rajasthan,"AIIMS, Jodhpur",RADIO DIAGNOSIS,AIIMS-All India,UR
1,43,Uttarakhand,"AIIMS, Rishikesh",GENERAL MEDICINE,AIIMS-All India,UR
1,44,Rajasthan,"AIIMS, Jodhpur",RADIO DIAGNOSIS,AIIMS-All India,UR
1,45,Bihar,"AIIMS, Patna",GENERAL MEDICINE,AIIMS-All India,UR
1,46,Delhi,"AIIMS, Delhi",GENERAL SURGERY,AIIMS-Inst. Pref,UR-AIIMS-IP
1,47,Pondicherry,"JIPMER, Puducherry",GENERAL MEDICINE,JIPMER-All India,UR
1,48,Rajasthan,"AIIMS, Jodhpur",RADIO DIAGNOSIS,AIIMS-All India,OBC
1,49,Delhi,"AIIMS, Delhi",GENERAL MEDICINE,AIIMS-All India,EWS
1,50,Rajasthan,"AIIMS, Jodhpur",GENERAL MEDICINE,AIIMS-All India,UR
1,51,Pondicherry,"JIPMER, Puducherry",GENERAL MEDICINE,JIPMER-All India,UR
1,52,Uttarakhand,"AIIMS, Rishikesh",GENERAL MEDICINE,AIIMS-All India,UR
1,53,Pondicherry,"JIPMER, Puducherry",PAEDIATRICS,JIPMER-All India,UR
1,54,Madhya Pradesh,"AIIMS, Bhopal",GENERAL MEDICINE,AIIMS-All India,UR
1,55,Delhi,"AIIMS, Delhi",GENERAL MEDICINE,AIIMS-All India,EWS
1,56,Rajasthan,"AIIMS, Jodhpur",RADIO DIAGNOSIS,AIIMS-All India,OBC
1,57,Madhya Pradesh,"AIIMS, Bhopal",RADIO DIAGNOSIS,AIIMS-All India,UR
1,58,Pondicherry,"JIPMER, Puducherry",PAEDIATRICS,JIPMER-All India,UR
1,59,Uttarakhand,"AIIMS, Rishikesh",RADIO DIAGNOSIS,AIIMS-All India,OBC
1,60,Pondicherry,"JIPMER, Puducherry",GENERAL MEDICINE,JIPMER-All India,OBC
1,61,Madhya Pradesh,"AIIMS, Bhopal",GENERAL MEDICINE,AIIMS-All India,UR
1,62,Chandigarh,"PGIMER, Chandigarh",GENERAL MEDICINE,PGIMER-All India,OBC
1,63,Chandigarh,"PGIMER, Chandigarh",DERMATOLOGY,PGIMER-All India,UR
1,64,Odisha,"AIIMS, Bhubaneswar",GENERAL MEDICINE,AIIMS-All India,UR
1,65,Karnataka,"NIMHANS, Bangalore",NEUROSURGERY 6 YRS,NIMHANS-All India,UR
1,67,Delhi,"AIIMS, Delhi",NUCLEAR MEDICINE,AIIMS-All India,OBC
1,68,Madhya Pradesh,"AIIMS, Bhopal",RADIO DIAGNOSIS,AIIMS-All India,UR
1,69,Karnataka,"NIMHANS, Bangalore",PSYCHIATRY,NIMHANS-All India,UR
1,70,Chhattisgarh,"AIIMS, Raipur",GENERAL MEDICINE,AIIMS-All India,UR
1,71,Madhya Pradesh,"AIIMS, Bhopal",RADIO DIAGNOSIS,AIIMS-All India,OBC
1,72,Delhi,"AIIMS, Delhi",OBG,AIIMS-All India,UR
1,73,Odisha,"AIIMS, Bhubaneswar",RADIO DIAGNOSIS,AIIMS-All India,UR
1,74,Karnataka,"NIMHANS, Bangalore",NEUROLOGY 6 YRS,NIMHANS-All India,UR
1,75,Pondicherry,"JIPMER, Puducherry",RADIO DIAGNOSIS,JIPMER-All India,EWS
1,76,Karnataka,"NIMHANS, Bangalore",NEUROSURGERY 6 YRS,NIMHANS-All India,UR
1,77,Delhi,"AIIMS, Delhi",NEUROSURGERY 6 YRS,AIIMS-All India,UR
1,78,Chhattisgarh,"AIIMS, Raipur",GENERAL MEDICINE,AIIMS-All India,UR
1,79,Maharashtra,"AIIMS, Nagpur",GENERAL MEDICINE,AIIMS-All India,UR
1,80,Bihar,"AIIMS, Patna",RADIO DIAGNOSIS,AIIMS-All India,UR
1,81,Chandigarh,"PGIMER, Chandigarh",PAEDIATRICS,PGIMER-All India,UR
1,82,Andhra Pradesh,"AIIMS, Mangalagiri",GENERAL MEDICINE,AIIMS-All India,UR
1,83,Andhra Pradesh,"AIIMS, Mangalagiri",RADIO DIAGNOSIS,AIIMS-All India,UR
1,84,Punjab,"AIIMS, Bathinda",RADIO DIAGNOSIS,AIIMS-All India,UR
1,86,Maharashtra,"AIIMS, Nagpur",GENERAL MEDICINE,AIIMS-All India,UR
1,87,Chandigarh,"PGIMER, Chandigarh",GENERAL SURGERY,PGIMER-All India,UR
1,88,Pondicherry,"JIPMER, Puducherry",GENERAL SURGERY,JIPMER-All India,OBC
1,89,Chandigarh,"PGIMER, Chandigarh",GENERAL SURGERY,PGIMER-All India,UR
1,90,West Bengal,"AIIMS, Kalyani",RADIO DIAGNOSIS,AIIMS-All India,UR
1,91,Andhra Pradesh,"AIIMS, Mangalagiri",GENERAL MEDICINE,AIIMS-All India,UR
1,92,Chandigarh,"PGIMER, Chandigarh",PAEDIATRICS,PGIMER-All India,UR
1,93,Odisha,"AIIMS, Bhubaneswar",RADIO DIAGNOSIS,AIIMS-All India,OBC
1,94,Himachal Pradesh,"AIIMS, Bilaspur, Himachal",GENERAL MEDICINE,AIIMS-All India,UR
1,95,Chandigarh,"PGIMER, Chandigarh",ORTHOPAEDICS,PGIMER-All India,UR
1,96,Delhi,"AIIMS, Delhi",OPHTHALMOLOGY,AIIMS-All India,UR
1,97,Delhi,"AIIMS, Delhi",RADIO DIAGNOSIS,AIIMS-Inst. Pref,UR-AIIMS-IP
1,98,Chandigarh,"PGIMER, Chandigarh",GENERAL SURGERY,PGIMER-All India,UR
1,99,Chandigarh,"PGIMER, Chandigarh",DERMATOLOGY,PGIMER-All India,UR
1,100,Himachal Pradesh,"AIIMS, Bilaspur, Himachal",GENERAL MEDICINE,AIIMS-All India,UR
1,102,Himachal Pradesh,"AIIMS, Bilaspur, Himachal",RADIO DIAGNOSIS,AIIMS-All India,UR
1,103,Chandigarh,"PGIMER, Chandigarh",GENERAL MEDICINE,PGIMER-All India,OBC
1,104,Odisha,"AIIMS, Bhubaneswar",DERMATOLOGY,AIIMS-All India,UR
1,106,Chandigarh,"PGIMER, Chandigarh",GENERAL MEDICINE,PGIMER-All India,OBC
1,108,Chandigarh,"PGIMER, Chandigarh",ORTHOPAEDICS,PGIMER-All India,UR
1,109,Uttar Pradesh,"AIIMS, Rai Bareli",GENERAL MEDICINE,AIIMS-All India,UR
1,110,Karnataka,"NIMHANS, Bangalore",NEUROLOGY 6 YRS,NIMHANS-All India,UR
1,111,Chandigarh,"PGIMER, Chandigarh",PAEDIATRICS,PGIMER-All India,UR
1,112,Pondicherry,"JIPMER, Puducherry",DERMATOLOGY,JIPMER-All India,OBC
1,113,Chandigarh,"PGIMER, Chandigarh",GENERAL MEDICINE,PGIMER-All India,OBC
1,114,Chhattisgarh,"AIIMS, Raipur",RADIO DIAGNOSIS,AIIMS-All India,UR
1,115,Chandigarh,"PGIMER, Chandigarh",GENERAL MEDICINE,PGIMER-All India,OBC
1,116,Chandigarh,"PGIMER, Chandigarh",PAEDIATRICS,PGIMER-All India,UR
1,117,Punjab,"AIIMS, Bathinda",GENERAL MEDICINE,AIIMS-All India,UR
1,118,Andhra Pradesh,"AIIMS, Mangalagiri",RADIO DIAGNOSIS,AIIMS-All India,OBC
1,119,Delhi,"AIIMS, Delhi",OBG,AIIMS-All India,UR
1,120,Uttarakhand,"AIIMS, Rishikesh",GENERAL MEDICINE,AIIMS-All India,OBC
1,121,Himachal Pradesh,"AIIMS, Bilaspur, Himachal",RADIO DIAGNOSIS,AIIMS-All India,UR
1,122,Delhi,"AIIMS, Delhi",OPHTHALMOLOGY,AIIMS-All India,UR
1,123,Delhi,"AIIMS, Delhi",OPHTHALMOLOGY,AIIMS-All India,UR
1,124,Madhya Pradesh,"AIIMS, Bhopal",GENERAL MEDICINE,AIIMS-Inst. Pref,UR-AIIMS-IP
1,125,Assam,"AIIMS, Guwahati",GENERAL MEDICINE,AIIMS-All India,UR
1,127,Chandigarh,"PGIMER, Chandigarh",OPHTHALMOLOGY,PGIMER-All India,UR
1,128,Uttarakhand,"AIIMS, Rishikesh",UROLOGY (6 YRS),AIIMS-All India,UR
1,129,Chandigarh,"PGIMER, Chandigarh",PAEDIATRICS,PGIMER-All India,UR
1,130,Chandigarh,"PGIMER, Chandigarh",PAEDIATRICS,PGIMER-All India,UR
1,132,Chandigarh,"PGIMER, Chandigarh",PAEDIATRICS,PGIMER-All India,UR
1,133,Chandigarh,"PGIMER, Chandigarh",PAEDIATRICS,PGIMER-All India,UR
1,134,West Bengal,"AIIMS, Kalyani",RADIO DIAGNOSIS,AIIMS-All India,UR
1,135,Chandigarh,"PGIMER, Chandigarh",NUCLEAR MEDICINE,PGIMER-All India,UR
1,136,Uttarakhand,"AIIMS, Rishikesh",GENERAL MEDICINE,AIIMS-All India,EWS
1,137,Pondicherry,"JIPMER, Puducherry",GENERAL MEDICINE,JIPMER-All India,EWS
1,138,Gujarat,"AIIMS, Rajkot",GENERAL MEDICINE,AIIMS-All India,UR
1,141,Karnataka,"NIMHANS, Bangalore",PSYCHIATRY,NIMHANS-All India,UR
1,142,Maharashtra,"AIIMS, Nagpur",RADIO DIAGNOSIS,AIIMS-All India,OBC
1,143,Rajasthan,"AIIMS, Jodhpur",PAEDIATRICS,AIIMS-All India,UR
1,144,Delhi,"AIIMS, Delhi",GENERAL SURGERY,AIIMS-Inst. Pref,UR-AIIMS-IP
1,145,Chhattisgarh,"AIIMS, Raipur",DERMATOLOGY,AIIMS-All India,UR
1,146,Chandigarh,"PGIMER, Chandigarh",OPHTHALMOLOGY,PGIMER-All India,UR
1,148,Chandigarh,"PGIMER, Chandigarh",ORTHOPAEDICS,PGIMER-All India,UR
1,149,Uttarakhand,"AIIMS, Rishikesh",ORTHOPAEDICS,AIIMS-All India,UR
1,150,Rajasthan,"AIIMS, Jodhpur",NEUROSURGERY 6 YRS,AIIMS-All India,UR
1,151,Pondicherry,"JIPMER, Puducherry",RADIO DIAGNOSIS,JIMPER-Inst. Pref,INST (JIPMER)
1,152,Assam,"AIIMS, Guwahati",GENERAL MEDICINE,AIIMS-All India,UR
1,153,Chandigarh,"PGIMER, Chandigarh",GENERAL SURGERY,PGIMER-All India,UR
1,154,Pondicherry,"JIPMER, Puducherry",GENERAL SURGERY,JIPMER-All India,UR
1,155,Maharashtra,"AIIMS, Nagpur",NUCLEAR MEDICINE,AIIMS-All India,UR
1,156,Jammu and Kashmir,"AIIMS, Jammu",RADIO DIAGNOSIS,AIIMS-All India,UR
1,157,Chhattisgarh,"AIIMS, Raipur",RADIO DIAGNOSIS,AIIMS-Inst. Pref,UR-AIIMS-IP
1,158,Delhi,"AIIMS, Delhi",ENT,AIIMS-All India,UR
1,159,Jammu and Kashmir,"AIIMS, Jammu",GENERAL MEDICINE,AIIMS-All India,UR
1,160,Bihar,"AIIMS, Patna",GENERAL MEDICINE,AIIMS-All India,OBC
1,161,Madhya Pradesh,"AIIMS, Bhopal",PAEDIATRICS,AIIMS-All India,UR
1,162,Delhi,"AIIMS, Delhi",RADIATION ONCOLOGY,AIIMS-All India,UR
1,164,Pondicherry,"JIPMER, Puducherry",PAEDIATRICS,JIPMER-All India,OBC
1,165,Pondicherry,"JIPMER, Puducherry",OBG,JIPMER-All India,UR
1,166,Uttarakhand,"AIIMS, Rishikesh",OBG,AIIMS-All India,UR
1,167,Uttar Pradesh,"AIIMS, Gorakhpur",GENERAL MEDICINE,AIIMS-All India,UR
1,168,Rajasthan,"AIIMS, Jodhpur",GENERAL MEDICINE,AIIMS-All India,OBC
1,169,Madhya Pradesh,"AIIMS, Bhopal",GENERAL MEDICINE,AIIMS-All India,OBC
1,170,Assam,"AIIMS, Guwahati",GENERAL MEDICINE,AIIMS-All India,UR
1,172,Bihar,"AIIMS, Patna",RADIO DIAGNOSIS,AIIMS-All India,OBC
1,174,Odisha,"AIIMS, Bhubaneswar",OBG,AIIMS-All India,UR
1,177,Pondicherry,"JIPMER, Puducherry",PAEDIATRICS,JIPMER-All India,OBC
1,178,Delhi,"AIIMS, Delhi",PSYCHIATRY,AIIMS-All India,UR
1,179,Chandigarh,"PGIMER, Chandigarh",NUCLEAR MEDICINE,PGIMER-All India,OBC
1,180,Madhya Pradesh,"AIIMS, Bhopal",GENERAL MEDICINE,AIIMS-All India,OBC
1,181,Chandigarh,"PGIMER, Chandigarh",OBG,PGIMER-All India,UR
1,182,Chhattisgarh,"AIIMS, Raipur",GENERAL MEDICINE,AIIMS-All India,OBC
1,183,Pondicherry,"JIPMER, Puducherry",GENERAL MEDICINE,JIPMER-All India,SC
1,184,Karnataka,"NIMHANS, Bangalore",PSYCHIATRY,NIMHANS-All India,UR
1,186,Punjab,"AIIMS, Bathinda",RADIO DIAGNOSIS,AIIMS-All India,EWS
1,187,Rajasthan,"AIIMS, Jodhpur",NEUROSURGERY 6 YRS,AIIMS-All India,UR
1,188,Chandigarh,"PGIMER, Chandigarh",GENERAL SURGERY,PGIMER-All India,UR
1,189,Odisha,"AIIMS, Bhubaneswar",GENERAL MEDICINE,AIIMS-All India,EWS
1,190,Madhya Pradesh,"AIIMS, Bhopal",PAEDIATRICS,AIIMS-All India,UR
1,191,Uttar Pradesh,"AIIMS, Gorakhpur",DERMATOLOGY,AIIMS-All India,UR
1,192,Chhattisgarh,"AIIMS, Raipur",PAEDIATRICS,AIIMS-All India,UR
1,194,Jharkhand,"AIIMS, Deoghar",GENERAL MEDICINE,AIIMS-All India,UR
1,196,Chhattisgarh,"AIIMS, Raipur",GENERAL MEDICINE,AIIMS-All India,OBC
1,198,Delhi,"AIIMS, Delhi",OBG,AIIMS-All India,OBC
1,199,Pondicherry,"JIPMER, Puducherry",RADIATION ONCOLOGY,JIPMER-All India,OBC
1,200,Andhra Pradesh,"AIIMS, Mangalagiri",NUCLEAR MEDICINE,AIIMS-All India,UR
1,201,Chhattisgarh,"AIIMS, Raipur",PAEDIATRICS,AIIMS-All India,UR
1,202,Bihar,"AIIMS, Patna",DERMATOLOGY,AIIMS-All India,UR
1,204,Pondicherry,"JIPMER, Puducherry",OPHTHALMOLOGY,JIPMER-All India,UR
1,207,Delhi,"AIIMS, Delhi",GENERAL SURGERY,AIIMS-Inst. Pref,UR-AIIMS-IP
1,208,Odisha,"AIIMS, Bhubaneswar",GENERAL MEDICINE,AIIMS-All India,OBC
1,210,Chandigarh,"PGIMER, Chandigarh",GENERAL SURGERY,PGIMER-All India,UR
1,211,Andhra Pradesh,"AIIMS, Mangalagiri",DERMATOLOGY,AIIMS-All India,UR
1,212,Pondicherry,"JIPMER, Puducherry",GENERAL SURGERY,JIPMER-All India,UR
1,214,Delhi,"AIIMS, Delhi",DERMATOLOGY,AIIMS-All India,OBC
1,216,Maharashtra,"AIIMS, Nagpur",PAEDIATRICS,AIIMS-All India,UR
1,217,Chandigarh,"PGIMER, Chandigarh",GENERAL SURGERY,PGIMER-All India,UR
1,218,Uttarakhand,"AIIMS, Rishikesh",OPHTHALMOLOGY,AIIMS-All India,UR
1,219,Chandigarh,"PGIMER, Chandigarh",PAEDIATRICS,PGIMER-All India,OBC
1,220,Chhattisgarh,"AIIMS, Raipur",GENERAL MEDICINE,AIIMS-All India,OBC
1,221,Pondicherry,"JIPMER, Puducherry",OPHTHALMOLOGY,JIPMER-All India,UR
1,222,Delhi,"AIIMS, Delhi",PSYCHIATRY,AIIMS-All India,UR
1,224,Himachal Pradesh,"AIIMS, Bilaspur, Himachal",RADIO DIAGNOSIS,AIIMS-All India,EWS
1,225,Delhi,"AIIMS, Delhi",DERMATOLOGY,AIIMS-All India,OBC
1,226,Odisha,"AIIMS, Bhubaneswar",ORTHOPAEDICS,AIIMS-All India,UR
1,227,Maharashtra,"AIIMS, Nagpur",GENERAL MEDICINE,AIIMS-All India,OBC
1,230,Chhattisgarh,"AIIMS, Raipur",GENERAL MEDICINE,AIIMS-All India,EWS
1,232,Andhra Pradesh,"AIIMS, Mangalagiri",DERMATOLOGY,AIIMS-All India,OBC
1,233,Rajasthan,"AIIMS, Jodhpur",ORTHOPAEDICS,AIIMS-All India,UR
1,234,Maharashtra,"AIIMS, Nagpur",GENERAL MEDICINE,AIIMS-All India,EWS
1,236,Bihar,"AIIMS, Patna",GENERAL MEDICINE,AIIMS-All India,EWS
1,237,Punjab,"AIIMS, Bathinda",PAEDIATRICS,AIIMS-All India,UR
1,238,Uttar Pradesh,"AIIMS, Gorakhpur",GENERAL MEDICINE,AIIMS-All India,EWS
1,239,Punjab,"AIIMS, Bathinda",PAEDIATRICS,AIIMS-All India,UR
1,240,Delhi,"AIIMS, Delhi",DERMATOLOGY,AIIMS-All India,EWS
1,241,Pondicherry,"JIPMER, Puducherry",OBG,JIPMER-All India,UR
1,242,Uttarakhand,"AIIMS, Rishikesh",GENERAL SURGERY,AIIMS-All India,UR
1,243,Uttarakhand,"AIIMS, Rishikesh",GENERAL MEDICINE,AIIMS-Inst. Pref,UR-AIIMS-IP
1,245,Gujarat,"AIIMS, Rajkot",RADIO DIAGNOSIS,AIIMS-All India,EWS
1,247,Chandigarh,"PGIMER, Chandigarh",OBG,PGIMER-All India,UR
1,249,Pondicherry,"JIPMER, Puducherry",RADIATION ONCOLOGY,JIPMER-All India,OBC
1,250,Pondicherry,"JIPMER, Puducherry",RADIO DIAGNOSIS,JIMPER-Inst. Pref,INST (JIPMER)
1,251,Delhi,"AIIMS, Delhi",GENERAL SURGERY,AIIMS-All India,OBC
1,252,Uttarakhand,"AIIMS, Rishikesh",GENERAL SURGERY,AIIMS-All India,UR
1,253,Uttarakhand,"AIIMS, Rishikesh",GENERAL SURGERY,AIIMS-All India,UR
1,254,Maharashtra,"AIIMS, Nagpur",ORTHOPAEDICS,AIIMS-All India,UR
1,256,Uttar Pradesh,"AIIMS, Rai Bareli",PAEDIATRICS,AIIMS-All India,UR
1,258,Maharashtra,"AIIMS, Nagpur",DERMATOLOGY,AIIMS-All India,EWS
1,259,Madhya Pradesh,"AIIMS, Bhopal",PAEDIATRICS,AIIMS-All India,OBC
1,261,Karnataka,"NIMHANS, Bangalore",PSYCHIATRY,NIMHANS-All India,UR
1,263,Chhattisgarh,"AIIMS, Raipur",GENERAL SURGERY,AIIMS-All India,UR
1,264,Delhi,"AIIMS, Delhi",PAEDIATRICS,AIIMS-All India,OBC
1,267,Chandigarh,"PGIMER, Chandigarh",RADIATION ONCOLOGY,PGIMER-All India,UR
1,268,Andhra Pradesh,"AIIMS, Mangalagiri",PAEDIATRICS,AIIMS-All India,OBC
1,269,Himachal Pradesh,"AIIMS, Bilaspur, Himachal",PAEDIATRICS,AIIMS-All India,UR
1,270,Himachal Pradesh,"AIIMS, Bilaspur, Himachal",RADIO DIAGNOSIS,AIIMS-All India,OBC
1,272,Chhattisgarh,"AIIMS, Raipur",ORTHOPAEDICS,AIIMS-All India,UR
1,273,Jammu and Kashmir,"AIIMS, Jammu",DERMATOLOGY,AIIMS-All India,UR
1,274,Delhi,"AIIMS, Delhi",PAEDIATRICS,AIIMS-All India,EWS
1,275,Pondicherry,"JIPMER, Puducherry",RADIATION ONCOLOGY,JIPMER-All India,UR
1,276,Andhra Pradesh,"AIIMS, Mangalagiri",GENERAL SURGERY,AIIMS-All India,UR
1,277,Delhi,"AIIMS, Delhi",INECTIOUS DISEASES 6 YRS,AIIMS-All India,UR
1,278,Pondicherry,"JIPMER, Puducherry",ORTHOPAEDICS,JIPMER-All India,UR
1,279,Pondicherry,"JIPMER, Puducherry",DERMATOLOGY,JIPMER-All India,EWS
1,280,Uttar Pradesh,"AIIMS, Rai Bareli",PAEDIATRICS,AIIMS-All India,UR
1,281,Maharashtra,"AIIMS, Nagpur",GENERAL MEDICINE,AIIMS-All India,OBC
1,282,Bihar,"AIIMS, Patna",GENERAL SURGERY,AIIMS-All India,UR
1,284,Pondicherry,"JIPMER, Puducherry",TBRD,JIPMER-All India,OBC
1,285,Himachal Pradesh,"AIIMS, Bilaspur, Himachal",GENERAL SURGERY,AIIMS-All India,UR
1,286,Uttarakhand,"AIIMS, Rishikesh",NEUROSURGERY 6 YRS,AIIMS-All India,UR
1,287,Rajasthan,"AIIMS, Jodhpur",OBG,AIIMS-All India,UR
1,288,Delhi,"AIIMS, Delhi",OBG,AIIMS-All India,OBC
1,290,Assam,"AIIMS, Guwahati",PAEDIATRICS,AIIMS-All India,UR
1,292,Uttarakhand,"AIIMS, Rishikesh",NUCLEAR MEDICINE,AIIMS-All India,OBC
1,293,Rajasthan,"AIIMS, Jodhpur",PAEDIATRICS,AIIMS-All India,EWS
1,294,Delhi,"AIIMS, Delhi",PAEDIATRICS,AIIMS-All India,OBC
1,295,Jharkhand,"AIIMS, Deoghar",PAEDIATRICS,AIIMS-All India,UR
1,296,Maharashtra,"AIIMS, Nagpur",ORTHOPAEDICS,AIIMS-All India,UR
1,297,Pondicherry,"JIPMER, Puducherry",ANAESTHESIOLOGY,JIPMER-All India,UR
1,298,Punjab,"AIIMS, Bathinda",GENERAL MEDICINE,AIIMS-All India,OBC
1,299,Pondicherry,"JIPMER, Puducherry",ORTHOPAEDICS,JIPMER-All India,UR
1,300,Uttar Pradesh,"AIIMS, Rai Bareli",GENERAL SURGERY,AIIMS-All India,UR
1,301,Assam,"AIIMS, Guwahati",GENERAL MEDICINE,AIIMS-All India,OBC
1,302,Chandigarh,"PGIMER, Chandigarh",PAEDIATRICS,PGIMER-All India,OBC
1,303,Punjab,"AIIMS, Bathinda",OPHTHALMOLOGY,AIIMS-All India,UR
1,305,Madhya Pradesh,"AIIMS, Bhopal",NUCLEAR MEDICINE,AIIMS-All India,OBC
1,306,Bihar,"AIIMS, Patna",GENERAL SURGERY,AIIMS-All India,UR
1,307,Maharashtra,"AIIMS, Nagpur",RADIO DIAGNOSIS,AIIMS-Inst. Pref,UR-AIIMS-IP
1,308,Pondicherry,"JIPMER, Puducherry",TBRD,JIPMER-All India,OBC
1,310,Delhi,"AIIMS, Delhi",PSYCHIATRY,AIIMS-All India,UR
1,311,Pondicherry,"JIPMER, Puducherry",RADIO DIAGNOSIS,JIPMER-All India,SC
1,313,Chandigarh,"PGIMER, Chandigarh",PAEDIATRICS,PGIMER-All India,OBC
1,314,Chandigarh,"PGIMER, Chandigarh",OBG,PGIMER-All India,UR
1,315,Madhya Pradesh,"AIIMS, Bhopal",PAEDIATRIC SURGERY 6 YRS,AIIMS-All India,UR
1,316,Delhi,"AIIMS, Delhi",ANAESTHESIOLOGY,AIIMS-All India,UR
1,318,Rajasthan,"AIIMS, Jodhpur",DERMATOLOGY,AIIMS-All India,OBC
1,319,Madhya Pradesh,"AIIMS, Bhopal",DERMATOLOGY,AIIMS-All India,OBC
1,320,Karnataka,"NIMHANS, Bangalore",PSYCHIATRY,NIMHANS-All India,UR
1,321,Maharashtra,"AIIMS, Nagpur",ORTHOPAEDICS,AIIMS-All India,UR
1,322,Punjab,"AIIMS, Bathinda",PLASTIC SURGERY 6 YRS,AIIMS-All India,UR
1,323,Andhra Pradesh,"AIIMS, Mangalagiri",ORTHOPAEDICS,AIIMS-All India,UR
1,325,Odisha,"AIIMS, Bhubaneswar",DERMATOLOGY,AIIMS-All India,OBC
1,328,Chhattisgarh,"AIIMS, Raipur",OBG,AIIMS-All India,UR
1,330,Chandigarh,"PGIMER, Chandigarh",ANAESTHESIOLOGY,PGIMER-All India,UR
1,331,Madhya Pradesh,"AIIMS, Bhopal",EMERGENCY MEDICINE,AIIMS-All India,UR
1,333,Chandigarh,"PGIMER, Chandigarh",PAEDIATRICS,PGIMER-All India,OBC
1,334,Karnataka,"NIMHANS, Bangalore",PSYCHIATRY,NIMHANS-All India,UR
1,339,Uttarakhand,"AIIMS, Rishikesh",PAEDIATRICS,AIIMS-All India,EWS
1,340,Rajasthan,"AIIMS, Jodhpur",INECTIOUS DISEASES 6 YRS,AIIMS-All India,UR
1,341,Rajasthan,"AIIMS, Jodhpur",RADIOTHERAPY & ONCOLOGY 6 YRS,AIIMS-All India,UR
1,342,Uttar Pradesh,"AIIMS, Rai Bareli",GENERAL MEDICINE,AIIMS-All India,OBC
1,343,Karnataka,"NIMHANS, Bangalore",PSYCHIATRY,NIMHANS-All India,UR
1,344,Jharkhand,"AIIMS, Deoghar",GENERAL MEDICINE,AIIMS-All India,EWS
1,346,Delhi,"AIIMS, Delhi",OBG,AIIMS-All India,EWS
1,347,Karnataka,"NIMHANS, Bangalore",PSYCHIATRY,NIMHANS-All India,UR
1,348,Chandigarh,"PGIMER, Chandigarh",PAEDIATRICS,PGIMER-All India,OBC
1,349,Maharashtra,"AIIMS, Nagpur",DERMATOLOGY,AIIMS-All India,OBC
1,350,Pondicherry,"JIPMER, Puducherry",OBG,JIPMER-All India,OBC
1,351,Maharashtra,"AIIMS, Nagpur",NEUROSURGERY 6 YRS,AIIMS-All India,UR
1,353,Rajasthan,"AIIMS, Jodhpur",GENERAL SURGERY,AIIMS-All India,OBC
1,354,Uttar Pradesh,"AIIMS, Gorakhpur",GENERAL SURGERY,AIIMS-All India,UR
1,355,Uttarakhand,"AIIMS, Rishikesh",NEUROSURGERY 6 YRS,AIIMS-All India,UR
1,357,Gujarat,"AIIMS, Rajkot",PAEDIATRICS,AIIMS-All India,UR
1,360,Madhya Pradesh,"AIIMS, Bhopal",DERMATOLOGY,AIIMS-Inst. Pref,UR-AIIMS-IP
1,362,Delhi,"AIIMS, Delhi",ANAESTHESIOLOGY,AIIMS-All India,UR
1,363,Chandigarh,"PGIMER, Chandigarh",PSYCHIATRY,PGIMER-All India,UR
1,367,Chhattisgarh,"AIIMS, Raipur",RADIATION ONCOLOGY,AIIMS-Inst. Pref,UR-AIIMS-IP
1,368,Maharashtra,"AIIMS, Nagpur",NEUROSURGERY 6 YRS,AIIMS-All India,UR
1,369,Madhya Pradesh,"AIIMS, Bhopal",EMERGENCY MEDICINE,AIIMS-All India,UR
1,372,Jharkhand,"AIIMS, Deoghar",GENERAL MEDICINE,AIIMS-All India,OBC
1,373,Bihar,"AIIMS, Patna",OBG,AIIMS-All India,UR
1,374,Delhi,"AIIMS, Delhi",ORTHOPAEDICS,AIIMS-All India,OBC
1,375,Chandigarh,"PGIMER, Chandigarh",PSYCHIATRY,PGIMER-All India,UR
1,376,Chandigarh,"PGIMER, Chandigarh",ORTHOPAEDICS,PGIMER-All India,OBC
1,377,Delhi,"AIIMS, Delhi",ENT,AIIMS-All India,UR
1,379,Uttar Pradesh,"AIIMS, Gorakhpur",GENERAL SURGERY,AIIMS-All India,UR
1,380,Pondicherry,"JIPMER, Puducherry",DERMATOLOGY,JIMPER-Inst. Pref,INST (JIPMER)
1,381,Chandigarh,"PGIMER, Chandigarh",ANAESTHESIOLOGY,PGIMER-All India,UR
1,382,Bihar,"AIIMS, Patna",OBG,AIIMS-All India,UR
1,383,Delhi,"AIIMS, Delhi",GERIATRICS,AIIMS-All India,UR
1,386,Delhi,"AIIMS, Delhi",GENERAL SURGERY,AIIMS-All India,OBC
1,387,Rajasthan,"AIIMS, Jodhpur",OPHTHALMOLOGY,AIIMS-All India,UR
1,388,Gujarat,"AIIMS, Rajkot",OPHTHALMOLOGY,AIIMS-All India,UR
1,389,Delhi,"AIIMS, Delhi",GENERAL SURGERY,AIIMS-All India,OBC
1,390,Pondicherry,"JIPMER, Puducherry",EMERGENCY MEDICINE,JIPMER-All India,OBC
1,391,Uttarakhand,"AIIMS, Rishikesh",TBRD,AIIMS-All India,EWS
1,392,Assam,"AIIMS, Guwahati",RADIO DIAGNOSIS,AIIMS-All India,OBC
1,394,Rajasthan,"AIIMS, Jodhpur",DERMATOLOGY,AIIMS-Inst. Pref,UR-AIIMS-IP
1,395,Madhya Pradesh,"AIIMS, Bhopal",CARDIO THORACIC AND VASCULAR SURGERY 6 YRS,AIIMS-All India,UR
1,397,Jharkhand,"AIIMS, Deoghar",GENERAL SURGERY,AIIMS-All India,UR
1,398,Uttar Pradesh,"AIIMS, Gorakhpur",RADIO DIAGNOSIS,AIIMS-All India,OBC
1,399,Maharashtra,"AIIMS, Nagpur",OPHTHALMOLOGY,AIIMS-All India,UR
1,401,Jammu and Kashmir,"AIIMS, Jammu",GENERAL MEDICINE,AIIMS-All India,OBC
1,405,Uttar Pradesh,"AIIMS, Rai Bareli",NEUROSURGERY 6 YRS,AIIMS-All India,UR
1,406,Odisha,"AIIMS, Bhubaneswar",PAEDIATRICS,AIIMS-All India,OBC
1,407,Rajasthan,"AIIMS, Jodhpur",PAEDIATRICS,AIIMS-All India,OBC
1,408,Uttarakhand,"AIIMS, Rishikesh",OBG,AIIMS-All India,EWS
1,409,Uttarakhand,"AIIMS, Rishikesh",PAEDIATRICS,AIIMS-All India,OBC
1,410,Chhattisgarh,"AIIMS, Raipur",PAEDIATRICS,AIIMS-All India,OBC
1,412,Odisha,"AIIMS, Bhubaneswar",ORTHOPAEDICS,AIIMS-Inst. Pref,UR-AIIMS-IP
1,416,Chandigarh,"PGIMER, Chandigarh",ENT,PGIMER-All India,UR
1,417,Delhi,"AIIMS, Delhi",NUCLEAR MEDICINE,AIIMS-Inst. Pref,UR-AIIMS-IP
1,419,Bihar,"AIIMS, Patna",SURGGASTRO (6 YRS),AIIMS-Inst. Pref,UR-AIIMS-IP
1,421,Delhi,"AIIMS, Delhi",GERIATRICS,AIIMS-All India,UR
1,423,Uttarakhand,"AIIMS, Rishikesh",GERIATRICS,AIIMS-All India,UR
1,424,Karnataka,"NIMHANS, Bangalore",PSYCHIATRY,NIMHANS-All India,UR
1,425,Uttar Pradesh,"AIIMS, Gorakhpur",OBG,AIIMS-All India,UR
1,428,Karnataka,"NIMHANS, Bangalore",PSYCHIATRY,NIMHANS-All India,UR
1,429,Pondicherry,"JIPMER, Puducherry",GENERAL SURGERY,JIPMER-All India,OBC-PwD
1,431,Delhi,"AIIMS, Delhi",DERMATOLOGY,AIIMS-Inst. Pref,UR-AIIMS-IP
1,432,Karnataka,"NIMHANS, Bangalore",PSYCHIATRY,NIMHANS-All India,UR
1,434,Karnataka,"NIMHANS, Bangalore",PSYCHIATRY,NIMHANS-All India,UR
1,435,Delhi,"AIIMS, Delhi",GENERAL MEDICINE,AIIMS-All India,SC
1,437,Chandigarh,"PGIMER, Chandigarh",PSYCHIATRY,PGIMER-All India,UR
1,444,Uttarakhand,"AIIMS, Rishikesh",PAEDIATRIC SURGERY 6 YRS,AIIMS-All India,UR
1,447,Delhi,"AIIMS, Delhi",OBG,AIIMS-All India,OBC
1,450,Andhra Pradesh,"AIIMS, Mangalagiri",OBG,AIIMS-All India,UR
1,451,Maharashtra,"AIIMS, Nagpur",PAEDIATRICS,AIIMS-All India,OBC
1,452,Rajasthan,"AIIMS, Jodhpur",PAEDIATRIC SURGERY 6 YRS,AIIMS-All India,UR
1,453,Delhi,"AIIMS, Delhi",DERMATOLOGY,AIIMS-All India,SC
1,454,Punjab,"AIIMS, Bathinda",OBG,AIIMS-All India,UR
1,455,Punjab,"AIIMS, Bathinda",PAEDIATRICS,AIIMS-All India,OBC
1,456,Punjab,"AIIMS, Bathinda",DERMATOLOGY,AIIMS-All India,EWS
1,457,Chhattisgarh,"AIIMS, Raipur",ENT,AIIMS-Inst. Pref,UR-AIIMS-IP
1,459,Delhi,"AIIMS, Delhi",OPHTHALMOLOGY,AIIMS-All India,OBC
1,460,Punjab,"AIIMS, Bathinda",NEUROSURGERY 6 YRS,AIIMS-All India,UR
1,461,Maharashtra,"AIIMS, Nagpur",PAEDIATRICS,AIIMS-All India,OBC
1,463,Madhya Pradesh,"AIIMS, Bhopal",PAEDIATRICS,AIIMS-All India,EWS
1,464,Delhi,"AIIMS, Delhi",RADIATION ONCOLOGY,AIIMS-All India,OBC
1,465,Uttarakhand,"AIIMS, Rishikesh",PAEDIATRICS,AIIMS-Inst. Pref,UR-AIIMS-IP
1,466,Chandigarh,"PGIMER, Chandigarh",GENERAL SURGERY,PGIMER-All India,OBC
1,467,Telangana,"AIIMS, Bibinagar",RADIATION ONCOLOGY,AIIMS-All India,UR
1,469,Odisha,"AIIMS, Bhubaneswar",EMERGENCY MEDICINE,AIIMS-All India,UR
1,470,Uttar Pradesh,"AIIMS, Rai Bareli",OBG,AIIMS-Inst. Pref,UR-AIIMS-IP
1,471,Pondicherry,"JIPMER, Puducherry",GERIATRICS,JIPMER-All India,UR
1,472,Pondicherry,"JIPMER, Puducherry",GENERAL SURGERY,JIPMER-All India,OBC
1,474,Punjab,"AIIMS, Bathinda",OBG,AIIMS-All India,UR
1,477,Himachal Pradesh,"AIIMS, Bilaspur, Himachal",GENERAL MEDICINE,AIIMS-Inst. Pref,UR-AIIMS-IP
1,478,Chandigarh,"PGIMER, Chandigarh",ENT,PGIMER-All India,UR
1,479,Gujarat,"AIIMS, Rajkot",ORTHOPAEDICS,AIIMS-All India,UR
1,480,Pondicherry,"JIPMER, Puducherry",NUCLEAR MEDICINE,JIMPER-Inst. Pref,INST (JIPMER)
1,481,West Bengal,"AIIMS, Kalyani",EMERGENCY MEDICINE,AIIMS-All India,UR
1,483,Himachal Pradesh,"AIIMS, Bilaspur, Himachal",PAEDIATRICS,AIIMS-All India,EWS
1,487,Rajasthan,"AIIMS, Jodhpur",PAEDIATRICS,AIIMS-Inst. Pref,UR-AIIMS-IP
1,488,Bihar,"AIIMS, Patna",PAEDIATRICS,AIIMS-All India,OBC
1,489,Uttarakhand,"AIIMS, Rishikesh",ORTHOPAEDICS,AIIMS-All India,OBC
1,491,Pondicherry,"JIPMER, Puducherry",GENERAL SURGERY,JIPMER-All India,OBC
1,494,Delhi,"AIIMS, Delhi",OBG,AIIMS-All India,OBC
1,497,Madhya Pradesh,"AIIMS, Bhopal",ORTHOPAEDICS,AIIMS-Inst. Pref,UR-AIIMS-IP
1,499,Telangana,"AIIMS, Bibinagar",OBG,AIIMS-All India,UR
1,501,Bihar,"AIIMS, Patna",TRAUMASURG&CC (6 YRS),AIIMS-All India,UR
1,502,Punjab,"AIIMS, Bathinda",PAEDIATRICS,AIIMS-All India,OBC
1,505,Delhi,"AIIMS, Delhi",PSYCHIATRY,AIIMS-All India,EWS
1,506,Assam,"AIIMS, Guwahati",OBG,AIIMS-All India,UR
1,508,Chandigarh,"PGIMER, Chandigarh",GENERAL SURGERY,PGIMER-All India,OBC
1,509,Chandigarh,"PGIMER, Chandigarh",ANAESTHESIOLOGY,PGIMER-All India,UR
1,510,Delhi,"AIIMS, Delhi",OPHTHALMOLOGY,AIIMS-All India,EWS
1,511,Madhya Pradesh,"AIIMS, Bhopal",PAEDIATRICS,AIIMS-Inst. Pref,UR-AIIMS-IP
1,515,Assam,"AIIMS, Guwahati",DERMATOLOGY,AIIMS-All India,OBC
1,516,Delhi,"AIIMS, Delhi",ENT,AIIMS-All India,OBC
1,517,Chhattisgarh,"AIIMS, Raipur",PAEDIATRICS,AIIMS-All India,EWS
1,518,Bihar,"AIIMS, Patna",PAEDIATRICS,AIIMS-All India,EWS
1,519,Uttarakhand,"AIIMS, Rishikesh",OPHTHALMOLOGY,AIIMS-Inst. Pref,UR-AIIMS-IP
1,521,Assam,"AIIMS, Guwahati",OBG,AIIMS-All India,UR
1,522,Andhra Pradesh,"AIIMS, Mangalagiri",OPHTHALMOLOGY,AIIMS-All India,UR
1,524,Rajasthan,"AIIMS, Jodhpur",ORTHOPAEDICS,AIIMS-All India,EWS
1,526,Andhra Pradesh,"AIIMS, Mangalagiri",RADIO DIAGNOSIS,AIIMS-Inst. Pref,UR-AIIMS-IP
1,527,Pondicherry,"JIPMER, Puducherry",OBG,JIPMER-All India,OBC
1,531,Jharkhand,"AIIMS, Deoghar",GENERAL SURGERY,AIIMS-All India,UR
1,532,Odisha,"AIIMS, Bhubaneswar",ENT,AIIMS-All India,UR
1,536,Uttar Pradesh,"AIIMS, Rai Bareli",PAEDIATRICS,AIIMS-All India,OBC
1,537,Jammu and Kashmir,"AIIMS, Jammu",GENERAL SURGERY,AIIMS-All India,UR
1,538,Odisha,"AIIMS, Bhubaneswar",ENT,AIIMS-All India,UR
1,539,Delhi,"AIIMS, Delhi",GENERAL SURGERY,AIIMS-All India,EWS
1,546,Bihar,"AIIMS, Patna",EMERGENCY MEDICINE,AIIMS-All India,UR
1,547,Odisha,"AIIMS, Bhubaneswar",RADIATION ONCOLOGY,AIIMS-Inst. Pref,UR-AIIMS-IP
1,550,Pondicherry,"JIPMER, Puducherry",CARDIO THORACIC AND VASCULAR SURGERY 6 YRS,JIPMER-All India,UR
1,555,Himachal Pradesh,"AIIMS, Bilaspur, Himachal",PAEDIATRICS,AIIMS-All India,OBC
1,556,Uttarakhand,"AIIMS, Rishikesh",GENERAL SURGERY,AIIMS-All India,OBC
1,557,Karnataka,"NIMHANS, Bangalore",PSYCHIATRY,NIMHANS-All India,EWS
1,558,Uttar Pradesh,"AIIMS, Gorakhpur",PAEDIATRICS,AIIMS-All India,OBC
1,560,Delhi,"AIIMS, Delhi",OBG,AIIMS-Inst. Pref,UR-AIIMS-IP
1,567,Uttar Pradesh,"AIIMS, Gorakhpur",ENT,AIIMS-All India,UR
1,568,Jharkhand,"AIIMS, Deoghar",OBG,AIIMS-All India,UR
1,569,Maharashtra,"AIIMS, Nagpur",PATHOLOGY,AIIMS-All India,UR
1,573,Punjab,"AIIMS, Bathinda",ORTHOPAEDICS,AIIMS-All India,UR
1,574,Pondicherry,"JIPMER, Puducherry",OBG,JIPMER-All India,OBC
1,575,Karnataka,"NIMHANS, Bangalore",PSYCHIATRY,NIMHANS-All India,OBC
1,577,Madhya Pradesh,"AIIMS, Bhopal",GENERAL SURGERY,AIIMS-All India,OBC
1,578,Chandigarh,"PGIMER, Chandigarh",GENERAL SURGERY,PGIMER-All India,OBC
1,580,Delhi,"AIIMS, Delhi",GENERAL MEDICINE,AIIMS-All India,SC
1,582,Pondicherry,"JIPMER, Puducherry",RADIO DIAGNOSIS,JIPMER-All India,SC
1,583,Karnataka,"NIMHANS, Bangalore",PSYCHIATRY,NIMHANS-All India,EWS
1,584,Chhattisgarh,"AIIMS, Raipur",OBG,AIIMS-All India,OBC
1,589,Jharkhand,"AIIMS, Deoghar",PSYCHIATRY,AIIMS-All India,UR
1,594,Bihar,"AIIMS, Patna",CARDIO THORACIC AND VASCULAR SURGERY 6 YRS,AIIMS-All India,UR
1,596,Chandigarh,"PGIMER, Chandigarh",ANAESTHESIOLOGY,PGIMER-All India,UR
1,604,Pondicherry,"JIPMER, Puducherry",NUCLEAR MEDICINE,JIMPER-Inst. Pref,INST (JIPMER)
1,610,Punjab,"AIIMS, Bathinda",CARDIO THORACIC AND VASCULAR SURGERY 6 YRS,AIIMS-All India,UR
1,611,Jammu and Kashmir,"AIIMS, Jammu",PAEDIATRICS,AIIMS-All India,OBC
1,613,Pondicherry,"JIPMER, Puducherry",OBG,JIPMER-All India,OBC
1,614,Maharashtra,"AIIMS, Nagpur",PSYCHIATRY,AIIMS-All India,UR
1,618,Delhi,"AIIMS, Delhi",OBG,AIIMS-Inst. Pref,UR-AIIMS-IP
1,619,Chandigarh,"PGIMER, Chandigarh",GENERAL SURGERY,PGIMER-All India,OBC
1,625,Jammu and Kashmir,"AIIMS, Jammu",GENERAL SURGERY,AIIMS-All India,UR
1,626,Pondicherry,"JIPMER, Puducherry",PAEDIATRICS,JIMPER-Inst. Pref,INST (JIPMER)
1,627,Rajasthan,"AIIMS, Jodhpur",ANAESTHESIOLOGY,AIIMS-All India,UR
1,629,Andhra Pradesh,"AIIMS, Mangalagiri",GENERAL SURGERY,AIIMS-All India,OBC
1,630,Jharkhand,"AIIMS, Deoghar",PAEDIATRICS,AIIMS-All India,OBC
1,631,Bihar,"AIIMS, Patna",TRAUMASURG&CC (6 YRS),AIIMS-All India,UR
1,632,Chhattisgarh,"AIIMS, Raipur",GENERAL SURGERY,AIIMS-All India,OBC
1,633,Andhra Pradesh,"AIIMS, Mangalagiri",EMERGENCY MEDICINE,AIIMS-All India,UR
1,636,Jammu and Kashmir,"AIIMS, Jammu",OBG,AIIMS-All India,UR
1,637,Bihar,"AIIMS, Patna",GENERAL SURGERY,AIIMS-All India,OBC
1,639,Rajasthan,"AIIMS, Jodhpur",ANAESTHESIOLOGY,AIIMS-All India,UR
1,641,Chandigarh,"PGIMER, Chandigarh",ANAESTHESIOLOGY,PGIMER-All India,UR
1,642,Maharashtra,"AIIMS, Nagpur",GENERAL SURGERY,AIIMS-All India,OBC
1,647,Rajasthan,"AIIMS, Jodhpur",GENERAL SURGERY,AIIMS-Inst. Pref,UR-AIIMS-IP
1,648,Rajasthan,"AIIMS, Jodhpur",OBG,AIIMS-Inst. Pref,UR-AIIMS-IP
1,654,Delhi,"AIIMS, Delhi",PMR,AIIMS-All India,UR
1,657,West Bengal,"AIIMS, Kalyani",RADIO DIAGNOSIS,AIIMS-All India,SC
1,658,Himachal Pradesh,"AIIMS, Bilaspur, Himachal",PAEDIATRIC SURGERY 6 YRS,AIIMS-All India,UR
1,661,Andhra Pradesh,"AIIMS, Mangalagiri",PAEDIATRICS,AIIMS-Inst. Pref,UR-AIIMS-IP
1,665,Delhi,"AIIMS, Delhi",OPHTHALMOLOGY,AIIMS-All India,OBC
1,666,Delhi,"AIIMS, Delhi",OPHTHALMOLOGY,AIIMS-All India,OBC
1,667,Maharashtra,"AIIMS, Nagpur",EMERGENCY MEDICINE,AIIMS-All India,UR
1,668,Delhi,"AIIMS, Delhi",ORTHOPAEDICS,AIIMS-Inst. Pref,UR-AIIMS-IP
1,670,Himachal Pradesh,"AIIMS, Bilaspur, Himachal",DERMATOLOGY,AIIMS-All India,EWS
1,672,Madhya Pradesh,"AIIMS, Bhopal",OBG,AIIMS-All India,EWS
1,675,Chandigarh,"PGIMER, Chandigarh",ANAESTHESIOLOGY,PGIMER-All India,UR
1,676,Pondicherry,"JIPMER, Puducherry",OBG,JIPMER-All India,OBC
1,679,Chandigarh,"PGIMER, Chandigarh",ANAESTHESIOLOGY,PGIMER-All India,UR
1,686,Delhi,"AIIMS, Delhi",RADIO DIAGNOSIS,AIIMS-All India,SC
1,692,Bihar,"AIIMS, Patna",PAEDIATRIC SURGERY 6 YRS,AIIMS-All India,UR
1,698,Assam,"AIIMS, Guwahati",GENERAL SURGERY,AIIMS-All India,OBC
1,699,Rajasthan,"AIIMS, Jodhpur",GENERAL SURGERY,AIIMS-All India,EWS
1,700,Himachal Pradesh,"AIIMS, Bilaspur, Himachal",ORTHOPAEDICS,AIIMS-All India,UR
1,709,Himachal Pradesh,"AIIMS, Bilaspur, Himachal",EMERGENCY MEDICINE,AIIMS-All India,UR
1,710,Pondicherry,"JIPMER, Puducherry",ENT,JIPMER-All India,OBC
1,711,Maharashtra,"AIIMS, Nagpur",GENERAL SURGERY,AIIMS-Inst. Pref,UR-AIIMS-IP
1,712,Pondicherry,"JIPMER, Puducherry",ORTHOPAEDICS,JIPMER-All India,OBC
1,713,Andhra Pradesh,"AIIMS, Mangalagiri",ENT,AIIMS-All India,UR
1,719,Chandigarh,"PGIMER, Chandigarh",ANAESTHESIOLOGY,PGIMER-All India,UR
1,721,Chandigarh,"PGIMER, Chandigarh",OBG,PGIMER-All India,OBC
1,725,Karnataka,"NIMHANS, Bangalore",PSYCHIATRY,NIMHANS-NE Domicile,UR-North East Domicile
1,726,Bihar,"AIIMS, Patna",OBG,AIIMS-Inst. Pref,UR-AIIMS-IP
1,733,Rajasthan,"AIIMS, Jodhpur",ANAESTHESIOLOGY,AIIMS-All India,UR
1,737,Chandigarh,"PGIMER, Chandigarh",GENERAL MEDICINE,PGIMER-All India,SC
1,738,Jharkhand,"AIIMS, Deoghar",PAEDIATRIC SURGERY 6 YRS,AIIMS-All India,UR
1,740,Delhi,"AIIMS, Delhi",ENT,AIIMS-All India,OBC
1,746,Pondicherry,"JIPMER, Puducherry",TBRD,JIPMER-All India,EWS
1,747,Pondicherry,"JIPMER, Puducherry",ANAESTHESIOLOGY,JIPMER-All India,OBC
1,748,Pondicherry,"JIPMER, Puducherry",GENERAL MEDICINE,JIPMER-All India,SC
1,751,Uttar Pradesh,"AIIMS, Gorakhpur",PAEDIATRICS,AIIMS-All India,EWS
1,752,Pondicherry,"JIPMER, Puducherry",OBG,JIPMER-All India,EWS
1,755,Chhattisgarh,"AIIMS, Raipur",GENERAL MEDICINE,AIIMS-All India,SC
1,759,Uttar Pradesh,"AIIMS, Rai Bareli",PAEDIATRIC SURGERY 6 YRS,AIIMS-All India,UR
1,761,Pondicherry,"JIPMER, Puducherry",PAEDIATRICS,JIMPER-Inst. Pref,INST (JIPMER)
1,762,Pondicherry,"JIPMER, Puducherry",GENERAL SURGERY,JIPMER-All India,EWS
1,766,Chhattisgarh,"AIIMS, Raipur",PSYCHIATRY,AIIMS-All India,UR
1,767,Maharashtra,"AIIMS, Nagpur",GENERAL SURGERY,AIIMS-Inst. Pref,UR-AIIMS-IP
1,771,Madhya Pradesh,"AIIMS, Bhopal",ORTHOPAEDICS,AIIMS-All India,OBC
1,772,Maharashtra,"AIIMS, Nagpur",PSYCHIATRY,AIIMS-All India,UR
1,773,Uttarakhand,"AIIMS, Rishikesh",OBG,AIIMS-All India,OBC
1,780,Pondicherry,"JIPMER, Puducherry",ANAESTHESIOLOGY,JIPMER-All India,UR
1,781,Chhattisgarh,"AIIMS, Raipur",CARDIO THORACIC AND VASCULAR SURGERY 6 YRS,AIIMS-All India,UR
1,783,Maharashtra,"AIIMS, Nagpur",GENERAL SURGERY,AIIMS-All India,OBC
1,786,Karnataka,"NIMHANS, Bangalore",PSYCHIATRY,NIMHANS-All India,OBC
1,787,Chandigarh,"PGIMER, Chandigarh",ANAESTHESIOLOGY,PGIMER-All India,UR
1,797,Uttar Pradesh,"AIIMS, Rai Bareli",GENERAL SURGERY,AIIMS-All India,OBC
1,801,Jharkhand,"AIIMS, Deoghar",PAEDIATRICS,AIIMS-All India,EWS
1,802,Punjab,"AIIMS, Bathinda",EMERGENCY MEDICINE,AIIMS-All India,UR
1,808,Rajasthan,"AIIMS, Jodhpur",PSYCHIATRY,AIIMS-Inst. Pref,UR-AIIMS-IP
1,811,Uttar Pradesh,"AIIMS, Gorakhpur",GENERAL SURGERY,AIIMS-All India,OBC
1,812,Pondicherry,"JIPMER, Puducherry",ANAESTHESIOLOGY,JIPMER-All India,UR
1,814,Chandigarh,"PGIMER, Chandigarh",RADIATION ONCOLOGY,PGIMER-All India,OBC
1,816,Pondicherry,"JIPMER, Puducherry",ENT,JIPMER-All India,OBC
1,817,Delhi,"AIIMS, Delhi",NEUROSURGERY 6 YRS,AIIMS-Inst. Pref,UR-AIIMS-IP
1,818,Rajasthan,"AIIMS, Jodhpur",ORTHOPAEDICS,AIIMS-Inst. Pref,UR-AIIMS-IP
1,819,Delhi,"AIIMS, Delhi",PALLIATIVE MEDICINE,AIIMS-All India,UR
1,822,Pondicherry,"JIPMER, Puducherry",ANAESTHESIOLOGY,JIPMER-All India,OBC
1,823,Jammu and Kashmir,"AIIMS, Jammu",ANAESTHESIOLOGY,AIIMS-All India,UR
1,824,Pondicherry,"JIPMER, Puducherry",ANAESTHESIOLOGY,JIPMER-All India,UR
1,829,Delhi,"AIIMS, Delhi",GERIATRICS,AIIMS-All India,EWS
1,833,Himachal Pradesh,"AIIMS, Bilaspur, Himachal",ANAESTHESIOLOGY,AIIMS-All India,UR
1,840,Chandigarh,"PGIMER, Chandigarh",OBG,PGIMER-All India,OBC
1,841,Delhi,"AIIMS, Delhi",ENT,AIIMS-All India,OBC
1,844,Chhattisgarh,"AIIMS, Raipur",GENERAL SURGERY,AIIMS-Inst. Pref,UR-AIIMS-IP
1,845,Delhi,"AIIMS, Delhi",HOSPITAL ADMINISTRATION,AIIMS-All India,UR
1,847,Chandigarh,"PGIMER, Chandigarh",RADIO DIAGNOSIS,PGIMER-All India,SC
1,850,Chhattisgarh,"AIIMS, Raipur",OBG,AIIMS-All India,OBC
1,851,Pondicherry,"JIPMER, Puducherry",GENERAL SURGERY,JIMPER-Inst. Pref,INST (JIPMER)
1,852,Punjab,"AIIMS, Bathinda",GENERAL SURGERY,AIIMS-All India,OBC
1,855,Delhi,"AIIMS, Delhi",RADIATION ONCOLOGY,AIIMS-All India,OBC
1,856,Karnataka,"NIMHANS, Bangalore",PSYCHIATRY,NIMHANS-All India,OBC
1,858,Himachal Pradesh,"AIIMS, Bilaspur, Himachal",EMERGENCY MEDICINE,AIIMS-All India,UR
1,864,Pondicherry,"JIPMER, Puducherry",ANAESTHESIOLOGY,JIPMER-All India,OBC
1,867,Chhattisgarh,"AIIMS, Raipur",OPHTHALMOLOGY,AIIMS-Inst. Pref,UR-AIIMS-IP
1,870,Karnataka,"NIMHANS, Bangalore",PSYCHIATRY,NIMHANS-All India,OBC
1,872,Chandigarh,"PGIMER, Chandigarh",GENERAL MEDICINE,PGIMER-All India,SC
1,879,Chhattisgarh,"AIIMS, Raipur",OBG,AIIMS-All India,EWS
1,880,Pondicherry,"JIPMER, Puducherry",TBRD,JIPMER-All India,EWS
1,881,Delhi,"AIIMS, Delhi",ANAESTHESIOLOGY,AIIMS-All India,EWS
1,882,Odisha,"AIIMS, Bhubaneswar",ANAESTHESIOLOGY,AIIMS-All India,UR
1,885,Pondicherry,"JIPMER, Puducherry",GENERAL SURGERY,JIMPER-Inst. Pref,INST (JIPMER)
1,887,Rajasthan,"AIIMS, Jodhpur",RADIO DIAGNOSIS,AIIMS-All India,SC
1,888,Jharkhand,"AIIMS, Deoghar",OPHTHALMOLOGY,AIIMS-All India,UR
1,892,Rajasthan,"AIIMS, Jodhpur",OBG,AIIMS-All India,OBC
1,893,Delhi,"AIIMS, Delhi",PSYCHIATRY,AIIMS-Inst. Pref,UR-AIIMS-IP
1,896,Pondicherry,"JIPMER, Puducherry",FORENSIC MEDICINE,JIPMER-All India,UR
1,897,Chandigarh,"PGIMER, Chandigarh",OBG,PGIMER-All India,OBC
1,899,Delhi,"AIIMS, Delhi",RADIO DIAGNOSIS,AIIMS-All India,ST
1,905,Rajasthan,"AIIMS, Jodhpur",RADIOTHERAPY & ONCOLOGY 6 YRS,AIIMS-Inst. Pref,UR-AIIMS-IP
1,919,Madhya Pradesh,"AIIMS, Bhopal",ENT,AIIMS-All India,OBC
1,921,Assam,"AIIMS, Guwahati",PSYCHIATRY,AIIMS-All India,UR
1,923,Bihar,"AIIMS, Patna",EMERGENCY MEDICINE,AIIMS-All India,OBC
1,924,Delhi,"AIIMS, Delhi",INECTIOUS DISEASES 6 YRS,AIIMS-Inst. Pref,UR-AIIMS-IP
1,933,Pondicherry,"JIPMER, Puducherry",ORTHOPAEDICS,JIPMER-All India,EWS
1,934,Himachal Pradesh,"AIIMS, Bilaspur, Himachal",GENERAL SURGERY,AIIMS-All India,OBC
1,935,Uttarakhand,"AIIMS, Rishikesh",EMERGENCY MEDICINE,AIIMS-All India,OBC
1,936,Uttar Pradesh,"AIIMS, Gorakhpur",FAMILY MEDICINE,AIIMS-All India,UR
1,940,Andhra Pradesh,"AIIMS, Mangalagiri",PSYCHIATRY,AIIMS-All India,UR
1,942,Odisha,"AIIMS, Bhubaneswar",ANAESTHESIOLOGY,AIIMS-All India,UR
1,943,Uttar Pradesh,"AIIMS, Rai Bareli",ANAESTHESIOLOGY,AIIMS-All India,UR
1,944,Pondicherry,"JIPMER, Puducherry",OBG,JIMPER-Inst. Pref,INST (JIPMER)
1,947,Andhra Pradesh,"AIIMS, Mangalagiri",GENERAL MEDICINE,AIIMS-All India,SC
1,949,Delhi,"AIIMS, Delhi",OPHTHALMOLOGY,AIIMS-All India,OBC
1,950,Bihar,"AIIMS, Patna",GENERAL MEDICINE,AIIMS-All India,SC
1,952,Karnataka,"NIMHANS, Bangalore",PSYCHIATRY,NIMHANS-All India,OBC
1,954,Chandigarh,"PGIMER, Chandigarh",PATHOLOGY,PGIMER-All India,UR
1,957,Delhi,"AIIMS, Delhi",RADIATION ONCOLOGY,AIIMS-All India,EWS
1,959,Chhattisgarh,"AIIMS, Raipur",ORTHOPAEDICS,AIIMS-All India,OBC
1,960,Punjab,"AIIMS, Bathinda",ORTHOPAEDICS,AIIMS-All India,OBC
1,975,Delhi,"AIIMS, Delhi",GERIATRICS,AIIMS-All India,OBC
1,978,Madhya Pradesh,"AIIMS, Bhopal",OBG,AIIMS-All India,OBC
1,985,Maharashtra,"AIIMS, Nagpur",ORTHOPAEDICS,AIIMS-All India,OBC
1,989,Delhi,"AIIMS, Delhi",COMMUNITY MEDICINE,AIIMS-All India,UR
1,992,Madhya Pradesh,"AIIMS, Bhopal",RADIATION ONCOLOGY,AIIMS-All India,EWS
1,993,Karnataka,"NIMHANS, Bangalore",PSYCHIATRY,NIMHANS-All India,OBC
1,997,Karnataka,"NIMHANS, Bangalore",PSYCHIATRY,NIMHANS-KAR Domicile,UR-Karnataka Domicile
1,1000,Chhattisgarh,"AIIMS, Raipur",ANAESTHESIOLOGY,AIIMS-All India,UR
1,1001,Chandigarh,"PGIMER, Chandigarh",ENT,PGIMER-All India,OBC
1,1004,Karnataka,"NIMHANS, Bangalore",PSYCHIATRY,NIMHANS-NE Domicile,UR-North East Domicile
1,1006,Andhra Pradesh,"AIIMS, Mangalagiri",EMERGENCY MEDICINE,AIIMS-All India,EWS
1,1016,Uttarakhand,"AIIMS, Rishikesh",OBG,AIIMS-All India,OBC
1,1026,Jharkhand,"AIIMS, Deoghar",GENERAL SURGERY,AIIMS-All India,OBC
1,1030,Bihar,"AIIMS, Patna",ANAESTHESIOLOGY,AIIMS-All India,UR
1,1034,Jharkhand,"AIIMS, Deoghar",GENERAL MEDICINE,AIIMS-All India,SC
1,1036,Delhi,"AIIMS, Delhi",FORENSIC MEDICINE,AIIMS-All India,UR
1,1039,Punjab,"AIIMS, Bathinda",PAEDIATRICS,AIIMS-Inst. Pref,UR-AIIMS-IP
1,1042,Delhi,"AIIMS, Delhi",PSYCHIATRY,AIIMS-All India,OBC
1,1046,Uttarakhand,"AIIMS, Rishikesh",EMERGENCY MEDICINE,AIIMS-All India,OBC
1,1052,Chhattisgarh,"AIIMS, Raipur",OBG,AIIMS-Inst. Pref,UR-AIIMS-IP
1,1053,Andhra Pradesh,"AIIMS, Mangalagiri",OBG,AIIMS-All India,OBC
1,1057,Pondicherry,"JIPMER, Puducherry",FORENSIC MEDICINE,JIPMER-All India,UR
1,1059,Madhya Pradesh,"AIIMS, Bhopal",OPHTHALMOLOGY,AIIMS-Inst. Pref,UR-AIIMS-IP
1,1060,Uttarakhand,"AIIMS, Rishikesh",ENT,AIIMS-All India,OBC
1,1063,Uttarakhand,"AIIMS, Rishikesh",RADIO DIAGNOSIS,AIIMS-All India,SC
1,1064,Madhya Pradesh,"AIIMS, Bhopal",RADIO DIAGNOSIS,AIIMS-All India,SC
1,1067,Delhi,"AIIMS, Delhi",OPHTHALMOLOGY,AIIMS-Inst. Pref,UR-AIIMS-IP
1,1068,Delhi,"AIIMS, Delhi",PSYCHIATRY,AIIMS-All India,OBC
1,1075,Uttarakhand,"AIIMS, Rishikesh",FAMILY MEDICINE,AIIMS-All India,UR
1,1076,Maharashtra,"AIIMS, Nagpur",OBG,AIIMS-All India,OBC
1,1082,Punjab,"AIIMS, Bathinda",OBG,AIIMS-All India,OBC
1,1083,Karnataka,"NIMHANS, Bangalore",PSYCHIATRY,NIMHANS-KAR Domicile,UR-Karnataka Domicile
1,1086,Jharkhand,"AIIMS, Deoghar",ANAESTHESIOLOGY,AIIMS-All India,UR
1,1088,Bihar,"AIIMS, Patna",ORTHOPAEDICS,AIIMS-All India,OBC
1,1093,Karnataka,"NIMHANS, Bangalore",PSYCHIATRY,NIMHANS-KAR Domicile,UR-Karnataka Domicile
1,1094,Kerala,"Sree Chirtra Thirunal, Triv.",IHBT,SCTIMST-All India,UR
1,1097,Chandigarh,"PGIMER, Chandigarh",RADIO DIAGNOSIS,PGIMER-All India,ST
1,1099,Jharkhand,"AIIMS, Deoghar",ANAESTHESIOLOGY,AIIMS-All India,UR
1,1108,Delhi,"AIIMS, Delhi",LAB MEDICINE,AIIMS-All India,UR
1,1112,Delhi,"AIIMS, Delhi",COMMUNITY MEDICINE,AIIMS-All India,UR
1,1114,Delhi,"AIIMS, Delhi",ORTHOPAEDICS,AIIMS-All India,ST
1,1115,Karnataka,"NIMHANS, Bangalore",PSYCHIATRY,NIMHANS-NE Domicile,UR-North East Domicile
1,1123,Karnataka,"NIMHANS, Bangalore",PSYCHIATRY,NIMHANS-NE Domicile,UR-North East Domicile
1,1124,Punjab,"AIIMS, Bathinda",ORTHOPAEDICS,AIIMS-All India,OBC
1,1125,Delhi,"AIIMS, Delhi",PSYCHIATRY,AIIMS-All India,SC
1,1126,Delhi,"AIIMS, Delhi",PSYCHIATRY,AIIMS-All India,OBC
1,1131,Karnataka,"NIMHANS, Bangalore",PSYCHIATRY,NIMHANS-KAR Domicile,UR-Karnataka Domicile
1,1136,Chandigarh,"PGIMER, Chandigarh",OPHTHALMOLOGY,PGIMER-All India,OBC
1,1137,Rajasthan,"AIIMS, Jodhpur",RADIOTHERAPY & ONCOLOGY 6 YRS,AIIMS-Inst. Pref,UR-AIIMS-IP
1,1140,Gujarat,"AIIMS, Rajkot",ANAESTHESIOLOGY,AIIMS-All India,UR
1,1145,Rajasthan,"AIIMS, Jodhpur",PSYCHIATRY,AIIMS-All India,EWS
1,1148,Karnataka,"NIMHANS, Bangalore",PSYCHIATRY,NIMHANS-NE Domicile,UR-North East Domicile
1,1152,Andhra Pradesh,"AIIMS, Mangalagiri",OBG,AIIMS-All India,EWS
1,1153,Pondicherry,"JIPMER, Puducherry",TBRD,JIMPER-Inst. Pref,INST (JIPMER)
1,1154,Bihar,"AIIMS, Patna",RADIO DIAGNOSIS,AIIMS-All India,SC
1,1155,Punjab,"AIIMS, Bathinda",OBG,AIIMS-All India,EWS
1,1157,Bihar,"AIIMS, Patna",OBG,AIIMS-All India,OBC
1,1158,Delhi,"AIIMS, Delhi",PAEDIATRIC SURGERY 6 YRS,AIIMS-Inst. Pref,UR-AIIMS-IP
1,1166,Chandigarh,"PGIMER, Chandigarh",COMMUNITY MEDICINE,PGIMER-All India,UR
1,1167,Uttar Pradesh,"AIIMS, Rai Bareli",GENERAL MEDICINE,AIIMS-All India,SC
1,1185,Andhra Pradesh,"AIIMS, Mangalagiri",ORTHOPAEDICS,AIIMS-All India,OBC
1,1188,Chandigarh,"PGIMER, Chandigarh",ANAESTHESIOLOGY,PGIMER-All India,OBC
1,1191,Uttarakhand,"AIIMS, Rishikesh",RADIATION ONCOLOGY,AIIMS-All India,OBC
1,1197,Uttar Pradesh,"AIIMS, Rai Bareli",OBG,AIIMS-All India,OBC
1,1202,Chandigarh,"PGIMER, Chandigarh",PATHOLOGY,PGIMER-All India,UR
1,1205,Maharashtra,"AIIMS, Nagpur",RADIATION ONCOLOGY,AIIMS-All India,EWS
1,1208,Maharashtra,"AIIMS, Nagpur",GENERAL SURGERY,AIIMS-All India,EWS
1,1212,Andhra Pradesh,"AIIMS, Mangalagiri",EMERGENCY MEDICINE,AIIMS-All India,OBC
1,1215,Chandigarh,"PGIMER, Chandigarh",PATHOLOGY,PGIMER-All India,UR
1,1218,Chandigarh,"PGIMER, Chandigarh",OPHTHALMOLOGY,PGIMER-All India,OBC
1,1230,Chandigarh,"PGIMER, Chandigarh",PATHOLOGY,PGIMER-All India,UR
1,1232,Himachal Pradesh,"AIIMS, Bilaspur, Himachal",RADIATION ONCOLOGY,AIIMS-All India,OBC
1,1233,Maharashtra,"AIIMS, Nagpur",EMERGENCY MEDICINE,AIIMS-All India,OBC
1,1234,Chandigarh,"PGIMER, Chandigarh",PAEDIATRICS,PGIMER-All India,SC
1,1236,Pondicherry,"JIPMER, Puducherry",PATHOLOGY,JIPMER-All India,UR
1,1237,Himachal Pradesh,"AIIMS, Bilaspur, Himachal",GENERAL SURGERY,AIIMS-Inst. Pref,UR-AIIMS-IP
1,1242,Jammu and Kashmir,"AIIMS, Jammu",GENERAL SURGERY,AIIMS-All India,OBC
1,1252,Uttar Pradesh,"AIIMS, Rai Bareli",GENERAL SURGERY,AIIMS-All India,EWS
1,1255,Delhi,"AIIMS, Delhi",ANAESTHESIOLOGY,AIIMS-All India,SC
1,1256,Chandigarh,"PGIMER, Chandigarh",DERMATOLOGY,PGIMER-All India,SC
1,1262,Pondicherry,"JIPMER, Puducherry",EMERGENCY MEDICINE,JIPMER-All India,EWS
1,1265,West Bengal,"AIIMS, Kalyani",PHARMACOLOGY,AIIMS-All India,UR
1,1267,Chandigarh,"PGIMER, Chandigarh",HOSPITAL ADMINISTRATION,PGIMER-All India,UR
1,1271,Delhi,"AIIMS, Delhi",PHARMACOLOGY,AIIMS-All India,UR
1,1272,Uttar Pradesh,"AIIMS, Gorakhpur",GENERAL SURGERY,AIIMS-Inst. Pref,UR-AIIMS-IP
1,1274,Pondicherry,"JIPMER, Puducherry",OBG,JIPMER-All India,SC
1,1275,Punjab,"AIIMS, Bathinda",OBG,AIIMS-All India,OBC
1,1276,Rajasthan,"AIIMS, Jodhpur",OPHTHALMOLOGY,AIIMS-All India,OBC
1,1279,Pondicherry,"JIPMER, Puducherry",PATHOLOGY,JIPMER-All India,UR
1,1280,Uttarakhand,"AIIMS, Rishikesh",OPHTHALMOLOGY,AIIMS-All India,OBC
1,1281,Pondicherry,"JIPMER, Puducherry",ANAESTHESIOLOGY,JIPMER-All India,OBC
1,1287,Pondicherry,"JIPMER, Puducherry",PATHOLOGY,JIPMER-All India,UR
1,1293,Jammu and Kashmir,"AIIMS, Jammu",GENERAL MEDICINE,AIIMS-All India,SC
1,1299,Delhi,"AIIMS, Delhi",RADIATION ONCOLOGY,AIIMS-Inst. Pref,UR-AIIMS-IP
1,1306,Andhra Pradesh,"AIIMS, Mangalagiri",PATHOLOGY,AIIMS-All India,UR
1,1309,Delhi,"AIIMS, Delhi",ANAESTHESIOLOGY,AIIMS-All India,OBC
1,1310,Chandigarh,"PGIMER, Chandigarh",HOSPITAL ADMINISTRATION,PGIMER-All India,UR
1,1312,Uttar Pradesh,"AIIMS, Rai Bareli",ORTHOPAEDICS,AIIMS-All India,OBC
1,1315,Delhi,"AIIMS, Delhi",ANAESTHESIOLOGY,AIIMS-All India,OBC
1,1324,Madhya Pradesh,"AIIMS, Bhopal",COMMUNITY MEDICINE,AIIMS-All India,UR
1,1329,Uttarakhand,"AIIMS, Rishikesh",PATHOLOGY,AIIMS-All India,UR
1,1335,Delhi,"AIIMS, Delhi",ANAESTHESIOLOGY,AIIMS-All India,OBC
1,1338,Delhi,"AIIMS, Delhi",ANAESTHESIOLOGY,AIIMS-All India,OBC
1,1342,Assam,"AIIMS, Guwahati",ORTHOPAEDICS,AIIMS-All India,OBC
1,1345,Delhi,"AIIMS, Delhi",GERIATRICS,AIIMS-All India,OBC
1,1348,Bihar,"AIIMS, Patna",OBG,AIIMS-All India,EWS
1,1350,Delhi,"AIIMS, Delhi",GENERAL MEDICINE,AIIMS-All India,ST
1,1351,Karnataka,"NIMHANS, Bangalore",PMR,NIMHANS-All India,UR
1,1362,Chandigarh,"PGIMER, Chandigarh",RADIO DIAGNOSIS,PGIMER-Rural,OBC-RA
1,1366,Madhya Pradesh,"AIIMS, Bhopal",ANAESTHESIOLOGY,AIIMS-All India,OBC
1,1368,Himachal Pradesh,"AIIMS, Bilaspur, Himachal",OBG,AIIMS-All India,OBC
1,1372,Jammu and Kashmir,"AIIMS, Jammu",ORTHOPAEDICS,AIIMS-All India,OBC
1,1373,Delhi,"AIIMS, Delhi",IHBT,AIIMS-All India,UR
1,1376,Uttar Pradesh,"AIIMS, Gorakhpur",TRAUMATOLOGY AND SURGERY,AIIMS-All India,OBC
1,1378,Delhi,"AIIMS, Delhi",ANAESTHESIOLOGY,AIIMS-All India,OBC
1,1379,Uttarakhand,"AIIMS, Rishikesh",ANAESTHESIOLOGY,AIIMS-All India,OBC
1,1380,Delhi,"AIIMS, Delhi",RADIATION ONCOLOGY,AIIMS-Inst. Pref,UR-AIIMS-IP
1,1382,Delhi,"AIIMS, Delhi",RADIATION ONCOLOGY,AIIMS-All India,SC
1,1389,Chandigarh,"PGIMER, Chandigarh",ANAESTHESIOLOGY,PGIMER-All India,OBC
1,1390,Madhya Pradesh,"AIIMS, Bhopal",OPHTHALMOLOGY,AIIMS-All India,OBC
1,1391,Himachal Pradesh,"AIIMS, Bilaspur, Himachal",ORTHOPAEDICS,AIIMS-All India,OBC
1,1393,Gujarat,"AIIMS, Rajkot",OBG,AIIMS-All India,OBC
1,1398,Jharkhand,"AIIMS, Deoghar",ORTHOPAEDICS,AIIMS-All India,OBC
1,1403,Bihar,"AIIMS, Patna",OPHTHALMOLOGY,AIIMS-Inst. Pref,UR-AIIMS-IP
1,1415,Andhra Pradesh,"AIIMS, Mangalagiri",FAMILY MEDICINE,AIIMS-All India,UR
1,1418,Uttarakhand,"AIIMS, Rishikesh",RADIATION ONCOLOGY,AIIMS-Inst. Pref,UR-AIIMS-IP
1,1419,Maharashtra,"AIIMS, Nagpur",OPHTHALMOLOGY,AIIMS-All India,OBC
1,1421,Chandigarh,"PGIMER, Chandigarh",ANAESTHESIOLOGY,PGIMER-All India,OBC
1,1422,Karnataka,"NIMHANS, Bangalore",PSYCHIATRY,NIMHANS-KAR Domicile,OBC-Karnataka Domicile
1,1429,Delhi,"AIIMS, Delhi",ANAESTHESIOLOGY,AIIMS-All India,EWS
1,1431,Rajasthan,"AIIMS, Jodhpur",DERMATOLOGY,AIIMS-All India,SC
1,1435,Pondicherry,"JIPMER, Puducherry",ANAESTHESIOLOGY,JIMPER-Inst. Pref,INST (JIPMER)
1,1436,Rajasthan,"AIIMS, Jodhpur",ANAESTHESIOLOGY,AIIMS-All India,EWS
1,1448,Jharkhand,"AIIMS, Deoghar",OBG,AIIMS-All India,OBC
1,1449,Andhra Pradesh,"AIIMS, Mangalagiri",OPHTHALMOLOGY,AIIMS-All India,OBC
1,1451,Assam,"AIIMS, Guwahati",OBG,AIIMS-All India,OBC
1,1454,Madhya Pradesh,"AIIMS, Bhopal",RADIATION ONCOLOGY,AIIMS-All India,OBC
1,1458,Uttarakhand,"AIIMS, Rishikesh",TBRD,AIIMS-Inst. Pref,UR-AIIMS-IP
1,1465,Odisha,"AIIMS, Bhubaneswar",PATHOLOGY,AIIMS-All India,UR
1,1471,Chandigarh,"PGIMER, Chandigarh",ANAESTHESIOLOGY,PGIMER-All India,OBC
1,1473,Maharashtra,"AIIMS, Nagpur",RADIO DIAGNOSIS,AIIMS-All India,SC
1,1481,Rajasthan,"AIIMS, Jodhpur",ENT,AIIMS-Inst. Pref,UR-AIIMS-IP
1,1489,Jammu and Kashmir,"AIIMS, Jammu",OBG,AIIMS-All India,OBC
1,1496,Chandigarh,"PGIMER, Chandigarh",PSYCHIATRY,PGIMER-All India,OBC
1,1500,Uttar Pradesh,"AIIMS, Gorakhpur",GENERAL MEDICINE,AIIMS-All India,SC
1,1504,Chhattisgarh,"AIIMS, Raipur",ORTHOPAEDICS,AIIMS-Inst. Pref,UR-AIIMS-IP
1,1508,Jammu and Kashmir,"AIIMS, Jammu",GENERAL SURGERY,AIIMS-All India,EWS
1,1512,Delhi,"AIIMS, Delhi",PATHOLOGY,AIIMS-All India,OBC
1,1529,Maharashtra,"AIIMS, Nagpur",RADIATION ONCOLOGY,AIIMS-All India,OBC
1,1530,Chandigarh,"PGIMER, Chandigarh",ANAESTHESIOLOGY,PGIMER-All India,OBC
1,1540,Andhra Pradesh,"AIIMS, Mangalagiri",RADIATION ONCOLOGY,AIIMS-All India,OBC
1,1549,Andhra Pradesh,"AIIMS, Mangalagiri",GENERAL SURGERY,AIIMS-All India,EWS
1,1552,Uttarakhand,"AIIMS, Rishikesh",ANAESTHESIOLOGY,AIIMS-All India,OBC
1,1555,Assam,"AIIMS, Guwahati",ANATOMY,AIIMS-All India,UR
1,1564,Uttarakhand,"AIIMS, Rishikesh",PSYCHIATRY,AIIMS-All India,OBC
1,1569,Chhattisgarh,"AIIMS, Raipur",ANAESTHESIOLOGY,AIIMS-All India,OBC
1,1570,Andhra Pradesh,"AIIMS, Mangalagiri",ANAESTHESIOLOGY,AIIMS-All India,OBC
1,1576,Andhra Pradesh,"AIIMS, Mangalagiri",ANAESTHESIOLOGY,AIIMS-All India,OBC
1,1581,Madhya Pradesh,"AIIMS, Bhopal",ANAESTHESIOLOGY,AIIMS-All India,OBC
1,1588,Maharashtra,"AIIMS, Nagpur",ENT,AIIMS-All India,OBC
1,1590,Madhya Pradesh,"AIIMS, Bhopal",OPHTHALMOLOGY,AIIMS-Inst. Pref,UR-AIIMS-IP
1,1598,Chhattisgarh,"AIIMS, Raipur",EMERGENCY MEDICINE,AIIMS-All India,OBC
1,1599,Delhi,"AIIMS, Delhi",ENT,AIIMS-All India,EWS
1,1600,Delhi,"AIIMS, Delhi",IHBT,AIIMS-All India,EWS
1,1601,Pondicherry,"JIPMER, Puducherry",IHBT,JIPMER-All India,UR
1,1605,Maharashtra,"AIIMS, Nagpur",ANAESTHESIOLOGY,AIIMS-All India,OBC
1,1613,Delhi,"AIIMS, Delhi",PAEDIATRICS,AIIMS-All India,SC
1,1614,Madhya Pradesh,"AIIMS, Bhopal",PMR,AIIMS-Inst. Pref,UR-AIIMS-IP
1,1616,Chandigarh,"PGIMER, Chandigarh",IHBT,PGIMER-All India,UR
1,1623,Punjab,"AIIMS, Bathinda",ANAESTHESIOLOGY,AIIMS-All India,OBC
1,1626,Maharashtra,"AIIMS, Nagpur",PLASTIC SURGERY 6 YRS,AIIMS-Inst. Pref,UR-AIIMS-IP
1,1629,Odisha,"AIIMS, Bhubaneswar",PSYCHIATRY,AIIMS-All India,OBC
1,1635,Rajasthan,"AIIMS, Jodhpur",ENT,AIIMS-All India,OBC
1,1636,Odisha,"AIIMS, Bhubaneswar",PATHOLOGY,AIIMS-All India,UR
1,1638,Jharkhand,"AIIMS, Deoghar",PAEDIATRICS,AIIMS-Inst. Pref,UR-AIIMS-IP
1,1641,Rajasthan,"AIIMS, Jodhpur",PMR,AIIMS-All India,UR
1,1649,Telangana,"AIIMS, Bibinagar",RADIATION ONCOLOGY,AIIMS-All India,OBC
1,1651,Odisha,"AIIMS, Bhubaneswar",ANAESTHESIOLOGY,AIIMS-All India,OBC
1,1654,Chhattisgarh,"AIIMS, Raipur",RADIO DIAGNOSIS,AIIMS-All India,SC
1,1662,Assam,"AIIMS, Guwahati",COMMUNITY & FAMILY MEDICINE,AIIMS-All India,UR
1,1663,Karnataka,"NIMHANS, Bangalore",PSYCHIATRY,NIMHANS-KAR Domicile,OBC-Karnataka Domicile
1,1668,Telangana,"AIIMS, Bibinagar",ANAESTHESIOLOGY,AIIMS-All India,OBC
1,1678,Delhi,"AIIMS, Delhi",PHYSIOLOGY,AIIMS-All India,UR
1,1680,Delhi,"AIIMS, Delhi",PHARMACOLOGY,AIIMS-All India,EWS
1,1693,Karnataka,"NIMHANS, Bangalore",PMR,NIMHANS-All India,UR
1,1696,Himachal Pradesh,"AIIMS, Bilaspur, Himachal",TRAUMATOLOGY AND SURGERY,AIIMS-All India,OBC
1,1700,Delhi,"AIIMS, Delhi",PSYCHIATRY,AIIMS-Inst. Pref,UR-AIIMS-IP
1,1701,Bihar,"AIIMS, Patna",ORTHOPAEDICS,AIIMS-Inst. Pref,UR-AIIMS-IP
1,1710,Pondicherry,"JIPMER, Puducherry",PSYCHIATRY,JIPMER-All India,EWS
1,1716,Madhya Pradesh,"AIIMS, Bhopal",PSYCHIATRY,AIIMS-All India,OBC
1,1723,Jharkhand,"AIIMS, Deoghar",OBG,AIIMS-All India,EWS
1,1727,Delhi,"AIIMS, Delhi",FORENSIC MEDICINE,AIIMS-All India,UR
1,1735,Chandigarh,"PGIMER, Chandigarh",GENERAL MEDICINE,PGIMER-All India,ST
1,1744,Punjab,"AIIMS, Bathinda",ORTHOPAEDICS,AIIMS-All India,EWS
1,1748,Andhra Pradesh,"AIIMS, Mangalagiri",COMMUNITY MEDICINE,AIIMS-All India,UR
1,1752,Rajasthan,"AIIMS, Jodhpur",ANAESTHESIOLOGY,AIIMS-All India,OBC
1,1762,Pondicherry,"JIPMER, Puducherry",COMMUNITY MEDICINE,JIPMER-All India,OBC
1,1768,Rajasthan,"AIIMS, Jodhpur",PATHOLOGY,AIIMS-All India,UR
1,1775,Punjab,"AIIMS, Bathinda",OPHTHALMOLOGY,AIIMS-All India,OBC
1,1783,Madhya Pradesh,"AIIMS, Bhopal",PATHOLOGY,AIIMS-All India,UR
1,1787,Maharashtra,"AIIMS, Nagpur",OBG,AIIMS-Inst. Pref,UR-AIIMS-IP
1,1796,Delhi,"AIIMS, Delhi",PAEDIATRICS,AIIMS-All India,SC
1,1797,Chhattisgarh,"AIIMS, Raipur",PAEDIATRIC SURGERY 6 YRS,AIIMS-Inst. Pref,UR-AIIMS-IP
1,1803,Himachal Pradesh,"AIIMS, Bilaspur, Himachal",EMERGENCY MEDICINE,AIIMS-All India,OBC
1,1809,Pondicherry,"JIPMER, Puducherry",PAEDIATRICS,JIPMER-All India,SC
1,1811,Maharashtra,"AIIMS, Nagpur",ANAESTHESIOLOGY,AIIMS-All India,EWS
1,1813,Chandigarh,"PGIMER, Chandigarh",PHARMACOLOGY,PGIMER-All India,UR
1,1815,Chhattisgarh,"AIIMS, Raipur",OPHTHALMOLOGY,AIIMS-All India,OBC
1,1821,Chhattisgarh,"AIIMS, Raipur",PSYCHIATRY,AIIMS-All India,OBC
1,1824,Rajasthan,"AIIMS, Jodhpur",ANAESTHESIOLOGY,AIIMS-All India,OBC
1,1825,Rajasthan,"AIIMS, Jodhpur",COMMUNITY MEDICINE,AIIMS-All India,UR
1,1826,Madhya Pradesh,"AIIMS, Bhopal",PATHOLOGY,AIIMS-All India,UR
1,1828,Andhra Pradesh,"AIIMS, Mangalagiri",RADIO DIAGNOSIS,AIIMS-All India,SC
1,1832,Madhya Pradesh,"AIIMS, Bhopal",FORENSIC MEDICINE,AIIMS-All India,UR
1,1833,Chandigarh,"PGIMER, Chandigarh",MICROBIOLOGY,PGIMER-All India,UR
1,1835,Pondicherry,"JIPMER, Puducherry",OPHTHALMOLOGY,JIMPER-Inst. Pref,INST (JIPMER)
1,1836,Chandigarh,"PGIMER, Chandigarh",PAEDIATRICS,PGIMER-All India,SC
1,1848,Bihar,"AIIMS, Patna",RADIATION ONCOLOGY,AIIMS-Inst. Pref,UR-AIIMS-IP
1,1860,Rajasthan,"AIIMS, Jodhpur",ENT,AIIMS-All India,OBC
1,1862,Pondicherry,"JIPMER, Puducherry",GENERAL MEDICINE,JIPMER-All India,ST
1,1871,Chandigarh,"PGIMER, Chandigarh",BIOCHEMISTRY,PGIMER-All India,UR
1,1884,Maharashtra,"AIIMS, Nagpur",HOSPITAL ADMINISTRATION,AIIMS-All India,UR
1,1888,Odisha,"AIIMS, Bhubaneswar",ANAESTHESIOLOGY,AIIMS-All India,OBC
1,1900,Delhi,"AIIMS, Delhi",PATHOLOGY,AIIMS-All India,OBC
1,1903,Pondicherry,"JIPMER, Puducherry",PATHOLOGY,JIPMER-All India,OBC
1,1905,Chhattisgarh,"AIIMS, Raipur",ENT,AIIMS-All India,OBC
1,1908,Delhi,"AIIMS, Delhi",ENT,AIIMS-Inst. Pref,UR-AIIMS-IP
1,1909,Odisha,"AIIMS, Bhubaneswar",PSYCHIATRY,AIIMS-All India,OBC
1,1910,Chhattisgarh,"AIIMS, Raipur",OPHTHALMOLOGY,AIIMS-All India,EWS
1,1911,Chandigarh,"PGIMER, Chandigarh",IHBT,PGIMER-All India,UR
1,1912,Telangana,"AIIMS, Bibinagar",PMR,AIIMS-All India,UR
1,1917,Delhi,"AIIMS, Delhi",ORTHOPAEDICS,AIIMS-All India,SC
1,1922,Madhya Pradesh,"AIIMS, Bhopal",ANAESTHESIOLOGY,AIIMS-All India,EWS
1,1926,Uttar Pradesh,"AIIMS, Rai Bareli",PATHOLOGY,AIIMS-All India,UR
1,1927,Himachal Pradesh,"AIIMS, Bilaspur, Himachal",ANAESTHESIOLOGY,AIIMS-All India,EWS
1,1928,Madhya Pradesh,"AIIMS, Bhopal",ANATOMY,AIIMS-All India,UR
1,1931,Uttarakhand,"AIIMS, Rishikesh",DERMATOLOGY,AIIMS-All India,SC
1,1938,Odisha,"AIIMS, Bhubaneswar",HOSPITAL ADMINISTRATION,AIIMS-All India,OBC
1,1941,West Bengal,"AIIMS, Kalyani",RADIATION ONCOLOGY,AIIMS-All India,EWS
1,1944,Chandigarh,"PGIMER, Chandigarh",PAEDIATRICS,PGIMER-All India,SC
1,1951,Odisha,"AIIMS, Bhubaneswar",ANAESTHESIOLOGY,AIIMS-All India,EWS
1,1954,Bihar,"AIIMS, Patna",PSYCHIATRY,AIIMS-Inst. Pref,UR-AIIMS-IP
1,1955,Rajasthan,"AIIMS, Jodhpur",ANAESTHESIOLOGY,AIIMS-All India,OBC
1,1957,Bihar,"AIIMS, Patna",ENT,AIIMS-All India,OBC
1,1959,Pondicherry,"JIPMER, Puducherry",ORTHOPAEDICS,JIMPER-Inst. Pref,INST (JIPMER)
1,1962,Bihar,"AIIMS, Patna",OPHTHALMOLOGY,AIIMS-All India,OBC
1,1966,Jammu and Kashmir,"AIIMS, Jammu",PATHOLOGY,AIIMS-All India,UR
1,1977,Jammu and Kashmir,"AIIMS, Jammu",PMR,AIIMS-All India,UR
1,1995,Pondicherry,"JIPMER, Puducherry",RADIATION ONCOLOGY,JIMPER-Inst. Pref,INST (JIPMER)
1,1997,Chhattisgarh,"AIIMS, Raipur",PATHOLOGY,AIIMS-All India,UR
1,2006,Delhi,"AIIMS, Delhi",ANAESTHESIOLOGY,AIIMS-Inst. Pref,UR-AIIMS-IP
1,2009,Bihar,"AIIMS, Patna",EMERGENCY MEDICINE,AIIMS-All India,EWS
1,2013,Delhi,"AIIMS, Delhi",OBG,AIIMS-All India,SC
1,2018,Andhra Pradesh,"AIIMS, Mangalagiri",PAEDIATRICS,AIIMS-Inst. Pref,UR-AIIMS-IP
1,2026,Jharkhand,"AIIMS, Deoghar",ENT,AIIMS-All India,OBC
1,2035,Chhattisgarh,"AIIMS, Raipur",IHBT,AIIMS-All India,UR
1,2044,Madhya Pradesh,"AIIMS, Bhopal",RADIO DIAGNOSIS,AIIMS-All India,ST
1,2046,Maharashtra,"AIIMS, Nagpur",OBG,AIIMS-Inst. Pref,UR-AIIMS-IP
1,2049,Bihar,"AIIMS, Patna",ENT,AIIMS-Inst. Pref,UR-AIIMS-IP
1,2052,Delhi,"AIIMS, Delhi",PHYSIOLOGY,AIIMS-All India,UR
1,2056,Rajasthan,"AIIMS, Jodhpur",ANAESTHESIOLOGY,AIIMS-All India,OBC
1,2065,Punjab,"AIIMS, Bathinda",PATHOLOGY,AIIMS-All India,UR
1,2078,Chhattisgarh,"AIIMS, Raipur",PATHOLOGY,AIIMS-All India,UR
1,2081,Jharkhand,"AIIMS, Deoghar",PATHOLOGY,AIIMS-All India,UR
1,2088,Telangana,"AIIMS, Bibinagar",IHBT,AIIMS-All India,UR
1,2091,Pondicherry,"JIPMER, Puducherry",PSYCHIATRY,JIMPER-Inst. Pref,INST (JIPMER)-PwD
1,2093,West Bengal,"AIIMS, Kalyani",PATHOLOGY,AIIMS-All India,UR
1,2094,Delhi,"AIIMS, Delhi",GENERAL SURGERY,AIIMS-All India,UR-PwD
1,2099,Punjab,"AIIMS, Bathinda",HOSPITAL ADMINISTRATION,AIIMS-All India,UR
1,2102,Pondicherry,"JIPMER, Puducherry",PATHOLOGY,JIPMER-All India,OBC
1,2106,Chandigarh,"PGIMER, Chandigarh",GENERAL MEDICINE,PGIMER-Rural,UR-RA
1,2107,Rajasthan,"AIIMS, Jodhpur",ANAESTHESIOLOGY,AIIMS-All India,OBC
1,2108,Andhra Pradesh,"AIIMS, Mangalagiri",PSYCHIATRY,AIIMS-All India,OBC
1,2109,Punjab,"AIIMS, Bathinda",RADIO DIAGNOSIS,AIIMS-All India,SC
1,2110,Chhattisgarh,"AIIMS, Raipur",PATHOLOGY,AIIMS-All India,OBC
1,2112,Andhra Pradesh,"AIIMS, Mangalagiri",ORTHOPAEDICS,AIIMS-Inst. Pref,UR-AIIMS-IP
1,2119,Bihar,"AIIMS, Patna",ANAESTHESIOLOGY,AIIMS-All India,OBC
1,2120,Madhya Pradesh,"AIIMS, Bhopal",FORENSIC MEDICINE,AIIMS-All India,UR
1,2127,Uttarakhand,"AIIMS, Rishikesh",ORTHOPAEDICS,AIIMS-Inst. Pref,UR-AIIMS-IP
1,2128,Punjab,"AIIMS, Bathinda",PAEDIATRICS,AIIMS-Inst. Pref,UR-AIIMS-IP
1,2143,Odisha,"AIIMS, Bhubaneswar",ENT,AIIMS-All India,EWS
1,2149,Chandigarh,"PGIMER, Chandigarh",ORTHOPAEDICS,PGIMER-All India,SC
1,2156,Chhattisgarh,"AIIMS, Raipur",EMERGENCY MEDICINE,AIIMS-All India,EWS
1,2178,Himachal Pradesh,"AIIMS, Bilaspur, Himachal",ANAESTHESIOLOGY,AIIMS-All India,OBC
1,2210,Jammu and Kashmir,"AIIMS, Jammu",COMMUNITY MEDICINE,AIIMS-All India,UR
1,2213,Assam,"AIIMS, Guwahati",RADIO DIAGNOSIS,AIIMS-All India,SC
1,2224,Chandigarh,"PGIMER, Chandigarh",PAEDIATRICS,PGIMER-Rural,UR-RA
1,2225,Jharkhand,"AIIMS, Deoghar",ANAESTHESIOLOGY,AIIMS-All India,OBC
1,2230,Delhi,"AIIMS, Delhi",PALLIATIVE MEDICINE,AIIMS-All India,OBC
1,2250,Pondicherry,"JIPMER, Puducherry",ORTHOPAEDICS,JIPMER-All India,SC
1,2251,Bihar,"AIIMS, Patna",ANAESTHESIOLOGY,AIIMS-All India,OBC
1,2263,Delhi,"AIIMS, Delhi",PALLIATIVE MEDICINE,AIIMS-All India,OBC
1,2266,Jharkhand,"AIIMS, Deoghar",OPHTHALMOLOGY,AIIMS-All India,OBC
1,2269,Delhi,"AIIMS, Delhi",BIOPHYSICS,AIIMS-All India,OBC
1,2276,Rajasthan,"AIIMS, Jodhpur",PATHOLOGY,AIIMS-All India,OBC
1,2278,Pondicherry,"JIPMER, Puducherry",EMERGENCY MEDICINE,JIMPER-Inst. Pref,INST (JIPMER)
1,2279,Delhi,"AIIMS, Delhi",IHBT,AIIMS-All India,OBC
1,2280,Punjab,"AIIMS, Bathinda",ANAESTHESIOLOGY,AIIMS-All India,OBC
1,2284,Madhya Pradesh,"AIIMS, Bhopal",ANAESTHESIOLOGY,AIIMS-Inst. Pref,UR-AIIMS-IP
1,2302,Telangana,"AIIMS, Bibinagar",HOSPITAL ADMINISTRATION,AIIMS-All India,UR
1,2303,Odisha,"AIIMS, Bhubaneswar",PAEDIATRIC SURGERY 6 YRS,AIIMS-Inst. Pref,UR-AIIMS-IP
1,2304,Uttar Pradesh,"AIIMS, Rai Bareli",EMERGENCY MEDICINE,AIIMS-All India,OBC
1,2313,Chandigarh,"PGIMER, Chandigarh",GENERAL SURGERY,PGIMER-All India,ST
1,2330,Chandigarh,"PGIMER, Chandigarh",PATHOLOGY,PGIMER-All India,OBC
1,2335,Pondicherry,"JIPMER, Puducherry",ANAESTHESIOLOGY,JIMPER-Inst. Pref,INST (JIPMER)
1,2336,Chandigarh,"PGIMER, Chandigarh",PHARMACOLOGY,PGIMER-All India,UR
1,2352,Pondicherry,"JIPMER, Puducherry",PATHOLOGY,JIPMER-All India,OBC
1,2353,Andhra Pradesh,"AIIMS, Mangalagiri",GENERAL SURGERY,AIIMS-Inst. Pref,UR-AIIMS-IP
1,2359,Assam,"AIIMS, Guwahati",ANAESTHESIOLOGY,AIIMS-All India,OBC
1,2366,West Bengal,"AIIMS, Kalyani",OPHTHALMOLOGY,AIIMS-All India,OBC
1,2373,Madhya Pradesh,"AIIMS, Bhopal",CARDIO THORACIC AND VASCULAR SURGERY 6 YRS,AIIMS-Inst. Pref,UR-AIIMS-IP
1,2375,Jharkhand,"AIIMS, Deoghar",ANAESTHESIOLOGY,AIIMS-All India,OBC
1,2377,Punjab,"AIIMS, Bathinda",OPHTHALMOLOGY,AIIMS-All India,EWS
1,2381,Pondicherry,"JIPMER, Puducherry",GENERAL SURGERY,JIPMER-All India,SC
1,2383,Chandigarh,"PGIMER, Chandigarh",RADIO DIAGNOSIS,PGIMER-All India,OBC-PwD
1,2390,Uttar Pradesh,"AIIMS, Gorakhpur",RADIO DIAGNOSIS,AIIMS-All India,SC
1,2403,Uttarakhand,"AIIMS, Rishikesh",ANAESTHESIOLOGY,AIIMS-Inst. Pref,UR-AIIMS-IP
1,2409,Uttar Pradesh,"AIIMS, Gorakhpur",ANAESTHESIOLOGY,AIIMS-All India,OBC
1,2420,Himachal Pradesh,"AIIMS, Bilaspur, Himachal",OBG,AIIMS-Inst. Pref,UR-AIIMS-IP
1,2421,Uttar Pradesh,"AIIMS, Gorakhpur",EMERGENCY MEDICINE,AIIMS-All India,EWS
1,2429,Maharashtra,"AIIMS, Nagpur",IHBT,AIIMS-All India,UR
1,2439,Bihar,"AIIMS, Patna",TRAUMASURG&CC (6 YRS),AIIMS-Inst. Pref,UR-AIIMS-IP
1,2440,Delhi,"AIIMS, Delhi",NUCLEAR MEDICINE,AIIMS-All India,SC
1,2442,Gujarat,"AIIMS, Rajkot",ANAESTHESIOLOGY,AIIMS-All India,OBC
1,2445,Pondicherry,"JIPMER, Puducherry",OPHTHALMOLOGY,JIMPER-Inst. Pref,INST (JIPMER)
1,2450,Jammu and Kashmir,"AIIMS, Jammu",ANAESTHESIOLOGY,AIIMS-All India,OBC
1,2454,Uttar Pradesh,"AIIMS, Rai Bareli",NEUROSURGERY 6 YRS,AIIMS-Inst. Pref,UR-AIIMS-IP
1,2455,Punjab,"AIIMS, Bathinda",PSYCHIATRY,AIIMS-All India,OBC
1,2458,Bihar,"AIIMS, Patna",ANAESTHESIOLOGY,AIIMS-All India,EWS
1,2464,Himachal Pradesh,"AIIMS, Bilaspur, Himachal",OPHTHALMOLOGY,AIIMS-Inst. Pref,UR-AIIMS-IP
1,2467,Jammu and Kashmir,"AIIMS, Jammu",ANAESTHESIOLOGY,AIIMS-All India,OBC
1,2471,West Bengal,"AIIMS, Kalyani",ENT,AIIMS-Inst. Pref,UR-AIIMS-IP
1,2477,Bihar,"AIIMS, Patna",FORENSIC MEDICINE,AIIMS-All India,UR
1,2483,Himachal Pradesh,"AIIMS, Bilaspur, Himachal",PSYCHIATRY,AIIMS-All India,OBC
1,2484,Madhya Pradesh,"AIIMS, Bhopal",FAMILY MEDICINE,AIIMS-All India,EWS
1,2486,Chandigarh,"PGIMER, Chandigarh",GENERAL SURGERY,PGIMER-Rural,UR-RA
1,2489,Chandigarh,"PGIMER, Chandigarh",IHBT,PGIMER-All India,OBC
1,2496,Rajasthan,"AIIMS, Jodhpur",ENT,AIIMS-All India,EWS
1,2506,Maharashtra,"AIIMS, Nagpur",COMMUNITY MEDICINE,AIIMS-All India,UR
1,2508,Madhya Pradesh,"AIIMS, Bhopal",IHBT,AIIMS-All India,UR
1,2522,Delhi,"AIIMS, Delhi",ENT,AIIMS-Inst. Pref,UR-AIIMS-IP
1,2536,Uttar Pradesh,"AIIMS, Gorakhpur",PSYCHIATRY,AIIMS-All India,OBC
1,2538,Andhra Pradesh,"AIIMS, Mangalagiri",ENT,AIIMS-All India,EWS
1,2557,Uttarakhand,"AIIMS, Rishikesh",ANAESTHESIOLOGY,AIIMS-Inst. Pref,UR-AIIMS-IP
1,2563,Maharashtra,"AIIMS, Nagpur",FAMILY MEDICINE,AIIMS-All India,OBC
1,2568,Madhya Pradesh,"AIIMS, Bhopal",ANAESTHESIOLOGY,AIIMS-Inst. Pref,UR-AIIMS-IP
1,2569,Delhi,"AIIMS, Delhi",PMR,AIIMS-All India,OBC
1,2575,Pondicherry,"JIPMER, Puducherry",PSYCHIATRY,JIMPER-Inst. Pref,INST (JIPMER)
1,2583,Maharashtra,"AIIMS, Nagpur",ENT,AIIMS-All India,EWS
1,2607,Punjab,"AIIMS, Bathinda",ANAESTHESIOLOGY,AIIMS-All India,EWS
1,2608,Andhra Pradesh,"AIIMS, Mangalagiri",FORENSIC MEDICINE,AIIMS-All India,UR
1,2613,Rajasthan,"AIIMS, Jodhpur",BIOCHEMISTRY,AIIMS-All India,UR
1,2629,Delhi,"AIIMS, Delhi",COMMUNITY MEDICINE,AIIMS-All India,OBC
1,2637,Odisha,"AIIMS, Bhubaneswar",PATHOLOGY,AIIMS-All India,OBC
1,2642,Uttar Pradesh,"AIIMS, Gorakhpur",OPHTHALMOLOGY,AIIMS-Inst. Pref,UR-AIIMS-IP
1,2652,Madhya Pradesh,"AIIMS, Bhopal",NUCLEAR MEDICINE,AIIMS-All India,SC
1,2653,Uttarakhand,"AIIMS, Rishikesh",GERIATRICS,AIIMS-Inst. Pref,UR-AIIMS-IP
1,2662,Pondicherry,"JIPMER, Puducherry",PHARMACOLOGY,JIPMER-All India,EWS
1,2666,Punjab,"AIIMS, Bathinda",DERMATOLOGY,AIIMS-All India,SC
1,2674,Karnataka,"NIMHANS, Bangalore",PSYCHIATRY,NIMHANS-All India,SC
1,2684,Delhi,"AIIMS, Delhi",COMMUNITY MEDICINE,AIIMS-All India,OBC
1,2687,Madhya Pradesh,"AIIMS, Bhopal",COMMUNITY MEDICINE,AIIMS-All India,OBC
1,2692,Rajasthan,"AIIMS, Jodhpur",PAEDIATRICS,AIIMS-All India,SC
1,2701,Rajasthan,"AIIMS, Jodhpur",GENERAL MEDICINE,AIIMS-All India,ST
1,2702,Uttar Pradesh,"AIIMS, Rai Bareli",OPHTHALMOLOGY,AIIMS-Inst. Pref,UR-AIIMS-IP
1,2723,Chhattisgarh,"AIIMS, Raipur",DERMATOLOGY,AIIMS-All India,SC
1,2730,Pondicherry,"JIPMER, Puducherry",TBRD,JIPMER-All India,SC
1,2735,Uttarakhand,"AIIMS, Rishikesh",PLASTIC SURGERY 6 YRS,AIIMS-Inst. Pref,UR-AIIMS-IP
1,2743,Chandigarh,"PGIMER, Chandigarh",OBG,PGIMER-All India,SC
1,2745,Chhattisgarh,"AIIMS, Raipur",ANAESTHESIOLOGY,AIIMS-Inst. Pref,UR-AIIMS-IP
1,2746,Delhi,"AIIMS, Delhi",ANATOMY,AIIMS-All India,UR
1,2753,Odisha,"AIIMS, Bhubaneswar",ENT,AIIMS-Inst. Pref,UR-AIIMS-IP
1,2782,Delhi,"AIIMS, Delhi",GENERAL SURGERY,AIIMS-All India,SC
1,2793,Jharkhand,"AIIMS, Deoghar",ANAESTHESIOLOGY,AIIMS-All India,EWS
1,2798,Pondicherry,"JIPMER, Puducherry",COMMUNITY MEDICINE,JIPMER-All India,OBC
1,2800,Chandigarh,"PGIMER, Chandigarh",GENERAL SURGERY,PGIMER-All India,SC
1,2821,Pondicherry,"JIPMER, Puducherry",PATHOLOGY,JIPMER-All India,OBC
1,2823,Delhi,"AIIMS, Delhi",OPHTHALMOLOGY,AIIMS-All India,SC
1,2832,Uttar Pradesh,"AIIMS, Rai Bareli",ENT,AIIMS-All India,EWS
1,2853,Uttarakhand,"AIIMS, Rishikesh",NUCLEAR MEDICINE,AIIMS-All India,SC
1,2862,Andhra Pradesh,"AIIMS, Mangalagiri",OBG,AIIMS-Inst. Pref,UR-AIIMS-IP
1,2890,Jharkhand,"AIIMS, Deoghar",ORTHOPAEDICS,AIIMS-Inst. Pref,UR-AIIMS-IP
1,2914,Uttarakhand,"AIIMS, Rishikesh",GENERAL SURGERY,AIIMS-All India,SC
1,2927,Chandigarh,"PGIMER, Chandigarh",MICROBIOLOGY,PGIMER-All India,UR
1,2933,Pondicherry,"JIPMER, Puducherry",ANAESTHESIOLOGY,JIPMER-All India,SC
1,2944,Punjab,"AIIMS, Bathinda",OBG,AIIMS-Inst. Pref,UR-AIIMS-IP
1,2946,Gujarat,"AIIMS, Rajkot",COMMUNITY & FAMILY MEDICINE,AIIMS-All India,UR
1,2948,Pondicherry,"JIPMER, Puducherry",PHYSIOLOGY,JIPMER-All India,UR
1,2950,Pondicherry,"JIPMER, Puducherry",EMERGENCY MEDICINE,JIPMER-All India,SC
1,2962,Delhi,"AIIMS, Delhi",COMMUNITY MEDICINE,AIIMS-All India,SC
1,2965,Pondicherry,"JIPMER, Puducherry",MICROBIOLOGY,JIPMER-All India,OBC
1,2969,Telangana,"AIIMS, Bibinagar",PATHOLOGY,AIIMS-All India,OBC
1,2970,Odisha,"AIIMS, Bhubaneswar",IHBT,AIIMS-All India,OBC
1,2978,Pondicherry,"JIPMER, Puducherry",PAEDIATRICS,JIPMER-All India,ST
1,2980,Pondicherry,"JIPMER, Puducherry",PHYSIOLOGY,JIPMER-All India,UR
1,3001,Karnataka,"NIMHANS, Bangalore",PSYCHIATRY,NIMHANS-NE Domicile,OBC-North East Domicile
1,3007,Pondicherry,"JIPMER, Puducherry",ANAESTHESIOLOGY,JIMPER-Inst. Pref,INST (JIPMER)
1,3017,Madhya Pradesh,"AIIMS, Bhopal",PATHOLOGY,AIIMS-All India,OBC
1,3018,Uttarakhand,"AIIMS, Rishikesh",MICROBIOLOGY,AIIMS-All India,UR
1,3021,Delhi,"AIIMS, Delhi",PAEDIATRICS,AIIMS-All India,ST
1,3036,Chandigarh,"PGIMER, Chandigarh",PSYCHIATRY,PGIMER-All India,SC
1,3037,Maharashtra,"AIIMS, Nagpur",PLASTIC SURGERY 6 YRS,AIIMS-Inst. Pref,UR-AIIMS-IP
1,3038,Bihar,"AIIMS, Patna",PHARMACOLOGY,AIIMS-All India,UR
1,3043,Bihar,"AIIMS, Patna",ANAESTHESIOLOGY,AIIMS-Inst. Pref,UR-AIIMS-IP
1,3050,Pondicherry,"JIPMER, Puducherry",ANAESTHESIOLOGY,JIPMER-All India,SC
1,3066,Uttarakhand,"AIIMS, Rishikesh",PSYCHIATRY,AIIMS-All India,SC
1,3067,Maharashtra,"AIIMS, Nagpur",DERMATOLOGY,AIIMS-All India,SC
1,3088,Assam,"AIIMS, Guwahati",PMR,AIIMS-All India,OBC
1,3095,Maharashtra,"AIIMS, Nagpur",PMR,AIIMS-All India,OBC
1,3120,Assam,"AIIMS, Guwahati",COMMUNITY & FAMILY MEDICINE,AIIMS-All India,UR
1,3138,Madhya Pradesh,"AIIMS, Bhopal",GENERAL SURGERY,AIIMS-All India,SC
1,3150,Bihar,"AIIMS, Patna",PMR,AIIMS-All India,OBC
1,3155,Pondicherry,"JIPMER, Puducherry",PMR,JIPMER-All India,EWS
1,3156,Delhi,"AIIMS, Delhi",EMERGENCY MEDICINE,AIIMS-All India,SC
1,3191,Delhi,"AIIMS, Delhi",FORENSIC MEDICINE,AIIMS-All India,OBC
1,3198,Gujarat,"AIIMS, Rajkot",DERMATOLOGY,AIIMS-All India,SC
1,3228,Uttar Pradesh,"AIIMS, Gorakhpur",PATHOLOGY,AIIMS-All India,OBC
1,3249,Maharashtra,"AIIMS, Nagpur",OBG,AIIMS-All India,SC
1,3256,Delhi,"AIIMS, Delhi",HOSPITAL ADMINISTRATION,AIIMS-All India,OBC
1,3263,Pondicherry,"JIPMER, Puducherry",MICROBIOLOGY,JIPMER-All India,OBC
1,3266,Chhattisgarh,"AIIMS, Raipur",PHARMACOLOGY,AIIMS-All India,UR
1,3277,Punjab,"AIIMS, Bathinda",COMMUNITY & FAMILY MEDICINE,AIIMS-All India,OBC
1,3286,Rajasthan,"AIIMS, Jodhpur",MICROBIOLOGY,AIIMS-All India,UR
1,3298,Bihar,"AIIMS, Patna",CARDIO THORACIC AND VASCULAR SURGERY 6 YRS,AIIMS-Inst. Pref,UR-AIIMS-IP
1,3356,Punjab,"AIIMS, Bathinda",RADIO DIAGNOSIS,AIIMS-All India,OBC-PwD
1,3372,Bihar,"AIIMS, Patna",GENERAL MEDICINE,AIIMS-All India,ST
1,3394,Delhi,"AIIMS, Delhi",COMMUNITY MEDICINE,AIIMS-All India,EWS
1,3406,Uttarakhand,"AIIMS, Rishikesh",PAEDIATRICS,AIIMS-All India,SC
1,3418,Delhi,"AIIMS, Delhi",ANAESTHESIOLOGY,AIIMS-All India,SC
1,3438,Chhattisgarh,"AIIMS, Raipur",ANAESTHESIOLOGY,AIIMS-Inst. Pref,UR-AIIMS-IP
1,3465,Punjab,"AIIMS, Bathinda",ENT,AIIMS-Inst. Pref,UR-AIIMS-IP
1,3466,Delhi,"AIIMS, Delhi",ANAESTHESIOLOGY,AIIMS-Inst. Pref,UR-AIIMS-IP
1,3485,Maharashtra,"AIIMS, Nagpur",PATHOLOGY,AIIMS-All India,OBC
1,3492,Maharashtra,"AIIMS, Nagpur",MICROBIOLOGY,AIIMS-All India,UR
1,3496,Assam,"AIIMS, Guwahati",PATHOLOGY,AIIMS-All India,OBC
1,3500,Bihar,"AIIMS, Patna",PATHOLOGY,AIIMS-All India,OBC
1,3513,Chhattisgarh,"AIIMS, Raipur",MICROBIOLOGY,AIIMS-All India,UR
1,3515,Assam,"AIIMS, Guwahati",COMMUNITY & FAMILY MEDICINE,AIIMS-All India,UR
1,3526,Pondicherry,"JIPMER, Puducherry",ORTHOPAEDICS,JIPMER-All India,SC
1,3553,Bihar,"AIIMS, Patna",PAEDIATRICS,AIIMS-All India,SC
1,3555,Chandigarh,"PGIMER, Chandigarh",ANAESTHESIOLOGY,PGIMER-Rural,UR-RA
1,3564,Madhya Pradesh,"AIIMS, Bhopal",PAEDIATRICS,AIIMS-All India,SC
1,3575,Telangana,"AIIMS, Bibinagar",MICROBIOLOGY,AIIMS-All India,UR
1,3586,Karnataka,"NIMHANS, Bangalore",PSYCHIATRY,NIMHANS-All India,SC
1,3595,Odisha,"AIIMS, Bhubaneswar",PAEDIATRICS,AIIMS-All India,SC
1,3603,Karnataka,"NIMHANS, Bangalore",PSYCHIATRY,NIMHANS-All India,SC
1,3612,Chhattisgarh,"AIIMS, Raipur",ANAESTHESIOLOGY,AIIMS-Inst. Pref,UR-AIIMS-IP
1,3649,Delhi,"AIIMS, Delhi",GENERAL SURGERY,AIIMS-All India,SC
1,3655,Odisha,"AIIMS, Bhubaneswar",PHARMACOLOGY,AIIMS-All India,UR
1,3659,Maharashtra,"AIIMS, Nagpur",PATHOLOGY,AIIMS-All India,OBC
1,3661,Punjab,"AIIMS, Bathinda",ORTHOPAEDICS,AIIMS-All India,SC
1,3698,Telangana,"AIIMS, Bibinagar",PMR,AIIMS-All India,OBC
1,3700,Uttar Pradesh,"AIIMS, Gorakhpur",ANAESTHESIOLOGY,AIIMS-Inst. Pref,UR-AIIMS-IP
1,3707,Uttar Pradesh,"AIIMS, Rai Bareli",PATHOLOGY,AIIMS-All India,OBC
1,3735,Assam,"AIIMS, Guwahati",COMMUNITY & FAMILY MEDICINE,AIIMS-All India,OBC
1,3736,Maharashtra,"AIIMS, Nagpur",ENT,AIIMS-Inst. Pref,UR-AIIMS-IP
1,3737,Andhra Pradesh,"AIIMS, Mangalagiri",ANAESTHESIOLOGY,AIIMS-Inst. Pref,UR-AIIMS-IP
1,3741,Assam,"AIIMS, Guwahati",PATHOLOGY,AIIMS-All India,OBC
1,3745,Gujarat,"AIIMS, Rajkot",ENT,AIIMS-Inst. Pref,UR-AIIMS-IP
1,3746,Maharashtra,"AIIMS, Nagpur",PAEDIATRICS,AIIMS-All India,SC
1,3747,Jharkhand,"AIIMS, Deoghar",ORTHOPAEDICS,AIIMS-Inst. Pref,UR-AIIMS-IP
1,3754,Delhi,"AIIMS, Delhi",HOSPITAL ADMINISTRATION,AIIMS-Inst. Pref,UR-AIIMS-IP
1,3767,Delhi,"AIIMS, Delhi",OPHTHALMOLOGY,AIIMS-All India,SC
1,3777,Jharkhand,"AIIMS, Deoghar",MICROBIOLOGY,AIIMS-All India,UR
1,3778,Punjab,"AIIMS, Bathinda",MICROBIOLOGY,AIIMS-All India,UR
1,3782,Odisha,"AIIMS, Bhubaneswar",RADIO DIAGNOSIS,AIIMS-All India,ST
1,3797,Odisha,"AIIMS, Bhubaneswar",NUCLEAR MEDICINE,AIIMS-All India,SC
1,3802,Maharashtra,"AIIMS, Nagpur",GENERAL MEDICINE,AIIMS-All India,ST
1,3803,Assam,"AIIMS, Guwahati",PHYSIOLOGY,AIIMS-All India,UR
1,3809,Delhi,"AIIMS, Delhi",PATHOLOGY,AIIMS-All India,EWS
1,3823,Uttarakhand,"AIIMS, Rishikesh",RADIATION ONCOLOGY,AIIMS-All India,SC
1,3851,Chhattisgarh,"AIIMS, Raipur",NUCLEAR MEDICINE,AIIMS-All India,UR-PwD
1,3872,Andhra Pradesh,"AIIMS, Mangalagiri",COMMUNITY MEDICINE,AIIMS-All India,OBC
1,3877,Andhra Pradesh,"AIIMS, Mangalagiri",NUCLEAR MEDICINE,AIIMS-All India,SC
1,3887,West Bengal,"AIIMS, Kalyani",PHYSIOLOGY,AIIMS-All India,UR
1,3910,Delhi,"AIIMS, Delhi",ENT,AIIMS-Inst. Pref,UR-AIIMS-IP
1,3911,Rajasthan,"AIIMS, Jodhpur",ANAESTHESIOLOGY,AIIMS-Inst. Pref,UR-AIIMS-IP
1,3943,Rajasthan,"AIIMS, Jodhpur",PSYCHIATRY,AIIMS-All India,SC
1,3945,Rajasthan,"AIIMS, Jodhpur",PAEDIATRIC SURGERY 6 YRS,AIIMS-Inst. Pref,UR-AIIMS-IP
1,3973,Chandigarh,"PGIMER, Chandigarh",ANAESTHESIOLOGY,PGIMER-All India,SC
1,3993,Chandigarh,"PGIMER, Chandigarh",GENERAL SURGERY,PGIMER-All India,SC
1,4007,Punjab,"AIIMS, Bathinda",GENERAL MEDICINE,AIIMS-All India,ST
1,4015,Himachal Pradesh,"AIIMS, Bilaspur, Himachal",PATHOLOGY,AIIMS-All India,OBC
1,4024,Assam,"AIIMS, Guwahati",PHYSIOLOGY,AIIMS-All India,UR
1,4025,Uttarakhand,"AIIMS, Rishikesh",IHBT,AIIMS-All India,OBC
1,4027,Bihar,"AIIMS, Patna",GENERAL SURGERY,AIIMS-All India,SC
1,4033,Pondicherry,"JIPMER, Puducherry",RADIATION ONCOLOGY,JIPMER-All India,SC
1,4045,Bihar,"AIIMS, Patna",EMERGENCY MEDICINE,AIIMS-All India,SC
1,4047,Assam,"AIIMS, Guwahati",PHARMACOLOGY,AIIMS-All India,UR
1,4053,Telangana,"AIIMS, Bibinagar",ANATOMY,AIIMS-All India,OBC
1,4067,Delhi,"AIIMS, Delhi",ANATOMY,AIIMS-All India,UR
1,4082,Chandigarh,"PGIMER, Chandigarh",HOSPITAL ADMINISTRATION,PGIMER-All India,OBC
1,4103,Chandigarh,"PGIMER, Chandigarh",GENERAL SURGERY,PGIMER-All India,SC
1,4109,Delhi,"AIIMS, Delhi",LAB MEDICINE,AIIMS-All India,OBC
1,4150,Pondicherry,"JIPMER, Puducherry",FORENSIC MEDICINE,JIMPER-Inst. Pref,INST (JIPMER)
1,4153,Odisha,"AIIMS, Bhubaneswar",OPHTHALMOLOGY,AIIMS-All India,SC
1,4158,Uttar Pradesh,"AIIMS, Rai Bareli",EMERGENCY MEDICINE,AIIMS-Inst. Pref,UR-AIIMS-IP
1,4162,Chandigarh,"PGIMER, Chandigarh",OBG,PGIMER-Rural,UR-RA
1,4165,Pondicherry,"JIPMER, Puducherry",PHARMACOLOGY,JIPMER-All India,SC
1,4177,Andhra Pradesh,"AIIMS, Mangalagiri",RADIO DIAGNOSIS,AIIMS-All India,ST
1,4180,Uttar Pradesh,"AIIMS, Gorakhpur",ORTHOPAEDICS,AIIMS-All India,SC
1,4182,Pondicherry,"JIPMER, Puducherry",ENT,JIPMER-All India,SC-PwD
1,4187,Bihar,"AIIMS, Patna",ANAESTHESIOLOGY,AIIMS-Inst. Pref,UR-AIIMS-IP
1,4193,Andhra Pradesh,"AIIMS, Mangalagiri",OBG,AIIMS-Inst. Pref,UR-AIIMS-IP
1,4197,Andhra Pradesh,"AIIMS, Mangalagiri",GENERAL MEDICINE,AIIMS-All India,ST
1,4202,Jharkhand,"AIIMS, Deoghar",MICROBIOLOGY,AIIMS-All India,OBC
1,4211,West Bengal,"AIIMS, Kalyani",OPHTHALMOLOGY,AIIMS-All India,SC
1,4216,Madhya Pradesh,"AIIMS, Bhopal",FORENSIC MEDICINE,AIIMS-All India,OBC
1,4239,Rajasthan,"AIIMS, Jodhpur",PATHOLOGY,AIIMS-All India,EWS
1,4252,Bihar,"AIIMS, Patna",ANAESTHESIOLOGY,AIIMS-Inst. Pref,UR-AIIMS-IP
1,4253,Chandigarh,"PGIMER, Chandigarh",ANAESTHESIOLOGY,PGIMER-All India,SC
1,4268,Uttarakhand,"AIIMS, Rishikesh",OBG,AIIMS-All India,SC
1,4269,Uttarakhand,"AIIMS, Rishikesh",EMERGENCY MEDICINE,AIIMS-Inst. Pref,UR-AIIMS-IP
1,4280,Rajasthan,"AIIMS, Jodhpur",ANAESTHESIOLOGY,AIIMS-All India,SC
1,4284,Andhra Pradesh,"AIIMS, Mangalagiri",BIOCHEMISTRY,AIIMS-All India,UR
1,4301,Bihar,"AIIMS, Patna",BIOCHEMISTRY,AIIMS-All India,UR
1,4318,Pondicherry,"JIPMER, Puducherry",ANATOMY,JIPMER-All India,OBC-PwD
1,4331,Madhya Pradesh,"AIIMS, Bhopal",ORTHOPAEDICS,AIIMS-All India,ST
1,4340,Jharkhand,"AIIMS, Deoghar",PSYCHIATRY,AIIMS-Inst. Pref,UR-AIIMS-IP
1,4354,Assam,"AIIMS, Guwahati",BIOCHEMISTRY,AIIMS-All India,UR
1,4358,Bihar,"AIIMS, Patna",ANATOMY,AIIMS-All India,UR
1,4377,Pondicherry,"JIPMER, Puducherry",BIOCHEMISTRY,JIPMER-All India,OBC
1,4389,Chhattisgarh,"AIIMS, Raipur",IHBT,AIIMS-All India,OBC
1,4394,Delhi,"AIIMS, Delhi",PHYSIOLOGY,AIIMS-All India,OBC
1,4395,Himachal Pradesh,"AIIMS, Bilaspur, Himachal",GENERAL MEDICINE,AIIMS-All India,ST
1,4414,Rajasthan,"AIIMS, Jodhpur",PAEDIATRIC SURGERY 6 YRS,AIIMS-Inst. Pref,UR-AIIMS-IP
1,4417,Pondicherry,"JIPMER, Puducherry",COMMUNITY MEDICINE,JIMPER-Inst. Pref,INST (JIPMER)
1,4463,Chandigarh,"PGIMER, Chandigarh",PAEDIATRICS,PGIMER-All India,ST
1,4468,Delhi,"AIIMS, Delhi",ANAESTHESIOLOGY,AIIMS-All India,SC
1,4508,Delhi,"AIIMS, Delhi",PALLIATIVE MEDICINE,AIIMS-All India,EWS
1,4521,Rajasthan,"AIIMS, Jodhpur",GENERAL SURGERY,AIIMS-All India,ST
1,4593,Gujarat,"AIIMS, Rajkot",ANAESTHESIOLOGY,AIIMS-Inst. Pref,UR-AIIMS-IP
1,4604,Punjab,"AIIMS, Bathinda",ANATOMY,AIIMS-All India,UR
1,4620,Bihar,"AIIMS, Patna",COMMUNITY & FAMILY MEDICINE,AIIMS-Inst. Pref,UR-AIIMS-IP
1,4632,Rajasthan,"AIIMS, Jodhpur",OBG,AIIMS-All India,SC
1,4703,Chhattisgarh,"AIIMS, Raipur",PMR,AIIMS-All India,EWS
1,4753,Pondicherry,"JIPMER, Puducherry",PATHOLOGY,JIPMER-All India,EWS
1,4760,Jammu and Kashmir,"AIIMS, Jammu",FORENSIC MEDICINE,AIIMS-All India,OBC
1,4768,Andhra Pradesh,"AIIMS, Mangalagiri",ANATOMY,AIIMS-All India,UR
1,4781,Maharashtra,"AIIMS, Nagpur",PAEDIATRIC SURGERY 6 YRS,AIIMS-Inst. Pref,UR-AIIMS-IP
1,4785,Odisha,"AIIMS, Bhubaneswar",PSYCHIATRY,AIIMS-All India,SC
1,4786,Assam,"AIIMS, Guwahati",ANATOMY,AIIMS-All India,UR
1,4795,Gujarat,"AIIMS, Rajkot",ANATOMY,AIIMS-All India,UR
1,4799,Odisha,"AIIMS, Bhubaneswar",ANATOMY,AIIMS-All India,UR
1,4811,Maharashtra,"AIIMS, Nagpur",GENERAL SURGERY,AIIMS-All India,SC
1,4860,Andhra Pradesh,"AIIMS, Mangalagiri",GENERAL SURGERY,AIIMS-All India,SC
1,4866,Delhi,"AIIMS, Delhi",PHARMACOLOGY,AIIMS-All India,OBC
1,4869,Andhra Pradesh,"AIIMS, Mangalagiri",HOSPITAL ADMINISTRATION,AIIMS-All India,OBC
1,4884,Andhra Pradesh,"AIIMS, Mangalagiri",OPHTHALMOLOGY,AIIMS-Inst. Pref,UR-AIIMS-IP
1,4887,Odisha,"AIIMS, Bhubaneswar",ANAESTHESIOLOGY,AIIMS-Inst. Pref,UR-AIIMS-IP
1,4906,Pondicherry,"JIPMER, Puducherry",OBG,JIPMER-All India,ST
1,4915,Himachal Pradesh,"AIIMS, Bilaspur, Himachal",IHBT,AIIMS-All India,OBC
1,4916,Bihar,"AIIMS, Patna",FORENSIC MEDICINE,AIIMS-All India,OBC
1,4921,Rajasthan,"AIIMS, Jodhpur",ANAESTHESIOLOGY,AIIMS-All India,SC
1,4947,Rajasthan,"AIIMS, Jodhpur",COMMUNITY MEDICINE,AIIMS-All India,OBC
1,4958,Uttar Pradesh,"AIIMS, Gorakhpur",OBG,AIIMS-All India,SC
1,4974,Telangana,"AIIMS, Bibinagar",PHYSIOLOGY,AIIMS-All India,OBC
1,5034,Delhi,"AIIMS, Delhi",LAB MEDICINE,AIIMS-All India,EWS
1,5039,Odisha,"AIIMS, Bhubaneswar",COMMUNITY MEDICINE,AIIMS-All India,OBC
1,5043,Chhattisgarh,"AIIMS, Raipur",FORENSIC MEDICINE,AIIMS-All India,OBC
1,5065,Bihar,"AIIMS, Patna",PATHOLOGY,AIIMS-All India,EWS
1,5080,Himachal Pradesh,"AIIMS, Bilaspur, Himachal",IHBT,AIIMS-All India,EWS
1,5081,Rajasthan,"AIIMS, Jodhpur",BIOCHEMISTRY,AIIMS-All India,OBC
1,5084,Chhattisgarh,"AIIMS, Raipur",ANATOMY,AIIMS-Inst. Pref,UR-AIIMS-IP
1,5097,Punjab,"AIIMS, Bathinda",ORTHOPAEDICS,AIIMS-Inst. Pref,UR-AIIMS-IP
1,5104,Maharashtra,"AIIMS, Nagpur",GENERAL SURGERY,AIIMS-All India,SC
1,5125,Uttar Pradesh,"AIIMS, Gorakhpur",GENERAL SURGERY,AIIMS-All India,SC
1,5140,Gujarat,"AIIMS, Rajkot",PHARMACOLOGY,AIIMS-All India,OBC
1,5141,Himachal Pradesh,"AIIMS, Bilaspur, Himachal",EMERGENCY MEDICINE,AIIMS-All India,SC
1,5147,Uttar Pradesh,"AIIMS, Gorakhpur",GENERAL MEDICINE,AIIMS-All India,ST
1,5153,Chhattisgarh,"AIIMS, Raipur",COMMUNITY MEDICINE,AIIMS-All India,OBC
1,5160,Andhra Pradesh,"AIIMS, Mangalagiri",PATHOLOGY,AIIMS-All India,EWS
1,5171,Gujarat,"AIIMS, Rajkot",RADIO DIAGNOSIS,AIIMS-All India,ST
1,5198,Pondicherry,"JIPMER, Puducherry",ANATOMY,JIPMER-All India,OBC
1,5200,Karnataka,"NIMHANS, Bangalore",PSYCHIATRY,NIMHANS-KAR Domicile,SC-Karnataka Domicile
1,5231,Jharkhand,"AIIMS, Deoghar",ORTHOPAEDICS,AIIMS-All India,SC
1,5234,Odisha,"AIIMS, Bhubaneswar",ANAESTHESIOLOGY,AIIMS-Inst. Pref,UR-AIIMS-IP
1,5236,Uttar Pradesh,"AIIMS, Gorakhpur",COMMUNITY & FAMILY MEDICINE,AIIMS-Inst. Pref,UR-AIIMS-IP
1,5247,Punjab,"AIIMS, Bathinda",IHBT,AIIMS-All India,OBC
1,5273,Himachal Pradesh,"AIIMS, Bilaspur, Himachal",ORTHOPAEDICS,AIIMS-Inst. Pref,UR-AIIMS-IP
1,5274,Madhya Pradesh,"AIIMS, Bhopal",PHARMACOLOGY,AIIMS-All India,EWS
1,5300,Assam,"AIIMS, Guwahati",RADIO DIAGNOSIS,AIIMS-All India,ST
1,5301,Odisha,"AIIMS, Bhubaneswar",FORENSIC MEDICINE,AIIMS-All India,OBC
1,5327,Maharashtra,"AIIMS, Nagpur",EMERGENCY MEDICINE,AIIMS-Inst. Pref,UR-AIIMS-IP
1,5329,Uttar Pradesh,"AIIMS, Rai Bareli",ORTHOPAEDICS,AIIMS-All India,SC
1,5343,Assam,"AIIMS, Guwahati",PATHOLOGY,AIIMS-All India,EWS
1,5372,Pondicherry,"JIPMER, Puducherry",PATHOLOGY,JIPMER-All India,SC
1,5403,Odisha,"AIIMS, Bhubaneswar",EMERGENCY MEDICINE,AIIMS-All India,SC
1,5424,Delhi,"AIIMS, Delhi",PHYSIOLOGY,AIIMS-All India,OBC
1,5453,Punjab,"AIIMS, Bathinda",PAEDIATRICS,AIIMS-All India,SC
1,5516,Uttarakhand,"AIIMS, Rishikesh",ANAESTHESIOLOGY,AIIMS-All India,SC
1,5527,Gujarat,"AIIMS, Rajkot",PATHOLOGY,AIIMS-All India,EWS
1,5533,Andhra Pradesh,"AIIMS, Mangalagiri",FORENSIC MEDICINE,AIIMS-All India,OBC
1,5550,Punjab,"AIIMS, Bathinda",OBG,AIIMS-All India,SC
1,5552,Delhi,"AIIMS, Delhi",ANAESTHESIOLOGY,AIIMS-Inst. Pref,UR-AIIMS-IP
1,5573,Delhi,"AIIMS, Delhi",GERIATRICS,AIIMS-Inst. Pref,UR-AIIMS-IP
1,5586,Delhi,"AIIMS, Delhi",PSYCHIATRY,AIIMS-All India,UR-PwD
1,5615,Punjab,"AIIMS, Bathinda",BIOCHEMISTRY,AIIMS-All India,OBC
1,5667,Madhya Pradesh,"AIIMS, Bhopal",BIOCHEMISTRY,AIIMS-All India,OBC
1,5672,Uttarakhand,"AIIMS, Rishikesh",PAEDIATRICS,AIIMS-All India,ST
1,5707,Odisha,"AIIMS, Bhubaneswar",COMMUNITY MEDICINE,AIIMS-All India,OBC
1,5708,Punjab,"AIIMS, Bathinda",PAEDIATRICS,AIIMS-All India,SC
1,5724,Maharashtra,"AIIMS, Nagpur",PAEDIATRIC SURGERY 6 YRS,AIIMS-Inst. Pref,UR-AIIMS-IP
1,5739,Pondicherry,"JIPMER, Puducherry",COMMUNITY MEDICINE,JIMPER-Inst. Pref,INST (JIPMER)
1,5773,Andhra Pradesh,"AIIMS, Mangalagiri",ENT,AIIMS-Inst. Pref,UR-AIIMS-IP
1,5804,Andhra Pradesh,"AIIMS, Mangalagiri",RADIATION ONCOLOGY,AIIMS-Inst. Pref,UR-AIIMS-IP
1,5816,Madhya Pradesh,"AIIMS, Bhopal",ANAESTHESIOLOGY,AIIMS-All India,SC
1,5824,Bihar,"AIIMS, Patna",COMMUNITY & FAMILY MEDICINE,AIIMS-All India,OBC
1,5839,Madhya Pradesh,"AIIMS, Bhopal",COMMUNITY MEDICINE,AIIMS-Inst. Pref,UR-AIIMS-IP
1,5862,Delhi,"AIIMS, Delhi",OBG,AIIMS-All India,ST
1,5884,West Bengal,"AIIMS, Kalyani",FORENSIC MEDICINE,AIIMS-All India,OBC
1,5887,Madhya Pradesh,"AIIMS, Bhopal",OPHTHALMOLOGY,AIIMS-All India,SC
1,5897,Assam,"AIIMS, Guwahati",GENERAL SURGERY,AIIMS-All India,SC
1,5907,Chhattisgarh,"AIIMS, Raipur",ANAESTHESIOLOGY,AIIMS-All India,SC
1,5913,Andhra Pradesh,"AIIMS, Mangalagiri",ANAESTHESIOLOGY,AIIMS-Inst. Pref,UR-AIIMS-IP
1,5916,Odisha,"AIIMS, Bhubaneswar",IHBT,AIIMS-Inst. Pref,UR-AIIMS-IP
1,5948,Chhattisgarh,"AIIMS, Raipur",FAMILY MEDICINE,AIIMS-Inst. Pref,UR-AIIMS-IP
1,5951,Telangana,"AIIMS, Bibinagar",GENERAL SURGERY,AIIMS-All India,SC
1,5965,Pondicherry,"JIPMER, Puducherry",PATHOLOGY,JIMPER-Inst. Pref,INST (JIPMER)
1,5988,Odisha,"AIIMS, Bhubaneswar",FORENSIC MEDICINE,AIIMS-Inst. Pref,UR-AIIMS-IP
1,5994,Jharkhand,"AIIMS, Deoghar",GENERAL SURGERY,AIIMS-All India,SC
1,5997,Uttarakhand,"AIIMS, Rishikesh",BIOCHEMISTRY,AIIMS-All India,OBC
1,6007,Jammu and Kashmir,"AIIMS, Jammu",ORTHOPAEDICS,AIIMS-All India,SC
1,6036,Gujarat,"AIIMS, Rajkot",FORENSIC MEDICINE,AIIMS-All India,OBC
1,6038,Gujarat,"AIIMS, Rajkot",COMMUNITY & FAMILY MEDICINE,AIIMS-All India,OBC
1,6039,Andhra Pradesh,"AIIMS, Mangalagiri",ORTHOPAEDICS,AIIMS-All India,SC
1,6058,Pondicherry,"JIPMER, Puducherry",GENERAL SURGERY,JIPMER-All India,ST
1,6073,Jharkhand,"AIIMS, Deoghar",OBG,AIIMS-All India,SC
1,6075,Punjab,"AIIMS, Bathinda",FORENSIC MEDICINE,AIIMS-All India,OBC
1,6128,Delhi,"AIIMS, Delhi",ENT,AIIMS-All India,SC
1,6137,Uttarakhand,"AIIMS, Rishikesh",ANAESTHESIOLOGY,AIIMS-All India,SC
1,6149,Maharashtra,"AIIMS, Nagpur",ANAESTHESIOLOGY,AIIMS-Inst. Pref,UR-AIIMS-IP
1,6156,Jharkhand,"AIIMS, Deoghar",COMMUNITY & FAMILY MEDICINE,AIIMS-All India,OBC
1,6157,Maharashtra,"AIIMS, Nagpur",EMERGENCY MEDICINE,AIIMS-All India,SC
1,6223,Odisha,"AIIMS, Bhubaneswar",EMERGENCY MEDICINE,AIIMS-All India,SC
1,6243,Delhi,"AIIMS, Delhi",ANATOMY,AIIMS-All India,OBC
1,6254,Uttar Pradesh,"AIIMS, Rai Bareli",OBG,AIIMS-All India,SC
1,6269,Jharkhand,"AIIMS, Deoghar",PATHOLOGY,AIIMS-All India,EWS
1,6272,Madhya Pradesh,"AIIMS, Bhopal",PHARMACOLOGY,AIIMS-All India,OBC
1,6296,Maharashtra,"AIIMS, Nagpur",ENT,AIIMS-All India,SC
1,6308,Uttarakhand,"AIIMS, Rishikesh",ANATOMY,AIIMS-All India,OBC
1,6341,Maharashtra,"AIIMS, Nagpur",ANAESTHESIOLOGY,AIIMS-Inst. Pref,UR-AIIMS-IP
1,6351,Andhra Pradesh,"AIIMS, Mangalagiri",ANAESTHESIOLOGY,AIIMS-Inst. Pref,UR-AIIMS-IP
1,6425,Maharashtra,"AIIMS, Nagpur",PAEDIATRICS,AIIMS-All India,ST
1,6431,Delhi,"AIIMS, Delhi",HOSPITAL ADMINISTRATION,AIIMS-All India,SC
1,6436,Pondicherry,"JIPMER, Puducherry",OBG,JIPMER-All India,ST
1,6498,Chandigarh,"PGIMER, Chandigarh",OBG,PGIMER-All India,ST
1,6499,Uttarakhand,"AIIMS, Rishikesh",EMERGENCY MEDICINE,AIIMS-Inst. Pref,UR-AIIMS-IP
1,6507,Andhra Pradesh,"AIIMS, Mangalagiri",EMERGENCY MEDICINE,AIIMS-Inst. Pref,UR-AIIMS-IP
1,6515,Gujarat,"AIIMS, Rajkot",ANATOMY,AIIMS-All India,OBC
1,6560,Pondicherry,"JIPMER, Puducherry",MICROBIOLOGY,JIMPER-Inst. Pref,INST (JIPMER)
1,6571,Delhi,"AIIMS, Delhi",GERIATRICS,AIIMS-All India,SC
1,6588,Himachal Pradesh,"AIIMS, Bilaspur, Himachal",PAEDIATRICS,AIIMS-All India,ST
1,6726,Odisha,"AIIMS, Bhubaneswar",IHBT,AIIMS-Inst. Pref,UR-AIIMS-IP
1,6772,Uttarakhand,"AIIMS, Rishikesh",MICROBIOLOGY,AIIMS-All India,OBC
1,6782,Jammu and Kashmir,"AIIMS, Jammu",OBG,AIIMS-All India,SC
1,6812,Punjab,"AIIMS, Bathinda",CARDIO THORACIC AND VASCULAR SURGERY 6 YRS,AIIMS-Inst. Pref,UR-AIIMS-IP
1,6890,Himachal Pradesh,"AIIMS, Bilaspur, Himachal",PAEDIATRIC SURGERY 6 YRS,AIIMS-Inst. Pref,UR-AIIMS-IP
1,6966,Jammu and Kashmir,"AIIMS, Jammu",OPHTHALMOLOGY,AIIMS-All India,SC
1,6983,Rajasthan,"AIIMS, Jodhpur",COMMUNITY MEDICINE,AIIMS-All India,EWS
1,7004,Madhya Pradesh,"AIIMS, Bhopal",PSYCHIATRY,AIIMS-All India,SC
1,7035,Himachal Pradesh,"AIIMS, Bilaspur, Himachal",ANAESTHESIOLOGY,AIIMS-All India,SC
1,7143,Punjab,"AIIMS, Bathinda",ENT,AIIMS-All India,SC
1,7184,Rajasthan,"AIIMS, Jodhpur",PHYSIOLOGY,AIIMS-All India,OBC
1,7196,Maharashtra,"AIIMS, Nagpur",PMR,AIIMS-Inst. Pref,UR-AIIMS-IP
1,7227,Maharashtra,"AIIMS, Nagpur",PHYSIOLOGY,AIIMS-Inst. Pref,UR-AIIMS-IP
1,7231,Madhya Pradesh,"AIIMS, Bhopal",ENT,AIIMS-All India,SC
1,7239,Jharkhand,"AIIMS, Deoghar",PHARMACOLOGY,AIIMS-All India,OBC
1,7253,Pondicherry,"JIPMER, Puducherry",ANATOMY,JIPMER-All India,EWS
1,7291,Chhattisgarh,"AIIMS, Raipur",EMERGENCY MEDICINE,AIIMS-All India,SC
1,7320,Himachal Pradesh,"AIIMS, Bilaspur, Himachal",PSYCHIATRY,AIIMS-All India,SC
1,7326,Delhi,"AIIMS, Delhi",OPHTHALMOLOGY,AIIMS-All India,ST
1,7407,Delhi,"AIIMS, Delhi",BIOPHYSICS,AIIMS-Inst. Pref,UR-AIIMS-IP
1,7421,Delhi,"AIIMS, Delhi",BIOPHYSICS,AIIMS-Inst. Pref,UR-AIIMS-IP
1,7472,Andhra Pradesh,"AIIMS, Mangalagiri",PAEDIATRICS,AIIMS-All India,ST
1,7559,Madhya Pradesh,"AIIMS, Bhopal",ANATOMY,AIIMS-All India,SC
1,7584,Gujarat,"AIIMS, Rajkot",OBG,AIIMS-All India,SC
1,7590,West Bengal,"AIIMS, Kalyani",FORENSIC MEDICINE,AIIMS-All India,EWS
1,7599,Chandigarh,"PGIMER, Chandigarh",MICROBIOLOGY,PGIMER-All India,OBC
1,7606,Chhattisgarh,"AIIMS, Raipur",OPHTHALMOLOGY,AIIMS-All India,SC
1,7607,Assam,"AIIMS, Guwahati",ANATOMY,AIIMS-All India,OBC
1,7645,Telangana,"AIIMS, Bibinagar",FORENSIC MEDICINE,AIIMS-All India,EWS
1,7658,Chhattisgarh,"AIIMS, Raipur",MICROBIOLOGY,AIIMS-All India,OBC
1,7661,Punjab,"AIIMS, Bathinda",COMMUNITY & FAMILY MEDICINE,AIIMS-All India,EWS
1,7685,Rajasthan,"AIIMS, Jodhpur",OBG,AIIMS-All India,ST
1,7763,Bihar,"AIIMS, Patna",ANAESTHESIOLOGY,AIIMS-All India,SC
1,7771,Delhi,"AIIMS, Delhi",PALLIATIVE MEDICINE,AIIMS-All India,SC
1,7846,Andhra Pradesh,"AIIMS, Mangalagiri",MICROBIOLOGY,AIIMS-All India,OBC
1,7859,Bihar,"AIIMS, Patna",ENT,AIIMS-All India,SC
1,7863,Rajasthan,"AIIMS, Jodhpur",PATHOLOGY,AIIMS-All India,SC
1,7876,Chandigarh,"PGIMER, Chandigarh",MICROBIOLOGY,PGIMER-All India,OBC
1,7878,Himachal Pradesh,"AIIMS, Bilaspur, Himachal",OBG,AIIMS-All India,SC
1,7888,Himachal Pradesh,"AIIMS, Bilaspur, Himachal",TRAUMATOLOGY AND SURGERY,AIIMS-All India,SC
1,7892,Chhattisgarh,"AIIMS, Raipur",ENT,AIIMS-All India,SC
1,7896,Delhi,"AIIMS, Delhi",PATHOLOGY,AIIMS-All India,SC
1,7925,Bihar,"AIIMS, Patna",ANATOMY,AIIMS-All India,OBC
1,8019,Rajasthan,"AIIMS, Jodhpur",MICROBIOLOGY,AIIMS-All India,EWS
1,8049,Bihar,"AIIMS, Patna",IHBT,AIIMS-Inst. Pref,UR-AIIMS-IP
1,8089,Punjab,"AIIMS, Bathinda",ORTHOPAEDICS,AIIMS-Inst. Pref,UR-AIIMS-IP
1,8117,Chandigarh,"PGIMER, Chandigarh",PATHOLOGY,PGIMER-All India,SC
1,8230,Assam,"AIIMS, Guwahati",OPHTHALMOLOGY,AIIMS-All India,SC
1,8247,Uttarakhand,"AIIMS, Rishikesh",ENT,AIIMS-Inst. Pref,UR-AIIMS-IP
1,8279,Madhya Pradesh,"AIIMS, Bhopal",PHYSIOLOGY,AIIMS-All India,OBC
1,8318,Karnataka,"NIMHANS, Bangalore",PSYCHIATRY,NIMHANS-All India,ST
1,8321,Bihar,"AIIMS, Patna",BIOCHEMISTRY,AIIMS-All India,OBC
1,8339,Assam,"AIIMS, Guwahati",PHYSIOLOGY,AIIMS-All India,EWS
1,8363,Punjab,"AIIMS, Bathinda",ANAESTHESIOLOGY,AIIMS-All India,SC
1,8417,Maharashtra,"AIIMS, Nagpur",COMMUNITY MEDICINE,AIIMS-All India,EWS
1,8419,Bihar,"AIIMS, Patna",PAEDIATRICS,AIIMS-All India,ST
1,8464,Chhattisgarh,"AIIMS, Raipur",ANATOMY,AIIMS-All India,OBC
1,8472,Bihar,"AIIMS, Patna",OBG,AIIMS-All India,ST
1,8481,Himachal Pradesh,"AIIMS, Bilaspur, Himachal",ENT,AIIMS-All India,SC
1,8483,Odisha,"AIIMS, Bhubaneswar",PMR,AIIMS-All India,SC
1,8520,Madhya Pradesh,"AIIMS, Bhopal",GENERAL SURGERY,AIIMS-All India,ST
1,8547,Rajasthan,"AIIMS, Jodhpur",MICROBIOLOGY,AIIMS-All India,OBC
1,8556,Uttar Pradesh,"AIIMS, Rai Bareli",BIOCHEMISTRY,AIIMS-All India,OBC
1,8583,Rajasthan,"AIIMS, Jodhpur",PHARMACOLOGY,AIIMS-All India,EWS
1,8633,Gujarat,"AIIMS, Rajkot",ANATOMY,AIIMS-All India,EWS
1,8650,Uttarakhand,"AIIMS, Rishikesh",PHYSIOLOGY,AIIMS-All India,OBC
1,8725,Andhra Pradesh,"AIIMS, Mangalagiri",ANATOMY,AIIMS-All India,OBC
1,8759,Odisha,"AIIMS, Bhubaneswar",MICROBIOLOGY,AIIMS-All India,EWS
1,8782,Pondicherry,"JIPMER, Puducherry",BIOCHEMISTRY,JIMPER-Inst. Pref,INST (JIPMER)
1,8822,Uttar Pradesh,"AIIMS, Rai Bareli",PSYCHIATRY,AIIMS-All India,SC
1,8825,Delhi,"AIIMS, Delhi",PSYCHIATRY,AIIMS-All India,ST
1,8831,Andhra Pradesh,"AIIMS, Mangalagiri",EMERGENCY MEDICINE,AIIMS-Inst. Pref,UR-AIIMS-IP
1,8832,Maharashtra,"AIIMS, Nagpur",OBG,AIIMS-All India,ST
1,8840,Chhattisgarh,"AIIMS, Raipur",PSYCHIATRY,AIIMS-All India,ST
1,8854,Pondicherry,"JIPMER, Puducherry",PAEDIATRICS,JIPMER-All India,UR-PwD
1,8862,Pondicherry,"JIPMER, Puducherry",COMMUNITY MEDICINE,JIPMER-All India,SC
1,8871,Uttarakhand,"AIIMS, Rishikesh",TRAUMASURG&CC (6 YRS),AIIMS-Inst. Pref,UR-AIIMS-IP
1,8896,Maharashtra,"AIIMS, Nagpur",BIOCHEMISTRY,AIIMS-All India,OBC
1,8904,Chandigarh,"PGIMER, Chandigarh",IHBT,PGIMER-All India,SC
1,8921,Jharkhand,"AIIMS, Deoghar",PAEDIATRIC SURGERY 6 YRS,AIIMS-Inst. Pref,UR-AIIMS-IP
1,8923,Jharkhand,"AIIMS, Deoghar",ANAESTHESIOLOGY,AIIMS-All India,SC
1,8963,Assam,"AIIMS, Guwahati",ANAESTHESIOLOGY,AIIMS-All India,SC
1,8997,Assam,"AIIMS, Guwahati",BIOCHEMISTRY,AIIMS-All India,OBC
1,9011,Chhattisgarh,"AIIMS, Raipur",GENERAL SURGERY,AIIMS-All India,ST
1,9058,Maharashtra,"AIIMS, Nagpur",ANATOMY,AIIMS-All India,OBC
1,9061,Bihar,"AIIMS, Patna",PMR,AIIMS-Inst. Pref,UR-AIIMS-IP
1,9088,Assam,"AIIMS, Guwahati",ANATOMY,AIIMS-All India,OBC
1,9097,West Bengal,"AIIMS, Kalyani",ANATOMY,AIIMS-All India,OBC
1,9149,Madhya Pradesh,"AIIMS, Bhopal",MICROBIOLOGY,AIIMS-All India,EWS
1,9166,Jammu and Kashmir,"AIIMS, Jammu",NEUROSURGERY 6 YRS,AIIMS-Inst. Pref,UR-AIIMS-IP
1,9211,Jharkhand,"AIIMS, Deoghar",PHYSIOLOGY,AIIMS-All India,OBC
1,9214,Madhya Pradesh,"AIIMS, Bhopal",COMMUNITY MEDICINE,AIIMS-Inst. Pref,UR-AIIMS-IP
1,9215,Chandigarh,"PGIMER, Chandigarh",OPHTHALMOLOGY,PGIMER-All India,ST
1,9222,Chhattisgarh,"AIIMS, Raipur",PATHOLOGY,AIIMS-All India,SC
1,9260,Jharkhand,"AIIMS, Deoghar",ANATOMY,AIIMS-All India,OBC
1,9267,Jammu and Kashmir,"AIIMS, Jammu",ORTHOPAEDICS,AIIMS-Inst. Pref,UR-AIIMS-IP
1,9287,Andhra Pradesh,"AIIMS, Mangalagiri",PMR,AIIMS-Inst. Pref,UR-AIIMS-IP
1,9292,Punjab,"AIIMS, Bathinda",PAEDIATRICS,AIIMS-All India,ST
1,9314,Rajasthan,"AIIMS, Jodhpur",PSYCHIATRY,AIIMS-Inst. Pref,UR-AIIMS-IP
1,9335,Delhi,"AIIMS, Delhi",PHYSIOLOGY,AIIMS-All India,EWS
1,9348,Jharkhand,"AIIMS, Deoghar",ANAESTHESIOLOGY,AIIMS-Inst. Pref,UR-AIIMS-IP
1,9372,Assam,"AIIMS, Guwahati",PHYSIOLOGY,AIIMS-All India,OBC
1,9378,Madhya Pradesh,"AIIMS, Bhopal",MICROBIOLOGY,AIIMS-Inst. Pref,UR-AIIMS-IP
1,9406,Uttar Pradesh,"AIIMS, Gorakhpur",FORENSIC MEDICINE,AIIMS-Inst. Pref,UR-AIIMS-IP
1,9423,Andhra Pradesh,"AIIMS, Mangalagiri",HOSPITAL ADMINISTRATION,AIIMS-Inst. Pref,UR-AIIMS-IP
1,9447,West Bengal,"AIIMS, Kalyani",ANATOMY,AIIMS-All India,OBC
1,9470,Punjab,"AIIMS, Bathinda",OBG,AIIMS-All India,ST
1,9595,Madhya Pradesh,"AIIMS, Bhopal",FORENSIC MEDICINE,AIIMS-All India,SC
1,9689,Maharashtra,"AIIMS, Nagpur",ORTHOPAEDICS,AIIMS-All India,ST
1,9740,Gujarat,"AIIMS, Rajkot",ORTHOPAEDICS,AIIMS-All India,ST
1,9812,Delhi,"AIIMS, Delhi",ANAESTHESIOLOGY,AIIMS-All India,ST
1,9868,Delhi,"AIIMS, Delhi",ANAESTHESIOLOGY,AIIMS-All India,ST
1,9874,Delhi,"AIIMS, Delhi",PMR,AIIMS-All India,SC
1,9996,Bihar,"AIIMS, Patna",PATHOLOGY,AIIMS-All India,SC
1,10025,Rajasthan,"AIIMS, Jodhpur",OPHTHALMOLOGY,AIIMS-All India,ST
1,10032,Punjab,"AIIMS, Bathinda",PAEDIATRIC SURGERY 6 YRS,AIIMS-Inst. Pref,UR-AIIMS-IP
1,10036,Maharashtra,"AIIMS, Nagpur",GENERAL SURGERY,AIIMS-All India,ST
1,10049,Jharkhand,"AIIMS, Deoghar",GENERAL SURGERY,AIIMS-All India,ST
1,10085,Pondicherry,"JIPMER, Puducherry",PATHOLOGY,JIPMER-All India,SC
1,10417,Madhya Pradesh,"AIIMS, Bhopal",ENT,AIIMS-All India,ST
1,10478,Maharashtra,"AIIMS, Nagpur",IHBT,AIIMS-All India,SC
1,10482,Rajasthan,"AIIMS, Jodhpur",COMMUNITY MEDICINE,AIIMS-Inst. Pref,UR-AIIMS-IP
1,10509,Chandigarh,"PGIMER, Chandigarh",ANAESTHESIOLOGY,PGIMER-All India,ST
1,10555,Delhi,"AIIMS, Delhi",EMERGENCY MEDICINE,AIIMS-All India,ST
1,10559,Pondicherry,"JIPMER, Puducherry",PSYCHIATRY,JIPMER-All India,ST
1,10567,Uttarakhand,"AIIMS, Rishikesh",PHYSIOLOGY,AIIMS-All India,EWS
1,10598,Rajasthan,"AIIMS, Jodhpur",ANAESTHESIOLOGY,AIIMS-All India,ST
1,10814,Gujarat,"AIIMS, Rajkot",FAMILY MEDICINE,AIIMS-All India,SC
1,10882,Chhattisgarh,"AIIMS, Raipur",IHBT,AIIMS-All India,SC
1,10944,Odisha,"AIIMS, Bhubaneswar",OPHTHALMOLOGY,AIIMS-All India,ST
1,10967,Uttarakhand,"AIIMS, Rishikesh",RADIATION ONCOLOGY,AIIMS-All India,ST
1,10974,Chandigarh,"PGIMER, Chandigarh",GENERAL MEDICINE,PGIMER-All India,UR-PwD
1,11031,Uttarakhand,"AIIMS, Rishikesh",PMR,AIIMS-All India,SC
1,11045,Pondicherry,"JIPMER, Puducherry",IHBT,JIPMER-All India,SC
1,11087,Punjab,"AIIMS, Bathinda",RADIATION ONCOLOGY,AIIMS-Inst. Pref,UR-AIIMS-IP
1,11234,Delhi,"AIIMS, Delhi",BIOPHYSICS,AIIMS-Inst. Pref,UR-AIIMS-IP
1,11239,Rajasthan,"AIIMS, Jodhpur",COMMUNITY MEDICINE,AIIMS-All India,SC
1,11257,Pondicherry,"JIPMER, Puducherry",ENT,JIPMER-All India,ST
1,11259,Uttarakhand,"AIIMS, Rishikesh",ANAESTHESIOLOGY,AIIMS-All India,ST
1,11337,Bihar,"AIIMS, Patna",ANAESTHESIOLOGY,AIIMS-All India,ST
1,11367,Uttarakhand,"AIIMS, Rishikesh",PAEDIATRIC SURGERY 6 YRS,AIIMS-Inst. Pref,UR-AIIMS-IP
1,11453,Jammu and Kashmir,"AIIMS, Jammu",FAMILY MEDICINE,AIIMS-All India,SC
1,11556,Andhra Pradesh,"AIIMS, Mangalagiri",PHARMACOLOGY,AIIMS-All India,SC
1,11563,Maharashtra,"AIIMS, Nagpur",MICROBIOLOGY,AIIMS-All India,EWS
1,11657,Uttarakhand,"AIIMS, Rishikesh",IHBT,AIIMS-Inst. Pref,UR-AIIMS-IP
1,11731,Jharkhand,"AIIMS, Deoghar",PMR,AIIMS-All India,SC
1,11881,Bihar,"AIIMS, Patna",PATHOLOGY,AIIMS-All India,ST
1,11981,Punjab,"AIIMS, Bathinda",GENERAL SURGERY,AIIMS-All India,ST
1,12027,Odisha,"AIIMS, Bhubaneswar",PATHOLOGY,AIIMS-All India,SC
1,12247,Odisha,"AIIMS, Bhubaneswar",PHYSIOLOGY,AIIMS-All India,EWS
1,12330,Rajasthan,"AIIMS, Jodhpur",ANAESTHESIOLOGY,AIIMS-Inst. Pref,UR-AIIMS-IP
1,12427,Delhi,"AIIMS, Delhi",LAB MEDICINE,AIIMS-All India,ST
1,12443,Madhya Pradesh,"AIIMS, Bhopal",PATHOLOGY,AIIMS-All India,SC
1,12466,Andhra Pradesh,"AIIMS, Mangalagiri",PMR,AIIMS-All India,SC
1,12576,Uttar Pradesh,"AIIMS, Rai Bareli",ANAESTHESIOLOGY,AIIMS-Inst. Pref,UR-AIIMS-IP
1,12600,Delhi,"AIIMS, Delhi",PALLIATIVE MEDICINE,AIIMS-All India,ST
1,12610,Odisha,"AIIMS, Bhubaneswar",BIOCHEMISTRY,AIIMS-All India,EWS
1,12627,Telangana,"AIIMS, Bibinagar",PATHOLOGY,AIIMS-All India,SC
1,12635,Jharkhand,"AIIMS, Deoghar",GENERAL MEDICINE,AIIMS-All India,UR-PwD
1,12654,Delhi,"AIIMS, Delhi",PMR,AIIMS-Inst. Pref,UR-AIIMS-IP
1,12718,Maharashtra,"AIIMS, Nagpur",PATHOLOGY,AIIMS-All India,SC
1,12738,Chhattisgarh,"AIIMS, Raipur",COMMUNITY MEDICINE,AIIMS-All India,SC
1,12864,Punjab,"AIIMS, Bathinda",ANAESTHESIOLOGY,AIIMS-Inst. Pref,UR-AIIMS-IP
1,12866,Chandigarh,"PGIMER, Chandigarh",HOSPITAL ADMINISTRATION,PGIMER-All India,SC
1,12905,Pondicherry,"JIPMER, Puducherry",PHYSIOLOGY,JIPMER-All India,SC
1,12943,Assam,"AIIMS, Guwahati",PATHOLOGY,AIIMS-All India,SC
1,12948,West Bengal,"AIIMS, Kalyani",MICROBIOLOGY,AIIMS-All India,EWS
1,12953,Assam,"AIIMS, Guwahati",MICROBIOLOGY,AIIMS-All India,EWS
1,12964,Delhi,"AIIMS, Delhi",BIOPHYSICS,AIIMS-All India,SC
1,13004,Pondicherry,"JIPMER, Puducherry",COMMUNITY MEDICINE,JIPMER-All India,ST
1,13012,Rajasthan,"AIIMS, Jodhpur",COMMUNITY MEDICINE,AIIMS-All India,SC
1,13059,Punjab,"AIIMS, Bathinda",COMMUNITY & FAMILY MEDICINE,AIIMS-Inst. Pref,UR-AIIMS-IP
1,13063,Punjab,"AIIMS, Bathinda",ANAESTHESIOLOGY,AIIMS-All India,ST
1,13067,Delhi,"AIIMS, Delhi",PAEDIATRICS,AIIMS-All India,UR-PwD
1,13089,Pondicherry,"JIPMER, Puducherry",BIOCHEMISTRY,JIMPER-Inst. Pref,INST (JIPMER)
1,13212,Jharkhand,"AIIMS, Deoghar",ANAESTHESIOLOGY,AIIMS-All India,ST
1,13260,Jammu and Kashmir,"AIIMS, Jammu",RADIATION ONCOLOGY,AIIMS-All India,ST
1,13351,Assam,"AIIMS, Guwahati",FORENSIC MEDICINE,AIIMS-All India,SC
1,13444,Jharkhand,"AIIMS, Deoghar",COMMUNITY & FAMILY MEDICINE,AIIMS-Inst. Pref,UR-AIIMS-IP
1,13506,Uttarakhand,"AIIMS, Rishikesh",IHBT,AIIMS-All India,ST
1,13521,Punjab,"AIIMS, Bathinda",EMERGENCY MEDICINE,AIIMS-Inst. Pref,UR-AIIMS-IP
1,13557,Himachal Pradesh,"AIIMS, Bilaspur, Himachal",COMMUNITY & FAMILY MEDICINE,AIIMS-All India,SC
1,13684,Telangana,"AIIMS, Bibinagar",IHBT,AIIMS-Inst. Pref,UR-AIIMS-IP
1,13748,Maharashtra,"AIIMS, Nagpur",FORENSIC MEDICINE,AIIMS-Inst. Pref,UR-AIIMS-IP
1,13773,Andhra Pradesh,"AIIMS, Mangalagiri",IHBT,AIIMS-Inst. Pref,UR-AIIMS-IP
1,13815,Odisha,"AIIMS, Bhubaneswar",PHYSIOLOGY,AIIMS-Inst. Pref,UR-AIIMS-IP
1,13823,Pondicherry,"JIPMER, Puducherry",ANATOMY,JIMPER-Inst. Pref,INST (JIPMER)
1,13836,Assam,"AIIMS, Guwahati",FORENSIC MEDICINE,AIIMS-All India,EWS
1,13919,Rajasthan,"AIIMS, Jodhpur",ANAESTHESIOLOGY,AIIMS-Inst. Pref,UR-AIIMS-IP
1,13944,Rajasthan,"AIIMS, Jodhpur",ANATOMY,AIIMS-All India,SC
1,14038,Odisha,"AIIMS, Bhubaneswar",ANATOMY,AIIMS-Inst. Pref,UR-AIIMS-IP
1,14051,Punjab,"AIIMS, Bathinda",IHBT,AIIMS-Inst. Pref,UR-AIIMS-IP
1,14070,Bihar,"AIIMS, Patna",COMMUNITY & FAMILY MEDICINE,AIIMS-All India,SC
1,14077,Jammu and Kashmir,"AIIMS, Jammu",ANAESTHESIOLOGY,AIIMS-All India,ST
1,14123,Chhattisgarh,"AIIMS, Raipur",COMMUNITY MEDICINE,AIIMS-Inst. Pref,UR-AIIMS-IP
1,14207,Uttar Pradesh,"AIIMS, Gorakhpur",RADIATION ONCOLOGY,AIIMS-All India,ST
1,14237,Bihar,"AIIMS, Patna",PHYSIOLOGY,AIIMS-Inst. Pref,UR-AIIMS-IP
1,14267,Chhattisgarh,"AIIMS, Raipur",BIOCHEMISTRY,AIIMS-All India,EWS
1,14379,Jammu and Kashmir,"AIIMS, Jammu",MICROBIOLOGY,AIIMS-All India,EWS
1,14409,Jharkhand,"AIIMS, Deoghar",PATHOLOGY,AIIMS-All India,SC
1,14410,Odisha,"AIIMS, Bhubaneswar",MICROBIOLOGY,AIIMS-All India,SC
1,14415,Delhi,"AIIMS, Delhi",LAB MEDICINE,AIIMS-All India,SC
1,14445,Maharashtra,"AIIMS, Nagpur",PHARMACOLOGY,AIIMS-Inst. Pref,UR-AIIMS-IP
1,14455,Jharkhand,"AIIMS, Deoghar",COMMUNITY & FAMILY MEDICINE,AIIMS-All India,SC
1,14529,Rajasthan,"AIIMS, Jodhpur",BIOCHEMISTRY,AIIMS-All India,SC
1,14570,Rajasthan,"AIIMS, Jodhpur",MICROBIOLOGY,AIIMS-All India,SC
1,14640,Chhattisgarh,"AIIMS, Raipur",COMMUNITY MEDICINE,AIIMS-Inst. Pref,UR-AIIMS-IP
1,14715,Delhi,"AIIMS, Delhi",PHYSIOLOGY,AIIMS-All India,SC
1,14753,Jharkhand,"AIIMS, Deoghar",ENT,AIIMS-All India,ST
1,14762,Odisha,"AIIMS, Bhubaneswar",PHYSIOLOGY,AIIMS-All India,SC
1,14798,Chhattisgarh,"AIIMS, Raipur",BIOCHEMISTRY,AIIMS-Inst. Pref,UR-AIIMS-IP
1,14809,Chhattisgarh,"AIIMS, Raipur",PHYSIOLOGY,AIIMS-Inst. Pref,UR-AIIMS-IP
1,15196,Andhra Pradesh,"AIIMS, Mangalagiri",MICROBIOLOGY,AIIMS-Inst. Pref,UR-AIIMS-IP
1,15198,Jharkhand,"AIIMS, Deoghar",COMMUNITY & FAMILY MEDICINE,AIIMS-All India,ST
1,15304,West Bengal,"AIIMS, Kalyani",BIOCHEMISTRY,AIIMS-All India,EWS
1,15377,Assam,"AIIMS, Guwahati",ANATOMY,AIIMS-All India,EWS
1,15484,Uttar Pradesh,"AIIMS, Rai Bareli",IHBT,AIIMS-All India,ST
1,15511,Maharashtra,"AIIMS, Nagpur",MICROBIOLOGY,AIIMS-All India,SC
1,15771,Delhi,"AIIMS, Delhi",PATHOLOGY,AIIMS-Inst. Pref,UR-AIIMS-IP
1,15910,Telangana,"AIIMS, Bibinagar",HOSPITAL ADMINISTRATION,AIIMS-Inst. Pref,UR-AIIMS-IP
1,16023,Chhattisgarh,"AIIMS, Raipur",MICROBIOLOGY,AIIMS-All India,SC
1,16030,Madhya Pradesh,"AIIMS, Bhopal",PHYSIOLOGY,AIIMS-Inst. Pref,UR-AIIMS-IP
1,16291,Punjab,"AIIMS, Bathinda",MICROBIOLOGY,AIIMS-All India,SC
1,16468,Pondicherry,"JIPMER, Puducherry",ANATOMY,JIPMER-All India,SC
1,16717,Uttar Pradesh,"AIIMS, Rai Bareli",ANAESTHESIOLOGY,AIIMS-Inst. Pref,UR-AIIMS-IP
1,16930,Rajasthan,"AIIMS, Jodhpur",PATHOLOGY,AIIMS-Inst. Pref,UR-AIIMS-IP
1,16943,Rajasthan,"AIIMS, Jodhpur",COMMUNITY MEDICINE,AIIMS-Inst. Pref,UR-AIIMS-IP
1,17034,Madhya Pradesh,"AIIMS, Bhopal",MICROBIOLOGY,AIIMS-Inst. Pref,UR-AIIMS-IP
1,17457,West Bengal,"AIIMS, Kalyani",FORENSIC MEDICINE,AIIMS-Inst. Pref,UR-AIIMS-IP
1,17751,Punjab,"AIIMS, Bathinda",PHARMACOLOGY,AIIMS-Inst. Pref,UR-AIIMS-IP
1,17771,West Bengal,"AIIMS, Kalyani",PHYSIOLOGY,AIIMS-All India,SC
1,17777,Rajasthan,"AIIMS, Jodhpur",PATHOLOGY,AIIMS-All India,ST
1,17858,Gujarat,"AIIMS, Rajkot",MICROBIOLOGY,AIIMS-All India,SC
1,17996,Odisha,"AIIMS, Bhubaneswar",PATHOLOGY,AIIMS-All India,ST
1,18226,Assam,"AIIMS, Guwahati",PHYSIOLOGY,AIIMS-All India,SC
1,18301,Delhi,"AIIMS, Delhi",COMMUNITY MEDICINE,AIIMS-Inst. Pref,UR-AIIMS-IP
1,18902,Madhya Pradesh,"AIIMS, Bhopal",PATHOLOGY,AIIMS-All India,ST
1,19011,Pondicherry,"JIPMER, Puducherry",PATHOLOGY,JIPMER-All India,ST
1,19146,West Bengal,"AIIMS, Kalyani",ANATOMY,AIIMS-All India,SC
1,19553,Himachal Pradesh,"AIIMS, Bilaspur, Himachal",PATHOLOGY,AIIMS-All India,ST
1,19569,Maharashtra,"AIIMS, Nagpur",PHARMACOLOGY,AIIMS-Inst. Pref,UR-AIIMS-IP
1,19806,Delhi,"AIIMS, Delhi",COMMUNITY MEDICINE,AIIMS-All India,ST
1,19817,Bihar,"AIIMS, Patna",PHYSIOLOGY,AIIMS-Inst. Pref,UR-AIIMS-IP
1,19836,Madhya Pradesh,"AIIMS, Bhopal",BIOCHEMISTRY,AIIMS-All India,ST
1,19872,Maharashtra,"AIIMS, Nagpur",BIOCHEMISTRY,AIIMS-All India,SC
1,20048,Delhi,"AIIMS, Delhi",COMMUNITY MEDICINE,AIIMS-Inst. Pref,UR-AIIMS-IP
1,20203,Andhra Pradesh,"AIIMS, Mangalagiri",IHBT,AIIMS-All India,ST
1,20280,Uttarakhand,"AIIMS, Rishikesh",PATHOLOGY,AIIMS-Inst. Pref,UR-AIIMS-IP
1,20355,Odisha,"AIIMS, Bhubaneswar",BIOCHEMISTRY,AIIMS-All India,SC
1,20376,Assam,"AIIMS, Guwahati",BIOCHEMISTRY,AIIMS-All India,SC
1,20609,West Bengal,"AIIMS, Kalyani",ANATOMY,AIIMS-Inst. Pref,UR-AIIMS-IP
1,20639,Himachal Pradesh,"AIIMS, Bilaspur, Himachal",TRAUMATOLOGY AND SURGERY,AIIMS-Inst. Pref,UR-AIIMS-IP
1,20665,Odisha,"AIIMS, Bhubaneswar",PHARMACOLOGY,AIIMS-All India,ST
1,20804,Telangana,"AIIMS, Bibinagar",MICROBIOLOGY,AIIMS-Inst. Pref,UR-AIIMS-IP
1,21077,Assam,"AIIMS, Guwahati",BIOCHEMISTRY,AIIMS-All India,SC
1,21400,Delhi,"AIIMS, Delhi",PHYSIOLOGY,AIIMS-All India,ST
1,21569,Delhi,"AIIMS, Delhi",MICROBIOLOGY,AIIMS-Inst. Pref,UR-AIIMS-IP
1,21579,Chandigarh,"PGIMER, Chandigarh",MICROBIOLOGY,PGIMER-All India,ST
1,21904,Maharashtra,"AIIMS, Nagpur",GENERAL MEDICINE,AIIMS-All India,SC-PwD
1,21928,Punjab,"AIIMS, Bathinda",BIOCHEMISTRY,AIIMS-Inst. Pref,UR-AIIMS-IP
1,21969,Assam,"AIIMS, Guwahati",PAEDIATRICS,AIIMS-Inst. Pref,UR-AIIMS-IP
1,22129,Punjab,"AIIMS, Bathinda",PHYSIOLOGY,AIIMS-Inst. Pref,UR-AIIMS-IP
1,22202,Chhattisgarh,"AIIMS, Raipur",PATHOLOGY,AIIMS-All India,ST
1,23085,Uttarakhand,"AIIMS, Rishikesh",PATHOLOGY,AIIMS-Inst. Pref,UR-AIIMS-IP
1,23579,Maharashtra,"AIIMS, Nagpur",PATHOLOGY,AIIMS-All India,ST
1,23597,Assam,"AIIMS, Guwahati",PATHOLOGY,AIIMS-All India,ST
1,23661,Bihar,"AIIMS, Patna",PSYCHIATRY,AIIMS-All India,UR-PwD
1,23871,Madhya Pradesh,"AIIMS, Bhopal",IHBT,AIIMS-Inst. Pref,UR-AIIMS-IP
1,24202,Gujarat,"AIIMS, Rajkot",PHYSIOLOGY,AIIMS-Inst. Pref,UR-AIIMS-IP
1,24406,Pondicherry,"JIPMER, Puducherry",PHYSIOLOGY,JIPMER-All India,ST
1,24472,Maharashtra,"AIIMS, Nagpur",MICROBIOLOGY,AIIMS-Inst. Pref,UR-AIIMS-IP
1,24610,Telangana,"AIIMS, Bibinagar",FORENSIC MEDICINE,AIIMS-All India,ST
1,24956,Uttarakhand,"AIIMS, Rishikesh",BIOCHEMISTRY,AIIMS-Inst. Pref,UR-AIIMS-IP
1,25206,Uttar Pradesh,"AIIMS, Rai Bareli",COMMUNITY MEDICINE,AIIMS-Inst. Pref,UR-AIIMS-IP
1,25818,Rajasthan,"AIIMS, Jodhpur",HOSPITAL ADMINISTRATION,AIIMS-All India,UR-PwD
1,25934,Delhi,"AIIMS, Delhi",FORENSIC MEDICINE,AIIMS-Inst. Pref,UR-AIIMS-IP
1,25935,Bihar,"AIIMS, Patna",MICROBIOLOGY,AIIMS-Inst. Pref,UR-AIIMS-IP
1,26115,Rajasthan,"AIIMS, Jodhpur",COMMUNITY MEDICINE,AIIMS-All India,ST
1,26291,West Bengal,"AIIMS, Kalyani",PATHOLOGY,AIIMS-All India,ST
1,26413,Assam,"AIIMS, Guwahati",MICROBIOLOGY,AIIMS-All India,ST
1,26477,Chandigarh,"PGIMER, Chandigarh",PAEDIATRICS,PGIMER-All India,UR-PwD
1,26542,Himachal Pradesh,"AIIMS, Bilaspur, Himachal",TRAUMATOLOGY AND SURGERY,AIIMS-Inst. Pref,UR-AIIMS-IP
1,26841,Chhattisgarh,"AIIMS, Raipur",PHARMACOLOGY,AIIMS-All India,ST
1,26935,Chhattisgarh,"AIIMS, Raipur",PHYSIOLOGY,AIIMS-All India,ST
1,28093,Rajasthan,"AIIMS, Jodhpur",PSYCHIATRY,AIIMS-All India,OBC-PwD
1,28178,Rajasthan,"AIIMS, Jodhpur",COMMUNITY MEDICINE,AIIMS-Inst. Pref,UR-AIIMS-IP
1,28285,Punjab,"AIIMS, Bathinda",GENERAL MEDICINE,AIIMS-All India,SC-PwD
1,28729,Andhra Pradesh,"AIIMS, Mangalagiri",GENERAL MEDICINE,AIIMS-All India,OBC-PwD
1,29252,Odisha,"AIIMS, Bhubaneswar",ANATOMY,AIIMS-All India,ST
1,29257,Assam,"AIIMS, Guwahati",RADIATION ONCOLOGY,AIIMS-Inst. Pref,UR-AIIMS-IP
1,29259,Assam,"AIIMS, Guwahati",BIOCHEMISTRY,AIIMS-All India,ST
1,29339,Bihar,"AIIMS, Patna",OBG,AIIMS-All India,SC-PwD
1,29373,Jammu and Kashmir,"AIIMS, Jammu",ENT,AIIMS-Inst. Pref,UR-AIIMS-IP
1,29806,Jammu and Kashmir,"AIIMS, Jammu",PAEDIATRIC SURGERY 6 YRS,AIIMS-Inst. Pref,UR-AIIMS-IP
1,29957,Delhi,"AIIMS, Delhi",LAB MEDICINE,AIIMS-Inst. Pref,UR-AIIMS-IP
1,30659,Uttar Pradesh,"AIIMS, Rai Bareli",FORENSIC MEDICINE,AIIMS-Inst. Pref,UR-AIIMS-IP
1,30967,Uttarakhand,"AIIMS, Rishikesh",EMERGENCY MEDICINE,AIIMS-All India,UR-PwD
1,31428,Telangana,"AIIMS, Bibinagar",PHYSIOLOGY,AIIMS-All India,ST
1,31948,Uttar Pradesh,"AIIMS, Rai Bareli",MICROBIOLOGY,AIIMS-All India,ST
1,31993,Rajasthan,"AIIMS, Jodhpur",COMMUNITY MEDICINE,AIIMS-Inst. Pref,UR-AIIMS-IP
1,32453,Uttarakhand,"AIIMS, Rishikesh",ANATOMY,AIIMS-All India,ST
1,32826,Jharkhand,"AIIMS, Deoghar",PHARMACOLOGY,AIIMS-All India,ST
1,32931,Rajasthan,"AIIMS, Jodhpur",PHARMACOLOGY,AIIMS-Inst. Pref,UR-AIIMS-IP
1,33047,Punjab,"AIIMS, Bathinda",ORTHOPAEDICS,AIIMS-All India,UR-PwD
1,33419,Karnataka,"NIMHANS, Bangalore",PSYCHIATRY,NIMHANS-KAR Domicile,UR-PwD-Karnataka Domicile
1,33441,Karnataka,"NIMHANS, Bangalore",PSYCHIATRY,NIMHANS-All India,UR-PwD
1,33668,Assam,"AIIMS, Guwahati",ANAESTHESIOLOGY,AIIMS-Inst. Pref,UR-AIIMS-IP
1,33712,West Bengal,"AIIMS, Kalyani",ANATOMY,AIIMS-All India,ST
1,33715,Delhi,"AIIMS, Delhi",OPHTHALMOLOGY,AIIMS-All India,UR-PwD
1,34326,Maharashtra,"AIIMS, Nagpur",PAEDIATRICS,AIIMS-All India,UR-PwD
1,34856,Jharkhand,"AIIMS, Deoghar",FORENSIC MEDICINE,AIIMS-Inst. Pref,UR-AIIMS-IP
1,35294,Chandigarh,"PGIMER, Chandigarh",GENERAL SURGERY,PGIMER-All India,UR-PwD
1,35392,Gujarat,"AIIMS, Rajkot",PAEDIATRICS,AIIMS-All India,OBC-PwD
1,35860,West Bengal,"AIIMS, Kalyani",ANAESTHESIOLOGY,AIIMS-All India,UR-PwD
1,37059,Delhi,"AIIMS, Delhi",OBG,AIIMS-All India,UR-PwD
1,37717,Delhi,"AIIMS, Delhi",BIOCHEMISTRY,AIIMS-Inst. Pref,UR-AIIMS-IP
1,37915,Rajasthan,"AIIMS, Jodhpur",ENT,AIIMS-All India,UR-PwD
1,38007,Assam,"AIIMS, Guwahati",ANAESTHESIOLOGY,AIIMS-Inst. Pref,UR-AIIMS-IP
1,38343,Delhi,"AIIMS, Delhi",PHARMACOLOGY,AIIMS-All India,UR-PwD
1,38881,Pondicherry,"JIPMER, Puducherry",GENERAL MEDICINE,JIPMER-All India,ST-PwD
1,39742,Uttarakhand,"AIIMS, Rishikesh",OBG,AIIMS-All India,UR-PwD
1,39823,Chhattisgarh,"AIIMS, Raipur",ANAESTHESIOLOGY,AIIMS-All India,OBC-PwD
1,41717,Jammu and Kashmir,"AIIMS, Jammu",EMERGENCY MEDICINE,AIIMS-Inst. Pref,UR-AIIMS-IP
1,42862,Assam,"AIIMS, Guwahati",PATHOLOGY,AIIMS-Inst. Pref,UR-AIIMS-IP
1,42952,Uttar Pradesh,"AIIMS, Rai Bareli",MICROBIOLOGY,AIIMS-Inst. Pref,UR-AIIMS-IP
1,43208,Jharkhand,"AIIMS, Deoghar",BIOCHEMISTRY,AIIMS-Inst. Pref,UR-AIIMS-IP
1,44371,Jharkhand,"AIIMS, Deoghar",BIOCHEMISTRY,AIIMS-Inst. Pref,UR-AIIMS-IP
1,45831,Chhattisgarh,"AIIMS, Raipur",EMERGENCY MEDICINE,AIIMS-All India,UR-PwD
1,46240,West Bengal,"AIIMS, Kalyani",PSYCHIATRY,AIIMS-All India,OBC-PwD
1,46834,Chandigarh,"PGIMER, Chandigarh",OBG,PGIMER-All India,UR-PwD
1,47417,Rajasthan,"AIIMS, Jodhpur",COMMUNITY MEDICINE,AIIMS-All India,OBC-PwD
1,47638,Uttarakhand,"AIIMS, Rishikesh",PHARMACOLOGY,AIIMS-All India,UR-PwD
1,47925,Madhya Pradesh,"AIIMS, Bhopal",OBG,AIIMS-All India,UR-PwD
2,8,Chandigarh,"PGIMER, Chandigarh",GENERAL MEDICINE,PGIMER-All India,UR
2,10,Delhi,"AIIMS, Delhi",PAEDIATRICS,AIIMS-All India,UR
2,11,Chandigarh,"PGIMER, Chandigarh",GENERAL MEDICINE,PGIMER-All India,UR
2,12,Chandigarh,"PGIMER, Chandigarh",RADIO DIAGNOSIS,PGIMER-All India,UR
2,13,Pondicherry,"JIPMER, Puducherry",GENERAL MEDICINE,JIPMER-All India,UR
2,17,Pondicherry,"JIPMER, Puducherry",GENERAL MEDICINE,JIPMER-All India,OBC
2,23,Chandigarh,"PGIMER, Chandigarh",GENERAL MEDICINE,PGIMER-All India,UR
2,25,Chandigarh,"PGIMER, Chandigarh",RADIO DIAGNOSIS,PGIMER-All India,UR
2,26,Chandigarh,"PGIMER, Chandigarh",GENERAL MEDICINE,PGIMER-All India,UR
2,29,Delhi,"AIIMS, Delhi",PAEDIATRICS,AIIMS-All India,UR
2,31,Delhi,"AIIMS, Delhi",PAEDIATRICS,AIIMS-All India,UR
2,32,Uttarakhand,"AIIMS, Rishikesh",RADIO DIAGNOSIS,AIIMS-All India,UR
2,33,Madhya Pradesh,"AIIMS, Bhopal",RADIO DIAGNOSIS,AIIMS-All India,UR
2,42,Rajasthan,"AIIMS, Jodhpur",RADIO DIAGNOSIS,AIIMS-All India,UR
2,43,Uttarakhand,"AIIMS, Rishikesh",GENERAL MEDICINE,AIIMS-All India,UR
2,44,Rajasthan,"AIIMS, Jodhpur",RADIO DIAGNOSIS,AIIMS-All India,UR
2,45,Bihar,"AIIMS, Patna",GENERAL MEDICINE,AIIMS-All India,UR
2,48,Rajasthan,"AIIMS, Jodhpur",RADIO DIAGNOSIS,AIIMS-All India,OBC
2,50,Rajasthan,"AIIMS, Jodhpur",GENERAL MEDICINE,AIIMS-All India,UR
2,51,Pondicherry,"JIPMER, Puducherry",GENERAL MEDICINE,JIPMER-All India,UR
2,52,Uttarakhand,"AIIMS, Rishikesh",GENERAL MEDICINE,AIIMS-All India,UR
2,53,Pondicherry,"JIPMER, Puducherry",GENERAL MEDICINE,JIPMER-All India,UR
2,54,Pondicherry,"JIPMER, Puducherry",GENERAL MEDICINE,JIPMER-All India,UR
2,56,Rajasthan,"AIIMS, Jodhpur",RADIO DIAGNOSIS,AIIMS-All India,OBC
2,57,Madhya Pradesh,"AIIMS, Bhopal",RADIO DIAGNOSIS,AIIMS-All India,UR
2,59,Uttarakhand,"AIIMS, Rishikesh",RADIO DIAGNOSIS,AIIMS-All India,OBC
2,60,Pondicherry,"JIPMER, Puducherry",GENERAL MEDICINE,JIPMER-All India,OBC
2,61,Madhya Pradesh,"AIIMS, Bhopal",GENERAL MEDICINE,AIIMS-All India,UR
2,64,Odisha,"AIIMS, Bhubaneswar",GENERAL MEDICINE,AIIMS-All India,UR
2,67,Delhi,"AIIMS, Delhi",NUCLEAR MEDICINE,AIIMS-All India,OBC
2,68,Madhya Pradesh,"AIIMS, Bhopal",RADIO DIAGNOSIS,AIIMS-All India,UR
2,70,Madhya Pradesh,"AIIMS, Bhopal",GENERAL MEDICINE,AIIMS-All India,UR
2,71,Madhya Pradesh,"AIIMS, Bhopal",RADIO DIAGNOSIS,AIIMS-All India,OBC
2,72,Delhi,"AIIMS, Delhi",OBG,AIIMS-All India,UR
2,73,Odisha,"AIIMS, Bhubaneswar",RADIO DIAGNOSIS,AIIMS-All India,UR
2,74,Karnataka,"NIMHANS, Bangalore",NEUROLOGY 6 YRS,NIMHANS-All India,UR
2,75,Pondicherry,"JIPMER, Puducherry",RADIO DIAGNOSIS,JIPMER-All India,EWS
2,80,Bihar,"AIIMS, Patna",RADIO DIAGNOSIS,AIIMS-All India,UR
2,81,Chandigarh,"PGIMER, Chandigarh",PAEDIATRICS,PGIMER-All India,UR
2,82,Chhattisgarh,"AIIMS, Raipur",GENERAL MEDICINE,AIIMS-All India,UR
2,92,Chandigarh,"PGIMER, Chandigarh",PAEDIATRICS,PGIMER-All India,UR
2,93,Odisha,"AIIMS, Bhubaneswar",RADIO DIAGNOSIS,AIIMS-All India,OBC
2,94,Himachal Pradesh,"AIIMS, Bilaspur, Himachal",GENERAL MEDICINE,AIIMS-All India,UR
2,95,Chandigarh,"PGIMER, Chandigarh",ORTHOPAEDICS,PGIMER-All India,UR
2,96,Delhi,"AIIMS, Delhi",OPHTHALMOLOGY,AIIMS-All India,UR
2,100,Himachal Pradesh,"AIIMS, Bilaspur, Himachal",GENERAL MEDICINE,AIIMS-All India,UR
2,102,Himachal Pradesh,"AIIMS, Bilaspur, Himachal",RADIO DIAGNOSIS,AIIMS-All India,UR
2,103,Chandigarh,"PGIMER, Chandigarh",GENERAL MEDICINE,PGIMER-All India,OBC
2,104,Chandigarh,"PGIMER, Chandigarh",DERMATOLOGY,PGIMER-All India,UR
2,109,Uttar Pradesh,"AIIMS, Rai Bareli",GENERAL MEDICINE,AIIMS-All India,UR
2,110,Karnataka,"NIMHANS, Bangalore",NEUROLOGY 6 YRS,NIMHANS-All India,UR
2,113,Chandigarh,"PGIMER, Chandigarh",GENERAL MEDICINE,PGIMER-All India,OBC
2,114,Chhattisgarh,"AIIMS, Raipur",RADIO DIAGNOSIS,AIIMS-All India,UR
2,116,Chandigarh,"PGIMER, Chandigarh",PAEDIATRICS,PGIMER-All India,UR
2,117,Punjab,"AIIMS, Bathinda",GENERAL MEDICINE,AIIMS-All India,UR
2,118,Andhra Pradesh,"AIIMS, Mangalagiri",RADIO DIAGNOSIS,AIIMS-All India,OBC
2,120,Uttarakhand,"AIIMS, Rishikesh",GENERAL MEDICINE,AIIMS-All India,OBC
2,123,Delhi,"AIIMS, Delhi",OPHTHALMOLOGY,AIIMS-All India,UR
2,124,Madhya Pradesh,"AIIMS, Bhopal",GENERAL MEDICINE,AIIMS-Inst. Pref,UR-AIIMS-IP
2,125,Assam,"AIIMS, Guwahati",GENERAL MEDICINE,AIIMS-All India,UR
2,128,Uttarakhand,"AIIMS, Rishikesh",UROLOGY (6 YRS),AIIMS-All India,UR
2,129,Chandigarh,"PGIMER, Chandigarh",PAEDIATRICS,PGIMER-All India,UR
2,130,Chandigarh,"PGIMER, Chandigarh",PAEDIATRICS,PGIMER-All India,UR
2,132,Chandigarh,"PGIMER, Chandigarh",PAEDIATRICS,PGIMER-All India,UR
2,133,Chandigarh,"PGIMER, Chandigarh",PAEDIATRICS,PGIMER-All India,UR
2,134,West Bengal,"AIIMS, Kalyani",RADIO DIAGNOSIS,AIIMS-All India,UR
2,136,Uttarakhand,"AIIMS, Rishikesh",GENERAL MEDICINE,AIIMS-All India,EWS
2,139,Punjab,"AIIMS, Bathinda",RADIO DIAGNOSIS,AIIMS-All India,OBC
2,142,Maharashtra,"AIIMS, Nagpur",RADIO DIAGNOSIS,AIIMS-All India,OBC
2,143,Rajasthan,"AIIMS, Jodhpur",PAEDIATRICS,AIIMS-All India,UR
2,146,Chandigarh,"PGIMER, Chandigarh",OPHTHALMOLOGY,PGIMER-All India,UR
2,148,Chandigarh,"PGIMER, Chandigarh",ORTHOPAEDICS,PGIMER-All India,UR
2,149,Uttarakhand,"AIIMS, Rishikesh",ORTHOPAEDICS,AIIMS-All India,UR
2,152,Assam,"AIIMS, Guwahati",GENERAL MEDICINE,AIIMS-All India,UR
2,153,Chandigarh,"PGIMER, Chandigarh",GENERAL SURGERY,PGIMER-All India,UR
2,155,Maharashtra,"AIIMS, Nagpur",NUCLEAR MEDICINE,AIIMS-All India,UR
2,159,Jammu and Kashmir,"AIIMS, Jammu",GENERAL MEDICINE,AIIMS-All India,UR
2,161,Madhya Pradesh,"AIIMS, Bhopal",PAEDIATRICS,AIIMS-All India,UR
2,162,Delhi,"AIIMS, Delhi",RADIATION ONCOLOGY,AIIMS-All India,UR
2,166,Uttarakhand,"AIIMS, Rishikesh",OBG,AIIMS-All India,UR
2,167,Uttar Pradesh,"AIIMS, Gorakhpur",GENERAL MEDICINE,AIIMS-All India,UR
2,168,Rajasthan,"AIIMS, Jodhpur",GENERAL MEDICINE,AIIMS-All India,OBC
2,169,Madhya Pradesh,"AIIMS, Bhopal",GENERAL MEDICINE,AIIMS-All India,OBC
2,170,Assam,"AIIMS, Guwahati",GENERAL MEDICINE,AIIMS-All India,UR
2,172,Bihar,"AIIMS, Patna",RADIO DIAGNOSIS,AIIMS-All India,OBC
2,174,Odisha,"AIIMS, Bhubaneswar",OBG,AIIMS-All India,UR
2,179,Chandigarh,"PGIMER, Chandigarh",NUCLEAR MEDICINE,PGIMER-All India,OBC
2,180,Madhya Pradesh,"AIIMS, Bhopal",GENERAL MEDICINE,AIIMS-All India,OBC
2,181,Chandigarh,"PGIMER, Chandigarh",OBG,PGIMER-All India,UR
2,182,Chhattisgarh,"AIIMS, Raipur",GENERAL MEDICINE,AIIMS-All India,OBC
2,186,Punjab,"AIIMS, Bathinda",RADIO DIAGNOSIS,AIIMS-All India,EWS
2,187,Rajasthan,"AIIMS, Jodhpur",NEUROSURGERY 6 YRS,AIIMS-All India,UR
2,188,Chandigarh,"PGIMER, Chandigarh",GENERAL SURGERY,PGIMER-All India,UR
2,189,Odisha,"AIIMS, Bhubaneswar",GENERAL MEDICINE,AIIMS-All India,EWS
2,190,Madhya Pradesh,"AIIMS, Bhopal",PAEDIATRICS,AIIMS-All India,UR
2,191,Odisha,"AIIMS, Bhubaneswar",DERMATOLOGY,AIIMS-All India,UR
2,192,Chhattisgarh,"AIIMS, Raipur",PAEDIATRICS,AIIMS-All India,UR
2,194,Jharkhand,"AIIMS, Deoghar",GENERAL MEDICINE,AIIMS-All India,UR
2,200,Andhra Pradesh,"AIIMS, Mangalagiri",NUCLEAR MEDICINE,AIIMS-All India,UR
2,201,Chhattisgarh,"AIIMS, Raipur",PAEDIATRICS,AIIMS-All India,UR
2,202,Jammu and Kashmir,"AIIMS, Jammu",RADIO DIAGNOSIS,AIIMS-All India,UR
2,204,Bihar,"AIIMS, Patna",DERMATOLOGY,AIIMS-All India,UR
2,207,Delhi,"AIIMS, Delhi",GENERAL SURGERY,AIIMS-Inst. Pref,UR-AIIMS-IP
2,208,Odisha,"AIIMS, Bhubaneswar",GENERAL MEDICINE,AIIMS-All India,OBC
2,210,Chandigarh,"PGIMER, Chandigarh",GENERAL SURGERY,PGIMER-All India,UR
2,211,Andhra Pradesh,"AIIMS, Mangalagiri",DERMATOLOGY,AIIMS-All India,UR
2,214,Delhi,"AIIMS, Delhi",DERMATOLOGY,AIIMS-All India,OBC
2,216,Uttar Pradesh,"AIIMS, Gorakhpur",DERMATOLOGY,AIIMS-All India,UR
2,218,Chandigarh,"PGIMER, Chandigarh",OPHTHALMOLOGY,PGIMER-All India,UR
2,220,Andhra Pradesh,"AIIMS, Mangalagiri",GENERAL MEDICINE,AIIMS-All India,OBC
2,221,Pondicherry,"JIPMER, Puducherry",OPHTHALMOLOGY,JIPMER-All India,UR
2,224,Himachal Pradesh,"AIIMS, Bilaspur, Himachal",RADIO DIAGNOSIS,AIIMS-All India,EWS
2,225,Delhi,"AIIMS, Delhi",DERMATOLOGY,AIIMS-All India,OBC
2,227,Chhattisgarh,"AIIMS, Raipur",GENERAL MEDICINE,AIIMS-All India,OBC
2,234,Maharashtra,"AIIMS, Nagpur",GENERAL MEDICINE,AIIMS-All India,EWS
2,236,Bihar,"AIIMS, Patna",GENERAL MEDICINE,AIIMS-All India,EWS
2,237,Maharashtra,"AIIMS, Nagpur",PAEDIATRICS,AIIMS-All India,UR
2,238,Uttar Pradesh,"AIIMS, Gorakhpur",GENERAL MEDICINE,AIIMS-All India,EWS
2,239,Andhra Pradesh,"AIIMS, Mangalagiri",PAEDIATRICS,AIIMS-All India,UR
2,240,Delhi,"AIIMS, Delhi",DERMATOLOGY,AIIMS-All India,EWS
2,241,Pondicherry,"JIPMER, Puducherry",OBG,JIPMER-All India,UR
2,242,Chandigarh,"PGIMER, Chandigarh",GENERAL SURGERY,PGIMER-All India,UR
2,243,Uttarakhand,"AIIMS, Rishikesh",GENERAL MEDICINE,AIIMS-Inst. Pref,UR-AIIMS-IP
2,245,Gujarat,"AIIMS, Rajkot",RADIO DIAGNOSIS,AIIMS-All India,EWS
2,249,Pondicherry,"JIPMER, Puducherry",RADIATION ONCOLOGY,JIPMER-All India,OBC
2,252,Chandigarh,"PGIMER, Chandigarh",GENERAL SURGERY,PGIMER-All India,UR
2,253,Chandigarh,"PGIMER, Chandigarh",GENERAL SURGERY,PGIMER-All India,UR
2,254,Maharashtra,"AIIMS, Nagpur",ORTHOPAEDICS,AIIMS-All India,UR
2,256,Punjab,"AIIMS, Bathinda",PAEDIATRICS,AIIMS-All India,UR
2,259,Madhya Pradesh,"AIIMS, Bhopal",PAEDIATRICS,AIIMS-All India,OBC
2,263,Uttarakhand,"AIIMS, Rishikesh",GENERAL SURGERY,AIIMS-All India,UR
2,268,Andhra Pradesh,"AIIMS, Mangalagiri",PAEDIATRICS,AIIMS-All India,OBC
2,269,Punjab,"AIIMS, Bathinda",PAEDIATRICS,AIIMS-All India,UR
2,272,Odisha,"AIIMS, Bhubaneswar",ORTHOPAEDICS,AIIMS-All India,UR
2,273,Jammu and Kashmir,"AIIMS, Jammu",DERMATOLOGY,AIIMS-All India,UR
2,277,Delhi,"AIIMS, Delhi",INECTIOUS DISEASES 6 YRS,AIIMS-All India,UR
2,278,Pondicherry,"JIPMER, Puducherry",ORTHOPAEDICS,JIPMER-All India,UR
2,279,Maharashtra,"AIIMS, Nagpur",DERMATOLOGY,AIIMS-All India,EWS
2,281,Maharashtra,"AIIMS, Nagpur",GENERAL MEDICINE,AIIMS-All India,OBC
2,284,Pondicherry,"JIPMER, Puducherry",TBRD,JIPMER-All India,OBC
2,286,Uttarakhand,"AIIMS, Rishikesh",NEUROSURGERY 6 YRS,AIIMS-All India,UR
2,290,Assam,"AIIMS, Guwahati",PAEDIATRICS,AIIMS-All India,UR
2,292,Uttarakhand,"AIIMS, Rishikesh",NUCLEAR MEDICINE,AIIMS-All India,OBC
2,293,Pondicherry,"JIPMER, Puducherry",PAEDIATRICS,JIPMER-All India,EWS
2,294,Delhi,"AIIMS, Delhi",PAEDIATRICS,AIIMS-All India,OBC
2,295,Uttar Pradesh,"AIIMS, Rai Bareli",PAEDIATRICS,AIIMS-All India,UR
2,296,Rajasthan,"AIIMS, Jodhpur",ORTHOPAEDICS,AIIMS-All India,UR
2,297,Pondicherry,"JIPMER, Puducherry",ANAESTHESIOLOGY,JIPMER-All India,UR
2,298,Punjab,"AIIMS, Bathinda",GENERAL MEDICINE,AIIMS-All India,OBC
2,299,Pondicherry,"JIPMER, Puducherry",ORTHOPAEDICS,JIPMER-All India,UR
2,300,Uttar Pradesh,"AIIMS, Rai Bareli",PAEDIATRICS,AIIMS-All India,UR
2,301,Assam,"AIIMS, Guwahati",GENERAL MEDICINE,AIIMS-All India,OBC
2,302,Chandigarh,"PGIMER, Chandigarh",PAEDIATRICS,PGIMER-All India,OBC
2,303,Uttarakhand,"AIIMS, Rishikesh",OPHTHALMOLOGY,AIIMS-All India,UR
2,305,Madhya Pradesh,"AIIMS, Bhopal",NUCLEAR MEDICINE,AIIMS-All India,OBC
2,306,Chhattisgarh,"AIIMS, Raipur",GENERAL SURGERY,AIIMS-All India,UR
2,307,Maharashtra,"AIIMS, Nagpur",RADIO DIAGNOSIS,AIIMS-Inst. Pref,UR-AIIMS-IP
2,308,Pondicherry,"JIPMER, Puducherry",TBRD,JIPMER-All India,OBC
2,310,Delhi,"AIIMS, Delhi",PSYCHIATRY,AIIMS-All India,UR
2,314,Chandigarh,"PGIMER, Chandigarh",OBG,PGIMER-All India,UR
2,315,Uttarakhand,"AIIMS, Rishikesh",GENERAL SURGERY,AIIMS-All India,UR
2,318,Rajasthan,"AIIMS, Jodhpur",DERMATOLOGY,AIIMS-All India,OBC
2,319,Madhya Pradesh,"AIIMS, Bhopal",DERMATOLOGY,AIIMS-All India,OBC
2,323,Chhattisgarh,"AIIMS, Raipur",ORTHOPAEDICS,AIIMS-All India,UR
2,325,Odisha,"AIIMS, Bhubaneswar",DERMATOLOGY,AIIMS-All India,OBC
2,328,Chandigarh,"PGIMER, Chandigarh",OBG,PGIMER-All India,UR
2,331,Himachal Pradesh,"AIIMS, Bilaspur, Himachal",PAEDIATRICS,AIIMS-All India,UR
2,333,Chandigarh,"PGIMER, Chandigarh",PAEDIATRICS,PGIMER-All India,OBC
2,337,Chhattisgarh,"AIIMS, Raipur",GENERAL SURGERY,AIIMS-All India,UR
2,338,Chandigarh,"PGIMER, Chandigarh",OBG,PGIMER-All India,UR
2,339,Rajasthan,"AIIMS, Jodhpur",PAEDIATRICS,AIIMS-All India,EWS
2,341,Rajasthan,"AIIMS, Jodhpur",RADIOTHERAPY & ONCOLOGY 6 YRS,AIIMS-All India,UR
2,344,Jharkhand,"AIIMS, Deoghar",GENERAL MEDICINE,AIIMS-All India,EWS
2,346,Delhi,"AIIMS, Delhi",OBG,AIIMS-All India,EWS
2,347,Karnataka,"NIMHANS, Bangalore",PSYCHIATRY,NIMHANS-All India,UR
2,348,Chandigarh,"PGIMER, Chandigarh",PAEDIATRICS,PGIMER-All India,OBC
2,349,Maharashtra,"AIIMS, Nagpur",DERMATOLOGY,AIIMS-All India,OBC
2,351,Maharashtra,"AIIMS, Nagpur",NEUROSURGERY 6 YRS,AIIMS-All India,UR
2,354,Uttarakhand,"AIIMS, Rishikesh",GENERAL SURGERY,AIIMS-All India,UR
2,355,Uttarakhand,"AIIMS, Rishikesh",NEUROSURGERY 6 YRS,AIIMS-All India,UR
2,357,Gujarat,"AIIMS, Rajkot",PAEDIATRICS,AIIMS-All India,UR
2,359,Pondicherry,"JIPMER, Puducherry",TBRD,JIPMER-All India,UR
2,360,Madhya Pradesh,"AIIMS, Bhopal",DERMATOLOGY,AIIMS-Inst. Pref,UR-AIIMS-IP
2,361,Bihar,"AIIMS, Patna",GENERAL SURGERY,AIIMS-All India,UR
2,363,Chandigarh,"PGIMER, Chandigarh",PSYCHIATRY,PGIMER-All India,UR
2,367,Chhattisgarh,"AIIMS, Raipur",RADIATION ONCOLOGY,AIIMS-Inst. Pref,UR-AIIMS-IP
2,368,Maharashtra,"AIIMS, Nagpur",NEUROSURGERY 6 YRS,AIIMS-All India,UR
2,372,Jharkhand,"AIIMS, Deoghar",GENERAL MEDICINE,AIIMS-All India,OBC
2,373,Bihar,"AIIMS, Patna",OBG,AIIMS-All India,UR
2,374,Delhi,"AIIMS, Delhi",ORTHOPAEDICS,AIIMS-All India,OBC
2,375,Chandigarh,"PGIMER, Chandigarh",PSYCHIATRY,PGIMER-All India,UR
2,376,Chandigarh,"PGIMER, Chandigarh",ORTHOPAEDICS,PGIMER-All India,OBC
2,379,Uttar Pradesh,"AIIMS, Gorakhpur",GENERAL SURGERY,AIIMS-All India,UR
2,381,Delhi,"AIIMS, Delhi",ANAESTHESIOLOGY,AIIMS-All India,UR
2,389,Delhi,"AIIMS, Delhi",GENERAL SURGERY,AIIMS-All India,OBC
2,390,Pondicherry,"JIPMER, Puducherry",EMERGENCY MEDICINE,JIPMER-All India,OBC
2,391,Uttarakhand,"AIIMS, Rishikesh",TBRD,AIIMS-All India,EWS
2,393,Maharashtra,"AIIMS, Nagpur",PLASTIC SURGERY 6 YRS,AIIMS-All India,UR
2,395,Delhi,"AIIMS, Delhi",ENT,AIIMS-All India,UR
2,397,Uttar Pradesh,"AIIMS, Gorakhpur",GENERAL SURGERY,AIIMS-All India,UR
2,398,Uttar Pradesh,"AIIMS, Gorakhpur",RADIO DIAGNOSIS,AIIMS-All India,OBC
2,401,Jammu and Kashmir,"AIIMS, Jammu",GENERAL MEDICINE,AIIMS-All India,OBC
2,407,Rajasthan,"AIIMS, Jodhpur",PAEDIATRICS,AIIMS-All India,OBC
2,408,Uttarakhand,"AIIMS, Rishikesh",OBG,AIIMS-All India,EWS
2,409,Uttarakhand,"AIIMS, Rishikesh",PAEDIATRICS,AIIMS-All India,OBC
2,410,Chhattisgarh,"AIIMS, Raipur",PAEDIATRICS,AIIMS-All India,OBC
2,412,Odisha,"AIIMS, Bhubaneswar",ORTHOPAEDICS,AIIMS-Inst. Pref,UR-AIIMS-IP
2,414,Andhra Pradesh,"AIIMS, Mangalagiri",ORTHOPAEDICS,AIIMS-All India,UR
2,416,Chandigarh,"PGIMER, Chandigarh",ENT,PGIMER-All India,UR
2,419,Pondicherry,"JIPMER, Puducherry",TBRD,JIPMER-All India,UR
2,421,Jharkhand,"AIIMS, Deoghar",PAEDIATRICS,AIIMS-All India,UR
2,425,Jharkhand,"AIIMS, Deoghar",PAEDIATRICS,AIIMS-All India,UR
2,428,Karnataka,"NIMHANS, Bangalore",PSYCHIATRY,NIMHANS-All India,UR
2,431,Delhi,"AIIMS, Delhi",DERMATOLOGY,AIIMS-Inst. Pref,UR-AIIMS-IP
2,434,Karnataka,"NIMHANS, Bangalore",PSYCHIATRY,NIMHANS-All India,UR
2,435,Delhi,"AIIMS, Delhi",GENERAL MEDICINE,AIIMS-All India,SC
2,439,Rajasthan,"AIIMS, Jodhpur",INECTIOUS DISEASES 6 YRS,AIIMS-All India,UR
2,447,Delhi,"AIIMS, Delhi",OBG,AIIMS-All India,OBC
2,451,Maharashtra,"AIIMS, Nagpur",PAEDIATRICS,AIIMS-All India,OBC
2,455,Punjab,"AIIMS, Bathinda",PAEDIATRICS,AIIMS-All India,OBC
2,456,Punjab,"AIIMS, Bathinda",DERMATOLOGY,AIIMS-All India,EWS
2,457,Chhattisgarh,"AIIMS, Raipur",ENT,AIIMS-Inst. Pref,UR-AIIMS-IP
2,459,Delhi,"AIIMS, Delhi",OPHTHALMOLOGY,AIIMS-All India,OBC
2,465,Uttarakhand,"AIIMS, Rishikesh",PAEDIATRICS,AIIMS-Inst. Pref,UR-AIIMS-IP
2,466,Chandigarh,"PGIMER, Chandigarh",GENERAL SURGERY,PGIMER-All India,OBC
2,467,Telangana,"AIIMS, Bibinagar",RADIATION ONCOLOGY,AIIMS-All India,UR
2,470,Uttar Pradesh,"AIIMS, Gorakhpur",OBG,AIIMS-All India,UR
2,471,Delhi,"AIIMS, Delhi",GERIATRICS,AIIMS-All India,UR
2,473,Chandigarh,"PGIMER, Chandigarh",PSYCHIATRY,PGIMER-All India,UR
2,474,Punjab,"AIIMS, Bathinda",OBG,AIIMS-All India,UR
2,477,Himachal Pradesh,"AIIMS, Bilaspur, Himachal",GENERAL MEDICINE,AIIMS-Inst. Pref,UR-AIIMS-IP
2,478,Uttarakhand,"AIIMS, Rishikesh",EMERGENCY MEDICINE,AIIMS-All India,UR
2,480,Pondicherry,"JIPMER, Puducherry",NUCLEAR MEDICINE,JIMPER-Inst. Pref,INST (JIPMER)
2,483,Uttarakhand,"AIIMS, Rishikesh",PAEDIATRICS,AIIMS-All India,EWS
2,488,Bihar,"AIIMS, Patna",PAEDIATRICS,AIIMS-All India,OBC
2,494,Delhi,"AIIMS, Delhi",OBG,AIIMS-All India,OBC
2,497,Madhya Pradesh,"AIIMS, Bhopal",ORTHOPAEDICS,AIIMS-Inst. Pref,UR-AIIMS-IP
2,498,Uttar Pradesh,"AIIMS, Rai Bareli",GENERAL SURGERY,AIIMS-All India,UR
2,499,Andhra Pradesh,"AIIMS, Mangalagiri",OBG,AIIMS-All India,UR
2,501,Bihar,"AIIMS, Patna",TRAUMASURG&CC (6 YRS),AIIMS-All India,UR
2,502,Punjab,"AIIMS, Bathinda",PAEDIATRICS,AIIMS-All India,OBC
2,506,Uttar Pradesh,"AIIMS, Rai Bareli",OBG,AIIMS-All India,UR
2,509,Karnataka,"NIMHANS, Bangalore",PSYCHIATRY,NIMHANS-All India,UR
2,511,Madhya Pradesh,"AIIMS, Bhopal",OBG,AIIMS-Inst. Pref,UR-AIIMS-IP
2,512,Madhya Pradesh,"AIIMS, Bhopal",OPHTHALMOLOGY,AIIMS-All India,UR
2,515,Assam,"AIIMS, Guwahati",DERMATOLOGY,AIIMS-All India,OBC
2,516,Delhi,"AIIMS, Delhi",ENT,AIIMS-All India,OBC
2,518,Pondicherry,"JIPMER, Puducherry",PAEDIATRICS,JIPMER-All India,EWS
2,520,Odisha,"AIIMS, Bhubaneswar",EMERGENCY MEDICINE,AIIMS-All India,UR
2,521,Punjab,"AIIMS, Bathinda",OBG,AIIMS-All India,UR
2,522,Andhra Pradesh,"AIIMS, Mangalagiri",OPHTHALMOLOGY,AIIMS-All India,UR
2,523,Chandigarh,"PGIMER, Chandigarh",ENT,PGIMER-All India,UR
2,524,Rajasthan,"AIIMS, Jodhpur",ORTHOPAEDICS,AIIMS-All India,EWS
2,529,Chhattisgarh,"AIIMS, Raipur",PAEDIATRICS,AIIMS-All India,EWS
2,531,Jharkhand,"AIIMS, Deoghar",GENERAL SURGERY,AIIMS-All India,UR
2,536,Uttar Pradesh,"AIIMS, Rai Bareli",PAEDIATRICS,AIIMS-All India,OBC
2,537,Jammu and Kashmir,"AIIMS, Jammu",GENERAL SURGERY,AIIMS-All India,UR
2,538,Rajasthan,"AIIMS, Jodhpur",ENT,AIIMS-All India,UR
2,543,Assam,"AIIMS, Guwahati",OBG,AIIMS-All India,UR
2,544,Rajasthan,"AIIMS, Jodhpur",PAEDIATRICS,AIIMS-Inst. Pref,UR-AIIMS-IP
2,545,Pondicherry,"JIPMER, Puducherry",EMERGENCY MEDICINE,JIPMER-All India,UR
2,546,Madhya Pradesh,"AIIMS, Bhopal",EMERGENCY MEDICINE,AIIMS-All India,UR
2,555,Himachal Pradesh,"AIIMS, Bilaspur, Himachal",PAEDIATRICS,AIIMS-All India,OBC
2,557,Himachal Pradesh,"AIIMS, Bilaspur, Himachal",PAEDIATRICS,AIIMS-All India,EWS
2,558,Gujarat,"AIIMS, Rajkot",PAEDIATRICS,AIIMS-All India,OBC
2,562,Punjab,"AIIMS, Bathinda",NEUROSURGERY 6 YRS,AIIMS-All India,UR
2,568,Assam,"AIIMS, Guwahati",OBG,AIIMS-All India,UR
2,569,Maharashtra,"AIIMS, Nagpur",PATHOLOGY,AIIMS-All India,UR
2,573,Punjab,"AIIMS, Bathinda",ORTHOPAEDICS,AIIMS-All India,UR
2,577,Madhya Pradesh,"AIIMS, Bhopal",GENERAL SURGERY,AIIMS-All India,OBC
2,578,Chandigarh,"PGIMER, Chandigarh",GENERAL SURGERY,PGIMER-All India,OBC
2,580,Delhi,"AIIMS, Delhi",GENERAL MEDICINE,AIIMS-All India,SC
2,584,Chhattisgarh,"AIIMS, Raipur",OBG,AIIMS-All India,OBC
2,585,Telangana,"AIIMS, Bibinagar",OBG,AIIMS-All India,UR
2,587,Pondicherry,"JIPMER, Puducherry",GERIATRICS,JIPMER-All India,UR
2,611,Uttar Pradesh,"AIIMS, Gorakhpur",PAEDIATRICS,AIIMS-All India,OBC
2,615,Madhya Pradesh,"AIIMS, Bhopal",PAEDIATRIC SURGERY 6 YRS,AIIMS-All India,UR
2,626,Pondicherry,"JIPMER, Puducherry",PAEDIATRICS,JIMPER-Inst. Pref,INST (JIPMER)
2,627,Rajasthan,"AIIMS, Jodhpur",ANAESTHESIOLOGY,AIIMS-All India,UR
2,629,Andhra Pradesh,"AIIMS, Mangalagiri",GENERAL SURGERY,AIIMS-All India,OBC
2,636,Jharkhand,"AIIMS, Deoghar",OBG,AIIMS-All India,UR
2,637,Bihar,"AIIMS, Patna",GENERAL SURGERY,AIIMS-All India,OBC
2,641,Chandigarh,"PGIMER, Chandigarh",ANAESTHESIOLOGY,PGIMER-All India,UR
2,642,Jharkhand,"AIIMS, Deoghar",PAEDIATRICS,AIIMS-All India,OBC
2,647,Rajasthan,"AIIMS, Jodhpur",GENERAL SURGERY,AIIMS-Inst. Pref,UR-AIIMS-IP
2,648,Rajasthan,"AIIMS, Jodhpur",OBG,AIIMS-Inst. Pref,UR-AIIMS-IP
2,649,Jammu and Kashmir,"AIIMS, Jammu",PAEDIATRICS,AIIMS-All India,OBC
2,662,Odisha,"AIIMS, Bhubaneswar",ENT,AIIMS-All India,UR
2,666,Delhi,"AIIMS, Delhi",OPHTHALMOLOGY,AIIMS-All India,OBC
2,670,Himachal Pradesh,"AIIMS, Bilaspur, Himachal",DERMATOLOGY,AIIMS-All India,EWS
2,675,Chandigarh,"PGIMER, Chandigarh",ANAESTHESIOLOGY,PGIMER-All India,UR
2,692,Uttarakhand,"AIIMS, Rishikesh",PAEDIATRIC SURGERY 6 YRS,AIIMS-All India,UR
2,698,Assam,"AIIMS, Guwahati",GENERAL SURGERY,AIIMS-All India,OBC
2,699,Bihar,"AIIMS, Patna",PAEDIATRICS,AIIMS-All India,EWS
2,700,Himachal Pradesh,"AIIMS, Bilaspur, Himachal",ORTHOPAEDICS,AIIMS-All India,UR
2,706,Rajasthan,"AIIMS, Jodhpur",PAEDIATRIC SURGERY 6 YRS,AIIMS-All India,UR
2,713,Jammu and Kashmir,"AIIMS, Jammu",OBG,AIIMS-All India,UR
2,715,Rajasthan,"AIIMS, Jodhpur",GENERAL SURGERY,AIIMS-All India,EWS
2,718,Madhya Pradesh,"AIIMS, Bhopal",EMERGENCY MEDICINE,AIIMS-All India,UR
2,722,Himachal Pradesh,"AIIMS, Bilaspur, Himachal",ORTHOPAEDICS,AIIMS-All India,UR
2,726,Bihar,"AIIMS, Patna",OBG,AIIMS-Inst. Pref,UR-AIIMS-IP
2,733,Uttarakhand,"AIIMS, Rishikesh",ANAESTHESIOLOGY,AIIMS-All India,UR
2,737,Chandigarh,"PGIMER, Chandigarh",GENERAL MEDICINE,PGIMER-All India,SC
2,751,Uttar Pradesh,"AIIMS, Gorakhpur",PAEDIATRICS,AIIMS-All India,EWS
2,752,Pondicherry,"JIPMER, Puducherry",OBG,JIPMER-All India,EWS
2,759,Jharkhand,"AIIMS, Deoghar",ORTHOPAEDICS,AIIMS-All India,UR
2,761,Pondicherry,"JIPMER, Puducherry",PAEDIATRICS,JIMPER-Inst. Pref,INST (JIPMER)
2,762,Pondicherry,"JIPMER, Puducherry",GENERAL SURGERY,JIPMER-All India,EWS
2,766,Chhattisgarh,"AIIMS, Raipur",PSYCHIATRY,AIIMS-All India,UR
2,771,Uttarakhand,"AIIMS, Rishikesh",ORTHOPAEDICS,AIIMS-All India,OBC
2,772,Maharashtra,"AIIMS, Nagpur",PSYCHIATRY,AIIMS-All India,UR
2,773,Uttarakhand,"AIIMS, Rishikesh",OBG,AIIMS-All India,OBC
2,807,Uttarakhand,"AIIMS, Rishikesh",GENERAL SURGERY,AIIMS-All India,OBC
2,811,Maharashtra,"AIIMS, Nagpur",GENERAL SURGERY,AIIMS-All India,OBC
2,814,Chandigarh,"PGIMER, Chandigarh",RADIATION ONCOLOGY,PGIMER-All India,OBC
2,818,Rajasthan,"AIIMS, Jodhpur",ORTHOPAEDICS,AIIMS-Inst. Pref,UR-AIIMS-IP
2,834,Chandigarh,"PGIMER, Chandigarh",ANAESTHESIOLOGY,PGIMER-All India,UR
2,836,Gujarat,"AIIMS, Rajkot",ORTHOPAEDICS,AIIMS-All India,UR
2,841,Delhi,"AIIMS, Delhi",ENT,AIIMS-All India,OBC
2,850,Chhattisgarh,"AIIMS, Raipur",OBG,AIIMS-All India,OBC
2,851,Pondicherry,"JIPMER, Puducherry",GENERAL SURGERY,JIMPER-Inst. Pref,INST (JIPMER)
2,852,Uttar Pradesh,"AIIMS, Gorakhpur",GENERAL SURGERY,AIIMS-All India,OBC
2,856,Karnataka,"NIMHANS, Bangalore",PSYCHIATRY,NIMHANS-All India,OBC
2,857,Chandigarh,"PGIMER, Chandigarh",ANAESTHESIOLOGY,PGIMER-All India,UR
2,858,Odisha,"AIIMS, Bhubaneswar",PAEDIATRIC SURGERY 6 YRS,AIIMS-All India,UR
2,864,Pondicherry,"JIPMER, Puducherry",ANAESTHESIOLOGY,JIPMER-All India,OBC
2,880,Pondicherry,"JIPMER, Puducherry",TBRD,JIPMER-All India,EWS
2,881,Delhi,"AIIMS, Delhi",ANAESTHESIOLOGY,AIIMS-All India,EWS
2,882,Pondicherry,"JIPMER, Puducherry",ANAESTHESIOLOGY,JIPMER-All India,UR
2,884,Pondicherry,"JIPMER, Puducherry",CARDIO THORACIC AND VASCULAR SURGERY 6 YRS,JIPMER-All India,UR
2,885,Pondicherry,"JIPMER, Puducherry",GENERAL SURGERY,JIMPER-Inst. Pref,INST (JIPMER)
2,887,Rajasthan,"AIIMS, Jodhpur",RADIO DIAGNOSIS,AIIMS-All India,SC
2,894,Delhi,"AIIMS, Delhi",PATHOLOGY,AIIMS-All India,UR
2,896,Chandigarh,"PGIMER, Chandigarh",ANAESTHESIOLOGY,PGIMER-All India,UR
2,898,Chandigarh,"PGIMER, Chandigarh",ANAESTHESIOLOGY,PGIMER-All India,UR
2,905,Rajasthan,"AIIMS, Jodhpur",RADIOTHERAPY & ONCOLOGY 6 YRS,AIIMS-Inst. Pref,UR-AIIMS-IP
2,919,Pondicherry,"JIPMER, Puducherry",ENT,JIPMER-All India,OBC
2,921,Maharashtra,"AIIMS, Nagpur",PSYCHIATRY,AIIMS-All India,UR
2,927,Odisha,"AIIMS, Bhubaneswar",ENT,AIIMS-All India,UR
2,933,Pondicherry,"JIPMER, Puducherry",ORTHOPAEDICS,JIPMER-All India,EWS
2,934,Maharashtra,"AIIMS, Nagpur",GENERAL SURGERY,AIIMS-All India,OBC
2,940,Andhra Pradesh,"AIIMS, Mangalagiri",PSYCHIATRY,AIIMS-All India,UR
2,942,Chandigarh,"PGIMER, Chandigarh",ANAESTHESIOLOGY,PGIMER-All India,UR
2,947,Andhra Pradesh,"AIIMS, Mangalagiri",GENERAL MEDICINE,AIIMS-All India,SC
2,951,Chandigarh,"PGIMER, Chandigarh",ANAESTHESIOLOGY,PGIMER-All India,UR
2,952,Delhi,"AIIMS, Delhi",RADIATION ONCOLOGY,AIIMS-All India,OBC
2,957,Delhi,"AIIMS, Delhi",RADIATION ONCOLOGY,AIIMS-All India,EWS
2,959,Madhya Pradesh,"AIIMS, Bhopal",ORTHOPAEDICS,AIIMS-All India,OBC
2,961,Himachal Pradesh,"AIIMS, Bilaspur, Himachal",EMERGENCY MEDICINE,AIIMS-All India,UR
2,975,Delhi,"AIIMS, Delhi",GERIATRICS,AIIMS-All India,OBC
2,982,Gujarat,"AIIMS, Rajkot",OPHTHALMOLOGY,AIIMS-All India,UR
2,985,Maharashtra,"AIIMS, Nagpur",ORTHOPAEDICS,AIIMS-All India,OBC
2,992,Madhya Pradesh,"AIIMS, Bhopal",RADIATION ONCOLOGY,AIIMS-All India,EWS
2,997,Karnataka,"NIMHANS, Bangalore",PSYCHIATRY,NIMHANS-KAR Domicile,UR-Karnataka Domicile
2,998,Bihar,"AIIMS, Patna",CARDIO THORACIC AND VASCULAR SURGERY 6 YRS,AIIMS-All India,UR
2,1001,Chandigarh,"PGIMER, Chandigarh",OBG,PGIMER-All India,OBC
2,1002,Rajasthan,"AIIMS, Jodhpur",ANAESTHESIOLOGY,AIIMS-All India,UR
2,1003,Maharashtra,"AIIMS, Nagpur",EMERGENCY MEDICINE,AIIMS-All India,UR
2,1019,Andhra Pradesh,"AIIMS, Mangalagiri",EMERGENCY MEDICINE,AIIMS-All India,UR
2,1020,Bihar,"AIIMS, Patna",CARDIO THORACIC AND VASCULAR SURGERY 6 YRS,AIIMS-All India,UR
2,1026,Punjab,"AIIMS, Bathinda",GENERAL SURGERY,AIIMS-All India,OBC
2,1030,Andhra Pradesh,"AIIMS, Mangalagiri",EMERGENCY MEDICINE,AIIMS-All India,UR
2,1034,Bihar,"AIIMS, Patna",GENERAL MEDICINE,AIIMS-All India,SC
2,1038,Jharkhand,"AIIMS, Deoghar",OPHTHALMOLOGY,AIIMS-All India,UR
2,1041,Punjab,"AIIMS, Bathinda",EMERGENCY MEDICINE,AIIMS-All India,UR
2,1044,Chandigarh,"PGIMER, Chandigarh",ANAESTHESIOLOGY,PGIMER-All India,UR
2,1046,Uttarakhand,"AIIMS, Rishikesh",EMERGENCY MEDICINE,AIIMS-All India,OBC
2,1054,Uttarakhand,"AIIMS, Rishikesh",OBG,AIIMS-All India,OBC
2,1060,Himachal Pradesh,"AIIMS, Bilaspur, Himachal",GENERAL SURGERY,AIIMS-All India,OBC
2,1063,Uttarakhand,"AIIMS, Rishikesh",RADIO DIAGNOSIS,AIIMS-All India,SC
2,1064,Madhya Pradesh,"AIIMS, Bhopal",RADIO DIAGNOSIS,AIIMS-All India,SC
2,1082,Rajasthan,"AIIMS, Jodhpur",OBG,AIIMS-All India,OBC
2,1084,Himachal Pradesh,"AIIMS, Bilaspur, Himachal",TRAUMATOLOGY AND SURGERY,AIIMS-All India,UR
2,1091,Assam,"AIIMS, Guwahati",PSYCHIATRY,AIIMS-All India,UR
2,1097,Chandigarh,"PGIMER, Chandigarh",RADIO DIAGNOSIS,PGIMER-All India,ST
2,1099,Bihar,"AIIMS, Patna",PAEDIATRIC SURGERY 6 YRS,AIIMS-All India,UR
2,1105,Karnataka,"NIMHANS, Bangalore",PSYCHIATRY,NIMHANS-All India,OBC
2,1110,Odisha,"AIIMS, Bhubaneswar",ANAESTHESIOLOGY,AIIMS-All India,UR
2,1113,Andhra Pradesh,"AIIMS, Mangalagiri",ENT,AIIMS-All India,UR
2,1126,Delhi,"AIIMS, Delhi",PSYCHIATRY,AIIMS-All India,OBC
2,1129,Andhra Pradesh,"AIIMS, Mangalagiri",OBG,AIIMS-All India,OBC
2,1136,Delhi,"AIIMS, Delhi",OPHTHALMOLOGY,AIIMS-All India,OBC
2,1140,Himachal Pradesh,"AIIMS, Bilaspur, Himachal",TRAUMATOLOGY AND SURGERY,AIIMS-All India,UR
2,1145,Karnataka,"NIMHANS, Bangalore",PSYCHIATRY,NIMHANS-All India,EWS
2,1147,Pondicherry,"JIPMER, Puducherry",OPHTHALMOLOGY,JIPMER-All India,OBC
2,1152,Andhra Pradesh,"AIIMS, Mangalagiri",OBG,AIIMS-All India,EWS
2,1153,Pondicherry,"JIPMER, Puducherry",TBRD,JIMPER-Inst. Pref,INST (JIPMER)
2,1154,Bihar,"AIIMS, Patna",RADIO DIAGNOSIS,AIIMS-All India,SC
2,1156,Jammu and Kashmir,"AIIMS, Jammu",EMERGENCY MEDICINE,AIIMS-All India,UR
2,1167,Maharashtra,"AIIMS, Nagpur",GENERAL MEDICINE,AIIMS-All India,SC
2,1180,Jharkhand,"AIIMS, Deoghar",PAEDIATRIC SURGERY 6 YRS,AIIMS-All India,UR
2,1191,Uttarakhand,"AIIMS, Rishikesh",RADIATION ONCOLOGY,AIIMS-All India,OBC
2,1197,Uttar Pradesh,"AIIMS, Rai Bareli",OBG,AIIMS-All India,OBC
2,1205,Maharashtra,"AIIMS, Nagpur",RADIATION ONCOLOGY,AIIMS-All India,EWS
2,1208,Maharashtra,"AIIMS, Nagpur",GENERAL SURGERY,AIIMS-All India,EWS
2,1215,Chandigarh,"PGIMER, Chandigarh",PATHOLOGY,PGIMER-All India,UR
2,1224,Madhya Pradesh,"AIIMS, Bhopal",PAEDIATRICS,AIIMS-Inst. Pref,UR-AIIMS-IP
2,1230,Madhya Pradesh,"AIIMS, Bhopal",ANAESTHESIOLOGY,AIIMS-All India,UR
2,1231,Chhattisgarh,"AIIMS, Raipur",ANAESTHESIOLOGY,AIIMS-All India,UR
2,1233,Uttarakhand,"AIIMS, Rishikesh",EMERGENCY MEDICINE,AIIMS-All India,OBC
2,1234,Punjab,"AIIMS, Bathinda",GENERAL MEDICINE,AIIMS-All India,SC
2,1241,Pondicherry,"JIPMER, Puducherry",EMERGENCY MEDICINE,JIPMER-All India,OBC
2,1249,Uttar Pradesh,"AIIMS, Rai Bareli",ANAESTHESIOLOGY,AIIMS-All India,UR
2,1252,Uttar Pradesh,"AIIMS, Rai Bareli",GENERAL SURGERY,AIIMS-All India,EWS
2,1256,Chandigarh,"PGIMER, Chandigarh",DERMATOLOGY,PGIMER-All India,SC
2,1270,Karnataka,"NIMHANS, Bangalore",PSYCHIATRY,NIMHANS-NE Domicile,UR-North East Domicile
2,1272,Uttar Pradesh,"AIIMS, Gorakhpur",GENERAL SURGERY,AIIMS-Inst. Pref,UR-AIIMS-IP
2,1275,Punjab,"AIIMS, Bathinda",OBG,AIIMS-All India,OBC
2,1276,Chandigarh,"PGIMER, Chandigarh",OPHTHALMOLOGY,PGIMER-All India,OBC
2,1280,Chandigarh,"PGIMER, Chandigarh",OPHTHALMOLOGY,PGIMER-All India,OBC
2,1307,Bihar,"AIIMS, Patna",ANAESTHESIOLOGY,AIIMS-All India,UR
2,1309,Delhi,"AIIMS, Delhi",ANAESTHESIOLOGY,AIIMS-All India,OBC
2,1311,Punjab,"AIIMS, Bathinda",ANAESTHESIOLOGY,AIIMS-All India,UR
2,1312,Jammu and Kashmir,"AIIMS, Jammu",GENERAL SURGERY,AIIMS-All India,OBC
2,1315,Delhi,"AIIMS, Delhi",ANAESTHESIOLOGY,AIIMS-All India,OBC
2,1321,Karnataka,"NIMHANS, Bangalore",PSYCHIATRY,NIMHANS-KAR Domicile,UR-Karnataka Domicile
2,1325,Delhi,"AIIMS, Delhi",PSYCHIATRY,AIIMS-All India,OBC
2,1327,Delhi,"AIIMS, Delhi",PALLIATIVE MEDICINE,AIIMS-All India,UR
2,1338,Delhi,"AIIMS, Delhi",ANAESTHESIOLOGY,AIIMS-All India,OBC
2,1342,Jharkhand,"AIIMS, Deoghar",GENERAL SURGERY,AIIMS-All India,OBC
2,1344,Gujarat,"AIIMS, Rajkot",ANAESTHESIOLOGY,AIIMS-All India,UR
2,1348,Bihar,"AIIMS, Patna",OBG,AIIMS-All India,EWS
2,1378,Delhi,"AIIMS, Delhi",ANAESTHESIOLOGY,AIIMS-All India,OBC
2,1389,Delhi,"AIIMS, Delhi",ANAESTHESIOLOGY,AIIMS-All India,OBC
2,1390,Madhya Pradesh,"AIIMS, Bhopal",OPHTHALMOLOGY,AIIMS-All India,OBC
2,1391,Chhattisgarh,"AIIMS, Raipur",ORTHOPAEDICS,AIIMS-All India,OBC
2,1393,Gujarat,"AIIMS, Rajkot",OBG,AIIMS-All India,OBC
2,1397,Bihar,"AIIMS, Patna",ORTHOPAEDICS,AIIMS-All India,OBC
2,1400,Jammu and Kashmir,"AIIMS, Jammu",ANAESTHESIOLOGY,AIIMS-All India,UR
2,1403,Bihar,"AIIMS, Patna",OPHTHALMOLOGY,AIIMS-Inst. Pref,UR-AIIMS-IP
2,1419,Assam,"AIIMS, Guwahati",ORTHOPAEDICS,AIIMS-All India,OBC
2,1431,Rajasthan,"AIIMS, Jodhpur",DERMATOLOGY,AIIMS-All India,SC
2,1440,Karnataka,"NIMHANS, Bangalore",PSYCHIATRY,NIMHANS-KAR Domicile,UR-Karnataka Domicile
2,1448,Jharkhand,"AIIMS, Deoghar",OBG,AIIMS-All India,OBC
2,1454,Madhya Pradesh,"AIIMS, Bhopal",RADIATION ONCOLOGY,AIIMS-All India,OBC
2,1458,Uttarakhand,"AIIMS, Rishikesh",TBRD,AIIMS-Inst. Pref,UR-AIIMS-IP
2,1471,Chandigarh,"PGIMER, Chandigarh",ANAESTHESIOLOGY,PGIMER-All India,OBC
2,1473,Maharashtra,"AIIMS, Nagpur",RADIO DIAGNOSIS,AIIMS-All India,SC
2,1475,Chandigarh,"PGIMER, Chandigarh",ENT,PGIMER-All India,OBC
2,1481,Punjab,"AIIMS, Bathinda",OBG,AIIMS-All India,OBC
2,1486,Delhi,"AIIMS, Delhi",COMMUNITY MEDICINE,AIIMS-All India,UR
2,1492,Himachal Pradesh,"AIIMS, Bilaspur, Himachal",OBG,AIIMS-All India,OBC
2,1496,Chandigarh,"PGIMER, Chandigarh",PSYCHIATRY,PGIMER-All India,OBC
2,1499,Punjab,"AIIMS, Bathinda",ORTHOPAEDICS,AIIMS-All India,OBC
2,1501,Jharkhand,"AIIMS, Deoghar",ANAESTHESIOLOGY,AIIMS-All India,UR
2,1506,Jammu and Kashmir,"AIIMS, Jammu",OBG,AIIMS-All India,OBC
2,1508,Jammu and Kashmir,"AIIMS, Jammu",GENERAL SURGERY,AIIMS-All India,EWS
2,1516,Karnataka,"NIMHANS, Bangalore",PSYCHIATRY,NIMHANS-NE Domicile,UR-North East Domicile
2,1519,West Bengal,"AIIMS, Kalyani",ANAESTHESIOLOGY,AIIMS-All India,UR
2,1520,Rajasthan,"AIIMS, Jodhpur",PSYCHIATRY,AIIMS-All India,EWS
2,1528,Jharkhand,"AIIMS, Deoghar",ANAESTHESIOLOGY,AIIMS-All India,UR
2,1529,Himachal Pradesh,"AIIMS, Bilaspur, Himachal",RADIATION ONCOLOGY,AIIMS-All India,OBC
2,1543,Bihar,"AIIMS, Patna",SURGGASTRO (6 YRS),AIIMS-Inst. Pref,UR-AIIMS-IP
2,1566,Andhra Pradesh,"AIIMS, Mangalagiri",GENERAL SURGERY,AIIMS-All India,EWS
2,1570,Andhra Pradesh,"AIIMS, Mangalagiri",ANAESTHESIOLOGY,AIIMS-All India,OBC
2,1574,Delhi,"AIIMS, Delhi",PMR,AIIMS-All India,UR
2,1581,Chandigarh,"PGIMER, Chandigarh",ANAESTHESIOLOGY,PGIMER-All India,OBC
2,1590,Madhya Pradesh,"AIIMS, Bhopal",OPHTHALMOLOGY,AIIMS-Inst. Pref,UR-AIIMS-IP
2,1596,Delhi,"AIIMS, Delhi",ANAESTHESIOLOGY,AIIMS-All India,EWS
2,1614,Madhya Pradesh,"AIIMS, Bhopal",PMR,AIIMS-Inst. Pref,UR-AIIMS-IP
2,1615,Karnataka,"NIMHANS, Bangalore",PSYCHIATRY,NIMHANS-NE Domicile,UR-North East Domicile
2,1616,Chandigarh,"PGIMER, Chandigarh",IHBT,PGIMER-All India,UR
2,1623,Chandigarh,"PGIMER, Chandigarh",ANAESTHESIOLOGY,PGIMER-All India,OBC
2,1629,Uttarakhand,"AIIMS, Rishikesh",PSYCHIATRY,AIIMS-All India,OBC
2,1634,Maharashtra,"AIIMS, Nagpur",EMERGENCY MEDICINE,AIIMS-All India,OBC
2,1644,Rajasthan,"AIIMS, Jodhpur",RADIOTHERAPY & ONCOLOGY 6 YRS,AIIMS-Inst. Pref,UR-AIIMS-IP
2,1648,Uttarakhand,"AIIMS, Rishikesh",OPHTHALMOLOGY,AIIMS-All India,OBC
2,1649,Uttar Pradesh,"AIIMS, Rai Bareli",ORTHOPAEDICS,AIIMS-All India,OBC
2,1650,Chandigarh,"PGIMER, Chandigarh",ANAESTHESIOLOGY,PGIMER-All India,OBC
2,1654,Chhattisgarh,"AIIMS, Raipur",RADIO DIAGNOSIS,AIIMS-All India,SC
2,1657,Karnataka,"NIMHANS, Bangalore",PSYCHIATRY,NIMHANS-NE Domicile,UR-North East Domicile
2,1668,Telangana,"AIIMS, Bibinagar",ANAESTHESIOLOGY,AIIMS-All India,OBC
2,1678,Delhi,"AIIMS, Delhi",PHARMACOLOGY,AIIMS-All India,UR
2,1680,Odisha,"AIIMS, Bhubaneswar",PHARMACOLOGY,AIIMS-All India,UR
2,1696,Himachal Pradesh,"AIIMS, Bilaspur, Himachal",TRAUMATOLOGY AND SURGERY,AIIMS-All India,OBC
2,1700,Delhi,"AIIMS, Delhi",PSYCHIATRY,AIIMS-Inst. Pref,UR-AIIMS-IP
2,1705,Pondicherry,"JIPMER, Puducherry",PATHOLOGY,JIPMER-All India,UR
2,1710,Pondicherry,"JIPMER, Puducherry",PSYCHIATRY,JIPMER-All India,EWS
2,1711,Himachal Pradesh,"AIIMS, Bilaspur, Himachal",ORTHOPAEDICS,AIIMS-All India,OBC
2,1712,Chhattisgarh,"AIIMS, Raipur",OBG,AIIMS-Inst. Pref,UR-AIIMS-IP
2,1716,Madhya Pradesh,"AIIMS, Bhopal",PSYCHIATRY,AIIMS-All India,OBC
2,1729,Karnataka,"NIMHANS, Bangalore",PMR,NIMHANS-All India,UR
2,1744,Punjab,"AIIMS, Bathinda",ORTHOPAEDICS,AIIMS-All India,EWS
2,1768,Pondicherry,"JIPMER, Puducherry",PATHOLOGY,JIPMER-All India,UR-PwD
2,1775,Punjab,"AIIMS, Bathinda",OPHTHALMOLOGY,AIIMS-All India,OBC
2,1797,Chhattisgarh,"AIIMS, Raipur",PAEDIATRIC SURGERY 6 YRS,AIIMS-Inst. Pref,UR-AIIMS-IP
2,1803,Maharashtra,"AIIMS, Nagpur",RADIATION ONCOLOGY,AIIMS-All India,OBC
2,1816,Chandigarh,"PGIMER, Chandigarh",PATHOLOGY,PGIMER-All India,UR
2,1818,Uttar Pradesh,"AIIMS, Gorakhpur",FAMILY MEDICINE,AIIMS-All India,UR
2,1821,Chhattisgarh,"AIIMS, Raipur",PSYCHIATRY,AIIMS-All India,OBC
2,1824,Uttarakhand,"AIIMS, Rishikesh",ENT,AIIMS-All India,OBC
2,1826,Chandigarh,"PGIMER, Chandigarh",PATHOLOGY,PGIMER-All India,UR
2,1833,Pondicherry,"JIPMER, Puducherry",PATHOLOGY,JIPMER-All India,UR
2,1835,Pondicherry,"JIPMER, Puducherry",OPHTHALMOLOGY,JIMPER-Inst. Pref,INST (JIPMER)
2,1836,Chandigarh,"PGIMER, Chandigarh",PAEDIATRICS,PGIMER-All India,SC
2,1846,Rajasthan,"AIIMS, Jodhpur",PATHOLOGY,AIIMS-All India,UR
2,1853,Chhattisgarh,"AIIMS, Raipur",EMERGENCY MEDICINE,AIIMS-Inst. Pref,UR-AIIMS-IP
2,1876,Delhi,"AIIMS, Delhi",PHARMACOLOGY,AIIMS-All India,EWS
2,1881,Uttarakhand,"AIIMS, Rishikesh",PATHOLOGY,AIIMS-All India,UR
2,1883,Delhi,"AIIMS, Delhi",COMMUNITY MEDICINE,AIIMS-All India,UR
2,1905,Andhra Pradesh,"AIIMS, Mangalagiri",RADIATION ONCOLOGY,AIIMS-All India,OBC
2,1910,Chhattisgarh,"AIIMS, Raipur",OPHTHALMOLOGY,AIIMS-All India,EWS
2,1922,Rajasthan,"AIIMS, Jodhpur",ANAESTHESIOLOGY,AIIMS-All India,EWS
2,1926,Rajasthan,"AIIMS, Jodhpur",PATHOLOGY,AIIMS-All India,UR
2,1931,Uttarakhand,"AIIMS, Rishikesh",DERMATOLOGY,AIIMS-All India,SC
2,1944,Chandigarh,"PGIMER, Chandigarh",PAEDIATRICS,PGIMER-All India,SC
2,1954,Bihar,"AIIMS, Patna",PSYCHIATRY,AIIMS-Inst. Pref,UR-AIIMS-IP
2,1955,Rajasthan,"AIIMS, Jodhpur",ANAESTHESIOLOGY,AIIMS-All India,OBC
2,1957,Jharkhand,"AIIMS, Deoghar",ORTHOPAEDICS,AIIMS-All India,OBC
2,1959,Pondicherry,"JIPMER, Puducherry",ORTHOPAEDICS,JIMPER-Inst. Pref,INST (JIPMER)
2,1961,Chhattisgarh,"AIIMS, Raipur",OPHTHALMOLOGY,AIIMS-All India,OBC
2,1962,Rajasthan,"AIIMS, Jodhpur",OPHTHALMOLOGY,AIIMS-All India,OBC
2,1993,Chandigarh,"PGIMER, Chandigarh",HOSPITAL ADMINISTRATION,PGIMER-All India,UR
2,1995,Pondicherry,"JIPMER, Puducherry",RADIATION ONCOLOGY,JIMPER-Inst. Pref,INST (JIPMER)
2,2023,Kerala,"Sree Chirtra Thirunal, Triv.",IHBT,SCTIMST-All India,UR
2,2024,Andhra Pradesh,"AIIMS, Mangalagiri",ANAESTHESIOLOGY,AIIMS-All India,OBC
2,2026,Rajasthan,"AIIMS, Jodhpur",ENT,AIIMS-All India,OBC
2,2031,Delhi,"AIIMS, Delhi",LAB MEDICINE,AIIMS-All India,UR
2,2047,Delhi,"AIIMS, Delhi",MICROBIOLOGY,AIIMS-All India,UR
2,2049,Bihar,"AIIMS, Patna",ENT,AIIMS-Inst. Pref,UR-AIIMS-IP
2,2050,Chandigarh,"PGIMER, Chandigarh",IHBT,PGIMER-All India,UR
2,2083,Madhya Pradesh,"AIIMS, Bhopal",PATHOLOGY,AIIMS-All India,UR
2,2091,Pondicherry,"JIPMER, Puducherry",PSYCHIATRY,JIMPER-Inst. Pref,INST (JIPMER)-PwD
2,2108,Odisha,"AIIMS, Bhubaneswar",PSYCHIATRY,AIIMS-All India,OBC
2,2109,Jharkhand,"AIIMS, Deoghar",GENERAL MEDICINE,AIIMS-All India,SC
2,2112,Andhra Pradesh,"AIIMS, Mangalagiri",ORTHOPAEDICS,AIIMS-Inst. Pref,UR-AIIMS-IP
2,2114,Pondicherry,"JIPMER, Puducherry",PATHOLOGY,JIPMER-All India,UR
2,2119,Rajasthan,"AIIMS, Jodhpur",ANAESTHESIOLOGY,AIIMS-All India,OBC
2,2137,Jammu and Kashmir,"AIIMS, Jammu",PATHOLOGY,AIIMS-All India,UR
2,2140,Odisha,"AIIMS, Bhubaneswar",PATHOLOGY,AIIMS-All India,UR
2,2149,Chandigarh,"PGIMER, Chandigarh",ORTHOPAEDICS,PGIMER-All India,SC
2,2154,Bihar,"AIIMS, Patna",OPHTHALMOLOGY,AIIMS-All India,OBC
2,2156,Pondicherry,"JIPMER, Puducherry",ANAESTHESIOLOGY,JIPMER-All India,EWS
2,2165,Maharashtra,"AIIMS, Nagpur",ENT,AIIMS-All India,OBC
2,2170,Telangana,"AIIMS, Bibinagar",RADIATION ONCOLOGY,AIIMS-All India,OBC
2,2193,Punjab,"AIIMS, Bathinda",PATHOLOGY,AIIMS-All India,UR
2,2204,Delhi,"AIIMS, Delhi",FORENSIC MEDICINE,AIIMS-All India,UR
2,2215,Chandigarh,"PGIMER, Chandigarh",PAEDIATRICS,PGIMER-All India,SC
2,2224,Chandigarh,"PGIMER, Chandigarh",PAEDIATRICS,PGIMER-Rural,UR-RA
2,2225,Uttarakhand,"AIIMS, Rishikesh",ANAESTHESIOLOGY,AIIMS-All India,OBC
2,2255,Delhi,"AIIMS, Delhi",COMMUNITY MEDICINE,AIIMS-All India,UR
2,2256,Chhattisgarh,"AIIMS, Raipur",PATHOLOGY,AIIMS-All India,UR
2,2267,Bihar,"AIIMS, Patna",ANAESTHESIOLOGY,AIIMS-All India,OBC
2,2278,Pondicherry,"JIPMER, Puducherry",EMERGENCY MEDICINE,JIMPER-Inst. Pref,INST (JIPMER)
2,2285,Rajasthan,"AIIMS, Jodhpur",ANAESTHESIOLOGY,AIIMS-All India,OBC
2,2288,Rajasthan,"AIIMS, Jodhpur",ENT,AIIMS-All India,OBC
2,2292,Maharashtra,"AIIMS, Nagpur",OPHTHALMOLOGY,AIIMS-All India,OBC
2,2333,Andhra Pradesh,"AIIMS, Mangalagiri",PATHOLOGY,AIIMS-All India,UR
2,2343,Chhattisgarh,"AIIMS, Raipur",PATHOLOGY,AIIMS-All India,UR
2,2359,Uttarakhand,"AIIMS, Rishikesh",ANAESTHESIOLOGY,AIIMS-All India,OBC
2,2362,Rajasthan,"AIIMS, Jodhpur",ANAESTHESIOLOGY,AIIMS-All India,OBC
2,2364,Assam,"AIIMS, Guwahati",PATHOLOGY,AIIMS-All India,UR
2,2373,Jharkhand,"AIIMS, Deoghar",OPHTHALMOLOGY,AIIMS-All India,OBC
2,2381,Pondicherry,"JIPMER, Puducherry",GENERAL SURGERY,JIPMER-All India,SC
2,2386,Pondicherry,"JIPMER, Puducherry",PHARMACOLOGY,JIPMER-All India,OBC
2,2388,Punjab,"AIIMS, Bathinda",OPHTHALMOLOGY,AIIMS-All India,EWS
2,2390,Uttar Pradesh,"AIIMS, Gorakhpur",RADIO DIAGNOSIS,AIIMS-All India,SC
2,2409,West Bengal,"AIIMS, Kalyani",OPHTHALMOLOGY,AIIMS-All India,OBC
2,2419,Assam,"AIIMS, Guwahati",RADIO DIAGNOSIS,AIIMS-All India,SC
2,2421,Andhra Pradesh,"AIIMS, Mangalagiri",EMERGENCY MEDICINE,AIIMS-All India,EWS
2,2425,Chhattisgarh,"AIIMS, Raipur",ENT,AIIMS-All India,OBC
2,2434,Himachal Pradesh,"AIIMS, Bilaspur, Himachal",EMERGENCY MEDICINE,AIIMS-All India,OBC
2,2444,Madhya Pradesh,"AIIMS, Bhopal",ENT,AIIMS-All India,OBC
2,2451,Delhi,"AIIMS, Delhi",PHYSIOLOGY,AIIMS-All India,UR
2,2453,Delhi,"AIIMS, Delhi",PATHOLOGY,AIIMS-All India,OBC
2,2454,Uttar Pradesh,"AIIMS, Rai Bareli",NEUROSURGERY 6 YRS,AIIMS-Inst. Pref,UR-AIIMS-IP
2,2455,Andhra Pradesh,"AIIMS, Mangalagiri",PSYCHIATRY,AIIMS-All India,OBC
2,2457,Uttar Pradesh,"AIIMS, Rai Bareli",EMERGENCY MEDICINE,AIIMS-All India,OBC
2,2458,Chhattisgarh,"AIIMS, Raipur",EMERGENCY MEDICINE,AIIMS-All India,EWS
2,2464,Himachal Pradesh,"AIIMS, Bilaspur, Himachal",OPHTHALMOLOGY,AIIMS-Inst. Pref,UR-AIIMS-IP
2,2465,Chandigarh,"PGIMER, Chandigarh",COMMUNITY MEDICINE,PGIMER-All India,UR
2,2467,Bihar,"AIIMS, Patna",ENT,AIIMS-All India,OBC
2,2474,Telangana,"AIIMS, Bibinagar",PMR,AIIMS-All India,UR
2,2485,Madhya Pradesh,"AIIMS, Bhopal",ANAESTHESIOLOGY,AIIMS-All India,OBC
2,2486,Chandigarh,"PGIMER, Chandigarh",GENERAL SURGERY,PGIMER-Rural,UR-RA
2,2496,Rajasthan,"AIIMS, Jodhpur",ENT,AIIMS-All India,EWS
2,2519,West Bengal,"AIIMS, Kalyani",PATHOLOGY,AIIMS-All India,UR
2,2527,Jammu and Kashmir,"AIIMS, Jammu",PMR,AIIMS-All India,UR
2,2532,Madhya Pradesh,"AIIMS, Bhopal",ANAESTHESIOLOGY,AIIMS-All India,EWS
2,2546,Delhi,"AIIMS, Delhi",FORENSIC MEDICINE,AIIMS-All India,UR
2,2549,Madhya Pradesh,"AIIMS, Bhopal",COMMUNITY MEDICINE,AIIMS-All India,UR
2,2557,Uttarakhand,"AIIMS, Rishikesh",ANAESTHESIOLOGY,AIIMS-Inst. Pref,UR-AIIMS-IP
2,2558,Rajasthan,"AIIMS, Jodhpur",COMMUNITY MEDICINE,AIIMS-All India,UR
2,2575,Pondicherry,"JIPMER, Puducherry",PSYCHIATRY,JIMPER-Inst. Pref,INST (JIPMER)
2,2583,Odisha,"AIIMS, Bhubaneswar",ENT,AIIMS-All India,EWS
2,2592,Jharkhand,"AIIMS, Deoghar",ENT,AIIMS-All India,OBC
2,2597,Madhya Pradesh,"AIIMS, Bhopal",FORENSIC MEDICINE,AIIMS-All India,UR
2,2621,Telangana,"AIIMS, Bibinagar",IHBT,AIIMS-All India,UR
2,2624,Bihar,"AIIMS, Patna",ANAESTHESIOLOGY,AIIMS-All India,OBC
2,2642,Uttar Pradesh,"AIIMS, Gorakhpur",OPHTHALMOLOGY,AIIMS-Inst. Pref,UR-AIIMS-IP
2,2648,Maharashtra,"AIIMS, Nagpur",PMR,AIIMS-All India,UR
2,2661,West Bengal,"AIIMS, Kalyani",ENT,AIIMS-Inst. Pref,UR-AIIMS-IP
2,2666,Punjab,"AIIMS, Bathinda",DERMATOLOGY,AIIMS-All India,SC
2,2675,Chandigarh,"PGIMER, Chandigarh",HOSPITAL ADMINISTRATION,PGIMER-All India,UR
2,2692,Rajasthan,"AIIMS, Jodhpur",PAEDIATRICS,AIIMS-All India,SC
2,2713,Maharashtra,"AIIMS, Nagpur",ENT,AIIMS-All India,EWS
2,2727,Delhi,"AIIMS, Delhi",COMMUNITY MEDICINE,AIIMS-All India,OBC
2,2729,Maharashtra,"AIIMS, Nagpur",ANAESTHESIOLOGY,AIIMS-All India,EWS
2,2735,Uttarakhand,"AIIMS, Rishikesh",PLASTIC SURGERY 6 YRS,AIIMS-Inst. Pref,UR-AIIMS-IP
2,2742,Odisha,"AIIMS, Bhubaneswar",ANAESTHESIOLOGY,AIIMS-All India,OBC
2,2743,Delhi,"AIIMS, Delhi",OBG,AIIMS-All India,SC
2,2754,Maharashtra,"AIIMS, Nagpur",OBG,AIIMS-Inst. Pref,UR-AIIMS-IP
2,2782,Delhi,"AIIMS, Delhi",GENERAL SURGERY,AIIMS-All India,SC
2,2783,Uttar Pradesh,"AIIMS, Gorakhpur",ANAESTHESIOLOGY,AIIMS-All India,OBC
2,2791,Odisha,"AIIMS, Bhubaneswar",PSYCHIATRY,AIIMS-All India,OBC
2,2793,Bihar,"AIIMS, Patna",ANAESTHESIOLOGY,AIIMS-All India,EWS
2,2798,Odisha,"AIIMS, Bhubaneswar",ANAESTHESIOLOGY,AIIMS-All India,OBC
2,2800,Chandigarh,"PGIMER, Chandigarh",GENERAL SURGERY,PGIMER-All India,SC
2,2815,Punjab,"AIIMS, Bathinda",ANAESTHESIOLOGY,AIIMS-All India,EWS
2,2820,West Bengal,"AIIMS, Kalyani",PSYCHIATRY,AIIMS-All India,OBC
2,2823,Delhi,"AIIMS, Delhi",OPHTHALMOLOGY,AIIMS-All India,SC
2,2856,Bihar,"AIIMS, Patna",COMMUNITY & FAMILY MEDICINE,AIIMS-All India,UR
2,2862,Andhra Pradesh,"AIIMS, Mangalagiri",OBG,AIIMS-Inst. Pref,UR-AIIMS-IP
2,2870,Bihar,"AIIMS, Patna",IHBT,AIIMS-All India,UR
2,2890,Jharkhand,"AIIMS, Deoghar",GENERAL SURGERY,AIIMS-Inst. Pref,UR-AIIMS-IP
2,2899,Chhattisgarh,"AIIMS, Raipur",ANAESTHESIOLOGY,AIIMS-All India,OBC
2,2901,Rajasthan,"AIIMS, Jodhpur",COMMUNITY MEDICINE,AIIMS-All India,UR
2,2914,Uttarakhand,"AIIMS, Rishikesh",GENERAL SURGERY,AIIMS-All India,SC
2,2916,Madhya Pradesh,"AIIMS, Bhopal",CARDIO THORACIC AND VASCULAR SURGERY 6 YRS,AIIMS-Inst. Pref,UR-AIIMS-IP
2,2925,Bihar,"AIIMS, Patna",EMERGENCY MEDICINE,AIIMS-All India,EWS
2,2927,Pondicherry,"JIPMER, Puducherry",MICROBIOLOGY,JIPMER-All India,UR
2,2929,Jharkhand,"AIIMS, Deoghar",ANAESTHESIOLOGY,AIIMS-All India,EWS
2,2939,Maharashtra,"AIIMS, Nagpur",ANAESTHESIOLOGY,AIIMS-All India,OBC
2,2944,Punjab,"AIIMS, Bathinda",PAEDIATRICS,AIIMS-Inst. Pref,UR-AIIMS-IP
2,2971,Delhi,"AIIMS, Delhi",PALLIATIVE MEDICINE,AIIMS-All India,OBC
2,2978,Pondicherry,"JIPMER, Puducherry",DERMATOLOGY,JIPMER-All India,ST
2,2987,Uttar Pradesh,"AIIMS, Rai Bareli",ENT,AIIMS-All India,EWS
2,2989,Telangana,"AIIMS, Bibinagar",PATHOLOGY,AIIMS-All India,OBC
2,3007,Pondicherry,"JIPMER, Puducherry",ANAESTHESIOLOGY,JIMPER-Inst. Pref,INST (JIPMER)
2,3019,Jharkhand,"AIIMS, Deoghar",COMMUNITY & FAMILY MEDICINE,AIIMS-All India,UR
2,3028,Gujarat,"AIIMS, Rajkot",ANAESTHESIOLOGY,AIIMS-All India,OBC
2,3036,Chandigarh,"PGIMER, Chandigarh",PSYCHIATRY,PGIMER-All India,SC
2,3046,Madhya Pradesh,"AIIMS, Bhopal",FAMILY MEDICINE,AIIMS-All India,EWS
2,3048,Chandigarh,"PGIMER, Chandigarh",IHBT,PGIMER-All India,OBC
2,3072,Uttar Pradesh,"AIIMS, Gorakhpur",EMERGENCY MEDICINE,AIIMS-All India,EWS
2,3080,Punjab,"AIIMS, Bathinda",ANAESTHESIOLOGY,AIIMS-All India,OBC
2,3088,Uttar Pradesh,"AIIMS, Gorakhpur",PSYCHIATRY,AIIMS-All India,OBC
2,3093,Telangana,"AIIMS, Bibinagar",IHBT,AIIMS-All India,UR
2,3095,Maharashtra,"AIIMS, Nagpur",PMR,AIIMS-All India,OBC
2,3104,Punjab,"AIIMS, Bathinda",ANAESTHESIOLOGY,AIIMS-All India,OBC
2,3108,Himachal Pradesh,"AIIMS, Bilaspur, Himachal",ANAESTHESIOLOGY,AIIMS-All India,OBC
2,3114,Delhi,"AIIMS, Delhi",PATHOLOGY,AIIMS-All India,OBC
2,3117,Assam,"AIIMS, Guwahati",ANAESTHESIOLOGY,AIIMS-All India,OBC
2,3118,Chandigarh,"PGIMER, Chandigarh",PHARMACOLOGY,PGIMER-All India,UR
2,3138,Madhya Pradesh,"AIIMS, Bhopal",GENERAL SURGERY,AIIMS-All India,SC
2,3155,Pondicherry,"JIPMER, Puducherry",PMR,JIPMER-All India,EWS
2,3164,Punjab,"AIIMS, Bathinda",PSYCHIATRY,AIIMS-All India,OBC
2,3199,Jharkhand,"AIIMS, Deoghar",ANAESTHESIOLOGY,AIIMS-All India,OBC
2,3215,Himachal Pradesh,"AIIMS, Bilaspur, Himachal",PSYCHIATRY,AIIMS-All India,OBC
2,3219,Chandigarh,"PGIMER, Chandigarh",PHARMACOLOGY,PGIMER-All India,UR
2,3226,Jharkhand,"AIIMS, Deoghar",ANAESTHESIOLOGY,AIIMS-All India,OBC
2,3228,Rajasthan,"AIIMS, Jodhpur",PATHOLOGY,AIIMS-All India,OBC
2,3235,Chandigarh,"PGIMER, Chandigarh",PATHOLOGY,PGIMER-All India,OBC
2,3242,Andhra Pradesh,"AIIMS, Mangalagiri",ENT,AIIMS-All India,EWS
2,3289,Odisha,"AIIMS, Bhubaneswar",IHBT,AIIMS-All India,UR
2,3293,Jammu and Kashmir,"AIIMS, Jammu",ANAESTHESIOLOGY,AIIMS-All India,OBC
2,3301,Jammu and Kashmir,"AIIMS, Jammu",ANAESTHESIOLOGY,AIIMS-All India,OBC
2,3331,Chandigarh,"PGIMER, Chandigarh",OBG,PGIMER-All India,SC
2,3332,Delhi,"AIIMS, Delhi",PMR,AIIMS-All India,OBC
2,3340,Pondicherry,"JIPMER, Puducherry",PATHOLOGY,JIPMER-All India,OBC
2,3346,Gujarat,"AIIMS, Rajkot",DERMATOLOGY,AIIMS-All India,SC
2,3369,Madhya Pradesh,"AIIMS, Bhopal",MICROBIOLOGY,AIIMS-All India,UR
2,3372,Chandigarh,"PGIMER, Chandigarh",GENERAL MEDICINE,PGIMER-All India,ST
2,3405,Delhi,"AIIMS, Delhi",IHBT,AIIMS-All India,OBC
2,3409,Rajasthan,"AIIMS, Jodhpur",COMMUNITY MEDICINE,AIIMS-All India,UR
2,3417,Pondicherry,"JIPMER, Puducherry",PATHOLOGY,JIPMER-All India,OBC
2,3443,Pondicherry,"JIPMER, Puducherry",PATHOLOGY,JIPMER-All India,OBC
2,3465,Punjab,"AIIMS, Bathinda",OPHTHALMOLOGY,AIIMS-Inst. Pref,UR-AIIMS-IP
2,3466,Delhi,"AIIMS, Delhi",ANAESTHESIOLOGY,AIIMS-Inst. Pref,UR-AIIMS-IP
2,3482,Rajasthan,"AIIMS, Jodhpur",COMMUNITY MEDICINE,AIIMS-All India,UR
2,3550,Uttar Pradesh,"AIIMS, Rai Bareli",GENERAL MEDICINE,AIIMS-All India,SC
2,3555,Chandigarh,"PGIMER, Chandigarh",ANAESTHESIOLOGY,PGIMER-Rural,UR-RA
2,3567,Delhi,"AIIMS, Delhi",PHYSIOLOGY,AIIMS-All India,UR
2,3577,Madhya Pradesh,"AIIMS, Bhopal",ANAESTHESIOLOGY,AIIMS-Inst. Pref,UR-AIIMS-IP
2,3586,Karnataka,"NIMHANS, Bangalore",PSYCHIATRY,NIMHANS-All India,SC
2,3587,Maharashtra,"AIIMS, Nagpur",MICROBIOLOGY,AIIMS-All India,UR
2,3591,Chhattisgarh,"AIIMS, Raipur",IHBT,AIIMS-All India,UR
2,3612,Chhattisgarh,"AIIMS, Raipur",ANAESTHESIOLOGY,AIIMS-Inst. Pref,UR-AIIMS-IP
2,3631,Madhya Pradesh,"AIIMS, Bhopal",CARDIO THORACIC AND VASCULAR SURGERY 6 YRS,AIIMS-Inst. Pref,UR-AIIMS-IP
2,3633,Bihar,"AIIMS, Patna",PATHOLOGY,AIIMS-All India,OBC
2,3649,Delhi,"AIIMS, Delhi",GENERAL SURGERY,AIIMS-All India,SC
2,3664,Punjab,"AIIMS, Bathinda",PHARMACOLOGY,AIIMS-All India,UR
2,3674,Andhra Pradesh,"AIIMS, Mangalagiri",HOSPITAL ADMINISTRATION,AIIMS-All India,UR
2,3701,Chandigarh,"PGIMER, Chandigarh",MICROBIOLOGY,PGIMER-All India,UR
2,3703,Pondicherry,"JIPMER, Puducherry",ANAESTHESIOLOGY,JIMPER-Inst. Pref,INST (JIPMER)
2,3736,Maharashtra,"AIIMS, Nagpur",ENT,AIIMS-Inst. Pref,UR-AIIMS-IP
2,3747,Jharkhand,"AIIMS, Deoghar",ORTHOPAEDICS,AIIMS-Inst. Pref,UR-AIIMS-IP
2,3751,Odisha,"AIIMS, Bhubaneswar",PATHOLOGY,AIIMS-All India,OBC
2,3754,Delhi,"AIIMS, Delhi",RADIATION ONCOLOGY,AIIMS-Inst. Pref,UR-AIIMS-IP
2,3756,Maharashtra,"AIIMS, Nagpur",FAMILY MEDICINE,AIIMS-All India,OBC
2,3797,Odisha,"AIIMS, Bhubaneswar",NUCLEAR MEDICINE,AIIMS-All India,SC
2,3801,Karnataka,"NIMHANS, Bangalore",PSYCHIATRY,NIMHANS-KAR Domicile,OBC-Karnataka Domicile
2,3814,Chhattisgarh,"AIIMS, Raipur",ANAESTHESIOLOGY,AIIMS-Inst. Pref,UR-AIIMS-IP
2,3838,Bihar,"AIIMS, Patna",EMERGENCY MEDICINE,AIIMS-Inst. Pref,UR-AIIMS-IP
2,3851,Chhattisgarh,"AIIMS, Raipur",NUCLEAR MEDICINE,AIIMS-All India,UR-PwD
2,3885,Madhya Pradesh,"AIIMS, Bhopal",MICROBIOLOGY,AIIMS-All India,UR
2,3911,Rajasthan,"AIIMS, Jodhpur",ANAESTHESIOLOGY,AIIMS-Inst. Pref,UR-AIIMS-IP
2,3926,Uttar Pradesh,"AIIMS, Rai Bareli",MICROBIOLOGY,AIIMS-All India,UR
2,3940,Chhattisgarh,"AIIMS, Raipur",COMMUNITY MEDICINE,AIIMS-All India,UR
2,3943,Rajasthan,"AIIMS, Jodhpur",PSYCHIATRY,AIIMS-All India,SC
2,3980,Delhi,"AIIMS, Delhi",BIOCHEMISTRY,AIIMS-All India,UR
2,3993,Chandigarh,"PGIMER, Chandigarh",GENERAL SURGERY,PGIMER-All India,SC
2,4007,Punjab,"AIIMS, Bathinda",GENERAL MEDICINE,AIIMS-All India,ST
2,4025,Chhattisgarh,"AIIMS, Raipur",PATHOLOGY,AIIMS-All India,OBC
2,4027,Andhra Pradesh,"AIIMS, Mangalagiri",NUCLEAR MEDICINE,AIIMS-All India,SC
2,4033,Pondicherry,"JIPMER, Puducherry",RADIATION ONCOLOGY,JIPMER-All India,SC
2,4067,Rajasthan,"AIIMS, Jodhpur",MICROBIOLOGY,AIIMS-All India,UR
2,4080,Rajasthan,"AIIMS, Jodhpur",PHARMACOLOGY,AIIMS-All India,UR
2,4112,Bihar,"AIIMS, Patna",PMR,AIIMS-All India,OBC
2,4123,Delhi,"AIIMS, Delhi",FORENSIC MEDICINE,AIIMS-All India,OBC
2,4148,Uttar Pradesh,"AIIMS, Rai Bareli",COMMUNITY MEDICINE,AIIMS-All India,UR
2,4153,Pondicherry,"JIPMER, Puducherry",OPHTHALMOLOGY,JIPMER-All India,SC
2,4163,Delhi,"AIIMS, Delhi",ANATOMY,AIIMS-All India,UR
2,4177,Odisha,"AIIMS, Bhubaneswar",RADIO DIAGNOSIS,AIIMS-All India,ST
2,4180,Uttar Pradesh,"AIIMS, Gorakhpur",ORTHOPAEDICS,AIIMS-All India,SC
2,4182,Pondicherry,"JIPMER, Puducherry",OBG,JIPMER-All India,SC
2,4211,Delhi,"AIIMS, Delhi",OPHTHALMOLOGY,AIIMS-All India,SC
2,4213,Bihar,"AIIMS, Patna",TRAUMASURG&CC (6 YRS),AIIMS-Inst. Pref,UR-AIIMS-IP
2,4252,Bihar,"AIIMS, Patna",ANAESTHESIOLOGY,AIIMS-Inst. Pref,UR-AIIMS-IP
2,4280,Rajasthan,"AIIMS, Jodhpur",ANAESTHESIOLOGY,AIIMS-All India,SC
2,4283,Chandigarh,"PGIMER, Chandigarh",OBG,PGIMER-Rural,UR-RA
2,4288,Bihar,"AIIMS, Patna",PHARMACOLOGY,AIIMS-All India,UR
2,4295,Chandigarh,"PGIMER, Chandigarh",MICROBIOLOGY,PGIMER-All India,UR
2,4310,Chandigarh,"PGIMER, Chandigarh",RADIO DIAGNOSIS,PGIMER-Rural,OBC-RA
2,4331,Madhya Pradesh,"AIIMS, Bhopal",ORTHOPAEDICS,AIIMS-All India,ST
2,4337,Rajasthan,"AIIMS, Jodhpur",COMMUNITY MEDICINE,AIIMS-All India,UR
2,4354,Maharashtra,"AIIMS, Nagpur",COMMUNITY MEDICINE,AIIMS-All India,UR
2,4396,Odisha,"AIIMS, Bhubaneswar",ENT,AIIMS-Inst. Pref,UR-AIIMS-IP
2,4419,Odisha,"AIIMS, Bhubaneswar",HOSPITAL ADMINISTRATION,AIIMS-All India,OBC
2,4428,Madhya Pradesh,"AIIMS, Bhopal",PATHOLOGY,AIIMS-All India,OBC
2,4455,Assam,"AIIMS, Guwahati",COMMUNITY & FAMILY MEDICINE,AIIMS-All India,UR
2,4458,Delhi,"AIIMS, Delhi",COMMUNITY MEDICINE,AIIMS-All India,OBC
2,4468,Delhi,"AIIMS, Delhi",ANAESTHESIOLOGY,AIIMS-All India,SC
2,4471,Karnataka,"NIMHANS, Bangalore",PSYCHIATRY,NIMHANS-KAR Domicile,OBC-Karnataka Domicile
2,4477,Maharashtra,"AIIMS, Nagpur",PHARMACOLOGY,AIIMS-All India,UR
2,4498,Delhi,"AIIMS, Delhi",EMERGENCY MEDICINE,AIIMS-All India,SC
2,4521,Rajasthan,"AIIMS, Jodhpur",GENERAL SURGERY,AIIMS-All India,ST
2,4524,Gujarat,"AIIMS, Rajkot",COMMUNITY & FAMILY MEDICINE,AIIMS-All India,UR
2,4528,Delhi,"AIIMS, Delhi",ANATOMY,AIIMS-All India,UR
2,4540,Pondicherry,"JIPMER, Puducherry",ANAESTHESIOLOGY,JIPMER-All India,SC-PwD
2,4553,Madhya Pradesh,"AIIMS, Bhopal",PAEDIATRICS,AIIMS-All India,SC
2,4560,Telangana,"AIIMS, Bibinagar",MICROBIOLOGY,AIIMS-All India,UR
2,4588,Assam,"AIIMS, Guwahati",COMMUNITY & FAMILY MEDICINE,AIIMS-All India,UR
2,4621,Chandigarh,"PGIMER, Chandigarh",BIOCHEMISTRY,PGIMER-All India,UR
2,4629,Delhi,"AIIMS, Delhi",PALLIATIVE MEDICINE,AIIMS-All India,EWS
2,4664,Delhi,"AIIMS, Delhi",LAB MEDICINE,AIIMS-All India,OBC
2,4785,Odisha,"AIIMS, Bhubaneswar",PSYCHIATRY,AIIMS-All India,SC
2,4797,Jammu and Kashmir,"AIIMS, Jammu",COMMUNITY MEDICINE,AIIMS-All India,UR
2,4815,West Bengal,"AIIMS, Kalyani",PHARMACOLOGY,AIIMS-All India,UR
2,4860,Andhra Pradesh,"AIIMS, Mangalagiri",GENERAL SURGERY,AIIMS-All India,SC
2,4884,Andhra Pradesh,"AIIMS, Mangalagiri",OPHTHALMOLOGY,AIIMS-Inst. Pref,UR-AIIMS-IP
2,4906,Andhra Pradesh,"AIIMS, Mangalagiri",RADIO DIAGNOSIS,AIIMS-All India,ST
2,4920,Uttar Pradesh,"AIIMS, Rai Bareli",FORENSIC MEDICINE,AIIMS-All India,UR
2,4921,Rajasthan,"AIIMS, Jodhpur",ANAESTHESIOLOGY,AIIMS-All India,SC
2,4930,Pondicherry,"JIPMER, Puducherry",PHYSIOLOGY,JIPMER-All India,UR
2,4947,Maharashtra,"AIIMS, Nagpur",PATHOLOGY,AIIMS-All India,OBC
2,4958,Rajasthan,"AIIMS, Jodhpur",OBG,AIIMS-All India,SC
2,4981,Maharashtra,"AIIMS, Nagpur",PAEDIATRICS,AIIMS-All India,SC
2,4995,Pondicherry,"JIPMER, Puducherry",PHYSIOLOGY,JIPMER-All India,UR
2,5007,Assam,"AIIMS, Guwahati",PMR,AIIMS-All India,OBC
2,5012,Assam,"AIIMS, Guwahati",COMMUNITY & FAMILY MEDICINE,AIIMS-All India,UR
2,5023,Punjab,"AIIMS, Bathinda",MICROBIOLOGY,AIIMS-All India,UR
2,5045,Pondicherry,"JIPMER, Puducherry",IHBT,JIPMER-All India,EWS
2,5068,Pondicherry,"JIPMER, Puducherry",MICROBIOLOGY,JIPMER-All India,OBC
2,5081,Pondicherry,"JIPMER, Puducherry",BIOCHEMISTRY,JIPMER-All India,OBC-PwD
2,5097,Punjab,"AIIMS, Bathinda",ORTHOPAEDICS,AIIMS-Inst. Pref,UR-AIIMS-IP
2,5125,Uttarakhand,"AIIMS, Rishikesh",PAEDIATRICS,AIIMS-All India,SC
2,5147,Bihar,"AIIMS, Patna",GENERAL MEDICINE,AIIMS-All India,ST
2,5160,Pondicherry,"JIPMER, Puducherry",PATHOLOGY,JIPMER-All India,EWS
2,5171,Gujarat,"AIIMS, Rajkot",RADIO DIAGNOSIS,AIIMS-All India,ST
2,5174,Telangana,"AIIMS, Bibinagar",PMR,AIIMS-All India,OBC
2,5231,Jharkhand,"AIIMS, Deoghar",ORTHOPAEDICS,AIIMS-All India,SC
2,5240,Delhi,"AIIMS, Delhi",HOSPITAL ADMINISTRATION,AIIMS-All India,OBC
2,5242,Delhi,"AIIMS, Delhi",BIOPHYSICS,AIIMS-All India,OBC
2,5243,Chandigarh,"PGIMER, Chandigarh",PAEDIATRICS,PGIMER-All India,ST
2,5260,Madhya Pradesh,"AIIMS, Bhopal",ANATOMY,AIIMS-All India,UR
2,5329,Uttar Pradesh,"AIIMS, Rai Bareli",ORTHOPAEDICS,AIIMS-All India,SC
2,5397,Punjab,"AIIMS, Bathinda",BIOCHEMISTRY,AIIMS-All India,UR
2,5403,Odisha,"AIIMS, Bhubaneswar",EMERGENCY MEDICINE,AIIMS-All India,SC
2,5416,Pondicherry,"JIPMER, Puducherry",ANATOMY,JIPMER-All India,OBC
2,5453,Punjab,"AIIMS, Bathinda",PAEDIATRICS,AIIMS-All India,SC
2,5462,Jharkhand,"AIIMS, Deoghar",FORENSIC MEDICINE,AIIMS-All India,UR
2,5487,Bihar,"AIIMS, Patna",PHYSIOLOGY,AIIMS-All India,UR
2,5500,Rajasthan,"AIIMS, Jodhpur",BIOCHEMISTRY,AIIMS-All India,UR
2,5516,Uttarakhand,"AIIMS, Rishikesh",ANAESTHESIOLOGY,AIIMS-All India,SC
2,5527,Delhi,"AIIMS, Delhi",IHBT,AIIMS-All India,EWS
2,5571,Bihar,"AIIMS, Patna",ANAESTHESIOLOGY,AIIMS-Inst. Pref,UR-AIIMS-IP
2,5572,Chhattisgarh,"AIIMS, Raipur",PMR,AIIMS-All India,EWS
2,5573,Delhi,"AIIMS, Delhi",PAEDIATRIC SURGERY 6 YRS,AIIMS-Inst. Pref,UR-AIIMS-IP
2,5574,Assam,"AIIMS, Guwahati",PATHOLOGY,AIIMS-All India,OBC
2,5583,Chandigarh,"PGIMER, Chandigarh",HOSPITAL ADMINISTRATION,PGIMER-All India,OBC
2,5586,Delhi,"AIIMS, Delhi",PSYCHIATRY,AIIMS-All India,UR-PwD
2,5630,Assam,"AIIMS, Guwahati",PHARMACOLOGY,AIIMS-All India,UR
2,5662,Andhra Pradesh,"AIIMS, Mangalagiri",HOSPITAL ADMINISTRATION,AIIMS-All India,OBC
2,5672,Uttarakhand,"AIIMS, Rishikesh",PAEDIATRICS,AIIMS-All India,ST
2,5673,Assam,"AIIMS, Guwahati",BIOCHEMISTRY,AIIMS-All India,UR
2,5755,Chhattisgarh,"AIIMS, Raipur",BIOCHEMISTRY,AIIMS-All India,UR
2,5804,Andhra Pradesh,"AIIMS, Mangalagiri",RADIATION ONCOLOGY,AIIMS-Inst. Pref,UR-AIIMS-IP
2,5816,Madhya Pradesh,"AIIMS, Bhopal",ANAESTHESIOLOGY,AIIMS-All India,SC
2,5823,Delhi,"AIIMS, Delhi",COMMUNITY MEDICINE,AIIMS-All India,EWS
2,5839,Delhi,"AIIMS, Delhi",PHARMACOLOGY,AIIMS-All India,OBC
2,5907,Chhattisgarh,"AIIMS, Raipur",ANAESTHESIOLOGY,AIIMS-All India,SC
2,5960,Punjab,"AIIMS, Bathinda",PAEDIATRICS,AIIMS-All India,SC
2,5965,Pondicherry,"JIPMER, Puducherry",FORENSIC MEDICINE,JIMPER-Inst. Pref,INST (JIPMER)
2,5980,Assam,"AIIMS, Guwahati",ANATOMY,AIIMS-All India,UR
2,5988,Odisha,"AIIMS, Bhubaneswar",FORENSIC MEDICINE,AIIMS-Inst. Pref,UR-AIIMS-IP
2,5997,Madhya Pradesh,"AIIMS, Bhopal",BIOCHEMISTRY,AIIMS-All India,OBC
2,5998,Gujarat,"AIIMS, Rajkot",PHYSIOLOGY,AIIMS-All India,UR
2,6039,Jammu and Kashmir,"AIIMS, Jammu",ORTHOPAEDICS,AIIMS-All India,SC
2,6041,Assam,"AIIMS, Guwahati",PHYSIOLOGY,AIIMS-All India,UR
2,6073,Andhra Pradesh,"AIIMS, Mangalagiri",ORTHOPAEDICS,AIIMS-All India,SC
2,6075,Andhra Pradesh,"AIIMS, Mangalagiri",FORENSIC MEDICINE,AIIMS-All India,OBC
2,6077,Uttarakhand,"AIIMS, Rishikesh",IHBT,AIIMS-All India,OBC
2,6078,Maharashtra,"AIIMS, Nagpur",ORTHOPAEDICS,AIIMS-Inst. Pref,UR-AIIMS-IP
2,6080,Uttar Pradesh,"AIIMS, Rai Bareli",PATHOLOGY,AIIMS-All India,OBC
2,6084,Jharkhand,"AIIMS, Deoghar",BIOCHEMISTRY,AIIMS-All India,UR
2,6097,Andhra Pradesh,"AIIMS, Mangalagiri",BIOCHEMISTRY,AIIMS-All India,UR
2,6112,Bihar,"AIIMS, Patna",ANATOMY,AIIMS-All India,UR
2,6135,Andhra Pradesh,"AIIMS, Mangalagiri",GENERAL SURGERY,AIIMS-Inst. Pref,UR-AIIMS-IP
2,6148,Andhra Pradesh,"AIIMS, Mangalagiri",COMMUNITY MEDICINE,AIIMS-All India,OBC
2,6180,Punjab,"AIIMS, Bathinda",FORENSIC MEDICINE,AIIMS-All India,OBC
2,6201,Assam,"AIIMS, Guwahati",PHYSIOLOGY,AIIMS-All India,UR
2,6297,Delhi,"AIIMS, Delhi",ENT,AIIMS-Inst. Pref,UR-AIIMS-IP
2,6298,Assam,"AIIMS, Guwahati",PATHOLOGY,AIIMS-All India,EWS
2,6375,Madhya Pradesh,"AIIMS, Bhopal",FORENSIC MEDICINE,AIIMS-All India,OBC
2,6390,Gujarat,"AIIMS, Rajkot",PATHOLOGY,AIIMS-All India,EWS
2,6398,Chhattisgarh,"AIIMS, Raipur",IHBT,AIIMS-All India,OBC
2,6425,Pondicherry,"JIPMER, Puducherry",PAEDIATRICS,JIPMER-All India,ST
2,6427,Odisha,"AIIMS, Bhubaneswar",ANATOMY,AIIMS-All India,UR
2,6506,Uttarakhand,"AIIMS, Rishikesh",ANAESTHESIOLOGY,AIIMS-All India,SC
2,6579,Uttar Pradesh,"AIIMS, Gorakhpur",PATHOLOGY,AIIMS-All India,OBC
2,6588,Himachal Pradesh,"AIIMS, Bilaspur, Himachal",PAEDIATRICS,AIIMS-All India,ST
2,6599,Rajasthan,"AIIMS, Jodhpur",PATHOLOGY,AIIMS-All India,EWS
2,6611,Andhra Pradesh,"AIIMS, Mangalagiri",ANATOMY,AIIMS-All India,UR
2,6617,Madhya Pradesh,"AIIMS, Bhopal",COMMUNITY MEDICINE,AIIMS-All India,OBC
2,6648,Himachal Pradesh,"AIIMS, Bilaspur, Himachal",PATHOLOGY,AIIMS-All India,OBC
2,6653,Assam,"AIIMS, Guwahati",ANATOMY,AIIMS-All India,UR
2,6784,West Bengal,"AIIMS, Kalyani",ANATOMY,AIIMS-All India,UR
2,6788,Odisha,"AIIMS, Bhubaneswar",COMMUNITY MEDICINE,AIIMS-All India,OBC
2,6798,Gujarat,"AIIMS, Rajkot",ANATOMY,AIIMS-All India,UR
2,6808,Delhi,"AIIMS, Delhi",OBG,AIIMS-All India,ST
2,6938,Assam,"AIIMS, Guwahati",PATHOLOGY,AIIMS-All India,OBC
2,6940,Uttar Pradesh,"AIIMS, Gorakhpur",GENERAL MEDICINE,AIIMS-All India,ST
2,6975,Chhattisgarh,"AIIMS, Raipur",FORENSIC MEDICINE,AIIMS-All India,OBC
2,6977,Punjab,"AIIMS, Bathinda",IHBT,AIIMS-All India,OBC
2,6982,Odisha,"AIIMS, Bhubaneswar",IHBT,AIIMS-All India,OBC
2,7004,Uttarakhand,"AIIMS, Rishikesh",PSYCHIATRY,AIIMS-All India,SC
2,7035,Himachal Pradesh,"AIIMS, Bilaspur, Himachal",ANAESTHESIOLOGY,AIIMS-All India,SC
2,7080,Telangana,"AIIMS, Bibinagar",GENERAL SURGERY,AIIMS-All India,SC
2,7177,Rajasthan,"AIIMS, Jodhpur",COMMUNITY MEDICINE,AIIMS-All India,OBC
2,7179,Delhi,"AIIMS, Delhi",PHYSIOLOGY,AIIMS-All India,OBC
2,7196,Maharashtra,"AIIMS, Nagpur",PAEDIATRIC SURGERY 6 YRS,AIIMS-Inst. Pref,UR-AIIMS-IP
2,7218,Pondicherry,"JIPMER, Puducherry",ANATOMY,JIPMER-All India,OBC
2,7219,Himachal Pradesh,"AIIMS, Bilaspur, Himachal",IHBT,AIIMS-All India,OBC
2,7269,Uttarakhand,"AIIMS, Rishikesh",ANATOMY,AIIMS-All India,OBC
2,7283,Rajasthan,"AIIMS, Jodhpur",ENT,AIIMS-Inst. Pref,UR-AIIMS-IP
2,7291,Odisha,"AIIMS, Bhubaneswar",EMERGENCY MEDICINE,AIIMS-All India,SC
2,7320,Madhya Pradesh,"AIIMS, Bhopal",PSYCHIATRY,AIIMS-All India,SC
2,7346,Maharashtra,"AIIMS, Nagpur",ANAESTHESIOLOGY,AIIMS-Inst. Pref,UR-AIIMS-IP
2,7370,Madhya Pradesh,"AIIMS, Bhopal",PHARMACOLOGY,AIIMS-All India,OBC
2,7373,Odisha,"AIIMS, Bhubaneswar",FORENSIC MEDICINE,AIIMS-All India,OBC
2,7390,Jharkhand,"AIIMS, Deoghar",PHARMACOLOGY,AIIMS-All India,OBC
2,7421,Delhi,"AIIMS, Delhi",BIOPHYSICS,AIIMS-Inst. Pref,UR-AIIMS-IP
2,7464,Bihar,"AIIMS, Patna",FORENSIC MEDICINE,AIIMS-All India,OBC
2,7515,Odisha,"AIIMS, Bhubaneswar",ANAESTHESIOLOGY,AIIMS-Inst. Pref,UR-AIIMS-IP
2,7528,Maharashtra,"AIIMS, Nagpur",EMERGENCY MEDICINE,AIIMS-All India,SC
2,7553,Pondicherry,"JIPMER, Puducherry",COMMUNITY MEDICINE,JIMPER-Inst. Pref,INST (JIPMER)
2,7570,West Bengal,"AIIMS, Kalyani",FORENSIC MEDICINE,AIIMS-All India,OBC
2,7584,Gujarat,"AIIMS, Rajkot",OBG,AIIMS-All India,SC
2,7685,Pondicherry,"JIPMER, Puducherry",OBG,JIPMER-All India,ST
2,7698,Uttar Pradesh,"AIIMS, Rai Bareli",OPHTHALMOLOGY,AIIMS-Inst. Pref,UR-AIIMS-IP
2,7730,Rajasthan,"AIIMS, Jodhpur",COMMUNITY MEDICINE,AIIMS-All India,OBC
2,7741,Jharkhand,"AIIMS, Deoghar",MICROBIOLOGY,AIIMS-All India,OBC
2,7760,Delhi,"AIIMS, Delhi",ANAESTHESIOLOGY,AIIMS-Inst. Pref,UR-AIIMS-IP
2,7862,Odisha,"AIIMS, Bhubaneswar",COMMUNITY MEDICINE,AIIMS-All India,OBC
2,8004,Uttar Pradesh,"AIIMS, Gorakhpur",OBG,AIIMS-All India,SC
2,8021,Bihar,"AIIMS, Patna",GENERAL SURGERY,AIIMS-All India,SC
2,8078,Odisha,"AIIMS, Bhubaneswar",ANAESTHESIOLOGY,AIIMS-Inst. Pref,UR-AIIMS-IP
2,8118,Gujarat,"AIIMS, Rajkot",FORENSIC MEDICINE,AIIMS-All India,OBC
2,8197,Chhattisgarh,"AIIMS, Raipur",COMMUNITY MEDICINE,AIIMS-All India,OBC
2,8281,Chandigarh,"PGIMER, Chandigarh",MICROBIOLOGY,PGIMER-All India,OBC
2,8286,Bihar,"AIIMS, Patna",COMMUNITY & FAMILY MEDICINE,AIIMS-All India,OBC
2,8405,Uttar Pradesh,"AIIMS, Gorakhpur",GENERAL SURGERY,AIIMS-All India,SC
2,8429,Jammu and Kashmir,"AIIMS, Jammu",OBG,AIIMS-All India,SC
2,8434,Delhi,"AIIMS, Delhi",ANAESTHESIOLOGY,AIIMS-Inst. Pref,UR-AIIMS-IP
2,8451,Gujarat,"AIIMS, Rajkot",ANAESTHESIOLOGY,AIIMS-Inst. Pref,UR-AIIMS-IP
2,8462,Jharkhand,"AIIMS, Deoghar",OBG,AIIMS-All India,SC
2,8472,Rajasthan,"AIIMS, Jodhpur",OBG,AIIMS-All India,ST
2,8481,Jammu and Kashmir,"AIIMS, Jammu",OPHTHALMOLOGY,AIIMS-All India,SC
2,8515,Punjab,"AIIMS, Bathinda",ENT,AIIMS-Inst. Pref,UR-AIIMS-IP
2,8531,Odisha,"AIIMS, Bhubaneswar",OPHTHALMOLOGY,AIIMS-All India,SC
2,8563,Himachal Pradesh,"AIIMS, Bilaspur, Himachal",TRAUMATOLOGY AND SURGERY,AIIMS-All India,SC
2,8585,Delhi,"AIIMS, Delhi",PHYSIOLOGY,AIIMS-All India,OBC
2,8601,Madhya Pradesh,"AIIMS, Bhopal",ENT,AIIMS-All India,SC
2,8665,Gujarat,"AIIMS, Rajkot",COMMUNITY & FAMILY MEDICINE,AIIMS-All India,OBC
2,8675,Punjab,"AIIMS, Bathinda",COMMUNITY & FAMILY MEDICINE,AIIMS-All India,EWS
2,8768,Rajasthan,"AIIMS, Jodhpur",MICROBIOLOGY,AIIMS-All India,OBC
2,8777,Assam,"AIIMS, Guwahati",GENERAL SURGERY,AIIMS-All India,SC
2,8817,Maharashtra,"AIIMS, Nagpur",EMERGENCY MEDICINE,AIIMS-Inst. Pref,UR-AIIMS-IP
2,8831,Andhra Pradesh,"AIIMS, Mangalagiri",ANAESTHESIOLOGY,AIIMS-Inst. Pref,UR-AIIMS-IP
2,8832,Bihar,"AIIMS, Patna",OBG,AIIMS-All India,ST
2,8840,Chhattisgarh,"AIIMS, Raipur",PSYCHIATRY,AIIMS-All India,ST
2,8844,Bihar,"AIIMS, Patna",PATHOLOGY,AIIMS-All India,EWS
2,8846,Rajasthan,"AIIMS, Jodhpur",COMMUNITY MEDICINE,AIIMS-All India,EWS
2,8862,Pondicherry,"JIPMER, Puducherry",COMMUNITY MEDICINE,JIPMER-All India,SC
2,8901,Delhi,"AIIMS, Delhi",PATHOLOGY,AIIMS-All India,SC
2,8923,Bihar,"AIIMS, Patna",ANAESTHESIOLOGY,AIIMS-All India,SC
2,8931,Jharkhand,"AIIMS, Deoghar",GENERAL SURGERY,AIIMS-All India,SC
2,8938,Pondicherry,"JIPMER, Puducherry",PATHOLOGY,JIMPER-Inst. Pref,INST (JIPMER)
2,8941,Himachal Pradesh,"AIIMS, Bilaspur, Himachal",PSYCHIATRY,AIIMS-All India,SC
2,8947,Chandigarh,"PGIMER, Chandigarh",MICROBIOLOGY,PGIMER-All India,OBC
2,9011,Chhattisgarh,"AIIMS, Raipur",GENERAL SURGERY,AIIMS-All India,ST
2,9040,Maharashtra,"AIIMS, Nagpur",OBG,AIIMS-All India,ST
2,9058,Punjab,"AIIMS, Bathinda",COMMUNITY & FAMILY MEDICINE,AIIMS-All India,OBC
2,9061,Bihar,"AIIMS, Patna",PMR,AIIMS-Inst. Pref,UR-AIIMS-IP
2,9063,Uttarakhand,"AIIMS, Rishikesh",MICROBIOLOGY,AIIMS-All India,OBC
2,9098,Andhra Pradesh,"AIIMS, Mangalagiri",MICROBIOLOGY,AIIMS-All India,OBC
2,9134,Delhi,"AIIMS, Delhi",GERIATRICS,AIIMS-All India,SC
2,9145,Chhattisgarh,"AIIMS, Raipur",MICROBIOLOGY,AIIMS-All India,OBC
2,9148,Delhi,"AIIMS, Delhi",ANATOMY,AIIMS-All India,OBC
2,9156,Andhra Pradesh,"AIIMS, Mangalagiri",ANATOMY,AIIMS-All India,OBC
2,9166,Jammu and Kashmir,"AIIMS, Jammu",NEUROSURGERY 6 YRS,AIIMS-Inst. Pref,UR-AIIMS-IP
2,9215,Chandigarh,"PGIMER, Chandigarh",OPHTHALMOLOGY,PGIMER-All India,ST
2,9220,Jharkhand,"AIIMS, Deoghar",COMMUNITY & FAMILY MEDICINE,AIIMS-All India,OBC
2,9287,Andhra Pradesh,"AIIMS, Mangalagiri",ENT,AIIMS-Inst. Pref,UR-AIIMS-IP
2,9356,Rajasthan,"AIIMS, Jodhpur",PSYCHIATRY,AIIMS-Inst. Pref,UR-AIIMS-IP
2,9401,Himachal Pradesh,"AIIMS, Bilaspur, Himachal",IHBT,AIIMS-All India,EWS
2,9469,Gujarat,"AIIMS, Rajkot",ANATOMY,AIIMS-All India,EWS
2,9470,Maharashtra,"AIIMS, Nagpur",PAEDIATRICS,AIIMS-All India,ST
2,9476,Rajasthan,"AIIMS, Jodhpur",PSYCHIATRY,AIIMS-Inst. Pref,UR-AIIMS-IP
2,9482,Bihar,"AIIMS, Patna",PAEDIATRICS,AIIMS-All India,ST
2,9513,Bihar,"AIIMS, Patna",ENT,AIIMS-All India,SC
2,9522,Jammu and Kashmir,"AIIMS, Jammu",FORENSIC MEDICINE,AIIMS-All India,OBC
2,9572,Andhra Pradesh,"AIIMS, Mangalagiri",PAEDIATRICS,AIIMS-All India,ST
2,9580,Rajasthan,"AIIMS, Jodhpur",BIOCHEMISTRY,AIIMS-All India,OBC
2,9604,Madhya Pradesh,"AIIMS, Bhopal",PHYSIOLOGY,AIIMS-All India,OBC
2,9740,Maharashtra,"AIIMS, Nagpur",ORTHOPAEDICS,AIIMS-All India,ST
2,9842,Assam,"AIIMS, Guwahati",COMMUNITY & FAMILY MEDICINE,AIIMS-All India,OBC
2,9860,Chhattisgarh,"AIIMS, Raipur",EMERGENCY MEDICINE,AIIMS-All India,SC
2,9863,Bihar,"AIIMS, Patna",EMERGENCY MEDICINE,AIIMS-All India,SC
2,9867,Chhattisgarh,"AIIMS, Raipur",ENT,AIIMS-All India,SC
2,9868,Delhi,"AIIMS, Delhi",ANAESTHESIOLOGY,AIIMS-All India,ST
2,9914,Assam,"AIIMS, Guwahati",ANATOMY,AIIMS-All India,OBC
2,9950,Pondicherry,"JIPMER, Puducherry",COMMUNITY MEDICINE,JIMPER-Inst. Pref,INST (JIPMER)
2,9993,Rajasthan,"AIIMS, Jodhpur",PHYSIOLOGY,AIIMS-All India,OBC
2,10025,Rajasthan,"AIIMS, Jodhpur",OPHTHALMOLOGY,AIIMS-All India,ST
2,10032,Punjab,"AIIMS, Bathinda",PAEDIATRIC SURGERY 6 YRS,AIIMS-Inst. Pref,UR-AIIMS-IP
2,10036,Madhya Pradesh,"AIIMS, Bhopal",GENERAL SURGERY,AIIMS-All India,ST
2,10049,Maharashtra,"AIIMS, Nagpur",GENERAL SURGERY,AIIMS-All India,ST
2,10063,Punjab,"AIIMS, Bathinda",BIOCHEMISTRY,AIIMS-All India,OBC
2,10075,Pondicherry,"JIPMER, Puducherry",MICROBIOLOGY,JIMPER-Inst. Pref,INST (JIPMER)
2,10144,Assam,"AIIMS, Guwahati",ANAESTHESIOLOGY,AIIMS-All India,SC
2,10204,West Bengal,"AIIMS, Kalyani",OPHTHALMOLOGY,AIIMS-All India,SC
2,10223,Assam,"AIIMS, Guwahati",OPHTHALMOLOGY,AIIMS-All India,SC
2,10306,Telangana,"AIIMS, Bibinagar",FORENSIC MEDICINE,AIIMS-All India,EWS
2,10399,Jharkhand,"AIIMS, Deoghar",PHYSIOLOGY,AIIMS-All India,OBC
2,10401,Uttarakhand,"AIIMS, Rishikesh",PHYSIOLOGY,AIIMS-All India,OBC
2,10406,Bihar,"AIIMS, Patna",ANATOMY,AIIMS-All India,OBC
2,10437,Punjab,"AIIMS, Bathinda",ENT,AIIMS-All India,SC
2,10464,Uttarakhand,"AIIMS, Rishikesh",BIOCHEMISTRY,AIIMS-All India,OBC
2,10509,Punjab,"AIIMS, Bathinda",PAEDIATRICS,AIIMS-All India,ST
2,10535,Uttar Pradesh,"AIIMS, Gorakhpur",COMMUNITY & FAMILY MEDICINE,AIIMS-Inst. Pref,UR-AIIMS-IP
2,10557,Telangana,"AIIMS, Bibinagar",PHYSIOLOGY,AIIMS-All India,OBC
2,10592,Uttarakhand,"AIIMS, Rishikesh",GERIATRICS,AIIMS-Inst. Pref,UR-AIIMS-IP
2,10594,Jharkhand,"AIIMS, Deoghar",ANAESTHESIOLOGY,AIIMS-All India,SC
2,10598,Rajasthan,"AIIMS, Jodhpur",ANAESTHESIOLOGY,AIIMS-All India,ST
2,10659,Maharashtra,"AIIMS, Nagpur",ANATOMY,AIIMS-All India,OBC
2,10669,Chhattisgarh,"AIIMS, Raipur",ANATOMY,AIIMS-All India,OBC
2,10736,Punjab,"AIIMS, Bathinda",OBG,AIIMS-All India,ST
2,10739,Punjab,"AIIMS, Bathinda",ANAESTHESIOLOGY,AIIMS-All India,SC
2,10828,Chandigarh,"PGIMER, Chandigarh",ANAESTHESIOLOGY,PGIMER-All India,ST
2,10856,Maharashtra,"AIIMS, Nagpur",COMMUNITY MEDICINE,AIIMS-All India,EWS
2,10862,Bihar,"AIIMS, Patna",BIOCHEMISTRY,AIIMS-All India,OBC
2,10871,West Bengal,"AIIMS, Kalyani",ANATOMY,AIIMS-All India,OBC
2,10930,Himachal Pradesh,"AIIMS, Bilaspur, Himachal",ENT,AIIMS-All India,SC
2,10992,Assam,"AIIMS, Guwahati",PHYSIOLOGY,AIIMS-All India,OBC
2,11020,Andhra Pradesh,"AIIMS, Mangalagiri",EMERGENCY MEDICINE,AIIMS-Inst. Pref,UR-AIIMS-IP
2,11108,Delhi,"AIIMS, Delhi",ENT,AIIMS-Inst. Pref,UR-AIIMS-IP
2,11213,Maharashtra,"AIIMS, Nagpur",BIOCHEMISTRY,AIIMS-All India,OBC
2,11231,Delhi,"AIIMS, Delhi",PALLIATIVE MEDICINE,AIIMS-All India,SC
2,11234,Delhi,"AIIMS, Delhi",ENT,AIIMS-Inst. Pref,UR-AIIMS-IP
2,11238,Pondicherry,"JIPMER, Puducherry",PSYCHIATRY,JIPMER-All India,ST
2,11259,Uttarakhand,"AIIMS, Rishikesh",ANAESTHESIOLOGY,AIIMS-All India,ST
2,11367,Uttarakhand,"AIIMS, Rishikesh",PAEDIATRIC SURGERY 6 YRS,AIIMS-Inst. Pref,UR-AIIMS-IP
2,11415,Uttar Pradesh,"AIIMS, Rai Bareli",BIOCHEMISTRY,AIIMS-All India,OBC
2,11438,Gujarat,"AIIMS, Rajkot",ANATOMY,AIIMS-All India,OBC
2,11450,Madhya Pradesh,"AIIMS, Bhopal",ENT,AIIMS-All India,ST
2,11455,Jharkhand,"AIIMS, Deoghar",PSYCHIATRY,AIIMS-Inst. Pref,UR-AIIMS-IP
2,11469,Assam,"AIIMS, Guwahati",BIOCHEMISTRY,AIIMS-All India,OBC
2,11510,Bihar,"AIIMS, Patna",ANAESTHESIOLOGY,AIIMS-All India,ST
2,11563,Odisha,"AIIMS, Bhubaneswar",MICROBIOLOGY,AIIMS-All India,EWS
2,11644,Bihar,"AIIMS, Patna",FORENSIC MEDICINE,AIIMS-Inst. Pref,UR-AIIMS-IP
2,11674,Delhi,"AIIMS, Delhi",EMERGENCY MEDICINE,AIIMS-All India,ST
2,11793,Jharkhand,"AIIMS, Deoghar",ANATOMY,AIIMS-All India,OBC
2,12021,Maharashtra,"AIIMS, Nagpur",HOSPITAL ADMINISTRATION,AIIMS-Inst. Pref,UR-AIIMS-IP
2,12100,Pondicherry,"JIPMER, Puducherry",ANATOMY,JIPMER-All India,EWS
2,12200,Punjab,"AIIMS, Bathinda",GENERAL SURGERY,AIIMS-All India,ST
2,12282,Andhra Pradesh,"AIIMS, Mangalagiri",PATHOLOGY,AIIMS-All India,EWS
2,12323,Assam,"AIIMS, Guwahati",ANATOMY,AIIMS-All India,OBC
2,12396,West Bengal,"AIIMS, Kalyani",ANATOMY,AIIMS-All India,OBC
2,12466,Uttarakhand,"AIIMS, Rishikesh",PMR,AIIMS-All India,SC
2,12513,Andhra Pradesh,"AIIMS, Mangalagiri",PMR,AIIMS-All India,SC
2,12528,Chandigarh,"PGIMER, Chandigarh",IHBT,PGIMER-All India,SC
2,12593,Uttar Pradesh,"AIIMS, Gorakhpur",FORENSIC MEDICINE,AIIMS-Inst. Pref,UR-AIIMS-IP
2,12610,Rajasthan,"AIIMS, Jodhpur",PHARMACOLOGY,AIIMS-All India,EWS
2,12654,Delhi,"AIIMS, Delhi",GERIATRICS,AIIMS-Inst. Pref,UR-AIIMS-IP
2,12751,Gujarat,"AIIMS, Rajkot",ORTHOPAEDICS,AIIMS-All India,ST
2,12929,Jharkhand,"AIIMS, Deoghar",GENERAL SURGERY,AIIMS-All India,ST
2,12947,Delhi,"AIIMS, Delhi",HOSPITAL ADMINISTRATION,AIIMS-All India,SC
2,13063,Uttarakhand,"AIIMS, Rishikesh",RADIATION ONCOLOGY,AIIMS-All India,ST
2,13249,Jharkhand,"AIIMS, Deoghar",PATHOLOGY,AIIMS-All India,EWS
2,13260,Jammu and Kashmir,"AIIMS, Jammu",RADIATION ONCOLOGY,AIIMS-All India,ST
2,13387,Odisha,"AIIMS, Bhubaneswar",OPHTHALMOLOGY,AIIMS-All India,ST
2,13446,Delhi,"AIIMS, Delhi",BIOPHYSICS,AIIMS-Inst. Pref,UR-AIIMS-IP
2,13509,Uttarakhand,"AIIMS, Rishikesh",EMERGENCY MEDICINE,AIIMS-Inst. Pref,UR-AIIMS-IP
2,13548,Gujarat,"AIIMS, Rajkot",FAMILY MEDICINE,AIIMS-All India,SC
2,13662,Madhya Pradesh,"AIIMS, Bhopal",MICROBIOLOGY,AIIMS-All India,EWS
2,13694,Andhra Pradesh,"AIIMS, Mangalagiri",ANAESTHESIOLOGY,AIIMS-Inst. Pref,UR-AIIMS-IP
2,13821,Odisha,"AIIMS, Bhubaneswar",PATHOLOGY,AIIMS-Inst. Pref,UR-AIIMS-IP
2,13874,Pondicherry,"JIPMER, Puducherry",BIOCHEMISTRY,JIMPER-Inst. Pref,INST (JIPMER)
2,13881,Assam,"AIIMS, Guwahati",FORENSIC MEDICINE,AIIMS-All India,EWS
2,13919,Rajasthan,"AIIMS, Jodhpur",ANAESTHESIOLOGY,AIIMS-Inst. Pref,UR-AIIMS-IP
2,14066,Rajasthan,"AIIMS, Jodhpur",PATHOLOGY,AIIMS-All India,SC
2,14070,Jammu and Kashmir,"AIIMS, Jammu",FAMILY MEDICINE,AIIMS-All India,SC
2,14087,Delhi,"AIIMS, Delhi",PHYSIOLOGY,AIIMS-All India,EWS
2,14176,Jharkhand,"AIIMS, Deoghar",PAEDIATRIC SURGERY 6 YRS,AIIMS-Inst. Pref,UR-AIIMS-IP
2,14177,Chandigarh,"PGIMER, Chandigarh",HOSPITAL ADMINISTRATION,PGIMER-All India,SC
2,14197,Delhi,"AIIMS, Delhi",BIOPHYSICS,AIIMS-Inst. Pref,UR-AIIMS-IP
2,14367,Pondicherry,"JIPMER, Puducherry",ANATOMY,JIMPER-Inst. Pref,INST (JIPMER)
2,14455,Rajasthan,"AIIMS, Jodhpur",COMMUNITY MEDICINE,AIIMS-All India,SC
2,14547,Delhi,"AIIMS, Delhi",LAB MEDICINE,AIIMS-All India,SC
2,14569,Rajasthan,"AIIMS, Jodhpur",COMMUNITY MEDICINE,AIIMS-All India,SC
2,14726,Delhi,"AIIMS, Delhi",PHYSIOLOGY,AIIMS-All India,SC
2,14823,Uttar Pradesh,"AIIMS, Gorakhpur",RADIATION ONCOLOGY,AIIMS-All India,ST
2,14869,Jharkhand,"AIIMS, Deoghar",ENT,AIIMS-All India,ST
2,14921,West Bengal,"AIIMS, Kalyani",FORENSIC MEDICINE,AIIMS-All India,EWS
2,15038,Punjab,"AIIMS, Bathinda",ANAESTHESIOLOGY,AIIMS-All India,ST
2,15170,Punjab,"AIIMS, Bathinda",CARDIO THORACIC AND VASCULAR SURGERY 6 YRS,AIIMS-Inst. Pref,UR-AIIMS-IP
2,15196,Andhra Pradesh,"AIIMS, Mangalagiri",PMR,AIIMS-Inst. Pref,UR-AIIMS-IP
2,15338,Chhattisgarh,"AIIMS, Raipur",FAMILY MEDICINE,AIIMS-Inst. Pref,UR-AIIMS-IP
2,15387,Assam,"AIIMS, Guwahati",PATHOLOGY,AIIMS-All India,SC
2,15424,Jharkhand,"AIIMS, Deoghar",ANAESTHESIOLOGY,AIIMS-Inst. Pref,UR-AIIMS-IP
2,15485,Odisha,"AIIMS, Bhubaneswar",BIOCHEMISTRY,AIIMS-All India,EWS
2,15491,Madhya Pradesh,"AIIMS, Bhopal",PATHOLOGY,AIIMS-All India,SC
2,15611,Chandigarh,"PGIMER, Chandigarh",RADIO DIAGNOSIS,PGIMER-All India,OBC-PwD
2,15793,Pondicherry,"JIPMER, Puducherry",PATHOLOGY,JIPMER-All India,SC
2,15827,Delhi,"AIIMS, Delhi",BIOPHYSICS,AIIMS-All India,SC
2,15914,Pondicherry,"JIPMER, Puducherry",IHBT,JIPMER-All India,SC
2,15916,Bihar,"AIIMS, Patna",COMMUNITY & FAMILY MEDICINE,AIIMS-All India,SC
2,15973,Delhi,"AIIMS, Delhi",PMR,AIIMS-Inst. Pref,UR-AIIMS-IP
2,16047,Chhattisgarh,"AIIMS, Raipur",PHYSIOLOGY,AIIMS-Inst. Pref,UR-AIIMS-IP
2,16097,Odisha,"AIIMS, Bhubaneswar",PHYSIOLOGY,AIIMS-Inst. Pref,UR-AIIMS-IP
2,16187,Himachal Pradesh,"AIIMS, Bilaspur, Himachal",COMMUNITY & FAMILY MEDICINE,AIIMS-All India,SC
2,16309,Chhattisgarh,"AIIMS, Raipur",BIOCHEMISTRY,AIIMS-All India,EWS
2,16324,Jharkhand,"AIIMS, Deoghar",ANAESTHESIOLOGY,AIIMS-All India,ST
2,16386,Maharashtra,"AIIMS, Nagpur",IHBT,AIIMS-Inst. Pref,UR-AIIMS-IP
2,16411,Uttarakhand,"AIIMS, Rishikesh",IHBT,AIIMS-All India,ST
2,16448,Himachal Pradesh,"AIIMS, Bilaspur, Himachal",GENERAL SURGERY,AIIMS-Inst. Pref,UR-AIIMS-IP
2,16463,Jammu and Kashmir,"AIIMS, Jammu",ANAESTHESIOLOGY,AIIMS-All India,ST
2,16495,Odisha,"AIIMS, Bhubaneswar",PMR,AIIMS-All India,SC
2,16639,Punjab,"AIIMS, Bathinda",EMERGENCY MEDICINE,AIIMS-Inst. Pref,UR-AIIMS-IP
2,16715,Rajasthan,"AIIMS, Jodhpur",ANAESTHESIOLOGY,AIIMS-Inst. Pref,UR-AIIMS-IP
2,16717,Uttar Pradesh,"AIIMS, Rai Bareli",ANAESTHESIOLOGY,AIIMS-Inst. Pref,UR-AIIMS-IP
2,16721,Telangana,"AIIMS, Bibinagar",HOSPITAL ADMINISTRATION,AIIMS-Inst. Pref,UR-AIIMS-IP
2,16883,Punjab,"AIIMS, Bathinda",CARDIO THORACIC AND VASCULAR SURGERY 6 YRS,AIIMS-Inst. Pref,UR-AIIMS-IP
2,16903,Madhya Pradesh,"AIIMS, Bhopal",PATHOLOGY,AIIMS-Inst. Pref,UR-AIIMS-IP
2,16962,Madhya Pradesh,"AIIMS, Bhopal",FORENSIC MEDICINE,AIIMS-All India,SC
2,17106,Pondicherry,"JIPMER, Puducherry",COMMUNITY MEDICINE,JIPMER-All India,SC
2,17142,Assam,"AIIMS, Guwahati",ANATOMY,AIIMS-All India,EWS
2,17283,Chhattisgarh,"AIIMS, Raipur",IHBT,AIIMS-All India,SC
2,17342,Jharkhand,"AIIMS, Deoghar",PMR,AIIMS-All India,SC
2,17375,Uttar Pradesh,"AIIMS, Rai Bareli",PAEDIATRIC SURGERY 6 YRS,AIIMS-Inst. Pref,UR-AIIMS-IP
2,17528,Andhra Pradesh,"AIIMS, Mangalagiri",FAMILY MEDICINE,AIIMS-Inst. Pref,UR-AIIMS-IP
2,17656,Uttarakhand,"AIIMS, Rishikesh",EMERGENCY MEDICINE,AIIMS-Inst. Pref,UR-AIIMS-IP
2,17858,Assam,"AIIMS, Guwahati",FORENSIC MEDICINE,AIIMS-All India,SC
2,17958,Odisha,"AIIMS, Bhubaneswar",IHBT,AIIMS-Inst. Pref,UR-AIIMS-IP
2,17996,Odisha,"AIIMS, Bhubaneswar",PATHOLOGY,AIIMS-All India,ST
2,18074,Chhattisgarh,"AIIMS, Raipur",PHARMACOLOGY,AIIMS-Inst. Pref,UR-AIIMS-IP
2,18090,Uttarakhand,"AIIMS, Rishikesh",PHYSIOLOGY,AIIMS-All India,EWS
2,18226,Assam,"AIIMS, Guwahati",PHYSIOLOGY,AIIMS-All India,SC
2,18287,Rajasthan,"AIIMS, Jodhpur",MICROBIOLOGY,AIIMS-All India,EWS
2,18342,Odisha,"AIIMS, Bhubaneswar",PATHOLOGY,AIIMS-All India,SC
2,18614,Maharashtra,"AIIMS, Nagpur",PATHOLOGY,AIIMS-All India,SC
2,18619,Jharkhand,"AIIMS, Deoghar",COMMUNITY & FAMILY MEDICINE,AIIMS-All India,SC
2,18744,Bihar,"AIIMS, Patna",PATHOLOGY,AIIMS-All India,SC
2,18778,Telangana,"AIIMS, Bibinagar",HOSPITAL ADMINISTRATION,AIIMS-Inst. Pref,UR-AIIMS-IP
2,18862,Jharkhand,"AIIMS, Deoghar",PSYCHIATRY,AIIMS-Inst. Pref,UR-AIIMS-IP
2,18912,Maharashtra,"AIIMS, Nagpur",MICROBIOLOGY,AIIMS-All India,EWS
2,18927,Maharashtra,"AIIMS, Nagpur",FORENSIC MEDICINE,AIIMS-Inst. Pref,UR-AIIMS-IP
2,18970,Assam,"AIIMS, Guwahati",MICROBIOLOGY,AIIMS-All India,EWS
2,19069,Delhi,"AIIMS, Delhi",HOSPITAL ADMINISTRATION,AIIMS-Inst. Pref,UR-AIIMS-IP
2,19097,Chhattisgarh,"AIIMS, Raipur",PATHOLOGY,AIIMS-All India,SC
2,19133,West Bengal,"AIIMS, Kalyani",BIOCHEMISTRY,AIIMS-All India,EWS
2,19198,West Bengal,"AIIMS, Kalyani",MICROBIOLOGY,AIIMS-All India,EWS
2,19453,Madhya Pradesh,"AIIMS, Bhopal",COMMUNITY MEDICINE,AIIMS-Inst. Pref,UR-AIIMS-IP
2,19535,Jammu and Kashmir,"AIIMS, Jammu",MICROBIOLOGY,AIIMS-All India,EWS
2,19883,Rajasthan,"AIIMS, Jodhpur",ANAESTHESIOLOGY,AIIMS-Inst. Pref,UR-AIIMS-IP
2,19955,Andhra Pradesh,"AIIMS, Mangalagiri",PHARMACOLOGY,AIIMS-All India,SC
2,19967,Punjab,"AIIMS, Bathinda",HOSPITAL ADMINISTRATION,AIIMS-Inst. Pref,UR-AIIMS-IP
2,19982,Jharkhand,"AIIMS, Deoghar",COMMUNITY & FAMILY MEDICINE,AIIMS-All India,ST
2,20083,Pondicherry,"JIPMER, Puducherry",ANATOMY,JIMPER-Inst. Pref,INST (JIPMER)
2,20121,Chhattisgarh,"AIIMS, Raipur",COMMUNITY MEDICINE,AIIMS-All India,SC
2,20189,Jharkhand,"AIIMS, Deoghar",PATHOLOGY,AIIMS-All India,SC
2,20429,Rajasthan,"AIIMS, Jodhpur",PMR,AIIMS-Inst. Pref,UR-AIIMS-IP
2,20469,Odisha,"AIIMS, Bhubaneswar",PHYSIOLOGY,AIIMS-All India,SC
2,20639,Himachal Pradesh,"AIIMS, Bilaspur, Himachal",ANAESTHESIOLOGY,AIIMS-Inst. Pref,UR-AIIMS-IP
2,20665,Odisha,"AIIMS, Bhubaneswar",PHARMACOLOGY,AIIMS-All India,ST
2,20787,Jharkhand,"AIIMS, Deoghar",PATHOLOGY,AIIMS-Inst. Pref,UR-AIIMS-IP
2,20819,Rajasthan,"AIIMS, Jodhpur",BIOCHEMISTRY,AIIMS-All India,SC
2,20849,Odisha,"AIIMS, Bhubaneswar",PHYSIOLOGY,AIIMS-All India,EWS
2,20864,Uttarakhand,"AIIMS, Rishikesh",FAMILY MEDICINE,AIIMS-Inst. Pref,UR-AIIMS-IP
2,21131,Madhya Pradesh,"AIIMS, Bhopal",PATHOLOGY,AIIMS-All India,ST
2,21254,Rajasthan,"AIIMS, Jodhpur",MICROBIOLOGY,AIIMS-All India,SC
2,21516,Maharashtra,"AIIMS, Nagpur",IHBT,AIIMS-All India,SC
2,21569,Delhi,"AIIMS, Delhi",COMMUNITY MEDICINE,AIIMS-Inst. Pref,UR-AIIMS-IP
2,21773,Punjab,"AIIMS, Bathinda",MICROBIOLOGY,AIIMS-All India,SC
2,21834,West Bengal,"AIIMS, Kalyani",ANATOMY,AIIMS-All India,SC
2,21843,Pondicherry,"JIPMER, Puducherry",PHYSIOLOGY,JIPMER-All India,SC
2,21854,Madhya Pradesh,"AIIMS, Bhopal",ANATOMY,AIIMS-All India,SC
2,21904,Punjab,"AIIMS, Bathinda",RADIO DIAGNOSIS,AIIMS-All India,SC-PwD
2,22057,Chandigarh,"PGIMER, Chandigarh",MICROBIOLOGY,PGIMER-All India,ST
2,22222,Rajasthan,"AIIMS, Jodhpur",ANATOMY,AIIMS-All India,SC
2,22251,Odisha,"AIIMS, Bhubaneswar",MICROBIOLOGY,AIIMS-All India,SC
2,22463,Madhya Pradesh,"AIIMS, Bhopal",COMMUNITY MEDICINE,AIIMS-Inst. Pref,UR-AIIMS-IP
2,22524,Pondicherry,"JIPMER, Puducherry",PHYSIOLOGY,JIPMER-All India,SC
2,22828,Andhra Pradesh,"AIIMS, Mangalagiri",IHBT,AIIMS-Inst. Pref,UR-AIIMS-IP
2,23052,Chhattisgarh,"AIIMS, Raipur",MICROBIOLOGY,AIIMS-All India,SC
2,23103,Bihar,"AIIMS, Patna",PATHOLOGY,AIIMS-All India,ST
2,23701,West Bengal,"AIIMS, Kalyani",FORENSIC MEDICINE,AIIMS-Inst. Pref,UR-AIIMS-IP
2,23705,Chhattisgarh,"AIIMS, Raipur",MICROBIOLOGY,AIIMS-Inst. Pref,UR-AIIMS-IP
2,23716,Punjab,"AIIMS, Bathinda",COMMUNITY & FAMILY MEDICINE,AIIMS-Inst. Pref,UR-AIIMS-IP
2,23803,Chhattisgarh,"AIIMS, Raipur",COMMUNITY MEDICINE,AIIMS-Inst. Pref,UR-AIIMS-IP
2,23979,Odisha,"AIIMS, Bhubaneswar",BIOCHEMISTRY,AIIMS-All India,SC
2,24191,Gujarat,"AIIMS, Rajkot",MICROBIOLOGY,AIIMS-All India,SC
2,24387,Maharashtra,"AIIMS, Nagpur",BIOCHEMISTRY,AIIMS-All India,SC
2,24436,Assam,"AIIMS, Guwahati",BIOCHEMISTRY,AIIMS-All India,SC
2,24517,Assam,"AIIMS, Guwahati",BIOCHEMISTRY,AIIMS-All India,SC
2,24605,West Bengal,"AIIMS, Kalyani",PHYSIOLOGY,AIIMS-All India,SC
2,24782,Odisha,"AIIMS, Bhubaneswar",ANATOMY,AIIMS-Inst. Pref,UR-AIIMS-IP
2,24956,Uttarakhand,"AIIMS, Rishikesh",IHBT,AIIMS-Inst. Pref,UR-AIIMS-IP
2,25221,Madhya Pradesh,"AIIMS, Bhopal",FORENSIC MEDICINE,AIIMS-Inst. Pref,UR-AIIMS-IP
2,25531,Rajasthan,"AIIMS, Jodhpur",PATHOLOGY,AIIMS-All India,ST
2,25669,Pondicherry,"JIPMER, Puducherry",FORENSIC MEDICINE,JIPMER-All India,ST
2,25779,Chhattisgarh,"AIIMS, Raipur",PATHOLOGY,AIIMS-All India,ST
2,25818,Rajasthan,"AIIMS, Jodhpur",HOSPITAL ADMINISTRATION,AIIMS-All India,UR-PwD
2,25934,Delhi,"AIIMS, Delhi",FORENSIC MEDICINE,AIIMS-Inst. Pref,UR-AIIMS-IP
2,26413,Assam,"AIIMS, Guwahati",PATHOLOGY,AIIMS-All India,ST
2,26470,Delhi,"AIIMS, Delhi",COMMUNITY MEDICINE,AIIMS-All India,ST
2,26659,Bihar,"AIIMS, Patna",PHYSIOLOGY,AIIMS-Inst. Pref,UR-AIIMS-IP
2,27168,Uttarakhand,"AIIMS, Rishikesh",PATHOLOGY,AIIMS-Inst. Pref,UR-AIIMS-IP
2,27274,Delhi,"AIIMS, Delhi",LAB MEDICINE,AIIMS-All India,ST
2,27486,Uttar Pradesh,"AIIMS, Rai Bareli",IHBT,AIIMS-All India,ST
2,27649,Chhattisgarh,"AIIMS, Raipur",ANATOMY,AIIMS-Inst. Pref,UR-AIIMS-IP
2,27686,Delhi,"AIIMS, Delhi",PHYSIOLOGY,AIIMS-All India,ST
2,27892,Uttarakhand,"AIIMS, Rishikesh",MICROBIOLOGY,AIIMS-Inst. Pref,UR-AIIMS-IP
2,28884,Andhra Pradesh,"AIIMS, Mangalagiri",IHBT,AIIMS-All India,ST
2,29232,Delhi,"AIIMS, Delhi",PAEDIATRICS,AIIMS-All India,UR-PwD
2,30162,Bihar,"AIIMS, Patna",BIOCHEMISTRY,AIIMS-Inst. Pref,UR-AIIMS-IP
2,30188,Uttarakhand,"AIIMS, Rishikesh",BIOCHEMISTRY,AIIMS-Inst. Pref,UR-AIIMS-IP
2,30287,West Bengal,"AIIMS, Kalyani",PATHOLOGY,AIIMS-All India,ST
2,30325,Himachal Pradesh,"AIIMS, Bilaspur, Himachal",PAEDIATRIC SURGERY 6 YRS,AIIMS-Inst. Pref,UR-AIIMS-IP
2,30811,Rajasthan,"AIIMS, Jodhpur",COMMUNITY MEDICINE,AIIMS-All India,ST
2,30982,Punjab,"AIIMS, Bathinda",ANATOMY,AIIMS-Inst. Pref,UR-AIIMS-IP
2,31352,Bihar,"AIIMS, Patna",MICROBIOLOGY,AIIMS-Inst. Pref,UR-AIIMS-IP
2,31541,Assam,"AIIMS, Guwahati",MICROBIOLOGY,AIIMS-All India,ST
2,31990,Maharashtra,"AIIMS, Nagpur",PATHOLOGY,AIIMS-All India,ST
2,32609,Maharashtra,"AIIMS, Nagpur",PHARMACOLOGY,AIIMS-Inst. Pref,UR-AIIMS-IP
2,32873,West Bengal,"AIIMS, Kalyani",PHYSIOLOGY,AIIMS-Inst. Pref,UR-AIIMS-IP
2,33122,Pondicherry,"JIPMER, Puducherry",RADIATION ONCOLOGY,JIPMER-All India,UR-PwD
2,33217,Andhra Pradesh,"AIIMS, Mangalagiri",FORENSIC MEDICINE,AIIMS-Inst. Pref,UR-AIIMS-IP
2,33893,Andhra Pradesh,"AIIMS, Mangalagiri",GENERAL MEDICINE,AIIMS-All India,UR-PwD
2,33913,Assam,"AIIMS, Guwahati",BIOCHEMISTRY,AIIMS-All India,ST
2,34147,Madhya Pradesh,"AIIMS, Bhopal",IHBT,AIIMS-Inst. Pref,UR-AIIMS-IP
2,34326,Maharashtra,"AIIMS, Nagpur",PAEDIATRICS,AIIMS-All India,UR-PwD
2,34504,Uttar Pradesh,"AIIMS, Rai Bareli",MICROBIOLOGY,AIIMS-All India,ST
2,34711,Madhya Pradesh,"AIIMS, Bhopal",PHYSIOLOGY,AIIMS-Inst. Pref,UR-AIIMS-IP
2,34712,Karnataka,"NIMHANS, Bangalore",PSYCHIATRY,NIMHANS-All India,UR-PwD
2,34907,Uttarakhand,"AIIMS, Rishikesh",ANATOMY,AIIMS-All India,ST
2,35850,Chhattisgarh,"AIIMS, Raipur",PHARMACOLOGY,AIIMS-All India,ST
2,36299,Himachal Pradesh,"AIIMS, Bilaspur, Himachal",PATHOLOGY,AIIMS-All India,ST
2,36396,Maharashtra,"AIIMS, Nagpur",MICROBIOLOGY,AIIMS-Inst. Pref,UR-AIIMS-IP
2,36462,Telangana,"AIIMS, Bibinagar",FORENSIC MEDICINE,AIIMS-All India,ST
2,37212,Jharkhand,"AIIMS, Deoghar",PHARMACOLOGY,AIIMS-All India,ST
2,37529,Pondicherry,"JIPMER, Puducherry",BIOCHEMISTRY,JIPMER-All India,ST
2,37717,Delhi,"AIIMS, Delhi",IHBT,AIIMS-Inst. Pref,UR-AIIMS-IP
2,38504,Andhra Pradesh,"AIIMS, Mangalagiri",MICROBIOLOGY,AIIMS-Inst. Pref,UR-AIIMS-IP
2,38705,Madhya Pradesh,"AIIMS, Bhopal",BIOCHEMISTRY,AIIMS-All India,ST
2,38938,Telangana,"AIIMS, Bibinagar",PHYSIOLOGY,AIIMS-All India,ST
2,39169,Chhattisgarh,"AIIMS, Raipur",PHYSIOLOGY,AIIMS-All India,ST
2,40309,West Bengal,"AIIMS, Kalyani",ANATOMY,AIIMS-All India,ST
2,40880,Punjab,"AIIMS, Bathinda",PHYSIOLOGY,AIIMS-Inst. Pref,UR-AIIMS-IP
2,41019,Maharashtra,"AIIMS, Nagpur",GENERAL MEDICINE,AIIMS-All India,OBC-PwD
2,41634,Odisha,"AIIMS, Bhubaneswar",ANATOMY,AIIMS-All India,ST
2,41684,Jharkhand,"AIIMS, Deoghar",GENERAL MEDICINE,AIIMS-All India,UR-PwD
2,42913,Telangana,"AIIMS, Bibinagar",MICROBIOLOGY,AIIMS-Inst. Pref,UR-AIIMS-IP
2,43041,Karnataka,"NIMHANS, Bangalore",PSYCHIATRY,NIMHANS-All India,OBC-PwD
2,44478,Himachal Pradesh,"AIIMS, Bilaspur, Himachal",EMERGENCY MEDICINE,AIIMS-Inst. Pref,UR-AIIMS-IP
2,45646,Uttar Pradesh,"AIIMS, Rai Bareli",PATHOLOGY,AIIMS-Inst. Pref,UR-AIIMS-IP
2,45741,Jharkhand,"AIIMS, Deoghar",MICROBIOLOGY,AIIMS-Inst. Pref,UR-AIIMS-IP
2,45831,Punjab,"AIIMS, Bathinda",ORTHOPAEDICS,AIIMS-All India,UR-PwD
2,46236,Jharkhand,"AIIMS, Deoghar",BIOCHEMISTRY,AIIMS-Inst. Pref,UR-AIIMS-IP
2,46834,Delhi,"AIIMS, Delhi",OPHTHALMOLOGY,AIIMS-All India,UR-PwD
