Round,AI Rank,State,Institute,Course,Quota,Category
0,1,Karnataka,"NIMHANS, Bangalore",NEUROLOGY 6 YRS,NIMHANS-All India,UR
0,2,Delhi,"AIIMS, Delhi",GENERAL MEDICINE,AIIMS-All India,UR
0,3,Delhi,"AIIMS, Delhi",GENERAL MEDICINE,AIIMS-All India,UR
0,4,Delhi,"AIIMS, Delhi",GENERAL MEDICINE,AIIMS-All India,UR
0,5,Delhi,"AIIMS, Delhi",RADIO DIAGNOSIS,AIIMS-All India,UR
0,6,Chandigarh,"PGIMER, Chandigarh",GENERAL MEDICINE,PGIMER-All India,UR
0,7,Delhi,"AIIMS, Delhi",RADIO DIAGNOSIS,AIIMS-All India,UR
0,8,Delhi,"AIIMS, Delhi",RADIO DIAGNOSIS,AIIMS-Inst. Pref,UR-AIIMS-IP
0,9,Delhi,"AIIMS, Delhi",GENERAL MEDICINE,AIIMS-All India,OBC
0,10,Chandigarh,"PGIMER, Chandigarh",DERMATOLOGY,PGIMER-All India,UR
0,11,Chandigarh,"PGIMER, Chandigarh",GENERAL MEDICINE,PGIMER-All India,UR
0,12,Chandigarh,"PGIMER, Chandigarh",RADIO DIAGNOSIS,PGIMER-All India,UR
0,13,Chandigarh,"PGIMER, Chandigarh",GENERAL MEDICINE,PGIMER-All India,UR
0,14,Chandigarh,"PGIMER, Chandigarh",GENERAL MEDICINE,PGIMER-All India,UR
0,15,Chandigarh,"PGIMER, Chandigarh",GENERAL MEDICINE,PGIMER-All India,UR
0,16,Chandigarh,"PGIMER, Chandigarh",GENERAL MEDICINE,PGIMER-All India,UR
0,17,Chandigarh,"PGIMER, Chandigarh",RADIO DIAGNOSIS,PGIMER-All India,UR
0,18,Chandigarh,"PGIMER, Chandigarh",RADIO DIAGNOSIS,PGIMER-All India,UR
0,19,Delhi,"AIIMS, Delhi",GENERAL SURGERY,AIIMS-All India,UR
0,20,Rajasthan,"AIIMS, Jodhpur",GENERAL MEDICINE,AIIMS-All India,UR
0,21,Odisha,"AIIMS, Bhubaneswar",GENERAL MEDICINE,AIIMS-All India,UR
0,22,Odisha,"AIIMS, Bhubaneswar",GENERAL MEDICINE,AIIMS-All India,UR
0,23,Rajasthan,"AIIMS, Jodhpur",GENERAL MEDICINE,AIIMS-All India,UR
0,24,Chandigarh,"PGIMER, Chandigarh",DERMATOLOGY,PGIMER-All India,UR
0,25,Rajasthan,"AIIMS, Jodhpur",RADIO DIAGNOSIS,AIIMS-All India,UR
0,26,Uttarakhand,"AIIMS, Rishikesh",DERMATOLOGY,AIIMS-All India,UR
0,27,Rajasthan,"AIIMS, Jodhpur",RADIO DIAGNOSIS,AIIMS-All India,UR
0,28,Chandigarh,"PGIMER, Chandigarh",ORTHOPAEDICS,PGIMER-All India,UR
0,29,Delhi,"AIIMS, Delhi",PAEDIATRICS,AIIMS-All India,UR
0,30,Rajasthan,"AIIMS, Jodhpur",RADIO DIAGNOSIS,AIIMS-All India,EWS
0,31,Chandigarh,"PGIMER, Chandigarh",PAEDIATRICS,PGIMER-All India,UR
0,32,Uttarakhand,"AIIMS, Rishikesh",RADIO DIAGNOSIS,AIIMS-All India,UR
0,34,Uttarakhand,"AIIMS, Rishikesh",GENERAL MEDICINE,AIIMS-All India,UR
0,35,Rajasthan,"AIIMS, Jodhpur",GENERAL MEDICINE,AIIMS-All India,UR
0,36,Odisha,"AIIMS, Bhubaneswar",GENERAL MEDICINE,AIIMS-All India,UR
0,37,Odisha,"AIIMS, Bhubaneswar",GENERAL MEDICINE,AIIMS-All India,UR
0,38,Rajasthan,"AIIMS, Jodhpur",ORTHOPAEDICS,AIIMS-Inst. Pref,UR-AIIMS-IP
0,40,Delhi,"AIIMS, Delhi",OBG,AIIMS-All India,UR
0,41,Andhra Pradesh,"AIIMS, Mangalagiri",DERMATOLOGY,AIIMS-All India,UR
0,42,Delhi,"AIIMS, Delhi",GENERAL MEDICINE,AIIMS-All India,OBC
0,43,Pondicherry,"JIPMER, Puducherry",RADIO DIAGNOSIS,JIPMER-All India,UR
0,44,Chandigarh,"PGIMER, Chandigarh",PAEDIATRICS,PGIMER-All India,UR
0,45,Pondicherry,"JIPMER, Puducherry",RADIO DIAGNOSIS,JIPMER-All India,UR
0,46,Chandigarh,"PGIMER, Chandigarh",GENERAL MEDICINE,PGIMER-All India,OBC
0,47,Pondicherry,"JIPMER, Puducherry",GENERAL MEDICINE,JIPMER-All India,UR
0,48,Pondicherry,"JIPMER, Puducherry",GENERAL MEDICINE,JIPMER-All India,OBC
0,49,Delhi,"AIIMS, Delhi",RADIO DIAGNOSIS,AIIMS-All India,OBC
0,50,Odisha,"AIIMS, Bhubaneswar",RADIO DIAGNOSIS,AIIMS-All India,UR
0,51,Pondicherry,"JIPMER, Puducherry",GENERAL MEDICINE,JIPMER-All India,UR
0,52,Odisha,"AIIMS, Bhubaneswar",RADIO DIAGNOSIS,AIIMS-All India,UR
0,53,Delhi,"AIIMS, Delhi",NEUROSURGERY 6 YRS,AIIMS-All India,UR
0,54,Delhi,"AIIMS, Delhi",GENERAL MEDICINE,AIIMS-All India,EWS
0,55,Karnataka,"NIMHANS, Bangalore",NEUROSURGERY 6 YRS,NIMHANS-All India,UR
0,56,Chandigarh,"PGIMER, Chandigarh",PAEDIATRICS,PGIMER-All India,UR
0,58,Chhattisgarh,"AIIMS, Raipur",RADIO DIAGNOSIS,AIIMS-All India,UR
0,59,Rajasthan,"AIIMS, Jodhpur",DERMATOLOGY,AIIMS-All India,UR
0,60,Pondicherry,"JIPMER, Puducherry",RADIO DIAGNOSIS,JIPMER-All India,EWS
0,61,Pondicherry,"JIPMER, Puducherry",OBG,JIPMER-All India,UR
0,62,Pondicherry,"JIPMER, Puducherry",PAEDIATRICS,JIPMER-All India,UR
0,63,Rajasthan,"AIIMS, Jodhpur",GENERAL MEDICINE,AIIMS-All India,EWS
0,64,Chhattisgarh,"AIIMS, Raipur",GENERAL MEDICINE,AIIMS-All India,UR
0,65,Maharashtra,"AIIMS, Nagpur",GENERAL MEDICINE,AIIMS-All India,UR
0,66,Delhi,"AIIMS, Delhi",RADIO DIAGNOSIS,AIIMS-All India,OBC
0,67,Chandigarh,"PGIMER, Chandigarh",PAEDIATRICS,PGIMER-All India,UR
0,68,Karnataka,"NIMHANS, Bangalore",NEUROSURGERY 6 YRS,NIMHANS-All India,UR
0,69,Pondicherry,"JIPMER, Puducherry",DERMATOLOGY,JIPMER-All India,UR
0,70,Rajasthan,"AIIMS, Jodhpur",GENERAL MEDICINE,AIIMS-All India,OBC
0,71,Himachal Pradesh,"AIIMS, Bilaspur, Himachal",RADIO DIAGNOSIS,AIIMS-All India,UR
0,72,Chandigarh,"PGIMER, Chandigarh",GENERAL MEDICINE,PGIMER-All India,OBC
0,73,Maharashtra,"AIIMS, Nagpur",RADIO DIAGNOSIS,AIIMS-All India,UR
0,74,Chandigarh,"PGIMER, Chandigarh",NUCLEAR MEDICINE,PGIMER-All India,UR
0,75,Karnataka,"NIMHANS, Bangalore",NEUROLOGY 6 YRS,NIMHANS-All India,UR
0,76,Chandigarh,"PGIMER, Chandigarh",PAEDIATRICS,PGIMER-All India,UR
0,77,Chandigarh,"PGIMER, Chandigarh",GENERAL MEDICINE,PGIMER-All India,OBC
0,78,Uttarakhand,"AIIMS, Rishikesh",GENERAL MEDICINE,AIIMS-All India,EWS
0,79,Chhattisgarh,"AIIMS, Raipur",GENERAL MEDICINE,AIIMS-All India,UR
0,80,Chandigarh,"PGIMER, Chandigarh",GENERAL MEDICINE,PGIMER-All India,OBC
0,81,Maharashtra,"AIIMS, Nagpur",GENERAL MEDICINE,AIIMS-All India,UR
0,82,Chandigarh,"PGIMER, Chandigarh",PAEDIATRICS,PGIMER-All India,UR
0,83,Chandigarh,"PGIMER, Chandigarh",RADIO DIAGNOSIS,PGIMER-All India,OBC
0,84,Chandigarh,"PGIMER, Chandigarh",GENERAL MEDICINE,PGIMER-All India,OBC
0,86,Maharashtra,"AIIMS, Nagpur",DERMATOLOGY,AIIMS-All India,UR
0,87,Chandigarh,"PGIMER, Chandigarh",PAEDIATRICS,PGIMER-All India,UR
0,89,Gujarat,"AIIMS, Rajkot",RADIO DIAGNOSIS,AIIMS-All India,UR
0,90,Delhi,"AIIMS, Delhi",NUCLEAR MEDICINE,AIIMS-All India,UR
0,91,Delhi,"AIIMS, Delhi",OBG,AIIMS-All India,UR
0,92,Chandigarh,"PGIMER, Chandigarh",NUCLEAR MEDICINE,PGIMER-All India,OBC
0,93,Pondicherry,"JIPMER, Puducherry",RADIO DIAGNOSIS,JIPMER-All India,OBC
0,96,Pondicherry,"JIPMER, Puducherry",RADIO DIAGNOSIS,JIPMER-All India,OBC
0,97,Chhattisgarh,"AIIMS, Raipur",GENERAL MEDICINE,AIIMS-All India,UR
0,98,Karnataka,"NIMHANS, Bangalore",NEUROLOGY 6 YRS,NIMHANS-All India,UR
0,99,Maharashtra,"AIIMS, Nagpur",DERMATOLOGY,AIIMS-All India,UR
0,102,Maharashtra,"AIIMS, Nagpur",GENERAL MEDICINE,AIIMS-All India,UR
0,103,Delhi,"AIIMS, Delhi",PAEDIATRIC SURGERY 6 YRS,AIIMS-All India,UR
0,104,Pondicherry,"JIPMER, Puducherry",GENERAL MEDICINE,JIPMER-All India,OBC
0,106,Chandigarh,"PGIMER, Chandigarh",GENERAL SURGERY,PGIMER-All India,UR
0,108,Delhi,"AIIMS, Delhi",PAEDIATRICS,AIIMS-All India,OBC
0,109,Pondicherry,"JIPMER, Puducherry",GENERAL MEDICINE,JIPMER-All India,OBC
0,110,Delhi,"AIIMS, Delhi",PSYCHIATRY,AIIMS-All India,UR
0,111,Pondicherry,"JIPMER, Puducherry",PAEDIATRICS,JIPMER-All India,UR
0,112,Rajasthan,"AIIMS, Jodhpur",RADIO DIAGNOSIS,AIIMS-All India,OBC
0,113,Himachal Pradesh,"AIIMS, Bilaspur, Himachal",RADIO DIAGNOSIS,AIIMS-All India,EWS
0,114,Delhi,"AIIMS, Delhi",OBG,AIIMS-All India,UR
0,115,Karnataka,"NIMHANS, Bangalore",NEUROLOGY 6 YRS,NIMHANS-All India,UR
0,117,Bihar,"AIIMS, Patna",GENERAL MEDICINE,AIIMS-All India,UR
0,119,Bihar,"AIIMS, Patna",DERMATOLOGY,AIIMS-All India,UR
0,120,Rajasthan,"AIIMS, Jodhpur",RADIO DIAGNOSIS,AIIMS-All India,OBC
0,121,Chandigarh,"PGIMER, Chandigarh",GENERAL SURGERY,PGIMER-All India,UR
0,123,Chandigarh,"PGIMER, Chandigarh",GENERAL SURGERY,PGIMER-All India,UR
0,124,Rajasthan,"AIIMS, Jodhpur",PAEDIATRICS,AIIMS-All India,UR
0,126,Assam,"AIIMS, Guwahati",RADIO DIAGNOSIS,AIIMS-All India,UR
0,127,Pondicherry,"JIPMER, Puducherry",GENERAL MEDICINE,JIMPER-Inst. Pref,INST (JIPMER)
0,129,Maharashtra,"AIIMS, Nagpur",PAEDIATRICS,AIIMS-All India,UR
0,130,Assam,"AIIMS, Guwahati",RADIO DIAGNOSIS,AIIMS-All India,UR
0,131,Maharashtra,"AIIMS, Nagpur",PAEDIATRICS,AIIMS-All India,UR
0,132,Odisha,"AIIMS, Bhubaneswar",RADIO DIAGNOSIS,AIIMS-All India,OBC
0,133,Uttarakhand,"AIIMS, Rishikesh",GENERAL MEDICINE,AIIMS-All India,OBC
0,134,Delhi,"AIIMS, Delhi",PAEDIATRICS,AIIMS-Inst. Pref,UR-AIIMS-IP
0,135,Chandigarh,"PGIMER, Chandigarh",GENERAL SURGERY,PGIMER-All India,UR
0,136,Chandigarh,"PGIMER, Chandigarh",GENERAL SURGERY,PGIMER-All India,UR
0,137,Delhi,"AIIMS, Delhi",DERMATOLOGY,AIIMS-Inst. Pref,UR-AIIMS-IP
0,138,Chhattisgarh,"AIIMS, Raipur",PAEDIATRICS,AIIMS-All India,UR
0,140,Delhi,"AIIMS, Delhi",GENERAL SURGERY,AIIMS-All India,OBC
0,141,Uttar Pradesh,"AIIMS, Gorakhpur",GENERAL MEDICINE,AIIMS-All India,UR
0,142,Himachal Pradesh,"AIIMS, Bilaspur, Himachal",GENERAL MEDICINE,AIIMS-All India,UR
0,143,Pondicherry,"JIPMER, Puducherry",TBRD,JIPMER-All India,UR
0,144,Odisha,"AIIMS, Bhubaneswar",NUCLEAR MEDICINE,AIIMS-All India,UR
0,145,Chandigarh,"PGIMER, Chandigarh",GENERAL SURGERY,PGIMER-All India,UR
0,146,Madhya Pradesh,"AIIMS, Bhopal",RADIO DIAGNOSIS,AIIMS-All India,EWS
0,147,Odisha,"AIIMS, Bhubaneswar",GENERAL SURGERY,AIIMS-Inst. Pref,UR-AIIMS-IP
0,148,Pondicherry,"JIPMER, Puducherry",GENERAL MEDICINE,JIPMER-All India,OBC
0,149,Delhi,"AIIMS, Delhi",OBG,AIIMS-All India,UR
0,150,Uttarakhand,"AIIMS, Rishikesh",RADIO DIAGNOSIS,AIIMS-All India,OBC
0,151,Pondicherry,"JIPMER, Puducherry",RADIO DIAGNOSIS,JIMPER-Inst. Pref,INST (JIPMER)-PwD
0,153,Uttar Pradesh,"AIIMS, Rai Bareli",GENERAL MEDICINE,AIIMS-All India,UR
0,154,Andhra Pradesh,"AIIMS, Mangalagiri",GENERAL MEDICINE,AIIMS-All India,UR
0,155,Maharashtra,"AIIMS, Nagpur",PAEDIATRICS,AIIMS-All India,UR
0,156,Chhattisgarh,"AIIMS, Raipur",PAEDIATRICS,AIIMS-All India,UR
0,158,Delhi,"AIIMS, Delhi",OBG,AIIMS-All India,UR
0,159,Odisha,"AIIMS, Bhubaneswar",GENERAL MEDICINE,AIIMS-All India,OBC
0,160,Pondicherry,"JIPMER, Puducherry",TBRD,JIPMER-All India,UR
0,161,Assam,"AIIMS, Guwahati",GENERAL MEDICINE,AIIMS-All India,UR
0,162,Delhi,"AIIMS, Delhi",GENERAL MEDICINE,AIIMS-All India,SC
0,163,Pondicherry,"JIPMER, Puducherry",OBG,JIPMER-All India,UR
0,165,Pondicherry,"JIPMER, Puducherry",PAEDIATRICS,JIPMER-All India,OBC
0,166,Delhi,"AIIMS, Delhi",GENERAL SURGERY,AIIMS-All India,EWS
0,167,Andhra Pradesh,"AIIMS, Mangalagiri",PAEDIATRICS,AIIMS-All India,UR
0,168,Rajasthan,"AIIMS, Jodhpur",DERMATOLOGY,AIIMS-All India,EWS
0,169,Rajasthan,"AIIMS, Jodhpur",NEUROSURGERY 6 YRS,AIIMS-All India,UR
0,170,Gujarat,"AIIMS, Rajkot",DERMATOLOGY,AIIMS-All India,UR
0,172,Odisha,"AIIMS, Bhubaneswar",GENERAL MEDICINE,AIIMS-All India,OBC
0,173,Uttarakhand,"AIIMS, Rishikesh",GENERAL MEDICINE,AIIMS-All India,OBC
0,174,Uttarakhand,"AIIMS, Rishikesh",ORTHOPAEDICS,AIIMS-All India,UR
0,175,Rajasthan,"AIIMS, Jodhpur",GENERAL SURGERY,AIIMS-All India,UR
0,176,Chhattisgarh,"AIIMS, Raipur",GENERAL MEDICINE,AIIMS-All India,OBC
0,177,Bihar,"AIIMS, Patna",GENERAL SURGERY,AIIMS-All India,UR
0,178,Pondicherry,"JIPMER, Puducherry",GENERAL SURGERY,JIPMER-All India,UR
0,179,Karnataka,"NIMHANS, Bangalore",PSYCHIATRY,NIMHANS-All India,UR
0,180,Andhra Pradesh,"AIIMS, Mangalagiri",NUCLEAR MEDICINE,AIIMS-All India,UR
0,181,Pondicherry,"JIPMER, Puducherry",ANAESTHESIOLOGY,JIPMER-All India,UR
0,183,Chandigarh,"PGIMER, Chandigarh",OBG,PGIMER-All India,UR
0,184,Rajasthan,"AIIMS, Jodhpur",OBG,AIIMS-All India,UR
0,185,Uttarakhand,"AIIMS, Rishikesh",NUCLEAR MEDICINE,AIIMS-All India,UR
0,186,Odisha,"AIIMS, Bhubaneswar",RADIO DIAGNOSIS,AIIMS-Inst. Pref,UR-AIIMS-IP
0,187,Gujarat,"AIIMS, Rajkot",GENERAL MEDICINE,AIIMS-All India,UR
0,188,Andhra Pradesh,"AIIMS, Mangalagiri",RADIO DIAGNOSIS,AIIMS-All India,EWS
0,190,Jharkhand,"AIIMS, Deoghar",GENERAL MEDICINE,AIIMS-All India,UR
0,191,Delhi,"AIIMS, Delhi",GENERAL MEDICINE,AIIMS-All India,SC
0,192,Jammu and Kashmir,"AIIMS, Jammu",GENERAL MEDICINE,AIIMS-All India,UR
0,194,Uttar Pradesh,"AIIMS, Rai Bareli",NEUROLOGY 6 YRS,AIIMS-All India,UR
0,195,Delhi,"AIIMS, Delhi",EMERGENCY MEDICINE,AIIMS-All India,UR
0,197,Delhi,"AIIMS, Delhi",ANAESTHESIOLOGY,AIIMS-All India,UR
0,198,Delhi,"AIIMS, Delhi",PATHOLOGY,AIIMS-All India,UR
0,200,Odisha,"AIIMS, Bhubaneswar",ORTHOPAEDICS,AIIMS-Inst. Pref,UR-AIIMS-IP
0,202,Madhya Pradesh,"AIIMS, Bhopal",OBG,AIIMS-All India,UR
0,205,Pondicherry,"JIPMER, Puducherry",GENERAL MEDICINE,JIPMER-All India,EWS
0,207,Pondicherry,"JIPMER, Puducherry",GENERAL MEDICINE,JIMPER-Inst. Pref,INST (JIPMER)
0,208,Uttarakhand,"AIIMS, Rishikesh",GENERAL SURGERY,AIIMS-All India,UR
0,209,Maharashtra,"AIIMS, Nagpur",RADIO DIAGNOSIS,AIIMS-All India,OBC
0,210,Uttar Pradesh,"AIIMS, Rai Bareli",NEUROLOGY 6 YRS,AIIMS-All India,UR
0,212,Himachal Pradesh,"AIIMS, Bilaspur, Himachal",PAEDIATRICS,AIIMS-All India,UR
0,214,Delhi,"AIIMS, Delhi",RADIO DIAGNOSIS,AIIMS-All India,SC
0,215,Delhi,"AIIMS, Delhi",GERIATRICS,AIIMS-All India,UR
0,216,Rajasthan,"AIIMS, Jodhpur",CARDIO THORACIC AND VASCULAR SURGERY 6 YRS,AIIMS-All India,UR
0,218,Delhi,"AIIMS, Delhi",DERMATOLOGY,AIIMS-All India,OBC
0,219,Madhya Pradesh,"AIIMS, Bhopal",RADIO DIAGNOSIS,AIIMS-All India,OBC
0,221,Pondicherry,"JIPMER, Puducherry",OPHTHALMOLOGY,JIPMER-All India,UR
0,222,Delhi,"AIIMS, Delhi",EMERGENCY MEDICINE,AIIMS-All India,UR
0,224,Chandigarh,"PGIMER, Chandigarh",PAEDIATRICS,PGIMER-All India,OBC
0,225,Bihar,"AIIMS, Patna",OBG,AIIMS-All India,UR
0,226,Delhi,"AIIMS, Delhi",EMERGENCY MEDICINE,AIIMS-All India,OBC
0,228,Madhya Pradesh,"AIIMS, Bhopal",RADIO DIAGNOSIS,AIIMS-All India,OBC
0,229,Uttar Pradesh,"AIIMS, Gorakhpur",DERMATOLOGY,AIIMS-All India,EWS
0,230,Maharashtra,"AIIMS, Nagpur",PLASTIC SURGERY 6 YRS,AIIMS-All India,UR
0,232,Assam,"AIIMS, Guwahati",PAEDIATRICS,AIIMS-All India,UR
0,233,Jharkhand,"AIIMS, Deoghar",PAEDIATRICS,AIIMS-All India,UR
0,234,Madhya Pradesh,"AIIMS, Bhopal",GENERAL MEDICINE,AIIMS-All India,EWS
0,235,Chandigarh,"PGIMER, Chandigarh",RADIO DIAGNOSIS,PGIMER-All India,SC
0,237,Pondicherry,"JIPMER, Puducherry",ORTHOPAEDICS,JIPMER-All India,UR
0,238,Odisha,"AIIMS, Bhubaneswar",ORTHOPAEDICS,AIIMS-All India,UR
0,239,Karnataka,"NIMHANS, Bangalore",PSYCHIATRY,NIMHANS-All India,UR
0,240,Chandigarh,"PGIMER, Chandigarh",PAEDIATRICS,PGIMER-All India,OBC
0,243,Chhattisgarh,"AIIMS, Raipur",OBG,AIIMS-All India,UR
0,244,Odisha,"AIIMS, Bhubaneswar",OPHTHALMOLOGY,AIIMS-All India,UR
0,245,Odisha,"AIIMS, Bhubaneswar",DERMATOLOGY,AIIMS-All India,OBC
0,248,Pondicherry,"JIPMER, Puducherry",NUCLEAR MEDICINE,JIPMER-All India,OBC
0,249,Rajasthan,"AIIMS, Jodhpur",CARDIO THORACIC AND VASCULAR SURGERY 6 YRS,AIIMS-All India,UR
0,250,Assam,"AIIMS, Guwahati",GENERAL SURGERY,AIIMS-All India,UR
0,252,Chhattisgarh,"AIIMS, Raipur",OBG,AIIMS-All India,UR
0,253,Pondicherry,"JIPMER, Puducherry",GENERAL MEDICINE,JIPMER-All India,SC
0,255,Delhi,"AIIMS, Delhi",GENERAL MEDICINE,AIIMS-All India,ST
0,256,Karnataka,"NIMHANS, Bangalore",PSYCHIATRY,NIMHANS-All India,UR
0,259,Karnataka,"NIMHANS, Bangalore",PSYCHIATRY,NIMHANS-All India,UR
0,260,Pondicherry,"JIPMER, Puducherry",EMERGENCY MEDICINE,JIPMER-All India,UR
0,261,Chandigarh,"PGIMER, Chandigarh",PAEDIATRICS,PGIMER-All India,OBC
0,262,Uttar Pradesh,"AIIMS, Gorakhpur",PAEDIATRICS,AIIMS-All India,UR
0,264,Pondicherry,"JIPMER, Puducherry",DERMATOLOGY,JIMPER-Inst. Pref,INST (JIPMER)
0,265,Punjab,"AIIMS, Bathinda",PLASTIC SURGERY 6 YRS,AIIMS-All India,UR
0,266,Rajasthan,"AIIMS, Jodhpur",RADIOTHERAPY & ONCOLOGY 6 YRS,AIIMS-All India,UR
0,267,Uttarakhand,"AIIMS, Rishikesh",PAEDIATRICS,AIIMS-Inst. Pref,UR-AIIMS-IP
0,268,Delhi,"AIIMS, Delhi",OBG,AIIMS-All India,OBC
0,269,Uttarakhand,"AIIMS, Rishikesh",CARDIO THORACIC AND VASCULAR SURGERY 6 YRS,AIIMS-All India,UR
0,272,Delhi,"AIIMS, Delhi",ANAESTHESIOLOGY,AIIMS-All India,UR
0,273,Odisha,"AIIMS, Bhubaneswar",GENERAL SURGERY,AIIMS-Inst. Pref,UR-AIIMS-IP
0,274,Jammu and Kashmir,"AIIMS, Jammu",PAEDIATRICS,AIIMS-All India,UR
0,278,Madhya Pradesh,"AIIMS, Bhopal",ORTHOPAEDICS,AIIMS-All India,UR
0,279,Chandigarh,"PGIMER, Chandigarh",PAEDIATRICS,PGIMER-All India,OBC
0,280,Delhi,"AIIMS, Delhi",ANAESTHESIOLOGY,AIIMS-All India,UR
0,281,Pondicherry,"JIPMER, Puducherry",ORTHOPAEDICS,JIPMER-All India,UR
0,284,Pondicherry,"JIPMER, Puducherry",GENERAL SURGERY,JIMPER-Inst. Pref,INST (JIPMER)
0,286,Karnataka,"NIMHANS, Bangalore",PSYCHIATRY,NIMHANS-All India,UR
0,287,Chhattisgarh,"AIIMS, Raipur",RADIO DIAGNOSIS,AIIMS-All India,OBC
0,289,Gujarat,"AIIMS, Rajkot",GENERAL SURGERY,AIIMS-All India,UR
0,290,Uttarakhand,"AIIMS, Rishikesh",CARDIO THORACIC AND VASCULAR SURGERY 6 YRS,AIIMS-All India,UR
0,291,Maharashtra,"AIIMS, Nagpur",OBG,AIIMS-All India,UR
0,292,Rajasthan,"AIIMS, Jodhpur",EMERGENCY MEDICINE,AIIMS-All India,UR
0,294,Maharashtra,"AIIMS, Nagpur",GENERAL MEDICINE,AIIMS-All India,OBC
0,295,Uttar Pradesh,"AIIMS, Gorakhpur",GENERAL SURGERY,AIIMS-All India,UR
0,298,Delhi,"AIIMS, Delhi",OBG,AIIMS-All India,OBC
0,299,Andhra Pradesh,"AIIMS, Mangalagiri",GENERAL SURGERY,AIIMS-All India,UR
0,301,Chandigarh,"PGIMER, Chandigarh",DERMATOLOGY,PGIMER-All India,OBC
0,302,Pondicherry,"JIPMER, Puducherry",DERMATOLOGY,JIPMER-All India,OBC
0,303,Maharashtra,"AIIMS, Nagpur",NEUROSURGERY 6 YRS,AIIMS-All India,UR
0,305,Gujarat,"AIIMS, Rajkot",GENERAL MEDICINE,AIIMS-All India,EWS
0,306,Karnataka,"NIMHANS, Bangalore",PSYCHIATRY,NIMHANS-All India,UR
0,307,Pondicherry,"JIPMER, Puducherry",PAEDIATRICS,JIMPER-Inst. Pref,INST (JIPMER)
0,308,Pondicherry,"JIPMER, Puducherry",PAEDIATRICS,JIPMER-All India,OBC
0,309,Chandigarh,"PGIMER, Chandigarh",PSYCHIATRY,PGIMER-All India,UR
0,310,Pondicherry,"JIPMER, Puducherry",DERMATOLOGY,JIPMER-All India,EWS
0,311,Bihar,"AIIMS, Patna",RADIO DIAGNOSIS,AIIMS-All India,OBC
0,313,Chandigarh,"PGIMER, Chandigarh",PSYCHIATRY,PGIMER-All India,UR
0,314,Chandigarh,"PGIMER, Chandigarh",ENT,PGIMER-All India,UR
0,315,Chhattisgarh,"AIIMS, Raipur",GENERAL MEDICINE,AIIMS-All India,OBC
0,316,Karnataka,"NIMHANS, Bangalore",PSYCHIATRY,NIMHANS-All India,UR
0,317,Uttarakhand,"AIIMS, Rishikesh",ORTHOPAEDICS,AIIMS-All India,EWS
0,318,Andhra Pradesh,"AIIMS, Mangalagiri",OBG,AIIMS-All India,UR
0,319,Karnataka,"NIMHANS, Bangalore",PSYCHIATRY,NIMHANS-All India,OBC
0,320,Punjab,"AIIMS, Bathinda",GENERAL SURGERY,AIIMS-All India,UR
0,321,Andhra Pradesh,"AIIMS, Mangalagiri",RADIO DIAGNOSIS,AIIMS-All India,OBC
0,323,Himachal Pradesh,"AIIMS, Bilaspur, Himachal",PAEDIATRICS,AIIMS-All India,UR
0,324,Pondicherry,"JIPMER, Puducherry",GENERAL SURGERY,JIMPER-Inst. Pref,INST (JIPMER)
0,328,Bihar,"AIIMS, Patna",ORTHOPAEDICS,AIIMS-All India,UR
0,329,Pondicherry,"JIPMER, Puducherry",GENERAL SURGERY,JIPMER-All India,EWS
0,332,Gujarat,"AIIMS, Rajkot",RADIO DIAGNOSIS,AIIMS-All India,OBC
0,333,Andhra Pradesh,"AIIMS, Mangalagiri",GENERAL MEDICINE,AIIMS-All India,OBC
0,334,Pondicherry,"JIPMER, Puducherry",PAEDIATRICS,JIPMER-All India,OBC
0,335,Himachal Pradesh,"AIIMS, Bilaspur, Himachal",GENERAL MEDICINE,AIIMS-All India,OBC
0,336,Rajasthan,"AIIMS, Jodhpur",PAEDIATRICS,AIIMS-Inst. Pref,UR-AIIMS-IP
0,338,Delhi,"AIIMS, Delhi",GENERAL SURGERY,AIIMS-All India,SC
0,339,Pondicherry,"JIPMER, Puducherry",GENERAL SURGERY,JIPMER-All India,OBC
0,341,Rajasthan,"AIIMS, Jodhpur",NUCLEAR MEDICINE,AIIMS-All India,OBC
0,342,Pondicherry,"JIPMER, Puducherry",OBG,JIPMER-All India,OBC
0,343,Chhattisgarh,"AIIMS, Raipur",GENERAL MEDICINE,AIIMS-All India,EWS
0,344,Rajasthan,"AIIMS, Jodhpur",DERMATOLOGY,AIIMS-Inst. Pref,UR-AIIMS-IP
0,347,Chandigarh,"PGIMER, Chandigarh",ANAESTHESIOLOGY,PGIMER-All India,UR
0,349,Delhi,"AIIMS, Delhi",ORTHOPAEDICS,AIIMS-Inst. Pref,UR-AIIMS-IP
0,350,Chandigarh,"PGIMER, Chandigarh",PAEDIATRICS,PGIMER-All India,OBC
0,351,Delhi,"AIIMS, Delhi",ORTHOPAEDICS,AIIMS-All India,OBC
0,352,Delhi,"AIIMS, Delhi",HOSPITAL ADMINISTRATION,AIIMS-All India,UR
0,353,Uttar Pradesh,"AIIMS, Gorakhpur",OBG,AIIMS-All India,UR
0,354,Delhi,"AIIMS, Delhi",OBG,AIIMS-All India,OBC
0,355,Jharkhand,"AIIMS, Deoghar",PAEDIATRICS,AIIMS-All India,UR
0,356,Odisha,"AIIMS, Bhubaneswar",PAEDIATRICS,AIIMS-All India,OBC
0,358,Pondicherry,"JIPMER, Puducherry",OBG,JIPMER-All India,OBC
0,359,Maharashtra,"AIIMS, Nagpur",OBG,AIIMS-All India,UR
0,361,Delhi,"AIIMS, Delhi",OPHTHALMOLOGY,AIIMS-All India,EWS
0,362,Delhi,"AIIMS, Delhi",ORTHOPAEDICS,AIIMS-Inst. Pref,UR-AIIMS-IP
0,363,Maharashtra,"AIIMS, Nagpur",GENERAL MEDICINE,AIIMS-All India,EWS
0,364,Maharashtra,"AIIMS, Nagpur",OPHTHALMOLOGY,AIIMS-All India,UR
0,365,Andhra Pradesh,"AIIMS, Mangalagiri",GENERAL MEDICINE,AIIMS-All India,EWS
0,366,Chandigarh,"PGIMER, Chandigarh",GENERAL MEDICINE,PGIMER-All India,SC
0,368,Chhattisgarh,"AIIMS, Raipur",NUCLEAR MEDICINE,AIIMS-All India,OBC
0,369,Uttar Pradesh,"AIIMS, Gorakhpur",OBG,AIIMS-All India,UR
0,370,Chandigarh,"PGIMER, Chandigarh",RADIATION ONCOLOGY,PGIMER-All India,UR
0,372,Chandigarh,"PGIMER, Chandigarh",GENERAL SURGERY,PGIMER-All India,OBC
0,373,Rajasthan,"AIIMS, Jodhpur",OPHTHALMOLOGY,AIIMS-All India,UR
0,374,Maharashtra,"AIIMS, Nagpur",RADIATION ONCOLOGY,AIIMS-All India,UR
0,375,Pondicherry,"JIPMER, Puducherry",PAEDIATRICS,JIPMER-All India,EWS
0,376,Chandigarh,"PGIMER, Chandigarh",ANAESTHESIOLOGY,PGIMER-All India,UR
0,377,Punjab,"AIIMS, Bathinda",GENERAL MEDICINE,AIIMS-All India,OBC
0,379,Jammu and Kashmir,"AIIMS, Jammu",RADIO DIAGNOSIS,AIIMS-All India,OBC
0,381,Gujarat,"AIIMS, Rajkot",GENERAL MEDICINE,AIIMS-All India,OBC
0,382,Rajasthan,"AIIMS, Jodhpur",RADIOTHERAPY & ONCOLOGY 6 YRS,AIIMS-All India,UR
0,384,Madhya Pradesh,"AIIMS, Bhopal",OPHTHALMOLOGY,AIIMS-All India,UR
0,385,Rajasthan,"AIIMS, Jodhpur",ORTHOPAEDICS,AIIMS-Inst. Pref,UR-AIIMS-IP
0,386,Chhattisgarh,"AIIMS, Raipur",EMERGENCY MEDICINE,AIIMS-All India,UR
0,388,Rajasthan,"AIIMS, Jodhpur",PAEDIATRICS,AIIMS-All India,OBC
0,389,Odisha,"AIIMS, Bhubaneswar",EMERGENCY MEDICINE,AIIMS-All India,UR
0,390,Chandigarh,"PGIMER, Chandigarh",ENT,PGIMER-All India,UR
0,392,Jammu and Kashmir,"AIIMS, Jammu",ORTHOPAEDICS,AIIMS-All India,UR
0,394,Odisha,"AIIMS, Bhubaneswar",DERMATOLOGY,AIIMS-Inst. Pref,UR-AIIMS-IP
0,399,Odisha,"AIIMS, Bhubaneswar",PAEDIATRICS,AIIMS-All India,EWS
0,401,Gujarat,"AIIMS, Rajkot",OBG,AIIMS-All India,UR
0,402,Rajasthan,"AIIMS, Jodhpur",PAEDIATRICS,AIIMS-All India,OBC
0,403,Maharashtra,"AIIMS, Nagpur",GENERAL MEDICINE,AIIMS-Inst. Pref,UR-AIIMS-IP
0,404,Gujarat,"AIIMS, Rajkot",OBG,AIIMS-All India,UR
0,406,Jharkhand,"AIIMS, Deoghar",GENERAL MEDICINE,AIIMS-All India,OBC
0,409,Delhi,"AIIMS, Delhi",NEUROSURGERY 6 YRS,AIIMS-Inst. Pref,UR-AIIMS-IP
0,410,Delhi,"AIIMS, Delhi",EMERGENCY MEDICINE,AIIMS-All India,EWS
0,412,Pondicherry,"JIPMER, Puducherry",PAEDIATRICS,JIMPER-Inst. Pref,INST (JIPMER)
0,413,Madhya Pradesh,"AIIMS, Bhopal",DERMATOLOGY,AIIMS-All India,OBC
0,414,Rajasthan,"AIIMS, Jodhpur",PSYCHIATRY,AIIMS-All India,UR
0,415,Chandigarh,"PGIMER, Chandigarh",ANAESTHESIOLOGY,PGIMER-All India,UR
0,417,Delhi,"AIIMS, Delhi",GENERAL SURGERY,AIIMS-All India,OBC
0,418,Jammu and Kashmir,"AIIMS, Jammu",GENERAL MEDICINE,AIIMS-All India,OBC
0,419,Jammu and Kashmir,"AIIMS, Jammu",GENERAL MEDICINE,AIIMS-All India,EWS
0,420,Uttarakhand,"AIIMS, Rishikesh",GENERAL SURGERY,AIIMS-Inst. Pref,UR-AIIMS-IP
0,422,Andhra Pradesh,"AIIMS, Mangalagiri",DERMATOLOGY,AIIMS-All India,OBC
0,423,Maharashtra,"AIIMS, Nagpur",PAEDIATRICS,AIIMS-All India,EWS
0,425,Rajasthan,"AIIMS, Jodhpur",ENT,AIIMS-All India,UR
0,426,Himachal Pradesh,"AIIMS, Bilaspur, Himachal",OPHTHALMOLOGY,AIIMS-All India,UR
0,427,Chandigarh,"PGIMER, Chandigarh",ANAESTHESIOLOGY,PGIMER-All India,UR
0,434,Gujarat,"AIIMS, Rajkot",ORTHOPAEDICS,AIIMS-All India,UR
0,437,Chhattisgarh,"AIIMS, Raipur",DERMATOLOGY,AIIMS-Inst. Pref,UR-AIIMS-IP
0,438,Madhya Pradesh,"AIIMS, Bhopal",PAEDIATRICS,AIIMS-All India,OBC
0,440,Madhya Pradesh,"AIIMS, Bhopal",EMERGENCY MEDICINE,AIIMS-All India,UR
0,441,Himachal Pradesh,"AIIMS, Bilaspur, Himachal",GENERAL SURGERY,AIIMS-All India,UR
0,445,Maharashtra,"AIIMS, Nagpur",ENT,AIIMS-All India,UR
0,448,Jammu and Kashmir,"AIIMS, Jammu",OBG,AIIMS-All India,UR
0,451,Delhi,"AIIMS, Delhi",COMMUNITY MEDICINE,AIIMS-All India,UR
0,453,Madhya Pradesh,"AIIMS, Bhopal",PAEDIATRICS,AIIMS-All India,EWS
0,456,Punjab,"AIIMS, Bathinda",NEUROSURGERY 6 YRS,AIIMS-All India,UR
0,457,Telangana,"AIIMS, Bibinagar",DERMATOLOGY,AIIMS-All India,EWS
0,463,Gujarat,"AIIMS, Rajkot",OPHTHALMOLOGY,AIIMS-All India,UR
0,464,Chandigarh,"PGIMER, Chandigarh",GENERAL SURGERY,PGIMER-All India,OBC
0,465,Jammu and Kashmir,"AIIMS, Jammu",OBG,AIIMS-All India,UR
0,467,Madhya Pradesh,"AIIMS, Bhopal",EMERGENCY MEDICINE,AIIMS-All India,UR
0,468,Maharashtra,"AIIMS, Nagpur",EMERGENCY MEDICINE,AIIMS-All India,UR
0,469,Chandigarh,"PGIMER, Chandigarh",ANAESTHESIOLOGY,PGIMER-All India,UR
0,471,Uttar Pradesh,"AIIMS, Gorakhpur",ORTHOPAEDICS,AIIMS-All India,UR
0,472,Maharashtra,"AIIMS, Nagpur",DERMATOLOGY,AIIMS-All India,OBC
0,473,Chandigarh,"PGIMER, Chandigarh",ANAESTHESIOLOGY,PGIMER-All India,UR
0,474,Delhi,"AIIMS, Delhi",OBG,AIIMS-All India,OBC
0,475,Pondicherry,"JIPMER, Puducherry",OBG,JIPMER-All India,OBC
0,476,Jharkhand,"AIIMS, Deoghar",ORTHOPAEDICS,AIIMS-All India,UR
0,478,West Bengal,"AIIMS, Kalyani",ORTHOPAEDICS,AIIMS-All India,UR
0,480,Karnataka,"NIMHANS, Bangalore",PSYCHIATRY,NIMHANS-KAR Domicile,UR-Karnataka Domicile
0,481,Chhattisgarh,"AIIMS, Raipur",PAEDIATRICS,AIIMS-All India,OBC
0,484,Uttar Pradesh,"AIIMS, Rai Bareli",NEUROSURGERY 6 YRS,AIIMS-All India,UR
0,487,Jharkhand,"AIIMS, Deoghar",GENERAL MEDICINE,AIIMS-All India,EWS
0,489,Andhra Pradesh,"AIIMS, Mangalagiri",EMERGENCY MEDICINE,AIIMS-All India,UR
0,492,Uttar Pradesh,"AIIMS, Rai Bareli",NEUROSURGERY 6 YRS,AIIMS-All India,UR
0,493,Chhattisgarh,"AIIMS, Raipur",ENT,AIIMS-All India,UR
0,494,Jammu and Kashmir,"AIIMS, Jammu",ORTHOPAEDICS,AIIMS-All India,UR
0,496,Andhra Pradesh,"AIIMS, Mangalagiri",OPHTHALMOLOGY,AIIMS-Inst. Pref,UR-AIIMS-IP
0,499,Punjab,"AIIMS, Bathinda",PAEDIATRICS,AIIMS-All India,OBC
0,507,Chandigarh,"PGIMER, Chandigarh",ANAESTHESIOLOGY,PGIMER-All India,UR
0,508,Delhi,"AIIMS, Delhi",OBG,AIIMS-All India,EWS
0,509,Delhi,"AIIMS, Delhi",GENERAL MEDICINE,AIIMS-All India,ST
0,511,Maharashtra,"AIIMS, Nagpur",PAEDIATRICS,AIIMS-All India,OBC
0,513,Andhra Pradesh,"AIIMS, Mangalagiri",PAEDIATRICS,AIIMS-All India,OBC
0,514,Rajasthan,"AIIMS, Jodhpur",ANAESTHESIOLOGY,AIIMS-All India,UR
0,515,Chandigarh,"PGIMER, Chandigarh",GENERAL MEDICINE,PGIMER-Rural,UR-RA
0,517,Delhi,"AIIMS, Delhi",OPHTHALMOLOGY,AIIMS-All India,SC
0,518,Uttar Pradesh,"AIIMS, Rai Bareli",ENT,AIIMS-All India,UR
0,520,Jammu and Kashmir,"AIIMS, Jammu",GENERAL SURGERY,AIIMS-All India,UR
0,521,Pondicherry,"JIPMER, Puducherry",OBG,JIPMER-All India,OBC
0,522,Andhra Pradesh,"AIIMS, Mangalagiri",RADIATION ONCOLOGY,AIIMS-All India,UR
0,523,Jharkhand,"AIIMS, Deoghar",GENERAL SURGERY,AIIMS-All India,UR
0,524,Telangana,"AIIMS, Bibinagar",DERMATOLOGY,AIIMS-All India,OBC
0,534,Rajasthan,"AIIMS, Jodhpur",RADIO DIAGNOSIS,AIIMS-All India,SC
0,537,Delhi,"AIIMS, Delhi",OPHTHALMOLOGY,AIIMS-Inst. Pref,UR-AIIMS-IP
0,539,Madhya Pradesh,"AIIMS, Bhopal",PAEDIATRIC SURGERY 6 YRS,AIIMS-All India,UR
0,542,Jharkhand,"AIIMS, Deoghar",PAEDIATRICS,AIIMS-All India,OBC
0,543,Karnataka,"NIMHANS, Bangalore",PSYCHIATRY,NIMHANS-KAR Domicile,UR-Karnataka Domicile
0,544,Uttar Pradesh,"AIIMS, Gorakhpur",ANAESTHESIOLOGY,AIIMS-All India,UR
0,546,Odisha,"AIIMS, Bhubaneswar",GENERAL SURGERY,AIIMS-All India,OBC
0,548,Pondicherry,"JIPMER, Puducherry",FORENSIC MEDICINE,JIPMER-All India,UR
0,549,Bihar,"AIIMS, Patna",OBG,AIIMS-Inst. Pref,UR-AIIMS-IP
0,552,Karnataka,"NIMHANS, Bangalore",PSYCHIATRY,NIMHANS-All India,EWS
0,553,Pondicherry,"JIPMER, Puducherry",OPHTHALMOLOGY,JIMPER-Inst. Pref,INST (JIPMER)
0,555,Karnataka,"NIMHANS, Bangalore",PSYCHIATRY,NIMHANS-NE Domicile,UR-North East Domicile
0,559,Delhi,"AIIMS, Delhi",OBG,AIIMS-All India,OBC
0,560,Rajasthan,"AIIMS, Jodhpur",FAMILY MEDICINE,AIIMS-All India,OBC
0,562,Delhi,"AIIMS, Delhi",EMERGENCY MEDICINE,AIIMS-All India,OBC
0,564,Jharkhand,"AIIMS, Deoghar",GENERAL SURGERY,AIIMS-All India,UR
0,566,Himachal Pradesh,"AIIMS, Bilaspur, Himachal",DERMATOLOGY,AIIMS-All India,OBC
0,567,Delhi,"AIIMS, Delhi",OPHTHALMOLOGY,AIIMS-Inst. Pref,UR-AIIMS-IP
0,570,Pondicherry,"JIPMER, Puducherry",OBG,JIMPER-Inst. Pref,INST (JIPMER)
0,572,Maharashtra,"AIIMS, Nagpur",EMERGENCY MEDICINE,AIIMS-All India,UR
0,573,Karnataka,"NIMHANS, Bangalore",PMR,NIMHANS-All India,UR
0,574,Bihar,"AIIMS, Patna",PAEDIATRICS,AIIMS-All India,EWS
0,578,Maharashtra,"AIIMS, Nagpur",ANAESTHESIOLOGY,AIIMS-All India,UR
0,579,Chandigarh,"PGIMER, Chandigarh",OBG,PGIMER-All India,OBC
0,581,Jammu and Kashmir,"AIIMS, Jammu",DERMATOLOGY,AIIMS-All India,OBC
0,584,Assam,"AIIMS, Guwahati",OPHTHALMOLOGY,AIIMS-All India,UR
0,585,Chandigarh,"PGIMER, Chandigarh",GENERAL SURGERY,PGIMER-All India,OBC
0,588,Delhi,"AIIMS, Delhi",OPHTHALMOLOGY,AIIMS-All India,OBC
0,590,Jammu and Kashmir,"AIIMS, Jammu",GENERAL SURGERY,AIIMS-All India,UR
0,591,Chandigarh,"PGIMER, Chandigarh",RADIATION ONCOLOGY,PGIMER-All India,OBC
0,593,Rajasthan,"AIIMS, Jodhpur",GENERAL SURGERY,AIIMS-All India,OBC
0,596,Chandigarh,"PGIMER, Chandigarh",GENERAL SURGERY,PGIMER-All India,SC
0,598,Delhi,"AIIMS, Delhi",GERIATRICS,AIIMS-All India,EWS
0,608,Punjab,"AIIMS, Bathinda",CARDIO THORACIC AND VASCULAR SURGERY 6 YRS,AIIMS-All India,UR
0,609,Bihar,"AIIMS, Patna",PAEDIATRIC SURGERY 6 YRS,AIIMS-All India,UR
0,610,Pondicherry,"JIPMER, Puducherry",EMERGENCY MEDICINE,JIPMER-All India,OBC
0,611,Chandigarh,"PGIMER, Chandigarh",GENERAL SURGERY,PGIMER-All India,OBC
0,613,Assam,"AIIMS, Guwahati",PAEDIATRICS,AIIMS-All India,OBC
0,614,Pondicherry,"JIPMER, Puducherry",GENERAL SURGERY,JIPMER-All India,EWS
0,615,Chhattisgarh,"AIIMS, Raipur",EMERGENCY MEDICINE,AIIMS-All India,UR
0,619,Delhi,"AIIMS, Delhi",OPHTHALMOLOGY,AIIMS-All India,OBC
0,621,Pondicherry,"JIPMER, Puducherry",ANAESTHESIOLOGY,JIPMER-All India,OBC
0,623,Chhattisgarh,"AIIMS, Raipur",ANAESTHESIOLOGY,AIIMS-All India,UR
0,625,Chandigarh,"PGIMER, Chandigarh",ANAESTHESIOLOGY,PGIMER-All India,OBC
0,628,Pondicherry,"JIPMER, Puducherry",GENERAL SURGERY,JIPMER-All India,OBC
0,629,Bihar,"AIIMS, Patna",ORTHOPAEDICS,AIIMS-All India,EWS
0,630,Chandigarh,"PGIMER, Chandigarh",ORTHOPAEDICS,PGIMER-All India,OBC
0,631,Delhi,"AIIMS, Delhi",ORTHOPAEDICS,AIIMS-All India,OBC
0,635,Delhi,"AIIMS, Delhi",GENERAL SURGERY,AIIMS-All India,ST
0,636,Jammu and Kashmir,"AIIMS, Jammu",OPHTHALMOLOGY,AIIMS-All India,UR
0,637,Chhattisgarh,"AIIMS, Raipur",GENERAL SURGERY,AIIMS-Inst. Pref,UR-AIIMS-IP
0,639,Uttarakhand,"AIIMS, Rishikesh",OBG,AIIMS-All India,OBC
0,641,Delhi,"AIIMS, Delhi",OBG,AIIMS-All India,EWS
0,645,Bihar,"AIIMS, Patna",SURGGASTRO (6 YRS),AIIMS-Inst. Pref,UR-AIIMS-IP
0,646,Bihar,"AIIMS, Patna",GENERAL SURGERY,AIIMS-All India,OBC
0,649,Delhi,"AIIMS, Delhi",GERIATRICS,AIIMS-All India,OBC
0,655,Delhi,"AIIMS, Delhi",PATHOLOGY,AIIMS-All India,UR
0,656,Chandigarh,"PGIMER, Chandigarh",OPHTHALMOLOGY,PGIMER-All India,SC
0,657,Telangana,"AIIMS, Bibinagar",PAEDIATRIC SURGERY 6 YRS,AIIMS-All India,UR
0,659,Pondicherry,"JIPMER, Puducherry",RADIATION ONCOLOGY,JIMPER-Inst. Pref,INST (JIPMER)
0,660,Pondicherry,"JIPMER, Puducherry",EMERGENCY MEDICINE,JIPMER-All India,OBC
0,662,Pondicherry,"JIPMER, Puducherry",OPHTHALMOLOGY,JIPMER-All India,OBC
0,666,Karnataka,"NIMHANS, Bangalore",PSYCHIATRY,NIMHANS-KAR Domicile,EWS-Karnataka Domicile
0,668,Madhya Pradesh,"AIIMS, Bhopal",PSYCHIATRY,AIIMS-All India,UR
0,669,Assam,"AIIMS, Guwahati",ENT,AIIMS-All India,UR
0,670,Rajasthan,"AIIMS, Jodhpur",GENERAL SURGERY,AIIMS-All India,OBC
0,671,Rajasthan,"AIIMS, Jodhpur",EMERGENCY MEDICINE,AIIMS-All India,OBC
0,674,Delhi,"AIIMS, Delhi",DERMATOLOGY,AIIMS-All India,SC
0,675,Jammu and Kashmir,"AIIMS, Jammu",OPHTHALMOLOGY,AIIMS-All India,UR
0,676,Pondicherry,"JIPMER, Puducherry",OPHTHALMOLOGY,JIPMER-All India,OBC
0,677,Jammu and Kashmir,"AIIMS, Jammu",ANAESTHESIOLOGY,AIIMS-All India,UR
0,680,Assam,"AIIMS, Guwahati",ENT,AIIMS-All India,UR
0,681,Pondicherry,"JIPMER, Puducherry",ANAESTHESIOLOGY,JIPMER-All India,OBC
0,682,Rajasthan,"AIIMS, Jodhpur",PAEDIATRICS,AIIMS-Inst. Pref,UR-AIIMS-IP
0,685,Rajasthan,"AIIMS, Jodhpur",GENERAL SURGERY,AIIMS-All India,EWS
0,687,Madhya Pradesh,"AIIMS, Bhopal",PSYCHIATRY,AIIMS-All India,UR
0,688,Himachal Pradesh,"AIIMS, Bilaspur, Himachal",ANAESTHESIOLOGY,AIIMS-All India,UR
0,696,Assam,"AIIMS, Guwahati",ANAESTHESIOLOGY,AIIMS-All India,UR
0,697,Chandigarh,"PGIMER, Chandigarh",ANAESTHESIOLOGY,PGIMER-All India,OBC
0,698,Pondicherry,"JIPMER, Puducherry",OBG,JIMPER-Inst. Pref,INST (JIPMER)
0,700,Odisha,"AIIMS, Bhubaneswar",OBG,AIIMS-Inst. Pref,UR-AIIMS-IP
0,708,Jammu and Kashmir,"AIIMS, Jammu",ANAESTHESIOLOGY,AIIMS-All India,UR
0,710,Jammu and Kashmir,"AIIMS, Jammu",EMERGENCY MEDICINE,AIIMS-All India,UR
0,711,Delhi,"AIIMS, Delhi",ORTHOPAEDICS,AIIMS-All India,SC
0,712,Chandigarh,"PGIMER, Chandigarh",PATHOLOGY,PGIMER-All India,UR
0,713,Chandigarh,"PGIMER, Chandigarh",PATHOLOGY,PGIMER-All India,UR
0,717,Pondicherry,"JIPMER, Puducherry",RADIATION ONCOLOGY,JIMPER-Inst. Pref,INST (JIPMER)
0,719,Assam,"AIIMS, Guwahati",RADIATION ONCOLOGY,AIIMS-All India,UR
0,722,Rajasthan,"AIIMS, Jodhpur",ENT,AIIMS-Inst. Pref,UR-AIIMS-IP
0,723,Delhi,"AIIMS, Delhi",OBG,AIIMS-Inst. Pref,UR-AIIMS-IP
0,726,Rajasthan,"AIIMS, Jodhpur",GENERAL SURGERY,AIIMS-Inst. Pref,UR-AIIMS-IP
0,727,Assam,"AIIMS, Guwahati",EMERGENCY MEDICINE,AIIMS-All India,UR
0,734,Chhattisgarh,"AIIMS, Raipur",OBG,AIIMS-All India,OBC
0,736,Pondicherry,"JIPMER, Puducherry",RADIATION ONCOLOGY,JIPMER-All India,EWS
0,738,Chandigarh,"PGIMER, Chandigarh",PATHOLOGY,PGIMER-All India,UR
0,739,Chhattisgarh,"AIIMS, Raipur",GENERAL SURGERY,AIIMS-All India,OBC
0,743,Jammu and Kashmir,"AIIMS, Jammu",PAEDIATRIC SURGERY 6 YRS,AIIMS-All India,UR
0,744,Jammu and Kashmir,"AIIMS, Jammu",PSYCHIATRY,AIIMS-All India,UR
0,745,Telangana,"AIIMS, Bibinagar",RADIATION ONCOLOGY,AIIMS-All India,UR
0,746,Pondicherry,"JIPMER, Puducherry",RADIO DIAGNOSIS,JIPMER-All India,ST
0,748,Uttarakhand,"AIIMS, Rishikesh",GENERAL SURGERY,AIIMS-Inst. Pref,UR-AIIMS-IP
0,754,Maharashtra,"AIIMS, Nagpur",GENERAL SURGERY,AIIMS-All India,OBC
0,755,Chandigarh,"PGIMER, Chandigarh",OBG,PGIMER-All India,OBC
0,758,Rajasthan,"AIIMS, Jodhpur",OPHTHALMOLOGY,AIIMS-Inst. Pref,UR-AIIMS-IP
0,760,Odisha,"AIIMS, Bhubaneswar",ORTHOPAEDICS,AIIMS-All India,EWS
0,761,Chandigarh,"PGIMER, Chandigarh",GENERAL SURGERY,PGIMER-All India,SC
0,766,Odisha,"AIIMS, Bhubaneswar",GENERAL MEDICINE,AIIMS-All India,SC
0,768,Odisha,"AIIMS, Bhubaneswar",PAEDIATRIC SURGERY 6 YRS,AIIMS-Inst. Pref,UR-AIIMS-IP
0,772,Madhya Pradesh,"AIIMS, Bhopal",PATHOLOGY,AIIMS-All India,UR
0,773,Chhattisgarh,"AIIMS, Raipur",CARDIO THORACIC AND VASCULAR SURGERY 6 YRS,AIIMS-Inst. Pref,UR-AIIMS-IP
0,774,Pondicherry,"JIPMER, Puducherry",PATHOLOGY,JIPMER-All India,UR
0,776,Odisha,"AIIMS, Bhubaneswar",OBG,AIIMS-All India,OBC
0,783,Rajasthan,"AIIMS, Jodhpur",ORTHOPAEDICS,AIIMS-All India,OBC
0,784,Delhi,"AIIMS, Delhi",ANAESTHESIOLOGY,AIIMS-All India,OBC
0,785,Rajasthan,"AIIMS, Jodhpur",OBG,AIIMS-All India,OBC
0,788,Uttarakhand,"AIIMS, Rishikesh",GENERAL SURGERY,AIIMS-All India,OBC
0,789,Uttarakhand,"AIIMS, Rishikesh",OBG,AIIMS-Inst. Pref,UR-AIIMS-IP
0,791,Uttarakhand,"AIIMS, Rishikesh",ORTHOPAEDICS,AIIMS-All India,OBC
0,793,Pondicherry,"JIPMER, Puducherry",ENT,JIPMER-All India,OBC
0,801,Delhi,"AIIMS, Delhi",PSYCHIATRY,AIIMS-All India,OBC
0,802,Pondicherry,"JIPMER, Puducherry",ENT,JIPMER-All India,OBC
0,804,Jharkhand,"AIIMS, Deoghar",ANAESTHESIOLOGY,AIIMS-All India,UR
0,808,Chandigarh,"PGIMER, Chandigarh",IHBT,PGIMER-All India,UR
0,810,Delhi,"AIIMS, Delhi",ANAESTHESIOLOGY,AIIMS-All India,OBC
0,811,Uttarakhand,"AIIMS, Rishikesh",OBG,AIIMS-All India,OBC
0,814,Madhya Pradesh,"AIIMS, Bhopal",OBG,AIIMS-All India,OBC
0,816,Maharashtra,"AIIMS, Nagpur",OBG,AIIMS-All India,OBC
0,817,Gujarat,"AIIMS, Rajkot",OBG,AIIMS-All India,OBC
0,822,Assam,"AIIMS, Guwahati",ANAESTHESIOLOGY,AIIMS-All India,UR
0,825,Jammu and Kashmir,"AIIMS, Jammu",PAEDIATRIC SURGERY 6 YRS,AIIMS-All India,UR
0,827,Odisha,"AIIMS, Bhubaneswar",RADIO DIAGNOSIS,AIIMS-All India,SC
0,831,Pondicherry,"JIPMER, Puducherry",RADIATION ONCOLOGY,JIMPER-Inst. Pref,INST (JIPMER)
0,839,Chandigarh,"PGIMER, Chandigarh",GENERAL MEDICINE,PGIMER-All India,SC
0,840,Gujarat,"AIIMS, Rajkot",ORTHOPAEDICS,AIIMS-All India,EWS
0,844,Rajasthan,"AIIMS, Jodhpur",GENERAL MEDICINE,AIIMS-All India,SC
0,845,Maharashtra,"AIIMS, Nagpur",GENERAL SURGERY,AIIMS-All India,OBC
0,848,Andhra Pradesh,"AIIMS, Mangalagiri",OPHTHALMOLOGY,AIIMS-All India,OBC
0,852,Madhya Pradesh,"AIIMS, Bhopal",GENERAL SURGERY,AIIMS-All India,OBC
0,856,Odisha,"AIIMS, Bhubaneswar",RADIATION ONCOLOGY,AIIMS-All India,OBC
0,865,Chandigarh,"PGIMER, Chandigarh",OPHTHALMOLOGY,PGIMER-All India,OBC
0,867,Madhya Pradesh,"AIIMS, Bhopal",OBG,AIIMS-All India,EWS
0,868,Telangana,"AIIMS, Bibinagar",RADIATION ONCOLOGY,AIIMS-All India,UR
0,872,Madhya Pradesh,"AIIMS, Bhopal",EMERGENCY MEDICINE,AIIMS-All India,OBC
0,881,Rajasthan,"AIIMS, Jodhpur",RADIO DIAGNOSIS,AIIMS-All India,ST
0,882,Gujarat,"AIIMS, Rajkot",RADIATION ONCOLOGY,AIIMS-All India,UR
0,885,Madhya Pradesh,"AIIMS, Bhopal",PAEDIATRIC SURGERY 6 YRS,AIIMS-Inst. Pref,UR-AIIMS-IP
0,892,Chandigarh,"PGIMER, Chandigarh",ANAESTHESIOLOGY,PGIMER-All India,OBC
0,893,Pondicherry,"JIPMER, Puducherry",PATHOLOGY,JIPMER-All India,OBC
0,895,Chhattisgarh,"AIIMS, Raipur",ORTHOPAEDICS,AIIMS-All India,OBC
0,902,Maharashtra,"AIIMS, Nagpur",ORTHOPAEDICS,AIIMS-Inst. Pref,UR-AIIMS-IP
0,905,Gujarat,"AIIMS, Rajkot",ANAESTHESIOLOGY,AIIMS-All India,UR
0,910,Uttar Pradesh,"AIIMS, Gorakhpur",OBG,AIIMS-All India,OBC
0,913,Rajasthan,"AIIMS, Jodhpur",PSYCHIATRY,AIIMS-All India,OBC
0,916,Uttar Pradesh,"AIIMS, Gorakhpur",OBG,AIIMS-All India,OBC
0,919,Pondicherry,"JIPMER, Puducherry",ANAESTHESIOLOGY,JIMPER-Inst. Pref,INST (JIPMER)
0,923,Rajasthan,"AIIMS, Jodhpur",EMERGENCY MEDICINE,AIIMS-All India,EWS
0,924,Gujarat,"AIIMS, Rajkot",ANAESTHESIOLOGY,AIIMS-All India,UR
0,926,Rajasthan,"AIIMS, Jodhpur",PATHOLOGY,AIIMS-All India,UR
0,930,Karnataka,"NIMHANS, Bangalore",PMR,NIMHANS-All India,UR
0,934,Jammu and Kashmir,"AIIMS, Jammu",ANAESTHESIOLOGY,AIIMS-All India,UR
0,935,Odisha,"AIIMS, Bhubaneswar",OBG,AIIMS-All India,EWS
0,938,Odisha,"AIIMS, Bhubaneswar",OPHTHALMOLOGY,AIIMS-All India,OBC
0,942,Delhi,"AIIMS, Delhi",ANAESTHESIOLOGY,AIIMS-All India,OBC
0,951,Odisha,"AIIMS, Bhubaneswar",COMMUNITY MEDICINE,AIIMS-All India,UR
0,953,Bihar,"AIIMS, Patna",OBG,AIIMS-All India,EWS
0,955,Jammu and Kashmir,"AIIMS, Jammu",PATHOLOGY,AIIMS-All India,UR
0,958,Madhya Pradesh,"AIIMS, Bhopal",RADIO DIAGNOSIS,AIIMS-All India,SC
0,967,Pondicherry,"JIPMER, Puducherry",EMERGENCY MEDICINE,JIPMER-All India,EWS
0,970,Uttar Pradesh,"AIIMS, Rai Bareli",GENERAL SURGERY,AIIMS-All India,OBC
0,973,Maharashtra,"AIIMS, Nagpur",ORTHOPAEDICS,AIIMS-All India,OBC
0,983,Andhra Pradesh,"AIIMS, Mangalagiri",EMERGENCY MEDICINE,AIIMS-All India,OBC
0,985,Uttar Pradesh,"AIIMS, Rai Bareli",OBG,AIIMS-All India,OBC
0,986,Madhya Pradesh,"AIIMS, Bhopal",OPHTHALMOLOGY,AIIMS-All India,OBC
0,987,Maharashtra,"AIIMS, Nagpur",OBG,AIIMS-All India,EWS
0,988,Pondicherry,"JIPMER, Puducherry",PATHOLOGY,JIPMER-All India,OBC
0,989,Madhya Pradesh,"AIIMS, Bhopal",ANAESTHESIOLOGY,AIIMS-All India,OBC
0,991,Chandigarh,"PGIMER, Chandigarh",ANAESTHESIOLOGY,PGIMER-All India,OBC
0,995,Chandigarh,"PGIMER, Chandigarh",IHBT,PGIMER-All India,UR
0,999,Rajasthan,"AIIMS, Jodhpur",RADIO DIAGNOSIS,AIIMS-All India,ST
0,1009,Uttarakhand,"AIIMS, Rishikesh",PATHOLOGY,AIIMS-All India,UR
0,1012,Maharashtra,"AIIMS, Nagpur",OPHTHALMOLOGY,AIIMS-All India,OBC
0,1016,Uttarakhand,"AIIMS, Rishikesh",ANAESTHESIOLOGY,AIIMS-All India,OBC
0,1019,Rajasthan,"AIIMS, Jodhpur",PAEDIATRICS,AIIMS-All India,OBC-PwD
0,1020,Chandigarh,"PGIMER, Chandigarh",PSYCHIATRY,PGIMER-All India,OBC
0,1021,Maharashtra,"AIIMS, Nagpur",GENERAL SURGERY,AIIMS-Inst. Pref,UR-AIIMS-IP
0,1027,Chhattisgarh,"AIIMS, Raipur",ENT,AIIMS-All India,OBC
0,1030,Jammu and Kashmir,"AIIMS, Jammu",OBG,AIIMS-All India,OBC
0,1032,Delhi,"AIIMS, Delhi",PATHOLOGY,AIIMS-All India,OBC
0,1036,Delhi,"AIIMS, Delhi",EMERGENCY MEDICINE,AIIMS-Inst. Pref,UR-AIIMS-IP
0,1037,Odisha,"AIIMS, Bhubaneswar",PSYCHIATRY,AIIMS-All India,OBC
0,1048,Rajasthan,"AIIMS, Jodhpur",PATHOLOGY,AIIMS-All India,UR
0,1059,Himachal Pradesh,"AIIMS, Bilaspur, Himachal",OBG,AIIMS-All India,OBC
0,1066,Chandigarh,"PGIMER, Chandigarh",GENERAL MEDICINE,PGIMER-All India,ST
0,1074,Chandigarh,"PGIMER, Chandigarh",PAEDIATRICS,PGIMER-Rural,UR-RA
0,1075,Chhattisgarh,"AIIMS, Raipur",EMERGENCY MEDICINE,AIIMS-All India,OBC
0,1076,Odisha,"AIIMS, Bhubaneswar",PATHOLOGY,AIIMS-All India,UR
0,1084,Maharashtra,"AIIMS, Nagpur",PATHOLOGY,AIIMS-All India,UR
0,1085,Delhi,"AIIMS, Delhi",ANAESTHESIOLOGY,AIIMS-All India,EWS
0,1093,Delhi,"AIIMS, Delhi",PSYCHIATRY,AIIMS-Inst. Pref,UR-AIIMS-IP
0,1098,Odisha,"AIIMS, Bhubaneswar",ANAESTHESIOLOGY,AIIMS-All India,OBC
0,1100,Bihar,"AIIMS, Patna",PATHOLOGY,AIIMS-All India,UR
0,1102,Gujarat,"AIIMS, Rajkot",RADIO DIAGNOSIS,AIIMS-All India,SC
0,1104,Pondicherry,"JIPMER, Puducherry",ANAESTHESIOLOGY,JIPMER-All India,EWS
0,1119,Jharkhand,"AIIMS, Deoghar",OBG,AIIMS-All India,OBC
0,1133,Uttarakhand,"AIIMS, Rishikesh",GENERAL MEDICINE,AIIMS-All India,SC
0,1139,Odisha,"AIIMS, Bhubaneswar",ENT,AIIMS-Inst. Pref,UR-AIIMS-IP
0,1144,Chandigarh,"PGIMER, Chandigarh",ENT,PGIMER-All India,OBC
0,1145,Gujarat,"AIIMS, Rajkot",GENERAL SURGERY,AIIMS-All India,OBC
0,1146,Chhattisgarh,"AIIMS, Raipur",RADIO DIAGNOSIS,AIIMS-All India,SC
0,1147,Pondicherry,"JIPMER, Puducherry",ORTHOPAEDICS,JIMPER-Inst. Pref,INST (JIPMER)
0,1149,Delhi,"AIIMS, Delhi",BIOCHEMISTRY,AIIMS-All India,OBC
0,1153,Uttarakhand,"AIIMS, Rishikesh",PSYCHIATRY,AIIMS-Inst. Pref,UR-AIIMS-IP
0,1156,Gujarat,"AIIMS, Rajkot",OBG,AIIMS-All India,EWS
0,1157,Odisha,"AIIMS, Bhubaneswar",ENT,AIIMS-All India,OBC
0,1160,Rajasthan,"AIIMS, Jodhpur",ANAESTHESIOLOGY,AIIMS-All India,OBC
0,1164,Uttar Pradesh,"AIIMS, Gorakhpur",ORTHOPAEDICS,AIIMS-All India,OBC
0,1177,Delhi,"AIIMS, Delhi",PAEDIATRICS,AIIMS-All India,SC
0,1180,Maharashtra,"AIIMS, Nagpur",PSYCHIATRY,AIIMS-All India,OBC
0,1191,Maharashtra,"AIIMS, Nagpur",EMERGENCY MEDICINE,AIIMS-All India,OBC
0,1193,Andhra Pradesh,"AIIMS, Mangalagiri",ORTHOPAEDICS,AIIMS-Inst. Pref,UR-AIIMS-IP
0,1197,Uttar Pradesh,"AIIMS, Gorakhpur",PATHOLOGY,AIIMS-All India,UR
0,1200,Rajasthan,"AIIMS, Jodhpur",ANAESTHESIOLOGY,AIIMS-All India,EWS
0,1201,Pondicherry,"JIPMER, Puducherry",ANAESTHESIOLOGY,JIMPER-Inst. Pref,INST (JIPMER)
0,1202,Chandigarh,"PGIMER, Chandigarh",PAEDIATRICS,PGIMER-All India,ST
0,1204,Rajasthan,"AIIMS, Jodhpur",OPHTHALMOLOGY,AIIMS-All India,EWS
0,1208,Maharashtra,"AIIMS, Nagpur",EMERGENCY MEDICINE,AIIMS-All India,OBC
0,1210,Chhattisgarh,"AIIMS, Raipur",PATHOLOGY,AIIMS-All India,UR
0,1213,Andhra Pradesh,"AIIMS, Mangalagiri",PMR,AIIMS-All India,UR
0,1214,Pondicherry,"JIPMER, Puducherry",GENERAL MEDICINE,JIPMER-All India,SC
0,1215,Uttarakhand,"AIIMS, Rishikesh",ANAESTHESIOLOGY,AIIMS-All India,OBC
0,1217,Chandigarh,"PGIMER, Chandigarh",PATHOLOGY,PGIMER-All India,OBC
0,1218,Gujarat,"AIIMS, Rajkot",ORTHOPAEDICS,AIIMS-All India,OBC
0,1220,Odisha,"AIIMS, Bhubaneswar",EMERGENCY MEDICINE,AIIMS-All India,EWS
0,1226,Andhra Pradesh,"AIIMS, Mangalagiri",OBG,AIIMS-All India,EWS
0,1243,Rajasthan,"AIIMS, Jodhpur",ANAESTHESIOLOGY,AIIMS-All India,OBC
0,1244,Rajasthan,"AIIMS, Jodhpur",FORENSIC MEDICINE,AIIMS-All India,UR
0,1248,Rajasthan,"AIIMS, Jodhpur",NEUROSURGERY 6 YRS,AIIMS-Inst. Pref,UR-AIIMS-IP
0,1254,Rajasthan,"AIIMS, Jodhpur",ANAESTHESIOLOGY,AIIMS-All India,OBC
0,1258,Bihar,"AIIMS, Patna",ANAESTHESIOLOGY,AIIMS-All India,OBC
0,1263,Himachal Pradesh,"AIIMS, Bilaspur, Himachal",PATHOLOGY,AIIMS-All India,UR
0,1266,Odisha,"AIIMS, Bhubaneswar",COMMUNITY MEDICINE,AIIMS-All India,UR
0,1269,Chhattisgarh,"AIIMS, Raipur",ANAESTHESIOLOGY,AIIMS-All India,OBC
0,1274,Andhra Pradesh,"AIIMS, Mangalagiri",ENT,AIIMS-All India,OBC
0,1279,Uttar Pradesh,"AIIMS, Gorakhpur",GENERAL SURGERY,AIIMS-Inst. Pref,UR-AIIMS-IP
0,1284,Maharashtra,"AIIMS, Nagpur",ANAESTHESIOLOGY,AIIMS-All India,OBC
0,1287,Uttarakhand,"AIIMS, Rishikesh",FORENSIC MEDICINE,AIIMS-All India,UR
0,1289,Andhra Pradesh,"AIIMS, Mangalagiri",GENERAL SURGERY,AIIMS-All India,EWS
0,1301,Bihar,"AIIMS, Patna",ANAESTHESIOLOGY,AIIMS-All India,OBC
0,1307,Jharkhand,"AIIMS, Deoghar",GENERAL SURGERY,AIIMS-All India,OBC
0,1308,Gujarat,"AIIMS, Rajkot",PATHOLOGY,AIIMS-All India,UR
0,1314,Chandigarh,"PGIMER, Chandigarh",PHARMACOLOGY,PGIMER-All India,UR
0,1318,Pondicherry,"JIPMER, Puducherry",GENERAL MEDICINE,JIPMER-All India,SC
0,1320,Pondicherry,"JIPMER, Puducherry",GENERAL SURGERY,JIPMER-All India,SC
0,1322,Pondicherry,"JIPMER, Puducherry",PAEDIATRICS,JIPMER-All India,SC
0,1323,Assam,"AIIMS, Guwahati",OBG,AIIMS-All India,EWS
0,1335,Uttarakhand,"AIIMS, Rishikesh",ENT,AIIMS-All India,OBC
0,1337,Jammu and Kashmir,"AIIMS, Jammu",GENERAL SURGERY,AIIMS-All India,OBC
0,1339,Delhi,"AIIMS, Delhi",RADIO DIAGNOSIS,AIIMS-All India,UR-PwD
0,1343,Uttar Pradesh,"AIIMS, Gorakhpur",EMERGENCY MEDICINE,AIIMS-All India,OBC
0,1354,Madhya Pradesh,"AIIMS, Bhopal",ENT,AIIMS-Inst. Pref,UR-AIIMS-IP
0,1361,Madhya Pradesh,"AIIMS, Bhopal",ANAESTHESIOLOGY,AIIMS-All India,EWS
0,1363,Pondicherry,"JIPMER, Puducherry",RADIATION ONCOLOGY,JIMPER-Inst. Pref,INST (JIPMER)
0,1365,Maharashtra,"AIIMS, Nagpur",ANAESTHESIOLOGY,AIIMS-All India,OBC
0,1367,Chandigarh,"PGIMER, Chandigarh",PATHOLOGY,PGIMER-All India,OBC
0,1368,Maharashtra,"AIIMS, Nagpur",GENERAL SURGERY,AIIMS-Inst. Pref,UR-AIIMS-IP
0,1370,Jammu and Kashmir,"AIIMS, Jammu",ORTHOPAEDICS,AIIMS-All India,OBC
0,1376,Madhya Pradesh,"AIIMS, Bhopal",MICROBIOLOGY,AIIMS-All India,UR
0,1378,Maharashtra,"AIIMS, Nagpur",PATHOLOGY,AIIMS-All India,UR
0,1382,Jharkhand,"AIIMS, Deoghar",ORTHOPAEDICS,AIIMS-All India,OBC
0,1396,Bihar,"AIIMS, Patna",RADIO DIAGNOSIS,AIIMS-All India,SC
0,1399,Karnataka,"NIMHANS, Bangalore",PSYCHIATRY,NIMHANS-KAR Domicile,OBC-Karnataka Domicile
0,1403,Bihar,"AIIMS, Patna",EMERGENCY MEDICINE,AIIMS-Inst. Pref,UR-AIIMS-IP
0,1413,Uttarakhand,"AIIMS, Rishikesh",MICROBIOLOGY,AIIMS-Inst. Pref,UR-AIIMS-IP
0,1424,Chhattisgarh,"AIIMS, Raipur",ANAESTHESIOLOGY,AIIMS-All India,OBC
0,1427,Delhi,"AIIMS, Delhi",OBG,AIIMS-Inst. Pref,UR-AIIMS-IP
0,1431,Gujarat,"AIIMS, Rajkot",ANAESTHESIOLOGY,AIIMS-All India,OBC
0,1435,Pondicherry,"JIPMER, Puducherry",PMR,JIPMER-All India,OBC
0,1439,Chhattisgarh,"AIIMS, Raipur",ORTHOPAEDICS,AIIMS-Inst. Pref,UR-AIIMS-IP
0,1443,Pondicherry,"JIPMER, Puducherry",COMMUNITY MEDICINE,JIPMER-All India,SC
0,1452,Jammu and Kashmir,"AIIMS, Jammu",EMERGENCY MEDICINE,AIIMS-All India,OBC
0,1453,Bihar,"AIIMS, Patna",RADIATION ONCOLOGY,AIIMS-All India,OBC
0,1455,Bihar,"AIIMS, Patna",ENT,AIIMS-All India,OBC
0,1457,Maharashtra,"AIIMS, Nagpur",ENT,AIIMS-All India,OBC
0,1462,Himachal Pradesh,"AIIMS, Bilaspur, Himachal",ENT,AIIMS-All India,OBC
0,1464,Chhattisgarh,"AIIMS, Raipur",PSYCHIATRY,AIIMS-Inst. Pref,UR-AIIMS-IP
0,1476,Jammu and Kashmir,"AIIMS, Jammu",ANAESTHESIOLOGY,AIIMS-All India,OBC
0,1484,Jharkhand,"AIIMS, Deoghar",ANAESTHESIOLOGY,AIIMS-All India,OBC
0,1486,Chhattisgarh,"AIIMS, Raipur",PATHOLOGY,AIIMS-All India,UR
0,1490,Assam,"AIIMS, Guwahati",ORTHOPAEDICS,AIIMS-All India,OBC
0,1492,Chhattisgarh,"AIIMS, Raipur",RADIATION ONCOLOGY,AIIMS-All India,OBC
0,1493,Himachal Pradesh,"AIIMS, Bilaspur, Himachal",ORTHOPAEDICS,AIIMS-All India,OBC
0,1509,Gujarat,"AIIMS, Rajkot",FAMILY MEDICINE,AIIMS-All India,UR
0,1514,Pondicherry,"JIPMER, Puducherry",ANAESTHESIOLOGY,JIMPER-Inst. Pref,INST (JIPMER)
0,1517,Chhattisgarh,"AIIMS, Raipur",FAMILY MEDICINE,AIIMS-All India,OBC
0,1527,Odisha,"AIIMS, Bhubaneswar",COMMUNITY MEDICINE,AIIMS-Inst. Pref,UR-AIIMS-IP
0,1529,Gujarat,"AIIMS, Rajkot",OPHTHALMOLOGY,AIIMS-All India,OBC
0,1530,West Bengal,"AIIMS, Kalyani",PATHOLOGY,AIIMS-All India,UR
0,1539,Punjab,"AIIMS, Bathinda",OPHTHALMOLOGY,AIIMS-All India,EWS
0,1540,West Bengal,"AIIMS, Kalyani",ANAESTHESIOLOGY,AIIMS-All India,OBC
0,1545,Delhi,"AIIMS, Delhi",ANATOMY,AIIMS-All India,UR
0,1556,Rajasthan,"AIIMS, Jodhpur",COMMUNITY MEDICINE,AIIMS-Inst. Pref,UR-AIIMS-IP
0,1568,Madhya Pradesh,"AIIMS, Bhopal",ANAESTHESIOLOGY,AIIMS-Inst. Pref,UR-AIIMS-IP
0,1572,Jharkhand,"AIIMS, Deoghar",PATHOLOGY,AIIMS-All India,UR
0,1585,Jammu and Kashmir,"AIIMS, Jammu",OPHTHALMOLOGY,AIIMS-All India,OBC
0,1596,West Bengal,"AIIMS, Kalyani",PATHOLOGY,AIIMS-All India,UR
0,1601,Bihar,"AIIMS, Patna",PSYCHIATRY,AIIMS-All India,OBC
0,1604,Chhattisgarh,"AIIMS, Raipur",IHBT,AIIMS-All India,UR
0,1606,Jharkhand,"AIIMS, Deoghar",ENT,AIIMS-All India,OBC
0,1610,Himachal Pradesh,"AIIMS, Bilaspur, Himachal",ANAESTHESIOLOGY,AIIMS-All India,OBC
0,1611,Odisha,"AIIMS, Bhubaneswar",HOSPITAL ADMINISTRATION,AIIMS-All India,UR
0,1617,Jharkhand,"AIIMS, Deoghar",ANAESTHESIOLOGY,AIIMS-All India,OBC
0,1618,Uttarakhand,"AIIMS, Rishikesh",ANAESTHESIOLOGY,AIIMS-All India,EWS
0,1619,Gujarat,"AIIMS, Rajkot",ENT,AIIMS-All India,OBC
0,1624,Chandigarh,"PGIMER, Chandigarh",COMMUNITY MEDICINE,PGIMER-All India,OBC
0,1628,Maharashtra,"AIIMS, Nagpur",RADIO DIAGNOSIS,AIIMS-All India,SC
0,1630,Chhattisgarh,"AIIMS, Raipur",ANAESTHESIOLOGY,AIIMS-All India,EWS
0,1637,Jammu and Kashmir,"AIIMS, Jammu",HOSPITAL ADMINISTRATION,AIIMS-All India,UR
0,1642,Bihar,"AIIMS, Patna",GENERAL MEDICINE,AIIMS-All India,SC
0,1652,Delhi,"AIIMS, Delhi",ANATOMY,AIIMS-All India,OBC
0,1663,Maharashtra,"AIIMS, Nagpur",GENERAL MEDICINE,AIIMS-All India,SC
0,1668,Madhya Pradesh,"AIIMS, Bhopal",PATHOLOGY,AIIMS-All India,OBC
0,1670,Assam,"AIIMS, Guwahati",PMR,AIIMS-All India,UR
0,1671,Himachal Pradesh,"AIIMS, Bilaspur, Himachal",PSYCHIATRY,AIIMS-All India,OBC
0,1681,Delhi,"AIIMS, Delhi",DERMATOLOGY,AIIMS-All India,ST
0,1682,Chandigarh,"PGIMER, Chandigarh",MICROBIOLOGY,PGIMER-All India,UR
0,1687,Uttar Pradesh,"AIIMS, Rai Bareli",MICROBIOLOGY,AIIMS-All India,UR
0,1702,Delhi,"AIIMS, Delhi",PATHOLOGY,AIIMS-All India,EWS
0,1708,Odisha,"AIIMS, Bhubaneswar",PMR,AIIMS-Inst. Pref,UR-AIIMS-IP
0,1709,Maharashtra,"AIIMS, Nagpur",ANAESTHESIOLOGY,AIIMS-All India,EWS
0,1714,Jharkhand,"AIIMS, Deoghar",PSYCHIATRY,AIIMS-All India,EWS
0,1715,Maharashtra,"AIIMS, Nagpur",RADIATION ONCOLOGY,AIIMS-All India,OBC
0,1725,Gujarat,"AIIMS, Rajkot",RADIATION ONCOLOGY,AIIMS-All India,OBC
0,1740,Chhattisgarh,"AIIMS, Raipur",GENERAL MEDICINE,AIIMS-All India,SC
0,1746,Delhi,"AIIMS, Delhi",IHBT,AIIMS-All India,OBC
0,1752,Rajasthan,"AIIMS, Jodhpur",ANATOMY,AIIMS-All India,UR
0,1753,Maharashtra,"AIIMS, Nagpur",GENERAL SURGERY,AIIMS-Inst. Pref,UR-AIIMS-IP
0,1754,Jammu and Kashmir,"AIIMS, Jammu",ENT,AIIMS-All India,OBC
0,1757,Chhattisgarh,"AIIMS, Raipur",COMMUNITY MEDICINE,AIIMS-All India,UR
0,1769,Maharashtra,"AIIMS, Nagpur",DERMATOLOGY,AIIMS-All India,SC
0,1774,Madhya Pradesh,"AIIMS, Bhopal",PHARMACOLOGY,AIIMS-All India,UR
0,1781,Rajasthan,"AIIMS, Jodhpur",PATHOLOGY,AIIMS-All India,OBC
0,1784,Maharashtra,"AIIMS, Nagpur",GENERAL MEDICINE,AIIMS-All India,SC
0,1785,Delhi,"AIIMS, Delhi",PHARMACOLOGY,AIIMS-All India,OBC
0,1801,Maharashtra,"AIIMS, Nagpur",PHARMACOLOGY,AIIMS-All India,UR
0,1808,Chandigarh,"PGIMER, Chandigarh",PAEDIATRICS,PGIMER-All India,SC
0,1813,Chandigarh,"PGIMER, Chandigarh",GENERAL MEDICINE,PGIMER-All India,ST
0,1814,Delhi,"AIIMS, Delhi",OBG,AIIMS-All India,SC
0,1819,Odisha,"AIIMS, Bhubaneswar",PATHOLOGY,AIIMS-All India,OBC
0,1825,Uttar Pradesh,"AIIMS, Rai Bareli",GENERAL MEDICINE,AIIMS-All India,SC
0,1826,Rajasthan,"AIIMS, Jodhpur",ANAESTHESIOLOGY,AIIMS-Inst. Pref,UR-AIIMS-IP
0,1828,Pondicherry,"JIPMER, Puducherry",NUCLEAR MEDICINE,JIPMER-All India,ST
0,1837,Jammu and Kashmir,"AIIMS, Jammu",RADIATION ONCOLOGY,AIIMS-All India,OBC
0,1852,Pondicherry,"JIPMER, Puducherry",COMMUNITY MEDICINE,JIMPER-Inst. Pref,INST (JIPMER)
0,1872,Uttar Pradesh,"AIIMS, Gorakhpur",PSYCHIATRY,AIIMS-All India,OBC
0,1892,Madhya Pradesh,"AIIMS, Bhopal",ORTHOPAEDICS,AIIMS-All India,SC
0,1896,Delhi,"AIIMS, Delhi",OBG,AIIMS-Inst. Pref,UR-AIIMS-IP
0,1912,Chandigarh,"PGIMER, Chandigarh",MICROBIOLOGY,PGIMER-All India,UR
0,1915,Madhya Pradesh,"AIIMS, Bhopal",ANAESTHESIOLOGY,AIIMS-Inst. Pref,UR-AIIMS-IP
0,1924,Delhi,"AIIMS, Delhi",HOSPITAL ADMINISTRATION,AIIMS-All India,OBC
0,1929,Pondicherry,"JIPMER, Puducherry",COMMUNITY MEDICINE,JIMPER-Inst. Pref,INST (JIPMER)
0,1933,Delhi,"AIIMS, Delhi",BIOPHYSICS,AIIMS-Inst. Pref,UR-AIIMS-IP
0,1946,Chhattisgarh,"AIIMS, Raipur",ENT,AIIMS-All India,EWS
0,1949,Delhi,"AIIMS, Delhi",EMERGENCY MEDICINE,AIIMS-All India,SC
0,1952,Odisha,"AIIMS, Bhubaneswar",IHBT,AIIMS-Inst. Pref,UR-AIIMS-IP
0,1954,Odisha,"AIIMS, Bhubaneswar",ANATOMY,AIIMS-All India,UR
0,1967,Chhattisgarh,"AIIMS, Raipur",MICROBIOLOGY,AIIMS-All India,OBC
0,1970,Jharkhand,"AIIMS, Deoghar",OPHTHALMOLOGY,AIIMS-All India,EWS
0,1971,Rajasthan,"AIIMS, Jodhpur",PHARMACOLOGY,AIIMS-All India,UR
0,1974,Rajasthan,"AIIMS, Jodhpur",DERMATOLOGY,AIIMS-All India,SC
0,1989,Uttar Pradesh,"AIIMS, Rai Bareli",COMMUNITY MEDICINE,AIIMS-Inst. Pref,UR-AIIMS-IP
0,2007,Pondicherry,"JIPMER, Puducherry",PATHOLOGY,JIPMER-All India,EWS
0,2008,Uttar Pradesh,"AIIMS, Gorakhpur",GENERAL MEDICINE,AIIMS-All India,SC
0,2020,Chandigarh,"PGIMER, Chandigarh",IHBT,PGIMER-All India,OBC
0,2031,Himachal Pradesh,"AIIMS, Bilaspur, Himachal",ANAESTHESIOLOGY,AIIMS-All India,EWS
0,2032,Gujarat,"AIIMS, Rajkot",OPHTHALMOLOGY,AIIMS-All India,EWS
0,2035,Chandigarh,"PGIMER, Chandigarh",MICROBIOLOGY,PGIMER-All India,OBC
0,2037,Delhi,"AIIMS, Delhi",HOSPITAL ADMINISTRATION,AIIMS-All India,OBC
0,2048,Gujarat,"AIIMS, Rajkot",MICROBIOLOGY,AIIMS-All India,UR
0,2057,Rajasthan,"AIIMS, Jodhpur",EMERGENCY MEDICINE,AIIMS-Inst. Pref,UR-AIIMS-IP
0,2061,Rajasthan,"AIIMS, Jodhpur",PMR,AIIMS-All India,OBC
0,2063,Maharashtra,"AIIMS, Nagpur",PATHOLOGY,AIIMS-All India,OBC
0,2066,Chandigarh,"PGIMER, Chandigarh",PHARMACOLOGY,PGIMER-All India,UR
0,2068,Jammu and Kashmir,"AIIMS, Jammu",COMMUNITY MEDICINE,AIIMS-All India,UR
0,2072,Chandigarh,"PGIMER, Chandigarh",BIOCHEMISTRY,PGIMER-All India,UR
0,2073,Chhattisgarh,"AIIMS, Raipur",PSYCHIATRY,AIIMS-All India,EWS
0,2076,Odisha,"AIIMS, Bhubaneswar",HOSPITAL ADMINISTRATION,AIIMS-All India,OBC
0,2082,Uttar Pradesh,"AIIMS, Gorakhpur",ENT,AIIMS-All India,EWS
0,2088,Chandigarh,"PGIMER, Chandigarh",PAEDIATRICS,PGIMER-All India,SC
0,2097,Odisha,"AIIMS, Bhubaneswar",IHBT,AIIMS-Inst. Pref,UR-AIIMS-IP
0,2101,Rajasthan,"AIIMS, Jodhpur",PAEDIATRIC SURGERY 6 YRS,AIIMS-Inst. Pref,UR-AIIMS-IP
0,2102,Chhattisgarh,"AIIMS, Raipur",DERMATOLOGY,AIIMS-All India,SC
0,2108,Odisha,"AIIMS, Bhubaneswar",IHBT,AIIMS-All India,OBC
0,2114,Chandigarh,"PGIMER, Chandigarh",OBG,PGIMER-Rural,UR-RA
0,2120,Pondicherry,"JIPMER, Puducherry",MICROBIOLOGY,JIPMER-All India,UR
0,2124,Uttar Pradesh,"AIIMS, Gorakhpur",DERMATOLOGY,AIIMS-All India,SC
0,2125,Telangana,"AIIMS, Bibinagar",IHBT,AIIMS-All India,UR
0,2128,Chandigarh,"PGIMER, Chandigarh",PAEDIATRICS,PGIMER-All India,SC
0,2130,Jammu and Kashmir,"AIIMS, Jammu",RADIATION ONCOLOGY,AIIMS-All India,EWS
0,2146,Delhi,"AIIMS, Delhi",OBG,AIIMS-All India,ST
0,2155,Rajasthan,"AIIMS, Jodhpur",FAMILY MEDICINE,AIIMS-Inst. Pref,UR-AIIMS-IP
0,2156,Delhi,"AIIMS, Delhi",BIOPHYSICS,AIIMS-Inst. Pref,UR-AIIMS-IP
0,2157,Rajasthan,"AIIMS, Jodhpur",PATHOLOGY,AIIMS-All India,OBC
0,2163,Odisha,"AIIMS, Bhubaneswar",COMMUNITY MEDICINE,AIIMS-All India,OBC
0,2164,Bihar,"AIIMS, Patna",TRAUMASURG&CC (6 YRS),AIIMS-Inst. Pref,UR-AIIMS-IP
0,2173,Chhattisgarh,"AIIMS, Raipur",ANAESTHESIOLOGY,AIIMS-Inst. Pref,UR-AIIMS-IP
0,2179,Jammu and Kashmir,"AIIMS, Jammu",IHBT,AIIMS-All India,UR
0,2197,Pondicherry,"JIPMER, Puducherry",FORENSIC MEDICINE,JIPMER-All India,OBC
0,2204,Madhya Pradesh,"AIIMS, Bhopal",GERIATRICS,AIIMS-Inst. Pref,UR-AIIMS-IP
0,2211,Jammu and Kashmir,"AIIMS, Jammu",COMMUNITY MEDICINE,AIIMS-All India,UR
0,2212,Karnataka,"NIMHANS, Bangalore",PSYCHIATRY,NIMHANS-NE Domicile,OBC-North East Domicile
0,2221,Pondicherry,"JIPMER, Puducherry",ANATOMY,JIPMER-All India,UR
0,2227,Assam,"AIIMS, Guwahati",COMMUNITY & FAMILY MEDICINE,AIIMS-All India,UR
0,2235,Rajasthan,"AIIMS, Jodhpur",NUCLEAR MEDICINE,AIIMS-All India,SC
0,2254,Rajasthan,"AIIMS, Jodhpur",EMERGENCY MEDICINE,AIIMS-All India,SC
0,2261,Madhya Pradesh,"AIIMS, Bhopal",BIOCHEMISTRY,AIIMS-All India,UR
0,2266,Assam,"AIIMS, Guwahati",PSYCHIATRY,AIIMS-All India,EWS
0,2274,West Bengal,"AIIMS, Kalyani",FORENSIC MEDICINE,AIIMS-All India,UR
0,2276,Odisha,"AIIMS, Bhubaneswar",ANATOMY,AIIMS-Inst. Pref,UR-AIIMS-IP
0,2281,Bihar,"AIIMS, Patna",IHBT,AIIMS-All India,OBC
0,2298,Rajasthan,"AIIMS, Jodhpur",RADIOTHERAPY & ONCOLOGY 6 YRS,AIIMS-Inst. Pref,UR-AIIMS-IP
0,2320,Pondicherry,"JIPMER, Puducherry",PHARMACOLOGY,JIPMER-All India,UR
0,2323,Uttar Pradesh,"AIIMS, Rai Bareli",PHARMACOLOGY,AIIMS-All India,UR
0,2333,Chandigarh,"PGIMER, Chandigarh",GENERAL SURGERY,PGIMER-Rural,UR-RA
0,2336,Pondicherry,"JIPMER, Puducherry",ANAESTHESIOLOGY,JIPMER-All India,SC
0,2349,Uttar Pradesh,"AIIMS, Gorakhpur",PHARMACOLOGY,AIIMS-Inst. Pref,UR-AIIMS-IP
0,2358,Maharashtra,"AIIMS, Nagpur",PATHOLOGY,AIIMS-All India,OBC
0,2373,Andhra Pradesh,"AIIMS, Mangalagiri",HOSPITAL ADMINISTRATION,AIIMS-All India,OBC
0,2390,Odisha,"AIIMS, Bhubaneswar",COMMUNITY MEDICINE,AIIMS-All India,OBC
0,2391,Himachal Pradesh,"AIIMS, Bilaspur, Himachal",COMMUNITY & FAMILY MEDICINE,AIIMS-All India,UR
0,2396,Andhra Pradesh,"AIIMS, Mangalagiri",COMMUNITY MEDICINE,AIIMS-All India,UR
0,2437,Andhra Pradesh,"AIIMS, Mangalagiri",PAEDIATRIC SURGERY 6 YRS,AIIMS-Inst. Pref,UR-AIIMS-IP
0,2444,Himachal Pradesh,"AIIMS, Bilaspur, Himachal",COMMUNITY & FAMILY MEDICINE,AIIMS-All India,UR
0,2462,Chhattisgarh,"AIIMS, Raipur",ANAESTHESIOLOGY,AIIMS-Inst. Pref,UR-AIIMS-IP
0,2463,Pondicherry,"JIPMER, Puducherry",MICROBIOLOGY,JIMPER-Inst. Pref,INST (JIPMER)
0,2487,Chhattisgarh,"AIIMS, Raipur",MICROBIOLOGY,AIIMS-Inst. Pref,UR-AIIMS-IP
0,2499,Jammu and Kashmir,"AIIMS, Jammu",ENT,AIIMS-All India,EWS
0,2513,Rajasthan,"AIIMS, Jodhpur",GENERAL MEDICINE,AIIMS-All India,OBC-PwD
0,2551,Assam,"AIIMS, Guwahati",DERMATOLOGY,AIIMS-All India,SC
0,2558,Pondicherry,"JIPMER, Puducherry",MICROBIOLOGY,JIPMER-All India,OBC-PwD
0,2567,Pondicherry,"JIPMER, Puducherry",GENERAL SURGERY,JIPMER-All India,SC
0,2572,Jammu and Kashmir,"AIIMS, Jammu",COMMUNITY MEDICINE,AIIMS-All India,UR
0,2579,Bihar,"AIIMS, Patna",CARDIO THORACIC AND VASCULAR SURGERY 6 YRS,AIIMS-Inst. Pref,UR-AIIMS-IP
0,2609,Rajasthan,"AIIMS, Jodhpur",PAEDIATRICS,AIIMS-All India,SC
0,2610,Bihar,"AIIMS, Patna",MICROBIOLOGY,AIIMS-All India,UR
0,2611,Odisha,"AIIMS, Bhubaneswar",BIOCHEMISTRY,AIIMS-Inst. Pref,UR-AIIMS-IP
0,2647,Delhi,"AIIMS, Delhi",MICROBIOLOGY,AIIMS-All India,EWS
0,2649,Jammu and Kashmir,"AIIMS, Jammu",MICROBIOLOGY,AIIMS-All India,UR
0,2666,Pondicherry,"JIPMER, Puducherry",GENERAL SURGERY,JIPMER-All India,SC
0,2667,Delhi,"AIIMS, Delhi",PHYSIOLOGY,AIIMS-All India,EWS
0,2669,Uttar Pradesh,"AIIMS, Gorakhpur",OPHTHALMOLOGY,AIIMS-Inst. Pref,UR-AIIMS-IP
0,2675,Delhi,"AIIMS, Delhi",BIOPHYSICS,AIIMS-All India,OBC
0,2681,Maharashtra,"AIIMS, Nagpur",GENERAL SURGERY,AIIMS-Inst. Pref,UR-AIIMS-IP
0,2685,Gujarat,"AIIMS, Rajkot",GENERAL SURGERY,AIIMS-All India,SC
0,2697,Chhattisgarh,"AIIMS, Raipur",PHYSIOLOGY,AIIMS-All India,UR
0,2742,Andhra Pradesh,"AIIMS, Mangalagiri",BIOCHEMISTRY,AIIMS-All India,UR
0,2744,Pondicherry,"JIPMER, Puducherry",ANAESTHESIOLOGY,JIPMER-All India,SC
0,2746,Madhya Pradesh,"AIIMS, Bhopal",HOSPITAL ADMINISTRATION,AIIMS-All India,OBC
0,2750,Chandigarh,"PGIMER, Chandigarh",ORTHOPAEDICS,PGIMER-All India,SC
0,2753,Jammu and Kashmir,"AIIMS, Jammu",COMMUNITY MEDICINE,AIIMS-All India,UR
0,2793,Rajasthan,"AIIMS, Jodhpur",PHYSIOLOGY,AIIMS-All India,UR
0,2797,Rajasthan,"AIIMS, Jodhpur",COMMUNITY MEDICINE,AIIMS-All India,OBC
0,2815,Chandigarh,"PGIMER, Chandigarh",GENERAL SURGERY,PGIMER-All India,ST
0,2820,Pondicherry,"JIPMER, Puducherry",BIOCHEMISTRY,JIPMER-All India,OBC
0,2859,Gujarat,"AIIMS, Rajkot",MICROBIOLOGY,AIIMS-All India,OBC
0,2862,Bihar,"AIIMS, Patna",ANAESTHESIOLOGY,AIIMS-Inst. Pref,UR-AIIMS-IP
0,2871,Delhi,"AIIMS, Delhi",ORTHOPAEDICS,AIIMS-All India,ST
0,2891,Maharashtra,"AIIMS, Nagpur",PAEDIATRICS,AIIMS-All India,SC
0,2906,Chandigarh,"PGIMER, Chandigarh",OBG,PGIMER-All India,SC
0,2938,Chhattisgarh,"AIIMS, Raipur",PATHOLOGY,AIIMS-All India,OBC
0,2942,Rajasthan,"AIIMS, Jodhpur",GENERAL SURGERY,AIIMS-All India,SC
0,2954,Rajasthan,"AIIMS, Jodhpur",HOSPITAL ADMINISTRATION,AIIMS-All India,OBC
0,2966,Uttar Pradesh,"AIIMS, Rai Bareli",PATHOLOGY,AIIMS-All India,OBC
0,2986,Assam,"AIIMS, Guwahati",PATHOLOGY,AIIMS-All India,OBC
0,2988,Uttar Pradesh,"AIIMS, Rai Bareli",ANATOMY,AIIMS-Inst. Pref,UR-AIIMS-IP
0,2992,Bihar,"AIIMS, Patna",ANAESTHESIOLOGY,AIIMS-Inst. Pref,UR-AIIMS-IP
0,2994,Rajasthan,"AIIMS, Jodhpur",BIOCHEMISTRY,AIIMS-All India,UR
0,3039,Rajasthan,"AIIMS, Jodhpur",OBG,AIIMS-All India,SC
0,3049,Bihar,"AIIMS, Patna",PAEDIATRICS,AIIMS-All India,SC
0,3062,Odisha,"AIIMS, Bhubaneswar",PAEDIATRICS,AIIMS-All India,SC
0,3066,Madhya Pradesh,"AIIMS, Bhopal",GENERAL SURGERY,AIIMS-All India,SC
0,3069,Uttarakhand,"AIIMS, Rishikesh",EMERGENCY MEDICINE,AIIMS-Inst. Pref,UR-AIIMS-IP
0,3070,Delhi,"AIIMS, Delhi",ANAESTHESIOLOGY,AIIMS-All India,SC
0,3080,Maharashtra,"AIIMS, Nagpur",FAMILY MEDICINE,AIIMS-All India,EWS
0,3093,Rajasthan,"AIIMS, Jodhpur",ANAESTHESIOLOGY,AIIMS-Inst. Pref,UR-AIIMS-IP
0,3097,Delhi,"AIIMS, Delhi",ENT,AIIMS-Inst. Pref,UR-AIIMS-IP
0,3101,Rajasthan,"AIIMS, Jodhpur",ANAESTHESIOLOGY,AIIMS-Inst. Pref,UR-AIIMS-IP
0,3102,Andhra Pradesh,"AIIMS, Mangalagiri",GENERAL SURGERY,AIIMS-All India,SC
0,3104,Jammu and Kashmir,"AIIMS, Jammu",PHARMACOLOGY,AIIMS-All India,UR
0,3119,Andhra Pradesh,"AIIMS, Mangalagiri",ORTHOPAEDICS,AIIMS-All India,SC
0,3135,Delhi,"AIIMS, Delhi",PSYCHIATRY,AIIMS-All India,SC
0,3139,Odisha,"AIIMS, Bhubaneswar",GENERAL SURGERY,AIIMS-All India,SC
0,3169,Uttarakhand,"AIIMS, Rishikesh",EMERGENCY MEDICINE,AIIMS-Inst. Pref,UR-AIIMS-IP
0,3171,Delhi,"AIIMS, Delhi",OPHTHALMOLOGY,AIIMS-All India,ST
0,3172,Delhi,"AIIMS, Delhi",ENT,AIIMS-Inst. Pref,UR-AIIMS-IP
0,3173,Delhi,"AIIMS, Delhi",ANATOMY,AIIMS-All India,OBC
0,3210,Chhattisgarh,"AIIMS, Raipur",PSYCHIATRY,AIIMS-All India,SC
0,3218,Jammu and Kashmir,"AIIMS, Jammu",PHARMACOLOGY,AIIMS-All India,UR
0,3231,Jammu and Kashmir,"AIIMS, Jammu",PHYSIOLOGY,AIIMS-All India,UR
0,3251,Bihar,"AIIMS, Patna",PHYSIOLOGY,AIIMS-All India,UR
0,3274,Maharashtra,"AIIMS, Nagpur",GENERAL SURGERY,AIIMS-Inst. Pref,UR-AIIMS-IP
0,3280,Chhattisgarh,"AIIMS, Raipur",COMMUNITY MEDICINE,AIIMS-All India,OBC
0,3282,Bihar,"AIIMS, Patna",ANATOMY,AIIMS-All India,UR
0,3286,Andhra Pradesh,"AIIMS, Mangalagiri",OBG,AIIMS-All India,SC
0,3304,Andhra Pradesh,"AIIMS, Mangalagiri",IHBT,AIIMS-All India,OBC
0,3313,Maharashtra,"AIIMS, Nagpur",PMR,AIIMS-All India,OBC
0,3314,Delhi,"AIIMS, Delhi",PHYSIOLOGY,AIIMS-All India,OBC
0,3318,Rajasthan,"AIIMS, Jodhpur",PATHOLOGY,AIIMS-All India,EWS
0,3323,Chhattisgarh,"AIIMS, Raipur",OBG,AIIMS-All India,SC
0,3363,Maharashtra,"AIIMS, Nagpur",PLASTIC SURGERY 6 YRS,AIIMS-Inst. Pref,UR-AIIMS-IP
0,3365,Delhi,"AIIMS, Delhi",ANATOMY,AIIMS-All India,EWS
0,3366,Gujarat,"AIIMS, Rajkot",PATHOLOGY,AIIMS-All India,OBC
0,3369,Karnataka,"NIMHANS, Bangalore",PSYCHIATRY,NIMHANS-All India,SC
0,3370,Maharashtra,"AIIMS, Nagpur",ORTHOPAEDICS,AIIMS-Inst. Pref,UR-AIIMS-IP
0,3372,Uttarakhand,"AIIMS, Rishikesh",IHBT,AIIMS-Inst. Pref,UR-AIIMS-IP
0,3380,Jharkhand,"AIIMS, Deoghar",COMMUNITY & FAMILY MEDICINE,AIIMS-All India,OBC
0,3401,Uttar Pradesh,"AIIMS, Gorakhpur",PSYCHIATRY,AIIMS-Inst. Pref,UR-AIIMS-IP
0,3418,Gujarat,"AIIMS, Rajkot",FORENSIC MEDICINE,AIIMS-All India,UR
0,3437,Bihar,"AIIMS, Patna",PMR,AIIMS-All India,OBC
0,3443,West Bengal,"AIIMS, Kalyani",PAEDIATRICS,AIIMS-All India,SC
0,3449,Maharashtra,"AIIMS, Nagpur",ORTHOPAEDICS,AIIMS-All India,SC
0,3450,Himachal Pradesh,"AIIMS, Bilaspur, Himachal",ENT,AIIMS-All India,SC
0,3462,Jammu and Kashmir,"AIIMS, Jammu",HOSPITAL ADMINISTRATION,AIIMS-All India,OBC
0,3475,Punjab,"AIIMS, Bathinda",PAEDIATRIC SURGERY 6 YRS,AIIMS-Inst. Pref,UR-AIIMS-IP
0,3482,Uttarakhand,"AIIMS, Rishikesh",EMERGENCY MEDICINE,AIIMS-All India,SC
0,3486,Uttar Pradesh,"AIIMS, Rai Bareli",IHBT,AIIMS-All India,OBC
0,3524,Delhi,"AIIMS, Delhi",ANAESTHESIOLOGY,AIIMS-All India,ST
0,3526,Maharashtra,"AIIMS, Nagpur",GENERAL SURGERY,AIIMS-All India,SC
0,3529,Jammu and Kashmir,"AIIMS, Jammu",PATHOLOGY,AIIMS-All India,OBC
0,3532,Gujarat,"AIIMS, Rajkot",PAEDIATRICS,AIIMS-All India,SC
0,3535,Chhattisgarh,"AIIMS, Raipur",GENERAL SURGERY,AIIMS-All India,SC
0,3538,Pondicherry,"JIPMER, Puducherry",PHYSIOLOGY,JIPMER-All India,OBC
0,3541,Uttar Pradesh,"AIIMS, Rai Bareli",GENERAL SURGERY,AIIMS-Inst. Pref,UR-AIIMS-IP
0,3564,Chhattisgarh,"AIIMS, Raipur",PMR,AIIMS-All India,OBC
0,3568,Punjab,"AIIMS, Bathinda",GENERAL SURGERY,AIIMS-All India,SC
0,3587,Uttar Pradesh,"AIIMS, Rai Bareli",PAEDIATRICS,AIIMS-All India,SC
0,3595,Telangana,"AIIMS, Bibinagar",IHBT,AIIMS-All India,OBC
0,3605,Uttar Pradesh,"AIIMS, Rai Bareli",PAEDIATRICS,AIIMS-All India,SC
0,3618,Pondicherry,"JIPMER, Puducherry",TBRD,JIPMER-All India,ST
0,3621,Andhra Pradesh,"AIIMS, Mangalagiri",MICROBIOLOGY,AIIMS-All India,OBC
0,3633,Maharashtra,"AIIMS, Nagpur",HOSPITAL ADMINISTRATION,AIIMS-All India,OBC
0,3648,Telangana,"AIIMS, Bibinagar",BIOCHEMISTRY,AIIMS-All India,UR
0,3650,Bihar,"AIIMS, Patna",BIOCHEMISTRY,AIIMS-All India,UR
0,3662,Maharashtra,"AIIMS, Nagpur",COMMUNITY MEDICINE,AIIMS-All India,OBC
0,3664,Uttar Pradesh,"AIIMS, Rai Bareli",PHYSIOLOGY,AIIMS-All India,UR
0,3665,Uttarakhand,"AIIMS, Rishikesh",ANATOMY,AIIMS-Inst. Pref,UR-AIIMS-IP
0,3668,Madhya Pradesh,"AIIMS, Bhopal",COMMUNITY MEDICINE,AIIMS-Inst. Pref,UR-AIIMS-IP
0,3681,Maharashtra,"AIIMS, Nagpur",NEUROSURGERY 6 YRS,AIIMS-Inst. Pref,UR-AIIMS-IP
0,3691,Rajasthan,"AIIMS, Jodhpur",IHBT,AIIMS-Inst. Pref,UR-AIIMS-IP
0,3705,Chhattisgarh,"AIIMS, Raipur",IHBT,AIIMS-All India,OBC
0,3708,Uttar Pradesh,"AIIMS, Rai Bareli",PATHOLOGY,AIIMS-All India,OBC
0,3719,Maharashtra,"AIIMS, Nagpur",PAEDIATRIC SURGERY 6 YRS,AIIMS-Inst. Pref,UR-AIIMS-IP
0,3729,Uttarakhand,"AIIMS, Rishikesh",OPHTHALMOLOGY,AIIMS-All India,SC
0,3731,Maharashtra,"AIIMS, Nagpur",GENERAL SURGERY,AIIMS-All India,SC
0,3800,Uttarakhand,"AIIMS, Rishikesh",ANATOMY,AIIMS-All India,UR
0,3807,Delhi,"AIIMS, Delhi",BIOCHEMISTRY,AIIMS-All India,EWS
0,3830,Himachal Pradesh,"AIIMS, Bilaspur, Himachal",ORTHOPAEDICS,AIIMS-All India,SC
0,3831,Pondicherry,"JIPMER, Puducherry",ORTHOPAEDICS,JIPMER-All India,SC
0,3852,Jammu and Kashmir,"AIIMS, Jammu",FORENSIC MEDICINE,AIIMS-All India,UR
0,3865,Pondicherry,"JIPMER, Puducherry",ORTHOPAEDICS,JIPMER-All India,SC
0,3868,Chandigarh,"PGIMER, Chandigarh",ANAESTHESIOLOGY,PGIMER-All India,SC
0,3897,Gujarat,"AIIMS, Rajkot",ANATOMY,AIIMS-All India,UR
0,3929,Delhi,"AIIMS, Delhi",ANAESTHESIOLOGY,AIIMS-Inst. Pref,UR-AIIMS-IP
0,3938,Telangana,"AIIMS, Bibinagar",HOSPITAL ADMINISTRATION,AIIMS-All India,OBC
0,3947,Jammu and Kashmir,"AIIMS, Jammu",PAEDIATRICS,AIIMS-All India,SC
0,3951,Jharkhand,"AIIMS, Deoghar",ANATOMY,AIIMS-All India,UR
0,4010,West Bengal,"AIIMS, Kalyani",BIOCHEMISTRY,AIIMS-All India,UR
0,4018,Maharashtra,"AIIMS, Nagpur",PMR,AIIMS-All India,EWS
0,4029,Odisha,"AIIMS, Bhubaneswar",FORENSIC MEDICINE,AIIMS-All India,OBC
0,4049,Assam,"AIIMS, Guwahati",PMR,AIIMS-All India,EWS
0,4062,Jharkhand,"AIIMS, Deoghar",ORTHOPAEDICS,AIIMS-Inst. Pref,UR-AIIMS-IP
0,4065,West Bengal,"AIIMS, Kalyani",BIOCHEMISTRY,AIIMS-All India,UR
0,4096,Gujarat,"AIIMS, Rajkot",PHYSIOLOGY,AIIMS-All India,UR
0,4105,Jammu and Kashmir,"AIIMS, Jammu",PATHOLOGY,AIIMS-All India,EWS
0,4119,Uttarakhand,"AIIMS, Rishikesh",GERIATRICS,AIIMS-All India,SC
0,4124,Assam,"AIIMS, Guwahati",BIOCHEMISTRY,AIIMS-All India,UR
0,4128,Gujarat,"AIIMS, Rajkot",BIOCHEMISTRY,AIIMS-All India,UR
0,4144,Maharashtra,"AIIMS, Nagpur",PAEDIATRIC SURGERY 6 YRS,AIIMS-Inst. Pref,UR-AIIMS-IP
0,4163,Madhya Pradesh,"AIIMS, Bhopal",FORENSIC MEDICINE,AIIMS-All India,OBC
0,4186,Chhattisgarh,"AIIMS, Raipur",ANAESTHESIOLOGY,AIIMS-All India,SC
0,4189,Odisha,"AIIMS, Bhubaneswar",BIOCHEMISTRY,AIIMS-All India,OBC
0,4206,Delhi,"AIIMS, Delhi",GERIATRICS,AIIMS-Inst. Pref,UR-AIIMS-IP
0,4216,Jammu and Kashmir,"AIIMS, Jammu",OBG,AIIMS-All India,SC
0,4217,Himachal Pradesh,"AIIMS, Bilaspur, Himachal",GENERAL SURGERY,AIIMS-All India,SC
0,4228,Jammu and Kashmir,"AIIMS, Jammu",FORENSIC MEDICINE,AIIMS-All India,UR
0,4286,Chandigarh,"PGIMER, Chandigarh",ANAESTHESIOLOGY,PGIMER-Rural,UR-RA
0,4334,Bihar,"AIIMS, Patna",EMERGENCY MEDICINE,AIIMS-All India,SC
0,4336,Delhi,"AIIMS, Delhi",HOSPITAL ADMINISTRATION,AIIMS-All India,SC
0,4341,Chandigarh,"PGIMER, Chandigarh",ANAESTHESIOLOGY,PGIMER-All India,SC
0,4356,Uttar Pradesh,"AIIMS, Rai Bareli",PHYSIOLOGY,AIIMS-All India,UR
0,4371,Gujarat,"AIIMS, Rajkot",COMMUNITY & FAMILY MEDICINE,AIIMS-All India,OBC
0,4392,Uttar Pradesh,"AIIMS, Gorakhpur",COMMUNITY & FAMILY MEDICINE,AIIMS-All India,OBC
0,4400,Assam,"AIIMS, Guwahati",ANATOMY,AIIMS-All India,UR
0,4456,Jammu and Kashmir,"AIIMS, Jammu",GENERAL SURGERY,AIIMS-All India,SC
0,4457,Pondicherry,"JIPMER, Puducherry",PSYCHIATRY,JIPMER-All India,SC
0,4461,Gujarat,"AIIMS, Rajkot",PHYSIOLOGY,AIIMS-All India,UR
0,4463,Uttar Pradesh,"AIIMS, Gorakhpur",PHYSIOLOGY,AIIMS-All India,UR
0,4468,Jammu and Kashmir,"AIIMS, Jammu",BIOCHEMISTRY,AIIMS-All India,UR
0,4480,Assam,"AIIMS, Guwahati",PHYSIOLOGY,AIIMS-All India,UR
0,4487,Chandigarh,"PGIMER, Chandigarh",OBG,PGIMER-All India,ST
0,4488,Maharashtra,"AIIMS, Nagpur",OPHTHALMOLOGY,AIIMS-All India,SC
0,4494,Uttar Pradesh,"AIIMS, Rai Bareli",COMMUNITY MEDICINE,AIIMS-All India,OBC
0,4522,Uttar Pradesh,"AIIMS, Gorakhpur",GENERAL SURGERY,AIIMS-All India,SC
0,4529,Assam,"AIIMS, Guwahati",COMMUNITY & FAMILY MEDICINE,AIIMS-All India,OBC
0,4533,Rajasthan,"AIIMS, Jodhpur",FORENSIC MEDICINE,AIIMS-All India,OBC
0,4534,Maharashtra,"AIIMS, Nagpur",PHARMACOLOGY,AIIMS-All India,EWS
0,4536,Rajasthan,"AIIMS, Jodhpur",ANAESTHESIOLOGY,AIIMS-All India,SC
0,4546,Jammu and Kashmir,"AIIMS, Jammu",COMMUNITY MEDICINE,AIIMS-All India,OBC
0,4596,Telangana,"AIIMS, Bibinagar",PMR,AIIMS-Inst. Pref,UR-AIIMS-IP
0,4613,Uttar Pradesh,"AIIMS, Rai Bareli",FORENSIC MEDICINE,AIIMS-All India,OBC
0,4623,Maharashtra,"AIIMS, Nagpur",ENT,AIIMS-All India,SC
0,4624,Bihar,"AIIMS, Patna",COMMUNITY & FAMILY MEDICINE,AIIMS-Inst. Pref,UR-AIIMS-IP
0,4661,Jammu and Kashmir,"AIIMS, Jammu",ANATOMY,AIIMS-All India,UR
0,4686,Uttar Pradesh,"AIIMS, Gorakhpur",GENERAL SURGERY,AIIMS-All India,SC
0,4709,Rajasthan,"AIIMS, Jodhpur",BIOCHEMISTRY,AIIMS-All India,OBC
0,4727,Delhi,"AIIMS, Delhi",PALLIATIVE MEDICINE,AIIMS-Inst. Pref,UR-AIIMS-IP
0,4736,Rajasthan,"AIIMS, Jodhpur",COMMUNITY MEDICINE,AIIMS-All India,EWS
0,4781,Madhya Pradesh,"AIIMS, Bhopal",ENT,AIIMS-All India,SC
0,4813,Delhi,"AIIMS, Delhi",ANAESTHESIOLOGY,AIIMS-Inst. Pref,UR-AIIMS-IP
0,4841,Assam,"AIIMS, Guwahati",ANATOMY,AIIMS-All India,UR
0,4849,Pondicherry,"JIPMER, Puducherry",OBG,JIPMER-All India,ST
0,4863,Pondicherry,"JIPMER, Puducherry",PHARMACOLOGY,JIMPER-Inst. Pref,INST (JIPMER)
0,4872,Odisha,"AIIMS, Bhubaneswar",PHARMACOLOGY,AIIMS-All India,OBC
0,4893,Maharashtra,"AIIMS, Nagpur",GENERAL MEDICINE,AIIMS-All India,ST
0,4894,Odisha,"AIIMS, Bhubaneswar",MICROBIOLOGY,AIIMS-All India,OBC
0,4909,Madhya Pradesh,"AIIMS, Bhopal",ANATOMY,AIIMS-All India,OBC
0,4922,Rajasthan,"AIIMS, Jodhpur",MICROBIOLOGY,AIIMS-All India,OBC
0,4941,Andhra Pradesh,"AIIMS, Mangalagiri",ANATOMY,AIIMS-All India,OBC
0,4952,Jammu and Kashmir,"AIIMS, Jammu",FORENSIC MEDICINE,AIIMS-All India,OBC
0,4957,Chhattisgarh,"AIIMS, Raipur",BIOCHEMISTRY,AIIMS-Inst. Pref,UR-AIIMS-IP
0,4979,Chandigarh,"PGIMER, Chandigarh",OPHTHALMOLOGY,PGIMER-Rural,UR-RA
0,4994,Odisha,"AIIMS, Bhubaneswar",FORENSIC MEDICINE,AIIMS-All India,EWS
0,4999,Jammu and Kashmir,"AIIMS, Jammu",ANATOMY,AIIMS-All India,UR
0,5015,Jammu and Kashmir,"AIIMS, Jammu",RADIATION ONCOLOGY,AIIMS-All India,SC
0,5032,Bihar,"AIIMS, Patna",OPHTHALMOLOGY,AIIMS-All India,SC
0,5044,Uttarakhand,"AIIMS, Rishikesh",ANAESTHESIOLOGY,AIIMS-All India,SC
0,5051,Maharashtra,"AIIMS, Nagpur",ANAESTHESIOLOGY,AIIMS-All India,SC
0,5066,Maharashtra,"AIIMS, Nagpur",ANAESTHESIOLOGY,AIIMS-Inst. Pref,UR-AIIMS-IP
0,5071,Andhra Pradesh,"AIIMS, Mangalagiri",ENT,AIIMS-All India,SC
0,5086,Rajasthan,"AIIMS, Jodhpur",FORENSIC MEDICINE,AIIMS-All India,EWS
0,5101,Chhattisgarh,"AIIMS, Raipur",COMMUNITY MEDICINE,AIIMS-Inst. Pref,UR-AIIMS-IP
0,5114,Rajasthan,"AIIMS, Jodhpur",FAMILY MEDICINE,AIIMS-All India,SC
0,5129,Jammu and Kashmir,"AIIMS, Jammu",PHYSIOLOGY,AIIMS-All India,UR
0,5139,Delhi,"AIIMS, Delhi",IHBT,AIIMS-All India,SC
0,5140,Andhra Pradesh,"AIIMS, Mangalagiri",ANAESTHESIOLOGY,AIIMS-All India,SC
0,5162,Chhattisgarh,"AIIMS, Raipur",PHARMACOLOGY,AIIMS-All India,EWS
0,5171,Jharkhand,"AIIMS, Deoghar",OBG,AIIMS-Inst. Pref,UR-AIIMS-IP
0,5199,Jharkhand,"AIIMS, Deoghar",OPHTHALMOLOGY,AIIMS-All India,SC
0,5209,Jammu and Kashmir,"AIIMS, Jammu",PHARMACOLOGY,AIIMS-All India,OBC
0,5262,Rajasthan,"AIIMS, Jodhpur",MICROBIOLOGY,AIIMS-All India,OBC
0,5314,Uttar Pradesh,"AIIMS, Gorakhpur",ANAESTHESIOLOGY,AIIMS-All India,SC
0,5373,Odisha,"AIIMS, Bhubaneswar",PSYCHIATRY,AIIMS-All India,SC
0,5378,Delhi,"AIIMS, Delhi",PALLIATIVE MEDICINE,AIIMS-All India,SC
0,5387,Uttar Pradesh,"AIIMS, Gorakhpur",EMERGENCY MEDICINE,AIIMS-Inst. Pref,UR-AIIMS-IP
0,5447,Uttar Pradesh,"AIIMS, Rai Bareli",FORENSIC MEDICINE,AIIMS-All India,EWS
0,5471,Gujarat,"AIIMS, Rajkot",BIOCHEMISTRY,AIIMS-All India,OBC
0,5487,Uttar Pradesh,"AIIMS, Gorakhpur",ANAESTHESIOLOGY,AIIMS-All India,SC
0,5512,West Bengal,"AIIMS, Kalyani",COMMUNITY MEDICINE,AIIMS-All India,SC
0,5514,Gujarat,"AIIMS, Rajkot",GENERAL MEDICINE,AIIMS-All India,ST
0,5525,Madhya Pradesh,"AIIMS, Bhopal",PAEDIATRICS,AIIMS-All India,ST
0,5546,Gujarat,"AIIMS, Rajkot",ANAESTHESIOLOGY,AIIMS-All India,SC
0,5562,Rajasthan,"AIIMS, Jodhpur",FORENSIC MEDICINE,AIIMS-Inst. Pref,UR-AIIMS-IP
0,5613,Pondicherry,"JIPMER, Puducherry",OBG,JIPMER-All India,ST
0,5620,Pondicherry,"JIPMER, Puducherry",IHBT,JIPMER-All India,SC
0,5633,Andhra Pradesh,"AIIMS, Mangalagiri",PAEDIATRIC SURGERY 6 YRS,AIIMS-Inst. Pref,UR-AIIMS-IP
0,5668,Jammu and Kashmir,"AIIMS, Jammu",ANAESTHESIOLOGY,AIIMS-All India,SC
0,5673,Chhattisgarh,"AIIMS, Raipur",PAEDIATRICS,AIIMS-All India,ST
0,5686,Maharashtra,"AIIMS, Nagpur",ENT,AIIMS-Inst. Pref,UR-AIIMS-IP
0,5690,Pondicherry,"JIPMER, Puducherry",ANATOMY,JIMPER-Inst. Pref,INST (JIPMER)
0,5703,Madhya Pradesh,"AIIMS, Bhopal",PHYSIOLOGY,AIIMS-All India,OBC
0,5719,Delhi,"AIIMS, Delhi",COMMUNITY MEDICINE,AIIMS-Inst. Pref,UR-AIIMS-IP
0,5756,Gujarat,"AIIMS, Rajkot",ENT,AIIMS-All India,SC
0,5811,West Bengal,"AIIMS, Kalyani",ANAESTHESIOLOGY,AIIMS-All India,SC
0,5828,Uttarakhand,"AIIMS, Rishikesh",ANATOMY,AIIMS-All India,OBC
0,5862,Jammu and Kashmir,"AIIMS, Jammu",PHYSIOLOGY,AIIMS-All India,OBC
0,5910,Jharkhand,"AIIMS, Deoghar",MICROBIOLOGY,AIIMS-All India,SC
0,5938,Rajasthan,"AIIMS, Jodhpur",MICROBIOLOGY,AIIMS-All India,OBC
0,5970,Uttar Pradesh,"AIIMS, Rai Bareli",PAEDIATRIC SURGERY 6 YRS,AIIMS-Inst. Pref,UR-AIIMS-IP
0,6021,Rajasthan,"AIIMS, Jodhpur",COMMUNITY MEDICINE,AIIMS-All India,SC
0,6135,Jammu and Kashmir,"AIIMS, Jammu",GENERAL MEDICINE,AIIMS-All India,ST
0,6151,Assam,"AIIMS, Guwahati",ANATOMY,AIIMS-All India,OBC
0,6163,Rajasthan,"AIIMS, Jodhpur",ANATOMY,AIIMS-All India,OBC
0,6184,Gujarat,"AIIMS, Rajkot",ANATOMY,AIIMS-All India,EWS
0,6214,Odisha,"AIIMS, Bhubaneswar",COMMUNITY MEDICINE,AIIMS-All India,EWS
0,6221,Chandigarh,"PGIMER, Chandigarh",GENERAL MEDICINE,PGIMER-All India,UR-PwD
0,6223,West Bengal,"AIIMS, Kalyani",PSYCHIATRY,AIIMS-All India,SC
0,6242,Uttarakhand,"AIIMS, Rishikesh",BIOCHEMISTRY,AIIMS-All India,OBC
0,6314,Maharashtra,"AIIMS, Nagpur",PSYCHIATRY,AIIMS-Inst. Pref,UR-AIIMS-IP
0,6317,Uttar Pradesh,"AIIMS, Gorakhpur",ANATOMY,AIIMS-All India,OBC
0,6339,Odisha,"AIIMS, Bhubaneswar",PAEDIATRICS,AIIMS-All India,ST
0,6344,Uttar Pradesh,"AIIMS, Gorakhpur",PAEDIATRICS,AIIMS-All India,ST
0,6349,Maharashtra,"AIIMS, Nagpur",MICROBIOLOGY,AIIMS-All India,OBC
0,6364,Odisha,"AIIMS, Bhubaneswar",ANATOMY,AIIMS-All India,OBC
0,6374,Andhra Pradesh,"AIIMS, Mangalagiri",PSYCHIATRY,AIIMS-All India,SC
0,6542,Uttar Pradesh,"AIIMS, Gorakhpur",MICROBIOLOGY,AIIMS-All India,OBC
0,6615,Chandigarh,"PGIMER, Chandigarh",GENERAL SURGERY,PGIMER-All India,ST
0,6621,Maharashtra,"AIIMS, Nagpur",MICROBIOLOGY,AIIMS-All India,OBC
0,6679,Uttar Pradesh,"AIIMS, Rai Bareli",ANATOMY,AIIMS-All India,OBC
0,6684,Uttar Pradesh,"AIIMS, Rai Bareli",BIOCHEMISTRY,AIIMS-All India,OBC
0,6761,Assam,"AIIMS, Guwahati",MICROBIOLOGY,AIIMS-All India,OBC
0,6793,Maharashtra,"AIIMS, Nagpur",ANAESTHESIOLOGY,AIIMS-Inst. Pref,UR-AIIMS-IP
0,6828,Pondicherry,"JIPMER, Puducherry",PHARMACOLOGY,JIPMER-All India,SC
0,6856,Odisha,"AIIMS, Bhubaneswar",PATHOLOGY,AIIMS-Inst. Pref,UR-AIIMS-IP
0,6859,Karnataka,"NIMHANS, Bangalore",PSYCHIATRY,NIMHANS-All India,OBC-PwD
0,6874,Pondicherry,"JIPMER, Puducherry",PHYSIOLOGY,JIPMER-All India,EWS
0,6880,Telangana,"AIIMS, Bibinagar",HOSPITAL ADMINISTRATION,AIIMS-All India,SC
0,6888,Delhi,"AIIMS, Delhi",PATHOLOGY,AIIMS-All India,SC
0,6951,Chhattisgarh,"AIIMS, Raipur",ANATOMY,AIIMS-All India,OBC
0,6993,Assam,"AIIMS, Guwahati",PHYSIOLOGY,AIIMS-All India,OBC
0,7002,Chandigarh,"PGIMER, Chandigarh",ORTHOPAEDICS,PGIMER-All India,ST
0,7030,Chandigarh,"PGIMER, Chandigarh",PATHOLOGY,PGIMER-All India,SC
0,7061,Chandigarh,"PGIMER, Chandigarh",ANAESTHESIOLOGY,PGIMER-All India,ST
0,7068,Chandigarh,"PGIMER, Chandigarh",OPHTHALMOLOGY,PGIMER-All India,ST
0,7187,Chandigarh,"PGIMER, Chandigarh",PATHOLOGY,PGIMER-All India,SC
0,7215,Rajasthan,"AIIMS, Jodhpur",PHYSIOLOGY,AIIMS-All India,OBC
0,7227,Maharashtra,"AIIMS, Nagpur",PATHOLOGY,AIIMS-All India,SC
0,7233,Jharkhand,"AIIMS, Deoghar",OBG,AIIMS-All India,ST
0,7299,Bihar,"AIIMS, Patna",PHARMACOLOGY,AIIMS-Inst. Pref,UR-AIIMS-IP
0,7301,Odisha,"AIIMS, Bhubaneswar",PATHOLOGY,AIIMS-All India,SC
0,7303,Andhra Pradesh,"AIIMS, Mangalagiri",PSYCHIATRY,AIIMS-Inst. Pref,UR-AIIMS-IP
0,7311,Madhya Pradesh,"AIIMS, Bhopal",GENERAL SURGERY,AIIMS-All India,ST
0,7324,West Bengal,"AIIMS, Kalyani",MICROBIOLOGY,AIIMS-All India,OBC
0,7353,Uttar Pradesh,"AIIMS, Gorakhpur",COMMUNITY & FAMILY MEDICINE,AIIMS-All India,EWS
0,7368,Himachal Pradesh,"AIIMS, Bilaspur, Himachal",RADIATION ONCOLOGY,AIIMS-All India,SC
0,7374,Uttarakhand,"AIIMS, Rishikesh",OBG,AIIMS-All India,ST
0,7403,Uttar Pradesh,"AIIMS, Gorakhpur",ANAESTHESIOLOGY,AIIMS-Inst. Pref,UR-AIIMS-IP
0,7529,Maharashtra,"AIIMS, Nagpur",ANAESTHESIOLOGY,AIIMS-Inst. Pref,UR-AIIMS-IP
0,7544,Maharashtra,"AIIMS, Nagpur",FAMILY MEDICINE,AIIMS-All India,SC
0,7613,Chandigarh,"PGIMER, Chandigarh",COMMUNITY MEDICINE,PGIMER-All India,SC
0,7638,Rajasthan,"AIIMS, Jodhpur",PATHOLOGY,AIIMS-All India,SC
0,7674,Jharkhand,"AIIMS, Deoghar",COMMUNITY & FAMILY MEDICINE,AIIMS-All India,EWS
0,7710,Madhya Pradesh,"AIIMS, Bhopal",HOSPITAL ADMINISTRATION,AIIMS-Inst. Pref,UR-AIIMS-IP
0,7795,Chhattisgarh,"AIIMS, Raipur",PATHOLOGY,AIIMS-All India,SC
0,7844,Rajasthan,"AIIMS, Jodhpur",PSYCHIATRY,AIIMS-All India,UR-PwD
0,7889,Maharashtra,"AIIMS, Nagpur",COMMUNITY MEDICINE,AIIMS-All India,SC
0,7931,Maharashtra,"AIIMS, Nagpur",BIOCHEMISTRY,AIIMS-All India,OBC
0,7939,Jammu and Kashmir,"AIIMS, Jammu",PHARMACOLOGY,AIIMS-All India,EWS
0,8091,Delhi,"AIIMS, Delhi",HOSPITAL ADMINISTRATION,AIIMS-Inst. Pref,UR-AIIMS-IP
0,8103,Jammu and Kashmir,"AIIMS, Jammu",IHBT,AIIMS-All India,SC
0,8159,Jharkhand,"AIIMS, Deoghar",PHYSIOLOGY,AIIMS-All India,OBC
0,8204,Rajasthan,"AIIMS, Jodhpur",PMR,AIIMS-Inst. Pref,UR-AIIMS-IP
0,8345,Maharashtra,"AIIMS, Nagpur",GENERAL SURGERY,AIIMS-All India,ST
0,8453,Uttar Pradesh,"AIIMS, Rai Bareli",OBG,AIIMS-All India,ST
0,8620,Uttarakhand,"AIIMS, Rishikesh",GERIATRICS,AIIMS-All India,ST
0,8690,Maharashtra,"AIIMS, Nagpur",ANAESTHESIOLOGY,AIIMS-Inst. Pref,UR-AIIMS-IP
0,8757,Gujarat,"AIIMS, Rajkot",ANATOMY,AIIMS-All India,OBC
0,8801,Maharashtra,"AIIMS, Nagpur",BIOCHEMISTRY,AIIMS-All India,EWS
0,8897,Madhya Pradesh,"AIIMS, Bhopal",PSYCHIATRY,AIIMS-All India,ST
0,8902,Rajasthan,"AIIMS, Jodhpur",ORTHOPAEDICS,AIIMS-All India,ST
0,8909,Chhattisgarh,"AIIMS, Raipur",PHARMACOLOGY,AIIMS-All India,SC
0,8924,Karnataka,"NIMHANS, Bangalore",PSYCHIATRY,NIMHANS-All India,ST
0,9029,Karnataka,"NIMHANS, Bangalore",PSYCHIATRY,NIMHANS-NE Domicile,ST-North East Domicile
0,9125,Maharashtra,"AIIMS, Nagpur",HOSPITAL ADMINISTRATION,AIIMS-Inst. Pref,UR-AIIMS-IP
0,9129,Maharashtra,"AIIMS, Nagpur",PSYCHIATRY,AIIMS-All India,ST
0,9163,Delhi,"AIIMS, Delhi",OBG,AIIMS-All India,SC-PwD
0,9204,West Bengal,"AIIMS, Kalyani",BIOCHEMISTRY,AIIMS-All India,OBC
0,9217,Uttar Pradesh,"AIIMS, Rai Bareli",PAEDIATRIC SURGERY 6 YRS,AIIMS-Inst. Pref,UR-AIIMS-IP
0,9218,Assam,"AIIMS, Guwahati",PHYSIOLOGY,AIIMS-All India,OBC
0,9219,West Bengal,"AIIMS, Kalyani",PHYSIOLOGY,AIIMS-All India,OBC
0,9262,Uttar Pradesh,"AIIMS, Gorakhpur",BIOCHEMISTRY,AIIMS-All India,OBC
0,9272,Assam,"AIIMS, Guwahati",BIOCHEMISTRY,AIIMS-All India,OBC
0,9298,Assam,"AIIMS, Guwahati",MICROBIOLOGY,AIIMS-All India,EWS
0,9364,Andhra Pradesh,"AIIMS, Mangalagiri",ANAESTHESIOLOGY,AIIMS-All India,ST
0,9378,Jharkhand,"AIIMS, Deoghar",COMMUNITY & FAMILY MEDICINE,AIIMS-All India,SC
0,9395,Madhya Pradesh,"AIIMS, Bhopal",ANATOMY,AIIMS-All India,SC
0,9399,Chhattisgarh,"AIIMS, Raipur",FORENSIC MEDICINE,AIIMS-All India,SC
0,9529,Maharashtra,"AIIMS, Nagpur",COMMUNITY MEDICINE,AIIMS-Inst. Pref,UR-AIIMS-IP
0,9568,Uttarakhand,"AIIMS, Rishikesh",ANATOMY,AIIMS-All India,EWS
0,9574,Assam,"AIIMS, Guwahati",COMMUNITY & FAMILY MEDICINE,AIIMS-All India,SC
0,9673,Chhattisgarh,"AIIMS, Raipur",ORTHOPAEDICS,AIIMS-All India,ST
0,9727,Himachal Pradesh,"AIIMS, Bilaspur, Himachal",OBG,AIIMS-All India,ST
0,9761,Pondicherry,"JIPMER, Puducherry",ENT,JIPMER-All India,ST
0,9779,West Bengal,"AIIMS, Kalyani",ANATOMY,AIIMS-All India,OBC
0,9949,Odisha,"AIIMS, Bhubaneswar",PHYSIOLOGY,AIIMS-All India,SC
0,9965,Madhya Pradesh,"AIIMS, Bhopal",IHBT,AIIMS-Inst. Pref,UR-AIIMS-IP
0,10037,Jammu and Kashmir,"AIIMS, Jammu",BIOCHEMISTRY,AIIMS-All India,OBC
0,10165,Jammu and Kashmir,"AIIMS, Jammu",ANATOMY,AIIMS-All India,OBC
0,10181,Jammu and Kashmir,"AIIMS, Jammu",COMMUNITY MEDICINE,AIIMS-All India,SC
0,10182,Jharkhand,"AIIMS, Deoghar",PATHOLOGY,AIIMS-All India,SC
0,10422,Rajasthan,"AIIMS, Jodhpur",ENT,AIIMS-All India,ST
0,10442,Delhi,"AIIMS, Delhi",MICROBIOLOGY,AIIMS-All India,SC
0,10502,Rajasthan,"AIIMS, Jodhpur",PMR,AIIMS-All India,SC
0,10513,Maharashtra,"AIIMS, Nagpur",COMMUNITY MEDICINE,AIIMS-Inst. Pref,UR-AIIMS-IP
0,10620,West Bengal,"AIIMS, Kalyani",PHYSIOLOGY,AIIMS-All India,OBC
0,10651,Jammu and Kashmir,"AIIMS, Jammu",ANATOMY,AIIMS-All India,OBC
0,10706,Andhra Pradesh,"AIIMS, Mangalagiri",PHYSIOLOGY,AIIMS-All India,ST
0,10716,Uttar Pradesh,"AIIMS, Rai Bareli",MICROBIOLOGY,AIIMS-All India,EWS
0,10737,Assam,"AIIMS, Guwahati",PHYSIOLOGY,AIIMS-All India,OBC
0,10812,Odisha,"AIIMS, Bhubaneswar",FORENSIC MEDICINE,AIIMS-Inst. Pref,UR-AIIMS-IP
0,10847,Gujarat,"AIIMS, Rajkot",PHYSIOLOGY,AIIMS-All India,OBC
0,10938,Rajasthan,"AIIMS, Jodhpur",HOSPITAL ADMINISTRATION,AIIMS-Inst. Pref,UR-AIIMS-IP
0,10954,Delhi,"AIIMS, Delhi",PHYSIOLOGY,AIIMS-All India,SC
0,10991,Delhi,"AIIMS, Delhi",ANATOMY,AIIMS-Inst. Pref,UR-AIIMS-IP
0,11005,Maharashtra,"AIIMS, Nagpur",OPHTHALMOLOGY,AIIMS-All India,ST
0,11123,Gujarat,"AIIMS, Rajkot",MICROBIOLOGY,AIIMS-All India,SC
0,11154,Jammu and Kashmir,"AIIMS, Jammu",PHYSIOLOGY,AIIMS-All India,OBC
0,11181,Maharashtra,"AIIMS, Nagpur",ORTHOPAEDICS,AIIMS-All India,ST
0,11273,Andhra Pradesh,"AIIMS, Mangalagiri",PHARMACOLOGY,AIIMS-Inst. Pref,UR-AIIMS-IP
0,11505,Rajasthan,"AIIMS, Jodhpur",ANAESTHESIOLOGY,AIIMS-All India,ST
0,11512,Maharashtra,"AIIMS, Nagpur",FORENSIC MEDICINE,AIIMS-All India,SC
0,11571,Rajasthan,"AIIMS, Jodhpur",PSYCHIATRY,AIIMS-All India,ST
0,11739,Delhi,"AIIMS, Delhi",BIOCHEMISTRY,AIIMS-All India,SC
0,11798,Uttar Pradesh,"AIIMS, Rai Bareli",ENT,AIIMS-Inst. Pref,UR-AIIMS-IP
0,11836,Rajasthan,"AIIMS, Jodhpur",FORENSIC MEDICINE,AIIMS-All India,SC
0,11868,Uttarakhand,"AIIMS, Rishikesh",BIOCHEMISTRY,AIIMS-All India,SC
0,11877,Delhi,"AIIMS, Delhi",HOSPITAL ADMINISTRATION,AIIMS-All India,ST
0,11987,Telangana,"AIIMS, Bibinagar",FORENSIC MEDICINE,AIIMS-All India,SC
0,12202,Uttarakhand,"AIIMS, Rishikesh",GENERAL MEDICINE,AIIMS-All India,UR-PwD
0,12369,Assam,"AIIMS, Guwahati",PATHOLOGY,AIIMS-All India,ST
0,12419,West Bengal,"AIIMS, Kalyani",MICROBIOLOGY,AIIMS-All India,EWS
0,12420,Chandigarh,"PGIMER, Chandigarh",PSYCHIATRY,PGIMER-All India,ST
0,12422,Jammu and Kashmir,"AIIMS, Jammu",OPHTHALMOLOGY,AIIMS-All India,ST
0,12619,Uttar Pradesh,"AIIMS, Rai Bareli",OPHTHALMOLOGY,AIIMS-All India,ST
0,12739,Andhra Pradesh,"AIIMS, Mangalagiri",FORENSIC MEDICINE,AIIMS-Inst. Pref,UR-AIIMS-IP
0,12914,West Bengal,"AIIMS, Kalyani",ANATOMY,AIIMS-All India,SC
0,12926,Maharashtra,"AIIMS, Nagpur",ANAESTHESIOLOGY,AIIMS-All India,ST
0,12953,Punjab,"AIIMS, Bathinda",HOSPITAL ADMINISTRATION,AIIMS-Inst. Pref,UR-AIIMS-IP
0,13047,Maharashtra,"AIIMS, Nagpur",MICROBIOLOGY,AIIMS-Inst. Pref,UR-AIIMS-IP
0,13151,Pondicherry,"JIPMER, Puducherry",COMMUNITY MEDICINE,JIPMER-All India,ST
0,13200,Pondicherry,"JIPMER, Puducherry",PHARMACOLOGY,JIPMER-All India,ST
0,13227,Madhya Pradesh,"AIIMS, Bhopal",PHARMACOLOGY,AIIMS-All India,SC
0,13232,Jharkhand,"AIIMS, Deoghar",ENT,AIIMS-Inst. Pref,UR-AIIMS-IP
0,13233,Assam,"AIIMS, Guwahati",ANAESTHESIOLOGY,AIIMS-All India,ST
0,13308,Rajasthan,"AIIMS, Jodhpur",EMERGENCY MEDICINE,AIIMS-All India,ST
0,13315,Assam,"AIIMS, Guwahati",PHARMACOLOGY,AIIMS-All India,SC
0,13544,Chhattisgarh,"AIIMS, Raipur",EMERGENCY MEDICINE,AIIMS-All India,ST
0,13573,Uttar Pradesh,"AIIMS, Gorakhpur",ENT,AIIMS-All India,ST
0,13649,Andhra Pradesh,"AIIMS, Mangalagiri",PATHOLOGY,AIIMS-Inst. Pref,UR-AIIMS-IP
0,13763,Rajasthan,"AIIMS, Jodhpur",PHYSIOLOGY,AIIMS-All India,EWS
0,13820,Odisha,"AIIMS, Bhubaneswar",HOSPITAL ADMINISTRATION,AIIMS-Inst. Pref,UR-AIIMS-IP
0,13848,Jharkhand,"AIIMS, Deoghar",PMR,AIIMS-All India,ST
0,13857,Maharashtra,"AIIMS, Nagpur",EMERGENCY MEDICINE,AIIMS-All India,ST
0,13891,Jammu and Kashmir,"AIIMS, Jammu",ORTHOPAEDICS,AIIMS-All India,ST
0,13904,Jharkhand,"AIIMS, Deoghar",ANAESTHESIOLOGY,AIIMS-Inst. Pref,UR-AIIMS-IP
0,13940,Bihar,"AIIMS, Patna",ANAESTHESIOLOGY,AIIMS-All India,ST
0,14106,Gujarat,"AIIMS, Rajkot",PHARMACOLOGY,AIIMS-All India,SC
0,14112,Madhya Pradesh,"AIIMS, Bhopal",MICROBIOLOGY,AIIMS-All India,SC
0,14314,Uttar Pradesh,"AIIMS, Gorakhpur",OPHTHALMOLOGY,AIIMS-All India,ST
0,14383,Pondicherry,"JIPMER, Puducherry",BIOCHEMISTRY,JIPMER-All India,SC
0,14507,West Bengal,"AIIMS, Kalyani",FORENSIC MEDICINE,AIIMS-All India,EWS
0,14518,Madhya Pradesh,"AIIMS, Bhopal",FORENSIC MEDICINE,AIIMS-Inst. Pref,UR-AIIMS-IP
0,14521,West Bengal,"AIIMS, Kalyani",ENT,AIIMS-All India,ST
0,14820,Andhra Pradesh,"AIIMS, Mangalagiri",EMERGENCY MEDICINE,AIIMS-All India,ST
0,15220,Uttar Pradesh,"AIIMS, Rai Bareli",BIOCHEMISTRY,AIIMS-All India,EWS
0,15261,Madhya Pradesh,"AIIMS, Bhopal",BIOCHEMISTRY,AIIMS-Inst. Pref,UR-AIIMS-IP
0,15343,Maharashtra,"AIIMS, Nagpur",PHYSIOLOGY,AIIMS-Inst. Pref,UR-AIIMS-IP
0,15421,Gujarat,"AIIMS, Rajkot",ENT,AIIMS-All India,ST
0,15513,Odisha,"AIIMS, Bhubaneswar",ANATOMY,AIIMS-All India,SC
0,15596,Uttar Pradesh,"AIIMS, Rai Bareli",ANAESTHESIOLOGY,AIIMS-All India,ST
0,15683,Gujarat,"AIIMS, Rajkot",ANAESTHESIOLOGY,AIIMS-All India,ST
0,15835,Bihar,"AIIMS, Patna",FORENSIC MEDICINE,AIIMS-Inst. Pref,UR-AIIMS-IP
0,15861,Himachal Pradesh,"AIIMS, Bilaspur, Himachal",ANAESTHESIOLOGY,AIIMS-All India,ST
0,16038,Chhattisgarh,"AIIMS, Raipur",ANATOMY,AIIMS-All India,EWS
0,16167,Bihar,"AIIMS, Patna",PATHOLOGY,AIIMS-All India,ST
0,16191,Madhya Pradesh,"AIIMS, Bhopal",PHYSIOLOGY,AIIMS-Inst. Pref,UR-AIIMS-IP
0,16270,Jammu and Kashmir,"AIIMS, Jammu",MICROBIOLOGY,AIIMS-All India,SC
0,16284,Rajasthan,"AIIMS, Jodhpur",MICROBIOLOGY,AIIMS-Inst. Pref,UR-AIIMS-IP
0,16317,Chhattisgarh,"AIIMS, Raipur",MICROBIOLOGY,AIIMS-All India,SC
0,16346,West Bengal,"AIIMS, Kalyani",PHYSIOLOGY,AIIMS-All India,SC
0,16351,Madhya Pradesh,"AIIMS, Bhopal",COMMUNITY MEDICINE,AIIMS-All India,ST
0,16645,Jammu and Kashmir,"AIIMS, Jammu",ANATOMY,AIIMS-All India,SC
0,16843,West Bengal,"AIIMS, Kalyani",PHYSIOLOGY,AIIMS-Inst. Pref,UR-AIIMS-IP
0,17049,Chhattisgarh,"AIIMS, Raipur",PATHOLOGY,AIIMS-All India,ST
0,17242,Maharashtra,"AIIMS, Nagpur",BIOCHEMISTRY,AIIMS-All India,SC
0,17267,Uttarakhand,"AIIMS, Rishikesh",PHYSIOLOGY,AIIMS-Inst. Pref,UR-AIIMS-IP
0,17302,Jammu and Kashmir,"AIIMS, Jammu",PATHOLOGY,AIIMS-All India,ST
0,17401,Chhattisgarh,"AIIMS, Raipur",IHBT,AIIMS-All India,ST
0,17436,Chhattisgarh,"AIIMS, Raipur",PHYSIOLOGY,AIIMS-All India,EWS
0,17490,Jharkhand,"AIIMS, Deoghar",FORENSIC MEDICINE,AIIMS-All India,SC
0,17834,Rajasthan,"AIIMS, Jodhpur",BIOCHEMISTRY,AIIMS-All India,SC
0,18075,Rajasthan,"AIIMS, Jodhpur",IHBT,AIIMS-All India,ST
0,18080,Uttar Pradesh,"AIIMS, Rai Bareli",BIOCHEMISTRY,AIIMS-All India,SC
0,18140,Delhi,"AIIMS, Delhi",OPHTHALMOLOGY,AIIMS-All India,UR-PwD
0,18143,Jammu and Kashmir,"AIIMS, Jammu",BIOCHEMISTRY,AIIMS-All India,SC
0,18751,Assam,"AIIMS, Guwahati",BIOCHEMISTRY,AIIMS-All India,SC
0,19094,Telangana,"AIIMS, Bibinagar",PHARMACOLOGY,AIIMS-Inst. Pref,UR-AIIMS-IP
0,19345,Assam,"AIIMS, Guwahati",PHYSIOLOGY,AIIMS-All India,SC
0,19493,Chhattisgarh,"AIIMS, Raipur",COMMUNITY MEDICINE,AIIMS-All India,ST
0,19722,West Bengal,"AIIMS, Kalyani",ANATOMY,AIIMS-All India,EWS
0,19907,Gujarat,"AIIMS, Rajkot",ANATOMY,AIIMS-All India,SC
0,20168,Rajasthan,"AIIMS, Jodhpur",MICROBIOLOGY,AIIMS-All India,ST
0,20262,Jammu and Kashmir,"AIIMS, Jammu",BIOCHEMISTRY,AIIMS-All India,EWS
0,20618,Maharashtra,"AIIMS, Nagpur",ANATOMY,AIIMS-All India,EWS
0,20715,Pondicherry,"JIPMER, Puducherry",PSYCHIATRY,JIPMER-All India,UR-PwD
0,21379,Jammu and Kashmir,"AIIMS, Jammu",PHYSIOLOGY,AIIMS-All India,EWS
0,21785,Jammu and Kashmir,"AIIMS, Jammu",PHYSIOLOGY,AIIMS-All India,SC
0,21879,Jammu and Kashmir,"AIIMS, Jammu",ANATOMY,AIIMS-All India,ST
0,22191,Maharashtra,"AIIMS, Nagpur",RADIO DIAGNOSIS,AIIMS-All India,UR-PwD
0,22468,Rajasthan,"AIIMS, Jodhpur",DERMATOLOGY,AIIMS-All India,OBC-PwD
0,22630,Uttar Pradesh,"AIIMS, Rai Bareli",ANAESTHESIOLOGY,AIIMS-Inst. Pref,UR-AIIMS-IP
0,22741,Rajasthan,"AIIMS, Jodhpur",MICROBIOLOGY,AIIMS-Inst. Pref,UR-AIIMS-IP
0,22961,Gujarat,"AIIMS, Rajkot",FORENSIC MEDICINE,AIIMS-All India,ST
0,23783,Maharashtra,"AIIMS, Nagpur",MICROBIOLOGY,AIIMS-All India,ST
0,24098,Chhattisgarh,"AIIMS, Raipur",BIOCHEMISTRY,AIIMS-All India,ST
0,25021,Uttar Pradesh,"AIIMS, Rai Bareli",PMR,AIIMS-Inst. Pref,UR-AIIMS-IP
0,25094,Odisha,"AIIMS, Bhubaneswar",RADIO DIAGNOSIS,AIIMS-All India,UR-PwD
0,25206,Maharashtra,"AIIMS, Nagpur",DERMATOLOGY,AIIMS-All India,OBC-PwD
0,25348,Chandigarh,"PGIMER, Chandigarh",OBG,PGIMER-All India,UR-PwD
0,26384,Andhra Pradesh,"AIIMS, Mangalagiri",RADIO DIAGNOSIS,AIIMS-All India,UR-PwD
0,26885,Jharkhand,"AIIMS, Deoghar",BIOCHEMISTRY,AIIMS-All India,ST
0,27511,Assam,"AIIMS, Guwahati",FORENSIC MEDICINE,AIIMS-All India,ST
0,27683,Telangana,"AIIMS, Bibinagar",ANATOMY,AIIMS-All India,ST
0,27761,West Bengal,"AIIMS, Kalyani",PHYSIOLOGY,AIIMS-All India,ST
0,27825,Jammu and Kashmir,"AIIMS, Jammu",OBG,AIIMS-All India,UR-PwD
0,28332,Rajasthan,"AIIMS, Jodhpur",PHYSIOLOGY,AIIMS-Inst. Pref,UR-AIIMS-IP
0,29143,Maharashtra,"AIIMS, Nagpur",GENERAL MEDICINE,AIIMS-All India,OBC-PwD
0,29407,Chandigarh,"PGIMER, Chandigarh",PAEDIATRICS,PGIMER-All India,UR-PwD
0,29951,Delhi,"AIIMS, Delhi",ANAESTHESIOLOGY,AIIMS-All India,UR-PwD
0,31313,Assam,"AIIMS, Guwahati",ANATOMY,AIIMS-All India,ST
0,31461,Jammu and Kashmir,"AIIMS, Jammu",PHARMACOLOGY,AIIMS-All India,ST
0,32242,Maharashtra,"AIIMS, Nagpur",OBG,AIIMS-All India,UR-PwD
0,32523,Rajasthan,"AIIMS, Jodhpur",BIOCHEMISTRY,AIIMS-Inst. Pref,UR-AIIMS-IP
0,33172,Andhra Pradesh,"AIIMS, Mangalagiri",ANAESTHESIOLOGY,AIIMS-All India,UR-PwD
0,33185,West Bengal,"AIIMS, Kalyani",ANATOMY,AIIMS-Inst. Pref,UR-AIIMS-IP
0,35060,Uttar Pradesh,"AIIMS, Gorakhpur",MICROBIOLOGY,AIIMS-Inst. Pref,UR-AIIMS-IP
0,35448,Gujarat,"AIIMS, Rajkot",PAEDIATRICS,AIIMS-All India,UR-PwD
0,35493,Chandigarh,"PGIMER, Chandigarh",OPHTHALMOLOGY,PGIMER-All India,UR-PwD
0,36084,Chhattisgarh,"AIIMS, Raipur",OBG,AIIMS-All India,OBC-PwD
0,36208,Punjab,"AIIMS, Bathinda",GENERAL MEDICINE,AIIMS-All India,UR-PwD
0,36416,Assam,"AIIMS, Guwahati",GENERAL MEDICINE,AIIMS-All India,OBC-PwD
0,37798,Chandigarh,"PGIMER, Chandigarh",ANAESTHESIOLOGY,PGIMER-All India,SC-PwD
0,38833,Maharashtra,"AIIMS, Nagpur",PAEDIATRICS,AIIMS-All India,OBC-PwD
0,39968,Delhi,"AIIMS, Delhi",HOSPITAL ADMINISTRATION,AIIMS-All India,UR-PwD
0,40379,Bihar,"AIIMS, Patna",OBG,AIIMS-All India,OBC-PwD
0,41204,Pondicherry,"JIPMER, Puducherry",ENT,JIPMER-All India,EWS-PwD
0,41387,Pondicherry,"JIPMER, Puducherry",DERMATOLOGY,JIPMER-All India,SC-PwD
0,43798,Uttar Pradesh,"AIIMS, Rai Bareli",IHBT,AIIMS-Inst. Pref,UR-AIIMS-IP
0,43922,Pondicherry,"JIPMER, Puducherry",EMERGENCY MEDICINE,JIPMER-All India,ST-PwD
0,44111,Chandigarh,"PGIMER, Chandigarh",GENERAL SURGERY,PGIMER-All India,UR-PwD
0,44798,Madhya Pradesh,"AIIMS, Bhopal",PATHOLOGY,AIIMS-All India,UR-PwD
0,45862,Uttarakhand,"AIIMS, Rishikesh",ANAESTHESIOLOGY,AIIMS-All India,ST-PwD
0,47087,Madhya Pradesh,"AIIMS, Bhopal",GENERAL MEDICINE,AIIMS-All India,UR-PwD
0,48084,Rajasthan,"AIIMS, Jodhpur",NUCLEAR MEDICINE,AIIMS-All India,UR-PwD
0,48535,Uttarakhand,"AIIMS, Rishikesh",PAEDIATRICS,AIIMS-All India,UR-PwD
0,48647,Odisha,"AIIMS, Bhubaneswar",ANAESTHESIOLOGY,AIIMS-All India,UR-PwD
0,48921,Delhi,"AIIMS, Delhi",PALLIATIVE MEDICINE,AIIMS-All India,OBC-PwD
0,49244,Himachal Pradesh,"AIIMS, Bilaspur, Himachal",PAEDIATRICS,AIIMS-All India,UR-PwD
1,1,Karnataka,"NIMHANS, Bangalore",NEUROLOGY 6 YRS,NIMHANS-All India,UR
1,2,Delhi,"AIIMS, Delhi",GENERAL MEDICINE,AIIMS-All India,UR
1,3,Delhi,"AIIMS, Delhi",GENERAL MEDICINE,AIIMS-All India,UR
1,4,Delhi,"AIIMS, Delhi",GENERAL MEDICINE,AIIMS-All India,UR
1,5,Delhi,"AIIMS, Delhi",RADIO DIAGNOSIS,AIIMS-All India,UR
1,6,Delhi,"AIIMS, Delhi",RADIO DIAGNOSIS,AIIMS-All India,UR
1,7,Chandigarh,"PGIMER, Chandigarh",RADIO DIAGNOSIS,PGIMER-All India,UR
1,8,Delhi,"AIIMS, Delhi",RADIO DIAGNOSIS,AIIMS-Inst. Pref,UR-AIIMS-IP
1,9,Delhi,"AIIMS, Delhi",GENERAL MEDICINE,AIIMS-All India,OBC
1,10,Chandigarh,"PGIMER, Chandigarh",DERMATOLOGY,PGIMER-All India,UR
1,11,Chandigarh,"PGIMER, Chandigarh",GENERAL MEDICINE,PGIMER-All India,UR
1,12,Chandigarh,"PGIMER, Chandigarh",RADIO DIAGNOSIS,PGIMER-All India,UR
1,13,Chandigarh,"PGIMER, Chandigarh",RADIO DIAGNOSIS,PGIMER-All India,UR
1,14,Chandigarh,"PGIMER, Chandigarh",GENERAL MEDICINE,PGIMER-All India,UR
1,15,Chandigarh,"PGIMER, Chandigarh",GENERAL MEDICINE,PGIMER-All India,UR
1,16,Chandigarh,"PGIMER, Chandigarh",GENERAL MEDICINE,PGIMER-All India,UR
1,17,Rajasthan,"AIIMS, Jodhpur",RADIO DIAGNOSIS,AIIMS-All India,UR
1,18,Rajasthan,"AIIMS, Jodhpur",RADIO DIAGNOSIS,AIIMS-All India,UR
1,19,Delhi,"AIIMS, Delhi",GENERAL SURGERY,AIIMS-All India,UR
1,20,Chandigarh,"PGIMER, Chandigarh",GENERAL MEDICINE,PGIMER-All India,UR
1,21,Chandigarh,"PGIMER, Chandigarh",GENERAL MEDICINE,PGIMER-All India,UR
1,22,Odisha,"AIIMS, Bhubaneswar",GENERAL MEDICINE,AIIMS-All India,UR
1,24,Chandigarh,"PGIMER, Chandigarh",NUCLEAR MEDICINE,PGIMER-All India,UR
1,25,Rajasthan,"AIIMS, Jodhpur",DERMATOLOGY,AIIMS-All India,UR
1,26,Chandigarh,"PGIMER, Chandigarh",DERMATOLOGY,PGIMER-All India,UR
1,27,Uttarakhand,"AIIMS, Rishikesh",RADIO DIAGNOSIS,AIIMS-All India,UR
1,28,Chandigarh,"PGIMER, Chandigarh",ORTHOPAEDICS,PGIMER-All India,UR
1,29,Delhi,"AIIMS, Delhi",PAEDIATRICS,AIIMS-All India,UR
1,30,Rajasthan,"AIIMS, Jodhpur",RADIO DIAGNOSIS,AIIMS-All India,EWS
1,31,Chandigarh,"PGIMER, Chandigarh",PAEDIATRICS,PGIMER-All India,UR
1,32,Maharashtra,"AIIMS, Nagpur",RADIO DIAGNOSIS,AIIMS-All India,UR
1,34,Rajasthan,"AIIMS, Jodhpur",GENERAL MEDICINE,AIIMS-All India,UR
1,35,Rajasthan,"AIIMS, Jodhpur",GENERAL MEDICINE,AIIMS-All India,UR
1,36,Uttarakhand,"AIIMS, Rishikesh",GENERAL MEDICINE,AIIMS-All India,UR
1,37,Chhattisgarh,"AIIMS, Raipur",GENERAL MEDICINE,AIIMS-All India,UR
1,38,Delhi,"AIIMS, Delhi",ORTHOPAEDICS,AIIMS-All India,UR
1,40,Delhi,"AIIMS, Delhi",OBG,AIIMS-All India,UR
1,41,Andhra Pradesh,"AIIMS, Mangalagiri",DERMATOLOGY,AIIMS-All India,UR
1,42,Delhi,"AIIMS, Delhi",GENERAL MEDICINE,AIIMS-All India,OBC
1,43,Pondicherry,"JIPMER, Puducherry",RADIO DIAGNOSIS,JIPMER-All India,UR
1,44,Chandigarh,"PGIMER, Chandigarh",PAEDIATRICS,PGIMER-All India,UR
1,45,Pondicherry,"JIPMER, Puducherry",RADIO DIAGNOSIS,JIPMER-All India,UR
1,46,Chandigarh,"PGIMER, Chandigarh",GENERAL MEDICINE,PGIMER-All India,OBC
1,47,Pondicherry,"JIPMER, Puducherry",GENERAL MEDICINE,JIPMER-All India,UR
1,48,Pondicherry,"JIPMER, Puducherry",OBG,JIPMER-All India,OBC
1,49,Delhi,"AIIMS, Delhi",RADIO DIAGNOSIS,AIIMS-All India,OBC
1,50,Odisha,"AIIMS, Bhubaneswar",RADIO DIAGNOSIS,AIIMS-All India,UR
1,51,Pondicherry,"JIPMER, Puducherry",GENERAL MEDICINE,JIPMER-All India,UR
1,52,Odisha,"AIIMS, Bhubaneswar",RADIO DIAGNOSIS,AIIMS-All India,UR
1,53,Delhi,"AIIMS, Delhi",NEUROSURGERY 6 YRS,AIIMS-All India,UR
1,54,Madhya Pradesh,"AIIMS, Bhopal",RADIO DIAGNOSIS,AIIMS-All India,EWS
1,55,Karnataka,"NIMHANS, Bangalore",NEUROSURGERY 6 YRS,NIMHANS-All India,UR
1,56,Chandigarh,"PGIMER, Chandigarh",PAEDIATRICS,PGIMER-All India,UR
1,57,Pondicherry,"JIPMER, Puducherry",GENERAL MEDICINE,JIPMER-All India,UR
1,58,Odisha,"AIIMS, Bhubaneswar",RADIO DIAGNOSIS,AIIMS-All India,UR
1,59,Rajasthan,"AIIMS, Jodhpur",DERMATOLOGY,AIIMS-All India,UR
1,60,Chhattisgarh,"AIIMS, Raipur",RADIO DIAGNOSIS,AIIMS-All India,UR
1,61,Pondicherry,"JIPMER, Puducherry",OBG,JIPMER-All India,UR
1,62,Pondicherry,"JIPMER, Puducherry",PAEDIATRICS,JIPMER-All India,UR
1,63,Delhi,"AIIMS, Delhi",GENERAL MEDICINE,AIIMS-All India,EWS
1,64,Chhattisgarh,"AIIMS, Raipur",GENERAL MEDICINE,AIIMS-All India,UR
1,65,Rajasthan,"AIIMS, Jodhpur",GENERAL MEDICINE,AIIMS-Inst. Pref,UR-AIIMS-IP
1,66,Delhi,"AIIMS, Delhi",RADIO DIAGNOSIS,AIIMS-All India,OBC
1,67,Chandigarh,"PGIMER, Chandigarh",PAEDIATRICS,PGIMER-All India,UR
1,68,Karnataka,"NIMHANS, Bangalore",NEUROSURGERY 6 YRS,NIMHANS-All India,UR
1,69,Odisha,"AIIMS, Bhubaneswar",DERMATOLOGY,AIIMS-All India,UR
1,70,Rajasthan,"AIIMS, Jodhpur",GENERAL MEDICINE,AIIMS-All India,OBC
1,71,Himachal Pradesh,"AIIMS, Bilaspur, Himachal",RADIO DIAGNOSIS,AIIMS-All India,UR
1,72,Chandigarh,"PGIMER, Chandigarh",GENERAL MEDICINE,PGIMER-All India,OBC
1,73,Assam,"AIIMS, Guwahati",RADIO DIAGNOSIS,AIIMS-All India,UR
1,74,Delhi,"AIIMS, Delhi",NUCLEAR MEDICINE,AIIMS-All India,UR
1,75,Odisha,"AIIMS, Bhubaneswar",GENERAL MEDICINE,AIIMS-All India,UR
1,76,Chandigarh,"PGIMER, Chandigarh",PAEDIATRICS,PGIMER-All India,UR
1,77,Chandigarh,"PGIMER, Chandigarh",GENERAL MEDICINE,PGIMER-All India,OBC
1,78,Rajasthan,"AIIMS, Jodhpur",GENERAL MEDICINE,AIIMS-All India,EWS
1,79,Chhattisgarh,"AIIMS, Raipur",GENERAL MEDICINE,AIIMS-All India,UR
1,80,Chandigarh,"PGIMER, Chandigarh",GENERAL MEDICINE,PGIMER-All India,OBC
1,81,Maharashtra,"AIIMS, Nagpur",GENERAL MEDICINE,AIIMS-All India,UR
1,82,Chandigarh,"PGIMER, Chandigarh",PAEDIATRICS,PGIMER-All India,UR
1,83,Chandigarh,"PGIMER, Chandigarh",RADIO DIAGNOSIS,PGIMER-All India,OBC
1,84,Chandigarh,"PGIMER, Chandigarh",GENERAL MEDICINE,PGIMER-All India,OBC
1,85,Delhi,"AIIMS, Delhi",DERMATOLOGY,AIIMS-Inst. Pref,UR-AIIMS-IP
1,86,Uttarakhand,"AIIMS, Rishikesh",DERMATOLOGY,AIIMS-All India,UR
1,87,Chandigarh,"PGIMER, Chandigarh",PAEDIATRICS,PGIMER-All India,UR
1,89,Gujarat,"AIIMS, Rajkot",RADIO DIAGNOSIS,AIIMS-All India,UR
1,90,Chandigarh,"PGIMER, Chandigarh",GENERAL SURGERY,PGIMER-All India,UR
1,91,Delhi,"AIIMS, Delhi",OBG,AIIMS-All India,UR
1,92,Chandigarh,"PGIMER, Chandigarh",NUCLEAR MEDICINE,PGIMER-All India,OBC
1,93,Pondicherry,"JIPMER, Puducherry",RADIO DIAGNOSIS,JIPMER-All India,OBC
1,94,Assam,"AIIMS, Guwahati",RADIO DIAGNOSIS,AIIMS-All India,UR
1,96,Pondicherry,"JIPMER, Puducherry",RADIO DIAGNOSIS,JIPMER-All India,OBC
1,97,Karnataka,"NIMHANS, Bangalore",NEUROLOGY 6 YRS,NIMHANS-All India,UR
1,98,Karnataka,"NIMHANS, Bangalore",NEUROLOGY 6 YRS,NIMHANS-All India,UR
1,99,Maharashtra,"AIIMS, Nagpur",DERMATOLOGY,AIIMS-All India,UR
1,102,Maharashtra,"AIIMS, Nagpur",GENERAL MEDICINE,AIIMS-All India,UR
1,103,Rajasthan,"AIIMS, Jodhpur",PAEDIATRICS,AIIMS-All India,UR
1,104,Pondicherry,"JIPMER, Puducherry",GENERAL MEDICINE,JIPMER-All India,OBC
1,106,Chandigarh,"PGIMER, Chandigarh",GENERAL SURGERY,PGIMER-All India,UR
1,107,Karnataka,"NIMHANS, Bangalore",NEUROLOGY 6 YRS,NIMHANS-All India,UR
1,108,Chandigarh,"PGIMER, Chandigarh",PAEDIATRICS,PGIMER-All India,OBC
1,109,Pondicherry,"JIPMER, Puducherry",GENERAL MEDICINE,JIPMER-All India,OBC
1,110,Chandigarh,"PGIMER, Chandigarh",OPHTHALMOLOGY,PGIMER-All India,UR
1,111,Pondicherry,"JIPMER, Puducherry",PAEDIATRICS,JIPMER-All India,UR
1,112,Rajasthan,"AIIMS, Jodhpur",RADIO DIAGNOSIS,AIIMS-All India,OBC
1,113,Himachal Pradesh,"AIIMS, Bilaspur, Himachal",RADIO DIAGNOSIS,AIIMS-All India,EWS
1,114,Delhi,"AIIMS, Delhi",OBG,AIIMS-All India,UR
1,115,Andhra Pradesh,"AIIMS, Mangalagiri",GENERAL MEDICINE,AIIMS-All India,UR
1,117,Bihar,"AIIMS, Patna",GENERAL MEDICINE,AIIMS-All India,UR
1,119,Maharashtra,"AIIMS, Nagpur",GENERAL MEDICINE,AIIMS-All India,UR
1,120,Odisha,"AIIMS, Bhubaneswar",RADIO DIAGNOSIS,AIIMS-All India,OBC
1,121,Chandigarh,"PGIMER, Chandigarh",GENERAL SURGERY,PGIMER-All India,UR
1,123,Chandigarh,"PGIMER, Chandigarh",GENERAL SURGERY,PGIMER-All India,UR
1,124,Chhattisgarh,"AIIMS, Raipur",PAEDIATRICS,AIIMS-All India,UR
1,125,Maharashtra,"AIIMS, Nagpur",DERMATOLOGY,AIIMS-All India,UR
1,126,Uttar Pradesh,"AIIMS, Rai Bareli",GENERAL MEDICINE,AIIMS-All India,UR
1,127,Pondicherry,"JIPMER, Puducherry",GENERAL MEDICINE,JIMPER-Inst. Pref,INST (JIPMER)
1,129,Uttar Pradesh,"AIIMS, Gorakhpur",GENERAL MEDICINE,AIIMS-All India,UR
1,130,Himachal Pradesh,"AIIMS, Bilaspur, Himachal",GENERAL MEDICINE,AIIMS-All India,UR
1,131,Maharashtra,"AIIMS, Nagpur",PAEDIATRICS,AIIMS-All India,UR
1,132,Rajasthan,"AIIMS, Jodhpur",RADIO DIAGNOSIS,AIIMS-All India,OBC
1,133,Pondicherry,"JIPMER, Puducherry",GENERAL MEDICINE,JIPMER-All India,OBC
1,134,Delhi,"AIIMS, Delhi",PAEDIATRICS,AIIMS-Inst. Pref,UR-AIIMS-IP
1,135,Rajasthan,"AIIMS, Jodhpur",NEUROSURGERY 6 YRS,AIIMS-All India,UR
1,136,Chandigarh,"PGIMER, Chandigarh",GENERAL SURGERY,PGIMER-All India,UR
1,137,Delhi,"AIIMS, Delhi",OPHTHALMOLOGY,AIIMS-Inst. Pref,UR-AIIMS-IP
1,138,Odisha,"AIIMS, Bhubaneswar",GENERAL MEDICINE,AIIMS-Inst. Pref,UR-AIIMS-IP
1,140,Delhi,"AIIMS, Delhi",GENERAL SURGERY,AIIMS-All India,OBC
1,141,Assam,"AIIMS, Guwahati",GENERAL MEDICINE,AIIMS-All India,UR
1,142,Jharkhand,"AIIMS, Deoghar",GENERAL MEDICINE,AIIMS-All India,UR
1,143,Delhi,"AIIMS, Delhi",OBG,AIIMS-All India,UR
1,144,Odisha,"AIIMS, Bhubaneswar",NUCLEAR MEDICINE,AIIMS-All India,UR
1,145,Chandigarh,"PGIMER, Chandigarh",GENERAL SURGERY,PGIMER-All India,UR
1,146,Pondicherry,"JIPMER, Puducherry",RADIO DIAGNOSIS,JIPMER-All India,EWS
1,147,Odisha,"AIIMS, Bhubaneswar",GENERAL SURGERY,AIIMS-Inst. Pref,UR-AIIMS-IP
1,148,Madhya Pradesh,"AIIMS, Bhopal",RADIO DIAGNOSIS,AIIMS-All India,OBC
1,149,Uttarakhand,"AIIMS, Rishikesh",ORTHOPAEDICS,AIIMS-All India,UR
1,150,Uttarakhand,"AIIMS, Rishikesh",RADIO DIAGNOSIS,AIIMS-All India,OBC
1,151,Chandigarh,"PGIMER, Chandigarh",DERMATOLOGY,PGIMER-All India,OBC
1,152,Gujarat,"AIIMS, Rajkot",GENERAL MEDICINE,AIIMS-All India,UR
1,153,Jammu and Kashmir,"AIIMS, Jammu",GENERAL MEDICINE,AIIMS-All India,UR
1,154,Karnataka,"NIMHANS, Bangalore",PSYCHIATRY,NIMHANS-All India,UR
1,155,Pondicherry,"JIPMER, Puducherry",OPHTHALMOLOGY,JIPMER-All India,UR
1,156,Maharashtra,"AIIMS, Nagpur",PAEDIATRICS,AIIMS-All India,UR
1,157,Chhattisgarh,"AIIMS, Raipur",PAEDIATRICS,AIIMS-All India,UR
1,158,Rajasthan,"AIIMS, Jodhpur",OBG,AIIMS-All India,UR
1,159,Odisha,"AIIMS, Bhubaneswar",GENERAL MEDICINE,AIIMS-All India,OBC
1,160,Bihar,"AIIMS, Patna",DERMATOLOGY,AIIMS-All India,UR
1,162,Delhi,"AIIMS, Delhi",GENERAL MEDICINE,AIIMS-All India,SC
1,163,Delhi,"AIIMS, Delhi",OBG,AIIMS-All India,UR
1,164,Uttarakhand,"AIIMS, Rishikesh",NUCLEAR MEDICINE,AIIMS-All India,UR
1,165,Pondicherry,"JIPMER, Puducherry",PAEDIATRICS,JIPMER-All India,OBC
1,166,Delhi,"AIIMS, Delhi",GENERAL SURGERY,AIIMS-All India,EWS
1,167,Maharashtra,"AIIMS, Nagpur",PAEDIATRICS,AIIMS-All India,UR
1,168,Gujarat,"AIIMS, Rajkot",DERMATOLOGY,AIIMS-All India,UR
1,170,Delhi,"AIIMS, Delhi",EMERGENCY MEDICINE,AIIMS-All India,UR
1,171,Delhi,"AIIMS, Delhi",OBG,AIIMS-All India,UR
1,172,Odisha,"AIIMS, Bhubaneswar",GENERAL MEDICINE,AIIMS-All India,OBC
1,173,Pondicherry,"JIPMER, Puducherry",GENERAL MEDICINE,JIPMER-All India,OBC
1,174,Rajasthan,"AIIMS, Jodhpur",ORTHOPAEDICS,AIIMS-All India,UR
1,175,Uttarakhand,"AIIMS, Rishikesh",GENERAL SURGERY,AIIMS-All India,UR
1,176,Uttarakhand,"AIIMS, Rishikesh",GENERAL MEDICINE,AIIMS-All India,OBC
1,177,Pondicherry,"JIPMER, Puducherry",GENERAL SURGERY,JIMPER-Inst. Pref,INST (JIPMER)
1,178,Pondicherry,"JIPMER, Puducherry",GENERAL SURGERY,JIPMER-All India,UR
1,179,Pondicherry,"JIPMER, Puducherry",OBG,JIPMER-All India,UR
1,180,Delhi,"AIIMS, Delhi",EMERGENCY MEDICINE,AIIMS-All India,UR
1,181,Pondicherry,"JIPMER, Puducherry",ANAESTHESIOLOGY,JIPMER-All India,UR
1,183,Chandigarh,"PGIMER, Chandigarh",OBG,PGIMER-All India,UR
1,184,Chhattisgarh,"AIIMS, Raipur",OBG,AIIMS-All India,UR
1,185,Chandigarh,"PGIMER, Chandigarh",RADIATION ONCOLOGY,PGIMER-All India,UR
1,186,Karnataka,"NIMHANS, Bangalore",PSYCHIATRY,NIMHANS-All India,UR
1,188,Andhra Pradesh,"AIIMS, Mangalagiri",RADIO DIAGNOSIS,AIIMS-All India,EWS
1,189,Pondicherry,"JIPMER, Puducherry",TBRD,JIPMER-All India,UR
1,190,Himachal Pradesh,"AIIMS, Bilaspur, Himachal",PAEDIATRICS,AIIMS-All India,UR
1,191,Delhi,"AIIMS, Delhi",GENERAL MEDICINE,AIIMS-All India,SC
1,192,Uttar Pradesh,"AIIMS, Gorakhpur",PAEDIATRICS,AIIMS-All India,UR
1,193,Pondicherry,"JIPMER, Puducherry",OBG,JIPMER-All India,UR
1,194,Uttar Pradesh,"AIIMS, Rai Bareli",NEUROLOGY 6 YRS,AIIMS-All India,UR
1,197,Pondicherry,"JIPMER, Puducherry",OPHTHALMOLOGY,JIPMER-All India,UR
1,198,Delhi,"AIIMS, Delhi",PATHOLOGY,AIIMS-All India,UR
1,200,Odisha,"AIIMS, Bhubaneswar",ORTHOPAEDICS,AIIMS-Inst. Pref,UR-AIIMS-IP
1,203,Uttar Pradesh,"AIIMS, Rai Bareli",NEUROLOGY 6 YRS,AIIMS-All India,UR
1,205,Uttarakhand,"AIIMS, Rishikesh",GENERAL MEDICINE,AIIMS-All India,EWS
1,206,Andhra Pradesh,"AIIMS, Mangalagiri",OBG,AIIMS-All India,UR
1,207,Pondicherry,"JIPMER, Puducherry",GENERAL MEDICINE,JIMPER-Inst. Pref,INST (JIPMER)
1,208,Andhra Pradesh,"AIIMS, Mangalagiri",GENERAL SURGERY,AIIMS-All India,UR
1,209,Madhya Pradesh,"AIIMS, Bhopal",RADIO DIAGNOSIS,AIIMS-All India,OBC
1,212,Himachal Pradesh,"AIIMS, Bilaspur, Himachal",PAEDIATRICS,AIIMS-All India,UR
1,213,Andhra Pradesh,"AIIMS, Mangalagiri",PAEDIATRICS,AIIMS-All India,UR
1,214,Delhi,"AIIMS, Delhi",RADIO DIAGNOSIS,AIIMS-All India,SC
1,215,Delhi,"AIIMS, Delhi",PSYCHIATRY,AIIMS-All India,UR
1,216,Bihar,"AIIMS, Patna",OBG,AIIMS-All India,UR
1,218,Delhi,"AIIMS, Delhi",DERMATOLOGY,AIIMS-All India,OBC
1,219,Chhattisgarh,"AIIMS, Raipur",RADIO DIAGNOSIS,AIIMS-All India,OBC
1,221,Rajasthan,"AIIMS, Jodhpur",OPHTHALMOLOGY,AIIMS-All India,UR
1,222,Delhi,"AIIMS, Delhi",EMERGENCY MEDICINE,AIIMS-All India,OBC
1,223,Delhi,"AIIMS, Delhi",ANAESTHESIOLOGY,AIIMS-All India,UR
1,224,Chandigarh,"PGIMER, Chandigarh",PAEDIATRICS,PGIMER-All India,OBC
1,225,Madhya Pradesh,"AIIMS, Bhopal",OBG,AIIMS-All India,UR
1,226,Delhi,"AIIMS, Delhi",EMERGENCY MEDICINE,AIIMS-All India,OBC
1,228,Bihar,"AIIMS, Patna",RADIO DIAGNOSIS,AIIMS-All India,OBC
1,229,Rajasthan,"AIIMS, Jodhpur",DERMATOLOGY,AIIMS-All India,EWS
1,230,Maharashtra,"AIIMS, Nagpur",PLASTIC SURGERY 6 YRS,AIIMS-All India,UR
1,232,Assam,"AIIMS, Guwahati",GENERAL SURGERY,AIIMS-All India,UR
1,233,Jharkhand,"AIIMS, Deoghar",PAEDIATRICS,AIIMS-All India,UR
1,234,Pondicherry,"JIPMER, Puducherry",GENERAL MEDICINE,JIPMER-All India,EWS
1,235,Chandigarh,"PGIMER, Chandigarh",RADIO DIAGNOSIS,PGIMER-All India,SC
1,237,Pondicherry,"JIPMER, Puducherry",ORTHOPAEDICS,JIPMER-All India,UR
1,238,Madhya Pradesh,"AIIMS, Bhopal",ORTHOPAEDICS,AIIMS-All India,UR
1,239,Karnataka,"NIMHANS, Bangalore",PSYCHIATRY,NIMHANS-All India,UR
1,240,Uttarakhand,"AIIMS, Rishikesh",GENERAL MEDICINE,AIIMS-All India,OBC
1,242,Bihar,"AIIMS, Patna",SURGGASTRO (6 YRS),AIIMS-All India,UR
1,243,Delhi,"AIIMS, Delhi",OBG,AIIMS-All India,OBC
1,245,Odisha,"AIIMS, Bhubaneswar",DERMATOLOGY,AIIMS-All India,OBC
1,248,Pondicherry,"JIPMER, Puducherry",NUCLEAR MEDICINE,JIPMER-All India,OBC
1,251,Delhi,"AIIMS, Delhi",ANAESTHESIOLOGY,AIIMS-All India,UR
1,253,Pondicherry,"JIPMER, Puducherry",GENERAL MEDICINE,JIPMER-All India,SC
1,255,Delhi,"AIIMS, Delhi",GENERAL MEDICINE,AIIMS-All India,ST
1,256,Karnataka,"NIMHANS, Bangalore",PSYCHIATRY,NIMHANS-All India,UR
1,259,Karnataka,"NIMHANS, Bangalore",PSYCHIATRY,NIMHANS-All India,UR
1,261,Pondicherry,"JIPMER, Puducherry",PAEDIATRICS,JIPMER-All India,OBC
1,264,Pondicherry,"JIPMER, Puducherry",DERMATOLOGY,JIMPER-Inst. Pref,INST (JIPMER)
1,268,Delhi,"AIIMS, Delhi",OBG,AIIMS-All India,OBC
1,272,Delhi,"AIIMS, Delhi",ANAESTHESIOLOGY,AIIMS-All India,UR
1,273,Odisha,"AIIMS, Bhubaneswar",GENERAL MEDICINE,AIIMS-Inst. Pref,UR-AIIMS-IP
1,274,Jammu and Kashmir,"AIIMS, Jammu",PAEDIATRICS,AIIMS-All India,UR
1,278,Chhattisgarh,"AIIMS, Raipur",ORTHOPAEDICS,AIIMS-All India,UR
1,279,Chandigarh,"PGIMER, Chandigarh",PAEDIATRICS,PGIMER-All India,OBC
1,281,Punjab,"AIIMS, Bathinda",PLASTIC SURGERY 6 YRS,AIIMS-All India,UR
1,282,Andhra Pradesh,"AIIMS, Mangalagiri",RADIO DIAGNOSIS,AIIMS-All India,OBC
1,284,Pondicherry,"JIPMER, Puducherry",GENERAL SURGERY,JIMPER-Inst. Pref,INST (JIPMER)
1,286,Odisha,"AIIMS, Bhubaneswar",ORTHOPAEDICS,AIIMS-All India,UR
1,287,Gujarat,"AIIMS, Rajkot",RADIO DIAGNOSIS,AIIMS-All India,OBC
1,289,Rajasthan,"AIIMS, Jodhpur",RADIOTHERAPY & ONCOLOGY 6 YRS,AIIMS-All India,UR
1,290,Chandigarh,"PGIMER, Chandigarh",ENT,PGIMER-All India,UR
1,291,Maharashtra,"AIIMS, Nagpur",OBG,AIIMS-All India,UR
1,293,Gujarat,"AIIMS, Rajkot",GENERAL MEDICINE,AIIMS-All India,EWS
1,294,Maharashtra,"AIIMS, Nagpur",GENERAL MEDICINE,AIIMS-All India,OBC
1,295,Uttar Pradesh,"AIIMS, Gorakhpur",GENERAL SURGERY,AIIMS-All India,UR
1,298,Delhi,"AIIMS, Delhi",OBG,AIIMS-All India,OBC
1,299,Delhi,"AIIMS, Delhi",ANAESTHESIOLOGY,AIIMS-All India,UR
1,301,Madhya Pradesh,"AIIMS, Bhopal",DERMATOLOGY,AIIMS-All India,OBC
1,302,Pondicherry,"JIPMER, Puducherry",DERMATOLOGY,JIPMER-All India,OBC
1,303,Maharashtra,"AIIMS, Nagpur",NEUROSURGERY 6 YRS,AIIMS-All India,UR
1,304,Bihar,"AIIMS, Patna",ORTHOPAEDICS,AIIMS-All India,UR
1,305,Maharashtra,"AIIMS, Nagpur",GENERAL MEDICINE,AIIMS-All India,EWS
1,306,Karnataka,"NIMHANS, Bangalore",PSYCHIATRY,NIMHANS-All India,UR
1,307,Pondicherry,"JIPMER, Puducherry",PAEDIATRICS,JIMPER-Inst. Pref,INST (JIPMER)
1,308,Delhi,"AIIMS, Delhi",PAEDIATRICS,AIIMS-All India,OBC
1,310,Chhattisgarh,"AIIMS, Raipur",GENERAL MEDICINE,AIIMS-All India,EWS
1,311,Chhattisgarh,"AIIMS, Raipur",GENERAL MEDICINE,AIIMS-All India,OBC
1,314,Maharashtra,"AIIMS, Nagpur",OBG,AIIMS-All India,UR
1,315,Chhattisgarh,"AIIMS, Raipur",GENERAL MEDICINE,AIIMS-All India,OBC
1,316,Rajasthan,"AIIMS, Jodhpur",RADIOTHERAPY & ONCOLOGY 6 YRS,AIIMS-All India,UR
1,317,Uttarakhand,"AIIMS, Rishikesh",ORTHOPAEDICS,AIIMS-All India,EWS
1,318,Pondicherry,"JIPMER, Puducherry",ENT,JIPMER-All India,UR
1,319,Karnataka,"NIMHANS, Bangalore",PSYCHIATRY,NIMHANS-All India,OBC
1,320,Delhi,"AIIMS, Delhi",GENERAL SURGERY,AIIMS-All India,OBC
1,321,Maharashtra,"AIIMS, Nagpur",RADIO DIAGNOSIS,AIIMS-All India,OBC
1,323,Assam,"AIIMS, Guwahati",PAEDIATRICS,AIIMS-All India,UR
1,324,Pondicherry,"JIPMER, Puducherry",GENERAL SURGERY,JIMPER-Inst. Pref,INST (JIPMER)
1,328,Jharkhand,"AIIMS, Deoghar",PAEDIATRICS,AIIMS-All India,UR
1,329,Pondicherry,"JIPMER, Puducherry",GENERAL SURGERY,JIPMER-All India,EWS
1,330,Pondicherry,"JIPMER, Puducherry",PAEDIATRICS,JIPMER-All India,EWS
1,333,Andhra Pradesh,"AIIMS, Mangalagiri",GENERAL MEDICINE,AIIMS-All India,OBC
1,334,Pondicherry,"JIPMER, Puducherry",PAEDIATRICS,JIPMER-All India,OBC
1,335,Chandigarh,"PGIMER, Chandigarh",GENERAL SURGERY,PGIMER-All India,OBC
1,336,Rajasthan,"AIIMS, Jodhpur",PAEDIATRICS,AIIMS-Inst. Pref,UR-AIIMS-IP
1,338,Delhi,"AIIMS, Delhi",GENERAL SURGERY,AIIMS-All India,SC
1,339,Pondicherry,"JIPMER, Puducherry",GENERAL SURGERY,JIPMER-All India,OBC
1,341,Karnataka,"NIMHANS, Bangalore",PSYCHIATRY,NIMHANS-All India,OBC
1,342,Chhattisgarh,"AIIMS, Raipur",NUCLEAR MEDICINE,AIIMS-All India,OBC
1,343,Madhya Pradesh,"AIIMS, Bhopal",GENERAL MEDICINE,AIIMS-All India,EWS
1,344,Maharashtra,"AIIMS, Nagpur",DERMATOLOGY,AIIMS-All India,OBC
1,347,Chandigarh,"PGIMER, Chandigarh",ANAESTHESIOLOGY,PGIMER-All India,UR
1,350,Chandigarh,"PGIMER, Chandigarh",PAEDIATRICS,PGIMER-All India,OBC
1,351,Delhi,"AIIMS, Delhi",ORTHOPAEDICS,AIIMS-All India,OBC
1,352,Gujarat,"AIIMS, Rajkot",OPHTHALMOLOGY,AIIMS-All India,UR
1,354,Delhi,"AIIMS, Delhi",OBG,AIIMS-All India,OBC
1,356,Pondicherry,"JIPMER, Puducherry",GENERAL SURGERY,JIPMER-All India,OBC
1,358,Pondicherry,"JIPMER, Puducherry",OBG,JIPMER-All India,OBC
1,359,Uttar Pradesh,"AIIMS, Gorakhpur",OBG,AIIMS-All India,UR
1,361,Uttar Pradesh,"AIIMS, Gorakhpur",DERMATOLOGY,AIIMS-All India,EWS
1,362,Delhi,"AIIMS, Delhi",ORTHOPAEDICS,AIIMS-Inst. Pref,UR-AIIMS-IP
1,363,Odisha,"AIIMS, Bhubaneswar",PAEDIATRICS,AIIMS-All India,EWS
1,364,Andhra Pradesh,"AIIMS, Mangalagiri",OPHTHALMOLOGY,AIIMS-All India,UR
1,365,Andhra Pradesh,"AIIMS, Mangalagiri",GENERAL MEDICINE,AIIMS-All India,EWS
1,366,Chandigarh,"PGIMER, Chandigarh",GENERAL MEDICINE,PGIMER-All India,SC
1,368,Punjab,"AIIMS, Bathinda",GENERAL MEDICINE,AIIMS-All India,OBC
1,369,Uttar Pradesh,"AIIMS, Gorakhpur",OBG,AIIMS-All India,UR
1,370,Delhi,"AIIMS, Delhi",ANAESTHESIOLOGY,AIIMS-All India,EWS
1,372,Chandigarh,"PGIMER, Chandigarh",GENERAL SURGERY,PGIMER-All India,OBC
1,373,Rajasthan,"AIIMS, Jodhpur",OPHTHALMOLOGY,AIIMS-All India,UR
1,375,Pondicherry,"JIPMER, Puducherry",PAEDIATRICS,JIPMER-All India,EWS
1,376,Delhi,"AIIMS, Delhi",OBG,AIIMS-All India,EWS
1,377,Gujarat,"AIIMS, Rajkot",GENERAL MEDICINE,AIIMS-All India,OBC
1,379,Jammu and Kashmir,"AIIMS, Jammu",RADIO DIAGNOSIS,AIIMS-All India,OBC
1,385,Rajasthan,"AIIMS, Jodhpur",NUCLEAR MEDICINE,AIIMS-Inst. Pref,UR-AIIMS-IP
1,386,Chhattisgarh,"AIIMS, Raipur",EMERGENCY MEDICINE,AIIMS-All India,UR
1,388,Chandigarh,"PGIMER, Chandigarh",PAEDIATRICS,PGIMER-All India,OBC
1,389,Odisha,"AIIMS, Bhubaneswar",EMERGENCY MEDICINE,AIIMS-All India,UR
1,390,Chandigarh,"PGIMER, Chandigarh",ENT,PGIMER-All India,UR
1,392,West Bengal,"AIIMS, Kalyani",ORTHOPAEDICS,AIIMS-All India,UR
1,399,Madhya Pradesh,"AIIMS, Bhopal",PAEDIATRICS,AIIMS-All India,EWS
1,401,Gujarat,"AIIMS, Rajkot",OBG,AIIMS-All India,UR
1,402,Odisha,"AIIMS, Bhubaneswar",PAEDIATRICS,AIIMS-All India,OBC
1,403,Maharashtra,"AIIMS, Nagpur",GENERAL MEDICINE,AIIMS-Inst. Pref,UR-AIIMS-IP
1,405,Gujarat,"AIIMS, Rajkot",OBG,AIIMS-All India,UR
1,406,Himachal Pradesh,"AIIMS, Bilaspur, Himachal",GENERAL MEDICINE,AIIMS-All India,OBC
1,410,Delhi,"AIIMS, Delhi",EMERGENCY MEDICINE,AIIMS-All India,EWS
1,412,Pondicherry,"JIPMER, Puducherry",PAEDIATRICS,JIMPER-Inst. Pref,INST (JIPMER)
1,413,Andhra Pradesh,"AIIMS, Mangalagiri",DERMATOLOGY,AIIMS-All India,OBC
1,414,Chandigarh,"PGIMER, Chandigarh",PSYCHIATRY,PGIMER-All India,UR
1,415,Maharashtra,"AIIMS, Nagpur",NEUROSURGERY 6 YRS,AIIMS-All India,UR
1,417,Telangana,"AIIMS, Bibinagar",DERMATOLOGY,AIIMS-All India,OBC
1,419,Delhi,"AIIMS, Delhi",OPHTHALMOLOGY,AIIMS-All India,EWS
1,422,Himachal Pradesh,"AIIMS, Bilaspur, Himachal",DERMATOLOGY,AIIMS-All India,OBC
1,423,Telangana,"AIIMS, Bibinagar",DERMATOLOGY,AIIMS-All India,EWS
1,427,Chandigarh,"PGIMER, Chandigarh",ANAESTHESIOLOGY,PGIMER-All India,UR
1,429,Jharkhand,"AIIMS, Deoghar",GENERAL MEDICINE,AIIMS-All India,OBC
1,430,Delhi,"AIIMS, Delhi",PATHOLOGY,AIIMS-All India,UR
1,437,Chhattisgarh,"AIIMS, Raipur",DERMATOLOGY,AIIMS-Inst. Pref,UR-AIIMS-IP
1,438,Rajasthan,"AIIMS, Jodhpur",PAEDIATRICS,AIIMS-All India,OBC
1,439,Maharashtra,"AIIMS, Nagpur",PAEDIATRIC SURGERY 6 YRS,AIIMS-All India,UR
1,440,Rajasthan,"AIIMS, Jodhpur",PSYCHIATRY,AIIMS-All India,UR
1,441,Punjab,"AIIMS, Bathinda",GENERAL SURGERY,AIIMS-All India,UR
1,445,Rajasthan,"AIIMS, Jodhpur",ENT,AIIMS-All India,UR
1,447,Odisha,"AIIMS, Bhubaneswar",PAEDIATRIC SURGERY 6 YRS,AIIMS-All India,UR
1,448,Jammu and Kashmir,"AIIMS, Jammu",OBG,AIIMS-All India,UR
1,453,Bihar,"AIIMS, Patna",PAEDIATRICS,AIIMS-All India,EWS
1,457,Pondicherry,"JIPMER, Puducherry",OPHTHALMOLOGY,JIPMER-All India,EWS-PwD
1,459,Jammu and Kashmir,"AIIMS, Jammu",GENERAL MEDICINE,AIIMS-All India,OBC
1,464,Pondicherry,"JIPMER, Puducherry",GENERAL SURGERY,JIPMER-All India,OBC
1,465,Jammu and Kashmir,"AIIMS, Jammu",OBG,AIIMS-All India,UR
1,467,Chandigarh,"PGIMER, Chandigarh",PSYCHIATRY,PGIMER-All India,UR
1,468,Uttarakhand,"AIIMS, Rishikesh",EMERGENCY MEDICINE,AIIMS-All India,UR
1,469,Chandigarh,"PGIMER, Chandigarh",ANAESTHESIOLOGY,PGIMER-All India,UR
1,471,Uttar Pradesh,"AIIMS, Gorakhpur",ORTHOPAEDICS,AIIMS-All India,UR
1,473,Chandigarh,"PGIMER, Chandigarh",ANAESTHESIOLOGY,PGIMER-All India,UR
1,474,Delhi,"AIIMS, Delhi",OBG,AIIMS-All India,OBC
1,475,Pondicherry,"JIPMER, Puducherry",OBG,JIPMER-All India,OBC
1,476,Gujarat,"AIIMS, Rajkot",ORTHOPAEDICS,AIIMS-All India,UR
1,481,Rajasthan,"AIIMS, Jodhpur",PAEDIATRICS,AIIMS-All India,OBC
1,487,Jammu and Kashmir,"AIIMS, Jammu",GENERAL MEDICINE,AIIMS-All India,EWS
1,489,Andhra Pradesh,"AIIMS, Mangalagiri",EMERGENCY MEDICINE,AIIMS-All India,UR
1,496,Andhra Pradesh,"AIIMS, Mangalagiri",NUCLEAR MEDICINE,AIIMS-Inst. Pref,UR-AIIMS-IP
1,501,Uttar Pradesh,"AIIMS, Rai Bareli",NEUROSURGERY 6 YRS,AIIMS-All India,UR
1,507,Odisha,"AIIMS, Bhubaneswar",OBG,AIIMS-Inst. Pref,UR-AIIMS-IP
1,508,Delhi,"AIIMS, Delhi",OBG,AIIMS-All India,EWS
1,509,Delhi,"AIIMS, Delhi",GENERAL MEDICINE,AIIMS-All India,ST
1,511,Andhra Pradesh,"AIIMS, Mangalagiri",PAEDIATRICS,AIIMS-All India,OBC
1,513,Chhattisgarh,"AIIMS, Raipur",PAEDIATRICS,AIIMS-All India,OBC
1,515,Chandigarh,"PGIMER, Chandigarh",GENERAL MEDICINE,PGIMER-Rural,UR-RA
1,517,Delhi,"AIIMS, Delhi",DERMATOLOGY,AIIMS-All India,SC
1,518,Jammu and Kashmir,"AIIMS, Jammu",ORTHOPAEDICS,AIIMS-All India,UR
1,520,Gujarat,"AIIMS, Rajkot",GENERAL SURGERY,AIIMS-All India,UR
1,522,Andhra Pradesh,"AIIMS, Mangalagiri",RADIATION ONCOLOGY,AIIMS-All India,UR
1,523,Punjab,"AIIMS, Bathinda",NEUROSURGERY 6 YRS,AIIMS-All India,UR
1,524,Madhya Pradesh,"AIIMS, Bhopal",PAEDIATRICS,AIIMS-All India,OBC
1,525,Madhya Pradesh,"AIIMS, Bhopal",GERIATRICS,AIIMS-All India,UR
1,528,Madhya Pradesh,"AIIMS, Bhopal",OPHTHALMOLOGY,AIIMS-All India,UR
1,531,Uttarakhand,"AIIMS, Rishikesh",CARDIO THORACIC AND VASCULAR SURGERY 6 YRS,AIIMS-All India,UR
1,534,Rajasthan,"AIIMS, Jodhpur",RADIO DIAGNOSIS,AIIMS-All India,SC
1,535,Maharashtra,"AIIMS, Nagpur",OPHTHALMOLOGY,AIIMS-All India,UR
1,537,Delhi,"AIIMS, Delhi",OPHTHALMOLOGY,AIIMS-Inst. Pref,UR-AIIMS-IP
1,539,Madhya Pradesh,"AIIMS, Bhopal",PAEDIATRIC SURGERY 6 YRS,AIIMS-All India,UR
1,542,Maharashtra,"AIIMS, Nagpur",PAEDIATRICS,AIIMS-All India,OBC
1,543,Karnataka,"NIMHANS, Bangalore",PSYCHIATRY,NIMHANS-KAR Domicile,UR-Karnataka Domicile
1,544,Chandigarh,"PGIMER, Chandigarh",ANAESTHESIOLOGY,PGIMER-All India,UR
1,546,Odisha,"AIIMS, Bhubaneswar",GENERAL SURGERY,AIIMS-All India,OBC
1,549,Bihar,"AIIMS, Patna",GENERAL SURGERY,AIIMS-Inst. Pref,UR-AIIMS-IP
1,552,Karnataka,"NIMHANS, Bangalore",PSYCHIATRY,NIMHANS-All India,EWS
1,553,Pondicherry,"JIPMER, Puducherry",OPHTHALMOLOGY,JIMPER-Inst. Pref,INST (JIPMER)
1,554,Chandigarh,"PGIMER, Chandigarh",ANAESTHESIOLOGY,PGIMER-All India,UR
1,555,Karnataka,"NIMHANS, Bangalore",PSYCHIATRY,NIMHANS-NE Domicile,UR-North East Domicile
1,559,Rajasthan,"AIIMS, Jodhpur",GENERAL SURGERY,AIIMS-All India,OBC
1,560,Maharashtra,"AIIMS, Nagpur",PAEDIATRICS,AIIMS-All India,OBC
1,564,Jharkhand,"AIIMS, Deoghar",GENERAL SURGERY,AIIMS-All India,UR
1,567,Delhi,"AIIMS, Delhi",NEUROSURGERY 6 YRS,AIIMS-Inst. Pref,UR-AIIMS-IP
1,570,Pondicherry,"JIPMER, Puducherry",OBG,JIMPER-Inst. Pref,INST (JIPMER)
1,573,Pondicherry,"JIPMER, Puducherry",ENT,JIPMER-All India,OBC
1,574,Odisha,"AIIMS, Bhubaneswar",ORTHOPAEDICS,AIIMS-All India,EWS
1,578,Rajasthan,"AIIMS, Jodhpur",ENT,AIIMS-All India,UR
1,580,Uttarakhand,"AIIMS, Rishikesh",EMERGENCY MEDICINE,AIIMS-All India,UR
1,581,Delhi,"AIIMS, Delhi",OPHTHALMOLOGY,AIIMS-All India,OBC
1,584,Jharkhand,"AIIMS, Deoghar",OBG,AIIMS-All India,UR
1,585,Rajasthan,"AIIMS, Jodhpur",GENERAL SURGERY,AIIMS-All India,OBC
1,587,Jammu and Kashmir,"AIIMS, Jammu",DERMATOLOGY,AIIMS-All India,OBC
1,588,Delhi,"AIIMS, Delhi",OPHTHALMOLOGY,AIIMS-All India,OBC
1,589,Pondicherry,"JIPMER, Puducherry",OBG,JIPMER-All India,OBC
1,590,Jammu and Kashmir,"AIIMS, Jammu",GENERAL SURGERY,AIIMS-All India,UR
1,592,Jammu and Kashmir,"AIIMS, Jammu",ORTHOPAEDICS,AIIMS-All India,UR
1,593,Chandigarh,"PGIMER, Chandigarh",GENERAL SURGERY,PGIMER-All India,OBC
1,594,Himachal Pradesh,"AIIMS, Bilaspur, Himachal",GENERAL SURGERY,AIIMS-All India,UR
1,595,Chandigarh,"PGIMER, Chandigarh",ANAESTHESIOLOGY,PGIMER-All India,UR
1,596,Chandigarh,"PGIMER, Chandigarh",GENERAL SURGERY,PGIMER-All India,SC
1,597,Chandigarh,"PGIMER, Chandigarh",ANAESTHESIOLOGY,PGIMER-All India,UR
1,602,Jammu and Kashmir,"AIIMS, Jammu",PAEDIATRIC SURGERY 6 YRS,AIIMS-All India,UR
1,606,Jammu and Kashmir,"AIIMS, Jammu",GENERAL SURGERY,AIIMS-All India,UR
1,611,Chandigarh,"PGIMER, Chandigarh",GENERAL SURGERY,PGIMER-All India,OBC
1,613,Assam,"AIIMS, Guwahati",PAEDIATRICS,AIIMS-All India,OBC
1,614,Jharkhand,"AIIMS, Deoghar",GENERAL MEDICINE,AIIMS-All India,EWS
1,615,Bihar,"AIIMS, Patna",EMERGENCY MEDICINE,AIIMS-All India,UR
1,619,Chandigarh,"PGIMER, Chandigarh",OPHTHALMOLOGY,PGIMER-All India,OBC
1,621,Pondicherry,"JIPMER, Puducherry",ANAESTHESIOLOGY,JIPMER-All India,OBC
1,623,Rajasthan,"AIIMS, Jodhpur",ANAESTHESIOLOGY,AIIMS-All India,UR
1,625,Chandigarh,"PGIMER, Chandigarh",ANAESTHESIOLOGY,PGIMER-All India,OBC
1,626,Jharkhand,"AIIMS, Deoghar",PAEDIATRICS,AIIMS-All India,OBC
1,628,Pondicherry,"JIPMER, Puducherry",EMERGENCY MEDICINE,JIPMER-All India,OBC
1,629,Rajasthan,"AIIMS, Jodhpur",GENERAL SURGERY,AIIMS-All India,EWS
1,630,Delhi,"AIIMS, Delhi",ORTHOPAEDICS,AIIMS-All India,OBC
1,631,Chandigarh,"PGIMER, Chandigarh",ORTHOPAEDICS,PGIMER-All India,OBC
1,633,Odisha,"AIIMS, Bhubaneswar",GENERAL SURGERY,AIIMS-Inst. Pref,UR-AIIMS-IP
1,635,Chandigarh,"PGIMER, Chandigarh",GENERAL MEDICINE,PGIMER-All India,ST
1,636,Uttar Pradesh,"AIIMS, Gorakhpur",OPHTHALMOLOGY,AIIMS-All India,UR
1,637,Chhattisgarh,"AIIMS, Raipur",GENERAL SURGERY,AIIMS-Inst. Pref,UR-AIIMS-IP
1,640,Jharkhand,"AIIMS, Deoghar",ORTHOPAEDICS,AIIMS-All India,UR
1,641,Madhya Pradesh,"AIIMS, Bhopal",OBG,AIIMS-All India,EWS
1,643,Uttarakhand,"AIIMS, Rishikesh",PAEDIATRICS,AIIMS-Inst. Pref,UR-AIIMS-IP
1,644,Maharashtra,"AIIMS, Nagpur",EMERGENCY MEDICINE,AIIMS-All India,UR
1,645,Maharashtra,"AIIMS, Nagpur",RADIATION ONCOLOGY,AIIMS-All India,UR
1,649,Chandigarh,"PGIMER, Chandigarh",RADIATION ONCOLOGY,PGIMER-All India,OBC
1,650,Punjab,"AIIMS, Bathinda",PAEDIATRICS,AIIMS-All India,OBC
1,656,Delhi,"AIIMS, Delhi",OPHTHALMOLOGY,AIIMS-All India,SC
1,657,Telangana,"AIIMS, Bibinagar",PAEDIATRIC SURGERY 6 YRS,AIIMS-All India,UR
1,659,Pondicherry,"JIPMER, Puducherry",RADIATION ONCOLOGY,JIMPER-Inst. Pref,INST (JIPMER)
1,660,Pondicherry,"JIPMER, Puducherry",EMERGENCY MEDICINE,JIPMER-All India,OBC
1,662,Chandigarh,"PGIMER, Chandigarh",OBG,PGIMER-All India,OBC
1,666,Delhi,"AIIMS, Delhi",GERIATRICS,AIIMS-All India,EWS
1,669,Uttar Pradesh,"AIIMS, Rai Bareli",NEUROSURGERY 6 YRS,AIIMS-All India,UR
1,670,Uttarakhand,"AIIMS, Rishikesh",GENERAL SURGERY,AIIMS-All India,OBC
1,671,Delhi,"AIIMS, Delhi",GERIATRICS,AIIMS-All India,OBC
1,672,Punjab,"AIIMS, Bathinda",CARDIO THORACIC AND VASCULAR SURGERY 6 YRS,AIIMS-All India,UR
1,674,Rajasthan,"AIIMS, Jodhpur",DERMATOLOGY,AIIMS-All India,SC
1,677,Jammu and Kashmir,"AIIMS, Jammu",OBG,AIIMS-All India,UR
1,680,Jharkhand,"AIIMS, Deoghar",ENT,AIIMS-All India,UR
1,682,Rajasthan,"AIIMS, Jodhpur",PAEDIATRICS,AIIMS-Inst. Pref,UR-AIIMS-IP
1,683,Rajasthan,"AIIMS, Jodhpur",ANAESTHESIOLOGY,AIIMS-All India,UR
1,685,Pondicherry,"JIPMER, Puducherry",GENERAL SURGERY,JIPMER-All India,EWS
1,687,Madhya Pradesh,"AIIMS, Bhopal",PSYCHIATRY,AIIMS-All India,UR
1,694,Assam,"AIIMS, Guwahati",ENT,AIIMS-All India,UR
1,697,Chandigarh,"PGIMER, Chandigarh",ANAESTHESIOLOGY,PGIMER-All India,OBC
1,700,Maharashtra,"AIIMS, Nagpur",OBG,AIIMS-All India,EWS
1,708,Jammu and Kashmir,"AIIMS, Jammu",OPHTHALMOLOGY,AIIMS-All India,UR
1,710,Madhya Pradesh,"AIIMS, Bhopal",EMERGENCY MEDICINE,AIIMS-All India,UR
1,711,Delhi,"AIIMS, Delhi",ORTHOPAEDICS,AIIMS-All India,SC
1,712,Chandigarh,"PGIMER, Chandigarh",PATHOLOGY,PGIMER-All India,UR
1,717,Pondicherry,"JIPMER, Puducherry",TBRD,JIMPER-Inst. Pref,INST (JIPMER)
1,722,Rajasthan,"AIIMS, Jodhpur",ORTHOPAEDICS,AIIMS-Inst. Pref,UR-AIIMS-IP
1,726,Rajasthan,"AIIMS, Jodhpur",GENERAL SURGERY,AIIMS-Inst. Pref,UR-AIIMS-IP
1,734,Chhattisgarh,"AIIMS, Raipur",OBG,AIIMS-All India,OBC
1,739,Chhattisgarh,"AIIMS, Raipur",GENERAL SURGERY,AIIMS-All India,OBC
1,740,Madhya Pradesh,"AIIMS, Bhopal",EMERGENCY MEDICINE,AIIMS-All India,UR
1,744,Jammu and Kashmir,"AIIMS, Jammu",PSYCHIATRY,AIIMS-All India,UR
1,745,Gujarat,"AIIMS, Rajkot",RADIATION ONCOLOGY,AIIMS-All India,UR
1,746,Rajasthan,"AIIMS, Jodhpur",RADIO DIAGNOSIS,AIIMS-All India,ST
1,748,Uttarakhand,"AIIMS, Rishikesh",GENERAL SURGERY,AIIMS-Inst. Pref,UR-AIIMS-IP
1,749,Pondicherry,"JIPMER, Puducherry",PATHOLOGY,JIPMER-All India,UR
1,750,Uttar Pradesh,"AIIMS, Rai Bareli",ENT,AIIMS-All India,UR
1,754,Maharashtra,"AIIMS, Nagpur",GENERAL SURGERY,AIIMS-All India,OBC
1,755,Chandigarh,"PGIMER, Chandigarh",OBG,PGIMER-All India,OBC
1,761,Delhi,"AIIMS, Delhi",PAEDIATRICS,AIIMS-All India,SC
1,764,Karnataka,"NIMHANS, Bangalore",PSYCHIATRY,NIMHANS-KAR Domicile,UR-Karnataka Domicile
1,766,Odisha,"AIIMS, Bhubaneswar",GENERAL MEDICINE,AIIMS-All India,SC
1,773,Chhattisgarh,"AIIMS, Raipur",CARDIO THORACIC AND VASCULAR SURGERY 6 YRS,AIIMS-Inst. Pref,UR-AIIMS-IP
1,774,Pondicherry,"JIPMER, Puducherry",PATHOLOGY,JIPMER-All India,UR
1,776,Odisha,"AIIMS, Bhubaneswar",OBG,AIIMS-All India,OBC
1,783,Chhattisgarh,"AIIMS, Raipur",ORTHOPAEDICS,AIIMS-All India,OBC
1,785,Rajasthan,"AIIMS, Jodhpur",OBG,AIIMS-All India,OBC
1,789,Uttarakhand,"AIIMS, Rishikesh",OBG,AIIMS-Inst. Pref,UR-AIIMS-IP
1,791,Uttarakhand,"AIIMS, Rishikesh",ORTHOPAEDICS,AIIMS-All India,OBC
1,800,Chhattisgarh,"AIIMS, Raipur",ANAESTHESIOLOGY,AIIMS-All India,UR
1,802,Pondicherry,"JIPMER, Puducherry",ENT,JIPMER-All India,OBC
1,804,Chhattisgarh,"AIIMS, Raipur",ANAESTHESIOLOGY,AIIMS-All India,UR
1,810,Delhi,"AIIMS, Delhi",ANAESTHESIOLOGY,AIIMS-All India,OBC
1,811,Uttarakhand,"AIIMS, Rishikesh",OBG,AIIMS-All India,OBC
1,814,Chhattisgarh,"AIIMS, Raipur",OBG,AIIMS-All India,OBC
1,815,Jammu and Kashmir,"AIIMS, Jammu",PAEDIATRIC SURGERY 6 YRS,AIIMS-All India,UR
1,816,Uttarakhand,"AIIMS, Rishikesh",OBG,AIIMS-All India,OBC
1,817,Maharashtra,"AIIMS, Nagpur",OBG,AIIMS-All India,OBC
1,820,Bihar,"AIIMS, Patna",ANAESTHESIOLOGY,AIIMS-All India,UR
1,822,Assam,"AIIMS, Guwahati",ANAESTHESIOLOGY,AIIMS-All India,UR
1,824,Maharashtra,"AIIMS, Nagpur",PSYCHIATRY,AIIMS-All India,UR
1,825,Himachal Pradesh,"AIIMS, Bilaspur, Himachal",OPHTHALMOLOGY,AIIMS-All India,UR
1,827,Odisha,"AIIMS, Bhubaneswar",RADIO DIAGNOSIS,AIIMS-All India,SC
1,831,Pondicherry,"JIPMER, Puducherry",RADIATION ONCOLOGY,JIMPER-Inst. Pref,INST (JIPMER)
1,839,Chandigarh,"PGIMER, Chandigarh",GENERAL MEDICINE,PGIMER-All India,SC
1,840,Bihar,"AIIMS, Patna",ORTHOPAEDICS,AIIMS-All India,EWS
1,842,Madhya Pradesh,"AIIMS, Bhopal",ENT,AIIMS-Inst. Pref,UR-AIIMS-IP
1,843,Gujarat,"AIIMS, Rajkot",ANAESTHESIOLOGY,AIIMS-All India,UR
1,844,Rajasthan,"AIIMS, Jodhpur",GENERAL MEDICINE,AIIMS-All India,SC
1,847,Telangana,"AIIMS, Bibinagar",RADIATION ONCOLOGY,AIIMS-All India,UR
1,848,Andhra Pradesh,"AIIMS, Mangalagiri",OPHTHALMOLOGY,AIIMS-All India,OBC
1,852,Madhya Pradesh,"AIIMS, Bhopal",GENERAL SURGERY,AIIMS-All India,OBC
1,854,Pondicherry,"JIPMER, Puducherry",EMERGENCY MEDICINE,JIPMER-All India,OBC
1,855,Assam,"AIIMS, Guwahati",OPHTHALMOLOGY,AIIMS-All India,UR
1,856,Pondicherry,"JIPMER, Puducherry",RADIATION ONCOLOGY,JIPMER-All India,OBC
1,865,Madhya Pradesh,"AIIMS, Bhopal",OPHTHALMOLOGY,AIIMS-All India,OBC
1,868,Himachal Pradesh,"AIIMS, Bilaspur, Himachal",ANAESTHESIOLOGY,AIIMS-All India,UR
1,879,Rajasthan,"AIIMS, Jodhpur",ORTHOPAEDICS,AIIMS-All India,OBC
1,881,Rajasthan,"AIIMS, Jodhpur",RADIO DIAGNOSIS,AIIMS-All India,ST
1,883,Odisha,"AIIMS, Bhubaneswar",OPHTHALMOLOGY,AIIMS-Inst. Pref,UR-AIIMS-IP
1,885,Madhya Pradesh,"AIIMS, Bhopal",PAEDIATRIC SURGERY 6 YRS,AIIMS-Inst. Pref,UR-AIIMS-IP
1,888,Rajasthan,"AIIMS, Jodhpur",EMERGENCY MEDICINE,AIIMS-All India,OBC
1,895,Rajasthan,"AIIMS, Jodhpur",GENERAL SURGERY,AIIMS-Inst. Pref,UR-AIIMS-IP
1,902,Maharashtra,"AIIMS, Nagpur",ORTHOPAEDICS,AIIMS-Inst. Pref,UR-AIIMS-IP
1,910,Madhya Pradesh,"AIIMS, Bhopal",OBG,AIIMS-All India,OBC
1,912,Assam,"AIIMS, Guwahati",ENT,AIIMS-All India,UR
1,913,Maharashtra,"AIIMS, Nagpur",PSYCHIATRY,AIIMS-All India,OBC
1,916,Gujarat,"AIIMS, Rajkot",OBG,AIIMS-All India,OBC
1,918,Jammu and Kashmir,"AIIMS, Jammu",EMERGENCY MEDICINE,AIIMS-All India,UR
1,933,Delhi,"AIIMS, Delhi",ANAESTHESIOLOGY,AIIMS-All India,OBC
1,934,Jammu and Kashmir,"AIIMS, Jammu",ANAESTHESIOLOGY,AIIMS-All India,UR
1,936,Assam,"AIIMS, Guwahati",EMERGENCY MEDICINE,AIIMS-All India,UR
1,942,Delhi,"AIIMS, Delhi",ANAESTHESIOLOGY,AIIMS-All India,OBC
1,947,Madhya Pradesh,"AIIMS, Bhopal",EMERGENCY MEDICINE,AIIMS-All India,OBC
1,950,Bihar,"AIIMS, Patna",OBG,AIIMS-All India,EWS
1,954,Assam,"AIIMS, Guwahati",RADIATION ONCOLOGY,AIIMS-All India,UR
1,955,Assam,"AIIMS, Guwahati",ANAESTHESIOLOGY,AIIMS-All India,UR
1,958,Pondicherry,"JIPMER, Puducherry",RADIO DIAGNOSIS,JIPMER-All India,SC
1,960,Gujarat,"AIIMS, Rajkot",ANAESTHESIOLOGY,AIIMS-All India,UR
1,967,Rajasthan,"AIIMS, Jodhpur",EMERGENCY MEDICINE,AIIMS-All India,EWS
1,970,Bihar,"AIIMS, Patna",GENERAL SURGERY,AIIMS-All India,OBC
1,973,Maharashtra,"AIIMS, Nagpur",ORTHOPAEDICS,AIIMS-All India,OBC
1,983,Andhra Pradesh,"AIIMS, Mangalagiri",EMERGENCY MEDICINE,AIIMS-All India,OBC
1,984,Jammu and Kashmir,"AIIMS, Jammu",ANAESTHESIOLOGY,AIIMS-All India,UR
1,985,Uttar Pradesh,"AIIMS, Gorakhpur",OBG,AIIMS-All India,OBC
1,986,Maharashtra,"AIIMS, Nagpur",OPHTHALMOLOGY,AIIMS-All India,OBC
1,989,Madhya Pradesh,"AIIMS, Bhopal",ANAESTHESIOLOGY,AIIMS-All India,OBC
1,990,Karnataka,"NIMHANS, Bangalore",PMR,NIMHANS-All India,UR
1,999,Delhi,"AIIMS, Delhi",DERMATOLOGY,AIIMS-All India,ST
1,1016,Chandigarh,"PGIMER, Chandigarh",ANAESTHESIOLOGY,PGIMER-All India,OBC
1,1019,Rajasthan,"AIIMS, Jodhpur",PAEDIATRICS,AIIMS-All India,OBC-PwD
1,1020,Odisha,"AIIMS, Bhubaneswar",OPHTHALMOLOGY,AIIMS-All India,OBC
1,1021,Maharashtra,"AIIMS, Nagpur",GENERAL SURGERY,AIIMS-Inst. Pref,UR-AIIMS-IP
1,1030,Jammu and Kashmir,"AIIMS, Jammu",OBG,AIIMS-All India,OBC
1,1036,Delhi,"AIIMS, Delhi",EMERGENCY MEDICINE,AIIMS-Inst. Pref,UR-AIIMS-IP
1,1037,Delhi,"AIIMS, Delhi",PSYCHIATRY,AIIMS-All India,OBC
1,1047,Telangana,"AIIMS, Bibinagar",RADIATION ONCOLOGY,AIIMS-All India,UR
1,1048,Rajasthan,"AIIMS, Jodhpur",PATHOLOGY,AIIMS-All India,UR
1,1066,Chandigarh,"PGIMER, Chandigarh",GENERAL MEDICINE,PGIMER-All India,ST
1,1067,Delhi,"AIIMS, Delhi",ENT,AIIMS-Inst. Pref,UR-AIIMS-IP
1,1071,Jammu and Kashmir,"AIIMS, Jammu",OPHTHALMOLOGY,AIIMS-All India,UR
1,1073,Jammu and Kashmir,"AIIMS, Jammu",ANAESTHESIOLOGY,AIIMS-All India,UR
1,1074,Chandigarh,"PGIMER, Chandigarh",PAEDIATRICS,PGIMER-Rural,UR-RA
1,1076,Chandigarh,"PGIMER, Chandigarh",PATHOLOGY,PGIMER-All India,UR
1,1098,Rajasthan,"AIIMS, Jodhpur",ANAESTHESIOLOGY,AIIMS-All India,OBC
1,1102,Uttarakhand,"AIIMS, Rishikesh",GENERAL MEDICINE,AIIMS-All India,SC
1,1104,Gujarat,"AIIMS, Rajkot",ORTHOPAEDICS,AIIMS-All India,EWS
1,1112,Chandigarh,"PGIMER, Chandigarh",PATHOLOGY,PGIMER-All India,UR
1,1117,Uttar Pradesh,"AIIMS, Gorakhpur",OBG,AIIMS-All India,OBC
1,1127,Chandigarh,"PGIMER, Chandigarh",IHBT,PGIMER-All India,UR
1,1133,Madhya Pradesh,"AIIMS, Bhopal",RADIO DIAGNOSIS,AIIMS-All India,SC
1,1139,Odisha,"AIIMS, Bhubaneswar",ENT,AIIMS-Inst. Pref,UR-AIIMS-IP
1,1145,Gujarat,"AIIMS, Rajkot",GENERAL SURGERY,AIIMS-All India,OBC
1,1146,Chhattisgarh,"AIIMS, Raipur",RADIO DIAGNOSIS,AIIMS-All India,SC
1,1149,Delhi,"AIIMS, Delhi",PHYSIOLOGY,AIIMS-All India,OBC
1,1153,Uttarakhand,"AIIMS, Rishikesh",PSYCHIATRY,AIIMS-Inst. Pref,UR-AIIMS-IP
1,1157,Odisha,"AIIMS, Bhubaneswar",ENT,AIIMS-All India,OBC
1,1160,Rajasthan,"AIIMS, Jodhpur",ANAESTHESIOLOGY,AIIMS-All India,OBC
1,1163,Jammu and Kashmir,"AIIMS, Jammu",OPHTHALMOLOGY,AIIMS-All India,OBC
1,1169,Delhi,"AIIMS, Delhi",ANATOMY,AIIMS-All India,UR
1,1174,Uttarakhand,"AIIMS, Rishikesh",GENERAL SURGERY,AIIMS-Inst. Pref,UR-AIIMS-IP
1,1177,Chandigarh,"PGIMER, Chandigarh",PAEDIATRICS,PGIMER-All India,SC
1,1180,Chandigarh,"PGIMER, Chandigarh",PSYCHIATRY,PGIMER-All India,OBC
1,1193,Andhra Pradesh,"AIIMS, Mangalagiri",ORTHOPAEDICS,AIIMS-Inst. Pref,UR-AIIMS-IP
1,1200,Rajasthan,"AIIMS, Jodhpur",ANAESTHESIOLOGY,AIIMS-All India,EWS
1,1201,Pondicherry,"JIPMER, Puducherry",ANAESTHESIOLOGY,JIMPER-Inst. Pref,INST (JIPMER)
1,1202,Chandigarh,"PGIMER, Chandigarh",PAEDIATRICS,PGIMER-All India,ST
1,1204,Rajasthan,"AIIMS, Jodhpur",OPHTHALMOLOGY,AIIMS-All India,EWS
1,1208,Chhattisgarh,"AIIMS, Raipur",EMERGENCY MEDICINE,AIIMS-All India,OBC
1,1209,Andhra Pradesh,"AIIMS, Mangalagiri",ENT,AIIMS-All India,OBC
1,1210,Odisha,"AIIMS, Bhubaneswar",PATHOLOGY,AIIMS-All India,UR
1,1213,Rajasthan,"AIIMS, Jodhpur",PMR,AIIMS-All India,UR
1,1214,Pondicherry,"JIPMER, Puducherry",GENERAL MEDICINE,JIPMER-All India,SC
1,1215,Odisha,"AIIMS, Bhubaneswar",ANAESTHESIOLOGY,AIIMS-All India,OBC
1,1217,Delhi,"AIIMS, Delhi",PATHOLOGY,AIIMS-All India,OBC
1,1218,Uttar Pradesh,"AIIMS, Gorakhpur",ORTHOPAEDICS,AIIMS-All India,OBC
1,1219,Andhra Pradesh,"AIIMS, Mangalagiri",PATHOLOGY,AIIMS-Inst. Pref,UR-AIIMS-IP
1,1220,Pondicherry,"JIPMER, Puducherry",EMERGENCY MEDICINE,JIPMER-All India,EWS
1,1221,Maharashtra,"AIIMS, Nagpur",GENERAL SURGERY,AIIMS-All India,OBC
1,1223,Karnataka,"NIMHANS, Bangalore",PMR,NIMHANS-All India,UR
1,1225,Gujarat,"AIIMS, Rajkot",OBG,AIIMS-All India,EWS
1,1226,Andhra Pradesh,"AIIMS, Mangalagiri",OBG,AIIMS-All India,EWS
1,1233,Andhra Pradesh,"AIIMS, Mangalagiri",PMR,AIIMS-Inst. Pref,UR-AIIMS-IP
1,1235,Pondicherry,"JIPMER, Puducherry",ANAESTHESIOLOGY,JIPMER-All India,EWS
1,1243,Chhattisgarh,"AIIMS, Raipur",RADIATION ONCOLOGY,AIIMS-All India,OBC
1,1244,Rajasthan,"AIIMS, Jodhpur",FORENSIC MEDICINE,AIIMS-All India,UR
1,1248,Rajasthan,"AIIMS, Jodhpur",NEUROSURGERY 6 YRS,AIIMS-Inst. Pref,UR-AIIMS-IP
1,1254,Bihar,"AIIMS, Patna",ANAESTHESIOLOGY,AIIMS-All India,OBC
1,1274,Chhattisgarh,"AIIMS, Raipur",ENT,AIIMS-All India,OBC
1,1279,Uttar Pradesh,"AIIMS, Gorakhpur",GENERAL SURGERY,AIIMS-Inst. Pref,UR-AIIMS-IP
1,1289,Andhra Pradesh,"AIIMS, Mangalagiri",GENERAL SURGERY,AIIMS-All India,EWS
1,1301,Bihar,"AIIMS, Patna",ANAESTHESIOLOGY,AIIMS-All India,OBC
1,1307,Maharashtra,"AIIMS, Nagpur",EMERGENCY MEDICINE,AIIMS-All India,OBC
1,1314,Assam,"AIIMS, Guwahati",PMR,AIIMS-All India,UR
1,1318,Chhattisgarh,"AIIMS, Raipur",GENERAL MEDICINE,AIIMS-All India,SC
1,1320,Chandigarh,"PGIMER, Chandigarh",GENERAL SURGERY,PGIMER-All India,SC
1,1322,Maharashtra,"AIIMS, Nagpur",RADIO DIAGNOSIS,AIIMS-All India,SC
1,1323,Assam,"AIIMS, Guwahati",OBG,AIIMS-All India,EWS
1,1335,Chandigarh,"PGIMER, Chandigarh",ENT,PGIMER-All India,OBC
1,1339,Delhi,"AIIMS, Delhi",RADIO DIAGNOSIS,AIIMS-All India,UR-PwD
1,1341,Jharkhand,"AIIMS, Deoghar",ORTHOPAEDICS,AIIMS-All India,OBC
1,1343,Maharashtra,"AIIMS, Nagpur",EMERGENCY MEDICINE,AIIMS-All India,OBC
1,1358,Maharashtra,"AIIMS, Nagpur",PATHOLOGY,AIIMS-All India,UR
1,1363,Pondicherry,"JIPMER, Puducherry",EMERGENCY MEDICINE,JIMPER-Inst. Pref,INST (JIPMER)
1,1365,Jharkhand,"AIIMS, Deoghar",OBG,AIIMS-All India,OBC
1,1368,Maharashtra,"AIIMS, Nagpur",GENERAL SURGERY,AIIMS-Inst. Pref,UR-AIIMS-IP
1,1370,Uttar Pradesh,"AIIMS, Rai Bareli",GENERAL SURGERY,AIIMS-All India,OBC
1,1373,Odisha,"AIIMS, Bhubaneswar",PATHOLOGY,AIIMS-All India,UR
1,1378,Madhya Pradesh,"AIIMS, Bhopal",PATHOLOGY,AIIMS-All India,UR
1,1382,Himachal Pradesh,"AIIMS, Bilaspur, Himachal",ORTHOPAEDICS,AIIMS-All India,OBC
1,1386,Himachal Pradesh,"AIIMS, Bilaspur, Himachal",OBG,AIIMS-All India,OBC
1,1396,Bihar,"AIIMS, Patna",RADIO DIAGNOSIS,AIIMS-All India,SC
1,1402,Uttarakhand,"AIIMS, Rishikesh",ANAESTHESIOLOGY,AIIMS-All India,OBC
1,1413,Uttarakhand,"AIIMS, Rishikesh",MICROBIOLOGY,AIIMS-All India,UR
1,1425,Chandigarh,"PGIMER, Chandigarh",IHBT,PGIMER-All India,UR
1,1427,Delhi,"AIIMS, Delhi",OBG,AIIMS-Inst. Pref,UR-AIIMS-IP
1,1435,Uttar Pradesh,"AIIMS, Gorakhpur",EMERGENCY MEDICINE,AIIMS-All India,OBC
1,1443,Chandigarh,"PGIMER, Chandigarh",COMMUNITY MEDICINE,PGIMER-All India,SC
1,1446,Pondicherry,"JIPMER, Puducherry",ORTHOPAEDICS,JIMPER-Inst. Pref,INST (JIPMER)
1,1448,Uttarakhand,"AIIMS, Rishikesh",ANAESTHESIOLOGY,AIIMS-All India,OBC
1,1453,Odisha,"AIIMS, Bhubaneswar",RADIATION ONCOLOGY,AIIMS-All India,OBC
1,1457,Uttarakhand,"AIIMS, Rishikesh",ENT,AIIMS-All India,OBC
1,1460,Delhi,"AIIMS, Delhi",ANATOMY,AIIMS-All India,UR
1,1462,Maharashtra,"AIIMS, Nagpur",ENT,AIIMS-All India,OBC
1,1476,Chhattisgarh,"AIIMS, Raipur",ANAESTHESIOLOGY,AIIMS-All India,OBC
1,1477,Maharashtra,"AIIMS, Nagpur",ANAESTHESIOLOGY,AIIMS-All India,OBC
1,1486,Chhattisgarh,"AIIMS, Raipur",PATHOLOGY,AIIMS-All India,UR
1,1509,Gujarat,"AIIMS, Rajkot",FAMILY MEDICINE,AIIMS-All India,UR
1,1520,Rajasthan,"AIIMS, Jodhpur",HOSPITAL ADMINISTRATION,AIIMS-All India,UR
1,1525,West Bengal,"AIIMS, Kalyani",ANAESTHESIOLOGY,AIIMS-All India,OBC
1,1527,Odisha,"AIIMS, Bhubaneswar",PSYCHIATRY,AIIMS-All India,OBC
1,1529,Gujarat,"AIIMS, Rajkot",OPHTHALMOLOGY,AIIMS-All India,OBC
1,1530,Pondicherry,"JIPMER, Puducherry",COMMUNITY MEDICINE,JIPMER-All India,UR
1,1568,Madhya Pradesh,"AIIMS, Bhopal",ANAESTHESIOLOGY,AIIMS-Inst. Pref,UR-AIIMS-IP
1,1572,Bihar,"AIIMS, Patna",PHARMACOLOGY,AIIMS-All India,UR
1,1585,Jharkhand,"AIIMS, Deoghar",GENERAL SURGERY,AIIMS-All India,OBC
1,1588,Chhattisgarh,"AIIMS, Raipur",ANAESTHESIOLOGY,AIIMS-All India,OBC
1,1599,Chhattisgarh,"AIIMS, Raipur",PATHOLOGY,AIIMS-All India,UR
1,1610,Maharashtra,"AIIMS, Nagpur",ANAESTHESIOLOGY,AIIMS-All India,OBC
1,1617,Jammu and Kashmir,"AIIMS, Jammu",EMERGENCY MEDICINE,AIIMS-All India,OBC
1,1619,Jharkhand,"AIIMS, Deoghar",ANAESTHESIOLOGY,AIIMS-All India,OBC
1,1628,Gujarat,"AIIMS, Rajkot",RADIO DIAGNOSIS,AIIMS-All India,SC
1,1630,Chhattisgarh,"AIIMS, Raipur",ANAESTHESIOLOGY,AIIMS-All India,EWS
1,1636,Uttar Pradesh,"AIIMS, Gorakhpur",PATHOLOGY,AIIMS-All India,UR
1,1642,Bihar,"AIIMS, Patna",GENERAL MEDICINE,AIIMS-All India,SC
1,1643,Jammu and Kashmir,"AIIMS, Jammu",GENERAL SURGERY,AIIMS-All India,OBC
1,1651,Chhattisgarh,"AIIMS, Raipur",ENT,AIIMS-Inst. Pref,UR-AIIMS-IP
1,1662,Pondicherry,"JIPMER, Puducherry",ENT,JIMPER-Inst. Pref,INST (JIPMER)
1,1663,Maharashtra,"AIIMS, Nagpur",GENERAL MEDICINE,AIIMS-All India,SC
1,1664,Pondicherry,"JIPMER, Puducherry",RADIATION ONCOLOGY,JIMPER-Inst. Pref,INST (JIPMER)
1,1668,Jharkhand,"AIIMS, Deoghar",ANAESTHESIOLOGY,AIIMS-All India,OBC
1,1671,Assam,"AIIMS, Guwahati",ORTHOPAEDICS,AIIMS-All India,OBC
1,1681,Odisha,"AIIMS, Bhubaneswar",PAEDIATRICS,AIIMS-All India,ST
1,1682,Chandigarh,"PGIMER, Chandigarh",MICROBIOLOGY,PGIMER-All India,UR
1,1687,Uttar Pradesh,"AIIMS, Rai Bareli",MICROBIOLOGY,AIIMS-All India,UR
1,1702,Delhi,"AIIMS, Delhi",PATHOLOGY,AIIMS-All India,EWS
1,1710,Gujarat,"AIIMS, Rajkot",ORTHOPAEDICS,AIIMS-All India,OBC
1,1711,Bihar,"AIIMS, Patna",ENT,AIIMS-All India,OBC
1,1715,Maharashtra,"AIIMS, Nagpur",RADIATION ONCOLOGY,AIIMS-All India,OBC
1,1725,Gujarat,"AIIMS, Rajkot",ANAESTHESIOLOGY,AIIMS-All India,OBC
1,1740,Maharashtra,"AIIMS, Nagpur",GENERAL MEDICINE,AIIMS-All India,SC
1,1741,Odisha,"AIIMS, Bhubaneswar",HOSPITAL ADMINISTRATION,AIIMS-All India,UR
1,1742,Pondicherry,"JIPMER, Puducherry",COMMUNITY MEDICINE,JIPMER-All India,OBC
1,1746,Bihar,"AIIMS, Patna",PSYCHIATRY,AIIMS-All India,OBC
1,1752,Gujarat,"AIIMS, Rajkot",PATHOLOGY,AIIMS-All India,UR
1,1753,Maharashtra,"AIIMS, Nagpur",GENERAL SURGERY,AIIMS-Inst. Pref,UR-AIIMS-IP
1,1754,Jammu and Kashmir,"AIIMS, Jammu",ORTHOPAEDICS,AIIMS-All India,OBC
1,1769,Maharashtra,"AIIMS, Nagpur",DERMATOLOGY,AIIMS-All India,SC
1,1776,Chandigarh,"PGIMER, Chandigarh",PATHOLOGY,PGIMER-All India,OBC
1,1785,Pondicherry,"JIPMER, Puducherry",PHARMACOLOGY,JIPMER-All India,OBC
1,1793,Pondicherry,"JIPMER, Puducherry",RADIO DIAGNOSIS,JIPMER-All India,ST
1,1801,Maharashtra,"AIIMS, Nagpur",PHARMACOLOGY,AIIMS-All India,UR
1,1808,Chandigarh,"PGIMER, Chandigarh",PAEDIATRICS,PGIMER-All India,SC
1,1816,Odisha,"AIIMS, Bhubaneswar",FORENSIC MEDICINE,AIIMS-All India,UR
1,1818,Pondicherry,"JIPMER, Puducherry",PATHOLOGY,JIPMER-All India,OBC
1,1825,Uttar Pradesh,"AIIMS, Rai Bareli",GENERAL MEDICINE,AIIMS-All India,SC
1,1826,Rajasthan,"AIIMS, Jodhpur",RADIOTHERAPY & ONCOLOGY 6 YRS,AIIMS-Inst. Pref,UR-AIIMS-IP
1,1828,Pondicherry,"JIPMER, Puducherry",NUCLEAR MEDICINE,JIPMER-All India,ST
1,1844,Jharkhand,"AIIMS, Deoghar",PATHOLOGY,AIIMS-All India,UR
1,1849,Maharashtra,"AIIMS, Nagpur",HOSPITAL ADMINISTRATION,AIIMS-All India,UR
1,1852,Pondicherry,"JIPMER, Puducherry",COMMUNITY MEDICINE,JIMPER-Inst. Pref,INST (JIPMER)
1,1866,Bihar,"AIIMS, Patna",OBG,AIIMS-Inst. Pref,UR-AIIMS-IP
1,1881,Madhya Pradesh,"AIIMS, Bhopal",PHARMACOLOGY,AIIMS-All India,UR
1,1885,Jammu and Kashmir,"AIIMS, Jammu",ANAESTHESIOLOGY,AIIMS-All India,OBC
1,1890,Odisha,"AIIMS, Bhubaneswar",IHBT,AIIMS-All India,UR
1,1892,Madhya Pradesh,"AIIMS, Bhopal",ORTHOPAEDICS,AIIMS-All India,SC
1,1894,Odisha,"AIIMS, Bhubaneswar",EMERGENCY MEDICINE,AIIMS-All India,EWS
1,1896,Delhi,"AIIMS, Delhi",OBG,AIIMS-Inst. Pref,UR-AIIMS-IP
1,1898,Pondicherry,"JIPMER, Puducherry",COMMUNITY MEDICINE,JIPMER-All India,OBC
1,1901,Telangana,"AIIMS, Bibinagar",PMR,AIIMS-All India,UR
1,1922,Himachal Pradesh,"AIIMS, Bilaspur, Himachal",ENT,AIIMS-All India,OBC
1,1931,Rajasthan,"AIIMS, Jodhpur",FAMILY MEDICINE,AIIMS-All India,OBC
1,1933,Delhi,"AIIMS, Delhi",BIOPHYSICS,AIIMS-Inst. Pref,UR-AIIMS-IP
1,1935,Gujarat,"AIIMS, Rajkot",OPHTHALMOLOGY,AIIMS-All India,EWS
1,1939,Himachal Pradesh,"AIIMS, Bilaspur, Himachal",ANAESTHESIOLOGY,AIIMS-All India,OBC
1,1946,Punjab,"AIIMS, Bathinda",OPHTHALMOLOGY,AIIMS-All India,EWS
1,1949,Pondicherry,"JIPMER, Puducherry",ORTHOPAEDICS,JIPMER-All India,SC
1,1970,Jharkhand,"AIIMS, Deoghar",OPHTHALMOLOGY,AIIMS-All India,EWS
1,1974,Pondicherry,"JIPMER, Puducherry",DERMATOLOGY,JIPMER-All India,SC
1,1984,Rajasthan,"AIIMS, Jodhpur",PAEDIATRICS,AIIMS-All India,SC
1,1985,Bihar,"AIIMS, Patna",RADIATION ONCOLOGY,AIIMS-All India,OBC
1,2008,Delhi,"AIIMS, Delhi",ANAESTHESIOLOGY,AIIMS-All India,SC
1,2020,Chandigarh,"PGIMER, Chandigarh",IHBT,PGIMER-All India,OBC
1,2022,Delhi,"AIIMS, Delhi",IHBT,AIIMS-All India,OBC
1,2025,Chandigarh,"PGIMER, Chandigarh",PATHOLOGY,PGIMER-All India,OBC
1,2031,Madhya Pradesh,"AIIMS, Bhopal",ANAESTHESIOLOGY,AIIMS-All India,EWS
1,2071,Chhattisgarh,"AIIMS, Raipur",PSYCHIATRY,AIIMS-Inst. Pref,UR-AIIMS-IP
1,2082,Maharashtra,"AIIMS, Nagpur",ANAESTHESIOLOGY,AIIMS-All India,EWS
1,2088,Chandigarh,"PGIMER, Chandigarh",PAEDIATRICS,PGIMER-All India,SC
1,2097,Odisha,"AIIMS, Bhubaneswar",IHBT,AIIMS-Inst. Pref,UR-AIIMS-IP
1,2102,Chhattisgarh,"AIIMS, Raipur",DERMATOLOGY,AIIMS-All India,SC
1,2108,Jharkhand,"AIIMS, Deoghar",ENT,AIIMS-All India,OBC
1,2112,Uttarakhand,"AIIMS, Rishikesh",ANAESTHESIOLOGY,AIIMS-All India,EWS
1,2114,Chandigarh,"PGIMER, Chandigarh",OBG,PGIMER-Rural,UR-RA
1,2124,Uttar Pradesh,"AIIMS, Gorakhpur",DERMATOLOGY,AIIMS-All India,SC
1,2128,Maharashtra,"AIIMS, Nagpur",PAEDIATRICS,AIIMS-All India,SC
1,2130,Chhattisgarh,"AIIMS, Raipur",ENT,AIIMS-All India,EWS
1,2146,Delhi,"AIIMS, Delhi",OBG,AIIMS-All India,ST
1,2152,Uttar Pradesh,"AIIMS, Gorakhpur",PSYCHIATRY,AIIMS-All India,OBC
1,2155,Rajasthan,"AIIMS, Jodhpur",FAMILY MEDICINE,AIIMS-Inst. Pref,UR-AIIMS-IP
1,2156,Delhi,"AIIMS, Delhi",BIOPHYSICS,AIIMS-Inst. Pref,UR-AIIMS-IP
1,2157,Gujarat,"AIIMS, Rajkot",RADIATION ONCOLOGY,AIIMS-All India,OBC
1,2163,Gujarat,"AIIMS, Rajkot",ENT,AIIMS-All India,OBC
1,2179,Jammu and Kashmir,"AIIMS, Jammu",HOSPITAL ADMINISTRATION,AIIMS-All India,UR
1,2182,Pondicherry,"JIPMER, Puducherry",MICROBIOLOGY,JIPMER-All India,UR
1,2188,Himachal Pradesh,"AIIMS, Bilaspur, Himachal",PATHOLOGY,AIIMS-All India,UR
1,2197,Chandigarh,"PGIMER, Chandigarh",COMMUNITY MEDICINE,PGIMER-All India,OBC
1,2212,Karnataka,"NIMHANS, Bangalore",PSYCHIATRY,NIMHANS-NE Domicile,OBC-North East Domicile
1,2221,Chandigarh,"PGIMER, Chandigarh",BIOCHEMISTRY,PGIMER-All India,UR
1,2227,Chandigarh,"PGIMER, Chandigarh",PHARMACOLOGY,PGIMER-All India,UR
1,2230,Jammu and Kashmir,"AIIMS, Jammu",ENT,AIIMS-All India,OBC
1,2235,Rajasthan,"AIIMS, Jodhpur",NUCLEAR MEDICINE,AIIMS-All India,SC
1,2251,West Bengal,"AIIMS, Kalyani",PATHOLOGY,AIIMS-All India,UR
1,2253,West Bengal,"AIIMS, Kalyani",PATHOLOGY,AIIMS-All India,UR
1,2254,Assam,"AIIMS, Guwahati",DERMATOLOGY,AIIMS-All India,SC
1,2257,Chhattisgarh,"AIIMS, Raipur",FAMILY MEDICINE,AIIMS-All India,OBC
1,2266,Jharkhand,"AIIMS, Deoghar",PSYCHIATRY,AIIMS-All India,EWS
1,2274,Uttar Pradesh,"AIIMS, Rai Bareli",IHBT,AIIMS-All India,UR
1,2276,Assam,"AIIMS, Guwahati",ANATOMY,AIIMS-All India,UR
1,2300,Rajasthan,"AIIMS, Jodhpur",EMERGENCY MEDICINE,AIIMS-Inst. Pref,UR-AIIMS-IP
1,2308,Madhya Pradesh,"AIIMS, Bhopal",ANAESTHESIOLOGY,AIIMS-Inst. Pref,UR-AIIMS-IP
1,2318,Karnataka,"NIMHANS, Bangalore",PSYCHIATRY,NIMHANS-KAR Domicile,OBC-Karnataka Domicile
1,2323,Chandigarh,"PGIMER, Chandigarh",PHARMACOLOGY,PGIMER-All India,UR
1,2333,Chandigarh,"PGIMER, Chandigarh",OPHTHALMOLOGY,PGIMER-Rural,UR-RA
1,2336,Pondicherry,"JIPMER, Puducherry",ANAESTHESIOLOGY,JIPMER-All India,SC
1,2358,Rajasthan,"AIIMS, Jodhpur",PATHOLOGY,AIIMS-All India,OBC
1,2373,Himachal Pradesh,"AIIMS, Bilaspur, Himachal",PSYCHIATRY,AIIMS-All India,OBC
1,2396,Pondicherry,"JIPMER, Puducherry",MICROBIOLOGY,JIPMER-All India,UR
1,2409,Jammu and Kashmir,"AIIMS, Jammu",PATHOLOGY,AIIMS-All India,UR
1,2421,Jammu and Kashmir,"AIIMS, Jammu",RADIATION ONCOLOGY,AIIMS-All India,OBC
1,2422,Odisha,"AIIMS, Bhubaneswar",IHBT,AIIMS-All India,OBC
1,2452,Uttar Pradesh,"AIIMS, Gorakhpur",MICROBIOLOGY,AIIMS-Inst. Pref,UR-AIIMS-IP
1,2462,Chhattisgarh,"AIIMS, Raipur",ANAESTHESIOLOGY,AIIMS-Inst. Pref,UR-AIIMS-IP
1,2477,Chhattisgarh,"AIIMS, Raipur",COMMUNITY MEDICINE,AIIMS-All India,OBC
1,2507,Andhra Pradesh,"AIIMS, Mangalagiri",COMMUNITY MEDICINE,AIIMS-All India,UR
1,2508,Rajasthan,"AIIMS, Jodhpur",BIOCHEMISTRY,AIIMS-All India,UR
1,2511,Jammu and Kashmir,"AIIMS, Jammu",RADIATION ONCOLOGY,AIIMS-All India,EWS
1,2513,Rajasthan,"AIIMS, Jodhpur",GENERAL MEDICINE,AIIMS-All India,OBC-PwD
1,2518,Chhattisgarh,"AIIMS, Raipur",IHBT,AIIMS-All India,UR
1,2519,Himachal Pradesh,"AIIMS, Bilaspur, Himachal",COMMUNITY & FAMILY MEDICINE,AIIMS-All India,UR
1,2520,Jammu and Kashmir,"AIIMS, Jammu",IHBT,AIIMS-All India,UR
1,2538,Jammu and Kashmir,"AIIMS, Jammu",BIOCHEMISTRY,AIIMS-All India,UR
1,2567,Pondicherry,"JIPMER, Puducherry",GENERAL SURGERY,JIPMER-All India,SC
1,2572,Jammu and Kashmir,"AIIMS, Jammu",COMMUNITY MEDICINE,AIIMS-All India,UR
1,2579,Bihar,"AIIMS, Patna",CARDIO THORACIC AND VASCULAR SURGERY 6 YRS,AIIMS-Inst. Pref,UR-AIIMS-IP
1,2585,Jammu and Kashmir,"AIIMS, Jammu",ENT,AIIMS-All India,EWS
1,2609,Uttar Pradesh,"AIIMS, Gorakhpur",GENERAL MEDICINE,AIIMS-All India,SC
1,2610,Madhya Pradesh,"AIIMS, Bhopal",BIOCHEMISTRY,AIIMS-All India,UR
1,2617,Telangana,"AIIMS, Bibinagar",IHBT,AIIMS-All India,OBC
1,2647,Delhi,"AIIMS, Delhi",MICROBIOLOGY,AIIMS-All India,EWS
1,2667,Delhi,"AIIMS, Delhi",PHYSIOLOGY,AIIMS-All India,EWS
1,2681,Maharashtra,"AIIMS, Nagpur",GENERAL SURGERY,AIIMS-Inst. Pref,UR-AIIMS-IP
1,2685,Gujarat,"AIIMS, Rajkot",GENERAL SURGERY,AIIMS-All India,SC
1,2686,Himachal Pradesh,"AIIMS, Bilaspur, Himachal",COMMUNITY & FAMILY MEDICINE,AIIMS-All India,UR
1,2697,Chhattisgarh,"AIIMS, Raipur",MICROBIOLOGY,AIIMS-All India,UR
1,2709,Chandigarh,"PGIMER, Chandigarh",MICROBIOLOGY,PGIMER-All India,UR
1,2737,Delhi,"AIIMS, Delhi",OPHTHALMOLOGY,AIIMS-All India,ST
1,2742,Andhra Pradesh,"AIIMS, Mangalagiri",PHARMACOLOGY,AIIMS-Inst. Pref,UR-AIIMS-IP
1,2744,Pondicherry,"JIPMER, Puducherry",ANAESTHESIOLOGY,JIPMER-All India,SC
1,2750,Chandigarh,"PGIMER, Chandigarh",ORTHOPAEDICS,PGIMER-All India,SC
1,2753,Assam,"AIIMS, Guwahati",COMMUNITY & FAMILY MEDICINE,AIIMS-All India,UR
1,2778,Jammu and Kashmir,"AIIMS, Jammu",MICROBIOLOGY,AIIMS-All India,UR
1,2797,Odisha,"AIIMS, Bhubaneswar",COMMUNITY MEDICINE,AIIMS-All India,OBC
1,2800,Chhattisgarh,"AIIMS, Raipur",PSYCHIATRY,AIIMS-All India,EWS
1,2815,Chandigarh,"PGIMER, Chandigarh",GENERAL SURGERY,PGIMER-All India,ST
1,2820,Pondicherry,"JIPMER, Puducherry",BIOCHEMISTRY,JIPMER-All India,OBC
1,2842,Rajasthan,"AIIMS, Jodhpur",EMERGENCY MEDICINE,AIIMS-Inst. Pref,UR-AIIMS-IP
1,2849,Pondicherry,"JIPMER, Puducherry",PHARMACOLOGY,JIPMER-All India,EWS
1,2871,Delhi,"AIIMS, Delhi",ORTHOPAEDICS,AIIMS-All India,ST
1,2879,Karnataka,"NIMHANS, Bangalore",PSYCHIATRY,NIMHANS-KAR Domicile,EWS-Karnataka Domicile
1,2884,Punjab,"AIIMS, Bathinda",PAEDIATRIC SURGERY 6 YRS,AIIMS-Inst. Pref,UR-AIIMS-IP
1,2906,Delhi,"AIIMS, Delhi",OBG,AIIMS-All India,SC
1,2907,Odisha,"AIIMS, Bhubaneswar",PMR,AIIMS-Inst. Pref,UR-AIIMS-IP
1,2920,Jammu and Kashmir,"AIIMS, Jammu",COMMUNITY MEDICINE,AIIMS-All India,UR
1,2938,Madhya Pradesh,"AIIMS, Bhopal",PATHOLOGY,AIIMS-All India,OBC
1,2966,Odisha,"AIIMS, Bhubaneswar",PATHOLOGY,AIIMS-All India,OBC
1,2988,Uttar Pradesh,"AIIMS, Rai Bareli",ANATOMY,AIIMS-Inst. Pref,UR-AIIMS-IP
1,2990,Uttar Pradesh,"AIIMS, Gorakhpur",ENT,AIIMS-All India,EWS
1,2994,Madhya Pradesh,"AIIMS, Bhopal",MICROBIOLOGY,AIIMS-All India,UR
1,3024,Rajasthan,"AIIMS, Jodhpur",PAEDIATRIC SURGERY 6 YRS,AIIMS-Inst. Pref,UR-AIIMS-IP
1,3039,Chandigarh,"PGIMER, Chandigarh",OBG,PGIMER-All India,SC
1,3047,Maharashtra,"AIIMS, Nagpur",FAMILY MEDICINE,AIIMS-All India,EWS
1,3049,Bihar,"AIIMS, Patna",PAEDIATRICS,AIIMS-All India,SC
1,3072,Jammu and Kashmir,"AIIMS, Jammu",COMMUNITY MEDICINE,AIIMS-All India,UR
1,3080,Himachal Pradesh,"AIIMS, Bilaspur, Himachal",ANAESTHESIOLOGY,AIIMS-All India,EWS
1,3101,Rajasthan,"AIIMS, Jodhpur",CARDIO THORACIC AND VASCULAR SURGERY 6 YRS,AIIMS-Inst. Pref,UR-AIIMS-IP
1,3102,Andhra Pradesh,"AIIMS, Mangalagiri",GENERAL SURGERY,AIIMS-All India,SC
1,3113,Rajasthan,"AIIMS, Jodhpur",CARDIO THORACIC AND VASCULAR SURGERY 6 YRS,AIIMS-Inst. Pref,UR-AIIMS-IP
1,3119,Andhra Pradesh,"AIIMS, Mangalagiri",ORTHOPAEDICS,AIIMS-All India,SC
1,3127,Odisha,"AIIMS, Bhubaneswar",PAEDIATRICS,AIIMS-All India,SC
1,3128,Pondicherry,"JIPMER, Puducherry",OBG,JIPMER-All India,SC
1,3135,Chandigarh,"PGIMER, Chandigarh",OPHTHALMOLOGY,PGIMER-All India,SC
1,3139,Odisha,"AIIMS, Bhubaneswar",GENERAL SURGERY,AIIMS-All India,SC
1,3141,Rajasthan,"AIIMS, Jodhpur",PSYCHIATRY,AIIMS-Inst. Pref,UR-AIIMS-IP
1,3143,Jammu and Kashmir,"AIIMS, Jammu",COMMUNITY MEDICINE,AIIMS-All India,UR
1,3169,Uttarakhand,"AIIMS, Rishikesh",CARDIO THORACIC AND VASCULAR SURGERY 6 YRS,AIIMS-Inst. Pref,UR-AIIMS-IP
1,3173,Delhi,"AIIMS, Delhi",BIOCHEMISTRY,AIIMS-All India,OBC
1,3174,Assam,"AIIMS, Guwahati",PSYCHIATRY,AIIMS-All India,EWS
1,3176,Chhattisgarh,"AIIMS, Raipur",PATHOLOGY,AIIMS-All India,OBC
1,3188,Delhi,"AIIMS, Delhi",HOSPITAL ADMINISTRATION,AIIMS-All India,OBC
1,3191,Pondicherry,"JIPMER, Puducherry",ANATOMY,JIPMER-All India,OBC
1,3212,Rajasthan,"AIIMS, Jodhpur",PATHOLOGY,AIIMS-All India,OBC
1,3218,Uttar Pradesh,"AIIMS, Gorakhpur",PHARMACOLOGY,AIIMS-Inst. Pref,UR-AIIMS-IP
1,3274,Maharashtra,"AIIMS, Nagpur",GENERAL SURGERY,AIIMS-Inst. Pref,UR-AIIMS-IP
1,3294,Delhi,"AIIMS, Delhi",PAEDIATRIC SURGERY 6 YRS,AIIMS-Inst. Pref,UR-AIIMS-IP
1,3305,Odisha,"AIIMS, Bhubaneswar",COMMUNITY MEDICINE,AIIMS-All India,OBC
1,3313,Rajasthan,"AIIMS, Jodhpur",PMR,AIIMS-All India,OBC
1,3322,Delhi,"AIIMS, Delhi",ENT,AIIMS-Inst. Pref,UR-AIIMS-IP
1,3323,Rajasthan,"AIIMS, Jodhpur",OBG,AIIMS-All India,SC
1,3362,Rajasthan,"AIIMS, Jodhpur",PHYSIOLOGY,AIIMS-All India,UR
1,3363,Maharashtra,"AIIMS, Nagpur",PLASTIC SURGERY 6 YRS,AIIMS-Inst. Pref,UR-AIIMS-IP
1,3366,Maharashtra,"AIIMS, Nagpur",PATHOLOGY,AIIMS-All India,OBC
1,3372,Uttarakhand,"AIIMS, Rishikesh",PATHOLOGY,AIIMS-Inst. Pref,UR-AIIMS-IP
1,3401,Uttar Pradesh,"AIIMS, Gorakhpur",PSYCHIATRY,AIIMS-Inst. Pref,UR-AIIMS-IP
1,3437,Bihar,"AIIMS, Patna",PMR,AIIMS-All India,OBC
1,3443,Rajasthan,"AIIMS, Jodhpur",GENERAL SURGERY,AIIMS-All India,SC
1,3450,Himachal Pradesh,"AIIMS, Bilaspur, Himachal",ENT,AIIMS-All India,SC
1,3460,Rajasthan,"AIIMS, Jodhpur",MICROBIOLOGY,AIIMS-All India,UR
1,3462,Jammu and Kashmir,"AIIMS, Jammu",HOSPITAL ADMINISTRATION,AIIMS-All India,OBC
1,3470,Bihar,"AIIMS, Patna",BIOCHEMISTRY,AIIMS-All India,UR
1,3482,Delhi,"AIIMS, Delhi",EMERGENCY MEDICINE,AIIMS-All India,SC
1,3484,Pondicherry,"JIPMER, Puducherry",DERMATOLOGY,JIPMER-All India,ST
1,3509,Pondicherry,"JIPMER, Puducherry",FORENSIC MEDICINE,JIMPER-Inst. Pref,INST (JIPMER)
1,3512,Bihar,"AIIMS, Patna",PAEDIATRIC SURGERY 6 YRS,AIIMS-Inst. Pref,UR-AIIMS-IP
1,3524,Delhi,"AIIMS, Delhi",ANAESTHESIOLOGY,AIIMS-All India,ST
1,3526,Pondicherry,"JIPMER, Puducherry",ORTHOPAEDICS,JIPMER-All India,SC
1,3531,West Bengal,"AIIMS, Kalyani",BIOCHEMISTRY,AIIMS-All India,UR
1,3532,West Bengal,"AIIMS, Kalyani",PAEDIATRICS,AIIMS-All India,SC
1,3535,Maharashtra,"AIIMS, Nagpur",ORTHOPAEDICS,AIIMS-All India,SC
1,3541,Uttar Pradesh,"AIIMS, Rai Bareli",GENERAL SURGERY,AIIMS-Inst. Pref,UR-AIIMS-IP
1,3553,West Bengal,"AIIMS, Kalyani",PHYSIOLOGY,AIIMS-All India,UR
1,3559,Uttar Pradesh,"AIIMS, Rai Bareli",PAEDIATRICS,AIIMS-All India,SC
1,3564,Gujarat,"AIIMS, Rajkot",COMMUNITY & FAMILY MEDICINE,AIIMS-All India,OBC
1,3568,Punjab,"AIIMS, Bathinda",GENERAL SURGERY,AIIMS-All India,SC
1,3586,Andhra Pradesh,"AIIMS, Mangalagiri",BIOCHEMISTRY,AIIMS-All India,UR
1,3587,Uttar Pradesh,"AIIMS, Rai Bareli",PAEDIATRICS,AIIMS-All India,SC
1,3594,Delhi,"AIIMS, Delhi",ANATOMY,AIIMS-All India,EWS
1,3601,Maharashtra,"AIIMS, Nagpur",COMMUNITY MEDICINE,AIIMS-All India,OBC
1,3614,Pondicherry,"JIPMER, Puducherry",PATHOLOGY,JIPMER-All India,EWS
1,3618,Pondicherry,"JIPMER, Puducherry",TBRD,JIPMER-All India,ST
1,3633,Maharashtra,"AIIMS, Nagpur",PMR,AIIMS-All India,OBC
1,3653,Odisha,"AIIMS, Bhubaneswar",ANATOMY,AIIMS-Inst. Pref,UR-AIIMS-IP
1,3662,Chhattisgarh,"AIIMS, Raipur",PMR,AIIMS-All India,OBC
1,3664,Gujarat,"AIIMS, Rajkot",MICROBIOLOGY,AIIMS-All India,UR
1,3665,Uttarakhand,"AIIMS, Rishikesh",ANATOMY,AIIMS-Inst. Pref,UR-AIIMS-IP
1,3668,Madhya Pradesh,"AIIMS, Bhopal",COMMUNITY MEDICINE,AIIMS-Inst. Pref,UR-AIIMS-IP
1,3676,Andhra Pradesh,"AIIMS, Mangalagiri",OBG,AIIMS-All India,SC
1,3681,Maharashtra,"AIIMS, Nagpur",ORTHOPAEDICS,AIIMS-Inst. Pref,UR-AIIMS-IP
1,3705,Andhra Pradesh,"AIIMS, Mangalagiri",IHBT,AIIMS-All India,OBC
1,3719,Maharashtra,"AIIMS, Nagpur",EMERGENCY MEDICINE,AIIMS-Inst. Pref,UR-AIIMS-IP
1,3725,Delhi,"AIIMS, Delhi",PHARMACOLOGY,AIIMS-All India,OBC
1,3731,Pondicherry,"JIPMER, Puducherry",ORTHOPAEDICS,JIPMER-All India,SC
1,3740,Delhi,"AIIMS, Delhi",HOSPITAL ADMINISTRATION,AIIMS-All India,OBC
1,3741,Jammu and Kashmir,"AIIMS, Jammu",PHARMACOLOGY,AIIMS-All India,UR
1,3781,Maharashtra,"AIIMS, Nagpur",PMR,AIIMS-All India,EWS
1,3790,Rajasthan,"AIIMS, Jodhpur",ANATOMY,AIIMS-Inst. Pref,UR-AIIMS-IP
1,3825,Jammu and Kashmir,"AIIMS, Jammu",PHARMACOLOGY,AIIMS-All India,UR
1,3830,Gujarat,"AIIMS, Rajkot",PAEDIATRICS,AIIMS-All India,SC
1,3831,Rajasthan,"AIIMS, Jodhpur",EMERGENCY MEDICINE,AIIMS-All India,SC
1,3836,Maharashtra,"AIIMS, Nagpur",PATHOLOGY,AIIMS-All India,OBC
1,3864,Chhattisgarh,"AIIMS, Raipur",OBG,AIIMS-All India,SC
1,3865,Madhya Pradesh,"AIIMS, Bhopal",GENERAL SURGERY,AIIMS-All India,SC
1,3880,Uttar Pradesh,"AIIMS, Gorakhpur",EMERGENCY MEDICINE,AIIMS-Inst. Pref,UR-AIIMS-IP
1,3890,Madhya Pradesh,"AIIMS, Bhopal",PSYCHIATRY,AIIMS-Inst. Pref,UR-AIIMS-IP
1,3897,Gujarat,"AIIMS, Rajkot",ANATOMY,AIIMS-All India,UR
1,3929,Delhi,"AIIMS, Delhi",ANAESTHESIOLOGY,AIIMS-Inst. Pref,UR-AIIMS-IP
1,3939,Bihar,"AIIMS, Patna",IHBT,AIIMS-All India,OBC
1,3947,Jammu and Kashmir,"AIIMS, Jammu",PAEDIATRICS,AIIMS-All India,SC
1,3999,Rajasthan,"AIIMS, Jodhpur",PATHOLOGY,AIIMS-All India,EWS
1,4000,Rajasthan,"AIIMS, Jodhpur",HOSPITAL ADMINISTRATION,AIIMS-All India,OBC
1,4010,West Bengal,"AIIMS, Kalyani",FORENSIC MEDICINE,AIIMS-All India,UR
1,4014,Rajasthan,"AIIMS, Jodhpur",COMMUNITY MEDICINE,AIIMS-All India,OBC
1,4035,Andhra Pradesh,"AIIMS, Mangalagiri",FORENSIC MEDICINE,AIIMS-All India,UR
1,4062,Jharkhand,"AIIMS, Deoghar",ORTHOPAEDICS,AIIMS-Inst. Pref,UR-AIIMS-IP
1,4065,Telangana,"AIIMS, Bibinagar",BIOCHEMISTRY,AIIMS-All India,UR
1,4067,Jammu and Kashmir,"AIIMS, Jammu",PATHOLOGY,AIIMS-All India,OBC
1,4096,Rajasthan,"AIIMS, Jodhpur",PHYSIOLOGY,AIIMS-Inst. Pref,UR-AIIMS-IP
1,4124,Assam,"AIIMS, Guwahati",BIOCHEMISTRY,AIIMS-All India,UR
1,4125,Madhya Pradesh,"AIIMS, Bhopal",HOSPITAL ADMINISTRATION,AIIMS-All India,OBC
1,4144,Maharashtra,"AIIMS, Nagpur",PAEDIATRIC SURGERY 6 YRS,AIIMS-Inst. Pref,UR-AIIMS-IP
1,4163,Chhattisgarh,"AIIMS, Raipur",IHBT,AIIMS-All India,OBC
1,4174,Uttarakhand,"AIIMS, Rishikesh",OPHTHALMOLOGY,AIIMS-All India,SC
1,4183,Delhi,"AIIMS, Delhi",BIOPHYSICS,AIIMS-All India,OBC
1,4216,Jammu and Kashmir,"AIIMS, Jammu",OBG,AIIMS-All India,SC
1,4217,Chhattisgarh,"AIIMS, Raipur",GENERAL SURGERY,AIIMS-All India,SC
1,4252,Uttarakhand,"AIIMS, Rishikesh",ANATOMY,AIIMS-All India,UR
1,4320,Jammu and Kashmir,"AIIMS, Jammu",PHYSIOLOGY,AIIMS-All India,UR
1,4323,Bihar,"AIIMS, Patna",TRAUMASURG&CC (6 YRS),AIIMS-Inst. Pref,UR-AIIMS-IP
1,4336,Maharashtra,"AIIMS, Nagpur",GENERAL SURGERY,AIIMS-All India,SC
1,4341,Chandigarh,"PGIMER, Chandigarh",ANAESTHESIOLOGY,PGIMER-All India,SC
1,4342,Gujarat,"AIIMS, Rajkot",PATHOLOGY,AIIMS-All India,OBC
1,4343,Uttar Pradesh,"AIIMS, Rai Bareli",IHBT,AIIMS-All India,OBC
1,4400,Gujarat,"AIIMS, Rajkot",FORENSIC MEDICINE,AIIMS-All India,UR
1,4457,Pondicherry,"JIPMER, Puducherry",ANAESTHESIOLOGY,JIPMER-All India,SC
1,4463,Gujarat,"AIIMS, Rajkot",PHYSIOLOGY,AIIMS-All India,UR
1,4478,Jammu and Kashmir,"AIIMS, Jammu",FORENSIC MEDICINE,AIIMS-All India,UR
1,4480,Jammu and Kashmir,"AIIMS, Jammu",FORENSIC MEDICINE,AIIMS-All India,UR
1,4487,Chandigarh,"PGIMER, Chandigarh",OBG,PGIMER-All India,ST
1,4488,Maharashtra,"AIIMS, Nagpur",OPHTHALMOLOGY,AIIMS-All India,SC
1,4494,Assam,"AIIMS, Guwahati",COMMUNITY & FAMILY MEDICINE,AIIMS-All India,OBC
1,4529,Jharkhand,"AIIMS, Deoghar",COMMUNITY & FAMILY MEDICINE,AIIMS-All India,OBC
1,4534,Maharashtra,"AIIMS, Nagpur",PHARMACOLOGY,AIIMS-All India,EWS
1,4536,Uttarakhand,"AIIMS, Rishikesh",ANAESTHESIOLOGY,AIIMS-All India,SC
1,4541,Karnataka,"NIMHANS, Bangalore",PSYCHIATRY,NIMHANS-All India,SC
1,4571,Gujarat,"AIIMS, Rajkot",PHYSIOLOGY,AIIMS-All India,UR
1,4589,Gujarat,"AIIMS, Rajkot",BIOCHEMISTRY,AIIMS-All India,UR
1,4596,Telangana,"AIIMS, Bibinagar",IHBT,AIIMS-Inst. Pref,UR-AIIMS-IP
1,4621,Rajasthan,"AIIMS, Jodhpur",ANAESTHESIOLOGY,AIIMS-Inst. Pref,UR-AIIMS-IP
1,4623,Chandigarh,"PGIMER, Chandigarh",ANAESTHESIOLOGY,PGIMER-All India,SC
1,4624,Bihar,"AIIMS, Patna",ANAESTHESIOLOGY,AIIMS-Inst. Pref,UR-AIIMS-IP
1,4631,Pondicherry,"JIPMER, Puducherry",FORENSIC MEDICINE,JIMPER-Inst. Pref,INST (JIPMER)
1,4640,Odisha,"AIIMS, Bhubaneswar",ANATOMY,AIIMS-Inst. Pref,UR-AIIMS-IP
1,4644,Bihar,"AIIMS, Patna",PHYSIOLOGY,AIIMS-All India,UR
1,4653,Delhi,"AIIMS, Delhi",BIOCHEMISTRY,AIIMS-All India,EWS
1,4691,Uttar Pradesh,"AIIMS, Rai Bareli",PATHOLOGY,AIIMS-All India,OBC
1,4709,Assam,"AIIMS, Guwahati",PATHOLOGY,AIIMS-All India,OBC
1,4727,Delhi,"AIIMS, Delhi",PSYCHIATRY,AIIMS-Inst. Pref,UR-AIIMS-IP
1,4736,Rajasthan,"AIIMS, Jodhpur",COMMUNITY MEDICINE,AIIMS-All India,EWS
1,4750,Madhya Pradesh,"AIIMS, Bhopal",FORENSIC MEDICINE,AIIMS-All India,OBC
1,4775,Odisha,"AIIMS, Bhubaneswar",COMMUNITY MEDICINE,AIIMS-All India,EWS
1,4781,Madhya Pradesh,"AIIMS, Bhopal",ENT,AIIMS-All India,SC
1,4813,Delhi,"AIIMS, Delhi",GERIATRICS,AIIMS-Inst. Pref,UR-AIIMS-IP
1,4841,Uttar Pradesh,"AIIMS, Rai Bareli",PHYSIOLOGY,AIIMS-All India,UR
1,4849,Pondicherry,"JIPMER, Puducherry",OBG,JIPMER-All India,ST
1,4863,Pondicherry,"JIPMER, Puducherry",PHARMACOLOGY,JIMPER-Inst. Pref,INST (JIPMER)
1,4872,Chandigarh,"PGIMER, Chandigarh",MICROBIOLOGY,PGIMER-All India,OBC
1,4878,Delhi,"AIIMS, Delhi",PSYCHIATRY,AIIMS-All India,SC
1,4893,Maharashtra,"AIIMS, Nagpur",GENERAL MEDICINE,AIIMS-All India,ST
1,4909,Odisha,"AIIMS, Bhubaneswar",ANATOMY,AIIMS-All India,OBC
1,4941,Andhra Pradesh,"AIIMS, Mangalagiri",HOSPITAL ADMINISTRATION,AIIMS-All India,OBC
1,4952,Uttar Pradesh,"AIIMS, Gorakhpur",COMMUNITY & FAMILY MEDICINE,AIIMS-All India,OBC
1,4970,Uttarakhand,"AIIMS, Rishikesh",GERIATRICS,AIIMS-All India,SC
1,4979,Chandigarh,"PGIMER, Chandigarh",GENERAL SURGERY,PGIMER-Rural,UR-RA
1,4994,Assam,"AIIMS, Guwahati",PMR,AIIMS-All India,EWS
1,5014,Assam,"AIIMS, Guwahati",ANATOMY,AIIMS-All India,UR
1,5015,Jammu and Kashmir,"AIIMS, Jammu",RADIATION ONCOLOGY,AIIMS-All India,SC
1,5018,Maharashtra,"AIIMS, Nagpur",HOSPITAL ADMINISTRATION,AIIMS-All India,OBC
1,5066,Maharashtra,"AIIMS, Nagpur",ANAESTHESIOLOGY,AIIMS-Inst. Pref,UR-AIIMS-IP
1,5069,Rajasthan,"AIIMS, Jodhpur",ANAESTHESIOLOGY,AIIMS-Inst. Pref,UR-AIIMS-IP
1,5071,Maharashtra,"AIIMS, Nagpur",GENERAL SURGERY,AIIMS-All India,SC
1,5124,Andhra Pradesh,"AIIMS, Mangalagiri",MICROBIOLOGY,AIIMS-All India,OBC
1,5129,Jammu and Kashmir,"AIIMS, Jammu",PHYSIOLOGY,AIIMS-All India,UR
1,5159,Uttar Pradesh,"AIIMS, Gorakhpur",GENERAL SURGERY,AIIMS-All India,SC
1,5162,Chhattisgarh,"AIIMS, Raipur",PHARMACOLOGY,AIIMS-All India,EWS
1,5166,Jharkhand,"AIIMS, Deoghar",ANATOMY,AIIMS-All India,UR
1,5171,Jharkhand,"AIIMS, Deoghar",GENERAL SURGERY,AIIMS-Inst. Pref,UR-AIIMS-IP
1,5199,Himachal Pradesh,"AIIMS, Bilaspur, Himachal",GENERAL SURGERY,AIIMS-All India,SC
1,5202,Uttar Pradesh,"AIIMS, Rai Bareli",FORENSIC MEDICINE,AIIMS-All India,OBC
1,5241,Maharashtra,"AIIMS, Nagpur",MICROBIOLOGY,AIIMS-All India,OBC
1,5262,Uttar Pradesh,"AIIMS, Rai Bareli",PATHOLOGY,AIIMS-All India,OBC
1,5308,Uttar Pradesh,"AIIMS, Rai Bareli",PHYSIOLOGY,AIIMS-All India,UR
1,5309,Uttar Pradesh,"AIIMS, Gorakhpur",PHYSIOLOGY,AIIMS-All India,UR
1,5314,Pondicherry,"JIPMER, Puducherry",ANAESTHESIOLOGY,JIPMER-All India,SC
1,5319,Rajasthan,"AIIMS, Jodhpur",MICROBIOLOGY,AIIMS-All India,OBC
1,5327,Chandigarh,"PGIMER, Chandigarh",ANAESTHESIOLOGY,PGIMER-Rural,OBC-RA
1,5367,Telangana,"AIIMS, Bibinagar",HOSPITAL ADMINISTRATION,AIIMS-All India,OBC
1,5373,Rajasthan,"AIIMS, Jodhpur",ANAESTHESIOLOGY,AIIMS-All India,SC
1,5378,Jammu and Kashmir,"AIIMS, Jammu",GENERAL SURGERY,AIIMS-All India,SC
1,5390,Jammu and Kashmir,"AIIMS, Jammu",ANATOMY,AIIMS-All India,UR
1,5395,Gujarat,"AIIMS, Rajkot",MICROBIOLOGY,AIIMS-All India,OBC
1,5401,Assam,"AIIMS, Guwahati",PHYSIOLOGY,AIIMS-All India,UR
1,5434,Uttar Pradesh,"AIIMS, Rai Bareli",PAEDIATRIC SURGERY 6 YRS,AIIMS-Inst. Pref,UR-AIIMS-IP
1,5447,Jammu and Kashmir,"AIIMS, Jammu",PATHOLOGY,AIIMS-All India,EWS
1,5487,Uttar Pradesh,"AIIMS, Gorakhpur",GENERAL SURGERY,AIIMS-All India,SC
1,5511,Himachal Pradesh,"AIIMS, Bilaspur, Himachal",ORTHOPAEDICS,AIIMS-All India,SC
1,5512,West Bengal,"AIIMS, Kalyani",COMMUNITY MEDICINE,AIIMS-All India,SC
1,5513,Jammu and Kashmir,"AIIMS, Jammu",FORENSIC MEDICINE,AIIMS-All India,OBC
1,5524,Bihar,"AIIMS, Patna",OPHTHALMOLOGY,AIIMS-All India,SC
1,5546,Chhattisgarh,"AIIMS, Raipur",ANAESTHESIOLOGY,AIIMS-All India,SC
1,5613,Uttarakhand,"AIIMS, Rishikesh",OBG,AIIMS-All India,ST
1,5616,Odisha,"AIIMS, Bhubaneswar",BIOCHEMISTRY,AIIMS-All India,OBC
1,5634,Bihar,"AIIMS, Patna",EMERGENCY MEDICINE,AIIMS-All India,SC
1,5649,Delhi,"AIIMS, Delhi",GERIATRICS,AIIMS-Inst. Pref,UR-AIIMS-IP
1,5668,Uttarakhand,"AIIMS, Rishikesh",EMERGENCY MEDICINE,AIIMS-All India,SC
1,5673,Madhya Pradesh,"AIIMS, Bhopal",PAEDIATRICS,AIIMS-All India,ST
1,5678,Andhra Pradesh,"AIIMS, Mangalagiri",ENT,AIIMS-All India,SC
1,5686,Maharashtra,"AIIMS, Nagpur",ENT,AIIMS-Inst. Pref,UR-AIIMS-IP
1,5690,Pondicherry,"JIPMER, Puducherry",PHYSIOLOGY,JIMPER-Inst. Pref,INST (JIPMER)
1,5719,Delhi,"AIIMS, Delhi",PALLIATIVE MEDICINE,AIIMS-Inst. Pref,UR-AIIMS-IP
1,5741,Chhattisgarh,"AIIMS, Raipur",COMMUNITY MEDICINE,AIIMS-Inst. Pref,UR-AIIMS-IP
1,5756,Odisha,"AIIMS, Bhubaneswar",PSYCHIATRY,AIIMS-All India,SC
1,5808,Jammu and Kashmir,"AIIMS, Jammu",ANATOMY,AIIMS-All India,UR
1,5811,Chhattisgarh,"AIIMS, Raipur",PSYCHIATRY,AIIMS-All India,SC
1,5824,Maharashtra,"AIIMS, Nagpur",ANAESTHESIOLOGY,AIIMS-All India,SC
1,5826,Pondicherry,"JIPMER, Puducherry",MICROBIOLOGY,JIPMER-All India,OBC-PwD
1,5828,Delhi,"AIIMS, Delhi",ANATOMY,AIIMS-All India,OBC
1,5868,Uttar Pradesh,"AIIMS, Rai Bareli",COMMUNITY MEDICINE,AIIMS-All India,OBC
1,5880,Odisha,"AIIMS, Bhubaneswar",PHARMACOLOGY,AIIMS-All India,OBC
1,5938,Jammu and Kashmir,"AIIMS, Jammu",COMMUNITY MEDICINE,AIIMS-All India,OBC
1,5970,Uttar Pradesh,"AIIMS, Rai Bareli",PAEDIATRIC SURGERY 6 YRS,AIIMS-Inst. Pref,UR-AIIMS-IP
1,5974,Andhra Pradesh,"AIIMS, Mangalagiri",ANAESTHESIOLOGY,AIIMS-All India,SC
1,6006,Maharashtra,"AIIMS, Nagpur",ENT,AIIMS-All India,SC
1,6062,Jammu and Kashmir,"AIIMS, Jammu",ANAESTHESIOLOGY,AIIMS-All India,SC
1,6079,Maharashtra,"AIIMS, Nagpur",ENT,AIIMS-Inst. Pref,UR-AIIMS-IP
1,6096,Delhi,"AIIMS, Delhi",IHBT,AIIMS-All India,SC
1,6115,Chhattisgarh,"AIIMS, Raipur",COMMUNITY MEDICINE,AIIMS-Inst. Pref,UR-AIIMS-IP
1,6135,Jammu and Kashmir,"AIIMS, Jammu",GENERAL MEDICINE,AIIMS-All India,ST
1,6147,Odisha,"AIIMS, Bhubaneswar",HOSPITAL ADMINISTRATION,AIIMS-All India,OBC
1,6151,Delhi,"AIIMS, Delhi",ANATOMY,AIIMS-All India,OBC
1,6163,Madhya Pradesh,"AIIMS, Bhopal",ANATOMY,AIIMS-All India,OBC
1,6178,Odisha,"AIIMS, Bhubaneswar",FORENSIC MEDICINE,AIIMS-All India,OBC
1,6194,Rajasthan,"AIIMS, Jodhpur",FORENSIC MEDICINE,AIIMS-All India,OBC
1,6202,Gujarat,"AIIMS, Rajkot",ENT,AIIMS-All India,SC
1,6214,Odisha,"AIIMS, Bhubaneswar",FORENSIC MEDICINE,AIIMS-All India,EWS
1,6221,Chandigarh,"PGIMER, Chandigarh",GENERAL MEDICINE,PGIMER-All India,UR-PwD
1,6229,Uttar Pradesh,"AIIMS, Gorakhpur",ANAESTHESIOLOGY,AIIMS-All India,SC
1,6234,West Bengal,"AIIMS, Kalyani",ANAESTHESIOLOGY,AIIMS-All India,SC
1,6242,Uttarakhand,"AIIMS, Rishikesh",ANATOMY,AIIMS-All India,OBC
1,6285,Uttar Pradesh,"AIIMS, Gorakhpur",ANAESTHESIOLOGY,AIIMS-All India,SC
1,6314,Maharashtra,"AIIMS, Nagpur",COMMUNITY MEDICINE,AIIMS-Inst. Pref,UR-AIIMS-IP
1,6329,Jharkhand,"AIIMS, Deoghar",OPHTHALMOLOGY,AIIMS-All India,SC
1,6343,Uttar Pradesh,"AIIMS, Gorakhpur",COMMUNITY & FAMILY MEDICINE,AIIMS-All India,EWS
1,6344,Chhattisgarh,"AIIMS, Raipur",PAEDIATRICS,AIIMS-All India,ST
1,6364,Odisha,"AIIMS, Bhubaneswar",MICROBIOLOGY,AIIMS-All India,OBC
1,6374,Andhra Pradesh,"AIIMS, Mangalagiri",PSYCHIATRY,AIIMS-All India,SC
1,6397,West Bengal,"AIIMS, Kalyani",PSYCHIATRY,AIIMS-All India,SC
1,6458,Jammu and Kashmir,"AIIMS, Jammu",PHARMACOLOGY,AIIMS-All India,OBC
1,6496,Chhattisgarh,"AIIMS, Raipur",MICROBIOLOGY,AIIMS-All India,OBC
1,6512,Bihar,"AIIMS, Patna",PATHOLOGY,AIIMS-Inst. Pref,UR-AIIMS-IP
1,6542,Uttar Pradesh,"AIIMS, Gorakhpur",MICROBIOLOGY,AIIMS-All India,OBC
1,6679,Uttarakhand,"AIIMS, Rishikesh",BIOCHEMISTRY,AIIMS-All India,OBC
1,6761,Assam,"AIIMS, Guwahati",MICROBIOLOGY,AIIMS-All India,OBC
1,6793,Maharashtra,"AIIMS, Nagpur",ANAESTHESIOLOGY,AIIMS-Inst. Pref,UR-AIIMS-IP
1,6800,West Bengal,"AIIMS, Kalyani",MICROBIOLOGY,AIIMS-All India,OBC
1,6859,Rajasthan,"AIIMS, Jodhpur",NUCLEAR MEDICINE,AIIMS-All India,OBC-PwD
1,6880,Telangana,"AIIMS, Bibinagar",HOSPITAL ADMINISTRATION,AIIMS-All India,SC
1,6898,Bihar,"AIIMS, Patna",COMMUNITY & FAMILY MEDICINE,AIIMS-Inst. Pref,UR-AIIMS-IP
1,6993,Andhra Pradesh,"AIIMS, Mangalagiri",ANATOMY,AIIMS-All India,OBC
1,7002,Chandigarh,"PGIMER, Chandigarh",GENERAL SURGERY,PGIMER-All India,ST
1,7061,Chandigarh,"PGIMER, Chandigarh",ANAESTHESIOLOGY,PGIMER-All India,ST
1,7068,Chandigarh,"PGIMER, Chandigarh",OPHTHALMOLOGY,PGIMER-All India,ST
1,7135,Rajasthan,"AIIMS, Jodhpur",MICROBIOLOGY,AIIMS-All India,OBC
1,7187,Gujarat,"AIIMS, Rajkot",ANAESTHESIOLOGY,AIIMS-All India,SC
1,7215,Madhya Pradesh,"AIIMS, Bhopal",PHYSIOLOGY,AIIMS-All India,OBC
1,7233,Uttar Pradesh,"AIIMS, Rai Bareli",OBG,AIIMS-All India,ST
1,7254,Rajasthan,"AIIMS, Jodhpur",MICROBIOLOGY,AIIMS-All India,OBC
1,7301,Delhi,"AIIMS, Delhi",PATHOLOGY,AIIMS-All India,SC
1,7311,Uttar Pradesh,"AIIMS, Gorakhpur",PAEDIATRICS,AIIMS-All India,ST
1,7324,Maharashtra,"AIIMS, Nagpur",MICROBIOLOGY,AIIMS-All India,OBC
1,7353,Jharkhand,"AIIMS, Deoghar",COMMUNITY & FAMILY MEDICINE,AIIMS-All India,EWS
1,7368,Himachal Pradesh,"AIIMS, Bilaspur, Himachal",RADIATION ONCOLOGY,AIIMS-All India,SC
1,7374,Pondicherry,"JIPMER, Puducherry",ANAESTHESIOLOGY,JIPMER-All India,ST
1,7407,Rajasthan,"AIIMS, Jodhpur",FAMILY MEDICINE,AIIMS-All India,SC
1,7529,Maharashtra,"AIIMS, Nagpur",ANAESTHESIOLOGY,AIIMS-Inst. Pref,UR-AIIMS-IP
1,7532,Delhi,"AIIMS, Delhi",PALLIATIVE MEDICINE,AIIMS-All India,SC
1,7544,Maharashtra,"AIIMS, Nagpur",FAMILY MEDICINE,AIIMS-All India,SC
1,7565,Delhi,"AIIMS, Delhi",GENERAL SURGERY,AIIMS-All India,ST
1,7584,Chandigarh,"PGIMER, Chandigarh",PATHOLOGY,PGIMER-All India,SC
1,7600,Jammu and Kashmir,"AIIMS, Jammu",BIOCHEMISTRY,AIIMS-All India,OBC
1,7723,Rajasthan,"AIIMS, Jodhpur",BIOCHEMISTRY,AIIMS-All India,OBC
1,7844,Karnataka,"NIMHANS, Bangalore",PSYCHIATRY,NIMHANS-All India,UR-PwD
1,7919,Chhattisgarh,"AIIMS, Raipur",PHYSIOLOGY,AIIMS-Inst. Pref,UR-AIIMS-IP
1,7939,Jammu and Kashmir,"AIIMS, Jammu",PHARMACOLOGY,AIIMS-All India,EWS
1,7976,Uttar Pradesh,"AIIMS, Gorakhpur",ANAESTHESIOLOGY,AIIMS-Inst. Pref,UR-AIIMS-IP
1,8010,Maharashtra,"AIIMS, Nagpur",BIOCHEMISTRY,AIIMS-All India,OBC
1,8067,Rajasthan,"AIIMS, Jodhpur",PATHOLOGY,AIIMS-All India,SC
1,8091,Delhi,"AIIMS, Delhi",COMMUNITY MEDICINE,AIIMS-Inst. Pref,UR-AIIMS-IP
1,8103,Pondicherry,"JIPMER, Puducherry",IHBT,JIPMER-All India,SC
1,8345,Gujarat,"AIIMS, Rajkot",GENERAL MEDICINE,AIIMS-All India,ST
1,8406,Madhya Pradesh,"AIIMS, Bhopal",HOSPITAL ADMINISTRATION,AIIMS-Inst. Pref,UR-AIIMS-IP
1,8453,Himachal Pradesh,"AIIMS, Bilaspur, Himachal",OBG,AIIMS-All India,ST
1,8690,Maharashtra,"AIIMS, Nagpur",ANAESTHESIOLOGY,AIIMS-Inst. Pref,UR-AIIMS-IP
1,8702,Maharashtra,"AIIMS, Nagpur",PATHOLOGY,AIIMS-All India,SC
1,8757,Rajasthan,"AIIMS, Jodhpur",ANATOMY,AIIMS-All India,OBC
1,8760,Rajasthan,"AIIMS, Jodhpur",PHYSIOLOGY,AIIMS-All India,OBC
1,8763,Odisha,"AIIMS, Bhubaneswar",PATHOLOGY,AIIMS-All India,SC
1,8788,Pondicherry,"JIPMER, Puducherry",PHARMACOLOGY,JIPMER-All India,SC
1,8826,Uttar Pradesh,"AIIMS, Rai Bareli",BIOCHEMISTRY,AIIMS-All India,OBC
1,8897,Madhya Pradesh,"AIIMS, Bhopal",PSYCHIATRY,AIIMS-All India,ST
1,8902,Chandigarh,"PGIMER, Chandigarh",ORTHOPAEDICS,PGIMER-All India,ST
1,8924,Karnataka,"NIMHANS, Bangalore",PSYCHIATRY,NIMHANS-All India,ST
1,8986,Uttarakhand,"AIIMS, Rishikesh",IHBT,AIIMS-Inst. Pref,UR-AIIMS-IP
1,9029,Karnataka,"NIMHANS, Bangalore",PSYCHIATRY,NIMHANS-NE Domicile,ST-North East Domicile
1,9062,Assam,"AIIMS, Guwahati",PHYSIOLOGY,AIIMS-All India,OBC
1,9125,Maharashtra,"AIIMS, Nagpur",ANAESTHESIOLOGY,AIIMS-Inst. Pref,UR-AIIMS-IP
1,9129,Maharashtra,"AIIMS, Nagpur",PSYCHIATRY,AIIMS-All India,ST
1,9148,Rajasthan,"AIIMS, Jodhpur",FORENSIC MEDICINE,AIIMS-All India,EWS
1,9163,Delhi,"AIIMS, Delhi",OBG,AIIMS-All India,SC-PwD
1,9204,West Bengal,"AIIMS, Kalyani",BIOCHEMISTRY,AIIMS-All India,OBC
1,9213,Jharkhand,"AIIMS, Deoghar",PHYSIOLOGY,AIIMS-All India,OBC
1,9217,Uttar Pradesh,"AIIMS, Rai Bareli",ENT,AIIMS-Inst. Pref,UR-AIIMS-IP
1,9219,West Bengal,"AIIMS, Kalyani",PHYSIOLOGY,AIIMS-All India,OBC
1,9262,Uttar Pradesh,"AIIMS, Gorakhpur",BIOCHEMISTRY,AIIMS-All India,OBC
1,9264,Rajasthan,"AIIMS, Jodhpur",COMMUNITY MEDICINE,AIIMS-All India,SC
1,9272,Assam,"AIIMS, Guwahati",BIOCHEMISTRY,AIIMS-All India,OBC
1,9359,Delhi,"AIIMS, Delhi",HOSPITAL ADMINISTRATION,AIIMS-All India,SC
1,9364,Andhra Pradesh,"AIIMS, Mangalagiri",ANAESTHESIOLOGY,AIIMS-All India,ST
1,9378,Maharashtra,"AIIMS, Nagpur",COMMUNITY MEDICINE,AIIMS-All India,SC
1,9385,Jammu and Kashmir,"AIIMS, Jammu",ANATOMY,AIIMS-All India,OBC
1,9399,Chhattisgarh,"AIIMS, Raipur",FORENSIC MEDICINE,AIIMS-All India,SC
1,9568,Maharashtra,"AIIMS, Nagpur",BIOCHEMISTRY,AIIMS-All India,EWS
1,9602,Chhattisgarh,"AIIMS, Raipur",ANATOMY,AIIMS-All India,OBC
1,9653,Chandigarh,"PGIMER, Chandigarh",PSYCHIATRY,PGIMER-All India,ST
1,9662,Madhya Pradesh,"AIIMS, Bhopal",GENERAL SURGERY,AIIMS-All India,ST
1,9666,Delhi,"AIIMS, Delhi",HOSPITAL ADMINISTRATION,AIIMS-Inst. Pref,UR-AIIMS-IP
1,9700,Chandigarh,"PGIMER, Chandigarh",PATHOLOGY,PGIMER-All India,SC
1,9730,Maharashtra,"AIIMS, Nagpur",GENERAL SURGERY,AIIMS-All India,ST
1,9779,Jammu and Kashmir,"AIIMS, Jammu",ANATOMY,AIIMS-All India,OBC
1,9965,Madhya Pradesh,"AIIMS, Bhopal",IHBT,AIIMS-Inst. Pref,UR-AIIMS-IP
1,9968,Chhattisgarh,"AIIMS, Raipur",BIOCHEMISTRY,AIIMS-Inst. Pref,UR-AIIMS-IP
1,10037,Gujarat,"AIIMS, Rajkot",BIOCHEMISTRY,AIIMS-All India,OBC
1,10062,Jammu and Kashmir,"AIIMS, Jammu",PHYSIOLOGY,AIIMS-All India,OBC
1,10071,Andhra Pradesh,"AIIMS, Mangalagiri",PAEDIATRIC SURGERY 6 YRS,AIIMS-Inst. Pref,UR-AIIMS-IP
1,10072,Andhra Pradesh,"AIIMS, Mangalagiri",PAEDIATRIC SURGERY 6 YRS,AIIMS-Inst. Pref,UR-AIIMS-IP
1,10075,Delhi,"AIIMS, Delhi",COMMUNITY MEDICINE,AIIMS-Inst. Pref,UR-AIIMS-IP
1,10091,Pondicherry,"JIPMER, Puducherry",ANATOMY,JIPMER-All India,EWS
1,10181,Assam,"AIIMS, Guwahati",COMMUNITY & FAMILY MEDICINE,AIIMS-All India,SC
1,10182,Chhattisgarh,"AIIMS, Raipur",PATHOLOGY,AIIMS-All India,SC
1,10243,Rajasthan,"AIIMS, Jodhpur",ORTHOPAEDICS,AIIMS-All India,ST
1,10349,Gujarat,"AIIMS, Rajkot",ANATOMY,AIIMS-All India,OBC
1,10422,Jharkhand,"AIIMS, Deoghar",OBG,AIIMS-All India,ST
1,10502,Jharkhand,"AIIMS, Deoghar",PATHOLOGY,AIIMS-All India,SC
1,10651,Uttar Pradesh,"AIIMS, Rai Bareli",ANATOMY,AIIMS-All India,OBC
1,10737,West Bengal,"AIIMS, Kalyani",PHYSIOLOGY,AIIMS-All India,OBC
1,10798,Uttarakhand,"AIIMS, Rishikesh",ANATOMY,AIIMS-All India,EWS
1,10812,Odisha,"AIIMS, Bhubaneswar",COMMUNITY MEDICINE,AIIMS-Inst. Pref,UR-AIIMS-IP
1,10847,Assam,"AIIMS, Guwahati",PHYSIOLOGY,AIIMS-All India,OBC
1,10938,Rajasthan,"AIIMS, Jodhpur",PATHOLOGY,AIIMS-Inst. Pref,UR-AIIMS-IP
1,10991,Delhi,"AIIMS, Delhi",HOSPITAL ADMINISTRATION,AIIMS-Inst. Pref,UR-AIIMS-IP
1,11017,Jharkhand,"AIIMS, Deoghar",COMMUNITY & FAMILY MEDICINE,AIIMS-All India,SC
1,11054,West Bengal,"AIIMS, Kalyani",ANATOMY,AIIMS-All India,OBC
1,11181,Chhattisgarh,"AIIMS, Raipur",ORTHOPAEDICS,AIIMS-All India,ST
1,11225,Jammu and Kashmir,"AIIMS, Jammu",COMMUNITY MEDICINE,AIIMS-All India,SC
1,11304,Jammu and Kashmir,"AIIMS, Jammu",ANATOMY,AIIMS-All India,SC
1,11318,Rajasthan,"AIIMS, Jodhpur",PMR,AIIMS-All India,SC
1,11347,Rajasthan,"AIIMS, Jodhpur",PHYSIOLOGY,AIIMS-All India,EWS
1,11386,Uttar Pradesh,"AIIMS, Gorakhpur",ANATOMY,AIIMS-All India,OBC
1,11627,Assam,"AIIMS, Guwahati",PHYSIOLOGY,AIIMS-All India,OBC
1,11639,Himachal Pradesh,"AIIMS, Bilaspur, Himachal",ANAESTHESIOLOGY,AIIMS-All India,ST
1,11694,Jammu and Kashmir,"AIIMS, Jammu",PHYSIOLOGY,AIIMS-All India,OBC
1,11739,Delhi,"AIIMS, Delhi",BIOCHEMISTRY,AIIMS-All India,SC
1,11778,Gujarat,"AIIMS, Rajkot",PHYSIOLOGY,AIIMS-All India,OBC
1,11831,Telangana,"AIIMS, Bibinagar",FORENSIC MEDICINE,AIIMS-All India,SC
1,11957,Assam,"AIIMS, Guwahati",ANATOMY,AIIMS-All India,OBC
1,12139,Pondicherry,"JIPMER, Puducherry",BIOCHEMISTRY,JIPMER-All India,SC
1,12202,Madhya Pradesh,"AIIMS, Bhopal",GENERAL MEDICINE,AIIMS-All India,UR-PwD
1,12276,Delhi,"AIIMS, Delhi",MICROBIOLOGY,AIIMS-All India,SC
1,12283,Maharashtra,"AIIMS, Nagpur",FORENSIC MEDICINE,AIIMS-All India,SC
1,12336,Jammu and Kashmir,"AIIMS, Jammu",IHBT,AIIMS-All India,SC
1,12369,Assam,"AIIMS, Guwahati",PATHOLOGY,AIIMS-All India,ST
1,12419,West Bengal,"AIIMS, Kalyani",MICROBIOLOGY,AIIMS-All India,EWS
1,12420,Rajasthan,"AIIMS, Jodhpur",PSYCHIATRY,AIIMS-All India,ST
1,12422,Maharashtra,"AIIMS, Nagpur",OPHTHALMOLOGY,AIIMS-All India,ST
1,12619,Uttar Pradesh,"AIIMS, Rai Bareli",OPHTHALMOLOGY,AIIMS-All India,ST
1,12876,Odisha,"AIIMS, Bhubaneswar",HOSPITAL ADMINISTRATION,AIIMS-Inst. Pref,UR-AIIMS-IP
1,12914,Jharkhand,"AIIMS, Deoghar",FORENSIC MEDICINE,AIIMS-All India,SC
1,13047,Maharashtra,"AIIMS, Nagpur",MICROBIOLOGY,AIIMS-Inst. Pref,UR-AIIMS-IP
1,13151,Pondicherry,"JIPMER, Puducherry",PMR,JIPMER-All India,ST
1,13227,Madhya Pradesh,"AIIMS, Bhopal",PHARMACOLOGY,AIIMS-All India,SC
1,13232,Jharkhand,"AIIMS, Deoghar",ANAESTHESIOLOGY,AIIMS-Inst. Pref,UR-AIIMS-IP
1,13233,Uttarakhand,"AIIMS, Rishikesh",ANAESTHESIOLOGY,AIIMS-All India,ST
1,13308,Rajasthan,"AIIMS, Jodhpur",EMERGENCY MEDICINE,AIIMS-All India,ST
1,13481,Maharashtra,"AIIMS, Nagpur",PATHOLOGY,AIIMS-Inst. Pref,UR-AIIMS-IP
1,13525,Maharashtra,"AIIMS, Nagpur",EMERGENCY MEDICINE,AIIMS-All India,ST
1,13544,Assam,"AIIMS, Guwahati",ANAESTHESIOLOGY,AIIMS-All India,ST
1,13581,Punjab,"AIIMS, Bathinda",HOSPITAL ADMINISTRATION,AIIMS-Inst. Pref,UR-AIIMS-IP
1,13644,Rajasthan,"AIIMS, Jodhpur",FORENSIC MEDICINE,AIIMS-All India,SC
1,13649,Andhra Pradesh,"AIIMS, Mangalagiri",PSYCHIATRY,AIIMS-Inst. Pref,UR-AIIMS-IP
1,13848,Uttarakhand,"AIIMS, Rishikesh",GERIATRICS,AIIMS-All India,ST
1,13919,Rajasthan,"AIIMS, Jodhpur",ANAESTHESIOLOGY,AIIMS-All India,ST
1,13940,Rajasthan,"AIIMS, Jodhpur",ENT,AIIMS-All India,ST
1,14112,Gujarat,"AIIMS, Rajkot",MICROBIOLOGY,AIIMS-All India,SC
1,14158,Madhya Pradesh,"AIIMS, Bhopal",MICROBIOLOGY,AIIMS-All India,SC
1,14314,Maharashtra,"AIIMS, Nagpur",ORTHOPAEDICS,AIIMS-All India,ST
1,14383,Uttarakhand,"AIIMS, Rishikesh",BIOCHEMISTRY,AIIMS-All India,SC
1,14518,Madhya Pradesh,"AIIMS, Bhopal",FORENSIC MEDICINE,AIIMS-Inst. Pref,UR-AIIMS-IP
1,14570,Madhya Pradesh,"AIIMS, Bhopal",BIOCHEMISTRY,AIIMS-Inst. Pref,UR-AIIMS-IP
1,14700,Bihar,"AIIMS, Patna",ANAESTHESIOLOGY,AIIMS-All India,ST
1,14755,Madhya Pradesh,"AIIMS, Bhopal",ANATOMY,AIIMS-All India,SC
1,15190,Uttar Pradesh,"AIIMS, Rai Bareli",FORENSIC MEDICINE,AIIMS-All India,EWS
1,15220,Uttar Pradesh,"AIIMS, Rai Bareli",BIOCHEMISTRY,AIIMS-All India,EWS
1,15343,Maharashtra,"AIIMS, Nagpur",COMMUNITY MEDICINE,AIIMS-Inst. Pref,UR-AIIMS-IP
1,15421,Uttar Pradesh,"AIIMS, Gorakhpur",OPHTHALMOLOGY,AIIMS-All India,ST
1,15423,West Bengal,"AIIMS, Kalyani",PHYSIOLOGY,AIIMS-All India,SC
1,15449,Maharashtra,"AIIMS, Nagpur",ANAESTHESIOLOGY,AIIMS-All India,ST
1,15516,Jharkhand,"AIIMS, Deoghar",ANAESTHESIOLOGY,AIIMS-Inst. Pref,UR-AIIMS-IP
1,15596,Andhra Pradesh,"AIIMS, Mangalagiri",EMERGENCY MEDICINE,AIIMS-All India,ST
1,15630,Maharashtra,"AIIMS, Nagpur",BIOCHEMISTRY,AIIMS-All India,SC
1,15683,Jammu and Kashmir,"AIIMS, Jammu",ORTHOPAEDICS,AIIMS-All India,ST
1,15724,Jammu and Kashmir,"AIIMS, Jammu",BIOCHEMISTRY,AIIMS-All India,SC
1,15746,Chhattisgarh,"AIIMS, Raipur",EMERGENCY MEDICINE,AIIMS-All India,ST
1,15835,Bihar,"AIIMS, Patna",FORENSIC MEDICINE,AIIMS-Inst. Pref,UR-AIIMS-IP
1,15861,Uttar Pradesh,"AIIMS, Gorakhpur",ENT,AIIMS-All India,ST
1,15888,Pondicherry,"JIPMER, Puducherry",PHYSIOLOGY,JIPMER-All India,ST
1,16167,Delhi,"AIIMS, Delhi",HOSPITAL ADMINISTRATION,AIIMS-All India,ST
1,16191,Madhya Pradesh,"AIIMS, Bhopal",PHYSIOLOGY,AIIMS-Inst. Pref,UR-AIIMS-IP
1,16229,Uttar Pradesh,"AIIMS, Rai Bareli",ANAESTHESIOLOGY,AIIMS-All India,ST
1,16257,Delhi,"AIIMS, Delhi",PHYSIOLOGY,AIIMS-All India,SC
1,16259,Jammu and Kashmir,"AIIMS, Jammu",OPHTHALMOLOGY,AIIMS-All India,ST
1,16284,Rajasthan,"AIIMS, Jodhpur",COMMUNITY MEDICINE,AIIMS-Inst. Pref,UR-AIIMS-IP
1,16317,Chhattisgarh,"AIIMS, Raipur",MICROBIOLOGY,AIIMS-All India,SC
1,16346,Odisha,"AIIMS, Bhubaneswar",PHYSIOLOGY,AIIMS-All India,SC
1,16351,Gujarat,"AIIMS, Rajkot",ENT,AIIMS-All India,ST
1,16685,Assam,"AIIMS, Guwahati",PHARMACOLOGY,AIIMS-All India,SC
1,16840,West Bengal,"AIIMS, Kalyani",ENT,AIIMS-All India,ST
1,16868,Gujarat,"AIIMS, Rajkot",ANATOMY,AIIMS-All India,EWS
1,17049,Bihar,"AIIMS, Patna",PATHOLOGY,AIIMS-All India,ST
1,17267,Uttarakhand,"AIIMS, Rishikesh",FORENSIC MEDICINE,AIIMS-Inst. Pref,UR-AIIMS-IP
1,17378,West Bengal,"AIIMS, Kalyani",FORENSIC MEDICINE,AIIMS-All India,EWS
1,17389,Bihar,"AIIMS, Patna",MICROBIOLOGY,AIIMS-Inst. Pref,UR-AIIMS-IP
1,17401,Gujarat,"AIIMS, Rajkot",ANAESTHESIOLOGY,AIIMS-All India,ST
1,17474,Uttar Pradesh,"AIIMS, Rai Bareli",MICROBIOLOGY,AIIMS-All India,EWS
1,17490,Chhattisgarh,"AIIMS, Raipur",PHARMACOLOGY,AIIMS-All India,SC
1,17834,Gujarat,"AIIMS, Rajkot",PHARMACOLOGY,AIIMS-All India,SC
1,18075,Madhya Pradesh,"AIIMS, Bhopal",COMMUNITY MEDICINE,AIIMS-All India,ST
1,18080,Jharkhand,"AIIMS, Deoghar",MICROBIOLOGY,AIIMS-All India,SC
1,18140,Delhi,"AIIMS, Delhi",OPHTHALMOLOGY,AIIMS-All India,UR-PwD
1,18143,Jammu and Kashmir,"AIIMS, Jammu",MICROBIOLOGY,AIIMS-All India,SC
1,18488,Odisha,"AIIMS, Bhubaneswar",ANATOMY,AIIMS-All India,SC
1,18535,Chhattisgarh,"AIIMS, Raipur",IHBT,AIIMS-All India,ST
1,18578,Gujarat,"AIIMS, Rajkot",FORENSIC MEDICINE,AIIMS-All India,ST
1,18638,Andhra Pradesh,"AIIMS, Mangalagiri",PHYSIOLOGY,AIIMS-All India,ST
1,18817,West Bengal,"AIIMS, Kalyani",BIOCHEMISTRY,AIIMS-Inst. Pref,UR-AIIMS-IP
1,18847,Rajasthan,"AIIMS, Jodhpur",BIOCHEMISTRY,AIIMS-All India,SC
1,19311,Odisha,"AIIMS, Bhubaneswar",BIOCHEMISTRY,AIIMS-Inst. Pref,UR-AIIMS-IP
1,19493,Chhattisgarh,"AIIMS, Raipur",COMMUNITY MEDICINE,AIIMS-All India,ST
1,19503,Uttarakhand,"AIIMS, Rishikesh",PHYSIOLOGY,AIIMS-Inst. Pref,UR-AIIMS-IP
1,19630,Assam,"AIIMS, Guwahati",PHYSIOLOGY,AIIMS-All India,SC
1,19765,Odisha,"AIIMS, Bhubaneswar",COMMUNITY MEDICINE,AIIMS-Inst. Pref,UR-AIIMS-IP
1,19801,Uttar Pradesh,"AIIMS, Rai Bareli",BIOCHEMISTRY,AIIMS-All India,SC
1,19907,Assam,"AIIMS, Guwahati",BIOCHEMISTRY,AIIMS-All India,SC
1,20168,Chhattisgarh,"AIIMS, Raipur",PATHOLOGY,AIIMS-All India,ST
1,20262,Chhattisgarh,"AIIMS, Raipur",PHYSIOLOGY,AIIMS-All India,EWS
1,20432,Rajasthan,"AIIMS, Jodhpur",IHBT,AIIMS-All India,ST
1,20715,Pondicherry,"JIPMER, Puducherry",PSYCHIATRY,JIMPER-Inst. Pref,INST (JIPMER)-PwD
1,21215,Jammu and Kashmir,"AIIMS, Jammu",PHYSIOLOGY,AIIMS-All India,SC
1,21379,Assam,"AIIMS, Guwahati",MICROBIOLOGY,AIIMS-All India,EWS
1,21414,Jharkhand,"AIIMS, Deoghar",PMR,AIIMS-All India,ST
1,21728,Chhattisgarh,"AIIMS, Raipur",ANATOMY,AIIMS-All India,EWS
1,21733,Jammu and Kashmir,"AIIMS, Jammu",PHYSIOLOGY,AIIMS-All India,EWS
1,21879,Jammu and Kashmir,"AIIMS, Jammu",ANATOMY,AIIMS-All India,ST
1,21910,Maharashtra,"AIIMS, Nagpur",ANATOMY,AIIMS-All India,EWS
1,22066,West Bengal,"AIIMS, Kalyani",ANATOMY,AIIMS-All India,EWS
1,22076,Jammu and Kashmir,"AIIMS, Jammu",PATHOLOGY,AIIMS-All India,ST
1,22191,Maharashtra,"AIIMS, Nagpur",RADIO DIAGNOSIS,AIIMS-All India,UR-PwD
1,22307,Uttar Pradesh,"AIIMS, Rai Bareli",ANAESTHESIOLOGY,AIIMS-Inst. Pref,UR-AIIMS-IP
1,22468,Rajasthan,"AIIMS, Jodhpur",DERMATOLOGY,AIIMS-All India,OBC-PwD
1,22645,Jammu and Kashmir,"AIIMS, Jammu",BIOCHEMISTRY,AIIMS-All India,EWS
1,22741,Rajasthan,"AIIMS, Jodhpur",FORENSIC MEDICINE,AIIMS-Inst. Pref,UR-AIIMS-IP
1,22961,Rajasthan,"AIIMS, Jodhpur",MICROBIOLOGY,AIIMS-All India,ST
1,22978,Gujarat,"AIIMS, Rajkot",ANATOMY,AIIMS-All India,SC
1,23513,West Bengal,"AIIMS, Kalyani",ANATOMY,AIIMS-All India,SC
1,23630,Maharashtra,"AIIMS, Nagpur",PHYSIOLOGY,AIIMS-Inst. Pref,UR-AIIMS-IP
1,23783,Maharashtra,"AIIMS, Nagpur",MICROBIOLOGY,AIIMS-All India,ST
1,23929,Uttar Pradesh,"AIIMS, Gorakhpur",ANAESTHESIOLOGY,AIIMS-Inst. Pref,UR-AIIMS-IP
1,23952,Bihar,"AIIMS, Patna",ANATOMY,AIIMS-Inst. Pref,UR-AIIMS-IP
1,24098,Chhattisgarh,"AIIMS, Raipur",BIOCHEMISTRY,AIIMS-All India,ST
1,24187,Odisha,"AIIMS, Bhubaneswar",COMMUNITY MEDICINE,AIIMS-Inst. Pref,UR-AIIMS-IP
1,25094,Odisha,"AIIMS, Bhubaneswar",RADIO DIAGNOSIS,AIIMS-All India,UR-PwD
1,25206,Maharashtra,"AIIMS, Nagpur",DERMATOLOGY,AIIMS-All India,OBC-PwD
1,25300,West Bengal,"AIIMS, Kalyani",PHYSIOLOGY,AIIMS-All India,ST
1,25348,Odisha,"AIIMS, Bhubaneswar",OBG,AIIMS-All India,EWS-PwD
1,26280,Uttar Pradesh,"AIIMS, Rai Bareli",COMMUNITY MEDICINE,AIIMS-Inst. Pref,UR-AIIMS-IP
1,26384,Andhra Pradesh,"AIIMS, Mangalagiri",RADIO DIAGNOSIS,AIIMS-All India,UR-PwD
1,27683,Telangana,"AIIMS, Bibinagar",ANATOMY,AIIMS-All India,ST
1,27825,Chandigarh,"PGIMER, Chandigarh",OBG,PGIMER-All India,UR-PwD
1,27885,Assam,"AIIMS, Guwahati",ANATOMY,AIIMS-All India,ST
1,29143,Maharashtra,"AIIMS, Nagpur",GENERAL MEDICINE,AIIMS-All India,OBC-PwD
1,29222,Assam,"AIIMS, Guwahati",FORENSIC MEDICINE,AIIMS-All India,ST
1,29406,Rajasthan,"AIIMS, Jodhpur",IHBT,AIIMS-Inst. Pref,UR-AIIMS-IP
1,29407,Chandigarh,"PGIMER, Chandigarh",PAEDIATRICS,PGIMER-All India,UR-PwD
1,29811,Jammu and Kashmir,"AIIMS, Jammu",PHARMACOLOGY,AIIMS-All India,ST
1,29951,Delhi,"AIIMS, Delhi",ANAESTHESIOLOGY,AIIMS-All India,UR-PwD
1,30730,Maharashtra,"AIIMS, Nagpur",OBG,AIIMS-All India,UR-PwD
1,31072,Telangana,"AIIMS, Bibinagar",PHARMACOLOGY,AIIMS-Inst. Pref,UR-AIIMS-IP
1,31313,Jharkhand,"AIIMS, Deoghar",BIOCHEMISTRY,AIIMS-All India,ST
1,32242,Chhattisgarh,"AIIMS, Raipur",OBG,AIIMS-All India,UR-PwD
1,33172,Andhra Pradesh,"AIIMS, Mangalagiri",ANAESTHESIOLOGY,AIIMS-All India,UR-PwD
1,34220,Rajasthan,"AIIMS, Jodhpur",BIOCHEMISTRY,AIIMS-Inst. Pref,UR-AIIMS-IP
1,35448,Gujarat,"AIIMS, Rajkot",PAEDIATRICS,AIIMS-All India,UR-PwD
1,35493,Uttarakhand,"AIIMS, Rishikesh",GENERAL MEDICINE,AIIMS-All India,UR-PwD
1,36084,Assam,"AIIMS, Guwahati",GENERAL MEDICINE,AIIMS-All India,OBC-PwD
1,36208,Punjab,"AIIMS, Bathinda",GENERAL MEDICINE,AIIMS-All India,UR-PwD
1,36416,Bihar,"AIIMS, Patna",OBG,AIIMS-All India,OBC-PwD
1,36553,West Bengal,"AIIMS, Kalyani",ANATOMY,AIIMS-Inst. Pref,UR-AIIMS-IP
1,37798,Chandigarh,"PGIMER, Chandigarh",ANAESTHESIOLOGY,PGIMER-All India,SC-PwD
1,38833,Rajasthan,"AIIMS, Jodhpur",PSYCHIATRY,AIIMS-All India,OBC-PwD
1,39968,Delhi,"AIIMS, Delhi",HOSPITAL ADMINISTRATION,AIIMS-All India,UR-PwD
1,40036,Rajasthan,"AIIMS, Jodhpur",PHARMACOLOGY,AIIMS-Inst. Pref,UR-AIIMS-IP
1,40379,Uttar Pradesh,"AIIMS, Rai Bareli",OBG,AIIMS-All India,OBC-PwD
1,41204,Maharashtra,"AIIMS, Nagpur",PAEDIATRICS,AIIMS-All India,EWS-PwD
1,41387,Pondicherry,"JIPMER, Puducherry",DERMATOLOGY,JIPMER-All India,SC-PwD
1,41670,Rajasthan,"AIIMS, Jodhpur",MICROBIOLOGY,AIIMS-Inst. Pref,UR-AIIMS-IP
1,42871,Uttar Pradesh,"AIIMS, Rai Bareli",PMR,AIIMS-Inst. Pref,UR-AIIMS-IP
1,43503,Uttar Pradesh,"AIIMS, Rai Bareli",PHARMACOLOGY,AIIMS-Inst. Pref,UR-AIIMS-IP
1,43922,Pondicherry,"JIPMER, Puducherry",RADIATION ONCOLOGY,JIPMER-All India,ST-PwD
1,44111,Chandigarh,"PGIMER, Chandigarh",GENERAL SURGERY,PGIMER-All India,UR-PwD
1,44418,Pondicherry,"JIPMER, Puducherry",PSYCHIATRY,JIPMER-All India,UR-PwD
1,44798,Madhya Pradesh,"AIIMS, Bhopal",PATHOLOGY,AIIMS-All India,UR-PwD
1,45921,Delhi,"AIIMS, Delhi",PALLIATIVE MEDICINE,AIIMS-All India,OBC-PwD
1,47791,Chhattisgarh,"AIIMS, Raipur",EMERGENCY MEDICINE,AIIMS-All India,UR-PwD
1,48535,Uttarakhand,"AIIMS, Rishikesh",PAEDIATRICS,AIIMS-All India,UR-PwD
1,48647,Odisha,"AIIMS, Bhubaneswar",ANAESTHESIOLOGY,AIIMS-All India,UR-PwD
1,48921,Rajasthan,"AIIMS, Jodhpur",ANAESTHESIOLOGY,AIIMS-All India,OBC-PwD
1,49244,Himachal Pradesh,"AIIMS, Bilaspur, Himachal",PAEDIATRICS,AIIMS-All India,UR-PwD
2,7,Delhi,"AIIMS, Delhi",RADIO DIAGNOSIS,AIIMS-All India,UR
2,11,Chandigarh,"PGIMER, Chandigarh",GENERAL MEDICINE,PGIMER-All India,UR
2,12,Chandigarh,"PGIMER, Chandigarh",RADIO DIAGNOSIS,PGIMER-All India,UR
2,17,Chandigarh,"PGIMER, Chandigarh",RADIO DIAGNOSIS,PGIMER-All India,UR
2,18,Rajasthan,"AIIMS, Jodhpur",RADIO DIAGNOSIS,AIIMS-All India,UR
2,20,Chandigarh,"PGIMER, Chandigarh",GENERAL MEDICINE,PGIMER-All India,UR
2,25,Rajasthan,"AIIMS, Jodhpur",RADIO DIAGNOSIS,AIIMS-All India,UR
2,26,Chandigarh,"PGIMER, Chandigarh",DERMATOLOGY,PGIMER-All India,UR
2,27,Uttarakhand,"AIIMS, Rishikesh",RADIO DIAGNOSIS,AIIMS-All India,UR
2,29,Delhi,"AIIMS, Delhi",PAEDIATRICS,AIIMS-All India,UR
2,31,Chandigarh,"PGIMER, Chandigarh",PAEDIATRICS,PGIMER-All India,UR
2,32,Maharashtra,"AIIMS, Nagpur",RADIO DIAGNOSIS,AIIMS-All India,UR
2,36,Uttarakhand,"AIIMS, Rishikesh",GENERAL MEDICINE,AIIMS-All India,UR
2,37,Chhattisgarh,"AIIMS, Raipur",GENERAL MEDICINE,AIIMS-All India,UR
2,38,Delhi,"AIIMS, Delhi",ORTHOPAEDICS,AIIMS-All India,UR
2,43,Pondicherry,"JIPMER, Puducherry",RADIO DIAGNOSIS,JIPMER-All India,UR
2,46,Chandigarh,"PGIMER, Chandigarh",GENERAL MEDICINE,PGIMER-All India,OBC
2,47,Pondicherry,"JIPMER, Puducherry",GENERAL MEDICINE,JIPMER-All India,UR
2,52,Odisha,"AIIMS, Bhubaneswar",RADIO DIAGNOSIS,AIIMS-All India,UR
2,54,Madhya Pradesh,"AIIMS, Bhopal",RADIO DIAGNOSIS,AIIMS-All India,EWS
2,57,Pondicherry,"JIPMER, Puducherry",GENERAL MEDICINE,JIPMER-All India,UR
2,59,Rajasthan,"AIIMS, Jodhpur",DERMATOLOGY,AIIMS-All India,UR
2,60,Chhattisgarh,"AIIMS, Raipur",RADIO DIAGNOSIS,AIIMS-All India,UR
2,64,Chhattisgarh,"AIIMS, Raipur",GENERAL MEDICINE,AIIMS-All India,UR
2,65,Rajasthan,"AIIMS, Jodhpur",GENERAL MEDICINE,AIIMS-Inst. Pref,UR-AIIMS-IP
2,67,Chandigarh,"PGIMER, Chandigarh",PAEDIATRICS,PGIMER-All India,UR
2,69,Rajasthan,"AIIMS, Jodhpur",DERMATOLOGY,AIIMS-All India,UR
2,70,Rajasthan,"AIIMS, Jodhpur",GENERAL MEDICINE,AIIMS-All India,OBC
2,71,Himachal Pradesh,"AIIMS, Bilaspur, Himachal",RADIO DIAGNOSIS,AIIMS-All India,UR
2,73,Assam,"AIIMS, Guwahati",RADIO DIAGNOSIS,AIIMS-All India,UR
2,74,Delhi,"AIIMS, Delhi",NUCLEAR MEDICINE,AIIMS-All India,UR
2,75,Odisha,"AIIMS, Bhubaneswar",GENERAL MEDICINE,AIIMS-All India,UR
2,77,Chandigarh,"PGIMER, Chandigarh",GENERAL MEDICINE,PGIMER-All India,OBC
2,78,Rajasthan,"AIIMS, Jodhpur",GENERAL MEDICINE,AIIMS-All India,EWS
2,80,Chandigarh,"PGIMER, Chandigarh",GENERAL MEDICINE,PGIMER-All India,OBC
2,83,Chandigarh,"PGIMER, Chandigarh",RADIO DIAGNOSIS,PGIMER-All India,OBC
2,84,Chandigarh,"PGIMER, Chandigarh",GENERAL MEDICINE,PGIMER-All India,OBC
2,85,Delhi,"AIIMS, Delhi",DERMATOLOGY,AIIMS-Inst. Pref,UR-AIIMS-IP
2,86,Odisha,"AIIMS, Bhubaneswar",DERMATOLOGY,AIIMS-All India,UR
2,89,Gujarat,"AIIMS, Rajkot",RADIO DIAGNOSIS,AIIMS-All India,UR
2,92,Chandigarh,"PGIMER, Chandigarh",NUCLEAR MEDICINE,PGIMER-All India,OBC
2,98,Karnataka,"NIMHANS, Bangalore",NEUROLOGY 6 YRS,NIMHANS-All India,UR
2,99,Maharashtra,"AIIMS, Nagpur",DERMATOLOGY,AIIMS-All India,UR
2,100,Uttarakhand,"AIIMS, Rishikesh",DERMATOLOGY,AIIMS-All India,UR
2,104,Pondicherry,"JIPMER, Puducherry",GENERAL MEDICINE,JIPMER-All India,OBC
2,109,Pondicherry,"JIPMER, Puducherry",GENERAL MEDICINE,JIPMER-All India,OBC
2,110,Chandigarh,"PGIMER, Chandigarh",OPHTHALMOLOGY,PGIMER-All India,UR
2,112,Rajasthan,"AIIMS, Jodhpur",RADIO DIAGNOSIS,AIIMS-All India,OBC
2,113,Himachal Pradesh,"AIIMS, Bilaspur, Himachal",RADIO DIAGNOSIS,AIIMS-All India,EWS
2,115,Pondicherry,"JIPMER, Puducherry",DERMATOLOGY,JIPMER-All India,UR
2,117,Bihar,"AIIMS, Patna",GENERAL MEDICINE,AIIMS-All India,UR
2,120,Odisha,"AIIMS, Bhubaneswar",RADIO DIAGNOSIS,AIIMS-All India,OBC
2,121,Chandigarh,"PGIMER, Chandigarh",GENERAL SURGERY,PGIMER-All India,UR
2,123,Chandigarh,"PGIMER, Chandigarh",GENERAL SURGERY,PGIMER-All India,UR
2,124,Maharashtra,"AIIMS, Nagpur",GENERAL MEDICINE,AIIMS-All India,UR
2,129,Andhra Pradesh,"AIIMS, Mangalagiri",GENERAL MEDICINE,AIIMS-All India,UR
2,130,Himachal Pradesh,"AIIMS, Bilaspur, Himachal",GENERAL MEDICINE,AIIMS-All India,UR
2,131,Maharashtra,"AIIMS, Nagpur",PAEDIATRICS,AIIMS-All India,UR
2,132,Rajasthan,"AIIMS, Jodhpur",RADIO DIAGNOSIS,AIIMS-All India,OBC
2,134,Delhi,"AIIMS, Delhi",PAEDIATRICS,AIIMS-Inst. Pref,UR-AIIMS-IP
2,135,Rajasthan,"AIIMS, Jodhpur",NEUROSURGERY 6 YRS,AIIMS-All India,UR
2,138,Uttarakhand,"AIIMS, Rishikesh",PAEDIATRICS,AIIMS-All India,UR
2,141,Uttar Pradesh,"AIIMS, Gorakhpur",GENERAL MEDICINE,AIIMS-All India,UR
2,142,Jharkhand,"AIIMS, Deoghar",GENERAL MEDICINE,AIIMS-All India,UR
2,144,Odisha,"AIIMS, Bhubaneswar",NUCLEAR MEDICINE,AIIMS-All India,UR
2,146,Pondicherry,"JIPMER, Puducherry",RADIO DIAGNOSIS,JIPMER-All India,EWS
2,147,Odisha,"AIIMS, Bhubaneswar",GENERAL SURGERY,AIIMS-Inst. Pref,UR-AIIMS-IP
2,148,Madhya Pradesh,"AIIMS, Bhopal",RADIO DIAGNOSIS,AIIMS-All India,OBC
2,151,Chandigarh,"PGIMER, Chandigarh",DERMATOLOGY,PGIMER-All India,OBC
2,153,Assam,"AIIMS, Guwahati",GENERAL MEDICINE,AIIMS-All India,UR
2,156,Gujarat,"AIIMS, Rajkot",GENERAL MEDICINE,AIIMS-All India,UR
2,157,Chhattisgarh,"AIIMS, Raipur",PAEDIATRICS,AIIMS-All India,UR
2,158,Rajasthan,"AIIMS, Jodhpur",OBG,AIIMS-All India,UR
2,159,Odisha,"AIIMS, Bhubaneswar",GENERAL MEDICINE,AIIMS-All India,OBC
2,160,Bihar,"AIIMS, Patna",DERMATOLOGY,AIIMS-All India,UR
2,161,Jammu and Kashmir,"AIIMS, Jammu",GENERAL MEDICINE,AIIMS-All India,UR
2,164,Uttarakhand,"AIIMS, Rishikesh",NUCLEAR MEDICINE,AIIMS-All India,UR
2,168,Gujarat,"AIIMS, Rajkot",DERMATOLOGY,AIIMS-All India,UR
2,172,Odisha,"AIIMS, Bhubaneswar",GENERAL MEDICINE,AIIMS-All India,OBC
2,173,Pondicherry,"JIPMER, Puducherry",GENERAL MEDICINE,JIPMER-All India,OBC
2,174,Uttarakhand,"AIIMS, Rishikesh",ORTHOPAEDICS,AIIMS-All India,UR
2,175,Uttarakhand,"AIIMS, Rishikesh",GENERAL SURGERY,AIIMS-All India,UR
2,176,Uttarakhand,"AIIMS, Rishikesh",GENERAL MEDICINE,AIIMS-All India,OBC
2,177,Pondicherry,"JIPMER, Puducherry",GENERAL SURGERY,JIMPER-Inst. Pref,INST (JIPMER)
2,179,Pondicherry,"JIPMER, Puducherry",OBG,JIPMER-All India,UR
2,182,Maharashtra,"AIIMS, Nagpur",DERMATOLOGY,AIIMS-All India,UR
2,183,Delhi,"AIIMS, Delhi",OBG,AIIMS-All India,UR
2,188,Andhra Pradesh,"AIIMS, Mangalagiri",RADIO DIAGNOSIS,AIIMS-All India,EWS
2,189,Pondicherry,"JIPMER, Puducherry",TBRD,JIPMER-All India,UR
2,190,Chhattisgarh,"AIIMS, Raipur",PAEDIATRICS,AIIMS-All India,UR
2,192,Maharashtra,"AIIMS, Nagpur",PAEDIATRICS,AIIMS-All India,UR
2,193,Pondicherry,"JIPMER, Puducherry",OBG,JIPMER-All India,UR
2,197,Pondicherry,"JIPMER, Puducherry",GENERAL SURGERY,JIPMER-All India,UR
2,200,Odisha,"AIIMS, Bhubaneswar",ORTHOPAEDICS,AIIMS-Inst. Pref,UR-AIIMS-IP
2,205,Uttarakhand,"AIIMS, Rishikesh",GENERAL MEDICINE,AIIMS-All India,EWS
2,206,Chandigarh,"PGIMER, Chandigarh",OBG,PGIMER-All India,UR
2,208,Andhra Pradesh,"AIIMS, Mangalagiri",GENERAL SURGERY,AIIMS-All India,UR
2,209,Madhya Pradesh,"AIIMS, Bhopal",RADIO DIAGNOSIS,AIIMS-All India,OBC
2,210,Uttar Pradesh,"AIIMS, Rai Bareli",NEUROLOGY 6 YRS,AIIMS-All India,UR
2,212,Himachal Pradesh,"AIIMS, Bilaspur, Himachal",PAEDIATRICS,AIIMS-All India,UR
2,215,Delhi,"AIIMS, Delhi",PSYCHIATRY,AIIMS-All India,UR
2,219,Chhattisgarh,"AIIMS, Raipur",RADIO DIAGNOSIS,AIIMS-All India,OBC
2,221,Pondicherry,"JIPMER, Puducherry",OPHTHALMOLOGY,JIPMER-All India,UR
2,223,Delhi,"AIIMS, Delhi",ANAESTHESIOLOGY,AIIMS-All India,UR
2,225,Chandigarh,"PGIMER, Chandigarh",OBG,PGIMER-All India,UR
2,226,Delhi,"AIIMS, Delhi",EMERGENCY MEDICINE,AIIMS-All India,OBC
2,228,Bihar,"AIIMS, Patna",RADIO DIAGNOSIS,AIIMS-All India,OBC
2,232,Assam,"AIIMS, Guwahati",GENERAL SURGERY,AIIMS-All India,UR
2,234,Pondicherry,"JIPMER, Puducherry",GENERAL MEDICINE,JIPMER-All India,EWS
2,237,Rajasthan,"AIIMS, Jodhpur",ORTHOPAEDICS,AIIMS-All India,UR
2,238,Madhya Pradesh,"AIIMS, Bhopal",ORTHOPAEDICS,AIIMS-All India,UR
2,239,Karnataka,"NIMHANS, Bangalore",PSYCHIATRY,NIMHANS-All India,UR
2,243,Delhi,"AIIMS, Delhi",OBG,AIIMS-All India,OBC
2,245,Odisha,"AIIMS, Bhubaneswar",DERMATOLOGY,AIIMS-All India,OBC
2,248,Pondicherry,"JIPMER, Puducherry",NUCLEAR MEDICINE,JIPMER-All India,OBC
2,251,Delhi,"AIIMS, Delhi",ANAESTHESIOLOGY,AIIMS-All India,UR
2,253,Pondicherry,"JIPMER, Puducherry",GENERAL MEDICINE,JIPMER-All India,SC
2,256,Karnataka,"NIMHANS, Bangalore",PSYCHIATRY,NIMHANS-All India,UR
2,259,Karnataka,"NIMHANS, Bangalore",PSYCHIATRY,NIMHANS-All India,UR
2,264,Pondicherry,"JIPMER, Puducherry",DERMATOLOGY,JIMPER-Inst. Pref,INST (JIPMER)
2,269,Delhi,"AIIMS, Delhi",PAEDIATRIC SURGERY 6 YRS,AIIMS-All India,UR
2,274,Jammu and Kashmir,"AIIMS, Jammu",PAEDIATRICS,AIIMS-All India,UR
2,278,Chhattisgarh,"AIIMS, Raipur",ORTHOPAEDICS,AIIMS-All India,UR
2,280,Odisha,"AIIMS, Bhubaneswar",GENERAL MEDICINE,AIIMS-Inst. Pref,UR-AIIMS-IP
2,281,Punjab,"AIIMS, Bathinda",PLASTIC SURGERY 6 YRS,AIIMS-All India,UR
2,282,Andhra Pradesh,"AIIMS, Mangalagiri",RADIO DIAGNOSIS,AIIMS-All India,OBC
2,284,Pondicherry,"JIPMER, Puducherry",GENERAL SURGERY,JIMPER-Inst. Pref,INST (JIPMER)
2,286,Odisha,"AIIMS, Bhubaneswar",ORTHOPAEDICS,AIIMS-All India,UR
2,287,Gujarat,"AIIMS, Rajkot",RADIO DIAGNOSIS,AIIMS-All India,OBC
2,291,Chhattisgarh,"AIIMS, Raipur",OBG,AIIMS-All India,UR
2,294,Maharashtra,"AIIMS, Nagpur",GENERAL MEDICINE,AIIMS-All India,OBC
2,305,Gujarat,"AIIMS, Rajkot",GENERAL MEDICINE,AIIMS-All India,EWS
2,307,Pondicherry,"JIPMER, Puducherry",PAEDIATRICS,JIMPER-Inst. Pref,INST (JIPMER)
2,310,Maharashtra,"AIIMS, Nagpur",GENERAL MEDICINE,AIIMS-All India,EWS
2,311,Chhattisgarh,"AIIMS, Raipur",GENERAL MEDICINE,AIIMS-All India,OBC
2,314,Madhya Pradesh,"AIIMS, Bhopal",OBG,AIIMS-All India,UR
2,315,Chhattisgarh,"AIIMS, Raipur",GENERAL MEDICINE,AIIMS-All India,OBC
2,316,Rajasthan,"AIIMS, Jodhpur",RADIOTHERAPY & ONCOLOGY 6 YRS,AIIMS-All India,UR
2,317,Uttarakhand,"AIIMS, Rishikesh",ORTHOPAEDICS,AIIMS-All India,EWS
2,318,Andhra Pradesh,"AIIMS, Mangalagiri",OBG,AIIMS-All India,UR
2,324,Pondicherry,"JIPMER, Puducherry",GENERAL SURGERY,JIMPER-Inst. Pref,INST (JIPMER)
2,329,Pondicherry,"JIPMER, Puducherry",GENERAL SURGERY,JIPMER-All India,EWS
2,330,Pondicherry,"JIPMER, Puducherry",PAEDIATRICS,JIPMER-All India,EWS
2,331,Andhra Pradesh,"AIIMS, Mangalagiri",PAEDIATRICS,AIIMS-All India,UR
2,336,Rajasthan,"AIIMS, Jodhpur",PAEDIATRICS,AIIMS-Inst. Pref,UR-AIIMS-IP
2,341,Karnataka,"NIMHANS, Bangalore",PSYCHIATRY,NIMHANS-All India,UR
2,342,Chhattisgarh,"AIIMS, Raipur",NUCLEAR MEDICINE,AIIMS-All India,OBC
2,343,Madhya Pradesh,"AIIMS, Bhopal",GENERAL MEDICINE,AIIMS-All India,EWS
2,344,Maharashtra,"AIIMS, Nagpur",DERMATOLOGY,AIIMS-All India,OBC
2,347,Himachal Pradesh,"AIIMS, Bilaspur, Himachal",PAEDIATRICS,AIIMS-All India,UR
2,354,Delhi,"AIIMS, Delhi",OBG,AIIMS-All India,OBC
2,356,Pondicherry,"JIPMER, Puducherry",PAEDIATRICS,JIPMER-All India,OBC
2,358,Pondicherry,"JIPMER, Puducherry",OBG,JIPMER-All India,OBC
2,363,Chhattisgarh,"AIIMS, Raipur",GENERAL MEDICINE,AIIMS-All India,EWS
2,366,Chandigarh,"PGIMER, Chandigarh",GENERAL MEDICINE,PGIMER-All India,SC
2,368,Punjab,"AIIMS, Bathinda",GENERAL MEDICINE,AIIMS-All India,OBC
2,372,Chandigarh,"PGIMER, Chandigarh",GENERAL SURGERY,PGIMER-All India,OBC
2,373,Rajasthan,"AIIMS, Jodhpur",OPHTHALMOLOGY,AIIMS-All India,UR
2,374,Uttar Pradesh,"AIIMS, Gorakhpur",PAEDIATRICS,AIIMS-All India,UR
2,376,Pondicherry,"JIPMER, Puducherry",PAEDIATRICS,JIPMER-All India,EWS
2,377,Gujarat,"AIIMS, Rajkot",GENERAL MEDICINE,AIIMS-All India,OBC
2,379,Jammu and Kashmir,"AIIMS, Jammu",RADIO DIAGNOSIS,AIIMS-All India,OBC
2,385,Rajasthan,"AIIMS, Jodhpur",NUCLEAR MEDICINE,AIIMS-Inst. Pref,UR-AIIMS-IP
2,386,Pondicherry,"JIPMER, Puducherry",EMERGENCY MEDICINE,JIPMER-All India,UR
2,388,Chandigarh,"PGIMER, Chandigarh",PAEDIATRICS,PGIMER-All India,OBC
2,389,Odisha,"AIIMS, Bhubaneswar",EMERGENCY MEDICINE,AIIMS-All India,UR
2,392,West Bengal,"AIIMS, Kalyani",ORTHOPAEDICS,AIIMS-All India,UR
2,398,Pondicherry,"JIPMER, Puducherry",RADIATION ONCOLOGY,JIPMER-All India,UR
2,399,Odisha,"AIIMS, Bhubaneswar",PAEDIATRICS,AIIMS-All India,EWS
2,402,Rajasthan,"AIIMS, Jodhpur",RADIOTHERAPY & ONCOLOGY 6 YRS,AIIMS-All India,UR
2,403,Maharashtra,"AIIMS, Nagpur",GENERAL MEDICINE,AIIMS-Inst. Pref,UR-AIIMS-IP
2,405,Maharashtra,"AIIMS, Nagpur",OBG,AIIMS-All India,UR
2,406,Himachal Pradesh,"AIIMS, Bilaspur, Himachal",GENERAL MEDICINE,AIIMS-All India,OBC
2,411,Maharashtra,"AIIMS, Nagpur",OBG,AIIMS-All India,UR
2,413,Andhra Pradesh,"AIIMS, Mangalagiri",DERMATOLOGY,AIIMS-All India,OBC
2,414,Pondicherry,"JIPMER, Puducherry",PSYCHIATRY,JIPMER-All India,UR-PwD
2,415,Maharashtra,"AIIMS, Nagpur",NEUROSURGERY 6 YRS,AIIMS-All India,UR
2,419,Delhi,"AIIMS, Delhi",OPHTHALMOLOGY,AIIMS-All India,EWS
2,423,Maharashtra,"AIIMS, Nagpur",PAEDIATRICS,AIIMS-All India,EWS
2,426,Maharashtra,"AIIMS, Nagpur",OBG,AIIMS-All India,UR
2,427,Chandigarh,"PGIMER, Chandigarh",ANAESTHESIOLOGY,PGIMER-All India,UR
2,438,Rajasthan,"AIIMS, Jodhpur",PAEDIATRICS,AIIMS-All India,OBC
2,440,Rajasthan,"AIIMS, Jodhpur",PSYCHIATRY,AIIMS-All India,UR
2,441,Punjab,"AIIMS, Bathinda",GENERAL SURGERY,AIIMS-All India,UR
2,448,Uttar Pradesh,"AIIMS, Gorakhpur",OBG,AIIMS-All India,UR
2,453,Madhya Pradesh,"AIIMS, Bhopal",PAEDIATRICS,AIIMS-All India,EWS
2,457,Telangana,"AIIMS, Bibinagar",DERMATOLOGY,AIIMS-All India,EWS
2,459,Jharkhand,"AIIMS, Deoghar",GENERAL MEDICINE,AIIMS-All India,OBC
2,464,Pondicherry,"JIPMER, Puducherry",GENERAL SURGERY,JIPMER-All India,OBC
2,465,Gujarat,"AIIMS, Rajkot",OBG,AIIMS-All India,UR
2,471,Bihar,"AIIMS, Patna",ORTHOPAEDICS,AIIMS-All India,UR
2,472,Telangana,"AIIMS, Bibinagar",DERMATOLOGY,AIIMS-All India,OBC
2,475,Pondicherry,"JIPMER, Puducherry",OBG,JIPMER-All India,OBC
2,476,Uttar Pradesh,"AIIMS, Gorakhpur",ORTHOPAEDICS,AIIMS-All India,UR
2,478,Delhi,"AIIMS, Delhi",GERIATRICS,AIIMS-All India,UR
2,484,Maharashtra,"AIIMS, Nagpur",NEUROSURGERY 6 YRS,AIIMS-All India,UR
2,489,Andhra Pradesh,"AIIMS, Mangalagiri",EMERGENCY MEDICINE,AIIMS-All India,UR
2,496,Andhra Pradesh,"AIIMS, Mangalagiri",NUCLEAR MEDICINE,AIIMS-Inst. Pref,UR-AIIMS-IP
2,507,Odisha,"AIIMS, Bhubaneswar",OBG,AIIMS-Inst. Pref,UR-AIIMS-IP
2,513,Rajasthan,"AIIMS, Jodhpur",PAEDIATRICS,AIIMS-All India,OBC
2,515,Chandigarh,"PGIMER, Chandigarh",GENERAL MEDICINE,PGIMER-Rural,UR-RA
2,518,Jammu and Kashmir,"AIIMS, Jammu",ORTHOPAEDICS,AIIMS-All India,UR
2,520,Gujarat,"AIIMS, Rajkot",ORTHOPAEDICS,AIIMS-All India,UR
2,522,Andhra Pradesh,"AIIMS, Mangalagiri",RADIATION ONCOLOGY,AIIMS-All India,UR
2,524,Rajasthan,"AIIMS, Jodhpur",PAEDIATRICS,AIIMS-All India,OBC
2,544,Chandigarh,"PGIMER, Chandigarh",ANAESTHESIOLOGY,PGIMER-All India,UR
2,553,Pondicherry,"JIPMER, Puducherry",OPHTHALMOLOGY,JIMPER-Inst. Pref,INST (JIPMER)
2,554,Chandigarh,"PGIMER, Chandigarh",ENT,PGIMER-All India,UR
2,555,Karnataka,"NIMHANS, Bangalore",PSYCHIATRY,NIMHANS-NE Domicile,UR-North East Domicile
2,560,Madhya Pradesh,"AIIMS, Bhopal",PAEDIATRICS,AIIMS-All India,OBC
2,564,Jharkhand,"AIIMS, Deoghar",GENERAL SURGERY,AIIMS-All India,UR
2,565,Gujarat,"AIIMS, Rajkot",GENERAL SURGERY,AIIMS-All India,UR
2,567,Delhi,"AIIMS, Delhi",NEUROSURGERY 6 YRS,AIIMS-Inst. Pref,UR-AIIMS-IP
2,569,Chandigarh,"PGIMER, Chandigarh",PSYCHIATRY,PGIMER-All India,UR
2,573,Pondicherry,"JIPMER, Puducherry",ENT,JIPMER-All India,OBC
2,574,Bihar,"AIIMS, Patna",PAEDIATRICS,AIIMS-All India,EWS
2,580,Uttarakhand,"AIIMS, Rishikesh",EMERGENCY MEDICINE,AIIMS-All India,UR
2,581,Delhi,"AIIMS, Delhi",OPHTHALMOLOGY,AIIMS-All India,OBC
2,584,Gujarat,"AIIMS, Rajkot",OBG,AIIMS-All India,UR
2,588,Delhi,"AIIMS, Delhi",OPHTHALMOLOGY,AIIMS-All India,OBC
2,589,Odisha,"AIIMS, Bhubaneswar",PAEDIATRICS,AIIMS-All India,OBC
2,590,Jharkhand,"AIIMS, Deoghar",GENERAL SURGERY,AIIMS-All India,UR
2,591,Jammu and Kashmir,"AIIMS, Jammu",GENERAL MEDICINE,AIIMS-All India,OBC
2,592,Jammu and Kashmir,"AIIMS, Jammu",ORTHOPAEDICS,AIIMS-All India,UR
2,594,Himachal Pradesh,"AIIMS, Bilaspur, Himachal",GENERAL SURGERY,AIIMS-All India,UR
2,606,Jammu and Kashmir,"AIIMS, Jammu",GENERAL SURGERY,AIIMS-All India,UR
2,608,Uttarakhand,"AIIMS, Rishikesh",CARDIO THORACIC AND VASCULAR SURGERY 6 YRS,AIIMS-All India,UR
2,609,Maharashtra,"AIIMS, Nagpur",ENT,AIIMS-All India,UR
2,613,Jammu and Kashmir,"AIIMS, Jammu",DERMATOLOGY,AIIMS-All India,OBC
2,619,Chandigarh,"PGIMER, Chandigarh",OPHTHALMOLOGY,PGIMER-All India,OBC
2,623,Chandigarh,"PGIMER, Chandigarh",ANAESTHESIOLOGY,PGIMER-All India,UR
2,635,Chandigarh,"PGIMER, Chandigarh",GENERAL MEDICINE,PGIMER-All India,ST
2,636,Madhya Pradesh,"AIIMS, Bhopal",OPHTHALMOLOGY,AIIMS-All India,UR
2,639,Delhi,"AIIMS, Delhi",OBG,AIIMS-All India,OBC
2,640,Jammu and Kashmir,"AIIMS, Jammu",GENERAL SURGERY,AIIMS-All India,UR
2,645,Maharashtra,"AIIMS, Nagpur",RADIATION ONCOLOGY,AIIMS-All India,UR
2,649,Chandigarh,"PGIMER, Chandigarh",RADIATION ONCOLOGY,PGIMER-All India,OBC
2,650,Maharashtra,"AIIMS, Nagpur",PAEDIATRICS,AIIMS-All India,OBC
2,657,Andhra Pradesh,"AIIMS, Mangalagiri",PAEDIATRIC SURGERY 6 YRS,AIIMS-All India,UR
2,659,Chhattisgarh,"AIIMS, Raipur",PAEDIATRICS,AIIMS-All India,OBC
2,660,Pondicherry,"JIPMER, Puducherry",EMERGENCY MEDICINE,JIPMER-All India,OBC
2,670,Rajasthan,"AIIMS, Jodhpur",GENERAL SURGERY,AIIMS-All India,OBC
2,674,Rajasthan,"AIIMS, Jodhpur",DERMATOLOGY,AIIMS-All India,SC
2,676,Andhra Pradesh,"AIIMS, Mangalagiri",PAEDIATRICS,AIIMS-All India,OBC
2,682,Rajasthan,"AIIMS, Jodhpur",PAEDIATRICS,AIIMS-Inst. Pref,UR-AIIMS-IP
2,685,Rajasthan,"AIIMS, Jodhpur",GENERAL SURGERY,AIIMS-All India,EWS
2,687,Maharashtra,"AIIMS, Nagpur",OPHTHALMOLOGY,AIIMS-All India,UR
2,689,Pondicherry,"JIPMER, Puducherry",OBG,JIPMER-All India,OBC
2,694,Jharkhand,"AIIMS, Deoghar",ORTHOPAEDICS,AIIMS-All India,UR
2,700,Pondicherry,"JIPMER, Puducherry",OBG,JIPMER-All India,EWS-PwD
2,709,Uttar Pradesh,"AIIMS, Gorakhpur",DERMATOLOGY,AIIMS-All India,EWS
2,717,Pondicherry,"JIPMER, Puducherry",TBRD,JIMPER-Inst. Pref,INST (JIPMER)
2,719,Jammu and Kashmir,"AIIMS, Jammu",OBG,AIIMS-All India,UR
2,722,Rajasthan,"AIIMS, Jodhpur",ORTHOPAEDICS,AIIMS-Inst. Pref,UR-AIIMS-IP
2,724,Chandigarh,"PGIMER, Chandigarh",PSYCHIATRY,PGIMER-All India,UR
2,726,Rajasthan,"AIIMS, Jodhpur",GENERAL SURGERY,AIIMS-Inst. Pref,UR-AIIMS-IP
2,745,Chandigarh,"PGIMER, Chandigarh",ANAESTHESIOLOGY,PGIMER-All India,UR
2,746,Rajasthan,"AIIMS, Jodhpur",RADIO DIAGNOSIS,AIIMS-All India,ST
2,756,Delhi,"AIIMS, Delhi",HOSPITAL ADMINISTRATION,AIIMS-All India,UR
2,763,Chandigarh,"PGIMER, Chandigarh",ANAESTHESIOLOGY,PGIMER-All India,UR
2,764,Karnataka,"NIMHANS, Bangalore",PSYCHIATRY,NIMHANS-KAR Domicile,UR-Karnataka Domicile
2,766,Odisha,"AIIMS, Bhubaneswar",GENERAL MEDICINE,AIIMS-All India,SC
2,767,Jammu and Kashmir,"AIIMS, Jammu",OBG,AIIMS-All India,UR
2,771,Punjab,"AIIMS, Bathinda",PAEDIATRICS,AIIMS-All India,OBC
2,772,Uttar Pradesh,"AIIMS, Rai Bareli",ENT,AIIMS-All India,UR
2,774,Pondicherry,"JIPMER, Puducherry",PATHOLOGY,JIPMER-All India,UR
2,776,Bihar,"AIIMS, Patna",OBG,AIIMS-All India,OBC
2,777,Jammu and Kashmir,"AIIMS, Jammu",OBG,AIIMS-All India,UR
2,785,Rajasthan,"AIIMS, Jodhpur",OBG,AIIMS-All India,OBC
2,789,Uttarakhand,"AIIMS, Rishikesh",OBG,AIIMS-Inst. Pref,UR-AIIMS-IP
2,794,Pondicherry,"JIPMER, Puducherry",GENERAL SURGERY,JIPMER-All India,EWS
2,800,Rajasthan,"AIIMS, Jodhpur",ANAESTHESIOLOGY,AIIMS-All India,UR
2,804,Chandigarh,"PGIMER, Chandigarh",ANAESTHESIOLOGY,PGIMER-All India,UR
2,811,Uttarakhand,"AIIMS, Rishikesh",OBG,AIIMS-All India,OBC
2,812,Chandigarh,"PGIMER, Chandigarh",ANAESTHESIOLOGY,PGIMER-All India,UR
2,814,Chandigarh,"PGIMER, Chandigarh",OBG,PGIMER-All India,OBC
2,816,Uttarakhand,"AIIMS, Rishikesh",OBG,AIIMS-All India,OBC
2,817,Maharashtra,"AIIMS, Nagpur",OBG,AIIMS-All India,OBC
2,819,Jharkhand,"AIIMS, Deoghar",ENT,AIIMS-All India,UR
2,824,Chhattisgarh,"AIIMS, Raipur",PSYCHIATRY,AIIMS-All India,UR
2,827,Odisha,"AIIMS, Bhubaneswar",RADIO DIAGNOSIS,AIIMS-All India,SC
2,829,Madhya Pradesh,"AIIMS, Bhopal",PSYCHIATRY,AIIMS-All India,UR
2,830,Jharkhand,"AIIMS, Deoghar",PAEDIATRICS,AIIMS-All India,OBC
2,831,Pondicherry,"JIPMER, Puducherry",RADIATION ONCOLOGY,JIMPER-Inst. Pref,INST (JIPMER)
2,839,Chandigarh,"PGIMER, Chandigarh",GENERAL MEDICINE,PGIMER-All India,SC
2,840,Bihar,"AIIMS, Patna",ORTHOPAEDICS,AIIMS-All India,EWS
2,844,Rajasthan,"AIIMS, Jodhpur",GENERAL MEDICINE,AIIMS-All India,SC
2,845,Chandigarh,"PGIMER, Chandigarh",GENERAL SURGERY,PGIMER-All India,OBC
2,848,Andhra Pradesh,"AIIMS, Mangalagiri",OPHTHALMOLOGY,AIIMS-All India,OBC
2,855,Rajasthan,"AIIMS, Jodhpur",ANAESTHESIOLOGY,AIIMS-All India,UR
2,857,Karnataka,"NIMHANS, Bangalore",PSYCHIATRY,NIMHANS-All India,OBC
2,858,Madhya Pradesh,"AIIMS, Bhopal",GERIATRICS,AIIMS-All India,UR
2,862,Bihar,"AIIMS, Patna",PAEDIATRIC SURGERY 6 YRS,AIIMS-All India,UR
2,865,Assam,"AIIMS, Guwahati",PAEDIATRICS,AIIMS-All India,OBC
2,868,Maharashtra,"AIIMS, Nagpur",ANAESTHESIOLOGY,AIIMS-All India,UR
2,874,Chhattisgarh,"AIIMS, Raipur",ANAESTHESIOLOGY,AIIMS-All India,UR
2,876,Uttar Pradesh,"AIIMS, Gorakhpur",OPHTHALMOLOGY,AIIMS-All India,UR
2,880,Pondicherry,"JIPMER, Puducherry",GENERAL SURGERY,JIMPER-Inst. Pref,INST (JIPMER)
2,885,Madhya Pradesh,"AIIMS, Bhopal",PAEDIATRIC SURGERY 6 YRS,AIIMS-Inst. Pref,UR-AIIMS-IP
2,889,Madhya Pradesh,"AIIMS, Bhopal",EMERGENCY MEDICINE,AIIMS-All India,UR
2,892,Odisha,"AIIMS, Bhubaneswar",OBG,AIIMS-All India,OBC
2,895,Rajasthan,"AIIMS, Jodhpur",GENERAL SURGERY,AIIMS-Inst. Pref,UR-AIIMS-IP
2,909,Punjab,"AIIMS, Bathinda",CARDIO THORACIC AND VASCULAR SURGERY 6 YRS,AIIMS-All India,UR
2,910,Madhya Pradesh,"AIIMS, Bhopal",OBG,AIIMS-All India,OBC
2,912,Assam,"AIIMS, Guwahati",ENT,AIIMS-All India,UR
2,916,Gujarat,"AIIMS, Rajkot",OBG,AIIMS-All India,OBC
2,930,Chhattisgarh,"AIIMS, Raipur",EMERGENCY MEDICINE,AIIMS-All India,UR
2,934,Jammu and Kashmir,"AIIMS, Jammu",ANAESTHESIOLOGY,AIIMS-All India,UR
2,935,Karnataka,"NIMHANS, Bangalore",PSYCHIATRY,NIMHANS-All India,EWS
2,936,Assam,"AIIMS, Guwahati",EMERGENCY MEDICINE,AIIMS-All India,UR
2,945,Gujarat,"AIIMS, Rajkot",OPHTHALMOLOGY,AIIMS-All India,UR
2,950,Delhi,"AIIMS, Delhi",OBG,AIIMS-All India,EWS
2,958,Pondicherry,"JIPMER, Puducherry",RADIO DIAGNOSIS,JIPMER-All India,SC
2,963,Jammu and Kashmir,"AIIMS, Jammu",PSYCHIATRY,AIIMS-All India,UR
2,970,Bihar,"AIIMS, Patna",GENERAL SURGERY,AIIMS-All India,OBC
2,973,Delhi,"AIIMS, Delhi",ORTHOPAEDICS,AIIMS-All India,OBC
2,979,Maharashtra,"AIIMS, Nagpur",ANAESTHESIOLOGY,AIIMS-All India,UR
2,983,Andhra Pradesh,"AIIMS, Mangalagiri",EMERGENCY MEDICINE,AIIMS-All India,OBC
2,985,Uttar Pradesh,"AIIMS, Gorakhpur",OBG,AIIMS-All India,OBC
2,986,Maharashtra,"AIIMS, Nagpur",OPHTHALMOLOGY,AIIMS-All India,OBC
2,988,Pondicherry,"JIPMER, Puducherry",EMERGENCY MEDICINE,JIPMER-All India,OBC
2,989,Madhya Pradesh,"AIIMS, Bhopal",ANAESTHESIOLOGY,AIIMS-All India,OBC
2,991,Maharashtra,"AIIMS, Nagpur",ORTHOPAEDICS,AIIMS-All India,OBC
2,992,Telangana,"AIIMS, Bibinagar",PAEDIATRIC SURGERY 6 YRS,AIIMS-All India,UR
2,1000,Gujarat,"AIIMS, Rajkot",ANAESTHESIOLOGY,AIIMS-All India,UR
2,1006,Maharashtra,"AIIMS, Nagpur",OBG,AIIMS-All India,EWS
2,1011,Pondicherry,"JIPMER, Puducherry",RADIATION ONCOLOGY,JIPMER-All India,OBC
2,1016,Delhi,"AIIMS, Delhi",ANAESTHESIOLOGY,AIIMS-All India,OBC
2,1020,Odisha,"AIIMS, Bhubaneswar",OPHTHALMOLOGY,AIIMS-All India,OBC
2,1021,Uttarakhand,"AIIMS, Rishikesh",GENERAL SURGERY,AIIMS-All India,OBC
2,1037,Delhi,"AIIMS, Delhi",PSYCHIATRY,AIIMS-All India,OBC
2,1040,Pondicherry,"JIPMER, Puducherry",ANAESTHESIOLOGY,JIPMER-All India,OBC
2,1045,Uttar Pradesh,"AIIMS, Gorakhpur",ANAESTHESIOLOGY,AIIMS-All India,UR
2,1050,Assam,"AIIMS, Guwahati",OPHTHALMOLOGY,AIIMS-All India,UR
2,1055,Chandigarh,"PGIMER, Chandigarh",ORTHOPAEDICS,PGIMER-All India,OBC
2,1065,Jammu and Kashmir,"AIIMS, Jammu",PAEDIATRIC SURGERY 6 YRS,AIIMS-All India,UR
2,1071,Jammu and Kashmir,"AIIMS, Jammu",OPHTHALMOLOGY,AIIMS-All India,UR
2,1073,Assam,"AIIMS, Guwahati",ANAESTHESIOLOGY,AIIMS-All India,UR
2,1074,Chandigarh,"PGIMER, Chandigarh",PAEDIATRICS,PGIMER-Rural,UR-RA
2,1075,Delhi,"AIIMS, Delhi",GERIATRICS,AIIMS-All India,OBC
2,1085,Bihar,"AIIMS, Patna",OBG,AIIMS-All India,EWS
2,1098,Chandigarh,"PGIMER, Chandigarh",ANAESTHESIOLOGY,PGIMER-All India,OBC
2,1102,Uttarakhand,"AIIMS, Rishikesh",GENERAL MEDICINE,AIIMS-All India,SC
2,1103,Gujarat,"AIIMS, Rajkot",ANAESTHESIOLOGY,AIIMS-All India,UR
2,1105,Telangana,"AIIMS, Bibinagar",RADIATION ONCOLOGY,AIIMS-All India,UR
2,1107,Assam,"AIIMS, Guwahati",ENT,AIIMS-All India,UR
2,1115,Gujarat,"AIIMS, Rajkot",RADIATION ONCOLOGY,AIIMS-All India,UR
2,1116,Jammu and Kashmir,"AIIMS, Jammu",PAEDIATRIC SURGERY 6 YRS,AIIMS-All India,UR
2,1117,Uttar Pradesh,"AIIMS, Gorakhpur",OBG,AIIMS-All India,OBC
2,1131,Telangana,"AIIMS, Bibinagar",RADIATION ONCOLOGY,AIIMS-All India,UR
2,1139,Odisha,"AIIMS, Bhubaneswar",ENT,AIIMS-Inst. Pref,UR-AIIMS-IP
2,1145,Gujarat,"AIIMS, Rajkot",GENERAL SURGERY,AIIMS-All India,OBC
2,1146,Chhattisgarh,"AIIMS, Raipur",RADIO DIAGNOSIS,AIIMS-All India,SC
2,1149,Delhi,"AIIMS, Delhi",PHYSIOLOGY,AIIMS-All India,OBC
2,1150,Delhi,"AIIMS, Delhi",PATHOLOGY,AIIMS-All India,UR
2,1152,Himachal Pradesh,"AIIMS, Bilaspur, Himachal",ANAESTHESIOLOGY,AIIMS-All India,UR
2,1153,Uttarakhand,"AIIMS, Rishikesh",PSYCHIATRY,AIIMS-Inst. Pref,UR-AIIMS-IP
2,1154,Assam,"AIIMS, Guwahati",ANAESTHESIOLOGY,AIIMS-All India,UR
2,1157,Odisha,"AIIMS, Bhubaneswar",ENT,AIIMS-All India,OBC
2,1160,Rajasthan,"AIIMS, Jodhpur",ANAESTHESIOLOGY,AIIMS-All India,OBC
2,1164,Madhya Pradesh,"AIIMS, Bhopal",OPHTHALMOLOGY,AIIMS-All India,OBC
2,1177,Chandigarh,"PGIMER, Chandigarh",PAEDIATRICS,PGIMER-All India,SC
2,1180,Chandigarh,"PGIMER, Chandigarh",PSYCHIATRY,PGIMER-All India,OBC
2,1185,Jammu and Kashmir,"AIIMS, Jammu",ANAESTHESIOLOGY,AIIMS-All India,UR
2,1197,Jammu and Kashmir,"AIIMS, Jammu",OPHTHALMOLOGY,AIIMS-All India,UR
2,1200,Rajasthan,"AIIMS, Jodhpur",ANAESTHESIOLOGY,AIIMS-All India,EWS
2,1201,Pondicherry,"JIPMER, Puducherry",ANAESTHESIOLOGY,JIMPER-Inst. Pref,INST (JIPMER)
2,1204,Rajasthan,"AIIMS, Jodhpur",OPHTHALMOLOGY,AIIMS-All India,EWS
2,1208,Madhya Pradesh,"AIIMS, Bhopal",EMERGENCY MEDICINE,AIIMS-All India,OBC
2,1210,Chandigarh,"PGIMER, Chandigarh",PATHOLOGY,PGIMER-All India,UR
2,1215,Odisha,"AIIMS, Bhubaneswar",ANAESTHESIOLOGY,AIIMS-All India,OBC
2,1218,Uttar Pradesh,"AIIMS, Gorakhpur",ORTHOPAEDICS,AIIMS-All India,OBC
2,1225,Gujarat,"AIIMS, Rajkot",OBG,AIIMS-All India,EWS
2,1226,Andhra Pradesh,"AIIMS, Mangalagiri",OBG,AIIMS-All India,EWS
2,1233,Karnataka,"NIMHANS, Bangalore",PMR,NIMHANS-All India,UR
2,1243,Chhattisgarh,"AIIMS, Raipur",RADIATION ONCOLOGY,AIIMS-All India,OBC
2,1245,Odisha,"AIIMS, Bhubaneswar",ANAESTHESIOLOGY,AIIMS-Inst. Pref,UR-AIIMS-IP
2,1254,Rajasthan,"AIIMS, Jodhpur",ANAESTHESIOLOGY,AIIMS-All India,OBC
2,1255,Jammu and Kashmir,"AIIMS, Jammu",ANAESTHESIOLOGY,AIIMS-All India,UR
2,1263,Chandigarh,"PGIMER, Chandigarh",PATHOLOGY,PGIMER-All India,UR
2,1274,Chhattisgarh,"AIIMS, Raipur",ENT,AIIMS-All India,OBC
2,1289,Andhra Pradesh,"AIIMS, Mangalagiri",GENERAL SURGERY,AIIMS-All India,EWS
2,1290,Chandigarh,"PGIMER, Chandigarh",PATHOLOGY,PGIMER-All India,UR
2,1309,Maharashtra,"AIIMS, Nagpur",GENERAL SURGERY,AIIMS-All India,OBC
2,1318,Chhattisgarh,"AIIMS, Raipur",GENERAL MEDICINE,AIIMS-All India,SC
2,1335,Chandigarh,"PGIMER, Chandigarh",ENT,PGIMER-All India,OBC
2,1343,Chhattisgarh,"AIIMS, Raipur",EMERGENCY MEDICINE,AIIMS-All India,OBC
2,1354,Madhya Pradesh,"AIIMS, Bhopal",ENT,AIIMS-Inst. Pref,UR-AIIMS-IP
2,1358,Andhra Pradesh,"AIIMS, Mangalagiri",PATHOLOGY,AIIMS-All India,UR
2,1365,Jharkhand,"AIIMS, Deoghar",OBG,AIIMS-All India,OBC
2,1368,Maharashtra,"AIIMS, Nagpur",GENERAL SURGERY,AIIMS-Inst. Pref,UR-AIIMS-IP
2,1370,Uttar Pradesh,"AIIMS, Rai Bareli",GENERAL SURGERY,AIIMS-All India,OBC
2,1382,Maharashtra,"AIIMS, Nagpur",EMERGENCY MEDICINE,AIIMS-All India,OBC
2,1395,Pondicherry,"JIPMER, Puducherry",PATHOLOGY,JIPMER-All India,UR
2,1396,Madhya Pradesh,"AIIMS, Bhopal",RADIO DIAGNOSIS,AIIMS-All India,SC
2,1397,Maharashtra,"AIIMS, Nagpur",PATHOLOGY,AIIMS-All India,UR
2,1409,Andhra Pradesh,"AIIMS, Mangalagiri",ENT,AIIMS-All India,OBC
2,1414,Delhi,"AIIMS, Delhi",PATHOLOGY,AIIMS-All India,OBC
2,1427,Delhi,"AIIMS, Delhi",OBG,AIIMS-Inst. Pref,UR-AIIMS-IP
2,1431,Rajasthan,"AIIMS, Jodhpur",ANAESTHESIOLOGY,AIIMS-All India,OBC
2,1435,Maharashtra,"AIIMS, Nagpur",EMERGENCY MEDICINE,AIIMS-All India,OBC
2,1443,Chandigarh,"PGIMER, Chandigarh",COMMUNITY MEDICINE,PGIMER-All India,SC
2,1452,Uttar Pradesh,"AIIMS, Gorakhpur",EMERGENCY MEDICINE,AIIMS-All India,OBC
2,1462,Maharashtra,"AIIMS, Nagpur",ENT,AIIMS-All India,OBC
2,1476,Chhattisgarh,"AIIMS, Raipur",ANAESTHESIOLOGY,AIIMS-All India,OBC
2,1484,Himachal Pradesh,"AIIMS, Bilaspur, Himachal",OBG,AIIMS-All India,OBC
2,1497,Chandigarh,"PGIMER, Chandigarh",IHBT,PGIMER-All India,UR
2,1519,Madhya Pradesh,"AIIMS, Bhopal",PATHOLOGY,AIIMS-All India,UR
2,1539,Assam,"AIIMS, Guwahati",OBG,AIIMS-All India,EWS
2,1544,Odisha,"AIIMS, Bhubaneswar",ORTHOPAEDICS,AIIMS-All India,EWS
2,1551,Jammu and Kashmir,"AIIMS, Jammu",OBG,AIIMS-All India,OBC
2,1588,Uttarakhand,"AIIMS, Rishikesh",ANAESTHESIOLOGY,AIIMS-All India,OBC
2,1609,Pondicherry,"JIPMER, Puducherry",FORENSIC MEDICINE,JIPMER-All India,UR
2,1610,Maharashtra,"AIIMS, Nagpur",ANAESTHESIOLOGY,AIIMS-All India,OBC
2,1615,Gujarat,"AIIMS, Rajkot",FAMILY MEDICINE,AIIMS-All India,UR
2,1620,Odisha,"AIIMS, Bhubaneswar",PSYCHIATRY,AIIMS-All India,OBC
2,1626,Delhi,"AIIMS, Delhi",PALLIATIVE MEDICINE,AIIMS-All India,OBC
2,1627,Gujarat,"AIIMS, Rajkot",OPHTHALMOLOGY,AIIMS-All India,OBC
2,1628,Bihar,"AIIMS, Patna",RADIO DIAGNOSIS,AIIMS-All India,SC
2,1642,Gujarat,"AIIMS, Rajkot",RADIO DIAGNOSIS,AIIMS-All India,SC
2,1662,Pondicherry,"JIPMER, Puducherry",ENT,JIMPER-Inst. Pref,INST (JIPMER)
2,1664,Pondicherry,"JIPMER, Puducherry",RADIATION ONCOLOGY,JIMPER-Inst. Pref,INST (JIPMER)
2,1668,Bihar,"AIIMS, Patna",ANAESTHESIOLOGY,AIIMS-All India,OBC
2,1701,Rajasthan,"AIIMS, Jodhpur",PATHOLOGY,AIIMS-All India,UR
2,1715,Odisha,"AIIMS, Bhubaneswar",RADIATION ONCOLOGY,AIIMS-All India,OBC
2,1729,Gujarat,"AIIMS, Rajkot",ORTHOPAEDICS,AIIMS-All India,OBC
2,1753,Maharashtra,"AIIMS, Nagpur",GENERAL SURGERY,AIIMS-Inst. Pref,UR-AIIMS-IP
2,1754,Assam,"AIIMS, Guwahati",ORTHOPAEDICS,AIIMS-All India,OBC
2,1757,Karnataka,"NIMHANS, Bangalore",PMR,NIMHANS-All India,UR
2,1767,Chhattisgarh,"AIIMS, Raipur",ANAESTHESIOLOGY,AIIMS-All India,OBC
2,1768,Rajasthan,"AIIMS, Jodhpur",IHBT,AIIMS-All India,UR
2,1769,Maharashtra,"AIIMS, Nagpur",DERMATOLOGY,AIIMS-All India,SC
2,1774,Rajasthan,"AIIMS, Jodhpur",PATHOLOGY,AIIMS-All India,UR
2,1776,Chandigarh,"PGIMER, Chandigarh",PATHOLOGY,PGIMER-All India,OBC
2,1781,Rajasthan,"AIIMS, Jodhpur",PSYCHIATRY,AIIMS-All India,OBC
2,1784,Maharashtra,"AIIMS, Nagpur",GENERAL MEDICINE,AIIMS-All India,SC
2,1785,Pondicherry,"JIPMER, Puducherry",PHARMACOLOGY,JIPMER-All India,OBC
2,1801,Maharashtra,"AIIMS, Nagpur",PHARMACOLOGY,AIIMS-All India,UR
2,1808,Chandigarh,"PGIMER, Chandigarh",PAEDIATRICS,PGIMER-All India,SC
2,1817,Odisha,"AIIMS, Bhubaneswar",PATHOLOGY,AIIMS-All India,UR
2,1821,Gujarat,"AIIMS, Rajkot",ORTHOPAEDICS,AIIMS-All India,EWS
2,1825,Bihar,"AIIMS, Patna",GENERAL MEDICINE,AIIMS-All India,SC
2,1837,Jammu and Kashmir,"AIIMS, Jammu",GENERAL SURGERY,AIIMS-All India,OBC
2,1852,Pondicherry,"JIPMER, Puducherry",COMMUNITY MEDICINE,JIMPER-Inst. Pref,INST (JIPMER)
2,1866,Bihar,"AIIMS, Patna",OBG,AIIMS-Inst. Pref,UR-AIIMS-IP
2,1868,Bihar,"AIIMS, Patna",ANAESTHESIOLOGY,AIIMS-All India,OBC
2,1869,Maharashtra,"AIIMS, Nagpur",RADIATION ONCOLOGY,AIIMS-All India,OBC
2,1894,Odisha,"AIIMS, Bhubaneswar",EMERGENCY MEDICINE,AIIMS-All India,EWS
2,1895,Pondicherry,"JIPMER, Puducherry",IHBT,JIPMER-All India,OBC
2,1907,Himachal Pradesh,"AIIMS, Bilaspur, Himachal",ORTHOPAEDICS,AIIMS-All India,OBC
2,1965,Pondicherry,"JIPMER, Puducherry",EMERGENCY MEDICINE,JIPMER-All India,EWS
2,1966,Jharkhand,"AIIMS, Deoghar",GENERAL SURGERY,AIIMS-All India,OBC
2,1974,Pondicherry,"JIPMER, Puducherry",DERMATOLOGY,JIPMER-All India,SC
2,1980,Uttarakhand,"AIIMS, Rishikesh",IHBT,AIIMS-All India,UR
2,1984,Rajasthan,"AIIMS, Jodhpur",PAEDIATRICS,AIIMS-All India,SC
2,1985,Bihar,"AIIMS, Patna",RADIATION ONCOLOGY,AIIMS-All India,OBC
2,2008,Delhi,"AIIMS, Delhi",ANAESTHESIOLOGY,AIIMS-All India,SC
2,2019,Jharkhand,"AIIMS, Deoghar",ORTHOPAEDICS,AIIMS-All India,OBC
2,2031,Madhya Pradesh,"AIIMS, Bhopal",ANAESTHESIOLOGY,AIIMS-All India,EWS
2,2067,Chandigarh,"PGIMER, Chandigarh",IHBT,PGIMER-All India,UR
2,2076,Jammu and Kashmir,"AIIMS, Jammu",EMERGENCY MEDICINE,AIIMS-All India,OBC
2,2088,Pondicherry,"JIPMER, Puducherry",DERMATOLOGY,JIPMER-All India,SC-PwD
2,2102,Chhattisgarh,"AIIMS, Raipur",DERMATOLOGY,AIIMS-All India,SC
2,2124,Uttar Pradesh,"AIIMS, Gorakhpur",DERMATOLOGY,AIIMS-All India,SC
2,2125,Odisha,"AIIMS, Bhubaneswar",IHBT,AIIMS-All India,UR
2,2128,Chandigarh,"PGIMER, Chandigarh",PAEDIATRICS,PGIMER-All India,SC
2,2148,West Bengal,"AIIMS, Kalyani",ANAESTHESIOLOGY,AIIMS-All India,OBC
2,2155,Rajasthan,"AIIMS, Jodhpur",FAMILY MEDICINE,AIIMS-Inst. Pref,UR-AIIMS-IP
2,2163,Bihar,"AIIMS, Patna",ENT,AIIMS-All India,OBC
2,2191,Jammu and Kashmir,"AIIMS, Jammu",ORTHOPAEDICS,AIIMS-All India,OBC
2,2194,Uttar Pradesh,"AIIMS, Gorakhpur",GENERAL SURGERY,AIIMS-Inst. Pref,UR-AIIMS-IP
2,2206,Jharkhand,"AIIMS, Deoghar",ANAESTHESIOLOGY,AIIMS-All India,OBC
2,2219,Rajasthan,"AIIMS, Jodhpur",NEUROSURGERY 6 YRS,AIIMS-Inst. Pref,UR-AIIMS-IP
2,2230,Himachal Pradesh,"AIIMS, Bilaspur, Himachal",ENT,AIIMS-All India,OBC
2,2235,Rajasthan,"AIIMS, Jodhpur",NUCLEAR MEDICINE,AIIMS-All India,SC
2,2249,Madhya Pradesh,"AIIMS, Bhopal",COMMUNITY MEDICINE,AIIMS-All India,UR
2,2254,Assam,"AIIMS, Guwahati",DERMATOLOGY,AIIMS-All India,SC
2,2257,Rajasthan,"AIIMS, Jodhpur",FAMILY MEDICINE,AIIMS-All India,OBC
2,2269,Gujarat,"AIIMS, Rajkot",PATHOLOGY,AIIMS-All India,UR
2,2308,Madhya Pradesh,"AIIMS, Bhopal",ANAESTHESIOLOGY,AIIMS-Inst. Pref,UR-AIIMS-IP
2,2311,Jharkhand,"AIIMS, Deoghar",ENT,AIIMS-All India,OBC
2,2312,Chhattisgarh,"AIIMS, Raipur",ENT,AIIMS-All India,EWS
2,2316,Odisha,"AIIMS, Bhubaneswar",IHBT,AIIMS-All India,UR
2,2331,Pondicherry,"JIPMER, Puducherry",PATHOLOGY,JIPMER-All India,OBC
2,2336,Pondicherry,"JIPMER, Puducherry",ANAESTHESIOLOGY,JIPMER-All India,SC
2,2338,Himachal Pradesh,"AIIMS, Bilaspur, Himachal",PATHOLOGY,AIIMS-All India,UR
2,2409,Uttar Pradesh,"AIIMS, Gorakhpur",PATHOLOGY,AIIMS-All India,UR
2,2420,Delhi,"AIIMS, Delhi",PATHOLOGY,AIIMS-All India,EWS
2,2421,Jharkhand,"AIIMS, Deoghar",ANAESTHESIOLOGY,AIIMS-All India,OBC
2,2423,Chhattisgarh,"AIIMS, Raipur",PATHOLOGY,AIIMS-All India,UR
2,2463,Gujarat,"AIIMS, Rajkot",ANAESTHESIOLOGY,AIIMS-All India,OBC
2,2473,Himachal Pradesh,"AIIMS, Bilaspur, Himachal",ANAESTHESIOLOGY,AIIMS-All India,OBC
2,2477,Pondicherry,"JIPMER, Puducherry",COMMUNITY MEDICINE,JIPMER-All India,OBC
2,2511,Jammu and Kashmir,"AIIMS, Jammu",RADIATION ONCOLOGY,AIIMS-All India,EWS
2,2525,Jammu and Kashmir,"AIIMS, Jammu",ANAESTHESIOLOGY,AIIMS-All India,OBC
2,2529,Pondicherry,"JIPMER, Puducherry",FORENSIC MEDICINE,JIPMER-All India,OBC-PwD
2,2548,Jharkhand,"AIIMS, Deoghar",PATHOLOGY,AIIMS-All India,UR
2,2567,Delhi,"AIIMS, Delhi",GENERAL SURGERY,AIIMS-All India,SC
2,2585,Jammu and Kashmir,"AIIMS, Jammu",ENT,AIIMS-All India,EWS
2,2609,Uttar Pradesh,"AIIMS, Gorakhpur",GENERAL MEDICINE,AIIMS-All India,SC
2,2630,Gujarat,"AIIMS, Rajkot",ENT,AIIMS-All India,OBC
2,2631,Chandigarh,"PGIMER, Chandigarh",PATHOLOGY,PGIMER-All India,OBC
2,2657,Jammu and Kashmir,"AIIMS, Jammu",PATHOLOGY,AIIMS-All India,UR
2,2675,Bihar,"AIIMS, Patna",CARDIO THORACIC AND VASCULAR SURGERY 6 YRS,AIIMS-Inst. Pref,UR-AIIMS-IP
2,2681,Maharashtra,"AIIMS, Nagpur",GENERAL SURGERY,AIIMS-Inst. Pref,UR-AIIMS-IP
2,2690,Jammu and Kashmir,"AIIMS, Jammu",IHBT,AIIMS-All India,UR
2,2692,Uttar Pradesh,"AIIMS, Rai Bareli",IHBT,AIIMS-All India,UR
2,2702,Delhi,"AIIMS, Delhi",IHBT,AIIMS-All India,OBC
2,2713,West Bengal,"AIIMS, Kalyani",PATHOLOGY,AIIMS-All India,UR
2,2733,Gujarat,"AIIMS, Rajkot",OPHTHALMOLOGY,AIIMS-All India,EWS
2,2741,Jammu and Kashmir,"AIIMS, Jammu",RADIATION ONCOLOGY,AIIMS-All India,OBC
2,2811,West Bengal,"AIIMS, Kalyani",PATHOLOGY,AIIMS-All India,UR
2,2820,Pondicherry,"JIPMER, Puducherry",BIOCHEMISTRY,JIPMER-All India,OBC
2,2841,Assam,"AIIMS, Guwahati",PMR,AIIMS-All India,UR
2,2850,Jammu and Kashmir,"AIIMS, Jammu",ENT,AIIMS-All India,OBC
2,2859,Gujarat,"AIIMS, Rajkot",RADIATION ONCOLOGY,AIIMS-All India,OBC
2,2871,Pondicherry,"JIPMER, Puducherry",RADIO DIAGNOSIS,JIPMER-All India,ST
2,2884,Punjab,"AIIMS, Bathinda",PAEDIATRIC SURGERY 6 YRS,AIIMS-Inst. Pref,UR-AIIMS-IP
2,2886,Uttar Pradesh,"AIIMS, Rai Bareli",PMR,AIIMS-All India,UR
2,2888,Chhattisgarh,"AIIMS, Raipur",FAMILY MEDICINE,AIIMS-All India,OBC
2,2914,Odisha,"AIIMS, Bhubaneswar",COMMUNITY MEDICINE,AIIMS-All India,UR
2,2956,Uttar Pradesh,"AIIMS, Rai Bareli",GENERAL MEDICINE,AIIMS-All India,SC
2,2963,Chhattisgarh,"AIIMS, Raipur",IHBT,AIIMS-All India,UR
2,2990,Uttar Pradesh,"AIIMS, Gorakhpur",ENT,AIIMS-All India,EWS
2,3039,Chandigarh,"PGIMER, Chandigarh",OBG,PGIMER-All India,SC
2,3040,Uttarakhand,"AIIMS, Rishikesh",MICROBIOLOGY,AIIMS-All India,UR
2,3048,Uttarakhand,"AIIMS, Rishikesh",ANAESTHESIOLOGY,AIIMS-All India,EWS
2,3049,Bihar,"AIIMS, Patna",PAEDIATRICS,AIIMS-All India,SC
2,3060,Bihar,"AIIMS, Patna",PSYCHIATRY,AIIMS-All India,OBC
2,3093,Rajasthan,"AIIMS, Jodhpur",EMERGENCY MEDICINE,AIIMS-Inst. Pref,UR-AIIMS-IP
2,3104,Chandigarh,"PGIMER, Chandigarh",PHARMACOLOGY,PGIMER-All India,UR
2,3116,Himachal Pradesh,"AIIMS, Bilaspur, Himachal",PSYCHIATRY,AIIMS-All India,OBC
2,3124,Chhattisgarh,"AIIMS, Raipur",MICROBIOLOGY,AIIMS-All India,UR
2,3127,Maharashtra,"AIIMS, Nagpur",PAEDIATRICS,AIIMS-All India,SC
2,3161,Chandigarh,"PGIMER, Chandigarh",IHBT,PGIMER-All India,OBC
2,3166,Uttar Pradesh,"AIIMS, Rai Bareli",COMMUNITY MEDICINE,AIIMS-All India,UR
2,3167,Odisha,"AIIMS, Bhubaneswar",PATHOLOGY,AIIMS-All India,OBC
2,3171,Delhi,"AIIMS, Delhi",OPHTHALMOLOGY,AIIMS-All India,ST
2,3179,Chhattisgarh,"AIIMS, Raipur",ANAESTHESIOLOGY,AIIMS-All India,EWS
2,3182,Odisha,"AIIMS, Bhubaneswar",COMMUNITY MEDICINE,AIIMS-All India,UR
2,3186,Pondicherry,"JIPMER, Puducherry",GENERAL SURGERY,JIPMER-All India,SC
2,3192,Rajasthan,"AIIMS, Jodhpur",FORENSIC MEDICINE,AIIMS-All India,UR
2,3194,Delhi,"AIIMS, Delhi",MICROBIOLOGY,AIIMS-All India,EWS
2,3218,Chandigarh,"PGIMER, Chandigarh",PHARMACOLOGY,PGIMER-All India,UR
2,3219,Madhya Pradesh,"AIIMS, Bhopal",FORENSIC MEDICINE,AIIMS-All India,UR
2,3259,Odisha,"AIIMS, Bhubaneswar",PAEDIATRICS,AIIMS-All India,SC
2,3271,Maharashtra,"AIIMS, Nagpur",ANAESTHESIOLOGY,AIIMS-All India,EWS
2,3274,Maharashtra,"AIIMS, Nagpur",GENERAL SURGERY,AIIMS-Inst. Pref,UR-AIIMS-IP
2,3323,Rajasthan,"AIIMS, Jodhpur",OBG,AIIMS-All India,SC
2,3326,Chandigarh,"PGIMER, Chandigarh",COMMUNITY MEDICINE,PGIMER-All India,OBC
2,3328,Rajasthan,"AIIMS, Jodhpur",OPHTHALMOLOGY,AIIMS-Inst. Pref,UR-AIIMS-IP
2,3357,Karnataka,"NIMHANS, Bangalore",PSYCHIATRY,NIMHANS-KAR Domicile,OBC-Karnataka Domicile
2,3363,Maharashtra,"AIIMS, Nagpur",GENERAL SURGERY,AIIMS-Inst. Pref,UR-AIIMS-IP
2,3376,Jammu and Kashmir,"AIIMS, Jammu",HOSPITAL ADMINISTRATION,AIIMS-All India,UR
2,3392,Delhi,"AIIMS, Delhi",ANATOMY,AIIMS-All India,UR
2,3415,Maharashtra,"AIIMS, Nagpur",MICROBIOLOGY,AIIMS-All India,UR
2,3443,Rajasthan,"AIIMS, Jodhpur",GENERAL SURGERY,AIIMS-All India,SC
2,3450,Himachal Pradesh,"AIIMS, Bilaspur, Himachal",ENT,AIIMS-All India,SC
2,3459,Rajasthan,"AIIMS, Jodhpur",PHARMACOLOGY,AIIMS-All India,UR
2,3486,Uttarakhand,"AIIMS, Rishikesh",CARDIO THORACIC AND VASCULAR SURGERY 6 YRS,AIIMS-Inst. Pref,UR-AIIMS-IP
2,3501,Punjab,"AIIMS, Bathinda",OPHTHALMOLOGY,AIIMS-All India,EWS
2,3510,Jharkhand,"AIIMS, Deoghar",OPHTHALMOLOGY,AIIMS-All India,EWS
2,3535,Maharashtra,"AIIMS, Nagpur",ORTHOPAEDICS,AIIMS-All India,SC
2,3537,Chhattisgarh,"AIIMS, Raipur",PSYCHIATRY,AIIMS-All India,EWS
2,3538,Pondicherry,"JIPMER, Puducherry",BIOCHEMISTRY,JIPMER-All India,UR
2,3560,Andhra Pradesh,"AIIMS, Mangalagiri",PMR,AIIMS-All India,UR
2,3585,Telangana,"AIIMS, Bibinagar",PMR,AIIMS-All India,UR
2,3587,Uttar Pradesh,"AIIMS, Rai Bareli",PAEDIATRICS,AIIMS-All India,SC
2,3618,Pondicherry,"JIPMER, Puducherry",TBRD,JIPMER-All India,ST
2,3673,Assam,"AIIMS, Guwahati",COMMUNITY & FAMILY MEDICINE,AIIMS-All India,UR
2,3681,Maharashtra,"AIIMS, Nagpur",ORTHOPAEDICS,AIIMS-Inst. Pref,UR-AIIMS-IP
2,3715,Chandigarh,"PGIMER, Chandigarh",MICROBIOLOGY,PGIMER-All India,UR
2,3716,Jammu and Kashmir,"AIIMS, Jammu",COMMUNITY MEDICINE,AIIMS-All India,UR
2,3719,Maharashtra,"AIIMS, Nagpur",EMERGENCY MEDICINE,AIIMS-Inst. Pref,UR-AIIMS-IP
2,3863,Andhra Pradesh,"AIIMS, Mangalagiri",COMMUNITY MEDICINE,AIIMS-All India,UR
2,3864,Chhattisgarh,"AIIMS, Raipur",OBG,AIIMS-All India,SC
2,3865,Pondicherry,"JIPMER, Puducherry",ORTHOPAEDICS,JIPMER-All India,SC
2,3868,Pondicherry,"JIPMER, Puducherry",ORTHOPAEDICS,JIPMER-All India,SC
2,3870,Chhattisgarh,"AIIMS, Raipur",EMERGENCY MEDICINE,AIIMS-Inst. Pref,UR-AIIMS-IP
2,3911,Assam,"AIIMS, Guwahati",PSYCHIATRY,AIIMS-All India,EWS
2,3929,Delhi,"AIIMS, Delhi",ANAESTHESIOLOGY,AIIMS-Inst. Pref,UR-AIIMS-IP
2,3938,Chhattisgarh,"AIIMS, Raipur",PATHOLOGY,AIIMS-All India,OBC
2,3947,Gujarat,"AIIMS, Rajkot",PAEDIATRICS,AIIMS-All India,SC
2,3950,Chandigarh,"PGIMER, Chandigarh",MICROBIOLOGY,PGIMER-All India,UR
2,3962,Chhattisgarh,"AIIMS, Raipur",ANAESTHESIOLOGY,AIIMS-Inst. Pref,UR-AIIMS-IP
2,3974,Bihar,"AIIMS, Patna",MICROBIOLOGY,AIIMS-All India,UR
2,3992,Rajasthan,"AIIMS, Jodhpur",FORENSIC MEDICINE,AIIMS-All India,UR
2,3999,Rajasthan,"AIIMS, Jodhpur",PATHOLOGY,AIIMS-All India,EWS
2,4059,Jharkhand,"AIIMS, Deoghar",PSYCHIATRY,AIIMS-All India,EWS
2,4062,Jharkhand,"AIIMS, Deoghar",ORTHOPAEDICS,AIIMS-Inst. Pref,UR-AIIMS-IP
2,4063,Madhya Pradesh,"AIIMS, Bhopal",PATHOLOGY,AIIMS-All India,OBC
2,4088,Andhra Pradesh,"AIIMS, Mangalagiri",PHARMACOLOGY,AIIMS-All India,UR
2,4128,Chandigarh,"PGIMER, Chandigarh",BIOCHEMISTRY,PGIMER-All India,UR
2,4144,Maharashtra,"AIIMS, Nagpur",PAEDIATRIC SURGERY 6 YRS,AIIMS-Inst. Pref,UR-AIIMS-IP
2,4159,Odisha,"AIIMS, Bhubaneswar",HOSPITAL ADMINISTRATION,AIIMS-All India,UR
2,4189,Maharashtra,"AIIMS, Nagpur",PMR,AIIMS-All India,OBC
2,4225,Odisha,"AIIMS, Bhubaneswar",FORENSIC MEDICINE,AIIMS-All India,UR
2,4231,Odisha,"AIIMS, Bhubaneswar",HOSPITAL ADMINISTRATION,AIIMS-All India,UR
2,4263,Madhya Pradesh,"AIIMS, Bhopal",PHARMACOLOGY,AIIMS-All India,UR
2,4270,Telangana,"AIIMS, Bibinagar",BIOCHEMISTRY,AIIMS-All India,UR
2,4304,Andhra Pradesh,"AIIMS, Mangalagiri",FORENSIC MEDICINE,AIIMS-All India,UR
2,4311,Delhi,"AIIMS, Delhi",OBG,AIIMS-Inst. Pref,UR-AIIMS-IP
2,4333,Himachal Pradesh,"AIIMS, Bilaspur, Himachal",COMMUNITY & FAMILY MEDICINE,AIIMS-All India,UR
2,4336,Maharashtra,"AIIMS, Nagpur",GENERAL SURGERY,AIIMS-All India,SC
2,4341,Chandigarh,"PGIMER, Chandigarh",ANAESTHESIOLOGY,PGIMER-All India,SC
2,4412,Rajasthan,"AIIMS, Jodhpur",MICROBIOLOGY,AIIMS-All India,UR
2,4416,Jammu and Kashmir,"AIIMS, Jammu",COMMUNITY MEDICINE,AIIMS-All India,UR
2,4430,Karnataka,"NIMHANS, Bangalore",PSYCHIATRY,NIMHANS-KAR Domicile,EWS-Karnataka Domicile
2,4448,Rajasthan,"AIIMS, Jodhpur",MICROBIOLOGY,AIIMS-All India,UR
2,4464,Madhya Pradesh,"AIIMS, Bhopal",EMERGENCY MEDICINE,AIIMS-Inst. Pref,UR-AIIMS-IP
2,4465,Jammu and Kashmir,"AIIMS, Jammu",COMMUNITY MEDICINE,AIIMS-All India,UR
2,4470,Jammu and Kashmir,"AIIMS, Jammu",COMMUNITY MEDICINE,AIIMS-All India,UR
2,4476,Pondicherry,"JIPMER, Puducherry",PATHOLOGY,JIPMER-All India,EWS
2,4487,Chandigarh,"PGIMER, Chandigarh",OBG,PGIMER-All India,ST
2,4494,Rajasthan,"AIIMS, Jodhpur",COMMUNITY MEDICINE,AIIMS-All India,OBC
2,4534,Maharashtra,"AIIMS, Nagpur",PHARMACOLOGY,AIIMS-All India,EWS
2,4541,Karnataka,"NIMHANS, Bangalore",PSYCHIATRY,NIMHANS-All India,SC
2,4543,Gujarat,"AIIMS, Rajkot",MICROBIOLOGY,AIIMS-All India,UR
2,4577,Madhya Pradesh,"AIIMS, Bhopal",HOSPITAL ADMINISTRATION,AIIMS-All India,OBC
2,4594,Madhya Pradesh,"AIIMS, Bhopal",ANAESTHESIOLOGY,AIIMS-Inst. Pref,UR-AIIMS-IP
2,4625,Maharashtra,"AIIMS, Nagpur",FAMILY MEDICINE,AIIMS-All India,EWS
2,4649,Uttar Pradesh,"AIIMS, Rai Bareli",PHARMACOLOGY,AIIMS-All India,UR
2,4668,Bihar,"AIIMS, Patna",FORENSIC MEDICINE,AIIMS-All India,UR
2,4676,Chhattisgarh,"AIIMS, Raipur",GENERAL SURGERY,AIIMS-All India,SC
2,4677,Chhattisgarh,"AIIMS, Raipur",ANAESTHESIOLOGY,AIIMS-Inst. Pref,UR-AIIMS-IP
2,4727,Delhi,"AIIMS, Delhi",ENT,AIIMS-Inst. Pref,UR-AIIMS-IP
2,4781,Madhya Pradesh,"AIIMS, Bhopal",GENERAL SURGERY,AIIMS-All India,SC
2,4790,Uttar Pradesh,"AIIMS, Rai Bareli",IHBT,AIIMS-All India,OBC
2,4810,Gujarat,"AIIMS, Rajkot",FORENSIC MEDICINE,AIIMS-All India,UR
2,4860,West Bengal,"AIIMS, Kalyani",FORENSIC MEDICINE,AIIMS-All India,UR
2,4865,Uttar Pradesh,"AIIMS, Rai Bareli",MICROBIOLOGY,AIIMS-All India,UR
2,4870,Chandigarh,"PGIMER, Chandigarh",OPHTHALMOLOGY,PGIMER-All India,SC
2,4893,Maharashtra,"AIIMS, Nagpur",GENERAL MEDICINE,AIIMS-All India,ST
2,4902,Rajasthan,"AIIMS, Jodhpur",PATHOLOGY,AIIMS-All India,OBC
2,4979,Chandigarh,"PGIMER, Chandigarh",OBG,PGIMER-Rural,UR-RA
2,5015,Jammu and Kashmir,"AIIMS, Jammu",RADIATION ONCOLOGY,AIIMS-All India,SC
2,5030,Madhya Pradesh,"AIIMS, Bhopal",BIOCHEMISTRY,AIIMS-All India,UR
2,5032,Uttar Pradesh,"AIIMS, Rai Bareli",PAEDIATRICS,AIIMS-All India,SC
2,5051,Chandigarh,"PGIMER, Chandigarh",ANAESTHESIOLOGY,PGIMER-All India,SC
2,5065,Rajasthan,"AIIMS, Jodhpur",ANATOMY,AIIMS-All India,UR
2,5077,Bihar,"AIIMS, Patna",ANAESTHESIOLOGY,AIIMS-Inst. Pref,UR-AIIMS-IP
2,5114,Uttarakhand,"AIIMS, Rishikesh",GERIATRICS,AIIMS-All India,SC
2,5155,Rajasthan,"AIIMS, Jodhpur",BIOCHEMISTRY,AIIMS-All India,UR
2,5159,Uttar Pradesh,"AIIMS, Gorakhpur",GENERAL SURGERY,AIIMS-All India,SC
2,5171,Jharkhand,"AIIMS, Deoghar",OBG,AIIMS-Inst. Pref,UR-AIIMS-IP
2,5199,Jammu and Kashmir,"AIIMS, Jammu",PAEDIATRICS,AIIMS-All India,SC
2,5211,Chhattisgarh,"AIIMS, Raipur",IHBT,AIIMS-All India,OBC
2,5248,Odisha,"AIIMS, Bhubaneswar",ANATOMY,AIIMS-All India,UR
2,5269,Uttar Pradesh,"AIIMS, Gorakhpur",MICROBIOLOGY,AIIMS-All India,UR
2,5276,Jammu and Kashmir,"AIIMS, Jammu",MICROBIOLOGY,AIIMS-All India,UR
2,5282,Delhi,"AIIMS, Delhi",HOSPITAL ADMINISTRATION,AIIMS-All India,OBC
2,5313,Delhi,"AIIMS, Delhi",ANATOMY,AIIMS-All India,UR
2,5327,Chandigarh,"PGIMER, Chandigarh",ANAESTHESIOLOGY,PGIMER-Rural,OBC-RA
2,5354,Rajasthan,"AIIMS, Jodhpur",PATHOLOGY,AIIMS-All India,OBC
2,5364,Maharashtra,"AIIMS, Nagpur",PATHOLOGY,AIIMS-All India,OBC
2,5409,Jammu and Kashmir,"AIIMS, Jammu",OBG,AIIMS-All India,SC
2,5431,Chhattisgarh,"AIIMS, Raipur",PMR,AIIMS-All India,OBC
2,5434,Uttar Pradesh,"AIIMS, Rai Bareli",PAEDIATRIC SURGERY 6 YRS,AIIMS-Inst. Pref,UR-AIIMS-IP
2,5470,Delhi,"AIIMS, Delhi",BIOPHYSICS,AIIMS-All India,OBC
2,5487,Andhra Pradesh,"AIIMS, Mangalagiri",GENERAL SURGERY,AIIMS-All India,SC
2,5489,Rajasthan,"AIIMS, Jodhpur",PHYSIOLOGY,AIIMS-All India,UR
2,5546,Pondicherry,"JIPMER, Puducherry",ANAESTHESIOLOGY,JIPMER-All India,SC
2,5562,Rajasthan,"AIIMS, Jodhpur",CARDIO THORACIC AND VASCULAR SURGERY 6 YRS,AIIMS-Inst. Pref,UR-AIIMS-IP
2,5573,Jammu and Kashmir,"AIIMS, Jammu",FORENSIC MEDICINE,AIIMS-All India,UR
2,5576,Odisha,"AIIMS, Bhubaneswar",COMMUNITY MEDICINE,AIIMS-All India,OBC
2,5586,Chhattisgarh,"AIIMS, Raipur",PHYSIOLOGY,AIIMS-All India,UR
2,5613,Uttarakhand,"AIIMS, Rishikesh",OBG,AIIMS-All India,ST
2,5629,Rajasthan,"AIIMS, Jodhpur",ANAESTHESIOLOGY,AIIMS-All India,SC
2,5634,Punjab,"AIIMS, Bathinda",GENERAL SURGERY,AIIMS-All India,SC
2,5670,Maharashtra,"AIIMS, Nagpur",PATHOLOGY,AIIMS-All India,OBC
2,5673,Madhya Pradesh,"AIIMS, Bhopal",PAEDIATRICS,AIIMS-All India,ST
2,5676,Himachal Pradesh,"AIIMS, Bilaspur, Himachal",ORTHOPAEDICS,AIIMS-All India,SC
2,5686,Maharashtra,"AIIMS, Nagpur",PLASTIC SURGERY 6 YRS,AIIMS-Inst. Pref,UR-AIIMS-IP
2,5702,Telangana,"AIIMS, Bibinagar",IHBT,AIIMS-All India,OBC
2,5706,Gujarat,"AIIMS, Rajkot",BIOCHEMISTRY,AIIMS-All India,UR
2,5713,Andhra Pradesh,"AIIMS, Mangalagiri",IHBT,AIIMS-All India,OBC
2,5728,Pondicherry,"JIPMER, Puducherry",COMMUNITY MEDICINE,JIMPER-Inst. Pref,INST (JIPMER)
2,5736,Jammu and Kashmir,"AIIMS, Jammu",GENERAL SURGERY,AIIMS-All India,SC
2,5772,Odisha,"AIIMS, Bhubaneswar",ANATOMY,AIIMS-All India,UR
2,5778,Maharashtra,"AIIMS, Nagpur",COMMUNITY MEDICINE,AIIMS-All India,OBC
2,5806,Pondicherry,"JIPMER, Puducherry",PHARMACOLOGY,JIMPER-Inst. Pref,INST (JIPMER)
2,5807,Jammu and Kashmir,"AIIMS, Jammu",PATHOLOGY,AIIMS-All India,OBC
2,5811,Odisha,"AIIMS, Bhubaneswar",PSYCHIATRY,AIIMS-All India,SC
2,5850,Chandigarh,"PGIMER, Chandigarh",OPHTHALMOLOGY,PGIMER-Rural,UR-RA
2,5855,Uttar Pradesh,"AIIMS, Gorakhpur",GENERAL SURGERY,AIIMS-All India,SC
2,5870,Jammu and Kashmir,"AIIMS, Jammu",PHYSIOLOGY,AIIMS-All India,UR
2,5873,Bihar,"AIIMS, Patna",PHYSIOLOGY,AIIMS-All India,UR
2,5898,Rajasthan,"AIIMS, Jodhpur",BIOCHEMISTRY,AIIMS-All India,UR
2,5970,Uttar Pradesh,"AIIMS, Rai Bareli",PAEDIATRIC SURGERY 6 YRS,AIIMS-Inst. Pref,UR-AIIMS-IP
2,5974,Chhattisgarh,"AIIMS, Raipur",ANAESTHESIOLOGY,AIIMS-All India,SC
2,5975,Uttar Pradesh,"AIIMS, Gorakhpur",PHARMACOLOGY,AIIMS-All India,UR
2,6039,Chandigarh,"PGIMER, Chandigarh",GENERAL SURGERY,PGIMER-Rural,UR-RA
2,6052,Andhra Pradesh,"AIIMS, Mangalagiri",BIOCHEMISTRY,AIIMS-All India,UR
2,6062,Himachal Pradesh,"AIIMS, Bilaspur, Himachal",GENERAL SURGERY,AIIMS-All India,SC
2,6083,Gujarat,"AIIMS, Rajkot",ANATOMY,AIIMS-All India,UR
2,6097,Maharashtra,"AIIMS, Nagpur",PMR,AIIMS-All India,EWS
2,6105,Jharkhand,"AIIMS, Deoghar",ANATOMY,AIIMS-All India,UR
2,6113,Chhattisgarh,"AIIMS, Raipur",BIOCHEMISTRY,AIIMS-All India,UR
2,6135,Jammu and Kashmir,"AIIMS, Jammu",GENERAL MEDICINE,AIIMS-All India,ST
2,6157,Jammu and Kashmir,"AIIMS, Jammu",PATHOLOGY,AIIMS-All India,EWS
2,6188,Pondicherry,"JIPMER, Puducherry",PHYSIOLOGY,JIPMER-All India,OBC
2,6194,Odisha,"AIIMS, Bhubaneswar",FORENSIC MEDICINE,AIIMS-All India,OBC
2,6195,Jammu and Kashmir,"AIIMS, Jammu",PHYSIOLOGY,AIIMS-All India,UR
2,6199,Jammu and Kashmir,"AIIMS, Jammu",PHARMACOLOGY,AIIMS-All India,UR
2,6210,Gujarat,"AIIMS, Rajkot",PHYSIOLOGY,AIIMS-All India,UR
2,6213,Odisha,"AIIMS, Bhubaneswar",IHBT,AIIMS-All India,OBC
2,6223,Maharashtra,"AIIMS, Nagpur",ANAESTHESIOLOGY,AIIMS-All India,SC
2,6235,Jammu and Kashmir,"AIIMS, Jammu",PHARMACOLOGY,AIIMS-All India,UR
2,6282,Bihar,"AIIMS, Patna",PMR,AIIMS-All India,OBC
2,6283,Gujarat,"AIIMS, Rajkot",PHYSIOLOGY,AIIMS-All India,UR
2,6287,Uttar Pradesh,"AIIMS, Rai Bareli",ANATOMY,AIIMS-All India,UR
2,6312,Gujarat,"AIIMS, Rajkot",PATHOLOGY,AIIMS-All India,OBC
2,6314,Maharashtra,"AIIMS, Nagpur",COMMUNITY MEDICINE,AIIMS-Inst. Pref,UR-AIIMS-IP
2,6343,Uttar Pradesh,"AIIMS, Gorakhpur",COMMUNITY & FAMILY MEDICINE,AIIMS-All India,EWS
2,6349,Bihar,"AIIMS, Patna",IHBT,AIIMS-All India,OBC
2,6362,Bihar,"AIIMS, Patna",EMERGENCY MEDICINE,AIIMS-All India,SC
2,6374,Andhra Pradesh,"AIIMS, Mangalagiri",PSYCHIATRY,AIIMS-All India,SC
2,6386,Uttarakhand,"AIIMS, Rishikesh",ANATOMY,AIIMS-All India,UR
2,6389,Bihar,"AIIMS, Patna",OPHTHALMOLOGY,AIIMS-All India,SC
2,6397,Chhattisgarh,"AIIMS, Raipur",PSYCHIATRY,AIIMS-All India,SC
2,6405,Uttarakhand,"AIIMS, Rishikesh",OPHTHALMOLOGY,AIIMS-All India,SC
2,6504,Delhi,"AIIMS, Delhi",HOSPITAL ADMINISTRATION,AIIMS-All India,OBC
2,6505,Assam,"AIIMS, Guwahati",PATHOLOGY,AIIMS-All India,OBC
2,6551,Jammu and Kashmir,"AIIMS, Jammu",BIOCHEMISTRY,AIIMS-All India,UR
2,6558,Uttarakhand,"AIIMS, Rishikesh",ANATOMY,AIIMS-All India,UR
2,6613,Maharashtra,"AIIMS, Nagpur",PHYSIOLOGY,AIIMS-All India,UR
2,6634,Uttar Pradesh,"AIIMS, Gorakhpur",PHYSIOLOGY,AIIMS-All India,UR
2,6639,Chandigarh,"PGIMER, Chandigarh",MICROBIOLOGY,PGIMER-All India,OBC
2,6667,Uttar Pradesh,"AIIMS, Rai Bareli",PHYSIOLOGY,AIIMS-All India,UR
2,6702,Jammu and Kashmir,"AIIMS, Jammu",FORENSIC MEDICINE,AIIMS-All India,UR
2,6747,Rajasthan,"AIIMS, Jodhpur",HOSPITAL ADMINISTRATION,AIIMS-All India,OBC
2,6760,Jharkhand,"AIIMS, Deoghar",OPHTHALMOLOGY,AIIMS-All India,SC
2,6825,Rajasthan,"AIIMS, Jodhpur",PSYCHIATRY,AIIMS-Inst. Pref,UR-AIIMS-IP
2,6853,West Bengal,"AIIMS, Kalyani",BIOCHEMISTRY,AIIMS-All India,UR
2,6854,Uttar Pradesh,"AIIMS, Rai Bareli",PATHOLOGY,AIIMS-All India,OBC
2,6940,Uttar Pradesh,"AIIMS, Gorakhpur",COMMUNITY & FAMILY MEDICINE,AIIMS-All India,OBC
2,6941,Assam,"AIIMS, Guwahati",BIOCHEMISTRY,AIIMS-All India,UR
2,6974,Andhra Pradesh,"AIIMS, Mangalagiri",ANAESTHESIOLOGY,AIIMS-All India,SC
2,6998,Uttarakhand,"AIIMS, Rishikesh",EMERGENCY MEDICINE,AIIMS-All India,SC
2,7000,Chhattisgarh,"AIIMS, Raipur",COMMUNITY MEDICINE,AIIMS-All India,OBC
2,7001,Delhi,"AIIMS, Delhi",ANATOMY,AIIMS-All India,OBC
2,7006,Uttar Pradesh,"AIIMS, Rai Bareli",PHYSIOLOGY,AIIMS-All India,UR
2,7012,Rajasthan,"AIIMS, Jodhpur",CARDIO THORACIC AND VASCULAR SURGERY 6 YRS,AIIMS-Inst. Pref,UR-AIIMS-IP
2,7028,Pondicherry,"JIPMER, Puducherry",MICROBIOLOGY,JIMPER-Inst. Pref,INST (JIPMER)
2,7030,Madhya Pradesh,"AIIMS, Bhopal",ENT,AIIMS-All India,SC
2,7068,Chandigarh,"PGIMER, Chandigarh",OPHTHALMOLOGY,PGIMER-All India,ST
2,7098,West Bengal,"AIIMS, Kalyani",PHYSIOLOGY,AIIMS-All India,UR
2,7100,Assam,"AIIMS, Guwahati",PMR,AIIMS-All India,EWS
2,7103,Assam,"AIIMS, Guwahati",ANATOMY,AIIMS-All India,UR
2,7115,Assam,"AIIMS, Guwahati",PHYSIOLOGY,AIIMS-All India,UR
2,7151,Maharashtra,"AIIMS, Nagpur",ENT,AIIMS-All India,SC
2,7190,Maharashtra,"AIIMS, Nagpur",HOSPITAL ADMINISTRATION,AIIMS-All India,OBC
2,7233,Uttar Pradesh,"AIIMS, Rai Bareli",OBG,AIIMS-All India,ST
2,7255,Assam,"AIIMS, Guwahati",ANATOMY,AIIMS-All India,UR
2,7298,Rajasthan,"AIIMS, Jodhpur",MICROBIOLOGY,AIIMS-All India,OBC
2,7300,Jammu and Kashmir,"AIIMS, Jammu",ANATOMY,AIIMS-All India,UR
2,7334,Jammu and Kashmir,"AIIMS, Jammu",ANATOMY,AIIMS-All India,UR
2,7372,Delhi,"AIIMS, Delhi",BIOCHEMISTRY,AIIMS-All India,OBC
2,7374,Delhi,"AIIMS, Delhi",ANAESTHESIOLOGY,AIIMS-All India,ST
2,7490,Uttar Pradesh,"AIIMS, Rai Bareli",COMMUNITY MEDICINE,AIIMS-All India,OBC
2,7552,Himachal Pradesh,"AIIMS, Bilaspur, Himachal",RADIATION ONCOLOGY,AIIMS-All India,SC
2,7582,Delhi,"AIIMS, Delhi",GENERAL SURGERY,AIIMS-All India,ST
2,7613,Andhra Pradesh,"AIIMS, Mangalagiri",ENT,AIIMS-All India,SC
2,7674,Odisha,"AIIMS, Bhubaneswar",COMMUNITY MEDICINE,AIIMS-All India,EWS
2,7691,Chandigarh,"PGIMER, Chandigarh",GENERAL SURGERY,PGIMER-All India,ST
2,7708,Uttarakhand,"AIIMS, Rishikesh",ANATOMY,AIIMS-All India,OBC
2,7785,Rajasthan,"AIIMS, Jodhpur",EMERGENCY MEDICINE,AIIMS-All India,SC
2,7797,Andhra Pradesh,"AIIMS, Mangalagiri",OPHTHALMOLOGY,AIIMS-Inst. Pref,UR-AIIMS-IP
2,7802,Delhi,"AIIMS, Delhi",PHARMACOLOGY,AIIMS-All India,OBC
2,7806,West Bengal,"AIIMS, Kalyani",PSYCHIATRY,AIIMS-All India,SC
2,7812,Jharkhand,"AIIMS, Deoghar",COMMUNITY & FAMILY MEDICINE,AIIMS-All India,OBC
2,7825,Uttar Pradesh,"AIIMS, Rai Bareli",PATHOLOGY,AIIMS-All India,OBC
2,7832,Assam,"AIIMS, Guwahati",COMMUNITY & FAMILY MEDICINE,AIIMS-All India,OBC
2,7838,Gujarat,"AIIMS, Rajkot",COMMUNITY & FAMILY MEDICINE,AIIMS-All India,OBC
2,7861,Pondicherry,"JIPMER, Puducherry",COMMUNITY MEDICINE,JIPMER-All India,EWS
2,7866,Jammu and Kashmir,"AIIMS, Jammu",COMMUNITY MEDICINE,AIIMS-All India,OBC
2,7931,Madhya Pradesh,"AIIMS, Bhopal",FORENSIC MEDICINE,AIIMS-All India,OBC
2,7939,Rajasthan,"AIIMS, Jodhpur",COMMUNITY MEDICINE,AIIMS-All India,EWS
2,7945,Rajasthan,"AIIMS, Jodhpur",PAEDIATRIC SURGERY 6 YRS,AIIMS-Inst. Pref,UR-AIIMS-IP
2,7958,Gujarat,"AIIMS, Rajkot",ENT,AIIMS-All India,SC
2,8017,Delhi,"AIIMS, Delhi",ANATOMY,AIIMS-All India,OBC
2,8076,Jammu and Kashmir,"AIIMS, Jammu",HOSPITAL ADMINISTRATION,AIIMS-All India,OBC
2,8083,Jammu and Kashmir,"AIIMS, Jammu",PHARMACOLOGY,AIIMS-All India,OBC
2,8103,West Bengal,"AIIMS, Kalyani",ANAESTHESIOLOGY,AIIMS-All India,SC
2,8107,Jharkhand,"AIIMS, Deoghar",COMMUNITY & FAMILY MEDICINE,AIIMS-All India,EWS
2,8310,Odisha,"AIIMS, Bhubaneswar",PAEDIATRICS,AIIMS-All India,ST
2,8319,Telangana,"AIIMS, Bibinagar",HOSPITAL ADMINISTRATION,AIIMS-All India,OBC
2,8345,Gujarat,"AIIMS, Rajkot",GENERAL MEDICINE,AIIMS-All India,ST
2,8448,Odisha,"AIIMS, Bhubaneswar",PHARMACOLOGY,AIIMS-All India,OBC
2,8453,Himachal Pradesh,"AIIMS, Bilaspur, Himachal",OBG,AIIMS-All India,ST
2,8475,Maharashtra,"AIIMS, Nagpur",MICROBIOLOGY,AIIMS-All India,OBC
2,8575,Madhya Pradesh,"AIIMS, Bhopal",HOSPITAL ADMINISTRATION,AIIMS-Inst. Pref,UR-AIIMS-IP
2,8623,Delhi,"AIIMS, Delhi",ENT,AIIMS-Inst. Pref,UR-AIIMS-IP
2,8684,Uttar Pradesh,"AIIMS, Gorakhpur",ANAESTHESIOLOGY,AIIMS-All India,SC
2,8753,Uttar Pradesh,"AIIMS, Gorakhpur",ANAESTHESIOLOGY,AIIMS-All India,SC
2,8799,Chhattisgarh,"AIIMS, Raipur",PATHOLOGY,AIIMS-Inst. Pref,UR-AIIMS-IP
2,8834,Andhra Pradesh,"AIIMS, Mangalagiri",HOSPITAL ADMINISTRATION,AIIMS-All India,OBC
2,8883,Madhya Pradesh,"AIIMS, Bhopal",ANATOMY,AIIMS-All India,OBC
2,8909,Delhi,"AIIMS, Delhi",PATHOLOGY,AIIMS-All India,SC
2,8924,Karnataka,"NIMHANS, Bangalore",PSYCHIATRY,NIMHANS-All India,ST
2,8958,Delhi,"AIIMS, Delhi",PHYSIOLOGY,AIIMS-All India,EWS
2,9002,Uttar Pradesh,"AIIMS, Rai Bareli",FORENSIC MEDICINE,AIIMS-All India,OBC
2,9051,Gujarat,"AIIMS, Rajkot",ANAESTHESIOLOGY,AIIMS-All India,SC
2,9076,Maharashtra,"AIIMS, Nagpur",FAMILY MEDICINE,AIIMS-All India,SC
2,9129,Delhi,"AIIMS, Delhi",PSYCHIATRY,AIIMS-Inst. Pref,UR-AIIMS-IP
2,9136,Maharashtra,"AIIMS, Nagpur",ENT,AIIMS-Inst. Pref,UR-AIIMS-IP
2,9265,Odisha,"AIIMS, Bhubaneswar",MICROBIOLOGY,AIIMS-All India,OBC
2,9298,Jammu and Kashmir,"AIIMS, Jammu",PHARMACOLOGY,AIIMS-All India,EWS
2,9394,Rajasthan,"AIIMS, Jodhpur",FORENSIC MEDICINE,AIIMS-All India,OBC
2,9422,Rajasthan,"AIIMS, Jodhpur",ANAESTHESIOLOGY,AIIMS-Inst. Pref,UR-AIIMS-IP
2,9449,Jammu and Kashmir,"AIIMS, Jammu",ANAESTHESIOLOGY,AIIMS-All India,SC
2,9529,Maharashtra,"AIIMS, Nagpur",PAEDIATRIC SURGERY 6 YRS,AIIMS-Inst. Pref,UR-AIIMS-IP
2,9628,Jammu and Kashmir,"AIIMS, Jammu",FORENSIC MEDICINE,AIIMS-All India,OBC
2,9673,Delhi,"AIIMS, Delhi",ORTHOPAEDICS,AIIMS-All India,ST
2,9710,Andhra Pradesh,"AIIMS, Mangalagiri",ANATOMY,AIIMS-All India,OBC
2,9727,Chandigarh,"PGIMER, Chandigarh",PSYCHIATRY,PGIMER-All India,ST
2,9730,Maharashtra,"AIIMS, Nagpur",GENERAL SURGERY,AIIMS-All India,ST
2,9746,Pondicherry,"JIPMER, Puducherry",PMR,JIPMER-All India,SC
2,9800,Rajasthan,"AIIMS, Jodhpur",PATHOLOGY,AIIMS-All India,SC
2,9846,Madhya Pradesh,"AIIMS, Bhopal",PHYSIOLOGY,AIIMS-All India,OBC
2,9902,Pondicherry,"JIPMER, Puducherry",ANATOMY,JIMPER-Inst. Pref,INST (JIPMER)
2,10019,Rajasthan,"AIIMS, Jodhpur",ANAESTHESIOLOGY,AIIMS-Inst. Pref,UR-AIIMS-IP
2,10209,Rajasthan,"AIIMS, Jodhpur",MICROBIOLOGY,AIIMS-All India,OBC
2,10242,Uttar Pradesh,"AIIMS, Gorakhpur",PAEDIATRICS,AIIMS-All India,ST
2,10342,Jharkhand,"AIIMS, Deoghar",PHYSIOLOGY,AIIMS-All India,OBC
2,10344,Odisha,"AIIMS, Bhubaneswar",BIOCHEMISTRY,AIIMS-All India,OBC
2,10386,Maharashtra,"AIIMS, Nagpur",EMERGENCY MEDICINE,AIIMS-Inst. Pref,UR-AIIMS-IP
2,10475,Chandigarh,"PGIMER, Chandigarh",PATHOLOGY,PGIMER-All India,SC
2,10538,Maharashtra,"AIIMS, Nagpur",PSYCHIATRY,AIIMS-Inst. Pref,UR-AIIMS-IP
2,10618,Delhi,"AIIMS, Delhi",BIOCHEMISTRY,AIIMS-All India,EWS
2,10711,Rajasthan,"AIIMS, Jodhpur",MICROBIOLOGY,AIIMS-All India,OBC
2,10737,Chhattisgarh,"AIIMS, Raipur",MICROBIOLOGY,AIIMS-All India,OBC
2,10744,Jharkhand,"AIIMS, Deoghar",OBG,AIIMS-All India,ST
2,10746,Odisha,"AIIMS, Bhubaneswar",ANATOMY,AIIMS-All India,OBC
2,10893,Madhya Pradesh,"AIIMS, Bhopal",GENERAL SURGERY,AIIMS-All India,ST
2,10929,Delhi,"AIIMS, Delhi",ANAESTHESIOLOGY,AIIMS-Inst. Pref,UR-AIIMS-IP
2,10954,Chandigarh,"PGIMER, Chandigarh",PATHOLOGY,PGIMER-All India,SC
2,11247,Delhi,"AIIMS, Delhi",IHBT,AIIMS-All India,SC
2,11307,Rajasthan,"AIIMS, Jodhpur",BIOCHEMISTRY,AIIMS-All India,OBC
2,11488,Uttarakhand,"AIIMS, Rishikesh",BIOCHEMISTRY,AIIMS-All India,OBC
2,11840,Maharashtra,"AIIMS, Nagpur",MICROBIOLOGY,AIIMS-All India,OBC
2,11930,Jammu and Kashmir,"AIIMS, Jammu",PHYSIOLOGY,AIIMS-All India,OBC
2,12001,Maharashtra,"AIIMS, Nagpur",PATHOLOGY,AIIMS-All India,SC
2,12041,Andhra Pradesh,"AIIMS, Mangalagiri",MICROBIOLOGY,AIIMS-All India,OBC
2,12153,Gujarat,"AIIMS, Rajkot",MICROBIOLOGY,AIIMS-All India,OBC
2,12202,Madhya Pradesh,"AIIMS, Bhopal",GENERAL MEDICINE,AIIMS-All India,UR-PwD
2,12245,Assam,"AIIMS, Guwahati",ANATOMY,AIIMS-All India,OBC
2,12319,West Bengal,"AIIMS, Kalyani",MICROBIOLOGY,AIIMS-All India,OBC
2,12488,West Bengal,"AIIMS, Kalyani",BIOCHEMISTRY,AIIMS-All India,OBC
2,12526,Maharashtra,"AIIMS, Nagpur",BIOCHEMISTRY,AIIMS-All India,OBC
2,12561,Assam,"AIIMS, Guwahati",MICROBIOLOGY,AIIMS-All India,OBC
2,12599,Chhattisgarh,"AIIMS, Raipur",COMMUNITY MEDICINE,AIIMS-Inst. Pref,UR-AIIMS-IP
2,12704,Rajasthan,"AIIMS, Jodhpur",FORENSIC MEDICINE,AIIMS-All India,EWS
2,12710,Rajasthan,"AIIMS, Jodhpur",FAMILY MEDICINE,AIIMS-All India,SC
2,12733,Delhi,"AIIMS, Delhi",ANAESTHESIOLOGY,AIIMS-Inst. Pref,UR-AIIMS-IP
2,12849,Assam,"AIIMS, Guwahati",PHYSIOLOGY,AIIMS-All India,OBC
2,12877,Odisha,"AIIMS, Bhubaneswar",PATHOLOGY,AIIMS-All India,SC
2,12932,Pondicherry,"JIPMER, Puducherry",OPHTHALMOLOGY,JIPMER-All India,ST-PwD
2,13040,Rajasthan,"AIIMS, Jodhpur",ANATOMY,AIIMS-All India,OBC
2,13156,Delhi,"AIIMS, Delhi",HOSPITAL ADMINISTRATION,AIIMS-All India,SC
2,13188,Chhattisgarh,"AIIMS, Raipur",PATHOLOGY,AIIMS-All India,SC
2,13189,Uttar Pradesh,"AIIMS, Gorakhpur",MICROBIOLOGY,AIIMS-All India,OBC
2,13232,Jharkhand,"AIIMS, Deoghar",ANAESTHESIOLOGY,AIIMS-Inst. Pref,UR-AIIMS-IP
2,13278,Uttar Pradesh,"AIIMS, Rai Bareli",BIOCHEMISTRY,AIIMS-All India,OBC
2,13320,Rajasthan,"AIIMS, Jodhpur",PHYSIOLOGY,AIIMS-All India,OBC
2,13407,Assam,"AIIMS, Guwahati",BIOCHEMISTRY,AIIMS-All India,OBC
2,13636,Gujarat,"AIIMS, Rajkot",PHYSIOLOGY,AIIMS-All India,OBC
2,13649,Andhra Pradesh,"AIIMS, Mangalagiri",PSYCHIATRY,AIIMS-Inst. Pref,UR-AIIMS-IP
2,13763,Delhi,"AIIMS, Delhi",ANATOMY,AIIMS-All India,EWS
2,13820,Odisha,"AIIMS, Bhubaneswar",PMR,AIIMS-Inst. Pref,UR-AIIMS-IP
2,13844,Delhi,"AIIMS, Delhi",HOSPITAL ADMINISTRATION,AIIMS-Inst. Pref,UR-AIIMS-IP
2,13944,Rajasthan,"AIIMS, Jodhpur",PMR,AIIMS-All India,SC
2,14034,Jammu and Kashmir,"AIIMS, Jammu",PHYSIOLOGY,AIIMS-All India,OBC
2,14070,West Bengal,"AIIMS, Kalyani",PHYSIOLOGY,AIIMS-All India,OBC
2,14094,Chhattisgarh,"AIIMS, Raipur",ANATOMY,AIIMS-All India,OBC
2,14189,West Bengal,"AIIMS, Kalyani",MICROBIOLOGY,AIIMS-All India,EWS
2,14238,Uttar Pradesh,"AIIMS, Gorakhpur",BIOCHEMISTRY,AIIMS-All India,OBC
2,14265,Jammu and Kashmir,"AIIMS, Jammu",BIOCHEMISTRY,AIIMS-All India,OBC
2,14446,Pondicherry,"JIPMER, Puducherry",PHYSIOLOGY,JIPMER-All India,EWS
2,14468,Gujarat,"AIIMS, Rajkot",BIOCHEMISTRY,AIIMS-All India,OBC
2,14620,Jharkhand,"AIIMS, Deoghar",PATHOLOGY,AIIMS-All India,SC
2,14812,Uttar Pradesh,"AIIMS, Rai Bareli",ANATOMY,AIIMS-All India,OBC
2,15126,Assam,"AIIMS, Guwahati",PHYSIOLOGY,AIIMS-All India,OBC
2,15170,Odisha,"AIIMS, Bhubaneswar",PATHOLOGY,AIIMS-Inst. Pref,UR-AIIMS-IP
2,15190,Uttar Pradesh,"AIIMS, Rai Bareli",FORENSIC MEDICINE,AIIMS-All India,EWS
2,15261,Rajasthan,"AIIMS, Jodhpur",COMMUNITY MEDICINE,AIIMS-All India,SC
2,15268,Uttarakhand,"AIIMS, Rishikesh",PATHOLOGY,AIIMS-Inst. Pref,UR-AIIMS-IP
2,15412,West Bengal,"AIIMS, Kalyani",ANATOMY,AIIMS-All India,OBC
2,15421,Uttarakhand,"AIIMS, Rishikesh",GERIATRICS,AIIMS-All India,ST
2,15792,Maharashtra,"AIIMS, Nagpur",ANAESTHESIOLOGY,AIIMS-Inst. Pref,UR-AIIMS-IP
2,15835,Bihar,"AIIMS, Patna",COMMUNITY & FAMILY MEDICINE,AIIMS-Inst. Pref,UR-AIIMS-IP
2,15861,Maharashtra,"AIIMS, Nagpur",OPHTHALMOLOGY,AIIMS-All India,ST
2,16049,Chhattisgarh,"AIIMS, Raipur",COMMUNITY MEDICINE,AIIMS-Inst. Pref,UR-AIIMS-IP
2,16219,Maharashtra,"AIIMS, Nagpur",COMMUNITY MEDICINE,AIIMS-All India,SC
2,16248,Rajasthan,"AIIMS, Jodhpur",ENT,AIIMS-All India,ST
2,16259,Jammu and Kashmir,"AIIMS, Jammu",OPHTHALMOLOGY,AIIMS-All India,ST
2,16373,West Bengal,"AIIMS, Kalyani",PHYSIOLOGY,AIIMS-All India,OBC
2,16386,Jammu and Kashmir,"AIIMS, Jammu",ANATOMY,AIIMS-All India,OBC
2,16537,Delhi,"AIIMS, Delhi",PHYSIOLOGY,AIIMS-All India,SC
2,16701,West Bengal,"AIIMS, Kalyani",COMMUNITY MEDICINE,AIIMS-All India,SC
2,16861,Chandigarh,"PGIMER, Chandigarh",ORTHOPAEDICS,PGIMER-All India,ST
2,16901,Assam,"AIIMS, Guwahati",PHYSIOLOGY,AIIMS-All India,OBC
2,16995,Gujarat,"AIIMS, Rajkot",MICROBIOLOGY,AIIMS-All India,SC
2,17073,Rajasthan,"AIIMS, Jodhpur",ANAESTHESIOLOGY,AIIMS-All India,ST
2,17151,Uttar Pradesh,"AIIMS, Gorakhpur",ANATOMY,AIIMS-All India,OBC
2,17302,Rajasthan,"AIIMS, Jodhpur",ORTHOPAEDICS,AIIMS-All India,ST
2,17327,Jammu and Kashmir,"AIIMS, Jammu",ANATOMY,AIIMS-All India,OBC
2,17392,Pondicherry,"JIPMER, Puducherry",ENT,JIPMER-All India,ST
2,17401,Maharashtra,"AIIMS, Nagpur",ORTHOPAEDICS,AIIMS-All India,ST
2,17512,Bihar,"AIIMS, Patna",ANAESTHESIOLOGY,AIIMS-All India,ST
2,17922,Assam,"AIIMS, Guwahati",COMMUNITY & FAMILY MEDICINE,AIIMS-All India,SC
2,17949,Gujarat,"AIIMS, Rajkot",ANATOMY,AIIMS-All India,OBC
2,18140,Delhi,"AIIMS, Delhi",OPHTHALMOLOGY,AIIMS-All India,UR-PwD
2,18161,Jammu and Kashmir,"AIIMS, Jammu",COMMUNITY MEDICINE,AIIMS-All India,SC
2,18226,Maharashtra,"AIIMS, Nagpur",ANAESTHESIOLOGY,AIIMS-Inst. Pref,UR-AIIMS-IP
2,18366,Maharashtra,"AIIMS, Nagpur",ANAESTHESIOLOGY,AIIMS-All India,ST
2,18379,Rajasthan,"AIIMS, Jodhpur",EMERGENCY MEDICINE,AIIMS-All India,ST
2,18390,Delhi,"AIIMS, Delhi",BIOCHEMISTRY,AIIMS-All India,SC
2,18637,Uttar Pradesh,"AIIMS, Rai Bareli",OPHTHALMOLOGY,AIIMS-All India,ST
2,18751,Delhi,"AIIMS, Delhi",MICROBIOLOGY,AIIMS-All India,SC
2,18805,Uttar Pradesh,"AIIMS, Rai Bareli",MICROBIOLOGY,AIIMS-All India,EWS
2,18948,Pondicherry,"JIPMER, Puducherry",MICROBIOLOGY,JIPMER-All India,SC
2,19143,Andhra Pradesh,"AIIMS, Mangalagiri",EMERGENCY MEDICINE,AIIMS-All India,ST
2,19541,Gujarat,"AIIMS, Rajkot",ANAESTHESIOLOGY,AIIMS-All India,ST
2,19926,Assam,"AIIMS, Guwahati",ANAESTHESIOLOGY,AIIMS-All India,ST
2,20065,Jammu and Kashmir,"AIIMS, Jammu",IHBT,AIIMS-All India,SC
2,20141,Uttarakhand,"AIIMS, Rishikesh",FORENSIC MEDICINE,AIIMS-Inst. Pref,UR-AIIMS-IP
2,20327,Delhi,"AIIMS, Delhi",HOSPITAL ADMINISTRATION,AIIMS-All India,ST
2,20688,Madhya Pradesh,"AIIMS, Bhopal",PSYCHIATRY,AIIMS-All India,ST
2,20761,Telangana,"AIIMS, Bibinagar",FORENSIC MEDICINE,AIIMS-All India,SC
2,21035,Madhya Pradesh,"AIIMS, Bhopal",MICROBIOLOGY,AIIMS-All India,SC
2,21056,Delhi,"AIIMS, Delhi",GERIATRICS,AIIMS-Inst. Pref,UR-AIIMS-IP
2,21086,Jammu and Kashmir,"AIIMS, Jammu",MICROBIOLOGY,AIIMS-All India,SC
2,21181,Maharashtra,"AIIMS, Nagpur",PSYCHIATRY,AIIMS-All India,ST
2,21308,Uttar Pradesh,"AIIMS, Rai Bareli",ANAESTHESIOLOGY,AIIMS-All India,ST
2,21330,Himachal Pradesh,"AIIMS, Bilaspur, Himachal",ANAESTHESIOLOGY,AIIMS-All India,ST
2,21377,Odisha,"AIIMS, Bhubaneswar",PHYSIOLOGY,AIIMS-All India,SC
2,21379,Assam,"AIIMS, Guwahati",MICROBIOLOGY,AIIMS-All India,EWS
2,21466,Madhya Pradesh,"AIIMS, Bhopal",PHARMACOLOGY,AIIMS-All India,SC
2,21507,Maharashtra,"AIIMS, Nagpur",EMERGENCY MEDICINE,AIIMS-All India,ST
2,21533,Odisha,"AIIMS, Bhubaneswar",FORENSIC MEDICINE,AIIMS-All India,EWS
2,21632,Rajasthan,"AIIMS, Jodhpur",FORENSIC MEDICINE,AIIMS-All India,SC
2,21672,Chhattisgarh,"AIIMS, Raipur",MICROBIOLOGY,AIIMS-All India,SC
2,21785,Maharashtra,"AIIMS, Nagpur",FORENSIC MEDICINE,AIIMS-All India,SC
2,21802,Bihar,"AIIMS, Patna",PATHOLOGY,AIIMS-Inst. Pref,UR-AIIMS-IP
2,21845,West Bengal,"AIIMS, Kalyani",FORENSIC MEDICINE,AIIMS-All India,EWS
2,21855,Chhattisgarh,"AIIMS, Raipur",COMMUNITY MEDICINE,AIIMS-All India,ST
2,22120,Jharkhand,"AIIMS, Deoghar",COMMUNITY & FAMILY MEDICINE,AIIMS-All India,SC
2,22468,Rajasthan,"AIIMS, Jodhpur",DERMATOLOGY,AIIMS-All India,OBC-PwD
2,22668,Gujarat,"AIIMS, Rajkot",ENT,AIIMS-All India,ST
2,22767,Uttar Pradesh,"AIIMS, Gorakhpur",OPHTHALMOLOGY,AIIMS-All India,ST
2,23335,Assam,"AIIMS, Guwahati",PATHOLOGY,AIIMS-All India,ST
2,23349,Chhattisgarh,"AIIMS, Raipur",FORENSIC MEDICINE,AIIMS-All India,SC
2,23541,Uttar Pradesh,"AIIMS, Gorakhpur",ENT,AIIMS-All India,ST
2,23551,Chhattisgarh,"AIIMS, Raipur",PHYSIOLOGY,AIIMS-All India,EWS
2,23582,Madhya Pradesh,"AIIMS, Bhopal",COMMUNITY MEDICINE,AIIMS-All India,ST
2,23605,Madhya Pradesh,"AIIMS, Bhopal",ANATOMY,AIIMS-All India,SC
2,23880,Jharkhand,"AIIMS, Deoghar",MICROBIOLOGY,AIIMS-All India,SC
2,24059,Maharashtra,"AIIMS, Nagpur",BIOCHEMISTRY,AIIMS-All India,SC
2,24306,Pondicherry,"JIPMER, Puducherry",PHARMACOLOGY,JIPMER-All India,ST
2,24310,West Bengal,"AIIMS, Kalyani",ENT,AIIMS-All India,ST
2,24313,Chhattisgarh,"AIIMS, Raipur",PHARMACOLOGY,AIIMS-All India,SC
2,24350,Maharashtra,"AIIMS, Nagpur",ANATOMY,AIIMS-All India,EWS
2,24433,Chhattisgarh,"AIIMS, Raipur",ANATOMY,AIIMS-All India,EWS
2,24558,Jharkhand,"AIIMS, Deoghar",FORENSIC MEDICINE,AIIMS-All India,SC
2,24794,Odisha,"AIIMS, Bhubaneswar",ANATOMY,AIIMS-All India,SC
2,24958,Gujarat,"AIIMS, Rajkot",ANATOMY,AIIMS-All India,SC
2,25088,Gujarat,"AIIMS, Rajkot",PHARMACOLOGY,AIIMS-All India,SC
2,25094,Odisha,"AIIMS, Bhubaneswar",RADIO DIAGNOSIS,AIIMS-All India,UR-PwD
2,25203,Maharashtra,"AIIMS, Nagpur",BIOCHEMISTRY,AIIMS-All India,EWS
2,25306,Uttar Pradesh,"AIIMS, Gorakhpur",EMERGENCY MEDICINE,AIIMS-Inst. Pref,UR-AIIMS-IP
2,25378,Rajasthan,"AIIMS, Jodhpur",BIOCHEMISTRY,AIIMS-All India,SC
2,25383,Jammu and Kashmir,"AIIMS, Jammu",PATHOLOGY,AIIMS-All India,ST
2,25399,Odisha,"AIIMS, Bhubaneswar",COMMUNITY MEDICINE,AIIMS-Inst. Pref,UR-AIIMS-IP
2,25400,Jammu and Kashmir,"AIIMS, Jammu",PHYSIOLOGY,AIIMS-All India,SC
2,25552,Assam,"AIIMS, Guwahati",BIOCHEMISTRY,AIIMS-All India,SC
2,25589,Delhi,"AIIMS, Delhi",PALLIATIVE MEDICINE,AIIMS-Inst. Pref,UR-AIIMS-IP
2,25607,West Bengal,"AIIMS, Kalyani",ANATOMY,AIIMS-All India,SC
2,25617,Jammu and Kashmir,"AIIMS, Jammu",BIOCHEMISTRY,AIIMS-All India,SC
2,25798,Uttarakhand,"AIIMS, Rishikesh",BIOCHEMISTRY,AIIMS-All India,SC
2,26088,Gujarat,"AIIMS, Rajkot",ANATOMY,AIIMS-All India,EWS
2,26199,Assam,"AIIMS, Guwahati",PHARMACOLOGY,AIIMS-All India,SC
2,26384,Andhra Pradesh,"AIIMS, Mangalagiri",RADIO DIAGNOSIS,AIIMS-All India,UR-PwD
2,26402,Uttar Pradesh,"AIIMS, Rai Bareli",BIOCHEMISTRY,AIIMS-All India,SC
2,26576,Bihar,"AIIMS, Patna",PHARMACOLOGY,AIIMS-Inst. Pref,UR-AIIMS-IP
2,26653,West Bengal,"AIIMS, Kalyani",PHYSIOLOGY,AIIMS-All India,SC
2,26761,Assam,"AIIMS, Guwahati",PHYSIOLOGY,AIIMS-All India,SC
2,26842,Chhattisgarh,"AIIMS, Raipur",PHARMACOLOGY,AIIMS-All India,EWS
2,26852,Jharkhand,"AIIMS, Deoghar",ANAESTHESIOLOGY,AIIMS-Inst. Pref,UR-AIIMS-IP
2,26879,Jammu and Kashmir,"AIIMS, Jammu",ANATOMY,AIIMS-All India,SC
2,26909,Madhya Pradesh,"AIIMS, Bhopal",BIOCHEMISTRY,AIIMS-Inst. Pref,UR-AIIMS-IP
2,27462,Maharashtra,"AIIMS, Nagpur",COMMUNITY MEDICINE,AIIMS-Inst. Pref,UR-AIIMS-IP
2,27771,Chhattisgarh,"AIIMS, Raipur",PATHOLOGY,AIIMS-All India,ST
2,27967,Bihar,"AIIMS, Patna",PATHOLOGY,AIIMS-All India,ST
2,28239,Rajasthan,"AIIMS, Jodhpur",IHBT,AIIMS-All India,ST
2,28419,Uttar Pradesh,"AIIMS, Gorakhpur",PSYCHIATRY,AIIMS-Inst. Pref,UR-AIIMS-IP
2,28715,Rajasthan,"AIIMS, Jodhpur",PHYSIOLOGY,AIIMS-All India,EWS
2,28824,Jammu and Kashmir,"AIIMS, Jammu",BIOCHEMISTRY,AIIMS-All India,EWS
2,28858,Uttarakhand,"AIIMS, Rishikesh",ANATOMY,AIIMS-All India,EWS
2,28902,Bihar,"AIIMS, Patna",ANATOMY,AIIMS-Inst. Pref,UR-AIIMS-IP
2,28964,Maharashtra,"AIIMS, Nagpur",HOSPITAL ADMINISTRATION,AIIMS-Inst. Pref,UR-AIIMS-IP
2,29301,Chhattisgarh,"AIIMS, Raipur",IHBT,AIIMS-All India,ST
2,29540,Uttar Pradesh,"AIIMS, Rai Bareli",BIOCHEMISTRY,AIIMS-All India,EWS
2,29905,West Bengal,"AIIMS, Kalyani",ANATOMY,AIIMS-All India,EWS
2,30055,Bihar,"AIIMS, Patna",BIOCHEMISTRY,AIIMS-Inst. Pref,UR-AIIMS-IP
2,30416,Madhya Pradesh,"AIIMS, Bhopal",MICROBIOLOGY,AIIMS-Inst. Pref,UR-AIIMS-IP
2,30463,Gujarat,"AIIMS, Rajkot",FORENSIC MEDICINE,AIIMS-All India,ST
2,30942,Maharashtra,"AIIMS, Nagpur",MICROBIOLOGY,AIIMS-All India,ST
2,31009,Jammu and Kashmir,"AIIMS, Jammu",PHARMACOLOGY,AIIMS-All India,ST
2,32539,Delhi,"AIIMS, Delhi",COMMUNITY MEDICINE,AIIMS-Inst. Pref,UR-AIIMS-IP
2,33823,Rajasthan,"AIIMS, Jodhpur",MICROBIOLOGY,AIIMS-All India,ST
2,33937,Jharkhand,"AIIMS, Deoghar",PMR,AIIMS-All India,ST
2,34152,Delhi,"AIIMS, Delhi",COMMUNITY MEDICINE,AIIMS-Inst. Pref,UR-AIIMS-IP
2,34632,Chhattisgarh,"AIIMS, Raipur",BIOCHEMISTRY,AIIMS-All India,ST
2,35483,Pondicherry,"JIPMER, Puducherry",ANATOMY,JIPMER-All India,ST
2,36084,Chhattisgarh,"AIIMS, Raipur",OBG,AIIMS-All India,OBC-PwD
2,36308,Madhya Pradesh,"AIIMS, Bhopal",PHYSIOLOGY,AIIMS-Inst. Pref,UR-AIIMS-IP
2,36457,Delhi,"AIIMS, Delhi",PATHOLOGY,AIIMS-Inst. Pref,UR-AIIMS-IP
2,37308,West Bengal,"AIIMS, Kalyani",PHYSIOLOGY,AIIMS-All India,ST
2,37705,Telangana,"AIIMS, Bibinagar",ANATOMY,AIIMS-All India,ST
2,38293,Rajasthan,"AIIMS, Jodhpur",COMMUNITY MEDICINE,AIIMS-Inst. Pref,UR-AIIMS-IP
2,39206,Assam,"AIIMS, Guwahati",FORENSIC MEDICINE,AIIMS-All India,ST
2,39301,Assam,"AIIMS, Guwahati",ANATOMY,AIIMS-All India,ST
2,39852,Jammu and Kashmir,"AIIMS, Jammu",ANATOMY,AIIMS-All India,ST
2,40379,Assam,"AIIMS, Guwahati",GENERAL MEDICINE,AIIMS-All India,OBC-PwD
2,41024,Uttar Pradesh,"AIIMS, Rai Bareli",OBG,AIIMS-All India,OBC-PwD
2,41225,Rajasthan,"AIIMS, Jodhpur",HOSPITAL ADMINISTRATION,AIIMS-Inst. Pref,UR-AIIMS-IP
2,42218,Maharashtra,"AIIMS, Nagpur",PATHOLOGY,AIIMS-Inst. Pref,UR-AIIMS-IP
2,42564,Jharkhand,"AIIMS, Deoghar",BIOCHEMISTRY,AIIMS-All India,ST
2,45862,Rajasthan,"AIIMS, Jodhpur",PSYCHIATRY,AIIMS-All India,ST-PwD
2,47087,Punjab,"AIIMS, Bathinda",GENERAL MEDICINE,AIIMS-All India,UR-PwD
2,47791,Chandigarh,"PGIMER, Chandigarh",GENERAL SURGERY,PGIMER-All India,UR-PwD
3,64,Chhattisgarh,"AIIMS, Raipur",GENERAL MEDICINE,AIIMS-All India,UR
3,85,Delhi,"AIIMS, Delhi",DERMATOLOGY,AIIMS-Inst. Pref,UR-AIIMS-IP
3,90,Chandigarh,"PGIMER, Chandigarh",GENERAL SURGERY,PGIMER-All India,UR
3,99,Chandigarh,"PGIMER, Chandigarh",DERMATOLOGY,PGIMER-All India,UR
3,110,Chandigarh,"PGIMER, Chandigarh",OPHTHALMOLOGY,PGIMER-All India,UR
3,117,Bihar,"AIIMS, Patna",GENERAL MEDICINE,AIIMS-All India,UR
3,119,Maharashtra,"AIIMS, Nagpur",GENERAL MEDICINE,AIIMS-All India,UR
3,124,Maharashtra,"AIIMS, Nagpur",GENERAL MEDICINE,AIIMS-All India,UR
3,130,Himachal Pradesh,"AIIMS, Bilaspur, Himachal",GENERAL MEDICINE,AIIMS-All India,UR
3,141,Uttar Pradesh,"AIIMS, Gorakhpur",GENERAL MEDICINE,AIIMS-All India,UR
3,148,Madhya Pradesh,"AIIMS, Bhopal",RADIO DIAGNOSIS,AIIMS-All India,OBC
3,151,Chandigarh,"PGIMER, Chandigarh",DERMATOLOGY,PGIMER-All India,OBC
3,157,Chhattisgarh,"AIIMS, Raipur",PAEDIATRICS,AIIMS-All India,UR
3,160,Uttarakhand,"AIIMS, Rishikesh",DERMATOLOGY,AIIMS-All India,UR
3,173,Pondicherry,"JIPMER, Puducherry",GENERAL MEDICINE,JIPMER-All India,OBC
3,175,Chandigarh,"PGIMER, Chandigarh",GENERAL SURGERY,PGIMER-All India,UR
3,180,Delhi,"AIIMS, Delhi",EMERGENCY MEDICINE,AIIMS-All India,UR
3,189,Maharashtra,"AIIMS, Nagpur",DERMATOLOGY,AIIMS-All India,UR
3,192,Maharashtra,"AIIMS, Nagpur",PAEDIATRICS,AIIMS-All India,UR
3,209,Madhya Pradesh,"AIIMS, Bhopal",RADIO DIAGNOSIS,AIIMS-All India,OBC
3,213,Bihar,"AIIMS, Patna",DERMATOLOGY,AIIMS-All India,UR
3,221,Pondicherry,"JIPMER, Puducherry",OPHTHALMOLOGY,JIPMER-All India,UR
3,232,Jharkhand,"AIIMS, Deoghar",GENERAL MEDICINE,AIIMS-All India,UR
3,237,Rajasthan,"AIIMS, Jodhpur",ORTHOPAEDICS,AIIMS-All India,UR
3,250,Assam,"AIIMS, Guwahati",GENERAL SURGERY,AIIMS-All India,UR
3,252,Pondicherry,"JIPMER, Puducherry",OBG,JIPMER-All India,UR
3,253,Pondicherry,"JIPMER, Puducherry",RADIO DIAGNOSIS,JIPMER-All India,SC
3,272,Delhi,"AIIMS, Delhi",ANAESTHESIOLOGY,AIIMS-All India,UR
3,294,Maharashtra,"AIIMS, Nagpur",GENERAL MEDICINE,AIIMS-All India,OBC
3,311,Chhattisgarh,"AIIMS, Raipur",GENERAL MEDICINE,AIIMS-All India,OBC
3,312,Chhattisgarh,"AIIMS, Raipur",PAEDIATRICS,AIIMS-All India,UR
3,318,Pondicherry,"JIPMER, Puducherry",ENT,JIPMER-All India,UR
3,353,Maharashtra,"AIIMS, Nagpur",OBG,AIIMS-All India,UR
3,355,Andhra Pradesh,"AIIMS, Mangalagiri",PAEDIATRICS,AIIMS-All India,UR
3,363,Chhattisgarh,"AIIMS, Raipur",GENERAL MEDICINE,AIIMS-All India,EWS
3,368,Punjab,"AIIMS, Bathinda",GENERAL MEDICINE,AIIMS-All India,OBC
3,373,Rajasthan,"AIIMS, Jodhpur",OPHTHALMOLOGY,AIIMS-All India,UR
3,376,Pondicherry,"JIPMER, Puducherry",PAEDIATRICS,JIPMER-All India,EWS
3,377,Gujarat,"AIIMS, Rajkot",GENERAL MEDICINE,AIIMS-All India,OBC
3,382,Uttar Pradesh,"AIIMS, Gorakhpur",PAEDIATRICS,AIIMS-All India,UR
3,384,Bihar,"AIIMS, Patna",ORTHOPAEDICS,AIIMS-All India,UR
3,389,Pondicherry,"JIPMER, Puducherry",EMERGENCY MEDICINE,JIPMER-All India,UR
3,404,Delhi,"AIIMS, Delhi",ANAESTHESIOLOGY,AIIMS-All India,UR
3,405,Maharashtra,"AIIMS, Nagpur",OBG,AIIMS-All India,UR
3,411,Maharashtra,"AIIMS, Nagpur",OBG,AIIMS-All India,UR
3,414,Pondicherry,"JIPMER, Puducherry",PSYCHIATRY,JIPMER-All India,UR-PwD
3,433,Jammu and Kashmir,"AIIMS, Jammu",OBG,AIIMS-All India,UR
3,438,Rajasthan,"AIIMS, Jodhpur",PAEDIATRICS,AIIMS-All India,OBC
3,440,Madhya Pradesh,"AIIMS, Bhopal",PSYCHIATRY,AIIMS-All India,UR
3,441,Punjab,"AIIMS, Bathinda",GENERAL SURGERY,AIIMS-All India,UR
3,464,Pondicherry,"JIPMER, Puducherry",GENERAL SURGERY,JIPMER-All India,OBC
3,471,Gujarat,"AIIMS, Rajkot",GENERAL SURGERY,AIIMS-All India,UR
3,489,Andhra Pradesh,"AIIMS, Mangalagiri",EMERGENCY MEDICINE,AIIMS-All India,UR
3,496,Andhra Pradesh,"AIIMS, Mangalagiri",NUCLEAR MEDICINE,AIIMS-Inst. Pref,UR-AIIMS-IP
3,501,Uttar Pradesh,"AIIMS, Rai Bareli",NEUROSURGERY 6 YRS,AIIMS-All India,UR
3,507,Odisha,"AIIMS, Bhubaneswar",OBG,AIIMS-Inst. Pref,UR-AIIMS-IP
3,513,Rajasthan,"AIIMS, Jodhpur",PAEDIATRICS,AIIMS-All India,OBC
3,518,Jammu and Kashmir,"AIIMS, Jammu",ORTHOPAEDICS,AIIMS-All India,UR
3,548,Maharashtra,"AIIMS, Nagpur",RADIATION ONCOLOGY,AIIMS-All India,UR
3,551,Chandigarh,"PGIMER, Chandigarh",PSYCHIATRY,PGIMER-All India,UR
3,553,Pondicherry,"JIPMER, Puducherry",PAEDIATRICS,JIMPER-Inst. Pref,INST (JIPMER)
3,554,Chandigarh,"PGIMER, Chandigarh",ENT,PGIMER-All India,UR
3,573,Pondicherry,"JIPMER, Puducherry",RADIATION ONCOLOGY,JIPMER-All India,OBC
3,578,Rajasthan,"AIIMS, Jodhpur",ENT,AIIMS-All India,UR
3,579,Delhi,"AIIMS, Delhi",OBG,AIIMS-All India,OBC
3,594,Himachal Pradesh,"AIIMS, Bilaspur, Himachal",GENERAL SURGERY,AIIMS-All India,UR
3,606,Jammu and Kashmir,"AIIMS, Jammu",GENERAL SURGERY,AIIMS-All India,UR
3,610,Assam,"AIIMS, Guwahati",PAEDIATRICS,AIIMS-All India,OBC
3,628,Karnataka,"NIMHANS, Bangalore",PSYCHIATRY,NIMHANS-All India,OBC
3,632,Maharashtra,"AIIMS, Nagpur",ENT,AIIMS-All India,UR
3,636,Madhya Pradesh,"AIIMS, Bhopal",OPHTHALMOLOGY,AIIMS-All India,UR
3,640,Jammu and Kashmir,"AIIMS, Jammu",GENERAL SURGERY,AIIMS-All India,UR
3,645,Bihar,"AIIMS, Patna",GENERAL SURGERY,AIIMS-Inst. Pref,UR-AIIMS-IP
3,646,Uttar Pradesh,"AIIMS, Rai Bareli",GENERAL SURGERY,AIIMS-All India,OBC
3,650,Maharashtra,"AIIMS, Nagpur",PAEDIATRICS,AIIMS-All India,OBC
3,669,Uttar Pradesh,"AIIMS, Rai Bareli",NEUROSURGERY 6 YRS,AIIMS-All India,UR
3,673,Andhra Pradesh,"AIIMS, Mangalagiri",OBG,AIIMS-All India,UR
3,681,Pondicherry,"JIPMER, Puducherry",TBRD,JIPMER-All India,OBC
3,687,Chandigarh,"PGIMER, Chandigarh",PSYCHIATRY,PGIMER-All India,UR
3,704,Maharashtra,"AIIMS, Nagpur",OPHTHALMOLOGY,AIIMS-All India,UR
3,719,Jammu and Kashmir,"AIIMS, Jammu",OBG,AIIMS-All India,UR
3,727,Rajasthan,"AIIMS, Jodhpur",EMERGENCY MEDICINE,AIIMS-All India,UR
3,736,Pondicherry,"JIPMER, Puducherry",DERMATOLOGY,JIPMER-All India,EWS
3,777,Jammu and Kashmir,"AIIMS, Jammu",OBG,AIIMS-All India,UR
3,789,Uttarakhand,"AIIMS, Rishikesh",OBG,AIIMS-Inst. Pref,UR-AIIMS-IP
3,790,Pondicherry,"JIPMER, Puducherry",OBG,JIPMER-All India,OBC
3,800,Rajasthan,"AIIMS, Jodhpur",ANAESTHESIOLOGY,AIIMS-All India,UR
3,819,Jharkhand,"AIIMS, Deoghar",ENT,AIIMS-All India,UR
3,822,Chandigarh,"PGIMER, Chandigarh",ANAESTHESIOLOGY,PGIMER-All India,UR
3,836,Madhya Pradesh,"AIIMS, Bhopal",ANAESTHESIOLOGY,AIIMS-All India,UR
3,847,Punjab,"AIIMS, Bathinda",CARDIO THORACIC AND VASCULAR SURGERY 6 YRS,AIIMS-All India,UR
3,862,Bihar,"AIIMS, Patna",PAEDIATRIC SURGERY 6 YRS,AIIMS-All India,UR
3,865,Madhya Pradesh,"AIIMS, Bhopal",OPHTHALMOLOGY,AIIMS-All India,OBC
3,876,Uttar Pradesh,"AIIMS, Gorakhpur",OPHTHALMOLOGY,AIIMS-All India,UR
3,883,Odisha,"AIIMS, Bhubaneswar",OPHTHALMOLOGY,AIIMS-Inst. Pref,UR-AIIMS-IP
3,885,Madhya Pradesh,"AIIMS, Bhopal",PAEDIATRIC SURGERY 6 YRS,AIIMS-Inst. Pref,UR-AIIMS-IP
3,892,Odisha,"AIIMS, Bhubaneswar",OBG,AIIMS-All India,OBC
3,905,Gujarat,"AIIMS, Rajkot",RADIATION ONCOLOGY,AIIMS-All India,UR
3,911,Odisha,"AIIMS, Bhubaneswar",GENERAL SURGERY,AIIMS-Inst. Pref,UR-AIIMS-IP
3,935,Jharkhand,"AIIMS, Deoghar",GENERAL MEDICINE,AIIMS-All India,EWS
3,936,Assam,"AIIMS, Guwahati",EMERGENCY MEDICINE,AIIMS-All India,UR
3,941,Madhya Pradesh,"AIIMS, Bhopal",GERIATRICS,AIIMS-All India,UR
3,945,Gujarat,"AIIMS, Rajkot",OPHTHALMOLOGY,AIIMS-All India,UR
3,954,Assam,"AIIMS, Guwahati",RADIATION ONCOLOGY,AIIMS-All India,UR
3,979,Maharashtra,"AIIMS, Nagpur",ANAESTHESIOLOGY,AIIMS-All India,UR
3,984,Odisha,"AIIMS, Bhubaneswar",ANAESTHESIOLOGY,AIIMS-All India,UR
3,985,Uttar Pradesh,"AIIMS, Gorakhpur",OBG,AIIMS-All India,OBC
3,986,Maharashtra,"AIIMS, Nagpur",OPHTHALMOLOGY,AIIMS-All India,OBC
3,1010,Jammu and Kashmir,"AIIMS, Jammu",OPHTHALMOLOGY,AIIMS-All India,UR
3,1020,Odisha,"AIIMS, Bhubaneswar",OPHTHALMOLOGY,AIIMS-All India,OBC
3,1040,Pondicherry,"JIPMER, Puducherry",ANAESTHESIOLOGY,JIPMER-All India,OBC
3,1045,Uttar Pradesh,"AIIMS, Gorakhpur",ANAESTHESIOLOGY,AIIMS-All India,UR
3,1056,Madhya Pradesh,"AIIMS, Bhopal",EMERGENCY MEDICINE,AIIMS-All India,UR
3,1059,Uttarakhand,"AIIMS, Rishikesh",OBG,AIIMS-All India,OBC
3,1071,Jammu and Kashmir,"AIIMS, Jammu",OPHTHALMOLOGY,AIIMS-All India,UR
3,1073,Assam,"AIIMS, Guwahati",ANAESTHESIOLOGY,AIIMS-All India,UR
3,1096,Chhattisgarh,"AIIMS, Raipur",EMERGENCY MEDICINE,AIIMS-All India,UR
3,1135,Gujarat,"AIIMS, Rajkot",ANAESTHESIOLOGY,AIIMS-All India,UR
3,1139,Odisha,"AIIMS, Bhubaneswar",ENT,AIIMS-Inst. Pref,UR-AIIMS-IP
3,1149,Delhi,"AIIMS, Delhi",PHYSIOLOGY,AIIMS-All India,OBC
3,1153,Uttarakhand,"AIIMS, Rishikesh",PSYCHIATRY,AIIMS-Inst. Pref,UR-AIIMS-IP
3,1154,Assam,"AIIMS, Guwahati",ANAESTHESIOLOGY,AIIMS-All India,UR
3,1157,Pondicherry,"JIPMER, Puducherry",ENT,JIPMER-All India,OBC
3,1162,Telangana,"AIIMS, Bibinagar",RADIATION ONCOLOGY,AIIMS-All India,UR
3,1164,Jharkhand,"AIIMS, Deoghar",PAEDIATRICS,AIIMS-All India,OBC
3,1174,Uttarakhand,"AIIMS, Rishikesh",GENERAL SURGERY,AIIMS-Inst. Pref,UR-AIIMS-IP
3,1200,Rajasthan,"AIIMS, Jodhpur",ANAESTHESIOLOGY,AIIMS-All India,EWS
3,1201,Pondicherry,"JIPMER, Puducherry",OPHTHALMOLOGY,JIMPER-Inst. Pref,INST (JIPMER)
3,1208,Madhya Pradesh,"AIIMS, Bhopal",EMERGENCY MEDICINE,AIIMS-All India,OBC
3,1215,Odisha,"AIIMS, Bhubaneswar",ANAESTHESIOLOGY,AIIMS-All India,OBC
3,1221,Maharashtra,"AIIMS, Nagpur",GENERAL SURGERY,AIIMS-All India,OBC
3,1222,Rajasthan,"AIIMS, Jodhpur",ORTHOPAEDICS,AIIMS-All India,OBC
3,1227,Jammu and Kashmir,"AIIMS, Jammu",PSYCHIATRY,AIIMS-All India,UR
3,1280,Jharkhand,"AIIMS, Deoghar",ORTHOPAEDICS,AIIMS-All India,OBC
3,1296,Jammu and Kashmir,"AIIMS, Jammu",ANAESTHESIOLOGY,AIIMS-All India,UR
3,1306,Telangana,"AIIMS, Bibinagar",RADIATION ONCOLOGY,AIIMS-All India,UR
3,1309,Maharashtra,"AIIMS, Nagpur",GENERAL SURGERY,AIIMS-All India,OBC
3,1325,Delhi,"AIIMS, Delhi",PALLIATIVE MEDICINE,AIIMS-All India,UR
3,1335,Chandigarh,"PGIMER, Chandigarh",ENT,PGIMER-All India,OBC
3,1364,Telangana,"AIIMS, Bibinagar",PAEDIATRIC SURGERY 6 YRS,AIIMS-All India,UR
3,1378,Delhi,"AIIMS, Delhi",PATHOLOGY,AIIMS-All India,UR
3,1387,Gujarat,"AIIMS, Rajkot",ANAESTHESIOLOGY,AIIMS-All India,UR
3,1401,Assam,"AIIMS, Guwahati",OPHTHALMOLOGY,AIIMS-All India,UR
3,1431,Rajasthan,"AIIMS, Jodhpur",ANAESTHESIOLOGY,AIIMS-All India,OBC
3,1436,Jammu and Kashmir,"AIIMS, Jammu",PAEDIATRIC SURGERY 6 YRS,AIIMS-All India,UR
3,1439,Jammu and Kashmir,"AIIMS, Jammu",PAEDIATRIC SURGERY 6 YRS,AIIMS-All India,UR
3,1454,Delhi,"AIIMS, Delhi",GERIATRICS,AIIMS-All India,OBC
3,1456,Uttar Pradesh,"AIIMS, Gorakhpur",EMERGENCY MEDICINE,AIIMS-All India,OBC
3,1488,Pondicherry,"JIPMER, Puducherry",PATHOLOGY,JIPMER-All India,OBC
3,1490,Andhra Pradesh,"AIIMS, Mangalagiri",ENT,AIIMS-All India,OBC
3,1492,Uttar Pradesh,"AIIMS, Rai Bareli",OBG,AIIMS-All India,OBC
3,1550,Assam,"AIIMS, Guwahati",ENT,AIIMS-All India,UR
3,1610,Maharashtra,"AIIMS, Nagpur",ANAESTHESIOLOGY,AIIMS-All India,OBC
3,1627,Gujarat,"AIIMS, Rajkot",OPHTHALMOLOGY,AIIMS-All India,OBC
3,1629,Chandigarh,"PGIMER, Chandigarh",PATHOLOGY,PGIMER-All India,UR
3,1630,Chhattisgarh,"AIIMS, Raipur",ANAESTHESIOLOGY,AIIMS-All India,EWS
3,1638,Himachal Pradesh,"AIIMS, Bilaspur, Himachal",OBG,AIIMS-All India,OBC
3,1655,Punjab,"AIIMS, Bathinda",OPHTHALMOLOGY,AIIMS-All India,EWS
3,1668,Bihar,"AIIMS, Patna",ANAESTHESIOLOGY,AIIMS-All India,OBC
3,1670,Gujarat,"AIIMS, Rajkot",FAMILY MEDICINE,AIIMS-All India,UR
3,1683,Karnataka,"NIMHANS, Bangalore",PSYCHIATRY,NIMHANS-KAR Domicile,UR-Karnataka Domicile
3,1693,Pondicherry,"JIPMER, Puducherry",OPHTHALMOLOGY,JIMPER-Inst. Pref,INST (JIPMER)
3,1729,Gujarat,"AIIMS, Rajkot",ORTHOPAEDICS,AIIMS-All India,OBC
3,1767,Chhattisgarh,"AIIMS, Raipur",ANAESTHESIOLOGY,AIIMS-All India,OBC
3,1771,Gujarat,"AIIMS, Rajkot",ORTHOPAEDICS,AIIMS-All India,EWS
3,1833,Chandigarh,"PGIMER, Chandigarh",PATHOLOGY,PGIMER-All India,UR
3,1834,Andhra Pradesh,"AIIMS, Mangalagiri",OPHTHALMOLOGY,AIIMS-Inst. Pref,UR-AIIMS-IP
3,1842,Jammu and Kashmir,"AIIMS, Jammu",OBG,AIIMS-All India,OBC
3,1882,Pondicherry,"JIPMER, Puducherry",PHARMACOLOGY,JIPMER-All India,UR
3,1887,Maharashtra,"AIIMS, Nagpur",RADIATION ONCOLOGY,AIIMS-All India,OBC
3,1985,Bihar,"AIIMS, Patna",RADIATION ONCOLOGY,AIIMS-All India,OBC
3,2056,Jammu and Kashmir,"AIIMS, Jammu",ENT,AIIMS-All India,EWS
3,2088,Pondicherry,"JIPMER, Puducherry",GENERAL MEDICINE,JIPMER-All India,SC-PwD
3,2222,Rajasthan,"AIIMS, Jodhpur",PATHOLOGY,AIIMS-All India,UR
3,2230,Himachal Pradesh,"AIIMS, Bilaspur, Himachal",ENT,AIIMS-All India,OBC
3,2269,Maharashtra,"AIIMS, Nagpur",PATHOLOGY,AIIMS-All India,UR
3,2271,Chandigarh,"PGIMER, Chandigarh",IHBT,PGIMER-All India,UR
3,2278,Jammu and Kashmir,"AIIMS, Jammu",ORTHOPAEDICS,AIIMS-All India,OBC
3,2308,Madhya Pradesh,"AIIMS, Bhopal",ENT,AIIMS-Inst. Pref,UR-AIIMS-IP
3,2346,Uttarakhand,"AIIMS, Rishikesh",ANAESTHESIOLOGY,AIIMS-All India,EWS
3,2354,Assam,"AIIMS, Guwahati",OBG,AIIMS-All India,EWS
3,2364,Delhi,"AIIMS, Delhi",COMMUNITY MEDICINE,AIIMS-All India,UR
3,2395,Jammu and Kashmir,"AIIMS, Jammu",PATHOLOGY,AIIMS-All India,UR
3,2421,Bihar,"AIIMS, Patna",ANAESTHESIOLOGY,AIIMS-All India,OBC
3,2423,Karnataka,"NIMHANS, Bangalore",PSYCHIATRY,NIMHANS-All India,UR
3,2427,Odisha,"AIIMS, Bhubaneswar",PATHOLOGY,AIIMS-All India,UR
3,2446,Pondicherry,"JIPMER, Puducherry",COMMUNITY MEDICINE,JIMPER-Inst. Pref,INST (JIPMER)
3,2463,Himachal Pradesh,"AIIMS, Bilaspur, Himachal",ANAESTHESIOLOGY,AIIMS-All India,OBC
3,2475,Jharkhand,"AIIMS, Deoghar",ANAESTHESIOLOGY,AIIMS-All India,OBC
3,2502,Odisha,"AIIMS, Bhubaneswar",ENT,AIIMS-All India,OBC
3,2503,Chhattisgarh,"AIIMS, Raipur",PATHOLOGY,AIIMS-All India,UR
3,2588,Gujarat,"AIIMS, Rajkot",ANAESTHESIOLOGY,AIIMS-All India,OBC
3,2686,Delhi,"AIIMS, Delhi",COMMUNITY MEDICINE,AIIMS-All India,UR
3,2745,Odisha,"AIIMS, Bhubaneswar",PSYCHIATRY,AIIMS-All India,OBC
3,2845,Telangana,"AIIMS, Bibinagar",BIOCHEMISTRY,AIIMS-All India,UR
3,2860,Delhi,"AIIMS, Delhi",BIOCHEMISTRY,AIIMS-All India,UR
3,2865,Gujarat,"AIIMS, Rajkot",RADIATION ONCOLOGY,AIIMS-All India,OBC
3,2954,West Bengal,"AIIMS, Kalyani",ANAESTHESIOLOGY,AIIMS-All India,OBC
3,2961,Pondicherry,"JIPMER, Puducherry",IHBT,JIPMER-All India,UR
3,2963,Bihar,"AIIMS, Patna",PATHOLOGY,AIIMS-All India,UR
3,2977,Jharkhand,"AIIMS, Deoghar",ENT,AIIMS-All India,OBC
3,2990,Uttar Pradesh,"AIIMS, Gorakhpur",ENT,AIIMS-All India,EWS
3,3001,Rajasthan,"AIIMS, Jodhpur",NEUROSURGERY 6 YRS,AIIMS-Inst. Pref,UR-AIIMS-IP
3,3027,Delhi,"AIIMS, Delhi",PATHOLOGY,AIIMS-All India,OBC
3,3069,Uttarakhand,"AIIMS, Rishikesh",GENERAL SURGERY,AIIMS-Inst. Pref,UR-AIIMS-IP
3,3093,Rajasthan,"AIIMS, Jodhpur",OPHTHALMOLOGY,AIIMS-Inst. Pref,UR-AIIMS-IP
3,3103,Jharkhand,"AIIMS, Deoghar",ANAESTHESIOLOGY,AIIMS-All India,OBC
3,3121,Rajasthan,"AIIMS, Jodhpur",CARDIO THORACIC AND VASCULAR SURGERY 6 YRS,AIIMS-Inst. Pref,UR-AIIMS-IP
3,3160,Maharashtra,"AIIMS, Nagpur",PATHOLOGY,AIIMS-All India,UR
3,3164,Bihar,"AIIMS, Patna",PSYCHIATRY,AIIMS-All India,OBC
3,3166,Rajasthan,"AIIMS, Jodhpur",COMMUNITY MEDICINE,AIIMS-All India,UR
3,3200,Delhi,"AIIMS, Delhi",HOSPITAL ADMINISTRATION,AIIMS-All India,UR
3,3222,Gujarat,"AIIMS, Rajkot",ENT,AIIMS-All India,OBC
3,3244,Pondicherry,"JIPMER, Puducherry",COMMUNITY MEDICINE,JIPMER-All India,UR
3,3274,Maharashtra,"AIIMS, Nagpur",GENERAL SURGERY,AIIMS-Inst. Pref,UR-AIIMS-IP
3,3366,Jammu and Kashmir,"AIIMS, Jammu",ANAESTHESIOLOGY,AIIMS-All India,OBC
3,3465,Himachal Pradesh,"AIIMS, Bilaspur, Himachal",PSYCHIATRY,AIIMS-All India,OBC
3,3518,Chandigarh,"PGIMER, Chandigarh",IHBT,PGIMER-All India,UR
3,3537,Karnataka,"NIMHANS, Bangalore",PSYCHIATRY,NIMHANS-All India,EWS
3,3559,Odisha,"AIIMS, Bhubaneswar",PAEDIATRICS,AIIMS-All India,SC
3,3584,West Bengal,"AIIMS, Kalyani",PATHOLOGY,AIIMS-All India,UR
3,3637,Chhattisgarh,"AIIMS, Raipur",PMR,AIIMS-All India,OBC
3,3646,Maharashtra,"AIIMS, Nagpur",PHYSIOLOGY,AIIMS-All India,UR
3,3704,Gujarat,"AIIMS, Rajkot",PATHOLOGY,AIIMS-All India,UR
3,3719,Maharashtra,"AIIMS, Nagpur",EMERGENCY MEDICINE,AIIMS-Inst. Pref,UR-AIIMS-IP
3,3805,Himachal Pradesh,"AIIMS, Bilaspur, Himachal",PATHOLOGY,AIIMS-All India,UR
3,3818,Delhi,"AIIMS, Delhi",MICROBIOLOGY,AIIMS-All India,UR
3,3845,Jammu and Kashmir,"AIIMS, Jammu",ENT,AIIMS-All India,OBC
3,4077,Pondicherry,"JIPMER, Puducherry",MICROBIOLOGY,JIPMER-All India,UR
3,4159,Rajasthan,"AIIMS, Jodhpur",PHARMACOLOGY,AIIMS-All India,UR
3,4187,Karnataka,"NIMHANS, Bangalore",PSYCHIATRY,NIMHANS-KAR Domicile,OBC-Karnataka Domicile
3,4228,Uttarakhand,"AIIMS, Rishikesh",FORENSIC MEDICINE,AIIMS-All India,UR
3,4259,Rajasthan,"AIIMS, Jodhpur",PATHOLOGY,AIIMS-All India,OBC
3,4546,Chandigarh,"PGIMER, Chandigarh",COMMUNITY MEDICINE,PGIMER-All India,OBC
3,4550,Chhattisgarh,"AIIMS, Raipur",FAMILY MEDICINE,AIIMS-All India,OBC
3,4592,Chhattisgarh,"AIIMS, Raipur",OBG,AIIMS-All India,SC
3,4625,Maharashtra,"AIIMS, Nagpur",ANAESTHESIOLOGY,AIIMS-All India,EWS
3,4638,Odisha,"AIIMS, Bhubaneswar",COMMUNITY MEDICINE,AIIMS-All India,OBC
3,4726,Telangana,"AIIMS, Bibinagar",PMR,AIIMS-All India,UR
3,4780,Odisha,"AIIMS, Bhubaneswar",PATHOLOGY,AIIMS-All India,OBC
3,4844,Odisha,"AIIMS, Bhubaneswar",HOSPITAL ADMINISTRATION,AIIMS-All India,UR
3,4902,Chandigarh,"PGIMER, Chandigarh",PATHOLOGY,PGIMER-All India,OBC
3,4934,Pondicherry,"JIPMER, Puducherry",PHARMACOLOGY,JIPMER-All India,UR
3,4996,Himachal Pradesh,"AIIMS, Bilaspur, Himachal",ORTHOPAEDICS,AIIMS-All India,SC
3,5112,West Bengal,"AIIMS, Kalyani",PATHOLOGY,AIIMS-All India,UR
3,5130,Chandigarh,"PGIMER, Chandigarh",MICROBIOLOGY,PGIMER-All India,UR
3,5143,Odisha,"AIIMS, Bhubaneswar",COMMUNITY MEDICINE,AIIMS-All India,UR
3,5159,Odisha,"AIIMS, Bhubaneswar",GENERAL SURGERY,AIIMS-All India,SC
3,5188,Uttarakhand,"AIIMS, Rishikesh",MICROBIOLOGY,AIIMS-All India,UR
3,5199,Jammu and Kashmir,"AIIMS, Jammu",PAEDIATRICS,AIIMS-All India,SC
3,5307,Pondicherry,"JIPMER, Puducherry",FORENSIC MEDICINE,JIPMER-All India,UR
3,5312,Odisha,"AIIMS, Bhubaneswar",IHBT,AIIMS-All India,UR
3,5341,Chandigarh,"PGIMER, Chandigarh",MICROBIOLOGY,PGIMER-All India,UR
3,5437,Uttarakhand,"AIIMS, Rishikesh",CARDIO THORACIC AND VASCULAR SURGERY 6 YRS,AIIMS-Inst. Pref,UR-AIIMS-IP
3,5468,Rajasthan,"AIIMS, Jodhpur",HOSPITAL ADMINISTRATION,AIIMS-All India,UR
3,5668,Chandigarh,"PGIMER, Chandigarh",OPHTHALMOLOGY,PGIMER-All India,SC
3,5756,Uttarakhand,"AIIMS, Rishikesh",OPHTHALMOLOGY,AIIMS-All India,SC
3,5808,Delhi,"AIIMS, Delhi",ANATOMY,AIIMS-All India,UR
3,5868,Chhattisgarh,"AIIMS, Raipur",COMMUNITY MEDICINE,AIIMS-All India,UR
3,6056,Jharkhand,"AIIMS, Deoghar",OPHTHALMOLOGY,AIIMS-All India,EWS
3,6151,Himachal Pradesh,"AIIMS, Bilaspur, Himachal",COMMUNITY & FAMILY MEDICINE,AIIMS-All India,UR
3,6223,Pondicherry,"JIPMER, Puducherry",ANAESTHESIOLOGY,JIPMER-All India,SC
3,6236,Assam,"AIIMS, Guwahati",PMR,AIIMS-All India,UR
3,6282,Bihar,"AIIMS, Patna",PMR,AIIMS-All India,OBC
3,6314,Maharashtra,"AIIMS, Nagpur",COMMUNITY MEDICINE,AIIMS-Inst. Pref,UR-AIIMS-IP
3,6339,Pondicherry,"JIPMER, Puducherry",PAEDIATRICS,JIPMER-All India,ST
3,6496,Delhi,"AIIMS, Delhi",PALLIATIVE MEDICINE,AIIMS-All India,OBC
3,6505,Madhya Pradesh,"AIIMS, Bhopal",PATHOLOGY,AIIMS-All India,OBC
3,6546,Chandigarh,"PGIMER, Chandigarh",PATHOLOGY,PGIMER-All India,OBC
3,6548,Jammu and Kashmir,"AIIMS, Jammu",GENERAL SURGERY,AIIMS-All India,SC
3,6560,Pondicherry,"JIPMER, Puducherry",MICROBIOLOGY,JIPMER-All India,UR
3,6590,Maharashtra,"AIIMS, Nagpur",PATHOLOGY,AIIMS-All India,OBC
3,6602,Odisha,"AIIMS, Bhubaneswar",COMMUNITY MEDICINE,AIIMS-Inst. Pref,UR-AIIMS-IP
3,6615,Chandigarh,"PGIMER, Chandigarh",GENERAL SURGERY,PGIMER-All India,ST
3,6760,Uttar Pradesh,"AIIMS, Gorakhpur",GENERAL SURGERY,AIIMS-All India,SC
3,6785,Jharkhand,"AIIMS, Deoghar",PATHOLOGY,AIIMS-All India,UR
3,6854,Maharashtra,"AIIMS, Nagpur",PATHOLOGY,AIIMS-All India,OBC
3,6898,Uttar Pradesh,"AIIMS, Rai Bareli",PMR,AIIMS-All India,UR
3,6940,Uttar Pradesh,"AIIMS, Gorakhpur",COMMUNITY & FAMILY MEDICINE,AIIMS-All India,OBC
3,6943,Uttarakhand,"AIIMS, Rishikesh",BIOCHEMISTRY,AIIMS-All India,UR
3,6974,Jharkhand,"AIIMS, Deoghar",OPHTHALMOLOGY,AIIMS-All India,SC
3,6982,Chhattisgarh,"AIIMS, Raipur",ANAESTHESIOLOGY,AIIMS-Inst. Pref,UR-AIIMS-IP
3,7002,Pondicherry,"JIPMER, Puducherry",ORTHOPAEDICS,JIPMER-All India,ST-PwD
3,7070,Odisha,"AIIMS, Bhubaneswar",EMERGENCY MEDICINE,AIIMS-Inst. Pref,UR-AIIMS-IP
3,7100,Chhattisgarh,"AIIMS, Raipur",PSYCHIATRY,AIIMS-All India,EWS
3,7143,Odisha,"AIIMS, Bhubaneswar",IHBT,AIIMS-All India,UR
3,7144,Rajasthan,"AIIMS, Jodhpur",BIOCHEMISTRY,AIIMS-All India,UR
3,7190,Delhi,"AIIMS, Delhi",HOSPITAL ADMINISTRATION,AIIMS-All India,OBC
3,7235,Madhya Pradesh,"AIIMS, Bhopal",HOSPITAL ADMINISTRATION,AIIMS-All India,UR
3,7299,Bihar,"AIIMS, Patna",ANAESTHESIOLOGY,AIIMS-Inst. Pref,UR-AIIMS-IP
3,7529,Maharashtra,"AIIMS, Nagpur",PAEDIATRIC SURGERY 6 YRS,AIIMS-Inst. Pref,UR-AIIMS-IP
3,7592,Chandigarh,"PGIMER, Chandigarh",GENERAL SURGERY,PGIMER-Rural,OBC-RA
3,7633,Madhya Pradesh,"AIIMS, Bhopal",PHARMACOLOGY,AIIMS-All India,UR
3,7941,Odisha,"AIIMS, Bhubaneswar",PATHOLOGY,AIIMS-Inst. Pref,UR-AIIMS-IP
3,7945,Rajasthan,"AIIMS, Jodhpur",PAEDIATRIC SURGERY 6 YRS,AIIMS-Inst. Pref,UR-AIIMS-IP
3,8017,Madhya Pradesh,"AIIMS, Bhopal",ANATOMY,AIIMS-All India,OBC
3,8031,Chandigarh,"PGIMER, Chandigarh",ANAESTHESIOLOGY,PGIMER-All India,SC
3,8056,Assam,"AIIMS, Guwahati",PSYCHIATRY,AIIMS-All India,EWS
3,8107,Pondicherry,"JIPMER, Puducherry",PMR,JIPMER-All India,EWS
3,8114,Uttarakhand,"AIIMS, Rishikesh",EMERGENCY MEDICINE,AIIMS-All India,SC
3,8121,Assam,"AIIMS, Guwahati",COMMUNITY & FAMILY MEDICINE,AIIMS-All India,UR
3,8325,Gujarat,"AIIMS, Rajkot",OPHTHALMOLOGY,AIIMS-All India,EWS
3,8332,Chhattisgarh,"AIIMS, Raipur",PATHOLOGY,AIIMS-All India,OBC
3,8498,Uttarakhand,"AIIMS, Rishikesh",IHBT,AIIMS-All India,UR
3,8572,Rajasthan,"AIIMS, Jodhpur",ANAESTHESIOLOGY,AIIMS-All India,SC
3,8582,Gujarat,"AIIMS, Rajkot",PATHOLOGY,AIIMS-All India,OBC
3,8614,Jammu and Kashmir,"AIIMS, Jammu",OBG,AIIMS-All India,SC
3,8636,Andhra Pradesh,"AIIMS, Mangalagiri",COMMUNITY MEDICINE,AIIMS-All India,UR
3,8977,Delhi,"AIIMS, Delhi",PHARMACOLOGY,AIIMS-All India,OBC
3,9258,Maharashtra,"AIIMS, Nagpur",ENT,AIIMS-All India,SC
3,9362,Odisha,"AIIMS, Bhubaneswar",PHARMACOLOGY,AIIMS-All India,OBC
3,9385,Pondicherry,"JIPMER, Puducherry",FORENSIC MEDICINE,JIPMER-All India,UR
3,9405,Jammu and Kashmir,"AIIMS, Jammu",IHBT,AIIMS-All India,UR
3,9429,Uttar Pradesh,"AIIMS, Rai Bareli",COMMUNITY MEDICINE,AIIMS-All India,UR
3,9533,Madhya Pradesh,"AIIMS, Bhopal",HOSPITAL ADMINISTRATION,AIIMS-All India,OBC
3,9684,Delhi,"AIIMS, Delhi",PHYSIOLOGY,AIIMS-All India,UR
3,9721,Gujarat,"AIIMS, Rajkot",ENT,AIIMS-All India,SC
3,9727,Delhi,"AIIMS, Delhi",OPHTHALMOLOGY,AIIMS-All India,ST
3,10053,Himachal Pradesh,"AIIMS, Bilaspur, Himachal",RADIATION ONCOLOGY,AIIMS-All India,SC
3,10275,Odisha,"AIIMS, Bhubaneswar",HOSPITAL ADMINISTRATION,AIIMS-All India,UR
3,10282,Andhra Pradesh,"AIIMS, Mangalagiri",PHARMACOLOGY,AIIMS-All India,UR
3,10287,Andhra Pradesh,"AIIMS, Mangalagiri",FORENSIC MEDICINE,AIIMS-All India,UR
3,10344,Chandigarh,"PGIMER, Chandigarh",BIOCHEMISTRY,PGIMER-All India,UR
3,10367,Rajasthan,"AIIMS, Jodhpur",IHBT,AIIMS-All India,UR
3,10416,Delhi,"AIIMS, Delhi",PATHOLOGY,AIIMS-All India,EWS
3,10620,Gujarat,"AIIMS, Rajkot",PHARMACOLOGY,AIIMS-All India,UR
3,10737,Delhi,"AIIMS, Delhi",BIOPHYSICS,AIIMS-All India,OBC
3,10813,Chandigarh,"PGIMER, Chandigarh",OPHTHALMOLOGY,PGIMER-Rural,UR-RA
3,10881,Maharashtra,"AIIMS, Nagpur",COMMUNITY MEDICINE,AIIMS-All India,UR
3,10913,Andhra Pradesh,"AIIMS, Mangalagiri",ANAESTHESIOLOGY,AIIMS-All India,SC
3,10922,Jharkhand,"AIIMS, Deoghar",OBG,AIIMS-All India,ST
3,11209,Chhattisgarh,"AIIMS, Raipur",COMMUNITY MEDICINE,AIIMS-All India,UR
3,11362,Jammu and Kashmir,"AIIMS, Jammu",COMMUNITY MEDICINE,AIIMS-All India,UR
3,11461,Pondicherry,"JIPMER, Puducherry",BIOCHEMISTRY,JIPMER-All India,UR
3,11462,Pondicherry,"JIPMER, Puducherry",PHYSIOLOGY,JIPMER-All India,UR
3,11488,Chandigarh,"PGIMER, Chandigarh",IHBT,PGIMER-All India,OBC
3,11505,Himachal Pradesh,"AIIMS, Bilaspur, Himachal",OBG,AIIMS-All India,ST
3,11576,Rajasthan,"AIIMS, Jodhpur",IHBT,AIIMS-All India,UR
3,11627,Delhi,"AIIMS, Delhi",IHBT,AIIMS-All India,OBC
3,11721,Maharashtra,"AIIMS, Nagpur",ANAESTHESIOLOGY,AIIMS-All India,SC
3,11929,Uttar Pradesh,"AIIMS, Rai Bareli",PHARMACOLOGY,AIIMS-All India,UR
3,12030,Jammu and Kashmir,"AIIMS, Jammu",COMMUNITY MEDICINE,AIIMS-All India,UR
3,12209,Maharashtra,"AIIMS, Nagpur",HOSPITAL ADMINISTRATION,AIIMS-All India,UR
3,12365,Madhya Pradesh,"AIIMS, Bhopal",FORENSIC MEDICINE,AIIMS-All India,UR
3,12415,Rajasthan,"AIIMS, Jodhpur",MICROBIOLOGY,AIIMS-All India,UR
3,12545,Uttar Pradesh,"AIIMS, Gorakhpur",ANAESTHESIOLOGY,AIIMS-All India,SC
3,12606,Jammu and Kashmir,"AIIMS, Jammu",COMMUNITY MEDICINE,AIIMS-All India,UR
3,12710,Uttarakhand,"AIIMS, Rishikesh",GERIATRICS,AIIMS-All India,SC
3,12850,Assam,"AIIMS, Guwahati",PATHOLOGY,AIIMS-All India,OBC
3,12858,Telangana,"AIIMS, Bibinagar",HOSPITAL ADMINISTRATION,AIIMS-All India,OBC
3,12898,Jammu and Kashmir,"AIIMS, Jammu",ANAESTHESIOLOGY,AIIMS-All India,SC
3,12921,Bihar,"AIIMS, Patna",PHARMACOLOGY,AIIMS-All India,UR
3,12932,Madhya Pradesh,"AIIMS, Bhopal",GENERAL SURGERY,AIIMS-All India,ST
3,12958,Madhya Pradesh,"AIIMS, Bhopal",EMERGENCY MEDICINE,AIIMS-Inst. Pref,UR-AIIMS-IP
3,12992,Uttar Pradesh,"AIIMS, Rai Bareli",IHBT,AIIMS-All India,UR
3,13034,Andhra Pradesh,"AIIMS, Mangalagiri",MICROBIOLOGY,AIIMS-All India,OBC
3,13591,Uttar Pradesh,"AIIMS, Rai Bareli",PATHOLOGY,AIIMS-All India,OBC
3,13725,Madhya Pradesh,"AIIMS, Bhopal",BIOCHEMISTRY,AIIMS-All India,UR
3,13751,Rajasthan,"AIIMS, Jodhpur",EMERGENCY MEDICINE,AIIMS-All India,SC
3,13752,Gujarat,"AIIMS, Rajkot",ANAESTHESIOLOGY,AIIMS-All India,SC
3,13812,Maharashtra,"AIIMS, Nagpur",COMMUNITY MEDICINE,AIIMS-All India,OBC
3,13820,Odisha,"AIIMS, Bhubaneswar",PMR,AIIMS-Inst. Pref,UR-AIIMS-IP
3,13830,Maharashtra,"AIIMS, Nagpur",PMR,AIIMS-All India,EWS
3,13857,Chandigarh,"PGIMER, Chandigarh",PSYCHIATRY,PGIMER-All India,ST
3,13910,Uttar Pradesh,"AIIMS, Gorakhpur",MICROBIOLOGY,AIIMS-All India,UR
3,13984,Andhra Pradesh,"AIIMS, Mangalagiri",ANATOMY,AIIMS-All India,OBC
3,14170,Delhi,"AIIMS, Delhi",ANATOMY,AIIMS-All India,UR
3,14189,Assam,"AIIMS, Guwahati",PMR,AIIMS-All India,EWS
3,14208,Telangana,"AIIMS, Bibinagar",IHBT,AIIMS-All India,OBC
3,14225,Himachal Pradesh,"AIIMS, Bilaspur, Himachal",COMMUNITY & FAMILY MEDICINE,AIIMS-All India,UR
3,14383,Pondicherry,"JIPMER, Puducherry",PATHOLOGY,JIPMER-All India,SC
3,14415,Uttar Pradesh,"AIIMS, Rai Bareli",PATHOLOGY,AIIMS-All India,OBC
3,14691,Jammu and Kashmir,"AIIMS, Jammu",COMMUNITY MEDICINE,AIIMS-All India,UR
3,14706,Jammu and Kashmir,"AIIMS, Jammu",PATHOLOGY,AIIMS-All India,EWS
3,14994,Odisha,"AIIMS, Bhubaneswar",IHBT,AIIMS-All India,OBC
3,15176,Rajasthan,"AIIMS, Jodhpur",PSYCHIATRY,AIIMS-Inst. Pref,UR-AIIMS-IP
3,15190,Uttar Pradesh,"AIIMS, Rai Bareli",FORENSIC MEDICINE,AIIMS-All India,EWS
3,15220,Delhi,"AIIMS, Delhi",BIOCHEMISTRY,AIIMS-All India,EWS
3,15274,Jammu and Kashmir,"AIIMS, Jammu",HOSPITAL ADMINISTRATION,AIIMS-All India,UR
3,15321,Uttar Pradesh,"AIIMS, Gorakhpur",PHARMACOLOGY,AIIMS-All India,UR
3,15364,Chhattisgarh,"AIIMS, Raipur",IHBT,AIIMS-Inst. Pref,UR-AIIMS-IP
3,15367,Chhattisgarh,"AIIMS, Raipur",MICROBIOLOGY,AIIMS-All India,UR
3,15491,Madhya Pradesh,"AIIMS, Bhopal",PATHOLOGY,AIIMS-Inst. Pref,UR-AIIMS-IP
3,15533,Chhattisgarh,"AIIMS, Raipur",COMMUNITY MEDICINE,AIIMS-All India,OBC
3,15727,Bihar,"AIIMS, Patna",EMERGENCY MEDICINE,AIIMS-All India,SC
3,15755,Uttarakhand,"AIIMS, Rishikesh",BIOCHEMISTRY,AIIMS-All India,UR
3,15871,Telangana,"AIIMS, Bibinagar",FORENSIC MEDICINE,AIIMS-All India,UR
3,15937,Delhi,"AIIMS, Delhi",PATHOLOGY,AIIMS-All India,SC
3,15980,Rajasthan,"AIIMS, Jodhpur",PHYSIOLOGY,AIIMS-All India,UR
3,16014,Uttar Pradesh,"AIIMS, Rai Bareli",IHBT,AIIMS-All India,OBC
3,16115,Andhra Pradesh,"AIIMS, Mangalagiri",PSYCHIATRY,AIIMS-Inst. Pref,UR-AIIMS-IP
3,16237,Pondicherry,"JIPMER, Puducherry",PHYSIOLOGY,JIPMER-All India,UR
3,16284,Rajasthan,"AIIMS, Jodhpur",ANAESTHESIOLOGY,AIIMS-Inst. Pref,UR-AIIMS-IP
3,16566,Jammu and Kashmir,"AIIMS, Jammu",COMMUNITY MEDICINE,AIIMS-All India,UR
3,16569,Jammu and Kashmir,"AIIMS, Jammu",IHBT,AIIMS-All India,UR
3,16666,Rajasthan,"AIIMS, Jodhpur",HOSPITAL ADMINISTRATION,AIIMS-All India,OBC
3,16674,Rajasthan,"AIIMS, Jodhpur",MICROBIOLOGY,AIIMS-All India,UR
3,16854,Andhra Pradesh,"AIIMS, Mangalagiri",IHBT,AIIMS-All India,OBC
3,16924,Madhya Pradesh,"AIIMS, Bhopal",MICROBIOLOGY,AIIMS-All India,UR
3,16943,Assam,"AIIMS, Guwahati",PHARMACOLOGY,AIIMS-All India,UR
3,17117,Gujarat,"AIIMS, Rajkot",COMMUNITY & FAMILY MEDICINE,AIIMS-All India,OBC
3,17387,Chandigarh,"PGIMER, Chandigarh",PATHOLOGY,PGIMER-All India,SC
3,17513,Rajasthan,"AIIMS, Jodhpur",EMERGENCY MEDICINE,AIIMS-All India,ST
3,17529,Odisha,"AIIMS, Bhubaneswar",PHYSIOLOGY,AIIMS-All India,UR
3,17675,Madhya Pradesh,"AIIMS, Bhopal",PHYSIOLOGY,AIIMS-All India,UR
3,17778,Rajasthan,"AIIMS, Jodhpur",FORENSIC MEDICINE,AIIMS-All India,UR
3,17818,Jammu and Kashmir,"AIIMS, Jammu",PHARMACOLOGY,AIIMS-All India,OBC
3,17889,Rajasthan,"AIIMS, Jodhpur",MICROBIOLOGY,AIIMS-All India,OBC
3,17922,Rajasthan,"AIIMS, Jodhpur",COMMUNITY MEDICINE,AIIMS-All India,SC
3,17998,Bihar,"AIIMS, Patna",IHBT,AIIMS-All India,OBC
3,18082,Jharkhand,"AIIMS, Deoghar",COMMUNITY & FAMILY MEDICINE,AIIMS-All India,OBC
3,18226,Maharashtra,"AIIMS, Nagpur",ANAESTHESIOLOGY,AIIMS-Inst. Pref,UR-AIIMS-IP
3,18413,Assam,"AIIMS, Guwahati",COMMUNITY & FAMILY MEDICINE,AIIMS-All India,OBC
3,18637,Uttar Pradesh,"AIIMS, Rai Bareli",OPHTHALMOLOGY,AIIMS-All India,ST
3,18638,Pondicherry,"JIPMER, Puducherry",RADIATION ONCOLOGY,JIPMER-All India,ST
3,18662,Rajasthan,"AIIMS, Jodhpur",PSYCHIATRY,AIIMS-Inst. Pref,UR-AIIMS-IP
3,18673,Rajasthan,"AIIMS, Jodhpur",PHYSIOLOGY,AIIMS-All India,OBC
3,18952,Maharashtra,"AIIMS, Nagpur",FAMILY MEDICINE,AIIMS-All India,EWS
3,19235,Rajasthan,"AIIMS, Jodhpur",BIOCHEMISTRY,AIIMS-All India,UR
3,19311,Odisha,"AIIMS, Bhubaneswar",BIOCHEMISTRY,AIIMS-Inst. Pref,UR-AIIMS-IP
3,19459,Rajasthan,"AIIMS, Jodhpur",FORENSIC MEDICINE,AIIMS-All India,OBC
3,19618,Jammu and Kashmir,"AIIMS, Jammu",PATHOLOGY,AIIMS-All India,OBC
3,19621,Gujarat,"AIIMS, Rajkot",MICROBIOLOGY,AIIMS-All India,UR
3,19869,Delhi,"AIIMS, Delhi",ANATOMY,AIIMS-All India,OBC
3,19929,Madhya Pradesh,"AIIMS, Bhopal",MICROBIOLOGY,AIIMS-All India,UR
3,20124,Chandigarh,"PGIMER, Chandigarh",MICROBIOLOGY,PGIMER-All India,OBC
3,20134,Uttar Pradesh,"AIIMS, Rai Bareli",COMMUNITY MEDICINE,AIIMS-All India,OBC
3,20167,Jammu and Kashmir,"AIIMS, Jammu",PHARMACOLOGY,AIIMS-All India,UR
3,20179,Rajasthan,"AIIMS, Jodhpur",BIOCHEMISTRY,AIIMS-All India,UR
3,20763,Rajasthan,"AIIMS, Jodhpur",FAMILY MEDICINE,AIIMS-All India,SC
3,20787,Chhattisgarh,"AIIMS, Raipur",PHYSIOLOGY,AIIMS-All India,UR
3,20788,Jammu and Kashmir,"AIIMS, Jammu",PATHOLOGY,AIIMS-All India,SC
3,20990,Delhi,"AIIMS, Delhi",ANATOMY,AIIMS-All India,OBC
3,21195,Chhattisgarh,"AIIMS, Raipur",IHBT,AIIMS-All India,OBC
3,21363,Rajasthan,"AIIMS, Jodhpur",PATHOLOGY,AIIMS-All India,SC
3,21379,Jharkhand,"AIIMS, Deoghar",COMMUNITY & FAMILY MEDICINE,AIIMS-All India,EWS
3,21622,Jammu and Kashmir,"AIIMS, Jammu",FORENSIC MEDICINE,AIIMS-All India,UR
3,21831,Delhi,"AIIMS, Delhi",HOSPITAL ADMINISTRATION,AIIMS-All India,SC
3,21859,Bihar,"AIIMS, Patna",MICROBIOLOGY,AIIMS-Inst. Pref,UR-AIIMS-IP
3,21920,Bihar,"AIIMS, Patna",BIOCHEMISTRY,AIIMS-All India,UR
3,22002,Bihar,"AIIMS, Patna",PHYSIOLOGY,AIIMS-All India,UR
3,22132,Madhya Pradesh,"AIIMS, Bhopal",FORENSIC MEDICINE,AIIMS-All India,UR
3,22197,Jammu and Kashmir,"AIIMS, Jammu",MICROBIOLOGY,AIIMS-All India,UR
3,22230,Odisha,"AIIMS, Bhubaneswar",PATHOLOGY,AIIMS-All India,SC
3,22253,Madhya Pradesh,"AIIMS, Bhopal",BIOCHEMISTRY,AIIMS-All India,UR
3,22358,Maharashtra,"AIIMS, Nagpur",HOSPITAL ADMINISTRATION,AIIMS-All India,OBC
3,22359,West Bengal,"AIIMS, Kalyani",MICROBIOLOGY,AIIMS-All India,OBC
3,22471,Andhra Pradesh,"AIIMS, Mangalagiri",BIOCHEMISTRY,AIIMS-All India,UR
3,22529,Maharashtra,"AIIMS, Nagpur",PSYCHIATRY,AIIMS-All India,ST
3,22629,Madhya Pradesh,"AIIMS, Bhopal",PHYSIOLOGY,AIIMS-All India,OBC
3,22701,Assam,"AIIMS, Guwahati",PHYSIOLOGY,AIIMS-All India,UR
3,22961,Delhi,"AIIMS, Delhi",HOSPITAL ADMINISTRATION,AIIMS-All India,ST
3,23021,Jammu and Kashmir,"AIIMS, Jammu",HOSPITAL ADMINISTRATION,AIIMS-All India,UR
3,23421,Jammu and Kashmir,"AIIMS, Jammu",PHARMACOLOGY,AIIMS-All India,UR
3,23560,Rajasthan,"AIIMS, Jodhpur",FORENSIC MEDICINE,AIIMS-All India,UR
3,23682,Rajasthan,"AIIMS, Jodhpur",ANATOMY,AIIMS-All India,UR
3,23812,Maharashtra,"AIIMS, Nagpur",MICROBIOLOGY,AIIMS-All India,UR
3,23822,Jammu and Kashmir,"AIIMS, Jammu",COMMUNITY MEDICINE,AIIMS-All India,OBC
3,24152,Jammu and Kashmir,"AIIMS, Jammu",BIOCHEMISTRY,AIIMS-All India,UR
3,24220,Uttar Pradesh,"AIIMS, Rai Bareli",PHYSIOLOGY,AIIMS-All India,UR
3,24262,Chhattisgarh,"AIIMS, Raipur",MICROBIOLOGY,AIIMS-All India,UR
3,24629,Rajasthan,"AIIMS, Jodhpur",PMR,AIIMS-All India,SC
3,24673,Maharashtra,"AIIMS, Nagpur",FORENSIC MEDICINE,AIIMS-All India,UR
3,24732,Chhattisgarh,"AIIMS, Raipur",COMMUNITY MEDICINE,AIIMS-All India,SC
3,24745,Jammu and Kashmir,"AIIMS, Jammu",PHARMACOLOGY,AIIMS-All India,UR
3,24766,Uttar Pradesh,"AIIMS, Rai Bareli",MICROBIOLOGY,AIIMS-All India,UR
3,24792,Chhattisgarh,"AIIMS, Raipur",PATHOLOGY,AIIMS-All India,SC
3,24981,Odisha,"AIIMS, Bhubaneswar",BIOCHEMISTRY,AIIMS-All India,OBC
3,25133,Uttar Pradesh,"AIIMS, Gorakhpur",PHYSIOLOGY,AIIMS-All India,UR
3,25145,Chhattisgarh,"AIIMS, Raipur",FORENSIC MEDICINE,AIIMS-All India,UR
3,25196,Rajasthan,"AIIMS, Jodhpur",MICROBIOLOGY,AIIMS-All India,OBC
3,25350,Chhattisgarh,"AIIMS, Raipur",MICROBIOLOGY,AIIMS-All India,OBC
3,25399,Odisha,"AIIMS, Bhubaneswar",COMMUNITY MEDICINE,AIIMS-Inst. Pref,UR-AIIMS-IP
3,25404,Bihar,"AIIMS, Patna",FORENSIC MEDICINE,AIIMS-All India,UR
3,25778,Pondicherry,"JIPMER, Puducherry",ANATOMY,JIPMER-All India,UR
3,26320,Telangana,"AIIMS, Bibinagar",ANATOMY,AIIMS-All India,UR
3,26525,Delhi,"AIIMS, Delhi",MICROBIOLOGY,AIIMS-All India,EWS
3,27017,Rajasthan,"AIIMS, Jodhpur",MICROBIOLOGY,AIIMS-All India,OBC
3,27535,West Bengal,"AIIMS, Kalyani",MICROBIOLOGY,AIIMS-All India,UR
3,27741,Maharashtra,"AIIMS, Nagpur",MICROBIOLOGY,AIIMS-All India,UR
3,27761,Rajasthan,"AIIMS, Jodhpur",ENT,AIIMS-All India,ST
3,28202,Assam,"AIIMS, Guwahati",ANAESTHESIOLOGY,AIIMS-All India,ST
3,28239,Andhra Pradesh,"AIIMS, Mangalagiri",EMERGENCY MEDICINE,AIIMS-All India,ST
3,28274,Maharashtra,"AIIMS, Nagpur",MICROBIOLOGY,AIIMS-All India,OBC
3,28563,Maharashtra,"AIIMS, Nagpur",MICROBIOLOGY,AIIMS-All India,OBC
3,28941,Chhattisgarh,"AIIMS, Raipur",BIOCHEMISTRY,AIIMS-All India,UR
3,29063,Maharashtra,"AIIMS, Nagpur",PSYCHIATRY,AIIMS-Inst. Pref,UR-AIIMS-IP
3,29284,Maharashtra,"AIIMS, Nagpur",BIOCHEMISTRY,AIIMS-All India,UR
3,29341,Chhattisgarh,"AIIMS, Raipur",BIOCHEMISTRY,AIIMS-All India,UR
3,29419,Rajasthan,"AIIMS, Jodhpur",BIOCHEMISTRY,AIIMS-All India,OBC
3,29559,Delhi,"AIIMS, Delhi",ANATOMY,AIIMS-All India,UR
3,29603,Jammu and Kashmir,"AIIMS, Jammu",FORENSIC MEDICINE,AIIMS-All India,UR
3,29777,Assam,"AIIMS, Guwahati",BIOCHEMISTRY,AIIMS-All India,UR
3,29908,Maharashtra,"AIIMS, Nagpur",FAMILY MEDICINE,AIIMS-All India,SC
3,30460,Chhattisgarh,"AIIMS, Raipur",PATHOLOGY,AIIMS-All India,SC
3,30653,Jharkhand,"AIIMS, Deoghar",MICROBIOLOGY,AIIMS-All India,UR
3,30887,Gujarat,"AIIMS, Rajkot",FORENSIC MEDICINE,AIIMS-All India,UR
3,30938,Andhra Pradesh,"AIIMS, Mangalagiri",PHYSIOLOGY,AIIMS-All India,SC
3,31273,Jammu and Kashmir,"AIIMS, Jammu",PHARMACOLOGY,AIIMS-All India,UR
3,31304,Gujarat,"AIIMS, Rajkot",MICROBIOLOGY,AIIMS-All India,UR
3,31320,Gujarat,"AIIMS, Rajkot",FORENSIC MEDICINE,AIIMS-All India,UR
3,31375,Gujarat,"AIIMS, Rajkot",MICROBIOLOGY,AIIMS-All India,UR
3,31693,West Bengal,"AIIMS, Kalyani",BIOCHEMISTRY,AIIMS-All India,OBC
3,31736,Rajasthan,"AIIMS, Jodhpur",FORENSIC MEDICINE,AIIMS-All India,SC
3,31843,Gujarat,"AIIMS, Rajkot",ANAESTHESIOLOGY,AIIMS-All India,ST
3,31911,Jammu and Kashmir,"AIIMS, Jammu",MICROBIOLOGY,AIIMS-All India,UR
3,32119,Maharashtra,"AIIMS, Nagpur",BIOCHEMISTRY,AIIMS-All India,UR
3,32518,Jharkhand,"AIIMS, Deoghar",FORENSIC MEDICINE,AIIMS-All India,UR
3,33085,Uttar Pradesh,"AIIMS, Gorakhpur",MICROBIOLOGY,AIIMS-All India,OBC
3,33278,Chhattisgarh,"AIIMS, Raipur",PHARMACOLOGY,AIIMS-All India,EWS
3,33787,Maharashtra,"AIIMS, Nagpur",BIOCHEMISTRY,AIIMS-All India,UR
3,33812,Assam,"AIIMS, Guwahati",FORENSIC MEDICINE,AIIMS-All India,UR
3,33966,Madhya Pradesh,"AIIMS, Bhopal",ANATOMY,AIIMS-All India,UR
3,34187,Jammu and Kashmir,"AIIMS, Jammu",BIOCHEMISTRY,AIIMS-All India,UR
3,34265,Bihar,"AIIMS, Patna",PATHOLOGY,AIIMS-All India,SC
3,34633,West Bengal,"AIIMS, Kalyani",FORENSIC MEDICINE,AIIMS-All India,UR
3,34811,Uttar Pradesh,"AIIMS, Gorakhpur",ENT,AIIMS-All India,ST
3,34895,West Bengal,"AIIMS, Kalyani",FORENSIC MEDICINE,AIIMS-All India,UR
3,35279,Jharkhand,"AIIMS, Deoghar",PHYSIOLOGY,AIIMS-All India,OBC
3,35573,West Bengal,"AIIMS, Kalyani",COMMUNITY MEDICINE,AIIMS-All India,SC
3,36009,Gujarat,"AIIMS, Rajkot",BIOCHEMISTRY,AIIMS-All India,UR
3,36011,Rajasthan,"AIIMS, Jodhpur",ANATOMY,AIIMS-All India,UR
3,36186,Gujarat,"AIIMS, Rajkot",ENT,AIIMS-All India,ST
3,36191,Rajasthan,"AIIMS, Jodhpur",PHYSIOLOGY,AIIMS-All India,EWS
3,36265,Chhattisgarh,"AIIMS, Raipur",PHARMACOLOGY,AIIMS-All India,SC
3,36294,Madhya Pradesh,"AIIMS, Bhopal",COMMUNITY MEDICINE,AIIMS-Inst. Pref,UR-AIIMS-IP
3,36578,Delhi,"AIIMS, Delhi",IHBT,AIIMS-All India,SC
3,36876,Uttar Pradesh,"AIIMS, Rai Bareli",BIOCHEMISTRY,AIIMS-All India,UR
3,36889,Uttar Pradesh,"AIIMS, Rai Bareli",FORENSIC MEDICINE,AIIMS-All India,OBC
3,37014,Jharkhand,"AIIMS, Deoghar",PMR,AIIMS-All India,SC
3,37623,Maharashtra,"AIIMS, Nagpur",EMERGENCY MEDICINE,AIIMS-All India,ST
3,37691,Rajasthan,"AIIMS, Jodhpur",FORENSIC MEDICINE,AIIMS-All India,EWS
3,38010,Jammu and Kashmir,"AIIMS, Jammu",BIOCHEMISTRY,AIIMS-All India,UR
3,38042,Assam,"AIIMS, Guwahati",MICROBIOLOGY,AIIMS-All India,EWS
3,38093,Jammu and Kashmir,"AIIMS, Jammu",FORENSIC MEDICINE,AIIMS-All India,OBC
3,38095,Uttar Pradesh,"AIIMS, Rai Bareli",PHYSIOLOGY,AIIMS-All India,UR
3,38306,Chhattisgarh,"AIIMS, Raipur",PHYSIOLOGY,AIIMS-Inst. Pref,UR-AIIMS-IP
3,38502,Jharkhand,"AIIMS, Deoghar",COMMUNITY & FAMILY MEDICINE,AIIMS-All India,SC
3,38663,Gujarat,"AIIMS, Rajkot",BIOCHEMISTRY,AIIMS-All India,OBC
3,39169,Uttar Pradesh,"AIIMS, Rai Bareli",BIOCHEMISTRY,AIIMS-All India,UR
3,39206,Maharashtra,"AIIMS, Nagpur",PATHOLOGY,AIIMS-All India,SC
3,39814,West Bengal,"AIIMS, Kalyani",ENT,AIIMS-All India,ST
3,39894,Odisha,"AIIMS, Bhubaneswar",FORENSIC MEDICINE,AIIMS-All India,EWS
3,41225,Rajasthan,"AIIMS, Jodhpur",PATHOLOGY,AIIMS-Inst. Pref,UR-AIIMS-IP
3,41670,Rajasthan,"AIIMS, Jodhpur",ANAESTHESIOLOGY,AIIMS-Inst. Pref,UR-AIIMS-IP
3,41931,Assam,"AIIMS, Guwahati",BIOCHEMISTRY,AIIMS-All India,OBC
3,42296,Odisha,"AIIMS, Bhubaneswar",ANATOMY,AIIMS-All India,UR
3,42356,Jharkhand,"AIIMS, Deoghar",ANAESTHESIOLOGY,AIIMS-Inst. Pref,UR-AIIMS-IP
3,42376,Jharkhand,"AIIMS, Deoghar",BIOCHEMISTRY,AIIMS-All India,UR
3,42701,Rajasthan,"AIIMS, Jodhpur",MICROBIOLOGY,AIIMS-All India,ST
3,42756,Odisha,"AIIMS, Bhubaneswar",ANATOMY,AIIMS-All India,OBC
3,42785,Assam,"AIIMS, Guwahati",BIOCHEMISTRY,AIIMS-All India,UR
3,43170,Jammu and Kashmir,"AIIMS, Jammu",BIOCHEMISTRY,AIIMS-All India,OBC
3,43320,Assam,"AIIMS, Guwahati",PHYSIOLOGY,AIIMS-All India,SC
3,43613,Jharkhand,"AIIMS, Deoghar",PATHOLOGY,AIIMS-All India,SC
3,44113,West Bengal,"AIIMS, Kalyani",PHYSIOLOGY,AIIMS-All India,ST
3,44117,Jammu and Kashmir,"AIIMS, Jammu",PHYSIOLOGY,AIIMS-All India,UR
3,44189,West Bengal,"AIIMS, Kalyani",PHYSIOLOGY,AIIMS-All India,UR
3,44744,Assam,"AIIMS, Guwahati",PATHOLOGY,AIIMS-All India,SC
3,45227,West Bengal,"AIIMS, Kalyani",PHYSIOLOGY,AIIMS-All India,OBC
3,46833,Assam,"AIIMS, Guwahati",COMMUNITY & FAMILY MEDICINE,AIIMS-All India,SC
3,46885,Delhi,"AIIMS, Delhi",PHYSIOLOGY,AIIMS-All India,SC
3,47087,Punjab,"AIIMS, Bathinda",GENERAL MEDICINE,AIIMS-All India,UR-PwD
3,47752,Chhattisgarh,"AIIMS, Raipur",IHBT,AIIMS-All India,SC
3,48049,Jammu and Kashmir,"AIIMS, Jammu",PHYSIOLOGY,AIIMS-All India,OBC
3,49048,Uttar Pradesh,"AIIMS, Gorakhpur",BIOCHEMISTRY,AIIMS-All India,OBC
