Quota,Category,State,Institute,Course,Fee,Stipend Year 1,Bond Years,Bond Penalty,Beds,CR JAN 2025 0,CR JAN 2025 1,CR JAN 2025 2,CR JAN 2025 3,CR JUL 2025 0,CR JUL 2025 1,CR JUL 2025 2,CR JUL 2025 3
AIIMS-All India,UR,Delhi,"AIIMS, Delhi",GENERAL MEDICINE,-,-,-,-,-,12,13,-,-,4,4,-,-
AIIMS-All India,UR,Delhi,"AIIMS, Delhi",RADIO DIAGNOSIS,-,-,-,-,-,5,5,-,-,7,6,7,-
JIPMER-All India,OBC,Pondicherry,"JIPMER, Puducherry",RADIO DIAGNOSIS,-,-,-,-,-,65,25,-,-,96,96,-,-
AIIMS-All India,OBC,Delhi,"AIIMS, Delhi",GENERAL MEDICINE,-,-,-,-,-,37,37,-,-,42,42,-,-
PGIMER-All India,UR,Chandigarh,"PGIMER, Chandigarh",RADIO DIAGNOSIS,-,-,-,-,-,-,-,-,-,18,13,17,-
JIPMER-All India,UR,Pondicherry,"JIPMER, Puducherry",RADIO DIAGNOSIS,-,-,-,-,-,35,35,46,-,45,45,43,-
AIIMS-All India,UR,Uttarakhand,"AIIMS, Rishikesh",RADIO DIAGNOSIS,-,-,-,-,-,27,27,27,-,32,27,27,-
AIIMS-All India,OBC,Delhi,"AIIMS, Delhi",RADIO DIAGNOSIS,-,-,-,-,-,44,60,17,-,66,66,-,-
PGIMER-All India,UR,Chandigarh,"PGIMER, Chandigarh",GENERAL MEDICINE,-,-,-,-,-,30,38,45,-,16,21,20,-
AIIMS-All India,UR,Delhi,"AIIMS, Delhi",PAEDIATRICS,-,-,-,-,-,38,30,30,-,29,29,29,-
PGIMER-All India,OBC,Chandigarh,"PGIMER, Chandigarh",RADIO DIAGNOSIS,-,-,-,-,-,60,92,92,92,83,83,83,-
AIIMS-All India,UR,Rajasthan,"AIIMS, Jodhpur",RADIO DIAGNOSIS,-,-,-,-,-,14,10,6,-,27,18,25,-
AIIMS-All India,UR,Odisha,"AIIMS, Bhubaneswar",RADIO DIAGNOSIS,-,-,-,-,-,-,-,-,-,52,58,52,-
AIIMS-All India,UR,Bihar,"AIIMS, Patna",GENERAL MEDICINE,-,-,-,-,-,71,101,101,-,117,117,117,117
AIIMS-All India,EWS,Delhi,"AIIMS, Delhi",GENERAL MEDICINE,-,-,-,-,-,98,93,-,-,54,63,-,-
AIIMS-All India,UR,Rajasthan,"AIIMS, Jodhpur",GENERAL MEDICINE,-,-,-,-,-,31,51,51,-,35,35,-,-
AIIMS-All India,UR,Uttarakhand,"AIIMS, Rishikesh",GENERAL MEDICINE,-,-,-,-,-,51,54,71,71,34,36,36,-
JIPMER-All India,UR,Pondicherry,"JIPMER, Puducherry",GENERAL MEDICINE,-,-,-,-,-,70,70,100,100,51,57,57,-
JIPMER-All India,EWS,Pondicherry,"JIPMER, Puducherry",GENERAL MEDICINE,-,-,-,-,-,220,237,237,-,205,234,234,-
AIIMS-All India,OBC,Rajasthan,"AIIMS, Jodhpur",RADIO DIAGNOSIS,-,-,-,-,-,88,123,123,-,120,132,132,-
AIIMS-All India,OBC,Delhi,"AIIMS, Delhi",NUCLEAR MEDICINE,-,-,-,-,-,216,311,-,-,-,-,-,-
AIIMS-All India,OBC,Uttarakhand,"AIIMS, Rishikesh",RADIO DIAGNOSIS,-,-,-,-,-,-,-,-,-,150,150,-,-
JIPMER-All India,OBC,Pondicherry,"JIPMER, Puducherry",GENERAL MEDICINE,-,-,-,-,-,154,159,171,-,148,173,173,173
AIIMS-All India,UR,Madhya Pradesh,"AIIMS, Bhopal",GENERAL MEDICINE,-,-,-,-,-,53,71,98,-,-,-,-,-
AIIMS-All India,UR,Gujarat,"AIIMS, Rajkot",GENERAL MEDICINE,-,-,-,-,-,-,-,-,-,187,152,156,-
AIIMS-All India,UR,Odisha,"AIIMS, Bhubaneswar",GENERAL MEDICINE,-,-,-,-,-,45,45,86,111,37,75,75,-
AIIMS-All India,UR,Delhi,"AIIMS, Delhi",NEUROSURGERY 6 YRS,-,-,-,-,-,168,106,106,-,53,53,-,-
PGIMER-All India,UR,Chandigarh,"PGIMER, Chandigarh",NUCLEAR MEDICINE,-,-,-,-,-,211,206,97,-,74,24,-,-
AIIMS-All India,UR,Madhya Pradesh,"AIIMS, Bhopal",RADIO DIAGNOSIS,-,-,-,-,-,41,31,31,31,-,-,-,-
AIIMS-All India,OBC,Madhya Pradesh,"AIIMS, Bhopal",RADIO DIAGNOSIS,-,-,-,-,-,127,153,153,-,228,209,209,209
AIIMS-All India,EWS,Uttarakhand,"AIIMS, Rishikesh",RADIO DIAGNOSIS,-,-,-,-,-,-,-,-,-,-,-,-,-
NIMHANS-All India,UR,Karnataka,"NIMHANS, Bangalore",NEUROSURGERY 6 YRS,-,-,-,-,-,8,65,-,-,68,68,-,-
AIIMS-All India,UR,Chhattisgarh,"AIIMS, Raipur",GENERAL MEDICINE,-,-,-,-,-,80,80,-,-,97,79,64,64
AIIMS-All India,UR,Maharashtra,"AIIMS, Nagpur",GENERAL MEDICINE,-,-,-,-,-,103,104,-,103,102,119,124,124
AIIMS-All India,UR,Bihar,"AIIMS, Patna",RADIO DIAGNOSIS,-,-,-,-,-,50,50,50,-,-,-,-,-
AIIMS-All India,UR,Delhi,"AIIMS, Delhi",GENERAL SURGERY,-,-,-,-,-,116,168,168,168,19,19,-,-
AIIMS-All India,UR,Chhattisgarh,"AIIMS, Raipur",RADIO DIAGNOSIS,-,-,-,-,-,99,99,99,-,58,60,60,-
AIIMS-All India,UR,Maharashtra,"AIIMS, Nagpur",RADIO DIAGNOSIS,-,-,-,-,-,97,41,-,-,73,32,32,-
AIIMS-All India,UR,Punjab,"AIIMS, Bathinda",GENERAL MEDICINE,-,-,-,-,-,109,114,114,79,-,-,-,-
AIIMS-All India,OBC,Odisha,"AIIMS, Bhubaneswar",RADIO DIAGNOSIS,-,-,-,-,-,112,112,-,-,132,120,120,-
AIIMS-All India,UR,Andhra Pradesh,"AIIMS, Mangalagiri",GENERAL MEDICINE,-,-,-,-,-,129,109,109,-,154,115,129,-
AIIMS-Inst. Pref,UR-AIIMS-IP,Delhi,"AIIMS, Delhi",RADIO DIAGNOSIS,-,-,-,-,-,16,16,-,-,8,8,-,-
PGIMER-All India,UR,Chandigarh,"PGIMER, Chandigarh",DERMATOLOGY,-,-,-,-,-,69,56,56,-,24,26,26,99
AIIMS-All India,OBC,Bihar,"AIIMS, Patna",RADIO DIAGNOSIS,-,-,-,-,-,-,-,-,-,311,228,228,-
AIIMS-All India,UR,Odisha,"AIIMS, Bhubaneswar",DERMATOLOGY,-,-,-,-,-,-,-,-,-,-,69,86,-
PGIMER-All India,OBC,Chandigarh,"PGIMER, Chandigarh",GENERAL MEDICINE,-,-,-,-,-,72,72,81,-,84,84,84,-
AIIMS-All India,UR,Uttar Pradesh,"AIIMS, Rai Bareli",GENERAL MEDICINE,-,-,-,-,-,135,145,147,-,153,126,-,-
NIMHANS-All India,UR,Karnataka,"NIMHANS, Bangalore",NEUROLOGY 6 YRS,-,-,-,-,-,-,-,-,-,115,107,98,-
AIIMS-All India,UR,Himachal Pradesh,"AIIMS, Bilaspur, Himachal",GENERAL MEDICINE,-,-,-,-,-,122,122,-,-,142,130,130,130
AIIMS-All India,UR,Andhra Pradesh,"AIIMS, Mangalagiri",RADIO DIAGNOSIS,-,-,-,-,-,137,155,155,155,-,-,-,-
AIIMS-All India,UR,Delhi,"AIIMS, Delhi",OBG,-,-,-,-,-,49,49,-,-,158,171,183,-
AIIMS-All India,OBC,Uttarakhand,"AIIMS, Rishikesh",GENERAL MEDICINE,-,-,-,-,-,152,152,152,-,173,240,176,-
AIIMS-All India,UR,Himachal Pradesh,"AIIMS, Bilaspur, Himachal",RADIO DIAGNOSIS,-,-,-,-,-,150,131,-,-,71,71,71,-
AIIMS-All India,UR,West Bengal,"AIIMS, Kalyani",RADIO DIAGNOSIS,-,-,-,-,-,151,144,144,193,-,-,-,-
AIIMS-All India,OBC,Rajasthan,"AIIMS, Jodhpur",GENERAL MEDICINE,-,-,-,-,-,96,96,96,-,70,70,70,-
AIIMS-All India,UR,Chhattisgarh,"AIIMS, Raipur",DERMATOLOGY,-,-,-,-,-,-,-,-,-,-,-,-,-
AIIMS-All India,UR,Delhi,"AIIMS, Delhi",OPHTHALMOLOGY,-,-,-,-,-,205,205,240,240,-,-,-,-
AIIMS-All India,UR,Uttarakhand,"AIIMS, Rishikesh",UROLOGY (6 YRS),-,-,-,-,-,-,-,-,-,-,-,-,-
AIIMS-All India,UR,Uttar Pradesh,"AIIMS, Gorakhpur",GENERAL MEDICINE,-,-,-,-,-,-,-,-,-,141,129,141,141
AIIMS-All India,UR,Jammu and Kashmir,"AIIMS, Jammu",RADIO DIAGNOSIS,-,-,-,-,-,209,197,-,-,-,-,-,-
JIPMER-All India,UR,Pondicherry,"JIPMER, Puducherry",TBRD,-,-,-,-,-,-,358,358,-,160,189,189,-
AIIMS-All India,EWS,Uttarakhand,"AIIMS, Rishikesh",GENERAL MEDICINE,-,-,-,-,-,-,-,-,-,78,205,205,-
AIIMS-All India,EWS,Odisha,"AIIMS, Bhubaneswar",GENERAL MEDICINE,-,-,-,-,-,110,98,182,-,-,-,-,-
AIIMS-Inst. Pref,UR-AIIMS-IP,Rajasthan,"AIIMS, Jodhpur",DERMATOLOGY,-,-,-,-,-,-,-,-,-,344,-,-,-
AIIMS-All India,OBC,Maharashtra,"AIIMS, Nagpur",RADIO DIAGNOSIS,-,-,-,-,-,159,210,210,-,209,321,-,-
AIIMS-All India,UR,Delhi,"AIIMS, Delhi",INECTIOUS DISEASES 6 YRS,-,-,-,-,-,247,223,247,326,-,-,-,-
AIIMS-Inst. Pref,UR-AIIMS-IP,Delhi,"AIIMS, Delhi",GENERAL SURGERY,-,-,-,-,-,285,285,-,434,-,-,-,-
AIIMS-All India,UR,Andhra Pradesh,"AIIMS, Mangalagiri",DERMATOLOGY,-,-,-,-,-,224,209,296,344,41,41,-,-
PGIMER-All India,UR,Chandigarh,"PGIMER, Chandigarh",ORTHOPAEDICS,-,-,-,-,-,275,288,424,-,28,28,-,-
AIIMS-All India,UR,Rajasthan,"AIIMS, Jodhpur",GENERAL SURGERY,-,-,-,-,-,252,87,-,-,175,-,-,-
AIIMS-All India,UR,Maharashtra,"AIIMS, Nagpur",NUCLEAR MEDICINE,-,-,-,-,-,-,-,-,-,-,-,-,-
AIIMS-Inst. Pref,UR-AIIMS-IP,Chhattisgarh,"AIIMS, Raipur",RADIO DIAGNOSIS,-,-,-,-,-,-,-,-,-,-,-,-,-
AIIMS-All India,UR,Delhi,"AIIMS, Delhi",ENT,-,-,-,-,-,178,178,-,-,-,-,-,-
AIIMS-All India,UR,Rajasthan,"AIIMS, Jodhpur",NEUROSURGERY 6 YRS,-,-,-,-,-,-,-,-,-,169,135,135,-
AIIMS-All India,OBC,Bihar,"AIIMS, Patna",GENERAL MEDICINE,-,-,-,-,-,213,171,187,-,-,-,-,-
PGIMER-All India,UR,Chandigarh,"PGIMER, Chandigarh",PAEDIATRICS,-,-,-,-,-,82,121,130,-,87,87,67,-
AIIMS-All India,UR,Uttarakhand,"AIIMS, Rishikesh",OBG,-,-,-,-,-,316,316,316,-,-,-,-,-
AIIMS-All India,UR,Jammu and Kashmir,"AIIMS, Jammu",GENERAL MEDICINE,-,-,-,-,-,160,160,160,-,192,153,161,-
AIIMS-Inst. Pref,UR-AIIMS-IP,Maharashtra,"AIIMS, Nagpur",GENERAL MEDICINE,-,-,-,-,-,386,386,604,-,403,403,403,-
AIIMS-All India,OBC,Madhya Pradesh,"AIIMS, Bhopal",GENERAL MEDICINE,-,-,-,-,-,171,161,161,-,-,-,-,-
AIIMS-All India,OBC,Odisha,"AIIMS, Bhubaneswar",GENERAL MEDICINE,-,-,-,-,-,-,-,-,-,172,172,172,-
AIIMS-All India,UR,Odisha,"AIIMS, Bhubaneswar",OBG,-,-,-,-,-,-,-,-,-,-,-,-,-
AIIMS-Inst. Pref,UR-AIIMS-IP,Madhya Pradesh,"AIIMS, Bhopal",GENERAL MEDICINE,-,-,-,-,-,383,383,-,-,-,-,-,-
AIIMS-All India,OBC,Andhra Pradesh,"AIIMS, Mangalagiri",RADIO DIAGNOSIS,-,-,-,-,-,-,-,-,-,321,282,282,-
AIIMS-All India,OBC,Punjab,"AIIMS, Bathinda",GENERAL MEDICINE,-,-,-,-,-,228,263,305,-,377,368,368,368
AIIMS-All India,EWS,Punjab,"AIIMS, Bathinda",RADIO DIAGNOSIS,-,-,-,-,-,-,-,-,-,-,-,-,-
AIIMS-All India,UR,Uttarakhand,"AIIMS, Rishikesh",NEUROSURGERY 6 YRS,-,-,-,-,-,-,-,-,-,-,-,-,-
AIIMS-All India,EWS,Delhi,"AIIMS, Delhi",PAEDIATRICS,-,-,-,-,-,93,310,-,-,-,-,-,-
AIIMS-All India,UR,Rajasthan,"AIIMS, Jodhpur",PAEDIATRICS,-,-,-,-,-,131,130,221,-,124,103,-,-
AIIMS-All India,UR,Bihar,"AIIMS, Patna",DERMATOLOGY,-,-,-,-,-,188,-,-,-,119,160,160,213
AIIMS-All India,UR,Madhya Pradesh,"AIIMS, Bhopal",PAEDIATRICS,-,-,-,-,-,-,146,222,-,-,-,-,-
AIIMS-All India,UR,Jharkhand,"AIIMS, Deoghar",GENERAL MEDICINE,-,-,-,-,-,-,-,-,-,190,142,142,232
AIIMS-All India,OBC,Jharkhand,"AIIMS, Deoghar",GENERAL MEDICINE,-,-,-,-,-,187,187,263,263,406,429,459,-
AIIMS-All India,UR,Chhattisgarh,"AIIMS, Raipur",PAEDIATRICS,-,-,-,-,-,192,192,288,324,156,157,190,312
AIIMS-All India,UR,Uttar Pradesh,"AIIMS, Gorakhpur",DERMATOLOGY,-,-,-,-,-,158,158,158,158,-,-,-,-
PGIMER-All India,UR,Chandigarh,"PGIMER, Chandigarh",OPHTHALMOLOGY,-,-,-,-,-,387,404,450,427,-,110,110,110
AIIMS-All India,UR,Delhi,"AIIMS, Delhi",RADIATION ONCOLOGY,-,-,-,-,-,-,-,-,-,-,-,-,-
AIIMS-All India,UR,Assam,"AIIMS, Guwahati",GENERAL MEDICINE,-,-,-,-,-,-,-,124,-,161,141,153,-
AIIMS-All India,OBC,Delhi,"AIIMS, Delhi",DERMATOLOGY,-,-,-,-,-,63,63,-,-,218,218,-,-
AIIMS-All India,UR,Maharashtra,"AIIMS, Nagpur",PAEDIATRICS,-,-,-,-,-,232,232,412,412,155,167,192,192
AIIMS-All India,UR,Rajasthan,"AIIMS, Jodhpur",ORTHOPAEDICS,-,-,-,-,-,-,-,-,-,-,174,237,237
AIIMS-All India,UR,Rajasthan,"AIIMS, Jodhpur",OPHTHALMOLOGY,-,-,-,-,-,421,355,-,-,373,373,373,373
AIIMS-All India,OBC,Chhattisgarh,"AIIMS, Raipur",GENERAL MEDICINE,-,-,-,-,-,175,85,85,85,315,315,315,311
AIIMS-All India,EWS,Chhattisgarh,"AIIMS, Raipur",GENERAL MEDICINE,-,-,-,-,-,119,126,126,-,343,310,363,363
AIIMS-All India,OBC,Delhi,"AIIMS, Delhi",PAEDIATRICS,-,-,-,-,-,212,216,327,-,108,308,-,-
AIIMS-All India,UR,Odisha,"AIIMS, Bhubaneswar",ORTHOPAEDICS,-,-,-,-,-,-,-,-,-,238,286,286,-
AIIMS-All India,UR,Jammu and Kashmir,"AIIMS, Jammu",DERMATOLOGY,-,-,-,-,-,-,-,-,-,-,-,-,-
AIIMS-All India,UR,Andhra Pradesh,"AIIMS, Mangalagiri",NUCLEAR MEDICINE,-,-,-,-,-,-,-,-,-,180,-,-,-
AIIMS-All India,EWS,Maharashtra,"AIIMS, Nagpur",GENERAL MEDICINE,-,-,-,-,-,-,-,-,-,363,305,310,-
JIPMER-All India,OBC,Pondicherry,"JIPMER, Puducherry",DERMATOLOGY,-,-,-,-,-,-,-,-,-,302,302,-,-
AIIMS-All India,UR,Uttarakhand,"AIIMS, Rishikesh",ORTHOPAEDICS,-,-,-,-,-,-,-,-,-,174,149,174,-
AIIMS-All India,EWS,Bihar,"AIIMS, Patna",GENERAL MEDICINE,-,-,-,-,-,-,-,-,-,-,-,-,-
AIIMS-All India,EWS,Uttar Pradesh,"AIIMS, Gorakhpur",GENERAL MEDICINE,-,-,-,-,-,182,182,193,827,-,-,-,-
AIIMS-All India,EWS,Gujarat,"AIIMS, Rajkot",RADIO DIAGNOSIS,-,-,-,-,-,-,-,-,-,-,-,-,-
JIPMER-All India,UR,Pondicherry,"JIPMER, Puducherry",OBG,-,-,-,-,-,363,174,-,-,163,193,193,252
JIPMER-All India,UR,Pondicherry,"JIPMER, Puducherry",GENERAL SURGERY,-,-,-,-,-,341,376,395,365,178,178,197,-
AIIMS-All India,EWS,Himachal Pradesh,"AIIMS, Bilaspur, Himachal",RADIO DIAGNOSIS,-,-,-,-,-,-,-,-,-,113,113,113,-
JIPMER-All India,OBC,Pondicherry,"JIPMER, Puducherry",PAEDIATRICS,-,-,-,-,-,283,279,279,545,334,334,356,-
AIIMS-All India,UR,Chhattisgarh,"AIIMS, Raipur",OBG,-,-,-,-,-,-,337,337,337,252,184,291,-
AIIMS-Inst. Pref,UR-AIIMS-IP,Delhi,"AIIMS, Delhi",DERMATOLOGY,-,-,-,-,-,-,-,-,-,137,85,85,85
JIPMER-All India,OBC,Pondicherry,"JIPMER, Puducherry",RADIATION ONCOLOGY,-,-,-,-,-,858,-,884,-,-,856,1011,573
PGIMER-All India,UR,Chandigarh,"PGIMER, Chandigarh",GENERAL SURGERY,-,-,-,-,-,203,266,266,-,145,145,123,175
AIIMS-All India,EWS,Delhi,"AIIMS, Delhi",DERMATOLOGY,-,-,-,-,-,-,-,-,-,-,-,-,-
AIIMS-All India,OBC,Madhya Pradesh,"AIIMS, Bhopal",PAEDIATRICS,-,-,-,-,-,375,-,-,-,438,524,560,-
AIIMS-All India,UR,Himachal Pradesh,"AIIMS, Bilaspur, Himachal",PAEDIATRICS,-,-,-,-,-,-,-,355,-,323,212,347,-
PGIMER-All India,UR,Chandigarh,"PGIMER, Chandigarh",RADIATION ONCOLOGY,-,-,-,-,-,354,250,250,-,370,185,-,-
AIIMS-All India,OBC,Andhra Pradesh,"AIIMS, Mangalagiri",PAEDIATRICS,-,-,-,-,-,-,-,-,-,513,511,676,-
AIIMS-All India,UR,Punjab,"AIIMS, Bathinda",PAEDIATRICS,-,-,-,-,-,221,221,425,429,-,-,-,-
AIIMS-All India,OBC,Himachal Pradesh,"AIIMS, Bilaspur, Himachal",RADIO DIAGNOSIS,-,-,-,-,-,235,254,254,-,-,-,-,-
AIIMS-All India,EWS,Uttarakhand,"AIIMS, Rishikesh",PAEDIATRICS,-,-,-,-,-,388,388,446,-,-,-,-,-
AIIMS-All India,UR,Chhattisgarh,"AIIMS, Raipur",RADIATION ONCOLOGY,-,-,-,-,-,622,-,622,622,-,-,-,-
AIIMS-All India,UR,Chhattisgarh,"AIIMS, Raipur",GENERAL SURGERY,-,-,-,-,-,266,-,-,-,-,-,-,-
AIIMS-All India,UR,Rajasthan,"AIIMS, Jodhpur",INECTIOUS DISEASES 6 YRS,-,-,-,-,-,-,-,-,-,-,-,-,-
JIPMER-All India,UR,Pondicherry,"JIPMER, Puducherry",ORTHOPAEDICS,-,-,-,-,-,424,424,436,436,281,237,-,-
AIIMS-All India,EWS,Maharashtra,"AIIMS, Nagpur",DERMATOLOGY,-,-,-,-,-,289,289,410,-,-,-,-,-
AIIMS-All India,UR,Uttar Pradesh,"AIIMS, Rai Bareli",PAEDIATRICS,-,-,-,-,-,-,-,-,-,-,-,-,-
AIIMS-All India,OBC,Maharashtra,"AIIMS, Nagpur",GENERAL MEDICINE,-,-,-,-,-,185,185,212,-,294,294,294,294
AIIMS-All India,UR,Delhi,"AIIMS, Delhi",PSYCHIATRY,-,-,-,-,-,120,-,-,-,110,215,215,-
AIIMS-All India,UR,Uttarakhand,"AIIMS, Rishikesh",GENERAL SURGERY,-,-,-,-,-,255,297,297,-,208,175,175,-
PGIMER-All India,OBC,Chandigarh,"PGIMER, Chandigarh",NUCLEAR MEDICINE,-,-,-,-,-,-,-,-,-,92,92,92,-
AIIMS-All India,OBC,Odisha,"AIIMS, Bhubaneswar",PAEDIATRICS,-,-,-,-,-,300,467,495,495,356,402,589,-
AIIMS-All India,UR,Assam,"AIIMS, Guwahati",PAEDIATRICS,-,-,-,-,-,241,328,463,463,232,323,-,-
AIIMS-All India,OBC,Uttar Pradesh,"AIIMS, Rai Bareli",GENERAL MEDICINE,-,-,-,-,-,267,212,213,-,-,-,-,-
AIIMS-All India,UR,Bihar,"AIIMS, Patna",ORTHOPAEDICS,-,-,-,-,-,-,-,-,-,328,304,471,384
AIIMS-All India,OBC,Assam,"AIIMS, Guwahati",GENERAL MEDICINE,-,-,-,-,-,348,348,348,348,-,-,-,-
AIIMS-All India,UR,Punjab,"AIIMS, Bathinda",OPHTHALMOLOGY,-,-,-,-,-,-,-,-,-,-,-,-,-
AIIMS-All India,UR,Delhi,"AIIMS, Delhi",ANAESTHESIOLOGY,-,-,-,-,-,472,440,501,903,280,299,251,404
AIIMS-All India,OBC,Uttarakhand,"AIIMS, Rishikesh",NUCLEAR MEDICINE,-,-,-,-,-,-,-,-,-,-,-,-,-
AIIMS-All India,OBC,Delhi,"AIIMS, Delhi",GENERAL SURGERY,-,-,-,-,-,418,407,314,-,417,320,-,-
JIPMER-All India,OBC,Pondicherry,"JIPMER, Puducherry",TBRD,-,-,-,-,-,295,295,-,-,-,-,-,681
AIIMS-All India,UR,Jharkhand,"AIIMS, Deoghar",PAEDIATRICS,-,-,-,-,-,280,413,468,468,355,328,-,-
AIIMS-All India,OBC,Andhra Pradesh,"AIIMS, Mangalagiri",DERMATOLOGY,-,-,-,-,-,-,-,-,-,422,413,413,-
AIIMS-All India,OBC,Rajasthan,"AIIMS, Jodhpur",DERMATOLOGY,-,-,-,-,-,-,-,-,-,-,-,-,-
AIIMS-All India,UR,Chhattisgarh,"AIIMS, Raipur",ORTHOPAEDICS,-,-,-,-,-,436,436,-,579,-,278,278,-
AIIMS-All India,UR,Maharashtra,"AIIMS, Nagpur",PLASTIC SURGERY 6 YRS,-,-,-,-,-,-,-,-,-,230,230,-,-
AIIMS-All India,OBC,Odisha,"AIIMS, Bhubaneswar",DERMATOLOGY,-,-,-,-,-,-,-,-,-,245,245,245,-
PGIMER-All India,UR,Chandigarh,"PGIMER, Chandigarh",OBG,-,-,-,-,-,218,218,291,-,183,183,225,-
AIIMS-All India,UR,Uttarakhand,"AIIMS, Rishikesh",EMERGENCY MEDICINE,-,-,-,-,-,669,-,-,-,-,580,580,-
PGIMER-All India,OBC,Chandigarh,"PGIMER, Chandigarh",PAEDIATRICS,-,-,-,-,-,312,309,382,573,350,388,388,-
AIIMS-All India,OBC,Uttarakhand,"AIIMS, Rishikesh",PAEDIATRICS,-,-,-,-,-,397,390,397,-,-,-,-,-
AIIMS-All India,UR,Andhra Pradesh,"AIIMS, Mangalagiri",GENERAL SURGERY,-,-,-,-,-,395,475,475,-,299,208,208,-
AIIMS-All India,UR,Rajasthan,"AIIMS, Jodhpur",OBG,-,-,-,-,-,227,291,319,-,184,158,158,-
AIIMS-All India,EWS,Rajasthan,"AIIMS, Jodhpur",PAEDIATRICS,-,-,-,-,-,206,319,437,-,-,-,-,-
AIIMS-All India,UR,Odisha,"AIIMS, Bhubaneswar",RADIATION ONCOLOGY,-,-,-,-,-,-,-,-,-,-,-,-,-
AIIMS-All India,OBC,Jammu and Kashmir,"AIIMS, Jammu",GENERAL MEDICINE,-,-,-,-,-,-,-,-,-,418,459,591,-
AIIMS-All India,EWS,Delhi,"AIIMS, Delhi",OBG,-,-,-,-,-,-,-,-,-,641,508,950,-
AIIMS-All India,EWS,Uttarakhand,"AIIMS, Rishikesh",OBG,-,-,-,-,-,651,651,651,651,-,-,-,-
AIIMS-All India,UR,Madhya Pradesh,"AIIMS, Bhopal",EMERGENCY MEDICINE,-,-,-,-,-,709,522,784,1075,467,740,889,1056
AIIMS-All India,OBC,Madhya Pradesh,"AIIMS, Bhopal",NUCLEAR MEDICINE,-,-,-,-,-,-,-,-,-,-,-,-,-
AIIMS-All India,OBC,Madhya Pradesh,"AIIMS, Bhopal",DERMATOLOGY,-,-,-,-,-,-,-,-,-,413,301,-,-
AIIMS-All India,OBC,Rajasthan,"AIIMS, Jodhpur",GENERAL SURGERY,-,-,-,-,-,447,418,418,-,670,585,670,-
AIIMS-All India,UR,Bihar,"AIIMS, Patna",GENERAL SURGERY,-,-,-,-,-,-,-,-,-,177,-,-,-
AIIMS-All India,UR,Maharashtra,"AIIMS, Nagpur",NEUROSURGERY 6 YRS,-,-,-,-,-,-,-,-,-,303,415,484,-
AIIMS-Inst. Pref,UR-AIIMS-IP,Madhya Pradesh,"AIIMS, Bhopal",DERMATOLOGY,-,-,-,-,-,-,485,485,485,-,-,-,-
AIIMS-All India,UR,Uttar Pradesh,"AIIMS, Gorakhpur",GENERAL SURGERY,-,-,-,-,-,476,547,547,476,295,295,-,-
SCTIMST-All India,UR,Kerala,"Sree Chirtra Thirunal, Triv.",IHBT,-,-,-,-,-,1355,1799,1929,10124,-,-,-,-
AIIMS-All India,EWS,Jharkhand,"AIIMS, Deoghar",GENERAL MEDICINE,-,-,-,-,-,-,-,-,-,487,614,-,935
JIPMER-All India,UR,Pondicherry,"JIPMER, Puducherry",RADIATION ONCOLOGY,-,-,-,-,-,-,526,526,-,-,-,398,-
AIIMS-All India,OBC,Delhi,"AIIMS, Delhi",OBG,-,-,-,-,-,327,298,-,-,559,474,639,579
AIIMS-All India,UR,Punjab,"AIIMS, Bathinda",NEUROSURGERY 6 YRS,-,-,-,-,-,-,-,-,-,456,523,-,-
AIIMS-All India,UR,Bihar,"AIIMS, Patna",OBG,-,-,-,-,-,-,-,-,-,225,216,-,-
AIIMS-All India,OBC,Delhi,"AIIMS, Delhi",ORTHOPAEDICS,-,-,-,-,-,462,570,-,-,631,630,973,-
PGIMER-All India,OBC,Chandigarh,"PGIMER, Chandigarh",ORTHOPAEDICS,-,-,-,-,-,595,603,603,603,630,631,1055,-
JIPMER-All India,UR,Pondicherry,"JIPMER, Puducherry",ENT,-,-,-,-,-,592,726,779,-,-,318,-,318
AIIMS-All India,EWS,Delhi,"AIIMS, Delhi",GENERAL SURGERY,-,-,-,-,-,199,368,233,-,166,166,-,-
AIIMS-All India,UR,Uttar Pradesh,"AIIMS, Rai Bareli",GENERAL SURGERY,-,-,-,-,-,323,549,549,-,-,-,-,-
JIMPER-Inst. Pref,INST (JIPMER),Pondicherry,"JIPMER, Puducherry",RADIO DIAGNOSIS,-,-,-,-,-,47,47,47,-,-,-,-,-
AIIMS-All India,EWS,Madhya Pradesh,"AIIMS, Bhopal",PAEDIATRICS,-,-,-,-,-,322,322,466,-,453,399,453,-
JIPMER-All India,UR,Pondicherry,"JIPMER, Puducherry",OPHTHALMOLOGY,-,-,-,-,-,246,647,-,647,221,197,221,221
AIIMS-All India,OBC,Rajasthan,"AIIMS, Jodhpur",PAEDIATRICS,-,-,-,-,-,340,327,390,586,402,481,524,513
AIIMS-All India,EWS,Uttarakhand,"AIIMS, Rishikesh",TBRD,-,-,-,-,-,-,-,-,-,-,-,-,-
AIIMS-All India,OBC,Maharashtra,"AIIMS, Nagpur",DERMATOLOGY,-,-,-,-,-,-,-,-,-,472,344,344,-
AIIMS-All India,OBC,Punjab,"AIIMS, Bathinda",RADIO DIAGNOSIS,-,-,-,-,-,153,230,230,230,-,-,-,-
AIIMS-All India,UR,Uttarakhand,"AIIMS, Rishikesh",ENT,-,-,-,-,-,-,-,-,-,-,-,-,-
AIIMS-All India,UR,Madhya Pradesh,"AIIMS, Bhopal",OPHTHALMOLOGY,-,-,-,-,-,-,-,-,-,384,528,636,636
AIIMS-All India,OBC,Assam,"AIIMS, Guwahati",RADIO DIAGNOSIS,-,-,-,-,-,210,226,226,-,-,-,-,-
AIIMS-All India,UR,Uttar Pradesh,"AIIMS, Rai Bareli",NEUROSURGERY 6 YRS,-,-,-,-,-,411,488,488,488,492,669,-,669
AIIMS-All India,OBC,Chhattisgarh,"AIIMS, Raipur",PAEDIATRICS,-,-,-,-,-,382,382,499,-,481,513,659,-
AIIMS-All India,EWS,Madhya Pradesh,"AIIMS, Bhopal",OBG,-,-,-,-,-,663,697,699,699,867,641,-,-
AIIMS-All India,OBC,Bihar,"AIIMS, Patna",PAEDIATRICS,-,-,-,-,-,432,375,432,-,-,-,-,-
AIIMS-Inst. Pref,UR-AIIMS-IP,Odisha,"AIIMS, Bhubaneswar",ORTHOPAEDICS,-,-,-,-,-,-,-,-,-,200,200,200,-
JIPMER-All India,OBC,Pondicherry,"JIPMER, Puducherry",OBG,-,-,-,-,-,545,545,545,-,521,589,689,790
PGIMER-All India,UR,Chandigarh,"PGIMER, Chandigarh",ENT,-,-,-,-,-,489,260,-,-,390,390,554,554
AIIMS-Inst. Pref,UR-AIIMS-IP,Bihar,"AIIMS, Patna",SURGGASTRO (6 YRS),-,-,-,-,-,-,-,-,-,645,-,-,-
AIIMS-All India,UR,Delhi,"AIIMS, Delhi",GERIATRICS,-,-,-,-,-,-,-,-,-,215,-,478,-
JIPMER-All India,UR,Pondicherry,"JIPMER, Puducherry",GERIATRICS,-,-,-,-,-,-,-,-,-,-,-,-,-
AIIMS-All India,UR,Maharashtra,"AIIMS, Nagpur",OBG,-,-,-,-,-,-,429,-,689,359,314,426,411
AIIMS-All India,UR,Punjab,"AIIMS, Bathinda",PLASTIC SURGERY 6 YRS,-,-,-,-,-,-,-,-,-,265,281,281,-
NIMHANS-All India,UR,Karnataka,"NIMHANS, Bangalore",PSYCHIATRY,-,-,-,-,-,355,448,555,588,316,306,341,2423
JIPMER-All India,OBC,Pondicherry,"JIPMER, Puducherry",GENERAL SURGERY,-,-,-,-,-,523,461,523,-,628,464,464,464
AIIMS-All India,UR,Bihar,"AIIMS, Patna",RADIATION ONCOLOGY,-,-,-,-,-,-,-,-,-,-,-,-,-
AIIMS-Inst. Pref,UR-AIIMS-IP,Delhi,"AIIMS, Delhi",NUCLEAR MEDICINE,-,-,-,-,-,875,-,1263,-,-,-,-,-
AIIMS-All India,UR,Uttar Pradesh,"AIIMS, Rai Bareli",OBG,-,-,-,-,-,483,643,643,643,-,-,-,-
AIIMS-All India,OBC,Uttar Pradesh,"AIIMS, Gorakhpur",RADIO DIAGNOSIS,-,-,-,-,-,-,-,-,-,-,-,-,-
AIIMS-All India,SC,Delhi,"AIIMS, Delhi",GENERAL MEDICINE,-,-,-,-,-,139,139,-,-,191,191,-,-
JIMPER-Inst. Pref,INST (JIPMER),Pondicherry,"JIPMER, Puducherry",GENERAL MEDICINE,-,-,-,-,-,313,165,165,-,207,207,-,-
PGIMER-All India,UR,Chandigarh,"PGIMER, Chandigarh",PSYCHIATRY,-,-,-,-,-,533,588,638,736,313,467,724,687
AIIMS-All India,OBC,Bihar,"AIIMS, Patna",OBG,-,-,-,-,-,756,735,-,-,-,-,776,-
JIPMER-All India,EWS,Pondicherry,"JIPMER, Puducherry",PAEDIATRICS,-,-,-,-,-,352,353,544,-,375,375,376,376
AIIMS-All India,UR,Andhra Pradesh,"AIIMS, Mangalagiri",OBG,-,-,-,-,-,514,468,708,972,318,206,318,673
AIIMS-All India,UR,Maharashtra,"AIIMS, Nagpur",ORTHOPAEDICS,-,-,-,-,-,-,-,-,-,-,-,-,-
AIIMS-All India,SC,Delhi,"AIIMS, Delhi",DERMATOLOGY,-,-,-,-,-,-,-,-,-,674,517,-,-
AIIMS-All India,UR,Punjab,"AIIMS, Bathinda",OBG,-,-,-,-,-,380,380,380,842,-,-,-,-
AIIMS-All India,OBC,Maharashtra,"AIIMS, Nagpur",PAEDIATRICS,-,-,-,-,-,-,-,-,-,511,560,650,650
AIIMS-All India,EWS,Himachal Pradesh,"AIIMS, Bilaspur, Himachal",DERMATOLOGY,-,-,-,-,-,-,-,-,-,-,-,-,-
AIIMS-All India,UR,Odisha,"AIIMS, Bhubaneswar",ENT,-,-,-,-,-,-,-,-,-,-,-,-,-
AIIMS-All India,EWS,Bihar,"AIIMS, Patna",PAEDIATRICS,-,-,-,-,-,-,-,-,-,574,453,574,-
AIIMS-Inst. Pref,UR-AIIMS-IP,Uttarakhand,"AIIMS, Rishikesh",GENERAL MEDICINE,-,-,-,-,-,62,62,-,-,-,-,-,-
AIIMS-All India,UR,Uttar Pradesh,"AIIMS, Gorakhpur",OBG,-,-,-,-,-,419,600,600,612,369,369,448,-
AIIMS-All India,UR,Telangana,"AIIMS, Bibinagar",OBG,-,-,-,-,-,590,637,637,-,-,-,-,-
AIIMS-Inst. Pref,UR-AIIMS-IP,Himachal Pradesh,"AIIMS, Bilaspur, Himachal",GENERAL MEDICINE,-,-,-,-,-,-,-,-,-,-,-,-,-
AIIMS-All India,UR,Gujarat,"AIIMS, Rajkot",ORTHOPAEDICS,-,-,-,-,-,-,-,-,-,434,476,520,-
AIIMS-All India,UR,West Bengal,"AIIMS, Kalyani",EMERGENCY MEDICINE,-,-,-,-,-,-,-,-,-,-,-,-,-
JIPMER-All India,EWS,Pondicherry,"JIPMER, Puducherry",TBRD,-,-,-,-,-,491,-,-,-,-,-,-,-
AIIMS-All India,OBC,Delhi,"AIIMS, Delhi",RADIATION ONCOLOGY,-,-,-,-,-,834,834,-,834,-,-,-,-
AIIMS-All India,UR,Rajasthan,"AIIMS, Jodhpur",PSYCHIATRY,-,-,-,-,-,538,538,738,738,414,440,440,-
AIIMS-All India,OBC,Uttarakhand,"AIIMS, Rishikesh",GENERAL SURGERY,-,-,-,-,-,687,687,1034,-,788,670,1021,-
AIIMS-Inst. Pref,UR-AIIMS-IP,Madhya Pradesh,"AIIMS, Bhopal",ORTHOPAEDICS,-,-,-,-,-,744,744,912,912,-,-,-,-
AIIMS-All India,UR,Himachal Pradesh,"AIIMS, Bilaspur, Himachal",GENERAL SURGERY,-,-,-,-,-,-,-,-,-,441,594,594,594
AIIMS-All India,UR,Uttar Pradesh,"AIIMS, Gorakhpur",ENT,-,-,-,-,-,842,779,1322,1545,-,-,-,-
AIIMS-All India,OBC,Gujarat,"AIIMS, Rajkot",PAEDIATRICS,-,-,-,-,-,-,-,-,-,-,-,-,-
AIIMS-All India,EWS,Delhi,"AIIMS, Delhi",PSYCHIATRY,-,-,-,-,-,700,662,-,-,-,-,-,-
AIIMS-All India,UR,Jharkhand,"AIIMS, Deoghar",OBG,-,-,-,-,-,612,683,-,-,-,584,-,-
PGIMER-All India,OBC,Chandigarh,"PGIMER, Chandigarh",GENERAL SURGERY,-,-,-,-,-,577,598,595,-,611,611,845,-
AIIMS-All India,UR,Gujarat,"AIIMS, Rajkot",OPHTHALMOLOGY,-,-,-,-,-,-,-,-,-,463,352,945,945
AIIMS-All India,EWS,Rajasthan,"AIIMS, Jodhpur",ORTHOPAEDICS,-,-,-,-,-,558,706,706,-,-,-,-,-
AIIMS-Inst. Pref,UR-AIIMS-IP,Madhya Pradesh,"AIIMS, Bhopal",PAEDIATRICS,-,-,-,-,-,481,481,481,-,-,-,-,-
AIIMS-All India,UR,Delhi,"AIIMS, Delhi",PATHOLOGY,-,-,-,-,-,331,460,-,-,655,430,1150,1378
AIIMS-All India,OBC,Punjab,"AIIMS, Bathinda",PAEDIATRICS,-,-,-,-,-,495,486,-,-,499,650,771,-
AIIMS-All India,EWS,Chhattisgarh,"AIIMS, Raipur",PAEDIATRICS,-,-,-,-,-,437,437,599,-,-,-,-,-
AIIMS-All India,EWS,Uttar Pradesh,"AIIMS, Gorakhpur",PAEDIATRICS,-,-,-,-,-,-,-,-,-,-,-,-,-
AIIMS-Inst. Pref,UR-AIIMS-IP,Uttarakhand,"AIIMS, Rishikesh",PAEDIATRICS,-,-,-,-,-,-,-,-,-,267,643,-,-
JIPMER-All India,UR,Pondicherry,"JIPMER, Puducherry",CARDIO THORACIC AND VASCULAR SURGERY 6 YRS,-,-,-,-,-,-,-,-,-,-,-,-,-
AIIMS-All India,UR,Andhra Pradesh,"AIIMS, Mangalagiri",ORTHOPAEDICS,-,-,-,-,-,493,605,752,761,-,-,-,-
AIIMS-Inst. Pref,UR-AIIMS-IP,Andhra Pradesh,"AIIMS, Mangalagiri",RADIO DIAGNOSIS,-,-,-,-,-,-,-,-,-,-,-,-,-
AIIMS-All India,OBC,Assam,"AIIMS, Guwahati",DERMATOLOGY,-,-,-,-,-,-,-,-,-,-,-,-,-
JIPMER-All India,EWS,Pondicherry,"JIPMER, Puducherry",GENERAL SURGERY,-,-,-,-,-,517,517,517,-,614,685,794,-
AIIMS-All India,UR,Telangana,"AIIMS, Bibinagar",RADIATION ONCOLOGY,-,-,-,-,-,-,-,-,-,868,1047,1131,1306
AIIMS-Inst. Pref,UR-AIIMS-IP,Rajasthan,"AIIMS, Jodhpur",PAEDIATRICS,-,-,-,-,-,-,179,-,-,682,682,682,-
AIIMS-Inst. Pref,UR-AIIMS-IP,Chhattisgarh,"AIIMS, Raipur",PAEDIATRICS,-,-,-,-,-,-,-,-,-,-,-,-,-
AIIMS-All India,UR,Madhya Pradesh,"AIIMS, Bhopal",CARDIO THORACIC AND VASCULAR SURGERY 6 YRS,-,-,-,-,-,594,497,722,-,-,-,-,-
AIIMS-All India,OBC,Himachal Pradesh,"AIIMS, Bilaspur, Himachal",PAEDIATRICS,-,-,-,-,-,573,573,573,876,-,-,-,-
AIIMS-All India,EWS,Himachal Pradesh,"AIIMS, Bilaspur, Himachal",PAEDIATRICS,-,-,-,-,-,-,-,-,-,-,-,-,-
AIIMS-All India,OBC,Uttar Pradesh,"AIIMS, Gorakhpur",PAEDIATRICS,-,-,-,-,-,499,537,537,-,-,-,-,-
AIIMS-Inst. Pref,UR-AIIMS-IP,Delhi,"AIIMS, Delhi",OBG,-,-,-,-,-,-,-,-,-,1896,1896,4311,-
AIIMS-All India,UR,Madhya Pradesh,"AIIMS, Bhopal",PAEDIATRIC SURGERY 6 YRS,-,-,-,-,-,-,790,836,790,539,539,-,-
AIIMS-All India,UR,Jammu and Kashmir,"AIIMS, Jammu",GENERAL SURGERY,-,-,-,-,-,-,-,-,-,590,606,640,640
AIIMS-All India,UR,Maharashtra,"AIIMS, Nagpur",ENT,-,-,-,-,-,-,-,-,-,445,-,609,632
AIIMS-All India,UR,Assam,"AIIMS, Guwahati",OBG,-,-,-,-,-,589,666,689,1228,-,-,-,-
AIIMS-All India,OBC,Jharkhand,"AIIMS, Deoghar",PAEDIATRICS,-,-,-,-,-,586,586,650,650,542,626,830,1164
AIIMS-All India,UR,Jharkhand,"AIIMS, Deoghar",GENERAL SURGERY,-,-,-,-,-,624,616,616,812,564,564,590,-
JIPMER-All India,OBC,Pondicherry,"JIPMER, Puducherry",EMERGENCY MEDICINE,-,-,-,-,-,852,1011,1011,-,660,854,988,-
AIIMS-All India,OBC,Madhya Pradesh,"AIIMS, Bhopal",GENERAL SURGERY,-,-,-,-,-,658,658,658,-,852,852,-,-
JIPMER-All India,SC,Pondicherry,"JIPMER, Puducherry",RADIO DIAGNOSIS,-,-,-,-,-,286,286,286,-,-,958,958,253
AIIMS-All India,OBC,Andhra Pradesh,"AIIMS, Mangalagiri",OBG,-,-,-,-,-,609,788,928,-,-,-,-,-
AIIMS-All India,UR,Bihar,"AIIMS, Patna",CARDIO THORACIC AND VASCULAR SURGERY 6 YRS,-,-,-,-,-,473,593,594,1187,-,-,-,-
JIPMER-All India,UR,Pondicherry,"JIPMER, Puducherry",ANAESTHESIOLOGY,-,-,-,-,-,665,755,918,-,181,181,-,-
AIIMS-All India,UR,Rajasthan,"AIIMS, Jodhpur",PAEDIATRIC SURGERY 6 YRS,-,-,-,-,-,-,-,-,-,-,-,-,-
JIMPER-Inst. Pref,INST (JIPMER),Pondicherry,"JIPMER, Puducherry",NUCLEAR MEDICINE,-,-,-,-,-,231,231,-,-,-,-,-,-
AIIMS-All India,OBC,Uttar Pradesh,"AIIMS, Rai Bareli",PAEDIATRICS,-,-,-,-,-,486,499,586,635,-,-,-,-
AIIMS-Inst. Pref,UR-AIIMS-IP,Delhi,"AIIMS, Delhi",NEUROSURGERY 6 YRS,-,-,-,-,-,273,273,-,-,409,567,567,-
AIIMS-All India,UR,Chhattisgarh,"AIIMS, Raipur",PSYCHIATRY,-,-,-,-,-,555,638,-,-,-,-,824,-
AIIMS-All India,OBC,Andhra Pradesh,"AIIMS, Mangalagiri",GENERAL SURGERY,-,-,-,-,-,830,1113,1113,-,-,-,-,-
AIIMS-All India,OBC,Jammu and Kashmir,"AIIMS, Jammu",PAEDIATRICS,-,-,-,-,-,635,679,748,-,-,-,-,-
AIIMS-All India,UR,Bihar,"AIIMS, Patna",EMERGENCY MEDICINE,-,-,-,-,-,-,493,-,-,-,615,-,-
PGIMER-All India,UR,Chandigarh,"PGIMER, Chandigarh",ANAESTHESIOLOGY,-,-,-,-,-,753,781,880,854,507,597,812,822
AIIMS-All India,UR,Maharashtra,"AIIMS, Nagpur",ANAESTHESIOLOGY,-,-,-,-,-,-,985,985,-,578,-,979,979
AIIMS-All India,UR,Jammu and Kashmir,"AIIMS, Jammu",OBG,-,-,-,-,-,-,-,-,-,465,677,777,777
AIIMS-All India,OBC,Bihar,"AIIMS, Patna",GENERAL SURGERY,-,-,-,-,-,598,896,896,896,646,970,970,-
AIIMS-All India,UR,Andhra Pradesh,"AIIMS, Mangalagiri",EMERGENCY MEDICINE,-,-,-,-,-,-,-,-,-,489,489,489,489
AIIMS-All India,UR,Rajasthan,"AIIMS, Jodhpur",ANAESTHESIOLOGY,-,-,-,-,-,797,848,939,939,514,683,855,800
AIIMS-All India,OBC,Uttarakhand,"AIIMS, Rishikesh",ORTHOPAEDICS,-,-,-,-,-,570,748,876,462,791,791,-,-
AIIMS-Inst. Pref,UR-AIIMS-IP,Rajasthan,"AIIMS, Jodhpur",ORTHOPAEDICS,-,-,-,-,-,170,170,-,-,385,722,722,-
AIIMS-All India,UR,Maharashtra,"AIIMS, Nagpur",PSYCHIATRY,-,-,-,-,-,-,-,-,-,-,824,-,-
AIIMS-All India,SC,Delhi,"AIIMS, Delhi",RADIO DIAGNOSIS,-,-,-,-,-,166,166,-,-,214,214,-,-
AIIMS-All India,UR,Uttarakhand,"AIIMS, Rishikesh",PAEDIATRIC SURGERY 6 YRS,-,-,-,-,-,-,-,-,-,-,-,-,-
JIMPER-Inst. Pref,INST (JIPMER),Pondicherry,"JIPMER, Puducherry",PAEDIATRICS,-,-,-,-,-,453,344,344,390,412,412,307,553
AIIMS-All India,UR,Jharkhand,"AIIMS, Deoghar",OPHTHALMOLOGY,-,-,-,-,-,944,1003,1003,-,-,-,-,-
AIIMS-All India,UR,Punjab,"AIIMS, Bathinda",ORTHOPAEDICS,-,-,-,-,-,-,579,579,752,-,-,-,-
PGIMER-All India,OBC,Chandigarh,"PGIMER, Chandigarh",OBG,-,-,-,-,-,467,514,668,-,755,755,814,-
AIIMS-All India,UR,Maharashtra,"AIIMS, Nagpur",EMERGENCY MEDICINE,-,-,-,-,-,597,-,-,-,572,644,-,-
AIIMS-Inst. Pref,UR-AIIMS-IP,Delhi,"AIIMS, Delhi",ORTHOPAEDICS,-,-,-,-,-,370,695,-,-,362,362,-,-
AIIMS-All India,EWS,Punjab,"AIIMS, Bathinda",DERMATOLOGY,-,-,-,-,-,287,287,289,-,-,-,-,-
AIIMS-All India,EWS,Chhattisgarh,"AIIMS, Raipur",OBG,-,-,-,-,-,699,699,1043,-,-,-,-,-
AIIMS-All India,OBC,Rajasthan,"AIIMS, Jodhpur",OBG,-,-,-,-,-,565,565,565,-,785,785,785,-
AIIMS-All India,UR,Assam,"AIIMS, Guwahati",RADIATION ONCOLOGY,-,-,-,-,-,-,-,-,-,719,954,-,954
AIIMS-All India,UR,Bihar,"AIIMS, Patna",ANAESTHESIOLOGY,-,-,-,-,-,-,-,-,1278,-,820,-,-
AIIMS-All India,UR,Andhra Pradesh,"AIIMS, Mangalagiri",OPHTHALMOLOGY,-,-,-,-,-,-,-,-,-,-,364,-,-
PGIMER-All India,SC,Chandigarh,"PGIMER, Chandigarh",RADIO DIAGNOSIS,-,-,-,-,-,215,-,-,-,235,235,-,-
AIIMS-All India,OBC,Chhattisgarh,"AIIMS, Raipur",ORTHOPAEDICS,-,-,-,-,-,757,912,1164,-,895,783,-,-
AIIMS-All India,UR,Bihar,"AIIMS, Patna",PAEDIATRIC SURGERY 6 YRS,-,-,-,-,-,733,652,652,-,609,-,862,862
AIIMS-All India,OBC,Assam,"AIIMS, Guwahati",GENERAL SURGERY,-,-,-,-,-,1218,1073,1352,-,-,-,-,-
AIIMS-All India,EWS,Rajasthan,"AIIMS, Jodhpur",GENERAL SURGERY,-,-,-,-,-,-,-,-,-,685,629,685,-
AIIMS-All India,UR,Uttar Pradesh,"AIIMS, Gorakhpur",OPHTHALMOLOGY,-,-,-,-,-,600,708,949,-,-,636,876,876
JIPMER-All India,OBC,Pondicherry,"JIPMER, Puducherry",ORTHOPAEDICS,-,-,-,-,-,162,701,-,941,-,-,-,-
AIIMS-All India,UR,Himachal Pradesh,"AIIMS, Bilaspur, Himachal",PAEDIATRIC SURGERY 6 YRS,-,-,-,-,-,-,-,-,-,-,-,-,-
JIPMER-All India,EWS,Pondicherry,"JIPMER, Puducherry",OBG,-,-,-,-,-,584,663,663,663,-,-,-,-
AIIMS-All India,UR,Gujarat,"AIIMS, Rajkot",ENT,-,-,-,-,-,841,841,841,-,-,-,-,-
AIIMS-All India,UR,Himachal Pradesh,"AIIMS, Bilaspur, Himachal",ORTHOPAEDICS,-,-,-,-,-,-,-,-,-,-,-,-,-
AIIMS-All India,EWS,Jharkhand,"AIIMS, Deoghar",PAEDIATRICS,-,-,-,-,-,-,-,-,-,-,-,-,-
PGIMER-All India,SC,Chandigarh,"PGIMER, Chandigarh",GENERAL MEDICINE,-,-,-,-,-,516,516,511,-,839,839,839,-
AIIMS-All India,UR,Punjab,"AIIMS, Bathinda",CARDIO THORACIC AND VASCULAR SURGERY 6 YRS,-,-,-,-,-,-,-,-,-,608,672,909,847
AIIMS-All India,UR,Odisha,"AIIMS, Bhubaneswar",ANAESTHESIOLOGY,-,-,-,-,-,851,880,981,981,-,-,-,984
AIIMS-All India,EWS,Delhi,"AIIMS, Delhi",RADIATION ONCOLOGY,-,-,-,-,-,-,-,-,-,-,-,-,-
AIIMS-All India,EWS,Punjab,"AIIMS, Bathinda",OBG,-,-,-,-,-,-,-,-,-,-,-,-,-
AIIMS-All India,SC,Chhattisgarh,"AIIMS, Raipur",GENERAL MEDICINE,-,-,-,-,-,1005,1005,-,-,1740,1318,1318,-
AIIMS-All India,UR,Andhra Pradesh,"AIIMS, Mangalagiri",PSYCHIATRY,-,-,-,-,-,-,-,-,-,-,-,-,-
JIPMER-All India,EWS,Pondicherry,"JIPMER, Puducherry",RADIATION ONCOLOGY,-,-,-,-,-,-,-,-,-,736,-,-,-
AIIMS-All India,UR,Jharkhand,"AIIMS, Deoghar",PSYCHIATRY,-,-,-,-,-,-,-,-,-,-,-,-,-
AIIMS-All India,OBC,Chhattisgarh,"AIIMS, Raipur",GENERAL SURGERY,-,-,-,-,-,557,678,678,678,739,739,-,-
AIIMS-All India,OBC,Uttarakhand,"AIIMS, Rishikesh",OBG,-,-,-,-,-,362,362,362,-,811,816,816,1059
AIIMS-All India,EWS,Delhi,"AIIMS, Delhi",OPHTHALMOLOGY,-,-,-,-,-,371,703,703,782,361,419,419,-
AIIMS-Inst. Pref,UR-AIIMS-IP,Odisha,"AIIMS, Bhubaneswar",EMERGENCY MEDICINE,-,-,-,-,-,-,962,962,-,-,-,-,7070
PGIMER-Rural,UR-RA,Chandigarh,"PGIMER, Chandigarh",RADIO DIAGNOSIS,-,-,-,-,-,640,2181,-,-,-,-,-,-
AIIMS-All India,UR,Chhattisgarh,"AIIMS, Raipur",ANAESTHESIOLOGY,-,-,-,-,-,868,939,1223,1220,623,804,874,-
AIIMS-All India,OBC,Uttar Pradesh,"AIIMS, Rai Bareli",GENERAL SURGERY,-,-,-,-,-,1034,1224,1260,-,970,1370,1370,646
AIIMS-Inst. Pref,UR-AIIMS-IP,Rajasthan,"AIIMS, Jodhpur",PSYCHIATRY,-,-,-,-,-,-,-,-,-,-,3141,6825,18662
AIIMS-All India,OBC,Uttar Pradesh,"AIIMS, Gorakhpur",GENERAL SURGERY,-,-,-,-,-,963,1172,1224,-,-,-,-,-
AIIMS-All India,UR,Uttarakhand,"AIIMS, Rishikesh",FAMILY MEDICINE,-,-,-,-,-,-,1477,-,-,-,-,-,-
PGIMER-All India,OBC,Chandigarh,"PGIMER, Chandigarh",RADIATION ONCOLOGY,-,-,-,-,-,-,-,-,-,591,649,649,-
JIPMER-All India,OBC,Pondicherry,"JIPMER, Puducherry",ENT,-,-,-,-,-,947,1016,1097,1198,802,802,573,1157
AIIMS-All India,EWS,Punjab,"AIIMS, Bathinda",ORTHOPAEDICS,-,-,-,-,-,-,-,-,-,-,-,-,-
AIIMS-All India,UR,Delhi,"AIIMS, Delhi",PALLIATIVE MEDICINE,-,-,-,-,-,438,913,1590,2423,-,-,-,1325
NIMHANS-All India,OBC,Karnataka,"NIMHANS, Bangalore",PSYCHIATRY,-,-,-,-,-,896,886,1255,2025,319,341,857,628
AIIMS-All India,UR,Jammu and Kashmir,"AIIMS, Jammu",ANAESTHESIOLOGY,-,-,-,-,-,1025,1025,1337,2096,934,1073,1255,1296
AIIMS-All India,EWS,Delhi,"AIIMS, Delhi",GERIATRICS,-,-,-,-,-,-,-,-,-,598,666,-,-
AIIMS-All India,UR,Himachal Pradesh,"AIIMS, Bilaspur, Himachal",ANAESTHESIOLOGY,-,-,-,-,-,1223,1223,1416,1489,688,868,1152,-
AIIMS-All India,OBC,Madhya Pradesh,"AIIMS, Bhopal",OBG,-,-,-,-,-,668,668,808,-,814,910,910,-
AIIMS-All India,OBC,Delhi,"AIIMS, Delhi",ENT,-,-,-,-,-,837,432,1112,1157,-,-,-,-
AIIMS-Inst. Pref,UR-AIIMS-IP,Chhattisgarh,"AIIMS, Raipur",GENERAL SURGERY,-,-,-,-,-,-,895,-,-,637,637,-,-
JIPMER-All India,SC,Pondicherry,"JIPMER, Puducherry",GENERAL MEDICINE,-,-,-,-,-,1148,1148,1148,-,1318,1214,253,-
AIIMS-All India,OBC,Chhattisgarh,"AIIMS, Raipur",OBG,-,-,-,-,-,644,609,821,821,734,814,-,-
AIIMS-All India,OBC,Maharashtra,"AIIMS, Nagpur",GENERAL SURGERY,-,-,-,-,-,735,1034,1073,-,845,1221,1309,1309
JIPMER-All India,OBC,Pondicherry,"JIPMER, Puducherry",ANAESTHESIOLOGY,-,-,-,-,-,1207,1212,1480,1564,681,621,1040,1040
AIIMS-Inst. Pref,UR-AIIMS-IP,Chhattisgarh,"AIIMS, Raipur",OPHTHALMOLOGY,-,-,-,-,-,1712,3169,3169,-,-,-,-,-
AIIMS-All India,SC,Bihar,"AIIMS, Patna",GENERAL MEDICINE,-,-,-,-,-,-,-,-,-,1642,1642,1825,-
AIIMS-All India,EWS,Maharashtra,"AIIMS, Nagpur",GENERAL SURGERY,-,-,-,-,-,-,-,-,-,-,-,-,-
JIMPER-Inst. Pref,INST (JIPMER),Pondicherry,"JIPMER, Puducherry",TBRD,-,-,-,-,-,-,-,-,-,-,717,717,-
AIIMS-All India,EWS,Jharkhand,"AIIMS, Deoghar",OBG,-,-,-,-,-,-,-,-,-,-,-,-,-
AIIMS-All India,EWS,West Bengal,"AIIMS, Kalyani",RADIATION ONCOLOGY,-,-,-,-,-,-,-,-,-,-,-,-,-
AIIMS-All India,EWS,Delhi,"AIIMS, Delhi",ANAESTHESIOLOGY,-,-,-,-,-,903,614,731,1896,1085,370,-,-
AIIMS-All India,UR,Uttar Pradesh,"AIIMS, Gorakhpur",ANAESTHESIOLOGY,-,-,-,-,-,1110,1091,1489,1815,544,-,1045,1045
AIIMS-Inst. Pref,UR-AIIMS-IP,Delhi,"AIIMS, Delhi",OPHTHALMOLOGY,-,-,-,-,-,879,923,1137,-,567,537,-,-
JIMPER-Inst. Pref,INST (JIPMER),Pondicherry,"JIPMER, Puducherry",GENERAL SURGERY,-,-,-,-,-,525,525,217,-,324,324,880,-
AIIMS-All India,SC,Rajasthan,"AIIMS, Jodhpur",RADIO DIAGNOSIS,-,-,-,-,-,118,118,-,-,534,534,-,-
AIIMS-All India,OBC,Maharashtra,"AIIMS, Nagpur",OBG,-,-,-,-,-,717,808,862,-,816,817,817,-
AIIMS-All India,ST,Delhi,"AIIMS, Delhi",RADIO DIAGNOSIS,-,-,-,-,-,539,539,-,-,-,-,-,-
AIIMS-Inst. Pref,UR-AIIMS-IP,Rajasthan,"AIIMS, Jodhpur",RADIOTHERAPY & ONCOLOGY 6 YRS,-,-,-,-,-,-,-,-,-,2298,1826,-,-
AIIMS-All India,OBC,Uttarakhand,"AIIMS, Rishikesh",EMERGENCY MEDICINE,-,-,-,-,-,786,994,1384,-,-,-,-,-
AIIMS-All India,OBC,Chhattisgarh,"AIIMS, Raipur",ENT,-,-,-,-,-,1073,1420,1835,-,1027,1274,1274,-
AIIMS-All India,OBC,Bihar,"AIIMS, Patna",EMERGENCY MEDICINE,-,-,-,-,-,1384,1449,-,-,-,-,-,-
AIIMS-Inst. Pref,UR-AIIMS-IP,Delhi,"AIIMS, Delhi",INECTIOUS DISEASES 6 YRS,-,-,-,-,-,256,1047,-,-,-,-,-,-
AIIMS-All India,UR,West Bengal,"AIIMS, Kalyani",ANAESTHESIOLOGY,-,-,-,-,-,-,-,-,-,-,-,-,-
JIPMER-All India,EWS,Pondicherry,"JIPMER, Puducherry",ORTHOPAEDICS,-,-,-,-,-,-,-,-,-,-,-,-,-
AIIMS-All India,OBC,Jharkhand,"AIIMS, Deoghar",GENERAL SURGERY,-,-,-,-,-,-,-,-,-,1307,1585,1966,-
NIMHANS-All India,EWS,Karnataka,"NIMHANS, Bangalore",PSYCHIATRY,-,-,-,-,-,509,509,-,-,552,552,935,3537
AIIMS-All India,SC,Andhra Pradesh,"AIIMS, Mangalagiri",GENERAL MEDICINE,-,-,-,-,-,1178,1178,-,-,-,-,-,-
AIIMS-All India,SC,Uttar Pradesh,"AIIMS, Gorakhpur",GENERAL MEDICINE,-,-,-,-,-,-,-,-,-,2008,2609,2609,-
AIIMS-All India,OBC,Uttarakhand,"AIIMS, Rishikesh",RADIATION ONCOLOGY,-,-,-,-,-,1189,1359,1414,-,-,-,-,-
AIIMS-All India,OBC,Punjab,"AIIMS, Bathinda",GENERAL SURGERY,-,-,-,-,-,-,-,-,-,-,-,-,-
AIIMS-All India,EWS,Maharashtra,"AIIMS, Nagpur",RADIATION ONCOLOGY,-,-,-,-,-,-,-,-,-,-,-,-,-
AIIMS-All India,OBC,Madhya Pradesh,"AIIMS, Bhopal",ORTHOPAEDICS,-,-,-,-,-,603,757,1146,-,-,-,-,-
AIIMS-All India,UR,Gujarat,"AIIMS, Rajkot",ANAESTHESIOLOGY,-,-,-,-,-,1007,1078,1347,1347,924,960,1103,1387
JIMPER-Inst. Pref,INST (JIPMER),Pondicherry,"JIPMER, Puducherry",OBG,-,-,-,-,-,611,576,672,442,698,570,-,-
AIIMS-Inst. Pref,UR-AIIMS-IP,Maharashtra,"AIIMS, Nagpur",GENERAL SURGERY,-,-,-,-,-,-,624,624,-,3274,3274,3363,3274
AIIMS-All India,OBC,Maharashtra,"AIIMS, Nagpur",ORTHOPAEDICS,-,-,-,-,-,876,876,1172,1172,973,973,991,-
AIIMS-All India,EWS,Madhya Pradesh,"AIIMS, Bhopal",RADIATION ONCOLOGY,-,-,-,-,-,-,-,-,-,-,-,-,-
AIIMS-All India,UR,Jharkhand,"AIIMS, Deoghar",ANAESTHESIOLOGY,-,-,-,-,-,1071,1324,1342,1342,804,-,-,-
PGIMER-All India,OBC,Chandigarh,"PGIMER, Chandigarh",ENT,-,-,-,-,-,1016,1097,1602,1602,1144,1335,1335,1335
AIIMS-All India,EWS,Delhi,"AIIMS, Delhi",ENT,-,-,-,-,-,-,-,-,-,-,-,-,-
AIIMS-All India,OBC,Uttar Pradesh,"AIIMS, Rai Bareli",OBG,-,-,-,-,-,928,928,955,955,985,-,-,1492
AIIMS-All India,OBC,Himachal Pradesh,"AIIMS, Bilaspur, Himachal",GENERAL SURGERY,-,-,-,-,-,1205,1209,1344,-,-,-,-,-
AIIMS-All India,UR,Assam,"AIIMS, Guwahati",ANAESTHESIOLOGY,-,-,-,-,-,1075,1342,1500,2084,822,955,1154,1154
AIIMS-All India,SC,Uttar Pradesh,"AIIMS, Rai Bareli",GENERAL MEDICINE,-,-,-,-,-,-,-,-,-,1825,1825,2956,-
AIIMS-Inst. Pref,UR-AIIMS-IP,Punjab,"AIIMS, Bathinda",PAEDIATRICS,-,-,-,-,-,3739,3739,3739,-,-,-,-,-
AIIMS-All India,OBC,Delhi,"AIIMS, Delhi",PSYCHIATRY,-,-,-,-,-,983,1247,1309,-,801,1037,1037,-
AIIMS-All India,OBC,Delhi,"AIIMS, Delhi",ANAESTHESIOLOGY,-,-,-,-,-,941,930,1013,1175,942,942,1016,-
AIIMS-All India,OBC,Chhattisgarh,"AIIMS, Raipur",EMERGENCY MEDICINE,-,-,-,-,-,1345,1559,1563,1889,1075,1208,1343,-
AIIMS-All India,OBC,Gujarat,"AIIMS, Rajkot",OBG,-,-,-,-,-,-,-,-,-,817,916,916,-
AIIMS-Inst. Pref,UR-AIIMS-IP,Chhattisgarh,"AIIMS, Raipur",OBG,-,-,-,-,-,1179,-,-,-,-,-,-,-
AIIMS-All India,OBC,Madhya Pradesh,"AIIMS, Bhopal",RADIATION ONCOLOGY,-,-,-,-,-,-,-,-,-,-,-,-,-
AIIMS-All India,OBC,Punjab,"AIIMS, Bathinda",OBG,-,-,-,-,-,922,922,987,987,-,-,-,-
AIIMS-Inst. Pref,UR-AIIMS-IP,Madhya Pradesh,"AIIMS, Bhopal",EMERGENCY MEDICINE,-,-,-,-,-,-,-,-,-,-,-,4464,12958
AIIMS-All India,OBC,Jammu and Kashmir,"AIIMS, Jammu",GENERAL SURGERY,-,-,-,-,-,1051,1293,-,-,1337,1643,1837,-
AIIMS-All India,SC,Uttarakhand,"AIIMS, Rishikesh",RADIO DIAGNOSIS,-,-,-,-,-,-,-,-,-,-,-,-,-
AIIMS-All India,SC,Madhya Pradesh,"AIIMS, Bhopal",RADIO DIAGNOSIS,-,-,-,-,-,108,108,-,-,958,1133,1396,-
AIIMS-All India,OBC,Delhi,"AIIMS, Delhi",OPHTHALMOLOGY,-,-,-,-,-,754,813,922,732,619,588,588,-
PGIMER-All India,OBC,Chandigarh,"PGIMER, Chandigarh",PSYCHIATRY,-,-,-,-,-,1255,1309,1366,2166,1020,1180,1180,-
AIIMS-All India,EWS,Uttar Pradesh,"AIIMS, Rai Bareli",GENERAL SURGERY,-,-,-,-,-,-,-,-,-,-,-,-,-
AIIMS-All India,OBC,Jharkhand,"AIIMS, Deoghar",OBG,-,-,-,-,-,-,-,-,-,1119,1365,1365,-
AIIMS-All India,OBC,Maharashtra,"AIIMS, Nagpur",EMERGENCY MEDICINE,-,-,-,-,-,-,-,-,-,1208,1343,1435,-
JIPMER-All India,UR,Pondicherry,"JIPMER, Puducherry",PAEDIATRICS,-,-,-,-,-,164,164,164,164,111,111,-,-
NIMHANS-KAR Domicile,UR-Karnataka Domicile,Karnataka,"NIMHANS, Bangalore",PSYCHIATRY,-,-,-,-,-,513,751,764,866,543,764,764,1683
PGIMER-All India,ST,Chandigarh,"PGIMER, Chandigarh",RADIO DIAGNOSIS,-,-,-,-,-,1152,1152,1152,-,-,-,-,-
AIIMS-All India,UR,Delhi,"AIIMS, Delhi",COMMUNITY MEDICINE,-,-,-,-,-,360,360,-,-,451,-,-,2686
PGIMER-All India,ST,Chandigarh,"PGIMER, Chandigarh",GENERAL SURGERY,-,-,-,-,-,3389,6064,6958,-,6615,7002,7691,6615
AIIMS-All India,EWS,Rajasthan,"AIIMS, Jodhpur",PSYCHIATRY,-,-,-,-,-,1062,1581,1581,2746,-,-,-,-
AIIMS-All India,OBC,Bihar,"AIIMS, Patna",ORTHOPAEDICS,-,-,-,-,-,748,635,635,1420,-,-,-,-
AIIMS-All India,SC,Delhi,"AIIMS, Delhi",PSYCHIATRY,-,-,-,-,-,1163,1163,-,-,3135,4878,-,-
AIIMS-All India,UR,Andhra Pradesh,"AIIMS, Mangalagiri",FAMILY MEDICINE,-,-,-,-,-,-,-,-,-,-,-,-,-
AIIMS-All India,OBC,Assam,"AIIMS, Guwahati",OBG,-,-,-,-,-,-,-,-,-,-,-,-,-
AIIMS-All India,EWS,Punjab,"AIIMS, Bathinda",OPHTHALMOLOGY,-,-,-,-,-,580,1983,2271,3330,1539,1946,3501,1655
AIIMS-All India,OBC,Uttarakhand,"AIIMS, Rishikesh",OPHTHALMOLOGY,-,-,-,-,-,1158,1158,1228,1854,-,-,-,-
NIMHANS-NE Domicile,UR-North East Domicile,Karnataka,"NIMHANS, Bangalore",PSYCHIATRY,-,-,-,-,-,452,640,-,-,555,555,555,-
AIIMS-All India,EWS,Andhra Pradesh,"AIIMS, Mangalagiri",OBG,-,-,-,-,-,-,-,-,-,1226,1226,1226,-
AIIMS-All India,OBC,Punjab,"AIIMS, Bathinda",ORTHOPAEDICS,-,-,-,-,-,1164,1164,1420,1541,-,-,-,-
AIIMS-All India,SC,Bihar,"AIIMS, Patna",RADIO DIAGNOSIS,-,-,-,-,-,-,-,-,-,1396,1396,1628,-
AIIMS-Inst. Pref,UR-AIIMS-IP,Delhi,"AIIMS, Delhi",PAEDIATRIC SURGERY 6 YRS,-,-,-,-,-,-,-,-,-,-,3294,-,-
JIPMER-All India,UR,Pondicherry,"JIPMER, Puducherry",COMMUNITY MEDICINE,-,-,-,-,-,-,-,2622,-,-,1530,-,3244
PGIMER-All India,OBC,Chandigarh,"PGIMER, Chandigarh",OPHTHALMOLOGY,-,-,-,-,-,889,837,1016,1437,865,619,619,-
PGIMER-All India,UR,Chandigarh,"PGIMER, Chandigarh",COMMUNITY MEDICINE,-,-,-,-,-,1123,2108,2244,3803,-,-,-,-
AIIMS-All India,SC,Jammu and Kashmir,"AIIMS, Jammu",GENERAL MEDICINE,-,-,-,-,-,1419,1419,1419,-,-,-,-,-
AIIMS-All India,OBC,Andhra Pradesh,"AIIMS, Mangalagiri",ORTHOPAEDICS,-,-,-,-,-,898,898,898,898,-,-,-,-
AIIMS-All India,OBC,Maharashtra,"AIIMS, Nagpur",RADIATION ONCOLOGY,-,-,-,-,-,-,-,-,-,1715,1715,1869,1887
PGIMER-All India,UR,Chandigarh,"PGIMER, Chandigarh",HOSPITAL ADMINISTRATION,-,-,-,-,-,-,-,-,-,-,-,-,-
PGIMER-All India,UR,Chandigarh,"PGIMER, Chandigarh",PATHOLOGY,-,-,-,-,-,541,1153,1430,3692,738,1112,1290,1833
AIIMS-Inst. Pref,UR-AIIMS-IP,Punjab,"AIIMS, Bathinda",RADIATION ONCOLOGY,-,-,-,-,-,-,-,-,-,-,-,-,-
AIIMS-All India,EWS,Bihar,"AIIMS, Patna",OBG,-,-,-,-,-,697,1043,1077,-,953,950,1085,-
AIIMS-All India,EWS,Rajasthan,"AIIMS, Jodhpur",ENT,-,-,-,-,-,1217,1217,1217,-,-,-,-,-
AIIMS-All India,OBC,Andhra Pradesh,"AIIMS, Mangalagiri",EMERGENCY MEDICINE,-,-,-,-,-,1439,1468,1471,-,983,983,983,-
AIIMS-All India,OBC,Rajasthan,"AIIMS, Jodhpur",OPHTHALMOLOGY,-,-,-,-,-,972,1084,1084,1803,-,-,-,-
AIIMS-Inst. Pref,UR-AIIMS-IP,Bihar,"AIIMS, Patna",CARDIO THORACIC AND VASCULAR SURGERY 6 YRS,-,-,-,-,-,-,-,-,-,2579,2579,2675,-
AIIMS-All India,OBC,Delhi,"AIIMS, Delhi",PATHOLOGY,-,-,-,-,-,1555,1636,1645,3703,1032,1217,1414,3027
AIIMS-All India,OBC,Jammu and Kashmir,"AIIMS, Jammu",OBG,-,-,-,-,-,987,1218,1218,-,1030,1030,1551,1842
AIIMS-All India,OBC,Uttar Pradesh,"AIIMS, Gorakhpur",PSYCHIATRY,-,-,-,-,-,-,-,-,-,1872,2152,-,-
AIIMS-All India,OBC,Himachal Pradesh,"AIIMS, Bilaspur, Himachal",EMERGENCY MEDICINE,-,-,-,-,-,-,-,-,-,-,-,-,-
AIIMS-All India,OBC,Rajasthan,"AIIMS, Jodhpur",ENT,-,-,-,-,-,1097,1157,-,1994,-,-,-,-
AIIMS-All India,EWS,Andhra Pradesh,"AIIMS, Mangalagiri",GENERAL SURGERY,-,-,-,-,-,-,-,-,-,1289,1289,1289,-
PGIMER-All India,SC,Chandigarh,"PGIMER, Chandigarh",DERMATOLOGY,-,-,-,-,-,639,639,-,-,-,-,-,-
AIIMS-All India,EWS,Chhattisgarh,"AIIMS, Raipur",EMERGENCY MEDICINE,-,-,-,-,-,1074,2008,2221,3078,-,-,-,-
AIIMS-All India,UR,Bihar,"AIIMS, Patna",PMR,-,-,-,-,-,-,-,-,-,-,-,-,-
AIIMS-All India,UR,Rajasthan,"AIIMS, Jodhpur",PATHOLOGY,-,-,-,-,-,1529,1698,1743,1743,1048,1048,1774,2222
JIPMER-All India,SC,Pondicherry,"JIPMER, Puducherry",OBG,-,-,-,-,-,2016,2016,-,-,-,3128,-,-
AIIMS-All India,OBC,Uttarakhand,"AIIMS, Rishikesh",PSYCHIATRY,-,-,-,-,-,1611,1803,2025,2642,-,-,-,-
AIIMS-All India,OBC,Madhya Pradesh,"AIIMS, Bhopal",OPHTHALMOLOGY,-,-,-,-,-,1072,1228,1391,1652,986,865,1164,865
JIPMER-All India,UR,Pondicherry,"JIPMER, Puducherry",PATHOLOGY,-,-,-,-,-,817,-,-,-,774,774,1395,-
AIIMS-All India,OBC,Andhra Pradesh,"AIIMS, Mangalagiri",OPHTHALMOLOGY,-,-,-,-,-,1424,1566,1680,1680,848,848,848,-
PGIMER-All India,OBC,Chandigarh,"PGIMER, Chandigarh",ANAESTHESIOLOGY,-,-,-,-,-,1273,1273,1446,2060,991,1016,1098,-
JIPMER-All India,UR,Pondicherry,"JIPMER, Puducherry",FORENSIC MEDICINE,-,-,-,-,-,-,-,-,13708,548,-,1609,9385
AIIMS-All India,SC,Delhi,"AIIMS, Delhi",PAEDIATRICS,-,-,-,-,-,820,820,1069,-,1177,761,-,-
AIIMS-All India,OBC,Uttar Pradesh,"AIIMS, Rai Bareli",EMERGENCY MEDICINE,-,-,-,-,-,-,-,-,-,-,-,-,-
AIIMS-All India,UR,Andhra Pradesh,"AIIMS, Mangalagiri",PATHOLOGY,-,-,-,-,-,-,-,-,-,-,-,1358,-
AIIMS-All India,OBC,Andhra Pradesh,"AIIMS, Mangalagiri",RADIATION ONCOLOGY,-,-,-,-,-,-,-,-,-,-,-,-,-
AIIMS-All India,OBC,Uttar Pradesh,"AIIMS, Rai Bareli",ORTHOPAEDICS,-,-,-,-,-,-,-,-,-,-,-,-,-
AIIMS-All India,UR,Maharashtra,"AIIMS, Nagpur",PMR,-,-,-,-,-,-,-,-,-,-,-,-,-
AIIMS-All India,UR,Uttarakhand,"AIIMS, Rishikesh",PATHOLOGY,-,-,-,-,-,846,1625,1690,3335,1009,-,-,-
AIIMS-All India,OBC,Jharkhand,"AIIMS, Deoghar",ORTHOPAEDICS,-,-,-,-,-,1224,1348,1361,-,1382,1341,2019,1280
AIIMS-Inst. Pref,UR-AIIMS-IP,Maharashtra,"AIIMS, Nagpur",PLASTIC SURGERY 6 YRS,-,-,-,-,-,-,-,-,-,3363,3363,5686,-
AIIMS-All India,ST,Delhi,"AIIMS, Delhi",GENERAL MEDICINE,-,-,-,-,-,1234,1234,1234,-,509,509,-,-
PGIMER-Rural,OBC-RA,Chandigarh,"PGIMER, Chandigarh",GENERAL MEDICINE,-,-,-,-,-,1428,1428,1428,-,-,-,-,-
AIIMS-All India,OBC,Himachal Pradesh,"AIIMS, Bilaspur, Himachal",ORTHOPAEDICS,-,-,-,-,-,1299,1287,1538,-,1493,1382,1907,-
AIIMS-All India,OBC,Himachal Pradesh,"AIIMS, Bilaspur, Himachal",TRAUMATOLOGY AND SURGERY,-,-,-,-,-,-,-,-,-,-,-,-,-
AIIMS-All India,OBC,Delhi,"AIIMS, Delhi",GERIATRICS,-,-,-,-,-,400,747,747,-,649,671,1075,1454
AIIMS-Inst. Pref,UR-AIIMS-IP,Delhi,"AIIMS, Delhi",RADIATION ONCOLOGY,-,-,-,-,-,-,-,-,-,-,-,-,-
AIIMS-All India,UR,Delhi,"AIIMS, Delhi",LAB MEDICINE,-,-,-,-,-,-,-,-,-,-,-,-,-
AIIMS-All India,SC,Delhi,"AIIMS, Delhi",RADIATION ONCOLOGY,-,-,-,-,-,3357,3357,-,3357,-,-,-,-
AIIMS-All India,OBC,Uttarakhand,"AIIMS, Rishikesh",ANAESTHESIOLOGY,-,-,-,-,-,1407,1555,1985,1985,1215,1448,1588,-
AIIMS-All India,OBC,Chhattisgarh,"AIIMS, Raipur",OPHTHALMOLOGY,-,-,-,-,-,1437,1391,1566,1566,-,-,-,-
AIIMS-All India,OBC,Jammu and Kashmir,"AIIMS, Jammu",ORTHOPAEDICS,-,-,-,-,-,-,-,-,-,1370,1754,2191,2278
AIIMS-All India,OBC,Madhya Pradesh,"AIIMS, Bhopal",ANAESTHESIOLOGY,-,-,-,-,-,1294,1352,1841,1841,989,989,989,-
AIIMS-All India,OBC,Assam,"AIIMS, Guwahati",ORTHOPAEDICS,-,-,-,-,-,-,-,-,-,1490,1671,1754,-
AIIMS-Inst. Pref,UR-AIIMS-IP,Bihar,"AIIMS, Patna",OPHTHALMOLOGY,-,-,-,-,-,-,-,-,-,-,-,-,-
AIIMS-All India,OBC,Uttarakhand,"AIIMS, Rishikesh",ENT,-,-,-,-,-,-,-,-,-,1335,1457,-,-
AIIMS-All India,OBC,Madhya Pradesh,"AIIMS, Bhopal",ENT,-,-,-,-,-,1157,1310,-,-,-,-,-,-
AIIMS-All India,UR,Maharashtra,"AIIMS, Nagpur",HOSPITAL ADMINISTRATION,-,-,-,-,-,-,-,-,-,-,1849,-,12209
JIPMER-All India,SC,Pondicherry,"JIPMER, Puducherry",DERMATOLOGY,-,-,-,-,-,743,743,-,-,-,1974,1974,-
AIIMS-All India,EWS,Jammu and Kashmir,"AIIMS, Jammu",GENERAL SURGERY,-,-,-,-,-,828,828,828,828,-,-,-,-
AIIMS-All India,EWS,Rajasthan,"AIIMS, Jodhpur",ANAESTHESIOLOGY,-,-,-,-,-,1393,1393,1797,1969,1200,1200,1200,1200
AIIMS-All India,OBC,Bihar,"AIIMS, Patna",OPHTHALMOLOGY,-,-,-,-,-,1279,1437,-,2085,-,-,-,-
AIIMS-All India,OBC,Odisha,"AIIMS, Bhubaneswar",ANAESTHESIOLOGY,-,-,-,-,-,1352,1408,1564,2312,1098,1215,1215,1215
AIIMS-All India,OBC,Telangana,"AIIMS, Bibinagar",RADIATION ONCOLOGY,-,-,-,-,-,-,-,-,-,-,-,-,-
AIIMS-Inst. Pref,UR-AIIMS-IP,Uttarakhand,"AIIMS, Rishikesh",TBRD,-,-,-,-,-,-,-,-,-,-,-,-,-
JIMPER-Inst. Pref,INST (JIPMER),Pondicherry,"JIPMER, Puducherry",ENT,-,-,-,-,-,-,-,1956,-,-,1662,1662,-
AIIMS-All India,SC,Maharashtra,"AIIMS, Nagpur",RADIO DIAGNOSIS,-,-,-,-,-,-,-,-,-,1628,1322,-,-
AIIMS-All India,UR,Delhi,"AIIMS, Delhi",FORENSIC MEDICINE,-,-,-,-,-,-,-,1701,12344,-,-,-,-
AIIMS-All India,OBC,Bihar,"AIIMS, Patna",ENT,-,-,-,-,-,-,-,-,-,1455,1711,2163,-
AIIMS-Inst. Pref,UR-AIIMS-IP,Rajasthan,"AIIMS, Jodhpur",OBG,-,-,-,-,-,659,659,-,-,-,-,-,-
AIIMS-All India,SC,Jharkhand,"AIIMS, Deoghar",GENERAL MEDICINE,-,-,-,-,-,1238,1238,1238,-,-,-,-,-
AIIMS-Inst. Pref,UR-AIIMS-IP,Chhattisgarh,"AIIMS, Raipur",PAEDIATRIC SURGERY 6 YRS,-,-,-,-,-,-,-,-,-,-,-,-,-
AIIMS-All India,OBC,Chhattisgarh,"AIIMS, Raipur",ANAESTHESIOLOGY,-,-,-,-,-,1539,1563,1904,-,1424,1588,1767,1767
JIPMER-All India,EWS,Pondicherry,"JIPMER, Puducherry",ANAESTHESIOLOGY,-,-,-,-,-,998,998,-,1938,1104,1235,-,-
AIIMS-All India,OBC,Maharashtra,"AIIMS, Nagpur",OPHTHALMOLOGY,-,-,-,-,-,1391,1484,1652,1975,1012,986,986,986
AIIMS-All India,UR,Jammu and Kashmir,"AIIMS, Jammu",PMR,-,-,-,-,-,-,-,-,-,-,-,-,-
AIIMS-All India,OBC,Himachal Pradesh,"AIIMS, Bilaspur, Himachal",RADIATION ONCOLOGY,-,-,-,-,-,-,-,-,-,-,-,-,-
AIIMS-Inst. Pref,UR-AIIMS-IP,Bihar,"AIIMS, Patna",OBG,-,-,-,-,-,-,-,-,-,549,1866,1866,-
AIIMS-All India,SC,West Bengal,"AIIMS, Kalyani",RADIO DIAGNOSIS,-,-,-,-,-,-,-,-,-,-,-,-,-
PGIMER-All India,UR,Chandigarh,"PGIMER, Chandigarh",IHBT,-,-,-,-,-,863,863,2123,3862,995,1425,2067,3518
AIIMS-All India,UR,Odisha,"AIIMS, Bhubaneswar",PATHOLOGY,-,-,-,-,-,-,1298,2302,-,1076,1373,1817,2427
NIMHANS-KAR Domicile,OBC-Karnataka Domicile,Karnataka,"NIMHANS, Bangalore",PSYCHIATRY,-,-,-,-,-,1434,1762,-,-,1399,2318,3357,4187
NIMHANS-All India,UR,Karnataka,"NIMHANS, Bangalore",PMR,-,-,-,-,-,-,-,-,-,930,1223,1757,-
AIIMS-All India,OBC,Andhra Pradesh,"AIIMS, Mangalagiri",ANAESTHESIOLOGY,-,-,-,-,-,1423,1582,1668,-,-,-,-,-
AIIMS-All India,OBC,Maharashtra,"AIIMS, Nagpur",ANAESTHESIOLOGY,-,-,-,-,-,967,1571,2027,2675,1365,1610,1610,1610
AIIMS-Inst. Pref,UR-AIIMS-IP,Madhya Pradesh,"AIIMS, Bhopal",OPHTHALMOLOGY,-,-,-,-,-,1309,1891,-,1891,-,-,-,-
AIIMS-All India,EWS,Bihar,"AIIMS, Patna",EMERGENCY MEDICINE,-,-,-,-,-,-,-,-,-,-,-,-,-
AIIMS-All India,EWS,Delhi,"AIIMS, Delhi",IHBT,-,-,-,-,-,-,-,-,-,-,-,-,-
AIIMS-All India,UR,Madhya Pradesh,"AIIMS, Bhopal",IHBT,-,-,-,-,-,-,-,-,-,-,-,-,-
AIIMS-Inst. Pref,UR-AIIMS-IP,Gujarat,"AIIMS, Rajkot",ANAESTHESIOLOGY,-,-,-,-,-,-,-,-,-,-,-,-,-
AIIMS-All India,OBC,Maharashtra,"AIIMS, Nagpur",ENT,-,-,-,-,-,1559,1471,1575,2346,1457,1462,1462,-
AIIMS-All India,SC,Rajasthan,"AIIMS, Jodhpur",PAEDIATRICS,-,-,-,-,-,1185,1609,2219,-,2609,1984,1984,-
AIIMS-Inst. Pref,UR-AIIMS-IP,Madhya Pradesh,"AIIMS, Bhopal",PMR,-,-,-,-,-,7292,6771,-,-,-,-,-,-
AIIMS-All India,OBC,Rajasthan,"AIIMS, Jodhpur",ANAESTHESIOLOGY,-,-,-,-,-,1383,1440,1775,2119,1254,1160,1431,1431
AIIMS-All India,EWS,Odisha,"AIIMS, Bhubaneswar",ANAESTHESIOLOGY,-,-,-,-,-,-,-,-,-,-,-,-,-
AIIMS-Inst. Pref,UR-AIIMS-IP,Maharashtra,"AIIMS, Nagpur",ORTHOPAEDICS,-,-,-,-,-,-,-,-,-,3370,3681,3681,-
AIIMS-Inst. Pref,UR-AIIMS-IP,Rajasthan,"AIIMS, Jodhpur",ENT,-,-,-,-,-,-,-,-,-,722,-,-,-
AIIMS-All India,OBC,Madhya Pradesh,"AIIMS, Bhopal",PSYCHIATRY,-,-,-,-,-,1679,2166,2166,3687,-,-,-,-
AIIMS-Inst. Pref,UR-AIIMS-IP,Bihar,"AIIMS, Patna",ENT,-,-,-,-,-,-,1981,1981,2412,-,-,-,-
AIIMS-All India,OBC,Punjab,"AIIMS, Bathinda",OPHTHALMOLOGY,-,-,-,-,-,-,-,-,-,-,-,-,-
AIIMS-All India,OBC,Telangana,"AIIMS, Bibinagar",ANAESTHESIOLOGY,-,-,-,-,-,1471,1841,2041,3140,-,-,-,-
AIIMS-All India,UR,Madhya Pradesh,"AIIMS, Bhopal",COMMUNITY MEDICINE,-,-,-,-,-,-,-,-,-,-,-,2249,-
AIIMS-All India,EWS,Delhi,"AIIMS, Delhi",PHARMACOLOGY,-,-,-,-,-,-,-,-,-,-,-,-,-
AIIMS-All India,OBC,Gujarat,"AIIMS, Rajkot",ANAESTHESIOLOGY,-,-,-,-,-,1484,1966,2243,3308,1431,1725,2463,2588
AIIMS-All India,OBC,Maharashtra,"AIIMS, Nagpur",PMR,-,-,-,-,-,-,-,-,-,3313,3633,4189,-
AIIMS-All India,OBC,Bihar,"AIIMS, Patna",ANAESTHESIOLOGY,-,-,-,-,-,1440,1494,2052,-,1301,1301,1868,2421
AIIMS-Inst. Pref,UR-AIIMS-IP,Delhi,"AIIMS, Delhi",PSYCHIATRY,-,-,-,-,-,534,1037,1900,6043,1093,4727,9129,-
AIIMS-All India,OBC,Uttar Pradesh,"AIIMS, Gorakhpur",TRAUMATOLOGY AND SURGERY,-,-,-,-,-,-,-,-,-,-,-,-,-
AIIMS-Inst. Pref,UR-AIIMS-IP,Chhattisgarh,"AIIMS, Raipur",ENT,-,-,-,-,-,1422,1712,-,3526,-,1651,-,-
AIIMS-All India,OBC,Maharashtra,"AIIMS, Nagpur",FAMILY MEDICINE,-,-,-,-,-,-,-,-,-,-,-,-,-
AIIMS-All India,OBC,Uttar Pradesh,"AIIMS, Gorakhpur",ANAESTHESIOLOGY,-,-,-,-,-,1775,1868,2463,3221,-,-,-,-
AIIMS-All India,OBC,Jharkhand,"AIIMS, Deoghar",ENT,-,-,-,-,-,1569,1602,2043,2422,1606,2108,2311,2977
PGIMER-All India,ST,Chandigarh,"PGIMER, Chandigarh",GENERAL MEDICINE,-,-,-,-,-,1992,2533,2533,-,1813,1066,635,-
AIIMS-All India,EWS,Delhi,"AIIMS, Delhi",PATHOLOGY,-,-,-,-,-,-,-,-,-,1702,1702,2420,10416
PGIMER-All India,UR,Chandigarh,"PGIMER, Chandigarh",PHARMACOLOGY,-,-,-,-,-,-,-,-,-,2066,2323,3218,-
AIIMS-All India,OBC,Assam,"AIIMS, Guwahati",ANAESTHESIOLOGY,-,-,-,-,-,1764,2125,2675,2463,-,-,-,-
JIPMER-All India,OBC,Pondicherry,"JIPMER, Puducherry",COMMUNITY MEDICINE,-,-,-,-,-,1338,3301,3671,7055,-,1898,2477,-
AIIMS-All India,UR,Madhya Pradesh,"AIIMS, Bhopal",PATHOLOGY,-,-,-,-,-,1625,1510,1801,1801,772,1378,1519,-
AIIMS-All India,EWS,Andhra Pradesh,"AIIMS, Mangalagiri",EMERGENCY MEDICINE,-,-,-,-,-,-,-,-,-,-,-,-,-
AIIMS-All India,UR,Telangana,"AIIMS, Bibinagar",HOSPITAL ADMINISTRATION,-,-,-,-,-,-,-,-,-,-,-,-,-
AIIMS-Inst. Pref,UR-AIIMS-IP,Maharashtra,"AIIMS, Nagpur",OBG,-,-,-,-,-,1159,-,-,-,-,-,-,-
AIIMS-All India,OBC,Odisha,"AIIMS, Bhubaneswar",PSYCHIATRY,-,-,-,-,-,-,-,-,-,1037,1527,1620,2745
AIIMS-All India,SC,Chhattisgarh,"AIIMS, Raipur",RADIO DIAGNOSIS,-,-,-,-,-,-,-,-,-,1146,1146,1146,-
AIIMS-All India,OBC,Delhi,"AIIMS, Delhi",PMR,-,-,-,-,-,-,-,-,-,-,-,-,-
AIIMS-All India,OBC,Delhi,"AIIMS, Delhi",COMMUNITY MEDICINE,-,-,-,-,-,1219,1965,1965,-,-,-,-,-
AIIMS-All India,EWS,Chhattisgarh,"AIIMS, Raipur",OPHTHALMOLOGY,-,-,-,-,-,1586,1586,1586,1586,-,-,-,-
AIIMS-All India,OBC,Jharkhand,"AIIMS, Deoghar",OPHTHALMOLOGY,-,-,-,-,-,-,-,-,-,-,-,-,-
AIIMS-All India,UR,Bihar,"AIIMS, Patna",IHBT,-,-,-,-,-,-,-,-,-,-,-,-,-
AIIMS-All India,OBC,Rajasthan,"AIIMS, Jodhpur",PATHOLOGY,-,-,-,-,-,1868,2642,3703,4605,2157,3212,5354,4259
JIPMER-All India,SC,Pondicherry,"JIPMER, Puducherry",TBRD,-,-,-,-,-,-,-,-,-,-,-,-,-
JIPMER-All India,UR,Pondicherry,"JIPMER, Puducherry",MICROBIOLOGY,-,-,-,-,-,2432,2673,3310,6929,2120,2396,-,6560
JIMPER-Inst. Pref,INST (JIPMER)-PwD,Pondicherry,"JIPMER, Puducherry",OPHTHALMOLOGY,-,-,-,-,-,-,-,-,-,-,-,-,-
PGIMER-All India,SC,Chandigarh,"PGIMER, Chandigarh",PAEDIATRICS,-,-,-,-,-,1081,1081,1226,2420,2128,2088,2128,-
JIPMER-All India,EWS,Pondicherry,"JIPMER, Puducherry",FORENSIC MEDICINE,-,-,-,-,-,-,-,10369,10369,-,-,-,-
AIIMS-All India,OBC,West Bengal,"AIIMS, Kalyani",OPHTHALMOLOGY,-,-,-,-,-,1565,1844,2064,2064,-,-,-,-
JIPMER-All India,ST,Pondicherry,"JIPMER, Puducherry",GENERAL MEDICINE,-,-,-,-,-,2659,-,-,-,-,-,-,-
AIIMS-All India,UR,Delhi,"AIIMS, Delhi",ANATOMY,-,-,-,-,-,2399,3561,6198,28528,1545,1460,5313,29559
AIIMS-All India,UR,Odisha,"AIIMS, Bhubaneswar",PHARMACOLOGY,-,-,-,-,-,3088,3338,5768,5997,-,-,-,-
PGIMER-All India,OBC,Chandigarh,"PGIMER, Chandigarh",PATHOLOGY,-,-,-,-,-,1737,2056,2545,4505,1367,2025,2631,6546
AIIMS-All India,OBC,Delhi,"AIIMS, Delhi",IHBT,-,-,-,-,-,-,-,-,-,1746,2022,2702,11627
AIIMS-All India,OBC,Chhattisgarh,"AIIMS, Raipur",PSYCHIATRY,-,-,-,-,-,1835,2025,2453,3861,-,-,-,-
AIIMS-All India,UR,Punjab,"AIIMS, Bathinda",IHBT,-,-,-,-,-,-,-,-,-,-,-,-,-
AIIMS-All India,SC,Andhra Pradesh,"AIIMS, Mangalagiri",RADIO DIAGNOSIS,-,-,-,-,-,494,494,494,-,-,-,-,-
AIIMS-All India,EWS,Madhya Pradesh,"AIIMS, Bhopal",ANAESTHESIOLOGY,-,-,-,-,-,-,-,-,-,1361,2031,2031,-
AIIMS-All India,UR,Chhattisgarh,"AIIMS, Raipur",PATHOLOGY,-,-,-,-,-,1743,-,-,5769,1486,1599,2423,2503
AIIMS-All India,EWS,Himachal Pradesh,"AIIMS, Bilaspur, Himachal",ANAESTHESIOLOGY,-,-,-,-,-,-,-,-,-,2031,3080,-,-
AIIMS-All India,SC,Uttarakhand,"AIIMS, Rishikesh",DERMATOLOGY,-,-,-,-,-,-,-,-,-,-,-,-,-
AIIMS-All India,UR,Jharkhand,"AIIMS, Deoghar",PATHOLOGY,-,-,-,-,-,1327,1657,3800,7247,1572,1844,2548,6785
AIIMS-All India,EWS,Odisha,"AIIMS, Bhubaneswar",ENT,-,-,-,-,-,-,-,-,-,-,-,-,-
AIIMS-All India,SC,Odisha,"AIIMS, Bhubaneswar",PAEDIATRICS,-,-,-,-,-,-,-,-,-,3062,3127,3259,3559
AIIMS-All India,EWS,Maharashtra,"AIIMS, Nagpur",ANAESTHESIOLOGY,-,-,-,-,-,-,-,-,-,1709,2082,3271,4625
AIIMS-Inst. Pref,UR-AIIMS-IP,Bihar,"AIIMS, Patna",PSYCHIATRY,-,-,-,-,-,1875,1875,-,-,-,-,-,-
AIIMS-All India,OBC,Himachal Pradesh,"AIIMS, Bilaspur, Himachal",ANAESTHESIOLOGY,-,-,-,-,-,1830,1830,2657,3261,1610,1939,2473,2463
AIIMS-All India,OBC,Punjab,"AIIMS, Bathinda",ANAESTHESIOLOGY,-,-,-,-,-,1571,1564,2060,2857,-,-,-,-
AIIMS-All India,EWS,Uttar Pradesh,"AIIMS, Gorakhpur",EMERGENCY MEDICINE,-,-,-,-,-,-,-,-,-,-,-,-,-
AIIMS-Inst. Pref,UR-AIIMS-IP,Chhattisgarh,"AIIMS, Raipur",CARDIO THORACIC AND VASCULAR SURGERY 6 YRS,-,-,-,-,-,1369,1179,1179,-,773,773,-,-
AIIMS-All India,UR,Madhya Pradesh,"AIIMS, Bhopal",FORENSIC MEDICINE,-,-,-,-,-,1756,-,-,17019,-,-,3219,22132
JIMPER-Inst. Pref,INST (JIPMER),Pondicherry,"JIPMER, Puducherry",ORTHOPAEDICS,-,-,-,-,-,-,-,-,-,1147,1446,-,-
AIIMS-All India,UR,West Bengal,"AIIMS, Kalyani",PATHOLOGY,-,-,-,-,-,2576,1879,3403,6325,1596,2253,2811,5112
AIIMS-All India,SC,Delhi,"AIIMS, Delhi",OBG,-,-,-,-,-,-,-,-,-,1814,2906,-,-
AIIMS-All India,OBC,Jammu and Kashmir,"AIIMS, Jammu",ANAESTHESIOLOGY,-,-,-,-,-,-,-,-,-,1476,1885,2525,3366
AIIMS-All India,UR,Maharashtra,"AIIMS, Nagpur",FORENSIC MEDICINE,-,-,-,-,-,-,5002,5816,-,-,-,-,24673
AIIMS-All India,UR,Jammu and Kashmir,"AIIMS, Jammu",PATHOLOGY,-,-,-,-,-,1734,2368,3410,6117,955,2409,2657,2395
AIIMS-All India,EWS,Maharashtra,"AIIMS, Nagpur",ENT,-,-,-,-,-,-,-,-,-,-,-,-,-
AIIMS-All India,SC,Assam,"AIIMS, Guwahati",RADIO DIAGNOSIS,-,-,-,-,-,-,-,-,-,-,-,-,-
AIIMS-All India,UR,Uttar Pradesh,"AIIMS, Rai Bareli",PATHOLOGY,-,-,-,-,-,2031,2759,3203,6986,-,-,-,-
AIIMS-All India,OBC,Delhi,"AIIMS, Delhi",FORENSIC MEDICINE,-,-,-,-,-,-,-,-,-,-,-,-,-
AIIMS-All India,ST,Madhya Pradesh,"AIIMS, Bhopal",RADIO DIAGNOSIS,-,-,-,-,-,-,-,-,-,-,-,-,-
AIIMS-Inst. Pref,UR-AIIMS-IP,Maharashtra,"AIIMS, Nagpur",OPHTHALMOLOGY,-,-,-,-,-,-,-,-,-,-,-,-,-
AIIMS-All India,UR,Chhattisgarh,"AIIMS, Raipur",IHBT,-,-,-,-,-,1824,1824,2109,12685,1604,2518,2963,-
AIIMS-All India,UR,Uttar Pradesh,"AIIMS, Rai Bareli",MICROBIOLOGY,-,-,-,-,-,5312,5430,7992,13880,1687,1687,4865,24766
AIIMS-All India,OBC,West Bengal,"AIIMS, Kalyani",PSYCHIATRY,-,-,-,-,-,2453,3042,3603,3603,-,-,-,-
AIIMS-All India,UR,Rajasthan,"AIIMS, Jodhpur",BIOCHEMISTRY,-,-,-,-,-,4364,-,-,-,2994,2508,5898,20179
JIMPER-Inst. Pref,INST (JIPMER),Pondicherry,"JIPMER, Puducherry",PSYCHIATRY,-,-,-,-,-,-,-,-,-,-,-,-,-
PGIMER-All India,UR,Chandigarh,"PGIMER, Chandigarh",BIOCHEMISTRY,-,-,-,-,-,-,-,-,-,2072,2221,4128,10344
PGIMER-All India,UR-PwD,Chandigarh,"PGIMER, Chandigarh",GENERAL SURGERY,-,-,-,-,-,21017,-,-,-,44111,44111,47791,-
AIIMS-All India,UR,Rajasthan,"AIIMS, Jodhpur",COMMUNITY MEDICINE,-,-,-,-,-,-,2023,2023,8417,-,-,-,3166
AIIMS-All India,OBC,Andhra Pradesh,"AIIMS, Mangalagiri",PSYCHIATRY,-,-,-,-,-,1857,3131,3131,3131,-,-,-,-
PGIMER-Rural,UR-RA,Chandigarh,"PGIMER, Chandigarh",OBG,-,-,-,-,-,-,-,-,-,2114,2114,4979,-
AIIMS-All India,OBC,Jharkhand,"AIIMS, Deoghar",ANAESTHESIOLOGY,-,-,-,-,-,1888,1913,2740,3126,1617,1668,2421,3103
AIIMS-All India,SC,Punjab,"AIIMS, Bathinda",RADIO DIAGNOSIS,-,-,-,-,-,-,-,-,-,-,-,-,-
AIIMS-All India,OBC,Chhattisgarh,"AIIMS, Raipur",PATHOLOGY,-,-,-,-,-,3689,3692,4605,6347,2938,3176,3938,8332
AIIMS-Inst. Pref,UR-AIIMS-IP,Andhra Pradesh,"AIIMS, Mangalagiri",PAEDIATRICS,-,-,-,-,-,324,324,324,3224,-,-,-,-
AIIMS-All India,OBC,Punjab,"AIIMS, Bathinda",PSYCHIATRY,-,-,-,-,-,-,-,-,-,-,-,-,-
AIIMS-All India,OBC,Himachal Pradesh,"AIIMS, Bilaspur, Himachal",PSYCHIATRY,-,-,-,-,-,-,-,-,-,1671,2373,3116,3465
AIIMS-Inst. Pref,UR-AIIMS-IP,Uttarakhand,"AIIMS, Rishikesh",ORTHOPAEDICS,-,-,-,-,-,450,1086,-,-,-,-,-,-
AIIMS-All India,EWS,Andhra Pradesh,"AIIMS, Mangalagiri",ENT,-,-,-,-,-,-,-,-,-,-,-,-,-
AIIMS-All India,SC,Delhi,"AIIMS, Delhi",ORTHOPAEDICS,-,-,-,-,-,-,-,-,-,711,711,-,-
AIIMS-All India,UR,Gujarat,"AIIMS, Rajkot",COMMUNITY & FAMILY MEDICINE,-,-,-,-,-,2293,3152,4160,8572,-,-,-,-
JIPMER-All India,OBC,Pondicherry,"JIPMER, Puducherry",IHBT,-,-,-,-,-,-,-,2548,-,-,-,1895,-
AIIMS-All India,UR,Telangana,"AIIMS, Bibinagar",IHBT,-,-,-,-,-,-,-,-,-,2125,-,-,-
AIIMS-All India,SC,Uttar Pradesh,"AIIMS, Gorakhpur",RADIO DIAGNOSIS,-,-,-,-,-,-,-,-,-,-,-,-,-
PGIMER-All India,UR,Chandigarh,"PGIMER, Chandigarh",MICROBIOLOGY,-,-,-,-,-,-,-,-,-,1912,2709,3950,5341
AIIMS-All India,SC,Uttarakhand,"AIIMS, Rishikesh",PAEDIATRICS,-,-,-,-,-,-,-,-,-,-,-,-,-
PGIMER-Rural,UR-RA,Chandigarh,"PGIMER, Chandigarh",PAEDIATRICS,-,-,-,-,-,336,336,-,-,1074,1074,1074,-
AIIMS-All India,EWS,Bihar,"AIIMS, Patna",ANAESTHESIOLOGY,-,-,-,-,-,1421,1797,1938,2454,-,-,-,-
AIIMS-All India,UR,Telangana,"AIIMS, Bibinagar",MICROBIOLOGY,-,-,-,-,-,4159,3962,8431,18874,-,-,-,-
AIIMS-All India,OBC,Delhi,"AIIMS, Delhi",PALLIATIVE MEDICINE,-,-,-,-,-,1973,2000,2077,4525,-,-,1626,6496
AIIMS-All India,OBC,Delhi,"AIIMS, Delhi",BIOPHYSICS,-,-,-,-,-,2809,3344,4780,13608,2675,4183,5470,10737
JIMPER-Inst. Pref,INST (JIPMER),Pondicherry,"JIPMER, Puducherry",ANAESTHESIOLOGY,-,-,-,-,-,1304,1403,1408,5084,1514,1201,1201,-
AIIMS-All India,EWS,Uttar Pradesh,"AIIMS, Rai Bareli",ENT,-,-,-,-,-,1534,1534,1534,-,-,-,-,-
AIIMS-Inst. Pref,UR-AIIMS-IP,Odisha,"AIIMS, Bhubaneswar",PAEDIATRIC SURGERY 6 YRS,-,-,-,-,-,535,937,2577,2787,768,-,-,-
AIIMS-All India,ST,Rajasthan,"AIIMS, Jodhpur",GENERAL SURGERY,-,-,-,-,-,6958,6958,7281,9700,-,-,-,-
AIIMS-All India,UR,Assam,"AIIMS, Guwahati",COMMUNITY & FAMILY MEDICINE,-,-,-,-,-,3152,3219,3491,9585,2227,2753,3673,8121
JIPMER-All India,OBC,Pondicherry,"JIPMER, Puducherry",PATHOLOGY,-,-,-,-,-,1300,1501,1771,2775,988,1818,2331,1488
JIMPER-Inst. Pref,INST (JIPMER),Pondicherry,"JIPMER, Puducherry",PMR,-,-,-,-,-,-,-,-,-,-,-,-,-
AIIMS-Inst. Pref,UR-AIIMS-IP,Andhra Pradesh,"AIIMS, Mangalagiri",GENERAL SURGERY,-,-,-,-,-,-,-,-,-,-,-,-,-
AIIMS-Inst. Pref,UR-AIIMS-IP,Madhya Pradesh,"AIIMS, Bhopal",CARDIO THORACIC AND VASCULAR SURGERY 6 YRS,-,-,-,-,-,-,1593,1593,2588,-,-,-,-
JIPMER-All India,SC,Pondicherry,"JIPMER, Puducherry",GENERAL SURGERY,-,-,-,-,-,2931,2931,3587,3721,2666,2567,3186,-
PGIMER-All India,SC,Chandigarh,"PGIMER, Chandigarh",OBG,-,-,-,-,-,933,1232,3064,3311,2906,3039,3039,-
AIIMS-Inst. Pref,UR-AIIMS-IP,Rajasthan,"AIIMS, Jodhpur",PAEDIATRIC SURGERY 6 YRS,-,-,-,-,-,-,-,-,-,2101,3024,7945,7945
AIIMS-Inst. Pref,UR-AIIMS-IP,Uttarakhand,"AIIMS, Rishikesh",RADIATION ONCOLOGY,-,-,-,-,-,-,-,-,-,-,-,-,-
AIIMS-All India,SC,Bihar,"AIIMS, Patna",PAEDIATRICS,-,-,-,-,-,-,-,-,-,3049,3049,3049,-
AIIMS-Inst. Pref,UR-AIIMS-IP,Himachal Pradesh,"AIIMS, Bilaspur, Himachal",OBG,-,-,-,-,-,-,-,-,-,-,-,-,-
AIIMS-All India,UR,Bihar,"AIIMS, Patna",FORENSIC MEDICINE,-,-,-,-,-,-,-,-,-,-,-,4668,25404
AIIMS-All India,OBC,Madhya Pradesh,"AIIMS, Bhopal",FORENSIC MEDICINE,-,-,-,-,-,2037,7585,8108,-,4163,4750,7931,-
AIIMS-All India,SC,Delhi,"AIIMS, Delhi",NUCLEAR MEDICINE,-,-,-,-,-,1360,1360,1360,-,-,-,-,-
AIIMS-All India,OBC,Bihar,"AIIMS, Patna",PATHOLOGY,-,-,-,-,-,2642,2704,4623,4623,-,-,-,-
AIIMS-All India,OBC,Madhya Pradesh,"AIIMS, Bhopal",PATHOLOGY,-,-,-,-,-,2330,3583,4525,5586,1668,2938,4063,6505
AIIMS-Inst. Pref,UR-AIIMS-IP,Uttar Pradesh,"AIIMS, Rai Bareli",NEUROSURGERY 6 YRS,-,-,-,-,-,-,-,-,-,-,-,-,-
AIIMS-Inst. Pref,UR-AIIMS-IP,Himachal Pradesh,"AIIMS, Bilaspur, Himachal",OPHTHALMOLOGY,-,-,-,-,-,-,-,-,-,-,-,-,-
AIIMS-Inst. Pref,UR-AIIMS-IP,West Bengal,"AIIMS, Kalyani",ENT,-,-,-,-,-,12263,9793,12263,-,-,-,-,-
AIIMS-All India,UR,Jharkhand,"AIIMS, Deoghar",FORENSIC MEDICINE,-,-,-,-,-,4091,5005,8091,-,-,-,-,32518
AIIMS-All India,EWS,Madhya Pradesh,"AIIMS, Bhopal",FAMILY MEDICINE,-,-,-,-,-,2137,3122,-,-,-,-,-,-
PGIMER-Rural,UR-RA,Chandigarh,"PGIMER, Chandigarh",GENERAL SURGERY,-,-,-,-,-,4270,4270,5986,9007,2333,4979,6039,-
AIIMS-All India,OBC,Delhi,"AIIMS, Delhi",HOSPITAL ADMINISTRATION,-,-,-,-,-,-,-,-,-,2037,3740,6504,7190
AIIMS-All India,UR,West Bengal,"AIIMS, Kalyani",FORENSIC MEDICINE,-,-,-,-,-,-,-,-,-,2274,4010,4860,34895
AIIMS-All India,UR,Bihar,"AIIMS, Patna",MICROBIOLOGY,-,-,-,-,-,-,3826,6522,7768,2610,-,3974,-
AIIMS-All India,OBC,Gujarat,"AIIMS, Rajkot",FORENSIC MEDICINE,-,-,-,-,-,-,-,-,-,-,-,-,-
AIIMS-All India,EWS,Punjab,"AIIMS, Bathinda",ANAESTHESIOLOGY,-,-,-,-,-,-,-,-,-,-,-,-,-
AIIMS-All India,OBC,Himachal Pradesh,"AIIMS, Bilaspur, Himachal",PATHOLOGY,-,-,-,-,-,-,-,-,-,-,-,-,-
AIIMS-Inst. Pref,UR-AIIMS-IP,Uttarakhand,"AIIMS, Rishikesh",OPHTHALMOLOGY,-,-,-,-,-,958,450,958,-,-,-,-,-
AIIMS-Inst. Pref,UR-AIIMS-IP,Madhya Pradesh,"AIIMS, Bhopal",ANAESTHESIOLOGY,-,-,-,-,-,2564,2597,3955,7524,1915,2308,4594,-
AIIMS-All India,OBC,Maharashtra,"AIIMS, Nagpur",PATHOLOGY,-,-,-,-,-,2243,3333,3997,6765,2358,3836,5670,6854
JIMPER-Inst. Pref,INST (JIPMER),Pondicherry,"JIPMER, Puducherry",PHARMACOLOGY,-,-,-,-,-,-,-,6342,-,4863,4863,5806,-
AIIMS-All India,EWS,Jharkhand,"AIIMS, Deoghar",ANAESTHESIOLOGY,-,-,-,-,-,-,-,-,-,-,-,-,-
AIIMS-All India,UR,Andhra Pradesh,"AIIMS, Mangalagiri",FORENSIC MEDICINE,-,-,-,-,-,-,4852,8052,-,-,4035,4304,10287
AIIMS-All India,UR,Chhattisgarh,"AIIMS, Raipur",BIOCHEMISTRY,-,-,-,-,-,4097,1728,8661,18246,-,-,6113,29341
AIIMS-All India,OBC,Madhya Pradesh,"AIIMS, Bhopal",COMMUNITY MEDICINE,-,-,-,-,-,3590,4324,4324,4324,-,-,-,-
AIIMS-All India,UR,Maharashtra,"AIIMS, Nagpur",PHARMACOLOGY,-,-,-,-,-,-,-,-,-,1801,1801,1801,-
AIIMS-All India,SC,Delhi,"AIIMS, Delhi",ENT,-,-,-,-,-,-,-,-,-,-,-,-,-
AIIMS-Inst. Pref,UR-AIIMS-IP,Uttar Pradesh,"AIIMS, Gorakhpur",GENERAL SURGERY,-,-,-,-,-,-,-,-,-,1279,1279,2194,-
AIIMS-All India,SC,Madhya Pradesh,"AIIMS, Bhopal",NUCLEAR MEDICINE,-,-,-,-,-,2076,2076,2076,2076,-,-,-,-
AIIMS-All India,SC,Rajasthan,"AIIMS, Jodhpur",DERMATOLOGY,-,-,-,-,-,740,740,-,-,1974,674,674,-
AIIMS-All India,OBC,Delhi,"AIIMS, Delhi",PHARMACOLOGY,-,-,-,-,-,-,-,-,-,1785,3725,7802,8977
AIIMS-All India,SC,Maharashtra,"AIIMS, Nagpur",PAEDIATRICS,-,-,-,-,-,-,-,-,-,2891,2128,3127,-
AIIMS-All India,ST,Rajasthan,"AIIMS, Jodhpur",GENERAL MEDICINE,-,-,-,-,-,2162,2162,2162,-,-,-,-,-
AIIMS-Inst. Pref,UR-AIIMS-IP,Uttar Pradesh,"AIIMS, Rai Bareli",OPHTHALMOLOGY,-,-,-,-,-,-,-,-,-,-,-,-,-
AIIMS-All India,SC,Chhattisgarh,"AIIMS, Raipur",DERMATOLOGY,-,-,-,-,-,-,-,-,-,2102,2102,2102,-
AIIMS-All India,SC,Madhya Pradesh,"AIIMS, Bhopal",PAEDIATRICS,-,-,-,-,-,1810,1810,2022,-,-,-,-,-
AIIMS-Inst. Pref,UR-AIIMS-IP,Uttarakhand,"AIIMS, Rishikesh",PLASTIC SURGERY 6 YRS,-,-,-,-,-,-,-,-,-,-,-,-,-
AIIMS-All India,SC,Uttarakhand,"AIIMS, Rishikesh",OBG,-,-,-,-,-,1466,1567,-,-,-,-,-,-
AIIMS-Inst. Pref,UR-AIIMS-IP,Chhattisgarh,"AIIMS, Raipur",ANAESTHESIOLOGY,-,-,-,-,-,3201,4026,5173,-,2462,2462,4677,6982
AIIMS-All India,EWS,Rajasthan,"AIIMS, Jodhpur",COMMUNITY MEDICINE,-,-,-,-,-,-,-,-,-,4736,4736,7939,-
AIIMS-Inst. Pref,UR-AIIMS-IP,Odisha,"AIIMS, Bhubaneswar",ENT,-,-,-,-,-,-,-,-,-,1139,1139,1139,1139
AIIMS-All India,OBC,Himachal Pradesh,"AIIMS, Bilaspur, Himachal",IHBT,-,-,-,-,-,-,-,-,-,-,-,-,-
AIIMS-Inst. Pref,UR-AIIMS-IP,Maharashtra,"AIIMS, Nagpur",PAEDIATRIC SURGERY 6 YRS,-,-,-,-,-,-,-,-,-,4144,4144,9529,7529
PGIMER-All India,SC,Chandigarh,"PGIMER, Chandigarh",ORTHOPAEDICS,-,-,-,-,-,-,-,-,-,2750,2750,-,-
AIIMS-Inst. Pref,UR-AIIMS-IP,Odisha,"AIIMS, Bhubaneswar",ANAESTHESIOLOGY,-,-,-,-,-,-,2241,2241,2241,-,-,1245,-
AIIMS-All India,OBC,Telangana,"AIIMS, Bibinagar",PATHOLOGY,-,-,-,-,-,3248,4061,4917,8039,-,-,-,-
AIIMS-All India,SC,Delhi,"AIIMS, Delhi",OPHTHALMOLOGY,-,-,-,-,-,2152,3072,2694,4937,517,656,-,-
AIIMS-Inst. Pref,UR-AIIMS-IP,Uttarakhand,"AIIMS, Rishikesh",EMERGENCY MEDICINE,-,-,-,-,-,-,1902,-,-,3169,-,-,-
JIPMER-All India,UR,Pondicherry,"JIPMER, Puducherry",BIOCHEMISTRY,-,-,-,-,-,1094,4352,5513,16510,-,-,3538,11461
AIIMS-All India,UR,Chhattisgarh,"AIIMS, Raipur",MICROBIOLOGY,-,-,-,-,-,2920,4097,5121,-,-,2697,3124,24262
AIIMS-All India,SC,Uttarakhand,"AIIMS, Rishikesh",NUCLEAR MEDICINE,-,-,-,-,-,-,-,-,-,-,-,-,-
AIIMS-Inst. Pref,UR-AIIMS-IP,Jharkhand,"AIIMS, Deoghar",GENERAL SURGERY,-,-,-,-,-,-,-,-,-,-,5171,-,-
AIIMS-All India,UR,Punjab,"AIIMS, Bathinda",MICROBIOLOGY,-,-,-,-,-,-,-,-,-,-,-,-,-
AIIMS-All India,SC,Maharashtra,"AIIMS, Nagpur",DERMATOLOGY,-,-,-,-,-,-,-,-,-,1769,1769,1769,-
AIIMS-All India,EWS,Delhi,"AIIMS, Delhi",COMMUNITY MEDICINE,-,-,-,-,-,-,-,-,-,-,-,-,-
AIIMS-All India,EWS,Telangana,"AIIMS, Bibinagar",FORENSIC MEDICINE,-,-,-,-,-,-,-,-,-,-,-,-,-
JIPMER-All India,SC,Pondicherry,"JIPMER, Puducherry",EMERGENCY MEDICINE,-,-,-,-,-,-,4596,5237,-,-,-,-,-
AIIMS-All India,SC,Delhi,"AIIMS, Delhi",COMMUNITY MEDICINE,-,-,-,-,-,4278,6488,7061,9024,-,-,-,-
JIPMER-All India,OBC,Pondicherry,"JIPMER, Puducherry",MICROBIOLOGY,-,-,-,-,-,-,-,5772,-,-,-,-,-
AIIMS-All India,OBC,Andhra Pradesh,"AIIMS, Mangalagiri",MICROBIOLOGY,-,-,-,-,-,-,-,-,-,3621,5124,12041,13034
JIPMER-All India,ST,Pondicherry,"JIPMER, Puducherry",PAEDIATRICS,-,-,-,-,-,-,4506,-,-,-,-,-,6339
NIMHANS-NE Domicile,OBC-North East Domicile,Karnataka,"NIMHANS, Bangalore",PSYCHIATRY,-,-,-,-,-,-,-,-,-,2212,2212,-,-
AIIMS-All India,OBC,Uttar Pradesh,"AIIMS, Gorakhpur",PATHOLOGY,-,-,-,-,-,3500,4043,4535,7465,-,-,-,-
AIIMS-All India,UR,Punjab,"AIIMS, Bathinda",PHARMACOLOGY,-,-,-,-,-,-,-,-,-,-,-,-,-
AIIMS-All India,ST,Delhi,"AIIMS, Delhi",PAEDIATRICS,-,-,-,-,-,1894,3374,3374,-,-,-,-,-
AIIMS-All India,SC,Punjab,"AIIMS, Bathinda",DERMATOLOGY,-,-,-,-,-,-,-,-,-,-,-,-,-
AIIMS-Inst. Pref,UR-AIIMS-IP,Maharashtra,"AIIMS, Nagpur",ANAESTHESIOLOGY,-,-,-,-,-,2135,-,-,-,8690,9125,18226,18226
AIIMS-All India,UR,West Bengal,"AIIMS, Kalyani",PHARMACOLOGY,-,-,-,-,-,-,-,-,20686,-,-,-,-
PGIMER-All India,OBC,Chandigarh,"PGIMER, Chandigarh",IHBT,-,-,-,-,-,-,-,-,-,2020,2020,3161,11488
JIPMER-All India,SC,Pondicherry,"JIPMER, Puducherry",ANAESTHESIOLOGY,-,-,-,-,-,4957,3705,-,4781,2744,5314,5546,6223
AIIMS-All India,OBC,Andhra Pradesh,"AIIMS, Mangalagiri",COMMUNITY MEDICINE,-,-,-,-,-,2684,5186,6070,15244,-,-,-,-
PGIMER-All India,SC,Chandigarh,"PGIMER, Chandigarh",PSYCHIATRY,-,-,-,-,-,2388,1185,-,-,-,-,-,-
AIIMS-All India,SC,Maharashtra,"AIIMS, Nagpur",OBG,-,-,-,-,-,3356,3356,-,-,-,-,-,-
AIIMS-All India,OBC,Assam,"AIIMS, Guwahati",PATHOLOGY,-,-,-,-,-,3692,3973,5788,7727,2986,4709,6505,12850
AIIMS-All India,OBC,Bihar,"AIIMS, Patna",PMR,-,-,-,-,-,-,-,-,-,3437,3437,6282,6282
AIIMS-All India,OBC,Telangana,"AIIMS, Bibinagar",PMR,-,-,-,-,-,-,-,-,-,-,-,-,-
AIIMS-All India,UR,Bihar,"AIIMS, Patna",PHYSIOLOGY,-,-,-,-,-,-,5420,-,-,3251,4644,5873,22002
AIIMS-All India,EWS,Chhattisgarh,"AIIMS, Raipur",PMR,-,-,-,-,-,-,-,-,-,-,-,-,-
AIIMS-All India,OBC,Uttar Pradesh,"AIIMS, Rai Bareli",PATHOLOGY,-,-,-,-,-,-,-,-,-,3708,5262,7825,14415
AIIMS-All India,UR,Assam,"AIIMS, Guwahati",PHARMACOLOGY,-,-,-,-,-,4305,4305,4305,-,-,-,-,16943
AIIMS-All India,SC,Rajasthan,"AIIMS, Jodhpur",OBG,-,-,-,-,-,-,-,-,-,3039,3323,3323,-
AIIMS-All India,OBC,Andhra Pradesh,"AIIMS, Mangalagiri",HOSPITAL ADMINISTRATION,-,-,-,-,-,-,-,-,-,2373,4941,8834,-
AIIMS-All India,OBC,Punjab,"AIIMS, Bathinda",COMMUNITY & FAMILY MEDICINE,-,-,-,-,-,4330,5574,7711,7711,-,-,-,-
PGIMER-All India,OBC-PwD,Chandigarh,"PGIMER, Chandigarh",RADIO DIAGNOSIS,-,-,-,-,-,20074,-,-,-,-,-,-,-
AIIMS-All India,OBC,Odisha,"AIIMS, Bhubaneswar",IHBT,-,-,-,-,-,-,-,-,-,2108,2422,6213,14994
AIIMS-All India,ST,Bihar,"AIIMS, Patna",GENERAL MEDICINE,-,-,-,-,-,-,-,-,-,-,-,-,-
JIPMER-All India,EWS,Pondicherry,"JIPMER, Puducherry",PATHOLOGY,-,-,-,-,-,1138,1138,3039,7256,2007,3614,4476,-
AIIMS-Inst. Pref,UR-AIIMS-IP,Chhattisgarh,"AIIMS, Raipur",FAMILY MEDICINE,-,-,-,-,-,3526,867,867,-,-,-,-,-
AIIMS-Inst. Pref,UR-AIIMS-IP,Punjab,"AIIMS, Bathinda",ENT,-,-,-,-,-,-,-,-,-,-,-,-,-
AIIMS-All India,OBC,Andhra Pradesh,"AIIMS, Mangalagiri",FORENSIC MEDICINE,-,-,-,-,-,4874,6437,11766,19658,-,-,-,-
AIIMS-All India,OBC,Uttarakhand,"AIIMS, Rishikesh",IHBT,-,-,-,-,-,2635,2332,5382,7777,-,-,-,-
JIPMER-All India,SC,Pondicherry,"JIPMER, Puducherry",ORTHOPAEDICS,-,-,-,-,-,3053,2434,-,-,3865,3731,3868,-
AIIMS-All India,SC,Gujarat,"AIIMS, Rajkot",DERMATOLOGY,-,-,-,-,-,-,-,-,-,-,-,-,-
AIIMS-Inst. Pref,UR-AIIMS-IP,Andhra Pradesh,"AIIMS, Mangalagiri",EMERGENCY MEDICINE,-,-,-,-,-,-,-,-,-,-,-,-,-
AIIMS-All India,SC,Punjab,"AIIMS, Bathinda",PAEDIATRICS,-,-,-,-,-,-,-,-,-,-,-,-,-
PGIMER-Rural,UR-RA,Chandigarh,"PGIMER, Chandigarh",ANAESTHESIOLOGY,-,-,-,-,-,5048,5048,-,-,4286,-,-,-
AIIMS-All India,OBC,Uttarakhand,"AIIMS, Rishikesh",MICROBIOLOGY,-,-,-,-,-,4671,4671,9523,7492,-,-,-,-
AIIMS-All India,SC,Delhi,"AIIMS, Delhi",EMERGENCY MEDICINE,-,-,-,-,-,2417,3018,3018,-,1949,3482,-,-
JIPMER-All India,SC,Pondicherry,"JIPMER, Puducherry",ENT,-,-,-,-,-,-,-,4999,-,-,-,-,-
AIIMS-All India,OBC,Delhi,"AIIMS, Delhi",LAB MEDICINE,-,-,-,-,-,-,-,-,-,-,-,-,-
AIIMS-All India,SC,Delhi,"AIIMS, Delhi",GENERAL SURGERY,-,-,-,-,-,1598,1281,-,-,338,338,2567,-
AIIMS-All India,UR,Odisha,"AIIMS, Bhubaneswar",ANATOMY,-,-,-,-,-,-,-,-,22100,1954,-,5772,42296
AIIMS-All India,SC,Punjab,"AIIMS, Bathinda",ORTHOPAEDICS,-,-,-,-,-,3698,3468,5252,-,-,-,-,-
AIIMS-Inst. Pref,UR-AIIMS-IP,Delhi,"AIIMS, Delhi",ANAESTHESIOLOGY,-,-,-,-,-,5511,10202,19947,20837,4813,3929,12733,-
AIIMS-Inst. Pref,UR-AIIMS-IP,Telangana,"AIIMS, Bibinagar",PMR,-,-,-,-,-,-,-,-,-,4596,-,-,-
AIIMS-All India,OBC,Assam,"AIIMS, Guwahati",PMR,-,-,-,-,-,-,-,-,-,-,-,-,-
PGIMER-All India,OBC,Chandigarh,"PGIMER, Chandigarh",HOSPITAL ADMINISTRATION,-,-,-,-,-,-,-,-,-,-,-,-,-
AIIMS-All India,OBC,Assam,"AIIMS, Guwahati",COMMUNITY & FAMILY MEDICINE,-,-,-,-,-,-,-,-,-,4529,4494,7832,18413
AIIMS-Inst. Pref,UR-AIIMS-IP,Maharashtra,"AIIMS, Nagpur",PATHOLOGY,-,-,-,-,-,-,-,-,-,-,13481,42218,-
AIIMS-All India,UR,Assam,"AIIMS, Guwahati",BIOCHEMISTRY,-,-,-,-,-,5575,5535,9489,22814,4124,4124,6941,42785
AIIMS-All India,SC,Odisha,"AIIMS, Bhubaneswar",NUCLEAR MEDICINE,-,-,-,-,-,-,-,-,-,-,-,-,-
AIIMS-All India,ST,Odisha,"AIIMS, Bhubaneswar",RADIO DIAGNOSIS,-,-,-,-,-,-,-,-,-,-,-,-,-
AIIMS-All India,SC,Uttar Pradesh,"AIIMS, Gorakhpur",ORTHOPAEDICS,-,-,-,-,-,-,-,-,-,-,-,-,-
AIIMS-All India,ST,Delhi,"AIIMS, Delhi",OBG,-,-,-,-,-,1553,1553,-,-,2146,2146,-,-
AIIMS-All India,EWS,Rajasthan,"AIIMS, Jodhpur",PATHOLOGY,-,-,-,-,-,-,-,-,-,3318,3999,3999,-
AIIMS-All India,SC,Uttarakhand,"AIIMS, Rishikesh",RADIATION ONCOLOGY,-,-,-,-,-,4946,4368,5725,-,-,-,-,-
AIIMS-Inst. Pref,UR-AIIMS-IP,Bihar,"AIIMS, Patna",TRAUMASURG&CC (6 YRS),-,-,-,-,-,2342,1295,-,-,2164,4323,-,-
AIIMS-All India,UR-PwD,Delhi,"AIIMS, Delhi",PSYCHIATRY,-,-,-,-,-,-,-,-,-,-,-,-,-
NIMHANS-All India,SC,Karnataka,"NIMHANS, Bangalore",PSYCHIATRY,-,-,-,-,-,2051,2051,2051,-,3369,4541,4541,-
AIIMS-All India,EWS,Delhi,"AIIMS, Delhi",PALLIATIVE MEDICINE,-,-,-,-,-,2479,2479,3531,5652,-,-,-,-
AIIMS-All India,SC,Andhra Pradesh,"AIIMS, Mangalagiri",NUCLEAR MEDICINE,-,-,-,-,-,-,-,-,-,-,-,-,-
AIIMS-All India,OBC,Uttarakhand,"AIIMS, Rishikesh",PHYSIOLOGY,-,-,-,-,-,7812,7812,11648,-,-,-,-,-
PGIMER-All India,SC,Chandigarh,"PGIMER, Chandigarh",GENERAL SURGERY,-,-,-,-,-,2201,1987,1987,-,761,1320,-,-
AIIMS-All India,ST,Gujarat,"AIIMS, Rajkot",RADIO DIAGNOSIS,-,-,-,-,-,-,-,-,-,-,-,-,-
AIIMS-All India,UR,Andhra Pradesh,"AIIMS, Mangalagiri",BIOCHEMISTRY,-,-,-,-,-,-,-,-,-,2742,3586,6052,22471
AIIMS-All India,OBC,Chhattisgarh,"AIIMS, Raipur",IHBT,-,-,-,-,-,2870,3990,5118,12427,3705,4163,5211,21195
AIIMS-All India,SC,Uttarakhand,"AIIMS, Rishikesh",GENERAL SURGERY,-,-,-,-,-,1974,2308,2308,-,-,-,-,-
AIIMS-All India,SC,Madhya Pradesh,"AIIMS, Bhopal",ENT,-,-,-,-,-,3548,3548,-,-,4781,4781,7030,-
AIIMS-All India,SC,Bihar,"AIIMS, Patna",EMERGENCY MEDICINE,-,-,-,-,-,-,-,-,-,4334,5634,6362,15727
AIIMS-All India,UR,Andhra Pradesh,"AIIMS, Mangalagiri",ANATOMY,-,-,-,-,-,4415,7768,10544,-,-,-,-,-
AIIMS-All India,OBC,Chhattisgarh,"AIIMS, Raipur",COMMUNITY MEDICINE,-,-,-,-,-,3395,4330,7232,12658,3280,2477,7000,15533
AIIMS-All India,SC,Uttarakhand,"AIIMS, Rishikesh",PSYCHIATRY,-,-,-,-,-,2982,2483,2982,-,-,-,-,-
AIIMS-All India,SC,Assam,"AIIMS, Guwahati",GENERAL SURGERY,-,-,-,-,-,3946,4211,4781,8695,-,-,-,-
AIIMS-All India,EWS,Rajasthan,"AIIMS, Jodhpur",PHARMACOLOGY,-,-,-,-,-,-,-,-,-,-,-,-,-
AIIMS-All India,UR,Assam,"AIIMS, Guwahati",PHYSIOLOGY,-,-,-,-,-,-,-,-,22858,4480,5401,7115,22701
JIPMER-All India,SC-PwD,Pondicherry,"JIPMER, Puducherry",OPHTHALMOLOGY,-,-,-,-,-,-,-,-,-,-,-,-,-
AIIMS-Inst. Pref,UR-AIIMS-IP,Uttar Pradesh,"AIIMS, Rai Bareli",EMERGENCY MEDICINE,-,-,-,-,-,-,-,-,-,-,-,-,-
JIPMER-All India,SC,Pondicherry,"JIPMER, Puducherry",PHARMACOLOGY,-,-,-,-,-,-,-,-,14217,6828,8788,-,-
AIIMS-All India,ST,Andhra Pradesh,"AIIMS, Mangalagiri",RADIO DIAGNOSIS,-,-,-,-,-,-,-,-,-,-,-,-,-
AIIMS-All India,SC,Jharkhand,"AIIMS, Deoghar",ORTHOPAEDICS,-,-,-,-,-,-,-,-,-,-,-,-,-
AIIMS-All India,SC,Maharashtra,"AIIMS, Nagpur",ENT,-,-,-,-,-,-,-,-,-,4623,6006,7151,9258
AIIMS-Inst. Pref,UR-AIIMS-IP,Andhra Pradesh,"AIIMS, Mangalagiri",OBG,-,-,-,-,-,-,-,-,-,-,-,-,-
AIIMS-All India,ST,Andhra Pradesh,"AIIMS, Mangalagiri",GENERAL MEDICINE,-,-,-,-,-,-,-,-,-,-,-,-,-
AIIMS-All India,OBC,Jharkhand,"AIIMS, Deoghar",MICROBIOLOGY,-,-,-,-,-,7280,9834,11833,20219,-,-,-,-
AIIMS-All India,SC,West Bengal,"AIIMS, Kalyani",OPHTHALMOLOGY,-,-,-,-,-,-,-,-,-,-,-,-,-
AIIMS-All India,EWS,Bihar,"AIIMS, Patna",PATHOLOGY,-,-,-,-,-,-,-,-,-,-,-,-,-
AIIMS-Inst. Pref,UR-AIIMS-IP,Bihar,"AIIMS, Patna",ANAESTHESIOLOGY,-,-,-,-,-,3012,2416,4008,3047,2992,4624,5077,7299
AIIMS-All India,SC,Uttar Pradesh,"AIIMS, Gorakhpur",OBG,-,-,-,-,-,3772,4041,-,-,-,-,-,-
AIIMS-Inst. Pref,UR-AIIMS-IP,Uttarakhand,"AIIMS, Rishikesh",GERIATRICS,-,-,-,-,-,864,-,-,-,-,-,-,-
PGIMER-All India,SC,Chandigarh,"PGIMER, Chandigarh",ANAESTHESIOLOGY,-,-,-,-,-,3487,4278,5927,7188,4341,4623,5051,8031
AIIMS-All India,SC,Madhya Pradesh,"AIIMS, Bhopal",GENERAL SURGERY,-,-,-,-,-,2308,2377,2377,-,3066,3865,4781,-
JIPMER-All India,OBC-PwD,Pondicherry,"JIPMER, Puducherry",ANATOMY,-,-,-,-,-,-,4983,-,-,-,-,-,-
AIIMS-All India,ST,Delhi,"AIIMS, Delhi",ORTHOPAEDICS,-,-,-,-,-,-,-,-,-,2871,2871,9673,-
AIIMS-Inst. Pref,UR-AIIMS-IP,Jharkhand,"AIIMS, Deoghar",ORTHOPAEDICS,-,-,-,-,-,-,-,-,-,4062,4062,4062,-
AIIMS-All India,UR,Assam,"AIIMS, Guwahati",ANATOMY,-,-,-,-,-,5983,6198,10847,-,4841,5014,7255,-
AIIMS-All India,OBC,Rajasthan,"AIIMS, Jodhpur",BIOCHEMISTRY,-,-,-,-,-,5270,6557,-,-,4709,7723,11307,29419
AIIMS-All India,OBC,Odisha,"AIIMS, Bhubaneswar",COMMUNITY MEDICINE,-,-,-,-,-,3324,5159,6772,14619,2390,3305,5576,4638
AIIMS-All India,ST,Himachal Pradesh,"AIIMS, Bilaspur, Himachal",GENERAL MEDICINE,-,-,-,-,-,-,-,-,-,-,-,-,-
AIIMS-All India,OBC,Odisha,"AIIMS, Bhubaneswar",FORENSIC MEDICINE,-,-,-,-,-,-,-,-,-,4029,6178,6194,-
JIMPER-Inst. Pref,INST (JIPMER),Pondicherry,"JIPMER, Puducherry",COMMUNITY MEDICINE,-,-,-,-,-,1403,2153,-,2153,1929,1852,5728,2446
AIIMS-All India,OBC,Odisha,"AIIMS, Bhubaneswar",HOSPITAL ADMINISTRATION,-,-,-,-,-,-,-,-,-,2076,6147,-,-
AIIMS-All India,OBC,Bihar,"AIIMS, Patna",COMMUNITY & FAMILY MEDICINE,-,-,-,-,-,-,-,-,-,-,-,-,-
PGIMER-All India,ST,Chandigarh,"PGIMER, Chandigarh",PAEDIATRICS,-,-,-,-,-,3374,3401,-,-,1202,1202,-,-
AIIMS-All India,SC,Delhi,"AIIMS, Delhi",ANAESTHESIOLOGY,-,-,-,-,-,2808,3052,5120,6320,3070,2008,2008,-
AIIMS-All India,OBC,Jammu and Kashmir,"AIIMS, Jammu",FORENSIC MEDICINE,-,-,-,-,-,-,-,-,-,4952,5513,9628,38093
AIIMS-All India,EWS,Maharashtra,"AIIMS, Nagpur",COMMUNITY MEDICINE,-,-,-,-,-,3086,7176,10254,16935,-,-,-,-
AIIMS-All India,ST,Madhya Pradesh,"AIIMS, Bhopal",GENERAL SURGERY,-,-,-,-,-,-,-,-,-,7311,9662,10893,12932
AIIMS-All India,EWS,Punjab,"AIIMS, Bathinda",COMMUNITY & FAMILY MEDICINE,-,-,-,-,-,-,-,-,-,-,-,-,-
AIIMS-All India,SC,Chhattisgarh,"AIIMS, Raipur",EMERGENCY MEDICINE,-,-,-,-,-,4695,4695,5423,3064,-,-,-,-
AIIMS-All India,SC,Andhra Pradesh,"AIIMS, Mangalagiri",ORTHOPAEDICS,-,-,-,-,-,-,-,-,-,3119,3119,-,-
AIIMS-Inst. Pref,UR-AIIMS-IP,Gujarat,"AIIMS, Rajkot",PHYSIOLOGY,-,-,-,-,-,-,-,-,-,-,-,-,-
AIIMS-Inst. Pref,UR-AIIMS-IP,Delhi,"AIIMS, Delhi",ENT,-,-,-,-,-,-,-,-,1900,3172,3322,8623,-
AIIMS-Inst. Pref,UR-AIIMS-IP,Bihar,"AIIMS, Patna",COMMUNITY & FAMILY MEDICINE,-,-,-,-,-,-,-,-,-,4624,6898,15835,-
AIIMS-All India,SC,Delhi,"AIIMS, Delhi",GERIATRICS,-,-,-,-,-,2499,2499,-,-,-,-,-,-
AIIMS-All India,OBC,Jharkhand,"AIIMS, Deoghar",COMMUNITY & FAMILY MEDICINE,-,-,-,-,-,-,-,-,-,3380,4529,7812,18082
AIIMS-All India,OBC,Bihar,"AIIMS, Patna",FORENSIC MEDICINE,-,-,-,-,-,-,-,-,-,-,-,-,-
AIIMS-All India,SC,Uttar Pradesh,"AIIMS, Rai Bareli",ORTHOPAEDICS,-,-,-,-,-,3097,4266,-,-,-,-,-,-
AIIMS-All India,OBC,Punjab,"AIIMS, Bathinda",IHBT,-,-,-,-,-,-,-,-,-,-,-,-,-
AIIMS-All India,OBC,Gujarat,"AIIMS, Rajkot",COMMUNITY & FAMILY MEDICINE,-,-,-,-,-,-,-,-,-,4371,3564,7838,17117
AIIMS-All India,OBC,West Bengal,"AIIMS, Kalyani",FORENSIC MEDICINE,-,-,-,-,-,-,-,-,-,-,-,-,-
AIIMS-All India,OBC,Gujarat,"AIIMS, Rajkot",PHARMACOLOGY,-,-,-,-,-,-,-,-,-,-,-,-,-
AIIMS-Inst. Pref,UR-AIIMS-IP,Andhra Pradesh,"AIIMS, Mangalagiri",ANAESTHESIOLOGY,-,-,-,-,-,-,8985,-,-,-,-,-,-
AIIMS-Inst. Pref,UR-AIIMS-IP,Maharashtra,"AIIMS, Nagpur",COMMUNITY MEDICINE,-,-,-,-,-,-,-,-,-,10513,15343,27462,6314
AIIMS-All India,SC,Odisha,"AIIMS, Bhubaneswar",PSYCHIATRY,-,-,-,-,-,-,-,-,-,5373,5756,5811,-
AIIMS-Inst. Pref,UR-AIIMS-IP,Uttar Pradesh,"AIIMS, Rai Bareli",PAEDIATRIC SURGERY 6 YRS,-,-,-,-,-,-,-,-,-,9217,5970,5970,-
AIIMS-All India,SC,Andhra Pradesh,"AIIMS, Mangalagiri",GENERAL SURGERY,-,-,-,-,-,-,-,-,-,3102,3102,5487,-
AIIMS-All India,OBC,Delhi,"AIIMS, Delhi",ANATOMY,-,-,-,-,-,6274,6274,9111,24193,3173,6151,8017,20990
AIIMS-Inst. Pref,UR-AIIMS-IP,Andhra Pradesh,"AIIMS, Mangalagiri",OPHTHALMOLOGY,-,-,-,-,-,-,-,-,-,496,-,7797,1834
AIIMS-All India,OBC,Rajasthan,"AIIMS, Jodhpur",COMMUNITY MEDICINE,-,-,-,-,-,2480,5531,6771,11651,2797,4014,4494,-
AIIMS-All India,SC,Punjab,"AIIMS, Bathinda",ENT,-,-,-,-,-,4153,4153,4153,4153,-,-,-,-
AIIMS-All India,SC,Rajasthan,"AIIMS, Jodhpur",ANAESTHESIOLOGY,-,-,-,-,-,5025,4742,6604,7020,4536,5373,5629,8572
AIIMS-All India,SC,Uttar Pradesh,"AIIMS, Rai Bareli",OBG,-,-,-,-,-,-,-,-,-,-,-,-,-
JIPMER-All India,OBC,Pondicherry,"JIPMER, Puducherry",PHYSIOLOGY,-,-,-,-,-,5695,5753,7663,-,3538,-,6188,-
AIIMS-All India,SC,Gujarat,"AIIMS, Rajkot",OBG,-,-,-,-,-,3615,3615,4332,4332,-,-,-,-
AIIMS-All India,SC,Himachal Pradesh,"AIIMS, Bilaspur, Himachal",OBG,-,-,-,-,-,3504,4332,4860,4860,-,-,-,-
AIIMS-All India,OBC,Delhi,"AIIMS, Delhi",PHYSIOLOGY,-,-,-,-,-,2596,2596,7421,16035,3314,1149,1149,1149
AIIMS-All India,EWS,Delhi,"AIIMS, Delhi",LAB MEDICINE,-,-,-,-,-,-,-,-,-,-,-,-,-
AIIMS-All India,OBC,Chhattisgarh,"AIIMS, Raipur",FORENSIC MEDICINE,-,-,-,-,-,4966,7863,9616,22640,-,-,-,-
AIIMS-All India,EWS,Himachal Pradesh,"AIIMS, Bilaspur, Himachal",IHBT,-,-,-,-,-,-,-,-,-,-,-,-,-
AIIMS-All India,OBC,Uttarakhand,"AIIMS, Rishikesh",BIOCHEMISTRY,-,-,-,-,-,5630,5166,11651,21287,6242,6679,11488,-
AIIMS-Inst. Pref,UR-AIIMS-IP,Chhattisgarh,"AIIMS, Raipur",ANATOMY,-,-,-,-,-,14408,13901,-,-,-,-,-,-
AIIMS-Inst. Pref,UR-AIIMS-IP,Punjab,"AIIMS, Bathinda",EMERGENCY MEDICINE,-,-,-,-,-,-,-,-,-,-,-,-,-
AIIMS-All India,SC,Maharashtra,"AIIMS, Nagpur",GENERAL SURGERY,-,-,-,-,-,2517,2793,-,-,3731,5071,4336,-
AIIMS-All India,SC,Bihar,"AIIMS, Patna",GENERAL SURGERY,-,-,-,-,-,-,-,-,-,-,-,-,-
AIIMS-All India,SC,Himachal Pradesh,"AIIMS, Bilaspur, Himachal",EMERGENCY MEDICINE,-,-,-,-,-,-,-,-,-,-,-,-,-
AIIMS-All India,ST,Uttarakhand,"AIIMS, Rishikesh",PAEDIATRICS,-,-,-,-,-,-,-,-,-,-,-,-,-
AIIMS-All India,EWS,Andhra Pradesh,"AIIMS, Mangalagiri",PATHOLOGY,-,-,-,-,-,-,-,-,-,-,-,-,-
AIIMS-All India,ST,Assam,"AIIMS, Guwahati",RADIO DIAGNOSIS,-,-,-,-,-,-,-,-,-,-,-,-,-
AIIMS-All India,OBC,Madhya Pradesh,"AIIMS, Bhopal",PHARMACOLOGY,-,-,-,-,-,-,-,-,-,-,-,-,-
JIPMER-All India,OBC,Pondicherry,"JIPMER, Puducherry",ANATOMY,-,-,-,-,-,4983,-,8368,-,-,3191,-,-
NIMHANS-KAR Domicile,SC-Karnataka Domicile,Karnataka,"NIMHANS, Bangalore",PSYCHIATRY,-,-,-,-,-,3965,3965,-,-,-,-,-,-
AIIMS-All India,SC,Jammu and Kashmir,"AIIMS, Jammu",ORTHOPAEDICS,-,-,-,-,-,3729,3729,-,-,-,-,-,-
AIIMS-Inst. Pref,UR-AIIMS-IP,Uttar Pradesh,"AIIMS, Gorakhpur",FAMILY MEDICINE,-,-,-,-,-,-,-,-,-,-,-,-,-
AIIMS-All India,ST,Maharashtra,"AIIMS, Nagpur",GENERAL MEDICINE,-,-,-,-,-,-,-,-,-,4893,4893,4893,-
AIIMS-Inst. Pref,UR-AIIMS-IP,Telangana,"AIIMS, Bibinagar",IHBT,-,-,-,-,-,-,-,-,-,-,4596,-,-
AIIMS-All India,ST,Punjab,"AIIMS, Bathinda",GENERAL MEDICINE,-,-,-,-,-,-,-,-,-,-,-,-,-
JIMPER-Inst. Pref,INST (JIPMER),Pondicherry,"JIPMER, Puducherry",PATHOLOGY,-,-,-,-,-,1462,1462,1462,-,-,-,-,-
AIIMS-Inst. Pref,UR-AIIMS-IP,Maharashtra,"AIIMS, Nagpur",EMERGENCY MEDICINE,-,-,-,-,-,-,3616,3953,7772,-,3719,10386,3719
AIIMS-All India,SC,Uttar Pradesh,"AIIMS, Gorakhpur",GENERAL SURGERY,-,-,-,-,-,2377,3946,3946,-,4686,5487,5855,6760
AIIMS-All India,OBC,Jharkhand,"AIIMS, Deoghar",PHARMACOLOGY,-,-,-,-,-,-,-,-,-,-,-,-,-
JIPMER-All India,SC,Pondicherry,"JIPMER, Puducherry",PATHOLOGY,-,-,-,-,-,4439,6853,4439,4439,-,-,-,14383
AIIMS-Inst. Pref,UR-AIIMS-IP,Maharashtra,"AIIMS, Nagpur",PSYCHIATRY,-,-,-,-,-,-,-,-,-,6314,-,10538,29063
AIIMS-Inst. Pref,UR-AIIMS-IP,Bihar,"AIIMS, Patna",PHARMACOLOGY,-,-,-,-,-,-,11514,-,-,7299,-,26576,-
AIIMS-All India,SC,Telangana,"AIIMS, Bibinagar",GENERAL SURGERY,-,-,-,-,-,-,-,-,-,-,-,-,-
PGIMER-All India,ST,Chandigarh,"PGIMER, Chandigarh",OBG,-,-,-,-,-,-,-,-,-,4487,4487,4487,-
AIIMS-All India,EWS,Gujarat,"AIIMS, Rajkot",PATHOLOGY,-,-,-,-,-,-,-,-,-,-,-,-,-
AIIMS-All India,EWS,Jharkhand,"AIIMS, Deoghar",PATHOLOGY,-,-,-,-,-,-,-,-,-,-,-,-,-
AIIMS-All India,SC,Delhi,"AIIMS, Delhi",PALLIATIVE MEDICINE,-,-,-,-,-,-,-,-,-,5378,7532,-,-
AIIMS-All India,SC,Punjab,"AIIMS, Bathinda",OBG,-,-,-,-,-,-,-,-,-,-,-,-,-
PGIMER-All India,SC,Chandigarh,"PGIMER, Chandigarh",HOSPITAL ADMINISTRATION,-,-,-,-,-,-,-,-,-,-,-,-,-
AIIMS-All India,UR-PwD,Punjab,"AIIMS, Bathinda",RADIO DIAGNOSIS,-,-,-,-,-,-,-,-,-,-,-,-,-
AIIMS-All India,OBC,Punjab,"AIIMS, Bathinda",BIOCHEMISTRY,-,-,-,-,-,-,-,-,-,-,-,-,-
AIIMS-All India,OBC,Bihar,"AIIMS, Patna",BIOCHEMISTRY,-,-,-,-,-,-,-,-,-,-,-,-,-
AIIMS-All India,ST,Maharashtra,"AIIMS, Nagpur",PAEDIATRICS,-,-,-,-,-,-,-,-,-,-,-,-,-
AIIMS-Inst. Pref,UR-AIIMS-IP,Delhi,"AIIMS, Delhi",HOSPITAL ADMINISTRATION,-,-,-,-,-,-,-,-,-,8091,10991,13844,-
PGIMER-All India,OBC,Chandigarh,"PGIMER, Chandigarh",MICROBIOLOGY,-,-,-,-,-,4008,4565,6905,15159,2035,4872,6639,20124
AIIMS-Inst. Pref,UR-AIIMS-IP,Andhra Pradesh,"AIIMS, Mangalagiri",RADIATION ONCOLOGY,-,-,-,-,-,-,-,-,-,-,-,-,-
AIIMS-All India,SC,Odisha,"AIIMS, Bhubaneswar",EMERGENCY MEDICINE,-,-,-,-,-,-,-,-,-,-,-,-,-
AIIMS-All India,SC,Madhya Pradesh,"AIIMS, Bhopal",ANAESTHESIOLOGY,-,-,-,-,-,5115,5308,6656,7720,-,-,-,-
AIIMS-All India,ST,Uttarakhand,"AIIMS, Rishikesh",RADIATION ONCOLOGY,-,-,-,-,-,-,-,-,-,-,-,-,-
AIIMS-Inst. Pref,UR-AIIMS-IP,Punjab,"AIIMS, Bathinda",COMMUNITY & FAMILY MEDICINE,-,-,-,-,-,-,-,-,-,-,-,-,-
AIIMS-All India,ST,Delhi,"AIIMS, Delhi",OPHTHALMOLOGY,-,-,-,-,-,4506,4621,4621,13160,3171,2737,3171,9727
AIIMS-All India,OBC,Assam,"AIIMS, Guwahati",BIOCHEMISTRY,-,-,-,-,-,8741,8741,13115,31543,9272,9272,13407,41931
AIIMS-All India,OBC,Punjab,"AIIMS, Bathinda",FORENSIC MEDICINE,-,-,-,-,-,-,-,-,-,-,-,-,-
AIIMS-All India,SC,Odisha,"AIIMS, Bhubaneswar",OPHTHALMOLOGY,-,-,-,-,-,-,-,-,-,-,-,-,-
AIIMS-All India,SC,Uttarakhand,"AIIMS, Rishikesh",ANAESTHESIOLOGY,-,-,-,-,-,3508,4781,5616,5616,5044,4536,-,-
AIIMS-Inst. Pref,UR-AIIMS-IP,Odisha,"AIIMS, Bhubaneswar",IHBT,-,-,-,-,-,-,-,-,-,2097,2097,-,-
AIIMS-All India,SC,Jharkhand,"AIIMS, Deoghar",GENERAL SURGERY,-,-,-,-,-,-,-,-,-,-,-,-,-
AIIMS-All India,SC,Jammu and Kashmir,"AIIMS, Jammu",OBG,-,-,-,-,-,4041,4850,-,7321,4216,4216,5409,8614
AIIMS-All India,ST,Maharashtra,"AIIMS, Nagpur",ORTHOPAEDICS,-,-,-,-,-,5678,5973,9700,13193,11181,14314,17401,-
AIIMS-All India,SC,Madhya Pradesh,"AIIMS, Bhopal",OPHTHALMOLOGY,-,-,-,-,-,4228,5025,5135,7140,-,-,-,-
AIIMS-Inst. Pref,UR-AIIMS-IP,Odisha,"AIIMS, Bhubaneswar",FORENSIC MEDICINE,-,-,-,-,-,-,-,-,-,10812,-,-,-
AIIMS-All India,OBC,Maharashtra,"AIIMS, Nagpur",BIOCHEMISTRY,-,-,-,-,-,-,-,-,-,7931,8010,12526,-
JIPMER-All India,EWS,Pondicherry,"JIPMER, Puducherry",PHYSIOLOGY,-,-,-,-,-,-,10874,-,-,6874,-,14446,-
AIIMS-All India,SC,Maharashtra,"AIIMS, Nagpur",EMERGENCY MEDICINE,-,-,-,-,-,-,-,-,-,-,-,-,-
AIIMS-All India,OBC,Rajasthan,"AIIMS, Jodhpur",MICROBIOLOGY,-,-,-,-,-,-,-,-,-,5938,7254,10711,27017
JIPMER-All India,ST,Pondicherry,"JIPMER, Puducherry",GENERAL SURGERY,-,-,-,-,-,7281,6837,-,11267,-,-,-,-
AIIMS-All India,SC,Chhattisgarh,"AIIMS, Raipur",ANAESTHESIOLOGY,-,-,-,-,-,5465,5615,6386,8161,4186,5546,5974,-
AIIMS-Inst. Pref,UR-AIIMS-IP,Rajasthan,"AIIMS, Jodhpur",ANAESTHESIOLOGY,-,-,-,-,-,4382,5075,5946,20443,3101,5069,10019,41670
AIIMS-All India,SC,Jharkhand,"AIIMS, Deoghar",OBG,-,-,-,-,-,4781,4240,4240,6349,-,-,-,-
AIIMS-All India,OBC,Madhya Pradesh,"AIIMS, Bhopal",PHYSIOLOGY,-,-,-,-,-,-,-,-,-,5703,7215,9846,22629
AIIMS-All India,EWS,Assam,"AIIMS, Guwahati",PATHOLOGY,-,-,-,-,-,-,-,-,-,-,-,-,-
AIIMS-All India,SC,Jammu and Kashmir,"AIIMS, Jammu",OPHTHALMOLOGY,-,-,-,-,-,-,-,-,-,-,-,-,-
AIIMS-Inst. Pref,UR-AIIMS-IP,Andhra Pradesh,"AIIMS, Mangalagiri",ENT,-,-,-,-,-,1389,1389,1389,12066,-,-,-,-
AIIMS-All India,SC,Bihar,"AIIMS, Patna",ANAESTHESIOLOGY,-,-,-,-,-,5308,5115,6859,8751,-,-,-,-
AIIMS-Inst. Pref,UR-AIIMS-IP,Maharashtra,"AIIMS, Nagpur",IHBT,-,-,-,-,-,-,-,-,-,-,-,-,-
AIIMS-All India,OBC,Chhattisgarh,"AIIMS, Raipur",MICROBIOLOGY,-,-,-,-,-,5703,8004,13022,20621,1967,6496,10737,25350
AIIMS-All India,OBC,Bihar,"AIIMS, Patna",ANATOMY,-,-,-,-,-,-,-,-,-,-,-,-,-
AIIMS-All India,SC,Delhi,"AIIMS, Delhi",PATHOLOGY,-,-,-,-,-,2120,4308,4308,-,6888,7301,8909,15937
AIIMS-All India,EWS,Odisha,"AIIMS, Bhubaneswar",MICROBIOLOGY,-,-,-,-,-,-,-,-,-,-,-,-,-
AIIMS-All India,OBC,Rajasthan,"AIIMS, Jodhpur",PHYSIOLOGY,-,-,-,-,-,6437,6739,-,-,7215,8760,13320,18673
AIIMS-All India,SC,Maharashtra,"AIIMS, Nagpur",IHBT,-,-,-,-,-,-,-,-,-,-,-,-,-
AIIMS-All India,EWS,Madhya Pradesh,"AIIMS, Bhopal",PHARMACOLOGY,-,-,-,-,-,8014,6621,10948,-,-,-,-,-
AIIMS-Inst. Pref,UR-AIIMS-IP,Andhra Pradesh,"AIIMS, Mangalagiri",HOSPITAL ADMINISTRATION,-,-,-,-,-,-,-,-,-,-,-,-,-
AIIMS-All India,OBC,Chhattisgarh,"AIIMS, Raipur",ANATOMY,-,-,-,-,-,13022,13800,17656,17656,6951,9602,14094,-
AIIMS-All India,OBC,Madhya Pradesh,"AIIMS, Bhopal",BIOCHEMISTRY,-,-,-,-,-,-,-,-,-,-,-,-,-
AIIMS-All India,ST,Andhra Pradesh,"AIIMS, Mangalagiri",PAEDIATRICS,-,-,-,-,-,-,-,-,-,-,-,-,-
AIIMS-All India,SC,Punjab,"AIIMS, Bathinda",ANAESTHESIOLOGY,-,-,-,-,-,5617,5617,7140,9444,-,-,-,-
AIIMS-All India,ST,Uttar Pradesh,"AIIMS, Gorakhpur",GENERAL MEDICINE,-,-,-,-,-,-,-,-,-,-,-,-,-
AIIMS-Inst. Pref,UR-AIIMS-IP,Madhya Pradesh,"AIIMS, Bhopal",PHYSIOLOGY,-,-,-,-,-,-,-,-,-,16191,16191,36308,-
AIIMS-Inst. Pref,UR-AIIMS-IP,Bihar,"AIIMS, Patna",PHYSIOLOGY,-,-,-,-,-,6182,-,15948,26188,-,-,-,-
AIIMS-All India,ST,Bihar,"AIIMS, Patna",PAEDIATRICS,-,-,-,-,-,-,-,-,-,-,-,-,-
AIIMS-Inst. Pref,UR-AIIMS-IP,Uttarakhand,"AIIMS, Rishikesh",ANAESTHESIOLOGY,-,-,-,-,-,1170,1170,2369,1170,-,-,-,-
AIIMS-All India,SC,Jharkhand,"AIIMS, Deoghar",ANAESTHESIOLOGY,-,-,-,-,-,-,-,-,-,-,-,-,-
AIIMS-All India,OBC,Gujarat,"AIIMS, Rajkot",ANATOMY,-,-,-,-,-,12025,12025,18029,-,8757,10349,17949,-
JIPMER-All India,SC,Pondicherry,"JIPMER, Puducherry",IHBT,-,-,-,-,-,6083,-,-,-,5620,8103,-,-
AIIMS-All India,ST,Himachal Pradesh,"AIIMS, Bilaspur, Himachal",PAEDIATRICS,-,-,-,-,-,-,-,-,-,-,-,-,-
AIIMS-All India,SC,Assam,"AIIMS, Guwahati",ANAESTHESIOLOGY,-,-,-,-,-,-,-,-,-,-,-,-,-
JIPMER-All India,ST,Pondicherry,"JIPMER, Puducherry",OBG,-,-,-,-,-,-,6497,-,-,5613,4849,-,-
AIIMS-Inst. Pref,UR-AIIMS-IP,Punjab,"AIIMS, Bathinda",OBG,-,-,-,-,-,-,-,-,-,-,-,-,-
AIIMS-All India,EWS,West Bengal,"AIIMS, Kalyani",FORENSIC MEDICINE,-,-,-,-,-,-,-,-,-,14507,17378,21845,-
AIIMS-Inst. Pref,UR-AIIMS-IP,Telangana,"AIIMS, Bibinagar",MICROBIOLOGY,-,-,-,-,-,-,-,-,-,-,-,-,-
AIIMS-Inst. Pref,UR-AIIMS-IP,Himachal Pradesh,"AIIMS, Bilaspur, Himachal",PAEDIATRIC SURGERY 6 YRS,-,-,-,-,-,-,-,-,-,-,-,-,-
PGIMER-All India,SC,Chandigarh,"PGIMER, Chandigarh",PATHOLOGY,-,-,-,-,-,-,-,-,-,7187,9700,10954,17387
AIIMS-All India,SC,Chhattisgarh,"AIIMS, Raipur",ENT,-,-,-,-,-,4999,5286,5672,9422,-,-,-,-
AIIMS-All India,SC,Rajasthan,"AIIMS, Jodhpur",PSYCHIATRY,-,-,-,-,-,2762,2388,2388,-,-,-,-,-
AIIMS-All India,SC,Himachal Pradesh,"AIIMS, Bilaspur, Himachal",ANAESTHESIOLOGY,-,-,-,-,-,-,-,-,-,-,-,-,-
PGIMER-All India,SC,Chandigarh,"PGIMER, Chandigarh",IHBT,-,-,-,-,-,-,-,-,15839,-,-,-,-
AIIMS-All India,OBC,Assam,"AIIMS, Guwahati",PHYSIOLOGY,-,-,-,-,-,11705,13889,17226,-,10737,11627,16901,-
AIIMS-Inst. Pref,UR-AIIMS-IP,Maharashtra,"AIIMS, Nagpur",PHYSIOLOGY,-,-,-,-,-,-,-,-,-,15343,23630,-,-
AIIMS-All India,OBC,Uttarakhand,"AIIMS, Rishikesh",ANATOMY,-,-,-,-,-,5542,5542,14493,-,5828,6242,7708,-
AIIMS-All India,SC,Bihar,"AIIMS, Patna",ENT,-,-,-,-,-,-,-,-,-,-,-,-,-
AIIMS-All India,SC,Delhi,"AIIMS, Delhi",LAB MEDICINE,-,-,-,-,-,5331,10183,10183,-,-,-,-,-
PGIMER-All India,ST,Chandigarh,"PGIMER, Chandigarh",OPHTHALMOLOGY,-,-,-,-,-,-,-,-,-,7068,7068,7068,-
AIIMS-All India,EWS,Delhi,"AIIMS, Delhi",PHYSIOLOGY,-,-,-,-,-,-,-,-,-,2667,2667,8958,-
AIIMS-All India,OBC,Uttar Pradesh,"AIIMS, Rai Bareli",BIOCHEMISTRY,-,-,-,-,-,9354,11651,16826,31537,6684,8826,13278,-
AIIMS-Inst. Pref,UR-AIIMS-IP,Madhya Pradesh,"AIIMS, Bhopal",COMMUNITY MEDICINE,-,-,-,-,-,6771,3256,8996,8996,3668,3668,-,36294
AIIMS-All India,SC,Himachal Pradesh,"AIIMS, Bilaspur, Himachal",ENT,-,-,-,-,-,-,-,-,-,3450,3450,3450,-
AIIMS-All India,SC,Himachal Pradesh,"AIIMS, Bilaspur, Himachal",TRAUMATOLOGY AND SURGERY,-,-,-,-,-,-,-,-,-,-,-,-,-
AIIMS-All India,SC,Chhattisgarh,"AIIMS, Raipur",OPHTHALMOLOGY,-,-,-,-,-,4850,5860,-,-,-,-,-,-
AIIMS-All India,ST,Rajasthan,"AIIMS, Jodhpur",OBG,-,-,-,-,-,4621,1894,1894,-,-,-,-,-
AIIMS-Inst. Pref,UR-AIIMS-IP,Delhi,"AIIMS, Delhi",BIOPHYSICS,-,-,-,-,-,1137,1137,7139,26442,2156,2156,-,-
AIIMS-All India,SC,Madhya Pradesh,"AIIMS, Bhopal",PSYCHIATRY,-,-,-,-,-,-,-,-,-,-,-,-,-
AIIMS-All India,OBC,Telangana,"AIIMS, Bibinagar",PHYSIOLOGY,-,-,-,-,-,6116,10537,17021,30319,-,-,-,-
AIIMS-All India,OBC,Assam,"AIIMS, Guwahati",ANATOMY,-,-,-,-,-,-,-,-,-,6151,11957,12245,-
AIIMS-All India,SC,Assam,"AIIMS, Guwahati",OPHTHALMOLOGY,-,-,-,-,-,-,-,-,-,-,-,-,-
JIPMER-All India,SC,Pondicherry,"JIPMER, Puducherry",ANATOMY,-,-,-,-,-,12179,13065,-,-,-,-,-,-
AIIMS-All India,SC,Himachal Pradesh,"AIIMS, Bilaspur, Himachal",PSYCHIATRY,-,-,-,-,-,-,-,-,-,-,-,-,-
AIIMS-All India,OBC,Telangana,"AIIMS, Bibinagar",ANATOMY,-,-,-,-,-,10537,10518,15820,30714,-,-,-,-
AIIMS-Inst. Pref,UR-AIIMS-IP,Uttar Pradesh,"AIIMS, Gorakhpur",COMMUNITY & FAMILY MEDICINE,-,-,-,-,-,-,-,-,-,-,-,-,-
AIIMS-All India,EWS,Rajasthan,"AIIMS, Jodhpur",MICROBIOLOGY,-,-,-,-,-,8872,12595,17009,17009,-,-,-,-
AIIMS-Inst. Pref,UR-AIIMS-IP,Bihar,"AIIMS, Patna",BIOCHEMISTRY,-,-,-,-,-,-,13155,14644,-,-,-,30055,-
AIIMS-Inst. Pref,UR-AIIMS-IP,Punjab,"AIIMS, Bathinda",ORTHOPAEDICS,-,-,-,-,-,7434,-,-,-,-,-,-,-
AIIMS-All India,OBC,Andhra Pradesh,"AIIMS, Mangalagiri",ANATOMY,-,-,-,-,-,-,-,-,-,4941,6993,9710,13984
AIIMS-All India,SC,Uttar Pradesh,"AIIMS, Rai Bareli",PSYCHIATRY,-,-,-,-,-,-,-,-,-,-,-,-,-
AIIMS-Inst. Pref,UR-AIIMS-IP,Uttarakhand,"AIIMS, Rishikesh",TRAUMASURG&CC (6 YRS),-,-,-,-,-,-,-,1991,1991,-,-,-,-
AIIMS-Inst. Pref,UR-AIIMS-IP,Odisha,"AIIMS, Bhubaneswar",PHYSIOLOGY,-,-,-,-,-,8350,8350,-,-,-,-,-,-
AIIMS-All India,OBC,Jharkhand,"AIIMS, Deoghar",PHYSIOLOGY,-,-,-,-,-,-,-,-,-,8159,9213,10342,35279
NIMHANS-All India,ST,Karnataka,"NIMHANS, Bangalore",PSYCHIATRY,-,-,-,-,-,6497,8856,10374,18108,8924,8924,8924,-
AIIMS-All India,OBC,Maharashtra,"AIIMS, Nagpur",ANATOMY,-,-,-,-,-,-,-,-,-,-,-,-,-
AIIMS-Inst. Pref,UR-AIIMS-IP,Chhattisgarh,"AIIMS, Raipur",PHARMACOLOGY,-,-,-,-,-,6355,-,13901,-,-,-,-,-
AIIMS-All India,SC,Rajasthan,"AIIMS, Jodhpur",PATHOLOGY,-,-,-,-,-,-,-,-,-,7638,8067,9800,21363
AIIMS-All India,ST,Punjab,"AIIMS, Bathinda",PAEDIATRICS,-,-,-,-,-,-,-,-,-,-,-,-,-
AIIMS-Inst. Pref,UR-AIIMS-IP,Delhi,"AIIMS, Delhi",PMR,-,-,-,-,-,1318,1318,1318,-,-,-,-,-
AIIMS-All India,OBC,Jharkhand,"AIIMS, Deoghar",ANATOMY,-,-,-,-,-,-,-,-,-,-,-,-,-
AIIMS-All India,SC,Maharashtra,"AIIMS, Nagpur",PATHOLOGY,-,-,-,-,-,-,-,-,-,7227,8702,12001,39206
AIIMS-All India,ST,Bihar,"AIIMS, Patna",OBG,-,-,-,-,-,5763,5763,5763,-,-,-,-,-
AIIMS-All India,SC,Odisha,"AIIMS, Bhubaneswar",PMR,-,-,-,-,-,-,-,-,-,-,-,-,-
AIIMS-All India,EWS,Gujarat,"AIIMS, Rajkot",ANATOMY,-,-,-,-,-,-,-,-,-,6184,16868,26088,-
AIIMS-Inst. Pref,UR-AIIMS-IP,Uttar Pradesh,"AIIMS, Gorakhpur",FORENSIC MEDICINE,-,-,-,-,-,-,-,-,-,-,-,-,-
AIIMS-All India,OBC,West Bengal,"AIIMS, Kalyani",ANATOMY,-,-,-,-,-,-,-,-,-,9779,11054,15412,-
AIIMS-All India,ST,Delhi,"AIIMS, Delhi",PSYCHIATRY,-,-,-,-,-,6997,6997,-,-,-,-,-,-
AIIMS-All India,EWS,Madhya Pradesh,"AIIMS, Bhopal",MICROBIOLOGY,-,-,-,-,-,-,-,-,-,-,-,-,-
AIIMS-Inst. Pref,UR-AIIMS-IP,Uttarakhand,"AIIMS, Rishikesh",IHBT,-,-,-,-,-,6551,-,-,-,3372,8986,-,-
AIIMS-All India,SC,Madhya Pradesh,"AIIMS, Bhopal",PATHOLOGY,-,-,-,-,-,4308,5878,8607,14567,-,-,-,-
AIIMS-All India,ST,Chhattisgarh,"AIIMS, Raipur",PSYCHIATRY,-,-,-,-,-,-,-,-,-,-,-,-,-
AIIMS-Inst. Pref,UR-AIIMS-IP,Bihar,"AIIMS, Patna",ANATOMY,-,-,-,-,-,-,-,-,-,-,23952,28902,-
JIPMER-All India,ST,Pondicherry,"JIPMER, Puducherry",RADIATION ONCOLOGY,-,-,-,-,-,-,-,-,-,-,-,-,18638
JIPMER-All India,ST,Pondicherry,"JIPMER, Puducherry",PSYCHIATRY,-,-,-,-,-,-,-,12086,-,-,-,-,-
PGIMER-All India,UR-PwD,Chandigarh,"PGIMER, Chandigarh",PAEDIATRICS,-,-,-,-,-,13042,18204,-,-,29407,29407,-,-
JIPMER-All India,SC,Pondicherry,"JIPMER, Puducherry",MICROBIOLOGY,-,-,-,-,-,8381,8353,17234,-,-,-,18948,-
AIIMS-All India,SC,Telangana,"AIIMS, Bibinagar",PATHOLOGY,-,-,-,-,-,7190,7190,12636,17545,-,-,-,-
AIIMS-All India,ST,Chhattisgarh,"AIIMS, Raipur",GENERAL SURGERY,-,-,-,-,-,7808,8129,10425,-,-,-,-,-
AIIMS-All India,ST,Punjab,"AIIMS, Bathinda",GENERAL SURGERY,-,-,-,-,-,8965,8965,-,-,-,-,-,-
AIIMS-All India,ST,Maharashtra,"AIIMS, Nagpur",OBG,-,-,-,-,-,-,-,-,-,-,-,-,-
AIIMS-Inst. Pref,UR-AIIMS-IP,Jammu and Kashmir,"AIIMS, Jammu",NEUROSURGERY 6 YRS,-,-,-,-,-,-,-,-,-,-,-,-,-
AIIMS-Inst. Pref,UR-AIIMS-IP,Jammu and Kashmir,"AIIMS, Jammu",ORTHOPAEDICS,-,-,-,-,-,-,-,-,-,-,-,-,-
AIIMS-Inst. Pref,UR-AIIMS-IP,Andhra Pradesh,"AIIMS, Mangalagiri",PMR,-,-,-,-,-,-,-,-,-,-,1233,-,-
AIIMS-All India,ST,Delhi,"AIIMS, Delhi",EMERGENCY MEDICINE,-,-,-,-,-,7155,7155,-,-,-,-,-,-
AIIMS-All India,SC,Gujarat,"AIIMS, Rajkot",FAMILY MEDICINE,-,-,-,-,-,-,-,-,-,-,-,-,-
AIIMS-All India,EWS,Uttarakhand,"AIIMS, Rishikesh",PHYSIOLOGY,-,-,-,-,-,-,-,-,-,-,-,-,-
AIIMS-Inst. Pref,UR-AIIMS-IP,Jharkhand,"AIIMS, Deoghar",PAEDIATRIC SURGERY 6 YRS,-,-,-,-,-,-,-,-,-,-,-,-,-
AIIMS-Inst. Pref,UR-AIIMS-IP,Madhya Pradesh,"AIIMS, Bhopal",IHBT,-,-,-,-,-,-,-,-,-,9965,9965,-,-
AIIMS-All India,SC,Delhi,"AIIMS, Delhi",BIOPHYSICS,-,-,-,-,-,7495,7495,13970,17917,-,-,-,-
AIIMS-Inst. Pref,UR-AIIMS-IP,Andhra Pradesh,"AIIMS, Mangalagiri",COMMUNITY MEDICINE,-,-,-,-,-,-,-,-,-,-,-,-,-
AIIMS-All India,SC,Jammu and Kashmir,"AIIMS, Jammu",FAMILY MEDICINE,-,-,-,-,-,-,-,-,-,-,-,-,-
AIIMS-All India,ST,Madhya Pradesh,"AIIMS, Bhopal",ORTHOPAEDICS,-,-,-,-,-,-,-,-,-,-,-,-,-
AIIMS-Inst. Pref,UR-AIIMS-IP,Maharashtra,"AIIMS, Nagpur",PHARMACOLOGY,-,-,-,-,-,-,-,-,-,-,-,-,-
PGIMER-All India,ST,Chandigarh,"PGIMER, Chandigarh",ANAESTHESIOLOGY,-,-,-,-,-,8514,8803,9991,-,7061,7061,-,-
AIIMS-All India,SC,Madhya Pradesh,"AIIMS, Bhopal",FORENSIC MEDICINE,-,-,-,-,-,9024,9024,17864,-,-,-,-,-
JIPMER-All India,SC,Pondicherry,"JIPMER, Puducherry",BIOCHEMISTRY,-,-,-,-,-,10129,11896,18053,-,14383,12139,-,-
AIIMS-Inst. Pref,UR-AIIMS-IP,Jammu and Kashmir,"AIIMS, Jammu",ENT,-,-,-,-,-,-,-,-,-,-,-,-,-
AIIMS-All India,ST,Gujarat,"AIIMS, Rajkot",ORTHOPAEDICS,-,-,-,-,-,-,-,-,-,-,-,-,-
AIIMS-All India,ST,Rajasthan,"AIIMS, Jodhpur",OPHTHALMOLOGY,-,-,-,-,-,-,-,-,-,-,-,-,-
AIIMS-All India,ST,Punjab,"AIIMS, Bathinda",OBG,-,-,-,-,-,6769,6068,6769,18519,-,-,-,-
AIIMS-All India,SC,Chhattisgarh,"AIIMS, Raipur",IHBT,-,-,-,-,-,9063,10427,12120,-,-,-,-,47752
AIIMS-All India,ST,Delhi,"AIIMS, Delhi",ANAESTHESIOLOGY,-,-,-,-,-,8048,8048,9405,13507,3524,3524,7374,-
AIIMS-All India,SC,Delhi,"AIIMS, Delhi",PMR,-,-,-,-,-,-,-,-,-,-,-,-,-
AIIMS-All India,SC,Chhattisgarh,"AIIMS, Raipur",PATHOLOGY,-,-,-,-,-,8161,6320,9678,14702,7795,10182,13188,30460
AIIMS-All India,ST,Odisha,"AIIMS, Bhubaneswar",OPHTHALMOLOGY,-,-,-,-,-,-,-,-,-,-,-,-,-
AIIMS-All India,ST,Maharashtra,"AIIMS, Nagpur",GENERAL SURGERY,-,-,-,-,-,-,-,-,-,8345,9730,9730,-
AIIMS-All India,ST,Jharkhand,"AIIMS, Deoghar",GENERAL SURGERY,-,-,-,-,-,-,-,-,-,-,-,-,-
JIMPER-Inst. Pref,INST (JIPMER),Pondicherry,"JIPMER, Puducherry",PHYSIOLOGY,-,-,-,-,-,6381,6381,13526,-,-,5690,-,-
AIIMS-All India,ST,Jammu and Kashmir,"AIIMS, Jammu",ANAESTHESIOLOGY,-,-,-,-,-,-,-,-,-,-,-,-,-
AIIMS-All India,ST,Uttarakhand,"AIIMS, Rishikesh",ANAESTHESIOLOGY,-,-,-,-,-,-,-,-,-,-,13233,-,-
AIIMS-All India,EWS,Odisha,"AIIMS, Bhubaneswar",PHYSIOLOGY,-,-,-,-,-,-,-,-,-,-,-,-,-
AIIMS-All India,SC,Assam,"AIIMS, Guwahati",FORENSIC MEDICINE,-,-,-,-,-,-,-,-,-,-,-,-,-
AIIMS-All India,ST,Rajasthan,"AIIMS, Jodhpur",ANAESTHESIOLOGY,-,-,-,-,-,-,-,-,-,11505,13919,17073,-
JIMPER-Inst. Pref,INST (JIPMER),Pondicherry,"JIPMER, Puducherry",ANATOMY,-,-,-,-,-,9834,11119,14318,-,5690,-,9902,-
AIIMS-All India,SC,Rajasthan,"AIIMS, Jodhpur",COMMUNITY MEDICINE,-,-,-,-,-,-,-,-,21175,6021,9264,15261,17922
AIIMS-All India,EWS,Assam,"AIIMS, Guwahati",FORENSIC MEDICINE,-,-,-,-,-,6314,10195,24546,-,-,-,-,-
AIIMS-All India,SC,Bihar,"AIIMS, Patna",COMMUNITY & FAMILY MEDICINE,-,-,-,-,-,-,-,-,-,-,-,-,-
AIIMS-All India,ST,Bihar,"AIIMS, Patna",ANAESTHESIOLOGY,-,-,-,-,-,-,-,-,-,13940,14700,17512,-
AIIMS-All India,UR-PwD,Jharkhand,"AIIMS, Deoghar",GENERAL MEDICINE,-,-,-,-,-,-,-,-,-,-,-,-,-
AIIMS-Inst. Pref,UR-AIIMS-IP,Andhra Pradesh,"AIIMS, Mangalagiri",IHBT,-,-,-,-,-,-,-,-,-,-,-,-,-
AIIMS-All India,SC,Uttarakhand,"AIIMS, Rishikesh",PMR,-,-,-,-,-,-,-,-,-,-,-,-,-
AIIMS-Inst. Pref,UR-AIIMS-IP,Punjab,"AIIMS, Bathinda",PAEDIATRIC SURGERY 6 YRS,-,-,-,-,-,-,-,-,-,3475,2884,2884,-
AIIMS-All India,EWS,Chhattisgarh,"AIIMS, Raipur",BIOCHEMISTRY,-,-,-,-,-,-,-,-,-,-,-,-,-
AIIMS-All India,SC,Odisha,"AIIMS, Bhubaneswar",PATHOLOGY,-,-,-,-,-,6234,7020,7899,10252,7301,8763,12877,22230
AIIMS-All India,ST,Punjab,"AIIMS, Bathinda",ANAESTHESIOLOGY,-,-,-,-,-,11516,11312,14369,18984,-,-,-,-
AIIMS-All India,ST,Jharkhand,"AIIMS, Deoghar",ANAESTHESIOLOGY,-,-,-,-,-,-,-,-,-,-,-,-,-
AIIMS-All India,ST,Madhya Pradesh,"AIIMS, Bhopal",ENT,-,-,-,-,-,-,-,-,-,-,-,-,-
AIIMS-All India,EWS,Odisha,"AIIMS, Bhubaneswar",BIOCHEMISTRY,-,-,-,-,-,-,-,-,-,-,-,-,-
AIIMS-All India,SC,Andhra Pradesh,"AIIMS, Mangalagiri",PHARMACOLOGY,-,-,-,-,-,-,-,-,-,-,-,-,-
AIIMS-All India,EWS,Maharashtra,"AIIMS, Nagpur",MICROBIOLOGY,-,-,-,-,-,8820,15638,16901,23241,-,-,-,-
AIIMS-All India,ST,Rajasthan,"AIIMS, Jodhpur",PATHOLOGY,-,-,-,-,-,10430,10741,21787,26688,-,-,-,-
AIIMS-All India,SC,Jharkhand,"AIIMS, Deoghar",PMR,-,-,-,-,-,-,-,-,-,-,-,-,37014
AIIMS-All India,ST,Delhi,"AIIMS, Delhi",PALLIATIVE MEDICINE,-,-,-,-,-,12417,12994,18934,-,-,-,-,-
AIIMS-All India,ST,Jharkhand,"AIIMS, Deoghar",ENT,-,-,-,-,-,-,-,-,-,-,-,-,-
AIIMS-Inst. Pref,UR-AIIMS-IP,Madhya Pradesh,"AIIMS, Bhopal",ANATOMY,-,-,-,-,-,-,-,-,-,-,-,-,-
AIIMS-All India,SC,Rajasthan,"AIIMS, Jodhpur",ANATOMY,-,-,-,-,-,-,-,-,-,-,-,-,-
AIIMS-All India,ST,Delhi,"AIIMS, Delhi",COMMUNITY MEDICINE,-,-,-,-,-,-,-,-,-,-,-,-,-
AIIMS-All India,EWS,West Bengal,"AIIMS, Kalyani",BIOCHEMISTRY,-,-,-,-,-,18609,17009,-,26672,-,-,-,-
AIIMS-All India,SC,Bihar,"AIIMS, Patna",PATHOLOGY,-,-,-,-,-,7833,9351,9940,14652,-,-,-,34265
AIIMS-Inst. Pref,UR-AIIMS-IP,Rajasthan,"AIIMS, Jodhpur",HOSPITAL ADMINISTRATION,-,-,-,-,-,-,-,-,-,10938,-,41225,-
AIIMS-All India,ST,Delhi,"AIIMS, Delhi",LAB MEDICINE,-,-,-,-,-,-,-,-,-,-,-,-,-
AIIMS-All India,SC,Andhra Pradesh,"AIIMS, Mangalagiri",PMR,-,-,-,-,-,-,-,-,-,-,-,-,-
AIIMS-All India,ST,Uttar Pradesh,"AIIMS, Gorakhpur",RADIATION ONCOLOGY,-,-,-,-,-,-,-,-,-,-,-,-,-
AIIMS-Inst. Pref,UR-AIIMS-IP,Uttar Pradesh,"AIIMS, Rai Bareli",ANAESTHESIOLOGY,-,-,-,-,-,-,-,-,-,22630,22307,-,-
PGIMER-All India,UR-PwD,Chandigarh,"PGIMER, Chandigarh",GENERAL MEDICINE,-,-,-,-,-,-,-,-,-,6221,6221,-,-
AIIMS-All India,SC,Chhattisgarh,"AIIMS, Raipur",COMMUNITY MEDICINE,-,-,-,-,-,7141,11226,11226,11226,-,-,-,24732
AIIMS-All India,EWS,Jammu and Kashmir,"AIIMS, Jammu",MICROBIOLOGY,-,-,-,-,-,-,-,-,-,-,-,-,-
AIIMS-Inst. Pref,UR-AIIMS-IP,Punjab,"AIIMS, Bathinda",ANAESTHESIOLOGY,-,-,-,-,-,16207,-,-,-,-,-,-,-
AIIMS-All India,SC,Delhi,"AIIMS, Delhi",HOSPITAL ADMINISTRATION,-,-,-,-,-,-,-,-,-,4336,9359,13156,21831
AIIMS-All India,SC,Himachal Pradesh,"AIIMS, Bilaspur, Himachal",COMMUNITY & FAMILY MEDICINE,-,-,-,-,-,10065,12227,14652,26239,-,-,-,-
AIIMS-All India,EWS,West Bengal,"AIIMS, Kalyani",MICROBIOLOGY,-,-,-,-,-,15289,15062,25757,-,12419,12419,14189,-
AIIMS-All India,EWS,Assam,"AIIMS, Guwahati",MICROBIOLOGY,-,-,-,-,-,-,-,-,-,9298,21379,21379,38042
AIIMS-All India,SC,Delhi,"AIIMS, Delhi",PHYSIOLOGY,-,-,-,-,-,-,-,-,-,10954,16257,16537,46885
JIPMER-All India,ST,Pondicherry,"JIPMER, Puducherry",COMMUNITY MEDICINE,-,-,-,-,-,-,-,-,-,13151,-,-,-
AIIMS-Inst. Pref,UR-AIIMS-IP,Punjab,"AIIMS, Bathinda",PATHOLOGY,-,-,-,-,-,-,-,-,-,-,-,-,-
AIIMS-All India,ST,Jammu and Kashmir,"AIIMS, Jammu",RADIATION ONCOLOGY,-,-,-,-,-,-,-,-,-,-,-,-,-
AIIMS-All India,UR-PwD,Delhi,"AIIMS, Delhi",PAEDIATRICS,-,-,-,-,-,8026,13042,13042,-,-,-,-,-
AIIMS-Inst. Pref,UR-AIIMS-IP,Jharkhand,"AIIMS, Deoghar",ANAESTHESIOLOGY,-,-,-,-,-,-,-,-,-,13904,15516,26852,42356
AIIMS-All India,ST,Uttarakhand,"AIIMS, Rishikesh",IHBT,-,-,-,-,-,-,-,-,-,-,-,-,-
AIIMS-All India,SC,Jharkhand,"AIIMS, Deoghar",PATHOLOGY,-,-,-,-,-,-,-,-,-,10182,10502,14620,43613
AIIMS-All India,SC,Madhya Pradesh,"AIIMS, Bhopal",ANATOMY,-,-,-,-,-,-,-,-,-,9395,14755,23605,-
AIIMS-All India,SC,Assam,"AIIMS, Guwahati",PATHOLOGY,-,-,-,-,-,-,-,-,-,-,-,-,44744
AIIMS-All India,SC,Rajasthan,"AIIMS, Jodhpur",BIOCHEMISTRY,-,-,-,-,-,-,-,-,-,17834,18847,25378,-
AIIMS-Inst. Pref,UR-AIIMS-IP,Rajasthan,"AIIMS, Jodhpur",PMR,-,-,-,-,-,-,-,-,-,8204,-,-,-
AIIMS-Inst. Pref,UR-AIIMS-IP,Odisha,"AIIMS, Bhubaneswar",ANATOMY,-,-,-,-,-,-,-,-,-,2276,4640,-,-
AIIMS-Inst. Pref,UR-AIIMS-IP,Punjab,"AIIMS, Bathinda",HOSPITAL ADMINISTRATION,-,-,-,-,-,-,-,-,-,12953,13581,-,-
AIIMS-All India,EWS,Assam,"AIIMS, Guwahati",PHYSIOLOGY,-,-,-,-,-,18244,20751,28223,-,-,-,-,-
AIIMS-Inst. Pref,UR-AIIMS-IP,Chhattisgarh,"AIIMS, Raipur",COMMUNITY MEDICINE,-,-,-,-,-,-,7590,-,-,5101,6115,16049,-
AIIMS-All India,SC,West Bengal,"AIIMS, Kalyani",PHYSIOLOGY,-,-,-,-,-,-,-,-,-,16346,15423,26653,-
AIIMS-All India,SC,Jharkhand,"AIIMS, Deoghar",COMMUNITY & FAMILY MEDICINE,-,-,-,-,-,-,-,-,-,9378,11017,22120,38502
AIIMS-Inst. Pref,UR-AIIMS-IP,Himachal Pradesh,"AIIMS, Bilaspur, Himachal",EMERGENCY MEDICINE,-,-,-,-,-,-,-,-,-,-,-,-,-
AIIMS-All India,SC,Rajasthan,"AIIMS, Jodhpur",MICROBIOLOGY,-,-,-,-,-,11270,12073,15317,-,-,-,-,-
AIIMS-All India,SC,Odisha,"AIIMS, Bhubaneswar",MICROBIOLOGY,-,-,-,-,-,-,-,-,-,-,-,-,-
AIIMS-All India,SC,Gujarat,"AIIMS, Rajkot",MICROBIOLOGY,-,-,-,-,-,-,-,-,-,11123,14112,16995,-
AIIMS-Inst. Pref,UR-AIIMS-IP,Chhattisgarh,"AIIMS, Raipur",PHYSIOLOGY,-,-,-,-,-,8192,-,21907,-,-,7919,-,38306
AIIMS-All India,EWS,Assam,"AIIMS, Guwahati",ANATOMY,-,-,-,-,-,-,-,-,-,-,-,-,-
AIIMS-All India,SC,West Bengal,"AIIMS, Kalyani",ANATOMY,-,-,-,-,-,-,-,-,-,12914,23513,25607,-
AIIMS-All India,SC,Odisha,"AIIMS, Bhubaneswar",PHYSIOLOGY,-,-,-,-,-,-,-,-,-,9949,16346,21377,-
AIIMS-All India,SC,Chhattisgarh,"AIIMS, Raipur",MICROBIOLOGY,-,-,-,-,-,-,-,-,27070,16317,16317,21672,-
AIIMS-All India,ST,Rajasthan,"AIIMS, Jodhpur",COMMUNITY MEDICINE,-,-,-,-,-,18108,22304,22304,-,-,-,-,-
AIIMS-All India,ST,Uttar Pradesh,"AIIMS, Rai Bareli",IHBT,-,-,-,-,-,-,-,-,-,-,-,-,-
JIPMER-All India,ST,Pondicherry,"JIPMER, Puducherry",PATHOLOGY,-,-,-,-,-,-,-,-,-,-,-,-,-
AIIMS-Inst. Pref,UR-AIIMS-IP,Andhra Pradesh,"AIIMS, Mangalagiri",MICROBIOLOGY,-,-,-,-,-,-,-,-,-,-,-,-,-
AIIMS-All India,ST,Jharkhand,"AIIMS, Deoghar",COMMUNITY & FAMILY MEDICINE,-,-,-,-,-,-,-,-,-,-,-,-,-
AIIMS-Inst. Pref,UR-AIIMS-IP,Rajasthan,"AIIMS, Jodhpur",MICROBIOLOGY,-,-,-,-,-,16040,-,-,-,22741,41670,-,-
AIIMS-All India,ST,Maharashtra,"AIIMS, Nagpur",PATHOLOGY,-,-,-,-,-,-,-,-,-,-,-,-,-
AIIMS-All India,SC,Maharashtra,"AIIMS, Nagpur",MICROBIOLOGY,-,-,-,-,-,-,-,-,-,-,-,-,-
AIIMS-Inst. Pref,UR-AIIMS-IP,Madhya Pradesh,"AIIMS, Bhopal",MICROBIOLOGY,-,-,-,-,-,9426,10336,10336,10336,-,-,30416,-
AIIMS-Inst. Pref,UR-AIIMS-IP,Uttar Pradesh,"AIIMS, Rai Bareli",COMMUNITY MEDICINE,-,-,-,-,-,-,-,-,-,1989,26280,-,-
AIIMS-All India,SC,Odisha,"AIIMS, Bhubaneswar",BIOCHEMISTRY,-,-,-,-,-,13065,13735,16582,-,-,-,-,-
AIIMS-All India,SC,Punjab,"AIIMS, Bathinda",MICROBIOLOGY,-,-,-,-,-,9336,15317,18716,25906,-,-,-,-
AIIMS-All India,SC,Maharashtra,"AIIMS, Nagpur",BIOCHEMISTRY,-,-,-,-,-,-,-,-,-,17242,15630,24059,-
AIIMS-Inst. Pref,UR-AIIMS-IP,Delhi,"AIIMS, Delhi",IHBT,-,-,-,-,-,6318,23843,-,-,-,-,-,-
AIIMS-All India,ST,Odisha,"AIIMS, Bhubaneswar",PATHOLOGY,-,-,-,-,-,-,-,-,-,-,-,-,-
AIIMS-Inst. Pref,UR-AIIMS-IP,Himachal Pradesh,"AIIMS, Bilaspur, Himachal",TRAUMATOLOGY AND SURGERY,-,-,-,-,-,-,-,-,-,-,-,-,-
AIIMS-Inst. Pref,UR-AIIMS-IP,Delhi,"AIIMS, Delhi",MICROBIOLOGY,-,-,-,-,-,25642,-,-,-,-,-,-,-
AIIMS-Inst. Pref,UR-AIIMS-IP,Punjab,"AIIMS, Bathinda",BIOCHEMISTRY,-,-,-,-,-,-,-,-,-,-,-,-,-
AIIMS-All India,ST,Himachal Pradesh,"AIIMS, Bilaspur, Himachal",PATHOLOGY,-,-,-,-,-,-,-,-,-,-,-,-,-
AIIMS-All India,ST,Madhya Pradesh,"AIIMS, Bhopal",PATHOLOGY,-,-,-,-,-,-,-,-,-,-,-,-,-
AIIMS-Inst. Pref,UR-AIIMS-IP,West Bengal,"AIIMS, Kalyani",ANATOMY,-,-,-,-,-,-,-,-,-,33185,36553,-,-
AIIMS-Inst. Pref,UR-AIIMS-IP,West Bengal,"AIIMS, Kalyani",PHYSIOLOGY,-,-,-,-,-,-,-,-,-,16843,-,-,-
AIIMS-All India,ST,Bihar,"AIIMS, Patna",PATHOLOGY,-,-,-,-,-,-,-,-,-,16167,17049,27967,-
AIIMS-Inst. Pref,UR-AIIMS-IP,Punjab,"AIIMS, Bathinda",PHYSIOLOGY,-,-,-,-,-,-,-,-,-,-,-,-,-
AIIMS-All India,SC,Assam,"AIIMS, Guwahati",PHYSIOLOGY,-,-,-,-,-,-,-,-,-,19345,19630,26761,43320
AIIMS-All India,ST,Chhattisgarh,"AIIMS, Raipur",PATHOLOGY,-,-,-,-,-,-,-,-,-,17049,20168,27771,-
AIIMS-All India,ST,West Bengal,"AIIMS, Kalyani",PATHOLOGY,-,-,-,-,-,17610,14448,22247,25272,-,-,-,-
AIIMS-Inst. Pref,UR-AIIMS-IP,Gujarat,"AIIMS, Rajkot",ANATOMY,-,-,-,-,-,-,-,-,-,-,-,-,-
AIIMS-All India,SC,Assam,"AIIMS, Guwahati",BIOCHEMISTRY,-,-,-,-,-,-,-,-,-,18751,19907,25552,-
AIIMS-Inst. Pref,UR-AIIMS-IP,Delhi,"AIIMS, Delhi",PHARMACOLOGY,-,-,-,-,-,-,-,-,-,-,-,-,-
AIIMS-All India,ST,Telangana,"AIIMS, Bibinagar",FORENSIC MEDICINE,-,-,-,-,-,-,-,-,-,-,-,-,-
AIIMS-All India,ST,Assam,"AIIMS, Guwahati",PATHOLOGY,-,-,-,-,-,14076,16357,-,16357,12369,12369,23335,-
AIIMS-Inst. Pref,UR-AIIMS-IP,Maharashtra,"AIIMS, Nagpur",MICROBIOLOGY,-,-,-,-,-,-,-,-,-,13047,13047,-,-
PGIMER-All India,ST,Chandigarh,"PGIMER, Chandigarh",MICROBIOLOGY,-,-,-,-,-,-,-,-,-,-,-,-,-
AIIMS-All India,ST,Madhya Pradesh,"AIIMS, Bhopal",BIOCHEMISTRY,-,-,-,-,-,-,-,-,-,-,-,-,-
JIPMER-All India,ST,Pondicherry,"JIPMER, Puducherry",ANATOMY,-,-,-,-,-,-,-,-,-,-,-,35483,-
AIIMS-Inst. Pref,UR-AIIMS-IP,Rajasthan,"AIIMS, Jodhpur",COMMUNITY MEDICINE,-,-,-,-,-,5814,7489,16040,-,1556,16284,38293,-
AIIMS-All India,ST,Andhra Pradesh,"AIIMS, Mangalagiri",IHBT,-,-,-,-,-,-,-,-,-,-,-,-,-
AIIMS-Inst. Pref,UR-AIIMS-IP,Uttarakhand,"AIIMS, Rishikesh",PATHOLOGY,-,-,-,-,-,5908,8932,8932,-,-,3372,15268,-
AIIMS-Inst. Pref,UR-AIIMS-IP,Jharkhand,"AIIMS, Deoghar",COMMUNITY & FAMILY MEDICINE,-,-,-,-,-,-,-,-,-,-,-,-,-
AIIMS-All India,UR-PwD,Delhi,"AIIMS, Delhi",GENERAL SURGERY,-,-,-,-,-,14411,14411,21017,-,-,-,-,-
AIIMS-Inst. Pref,UR-AIIMS-IP,Rajasthan,"AIIMS, Jodhpur",PHARMACOLOGY,-,-,-,-,-,-,-,-,-,-,40036,-,-
AIIMS-All India,ST,Odisha,"AIIMS, Bhubaneswar",PHARMACOLOGY,-,-,-,-,-,-,-,-,-,-,-,-,-
AIIMS-All India,ST,Delhi,"AIIMS, Delhi",PHYSIOLOGY,-,-,-,-,-,-,-,-,-,-,-,-,-
AIIMS-All India,ST,Uttar Pradesh,"AIIMS, Rai Bareli",MICROBIOLOGY,-,-,-,-,-,-,-,-,-,-,-,-,-
AIIMS-All India,ST,Assam,"AIIMS, Guwahati",MICROBIOLOGY,-,-,-,-,-,-,-,-,-,-,-,-,-
AIIMS-All India,SC-PwD,Punjab,"AIIMS, Bathinda",GENERAL MEDICINE,-,-,-,-,-,-,-,-,-,-,-,-,-
AIIMS-Inst. Pref,UR-AIIMS-IP,Punjab,"AIIMS, Bathinda",ANATOMY,-,-,-,-,-,-,-,-,-,-,-,-,-
AIIMS-Inst. Pref,UR-AIIMS-IP,Assam,"AIIMS, Guwahati",PAEDIATRICS,-,-,-,-,-,-,-,-,-,-,-,-,-
AIIMS-All India,UR-PwD,Bihar,"AIIMS, Patna",PSYCHIATRY,-,-,-,-,-,-,-,-,-,-,-,-,-
AIIMS-All India,ST,Odisha,"AIIMS, Bhubaneswar",ANATOMY,-,-,-,-,-,29426,25027,-,-,-,-,-,-
AIIMS-Inst. Pref,UR-AIIMS-IP,Uttarakhand,"AIIMS, Rishikesh",MICROBIOLOGY,-,-,-,-,-,8503,8982,8982,-,1413,-,-,-
AIIMS-Inst. Pref,UR-AIIMS-IP,Uttar Pradesh,"AIIMS, Rai Bareli",FORENSIC MEDICINE,-,-,-,-,-,-,-,-,-,-,-,-,-
AIIMS-All India,ST,Uttarakhand,"AIIMS, Rishikesh",ANATOMY,-,-,-,-,-,-,-,-,-,-,-,-,-
AIIMS-All India,UR-PwD,Rajasthan,"AIIMS, Jodhpur",COMMUNITY MEDICINE,-,-,-,-,-,-,-,-,-,-,-,-,-
AIIMS-Inst. Pref,UR-AIIMS-IP,Delhi,"AIIMS, Delhi",FORENSIC MEDICINE,-,-,-,-,-,20837,14542,-,-,-,-,-,-
AIIMS-All India,ST,Telangana,"AIIMS, Bibinagar",PHYSIOLOGY,-,-,-,-,-,-,-,-,-,-,-,-,-
AIIMS-All India,UR-PwD,Delhi,"AIIMS, Delhi",ANAESTHESIOLOGY,-,-,-,-,-,-,19545,-,19545,29951,29951,-,-
AIIMS-All India,ST,Chhattisgarh,"AIIMS, Raipur",PHYSIOLOGY,-,-,-,-,-,-,-,-,-,-,-,-,-
AIIMS-Inst. Pref,UR-AIIMS-IP,Uttarakhand,"AIIMS, Rishikesh",BIOCHEMISTRY,-,-,-,-,-,16872,21641,24316,-,-,-,-,-
AIIMS-All India,OBC-PwD,Rajasthan,"AIIMS, Jodhpur",PSYCHIATRY,-,-,-,-,-,-,-,-,-,-,38833,-,-
AIIMS-All India,SC-PwD,Maharashtra,"AIIMS, Nagpur",GENERAL MEDICINE,-,-,-,-,-,-,-,-,-,-,-,-,-
AIIMS-All India,OBC-PwD,Andhra Pradesh,"AIIMS, Mangalagiri",GENERAL MEDICINE,-,-,-,-,-,-,-,-,-,-,-,-,-
AIIMS-All India,ST,Chhattisgarh,"AIIMS, Raipur",PHARMACOLOGY,-,-,-,-,-,-,-,-,-,-,-,-,-
AIIMS-All India,UR-PwD,Chhattisgarh,"AIIMS, Raipur",NUCLEAR MEDICINE,-,-,-,-,-,-,-,-,-,-,-,-,-
AIIMS-Inst. Pref,UR-AIIMS-IP,Assam,"AIIMS, Guwahati",PATHOLOGY,-,-,-,-,-,-,-,-,-,-,-,-,-
AIIMS-All India,ST,Assam,"AIIMS, Guwahati",BIOCHEMISTRY,-,-,-,-,-,-,-,-,-,-,-,-,-
AIIMS-All India,SC-PwD,Bihar,"AIIMS, Patna",OBG,-,-,-,-,-,-,-,-,-,-,-,-,-
AIIMS-Inst. Pref,UR-AIIMS-IP,Jammu and Kashmir,"AIIMS, Jammu",PAEDIATRIC SURGERY 6 YRS,-,-,-,-,-,-,-,-,-,-,-,-,-
AIIMS-All India,UR-PwD,Gujarat,"AIIMS, Rajkot",PAEDIATRICS,-,-,-,-,-,-,-,-,-,35448,35448,-,-
AIIMS-All India,UR-PwD,Delhi,"AIIMS, Delhi",OPHTHALMOLOGY,-,-,-,-,-,28009,30950,30950,-,18140,18140,18140,-
AIIMS-All India,ST,West Bengal,"AIIMS, Kalyani",ANATOMY,-,-,-,-,-,-,-,-,-,-,-,-,-
AIIMS-All India,UR-PwD,Delhi,"AIIMS, Delhi",PHARMACOLOGY,-,-,-,-,-,-,-,-,-,-,-,-,-
AIIMS-All India,UR-PwD,Maharashtra,"AIIMS, Nagpur",PAEDIATRICS,-,-,-,-,-,-,-,-,-,-,-,-,-
AIIMS-All India,ST,Jharkhand,"AIIMS, Deoghar",PHARMACOLOGY,-,-,-,-,-,-,-,-,-,-,-,-,-
AIIMS-All India,UR-PwD,Delhi,"AIIMS, Delhi",OBG,-,-,-,-,-,-,-,-,-,-,-,-,-
NIMHANS-KAR Domicile,UR-PwD-Karnataka Domicile,Karnataka,"NIMHANS, Bangalore",PSYCHIATRY,-,-,-,-,-,-,-,-,-,-,-,-,-
NIMHANS-All India,UR-PwD,Karnataka,"NIMHANS, Bangalore",PSYCHIATRY,-,-,-,-,-,-,28009,-,-,-,7844,-,-
AIIMS-All India,UR-PwD,Rajasthan,"AIIMS, Jodhpur",ENT,-,-,-,-,-,-,-,-,-,-,-,-,-
AIIMS-All India,UR-PwD,Uttar Pradesh,"AIIMS, Rai Bareli",ANAESTHESIOLOGY,-,-,-,-,-,-,-,-,-,-,-,-,-
AIIMS-All India,UR-PwD,Punjab,"AIIMS, Bathinda",ORTHOPAEDICS,-,-,-,-,-,-,-,-,-,-,-,-,-
AIIMS-Inst. Pref,UR-AIIMS-IP,Jammu and Kashmir,"AIIMS, Jammu",EMERGENCY MEDICINE,-,-,-,-,-,-,-,-,-,-,-,-,-
AIIMS-Inst. Pref,UR-AIIMS-IP,Delhi,"AIIMS, Delhi",PHYSIOLOGY,-,-,-,-,-,25887,-,-,-,-,-,-,-
AIIMS-All India,UR-PwD,Uttarakhand,"AIIMS, Rishikesh",OBG,-,-,-,-,-,-,-,-,-,-,-,-,-
AIIMS-Inst. Pref,UR-AIIMS-IP,Jammu and Kashmir,"AIIMS, Jammu",COMMUNITY MEDICINE,-,-,-,-,-,-,-,-,-,-,-,-,-
AIIMS-Inst. Pref,UR-AIIMS-IP,Assam,"AIIMS, Guwahati",PSYCHIATRY,-,-,-,-,-,-,-,-,-,-,-,-,-
AIIMS-All India,UR-PwD,Delhi,"AIIMS, Delhi",BIOCHEMISTRY,-,-,-,-,-,-,-,-,-,-,-,-,-
JIPMER-All India,ST-PwD,Pondicherry,"JIPMER, Puducherry",GENERAL MEDICINE,-,-,-,-,-,-,-,-,-,-,-,-,-
AIIMS-All India,OBC-PwD,Chhattisgarh,"AIIMS, Raipur",ANAESTHESIOLOGY,-,-,-,-,-,-,-,-,-,-,-,-,-
AIIMS-All India,OBC-PwD,Himachal Pradesh,"AIIMS, Bilaspur, Himachal",OBG,-,-,-,-,-,-,-,-,-,-,-,-,-
JIPMER-All India,OBC-PwD,Pondicherry,"JIPMER, Puducherry",PSYCHIATRY,-,-,-,-,-,-,-,-,-,-,-,-,-
AIIMS-Inst. Pref,UR-AIIMS-IP,Jharkhand,"AIIMS, Deoghar",MICROBIOLOGY,-,-,-,-,-,-,-,-,-,-,-,-,-
AIIMS-Inst. Pref,UR-AIIMS-IP,Jharkhand,"AIIMS, Deoghar",BIOCHEMISTRY,-,-,-,-,-,-,-,-,-,-,-,-,-
AIIMS-All India,UR-PwD,Chhattisgarh,"AIIMS, Raipur",EMERGENCY MEDICINE,-,-,-,-,-,-,-,-,-,-,47791,-,-
PGIMER-All India,OBC-PwD,Chandigarh,"PGIMER, Chandigarh",OBG,-,-,-,-,-,-,-,-,-,-,-,-,-
PGIMER-All India,UR-PwD,Chandigarh,"PGIMER, Chandigarh",ANAESTHESIOLOGY,-,-,-,-,-,-,-,-,-,-,-,-,-
AIIMS-All India,OBC-PwD,Odisha,"AIIMS, Bhubaneswar",PATHOLOGY,-,-,-,-,-,-,-,-,-,-,-,-,-
AIIMS-All India,UR-PwD,Uttarakhand,"AIIMS, Rishikesh",PHARMACOLOGY,-,-,-,-,-,-,-,-,-,-,-,-,-
AIIMS-All India,UR-PwD,Madhya Pradesh,"AIIMS, Bhopal",OBG,-,-,-,-,-,-,-,-,-,-,-,-,-
AIIMS-All India,EWS,Delhi,"AIIMS, Delhi",RADIO DIAGNOSIS,-,-,-,-,-,34,34,-,-,-,-,-,-
AIIMS-All India,UR,Delhi,"AIIMS, Delhi",DERMATOLOGY,-,-,-,-,-,-,-,-,-,-,-,-,-
AIIMS-Inst. Pref,UR-AIIMS-IP,Delhi,"AIIMS, Delhi",GENERAL MEDICINE,-,-,-,-,-,67,67,-,-,-,-,-,-
AIIMS-Inst. Pref,UR-AIIMS-IP,Rajasthan,"AIIMS, Jodhpur",GENERAL MEDICINE,-,-,-,-,-,78,78,78,-,-,65,65,-
AIIMS-All India,EWS,Rajasthan,"AIIMS, Jodhpur",GENERAL MEDICINE,-,-,-,-,-,-,-,-,-,63,78,78,-
AIIMS-All India,UR,Punjab,"AIIMS, Bathinda",DERMATOLOGY,-,-,-,-,-,-,-,-,-,-,-,-,-
AIIMS-All India,UR,Gujarat,"AIIMS, Rajkot",RADIO DIAGNOSIS,-,-,-,-,-,-,-,-,-,89,89,89,-
AIIMS-All India,UR,Rajasthan,"AIIMS, Jodhpur",DERMATOLOGY,-,-,-,-,-,105,69,69,-,59,59,69,-
AIIMS-All India,UR,Madhya Pradesh,"AIIMS, Bhopal",DERMATOLOGY,-,-,-,-,-,114,-,-,-,-,-,-,-
JIPMER-All India,UR,Pondicherry,"JIPMER, Puducherry",DERMATOLOGY,-,-,-,-,-,-,-,-,-,69,-,115,-
AIIMS-All India,EWS,Rajasthan,"AIIMS, Jodhpur",RADIO DIAGNOSIS,-,-,-,-,-,-,-,-,-,30,30,-,-
AIIMS-Inst. Pref,UR-AIIMS-IP,Delhi,"AIIMS, Delhi",PAEDIATRICS,-,-,-,-,-,-,-,-,-,134,134,134,-
AIIMS-All India,UR,West Bengal,"AIIMS, Kalyani",GENERAL MEDICINE,-,-,-,-,-,113,119,119,119,-,-,-,-
AIIMS-All India,EWS,Odisha,"AIIMS, Bhubaneswar",RADIO DIAGNOSIS,-,-,-,-,-,143,110,110,-,-,-,-,-
AIIMS-All India,UR,Odisha,"AIIMS, Bhubaneswar",NUCLEAR MEDICINE,-,-,-,-,-,-,-,-,-,144,144,144,-
AIIMS-All India,UR,Punjab,"AIIMS, Bathinda",RADIO DIAGNOSIS,-,-,-,-,-,79,125,137,146,-,-,-,-
JIMPER-Inst. Pref,INST (JIPMER)-PwD,Pondicherry,"JIPMER, Puducherry",RADIO DIAGNOSIS,-,-,-,-,-,-,-,-,-,151,-,-,-
AIIMS-All India,UR,Assam,"AIIMS, Guwahati",RADIO DIAGNOSIS,-,-,-,-,-,155,140,-,-,130,94,73,-
AIIMS-All India,UR,Uttarakhand,"AIIMS, Rishikesh",DERMATOLOGY,-,-,-,-,-,111,105,105,-,26,86,100,160
AIIMS-All India,UR,Gujarat,"AIIMS, Rajkot",DERMATOLOGY,-,-,-,-,-,-,-,-,-,170,168,168,-
JIPMER-All India,UR-PwD,Pondicherry,"JIPMER, Puducherry",PAEDIATRICS,-,-,-,-,-,-,-,177,-,-,-,-,-
AIIMS-All India,UR,Telangana,"AIIMS, Bibinagar",DERMATOLOGY,-,-,-,-,-,-,-,-,-,-,-,-,-
AIIMS-All India,UR,Delhi,"AIIMS, Delhi",NUCLEAR MEDICINE,-,-,-,-,-,183,172,-,183,90,74,74,-
AIIMS-All India,UR,Uttarakhand,"AIIMS, Rishikesh",NUCLEAR MEDICINE,-,-,-,-,-,-,-,-,-,185,164,164,-
AIIMS-Inst. Pref,UR-AIIMS-IP,Odisha,"AIIMS, Bhubaneswar",RADIO DIAGNOSIS,-,-,-,-,-,-,-,-,-,186,-,-,-
AIIMS-All India,EWS,Andhra Pradesh,"AIIMS, Mangalagiri",RADIO DIAGNOSIS,-,-,-,-,-,-,-,-,-,188,188,188,-
AIIMS-All India,UR,Delhi,"AIIMS, Delhi",ORTHOPAEDICS,-,-,-,-,-,-,-,-,-,-,38,38,-
AIIMS-All India,UR,Maharashtra,"AIIMS, Nagpur",DERMATOLOGY,-,-,-,-,-,-,-,-,-,99,125,182,189
AIIMS-Inst. Pref,UR-AIIMS-IP,Chhattisgarh,"AIIMS, Raipur",GENERAL MEDICINE,-,-,-,-,-,-,-,-,-,-,-,-,-
AIIMS-All India,UR,Rajasthan,"AIIMS, Jodhpur",NUCLEAR MEDICINE,-,-,-,-,-,-,211,211,211,-,-,-,-
AIIMS-All India,EWS,Madhya Pradesh,"AIIMS, Bhopal",RADIO DIAGNOSIS,-,-,-,-,-,48,48,48,143,146,54,54,-
AIIMS-All India,UR,Telangana,"AIIMS, Bibinagar",GENERAL MEDICINE,-,-,-,-,-,147,188,209,-,-,-,-,-
AIIMS-All India,UR,Delhi,"AIIMS, Delhi",EMERGENCY MEDICINE,-,-,-,-,-,-,-,-,-,222,180,-,180
AIIMS-All India,EWS,Rajasthan,"AIIMS, Jodhpur",DERMATOLOGY,-,-,-,-,-,-,-,-,-,168,229,-,-
AIIMS-All India,UR,Odisha,"AIIMS, Bhubaneswar",PAEDIATRICS,-,-,-,-,-,191,191,241,-,-,-,-,-
AIIMS-All India,UR,Rajasthan,"AIIMS, Jodhpur",CARDIO THORACIC AND VASCULAR SURGERY 6 YRS,-,-,-,-,-,-,-,-,-,249,-,-,-
AIIMS-All India,UR,West Bengal,"AIIMS, Kalyani",DERMATOLOGY,-,-,-,-,-,-,-,-,-,-,-,-,-
AIIMS-All India,UR,Assam,"AIIMS, Guwahati",GENERAL SURGERY,-,-,-,-,-,-,-,-,-,250,232,232,250
AIIMS-All India,UR,Odisha,"AIIMS, Bhubaneswar",PLASTIC SURGERY 6 YRS,-,-,-,-,-,251,-,-,-,-,-,-,-
AIIMS-All India,UR,Odisha,"AIIMS, Bhubaneswar",GENERAL SURGERY,-,-,-,-,-,-,252,252,-,-,-,-,-
AIIMS-All India,UR,Uttarakhand,"AIIMS, Rishikesh",PAEDIATRICS,-,-,-,-,-,-,-,-,-,-,-,138,-
JIMPER-Inst. Pref,INST (JIPMER),Pondicherry,"JIPMER, Puducherry",DERMATOLOGY,-,-,-,-,-,-,-,-,-,264,264,264,-
AIIMS-Inst. Pref,UR-AIIMS-IP,Bihar,"AIIMS, Patna",DERMATOLOGY,-,-,-,-,-,-,265,-,265,-,-,-,-
AIIMS-All India,UR,Delhi,"AIIMS, Delhi",PAEDIATRIC SURGERY 6 YRS,-,-,-,-,-,-,-,-,-,103,-,269,-
AIIMS-All India,UR,Jammu and Kashmir,"AIIMS, Jammu",PAEDIATRICS,-,-,-,-,-,-,-,-,-,274,274,274,-
AIIMS-Inst. Pref,UR-AIIMS-IP,Odisha,"AIIMS, Bhubaneswar",GENERAL MEDICINE,-,-,-,-,-,-,-,-,-,-,273,280,-
AIIMS-Inst. Pref,UR-AIIMS-IP,Bihar,"AIIMS, Patna",PAEDIATRICS,-,-,-,-,-,169,-,-,-,-,-,-,-
AIIMS-All India,EWS,Uttarakhand,"AIIMS, Rishikesh",DERMATOLOGY,-,-,-,-,-,219,219,287,-,-,-,-,-
JIPMER-All India,EWS,Pondicherry,"JIPMER, Puducherry",RADIO DIAGNOSIS,-,-,-,-,-,-,-,-,-,60,146,146,-
AIIMS-All India,UR,Chhattisgarh,"AIIMS, Raipur",CARDIO THORACIC AND VASCULAR SURGERY 6 YRS,-,-,-,-,-,292,292,-,-,-,-,-,-
AIIMS-All India,EWS,West Bengal,"AIIMS, Kalyani",GENERAL MEDICINE,-,-,-,-,-,193,193,294,-,-,-,-,-
AIIMS-All India,UR,Assam,"AIIMS, Guwahati",DERMATOLOGY,-,-,-,-,-,-,-,-,-,-,-,-,-
PGIMER-All India,OBC,Chandigarh,"PGIMER, Chandigarh",DERMATOLOGY,-,-,-,-,-,-,-,-,-,301,151,151,151
JIPMER-All India,OBC,Pondicherry,"JIPMER, Puducherry",NUCLEAR MEDICINE,-,-,-,-,-,-,-,-,-,248,248,248,-
AIIMS-All India,EWS,Gujarat,"AIIMS, Rajkot",GENERAL MEDICINE,-,-,-,-,-,-,-,-,-,305,293,305,-
AIIMS-All India,UR,Telangana,"AIIMS, Bibinagar",RADIO DIAGNOSIS,-,-,-,-,-,-,150,150,-,-,-,-,-
AIIMS-All India,OBC,Chhattisgarh,"AIIMS, Raipur",RADIO DIAGNOSIS,-,-,-,-,-,141,157,-,-,287,219,219,-
AIIMS-All India,EWS,Odisha,"AIIMS, Bhubaneswar",DERMATOLOGY,-,-,-,-,-,310,189,-,-,-,-,-,-
AIIMS-All India,OBC,Uttar Pradesh,"AIIMS, Gorakhpur",GENERAL MEDICINE,-,-,-,-,-,298,299,312,312,-,-,-,-
AIIMS-All India,UR,Bihar,"AIIMS, Patna",PAEDIATRICS,-,-,-,-,-,-,169,-,-,-,-,-,-
AIIMS-All India,EWS,Uttarakhand,"AIIMS, Rishikesh",ORTHOPAEDICS,-,-,-,-,-,-,-,-,-,317,317,317,-
AIIMS-All India,EWS,Punjab,"AIIMS, Bathinda",GENERAL MEDICINE,-,-,-,-,-,-,-,-,-,-,-,-,-
AIIMS-All India,OBC,Telangana,"AIIMS, Bibinagar",GENERAL MEDICINE,-,-,-,-,-,299,213,299,-,-,-,-,-
AIIMS-All India,UR,Madhya Pradesh,"AIIMS, Bhopal",GENERAL SURGERY,-,-,-,-,-,320,320,320,-,-,-,-,-
AIIMS-All India,UR,Uttar Pradesh,"AIIMS, Rai Bareli",NEUROLOGY 6 YRS,-,-,-,-,-,276,270,328,-,210,203,210,-
AIIMS-All India,EWS,Maharashtra,"AIIMS, Nagpur",RADIO DIAGNOSIS,-,-,-,-,-,-,-,-,-,-,-,-,-
AIIMS-All India,OBC,Gujarat,"AIIMS, Rajkot",RADIO DIAGNOSIS,-,-,-,-,-,217,235,235,-,332,287,287,-
AIIMS-All India,OBC,Andhra Pradesh,"AIIMS, Mangalagiri",GENERAL MEDICINE,-,-,-,-,-,263,175,175,175,333,333,-,-
AIIMS-All India,UR,Telangana,"AIIMS, Bibinagar",PAEDIATRICS,-,-,-,-,-,-,-,-,-,-,-,-,-
AIIMS-All India,EWS,Madhya Pradesh,"AIIMS, Bhopal",GENERAL MEDICINE,-,-,-,-,-,-,-,-,-,234,343,343,-
AIIMS-All India,OBC,Chhattisgarh,"AIIMS, Raipur",DERMATOLOGY,-,-,-,-,-,230,301,340,351,-,-,-,-
AIIMS-All India,EWS,Assam,"AIIMS, Guwahati",GENERAL MEDICINE,-,-,-,-,-,237,294,352,-,-,-,-,-
AIIMS-All India,OBC,Uttar Pradesh,"AIIMS, Gorakhpur",DERMATOLOGY,-,-,-,-,-,356,228,228,-,-,-,-,-
AIIMS-Inst. Pref,UR-AIIMS-IP,Punjab,"AIIMS, Bathinda",DERMATOLOGY,-,-,-,-,-,-,-,-,-,-,-,-,-
AIIMS-All India,EWS,Andhra Pradesh,"AIIMS, Mangalagiri",GENERAL MEDICINE,-,-,-,-,-,-,-,-,-,365,365,-,-
AIIMS-All India,OBC,West Bengal,"AIIMS, Kalyani",GENERAL MEDICINE,-,-,-,-,-,358,312,367,335,-,-,-,-
AIIMS-All India,OBC,Chhattisgarh,"AIIMS, Raipur",NUCLEAR MEDICINE,-,-,-,-,-,-,-,-,-,368,342,342,-
AIIMS-Inst. Pref,UR-AIIMS-IP,Chhattisgarh,"AIIMS, Raipur",NUCLEAR MEDICINE,-,-,-,-,-,369,369,-,-,-,-,-,-
AIIMS-All India,OBC,Odisha,"AIIMS, Bhubaneswar",NUCLEAR MEDICINE,-,-,-,-,-,-,-,-,-,-,-,-,-
AIIMS-All India,OBC,Jammu and Kashmir,"AIIMS, Jammu",RADIO DIAGNOSIS,-,-,-,-,-,-,-,-,-,379,379,379,-
JIPMER-All India,UR,Pondicherry,"JIPMER, Puducherry",NEUROSURGERY 6 YRS,-,-,-,-,-,196,318,318,-,-,-,-,-
AIIMS-All India,OBC,Gujarat,"AIIMS, Rajkot",GENERAL MEDICINE,-,-,-,-,-,347,347,347,347,381,377,377,377
AIIMS-All India,UR,Andhra Pradesh,"AIIMS, Mangalagiri",PAEDIATRICS,-,-,-,-,-,-,-,-,-,167,213,331,355
AIIMS-All India,UR,Uttar Pradesh,"AIIMS, Gorakhpur",PAEDIATRICS,-,-,-,-,-,265,239,239,-,262,192,374,382
AIIMS-All India,EWS,Odisha,"AIIMS, Bhubaneswar",NUCLEAR MEDICINE,-,-,-,-,-,394,394,394,394,-,-,-,-
AIIMS-Inst. Pref,UR-AIIMS-IP,Odisha,"AIIMS, Bhubaneswar",DERMATOLOGY,-,-,-,-,-,-,-,-,-,394,-,-,-
AIIMS-All India,UR,Uttarakhand,"AIIMS, Rishikesh",PSYCHIATRY,-,-,-,-,-,-,-,-,-,-,-,-,-
AIIMS-All India,OBC,Uttarakhand,"AIIMS, Rishikesh",DERMATOLOGY,-,-,-,-,-,-,-,-,-,-,-,-,-
AIIMS-All India,OBC,Rajasthan,"AIIMS, Jodhpur",NUCLEAR MEDICINE,-,-,-,-,-,311,400,400,-,341,-,-,-
AIIMS-All India,UR,Rajasthan,"AIIMS, Jodhpur",RADIOTHERAPY & ONCOLOGY 6 YRS,-,-,-,-,-,-,-,-,-,382,316,402,-
AIIMS-All India,OBC,Himachal Pradesh,"AIIMS, Bilaspur, Himachal",GENERAL MEDICINE,-,-,-,-,-,305,267,267,-,335,406,406,-
AIIMS-All India,OBC,West Bengal,"AIIMS, Kalyani",RADIO DIAGNOSIS,-,-,-,-,-,-,-,-,-,-,-,-,-
AIIMS-All India,EWS,Uttarakhand,"AIIMS, Rishikesh",NUCLEAR MEDICINE,-,-,-,-,-,408,408,408,-,-,-,-,-
AIIMS-All India,EWS,Delhi,"AIIMS, Delhi",NUCLEAR MEDICINE,-,-,-,-,-,-,-,-,-,-,-,-,-
AIIMS-All India,UR,Madhya Pradesh,"AIIMS, Bhopal",ORTHOPAEDICS,-,-,-,-,-,-,421,-,-,278,238,238,-
AIIMS-All India,EWS,Maharashtra,"AIIMS, Nagpur",PAEDIATRICS,-,-,-,-,-,-,-,-,-,423,-,423,-
AIIMS-Inst. Pref,UR-AIIMS-IP,Chhattisgarh,"AIIMS, Raipur",DERMATOLOGY,-,-,-,-,-,259,259,-,-,437,437,-,-
AIIMS-All India,UR,West Bengal,"AIIMS, Kalyani",PAEDIATRICS,-,-,-,-,-,-,-,-,-,-,-,-,-
AIIMS-All India,OBC,Punjab,"AIIMS, Bathinda",DERMATOLOGY,-,-,-,-,-,-,-,-,-,-,-,-,-
AIIMS-All India,EWS,Delhi,"AIIMS, Delhi",ORTHOPAEDICS,-,-,-,-,-,433,433,433,-,-,-,-,-
AIIMS-All India,OBC,Uttar Pradesh,"AIIMS, Rai Bareli",DERMATOLOGY,-,-,-,-,-,351,351,351,451,-,-,-,-
AIIMS-All India,OBC,Gujarat,"AIIMS, Rajkot",DERMATOLOGY,-,-,-,-,-,451,356,356,-,-,-,-,-
JIPMER-All India,EWS-PwD,Pondicherry,"JIPMER, Puducherry",OPHTHALMOLOGY,-,-,-,-,-,-,-,-,-,-,457,-,-
AIIMS-All India,EWS,Telangana,"AIIMS, Bibinagar",DERMATOLOGY,-,-,-,-,-,-,-,-,-,457,423,457,-
AIIMS-All India,UR,Uttarakhand,"AIIMS, Rishikesh",GERIATRICS,-,-,-,-,-,-,464,464,-,-,-,-,-
AIIMS-All India,EWS,Uttarakhand,"AIIMS, Rishikesh",GENERAL SURGERY,-,-,-,-,-,-,-,-,-,-,-,-,-
AIIMS-All India,EWS,Rajasthan,"AIIMS, Jodhpur",OBG,-,-,-,-,-,-,-,-,-,-,-,-,-
AIIMS-Inst. Pref,UR-AIIMS-IP,Madhya Pradesh,"AIIMS, Bhopal",RADIATION ONCOLOGY,-,-,-,-,-,485,-,-,-,-,-,-,-
AIIMS-All India,EWS,Jammu and Kashmir,"AIIMS, Jammu",GENERAL MEDICINE,-,-,-,-,-,-,-,-,-,419,487,-,-
AIIMS-All India,UR,Andhra Pradesh,"AIIMS, Mangalagiri",NEUROSURGERY 6 YRS,-,-,-,-,-,-,-,-,-,-,-,-,-
AIIMS-All India,OBC,Telangana,"AIIMS, Bibinagar",RADIO DIAGNOSIS,-,-,-,-,-,-,-,-,-,-,-,-,-
AIIMS-All India,EWS,Chhattisgarh,"AIIMS, Raipur",DERMATOLOGY,-,-,-,-,-,-,-,-,-,-,-,-,-
AIIMS-All India,OBC,Andhra Pradesh,"AIIMS, Mangalagiri",NUCLEAR MEDICINE,-,-,-,-,-,-,-,-,-,-,-,-,-
AIIMS-All India,OBC,Telangana,"AIIMS, Bibinagar",PAEDIATRICS,-,-,-,-,-,-,-,-,-,-,-,-,-
AIIMS-All India,EWS,Madhya Pradesh,"AIIMS, Bhopal",GENERAL SURGERY,-,-,-,-,-,368,502,502,-,-,-,-,-
AIIMS-All India,UR,Maharashtra,"AIIMS, Nagpur",GENERAL SURGERY,-,-,-,-,-,297,395,403,403,-,-,-,-
AIIMS-All India,UR,Uttarakhand,"AIIMS, Rishikesh",RADIATION ONCOLOGY,-,-,-,-,-,304,304,304,304,-,-,-,-
AIIMS-All India,OBC,Bihar,"AIIMS, Patna",DERMATOLOGY,-,-,-,-,-,-,-,-,-,-,-,-,-
AIIMS-Inst. Pref,UR-AIIMS-IP,Rajasthan,"AIIMS, Jodhpur",NUCLEAR MEDICINE,-,-,-,-,-,521,-,-,-,-,385,385,-
AIIMS-All India,EWS,Assam,"AIIMS, Guwahati",RADIO DIAGNOSIS,-,-,-,-,-,-,-,-,-,-,-,-,-
AIIMS-All India,UR,Andhra Pradesh,"AIIMS, Mangalagiri",RADIATION ONCOLOGY,-,-,-,-,-,-,-,-,-,522,522,522,-
AIIMS-All India,UR,Madhya Pradesh,"AIIMS, Bhopal",ENT,-,-,-,-,-,524,-,-,-,-,-,-,-
AIIMS-All India,OBC,Telangana,"AIIMS, Bibinagar",DERMATOLOGY,-,-,-,-,-,-,-,-,-,524,417,472,-
AIIMS-Inst. Pref,UR-AIIMS-IP,Maharashtra,"AIIMS, Nagpur",DERMATOLOGY,-,-,-,-,-,-,-,-,-,-,-,-,-
AIIMS-All India,EWS,Odisha,"AIIMS, Bhubaneswar",PAEDIATRICS,-,-,-,-,-,-,-,-,-,399,363,399,-
AIIMS-All India,UR,Uttarakhand,"AIIMS, Rishikesh",PLASTIC SURGERY 6 YRS,-,-,-,-,-,-,-,-,-,-,-,-,-
AIIMS-All India,UR,Odisha,"AIIMS, Bhubaneswar",EMERGENCY MEDICINE,-,-,-,-,-,416,-,-,-,389,389,389,-
AIIMS-All India,UR,Bihar,"AIIMS, Patna",SURGGASTRO (6 YRS),-,-,-,-,-,64,224,428,562,-,242,-,-
AIIMS-All India,UR,Gujarat,"AIIMS, Rajkot",GENERAL SURGERY,-,-,-,-,-,-,-,-,-,289,520,565,471
AIIMS-All India,OBC,Himachal Pradesh,"AIIMS, Bilaspur, Himachal",DERMATOLOGY,-,-,-,-,-,-,-,-,-,566,422,-,-
AIIMS-Inst. Pref,UR-AIIMS-IP,West Bengal,"AIIMS, Kalyani",NEUROSURGERY 6 YRS,-,-,-,-,-,-,-,-,-,-,-,-,-
AIIMS-Inst. Pref,UR-AIIMS-IP,Andhra Pradesh,"AIIMS, Mangalagiri",NUCLEAR MEDICINE,-,-,-,-,-,-,-,-,-,-,496,496,496
AIIMS-Inst. Pref,UR-AIIMS-IP,Madhya Pradesh,"AIIMS, Bhopal",GENERAL SURGERY,-,-,-,-,-,-,546,546,-,-,-,-,-
AIIMS-All India,UR,Jammu and Kashmir,"AIIMS, Jammu",ORTHOPAEDICS,-,-,-,-,-,-,-,-,-,494,592,592,518
AIIMS-All India,UR,Gujarat,"AIIMS, Rajkot",OBG,-,-,-,-,-,-,-,-,-,404,405,584,-
AIIMS-All India,ST,Rajasthan,"AIIMS, Jodhpur",DERMATOLOGY,-,-,-,-,-,-,-,-,-,-,-,-,-
AIIMS-All India,OBC,Jammu and Kashmir,"AIIMS, Jammu",DERMATOLOGY,-,-,-,-,-,-,-,-,-,581,587,613,-
AIIMS-All India,UR,Uttar Pradesh,"AIIMS, Gorakhpur",ORTHOPAEDICS,-,-,-,-,-,596,626,626,626,471,471,476,-
JIPMER-All India,OBC-PwD,Pondicherry,"JIPMER, Puducherry",EMERGENCY MEDICINE,-,-,-,-,-,-,-,-,-,-,-,-,-
AIIMS-All India,UR,West Bengal,"AIIMS, Kalyani",GENERAL SURGERY,-,-,-,-,-,630,636,636,636,-,-,-,-
AIIMS-All India,UR,Punjab,"AIIMS, Bathinda",PSYCHIATRY,-,-,-,-,-,638,-,-,-,-,-,-,-
AIIMS-All India,OBC,Uttarakhand,"AIIMS, Rishikesh",TBRD,-,-,-,-,-,-,-,-,-,-,-,-,-
AIIMS-All India,UR,Maharashtra,"AIIMS, Nagpur",RADIATION ONCOLOGY,-,-,-,-,-,-,-,-,-,374,645,645,548
AIIMS-All India,UR,Punjab,"AIIMS, Bathinda",GENERAL SURGERY,-,-,-,-,-,365,403,612,616,320,441,441,441
AIIMS-All India,UR,Uttar Pradesh,"AIIMS, Rai Bareli",ORTHOPAEDICS,-,-,-,-,-,425,505,505,-,-,-,-,-
AIIMS-All India,SC,Telangana,"AIIMS, Bibinagar",RADIO DIAGNOSIS,-,-,-,-,-,657,657,657,-,-,-,-,-
AIIMS-All India,UR,Andhra Pradesh,"AIIMS, Mangalagiri",PAEDIATRIC SURGERY 6 YRS,-,-,-,-,-,-,-,-,-,-,-,657,-
AIIMS-All India,UR,Uttarakhand,"AIIMS, Rishikesh",OPHTHALMOLOGY,-,-,-,-,-,-,-,-,-,-,-,-,-
JIMPER-Inst. Pref,INST (JIPMER)-PwD,Pondicherry,"JIPMER, Puducherry",OBG,-,-,-,-,-,672,611,611,-,-,-,-,-
AIIMS-All India,EWS,Delhi,"AIIMS, Delhi",EMERGENCY MEDICINE,-,-,-,-,-,677,677,-,-,410,410,-,-
AIIMS-Inst. Pref,UR-AIIMS-IP,West Bengal,"AIIMS, Kalyani",RADIO DIAGNOSIS,-,-,-,-,-,-,-,-,-,-,-,-,-
AIIMS-All India,UR,Chhattisgarh,"AIIMS, Raipur",OPHTHALMOLOGY,-,-,-,-,-,572,-,-,-,-,-,-,-
AIIMS-All India,UR,Jharkhand,"AIIMS, Deoghar",ORTHOPAEDICS,-,-,-,-,-,-,-,-,-,476,640,694,-
AIIMS-All India,UR,Bihar,"AIIMS, Patna",ENT,-,-,-,-,-,616,-,-,-,-,-,-,-
AIIMS-All India,EWS,Uttar Pradesh,"AIIMS, Rai Bareli",PAEDIATRICS,-,-,-,-,-,446,446,697,-,-,-,-,-
JIPMER-All India,EWS-PwD,Pondicherry,"JIPMER, Puducherry",OBG,-,-,-,-,-,-,-,-,-,-,-,700,-
AIIMS-All India,EWS,Uttar Pradesh,"AIIMS, Gorakhpur",DERMATOLOGY,-,-,-,-,-,-,-,-,-,229,361,709,-
AIIMS-All India,UR,Punjab,"AIIMS, Bathinda",RADIATION ONCOLOGY,-,-,-,-,-,-,-,-,-,-,-,-,-
AIIMS-All India,UR,Odisha,"AIIMS, Bhubaneswar",PSYCHIATRY,-,-,-,-,-,-,290,-,-,-,-,-,-
AIIMS-All India,EWS,Andhra Pradesh,"AIIMS, Mangalagiri",PAEDIATRICS,-,-,-,-,-,-,-,-,-,-,-,-,-
AIIMS-All India,UR,Madhya Pradesh,"AIIMS, Bhopal",OBG,-,-,-,-,-,291,-,-,-,202,225,314,-
AIIMS-All India,EWS,Madhya Pradesh,"AIIMS, Bhopal",DERMATOLOGY,-,-,-,-,-,-,-,-,-,-,-,-,-
AIIMS-All India,OBC,Odisha,"AIIMS, Bhubaneswar",GENERAL SURGERY,-,-,-,-,-,-,-,-,-,546,546,-,-
JIPMER-All India,EWS,Pondicherry,"JIPMER, Puducherry",DERMATOLOGY,-,-,-,-,-,-,-,430,430,310,-,-,736
AIIMS-All India,UR,Gujarat,"AIIMS, Rajkot",PAEDIATRICS,-,-,-,-,-,318,349,374,374,-,-,-,-
AIIMS-All India,UR,Odisha,"AIIMS, Bhubaneswar",OPHTHALMOLOGY,-,-,-,-,-,427,427,750,750,244,-,-,-
AIIMS-All India,SC,Odisha,"AIIMS, Bhubaneswar",GENERAL MEDICINE,-,-,-,-,-,-,-,-,-,766,766,766,-
JIPMER-All India,UR,Pondicherry,"JIPMER, Puducherry",EMERGENCY MEDICINE,-,-,-,-,-,526,771,719,-,260,-,386,389
JIPMER-All India,OBC,Pondicherry,"JIPMER, Puducherry",OPHTHALMOLOGY,-,-,-,-,-,-,717,-,-,676,-,-,-
JIPMER-All India,OBC-PwD,Pondicherry,"JIPMER, Puducherry",OPHTHALMOLOGY,-,-,-,-,-,-,-,-,-,-,-,-,-
AIIMS-All India,UR,Odisha,"AIIMS, Bhubaneswar",PAEDIATRIC SURGERY 6 YRS,-,-,-,-,-,692,411,-,-,-,447,-,-
AIIMS-All India,UR,Rajasthan,"AIIMS, Jodhpur",ENT,-,-,-,-,-,-,-,-,-,425,578,-,578
AIIMS-All India,OBC,Delhi,"AIIMS, Delhi",EMERGENCY MEDICINE,-,-,-,-,-,655,680,786,-,562,226,226,-
AIIMS-Inst. Pref,UR-AIIMS-IP,Uttarakhand,"AIIMS, Rishikesh",OBG,-,-,-,-,-,315,315,-,-,789,789,789,789
AIIMS-All India,EWS,Telangana,"AIIMS, Bibinagar",PAEDIATRICS,-,-,-,-,-,430,430,733,796,-,-,-,-
AIIMS-All India,EWS,Punjab,"AIIMS, Bathinda",PAEDIATRICS,-,-,-,-,-,466,466,580,-,-,-,-,-
AIIMS-All India,UR,West Bengal,"AIIMS, Kalyani",OBG,-,-,-,-,-,468,596,-,-,-,-,-,-
AIIMS-All India,UR,Jharkhand,"AIIMS, Deoghar",ENT,-,-,-,-,-,-,-,-,-,-,680,819,819
AIIMS-All India,UR,Uttarakhand,"AIIMS, Rishikesh",CARDIO THORACIC AND VASCULAR SURGERY 6 YRS,-,-,-,-,-,-,-,-,-,290,531,608,-
AIIMS-All India,SC,Odisha,"AIIMS, Bhubaneswar",RADIO DIAGNOSIS,-,-,-,-,-,-,-,-,-,827,827,827,-
AIIMS-All India,UR,Maharashtra,"AIIMS, Nagpur",OPHTHALMOLOGY,-,-,-,-,-,-,-,-,-,364,535,687,704
AIIMS-All India,UR,Madhya Pradesh,"AIIMS, Bhopal",PSYCHIATRY,-,-,-,-,-,-,597,-,708,687,687,829,440
AIIMS-All India,EWS,Bihar,"AIIMS, Patna",ORTHOPAEDICS,-,-,-,-,-,-,-,-,-,629,840,840,-
AIIMS-All India,SC,Rajasthan,"AIIMS, Jodhpur",GENERAL MEDICINE,-,-,-,-,-,-,-,-,-,844,844,844,-
AIIMS-All India,EWS,Jharkhand,"AIIMS, Deoghar",GENERAL SURGERY,-,-,-,-,-,861,861,861,861,-,-,-,-
AIIMS-All India,UR,Madhya Pradesh,"AIIMS, Bhopal",RADIATION ONCOLOGY,-,-,-,-,-,561,354,354,354,-,-,-,-
AIIMS-All India,OBC,Assam,"AIIMS, Guwahati",PAEDIATRICS,-,-,-,-,-,633,644,644,-,613,613,865,610
AIIMS-Inst. Pref,UR-AIIMS-IP,Odisha,"AIIMS, Bhubaneswar",OPHTHALMOLOGY,-,-,-,-,-,-,-,-,-,-,883,-,883
AIIMS-All India,UR,Uttarakhand,"AIIMS, Rishikesh",TRAUMASURG&CC (6 YRS),-,-,-,-,-,376,752,-,-,-,-,-,-
AIIMS-Inst. Pref,UR-AIIMS-IP,Bihar,"AIIMS, Patna",GENERAL SURGERY,-,-,-,-,-,385,385,-,-,-,549,-,645
AIIMS-All India,OBC,Punjab,"AIIMS, Bathinda",TBRD,-,-,-,-,-,653,670,889,889,-,-,-,-
AIIMS-Inst. Pref,UR-AIIMS-IP,Rajasthan,"AIIMS, Jodhpur",GENERAL SURGERY,-,-,-,-,-,554,554,-,-,726,895,895,-
AIIMS-All India,EWS,Himachal Pradesh,"AIIMS, Bilaspur, Himachal",GENERAL SURGERY,-,-,-,-,-,585,906,-,-,-,-,-,-
AIIMS-Inst. Pref,UR-AIIMS-IP,Odisha,"AIIMS, Bhubaneswar",GENERAL SURGERY,-,-,-,-,-,505,-,-,-,273,633,147,911
AIIMS-All India,EWS,Chhattisgarh,"AIIMS, Raipur",ORTHOPAEDICS,-,-,-,-,-,579,782,782,916,-,-,-,-
AIIMS-All India,UR,Jammu and Kashmir,"AIIMS, Jammu",EMERGENCY MEDICINE,-,-,-,-,-,-,-,-,-,710,918,-,-
AIIMS-All India,SC,Madhya Pradesh,"AIIMS, Bhopal",GENERAL MEDICINE,-,-,-,-,-,-,-,-,-,-,-,-,-
AIIMS-All India,EWS,Chhattisgarh,"AIIMS, Raipur",GENERAL SURGERY,-,-,-,-,-,-,-,-,-,-,-,-,-
AIIMS-All India,EWS,Maharashtra,"AIIMS, Nagpur",ORTHOPAEDICS,-,-,-,-,-,-,-,-,-,-,-,-,-
PGIMER-All India,OBC-PwD,Chandigarh,"PGIMER, Chandigarh",GENERAL MEDICINE,-,-,-,-,-,929,929,-,-,-,-,-,-
AIIMS-All India,UR,Chhattisgarh,"AIIMS, Raipur",ENT,-,-,-,-,-,-,-,932,-,493,-,-,-
AIIMS-All India,EWS,Odisha,"AIIMS, Bhubaneswar",OBG,-,-,-,-,-,-,-,-,-,935,-,-,-
AIIMS-All India,UR,Andhra Pradesh,"AIIMS, Mangalagiri",ANAESTHESIOLOGY,-,-,-,-,-,939,-,-,-,-,-,-,-
AIIMS-All India,UR,Madhya Pradesh,"AIIMS, Bhopal",GERIATRICS,-,-,-,-,-,-,-,-,-,-,525,858,941
PGIMER-All India,SC,Chandigarh,"PGIMER, Chandigarh",RADIATION ONCOLOGY,-,-,-,-,-,-,-,-,-,-,-,-,-
AIIMS-All India,EWS,Rajasthan,"AIIMS, Jodhpur",NUCLEAR MEDICINE,-,-,-,-,-,-,-,-,-,-,-,-,-
AIIMS-All India,OBC,West Bengal,"AIIMS, Kalyani",PAEDIATRICS,-,-,-,-,-,542,542,609,-,-,-,-,-
JIPMER-All India,EWS,Pondicherry,"JIPMER, Puducherry",OPHTHALMOLOGY,-,-,-,-,-,964,827,-,-,-,-,-,-
AIIMS-All India,EWS,Rajasthan,"AIIMS, Jodhpur",EMERGENCY MEDICINE,-,-,-,-,-,-,-,-,-,923,967,-,-
AIIMS-All India,EWS,Himachal Pradesh,"AIIMS, Bilaspur, Himachal",ORTHOPAEDICS,-,-,-,-,-,916,787,787,970,-,-,-,-
AIIMS-All India,UR,Telangana,"AIIMS, Bibinagar",GENERAL SURGERY,-,-,-,-,-,475,585,666,666,-,-,-,-
AIIMS-All India,UR,Rajasthan,"AIIMS, Jodhpur",EMERGENCY MEDICINE,-,-,-,-,-,522,399,851,522,292,-,-,727
AIIMS-All India,ST,Rajasthan,"AIIMS, Jodhpur",RADIO DIAGNOSIS,-,-,-,-,-,-,-,-,-,999,881,746,-
JIPMER-All India,UR-PwD,Pondicherry,"JIPMER, Puducherry",OPHTHALMOLOGY,-,-,-,-,-,-,-,-,1000,-,-,-,-
AIIMS-All India,EWS,Maharashtra,"AIIMS, Nagpur",OBG,-,-,-,-,-,-,-,-,-,987,700,1006,-
AIIMS-All India,UR,Madhya Pradesh,"AIIMS, Bhopal",ANAESTHESIOLOGY,-,-,-,-,-,855,882,1007,-,-,-,-,836
AIIMS-All India,OBC-PwD,Rajasthan,"AIIMS, Jodhpur",PAEDIATRICS,-,-,-,-,-,-,-,-,-,1019,1019,-,-
AIIMS-All India,UR,West Bengal,"AIIMS, Kalyani",ORTHOPAEDICS,-,-,-,-,-,-,559,559,559,478,392,392,-
AIIMS-All India,OBC,Odisha,"AIIMS, Bhubaneswar",ORTHOPAEDICS,-,-,-,-,-,-,-,-,-,-,-,-,-
AIIMS-All India,EWS,Andhra Pradesh,"AIIMS, Mangalagiri",DERMATOLOGY,-,-,-,-,-,-,-,-,-,-,-,-,-
AIIMS-All India,UR,Maharashtra,"AIIMS, Nagpur",PAEDIATRIC SURGERY 6 YRS,-,-,-,-,-,-,-,-,-,-,439,-,-
JIMPER-Inst. Pref,INST (JIPMER)-PwD,Pondicherry,"JIPMER, Puducherry",RADIATION ONCOLOGY,-,-,-,-,-,-,-,-,-,-,-,-,-
AIIMS-All India,EWS,Punjab,"AIIMS, Bathinda",GENERAL SURGERY,-,-,-,-,-,-,-,-,-,-,-,-,-
AIIMS-All India,UR,Himachal Pradesh,"AIIMS, Bilaspur, Himachal",OPHTHALMOLOGY,-,-,-,-,-,643,1056,-,-,426,825,-,-
AIIMS-All India,UR,Uttar Pradesh,"AIIMS, Gorakhpur",PSYCHIATRY,-,-,-,-,-,1056,807,1046,1046,-,-,-,-
AIIMS-All India,UR,Himachal Pradesh,"AIIMS, Bilaspur, Himachal",OBG,-,-,-,-,-,381,484,-,-,-,-,-,-
AIIMS-Inst. Pref,UR-AIIMS-IP,Uttar Pradesh,"AIIMS, Gorakhpur",OBG,-,-,-,-,-,-,-,-,-,-,-,-,-
JIPMER-All India,OBC-PwD,Pondicherry,"JIPMER, Puducherry",RADIATION ONCOLOGY,-,-,-,-,-,-,-,-,-,-,-,-,-
AIIMS-All India,EWS,West Bengal,"AIIMS, Kalyani",PAEDIATRICS,-,-,-,-,-,531,599,700,787,-,-,-,-
JIPMER-All India,OBC-PwD,Pondicherry,"JIPMER, Puducherry",OBG,-,-,-,-,-,-,-,-,-,-,-,-,-
AIIMS-All India,UR,Chhattisgarh,"AIIMS, Raipur",EMERGENCY MEDICINE,-,-,-,-,-,719,669,855,-,615,386,930,1096
AIIMS-All India,SC,Madhya Pradesh,"AIIMS, Bhopal",DERMATOLOGY,-,-,-,-,-,1096,1096,1096,-,-,-,-,-
AIIMS-All India,OBC,Uttar Pradesh,"AIIMS, Gorakhpur",OBG,-,-,-,-,-,862,862,972,1084,916,1117,1117,985
JIPMER-All India,OBC,Pondicherry,"JIPMER, Puducherry",PSYCHIATRY,-,-,-,-,-,-,-,-,1124,-,-,-,-
AIIMS-All India,SC,Uttarakhand,"AIIMS, Rishikesh",GENERAL MEDICINE,-,-,-,-,-,870,870,-,-,1133,1102,1102,-
AIIMS-Inst. Pref,UR-AIIMS-IP,Chhattisgarh,"AIIMS, Raipur",RADIATION ONCOLOGY,-,-,-,-,-,-,1143,-,-,-,-,-,-
AIIMS-All India,OBC,Gujarat,"AIIMS, Rajkot",GENERAL SURGERY,-,-,-,-,-,-,-,-,-,1145,1145,1145,-
AIIMS-Inst. Pref,UR-AIIMS-IP,Maharashtra,"AIIMS, Nagpur",PAEDIATRICS,-,-,-,-,-,604,604,1159,-,-,-,-,-
AIIMS-All India,UR,Telangana,"AIIMS, Bibinagar",PSYCHIATRY,-,-,-,-,-,1061,1169,1169,1169,-,-,-,-
AIIMS-All India,EWS,Odisha,"AIIMS, Bhubaneswar",GENERAL SURGERY,-,-,-,-,-,582,582,582,582,-,-,-,-
AIIMS-All India,SC,West Bengal,"AIIMS, Kalyani",GENERAL MEDICINE,-,-,-,-,-,-,-,-,-,-,-,-,-
AIIMS-All India,UR,Uttar Pradesh,"AIIMS, Rai Bareli",PSYCHIATRY,-,-,-,-,-,807,738,1182,1182,-,-,-,-
AIIMS-All India,UR,West Bengal,"AIIMS, Kalyani",PSYCHIATRY,-,-,-,-,-,667,704,1188,704,-,-,-,-
AIIMS-Inst. Pref,UR-AIIMS-IP,Andhra Pradesh,"AIIMS, Mangalagiri",ORTHOPAEDICS,-,-,-,-,-,-,-,-,-,1193,1193,-,-
AIIMS-All India,OBC,Telangana,"AIIMS, Bibinagar",GENERAL SURGERY,-,-,-,-,-,-,-,-,-,-,-,-,-
AIIMS-All India,EWS,Rajasthan,"AIIMS, Jodhpur",OPHTHALMOLOGY,-,-,-,-,-,-,-,-,-,1204,1204,1204,-
AIIMS-All India,OBC,Uttarakhand,"AIIMS, Rishikesh",GERIATRICS,-,-,-,-,-,504,1205,1205,-,-,-,-,-
AIIMS-Inst. Pref,UR-AIIMS-IP,Telangana,"AIIMS, Bibinagar",RADIO DIAGNOSIS,-,-,-,-,-,1212,-,-,-,-,-,-,-
AIIMS-All India,OBC,Rajasthan,"AIIMS, Jodhpur",ORTHOPAEDICS,-,-,-,-,-,618,631,757,757,783,879,-,1222
AIIMS-All India,EWS,Gujarat,"AIIMS, Rajkot",OBG,-,-,-,-,-,-,-,-,-,1156,1225,1225,-
AIIMS-All India,UR,Bihar,"AIIMS, Patna",TRAUMASURG&CC (6 YRS),-,-,-,-,-,-,-,-,-,-,-,-,-
AIIMS-All India,UR,Bihar,"AIIMS, Patna",PSYCHIATRY,-,-,-,-,-,-,-,866,1230,-,-,-,-
AIIMS-All India,UR,Assam,"AIIMS, Guwahati",PSYCHIATRY,-,-,-,-,-,1182,1046,1237,-,-,-,-,-
PGIMER-All India,ST,Chandigarh,"PGIMER, Chandigarh",NUCLEAR MEDICINE,-,-,-,-,-,-,-,-,-,-,-,-,-
AIIMS-All India,UR,Uttarakhand,"AIIMS, Rishikesh",ANAESTHESIOLOGY,-,-,-,-,-,774,846,978,1249,-,-,-,-
JIPMER-All India,UR,Pondicherry,"JIPMER, Puducherry",PAEDIATRIC SURGERY 6 YRS,-,-,-,-,-,500,802,817,944,-,-,-,-
AIIMS-All India,EWS,Uttarakhand,"AIIMS, Rishikesh",OPHTHALMOLOGY,-,-,-,-,-,-,-,-,-,-,-,-,-
AIIMS-Inst. Pref,UR-AIIMS-IP,Madhya Pradesh,"AIIMS, Bhopal",OBG,-,-,-,-,-,833,850,833,-,-,-,-,-
AIIMS-All India,UR-PwD,Delhi,"AIIMS, Delhi",RADIO DIAGNOSIS,-,-,-,-,-,-,-,-,-,1339,1339,-,-
AIIMS-All India,UR,Uttar Pradesh,"AIIMS, Rai Bareli",OPHTHALMOLOGY,-,-,-,-,-,708,949,1000,1343,-,-,-,-
JIPMER-All India,ST-PwD,Pondicherry,"JIPMER, Puducherry",RADIO DIAGNOSIS,-,-,-,-,-,-,1351,1351,-,-,-,-,-
JIMPER-Inst. Pref,INST (JIPMER),Pondicherry,"JIPMER, Puducherry",EMERGENCY MEDICINE,-,-,-,-,-,-,-,-,-,-,1363,-,-
AIIMS-All India,UR,Telangana,"AIIMS, Bibinagar",PAEDIATRIC SURGERY 6 YRS,-,-,-,-,-,-,-,-,-,657,657,992,1364
AIIMS-All India,UR,Telangana,"AIIMS, Bibinagar",ENT,-,-,-,-,-,-,-,-,-,-,-,-,-
AIIMS-All India,OBC,West Bengal,"AIIMS, Kalyani",GENERAL SURGERY,-,-,-,-,-,1209,1260,1368,1290,-,-,-,-
AIIMS-All India,OBC,Odisha,"AIIMS, Bhubaneswar",OBG,-,-,-,-,-,-,-,-,-,776,776,892,892
AIIMS-All India,OBC,Madhya Pradesh,"AIIMS, Bhopal",GERIATRICS,-,-,-,-,-,-,-,-,-,-,-,-,-
AIIMS-All India,ST,Uttarakhand,"AIIMS, Rishikesh",RADIO DIAGNOSIS,-,-,-,-,-,1351,1377,1377,-,-,-,-,-
JIPMER-All India,EWS,Pondicherry,"JIPMER, Puducherry",ENT,-,-,-,-,-,-,-,-,-,-,-,-,-
AIIMS-All India,ST,Andhra Pradesh,"AIIMS, Mangalagiri",DERMATOLOGY,-,-,-,-,-,-,-,-,-,-,-,-,-
AIIMS-All India,SC,Himachal Pradesh,"AIIMS, Bilaspur, Himachal",GENERAL MEDICINE,-,-,-,-,-,1413,933,933,-,-,-,-,-
AIIMS-All India,SC,Punjab,"AIIMS, Bathinda",GENERAL MEDICINE,-,-,-,-,-,1109,1413,1413,-,-,-,-,-
AIIMS-All India,EWS,Telangana,"AIIMS, Bibinagar",OBG,-,-,-,-,-,827,1132,1421,-,-,-,-,-
AIIMS-All India,OBC,Odisha,"AIIMS, Bhubaneswar",OPHTHALMOLOGY,-,-,-,-,-,1084,1424,1424,1424,938,1020,1020,1020
AIIMS-All India,ST,Chhattisgarh,"AIIMS, Raipur",RADIO DIAGNOSIS,-,-,-,-,-,1433,1433,-,-,-,-,-,-
AIIMS-All India,UR,Jharkhand,"AIIMS, Deoghar",PAEDIATRIC SURGERY 6 YRS,-,-,-,-,-,784,830,1248,1381,-,-,-,-
AIIMS-Inst. Pref,UR-AIIMS-IP,Chhattisgarh,"AIIMS, Raipur",ORTHOPAEDICS,-,-,-,-,-,-,-,1299,-,1439,-,-,-
AIIMS-All India,OBC,West Bengal,"AIIMS, Kalyani",OBG,-,-,-,-,-,1002,1023,1023,-,-,-,-,-
AIIMS-All India,OBC,Uttar Pradesh,"AIIMS, Gorakhpur",EMERGENCY MEDICINE,-,-,-,-,-,-,-,-,-,1343,1435,1452,1456
AIIMS-All India,SC,Uttarakhand,"AIIMS, Rishikesh",TBRD,-,-,-,-,-,-,-,-,-,-,-,-,-
AIIMS-All India,UR,Uttar Pradesh,"AIIMS, Rai Bareli",ENT,-,-,-,-,-,726,734,1474,-,518,750,772,-
AIIMS-All India,UR,Uttar Pradesh,"AIIMS, Gorakhpur",EMERGENCY MEDICINE,-,-,-,-,-,763,1187,-,1478,-,-,-,-
AIIMS-All India,EWS,Uttarakhand,"AIIMS, Rishikesh",ENT,-,-,-,-,-,-,-,-,-,-,-,-,-
JIPMER-All India,SC-PwD,Pondicherry,"JIPMER, Puducherry",PAEDIATRICS,-,-,-,-,-,-,-,-,-,-,-,-,-
AIIMS-All India,EWS,Uttar Pradesh,"AIIMS, Rai Bareli",ORTHOPAEDICS,-,-,-,-,-,-,-,-,-,-,-,-,-
AIIMS-All India,OBC,Chhattisgarh,"AIIMS, Raipur",RADIATION ONCOLOGY,-,-,-,-,-,-,-,-,-,1492,1243,1243,-
AIIMS-All India,UR,Uttar Pradesh,"AIIMS, Rai Bareli",PAEDIATRIC SURGERY 6 YRS,-,-,-,-,-,-,-,-,-,-,-,-,-
AIIMS-All India,OBC,Uttar Pradesh,"AIIMS, Gorakhpur",ORTHOPAEDICS,-,-,-,-,-,-,-,-,-,1164,1218,1218,-
AIIMS-All India,SC,West Bengal,"AIIMS, Kalyani",DERMATOLOGY,-,-,-,-,-,1410,1504,-,-,-,-,-,-
AIIMS-Inst. Pref,UR-AIIMS-IP,Telangana,"AIIMS, Bibinagar",GENERAL MEDICINE,-,-,-,-,-,-,1505,-,-,-,-,-,-
AIIMS-All India,SC,Andhra Pradesh,"AIIMS, Mangalagiri",DERMATOLOGY,-,-,-,-,-,1504,1514,1514,-,-,-,-,-
AIIMS-All India,UR,Telangana,"AIIMS, Bibinagar",ORTHOPAEDICS,-,-,-,-,-,-,-,-,-,-,-,-,-
JIMPER-Inst. Pref,INST (JIPMER)-PwD,Pondicherry,"JIPMER, Puducherry",PMR,-,-,-,-,-,-,-,-,-,-,-,-,-
AIIMS-Inst. Pref,UR-AIIMS-IP,Uttar Pradesh,"AIIMS, Rai Bareli",PSYCHIATRY,-,-,-,-,-,-,-,-,-,-,-,-,-
AIIMS-All India,UR,Madhya Pradesh,"AIIMS, Bhopal",FAMILY MEDICINE,-,-,-,-,-,913,-,-,867,-,-,-,-
AIIMS-All India,UR,Gujarat,"AIIMS, Rajkot",RADIATION ONCOLOGY,-,-,-,-,-,-,-,-,-,882,745,1115,905
AIIMS-All India,EWS,Bihar,"AIIMS, Patna",OPHTHALMOLOGY,-,-,-,-,-,-,-,-,-,-,-,-,-
AIIMS-All India,EWS,Maharashtra,"AIIMS, Nagpur",OPHTHALMOLOGY,-,-,-,-,-,1542,1542,-,-,-,-,-,-
AIIMS-All India,EWS,Odisha,"AIIMS, Bhubaneswar",ORTHOPAEDICS,-,-,-,-,-,-,-,-,-,760,574,1544,-
AIIMS-All India,OBC,Telangana,"AIIMS, Bibinagar",ORTHOPAEDICS,-,-,-,-,-,1052,1192,1192,-,-,-,-,-
AIIMS-All India,UR,Assam,"AIIMS, Guwahati",ENT,-,-,-,-,-,943,943,1402,1402,680,912,1107,1550
AIIMS-All India,OBC,Odisha,"AIIMS, Bhubaneswar",EMERGENCY MEDICINE,-,-,-,-,-,1127,1127,1554,1559,-,-,-,-
AIIMS-All India,EWS,Punjab,"AIIMS, Bathinda",ENT,-,-,-,-,-,1572,1448,-,-,-,-,-,-
AIIMS-All India,UR,Assam,"AIIMS, Guwahati",EMERGENCY MEDICINE,-,-,-,-,-,973,1075,1075,1599,727,936,936,936
AIIMS-All India,UR,Rajasthan,"AIIMS, Jodhpur",FAMILY MEDICINE,-,-,-,-,-,-,-,1607,1190,-,-,-,-
AIIMS-All India,OBC,Telangana,"AIIMS, Bibinagar",ENT,-,-,-,-,-,-,-,-,-,-,-,-,-
AIIMS-All India,OBC,Gujarat,"AIIMS, Rajkot",OPHTHALMOLOGY,-,-,-,-,-,-,-,-,-,1529,1529,1627,1627
AIIMS-All India,OBC,Himachal Pradesh,"AIIMS, Bilaspur, Himachal",OBG,-,-,-,-,-,955,1067,-,-,1059,1386,1484,1638
AIIMS-All India,SC,Gujarat,"AIIMS, Rajkot",RADIO DIAGNOSIS,-,-,-,-,-,-,-,-,-,1102,1628,1642,-
AIIMS-All India,UR,Telangana,"AIIMS, Bibinagar",ANAESTHESIOLOGY,-,-,-,-,-,954,954,1409,1409,-,-,-,-
AIIMS-All India,EWS,Uttar Pradesh,"AIIMS, Gorakhpur",OBG,-,-,-,-,-,1043,1077,1515,1659,-,-,-,-
AIIMS-All India,EWS,Himachal Pradesh,"AIIMS, Bilaspur, Himachal",ENT,-,-,-,-,-,1659,1572,1572,1572,-,-,-,-
NIMHANS-NE Domicile,EWS-North East Domicile,Karnataka,"NIMHANS, Bangalore",PSYCHIATRY,-,-,-,-,-,1660,1453,1453,-,-,-,-,-
JIMPER-Inst. Pref,INST (JIPMER),Pondicherry,"JIPMER, Puducherry",RADIATION ONCOLOGY,-,-,-,-,-,727,727,727,-,1363,1664,1664,-
AIIMS-All India,UR,Gujarat,"AIIMS, Rajkot",FAMILY MEDICINE,-,-,-,-,-,-,-,-,-,1509,1509,1615,1670
AIIMS-All India,UR,Rajasthan,"AIIMS, Jodhpur",PMR,-,-,-,-,-,-,-,-,-,-,1213,-,-
AIIMS-All India,UR,Assam,"AIIMS, Guwahati",OPHTHALMOLOGY,-,-,-,-,-,715,1060,1170,1674,584,855,1050,1401
AIIMS-All India,ST,Delhi,"AIIMS, Delhi",DERMATOLOGY,-,-,-,-,-,-,-,-,-,1681,999,-,-
AIIMS-All India,EWS,Madhya Pradesh,"AIIMS, Bhopal",ENT,-,-,-,-,-,-,-,-,-,-,-,-,-
AIIMS-All India,UR,Himachal Pradesh,"AIIMS, Bilaspur, Himachal",ENT,-,-,-,-,-,992,1057,1274,-,-,-,-,-
AIIMS-All India,UR,Uttarakhand,"AIIMS, Rishikesh",PMR,-,-,-,-,-,775,-,1692,-,-,-,-,-
AIIMS-All India,UR,Punjab,"AIIMS, Bathinda",ANAESTHESIOLOGY,-,-,-,-,-,1220,1312,1346,1696,-,-,-,-
JIPMER-All India,SC-PwD,Pondicherry,"JIPMER, Puducherry",OBG,-,-,-,-,-,-,-,-,-,-,-,-,-
AIIMS-All India,OBC,Odisha,"AIIMS, Bhubaneswar",RADIATION ONCOLOGY,-,-,-,-,-,-,-,-,-,856,1453,1715,-
AIIMS-All India,OBC,Gujarat,"AIIMS, Rajkot",ORTHOPAEDICS,-,-,-,-,-,-,-,-,-,1218,1710,1729,1729
AIIMS-All India,UR,Jammu and Kashmir,"AIIMS, Jammu",ENT,-,-,-,-,-,953,1237,1425,1733,-,-,-,-
AIIMS-All India,UR,Jammu and Kashmir,"AIIMS, Jammu",OPHTHALMOLOGY,-,-,-,-,-,647,1000,1196,1734,675,1071,1197,1071
AIIMS-All India,UR,Jammu and Kashmir,"AIIMS, Jammu",PSYCHIATRY,-,-,-,-,-,1054,1054,1230,1744,744,744,963,1227
AIIMS-All India,UR,Uttar Pradesh,"AIIMS, Rai Bareli",ANAESTHESIOLOGY,-,-,-,-,-,949,1007,1270,1754,-,-,-,-
AIIMS-Inst. Pref,UR-AIIMS-IP,Maharashtra,"AIIMS, Nagpur",RADIATION ONCOLOGY,-,-,-,-,-,-,-,-,-,-,-,-,-
AIIMS-All India,EWS,Madhya Pradesh,"AIIMS, Bhopal",EMERGENCY MEDICINE,-,-,-,-,-,1362,1362,1758,-,-,-,-,-
AIIMS-All India,UR,Jammu and Kashmir,"AIIMS, Jammu",PAEDIATRIC SURGERY 6 YRS,-,-,-,-,-,836,953,1093,1060,825,815,1116,1439
AIIMS-All India,SC,Himachal Pradesh,"AIIMS, Bilaspur, Himachal",DERMATOLOGY,-,-,-,-,-,-,-,-,-,-,-,-,-
AIIMS-All India,SC,Maharashtra,"AIIMS, Nagpur",GENERAL MEDICINE,-,-,-,-,-,934,934,934,-,1784,1740,1784,-
AIIMS-All India,SC,Odisha,"AIIMS, Bhubaneswar",DERMATOLOGY,-,-,-,-,-,-,-,-,-,-,-,-,-
AIIMS-All India,EWS,Gujarat,"AIIMS, Rajkot",ORTHOPAEDICS,-,-,-,-,-,-,-,-,-,840,1104,1821,1771
AIIMS-All India,UR,West Bengal,"AIIMS, Kalyani",ENT,-,-,-,-,-,-,-,-,-,-,-,-,-
AIIMS-Inst. Pref,UR-AIIMS-IP,Punjab,"AIIMS, Bathinda",GENERAL MEDICINE,-,-,-,-,-,1826,1826,1826,-,-,-,-,-
JIPMER-All India,ST,Pondicherry,"JIPMER, Puducherry",NUCLEAR MEDICINE,-,-,-,-,-,-,-,-,-,1828,1828,-,-
AIIMS-All India,SC,Telangana,"AIIMS, Bibinagar",DERMATOLOGY,-,-,-,-,-,-,-,-,-,-,-,-,-
AIIMS-All India,EWS,West Bengal,"AIIMS, Kalyani",GENERAL SURGERY,-,-,-,-,-,-,-,-,-,-,-,-,-
AIIMS-Inst. Pref,UR-AIIMS-IP,Punjab,"AIIMS, Bathinda",PLASTIC SURGERY 6 YRS,-,-,-,-,-,-,-,-,-,-,-,-,-
AIIMS-All India,UR,Himachal Pradesh,"AIIMS, Bilaspur, Himachal",RADIATION ONCOLOGY,-,-,-,-,-,790,1380,1486,1876,-,-,-,-
AIIMS-All India,OBC,Uttar Pradesh,"AIIMS, Gorakhpur",OPHTHALMOLOGY,-,-,-,-,-,1264,1652,1888,-,-,-,-,-
AIIMS-All India,SC,Telangana,"AIIMS, Bibinagar",GENERAL MEDICINE,-,-,-,-,-,-,-,-,-,-,-,-,-
AIIMS-All India,OBC,Rajasthan,"AIIMS, Jodhpur",EMERGENCY MEDICINE,-,-,-,-,-,884,884,1127,1127,671,888,-,-
AIIMS-All India,UR,Uttar Pradesh,"AIIMS, Gorakhpur",TRAUMASURG&CC (6 YRS),-,-,-,-,-,-,-,-,-,-,-,-,-
JIPMER-All India,OBC,Pondicherry,"JIPMER, Puducherry",PMR,-,-,-,-,-,-,-,-,-,1435,-,-,-
JIPMER-All India,EWS,Pondicherry,"JIPMER, Puducherry",EMERGENCY MEDICINE,-,-,-,-,-,-,1010,1138,-,967,1220,1965,-
AIIMS-All India,OBC,West Bengal,"AIIMS, Kalyani",ORTHOPAEDICS,-,-,-,-,-,1192,1259,1439,1639,-,-,-,-
JIPMER-All India,SC,Pondicherry,"JIPMER, Puducherry",PAEDIATRICS,-,-,-,-,-,1928,1466,1974,-,1322,-,-,-
AIIMS-All India,EWS,Telangana,"AIIMS, Bibinagar",ORTHOPAEDICS,-,-,-,-,-,787,1825,1977,-,-,-,-,-
AIIMS-All India,OBC,Bihar,"AIIMS, Patna",RADIATION ONCOLOGY,-,-,-,-,-,-,-,-,-,1453,1985,1985,1985
AIIMS-All India,ST,Bihar,"AIIMS, Patna",RADIO DIAGNOSIS,-,-,-,-,-,1920,1992,-,-,-,-,-,-
AIIMS-All India,UR,Maharashtra,"AIIMS, Nagpur",FAMILY MEDICINE,-,-,-,-,-,1190,-,1695,2023,-,-,-,-
AIIMS-All India,ST,Madhya Pradesh,"AIIMS, Bhopal",GENERAL MEDICINE,-,-,-,-,-,-,-,-,-,-,-,-,-
AIIMS-All India,SC,Uttarakhand,"AIIMS, Rishikesh",ORTHOPAEDICS,-,-,-,-,-,2047,2047,-,-,-,-,-,-
AIIMS-All India,EWS,West Bengal,"AIIMS, Kalyani",OPHTHALMOLOGY,-,-,-,-,-,2063,2063,-,-,-,-,-,-
AIIMS-All India,OBC,Jammu and Kashmir,"AIIMS, Jammu",EMERGENCY MEDICINE,-,-,-,-,-,-,-,-,-,1452,1617,2076,-
AIIMS-All India,EWS,Telangana,"AIIMS, Bibinagar",ANAESTHESIOLOGY,-,-,-,-,-,1515,1938,2088,-,-,-,-,-
JIPMER-All India,SC-PwD,Pondicherry,"JIPMER, Puducherry",GENERAL MEDICINE,-,-,-,-,-,-,-,-,-,-,-,-,2088
AIIMS-All India,OBC,Telangana,"AIIMS, Bibinagar",OBG,-,-,-,-,-,637,824,-,-,-,-,-,-
AIIMS-All India,OBC,Punjab,"AIIMS, Bathinda",ENT,-,-,-,-,-,-,-,-,-,-,-,-,-
AIIMS-All India,OBC,Himachal Pradesh,"AIIMS, Bilaspur, Himachal",OPHTHALMOLOGY,-,-,-,-,-,-,-,-,-,-,-,-,-
AIIMS-All India,SC,Uttar Pradesh,"AIIMS, Gorakhpur",DERMATOLOGY,-,-,-,-,-,-,-,-,-,2124,2124,2124,-
AIIMS-All India,EWS,Uttarakhand,"AIIMS, Rishikesh",EMERGENCY MEDICINE,-,-,-,-,-,936,936,1362,-,-,-,-,-
JIMPER-Inst. Pref,INST (JIPMER),Pondicherry,"JIPMER, Puducherry",OPHTHALMOLOGY,-,-,-,-,-,1055,1055,1279,1055,553,553,553,1693
AIIMS-Inst. Pref,UR-AIIMS-IP,Madhya Pradesh,"AIIMS, Bhopal",GERIATRICS,-,-,-,-,-,-,-,-,-,2204,-,-,-
AIIMS-All India,EWS,West Bengal,"AIIMS, Kalyani",ENT,-,-,-,-,-,-,-,-,-,-,-,-,-
AIIMS-All India,ST,Madhya Pradesh,"AIIMS, Bhopal",DERMATOLOGY,-,-,-,-,-,2224,2224,-,-,-,-,-,-
AIIMS-All India,OBC,Telangana,"AIIMS, Bibinagar",OPHTHALMOLOGY,-,-,-,-,-,-,-,-,-,-,-,-,-
AIIMS-All India,UR,Chhattisgarh,"AIIMS, Raipur",FAMILY MEDICINE,-,-,-,-,-,-,-,-,2233,-,-,-,-
AIIMS-All India,SC,Rajasthan,"AIIMS, Jodhpur",NUCLEAR MEDICINE,-,-,-,-,-,-,-,-,-,2235,2235,2235,-
AIIMS-All India,OBC,Madhya Pradesh,"AIIMS, Bhopal",EMERGENCY MEDICINE,-,-,-,-,-,1013,1412,1729,1790,872,947,1208,1208
AIIMS-All India,EWS,Himachal Pradesh,"AIIMS, Bilaspur, Himachal",OBG,-,-,-,-,-,-,-,-,-,-,-,-,-
AIIMS-All India,ST,Uttarakhand,"AIIMS, Rishikesh",DERMATOLOGY,-,-,-,-,-,-,-,-,-,-,-,-,-
AIIMS-All India,OBC,Maharashtra,"AIIMS, Nagpur",PSYCHIATRY,-,-,-,-,-,1803,2296,-,-,1180,913,-,-
AIIMS-All India,EWS,Chhattisgarh,"AIIMS, Raipur",ENT,-,-,-,-,-,-,-,-,-,1946,2130,2312,-
AIIMS-Inst. Pref,UR-AIIMS-IP,Uttarakhand,"AIIMS, Rishikesh",PSYCHIATRY,-,-,-,-,-,-,-,-,-,1153,1153,1153,1153
AIIMS-All India,EWS,Odisha,"AIIMS, Bhubaneswar",OPHTHALMOLOGY,-,-,-,-,-,-,-,-,-,-,-,-,-
AIIMS-All India,OBC,Uttar Pradesh,"AIIMS, Rai Bareli",ENT,-,-,-,-,-,1420,1569,1994,2338,-,-,-,-
AIIMS-All India,EWS,Assam,"AIIMS, Guwahati",OBG,-,-,-,-,-,-,-,-,-,1323,1323,1539,2354
AIIMS-All India,UR,Jammu and Kashmir,"AIIMS, Jammu",RADIATION ONCOLOGY,-,-,-,-,-,984,-,1599,2361,-,-,-,-
AIIMS-All India,UR,Delhi,"AIIMS, Delhi",PHARMACOLOGY,-,-,-,-,-,1386,1616,2024,2366,-,-,-,-
AIIMS-All India,EWS,Jharkhand,"AIIMS, Deoghar",ORTHOPAEDICS,-,-,-,-,-,1095,916,916,2397,-,-,-,-
AIIMS-All India,OBC,West Bengal,"AIIMS, Kalyani",EMERGENCY MEDICINE,-,-,-,-,-,-,-,-,-,-,-,-,-
AIIMS-All India,UR,Uttar Pradesh,"AIIMS, Gorakhpur",PATHOLOGY,-,-,-,-,-,-,-,-,-,1197,1636,2409,-
AIIMS-All India,ST,Himachal Pradesh,"AIIMS, Bilaspur, Himachal",RADIO DIAGNOSIS,-,-,-,-,-,-,-,-,-,-,-,-,-
AIIMS-Inst. Pref,UR-AIIMS-IP,Odisha,"AIIMS, Bhubaneswar",PSYCHIATRY,-,-,-,-,-,905,-,-,-,-,-,-,-
AIIMS-All India,EWS,Himachal Pradesh,"AIIMS, Bilaspur, Himachal",OPHTHALMOLOGY,-,-,-,-,-,-,-,-,-,-,-,-,-
AIIMS-All India,OBC,West Bengal,"AIIMS, Kalyani",ENT,-,-,-,-,-,-,-,-,-,-,-,-,-
AIIMS-Inst. Pref,UR-AIIMS-IP,Delhi,"AIIMS, Delhi",EMERGENCY MEDICINE,-,-,-,-,-,-,-,-,-,1036,1036,-,-
AIIMS-All India,OBC,Rajasthan,"AIIMS, Jodhpur",PSYCHIATRY,-,-,-,-,-,1076,1679,1803,2453,913,-,1781,-
AIIMS-All India,EWS,Assam,"AIIMS, Guwahati",ANAESTHESIOLOGY,-,-,-,-,-,1678,2457,2457,-,-,-,-,-
AIIMS-Inst. Pref,UR-AIIMS-IP,Delhi,"AIIMS, Delhi",BIOCHEMISTRY,-,-,-,-,-,-,-,-,-,-,-,-,-
AIIMS-All India,OBC,Odisha,"AIIMS, Bhubaneswar",ENT,-,-,-,-,-,-,-,-,-,1157,1157,1157,2502
AIIMS-All India,EWS,Odisha,"AIIMS, Bhubaneswar",EMERGENCY MEDICINE,-,-,-,-,-,-,-,-,-,1220,1894,1894,-
AIIMS-All India,OBC,Uttar Pradesh,"AIIMS, Gorakhpur",ENT,-,-,-,-,-,1575,1835,1966,-,-,-,-,-
AIIMS-Inst. Pref,UR-AIIMS-IP,Bihar,"AIIMS, Patna",EMERGENCY MEDICINE,-,-,-,-,-,769,-,1875,-,1403,-,-,-
AIIMS-All India,EWS,Jammu and Kashmir,"AIIMS, Jammu",RADIATION ONCOLOGY,-,-,-,-,-,-,-,-,-,2130,2511,2511,-
AIIMS-All India,OBC-PwD,Rajasthan,"AIIMS, Jodhpur",GENERAL MEDICINE,-,-,-,-,-,-,-,-,-,2513,2513,-,-
JIPMER-All India,OBC-PwD,Pondicherry,"JIPMER, Puducherry",FORENSIC MEDICINE,-,-,-,-,-,-,-,-,-,-,-,2529,-
AIIMS-All India,OBC,Uttar Pradesh,"AIIMS, Rai Bareli",OPHTHALMOLOGY,-,-,-,-,-,-,-,-,-,-,-,-,-
AIIMS-All India,SC,Assam,"AIIMS, Guwahati",DERMATOLOGY,-,-,-,-,-,-,-,-,-,2551,2254,2254,-
AIIMS-All India,OBC,Jammu and Kashmir,"AIIMS, Jammu",PSYCHIATRY,-,-,-,-,-,-,-,-,-,-,-,-,-
JIPMER-All India,ST-PwD,Pondicherry,"JIPMER, Puducherry",DERMATOLOGY,-,-,-,-,-,2567,-,-,-,-,-,-,-
AIIMS-Inst. Pref,UR-AIIMS-IP,Chhattisgarh,"AIIMS, Raipur",PSYCHIATRY,-,-,-,-,-,-,-,2579,2579,1464,2071,-,-
AIIMS-All India,EWS,Jammu and Kashmir,"AIIMS, Jammu",ENT,-,-,-,-,-,-,-,-,-,2499,2585,2585,2056
AIIMS-All India,EWS,Jammu and Kashmir,"AIIMS, Jammu",OBG,-,-,-,-,-,1077,1421,1525,1525,-,-,-,-
AIIMS-All India,SC,Himachal Pradesh,"AIIMS, Bilaspur, Himachal",PAEDIATRICS,-,-,-,-,-,-,-,-,-,-,-,-,-
AIIMS-All India,SC,Uttar Pradesh,"AIIMS, Gorakhpur",PAEDIATRICS,-,-,-,-,-,-,-,-,-,-,-,-,-
AIIMS-Inst. Pref,UR-AIIMS-IP,Uttar Pradesh,"AIIMS, Gorakhpur",OPHTHALMOLOGY,-,-,-,-,-,-,-,-,-,2669,-,-,-
AIIMS-All India,OBC,Punjab,"AIIMS, Bathinda",RADIATION ONCOLOGY,-,-,-,-,-,1359,1414,2679,-,-,-,-,-
AIIMS-Inst. Pref,UR-AIIMS-IP,Uttar Pradesh,"AIIMS, Gorakhpur",TRAUMASURG&CC (6 YRS),-,-,-,-,-,-,-,-,-,-,-,-,-
AIIMS-All India,SC,Gujarat,"AIIMS, Rajkot",GENERAL SURGERY,-,-,-,-,-,-,-,-,-,2685,2685,-,-
AIIMS-All India,UR,Delhi,"AIIMS, Delhi",IHBT,-,-,-,-,-,465,-,2229,2442,-,-,-,-
AIIMS-Inst. Pref,UR-AIIMS-IP,Punjab,"AIIMS, Bathinda",CARDIO THORACIC AND VASCULAR SURGERY 6 YRS,-,-,-,-,-,-,-,-,-,-,-,-,-
AIIMS-All India,EWS,Jammu and Kashmir,"AIIMS, Jammu",OPHTHALMOLOGY,-,-,-,-,-,1983,2167,2712,-,-,-,-,-
AIIMS-All India,SC,Chhattisgarh,"AIIMS, Raipur",PAEDIATRICS,-,-,-,-,-,1880,1880,2011,-,-,-,-,-
AIIMS-All India,ST,Odisha,"AIIMS, Bhubaneswar",DERMATOLOGY,-,-,-,-,-,-,-,-,-,-,-,-,-
AIIMS-All India,OBC,Jammu and Kashmir,"AIIMS, Jammu",RADIATION ONCOLOGY,-,-,-,-,-,1614,2453,2692,-,1837,2421,2741,-
AIIMS-All India,UR,Madhya Pradesh,"AIIMS, Bhopal",PMR,-,-,-,-,-,-,-,1482,-,-,-,-,-
AIIMS-Inst. Pref,UR-AIIMS-IP,Telangana,"AIIMS, Bibinagar",ORTHOPAEDICS,-,-,-,-,-,-,-,-,-,-,-,-,-
AIIMS-All India,ST,Telangana,"AIIMS, Bibinagar",GENERAL MEDICINE,-,-,-,-,-,-,-,-,-,-,-,-,-
AIIMS-Inst. Pref,UR-AIIMS-IP,Telangana,"AIIMS, Bibinagar",OBG,-,-,-,-,-,-,-,-,-,-,-,-,-
AIIMS-All India,OBC,Gujarat,"AIIMS, Rajkot",RADIATION ONCOLOGY,-,-,-,-,-,-,-,-,-,1725,2157,2859,2865
JIPMER-All India,ST,Pondicherry,"JIPMER, Puducherry",RADIO DIAGNOSIS,-,-,-,-,-,-,-,-,-,746,1793,2871,-
AIIMS-All India,UR,Odisha,"AIIMS, Bhubaneswar",PMR,-,-,-,-,-,-,-,-,-,-,-,-,-
AIIMS-Inst. Pref,UR-AIIMS-IP,Bihar,"AIIMS, Patna",RADIATION ONCOLOGY,-,-,-,-,-,2885,2342,2342,-,-,-,-,-
PGIMER-Rural,UR-RA,Chandigarh,"PGIMER, Chandigarh",GENERAL MEDICINE,-,-,-,-,-,-,-,-,-,515,515,515,-
AIIMS-All India,UR,West Bengal,"AIIMS, Kalyani",HOSPITAL ADMINISTRATION,-,-,-,-,-,-,-,-,-,-,-,-,-
AIIMS-Inst. Pref,UR-AIIMS-IP,Uttarakhand,"AIIMS, Rishikesh",ENT,-,-,-,-,-,-,-,-,-,-,-,-,-
PGIMER-All India,SC,Chandigarh,"PGIMER, Chandigarh",ENT,-,-,-,-,-,1960,1960,-,-,-,-,-,-
AIIMS-All India,OBC,Andhra Pradesh,"AIIMS, Mangalagiri",ENT,-,-,-,-,-,-,-,-,-,1274,1209,1409,1490
AIIMS-All India,UR,Bihar,"AIIMS, Patna",COMMUNITY & FAMILY MEDICINE,-,-,-,-,-,1687,2674,2946,2946,-,-,-,-
AIIMS-All India,OBC,Telangana,"AIIMS, Bibinagar",PSYCHIATRY,-,-,-,-,-,-,-,-,-,-,-,-,-
AIIMS-All India,UR,Chhattisgarh,"AIIMS, Raipur",PMR,-,-,-,-,-,1012,-,-,-,-,-,-,-
AIIMS-All India,OBC,West Bengal,"AIIMS, Kalyani",ANAESTHESIOLOGY,-,-,-,-,-,-,-,-,-,1540,1525,2148,2954
AIIMS-All India,EWS,Uttar Pradesh,"AIIMS, Gorakhpur",ENT,-,-,-,-,-,-,-,-,-,2082,2990,2990,2990
AIIMS-All India,EWS,Andhra Pradesh,"AIIMS, Mangalagiri",ANAESTHESIOLOGY,-,-,-,-,-,1452,1768,-,-,-,-,-,-
AIIMS-All India,OBC,Maharashtra,"AIIMS, Nagpur",PHARMACOLOGY,-,-,-,-,-,-,-,-,-,-,-,-,-
AIIMS-Inst. Pref,UR-AIIMS-IP,Rajasthan,"AIIMS, Jodhpur",NEUROSURGERY 6 YRS,-,-,-,-,-,-,-,-,-,1248,1248,2219,3001
AIIMS-All India,OBC,Jharkhand,"AIIMS, Deoghar",PSYCHIATRY,-,-,-,-,-,2202,2692,3042,-,-,-,-,-
AIIMS-All India,EWS,Uttarakhand,"AIIMS, Rishikesh",ANAESTHESIOLOGY,-,-,-,-,-,1392,1570,1570,-,1618,2112,3048,2346
AIIMS-Inst. Pref,UR-AIIMS-IP,Odisha,"AIIMS, Bhubaneswar",OBG,-,-,-,-,-,-,-,-,-,700,507,507,507
AIIMS-All India,SC,Uttarakhand,"AIIMS, Rishikesh",COMMUNITY MEDICINE,-,-,-,-,-,-,-,-,-,-,-,-,-
AIIMS-Inst. Pref,UR-AIIMS-IP,Uttarakhand,"AIIMS, Rishikesh",GENERAL SURGERY,-,-,-,-,-,-,-,-,-,748,1174,-,3069
AIIMS-All India,ST,Uttarakhand,"AIIMS, Rishikesh",NUCLEAR MEDICINE,-,-,-,-,-,-,-,-,-,-,-,-,-
AIIMS-Inst. Pref,UR-AIIMS-IP,Telangana,"AIIMS, Bibinagar",OPHTHALMOLOGY,-,-,-,-,-,3075,3075,-,-,-,-,-,-
AIIMS-All India,UR,Chhattisgarh,"AIIMS, Raipur",PHARMACOLOGY,-,-,-,-,-,-,3088,-,-,-,-,-,-
AIIMS-Inst. Pref,UR-AIIMS-IP,Rajasthan,"AIIMS, Jodhpur",EMERGENCY MEDICINE,-,-,-,-,-,490,984,-,-,2057,2842,3093,-
AIIMS-All India,OBC,Jammu and Kashmir,"AIIMS, Jammu",OPHTHALMOLOGY,-,-,-,-,-,-,-,-,-,1585,1163,-,-
AIIMS-All India,ST,Maharashtra,"AIIMS, Nagpur",DERMATOLOGY,-,-,-,-,-,3119,3119,-,-,-,-,-,-
AIIMS-All India,UR,Jammu and Kashmir,"AIIMS, Jammu",FAMILY MEDICINE,-,-,-,-,-,1432,1532,1781,3164,-,-,-,-
AIIMS-All India,OBC,Bihar,"AIIMS, Patna",PSYCHIATRY,-,-,-,-,-,-,-,-,-,1601,1746,3060,3164
AIIMS-All India,EWS,Chhattisgarh,"AIIMS, Raipur",ANAESTHESIOLOGY,-,-,-,-,-,1525,1862,1963,2868,1630,1630,3179,1630
AIIMS-All India,EWS,Andhra Pradesh,"AIIMS, Mangalagiri",ORTHOPAEDICS,-,-,-,-,-,-,-,-,-,-,-,-,-
AIIMS-All India,OBC-PwD,Delhi,"AIIMS, Delhi",GENERAL MEDICINE,-,-,-,-,-,3192,3192,3192,-,-,-,-,-
AIIMS-All India,UR,Delhi,"AIIMS, Delhi",HOSPITAL ADMINISTRATION,-,-,-,-,-,-,-,-,-,352,-,756,3200
AIIMS-Inst. Pref,UR-AIIMS-IP,Uttar Pradesh,"AIIMS, Gorakhpur",PHARMACOLOGY,-,-,-,-,-,-,-,-,-,2349,3218,-,-
AIIMS-All India,OBC,Gujarat,"AIIMS, Rajkot",ENT,-,-,-,-,-,-,-,-,-,1619,2163,2630,3222
AIIMS-Inst. Pref,UR-AIIMS-IP,Uttar Pradesh,"AIIMS, Rai Bareli",OBG,-,-,-,-,-,-,-,-,-,-,-,-,-
AIIMS-All India,ST,Chhattisgarh,"AIIMS, Raipur",NUCLEAR MEDICINE,-,-,-,-,-,-,-,-,-,-,-,-,-
AIIMS-All India,EWS,Uttarakhand,"AIIMS, Rishikesh",RADIATION ONCOLOGY,-,-,-,-,-,843,1431,2646,3289,-,-,-,-
AIIMS-Inst. Pref,UR-AIIMS-IP,Madhya Pradesh,"AIIMS, Bhopal",ENT,-,-,-,-,-,1314,1939,3290,3290,1354,842,1354,2308
AIIMS-All India,EWS,Uttar Pradesh,"AIIMS, Gorakhpur",PSYCHIATRY,-,-,-,-,-,-,-,-,-,-,-,-,-
AIIMS-All India,ST,Uttarakhand,"AIIMS, Rishikesh",GENERAL MEDICINE,-,-,-,-,-,2533,3312,3312,-,-,-,-,-
AIIMS-All India,OBC,Rajasthan,"AIIMS, Jodhpur",PMR,-,-,-,-,-,1482,2372,2372,-,2061,3313,-,-
AIIMS-All India,UR,West Bengal,"AIIMS, Kalyani",PMR,-,-,-,-,-,1685,1685,1685,-,-,-,-,-
AIIMS-Inst. Pref,UR-AIIMS-IP,Rajasthan,"AIIMS, Jodhpur",OPHTHALMOLOGY,-,-,-,-,-,736,521,984,984,758,-,3328,3093
AIIMS-All India,OBC,Assam,"AIIMS, Guwahati",EMERGENCY MEDICINE,-,-,-,-,-,-,-,-,-,-,-,-,-
AIIMS-All India,EWS,West Bengal,"AIIMS, Kalyani",ANAESTHESIOLOGY,-,-,-,-,-,-,-,-,-,-,-,-,-
AIIMS-All India,OBC,Assam,"AIIMS, Guwahati",OPHTHALMOLOGY,-,-,-,-,-,-,-,-,-,-,-,-,-
AIIMS-All India,ST,Telangana,"AIIMS, Bibinagar",RADIO DIAGNOSIS,-,-,-,-,-,3080,2659,3389,-,-,-,-,-
AIIMS-All India,OBC,Assam,"AIIMS, Guwahati",PSYCHIATRY,-,-,-,-,-,2296,2947,3440,-,-,-,-,-
AIIMS-All India,SC,Rajasthan,"AIIMS, Jodhpur",GENERAL SURGERY,-,-,-,-,-,-,-,-,-,2942,3443,3443,-
AIIMS-All India,EWS,Uttar Pradesh,"AIIMS, Gorakhpur",ANAESTHESIOLOGY,-,-,-,-,-,1778,2088,2479,-,-,-,-,-
AIIMS-All India,SC,Bihar,"AIIMS, Patna",OBG,-,-,-,-,-,1996,1996,-,-,-,-,-,-
AIIMS-All India,ST,Chhattisgarh,"AIIMS, Raipur",GENERAL MEDICINE,-,-,-,-,-,3312,3480,-,-,-,-,-,-
AIIMS-Inst. Pref,UR-AIIMS-IP,Jharkhand,"AIIMS, Deoghar",PHARMACOLOGY,-,-,-,-,-,-,-,-,-,-,-,-,-
AIIMS-All India,OBC,Uttar Pradesh,"AIIMS, Rai Bareli",ANAESTHESIOLOGY,-,-,-,-,-,-,-,-,-,-,-,-,-
AIIMS-All India,SC,West Bengal,"AIIMS, Kalyani",PAEDIATRICS,-,-,-,-,-,2420,2022,2762,2694,3443,3532,-,-
AIIMS-All India,EWS,Andhra Pradesh,"AIIMS, Mangalagiri",OPHTHALMOLOGY,-,-,-,-,-,1963,2151,2590,3534,-,-,-,-
AIIMS-Inst. Pref,UR-AIIMS-IP,Uttar Pradesh,"AIIMS, Rai Bareli",GENERAL SURGERY,-,-,-,-,-,-,-,-,-,3541,3541,-,-
AIIMS-All India,UR,Andhra Pradesh,"AIIMS, Mangalagiri",PMR,-,-,-,-,-,-,-,-,-,1213,-,3560,-
AIIMS-All India,SC,Odisha,"AIIMS, Bhubaneswar",OBG,-,-,-,-,-,3064,3579,3579,3579,-,-,-,-
AIIMS-All India,EWS,Gujarat,"AIIMS, Rajkot",ANAESTHESIOLOGY,-,-,-,-,-,-,-,-,-,-,-,-,-
AIIMS-All India,OBC,Himachal Pradesh,"AIIMS, Bilaspur, Himachal",ENT,-,-,-,-,-,-,-,-,-,1462,1922,2230,2230
JIPMER-All India,ST,Pondicherry,"JIPMER, Puducherry",TBRD,-,-,-,-,-,-,-,-,-,3618,3618,3618,-
AIIMS-All India,OBC,Gujarat,"AIIMS, Rajkot",FAMILY MEDICINE,-,-,-,-,-,-,-,-,-,-,-,-,-
AIIMS-All India,EWS,Uttar Pradesh,"AIIMS, Rai Bareli",ANAESTHESIOLOGY,-,-,-,-,-,1768,1969,1969,3676,-,-,-,-
AIIMS-All India,SC,Andhra Pradesh,"AIIMS, Mangalagiri",OBG,-,-,-,-,-,-,-,-,-,3286,3676,-,-
AIIMS-Inst. Pref,UR-AIIMS-IP,Maharashtra,"AIIMS, Nagpur",NEUROSURGERY 6 YRS,-,-,-,-,-,-,-,-,-,3681,-,-,-
AIIMS-All India,OBC,Andhra Pradesh,"AIIMS, Mangalagiri",PATHOLOGY,-,-,-,-,-,2027,3689,3689,3689,-,-,-,-
AIIMS-Inst. Pref,UR-AIIMS-IP,Uttarakhand,"AIIMS, Rishikesh",PAEDIATRIC SURGERY 6 YRS,-,-,-,-,-,-,-,-,-,-,-,-,-
AIIMS-Inst. Pref,UR-AIIMS-IP,Maharashtra,"AIIMS, Nagpur",FAMILY MEDICINE,-,-,-,-,-,-,3708,-,-,-,-,-,-
AIIMS-Inst. Pref,UR-AIIMS-IP,Punjab,"AIIMS, Bathinda",MICROBIOLOGY,-,-,-,-,-,-,-,-,-,-,-,-,-
AIIMS-All India,EWS,Maharashtra,"AIIMS, Nagpur",EMERGENCY MEDICINE,-,-,-,-,-,1411,1758,2397,3770,-,-,-,-
AIIMS-All India,UR,Delhi,"AIIMS, Delhi",BIOPHYSICS,-,-,-,-,-,-,-,-,1988,-,-,-,-
JIPMER-All India,ST,Pondicherry,"JIPMER, Puducherry",DERMATOLOGY,-,-,-,-,-,-,2567,-,-,-,3484,-,-
AIIMS-All India,SC,Jharkhand,"AIIMS, Deoghar",PAEDIATRICS,-,-,-,-,-,-,-,-,-,-,-,-,-
AIIMS-All India,SC,West Bengal,"AIIMS, Kalyani",OBG,-,-,-,-,-,3685,3772,-,-,-,-,-,-
AIIMS-All India,UR,Himachal Pradesh,"AIIMS, Bilaspur, Himachal",PATHOLOGY,-,-,-,-,-,-,-,-,-,1263,2188,2338,3805
AIIMS-All India,UR,Uttarakhand,"AIIMS, Rishikesh",PHARMACOLOGY,-,-,-,-,-,-,-,-,-,-,-,-,-
AIIMS-All India,OBC,Odisha,"AIIMS, Bhubaneswar",PMR,-,-,-,-,-,3090,3090,3377,3810,-,-,-,-
AIIMS-All India,OBC,Jammu and Kashmir,"AIIMS, Jammu",ENT,-,-,-,-,-,-,-,-,-,1754,2230,2850,3845
AIIMS-All India,SC,Madhya Pradesh,"AIIMS, Bhopal",ORTHOPAEDICS,-,-,-,-,-,-,-,-,-,1892,1892,-,-
AIIMS-All India,SC,Andhra Pradesh,"AIIMS, Mangalagiri",PAEDIATRICS,-,-,-,-,-,1609,2011,2616,3587,-,-,-,-
AIIMS-Inst. Pref,UR-AIIMS-IP,Chhattisgarh,"AIIMS, Raipur",EMERGENCY MEDICINE,-,-,-,-,-,2115,-,-,1604,-,-,3870,-
JIPMER-All India,SC-PwD,Pondicherry,"JIPMER, Puducherry",FORENSIC MEDICINE,-,-,-,-,-,3886,3886,-,-,-,-,-,-
AIIMS-Inst. Pref,UR-AIIMS-IP,Madhya Pradesh,"AIIMS, Bhopal",PSYCHIATRY,-,-,-,-,-,1497,-,2748,-,-,3890,-,-
AIIMS-All India,UR,Uttar Pradesh,"AIIMS, Gorakhpur",BIOCHEMISTRY,-,-,-,-,-,-,-,-,-,-,-,-,-
AIIMS-All India,SC,Gujarat,"AIIMS, Rajkot",PAEDIATRICS,-,-,-,-,-,-,-,-,-,3532,3830,3947,-
AIIMS-All India,OBC,Jammu and Kashmir,"AIIMS, Jammu",FAMILY MEDICINE,-,-,-,-,-,3267,3414,3741,3966,-,-,-,-
JIPMER-All India,OBC,Pondicherry,"JIPMER, Puducherry",FORENSIC MEDICINE,-,-,-,-,-,3992,-,-,-,2197,-,-,-
AIIMS-All India,ST,Rajasthan,"AIIMS, Jodhpur",PAEDIATRICS,-,-,-,-,-,-,-,-,-,-,-,-,-
AIIMS-All India,OBC,Uttar Pradesh,"AIIMS, Rai Bareli",PSYCHIATRY,-,-,-,-,-,2099,2099,2642,4008,-,-,-,-
AIIMS-All India,SC,Madhya Pradesh,"AIIMS, Bhopal",RADIATION ONCOLOGY,-,-,-,-,-,4042,4042,-,-,-,-,-,-
AIIMS-All India,OBC,Andhra Pradesh,"AIIMS, Mangalagiri",PMR,-,-,-,-,-,-,-,-,-,-,-,-,-
AIIMS-All India,EWS,Jharkhand,"AIIMS, Deoghar",PSYCHIATRY,-,-,-,-,-,-,-,-,-,1714,2266,4059,-
AIIMS-All India,SC,Gujarat,"AIIMS, Rajkot",ORTHOPAEDICS,-,-,-,-,-,4065,4065,-,-,-,-,-,-
AIIMS-All India,EWS,Jammu and Kashmir,"AIIMS, Jammu",ANAESTHESIOLOGY,-,-,-,-,-,-,-,-,-,-,-,-,-
AIIMS-All India,EWS,Odisha,"AIIMS, Bhubaneswar",PSYCHIATRY,-,-,-,-,-,-,-,-,-,-,-,-,-
AIIMS-All India,SC,Uttarakhand,"AIIMS, Rishikesh",ENT,-,-,-,-,-,3398,3398,3398,-,-,-,-,-
JIPMER-All India,SC-PwD,Pondicherry,"JIPMER, Puducherry",PATHOLOGY,-,-,-,-,-,-,-,-,-,-,-,-,-
AIIMS-All India,SC,Chhattisgarh,"AIIMS, Raipur",ORTHOPAEDICS,-,-,-,-,-,3405,3436,3698,-,-,-,-,-
JIPMER-All India,SC,Pondicherry,"JIPMER, Puducherry",OPHTHALMOLOGY,-,-,-,-,-,-,-,-,-,-,-,-,-
AIIMS-All India,SC,Telangana,"AIIMS, Bibinagar",PAEDIATRICS,-,-,-,-,-,2011,1928,2420,4240,-,-,-,-
AIIMS-All India,OBC,Rajasthan,"AIIMS, Jodhpur",FAMILY MEDICINE,-,-,-,-,-,-,-,-,-,560,1931,2257,-
AIIMS-All India,SC,Maharashtra,"AIIMS, Nagpur",ORTHOPAEDICS,-,-,-,-,-,-,-,-,-,3449,3535,3535,-
JIPMER-All India,SC,Pondicherry,"JIPMER, Puducherry",RADIATION ONCOLOGY,-,-,-,-,-,-,3558,4368,-,-,-,-,-
AIIMS-Inst. Pref,UR-AIIMS-IP,Andhra Pradesh,"AIIMS, Mangalagiri",ANATOMY,-,-,-,-,-,-,-,-,-,-,-,-,-
NIMHANS-KAR Domicile,EWS-Karnataka Domicile,Karnataka,"NIMHANS, Bangalore",PSYCHIATRY,-,-,-,-,-,-,-,-,-,666,2879,4430,-
JIPMER-All India,SC,Pondicherry,"JIPMER, Puducherry",PSYCHIATRY,-,-,-,-,-,3052,2982,-,-,4457,-,-,-
AIIMS-All India,UR,Uttar Pradesh,"AIIMS, Gorakhpur",COMMUNITY & FAMILY MEDICINE,-,-,-,-,-,2198,2946,4393,4459,-,-,-,-
AIIMS-All India,ST,Chhattisgarh,"AIIMS, Raipur",OBG,-,-,-,-,-,4469,4469,-,-,-,-,-,-
AIIMS-Inst. Pref,UR-AIIMS-IP,Telangana,"AIIMS, Bibinagar",ANAESTHESIOLOGY,-,-,-,-,-,-,-,-,-,-,-,-,-
AIIMS-Inst. Pref,UR-AIIMS-IP,Telangana,"AIIMS, Bibinagar",PAEDIATRIC SURGERY 6 YRS,-,-,-,-,-,-,-,-,-,-,-,-,-
AIIMS-All India,SC,Maharashtra,"AIIMS, Nagpur",OPHTHALMOLOGY,-,-,-,-,-,-,-,-,-,4488,4488,-,-
AIIMS-All India,EWS,Maharashtra,"AIIMS, Nagpur",PHARMACOLOGY,-,-,-,-,-,-,-,-,-,4534,4534,4534,-
PGIMER-All India,OBC,Chandigarh,"PGIMER, Chandigarh",COMMUNITY MEDICINE,-,-,-,-,-,-,-,-,-,1624,2197,3326,4546
AIIMS-All India,OBC,Chhattisgarh,"AIIMS, Raipur",FAMILY MEDICINE,-,-,-,-,-,-,-,-,-,1517,2257,2888,4550
AIIMS-All India,EWS,Andhra Pradesh,"AIIMS, Mangalagiri",RADIATION ONCOLOGY,-,-,-,-,-,2457,1716,3098,4564,-,-,-,-
AIIMS-All India,OBC,Uttarakhand,"AIIMS, Rishikesh",PMR,-,-,-,-,-,-,-,-,-,-,-,-,-
AIIMS-All India,EWS,Delhi,"AIIMS, Delhi",HOSPITAL ADMINISTRATION,-,-,-,-,-,-,-,-,-,-,-,-,-
AIIMS-All India,SC,Chhattisgarh,"AIIMS, Raipur",OBG,-,-,-,-,-,3579,3064,3615,-,3323,3864,3864,4592
AIIMS-All India,SC,Chhattisgarh,"AIIMS, Raipur",RADIATION ONCOLOGY,-,-,-,-,-,-,-,-,-,-,-,-,-
AIIMS-All India,EWS,Rajasthan,"AIIMS, Jodhpur",FAMILY MEDICINE,-,-,-,-,-,2741,2741,3501,4620,-,-,-,-
AIIMS-Inst. Pref,UR-AIIMS-IP,West Bengal,"AIIMS, Kalyani",PAEDIATRICS,-,-,-,-,-,829,829,829,829,-,-,-,-
AIIMS-All India,SC,Gujarat,"AIIMS, Rajkot",RADIATION ONCOLOGY,-,-,-,-,-,-,-,-,-,-,-,-,-
AIIMS-All India,SC,Chhattisgarh,"AIIMS, Raipur",GENERAL SURGERY,-,-,-,-,-,-,-,-,-,3535,4217,4676,-
AIIMS-Inst. Pref,UR-AIIMS-IP,Telangana,"AIIMS, Bibinagar",GENERAL SURGERY,-,-,-,-,-,1505,4696,-,-,-,-,-,-
AIIMS-All India,SC,West Bengal,"AIIMS, Kalyani",GENERAL SURGERY,-,-,-,-,-,3721,3587,4697,4634,-,-,-,-
AIIMS-Inst. Pref,UR-AIIMS-IP,Rajasthan,"AIIMS, Jodhpur",FAMILY MEDICINE,-,-,-,-,-,4701,4701,-,-,2155,2155,2155,-
AIIMS-All India,UR,Telangana,"AIIMS, Bibinagar",PMR,-,-,-,-,-,-,-,-,-,-,1901,3585,4726
AIIMS-All India,OBC,Odisha,"AIIMS, Bhubaneswar",PATHOLOGY,-,-,-,-,-,2471,2471,3248,-,1819,2966,3167,4780
AIIMS-Inst. Pref,UR-AIIMS-IP,Chhattisgarh,"AIIMS, Raipur",PMR,-,-,-,-,-,-,4787,4787,-,-,-,-,-
AIIMS-All India,SC,West Bengal,"AIIMS, Kalyani",ORTHOPAEDICS,-,-,-,-,-,-,-,-,-,-,-,-,-
AIIMS-All India,ST,Uttarakhand,"AIIMS, Rishikesh",GENERAL SURGERY,-,-,-,-,-,-,-,-,-,-,-,-,-
AIIMS-All India,SC,Telangana,"AIIMS, Bibinagar",ENT,-,-,-,-,-,4267,4827,-,-,-,-,-,-
AIIMS-All India,SC,Rajasthan,"AIIMS, Jodhpur",ORTHOPAEDICS,-,-,-,-,-,2252,2417,3405,-,-,-,-,-
AIIMS-All India,SC,Maharashtra,"AIIMS, Nagpur",RADIATION ONCOLOGY,-,-,-,-,-,-,-,-,-,-,-,-,-
AIIMS-All India,ST,Odisha,"AIIMS, Bhubaneswar",OBG,-,-,-,-,-,-,-,-,-,-,-,-,-
AIIMS-Inst. Pref,UR-AIIMS-IP,Telangana,"AIIMS, Bibinagar",PAEDIATRICS,-,-,-,-,-,-,-,-,-,-,-,-,-
AIIMS-All India,ST,Uttarakhand,"AIIMS, Rishikesh",EMERGENCY MEDICINE,-,-,-,-,-,-,-,-,-,-,-,-,-
AIIMS-All India,SC,West Bengal,"AIIMS, Kalyani",EMERGENCY MEDICINE,-,-,-,-,-,-,-,-,-,-,-,-,-
AIIMS-All India,SC,Jammu and Kashmir,"AIIMS, Jammu",RADIATION ONCOLOGY,-,-,-,-,-,-,-,-,-,5015,5015,5015,-
JIPMER-All India,OBC,Pondicherry,"JIPMER, Puducherry",PHARMACOLOGY,-,-,-,-,-,2606,2754,4289,5026,-,1785,1785,-
AIIMS-All India,SC,Uttar Pradesh,"AIIMS, Rai Bareli",PAEDIATRICS,-,-,-,-,-,-,-,-,-,3605,3587,5032,-
AIIMS-All India,ST,Uttar Pradesh,"AIIMS, Rai Bareli",GENERAL MEDICINE,-,-,-,-,-,-,-,-,-,-,-,-,-
AIIMS-All India,SC,Maharashtra,"AIIMS, Nagpur",PSYCHIATRY,-,-,-,-,-,-,-,-,-,-,-,-,-
AIIMS-All India,ST,Uttar Pradesh,"AIIMS, Rai Bareli",PAEDIATRICS,-,-,-,-,-,-,-,-,-,-,-,-,-
AIIMS-All India,SC,Odisha,"AIIMS, Bhubaneswar",GENERAL SURGERY,-,-,-,-,-,-,-,-,-,3139,3139,-,5159
AIIMS-Inst. Pref,UR-AIIMS-IP,Jharkhand,"AIIMS, Deoghar",OBG,-,-,-,-,-,-,-,-,-,5171,-,5171,-
JIPMER-All India,SC-PwD,Pondicherry,"JIPMER, Puducherry",COMMUNITY MEDICINE,-,-,-,-,-,-,-,-,-,-,-,-,-
AIIMS-All India,ST,West Bengal,"AIIMS, Kalyani",GENERAL MEDICINE,-,-,-,-,-,-,-,-,-,-,-,-,-
AIIMS-All India,SC,Jammu and Kashmir,"AIIMS, Jammu",PAEDIATRICS,-,-,-,-,-,-,-,-,-,3947,3947,5199,5199
AIIMS-All India,UR,Punjab,"AIIMS, Bathinda",HOSPITAL ADMINISTRATION,-,-,-,-,-,-,-,-,-,-,-,-,-
AIIMS-Inst. Pref,UR-AIIMS-IP,Telangana,"AIIMS, Bibinagar",PSYCHIATRY,-,-,-,-,-,-,-,-,-,-,-,-,-
JIPMER-All India,SC-PwD,Pondicherry,"JIPMER, Puducherry",EMERGENCY MEDICINE,-,-,-,-,-,-,-,5308,-,-,-,-,-
PGIMER-Rural,OBC-RA,Chandigarh,"PGIMER, Chandigarh",ANAESTHESIOLOGY,-,-,-,-,-,-,-,-,-,-,5327,5327,-
AIIMS-All India,ST,Delhi,"AIIMS, Delhi",RADIATION ONCOLOGY,-,-,-,-,-,-,-,-,-,-,-,-,-
AIIMS-All India,SC,Andhra Pradesh,"AIIMS, Mangalagiri",RADIATION ONCOLOGY,-,-,-,-,-,-,-,-,-,-,-,-,-
AIIMS-All India,OBC,Andhra Pradesh,"AIIMS, Mangalagiri",FAMILY MEDICINE,-,-,-,-,-,-,-,-,-,-,-,-,-
AIIMS-Inst. Pref,UR-AIIMS-IP,West Bengal,"AIIMS, Kalyani",GENERAL SURGERY,-,-,-,-,-,-,5410,5410,-,-,-,-,-
JIMPER-Inst. Pref,INST (JIPMER),Pondicherry,"JIPMER, Puducherry",FORENSIC MEDICINE,-,-,-,-,-,-,-,-,-,-,4631,-,-
AIIMS-All India,OBC,Madhya Pradesh,"AIIMS, Bhopal",PMR,-,-,-,-,-,2372,1482,3763,5431,-,-,-,-
AIIMS-All India,OBC,Chhattisgarh,"AIIMS, Raipur",PMR,-,-,-,-,-,-,-,-,-,3564,3662,5431,3637
AIIMS-Inst. Pref,UR-AIIMS-IP,Uttarakhand,"AIIMS, Rishikesh",CARDIO THORACIC AND VASCULAR SURGERY 6 YRS,-,-,-,-,-,-,-,-,-,-,3169,3486,5437
AIIMS-All India,UR,Rajasthan,"AIIMS, Jodhpur",HOSPITAL ADMINISTRATION,-,-,-,-,-,-,-,-,-,-,1520,-,5468
AIIMS-All India,SC,Andhra Pradesh,"AIIMS, Mangalagiri",OPHTHALMOLOGY,-,-,-,-,-,-,-,-,-,-,-,-,-
AIIMS-Inst. Pref,UR-AIIMS-IP,Bihar,"AIIMS, Patna",PAEDIATRIC SURGERY 6 YRS,-,-,-,-,-,-,-,-,5479,-,3512,-,-
AIIMS-All India,SC,Uttar Pradesh,"AIIMS, Gorakhpur",EMERGENCY MEDICINE,-,-,-,-,-,-,-,-,-,-,-,-,-
AIIMS-Inst. Pref,UR-AIIMS-IP,Uttar Pradesh,"AIIMS, Rai Bareli",ORTHOPAEDICS,-,-,-,-,-,-,-,-,-,-,-,-,-
AIIMS-All India,SC,Bihar,"AIIMS, Patna",ORTHOPAEDICS,-,-,-,-,-,2793,3405,4561,5609,-,-,-,-
AIIMS-All India,SC,Uttar Pradesh,"AIIMS, Rai Bareli",GENERAL SURGERY,-,-,-,-,-,3035,3035,3035,5621,-,-,-,-
PGIMER-All India,SC,Chandigarh,"PGIMER, Chandigarh",OPHTHALMOLOGY,-,-,-,-,-,2694,3508,4321,5135,656,3135,4870,5668
AIIMS-All India,ST,Madhya Pradesh,"AIIMS, Bhopal",PAEDIATRICS,-,-,-,-,-,3401,4529,-,-,5525,5673,5673,-
AIIMS-All India,ST,Uttarakhand,"AIIMS, Rishikesh",ORTHOPAEDICS,-,-,-,-,-,1377,5678,-,-,-,-,-,-
AIIMS-All India,SC,Himachal Pradesh,"AIIMS, Bilaspur, Himachal",ORTHOPAEDICS,-,-,-,-,-,-,-,-,-,3830,5511,5676,4996
AIIMS-All India,SC,Punjab,"AIIMS, Bathinda",OPHTHALMOLOGY,-,-,-,-,-,-,-,-,-,-,-,-,-
AIIMS-All India,ST,Jharkhand,"AIIMS, Deoghar",GENERAL MEDICINE,-,-,-,-,-,5781,5781,5781,-,-,-,-,-
AIIMS-All India,OBC,Jharkhand,"AIIMS, Deoghar",PMR,-,-,-,-,-,-,-,-,-,-,-,-,-
AIIMS-Inst. Pref,UR-AIIMS-IP,Maharashtra,"AIIMS, Nagpur",ANATOMY,-,-,-,-,-,5811,-,-,-,-,-,-,-
JIPMER-All India,OBC-PwD,Pondicherry,"JIPMER, Puducherry",MICROBIOLOGY,-,-,-,-,-,4365,-,-,-,2558,5826,-,-
AIIMS-All India,UR,Punjab,"AIIMS, Bathinda",PATHOLOGY,-,-,-,-,-,1620,-,1734,5854,-,-,-,-
AIIMS-All India,ST,Telangana,"AIIMS, Bibinagar",PAEDIATRICS,-,-,-,-,-,5887,5887,5887,-,-,-,-,-
JIPMER-All India,OBC,Pondicherry,"JIPMER, Puducherry",BIOCHEMISTRY,-,-,-,-,-,-,5695,-,-,2820,2820,2820,-
AIIMS-All India,EWS,Andhra Pradesh,"AIIMS, Mangalagiri",PSYCHIATRY,-,-,-,-,-,-,-,-,-,-,-,-,-
AIIMS-Inst. Pref,UR-AIIMS-IP,Madhya Pradesh,"AIIMS, Bhopal",PAEDIATRIC SURGERY 6 YRS,-,-,-,-,-,2042,2042,-,-,885,885,885,885
AIIMS-All India,SC,Assam,"AIIMS, Guwahati",ORTHOPAEDICS,-,-,-,-,-,4266,4634,-,5956,-,-,-,-
AIIMS-All India,ST,Assam,"AIIMS, Guwahati",DERMATOLOGY,-,-,-,-,-,4529,3389,5973,-,-,-,-,-
AIIMS-All India,UR,Bihar,"AIIMS, Patna",PATHOLOGY,-,-,-,-,-,-,-,-,-,1100,-,-,2963
AIIMS-All India,ST,Punjab,"AIIMS, Bathinda",ORTHOPAEDICS,-,-,-,-,-,-,-,-,-,-,-,-,-
AIIMS-All India,ST,Assam,"AIIMS, Guwahati",PAEDIATRICS,-,-,-,-,-,-,-,-,-,-,-,-,-
AIIMS-All India,EWS,Jharkhand,"AIIMS, Deoghar",OPHTHALMOLOGY,-,-,-,-,-,-,-,-,-,1970,1970,3510,6056
AIIMS-All India,SC,Himachal Pradesh,"AIIMS, Bilaspur, Himachal",GENERAL SURGERY,-,-,-,-,-,-,-,-,-,4217,5199,6062,-
AIIMS-All India,ST,Jammu and Kashmir,"AIIMS, Jammu",OBG,-,-,-,-,-,6068,3080,6068,-,-,-,-,-
AIIMS-Inst. Pref,UR-AIIMS-IP,West Bengal,"AIIMS, Kalyani",OBG,-,-,-,-,-,3806,3806,3806,-,-,-,-,-
AIIMS-All India,UR,Jharkhand,"AIIMS, Deoghar",ANATOMY,-,-,-,-,-,-,-,-,-,3951,5166,6105,-
AIIMS-All India,EWS,Maharashtra,"AIIMS, Nagpur",PATHOLOGY,-,-,-,-,-,-,-,-,-,-,-,-,-
AIIMS-All India,ST,Jammu and Kashmir,"AIIMS, Jammu",GENERAL MEDICINE,-,-,-,-,-,-,-,-,-,6135,6135,6135,-
AIIMS-All India,UR,Uttarakhand,"AIIMS, Rishikesh",COMMUNITY MEDICINE,-,-,-,-,-,2025,2327,2791,2791,-,-,-,-
AIIMS-Inst. Pref,UR-AIIMS-IP,Punjab,"AIIMS, Bathinda",GENERAL SURGERY,-,-,-,-,-,4157,4992,4992,-,-,-,-,-
AIIMS-All India,UR,Assam,"AIIMS, Guwahati",PMR,-,-,-,-,-,1605,1995,2334,4245,1670,1314,2841,6236
AIIMS-All India,ST,West Bengal,"AIIMS, Kalyani",PAEDIATRICS,-,-,-,-,-,-,-,-,-,-,-,-,-
AIIMS-All India,OBC,Bihar,"AIIMS, Patna",PHYSIOLOGY,-,-,-,-,-,-,-,-,-,-,-,-,-
AIIMS-All India,OBC,Jammu and Kashmir,"AIIMS, Jammu",IHBT,-,-,-,-,-,3510,3510,6284,-,-,-,-,-
AIIMS-All India,SC,Bihar,"AIIMS, Patna",PSYCHIATRY,-,-,-,-,-,-,-,-,-,-,-,-,-
AIIMS-All India,SC,Uttar Pradesh,"AIIMS, Gorakhpur",PSYCHIATRY,-,-,-,-,-,3624,3624,6301,-,-,-,-,-
AIIMS-All India,SC,Andhra Pradesh,"AIIMS, Mangalagiri",EMERGENCY MEDICINE,-,-,-,-,-,4596,5234,-,-,-,-,-,-
AIIMS-All India,ST,Chhattisgarh,"AIIMS, Raipur",PAEDIATRICS,-,-,-,-,-,-,-,-,-,5673,6344,-,-
AIIMS-Inst. Pref,UR-AIIMS-IP,Telangana,"AIIMS, Bibinagar",ENT,-,-,-,-,-,6363,6363,-,-,-,-,-,-
AIIMS-All India,SC,Andhra Pradesh,"AIIMS, Mangalagiri",PSYCHIATRY,-,-,-,-,-,-,-,-,-,6374,6374,6374,-
AIIMS-All India,SC,Bihar,"AIIMS, Patna",OPHTHALMOLOGY,-,-,-,-,-,-,-,-,-,5032,5524,6389,-
AIIMS-All India,SC,Chhattisgarh,"AIIMS, Raipur",PSYCHIATRY,-,-,-,-,-,-,-,-,-,3210,5811,6397,-
AIIMS-All India,SC,Uttarakhand,"AIIMS, Rishikesh",OPHTHALMOLOGY,-,-,-,-,-,-,-,-,-,3729,4174,6405,5756
AIIMS-All India,SC,Uttar Pradesh,"AIIMS, Gorakhpur",RADIATION ONCOLOGY,-,-,-,-,-,-,-,-,-,-,-,-,-
AIIMS-All India,SC,Odisha,"AIIMS, Bhubaneswar",ENT,-,-,-,-,-,-,-,-,-,-,-,-,-
AIIMS-All India,SC,Jammu and Kashmir,"AIIMS, Jammu",GENERAL SURGERY,-,-,-,-,-,-,-,-,-,4456,5378,5736,6548
AIIMS-Inst. Pref,UR-AIIMS-IP,Uttarakhand,"AIIMS, Rishikesh",FAMILY MEDICINE,-,-,-,-,-,5120,-,6551,6551,-,-,-,-
AIIMS-Inst. Pref,UR-AIIMS-IP,Uttar Pradesh,"AIIMS, Rai Bareli",PATHOLOGY,-,-,-,-,-,-,-,-,-,-,-,-,-
AIIMS-All India,UR,Jharkhand,"AIIMS, Deoghar",PHARMACOLOGY,-,-,-,-,-,-,-,-,-,-,-,-,-
JIPMER-All India,OBC-PwD,Pondicherry,"JIPMER, Puducherry",PHYSIOLOGY,-,-,-,-,-,-,-,6632,-,-,-,-,-
AIIMS-All India,SC,Rajasthan,"AIIMS, Jodhpur",ENT,-,-,-,-,-,-,-,-,-,-,-,-,-
AIIMS-All India,EWS,Uttarakhand,"AIIMS, Rishikesh",PATHOLOGY,-,-,-,-,-,-,-,-,-,-,-,-,-
AIIMS-All India,ST,Bihar,"AIIMS, Patna",GENERAL SURGERY,-,-,-,-,-,-,-,-,-,-,-,-,-
AIIMS-All India,SC,Telangana,"AIIMS, Bibinagar",OPHTHALMOLOGY,-,-,-,-,-,-,-,-,-,-,-,-,-
AIIMS-All India,UR,Maharashtra,"AIIMS, Nagpur",PATHOLOGY,-,-,-,-,-,1981,1734,2188,6446,1378,1358,1397,3160
AIIMS-All India,SC,Telangana,"AIIMS, Bibinagar",PSYCHIATRY,-,-,-,-,-,5256,6298,6351,6779,-,-,-,-
AIIMS-All India,EWS,Rajasthan,"AIIMS, Jodhpur",PMR,-,-,-,-,-,-,-,-,-,-,-,-,-
AIIMS-All India,SC,Telangana,"AIIMS, Bibinagar",ORTHOPAEDICS,-,-,-,-,-,4634,3698,5609,6305,-,-,-,-
NIMHANS-All India,OBC-PwD,Karnataka,"NIMHANS, Bangalore",PSYCHIATRY,-,-,-,-,-,-,-,-,-,6859,-,-,-
AIIMS-All India,OBC-PwD,Rajasthan,"AIIMS, Jodhpur",NUCLEAR MEDICINE,-,-,-,-,-,-,-,-,-,-,6859,-,-
AIIMS-All India,SC,Telangana,"AIIMS, Bibinagar",HOSPITAL ADMINISTRATION,-,-,-,-,-,-,-,-,-,6880,6880,-,-
AIIMS-All India,UR,Uttar Pradesh,"AIIMS, Rai Bareli",PMR,-,-,-,-,-,-,-,-,-,-,-,2886,6898
AIIMS-All India,UR,Jharkhand,"AIIMS, Deoghar",PHYSIOLOGY,-,-,-,-,-,-,-,-,-,-,-,-,-
AIIMS-Inst. Pref,UR-AIIMS-IP,Bihar,"AIIMS, Patna",PMR,-,-,-,-,-,-,-,-,-,-,-,-,-
AIIMS-All India,SC,Jharkhand,"AIIMS, Deoghar",OPHTHALMOLOGY,-,-,-,-,-,-,-,-,-,5199,6329,6760,6974
JIPMER-All India,ST-PwD,Pondicherry,"JIPMER, Puducherry",ORTHOPAEDICS,-,-,-,-,-,-,-,-,-,-,-,-,7002
AIIMS-All India,ST,Gujarat,"AIIMS, Rajkot",OBG,-,-,-,-,-,-,-,-,-,-,-,-,-
AIIMS-Inst. Pref,UR-AIIMS-IP,Rajasthan,"AIIMS, Jodhpur",CARDIO THORACIC AND VASCULAR SURGERY 6 YRS,-,-,-,-,-,-,-,-,-,-,3113,7012,3121
JIMPER-Inst. Pref,INST (JIPMER),Pondicherry,"JIPMER, Puducherry",MICROBIOLOGY,-,-,-,-,-,2876,5224,-,-,2463,-,7028,-
AIIMS-All India,UR,Telangana,"AIIMS, Bibinagar",PATHOLOGY,-,-,-,-,-,-,1801,2674,-,-,-,-,-
AIIMS-All India,EWS,Chhattisgarh,"AIIMS, Raipur",PSYCHIATRY,-,-,-,-,-,-,-,-,-,2073,2800,3537,7100
AIIMS-All India,ST,Uttar Pradesh,"AIIMS, Gorakhpur",OBG,-,-,-,-,-,-,-,-,-,-,-,-,-
AIIMS-All India,SC,Odisha,"AIIMS, Bhubaneswar",RADIATION ONCOLOGY,-,-,-,-,-,4368,5725,7141,-,-,-,-,-
AIIMS-All India,UR,Assam,"AIIMS, Guwahati",PATHOLOGY,-,-,-,-,-,1677,2373,3027,7143,-,-,-,-
AIIMS-All India,UR,Odisha,"AIIMS, Bhubaneswar",IHBT,-,-,-,-,-,-,-,-,-,-,1890,2316,7143
AIIMS-All India,UR,Delhi,"AIIMS, Delhi",MICROBIOLOGY,-,-,-,-,-,2145,2627,3826,3858,-,-,-,3818
AIIMS-All India,OBC,Uttar Pradesh,"AIIMS, Gorakhpur",COMMUNITY & FAMILY MEDICINE,-,-,-,-,-,-,-,-,-,4392,4952,6940,6940
AIIMS-All India,UR,Bihar,"AIIMS, Patna",ANATOMY,-,-,-,-,-,4789,6648,7229,-,3282,-,-,-
AIIMS-All India,UR,Madhya Pradesh,"AIIMS, Bhopal",HOSPITAL ADMINISTRATION,-,-,-,-,-,-,-,-,-,-,-,-,7235
AIIMS-All India,SC,Assam,"AIIMS, Guwahati",RADIATION ONCOLOGY,-,-,-,-,-,5612,6234,7252,-,-,-,-,-
AIIMS-All India,EWS,Chhattisgarh,"AIIMS, Raipur",PATHOLOGY,-,-,-,-,-,3855,5202,7256,7294,-,-,-,-
AIIMS-All India,ST,Andhra Pradesh,"AIIMS, Mangalagiri",GENERAL SURGERY,-,-,-,-,-,-,-,-,-,-,-,-,-
AIIMS-All India,EWS,Uttar Pradesh,"AIIMS, Gorakhpur",COMMUNITY & FAMILY MEDICINE,-,-,-,-,-,-,-,-,-,7353,6343,6343,-
JIPMER-All India,UR,Pondicherry,"JIPMER, Puducherry",PHARMACOLOGY,-,-,-,-,-,1616,1988,2882,7373,2320,-,-,4934
AIIMS-All India,ST,Uttarakhand,"AIIMS, Rishikesh",OBG,-,-,-,-,-,-,-,-,-,7374,5613,5613,-
AIIMS-All India,SC,Punjab,"AIIMS, Bathinda",GENERAL SURGERY,-,-,-,-,-,3587,3721,4410,7378,3568,3568,5634,-
AIIMS-All India,UR,Odisha,"AIIMS, Bhubaneswar",COMMUNITY MEDICINE,-,-,-,-,-,-,-,-,1007,1266,-,3182,5143
AIIMS-All India,UR,Gujarat,"AIIMS, Rajkot",PATHOLOGY,-,-,-,-,-,1949,2293,2778,7422,1308,1752,2269,3704
AIIMS-All India,ST,Delhi,"AIIMS, Delhi",NUCLEAR MEDICINE,-,-,-,-,-,2822,1920,7447,4842,-,-,-,-
AIIMS-All India,SC,Assam,"AIIMS, Guwahati",ENT,-,-,-,-,-,5475,6305,6589,6589,-,-,-,-
AIIMS-Inst. Pref,UR-AIIMS-IP,Madhya Pradesh,"AIIMS, Bhopal",PHARMACOLOGY,-,-,-,-,-,7524,-,-,-,-,-,-,-
AIIMS-Inst. Pref,UR-AIIMS-IP,Maharashtra,"AIIMS, Nagpur",FORENSIC MEDICINE,-,-,-,-,-,7551,-,-,-,-,-,-,-
AIIMS-All India,UR,Maharashtra,"AIIMS, Nagpur",IHBT,-,-,-,-,-,-,-,-,-,-,-,-,-
JIPMER-All India,ST,Pondicherry,"JIPMER, Puducherry",IHBT,-,-,-,-,-,-,-,-,-,-,-,-,-
AIIMS-All India,ST,Delhi,"AIIMS, Delhi",GENERAL SURGERY,-,-,-,-,-,1518,1518,-,-,635,7565,7582,-
PGIMER-Rural,OBC-RA,Chandigarh,"PGIMER, Chandigarh",GENERAL SURGERY,-,-,-,-,-,-,-,-,-,-,-,-,7592
AIIMS-All India,SC,Andhra Pradesh,"AIIMS, Mangalagiri",ENT,-,-,-,-,-,-,-,-,-,5071,5678,7613,-
PGIMER-All India,SC,Chandigarh,"PGIMER, Chandigarh",COMMUNITY MEDICINE,-,-,-,-,-,-,-,-,-,7613,1443,1443,-
AIIMS-All India,UR,Madhya Pradesh,"AIIMS, Bhopal",PHARMACOLOGY,-,-,-,-,-,-,2863,4906,6053,1774,1881,4263,7633
AIIMS-All India,UR,Jharkhand,"AIIMS, Deoghar",COMMUNITY & FAMILY MEDICINE,-,-,-,-,-,-,4390,4459,7688,-,-,-,-
AIIMS-All India,SC,West Bengal,"AIIMS, Kalyani",PSYCHIATRY,-,-,-,-,-,5400,6222,6223,6351,6223,6397,7806,-
AIIMS-All India,UR,Uttar Pradesh,"AIIMS, Gorakhpur",ANATOMY,-,-,-,-,-,-,-,-,-,-,-,-,-
AIIMS-All India,UR-PwD,Rajasthan,"AIIMS, Jodhpur",PSYCHIATRY,-,-,-,-,-,-,-,-,-,7844,-,-,-
JIPMER-All India,EWS,Pondicherry,"JIPMER, Puducherry",COMMUNITY MEDICINE,-,-,-,-,-,-,-,-,-,-,-,7861,-
AIIMS-All India,SC,Odisha,"AIIMS, Bhubaneswar",ANAESTHESIOLOGY,-,-,-,-,-,-,-,-,-,-,-,-,-
AIIMS-All India,UR,Telangana,"AIIMS, Bibinagar",COMMUNITY & FAMILY MEDICINE,-,-,-,-,-,2674,3858,5046,7879,-,-,-,-
PGIMER-All India,ST,Chandigarh,"PGIMER, Chandigarh",RADIATION ONCOLOGY,-,-,-,-,-,7683,3523,8035,-,-,-,-,-
AIIMS-All India,ST,Bihar,"AIIMS, Patna",ORTHOPAEDICS,-,-,-,-,-,-,-,-,-,-,-,-,-
AIIMS-All India,OBC,Andhra Pradesh,"AIIMS, Mangalagiri",BIOCHEMISTRY,-,-,-,-,-,-,-,-,-,-,-,-,-
AIIMS-All India,EWS,Assam,"AIIMS, Guwahati",PSYCHIATRY,-,-,-,-,-,-,-,-,-,2266,3174,3911,8056
AIIMS-All India,OBC,Jammu and Kashmir,"AIIMS, Jammu",HOSPITAL ADMINISTRATION,-,-,-,-,-,-,-,-,-,3462,3462,8076,-
AIIMS-All India,SC,Telangana,"AIIMS, Bibinagar",ANAESTHESIOLOGY,-,-,-,-,-,-,-,-,-,-,-,-,-
JIPMER-All India,EWS,Pondicherry,"JIPMER, Puducherry",PMR,-,-,-,-,-,-,-,-,-,-,-,-,8107
AIIMS-All India,SC,Uttarakhand,"AIIMS, Rishikesh",EMERGENCY MEDICINE,-,-,-,-,-,3018,3791,3791,-,3482,5668,6998,8114
JIPMER-All India,ST,Pondicherry,"JIPMER, Puducherry",EMERGENCY MEDICINE,-,-,-,-,-,8129,-,-,-,-,-,-,-
AIIMS-All India,UR,Delhi,"AIIMS, Delhi",BIOCHEMISTRY,-,-,-,-,-,378,378,-,-,-,-,-,2860
AIIMS-All India,ST,Odisha,"AIIMS, Bhubaneswar",PAEDIATRICS,-,-,-,-,-,-,-,-,-,6339,1681,8310,-
AIIMS-All India,UR,West Bengal,"AIIMS, Kalyani",ANATOMY,-,-,-,-,-,5216,5216,8314,-,-,-,-,-
AIIMS-All India,EWS,Gujarat,"AIIMS, Rajkot",OPHTHALMOLOGY,-,-,-,-,-,-,-,-,-,2032,1935,2733,8325
AIIMS-All India,EWS,West Bengal,"AIIMS, Kalyani",COMMUNITY MEDICINE,-,-,-,-,-,-,-,-,-,-,-,-,-
AIIMS-All India,ST,Gujarat,"AIIMS, Rajkot",GENERAL MEDICINE,-,-,-,-,-,-,-,-,-,5514,8345,8345,-
AIIMS-All India,EWS,Odisha,"AIIMS, Bhubaneswar",PATHOLOGY,-,-,-,-,-,3471,4980,6036,8420,-,-,-,-
AIIMS-All India,ST,Uttar Pradesh,"AIIMS, Rai Bareli",OBG,-,-,-,-,-,-,-,-,-,8453,7233,7233,-
JIPMER-All India,ST,Pondicherry,"JIPMER, Puducherry",ORTHOPAEDICS,-,-,-,-,-,-,-,8474,-,-,-,-,-
AIIMS-All India,UR,Uttarakhand,"AIIMS, Rishikesh",IHBT,-,-,-,-,-,-,1743,1949,7731,-,-,1980,8498
AIIMS-All India,SC,Rajasthan,"AIIMS, Jodhpur",OPHTHALMOLOGY,-,-,-,-,-,3072,4937,4937,8537,-,-,-,-
AIIMS-All India,ST,Odisha,"AIIMS, Bhubaneswar",RADIATION ONCOLOGY,-,-,-,-,-,8542,7683,8542,-,-,-,-,-
AIIMS-All India,UR,Andhra Pradesh,"AIIMS, Mangalagiri",COMMUNITY MEDICINE,-,-,-,-,-,2249,3086,3086,-,2396,2507,3863,8636
AIIMS-All India,UR,Uttar Pradesh,"AIIMS, Gorakhpur",FORENSIC MEDICINE,-,-,-,-,-,2627,3022,8287,8662,-,-,-,-
AIIMS-All India,ST,Andhra Pradesh,"AIIMS, Mangalagiri",OBG,-,-,-,-,-,-,-,-,-,-,-,-,-
AIIMS-All India,UR,Himachal Pradesh,"AIIMS, Bilaspur, Himachal",MICROBIOLOGY,-,-,-,-,-,4767,5316,8749,-,-,-,-,-
AIIMS-All India,SC,Gujarat,"AIIMS, Rajkot",OPHTHALMOLOGY,-,-,-,-,-,5107,5475,6483,8897,-,-,-,-
AIIMS-All India,SC,Delhi,"AIIMS, Delhi",PHARMACOLOGY,-,-,-,-,-,-,-,-,-,-,-,-,-
AIIMS-Inst. Pref,UR-AIIMS-IP,Jharkhand,"AIIMS, Deoghar",PATHOLOGY,-,-,-,-,-,-,-,-,-,-,-,-,-
AIIMS-All India,UR,Andhra Pradesh,"AIIMS, Mangalagiri",PHYSIOLOGY,-,-,-,-,-,3566,3566,-,-,-,-,-,-
AIIMS-All India,SC,Uttar Pradesh,"AIIMS, Rai Bareli",ANAESTHESIOLOGY,-,-,-,-,-,-,-,-,-,-,-,-,-
AIIMS-All India,EWS,Andhra Pradesh,"AIIMS, Mangalagiri",COMMUNITY MEDICINE,-,-,-,-,-,-,-,-,-,-,-,-,-
AIIMS-All India,ST,Himachal Pradesh,"AIIMS, Bilaspur, Himachal",OPHTHALMOLOGY,-,-,-,-,-,6841,6841,9011,-,-,-,-,-
NIMHANS-NE Domicile,ST-North East Domicile,Karnataka,"NIMHANS, Bangalore",PSYCHIATRY,-,-,-,-,-,-,-,-,-,9029,9029,-,-
PGIMER-All India,OBC,Chandigarh,"PGIMER, Chandigarh",BIOCHEMISTRY,-,-,-,-,-,5653,6148,9061,-,-,-,-,-
AIIMS-Inst. Pref,UR-AIIMS-IP,West Bengal,"AIIMS, Kalyani",OPHTHALMOLOGY,-,-,-,-,-,5410,6631,-,-,-,-,-,-
JIPMER-All India,UR,Pondicherry,"JIPMER, Puducherry",IHBT,-,-,-,-,-,-,1814,-,9068,-,-,-,2961
AIIMS-All India,UR-PwD,Uttarakhand,"AIIMS, Rishikesh",RADIO DIAGNOSIS,-,-,-,-,-,4536,4536,-,-,-,-,-,-
AIIMS-Inst. Pref,UR-AIIMS-IP,Maharashtra,"AIIMS, Nagpur",ENT,-,-,-,-,-,-,-,-,-,5686,6079,9136,-
AIIMS-All India,SC-PwD,Delhi,"AIIMS, Delhi",OBG,-,-,-,-,-,-,-,-,-,9163,9163,-,-
JIPMER-All India,EWS,Pondicherry,"JIPMER, Puducherry",PHARMACOLOGY,-,-,-,-,-,5427,9205,-,-,-,2849,-,-
AIIMS-All India,UR,Himachal Pradesh,"AIIMS, Bilaspur, Himachal",ANATOMY,-,-,-,-,-,5437,6433,6436,-,-,-,-,-
AIIMS-All India,OBC,Odisha,"AIIMS, Bhubaneswar",MICROBIOLOGY,-,-,-,-,-,-,-,-,-,4894,6364,9265,-
AIIMS-All India,EWS,Jammu and Kashmir,"AIIMS, Jammu",PHARMACOLOGY,-,-,-,-,-,-,-,-,-,7939,7939,9298,-
AIIMS-Inst. Pref,UR-AIIMS-IP,Delhi,"AIIMS, Delhi",LAB MEDICINE,-,-,-,-,-,-,-,-,-,-,-,-,-
AIIMS-All India,ST,Andhra Pradesh,"AIIMS, Mangalagiri",ANAESTHESIOLOGY,-,-,-,-,-,-,-,-,-,9364,9364,-,-
AIIMS-All India,SC,Chhattisgarh,"AIIMS, Raipur",FAMILY MEDICINE,-,-,-,-,-,-,-,-,-,-,-,-,-
JIPMER-All India,SC-PwD,Pondicherry,"JIPMER, Puducherry",PMR,-,-,-,-,-,-,-,-,-,-,-,-,-
AIIMS-Inst. Pref,UR-AIIMS-IP,West Bengal,"AIIMS, Kalyani",ORTHOPAEDICS,-,-,-,-,-,-,-,-,-,-,-,-,-
AIIMS-All India,OBC,Madhya Pradesh,"AIIMS, Bhopal",HOSPITAL ADMINISTRATION,-,-,-,-,-,-,-,-,-,2746,4125,4577,9533
JIMPER-Inst. Pref,INST (JIPMER),Pondicherry,"JIPMER, Puducherry",IHBT,-,-,-,-,-,-,-,-,-,-,-,-,-
AIIMS-All India,SC,West Bengal,"AIIMS, Kalyani",ENT,-,-,-,-,-,5286,6294,6305,9632,-,-,-,-
AIIMS-All India,ST,Himachal Pradesh,"AIIMS, Bilaspur, Himachal",GENERAL SURGERY,-,-,-,-,-,-,-,-,-,-,-,-,-
JIPMER-All India,ST,Pondicherry,"JIPMER, Puducherry",OPHTHALMOLOGY,-,-,-,-,-,-,-,-,-,-,-,-,-
AIIMS-All India,SC,Andhra Pradesh,"AIIMS, Mangalagiri",PATHOLOGY,-,-,-,-,-,8978,9693,9693,9693,-,-,-,-
AIIMS-All India,SC,Gujarat,"AIIMS, Rajkot",ENT,-,-,-,-,-,-,-,-,-,5756,6202,7958,9721
JIPMER-All India,SC,Pondicherry,"JIPMER, Puducherry",PMR,-,-,-,-,-,-,-,-,-,-,-,9746,-
AIIMS-All India,SC,Maharashtra,"AIIMS, Nagpur",PMR,-,-,-,-,-,8212,9749,-,9749,-,-,-,-
AIIMS-Inst. Pref,UR-AIIMS-IP,West Bengal,"AIIMS, Kalyani",ANAESTHESIOLOGY,-,-,-,-,-,-,-,-,-,-,-,-,-
AIIMS-All India,SC,Jharkhand,"AIIMS, Deoghar",PSYCHIATRY,-,-,-,-,-,-,-,-,-,-,-,-,-
AIIMS-All India,ST,Madhya Pradesh,"AIIMS, Bhopal",OPHTHALMOLOGY,-,-,-,-,-,-,-,-,-,-,-,-,-
AIIMS-All India,SC,West Bengal,"AIIMS, Kalyani",ANAESTHESIOLOGY,-,-,-,-,-,5482,5616,7020,9923,5811,6234,8103,-
AIIMS-All India,OBC,Rajasthan,"AIIMS, Jodhpur",PHARMACOLOGY,-,-,-,-,-,5163,6105,7826,9934,-,-,-,-
AIIMS-All India,ST,Uttarakhand,"AIIMS, Rishikesh",OPHTHALMOLOGY,-,-,-,-,-,-,-,-,-,-,-,-,-
AIIMS-Inst. Pref,UR-AIIMS-IP,Chhattisgarh,"AIIMS, Raipur",BIOCHEMISTRY,-,-,-,-,-,-,-,-,-,4957,9968,-,-
AIIMS-Inst. Pref,UR-AIIMS-IP,West Bengal,"AIIMS, Kalyani",EMERGENCY MEDICINE,-,-,-,-,-,-,-,-,-,-,-,-,-
AIIMS-All India,SC,Maharashtra,"AIIMS, Nagpur",HOSPITAL ADMINISTRATION,-,-,-,-,-,-,-,-,-,-,-,-,-
AIIMS-All India,SC,Himachal Pradesh,"AIIMS, Bilaspur, Himachal",RADIATION ONCOLOGY,-,-,-,-,-,-,-,-,-,7368,7368,7552,10053
AIIMS-Inst. Pref,UR-AIIMS-IP,Chhattisgarh,"AIIMS, Raipur",PATHOLOGY,-,-,-,-,-,5173,5845,10055,-,-,-,8799,-
AIIMS-All India,UR,Uttar Pradesh,"AIIMS, Gorakhpur",IHBT,-,-,-,-,-,-,-,-,-,-,-,-,-
AIIMS-Inst. Pref,UR-AIIMS-IP,Andhra Pradesh,"AIIMS, Mangalagiri",PAEDIATRIC SURGERY 6 YRS,-,-,-,-,-,7872,9657,9657,2045,5633,10072,-,-
AIIMS-All India,UR,Uttar Pradesh,"AIIMS, Rai Bareli",COMMUNITY MEDICINE,-,-,-,-,-,-,-,-,-,-,-,3166,9429
AIIMS-All India,EWS,Uttarakhand,"AIIMS, Rishikesh",MICROBIOLOGY,-,-,-,-,-,-,-,-,-,-,-,-,-
AIIMS-All India,UR,Maharashtra,"AIIMS, Nagpur",ANATOMY,-,-,-,-,-,-,6075,10234,-,-,-,-,-
AIIMS-All India,ST,Uttar Pradesh,"AIIMS, Gorakhpur",PAEDIATRICS,-,-,-,-,-,-,-,-,-,6344,7311,10242,-
AIIMS-All India,UR,Odisha,"AIIMS, Bhubaneswar",HOSPITAL ADMINISTRATION,-,-,-,-,-,-,-,-,-,1611,1741,4231,10275
AIIMS-All India,OBC,Uttarakhand,"AIIMS, Rishikesh",PATHOLOGY,-,-,-,-,-,-,-,-,-,-,-,-,-
AIIMS-All India,UR,Andhra Pradesh,"AIIMS, Mangalagiri",HOSPITAL ADMINISTRATION,-,-,-,-,-,-,-,-,-,-,-,-,-
AIIMS-All India,OBC,Maharashtra,"AIIMS, Nagpur",FORENSIC MEDICINE,-,-,-,-,-,-,-,-,-,-,-,-,-
AIIMS-Inst. Pref,UR-AIIMS-IP,West Bengal,"AIIMS, Kalyani",RADIATION ONCOLOGY,-,-,-,-,-,-,-,-,-,-,-,-,-
AIIMS-Inst. Pref,UR-AIIMS-IP,West Bengal,"AIIMS, Kalyani",PMR,-,-,-,-,-,-,-,-,-,-,-,-,-
SCTIMST-All India,OBC,Kerala,"Sree Chirtra Thirunal, Triv.",IHBT,-,-,-,-,-,1841,2456,5972,10513,-,-,-,-
AIIMS-All India,EWS,Madhya Pradesh,"AIIMS, Bhopal",FORENSIC MEDICINE,-,-,-,-,-,-,-,-,-,-,-,-,-
AIIMS-All India,OBC,Punjab,"AIIMS, Bathinda",PATHOLOGY,-,-,-,-,-,-,-,-,-,-,-,-,-
PGIMER-All India,SC-PwD,Chandigarh,"PGIMER, Chandigarh",RADIO DIAGNOSIS,-,-,-,-,-,-,10651,-,-,-,-,-,-
AIIMS-All India,ST,Madhya Pradesh,"AIIMS, Bhopal",ANAESTHESIOLOGY,-,-,-,-,-,8803,10679,10679,-,-,-,-,-
AIIMS-All India,ST,Jammu and Kashmir,"AIIMS, Jammu",GENERAL SURGERY,-,-,-,-,-,8442,8442,10702,-,-,-,-,-
AIIMS-All India,ST,Madhya Pradesh,"AIIMS, Bhopal",NUCLEAR MEDICINE,-,-,-,-,-,4842,4842,-,10741,-,-,-,-
AIIMS-All India,UR,West Bengal,"AIIMS, Kalyani",COMMUNITY MEDICINE,-,-,-,-,-,2946,4011,5983,10809,-,-,-,-
PGIMER-Rural,UR-RA,Chandigarh,"PGIMER, Chandigarh",OPHTHALMOLOGY,-,-,-,-,-,-,-,-,-,4979,2333,5850,10813
JIPMER-All India,EWS-PwD,Pondicherry,"JIPMER, Puducherry",BIOCHEMISTRY,-,-,-,-,-,-,-,-,-,-,-,-,-
JIPMER-All India,EWS,Pondicherry,"JIPMER, Puducherry",BIOCHEMISTRY,-,-,-,-,-,10874,-,-,-,-,-,-,-
AIIMS-All India,UR,Maharashtra,"AIIMS, Nagpur",COMMUNITY MEDICINE,-,-,-,-,-,-,-,-,-,-,-,-,10881
AIIMS-All India,SC,Andhra Pradesh,"AIIMS, Mangalagiri",ANAESTHESIOLOGY,-,-,-,-,-,-,-,-,-,5140,5974,6974,10913
AIIMS-All India,ST,Jharkhand,"AIIMS, Deoghar",OBG,-,-,-,-,-,-,-,-,-,7233,10422,10744,10922
JIPMER-All India,SC,Pondicherry,"JIPMER, Puducherry",FORENSIC MEDICINE,-,-,-,-,-,-,-,10941,-,-,-,-,-
AIIMS-Inst. Pref,UR-AIIMS-IP,Delhi,"AIIMS, Delhi",ANATOMY,-,-,-,-,-,-,-,-,-,10991,-,-,-
AIIMS-All India,EWS,Uttar Pradesh,"AIIMS, Rai Bareli",PHYSIOLOGY,-,-,-,-,-,11059,11059,11059,-,-,-,-,-
AIIMS-Inst. Pref,UR-AIIMS-IP,Uttarakhand,"AIIMS, Rishikesh",PMR,-,-,-,-,-,-,2395,-,11117,-,-,-,-
AIIMS-All India,SC,Assam,"AIIMS, Guwahati",PMR,-,-,-,-,-,9693,10522,-,-,-,-,-,-
AIIMS-Inst. Pref,UR-AIIMS-IP,Uttar Pradesh,"AIIMS, Rai Bareli",ANATOMY,-,-,-,-,-,-,-,-,-,2988,2988,-,-
AIIMS-All India,SC,Gujarat,"AIIMS, Rajkot",PATHOLOGY,-,-,-,-,-,-,-,-,-,-,-,-,-
AIIMS-All India,ST,Chhattisgarh,"AIIMS, Raipur",ORTHOPAEDICS,-,-,-,-,-,-,-,-,-,9673,11181,-,-
AIIMS-All India,UR,Chhattisgarh,"AIIMS, Raipur",COMMUNITY MEDICINE,-,-,-,-,-,1782,-,3512,8516,1757,-,-,11209
AIIMS-Inst. Pref,UR-AIIMS-IP,Bihar,"AIIMS, Patna",IHBT,-,-,-,-,-,-,-,-,-,-,-,-,-
AIIMS-All India,OBC,Madhya Pradesh,"AIIMS, Bhopal",ANATOMY,-,-,-,-,-,9914,11350,-,-,4909,6163,8883,8017
AIIMS-All India,UR,Jammu and Kashmir,"AIIMS, Jammu",ANATOMY,-,-,-,-,-,5854,7573,11397,-,4999,5808,7334,-
AIIMS-All India,OBC,Punjab,"AIIMS, Bathinda",PHARMACOLOGY,-,-,-,-,-,5447,6454,11406,-,-,-,-,-
AIIMS-All India,OBC,Madhya Pradesh,"AIIMS, Bhopal",IHBT,-,-,-,-,-,2175,3539,4637,11458,-,-,-,-
AIIMS-All India,EWS,Punjab,"AIIMS, Bathinda",PATHOLOGY,-,-,-,-,-,5136,5516,5652,11464,-,-,-,-
AIIMS-All India,EWS,Uttar Pradesh,"AIIMS, Gorakhpur",PATHOLOGY,-,-,-,-,-,5358,5652,7564,11479,-,-,-,-
AIIMS-All India,ST,Himachal Pradesh,"AIIMS, Bilaspur, Himachal",OBG,-,-,-,-,-,-,-,-,-,9727,8453,8453,11505
AIIMS-All India,UR,Rajasthan,"AIIMS, Jodhpur",IHBT,-,-,-,-,-,1247,-,-,9655,-,-,1768,11576
AIIMS-All India,UR,Delhi,"AIIMS, Delhi",PHYSIOLOGY,-,-,-,-,-,2357,2531,4295,11620,-,-,-,9684
AIIMS-All India,ST,Uttar Pradesh,"AIIMS, Rai Bareli",GENERAL SURGERY,-,-,-,-,-,9124,9124,10880,11665,-,-,-,-
AIIMS-All India,SC,Madhya Pradesh,"AIIMS, Bhopal",COMMUNITY MEDICINE,-,-,-,-,-,6488,8161,11694,-,-,-,-,-
AIIMS-All India,SC,Maharashtra,"AIIMS, Nagpur",ANAESTHESIOLOGY,-,-,-,-,-,3558,5465,6633,8607,5051,5824,6223,11721
JIMPER-Inst. Pref,INST (JIPMER)-PwD,Pondicherry,"JIPMER, Puducherry",GENERAL MEDICINE,-,-,-,-,-,-,-,-,-,-,-,-,-
AIIMS-All India,ST,Delhi,"AIIMS, Delhi",ENT,-,-,-,-,-,-,-,-,-,-,-,-,-
AIIMS-Inst. Pref,UR-AIIMS-IP,Uttar Pradesh,"AIIMS, Rai Bareli",ENT,-,-,-,-,-,-,-,-,-,11798,9217,-,-
AIIMS-Inst. Pref,UR-AIIMS-IP,Punjab,"AIIMS, Bathinda",FORENSIC MEDICINE,-,-,-,-,-,8799,-,-,-,-,-,-,-
AIIMS-All India,UR,Uttarakhand,"AIIMS, Rishikesh",MICROBIOLOGY,-,-,-,-,-,-,-,-,-,-,1413,3040,5188
AIIMS-All India,UR,Rajasthan,"AIIMS, Jodhpur",PHARMACOLOGY,-,-,-,-,-,2324,2366,2366,11927,1971,-,3459,4159
AIIMS-All India,UR-PwD,Rajasthan,"AIIMS, Jodhpur",RADIO DIAGNOSIS,-,-,-,-,-,11933,11933,-,-,-,-,-,-
JIPMER-All India,ST,Pondicherry,"JIPMER, Puducherry",ANAESTHESIOLOGY,-,-,-,-,-,8454,10297,12199,-,-,7374,-,-
AIIMS-All India,OBC,Rajasthan,"AIIMS, Jodhpur",IHBT,-,-,-,-,-,-,-,-,-,-,-,-,-
AIIMS-All India,EWS,Chhattisgarh,"AIIMS, Raipur",MICROBIOLOGY,-,-,-,-,-,-,-,-,-,-,-,-,-
AIIMS-Inst. Pref,UR-AIIMS-IP,Madhya Pradesh,"AIIMS, Bhopal",FAMILY MEDICINE,-,-,-,-,-,-,8382,8470,-,-,-,-,-
PGIMER-Rural,UR-RA,Chandigarh,"PGIMER, Chandigarh",PATHOLOGY,-,-,-,-,-,6321,11342,12253,6321,-,-,-,-
AIIMS-All India,UR,Gujarat,"AIIMS, Rajkot",PHARMACOLOGY,-,-,-,-,-,3031,3031,5662,12279,-,-,-,10620
AIIMS-All India,EWS,Rajasthan,"AIIMS, Jodhpur",BIOCHEMISTRY,-,-,-,-,-,-,-,-,-,-,-,-,-
AIIMS-All India,UR,Odisha,"AIIMS, Bhubaneswar",MICROBIOLOGY,-,-,-,-,-,2433,3112,5380,12309,-,-,-,-
AIIMS-All India,UR,Andhra Pradesh,"AIIMS, Mangalagiri",IHBT,-,-,-,-,-,1665,2078,2523,12347,-,-,-,-
AIIMS-All India,ST,Bihar,"AIIMS, Patna",EMERGENCY MEDICINE,-,-,-,-,-,-,-,-,-,-,-,-,-
AIIMS-Inst. Pref,UR-AIIMS-IP,Punjab,"AIIMS, Bathinda",PSYCHIATRY,-,-,-,-,-,-,12413,12413,-,-,-,-,-
AIIMS-All India,ST,Rajasthan,"AIIMS, Jodhpur",PSYCHIATRY,-,-,-,-,-,-,-,-,-,11571,12420,-,-
AIIMS-All India,EWS,Chhattisgarh,"AIIMS, Raipur",COMMUNITY MEDICINE,-,-,-,-,-,4083,4083,4083,-,-,-,-,-
AIIMS-All India,OBC,Telangana,"AIIMS, Bibinagar",COMMUNITY MEDICINE,-,-,-,-,-,-,-,-,-,-,-,-,-
AIIMS-All India,UR,Andhra Pradesh,"AIIMS, Mangalagiri",MICROBIOLOGY,-,-,-,-,-,3858,3201,5766,12454,-,-,-,-
AIIMS-All India,SC,Uttar Pradesh,"AIIMS, Gorakhpur",ANAESTHESIOLOGY,-,-,-,-,-,-,-,-,-,5487,6285,8753,12545
AIIMS-All India,ST,Telangana,"AIIMS, Bibinagar",GENERAL SURGERY,-,-,-,-,-,-,-,-,-,-,-,-,-
AIIMS-Inst. Pref,UR-AIIMS-IP,Maharashtra,"AIIMS, Nagpur",PMR,-,-,-,-,-,-,-,-,-,-,-,-,-
AIIMS-All India,SC,Chhattisgarh,"AIIMS, Raipur",PMR,-,-,-,-,-,-,-,-,-,-,-,-,-
AIIMS-All India,OBC,Gujarat,"AIIMS, Rajkot",PATHOLOGY,-,-,-,-,-,-,-,-,-,3366,4342,6312,8582
AIIMS-All India,ST,Jharkhand,"AIIMS, Deoghar",ORTHOPAEDICS,-,-,-,-,-,-,-,-,-,-,-,-,-
AIIMS-All India,SC,Uttarakhand,"AIIMS, Rishikesh",GERIATRICS,-,-,-,-,-,-,-,-,-,4119,4970,5114,12710
AIIMS-All India,OBC,Telangana,"AIIMS, Bibinagar",MICROBIOLOGY,-,-,-,-,-,5784,7374,11915,12830,-,-,-,-
AIIMS-All India,OBC,Telangana,"AIIMS, Bibinagar",HOSPITAL ADMINISTRATION,-,-,-,-,-,-,-,-,-,3938,5367,8319,12858
AIIMS-All India,SC,Jammu and Kashmir,"AIIMS, Jammu",ANAESTHESIOLOGY,-,-,-,-,-,-,-,-,-,5668,6062,9449,12898
JIPMER-All India,ST-PwD,Pondicherry,"JIPMER, Puducherry",OPHTHALMOLOGY,-,-,-,-,-,-,-,-,-,-,-,12932,-
AIIMS-All India,EWS,West Bengal,"AIIMS, Kalyani",IHBT,-,-,-,-,-,-,-,-,-,-,-,-,-
AIIMS-All India,OBC,Rajasthan,"AIIMS, Jodhpur",ANATOMY,-,-,-,-,-,-,-,-,-,6163,8757,13040,-
AIIMS-All India,OBC,Maharashtra,"AIIMS, Nagpur",IHBT,-,-,-,-,-,-,-,-,-,-,-,-,-
AIIMS-All India,ST,Gujarat,"AIIMS, Rajkot",OPHTHALMOLOGY,-,-,-,-,-,-,-,-,-,-,-,-,-
AIIMS-All India,UR,Himachal Pradesh,"AIIMS, Bilaspur, Himachal",IHBT,-,-,-,-,-,-,-,-,10206,-,-,-,-
AIIMS-All India,OBC,West Bengal,"AIIMS, Kalyani",PATHOLOGY,-,-,-,-,-,2797,3703,4671,7608,-,-,-,-
AIIMS-All India,SC,Uttar Pradesh,"AIIMS, Gorakhpur",COMMUNITY & FAMILY MEDICINE,-,-,-,-,-,9678,13214,13214,-,-,-,-,-
AIIMS-All India,UR-PwD,Delhi,"AIIMS, Delhi",GERIATRICS,-,-,-,-,-,-,-,-,-,-,-,-,-
AIIMS-Inst. Pref,UR-AIIMS-IP,Jharkhand,"AIIMS, Deoghar",ENT,-,-,-,-,-,-,-,-,-,13232,-,-,-
AIIMS-Inst. Pref,UR-AIIMS-IP,Maharashtra,"AIIMS, Nagpur",BIOCHEMISTRY,-,-,-,-,-,-,-,-,-,-,-,-,-
AIIMS-All India,UR,Uttar Pradesh,"AIIMS, Rai Bareli",IHBT,-,-,-,-,-,1781,2476,3232,13363,-,2274,2692,12992
AIIMS-All India,ST,Delhi,"AIIMS, Delhi",GERIATRICS,-,-,-,-,-,-,-,-,-,-,-,-,-
AIIMS-All India,OBC,Punjab,"AIIMS, Bathinda",PHYSIOLOGY,-,-,-,-,-,8049,11406,13384,-,-,-,-,-
AIIMS-All India,ST,Maharashtra,"AIIMS, Nagpur",ENT,-,-,-,-,-,9244,10425,13439,-,-,-,-,-
AIIMS-All India,UR,West Bengal,"AIIMS, Kalyani",IHBT,-,-,-,-,-,-,-,-,10546,-,-,-,-
AIIMS-All India,ST,Assam,"AIIMS, Guwahati",OBG,-,-,-,-,-,7392,6769,7392,13519,-,-,-,-
AIIMS-Inst. Pref,UR-AIIMS-IP,West Bengal,"AIIMS, Kalyani",IHBT,-,-,-,-,-,-,-,-,-,-,-,-,-
AIIMS-All India,OBC,Gujarat,"AIIMS, Rajkot",MICROBIOLOGY,-,-,-,-,-,8946,8946,13567,-,2859,5395,12153,-
AIIMS-All India,SC,Delhi,"AIIMS, Delhi",FORENSIC MEDICINE,-,-,-,-,-,-,-,-,-,-,-,-,-
AIIMS-All India,SC,Uttar Pradesh,"AIIMS, Gorakhpur",PATHOLOGY,-,-,-,-,-,-,-,-,-,-,-,-,-
AIIMS-Inst. Pref,UR-AIIMS-IP,Andhra Pradesh,"AIIMS, Mangalagiri",PATHOLOGY,-,-,-,-,-,-,-,-,-,13649,1219,-,-
AIIMS-All India,EWS-PwD,Chhattisgarh,"AIIMS, Raipur",RADIO DIAGNOSIS,-,-,-,-,-,-,-,-,-,-,-,-,-
AIIMS-All India,UR,Uttarakhand,"AIIMS, Rishikesh",FORENSIC MEDICINE,-,-,-,-,-,2313,-,-,13701,1287,-,-,4228
AIIMS-All India,UR,Andhra Pradesh,"AIIMS, Mangalagiri",PHARMACOLOGY,-,-,-,-,-,-,4714,5984,13732,-,-,4088,10282
AIIMS-All India,SC,Rajasthan,"AIIMS, Jodhpur",EMERGENCY MEDICINE,-,-,-,-,-,3791,4730,6083,-,2254,3831,7785,13751
AIIMS-All India,SC,Gujarat,"AIIMS, Rajkot",ANAESTHESIOLOGY,-,-,-,-,-,-,-,-,-,5546,7187,9051,13752
AIIMS-All India,ST,Andhra Pradesh,"AIIMS, Mangalagiri",RADIATION ONCOLOGY,-,-,-,-,-,13426,8035,13758,-,-,-,-,-
AIIMS-All India,SC,Uttarakhand,"AIIMS, Rishikesh",PATHOLOGY,-,-,-,-,-,7607,6908,11064,13773,-,-,-,-
AIIMS-All India,OBC,Telangana,"AIIMS, Bibinagar",PHARMACOLOGY,-,-,-,-,-,-,-,-,-,-,-,-,-
AIIMS-All India,OBC,Maharashtra,"AIIMS, Nagpur",COMMUNITY MEDICINE,-,-,-,-,-,-,-,-,-,3662,3601,5778,13812
AIIMS-Inst. Pref,UR-AIIMS-IP,Odisha,"AIIMS, Bhubaneswar",PMR,-,-,-,-,-,-,-,-,-,1708,2907,13820,13820
AIIMS-All India,EWS,Maharashtra,"AIIMS, Nagpur",PMR,-,-,-,-,-,-,-,-,-,4018,3781,6097,13830
AIIMS-All India,UR,Assam,"AIIMS, Guwahati",IHBT,-,-,-,-,-,-,-,-,-,-,-,-,-
AIIMS-Inst. Pref,UR-AIIMS-IP,Uttarakhand,"AIIMS, Rishikesh",PHARMACOLOGY,-,-,-,-,-,-,-,-,-,-,-,-,-
PGIMER-All India,ST,Chandigarh,"PGIMER, Chandigarh",PSYCHIATRY,-,-,-,-,-,-,-,-,-,12420,9653,9727,13857
AIIMS-All India,OBC,Delhi,"AIIMS, Delhi",BIOCHEMISTRY,-,-,-,-,-,4892,4892,6839,10918,1149,3173,7372,-
AIIMS-All India,OBC,Uttarakhand,"AIIMS, Rishikesh",COMMUNITY MEDICINE,-,-,-,-,-,2481,3017,5703,14100,-,-,-,-
AIIMS-All India,EWS,Assam,"AIIMS, Guwahati",PMR,-,-,-,-,-,-,-,-,-,4049,4994,7100,14189
AIIMS-All India,OBC,Telangana,"AIIMS, Bibinagar",IHBT,-,-,-,-,-,-,-,-,-,3595,2617,5702,14208
AIIMS-All India,UR,Himachal Pradesh,"AIIMS, Bilaspur, Himachal",COMMUNITY & FAMILY MEDICINE,-,-,-,-,-,-,-,-,-,2444,2686,4333,14225
AIIMS-All India,ST,Uttar Pradesh,"AIIMS, Gorakhpur",ORTHOPAEDICS,-,-,-,-,-,5973,7832,11516,14369,-,-,-,-
AIIMS-All India,EWS,Telangana,"AIIMS, Bibinagar",PHYSIOLOGY,-,-,-,-,-,-,-,-,-,-,-,-,-
AIIMS-All India,ST,Chhattisgarh,"AIIMS, Raipur",OPHTHALMOLOGY,-,-,-,-,-,9011,9011,10313,14448,-,-,-,-
AIIMS-All India,UR,Uttarakhand,"AIIMS, Rishikesh",PHYSIOLOGY,-,-,-,-,-,-,-,-,-,-,-,-,-
AIIMS-All India,EWS,Jammu and Kashmir,"AIIMS, Jammu",PATHOLOGY,-,-,-,-,-,-,-,-,-,4105,5447,6157,14706
AIIMS-All India,SC,Himachal Pradesh,"AIIMS, Bilaspur, Himachal",IHBT,-,-,-,-,-,9797,10262,14771,-,-,-,-,-
AIIMS-Inst. Pref,UR-AIIMS-IP,Telangana,"AIIMS, Bibinagar",PATHOLOGY,-,-,-,-,-,14775,-,-,-,-,-,-,-
AIIMS-All India,ST,West Bengal,"AIIMS, Kalyani",ANAESTHESIOLOGY,-,-,-,-,-,12199,13597,14942,14942,-,-,-,-
AIIMS-All India,ST,Odisha,"AIIMS, Bhubaneswar",ANAESTHESIOLOGY,-,-,-,-,-,-,-,-,-,-,-,-,-
PGIMER-All India,OBC,Chandigarh,"PGIMER, Chandigarh",FORENSIC MEDICINE,-,-,-,-,-,-,-,-,-,-,-,-,-
JIPMER-All India,SC,Pondicherry,"JIPMER, Puducherry",COMMUNITY MEDICINE,-,-,-,-,-,-,8330,-,-,1443,-,-,-
AIIMS-All India,SC,Andhra Pradesh,"AIIMS, Mangalagiri",BIOCHEMISTRY,-,-,-,-,-,-,-,-,-,-,-,-,-
AIIMS-All India,SC,Rajasthan,"AIIMS, Jodhpur",HOSPITAL ADMINISTRATION,-,-,-,-,-,-,-,-,-,-,-,-,-
PGIMER-All India,ST,Chandigarh,"PGIMER, Chandigarh",COMMUNITY MEDICINE,-,-,-,-,-,-,-,-,-,-,-,-,-
AIIMS-Inst. Pref,UR-AIIMS-IP,Odisha,"AIIMS, Bhubaneswar",PATHOLOGY,-,-,-,-,-,1792,-,-,13771,6856,-,15170,7941
AIIMS-All India,OBC,Madhya Pradesh,"AIIMS, Bhopal",MICROBIOLOGY,-,-,-,-,-,4565,5270,11757,15173,-,-,-,-
AIIMS-All India,EWS,Delhi,"AIIMS, Delhi",BIOCHEMISTRY,-,-,-,-,-,-,-,-,-,3807,4653,10618,15220
AIIMS-All India,UR,Bihar,"AIIMS, Patna",PHARMACOLOGY,-,-,-,-,-,2366,-,6510,12290,-,1572,-,12921
AIIMS-All India,UR,Uttar Pradesh,"AIIMS, Gorakhpur",PHARMACOLOGY,-,-,-,-,-,-,-,-,-,-,-,5975,15321
AIIMS-All India,EWS,Uttar Pradesh,"AIIMS, Rai Bareli",FORENSIC MEDICINE,-,-,-,-,-,-,-,-,-,5447,15190,15190,15190
AIIMS-All India,UR,Telangana,"AIIMS, Bibinagar",PHARMACOLOGY,-,-,-,-,-,3582,5026,5026,15394,-,-,-,-
AIIMS-All India,OBC,Maharashtra,"AIIMS, Nagpur",PHYSIOLOGY,-,-,-,-,-,-,-,-,-,-,-,-,-
AIIMS-All India,ST,Uttarakhand,"AIIMS, Rishikesh",GERIATRICS,-,-,-,-,-,-,-,-,-,8620,13848,15421,-
AIIMS-All India,SC-PwD,Andhra Pradesh,"AIIMS, Mangalagiri",OBG,-,-,-,-,-,-,-,-,-,-,-,-,-
AIIMS-Inst. Pref,UR-AIIMS-IP,Madhya Pradesh,"AIIMS, Bhopal",PATHOLOGY,-,-,-,-,-,-,-,-,-,-,-,-,15491
AIIMS-All India,EWS,Andhra Pradesh,"AIIMS, Mangalagiri",IHBT,-,-,-,-,-,-,-,-,-,-,-,-,-
AIIMS-All India,OBC,Punjab,"AIIMS, Bathinda",ANATOMY,-,-,-,-,-,11406,6953,15577,-,-,-,-,-
AIIMS-All India,UR,Uttar Pradesh,"AIIMS, Gorakhpur",MICROBIOLOGY,-,-,-,-,-,5121,4509,6432,15614,-,-,5269,13910
AIIMS-All India,ST,Odisha,"AIIMS, Bhubaneswar",EMERGENCY MEDICINE,-,-,-,-,-,11257,11257,11257,-,-,-,-,-
AIIMS-All India,ST,Andhra Pradesh,"AIIMS, Mangalagiri",ENT,-,-,-,-,-,10425,13160,15640,-,-,-,-,-
AIIMS-All India,ST,Jammu and Kashmir,"AIIMS, Jammu",ORTHOPAEDICS,-,-,-,-,-,-,-,-,-,13891,15683,-,-
AIIMS-All India,SC,Uttarakhand,"AIIMS, Rishikesh",IHBT,-,-,-,-,-,-,-,-,-,-,-,-,-
AIIMS-All India,ST,Chhattisgarh,"AIIMS, Raipur",EMERGENCY MEDICINE,-,-,-,-,-,-,-,-,-,13544,15746,-,-
AIIMS-All India,OBC,Uttarakhand,"AIIMS, Rishikesh",FORENSIC MEDICINE,-,-,-,-,-,4291,4966,6613,15757,-,-,-,-
AIIMS-All India,ST,Uttarakhand,"AIIMS, Rishikesh",COMMUNITY MEDICINE,-,-,-,-,-,-,-,-,-,-,-,-,-
AIIMS-Inst. Pref,UR-AIIMS-IP,Bihar,"AIIMS, Patna",FORENSIC MEDICINE,-,-,-,-,-,7627,3047,12818,-,15835,15835,-,-
AIIMS-All India,ST,Maharashtra,"AIIMS, Nagpur",OPHTHALMOLOGY,-,-,-,-,-,-,-,-,-,11005,12422,15861,-
AIIMS-All India,UR,Telangana,"AIIMS, Bibinagar",FORENSIC MEDICINE,-,-,-,-,-,3492,3492,7780,-,-,-,-,15871
AIIMS-All India,ST,Chhattisgarh,"AIIMS, Raipur",ENT,-,-,-,-,-,-,-,-,-,-,-,-,-
AIIMS-Inst. Pref,UR-AIIMS-IP,Andhra Pradesh,"AIIMS, Mangalagiri",FORENSIC MEDICINE,-,-,-,-,-,8034,-,-,-,12739,-,-,-
AIIMS-All India,UR,Punjab,"AIIMS, Bathinda",FORENSIC MEDICINE,-,-,-,-,-,-,2594,2594,2594,-,-,-,-
AIIMS-All India,OBC,Uttar Pradesh,"AIIMS, Rai Bareli",IHBT,-,-,-,-,-,3908,4032,5377,9784,3486,4343,4790,16014
AIIMS-All India,OBC,Uttar Pradesh,"AIIMS, Rai Bareli",ANATOMY,-,-,-,-,-,13170,15039,16079,-,6679,10651,14812,-
AIIMS-Inst. Pref,UR-AIIMS-IP,Andhra Pradesh,"AIIMS, Mangalagiri",PSYCHIATRY,-,-,-,-,-,-,-,-,-,7303,13649,13649,16115
AIIMS-All India,SC,Uttarakhand,"AIIMS, Rishikesh",MICROBIOLOGY,-,-,-,-,-,-,-,-,-,-,-,-,-
PGIMER-All India,UR,Chandigarh,"PGIMER, Chandigarh",FORENSIC MEDICINE,-,-,-,-,-,2023,2313,3816,16130,-,-,-,-
AIIMS-All India,OBC,Uttarakhand,"AIIMS, Rishikesh",PHARMACOLOGY,-,-,-,-,-,-,-,-,-,-,-,-,-
AIIMS-All India,EWS,Telangana,"AIIMS, Bibinagar",MICROBIOLOGY,-,-,-,-,-,-,-,-,-,-,-,-,-
AIIMS-Inst. Pref,UR-AIIMS-IP,Andhra Pradesh,"AIIMS, Mangalagiri",FAMILY MEDICINE,-,-,-,-,-,-,-,-,-,-,-,-,-
AIIMS-All India,SC,Maharashtra,"AIIMS, Nagpur",COMMUNITY MEDICINE,-,-,-,-,-,-,-,-,-,7889,9378,16219,-
AIIMS-All India,ST,Jammu and Kashmir,"AIIMS, Jammu",OPHTHALMOLOGY,-,-,-,-,-,-,-,-,-,12422,16259,16259,-
AIIMS-All India,OBC,Delhi,"AIIMS, Delhi",MICROBIOLOGY,-,-,-,-,-,3847,3904,5444,13570,-,-,-,-
AIIMS-All India,OBC,Telangana,"AIIMS, Bibinagar",BIOCHEMISTRY,-,-,-,-,-,8361,8361,16319,-,-,-,-,-
AIIMS-All India,SC,Madhya Pradesh,"AIIMS, Bhopal",IHBT,-,-,-,-,-,-,-,-,16366,-,-,-,-
AIIMS-All India,UR,Himachal Pradesh,"AIIMS, Bilaspur, Himachal",PHARMACOLOGY,-,-,-,-,-,2704,5041,7428,16434,-,-,-,-
AIIMS-All India,SC,Uttar Pradesh,"AIIMS, Rai Bareli",PATHOLOGY,-,-,-,-,-,8607,8268,12149,16441,-,-,-,-
AIIMS-All India,SC,Telangana,"AIIMS, Bibinagar",COMMUNITY MEDICINE,-,-,-,-,-,-,-,-,-,-,-,-,-
PGIMER-All India,ST,Chandigarh,"PGIMER, Chandigarh",IHBT,-,-,-,-,-,16503,10520,16503,-,-,-,-,-
AIIMS-All India,UR,Jammu and Kashmir,"AIIMS, Jammu",COMMUNITY MEDICINE,-,-,-,-,-,2926,2926,3859,9556,2753,3143,4470,16566
AIIMS-All India,UR,Jammu and Kashmir,"AIIMS, Jammu",IHBT,-,-,-,-,-,-,-,-,-,2179,2520,2690,16569
AIIMS-All India,OBC,West Bengal,"AIIMS, Kalyani",COMMUNITY MEDICINE,-,-,-,-,-,4939,7069,8016,16572,-,-,-,-
AIIMS-Inst. Pref,UR-AIIMS-IP,Chhattisgarh,"AIIMS, Raipur",IHBT,-,-,-,-,-,4580,-,-,-,-,-,-,15364
PGIMER-All India,OBC,Chandigarh,"PGIMER, Chandigarh",PHARMACOLOGY,-,-,-,-,-,2686,3006,9551,16634,-,-,-,-
AIIMS-All India,OBC,Rajasthan,"AIIMS, Jodhpur",HOSPITAL ADMINISTRATION,-,-,-,-,-,-,-,-,-,2954,4000,6747,16666
AIIMS-All India,UR-PwD,West Bengal,"AIIMS, Kalyani",PSYCHIATRY,-,-,-,-,-,-,-,-,-,-,-,-,-
AIIMS-All India,UR,Rajasthan,"AIIMS, Jodhpur",MICROBIOLOGY,-,-,-,-,-,-,3370,5280,6432,-,3460,4448,16674
AIIMS-All India,OBC,Gujarat,"AIIMS, Rajkot",PHYSIOLOGY,-,-,-,-,-,-,-,-,-,10847,11778,13636,-
AIIMS-All India,OBC,Andhra Pradesh,"AIIMS, Mangalagiri",IHBT,-,-,-,-,-,-,-,-,-,3304,3705,5713,16854
PGIMER-All India,ST,Chandigarh,"PGIMER, Chandigarh",ORTHOPAEDICS,-,-,-,-,-,-,-,-,-,7002,8902,16861,-
AIIMS-Inst. Pref,UR-AIIMS-IP,Uttarakhand,"AIIMS, Rishikesh",COMMUNITY MEDICINE,-,-,-,-,-,1902,16872,16872,-,-,-,-,-
JIPMER-All India,EWS,Pondicherry,"JIPMER, Puducherry",MICROBIOLOGY,-,-,-,-,-,-,-,-,-,-,-,-,-
AIIMS-All India,UR,Assam,"AIIMS, Guwahati",MICROBIOLOGY,-,-,-,-,-,4127,5265,8873,14891,-,-,-,-
AIIMS-All India,OBC,Uttar Pradesh,"AIIMS, Gorakhpur",ANATOMY,-,-,-,-,-,-,-,-,-,6317,11386,17151,-
AIIMS-All India,UR,Himachal Pradesh,"AIIMS, Bilaspur, Himachal",FORENSIC MEDICINE,-,-,-,-,-,1842,5634,6505,17168,-,-,-,-
AIIMS-All India,ST,Rajasthan,"AIIMS, Jodhpur",ORTHOPAEDICS,-,-,-,-,-,-,-,-,-,8902,10243,17302,-
AIIMS-All India,OBC,Jammu and Kashmir,"AIIMS, Jammu",ANATOMY,-,-,-,-,-,-,-,-,-,10651,9779,17327,-
AIIMS-Inst. Pref,UR-AIIMS-IP,Madhya Pradesh,"AIIMS, Bhopal",HOSPITAL ADMINISTRATION,-,-,-,-,-,-,-,-,-,7710,8406,8575,-
AIIMS-Inst. Pref,UR-AIIMS-IP,Odisha,"AIIMS, Bhubaneswar",RADIATION ONCOLOGY,-,-,-,-,-,-,-,-,-,-,-,-,-
AIIMS-All India,ST,Assam,"AIIMS, Guwahati",ENT,-,-,-,-,-,-,-,-,-,-,-,-,-
JIPMER-All India,ST,Pondicherry,"JIPMER, Puducherry",ENT,-,-,-,-,-,3480,9219,-,14539,9761,-,17392,-
AIIMS-All India,SC,Uttar Pradesh,"AIIMS, Gorakhpur",MICROBIOLOGY,-,-,-,-,-,13217,17403,17403,-,-,-,-,-
AIIMS-All India,SC,Andhra Pradesh,"AIIMS, Mangalagiri",COMMUNITY MEDICINE,-,-,-,-,-,-,-,-,-,-,-,-,-
AIIMS-All India,SC,Andhra Pradesh,"AIIMS, Mangalagiri",FORENSIC MEDICINE,-,-,-,-,-,-,-,-,-,-,-,-,-
AIIMS-All India,EWS,Delhi,"AIIMS, Delhi",BIOPHYSICS,-,-,-,-,-,7410,1660,1660,1660,-,-,-,-
AIIMS-All India,EWS,Bihar,"AIIMS, Patna",IHBT,-,-,-,-,-,3956,4923,9570,17638,-,-,-,-
AIIMS-All India,OBC,Uttar Pradesh,"AIIMS, Rai Bareli",PHARMACOLOGY,-,-,-,-,-,5802,8449,15154,17739,-,-,-,-
AIIMS-Inst. Pref,UR-AIIMS-IP,Odisha,"AIIMS, Bhubaneswar",PLASTIC SURGERY 6 YRS,-,-,-,-,-,-,1472,-,-,-,-,-,-
AIIMS-All India,ST,Odisha,"AIIMS, Bhubaneswar",PMR,-,-,-,-,-,-,-,-,-,-,-,-,-
AIIMS-All India,OBC,Bihar,"AIIMS, Patna",IHBT,-,-,-,-,-,-,-,-,-,2281,3939,6349,17998
AIIMS-All India,EWS-PwD,Bihar,"AIIMS, Patna",RADIO DIAGNOSIS,-,-,-,-,-,-,-,-,-,-,-,-,-
AIIMS-All India,ST,West Bengal,"AIIMS, Kalyani",OPHTHALMOLOGY,-,-,-,-,-,-,-,-,-,-,-,-,-
AIIMS-All India,SC,Jammu and Kashmir,"AIIMS, Jammu",COMMUNITY MEDICINE,-,-,-,-,-,-,-,-,-,10181,11225,18161,-
AIIMS-All India,SC,Madhya Pradesh,"AIIMS, Bhopal",BIOCHEMISTRY,-,-,-,-,-,-,-,-,-,-,-,-,-
AIIMS-All India,UR-PwD,Madhya Pradesh,"AIIMS, Bhopal",PAEDIATRICS,-,-,-,-,-,18204,-,-,-,-,-,-,-
AIIMS-All India,ST,Madhya Pradesh,"AIIMS, Bhopal",IHBT,-,-,-,-,-,16505,16505,18206,-,-,-,-,-
AIIMS-All India,OBC,Andhra Pradesh,"AIIMS, Mangalagiri",PHARMACOLOGY,-,-,-,-,-,-,-,-,-,-,-,-,-
AIIMS-All India,ST,Maharashtra,"AIIMS, Nagpur",ANAESTHESIOLOGY,-,-,-,-,-,-,-,-,-,12926,15449,18366,-
AIIMS-All India,ST,Rajasthan,"AIIMS, Jodhpur",EMERGENCY MEDICINE,-,-,-,-,-,-,-,-,-,13308,13308,18379,17513
AIIMS-All India,ST,West Bengal,"AIIMS, Kalyani",IHBT,-,-,-,-,-,17235,17235,18459,-,-,-,-,-
AIIMS-All India,UR-PwD,Uttarakhand,"AIIMS, Rishikesh",GENERAL SURGERY,-,-,-,-,-,18464,18464,-,-,-,-,-,-
AIIMS-Inst. Pref,UR-AIIMS-IP,Uttar Pradesh,"AIIMS, Gorakhpur",IHBT,-,-,-,-,-,-,-,-,-,-,-,-,-
AIIMS-All India,ST,Uttarakhand,"AIIMS, Rishikesh",PHARMACOLOGY,-,-,-,-,-,18525,18525,-,-,-,-,-,-
AIIMS-All India,ST,Chhattisgarh,"AIIMS, Raipur",ANAESTHESIOLOGY,-,-,-,-,-,10679,12199,13507,18536,-,-,-,-
AIIMS-Inst. Pref,UR-AIIMS-IP,Uttar Pradesh,"AIIMS, Gorakhpur",ANATOMY,-,-,-,-,-,-,-,-,-,-,-,-,-
AIIMS-All India,ST,Uttar Pradesh,"AIIMS, Rai Bareli",OPHTHALMOLOGY,-,-,-,-,-,-,-,-,-,12619,12619,18637,18637
AIIMS-All India,ST,Andhra Pradesh,"AIIMS, Mangalagiri",PHYSIOLOGY,-,-,-,-,-,-,-,-,-,10706,18638,-,-
AIIMS-All India,EWS,Uttarakhand,"AIIMS, Rishikesh",BIOCHEMISTRY,-,-,-,-,-,-,-,-,-,-,-,-,-
AIIMS-All India,ST,Uttar Pradesh,"AIIMS, Gorakhpur",EMERGENCY MEDICINE,-,-,-,-,-,10384,13439,14110,18719,-,-,-,-
AIIMS-All India,ST,Delhi,"AIIMS, Delhi",BIOCHEMISTRY,-,-,-,-,-,18758,13501,18758,-,-,-,-,-
AIIMS-All India,SC,Delhi,"AIIMS, Delhi",BIOCHEMISTRY,-,-,-,-,-,-,-,-,18791,11739,11739,18390,-
AIIMS-All India,EWS,Uttar Pradesh,"AIIMS, Rai Bareli",MICROBIOLOGY,-,-,-,-,-,9886,9886,17882,-,10716,17474,18805,-
JIPMER-All India,EWS,Pondicherry,"JIPMER, Puducherry",ANATOMY,-,-,-,-,-,-,-,18907,-,-,10091,-,-
AIIMS-All India,SC,Telangana,"AIIMS, Bibinagar",COMMUNITY & FAMILY MEDICINE,-,-,-,-,-,-,-,-,18908,-,-,-,-
AIIMS-All India,ST,Andhra Pradesh,"AIIMS, Mangalagiri",HOSPITAL ADMINISTRATION,-,-,-,-,-,-,-,-,-,-,-,-,-
AIIMS-All India,EWS,Maharashtra,"AIIMS, Nagpur",FAMILY MEDICINE,-,-,-,-,-,-,-,-,-,3080,3047,4625,18952
AIIMS-All India,ST,Andhra Pradesh,"AIIMS, Mangalagiri",ORTHOPAEDICS,-,-,-,-,-,-,-,-,-,-,-,-,-
AIIMS-All India,OBC,Odisha,"AIIMS, Bhubaneswar",PHARMACOLOGY,-,-,-,-,-,6446,4897,11506,19124,4872,5880,8448,9362
AIIMS-Inst. Pref,UR-AIIMS-IP,Madhya Pradesh,"AIIMS, Bhopal",FORENSIC MEDICINE,-,-,-,-,-,-,16203,19259,-,14518,14518,-,-
AIIMS-All India,SC,Uttarakhand,"AIIMS, Rishikesh",PHARMACOLOGY,-,-,-,-,-,-,-,-,19265,-,-,-,-
AIIMS-Inst. Pref,UR-AIIMS-IP,Odisha,"AIIMS, Bhubaneswar",BIOCHEMISTRY,-,-,-,-,-,7248,-,-,-,2611,19311,-,19311
AIIMS-Inst. Pref,UR-AIIMS-IP,Uttar Pradesh,"AIIMS, Gorakhpur",BIOCHEMISTRY,-,-,-,-,-,-,-,-,-,-,-,-,-
AIIMS-Inst. Pref,UR-AIIMS-IP,West Bengal,"AIIMS, Kalyani",HOSPITAL ADMINISTRATION,-,-,-,-,-,-,-,-,-,-,-,-,-
AIIMS-All India,UR,Uttarakhand,"AIIMS, Rishikesh",BIOCHEMISTRY,-,-,-,-,-,3826,4364,6055,19388,-,-,-,15755
JIPMER-All India,ST,Pondicherry,"JIPMER, Puducherry",PMR,-,-,-,-,-,-,-,-,-,-,13151,-,-
AIIMS-All India,ST,Maharashtra,"AIIMS, Nagpur",PMR,-,-,-,-,-,-,-,-,-,-,-,-,-
AIIMS-All India,UR-PwD,Maharashtra,"AIIMS, Nagpur",GENERAL SURGERY,-,-,-,-,-,19450,-,-,-,-,-,-,-
AIIMS-All India,UR-PwD,Madhya Pradesh,"AIIMS, Bhopal",RADIATION ONCOLOGY,-,-,-,-,-,-,19450,-,-,-,-,-,-
AIIMS-All India,OBC,Rajasthan,"AIIMS, Jodhpur",FORENSIC MEDICINE,-,-,-,-,-,-,-,-,-,4533,6194,9394,19459
AIIMS-Inst. Pref,UR-AIIMS-IP,Uttarakhand,"AIIMS, Rishikesh",PHYSIOLOGY,-,-,-,-,-,-,-,-,-,17267,19503,-,-
AIIMS-All India,UR-PwD,West Bengal,"AIIMS, Kalyani",ORTHOPAEDICS,-,-,-,-,-,19545,-,-,-,-,-,-,-
AIIMS-All India,OBC,Jammu and Kashmir,"AIIMS, Jammu",PATHOLOGY,-,-,-,-,-,3333,4122,5270,-,3529,4067,5807,19618
AIIMS-All India,EWS,Gujarat,"AIIMS, Rajkot",MICROBIOLOGY,-,-,-,-,-,-,-,-,-,-,-,-,-
AIIMS-All India,EWS,Maharashtra,"AIIMS, Nagpur",PHYSIOLOGY,-,-,-,-,-,-,-,-,-,-,-,-,-
AIIMS-All India,EWS,Telangana,"AIIMS, Bibinagar",BIOCHEMISTRY,-,-,-,-,-,14282,14282,14282,-,-,-,-,-
AIIMS-All India,ST,Uttar Pradesh,"AIIMS, Rai Bareli",PMR,-,-,-,-,-,15066,16802,19734,-,-,-,-,-
AIIMS-All India,SC,Telangana,"AIIMS, Bibinagar",MICROBIOLOGY,-,-,-,-,-,-,-,-,-,-,-,-,-
AIIMS-All India,EWS,Madhya Pradesh,"AIIMS, Bhopal",ANATOMY,-,-,-,-,-,19860,11500,-,-,-,-,-,-
AIIMS-All India,OBC,Assam,"AIIMS, Guwahati",MICROBIOLOGY,-,-,-,-,-,8568,10682,13570,19880,6761,6761,12561,-
AIIMS-All India,UR,Madhya Pradesh,"AIIMS, Bhopal",MICROBIOLOGY,-,-,-,-,-,-,-,-,-,1376,2994,-,19929
AIIMS-All India,UR,Gujarat,"AIIMS, Rajkot",PHYSIOLOGY,-,-,-,-,-,3393,737,8787,-,4461,4571,6283,-
PGIMER-All India,SC,Chandigarh,"PGIMER, Chandigarh",MICROBIOLOGY,-,-,-,-,-,6656,10432,16193,20048,-,-,-,-
AIIMS-All India,SC,Jammu and Kashmir,"AIIMS, Jammu",IHBT,-,-,-,-,-,-,-,-,-,8103,12336,20065,-
AIIMS-All India,SC,Rajasthan,"AIIMS, Jodhpur",PHYSIOLOGY,-,-,-,-,-,7810,7810,20071,-,-,-,-,-
AIIMS-All India,SC,Uttar Pradesh,"AIIMS, Rai Bareli",FORENSIC MEDICINE,-,-,-,-,-,11304,12236,20073,-,-,-,-,-
AIIMS-All India,OBC-PwD,Madhya Pradesh,"AIIMS, Bhopal",PAEDIATRICS,-,-,-,-,-,-,20074,20074,-,-,-,-,-
AIIMS-All India,SC,West Bengal,"AIIMS, Kalyani",FORENSIC MEDICINE,-,-,-,-,-,-,-,-,-,-,-,-,-
JIPMER-All India,ST,Pondicherry,"JIPMER, Puducherry",MICROBIOLOGY,-,-,-,-,-,-,-,20088,-,-,-,-,-
AIIMS-All India,OBC,Uttar Pradesh,"AIIMS, Rai Bareli",COMMUNITY MEDICINE,-,-,-,-,-,-,-,-,-,4494,5868,7490,20134
AIIMS-All India,SC,Andhra Pradesh,"AIIMS, Mangalagiri",IHBT,-,-,-,-,-,-,-,-,-,-,-,-,-
AIIMS-Inst. Pref,UR-AIIMS-IP,Uttarakhand,"AIIMS, Rishikesh",FORENSIC MEDICINE,-,-,-,-,-,-,1994,8654,-,-,17267,20141,-
AIIMS-All India,OBC,Jammu and Kashmir,"AIIMS, Jammu",MICROBIOLOGY,-,-,-,-,-,9279,11531,15850,20184,-,-,-,-
AIIMS-All India,EWS,Gujarat,"AIIMS, Rajkot",FORENSIC MEDICINE,-,-,-,-,-,8000,10369,20185,-,-,-,-,-
AIIMS-All India,UR,Uttar Pradesh,"AIIMS, Rai Bareli",PHARMACOLOGY,-,-,-,-,-,5083,5083,7914,20185,2323,-,4649,11929
AIIMS-All India,EWS,Uttarakhand,"AIIMS, Rishikesh",IHBT,-,-,-,-,-,-,-,-,-,-,-,-,-
AIIMS-All India,SC,Bihar,"AIIMS, Patna",PMR,-,-,-,-,-,6589,10129,14959,20357,-,-,-,-
AIIMS-All India,OBC-PwD,Himachal Pradesh,"AIIMS, Bilaspur, Himachal",ORTHOPAEDICS,-,-,-,-,-,-,-,-,-,-,-,-,-
AIIMS-All India,SC,Chhattisgarh,"AIIMS, Raipur",BIOCHEMISTRY,-,-,-,-,-,15545,20365,20563,-,-,-,-,-
AIIMS-All India,SC,Uttar Pradesh,"AIIMS, Rai Bareli",PMR,-,-,-,-,-,-,-,-,20651,-,-,-,-
AIIMS-All India,ST,Delhi,"AIIMS, Delhi",PHARMACOLOGY,-,-,-,-,-,-,-,-,-,-,-,-,-
AIIMS-All India,SC,Uttar Pradesh,"AIIMS, Rai Bareli",MICROBIOLOGY,-,-,-,-,-,-,-,-,-,-,-,-,-
AIIMS-All India,ST,West Bengal,"AIIMS, Kalyani",PSYCHIATRY,-,-,-,-,-,-,-,-,-,-,-,-,-
AIIMS-All India,SC,Bihar,"AIIMS, Patna",BIOCHEMISTRY,-,-,-,-,-,-,-,-,-,-,-,-,-
AIIMS-All India,ST,Madhya Pradesh,"AIIMS, Bhopal",PSYCHIATRY,-,-,-,-,-,-,-,-,-,8897,8897,20688,-
AIIMS-All India,SC,Bihar,"AIIMS, Patna",PHYSIOLOGY,-,-,-,-,-,-,-,-,-,-,-,-,-
JIMPER-Inst. Pref,INST (JIPMER)-PwD,Pondicherry,"JIPMER, Puducherry",PSYCHIATRY,-,-,-,-,-,-,-,-,-,-,20715,-,-
AIIMS-All India,SC,West Bengal,"AIIMS, Kalyani",MICROBIOLOGY,-,-,-,-,-,13097,17234,20261,-,-,-,-,-
AIIMS-All India,SC,Telangana,"AIIMS, Bibinagar",FORENSIC MEDICINE,-,-,-,-,-,-,-,-,-,11987,11831,20761,-
AIIMS-All India,SC,Rajasthan,"AIIMS, Jodhpur",FAMILY MEDICINE,-,-,-,-,-,-,-,-,-,5114,7407,12710,20763
AIIMS-All India,UR,Chhattisgarh,"AIIMS, Raipur",PHYSIOLOGY,-,-,-,-,-,-,5936,-,-,2697,-,5586,20787
AIIMS-All India,SC,Jammu and Kashmir,"AIIMS, Jammu",PATHOLOGY,-,-,-,-,-,9351,11578,12924,17895,-,-,-,20788
AIIMS-All India,SC,Himachal Pradesh,"AIIMS, Bilaspur, Himachal",PATHOLOGY,-,-,-,-,-,8829,9499,12211,20869,-,-,-,-
AIIMS-All India,SC,Andhra Pradesh,"AIIMS, Mangalagiri",ANATOMY,-,-,-,-,-,20963,15282,-,-,-,-,-,-
AIIMS-All India,EWS,Andhra Pradesh,"AIIMS, Mangalagiri",BIOCHEMISTRY,-,-,-,-,-,15062,9064,20974,9064,-,-,-,-
PGIMER-All India,SC,Chandigarh,"PGIMER, Chandigarh",PHARMACOLOGY,-,-,-,-,-,-,-,-,21003,-,-,-,-
AIIMS-All India,SC,Jharkhand,"AIIMS, Deoghar",BIOCHEMISTRY,-,-,-,-,-,21003,20427,-,-,-,-,-,-
AIIMS-All India,SC,Uttar Pradesh,"AIIMS, Rai Bareli",IHBT,-,-,-,-,-,-,-,-,-,-,-,-,-
JIPMER-All India,UR,Pondicherry,"JIPMER, Puducherry",PHYSIOLOGY,-,-,-,-,-,3129,3129,-,21008,-,-,-,16237
AIIMS-Inst. Pref,UR-AIIMS-IP,Delhi,"AIIMS, Delhi",GERIATRICS,-,-,-,-,-,1037,6773,6773,-,4206,5649,21056,-
AIIMS-All India,SC,Jammu and Kashmir,"AIIMS, Jammu",MICROBIOLOGY,-,-,-,-,-,-,-,-,-,16270,18143,21086,-
AIIMS-All India,UR,Odisha,"AIIMS, Bhubaneswar",PHYSIOLOGY,-,-,-,-,-,-,-,6742,21088,-,-,-,17529
AIIMS-All India,SC,West Bengal,"AIIMS, Kalyani",PATHOLOGY,-,-,-,-,-,6351,6351,11466,21097,-,-,-,-
AIIMS-All India,ST,West Bengal,"AIIMS, Kalyani",COMMUNITY MEDICINE,-,-,-,-,-,-,-,-,-,-,-,-,-
AIIMS-All India,OBC,Uttar Pradesh,"AIIMS, Rai Bareli",MICROBIOLOGY,-,-,-,-,-,7856,8687,13237,21199,-,-,-,-
AIIMS-All India,UR,Rajasthan,"AIIMS, Jodhpur",PHYSIOLOGY,-,-,-,-,-,-,-,-,-,2793,3362,5489,15980
AIIMS-All India,ST,Uttar Pradesh,"AIIMS, Rai Bareli",ANAESTHESIOLOGY,-,-,-,-,-,-,-,-,-,15596,16229,21308,-
AIIMS-All India,ST,Himachal Pradesh,"AIIMS, Bilaspur, Himachal",ANAESTHESIOLOGY,-,-,-,-,-,-,-,-,-,15861,11639,21330,-
AIIMS-All India,SC,Jammu and Kashmir,"AIIMS, Jammu",PHARMACOLOGY,-,-,-,-,-,15839,16425,21354,-,-,-,-,-
AIIMS-All India,ST,Odisha,"AIIMS, Bhubaneswar",ENT,-,-,-,-,-,9938,9991,13160,21367,-,-,-,-
AIIMS-All India,EWS,Jharkhand,"AIIMS, Deoghar",COMMUNITY & FAMILY MEDICINE,-,-,-,-,-,-,-,-,-,7674,7353,8107,21379
AIIMS-All India,UR,Odisha,"AIIMS, Bhubaneswar",FORENSIC MEDICINE,-,-,-,-,-,2375,2380,5134,21430,-,1816,4225,-
AIIMS-All India,SC,Madhya Pradesh,"AIIMS, Bhopal",PHARMACOLOGY,-,-,-,-,-,-,-,-,-,13227,13227,21466,-
AIIMS-All India,ST,Andhra Pradesh,"AIIMS, Mangalagiri",PSYCHIATRY,-,-,-,-,-,9219,14789,17448,21633,-,-,-,-
AIIMS-All India,SC,Maharashtra,"AIIMS, Nagpur",PHYSIOLOGY,-,-,-,-,-,20563,18615,21661,-,-,-,-,-
AIIMS-All India,EWS,Jammu and Kashmir,"AIIMS, Jammu",PHYSIOLOGY,-,-,-,-,-,-,-,-,-,21379,21733,-,-
AIIMS-Inst. Pref,UR-AIIMS-IP,Andhra Pradesh,"AIIMS, Mangalagiri",PHARMACOLOGY,-,-,-,-,-,21744,-,-,-,11273,2742,-,-
AIIMS-All India,SC,Madhya Pradesh,"AIIMS, Bhopal",MICROBIOLOGY,-,-,-,-,-,-,-,-,-,14112,14158,21035,-
AIIMS-All India,SC,Maharashtra,"AIIMS, Nagpur",FORENSIC MEDICINE,-,-,-,-,-,-,-,-,-,11512,12283,21785,-
AIIMS-All India,ST,Assam,"AIIMS, Guwahati",RADIATION ONCOLOGY,-,-,-,-,-,-,-,-,-,-,-,-,-
AIIMS-Inst. Pref,UR-AIIMS-IP,Bihar,"AIIMS, Patna",PATHOLOGY,-,-,-,-,-,-,-,-,-,-,6512,21802,-
AIIMS-All India,SC,Telangana,"AIIMS, Bibinagar",PHARMACOLOGY,-,-,-,-,-,12073,12493,21809,-,-,-,-,-
AIIMS-All India,ST,Chhattisgarh,"AIIMS, Raipur",COMMUNITY MEDICINE,-,-,-,-,-,-,-,-,-,19493,19493,21855,-
AIIMS-Inst. Pref,UR-AIIMS-IP,Rajasthan,"AIIMS, Jodhpur",ANATOMY,-,-,-,-,-,-,-,-,-,-,3790,-,-
AIIMS-Inst. Pref,UR-AIIMS-IP,Bihar,"AIIMS, Patna",MICROBIOLOGY,-,-,-,-,-,4219,-,-,-,-,17389,-,21859
AIIMS-Inst. Pref,UR-AIIMS-IP,Chhattisgarh,"AIIMS, Raipur",MICROBIOLOGY,-,-,-,-,-,-,-,-,21907,2487,-,-,-
AIIMS-All India,UR-PwD,Bihar,"AIIMS, Patna",ORTHOPAEDICS,-,-,-,-,-,-,-,-,-,-,-,-,-
AIIMS-Inst. Pref,UR-AIIMS-IP,West Bengal,"AIIMS, Kalyani",COMMUNITY MEDICINE,-,-,-,-,-,18038,-,-,-,-,-,-,-
AIIMS-All India,EWS,Andhra Pradesh,"AIIMS, Mangalagiri",ANATOMY,-,-,-,-,-,-,-,-,-,-,-,-,-
AIIMS-Inst. Pref,UR-AIIMS-IP,Odisha,"AIIMS, Bhubaneswar",HOSPITAL ADMINISTRATION,-,-,-,-,-,-,-,-,-,13820,12876,-,-
AIIMS-All India,SC,Gujarat,"AIIMS, Rajkot",COMMUNITY & FAMILY MEDICINE,-,-,-,-,-,-,-,-,-,-,-,-,-
AIIMS-All India,SC,Maharashtra,"AIIMS, Nagpur",ANATOMY,-,-,-,-,-,-,-,-,-,-,-,-,-
AIIMS-Inst. Pref,UR-AIIMS-IP,West Bengal,"AIIMS, Kalyani",PSYCHIATRY,-,-,-,-,-,6631,18038,-,22070,-,-,-,-
AIIMS-All India,ST,Rajasthan,"AIIMS, Jodhpur",HOSPITAL ADMINISTRATION,-,-,-,-,-,-,-,-,-,-,-,-,-
AIIMS-All India,UR-PwD,Maharashtra,"AIIMS, Nagpur",RADIO DIAGNOSIS,-,-,-,-,-,-,-,-,-,22191,22191,-,-
AIIMS-All India,OBC,Assam,"AIIMS, Guwahati",FORENSIC MEDICINE,-,-,-,-,-,-,-,-,-,-,-,-,-
AIIMS-All India,ST,Uttar Pradesh,"AIIMS, Rai Bareli",COMMUNITY MEDICINE,-,-,-,-,-,22304,19381,20710,-,-,-,-,-
PGIMER-All India,ST,Chandigarh,"PGIMER, Chandigarh",PATHOLOGY,-,-,-,-,-,8856,8418,-,-,-,-,-,-
AIIMS-All India,OBC,Maharashtra,"AIIMS, Nagpur",HOSPITAL ADMINISTRATION,-,-,-,-,-,-,-,-,-,3633,5018,7190,22358
AIIMS-All India,OBC,West Bengal,"AIIMS, Kalyani",MICROBIOLOGY,-,-,-,-,-,9037,10735,13944,16388,7324,6800,12319,22359
AIIMS-All India,SC,Gujarat,"AIIMS, Rajkot",PHYSIOLOGY,-,-,-,-,-,-,-,-,-,-,-,-,-
AIIMS-Inst. Pref,UR-AIIMS-IP,Odisha,"AIIMS, Bhubaneswar",PHARMACOLOGY,-,-,-,-,-,-,15480,15480,-,-,-,-,-
JIPMER-All India,ST,Pondicherry,"JIPMER, Puducherry",FORENSIC MEDICINE,-,-,-,-,-,-,14350,-,-,-,-,-,-
AIIMS-All India,SC,Chhattisgarh,"AIIMS, Raipur",PHYSIOLOGY,-,-,-,-,-,12331,17644,22429,18921,-,-,-,-
AIIMS-All India,UR,Madhya Pradesh,"AIIMS, Bhopal",PHYSIOLOGY,-,-,-,-,-,-,-,-,19680,-,-,-,17675
AIIMS-All India,SC,Madhya Pradesh,"AIIMS, Bhopal",PHYSIOLOGY,-,-,-,-,-,11694,11694,20534,-,-,-,-,-
AIIMS-All India,OBC-PwD,Rajasthan,"AIIMS, Jodhpur",DERMATOLOGY,-,-,-,-,-,12963,12963,-,-,22468,22468,22468,-
AIIMS-All India,ST,Maharashtra,"AIIMS, Nagpur",PSYCHIATRY,-,-,-,-,-,-,-,-,-,9129,9129,21181,22529
AIIMS-All India,ST,Uttarakhand,"AIIMS, Rishikesh",PATHOLOGY,-,-,-,-,-,-,-,-,-,-,-,-,-
AIIMS-All India,SC,Assam,"AIIMS, Guwahati",ANATOMY,-,-,-,-,-,22712,21278,-,-,-,-,-,-
AIIMS-All India,OBC,Punjab,"AIIMS, Bathinda",MICROBIOLOGY,-,-,-,-,-,-,-,-,-,-,-,-,-
AIIMS-All India,EWS,Gujarat,"AIIMS, Rajkot",BIOCHEMISTRY,-,-,-,-,-,-,-,-,-,-,-,-,-
AIIMS-All India,ST,Uttar Pradesh,"AIIMS, Gorakhpur",OPHTHALMOLOGY,-,-,-,-,-,-,-,-,-,14314,15421,22767,-
AIIMS-Inst. Pref,UR-AIIMS-IP,Rajasthan,"AIIMS, Jodhpur",FORENSIC MEDICINE,-,-,-,-,-,7546,11164,22811,-,5562,22741,-,-
AIIMS-Inst. Pref,UR-AIIMS-IP,West Bengal,"AIIMS, Kalyani",FORENSIC MEDICINE,-,-,-,-,-,-,-,-,-,-,-,-,-
AIIMS-All India,ST,Odisha,"AIIMS, Bhubaneswar",COMMUNITY MEDICINE,-,-,-,-,-,-,-,-,-,-,-,-,-
AIIMS-All India,ST,Delhi,"AIIMS, Delhi",HOSPITAL ADMINISTRATION,-,-,-,-,-,-,-,-,-,11877,16167,20327,22961
AIIMS-All India,UR,Jammu and Kashmir,"AIIMS, Jammu",HOSPITAL ADMINISTRATION,-,-,-,-,-,-,-,-,-,1637,2179,3376,23021
AIIMS-All India,UR,Chhattisgarh,"AIIMS, Raipur",ANATOMY,-,-,-,-,-,-,-,8591,-,-,-,-,-
AIIMS-All India,OBC,Chhattisgarh,"AIIMS, Raipur",PHARMACOLOGY,-,-,-,-,-,6515,6995,11524,23249,-,-,-,-
AIIMS-All India,SC,Chhattisgarh,"AIIMS, Raipur",FORENSIC MEDICINE,-,-,-,-,-,-,-,-,-,9399,9399,23349,-
AIIMS-All India,UR,Himachal Pradesh,"AIIMS, Bilaspur, Himachal",BIOCHEMISTRY,-,-,-,-,-,-,-,-,23420,-,-,-,-
AIIMS-All India,ST,Uttarakhand,"AIIMS, Rishikesh",MICROBIOLOGY,-,-,-,-,-,11312,18321,23484,-,-,-,-,-
AIIMS-All India,EWS,Chhattisgarh,"AIIMS, Raipur",PHYSIOLOGY,-,-,-,-,-,-,-,-,-,17436,20262,23551,-
AIIMS-All India,UR,Rajasthan,"AIIMS, Jodhpur",FORENSIC MEDICINE,-,-,-,-,-,-,-,-,17142,1244,1244,3992,23560
AIIMS-All India,ST,Uttar Pradesh,"AIIMS, Gorakhpur",PATHOLOGY,-,-,-,-,-,-,-,-,-,-,-,-,-
JIPMER-All India,UR-PwD,Pondicherry,"JIPMER, Puducherry",DERMATOLOGY,-,-,-,-,-,10100,23576,-,-,-,-,-,-
NIMHANS-NE Domicile,UR-PwD-North East Domicile,Karnataka,"NIMHANS, Bangalore",PSYCHIATRY,-,-,-,-,-,23576,-,-,-,-,-,-,-
AIIMS-All India,ST,Madhya Pradesh,"AIIMS, Bhopal",COMMUNITY MEDICINE,-,-,-,-,-,-,-,-,-,16351,18075,23582,-
AIIMS-All India,SC-PwD,Odisha,"AIIMS, Bhubaneswar",GENERAL SURGERY,-,-,-,-,-,-,-,-,-,-,-,-,-
JIPMER-All India,UR-PwD,Pondicherry,"JIPMER, Puducherry",OBG,-,-,-,-,-,-,-,-,95,-,-,-,-
AIIMS-All India,SC,Himachal Pradesh,"AIIMS, Bilaspur, Himachal",MICROBIOLOGY,-,-,-,-,-,-,-,-,-,-,-,-,-
AIIMS-All India,EWS,Telangana,"AIIMS, Bibinagar",COMMUNITY MEDICINE,-,-,-,-,-,-,-,-,-,-,-,-,-
AIIMS-All India,OBC,Himachal Pradesh,"AIIMS, Bilaspur, Himachal",PHYSIOLOGY,-,-,-,-,-,-,-,-,-,-,-,-,-
AIIMS-All India,OBC,Jammu and Kashmir,"AIIMS, Jammu",COMMUNITY MEDICINE,-,-,-,-,-,3966,5858,9071,14904,4546,5938,7866,23822
AIIMS-All India,UR,Telangana,"AIIMS, Bibinagar",PHYSIOLOGY,-,-,-,-,-,5420,5758,8973,23856,-,-,-,-
AIIMS-All India,SC,Jharkhand,"AIIMS, Deoghar",MICROBIOLOGY,-,-,-,-,-,-,-,-,-,5910,18080,23880,-
AIIMS-All India,ST,Maharashtra,"AIIMS, Nagpur",PHARMACOLOGY,-,-,-,-,-,-,-,-,-,-,-,-,-
AIIMS-All India,ST,Maharashtra,"AIIMS, Nagpur",ANATOMY,-,-,-,-,-,-,-,-,-,-,-,-,-
AIIMS-Inst. Pref,UR-AIIMS-IP,Uttar Pradesh,"AIIMS, Gorakhpur",ANAESTHESIOLOGY,-,-,-,-,-,-,-,-,-,7403,23929,-,-
AIIMS-All India,ST,Rajasthan,"AIIMS, Jodhpur",FORENSIC MEDICINE,-,-,-,-,-,-,-,-,-,-,-,-,-
AIIMS-All India,SC,Maharashtra,"AIIMS, Nagpur",PHARMACOLOGY,-,-,-,-,-,14217,15594,17917,24051,-,-,-,-
AIIMS-All India,SC,Delhi,"AIIMS, Delhi",ANATOMY,-,-,-,-,-,12156,15067,17825,17825,-,-,-,-
AIIMS-All India,ST,Delhi,"AIIMS, Delhi",PATHOLOGY,-,-,-,-,-,8418,10430,10741,24177,-,-,-,-
AIIMS-All India,SC,Delhi,"AIIMS, Delhi",MICROBIOLOGY,-,-,-,-,-,5927,11270,11295,24279,10442,12276,18751,-
JIPMER-All India,ST,Pondicherry,"JIPMER, Puducherry",PHARMACOLOGY,-,-,-,-,-,-,-,-,-,13200,-,24306,-
AIIMS-All India,UR,Bihar,"AIIMS, Patna",BIOCHEMISTRY,-,-,-,-,-,3616,-,-,16830,3650,3470,-,21920
AIIMS-All India,EWS,Maharashtra,"AIIMS, Nagpur",ANATOMY,-,-,-,-,-,-,-,-,-,20618,21910,24350,-
AIIMS-All India,SC,Odisha,"AIIMS, Bhubaneswar",IHBT,-,-,-,-,-,6223,8956,9132,24423,-,-,-,-
AIIMS-All India,SC,Odisha,"AIIMS, Bhubaneswar",COMMUNITY MEDICINE,-,-,-,-,-,6193,10065,13963,13963,-,-,-,-
AIIMS-All India,EWS,Chhattisgarh,"AIIMS, Raipur",ANATOMY,-,-,-,-,-,-,-,-,-,16038,21728,24433,-
AIIMS-All India,SC,Telangana,"AIIMS, Bibinagar",BIOCHEMISTRY,-,-,-,-,-,15282,16944,24494,24494,-,-,-,-
NIMHANS-KAR Domicile,ST-Karnataka Domicile,Karnataka,"NIMHANS, Bangalore",PSYCHIATRY,-,-,-,-,-,-,-,-,-,-,-,-,-
AIIMS-All India,SC,Jharkhand,"AIIMS, Deoghar",FORENSIC MEDICINE,-,-,-,-,-,-,-,-,-,17490,12914,24558,-
AIIMS-All India,SC,Rajasthan,"AIIMS, Jodhpur",PMR,-,-,-,-,-,-,-,-,-,10502,11318,13944,24629
AIIMS-Inst. Pref,UR-AIIMS-IP,Chhattisgarh,"AIIMS, Raipur",FORENSIC MEDICINE,-,-,-,-,-,5845,12837,17702,24735,-,-,-,-
AIIMS-All India,OBC-PwD,Uttarakhand,"AIIMS, Rishikesh",ANAESTHESIOLOGY,-,-,-,-,-,-,-,-,-,-,-,-,-
AIIMS-All India,OBC-PwD,Punjab,"AIIMS, Bathinda",GENERAL MEDICINE,-,-,-,-,-,-,-,-,-,-,-,-,-
AIIMS-All India,SC,Uttar Pradesh,"AIIMS, Rai Bareli",ANATOMY,-,-,-,-,-,17017,21661,24776,-,-,-,-,-
AIIMS-All India,SC,Odisha,"AIIMS, Bhubaneswar",ANATOMY,-,-,-,-,-,16558,16558,23027,-,15513,18488,24794,-
AIIMS-Inst. Pref,UR-AIIMS-IP,West Bengal,"AIIMS, Kalyani",PHARMACOLOGY,-,-,-,-,-,-,-,-,-,-,-,-,-
AIIMS-Inst. Pref,UR-AIIMS-IP,West Bengal,"AIIMS, Kalyani",BIOCHEMISTRY,-,-,-,-,-,-,-,-,-,-,18817,-,-
AIIMS-All India,OBC,Uttar Pradesh,"AIIMS, Gorakhpur",FORENSIC MEDICINE,-,-,-,-,-,-,-,-,-,-,-,-,-
AIIMS-All India,EWS,Himachal Pradesh,"AIIMS, Bilaspur, Himachal",COMMUNITY & FAMILY MEDICINE,-,-,-,-,-,-,-,-,-,-,-,-,-
AIIMS-All India,SC,Gujarat,"AIIMS, Rajkot",ANATOMY,-,-,-,-,-,-,-,-,-,19907,22978,24958,-
AIIMS-All India,UR,Madhya Pradesh,"AIIMS, Bhopal",BIOCHEMISTRY,-,-,-,-,-,2887,4644,6117,24978,2261,2610,5030,22253
AIIMS-All India,OBC,Odisha,"AIIMS, Bhubaneswar",BIOCHEMISTRY,-,-,-,-,-,8052,7608,14910,-,4189,5616,10344,24981
AIIMS-All India,SC,Chhattisgarh,"AIIMS, Raipur",ANATOMY,-,-,-,-,-,14938,21173,24998,-,-,-,-,-
AIIMS-All India,SC,Uttar Pradesh,"AIIMS, Rai Bareli",PHYSIOLOGY,-,-,-,-,-,21809,21354,25008,-,-,-,-,-
AIIMS-All India,UR-PwD,Assam,"AIIMS, Guwahati",GENERAL MEDICINE,-,-,-,-,-,19557,25056,-,-,-,-,-,-
AIIMS-All India,EWS,Jammu and Kashmir,"AIIMS, Jammu",ANATOMY,-,-,-,-,-,25069,-,-,-,-,-,-,-
AIIMS-All India,EWS,Gujarat,"AIIMS, Rajkot",PHYSIOLOGY,-,-,-,-,-,23856,25069,25069,-,-,-,-,-
AIIMS-All India,SC,Gujarat,"AIIMS, Rajkot",PHARMACOLOGY,-,-,-,-,-,-,-,-,-,14106,17834,25088,-
AIIMS-All India,UR-PwD,Odisha,"AIIMS, Bhubaneswar",RADIO DIAGNOSIS,-,-,-,-,-,-,-,-,-,25094,25094,25094,-
AIIMS-All India,EWS,Odisha,"AIIMS, Bhubaneswar",COMMUNITY MEDICINE,-,-,-,-,-,-,-,-,-,6214,4775,7674,-
AIIMS-All India,EWS,Odisha,"AIIMS, Bhubaneswar",ANATOMY,-,-,-,-,-,18907,-,-,-,-,-,-,-
AIIMS-All India,SC,Punjab,"AIIMS, Bathinda",COMMUNITY & FAMILY MEDICINE,-,-,-,-,-,-,-,-,-,-,-,-,-
AIIMS-All India,UR,Uttar Pradesh,"AIIMS, Gorakhpur",PHYSIOLOGY,-,-,-,-,-,-,-,-,-,4463,5309,6634,25133
AIIMS-All India,UR,Chhattisgarh,"AIIMS, Raipur",FORENSIC MEDICINE,-,-,-,-,-,-,-,-,-,-,-,-,25145
AIIMS-All India,ST,Andhra Pradesh,"AIIMS, Mangalagiri",PHARMACOLOGY,-,-,-,-,-,-,-,-,-,-,-,-,-
AIIMS-All India,EWS,Maharashtra,"AIIMS, Nagpur",BIOCHEMISTRY,-,-,-,-,-,-,-,-,-,8801,9568,25203,-
AIIMS-All India,OBC-PwD,Maharashtra,"AIIMS, Nagpur",DERMATOLOGY,-,-,-,-,-,-,-,-,-,25206,25206,-,-
AIIMS-All India,EWS,Maharashtra,"AIIMS, Nagpur",FORENSIC MEDICINE,-,-,-,-,-,-,-,-,-,-,-,-,-
AIIMS-Inst. Pref,UR-AIIMS-IP,Uttar Pradesh,"AIIMS, Gorakhpur",EMERGENCY MEDICINE,-,-,-,-,-,-,-,-,-,5387,3880,25306,-
AIIMS-All India,UR,Maharashtra,"AIIMS, Nagpur",PHYSIOLOGY,-,-,-,-,-,-,-,-,-,-,-,6613,3646
AIIMS-All India,EWS-PwD,Odisha,"AIIMS, Bhubaneswar",OBG,-,-,-,-,-,-,-,-,-,-,25348,-,-
AIIMS-All India,ST,Jammu and Kashmir,"AIIMS, Jammu",PATHOLOGY,-,-,-,-,-,-,-,-,-,17302,22076,25383,-
AIIMS-All India,ST,Rajasthan,"AIIMS, Jodhpur",FAMILY MEDICINE,-,-,-,-,-,11267,15066,16578,25389,-,-,-,-
AIIMS-Inst. Pref,UR-AIIMS-IP,Odisha,"AIIMS, Bhubaneswar",COMMUNITY MEDICINE,-,-,-,-,-,2577,6193,9974,-,1527,24187,25399,25399
AIIMS-All India,SC,Jammu and Kashmir,"AIIMS, Jammu",PHYSIOLOGY,-,-,-,-,-,21968,20563,21968,-,21785,21215,25400,-
AIIMS-All India,UR,Uttar Pradesh,"AIIMS, Rai Bareli",FORENSIC MEDICINE,-,-,-,-,-,3203,6023,8547,25489,-,-,-,-
AIIMS-All India,EWS-PwD,Delhi,"AIIMS, Delhi",ANAESTHESIOLOGY,-,-,-,-,-,-,25507,-,-,-,-,-,-
AIIMS-All India,EWS,Odisha,"AIIMS, Bhubaneswar",IHBT,-,-,-,-,-,-,-,-,-,-,-,-,-
AIIMS-Inst. Pref,UR-AIIMS-IP,Delhi,"AIIMS, Delhi",PALLIATIVE MEDICINE,-,-,-,-,-,-,-,-,-,4727,5719,25589,-
AIIMS-All India,SC,Jammu and Kashmir,"AIIMS, Jammu",BIOCHEMISTRY,-,-,-,-,-,-,-,-,-,18143,15724,25617,-
AIIMS-Inst. Pref,UR-AIIMS-IP,Telangana,"AIIMS, Bibinagar",ANATOMY,-,-,-,-,-,-,25645,-,-,-,-,-,-
AIIMS-Inst. Pref,UR-AIIMS-IP,West Bengal,"AIIMS, Kalyani",PATHOLOGY,-,-,-,-,-,-,25735,-,-,-,-,-,-
AIIMS-All India,UR,Odisha,"AIIMS, Bhubaneswar",BIOCHEMISTRY,-,-,-,-,-,3730,5596,6741,25782,-,-,-,-
AIIMS-All India,UR,Telangana,"AIIMS, Bibinagar",BIOCHEMISTRY,-,-,-,-,-,4144,7328,8361,25811,3648,4065,4270,2845
AIIMS-All India,EWS,Assam,"AIIMS, Guwahati",BIOCHEMISTRY,-,-,-,-,-,20185,16188,25874,-,-,-,-,-
JIPMER-All India,EWS-PwD,Pondicherry,"JIPMER, Puducherry",ANATOMY,-,-,-,-,-,-,-,-,-,-,-,-,-
AIIMS-All India,ST,Punjab,"AIIMS, Bathinda",COMMUNITY & FAMILY MEDICINE,-,-,-,-,-,-,-,-,-,-,-,-,-
AIIMS-All India,OBC,Himachal Pradesh,"AIIMS, Bilaspur, Himachal",BIOCHEMISTRY,-,-,-,-,-,-,-,-,-,-,-,-,-
AIIMS-All India,ST,Odisha,"AIIMS, Bhubaneswar",FORENSIC MEDICINE,-,-,-,-,-,25027,24133,26102,-,-,-,-,-
AIIMS-All India,EWS,Chhattisgarh,"AIIMS, Raipur",IHBT,-,-,-,-,-,-,-,-,-,-,-,-,-
AIIMS-All India,SC,Assam,"AIIMS, Guwahati",PHARMACOLOGY,-,-,-,-,-,-,-,-,-,13315,16685,26199,-
AIIMS-All India,OBC,Andhra Pradesh,"AIIMS, Mangalagiri",PHYSIOLOGY,-,-,-,-,-,-,-,-,-,-,-,-,-
AIIMS-All India,SC,Uttarakhand,"AIIMS, Rishikesh",ANATOMY,-,-,-,-,-,13735,17964,26296,-,-,-,-,-
AIIMS-All India,EWS,West Bengal,"AIIMS, Kalyani",PHARMACOLOGY,-,-,-,-,-,10948,18609,19934,-,-,-,-,-
AIIMS-All India,UR,Telangana,"AIIMS, Bibinagar",ANATOMY,-,-,-,-,-,5867,-,7449,-,-,-,-,26320
AIIMS-All India,ST,Telangana,"AIIMS, Bibinagar",PHARMACOLOGY,-,-,-,-,-,-,-,-,-,-,-,-,-
AIIMS-All India,UR,Himachal Pradesh,"AIIMS, Bilaspur, Himachal",PHYSIOLOGY,-,-,-,-,-,5374,3393,8802,26378,-,-,-,-
AIIMS-All India,UR-PwD,Andhra Pradesh,"AIIMS, Mangalagiri",RADIO DIAGNOSIS,-,-,-,-,-,-,-,-,-,26384,26384,26384,-
AIIMS-All India,SC,Uttar Pradesh,"AIIMS, Rai Bareli",BIOCHEMISTRY,-,-,-,-,-,-,-,-,-,18080,19801,26402,-
AIIMS-All India,OBC-PwD,Uttar Pradesh,"AIIMS, Rai Bareli",GENERAL MEDICINE,-,-,-,-,-,-,-,-,-,-,-,-,-
AIIMS-All India,EWS,Delhi,"AIIMS, Delhi",MICROBIOLOGY,-,-,-,-,-,-,-,-,-,2647,2647,3194,26525
AIIMS-All India,UR,Uttarakhand,"AIIMS, Rishikesh",ANATOMY,-,-,-,-,-,3538,3651,-,-,3800,4252,6558,-
AIIMS-All India,OBC,Telangana,"AIIMS, Bibinagar",FORENSIC MEDICINE,-,-,-,-,-,3762,5028,10307,26615,-,-,-,-
AIIMS-All India,ST,Madhya Pradesh,"AIIMS, Bhopal",FORENSIC MEDICINE,-,-,-,-,-,19800,9982,26627,-,-,-,-,-
AIIMS-All India,OBC,Jammu and Kashmir,"AIIMS, Jammu",PHARMACOLOGY,-,-,-,-,-,6995,9674,15675,26670,5209,6458,8083,17818
AIIMS-All India,SC,Andhra Pradesh,"AIIMS, Mangalagiri",MICROBIOLOGY,-,-,-,-,-,-,-,-,-,-,-,-,-
AIIMS-All India,ST,Chhattisgarh,"AIIMS, Raipur",MICROBIOLOGY,-,-,-,-,-,18934,18934,26688,-,-,-,-,-
AIIMS-All India,ST,Telangana,"AIIMS, Bibinagar",COMMUNITY & FAMILY MEDICINE,-,-,-,-,-,21633,21633,26780,-,-,-,-,-
AIIMS-All India,SC,Rajasthan,"AIIMS, Jodhpur",PHARMACOLOGY,-,-,-,-,-,9122,9122,16917,26848,-,-,-,-
AIIMS-Inst. Pref,UR-AIIMS-IP,Telangana,"AIIMS, Bibinagar",COMMUNITY MEDICINE,-,-,-,-,-,-,-,-,-,-,-,-,-
AIIMS-All India,SC,Jammu and Kashmir,"AIIMS, Jammu",ANATOMY,-,-,-,-,-,-,-,-,-,16645,11304,26879,-
AIIMS-Inst. Pref,UR-AIIMS-IP,Madhya Pradesh,"AIIMS, Bhopal",BIOCHEMISTRY,-,-,-,-,-,8996,16345,24977,-,15261,14570,26909,-
AIIMS-All India,UR,Uttar Pradesh,"AIIMS, Rai Bareli",ANATOMY,-,-,-,-,-,-,-,-,-,-,-,6287,-
AIIMS-All India,OBC,Assam,"AIIMS, Guwahati",PHARMACOLOGY,-,-,-,-,-,8449,9502,12041,27009,-,-,-,-
AIIMS-All India,OBC,West Bengal,"AIIMS, Kalyani",PHARMACOLOGY,-,-,-,-,-,7861,8905,12649,27057,-,-,-,-
AIIMS-All India,ST,Gujarat,"AIIMS, Rajkot",FAMILY MEDICINE,-,-,-,-,-,8035,15315,19126,27077,-,-,-,-
AIIMS-All India,EWS,Delhi,"AIIMS, Delhi",ANATOMY,-,-,-,-,-,15621,25874,27116,-,3365,3594,13763,-
JIPMER-All India,UR,Pondicherry,"JIPMER, Puducherry",ANATOMY,-,-,-,-,-,3149,4496,8094,27304,2221,-,-,25778
JIPMER-All India,SC,Pondicherry,"JIPMER, Puducherry",PHYSIOLOGY,-,-,-,-,-,-,-,21055,-,-,-,-,-
AIIMS-All India,UR,Punjab,"AIIMS, Bathinda",BIOCHEMISTRY,-,-,-,-,-,-,-,-,27345,-,-,-,-
PGIMER-All India,UR-PwD,Chandigarh,"PGIMER, Chandigarh",PATHOLOGY,-,-,-,-,-,27363,27363,-,-,-,-,-,-
AIIMS-All India,ST,Delhi,"AIIMS, Delhi",MICROBIOLOGY,-,-,-,-,-,-,-,-,-,-,-,-,-
AIIMS-All India,ST,Delhi,"AIIMS, Delhi",ANATOMY,-,-,-,-,-,20910,19105,27468,-,-,-,-,-
AIIMS-All India,ST,Andhra Pradesh,"AIIMS, Mangalagiri",MICROBIOLOGY,-,-,-,-,-,-,-,-,-,-,-,-,-
AIIMS-All India,OBC-PwD,Delhi,"AIIMS, Delhi",EMERGENCY MEDICINE,-,-,-,-,-,27513,27513,-,-,-,-,-,-
AIIMS-All India,UR,West Bengal,"AIIMS, Kalyani",MICROBIOLOGY,-,-,-,-,-,-,-,-,17070,-,-,-,27535
AIIMS-All India,ST,Chhattisgarh,"AIIMS, Raipur",FORENSIC MEDICINE,-,-,-,-,-,-,-,-,-,-,-,-,-
AIIMS-All India,OBC-PwD,Chhattisgarh,"AIIMS, Raipur",DERMATOLOGY,-,-,-,-,-,-,-,-,-,-,-,-,-
AIIMS-All India,UR,Maharashtra,"AIIMS, Nagpur",MICROBIOLOGY,-,-,-,-,-,-,-,-,-,-,-,3415,27741
AIIMS-All India,ST,Rajasthan,"AIIMS, Jodhpur",ENT,-,-,-,-,-,-,-,-,-,10422,13940,16248,27761
AIIMS-All India,ST,West Bengal,"AIIMS, Kalyani",MICROBIOLOGY,-,-,-,-,-,23484,19800,27762,-,-,-,-,-
PGIMER-All India,UR-PwD,Chandigarh,"PGIMER, Chandigarh",OBG,-,-,-,-,-,-,-,-,-,25348,27825,-,-
AIIMS-All India,UR-PwD,Jammu and Kashmir,"AIIMS, Jammu",OBG,-,-,-,-,-,-,-,-,-,27825,-,-,-
AIIMS-All India,ST,Delhi,"AIIMS, Delhi",BIOPHYSICS,-,-,-,-,-,8125,8514,12533,-,-,-,-,-
JIPMER-All India,ST,Pondicherry,"JIPMER, Puducherry",BIOCHEMISTRY,-,-,-,-,-,19244,-,-,-,-,-,-,-
AIIMS-All India,OBC,Odisha,"AIIMS, Bhubaneswar",PHYSIOLOGY,-,-,-,-,-,9237,9237,16313,28048,-,-,-,-
AIIMS-All India,OBC,Chhattisgarh,"AIIMS, Raipur",PHYSIOLOGY,-,-,-,-,-,9674,11133,11975,28053,-,-,-,-
AIIMS-Inst. Pref,UR-AIIMS-IP,Uttarakhand,"AIIMS, Rishikesh",ANATOMY,-,-,-,-,-,-,-,28179,-,3665,3665,-,-
AIIMS-All India,ST,Assam,"AIIMS, Guwahati",ANAESTHESIOLOGY,-,-,-,-,-,-,-,-,-,13233,13544,19926,28202
AIIMS-All India,ST,Andhra Pradesh,"AIIMS, Mangalagiri",EMERGENCY MEDICINE,-,-,-,-,-,-,-,-,-,14820,15596,19143,28239
AIIMS-All India,ST,Rajasthan,"AIIMS, Jodhpur",IHBT,-,-,-,-,-,-,-,-,-,18075,20432,28239,-
AIIMS-Inst. Pref,UR-AIIMS-IP,Rajasthan,"AIIMS, Jodhpur",PHYSIOLOGY,-,-,-,-,-,-,-,-,-,28332,4096,-,-
AIIMS-All India,UR-PwD,Bihar,"AIIMS, Patna",ENT,-,-,-,-,-,-,-,-,-,-,-,-,-
AIIMS-All India,UR,West Bengal,"AIIMS, Kalyani",BIOCHEMISTRY,-,-,-,-,-,-,-,-,-,4065,3531,6853,-
AIIMS-Inst. Pref,UR-AIIMS-IP,Uttar Pradesh,"AIIMS, Gorakhpur",PSYCHIATRY,-,-,-,-,-,-,-,-,-,3401,3401,28419,-
JIPMER-All India,OBC-PwD,Pondicherry,"JIPMER, Puducherry",TBRD,-,-,-,-,-,28479,28479,-,-,-,-,-,-
AIIMS-All India,OBC,Maharashtra,"AIIMS, Nagpur",MICROBIOLOGY,-,-,-,-,-,-,-,-,-,6621,7324,11840,28563
JIPMER-All India,ST,Pondicherry,"JIPMER, Puducherry",PHYSIOLOGY,-,-,-,-,-,25450,25450,28603,-,-,15888,-,-
AIIMS-All India,ST,Maharashtra,"AIIMS, Nagpur",BIOCHEMISTRY,-,-,-,-,-,-,-,-,-,-,-,-,-
AIIMS-All India,UR,Gujarat,"AIIMS, Rajkot",ANATOMY,-,-,-,-,-,5333,6261,9190,-,3897,3897,6083,-
AIIMS-All India,EWS,Jammu and Kashmir,"AIIMS, Jammu",BIOCHEMISTRY,-,-,-,-,-,-,-,-,-,20262,22645,28824,-
AIIMS-All India,UR-PwD,Odisha,"AIIMS, Bhubaneswar",ORTHOPAEDICS,-,-,-,-,-,-,-,-,-,-,-,-,-
AIIMS-All India,EWS-PwD,Maharashtra,"AIIMS, Nagpur",ORTHOPAEDICS,-,-,-,-,-,-,-,-,-,-,-,-,-
AIIMS-All India,EWS,Uttarakhand,"AIIMS, Rishikesh",ANATOMY,-,-,-,-,-,-,-,-,-,9568,10798,28858,-
AIIMS-All India,ST,Jammu and Kashmir,"AIIMS, Jammu",FORENSIC MEDICINE,-,-,-,-,-,-,-,-,-,-,-,-,-
AIIMS-Inst. Pref,UR-AIIMS-IP,Maharashtra,"AIIMS, Nagpur",HOSPITAL ADMINISTRATION,-,-,-,-,-,-,-,-,-,9125,-,28964,-
AIIMS-All India,ST,Gujarat,"AIIMS, Rajkot",BIOCHEMISTRY,-,-,-,-,-,29082,29082,-,-,-,-,-,-
AIIMS-All India,OBC-PwD,Maharashtra,"AIIMS, Nagpur",GENERAL MEDICINE,-,-,-,-,-,-,-,-,-,29143,29143,-,-
AIIMS-All India,SC,Uttarakhand,"AIIMS, Rishikesh",BIOCHEMISTRY,-,-,-,-,-,-,-,-,-,11868,14383,25798,-
AIIMS-All India,SC,Uttar Pradesh,"AIIMS, Rai Bareli",COMMUNITY MEDICINE,-,-,-,-,-,9940,13773,13773,29222,-,-,-,-
AIIMS-All India,ST,Chhattisgarh,"AIIMS, Raipur",IHBT,-,-,-,-,-,-,-,-,-,17401,18535,29301,-
AIIMS-Inst. Pref,UR-AIIMS-IP,Rajasthan,"AIIMS, Jodhpur",IHBT,-,-,-,-,-,-,5814,8468,-,3691,29406,-,-
AIIMS-All India,SC,Himachal Pradesh,"AIIMS, Bilaspur, Himachal",PHARMACOLOGY,-,-,-,-,-,-,-,-,-,-,-,-,-
AIIMS-All India,SC,Odisha,"AIIMS, Bhubaneswar",PHARMACOLOGY,-,-,-,-,-,-,-,-,-,-,-,-,-
AIIMS-All India,EWS,Uttar Pradesh,"AIIMS, Rai Bareli",BIOCHEMISTRY,-,-,-,-,-,-,-,-,-,15220,15220,29540,-
AIIMS-All India,UR,Jammu and Kashmir,"AIIMS, Jammu",FORENSIC MEDICINE,-,-,-,-,-,4411,6567,9958,27225,4228,4480,6702,29603
AIIMS-All India,OBC-PwD,Chhattisgarh,"AIIMS, Raipur",PATHOLOGY,-,-,-,-,-,29336,29691,-,-,-,-,-,-
AIIMS-All India,OBC,Uttar Pradesh,"AIIMS, Gorakhpur",PHYSIOLOGY,-,-,-,-,-,-,-,-,-,-,-,-,-
AIIMS-All India,SC,Jharkhand,"AIIMS, Deoghar",PHARMACOLOGY,-,-,-,-,-,15594,17917,21003,29819,-,-,-,-
JIMPER-Inst. Pref,INST (JIPMER),Pondicherry,"JIPMER, Puducherry",BIOCHEMISTRY,-,-,-,-,-,-,-,6875,-,-,-,-,-
AIIMS-All India,ST,Chhattisgarh,"AIIMS, Raipur",ANATOMY,-,-,-,-,-,-,-,-,-,-,-,-,-
AIIMS-All India,EWS,West Bengal,"AIIMS, Kalyani",ANATOMY,-,-,-,-,-,-,-,-,-,19722,22066,29905,-
AIIMS-All India,SC,Maharashtra,"AIIMS, Nagpur",FAMILY MEDICINE,-,-,-,-,-,-,-,-,-,7544,7544,9076,29908
AIIMS-All India,UR-PwD,Punjab,"AIIMS, Bathinda",PATHOLOGY,-,-,-,-,-,-,29911,-,-,-,-,-,-
AIIMS-All India,OBC,Chhattisgarh,"AIIMS, Raipur",BIOCHEMISTRY,-,-,-,-,-,11133,11955,15653,29952,-,-,-,-
AIIMS-All India,SC,West Bengal,"AIIMS, Kalyani",BIOCHEMISTRY,-,-,-,-,-,15815,16831,18908,29983,-,-,-,-
AIIMS-All India,SC-PwD,Uttar Pradesh,"AIIMS, Rai Bareli",GENERAL MEDICINE,-,-,-,-,-,-,-,-,-,-,-,-,-
AIIMS-All India,UR-PwD,Delhi,"AIIMS, Delhi",IHBT,-,-,-,-,-,-,-,-,-,-,-,-,-
AIIMS-All India,ST,Uttarakhand,"AIIMS, Rishikesh",BIOCHEMISTRY,-,-,-,-,-,-,-,-,-,-,-,-,-
AIIMS-All India,ST,Gujarat,"AIIMS, Rajkot",FORENSIC MEDICINE,-,-,-,-,-,-,-,-,-,22961,18578,30463,-
AIIMS-All India,ST,Jammu and Kashmir,"AIIMS, Jammu",PHYSIOLOGY,-,-,-,-,-,26688,28949,30513,29082,-,-,-,-
AIIMS-All India,UR,Jharkhand,"AIIMS, Deoghar",MICROBIOLOGY,-,-,-,-,-,-,-,-,-,-,-,-,30653
AIIMS-All India,ST,Rajasthan,"AIIMS, Jodhpur",ANATOMY,-,-,-,-,-,23465,30124,30657,-,-,-,-,-
AIIMS-All India,ST,Himachal Pradesh,"AIIMS, Bilaspur, Himachal",BIOCHEMISTRY,-,-,-,-,-,29767,30889,-,-,-,-,-,-
AIIMS-All India,ST,West Bengal,"AIIMS, Kalyani",FORENSIC MEDICINE,-,-,-,-,-,25325,25650,30929,-,-,-,-,-
AIIMS-All India,SC,Andhra Pradesh,"AIIMS, Mangalagiri",PHYSIOLOGY,-,-,-,-,-,-,-,-,-,-,-,-,30938
AIIMS-All India,ST,Maharashtra,"AIIMS, Nagpur",MICROBIOLOGY,-,-,-,-,-,-,-,-,-,23783,23783,30942,-
AIIMS-All India,UR-PwD,Madhya Pradesh,"AIIMS, Bhopal",GENERAL SURGERY,-,-,-,-,-,30950,-,-,-,-,-,-,-
PGIMER-All India,ST,Chandigarh,"PGIMER, Chandigarh",PHARMACOLOGY,-,-,-,-,-,21188,20910,31033,-,-,-,-,-
AIIMS-Inst. Pref,UR-AIIMS-IP,Telangana,"AIIMS, Bibinagar",PHARMACOLOGY,-,-,-,-,-,-,-,-,-,19094,31072,-,-
AIIMS-All India,UR-PwD,Jharkhand,"AIIMS, Deoghar",COMMUNITY & FAMILY MEDICINE,-,-,-,-,-,31118,-,-,-,-,-,-,-
AIIMS-All India,SC,Uttar Pradesh,"AIIMS, Gorakhpur",PHARMACOLOGY,-,-,-,-,-,-,-,-,-,-,-,-,-
AIIMS-All India,ST,Delhi,"AIIMS, Delhi",IHBT,-,-,-,-,-,-,-,-,-,-,-,-,-
AIIMS-All India,UR,Jammu and Kashmir,"AIIMS, Jammu",PHARMACOLOGY,-,-,-,-,-,4399,5333,9550,21699,3218,3825,6235,31273
JIPMER-All India,UR-PwD,Pondicherry,"JIPMER, Puducherry",ANAESTHESIOLOGY,-,-,-,-,-,755,31277,937,-,-,-,-,-
AIIMS-All India,ST,Madhya Pradesh,"AIIMS, Bhopal",PHYSIOLOGY,-,-,-,-,-,25899,26688,31290,-,-,-,-,-
AIIMS-All India,UR,Gujarat,"AIIMS, Rajkot",FORENSIC MEDICINE,-,-,-,-,-,-,-,-,-,3418,4400,4810,31320
AIIMS-All India,SC,Odisha,"AIIMS, Bhubaneswar",FORENSIC MEDICINE,-,-,-,-,-,10725,11929,14198,31333,-,-,-,-
AIIMS-All India,UR,Gujarat,"AIIMS, Rajkot",MICROBIOLOGY,-,-,-,-,-,3155,4767,7542,15582,2048,3664,4543,31375
AIIMS-All India,ST,Odisha,"AIIMS, Bhubaneswar",PHYSIOLOGY,-,-,-,-,-,25243,28543,31432,-,-,-,-,-
AIIMS-All India,ST,Jammu and Kashmir,"AIIMS, Jammu",PHARMACOLOGY,-,-,-,-,-,-,-,-,-,31461,29811,31009,-
AIIMS-All India,ST,Punjab,"AIIMS, Bathinda",BIOCHEMISTRY,-,-,-,-,-,28543,23465,31527,-,-,-,-,-
AIIMS-All India,UR-PwD,Jammu and Kashmir,"AIIMS, Jammu",RADIATION ONCOLOGY,-,-,-,-,-,-,31588,-,-,-,-,-,-
AIIMS-All India,OBC,West Bengal,"AIIMS, Kalyani",BIOCHEMISTRY,-,-,-,-,-,4176,9354,12437,30967,9204,9204,12488,31693
AIIMS-All India,SC,Rajasthan,"AIIMS, Jodhpur",FORENSIC MEDICINE,-,-,-,-,-,5534,12030,18705,-,11836,13644,21632,31736
AIIMS-All India,ST,Gujarat,"AIIMS, Rajkot",ANAESTHESIOLOGY,-,-,-,-,-,-,-,-,-,15683,17401,19541,31843
AIIMS-All India,UR,Jammu and Kashmir,"AIIMS, Jammu",MICROBIOLOGY,-,-,-,-,-,4836,3654,7976,17882,2649,2778,5276,31911
AIIMS-All India,UR-PwD,Chhattisgarh,"AIIMS, Raipur",OBG,-,-,-,-,-,-,-,-,-,-,32242,-,-
AIIMS-All India,UR-PwD,Maharashtra,"AIIMS, Nagpur",OBG,-,-,-,-,-,-,-,-,-,32242,30730,-,-
AIIMS-All India,OBC,Uttar Pradesh,"AIIMS, Gorakhpur",MICROBIOLOGY,-,-,-,-,-,-,-,-,-,6542,6542,13189,33085
AIIMS-All India,UR-PwD,Andhra Pradesh,"AIIMS, Mangalagiri",ANAESTHESIOLOGY,-,-,-,-,-,-,-,-,-,33172,33172,-,-
AIIMS-All India,EWS,Chhattisgarh,"AIIMS, Raipur",PHARMACOLOGY,-,-,-,-,-,-,-,-,-,5162,5162,26842,33278
AIIMS-All India,UR,Maharashtra,"AIIMS, Nagpur",BIOCHEMISTRY,-,-,-,-,-,4090,4090,9649,-,-,-,-,33787
AIIMS-All India,UR,Assam,"AIIMS, Guwahati",FORENSIC MEDICINE,-,-,-,-,-,4148,4148,8875,26362,-,-,-,33812
AIIMS-All India,ST,Jharkhand,"AIIMS, Deoghar",PMR,-,-,-,-,-,16802,17383,25142,25142,13848,21414,33937,-
AIIMS-All India,UR,Madhya Pradesh,"AIIMS, Bhopal",ANATOMY,-,-,-,-,-,-,-,-,-,-,-,-,33966
AIIMS-Inst. Pref,UR-AIIMS-IP,Delhi,"AIIMS, Delhi",COMMUNITY MEDICINE,-,-,-,-,-,14542,8125,8125,-,5719,10075,34152,-
AIIMS-Inst. Pref,UR-AIIMS-IP,Rajasthan,"AIIMS, Jodhpur",BIOCHEMISTRY,-,-,-,-,-,-,21291,-,-,32523,34220,-,-
AIIMS-All India,ST,Chhattisgarh,"AIIMS, Raipur",BIOCHEMISTRY,-,-,-,-,-,-,-,-,-,24098,24098,34632,-
AIIMS-All India,ST,Uttar Pradesh,"AIIMS, Gorakhpur",ENT,-,-,-,-,-,-,-,-,-,13573,15861,23541,34811
AIIMS-Inst. Pref,UR-AIIMS-IP,Uttar Pradesh,"AIIMS, Gorakhpur",MICROBIOLOGY,-,-,-,-,-,-,-,-,-,35060,2452,-,-
AIIMS-All India,UR-PwD,Uttarakhand,"AIIMS, Rishikesh",GENERAL MEDICINE,-,-,-,-,-,-,-,-,-,12202,35493,-,-
PGIMER-All India,UR-PwD,Chandigarh,"PGIMER, Chandigarh",OPHTHALMOLOGY,-,-,-,-,-,-,-,-,-,35493,-,-,-
AIIMS-All India,SC,West Bengal,"AIIMS, Kalyani",COMMUNITY MEDICINE,-,-,-,-,-,-,-,-,-,5512,5512,16701,35573
AIIMS-All India,UR,Gujarat,"AIIMS, Rajkot",BIOCHEMISTRY,-,-,-,-,-,4509,6976,10078,28577,4128,4589,5706,36009
AIIMS-All India,UR,Rajasthan,"AIIMS, Jodhpur",ANATOMY,-,-,-,-,-,-,-,-,-,1752,-,5065,36011
AIIMS-All India,OBC-PwD,Chhattisgarh,"AIIMS, Raipur",OBG,-,-,-,-,-,-,-,-,-,36084,-,36084,-
AIIMS-All India,ST,Gujarat,"AIIMS, Rajkot",ENT,-,-,-,-,-,-,-,-,-,15421,16351,22668,36186
AIIMS-All India,EWS,Rajasthan,"AIIMS, Jodhpur",PHYSIOLOGY,-,-,-,-,-,-,-,-,-,13763,11347,28715,36191
AIIMS-All India,SC,Chhattisgarh,"AIIMS, Raipur",PHARMACOLOGY,-,-,-,-,-,-,-,-,-,8909,17490,24313,36265
AIIMS-Inst. Pref,UR-AIIMS-IP,Delhi,"AIIMS, Delhi",PATHOLOGY,-,-,-,-,-,-,-,-,-,-,-,36457,-
AIIMS-All India,SC,Delhi,"AIIMS, Delhi",IHBT,-,-,-,-,-,-,-,-,-,5139,6096,11247,36578
AIIMS-All India,OBC,Uttar Pradesh,"AIIMS, Rai Bareli",FORENSIC MEDICINE,-,-,-,-,-,-,-,-,-,4613,5202,9002,36889
AIIMS-All India,ST,Maharashtra,"AIIMS, Nagpur",EMERGENCY MEDICINE,-,-,-,-,-,-,-,-,-,13857,13525,21507,37623
AIIMS-All India,EWS,Rajasthan,"AIIMS, Jodhpur",FORENSIC MEDICINE,-,-,-,-,-,-,-,-,-,5086,9148,12704,37691
AIIMS-All India,ST,Telangana,"AIIMS, Bibinagar",ANATOMY,-,-,-,-,-,-,-,-,-,27683,27683,37705,-
PGIMER-All India,SC-PwD,Chandigarh,"PGIMER, Chandigarh",ANAESTHESIOLOGY,-,-,-,-,-,-,-,-,-,37798,37798,-,-
AIIMS-All India,UR,Jammu and Kashmir,"AIIMS, Jammu",BIOCHEMISTRY,-,-,-,-,-,3654,5575,5684,3247,4468,2538,6551,38010
AIIMS-All India,UR,Uttar Pradesh,"AIIMS, Rai Bareli",PHYSIOLOGY,-,-,-,-,-,-,-,-,22285,4356,5308,7006,38095
AIIMS-All India,OBC,Gujarat,"AIIMS, Rajkot",BIOCHEMISTRY,-,-,-,-,-,-,-,-,-,5471,10037,14468,38663
AIIMS-All India,OBC-PwD,Maharashtra,"AIIMS, Nagpur",PAEDIATRICS,-,-,-,-,-,-,-,-,-,38833,-,-,-
AIIMS-All India,UR,Uttar Pradesh,"AIIMS, Rai Bareli",BIOCHEMISTRY,-,-,-,-,-,5535,6742,10320,-,-,-,-,39169
AIIMS-All India,ST,Assam,"AIIMS, Guwahati",FORENSIC MEDICINE,-,-,-,-,-,-,-,-,-,27511,29222,39206,-
AIIMS-All India,ST,Assam,"AIIMS, Guwahati",ANATOMY,-,-,-,-,-,29872,23673,-,-,31313,27885,39301,-
AIIMS-All India,ST,West Bengal,"AIIMS, Kalyani",ENT,-,-,-,-,-,9991,12417,14076,16421,14521,16840,24310,39814
AIIMS-All India,ST,Jammu and Kashmir,"AIIMS, Jammu",ANATOMY,-,-,-,-,-,-,-,-,-,21879,21879,39852,-
AIIMS-All India,EWS,Odisha,"AIIMS, Bhubaneswar",FORENSIC MEDICINE,-,-,-,-,-,-,-,-,-,4994,6214,21533,39894
AIIMS-All India,UR-PwD,Delhi,"AIIMS, Delhi",HOSPITAL ADMINISTRATION,-,-,-,-,-,-,-,-,-,39968,39968,-,-
AIIMS-All India,OBC-PwD,Bihar,"AIIMS, Patna",OBG,-,-,-,-,-,-,-,-,-,40379,36416,-,-
AIIMS-All India,OBC-PwD,Assam,"AIIMS, Guwahati",GENERAL MEDICINE,-,-,-,-,-,-,-,-,-,36416,36084,40379,-
AIIMS-All India,OBC-PwD,Uttar Pradesh,"AIIMS, Rai Bareli",OBG,-,-,-,-,-,-,-,-,-,-,40379,41024,-
AIIMS-All India,EWS-PwD,Maharashtra,"AIIMS, Nagpur",PAEDIATRICS,-,-,-,-,-,-,-,-,-,-,41204,-,-
JIPMER-All India,EWS-PwD,Pondicherry,"JIPMER, Puducherry",ENT,-,-,-,-,-,-,-,-,-,41204,-,-,-
AIIMS-Inst. Pref,UR-AIIMS-IP,Rajasthan,"AIIMS, Jodhpur",PATHOLOGY,-,-,-,-,-,-,-,6315,6315,-,10938,-,41225
JIPMER-All India,SC-PwD,Pondicherry,"JIPMER, Puducherry",DERMATOLOGY,-,-,-,-,-,-,-,-,-,41387,41387,2088,-
AIIMS-All India,UR,Jharkhand,"AIIMS, Deoghar",BIOCHEMISTRY,-,-,-,-,-,-,-,-,-,-,-,-,42376
AIIMS-All India,ST,Jharkhand,"AIIMS, Deoghar",BIOCHEMISTRY,-,-,-,-,-,-,-,-,-,26885,31313,42564,-
AIIMS-All India,ST,Rajasthan,"AIIMS, Jodhpur",MICROBIOLOGY,-,-,-,-,-,-,-,-,-,20168,22961,33823,42701
AIIMS-All India,OBC,Odisha,"AIIMS, Bhubaneswar",ANATOMY,-,-,-,-,-,7647,11705,15425,-,6364,4909,10746,42756
AIIMS-Inst. Pref,UR-AIIMS-IP,Uttar Pradesh,"AIIMS, Rai Bareli",PMR,-,-,-,-,-,-,-,-,-,25021,42871,-,-
AIIMS-All India,OBC,Jammu and Kashmir,"AIIMS, Jammu",BIOCHEMISTRY,-,-,-,-,-,10918,11807,12450,22872,10037,7600,14265,43170
AIIMS-Inst. Pref,UR-AIIMS-IP,Uttar Pradesh,"AIIMS, Rai Bareli",PHARMACOLOGY,-,-,-,-,-,-,-,-,-,-,43503,-,-
AIIMS-Inst. Pref,UR-AIIMS-IP,Uttar Pradesh,"AIIMS, Rai Bareli",IHBT,-,-,-,-,-,-,-,-,-,43798,-,-,-
JIPMER-All India,ST-PwD,Pondicherry,"JIPMER, Puducherry",EMERGENCY MEDICINE,-,-,-,-,-,-,-,-,-,43922,-,-,-
JIPMER-All India,ST-PwD,Pondicherry,"JIPMER, Puducherry",RADIATION ONCOLOGY,-,-,-,-,-,-,-,-,-,-,43922,-,-
AIIMS-All India,ST,West Bengal,"AIIMS, Kalyani",PHYSIOLOGY,-,-,-,-,-,-,-,-,-,27761,25300,37308,44113
AIIMS-All India,UR,Jammu and Kashmir,"AIIMS, Jammu",PHYSIOLOGY,-,-,-,-,-,4403,5578,9439,-,5129,5129,6195,44117
AIIMS-All India,UR,West Bengal,"AIIMS, Kalyani",PHYSIOLOGY,-,-,-,-,-,-,-,-,-,-,3553,7098,44189
JIPMER-All India,UR-PwD,Pondicherry,"JIPMER, Puducherry",PSYCHIATRY,-,-,-,-,-,-,-,-,-,20715,44418,414,414
AIIMS-All India,UR-PwD,Madhya Pradesh,"AIIMS, Bhopal",PATHOLOGY,-,-,-,-,-,-,-,-,-,44798,44798,-,-
AIIMS-All India,OBC,West Bengal,"AIIMS, Kalyani",PHYSIOLOGY,-,-,-,-,-,11955,11648,16182,-,10620,10737,16373,45227
AIIMS-All India,ST-PwD,Uttarakhand,"AIIMS, Rishikesh",ANAESTHESIOLOGY,-,-,-,-,-,-,-,-,-,45862,-,-,-
AIIMS-All India,ST-PwD,Rajasthan,"AIIMS, Jodhpur",PSYCHIATRY,-,-,-,-,-,-,-,-,-,-,-,45862,-
AIIMS-All India,SC,Assam,"AIIMS, Guwahati",COMMUNITY & FAMILY MEDICINE,-,-,-,-,-,11556,13012,-,-,9574,10181,17922,46833
AIIMS-All India,UR-PwD,Madhya Pradesh,"AIIMS, Bhopal",GENERAL MEDICINE,-,-,-,-,-,-,-,-,-,47087,12202,12202,-
AIIMS-All India,UR-PwD,Punjab,"AIIMS, Bathinda",GENERAL MEDICINE,-,-,-,-,-,-,-,-,-,36208,36208,47087,47087
AIIMS-All India,OBC,Jammu and Kashmir,"AIIMS, Jammu",PHYSIOLOGY,-,-,-,-,-,11807,14181,-,-,11154,11694,14034,48049
AIIMS-All India,UR-PwD,Rajasthan,"AIIMS, Jodhpur",NUCLEAR MEDICINE,-,-,-,-,-,-,-,-,-,48084,-,-,-
AIIMS-All India,UR-PwD,Uttarakhand,"AIIMS, Rishikesh",PAEDIATRICS,-,-,-,-,-,22359,19557,19557,-,48535,48535,-,-
AIIMS-All India,UR-PwD,Odisha,"AIIMS, Bhubaneswar",ANAESTHESIOLOGY,-,-,-,-,-,-,-,-,-,48647,48647,-,-
AIIMS-All India,OBC-PwD,Delhi,"AIIMS, Delhi",PALLIATIVE MEDICINE,-,-,-,-,-,-,-,-,-,48921,45921,-,-
AIIMS-All India,OBC-PwD,Rajasthan,"AIIMS, Jodhpur",ANAESTHESIOLOGY,-,-,-,-,-,-,-,-,-,-,48921,-,-
AIIMS-All India,OBC,Uttar Pradesh,"AIIMS, Gorakhpur",BIOCHEMISTRY,-,-,-,-,-,-,-,-,-,9262,9262,14238,49048
AIIMS-All India,UR-PwD,Himachal Pradesh,"AIIMS, Bilaspur, Himachal",PAEDIATRICS,-,-,-,-,-,27493,27493,-,-,49244,49244,-,-
