Quota,Category,State,Institute,Course,Fee,Stipend Year 1,Bond Years,Bond Penalty,Beds,CR JAN 2026 0,CR JAN 2026 1,CR JAN 2026 2,CR JAN 2026 3,CR JUL 2026 0,CR JUL 2026 1,CR JUL 2026 2,CR JUL 2026 3
AIIMS-All India,UR,Delhi,"AIIMS, Delhi",GENERAL MEDICINE,-,-,-,-,-,6,6,-,-,3,-,-,-
AIIMS-All India,UR,Delhi,"AIIMS, Delhi",RADIO DIAGNOSIS,-,-,-,-,-,2,2,-,-,4,-,-,-
JIPMER-All India,OBC,Pondicherry,"JIPMER, Puducherry",RADIO DIAGNOSIS,-,-,-,-,-,150,100,100,-,5,-,-,-
AIIMS-All India,OBC,Delhi,"AIIMS, Delhi",GENERAL MEDICINE,-,-,-,-,-,53,47,18,-,9,-,-,-
PGIMER-All India,UR,Chandigarh,"PGIMER, Chandigarh",RADIO DIAGNOSIS,-,-,-,-,-,32,32,41,-,20,-,-,-
JIPMER-All India,UR,Pondicherry,"JIPMER, Puducherry",RADIO DIAGNOSIS,-,-,-,-,-,-,41,59,59,21,-,-,-
AIIMS-All India,UR,Uttarakhand,"AIIMS, Rishikesh",RADIO DIAGNOSIS,-,-,-,-,-,41,55,55,-,25,-,-,-
AIIMS-All India,OBC,Delhi,"AIIMS, Delhi",RADIO DIAGNOSIS,-,-,-,-,-,11,29,-,-,27,-,-,-
PGIMER-All India,UR,Chandigarh,"PGIMER, Chandigarh",GENERAL MEDICINE,-,-,-,-,-,23,28,23,-,28,-,-,-
AIIMS-All India,UR,Delhi,"AIIMS, Delhi",PAEDIATRICS,-,-,-,-,-,52,48,48,-,31,-,-,-
PGIMER-All India,OBC,Chandigarh,"PGIMER, Chandigarh",RADIO DIAGNOSIS,-,-,-,-,-,72,72,72,-,33,-,-,-
AIIMS-All India,UR,Rajasthan,"AIIMS, Jodhpur",RADIO DIAGNOSIS,-,-,-,-,-,19,19,19,-,40,-,-,-
AIIMS-All India,UR,Odisha,"AIIMS, Bhubaneswar",RADIO DIAGNOSIS,-,-,-,-,-,-,-,-,-,42,-,-,-
AIIMS-All India,UR,Bihar,"AIIMS, Patna",GENERAL MEDICINE,-,-,-,-,-,119,115,119,-,45,-,-,-
AIIMS-All India,EWS,Delhi,"AIIMS, Delhi",GENERAL MEDICINE,-,-,-,-,-,44,44,-,-,49,-,-,-
AIIMS-All India,UR,Rajasthan,"AIIMS, Jodhpur",GENERAL MEDICINE,-,-,-,-,-,48,33,33,33,50,-,-,-
AIIMS-All India,UR,Uttarakhand,"AIIMS, Rishikesh",GENERAL MEDICINE,-,-,-,-,-,31,31,-,-,52,-,-,-
JIPMER-All India,UR,Pondicherry,"JIPMER, Puducherry",GENERAL MEDICINE,-,-,-,-,-,59,60,57,-,53,-,-,-
JIPMER-All India,EWS,Pondicherry,"JIPMER, Puducherry",GENERAL MEDICINE,-,-,-,-,-,239,239,-,-,55,-,-,-
AIIMS-All India,OBC,Rajasthan,"AIIMS, Jodhpur",RADIO DIAGNOSIS,-,-,-,-,-,146,146,146,286,56,-,-,-
AIIMS-All India,OBC,Delhi,"AIIMS, Delhi",NUCLEAR MEDICINE,-,-,-,-,-,225,191,191,-,57,-,-,-
AIIMS-All India,OBC,Uttarakhand,"AIIMS, Rishikesh",RADIO DIAGNOSIS,-,-,-,-,-,111,111,111,-,59,-,-,-
JIPMER-All India,OBC,Pondicherry,"JIPMER, Puducherry",GENERAL MEDICINE,-,-,-,-,-,82,82,-,-,60,-,-,-
AIIMS-All India,UR,Madhya Pradesh,"AIIMS, Bhopal",GENERAL MEDICINE,-,-,-,-,-,-,-,-,-,61,-,-,-
AIIMS-All India,UR,Gujarat,"AIIMS, Rajkot",GENERAL MEDICINE,-,-,-,-,-,-,-,-,-,63,-,-,-
AIIMS-All India,UR,Odisha,"AIIMS, Bhubaneswar",GENERAL MEDICINE,-,-,-,-,-,45,58,58,-,64,-,-,-
AIIMS-All India,UR,Delhi,"AIIMS, Delhi",NEUROSURGERY 6 YRS,-,-,-,-,-,51,51,-,-,65,-,-,-
PGIMER-All India,UR,Chandigarh,"PGIMER, Chandigarh",NUCLEAR MEDICINE,-,-,-,-,-,17,102,104,-,67,-,-,-
AIIMS-All India,UR,Madhya Pradesh,"AIIMS, Bhopal",RADIO DIAGNOSIS,-,-,-,-,-,42,52,68,68,68,-,-,-
AIIMS-All India,OBC,Madhya Pradesh,"AIIMS, Bhopal",RADIO DIAGNOSIS,-,-,-,-,-,240,162,162,-,71,-,-,-
AIIMS-All India,EWS,Uttarakhand,"AIIMS, Rishikesh",RADIO DIAGNOSIS,-,-,-,-,-,195,195,195,-,75,-,-,-
NIMHANS-All India,UR,Karnataka,"NIMHANS, Bangalore",NEUROSURGERY 6 YRS,-,-,-,-,-,89,89,-,-,77,-,-,-
AIIMS-All India,UR,Chhattisgarh,"AIIMS, Raipur",GENERAL MEDICINE,-,-,-,-,-,94,63,63,-,78,-,-,-
AIIMS-All India,UR,Maharashtra,"AIIMS, Nagpur",GENERAL MEDICINE,-,-,-,-,-,108,94,94,-,79,-,-,-
AIIMS-All India,UR,Bihar,"AIIMS, Patna",RADIO DIAGNOSIS,-,-,-,-,-,68,59,99,-,80,-,-,-
AIIMS-All India,UR,Delhi,"AIIMS, Delhi",GENERAL SURGERY,-,-,-,-,-,21,12,-,21,82,-,-,-
AIIMS-All India,UR,Chhattisgarh,"AIIMS, Raipur",RADIO DIAGNOSIS,-,-,-,-,-,99,79,79,79,83,-,-,-
AIIMS-All India,UR,Maharashtra,"AIIMS, Nagpur",RADIO DIAGNOSIS,-,-,-,-,-,55,99,133,133,84,-,-,-
AIIMS-All India,UR,Punjab,"AIIMS, Bathinda",GENERAL MEDICINE,-,-,-,-,-,143,119,130,-,86,-,-,-
AIIMS-All India,OBC,Odisha,"AIIMS, Bhubaneswar",RADIO DIAGNOSIS,-,-,-,-,-,265,200,200,-,93,-,-,-
AIIMS-All India,UR,Andhra Pradesh,"AIIMS, Mangalagiri",GENERAL MEDICINE,-,-,-,-,-,140,148,148,-,94,-,-,-
AIIMS-Inst. Pref,UR-AIIMS-IP,Delhi,"AIIMS, Delhi",RADIO DIAGNOSIS,-,-,-,-,-,-,-,-,-,97,-,-,-
PGIMER-All India,UR,Chandigarh,"PGIMER, Chandigarh",DERMATOLOGY,-,-,-,-,-,75,75,75,-,99,-,-,-
AIIMS-All India,OBC,Bihar,"AIIMS, Patna",RADIO DIAGNOSIS,-,-,-,-,-,287,198,198,-,102,-,-,-
AIIMS-All India,UR,Odisha,"AIIMS, Bhubaneswar",DERMATOLOGY,-,-,-,-,-,-,-,-,-,104,-,-,-
PGIMER-All India,OBC,Chandigarh,"PGIMER, Chandigarh",GENERAL MEDICINE,-,-,-,-,-,135,120,120,-,106,-,-,-
AIIMS-All India,UR,Uttar Pradesh,"AIIMS, Rai Bareli",GENERAL MEDICINE,-,-,-,-,-,168,171,154,143,109,-,-,-
NIMHANS-All India,UR,Karnataka,"NIMHANS, Bangalore",NEUROLOGY 6 YRS,-,-,-,-,-,-,-,-,-,110,-,-,-
AIIMS-All India,UR,Himachal Pradesh,"AIIMS, Bilaspur, Himachal",GENERAL MEDICINE,-,-,-,-,-,145,113,113,124,117,-,-,-
AIIMS-All India,UR,Andhra Pradesh,"AIIMS, Mangalagiri",RADIO DIAGNOSIS,-,-,-,-,-,142,142,267,267,118,-,-,-
AIIMS-All India,UR,Delhi,"AIIMS, Delhi",OBG,-,-,-,-,-,112,73,73,-,119,-,-,-
AIIMS-All India,OBC,Uttarakhand,"AIIMS, Rishikesh",GENERAL MEDICINE,-,-,-,-,-,169,161,161,-,120,-,-,-
AIIMS-All India,UR,Himachal Pradesh,"AIIMS, Bilaspur, Himachal",RADIO DIAGNOSIS,-,-,-,-,-,-,-,-,-,122,-,-,-
AIIMS-All India,UR,West Bengal,"AIIMS, Kalyani",RADIO DIAGNOSIS,-,-,-,-,-,185,179,179,179,123,-,-,-
AIIMS-All India,OBC,Rajasthan,"AIIMS, Jodhpur",GENERAL MEDICINE,-,-,-,-,-,187,169,-,-,124,-,-,-
AIIMS-All India,UR,Chhattisgarh,"AIIMS, Raipur",DERMATOLOGY,-,-,-,-,-,-,-,-,-,125,-,-,-
AIIMS-All India,UR,Delhi,"AIIMS, Delhi",OPHTHALMOLOGY,-,-,-,-,-,-,-,235,-,127,-,-,-
AIIMS-All India,UR,Uttarakhand,"AIIMS, Rishikesh",UROLOGY (6 YRS),-,-,-,-,-,79,134,134,-,128,-,-,-
AIIMS-All India,UR,Uttar Pradesh,"AIIMS, Gorakhpur",GENERAL MEDICINE,-,-,-,-,-,149,149,180,-,131,-,-,-
AIIMS-All India,UR,Jammu and Kashmir,"AIIMS, Jammu",RADIO DIAGNOSIS,-,-,-,-,-,-,-,-,-,134,-,-,-
JIPMER-All India,UR,Pondicherry,"JIPMER, Puducherry",TBRD,-,-,-,-,-,-,-,318,459,135,-,-,-
AIIMS-All India,EWS,Uttarakhand,"AIIMS, Rishikesh",GENERAL MEDICINE,-,-,-,-,-,-,-,-,-,136,-,-,-
AIIMS-All India,EWS,Odisha,"AIIMS, Bhubaneswar",GENERAL MEDICINE,-,-,-,-,-,-,-,-,-,137,-,-,-
AIIMS-Inst. Pref,UR-AIIMS-IP,Rajasthan,"AIIMS, Jodhpur",DERMATOLOGY,-,-,-,-,-,-,-,-,-,139,-,-,-
AIIMS-All India,OBC,Maharashtra,"AIIMS, Nagpur",RADIO DIAGNOSIS,-,-,-,-,-,295,267,287,-,142,-,-,-
AIIMS-All India,UR,Delhi,"AIIMS, Delhi",INECTIOUS DISEASES 6 YRS,-,-,-,-,-,165,168,172,-,143,-,-,-
AIIMS-Inst. Pref,UR-AIIMS-IP,Delhi,"AIIMS, Delhi",GENERAL SURGERY,-,-,-,-,-,25,25,-,-,144,-,-,-
AIIMS-All India,UR,Andhra Pradesh,"AIIMS, Mangalagiri",DERMATOLOGY,-,-,-,-,-,-,-,-,-,145,-,-,-
PGIMER-All India,UR,Chandigarh,"PGIMER, Chandigarh",ORTHOPAEDICS,-,-,-,-,-,230,230,315,412,149,-,-,-
AIIMS-All India,UR,Rajasthan,"AIIMS, Jodhpur",GENERAL SURGERY,-,-,-,-,-,206,223,268,-,153,-,-,-
AIIMS-All India,UR,Maharashtra,"AIIMS, Nagpur",NUCLEAR MEDICINE,-,-,-,-,-,189,189,189,189,155,-,-,-
AIIMS-Inst. Pref,UR-AIIMS-IP,Chhattisgarh,"AIIMS, Raipur",RADIO DIAGNOSIS,-,-,-,-,-,-,-,-,-,157,-,-,-
AIIMS-All India,UR,Delhi,"AIIMS, Delhi",ENT,-,-,-,-,-,-,-,-,-,158,-,-,-
AIIMS-All India,UR,Rajasthan,"AIIMS, Jodhpur",NEUROSURGERY 6 YRS,-,-,-,-,-,-,-,-,-,159,-,-,-
AIIMS-All India,OBC,Bihar,"AIIMS, Patna",GENERAL MEDICINE,-,-,-,-,-,218,218,218,-,160,-,-,-
PGIMER-All India,UR,Chandigarh,"PGIMER, Chandigarh",PAEDIATRICS,-,-,-,-,-,76,78,109,-,161,-,-,-
AIIMS-All India,UR,Uttarakhand,"AIIMS, Rishikesh",OBG,-,-,-,-,-,445,432,445,453,166,-,-,-
AIIMS-All India,UR,Jammu and Kashmir,"AIIMS, Jammu",GENERAL MEDICINE,-,-,-,-,-,-,-,-,-,167,-,-,-
AIIMS-Inst. Pref,UR-AIIMS-IP,Maharashtra,"AIIMS, Nagpur",GENERAL MEDICINE,-,-,-,-,-,-,-,-,-,168,-,-,-
AIIMS-All India,OBC,Madhya Pradesh,"AIIMS, Bhopal",GENERAL MEDICINE,-,-,-,-,-,215,215,-,-,169,-,-,-
AIIMS-All India,OBC,Odisha,"AIIMS, Bhubaneswar",GENERAL MEDICINE,-,-,-,-,-,164,164,164,164,172,-,-,-
AIIMS-All India,UR,Odisha,"AIIMS, Bhubaneswar",OBG,-,-,-,-,-,446,429,455,-,174,-,-,-
AIIMS-Inst. Pref,UR-AIIMS-IP,Madhya Pradesh,"AIIMS, Bhopal",GENERAL MEDICINE,-,-,-,-,-,-,-,-,-,176,-,-,-
AIIMS-All India,OBC,Andhra Pradesh,"AIIMS, Mangalagiri",RADIO DIAGNOSIS,-,-,-,-,-,174,174,-,-,179,-,-,-
AIIMS-All India,OBC,Punjab,"AIIMS, Bathinda",GENERAL MEDICINE,-,-,-,-,-,-,-,-,380,182,-,-,-
AIIMS-All India,EWS,Punjab,"AIIMS, Bathinda",RADIO DIAGNOSIS,-,-,-,-,-,-,-,-,-,186,-,-,-
AIIMS-All India,UR,Uttarakhand,"AIIMS, Rishikesh",NEUROSURGERY 6 YRS,-,-,-,-,-,-,-,-,-,187,-,-,-
AIIMS-All India,EWS,Delhi,"AIIMS, Delhi",PAEDIATRICS,-,-,-,-,-,248,248,464,-,189,-,-,-
AIIMS-All India,UR,Rajasthan,"AIIMS, Jodhpur",PAEDIATRICS,-,-,-,-,-,78,196,250,334,190,-,-,-
AIIMS-All India,UR,Bihar,"AIIMS, Patna",DERMATOLOGY,-,-,-,-,-,-,-,-,-,191,-,-,-
AIIMS-All India,UR,Madhya Pradesh,"AIIMS, Bhopal",PAEDIATRICS,-,-,-,-,-,208,219,275,275,192,-,-,-
AIIMS-All India,UR,Jharkhand,"AIIMS, Deoghar",GENERAL MEDICINE,-,-,-,-,-,151,151,151,151,194,-,-,-
AIIMS-All India,OBC,Jharkhand,"AIIMS, Deoghar",GENERAL MEDICINE,-,-,-,-,-,310,286,286,473,196,-,-,-
AIIMS-All India,UR,Chhattisgarh,"AIIMS, Raipur",PAEDIATRICS,-,-,-,-,-,-,260,319,319,200,-,-,-
AIIMS-All India,UR,Uttar Pradesh,"AIIMS, Gorakhpur",DERMATOLOGY,-,-,-,-,-,166,252,-,-,202,-,-,-
PGIMER-All India,UR,Chandigarh,"PGIMER, Chandigarh",OPHTHALMOLOGY,-,-,-,-,-,269,300,351,395,204,-,-,-
AIIMS-All India,UR,Delhi,"AIIMS, Delhi",RADIATION ONCOLOGY,-,-,-,-,-,93,93,-,-,206,-,-,-
AIIMS-All India,UR,Assam,"AIIMS, Guwahati",GENERAL MEDICINE,-,-,-,-,-,171,145,145,-,207,-,-,-
AIIMS-All India,OBC,Delhi,"AIIMS, Delhi",DERMATOLOGY,-,-,-,-,-,105,105,105,-,214,-,-,-
AIIMS-All India,UR,Maharashtra,"AIIMS, Nagpur",PAEDIATRICS,-,-,-,-,-,-,-,-,-,216,-,-,-
AIIMS-All India,UR,Rajasthan,"AIIMS, Jodhpur",ORTHOPAEDICS,-,-,-,-,-,-,315,412,465,217,-,-,-
AIIMS-All India,UR,Rajasthan,"AIIMS, Jodhpur",OPHTHALMOLOGY,-,-,-,-,-,-,-,-,-,218,-,-,-
AIIMS-All India,OBC,Chhattisgarh,"AIIMS, Raipur",GENERAL MEDICINE,-,-,-,-,-,191,187,187,187,220,-,-,-
AIIMS-All India,EWS,Chhattisgarh,"AIIMS, Raipur",GENERAL MEDICINE,-,-,-,-,-,-,-,-,-,224,-,-,-
AIIMS-All India,OBC,Delhi,"AIIMS, Delhi",PAEDIATRICS,-,-,-,-,-,246,247,251,-,225,-,-,-
AIIMS-All India,UR,Odisha,"AIIMS, Bhubaneswar",ORTHOPAEDICS,-,-,-,-,-,427,427,-,-,226,-,-,-
AIIMS-All India,UR,Jammu and Kashmir,"AIIMS, Jammu",DERMATOLOGY,-,-,-,-,-,-,-,-,-,228,-,-,-
AIIMS-All India,UR,Andhra Pradesh,"AIIMS, Mangalagiri",NUCLEAR MEDICINE,-,-,-,-,-,-,-,-,-,229,-,-,-
AIIMS-All India,EWS,Maharashtra,"AIIMS, Nagpur",GENERAL MEDICINE,-,-,-,-,-,242,147,147,-,230,-,-,-
JIPMER-All India,OBC,Pondicherry,"JIPMER, Puducherry",DERMATOLOGY,-,-,-,-,-,-,225,-,-,232,-,-,-
AIIMS-All India,UR,Uttarakhand,"AIIMS, Rishikesh",ORTHOPAEDICS,-,-,-,-,-,278,278,361,-,235,-,-,-
AIIMS-All India,EWS,Bihar,"AIIMS, Patna",GENERAL MEDICINE,-,-,-,-,-,-,-,-,-,236,-,-,-
AIIMS-All India,EWS,Uttar Pradesh,"AIIMS, Gorakhpur",GENERAL MEDICINE,-,-,-,-,-,-,-,-,-,238,-,-,-
AIIMS-All India,EWS,Gujarat,"AIIMS, Rajkot",RADIO DIAGNOSIS,-,-,-,-,-,-,-,-,-,240,-,-,-
JIPMER-All India,UR,Pondicherry,"JIPMER, Puducherry",OBG,-,-,-,-,-,299,299,446,-,241,-,-,-
JIPMER-All India,UR,Pondicherry,"JIPMER, Puducherry",GENERAL SURGERY,-,-,-,-,-,264,274,244,514,242,-,-,-
AIIMS-All India,EWS,Himachal Pradesh,"AIIMS, Bilaspur, Himachal",RADIO DIAGNOSIS,-,-,-,-,-,-,-,-,-,245,-,-,-
JIPMER-All India,OBC,Pondicherry,"JIPMER, Puducherry",PAEDIATRICS,-,-,-,-,-,339,309,381,393,246,-,-,-
AIIMS-All India,UR,Chhattisgarh,"AIIMS, Raipur",OBG,-,-,-,-,-,530,530,530,-,247,-,-,-
AIIMS-Inst. Pref,UR-AIIMS-IP,Delhi,"AIIMS, Delhi",DERMATOLOGY,-,-,-,-,-,81,77,116,-,248,-,-,-
JIPMER-All India,OBC,Pondicherry,"JIPMER, Puducherry",RADIATION ONCOLOGY,-,-,-,-,-,892,959,1062,-,249,-,-,-
PGIMER-All India,UR,Chandigarh,"PGIMER, Chandigarh",GENERAL SURGERY,-,-,-,-,-,192,206,223,387,253,-,-,-
AIIMS-All India,EWS,Delhi,"AIIMS, Delhi",DERMATOLOGY,-,-,-,-,-,155,155,-,-,258,-,-,-
AIIMS-All India,OBC,Madhya Pradesh,"AIIMS, Bhopal",PAEDIATRICS,-,-,-,-,-,489,472,585,585,259,-,-,-
AIIMS-All India,UR,Himachal Pradesh,"AIIMS, Bilaspur, Himachal",PAEDIATRICS,-,-,-,-,-,-,-,-,-,266,-,-,-
PGIMER-All India,UR,Chandigarh,"PGIMER, Chandigarh",RADIATION ONCOLOGY,-,-,-,-,-,262,262,262,-,267,-,-,-
AIIMS-All India,OBC,Andhra Pradesh,"AIIMS, Mangalagiri",PAEDIATRICS,-,-,-,-,-,471,471,471,929,268,-,-,-
AIIMS-All India,UR,Punjab,"AIIMS, Bathinda",PAEDIATRICS,-,-,-,-,-,252,354,354,354,269,-,-,-
AIIMS-All India,OBC,Himachal Pradesh,"AIIMS, Bilaspur, Himachal",RADIO DIAGNOSIS,-,-,-,-,-,328,332,-,-,270,-,-,-
AIIMS-All India,EWS,Uttarakhand,"AIIMS, Rishikesh",PAEDIATRICS,-,-,-,-,-,-,-,-,-,274,-,-,-
AIIMS-All India,UR,Chhattisgarh,"AIIMS, Raipur",RADIATION ONCOLOGY,-,-,-,-,-,-,-,-,-,275,-,-,-
AIIMS-All India,UR,Chhattisgarh,"AIIMS, Raipur",GENERAL SURGERY,-,-,-,-,-,408,410,410,-,276,-,-,-
AIIMS-All India,UR,Rajasthan,"AIIMS, Jodhpur",INECTIOUS DISEASES 6 YRS,-,-,-,-,-,-,-,-,-,277,-,-,-
JIPMER-All India,UR,Pondicherry,"JIPMER, Puducherry",ORTHOPAEDICS,-,-,-,-,-,281,538,538,546,278,-,-,-
AIIMS-All India,EWS,Maharashtra,"AIIMS, Nagpur",DERMATOLOGY,-,-,-,-,-,-,-,-,-,279,-,-,-
AIIMS-All India,UR,Uttar Pradesh,"AIIMS, Rai Bareli",PAEDIATRICS,-,-,-,-,-,306,319,363,463,280,-,-,-
AIIMS-All India,OBC,Maharashtra,"AIIMS, Nagpur",GENERAL MEDICINE,-,-,-,-,-,231,98,98,-,281,-,-,-
AIIMS-All India,UR,Delhi,"AIIMS, Delhi",PSYCHIATRY,-,-,-,-,-,-,-,-,-,283,-,-,-
AIIMS-All India,UR,Uttarakhand,"AIIMS, Rishikesh",GENERAL SURGERY,-,-,-,-,-,-,-,-,-,285,-,-,-
PGIMER-All India,OBC,Chandigarh,"PGIMER, Chandigarh",NUCLEAR MEDICINE,-,-,-,-,-,-,-,-,-,292,-,-,-
AIIMS-All India,OBC,Odisha,"AIIMS, Bhubaneswar",PAEDIATRICS,-,-,-,-,-,263,263,263,-,294,-,-,-
AIIMS-All India,UR,Assam,"AIIMS, Guwahati",PAEDIATRICS,-,-,-,-,-,268,385,-,-,295,-,-,-
AIIMS-All India,OBC,Uttar Pradesh,"AIIMS, Rai Bareli",GENERAL MEDICINE,-,-,-,-,-,-,-,254,254,298,-,-,-
AIIMS-All India,UR,Bihar,"AIIMS, Patna",ORTHOPAEDICS,-,-,-,-,-,-,-,-,-,299,-,-,-
AIIMS-All India,OBC,Assam,"AIIMS, Guwahati",GENERAL MEDICINE,-,-,-,-,-,-,-,-,-,301,-,-,-
AIIMS-All India,UR,Punjab,"AIIMS, Bathinda",OPHTHALMOLOGY,-,-,-,-,-,686,686,686,686,303,-,-,-
AIIMS-All India,UR,Delhi,"AIIMS, Delhi",ANAESTHESIOLOGY,-,-,-,-,-,395,395,519,392,304,-,-,-
AIIMS-All India,OBC,Uttarakhand,"AIIMS, Rishikesh",NUCLEAR MEDICINE,-,-,-,-,-,369,328,328,328,305,-,-,-
AIIMS-All India,OBC,Delhi,"AIIMS, Delhi",GENERAL SURGERY,-,-,-,-,-,152,152,-,-,307,-,-,-
JIPMER-All India,OBC,Pondicherry,"JIPMER, Puducherry",TBRD,-,-,-,-,-,470,627,605,1064,308,-,-,-
AIIMS-All India,UR,Jharkhand,"AIIMS, Deoghar",PAEDIATRICS,-,-,-,-,-,318,382,400,-,309,-,-,-
AIIMS-All India,OBC,Andhra Pradesh,"AIIMS, Mangalagiri",DERMATOLOGY,-,-,-,-,-,-,-,-,-,318,-,-,-
AIIMS-All India,OBC,Rajasthan,"AIIMS, Jodhpur",DERMATOLOGY,-,-,-,-,-,-,-,-,-,319,-,-,-
AIIMS-All India,UR,Chhattisgarh,"AIIMS, Raipur",ORTHOPAEDICS,-,-,-,-,-,465,546,550,1086,321,-,-,-
AIIMS-All India,UR,Maharashtra,"AIIMS, Nagpur",PLASTIC SURGERY 6 YRS,-,-,-,-,-,312,549,549,550,322,-,-,-
AIIMS-All India,OBC,Odisha,"AIIMS, Bhubaneswar",DERMATOLOGY,-,-,-,-,-,-,-,-,-,325,-,-,-
PGIMER-All India,UR,Chandigarh,"PGIMER, Chandigarh",OBG,-,-,-,-,-,199,226,95,137,328,-,-,-
AIIMS-All India,UR,Uttarakhand,"AIIMS, Rishikesh",EMERGENCY MEDICINE,-,-,-,-,-,337,374,311,-,331,-,-,-
PGIMER-All India,OBC,Chandigarh,"PGIMER, Chandigarh",PAEDIATRICS,-,-,-,-,-,297,297,309,309,333,-,-,-
AIIMS-All India,OBC,Uttarakhand,"AIIMS, Rishikesh",PAEDIATRICS,-,-,-,-,-,389,380,545,-,336,-,-,-
AIIMS-All India,UR,Andhra Pradesh,"AIIMS, Mangalagiri",GENERAL SURGERY,-,-,-,-,-,-,-,-,-,337,-,-,-
AIIMS-All India,UR,Rajasthan,"AIIMS, Jodhpur",OBG,-,-,-,-,-,357,306,362,362,338,-,-,-
AIIMS-All India,EWS,Rajasthan,"AIIMS, Jodhpur",PAEDIATRICS,-,-,-,-,-,-,-,-,-,339,-,-,-
AIIMS-All India,UR,Odisha,"AIIMS, Bhubaneswar",RADIATION ONCOLOGY,-,-,-,-,-,573,573,779,548,341,-,-,-
AIIMS-All India,OBC,Jammu and Kashmir,"AIIMS, Jammu",GENERAL MEDICINE,-,-,-,-,-,-,-,-,-,342,-,-,-
AIIMS-All India,EWS,Delhi,"AIIMS, Delhi",OBG,-,-,-,-,-,435,435,-,-,344,-,-,-
AIIMS-All India,EWS,Uttarakhand,"AIIMS, Rishikesh",OBG,-,-,-,-,-,-,-,-,-,346,-,-,-
AIIMS-All India,UR,Madhya Pradesh,"AIIMS, Bhopal",EMERGENCY MEDICINE,-,-,-,-,-,641,762,951,-,347,-,-,-
AIIMS-All India,OBC,Madhya Pradesh,"AIIMS, Bhopal",NUCLEAR MEDICINE,-,-,-,-,-,-,-,-,-,348,-,-,-
AIIMS-All India,OBC,Madhya Pradesh,"AIIMS, Bhopal",DERMATOLOGY,-,-,-,-,-,110,116,415,-,349,-,-,-
AIIMS-All India,OBC,Rajasthan,"AIIMS, Jodhpur",GENERAL SURGERY,-,-,-,-,-,458,458,-,-,353,-,-,-
AIIMS-All India,UR,Bihar,"AIIMS, Patna",GENERAL SURGERY,-,-,-,-,-,382,336,-,-,354,-,-,-
AIIMS-All India,UR,Maharashtra,"AIIMS, Nagpur",NEUROSURGERY 6 YRS,-,-,-,-,-,156,156,156,-,355,-,-,-
AIIMS-Inst. Pref,UR-AIIMS-IP,Madhya Pradesh,"AIIMS, Bhopal",DERMATOLOGY,-,-,-,-,-,-,-,-,-,360,-,-,-
AIIMS-All India,UR,Uttar Pradesh,"AIIMS, Gorakhpur",GENERAL SURGERY,-,-,-,-,-,400,501,-,524,361,-,-,-
SCTIMST-All India,UR,Kerala,"Sree Chirtra Thirunal, Triv.",IHBT,-,-,-,-,-,1881,1881,3743,10260,362,-,-,-
AIIMS-All India,EWS,Jharkhand,"AIIMS, Deoghar",GENERAL MEDICINE,-,-,-,-,-,294,320,320,320,364,-,-,-
JIPMER-All India,UR,Pondicherry,"JIPMER, Puducherry",RADIATION ONCOLOGY,-,-,-,-,-,459,-,-,-,367,-,-,-
AIIMS-All India,OBC,Delhi,"AIIMS, Delhi",OBG,-,-,-,-,-,504,520,-,-,370,-,-,-
AIIMS-All India,UR,Punjab,"AIIMS, Bathinda",NEUROSURGERY 6 YRS,-,-,-,-,-,273,463,463,833,372,-,-,-
AIIMS-All India,UR,Bihar,"AIIMS, Patna",OBG,-,-,-,-,-,405,475,-,-,373,-,-,-
AIIMS-All India,OBC,Delhi,"AIIMS, Delhi",ORTHOPAEDICS,-,-,-,-,-,327,327,-,-,374,-,-,-
PGIMER-All India,OBC,Chandigarh,"PGIMER, Chandigarh",ORTHOPAEDICS,-,-,-,-,-,345,345,345,-,376,-,-,-
JIPMER-All India,UR,Pondicherry,"JIPMER, Puducherry",ENT,-,-,-,-,-,437,480,-,-,377,-,-,-
AIIMS-All India,EWS,Delhi,"AIIMS, Delhi",GENERAL SURGERY,-,-,-,-,-,181,181,181,-,378,-,-,-
AIIMS-All India,UR,Uttar Pradesh,"AIIMS, Rai Bareli",GENERAL SURGERY,-,-,-,-,-,478,524,581,542,379,-,-,-
JIMPER-Inst. Pref,INST (JIPMER),Pondicherry,"JIPMER, Puducherry",RADIO DIAGNOSIS,-,-,-,-,-,36,36,-,-,380,-,-,-
AIIMS-All India,EWS,Madhya Pradesh,"AIIMS, Bhopal",PAEDIATRICS,-,-,-,-,-,474,474,582,-,384,-,-,-
JIPMER-All India,UR,Pondicherry,"JIPMER, Puducherry",OPHTHALMOLOGY,-,-,-,-,-,330,431,546,1042,387,-,-,-
AIIMS-All India,OBC,Rajasthan,"AIIMS, Jodhpur",PAEDIATRICS,-,-,-,-,-,302,302,393,605,389,-,-,-
AIIMS-All India,EWS,Uttarakhand,"AIIMS, Rishikesh",TBRD,-,-,-,-,-,-,-,-,-,391,-,-,-
AIIMS-All India,OBC,Maharashtra,"AIIMS, Nagpur",DERMATOLOGY,-,-,-,-,-,415,415,629,631,392,-,-,-
AIIMS-All India,OBC,Punjab,"AIIMS, Bathinda",RADIO DIAGNOSIS,-,-,-,-,-,308,308,375,375,393,-,-,-
AIIMS-All India,UR,Uttarakhand,"AIIMS, Rishikesh",ENT,-,-,-,-,-,-,-,-,-,395,-,-,-
AIIMS-All India,UR,Madhya Pradesh,"AIIMS, Bhopal",OPHTHALMOLOGY,-,-,-,-,-,356,420,420,420,399,-,-,-
AIIMS-All India,OBC,Assam,"AIIMS, Guwahati",RADIO DIAGNOSIS,-,-,-,-,-,332,394,-,-,401,-,-,-
AIIMS-All India,UR,Uttar Pradesh,"AIIMS, Rai Bareli",NEUROSURGERY 6 YRS,-,-,-,-,-,-,-,-,-,405,-,-,-
AIIMS-All India,OBC,Chhattisgarh,"AIIMS, Raipur",PAEDIATRICS,-,-,-,-,-,462,462,705,705,407,-,-,-
AIIMS-All India,EWS,Madhya Pradesh,"AIIMS, Bhopal",OBG,-,-,-,-,-,553,821,881,-,408,-,-,-
AIIMS-All India,OBC,Bihar,"AIIMS, Patna",PAEDIATRICS,-,-,-,-,-,497,545,600,600,409,-,-,-
AIIMS-Inst. Pref,UR-AIIMS-IP,Odisha,"AIIMS, Bhubaneswar",ORTHOPAEDICS,-,-,-,-,-,1010,426,-,-,412,-,-,-
JIPMER-All India,OBC,Pondicherry,"JIPMER, Puducherry",OBG,-,-,-,-,-,645,738,1019,-,415,-,-,-
PGIMER-All India,UR,Chandigarh,"PGIMER, Chandigarh",ENT,-,-,-,-,-,548,594,591,594,416,-,-,-
AIIMS-Inst. Pref,UR-AIIMS-IP,Bihar,"AIIMS, Patna",SURGGASTRO (6 YRS),-,-,-,-,-,141,141,-,-,419,-,-,-
AIIMS-All India,UR,Delhi,"AIIMS, Delhi",GERIATRICS,-,-,-,-,-,316,372,372,-,421,-,-,-
JIPMER-All India,UR,Pondicherry,"JIPMER, Puducherry",GERIATRICS,-,-,-,-,-,-,-,-,-,423,-,-,-
AIIMS-All India,UR,Maharashtra,"AIIMS, Nagpur",OBG,-,-,-,-,-,-,-,-,-,425,-,-,-
AIIMS-All India,UR,Punjab,"AIIMS, Bathinda",PLASTIC SURGERY 6 YRS,-,-,-,-,-,-,-,-,-,427,-,-,-
NIMHANS-All India,UR,Karnataka,"NIMHANS, Bangalore",PSYCHIATRY,-,-,-,-,-,377,468,551,-,428,-,-,-
JIPMER-All India,OBC,Pondicherry,"JIPMER, Puducherry",GENERAL SURGERY,-,-,-,-,-,381,381,852,910,429,-,-,-
AIIMS-All India,UR,Bihar,"AIIMS, Patna",RADIATION ONCOLOGY,-,-,-,-,-,-,-,691,-,430,-,-,-
AIIMS-Inst. Pref,UR-AIIMS-IP,Delhi,"AIIMS, Delhi",NUCLEAR MEDICINE,-,-,-,-,-,22,22,-,-,431,-,-,-
AIIMS-All India,UR,Uttar Pradesh,"AIIMS, Rai Bareli",OBG,-,-,-,-,-,-,620,620,837,432,-,-,-
AIIMS-All India,OBC,Uttar Pradesh,"AIIMS, Gorakhpur",RADIO DIAGNOSIS,-,-,-,-,-,-,-,-,-,433,-,-,-
AIIMS-All India,SC,Delhi,"AIIMS, Delhi",GENERAL MEDICINE,-,-,-,-,-,12,26,-,-,435,-,-,-
JIMPER-Inst. Pref,INST (JIPMER),Pondicherry,"JIPMER, Puducherry",GENERAL MEDICINE,-,-,-,-,-,65,65,-,-,436,-,-,-
PGIMER-All India,UR,Chandigarh,"PGIMER, Chandigarh",PSYCHIATRY,-,-,-,-,-,518,499,557,995,437,-,-,-
AIIMS-All India,OBC,Bihar,"AIIMS, Patna",OBG,-,-,-,-,-,974,1085,1147,1147,447,-,-,-
JIPMER-All India,EWS,Pondicherry,"JIPMER, Puducherry",PAEDIATRICS,-,-,-,-,-,464,464,-,-,449,-,-,-
AIIMS-All India,UR,Andhra Pradesh,"AIIMS, Mangalagiri",OBG,-,-,-,-,-,-,442,-,442,450,-,-,-
AIIMS-All India,UR,Maharashtra,"AIIMS, Nagpur",ORTHOPAEDICS,-,-,-,-,-,-,-,-,-,452,-,-,-
AIIMS-All India,SC,Delhi,"AIIMS, Delhi",DERMATOLOGY,-,-,-,-,-,234,234,-,-,453,-,-,-
AIIMS-All India,UR,Punjab,"AIIMS, Bathinda",OBG,-,-,-,-,-,587,561,561,-,454,-,-,-
AIIMS-All India,OBC,Maharashtra,"AIIMS, Nagpur",PAEDIATRICS,-,-,-,-,-,340,491,713,-,455,-,-,-
AIIMS-All India,EWS,Himachal Pradesh,"AIIMS, Bilaspur, Himachal",DERMATOLOGY,-,-,-,-,-,-,-,-,-,456,-,-,-
AIIMS-All India,UR,Odisha,"AIIMS, Bhubaneswar",ENT,-,-,-,-,-,-,-,-,-,457,-,-,-
AIIMS-All India,EWS,Bihar,"AIIMS, Patna",PAEDIATRICS,-,-,-,-,-,544,602,602,602,463,-,-,-
AIIMS-Inst. Pref,UR-AIIMS-IP,Uttarakhand,"AIIMS, Rishikesh",GENERAL MEDICINE,-,-,-,-,-,-,-,-,-,465,-,-,-
AIIMS-All India,UR,Uttar Pradesh,"AIIMS, Gorakhpur",OBG,-,-,-,-,-,-,-,-,-,470,-,-,-
AIIMS-All India,UR,Telangana,"AIIMS, Bibinagar",OBG,-,-,-,-,-,346,641,641,-,474,-,-,-
AIIMS-Inst. Pref,UR-AIIMS-IP,Himachal Pradesh,"AIIMS, Bilaspur, Himachal",GENERAL MEDICINE,-,-,-,-,-,-,-,-,-,477,-,-,-
AIIMS-All India,UR,Gujarat,"AIIMS, Rajkot",ORTHOPAEDICS,-,-,-,-,-,-,-,-,-,479,-,-,-
AIIMS-All India,UR,West Bengal,"AIIMS, Kalyani",EMERGENCY MEDICINE,-,-,-,-,-,677,993,1213,1516,481,-,-,-
JIPMER-All India,EWS,Pondicherry,"JIPMER, Puducherry",TBRD,-,-,-,-,-,531,-,-,-,483,-,-,-
AIIMS-All India,OBC,Delhi,"AIIMS, Delhi",RADIATION ONCOLOGY,-,-,-,-,-,875,734,734,-,489,-,-,-
AIIMS-All India,UR,Rajasthan,"AIIMS, Jodhpur",PSYCHIATRY,-,-,-,-,-,-,-,-,906,490,-,-,-
AIIMS-All India,OBC,Uttarakhand,"AIIMS, Rishikesh",GENERAL SURGERY,-,-,-,-,-,750,761,865,922,491,-,-,-
AIIMS-Inst. Pref,UR-AIIMS-IP,Madhya Pradesh,"AIIMS, Bhopal",ORTHOPAEDICS,-,-,-,-,-,727,1761,1761,1761,497,-,-,-
AIIMS-All India,UR,Himachal Pradesh,"AIIMS, Bilaspur, Himachal",GENERAL SURGERY,-,-,-,-,-,-,-,-,-,498,-,-,-
AIIMS-All India,UR,Uttar Pradesh,"AIIMS, Gorakhpur",ENT,-,-,-,-,-,-,-,-,-,501,-,-,-
AIIMS-All India,OBC,Gujarat,"AIIMS, Rajkot",PAEDIATRICS,-,-,-,-,-,-,-,-,-,502,-,-,-
AIIMS-All India,EWS,Delhi,"AIIMS, Delhi",PSYCHIATRY,-,-,-,-,-,551,1176,-,-,505,-,-,-
AIIMS-All India,UR,Jharkhand,"AIIMS, Deoghar",OBG,-,-,-,-,-,-,-,-,-,506,-,-,-
PGIMER-All India,OBC,Chandigarh,"PGIMER, Chandigarh",GENERAL SURGERY,-,-,-,-,-,638,576,512,767,508,-,-,-
AIIMS-All India,UR,Gujarat,"AIIMS, Rajkot",OPHTHALMOLOGY,-,-,-,-,-,-,-,-,-,509,-,-,-
AIIMS-All India,EWS,Rajasthan,"AIIMS, Jodhpur",ORTHOPAEDICS,-,-,-,-,-,-,-,-,-,510,-,-,-
AIIMS-Inst. Pref,UR-AIIMS-IP,Madhya Pradesh,"AIIMS, Bhopal",PAEDIATRICS,-,-,-,-,-,-,-,-,-,511,-,-,-
AIIMS-All India,UR,Delhi,"AIIMS, Delhi",PATHOLOGY,-,-,-,-,-,666,1137,1294,2913,512,-,-,-
AIIMS-All India,OBC,Punjab,"AIIMS, Bathinda",PAEDIATRICS,-,-,-,-,-,552,489,776,776,515,-,-,-
AIIMS-All India,EWS,Chhattisgarh,"AIIMS, Raipur",PAEDIATRICS,-,-,-,-,-,-,-,-,-,517,-,-,-
AIIMS-All India,EWS,Uttar Pradesh,"AIIMS, Gorakhpur",PAEDIATRICS,-,-,-,-,-,808,841,-,841,518,-,-,-
AIIMS-Inst. Pref,UR-AIIMS-IP,Uttarakhand,"AIIMS, Rishikesh",PAEDIATRICS,-,-,-,-,-,259,357,2007,2007,519,-,-,-
JIPMER-All India,UR,Pondicherry,"JIPMER, Puducherry",CARDIO THORACIC AND VASCULAR SURGERY 6 YRS,-,-,-,-,-,-,-,-,-,523,-,-,-
AIIMS-All India,UR,Andhra Pradesh,"AIIMS, Mangalagiri",ORTHOPAEDICS,-,-,-,-,-,401,682,701,-,524,-,-,-
AIIMS-Inst. Pref,UR-AIIMS-IP,Andhra Pradesh,"AIIMS, Mangalagiri",RADIO DIAGNOSIS,-,-,-,-,-,-,-,-,-,526,-,-,-
AIIMS-All India,OBC,Assam,"AIIMS, Guwahati",DERMATOLOGY,-,-,-,-,-,-,-,-,-,536,-,-,-
JIPMER-All India,EWS,Pondicherry,"JIPMER, Puducherry",GENERAL SURGERY,-,-,-,-,-,484,697,697,-,539,-,-,-
AIIMS-All India,UR,Telangana,"AIIMS, Bibinagar",RADIATION ONCOLOGY,-,-,-,-,-,-,-,-,-,541,-,-,-
AIIMS-Inst. Pref,UR-AIIMS-IP,Rajasthan,"AIIMS, Jodhpur",PAEDIATRICS,-,-,-,-,-,-,-,-,-,544,-,-,-
AIIMS-Inst. Pref,UR-AIIMS-IP,Chhattisgarh,"AIIMS, Raipur",PAEDIATRICS,-,-,-,-,-,221,-,-,-,545,-,-,-
AIIMS-All India,UR,Madhya Pradesh,"AIIMS, Bhopal",CARDIO THORACIC AND VASCULAR SURGERY 6 YRS,-,-,-,-,-,379,614,-,1376,550,-,-,-
AIIMS-All India,OBC,Himachal Pradesh,"AIIMS, Bilaspur, Himachal",PAEDIATRICS,-,-,-,-,-,705,705,830,959,555,-,-,-
AIIMS-All India,EWS,Himachal Pradesh,"AIIMS, Bilaspur, Himachal",PAEDIATRICS,-,-,-,-,-,-,-,-,-,557,-,-,-
AIIMS-All India,OBC,Uttar Pradesh,"AIIMS, Gorakhpur",PAEDIATRICS,-,-,-,-,-,-,-,-,-,558,-,-,-
AIIMS-Inst. Pref,UR-AIIMS-IP,Delhi,"AIIMS, Delhi",OBG,-,-,-,-,-,612,834,42,42,560,-,-,-
AIIMS-All India,UR,Madhya Pradesh,"AIIMS, Bhopal",PAEDIATRIC SURGERY 6 YRS,-,-,-,-,-,-,-,-,-,562,-,-,-
AIIMS-All India,UR,Jammu and Kashmir,"AIIMS, Jammu",GENERAL SURGERY,-,-,-,-,-,-,-,-,-,566,-,-,-
AIIMS-All India,UR,Maharashtra,"AIIMS, Nagpur",ENT,-,-,-,-,-,644,644,-,-,567,-,-,-
AIIMS-All India,UR,Assam,"AIIMS, Guwahati",OBG,-,-,-,-,-,632,793,793,793,568,-,-,-
AIIMS-All India,OBC,Jharkhand,"AIIMS, Deoghar",PAEDIATRICS,-,-,-,-,-,585,585,746,-,570,-,-,-
AIIMS-All India,UR,Jharkhand,"AIIMS, Deoghar",GENERAL SURGERY,-,-,-,-,-,501,581,715,715,573,-,-,-
JIPMER-All India,OBC,Pondicherry,"JIPMER, Puducherry",EMERGENCY MEDICINE,-,-,-,-,-,-,-,1184,-,577,-,-,-
AIIMS-All India,OBC,Madhya Pradesh,"AIIMS, Bhopal",GENERAL SURGERY,-,-,-,-,-,734,753,-,-,578,-,-,-
JIPMER-All India,SC,Pondicherry,"JIPMER, Puducherry",RADIO DIAGNOSIS,-,-,-,-,-,271,271,271,-,582,-,-,-
AIIMS-All India,OBC,Andhra Pradesh,"AIIMS, Mangalagiri",OBG,-,-,-,-,-,442,603,-,-,584,-,-,-
AIIMS-All India,UR,Bihar,"AIIMS, Patna",CARDIO THORACIC AND VASCULAR SURGERY 6 YRS,-,-,-,-,-,684,760,958,1709,594,-,-,-
JIPMER-All India,UR,Pondicherry,"JIPMER, Puducherry",ANAESTHESIOLOGY,-,-,-,-,-,543,543,-,-,597,-,-,-
AIIMS-All India,UR,Rajasthan,"AIIMS, Jodhpur",PAEDIATRIC SURGERY 6 YRS,-,-,-,-,-,554,-,-,-,600,-,-,-
JIMPER-Inst. Pref,INST (JIPMER),Pondicherry,"JIPMER, Puducherry",NUCLEAR MEDICINE,-,-,-,-,-,366,-,-,-,604,-,-,-
AIIMS-All India,OBC,Uttar Pradesh,"AIIMS, Rai Bareli",PAEDIATRICS,-,-,-,-,-,545,600,743,-,611,-,-,-
AIIMS-Inst. Pref,UR-AIIMS-IP,Delhi,"AIIMS, Delhi",NEUROSURGERY 6 YRS,-,-,-,-,-,-,-,-,-,618,-,-,-
AIIMS-All India,UR,Chhattisgarh,"AIIMS, Raipur",PSYCHIATRY,-,-,-,-,-,-,-,-,-,625,-,-,-
AIIMS-All India,OBC,Andhra Pradesh,"AIIMS, Mangalagiri",GENERAL SURGERY,-,-,-,-,-,878,1032,878,878,629,-,-,-
AIIMS-All India,OBC,Jammu and Kashmir,"AIIMS, Jammu",PAEDIATRICS,-,-,-,-,-,-,-,-,-,630,-,-,-
AIIMS-All India,UR,Bihar,"AIIMS, Patna",EMERGENCY MEDICINE,-,-,-,-,-,-,-,-,-,631,-,-,-
PGIMER-All India,UR,Chandigarh,"PGIMER, Chandigarh",ANAESTHESIOLOGY,-,-,-,-,-,578,742,953,799,632,-,-,-
AIIMS-All India,UR,Maharashtra,"AIIMS, Nagpur",ANAESTHESIOLOGY,-,-,-,-,-,844,-,-,1298,634,-,-,-
AIIMS-All India,UR,Jammu and Kashmir,"AIIMS, Jammu",OBG,-,-,-,-,-,693,706,833,1105,636,-,-,-
AIIMS-All India,OBC,Bihar,"AIIMS, Patna",GENERAL SURGERY,-,-,-,-,-,-,-,-,-,637,-,-,-
AIIMS-All India,UR,Andhra Pradesh,"AIIMS, Mangalagiri",EMERGENCY MEDICINE,-,-,-,-,-,-,745,979,1530,640,-,-,-
AIIMS-All India,UR,Rajasthan,"AIIMS, Jodhpur",ANAESTHESIOLOGY,-,-,-,-,-,695,792,906,-,641,-,-,-
AIIMS-All India,OBC,Uttarakhand,"AIIMS, Rishikesh",ORTHOPAEDICS,-,-,-,-,-,516,467,467,-,645,-,-,-
AIIMS-Inst. Pref,UR-AIIMS-IP,Rajasthan,"AIIMS, Jodhpur",ORTHOPAEDICS,-,-,-,-,-,664,-,-,-,648,-,-,-
AIIMS-All India,UR,Maharashtra,"AIIMS, Nagpur",PSYCHIATRY,-,-,-,-,-,-,728,744,1404,651,-,-,-
AIIMS-All India,SC,Delhi,"AIIMS, Delhi",RADIO DIAGNOSIS,-,-,-,-,-,222,222,-,-,657,-,-,-
AIIMS-All India,UR,Uttarakhand,"AIIMS, Rishikesh",PAEDIATRIC SURGERY 6 YRS,-,-,-,-,-,-,202,202,-,658,-,-,-
JIMPER-Inst. Pref,INST (JIPMER),Pondicherry,"JIPMER, Puducherry",PAEDIATRICS,-,-,-,-,-,255,255,255,-,660,-,-,-
AIIMS-All India,UR,Jharkhand,"AIIMS, Deoghar",OPHTHALMOLOGY,-,-,-,-,-,795,827,1060,1369,662,-,-,-
AIIMS-All India,UR,Punjab,"AIIMS, Bathinda",ORTHOPAEDICS,-,-,-,-,-,354,662,682,1229,664,-,-,-
PGIMER-All India,OBC,Chandigarh,"PGIMER, Chandigarh",OBG,-,-,-,-,-,736,811,811,-,666,-,-,-
AIIMS-All India,UR,Maharashtra,"AIIMS, Nagpur",EMERGENCY MEDICINE,-,-,-,-,-,-,-,-,-,667,-,-,-
AIIMS-Inst. Pref,UR-AIIMS-IP,Delhi,"AIIMS, Delhi",ORTHOPAEDICS,-,-,-,-,-,133,49,-,-,668,-,-,-
AIIMS-All India,EWS,Punjab,"AIIMS, Bathinda",DERMATOLOGY,-,-,-,-,-,-,-,-,-,670,-,-,-
AIIMS-All India,EWS,Chhattisgarh,"AIIMS, Raipur",OBG,-,-,-,-,-,-,-,-,-,672,-,-,-
AIIMS-All India,OBC,Rajasthan,"AIIMS, Jodhpur",OBG,-,-,-,-,-,688,688,-,-,676,-,-,-
AIIMS-All India,UR,Assam,"AIIMS, Guwahati",RADIATION ONCOLOGY,-,-,-,-,-,-,-,-,-,679,-,-,-
AIIMS-All India,UR,Bihar,"AIIMS, Patna",ANAESTHESIOLOGY,-,-,-,-,-,799,799,-,-,683,-,-,-
AIIMS-All India,UR,Andhra Pradesh,"AIIMS, Mangalagiri",OPHTHALMOLOGY,-,-,-,-,-,431,-,-,-,684,-,-,-
PGIMER-All India,SC,Chandigarh,"PGIMER, Chandigarh",RADIO DIAGNOSIS,-,-,-,-,-,-,-,-,-,686,-,-,-
AIIMS-All India,OBC,Chhattisgarh,"AIIMS, Raipur",ORTHOPAEDICS,-,-,-,-,-,987,1030,1258,-,690,-,-,-
AIIMS-All India,UR,Bihar,"AIIMS, Patna",PAEDIATRIC SURGERY 6 YRS,-,-,-,-,-,674,899,1038,-,692,-,-,-
AIIMS-All India,OBC,Assam,"AIIMS, Guwahati",GENERAL SURGERY,-,-,-,-,-,1017,1130,1206,1206,698,-,-,-
AIIMS-All India,EWS,Rajasthan,"AIIMS, Jodhpur",GENERAL SURGERY,-,-,-,-,-,-,-,-,-,699,-,-,-
AIIMS-All India,UR,Uttar Pradesh,"AIIMS, Gorakhpur",OPHTHALMOLOGY,-,-,-,-,-,620,795,837,1302,709,-,-,-
JIPMER-All India,OBC,Pondicherry,"JIPMER, Puducherry",ORTHOPAEDICS,-,-,-,-,-,737,852,-,-,712,-,-,-
AIIMS-All India,UR,Himachal Pradesh,"AIIMS, Bilaspur, Himachal",PAEDIATRIC SURGERY 6 YRS,-,-,-,-,-,-,-,-,-,713,-,-,-
JIPMER-All India,EWS,Pondicherry,"JIPMER, Puducherry",OBG,-,-,-,-,-,796,796,860,-,714,-,-,-
AIIMS-All India,UR,Gujarat,"AIIMS, Rajkot",ENT,-,-,-,-,-,-,-,-,-,719,-,-,-
AIIMS-All India,UR,Himachal Pradesh,"AIIMS, Bilaspur, Himachal",ORTHOPAEDICS,-,-,-,-,-,-,-,-,-,722,-,-,-
AIIMS-All India,EWS,Jharkhand,"AIIMS, Deoghar",PAEDIATRICS,-,-,-,-,-,-,-,-,-,724,-,-,-
PGIMER-All India,SC,Chandigarh,"PGIMER, Chandigarh",GENERAL MEDICINE,-,-,-,-,-,305,384,305,-,737,-,-,-
AIIMS-All India,UR,Punjab,"AIIMS, Bathinda",CARDIO THORACIC AND VASCULAR SURGERY 6 YRS,-,-,-,-,-,722,-,829,-,738,-,-,-
AIIMS-All India,UR,Odisha,"AIIMS, Bhubaneswar",ANAESTHESIOLOGY,-,-,-,-,-,635,570,570,570,744,-,-,-
AIIMS-All India,EWS,Delhi,"AIIMS, Delhi",RADIATION ONCOLOGY,-,-,-,-,-,944,791,1256,-,746,-,-,-
AIIMS-All India,EWS,Punjab,"AIIMS, Bathinda",OBG,-,-,-,-,-,860,938,982,2037,751,-,-,-
AIIMS-All India,SC,Chhattisgarh,"AIIMS, Raipur",GENERAL MEDICINE,-,-,-,-,-,457,457,457,-,755,-,-,-
AIIMS-All India,UR,Andhra Pradesh,"AIIMS, Mangalagiri",PSYCHIATRY,-,-,-,-,-,-,-,-,-,759,-,-,-
JIPMER-All India,EWS,Pondicherry,"JIPMER, Puducherry",RADIATION ONCOLOGY,-,-,-,-,-,1157,-,-,1419,762,-,-,-
AIIMS-All India,UR,Jharkhand,"AIIMS, Deoghar",PSYCHIATRY,-,-,-,-,-,-,-,-,-,766,-,-,-
AIIMS-All India,OBC,Chhattisgarh,"AIIMS, Raipur",GENERAL SURGERY,-,-,-,-,-,761,800,898,-,767,-,-,-
AIIMS-All India,OBC,Uttarakhand,"AIIMS, Rishikesh",OBG,-,-,-,-,-,887,1004,1004,-,773,-,-,-
AIIMS-All India,EWS,Delhi,"AIIMS, Delhi",OPHTHALMOLOGY,-,-,-,-,-,536,536,-,982,776,-,-,-
AIIMS-Inst. Pref,UR-AIIMS-IP,Odisha,"AIIMS, Bhubaneswar",EMERGENCY MEDICINE,-,-,-,-,-,1108,2659,5170,-,777,-,-,-
PGIMER-Rural,UR-RA,Chandigarh,"PGIMER, Chandigarh",RADIO DIAGNOSIS,-,-,-,-,-,-,-,-,-,780,-,-,-
AIIMS-All India,UR,Chhattisgarh,"AIIMS, Raipur",ANAESTHESIOLOGY,-,-,-,-,-,-,-,-,1181,787,-,-,-
AIIMS-All India,OBC,Uttar Pradesh,"AIIMS, Rai Bareli",GENERAL SURGERY,-,-,-,-,-,983,1070,1191,1191,797,-,-,-
AIIMS-Inst. Pref,UR-AIIMS-IP,Rajasthan,"AIIMS, Jodhpur",PSYCHIATRY,-,-,-,-,-,1405,730,730,-,808,-,-,-
AIIMS-All India,OBC,Uttar Pradesh,"AIIMS, Gorakhpur",GENERAL SURGERY,-,-,-,-,-,949,949,-,1479,811,-,-,-
AIIMS-All India,UR,Uttarakhand,"AIIMS, Rishikesh",FAMILY MEDICINE,-,-,-,-,-,-,-,-,-,812,-,-,-
PGIMER-All India,OBC,Chandigarh,"PGIMER, Chandigarh",RADIATION ONCOLOGY,-,-,-,-,-,-,-,-,-,814,-,-,-
JIPMER-All India,OBC,Pondicherry,"JIPMER, Puducherry",ENT,-,-,-,-,-,832,-,-,-,816,-,-,-
AIIMS-All India,EWS,Punjab,"AIIMS, Bathinda",ORTHOPAEDICS,-,-,-,-,-,1133,1575,1575,1877,818,-,-,-
AIIMS-All India,UR,Delhi,"AIIMS, Delhi",PALLIATIVE MEDICINE,-,-,-,-,-,-,1288,1481,-,819,-,-,-
NIMHANS-All India,OBC,Karnataka,"NIMHANS, Bangalore",PSYCHIATRY,-,-,-,-,-,864,864,1047,1620,821,-,-,-
AIIMS-All India,UR,Jammu and Kashmir,"AIIMS, Jammu",ANAESTHESIOLOGY,-,-,-,-,-,970,1214,1477,1795,823,-,-,-
AIIMS-All India,EWS,Delhi,"AIIMS, Delhi",GERIATRICS,-,-,-,-,-,-,-,-,-,829,-,-,-
AIIMS-All India,UR,Himachal Pradesh,"AIIMS, Bilaspur, Himachal",ANAESTHESIOLOGY,-,-,-,-,-,971,988,1208,1344,833,-,-,-
AIIMS-All India,OBC,Madhya Pradesh,"AIIMS, Bhopal",OBG,-,-,-,-,-,1004,1041,1084,1084,840,-,-,-
AIIMS-All India,OBC,Delhi,"AIIMS, Delhi",ENT,-,-,-,-,-,838,986,-,-,841,-,-,-
AIIMS-Inst. Pref,UR-AIIMS-IP,Chhattisgarh,"AIIMS, Raipur",GENERAL SURGERY,-,-,-,-,-,509,509,-,-,844,-,-,-
JIPMER-All India,SC,Pondicherry,"JIPMER, Puducherry",GENERAL MEDICINE,-,-,-,-,-,322,322,322,741,847,-,-,-
AIIMS-All India,OBC,Chhattisgarh,"AIIMS, Raipur",OBG,-,-,-,-,-,1041,1123,1135,-,850,-,-,-
AIIMS-All India,OBC,Maharashtra,"AIIMS, Nagpur",GENERAL SURGERY,-,-,-,-,-,767,910,922,1189,852,-,-,-
JIPMER-All India,OBC,Pondicherry,"JIPMER, Puducherry",ANAESTHESIOLOGY,-,-,-,-,-,1061,1204,1224,1441,864,-,-,-
AIIMS-Inst. Pref,UR-AIIMS-IP,Chhattisgarh,"AIIMS, Raipur",OPHTHALMOLOGY,-,-,-,-,-,-,-,-,-,867,-,-,-
AIIMS-All India,SC,Bihar,"AIIMS, Patna",GENERAL MEDICINE,-,-,-,-,-,-,-,-,-,872,-,-,-
AIIMS-All India,EWS,Maharashtra,"AIIMS, Nagpur",GENERAL SURGERY,-,-,-,-,-,895,895,895,895,876,-,-,-
JIMPER-Inst. Pref,INST (JIPMER),Pondicherry,"JIPMER, Puducherry",TBRD,-,-,-,-,-,602,-,-,-,877,-,-,-
AIIMS-All India,EWS,Jharkhand,"AIIMS, Deoghar",OBG,-,-,-,-,-,938,860,938,938,879,-,-,-
AIIMS-All India,EWS,West Bengal,"AIIMS, Kalyani",RADIATION ONCOLOGY,-,-,-,-,-,1510,1256,1979,1953,880,-,-,-
AIIMS-All India,EWS,Delhi,"AIIMS, Delhi",ANAESTHESIOLOGY,-,-,-,-,-,1419,1727,1962,1471,881,-,-,-
AIIMS-All India,UR,Uttar Pradesh,"AIIMS, Gorakhpur",ANAESTHESIOLOGY,-,-,-,-,-,899,-,-,1518,882,-,-,-
AIIMS-Inst. Pref,UR-AIIMS-IP,Delhi,"AIIMS, Delhi",OPHTHALMOLOGY,-,-,-,-,-,1205,391,636,729,883,-,-,-
JIMPER-Inst. Pref,INST (JIPMER),Pondicherry,"JIPMER, Puducherry",GENERAL SURGERY,-,-,-,-,-,488,624,646,-,885,-,-,-
AIIMS-All India,SC,Rajasthan,"AIIMS, Jodhpur",RADIO DIAGNOSIS,-,-,-,-,-,-,-,-,-,887,-,-,-
AIIMS-All India,OBC,Maharashtra,"AIIMS, Nagpur",OBG,-,-,-,-,-,853,853,-,-,892,-,-,-
AIIMS-All India,ST,Delhi,"AIIMS, Delhi",RADIO DIAGNOSIS,-,-,-,-,-,-,-,-,-,899,-,-,-
AIIMS-Inst. Pref,UR-AIIMS-IP,Rajasthan,"AIIMS, Jodhpur",RADIOTHERAPY & ONCOLOGY 6 YRS,-,-,-,-,-,-,-,-,-,905,-,-,-
AIIMS-All India,OBC,Uttarakhand,"AIIMS, Rishikesh",EMERGENCY MEDICINE,-,-,-,-,-,1151,1588,2052,2151,907,-,-,-
AIIMS-All India,OBC,Chhattisgarh,"AIIMS, Raipur",ENT,-,-,-,-,-,-,-,-,-,919,-,-,-
AIIMS-All India,OBC,Bihar,"AIIMS, Patna",EMERGENCY MEDICINE,-,-,-,-,-,1584,1750,-,-,923,-,-,-
AIIMS-Inst. Pref,UR-AIIMS-IP,Delhi,"AIIMS, Delhi",INECTIOUS DISEASES 6 YRS,-,-,-,-,-,-,-,-,944,924,-,-,-
AIIMS-All India,UR,West Bengal,"AIIMS, Kalyani",ANAESTHESIOLOGY,-,-,-,-,-,953,953,1255,1547,926,-,-,-
JIPMER-All India,EWS,Pondicherry,"JIPMER, Puducherry",ORTHOPAEDICS,-,-,-,-,-,931,1094,-,931,933,-,-,-
AIIMS-All India,OBC,Jharkhand,"AIIMS, Deoghar",GENERAL SURGERY,-,-,-,-,-,1040,1190,1195,-,934,-,-,-
NIMHANS-All India,EWS,Karnataka,"NIMHANS, Bangalore",PSYCHIATRY,-,-,-,-,-,1013,849,1510,1800,946,-,-,-
AIIMS-All India,SC,Andhra Pradesh,"AIIMS, Mangalagiri",GENERAL MEDICINE,-,-,-,-,-,741,741,1073,-,947,-,-,-
AIIMS-All India,SC,Uttar Pradesh,"AIIMS, Gorakhpur",GENERAL MEDICINE,-,-,-,-,-,-,-,-,-,950,-,-,-
AIIMS-All India,OBC,Uttarakhand,"AIIMS, Rishikesh",RADIATION ONCOLOGY,-,-,-,-,-,1062,1017,-,-,952,-,-,-
AIIMS-All India,OBC,Punjab,"AIIMS, Bathinda",GENERAL SURGERY,-,-,-,-,-,922,983,983,-,956,-,-,-
AIIMS-All India,EWS,Maharashtra,"AIIMS, Nagpur",RADIATION ONCOLOGY,-,-,-,-,-,-,-,-,-,957,-,-,-
AIIMS-All India,OBC,Madhya Pradesh,"AIIMS, Bhopal",ORTHOPAEDICS,-,-,-,-,-,879,879,879,-,959,-,-,-
AIIMS-All India,UR,Gujarat,"AIIMS, Rajkot",ANAESTHESIOLOGY,-,-,-,-,-,988,1196,1529,1952,961,-,-,-
JIMPER-Inst. Pref,INST (JIPMER),Pondicherry,"JIPMER, Puducherry",OBG,-,-,-,-,-,646,646,751,-,974,-,-,-
AIIMS-Inst. Pref,UR-AIIMS-IP,Maharashtra,"AIIMS, Nagpur",GENERAL SURGERY,-,-,-,-,-,1670,1707,1707,-,983,-,-,-
AIIMS-All India,OBC,Maharashtra,"AIIMS, Nagpur",ORTHOPAEDICS,-,-,-,-,-,959,1400,945,-,985,-,-,-
AIIMS-All India,EWS,Madhya Pradesh,"AIIMS, Bhopal",RADIATION ONCOLOGY,-,-,-,-,-,-,-,-,-,992,-,-,-
AIIMS-All India,UR,Jharkhand,"AIIMS, Deoghar",ANAESTHESIOLOGY,-,-,-,-,-,-,1012,-,1937,1000,-,-,-
PGIMER-All India,OBC,Chandigarh,"PGIMER, Chandigarh",ENT,-,-,-,-,-,-,-,-,-,1001,-,-,-
AIIMS-All India,EWS,Delhi,"AIIMS, Delhi",ENT,-,-,-,-,-,-,-,-,-,1013,-,-,-
AIIMS-All India,OBC,Uttar Pradesh,"AIIMS, Rai Bareli",OBG,-,-,-,-,-,1084,1147,1244,-,1021,-,-,-
AIIMS-All India,OBC,Himachal Pradesh,"AIIMS, Bilaspur, Himachal",GENERAL SURGERY,-,-,-,-,-,-,-,-,-,1026,-,-,-
AIIMS-All India,UR,Assam,"AIIMS, Guwahati",ANAESTHESIOLOGY,-,-,-,-,-,940,1162,1217,2041,1030,-,-,-
AIIMS-All India,SC,Uttar Pradesh,"AIIMS, Rai Bareli",GENERAL MEDICINE,-,-,-,-,-,919,919,-,1459,1034,-,-,-
AIIMS-Inst. Pref,UR-AIIMS-IP,Punjab,"AIIMS, Bathinda",PAEDIATRICS,-,-,-,-,-,768,768,1272,-,1039,-,-,-
AIIMS-All India,OBC,Delhi,"AIIMS, Delhi",PSYCHIATRY,-,-,-,-,-,1011,1011,1340,-,1042,-,-,-
AIIMS-All India,OBC,Delhi,"AIIMS, Delhi",ANAESTHESIOLOGY,-,-,-,-,-,1120,1424,1488,1424,1043,-,-,-
AIIMS-All India,OBC,Chhattisgarh,"AIIMS, Raipur",EMERGENCY MEDICINE,-,-,-,-,-,1500,1655,2035,2941,1046,-,-,-
AIIMS-All India,OBC,Gujarat,"AIIMS, Rajkot",OBG,-,-,-,-,-,-,-,-,-,1049,-,-,-
AIIMS-Inst. Pref,UR-AIIMS-IP,Chhattisgarh,"AIIMS, Raipur",OBG,-,-,-,-,-,818,459,459,588,1052,-,-,-
AIIMS-All India,OBC,Madhya Pradesh,"AIIMS, Bhopal",RADIATION ONCOLOGY,-,-,-,-,-,1071,1062,1314,-,1053,-,-,-
AIIMS-All India,OBC,Punjab,"AIIMS, Bathinda",OBG,-,-,-,-,-,1070,1335,-,-,1058,-,-,-
AIIMS-Inst. Pref,UR-AIIMS-IP,Madhya Pradesh,"AIIMS, Bhopal",EMERGENCY MEDICINE,-,-,-,-,-,-,-,-,8195,1059,-,-,-
AIIMS-All India,OBC,Jammu and Kashmir,"AIIMS, Jammu",GENERAL SURGERY,-,-,-,-,-,-,-,-,-,1060,-,-,-
AIIMS-All India,SC,Uttarakhand,"AIIMS, Rishikesh",RADIO DIAGNOSIS,-,-,-,-,-,277,277,277,-,1063,-,-,-
AIIMS-All India,SC,Madhya Pradesh,"AIIMS, Bhopal",RADIO DIAGNOSIS,-,-,-,-,-,307,307,-,-,1064,-,-,-
AIIMS-All India,OBC,Delhi,"AIIMS, Delhi",OPHTHALMOLOGY,-,-,-,-,-,746,758,880,852,1067,-,-,-
PGIMER-All India,OBC,Chandigarh,"PGIMER, Chandigarh",PSYCHIATRY,-,-,-,-,-,1297,1354,1927,2011,1068,-,-,-
AIIMS-All India,EWS,Uttar Pradesh,"AIIMS, Rai Bareli",GENERAL SURGERY,-,-,-,-,-,969,969,969,-,1072,-,-,-
AIIMS-All India,OBC,Jharkhand,"AIIMS, Deoghar",OBG,-,-,-,-,-,1197,1244,1364,1364,1082,-,-,-
AIIMS-All India,OBC,Maharashtra,"AIIMS, Nagpur",EMERGENCY MEDICINE,-,-,-,-,-,-,-,-,-,1088,-,-,-
JIPMER-All India,UR,Pondicherry,"JIPMER, Puducherry",PAEDIATRICS,-,-,-,-,-,90,158,182,182,1089,-,-,-
NIMHANS-KAR Domicile,UR-Karnataka Domicile,Karnataka,"NIMHANS, Bangalore",PSYCHIATRY,-,-,-,-,-,792,1349,1450,1423,1093,-,-,-
PGIMER-All India,ST,Chandigarh,"PGIMER, Chandigarh",RADIO DIAGNOSIS,-,-,-,-,-,-,-,-,-,1097,-,-,-
AIIMS-All India,UR,Delhi,"AIIMS, Delhi",COMMUNITY MEDICINE,-,-,-,-,-,797,1142,2775,5447,1112,-,-,-
PGIMER-All India,ST,Chandigarh,"PGIMER, Chandigarh",GENERAL SURGERY,-,-,-,-,-,3775,3775,3775,-,1114,-,-,-
AIIMS-All India,EWS,Rajasthan,"AIIMS, Jodhpur",PSYCHIATRY,-,-,-,-,-,-,-,-,-,1119,-,-,-
AIIMS-All India,OBC,Bihar,"AIIMS, Patna",ORTHOPAEDICS,-,-,-,-,-,885,1002,1002,-,1124,-,-,-
AIIMS-All India,SC,Delhi,"AIIMS, Delhi",PSYCHIATRY,-,-,-,-,-,2007,2007,2408,-,1125,-,-,-
AIIMS-All India,UR,Andhra Pradesh,"AIIMS, Mangalagiri",FAMILY MEDICINE,-,-,-,-,-,1358,-,1935,-,1128,-,-,-
AIIMS-All India,OBC,Assam,"AIIMS, Guwahati",OBG,-,-,-,-,-,1052,1135,1370,1985,1129,-,-,-
AIIMS-All India,EWS,Punjab,"AIIMS, Bathinda",OPHTHALMOLOGY,-,-,-,-,-,-,-,-,-,1145,-,-,-
AIIMS-All India,OBC,Uttarakhand,"AIIMS, Rishikesh",OPHTHALMOLOGY,-,-,-,-,-,1225,1304,1595,-,1147,-,-,-
NIMHANS-NE Domicile,UR-North East Domicile,Karnataka,"NIMHANS, Bangalore",PSYCHIATRY,-,-,-,-,-,894,916,1550,1892,1148,-,-,-
AIIMS-All India,EWS,Andhra Pradesh,"AIIMS, Mangalagiri",OBG,-,-,-,-,-,-,-,-,-,1152,-,-,-
AIIMS-All India,OBC,Punjab,"AIIMS, Bathinda",ORTHOPAEDICS,-,-,-,-,-,1118,1372,1483,-,1153,-,-,-
AIIMS-All India,SC,Bihar,"AIIMS, Patna",RADIO DIAGNOSIS,-,-,-,-,-,-,-,-,-,1154,-,-,-
AIIMS-Inst. Pref,UR-AIIMS-IP,Delhi,"AIIMS, Delhi",PAEDIATRIC SURGERY 6 YRS,-,-,-,-,-,-,-,-,-,1158,-,-,-
JIPMER-All India,UR,Pondicherry,"JIPMER, Puducherry",COMMUNITY MEDICINE,-,-,-,-,-,1214,1610,-,4464,1159,-,-,-
PGIMER-All India,OBC,Chandigarh,"PGIMER, Chandigarh",OPHTHALMOLOGY,-,-,-,-,-,1085,1101,1553,1553,1165,-,-,-
PGIMER-All India,UR,Chandigarh,"PGIMER, Chandigarh",COMMUNITY MEDICINE,-,-,-,-,-,967,1344,-,5824,1166,-,-,-
AIIMS-All India,SC,Jammu and Kashmir,"AIIMS, Jammu",GENERAL MEDICINE,-,-,-,-,-,-,-,-,-,1167,-,-,-
AIIMS-All India,OBC,Andhra Pradesh,"AIIMS, Mangalagiri",ORTHOPAEDICS,-,-,-,-,-,1190,1441,1441,2036,1185,-,-,-
AIIMS-All India,OBC,Maharashtra,"AIIMS, Nagpur",RADIATION ONCOLOGY,-,-,-,-,-,-,-,-,-,1191,-,-,-
PGIMER-All India,UR,Chandigarh,"PGIMER, Chandigarh",HOSPITAL ADMINISTRATION,-,-,-,-,-,-,-,-,17558,1194,-,-,-
PGIMER-All India,UR,Chandigarh,"PGIMER, Chandigarh",PATHOLOGY,-,-,-,-,-,861,1229,1530,3404,1202,-,-,-
AIIMS-Inst. Pref,UR-AIIMS-IP,Punjab,"AIIMS, Bathinda",RADIATION ONCOLOGY,-,-,-,-,-,-,-,-,-,1205,-,-,-
AIIMS-All India,EWS,Bihar,"AIIMS, Patna",OBG,-,-,-,-,-,822,822,-,-,1206,-,-,-
AIIMS-All India,EWS,Rajasthan,"AIIMS, Jodhpur",ENT,-,-,-,-,-,-,-,-,-,1208,-,-,-
AIIMS-All India,OBC,Andhra Pradesh,"AIIMS, Mangalagiri",EMERGENCY MEDICINE,-,-,-,-,-,1748,1720,1968,1960,1212,-,-,-
AIIMS-All India,OBC,Rajasthan,"AIIMS, Jodhpur",OPHTHALMOLOGY,-,-,-,-,-,1251,1251,1251,1251,1218,-,-,-
AIIMS-Inst. Pref,UR-AIIMS-IP,Bihar,"AIIMS, Patna",CARDIO THORACIC AND VASCULAR SURGERY 6 YRS,-,-,-,-,-,-,-,-,-,1219,-,-,-
AIIMS-All India,OBC,Delhi,"AIIMS, Delhi",PATHOLOGY,-,-,-,-,-,2224,2715,2882,6163,1224,-,-,-
AIIMS-All India,OBC,Jammu and Kashmir,"AIIMS, Jammu",OBG,-,-,-,-,-,1199,1370,1387,1998,1229,-,-,-
AIIMS-All India,OBC,Uttar Pradesh,"AIIMS, Gorakhpur",PSYCHIATRY,-,-,-,-,-,-,-,-,-,1232,-,-,-
AIIMS-All India,OBC,Himachal Pradesh,"AIIMS, Bilaspur, Himachal",EMERGENCY MEDICINE,-,-,-,-,-,-,-,-,-,1233,-,-,-
AIIMS-All India,OBC,Rajasthan,"AIIMS, Jodhpur",ENT,-,-,-,-,-,1195,1313,1579,1888,1242,-,-,-
AIIMS-All India,EWS,Andhra Pradesh,"AIIMS, Mangalagiri",GENERAL SURGERY,-,-,-,-,-,-,-,-,-,1252,-,-,-
PGIMER-All India,SC,Chandigarh,"PGIMER, Chandigarh",DERMATOLOGY,-,-,-,-,-,-,-,-,-,1256,-,-,-
AIIMS-All India,EWS,Chhattisgarh,"AIIMS, Raipur",EMERGENCY MEDICINE,-,-,-,-,-,-,-,-,-,1262,-,-,-
AIIMS-All India,UR,Bihar,"AIIMS, Patna",PMR,-,-,-,-,-,-,-,2111,-,1265,-,-,-
AIIMS-All India,UR,Rajasthan,"AIIMS, Jodhpur",PATHOLOGY,-,-,-,-,-,-,-,-,3387,1271,-,-,-
JIPMER-All India,SC,Pondicherry,"JIPMER, Puducherry",OBG,-,-,-,-,-,2548,1849,2548,-,1274,-,-,-
AIIMS-All India,OBC,Uttarakhand,"AIIMS, Rishikesh",PSYCHIATRY,-,-,-,-,-,-,-,-,-,1275,-,-,-
AIIMS-All India,OBC,Madhya Pradesh,"AIIMS, Bhopal",OPHTHALMOLOGY,-,-,-,-,-,1135,1364,1904,1579,1276,-,-,-
JIPMER-All India,UR,Pondicherry,"JIPMER, Puducherry",PATHOLOGY,-,-,-,-,-,859,1298,1825,5199,1279,-,-,-
AIIMS-All India,OBC,Andhra Pradesh,"AIIMS, Mangalagiri",OPHTHALMOLOGY,-,-,-,-,-,-,-,-,-,1280,-,-,-
PGIMER-All India,OBC,Chandigarh,"PGIMER, Chandigarh",ANAESTHESIOLOGY,-,-,-,-,-,1224,1488,1908,1784,1281,-,-,-
JIPMER-All India,UR,Pondicherry,"JIPMER, Puducherry",FORENSIC MEDICINE,-,-,-,-,-,-,-,-,-,1287,-,-,-
AIIMS-All India,SC,Delhi,"AIIMS, Delhi",PAEDIATRICS,-,-,-,-,-,1036,680,680,-,1293,-,-,-
AIIMS-All India,OBC,Uttar Pradesh,"AIIMS, Rai Bareli",EMERGENCY MEDICINE,-,-,-,-,-,-,-,-,-,1301,-,-,-
AIIMS-All India,UR,Andhra Pradesh,"AIIMS, Mangalagiri",PATHOLOGY,-,-,-,-,-,1610,-,-,5157,1306,-,-,-
AIIMS-All India,OBC,Andhra Pradesh,"AIIMS, Mangalagiri",RADIATION ONCOLOGY,-,-,-,-,-,1141,1141,1141,-,1309,-,-,-
AIIMS-All India,OBC,Uttar Pradesh,"AIIMS, Rai Bareli",ORTHOPAEDICS,-,-,-,-,-,1315,1297,1508,2206,1312,-,-,-
AIIMS-All India,UR,Maharashtra,"AIIMS, Nagpur",PMR,-,-,-,-,-,-,-,-,-,1327,-,-,-
AIIMS-All India,UR,Uttarakhand,"AIIMS, Rishikesh",PATHOLOGY,-,-,-,-,-,1192,1276,1631,4965,1329,-,-,-
AIIMS-All India,OBC,Jharkhand,"AIIMS, Deoghar",ORTHOPAEDICS,-,-,-,-,-,1258,1258,1670,1670,1342,-,-,-
AIIMS-Inst. Pref,UR-AIIMS-IP,Maharashtra,"AIIMS, Nagpur",PLASTIC SURGERY 6 YRS,-,-,-,-,-,1853,-,2598,2804,1346,-,-,-
AIIMS-All India,ST,Delhi,"AIIMS, Delhi",GENERAL MEDICINE,-,-,-,-,-,-,-,-,-,1350,-,-,-
PGIMER-Rural,OBC-RA,Chandigarh,"PGIMER, Chandigarh",GENERAL MEDICINE,-,-,-,-,-,-,-,-,-,1362,-,-,-
AIIMS-All India,OBC,Himachal Pradesh,"AIIMS, Bilaspur, Himachal",ORTHOPAEDICS,-,-,-,-,-,1335,1414,-,2140,1367,-,-,-
AIIMS-All India,OBC,Himachal Pradesh,"AIIMS, Bilaspur, Himachal",TRAUMATOLOGY AND SURGERY,-,-,-,-,-,-,-,-,-,1376,-,-,-
AIIMS-All India,OBC,Delhi,"AIIMS, Delhi",GERIATRICS,-,-,-,-,-,913,913,913,-,1379,-,-,-
AIIMS-Inst. Pref,UR-AIIMS-IP,Delhi,"AIIMS, Delhi",RADIATION ONCOLOGY,-,-,-,-,-,-,-,-,-,1380,-,-,-
AIIMS-All India,UR,Delhi,"AIIMS, Delhi",LAB MEDICINE,-,-,-,-,-,762,1729,2412,2615,1381,-,-,-
AIIMS-All India,SC,Delhi,"AIIMS, Delhi",RADIATION ONCOLOGY,-,-,-,-,-,-,-,-,-,1382,-,-,-
AIIMS-All India,OBC,Uttarakhand,"AIIMS, Rishikesh",ANAESTHESIOLOGY,-,-,-,-,-,1436,1895,2477,-,1389,-,-,-
AIIMS-All India,OBC,Chhattisgarh,"AIIMS, Raipur",OPHTHALMOLOGY,-,-,-,-,-,1366,1595,2126,1971,1390,-,-,-
AIIMS-All India,OBC,Jammu and Kashmir,"AIIMS, Jammu",ORTHOPAEDICS,-,-,-,-,-,-,-,-,-,1391,-,-,-
AIIMS-All India,OBC,Madhya Pradesh,"AIIMS, Bhopal",ANAESTHESIOLOGY,-,-,-,-,-,1553,1905,2299,2224,1393,-,-,-
AIIMS-All India,OBC,Assam,"AIIMS, Guwahati",ORTHOPAEDICS,-,-,-,-,-,-,-,-,-,1398,-,-,-
AIIMS-Inst. Pref,UR-AIIMS-IP,Bihar,"AIIMS, Patna",OPHTHALMOLOGY,-,-,-,-,-,421,421,3624,-,1403,-,-,-
AIIMS-All India,OBC,Uttarakhand,"AIIMS, Rishikesh",ENT,-,-,-,-,-,986,1195,1644,-,1416,-,-,-
AIIMS-All India,OBC,Madhya Pradesh,"AIIMS, Bhopal",ENT,-,-,-,-,-,930,1022,-,-,1419,-,-,-
AIIMS-All India,UR,Maharashtra,"AIIMS, Nagpur",HOSPITAL ADMINISTRATION,-,-,-,-,-,-,-,-,-,1427,-,-,-
JIPMER-All India,SC,Pondicherry,"JIPMER, Puducherry",DERMATOLOGY,-,-,-,-,-,992,344,-,-,1431,-,-,-
AIIMS-All India,EWS,Jammu and Kashmir,"AIIMS, Jammu",GENERAL SURGERY,-,-,-,-,-,-,-,-,-,1433,-,-,-
AIIMS-All India,EWS,Rajasthan,"AIIMS, Jodhpur",ANAESTHESIOLOGY,-,-,-,-,-,1727,1755,2323,-,1436,-,-,-
AIIMS-All India,OBC,Bihar,"AIIMS, Patna",OPHTHALMOLOGY,-,-,-,-,-,-,-,-,-,1449,-,-,-
AIIMS-All India,OBC,Odisha,"AIIMS, Bhubaneswar",ANAESTHESIOLOGY,-,-,-,-,-,1424,1939,2225,2225,1451,-,-,-
AIIMS-All India,OBC,Telangana,"AIIMS, Bibinagar",RADIATION ONCOLOGY,-,-,-,-,-,-,-,-,-,1454,-,-,-
AIIMS-Inst. Pref,UR-AIIMS-IP,Uttarakhand,"AIIMS, Rishikesh",TBRD,-,-,-,-,-,1614,1458,1458,-,1458,-,-,-
JIMPER-Inst. Pref,INST (JIPMER),Pondicherry,"JIPMER, Puducherry",ENT,-,-,-,-,-,624,2029,-,-,1463,-,-,-
AIIMS-All India,SC,Maharashtra,"AIIMS, Nagpur",RADIO DIAGNOSIS,-,-,-,-,-,-,-,-,-,1473,-,-,-
AIIMS-All India,UR,Delhi,"AIIMS, Delhi",FORENSIC MEDICINE,-,-,-,-,-,-,-,-,-,1474,-,-,-
AIIMS-All India,OBC,Bihar,"AIIMS, Patna",ENT,-,-,-,-,-,-,-,-,-,1475,-,-,-
AIIMS-Inst. Pref,UR-AIIMS-IP,Rajasthan,"AIIMS, Jodhpur",OBG,-,-,-,-,-,-,-,-,-,1481,-,-,-
AIIMS-All India,SC,Jharkhand,"AIIMS, Deoghar",GENERAL MEDICINE,-,-,-,-,-,-,-,-,-,1500,-,-,-
AIIMS-Inst. Pref,UR-AIIMS-IP,Chhattisgarh,"AIIMS, Raipur",PAEDIATRIC SURGERY 6 YRS,-,-,-,-,-,-,-,-,-,1504,-,-,-
AIIMS-All India,OBC,Chhattisgarh,"AIIMS, Raipur",ANAESTHESIOLOGY,-,-,-,-,-,1644,2148,2592,2592,1507,-,-,-
JIPMER-All India,EWS,Pondicherry,"JIPMER, Puducherry",ANAESTHESIOLOGY,-,-,-,-,-,1953,2022,2022,-,1508,-,-,-
AIIMS-All India,OBC,Maharashtra,"AIIMS, Nagpur",OPHTHALMOLOGY,-,-,-,-,-,-,-,-,-,1514,-,-,-
AIIMS-All India,UR,Jammu and Kashmir,"AIIMS, Jammu",PMR,-,-,-,-,-,-,-,-,-,1519,-,-,-
AIIMS-All India,OBC,Himachal Pradesh,"AIIMS, Bilaspur, Himachal",RADIATION ONCOLOGY,-,-,-,-,-,-,-,-,-,1529,-,-,-
AIIMS-Inst. Pref,UR-AIIMS-IP,Bihar,"AIIMS, Patna",OBG,-,-,-,-,-,812,812,812,-,1543,-,-,-
AIIMS-All India,SC,West Bengal,"AIIMS, Kalyani",RADIO DIAGNOSIS,-,-,-,-,-,411,580,580,-,1544,-,-,-
PGIMER-All India,UR,Chandigarh,"PGIMER, Chandigarh",IHBT,-,-,-,-,-,914,1408,2423,2721,1545,-,-,-
AIIMS-All India,UR,Odisha,"AIIMS, Bhubaneswar",PATHOLOGY,-,-,-,-,-,1298,1769,2160,2394,1551,-,-,-
NIMHANS-KAR Domicile,OBC-Karnataka Domicile,Karnataka,"NIMHANS, Bangalore",PSYCHIATRY,-,-,-,-,-,-,-,-,-,1569,-,-,-
NIMHANS-All India,UR,Karnataka,"NIMHANS, Bangalore",PMR,-,-,-,-,-,-,-,-,-,1574,-,-,-
AIIMS-All India,OBC,Andhra Pradesh,"AIIMS, Mangalagiri",ANAESTHESIOLOGY,-,-,-,-,-,1066,1565,-,-,1576,-,-,-
AIIMS-All India,OBC,Maharashtra,"AIIMS, Nagpur",ANAESTHESIOLOGY,-,-,-,-,-,1577,2224,2304,2477,1581,-,-,-
AIIMS-Inst. Pref,UR-AIIMS-IP,Madhya Pradesh,"AIIMS, Bhopal",OPHTHALMOLOGY,-,-,-,-,-,-,-,-,-,1590,-,-,-
AIIMS-All India,EWS,Bihar,"AIIMS, Patna",EMERGENCY MEDICINE,-,-,-,-,-,1305,1836,-,-,1599,-,-,-
AIIMS-All India,EWS,Delhi,"AIIMS, Delhi",IHBT,-,-,-,-,-,-,-,-,-,1600,-,-,-
AIIMS-All India,UR,Madhya Pradesh,"AIIMS, Bhopal",IHBT,-,-,-,-,-,-,1591,-,5844,1601,-,-,-
AIIMS-Inst. Pref,UR-AIIMS-IP,Gujarat,"AIIMS, Rajkot",ANAESTHESIOLOGY,-,-,-,-,-,-,-,-,-,1604,-,-,-
AIIMS-All India,OBC,Maharashtra,"AIIMS, Nagpur",ENT,-,-,-,-,-,-,-,-,-,1605,-,-,-
AIIMS-All India,SC,Rajasthan,"AIIMS, Jodhpur",PAEDIATRICS,-,-,-,-,-,-,-,-,-,1613,-,-,-
AIIMS-Inst. Pref,UR-AIIMS-IP,Madhya Pradesh,"AIIMS, Bhopal",PMR,-,-,-,-,-,-,-,-,-,1614,-,-,-
AIIMS-All India,OBC,Rajasthan,"AIIMS, Jodhpur",ANAESTHESIOLOGY,-,-,-,-,-,1275,1553,2148,-,1623,-,-,-
AIIMS-All India,EWS,Odisha,"AIIMS, Bhubaneswar",ANAESTHESIOLOGY,-,-,-,-,-,-,-,-,-,1624,-,-,-
AIIMS-Inst. Pref,UR-AIIMS-IP,Maharashtra,"AIIMS, Nagpur",ORTHOPAEDICS,-,-,-,-,-,1321,1321,-,1321,1626,-,-,-
AIIMS-Inst. Pref,UR-AIIMS-IP,Rajasthan,"AIIMS, Jodhpur",ENT,-,-,-,-,-,1203,408,408,-,1628,-,-,-
AIIMS-All India,OBC,Madhya Pradesh,"AIIMS, Bhopal",PSYCHIATRY,-,-,-,-,-,-,-,-,-,1629,-,-,-
AIIMS-Inst. Pref,UR-AIIMS-IP,Bihar,"AIIMS, Patna",ENT,-,-,-,-,-,-,-,-,-,1630,-,-,-
AIIMS-All India,OBC,Punjab,"AIIMS, Bathinda",OPHTHALMOLOGY,-,-,-,-,-,1354,1988,2098,2098,1642,-,-,-
AIIMS-All India,OBC,Telangana,"AIIMS, Bibinagar",ANAESTHESIOLOGY,-,-,-,-,-,1160,1845,2261,-,1668,-,-,-
AIIMS-All India,UR,Madhya Pradesh,"AIIMS, Bhopal",COMMUNITY MEDICINE,-,-,-,-,-,-,-,-,-,1679,-,-,-
AIIMS-All India,EWS,Delhi,"AIIMS, Delhi",PHARMACOLOGY,-,-,-,-,-,1923,5055,-,-,1680,-,-,-
AIIMS-All India,OBC,Gujarat,"AIIMS, Rajkot",ANAESTHESIOLOGY,-,-,-,-,-,2215,2640,2843,2823,1687,-,-,-
AIIMS-All India,OBC,Maharashtra,"AIIMS, Nagpur",PMR,-,-,-,-,-,-,-,-,-,1693,-,-,-
AIIMS-All India,OBC,Bihar,"AIIMS, Patna",ANAESTHESIOLOGY,-,-,-,-,-,1678,1708,1708,-,1694,-,-,-
AIIMS-Inst. Pref,UR-AIIMS-IP,Delhi,"AIIMS, Delhi",PSYCHIATRY,-,-,-,-,-,-,-,-,-,1700,-,-,-
AIIMS-All India,OBC,Uttar Pradesh,"AIIMS, Gorakhpur",TRAUMATOLOGY AND SURGERY,-,-,-,-,-,-,-,-,-,1703,-,-,-
AIIMS-Inst. Pref,UR-AIIMS-IP,Chhattisgarh,"AIIMS, Raipur",ENT,-,-,-,-,-,-,818,818,-,1712,-,-,-
AIIMS-All India,OBC,Maharashtra,"AIIMS, Nagpur",FAMILY MEDICINE,-,-,-,-,-,-,-,-,-,1716,-,-,-
AIIMS-All India,OBC,Uttar Pradesh,"AIIMS, Gorakhpur",ANAESTHESIOLOGY,-,-,-,-,-,2148,2498,2788,-,1719,-,-,-
AIIMS-All India,OBC,Jharkhand,"AIIMS, Deoghar",ENT,-,-,-,-,-,1579,1968,2699,-,1721,-,-,-
PGIMER-All India,ST,Chandigarh,"PGIMER, Chandigarh",GENERAL MEDICINE,-,-,-,-,-,839,839,839,-,1735,-,-,-
AIIMS-All India,EWS,Delhi,"AIIMS, Delhi",PATHOLOGY,-,-,-,-,-,805,3119,3119,-,1744,-,-,-
PGIMER-All India,UR,Chandigarh,"PGIMER, Chandigarh",PHARMACOLOGY,-,-,-,-,-,-,-,-,-,1748,-,-,-
AIIMS-All India,OBC,Assam,"AIIMS, Guwahati",ANAESTHESIOLOGY,-,-,-,-,-,-,-,-,-,1752,-,-,-
JIPMER-All India,OBC,Pondicherry,"JIPMER, Puducherry",COMMUNITY MEDICINE,-,-,-,-,-,2685,-,3082,6347,1762,-,-,-
AIIMS-All India,UR,Madhya Pradesh,"AIIMS, Bhopal",PATHOLOGY,-,-,-,-,-,-,-,1543,-,1768,-,-,-
AIIMS-All India,EWS,Andhra Pradesh,"AIIMS, Mangalagiri",EMERGENCY MEDICINE,-,-,-,-,-,1463,2125,2622,-,1770,-,-,-
AIIMS-All India,UR,Telangana,"AIIMS, Bibinagar",HOSPITAL ADMINISTRATION,-,-,-,-,-,-,-,-,-,1781,-,-,-
AIIMS-Inst. Pref,UR-AIIMS-IP,Maharashtra,"AIIMS, Nagpur",OBG,-,-,-,-,-,1521,1521,-,-,1787,-,-,-
AIIMS-All India,OBC,Odisha,"AIIMS, Bhubaneswar",PSYCHIATRY,-,-,-,-,-,1046,1046,2020,2020,1789,-,-,-
AIIMS-All India,SC,Chhattisgarh,"AIIMS, Raipur",RADIO DIAGNOSIS,-,-,-,-,-,-,-,-,-,1796,-,-,-
AIIMS-All India,OBC,Delhi,"AIIMS, Delhi",PMR,-,-,-,-,-,924,924,1971,3130,1803,-,-,-
AIIMS-All India,OBC,Delhi,"AIIMS, Delhi",COMMUNITY MEDICINE,-,-,-,-,-,3366,3366,4249,-,1805,-,-,-
AIIMS-All India,EWS,Chhattisgarh,"AIIMS, Raipur",OPHTHALMOLOGY,-,-,-,-,-,-,-,-,-,1811,-,-,-
AIIMS-All India,OBC,Jharkhand,"AIIMS, Deoghar",OPHTHALMOLOGY,-,-,-,-,-,-,-,-,-,1815,-,-,-
AIIMS-All India,UR,Bihar,"AIIMS, Patna",IHBT,-,-,-,-,-,-,1728,-,7478,1818,-,-,-
AIIMS-All India,OBC,Rajasthan,"AIIMS, Jodhpur",PATHOLOGY,-,-,-,-,-,2574,3957,4194,-,1824,-,-,-
JIPMER-All India,SC,Pondicherry,"JIPMER, Puducherry",TBRD,-,-,-,-,-,-,2243,-,-,1828,-,-,-
JIPMER-All India,UR,Pondicherry,"JIPMER, Puducherry",MICROBIOLOGY,-,-,-,-,-,-,2195,3592,-,1833,-,-,-
JIMPER-Inst. Pref,INST (JIPMER)-PwD,Pondicherry,"JIPMER, Puducherry",OPHTHALMOLOGY,-,-,-,-,-,-,-,-,-,1835,-,-,-
PGIMER-All India,SC,Chandigarh,"PGIMER, Chandigarh",PAEDIATRICS,-,-,-,-,-,1128,1044,1036,-,1836,-,-,-
JIPMER-All India,EWS,Pondicherry,"JIPMER, Puducherry",FORENSIC MEDICINE,-,-,-,-,-,-,-,-,24223,1845,-,-,-
AIIMS-All India,OBC,West Bengal,"AIIMS, Kalyani",OPHTHALMOLOGY,-,-,-,-,-,1857,2215,2562,3875,1860,-,-,-
JIPMER-All India,ST,Pondicherry,"JIPMER, Puducherry",GENERAL MEDICINE,-,-,-,-,-,1185,1185,1185,-,1862,-,-,-
AIIMS-All India,UR,Delhi,"AIIMS, Delhi",ANATOMY,-,-,-,-,-,1237,1263,4421,8545,1871,-,-,-
AIIMS-All India,UR,Odisha,"AIIMS, Bhubaneswar",PHARMACOLOGY,-,-,-,-,-,2549,-,3112,8883,1884,-,-,-
PGIMER-All India,OBC,Chandigarh,"PGIMER, Chandigarh",PATHOLOGY,-,-,-,-,-,2688,2760,4593,8365,1900,-,-,-
AIIMS-All India,OBC,Delhi,"AIIMS, Delhi",IHBT,-,-,-,-,-,1858,1422,2695,6645,1905,-,-,-
AIIMS-All India,OBC,Chhattisgarh,"AIIMS, Raipur",PSYCHIATRY,-,-,-,-,-,1340,1340,2185,-,1909,-,-,-
AIIMS-All India,UR,Punjab,"AIIMS, Bathinda",IHBT,-,-,-,-,-,-,-,-,-,1911,-,-,-
AIIMS-All India,SC,Andhra Pradesh,"AIIMS, Mangalagiri",RADIO DIAGNOSIS,-,-,-,-,-,580,565,609,-,1917,-,-,-
AIIMS-All India,EWS,Madhya Pradesh,"AIIMS, Bhopal",ANAESTHESIOLOGY,-,-,-,-,-,1680,1964,2757,3311,1922,-,-,-
AIIMS-All India,UR,Chhattisgarh,"AIIMS, Raipur",PATHOLOGY,-,-,-,-,-,1226,1226,2415,6010,1926,-,-,-
AIIMS-All India,EWS,Himachal Pradesh,"AIIMS, Bilaspur, Himachal",ANAESTHESIOLOGY,-,-,-,-,-,-,-,-,-,1927,-,-,-
AIIMS-All India,SC,Uttarakhand,"AIIMS, Rishikesh",DERMATOLOGY,-,-,-,-,-,-,-,-,-,1931,-,-,-
AIIMS-All India,UR,Jharkhand,"AIIMS, Deoghar",PATHOLOGY,-,-,-,-,-,1901,2160,3320,-,1933,-,-,-
AIIMS-All India,EWS,Odisha,"AIIMS, Bhubaneswar",ENT,-,-,-,-,-,-,-,-,-,1941,-,-,-
AIIMS-All India,SC,Odisha,"AIIMS, Bhubaneswar",PAEDIATRICS,-,-,-,-,-,-,-,-,-,1944,-,-,-
AIIMS-All India,EWS,Maharashtra,"AIIMS, Nagpur",ANAESTHESIOLOGY,-,-,-,-,-,-,-,-,-,1951,-,-,-
AIIMS-Inst. Pref,UR-AIIMS-IP,Bihar,"AIIMS, Patna",PSYCHIATRY,-,-,-,-,-,2185,2185,-,-,1954,-,-,-
AIIMS-All India,OBC,Himachal Pradesh,"AIIMS, Bilaspur, Himachal",ANAESTHESIOLOGY,-,-,-,-,-,2140,2521,2789,3274,1955,-,-,-
AIIMS-All India,OBC,Punjab,"AIIMS, Bathinda",ANAESTHESIOLOGY,-,-,-,-,-,1752,2242,2737,-,1957,-,-,-
AIIMS-All India,EWS,Uttar Pradesh,"AIIMS, Gorakhpur",EMERGENCY MEDICINE,-,-,-,-,-,-,-,-,-,1969,-,-,-
AIIMS-Inst. Pref,UR-AIIMS-IP,Chhattisgarh,"AIIMS, Raipur",CARDIO THORACIC AND VASCULAR SURGERY 6 YRS,-,-,-,-,-,643,643,-,643,1975,-,-,-
AIIMS-All India,UR,Madhya Pradesh,"AIIMS, Bhopal",FORENSIC MEDICINE,-,-,-,-,-,-,-,4619,9729,1977,-,-,-
JIMPER-Inst. Pref,INST (JIPMER),Pondicherry,"JIPMER, Puducherry",ORTHOPAEDICS,-,-,-,-,-,690,690,690,-,1995,-,-,-
AIIMS-All India,UR,West Bengal,"AIIMS, Kalyani",PATHOLOGY,-,-,-,-,-,1825,2138,2926,5326,1997,-,-,-
AIIMS-All India,SC,Delhi,"AIIMS, Delhi",OBG,-,-,-,-,-,1377,1754,2745,2816,2013,-,-,-
AIIMS-All India,OBC,Jammu and Kashmir,"AIIMS, Jammu",ANAESTHESIOLOGY,-,-,-,-,-,1866,2688,3098,3790,2026,-,-,-
AIIMS-All India,UR,Maharashtra,"AIIMS, Nagpur",FORENSIC MEDICINE,-,-,-,-,-,-,-,-,11824,2031,-,-,-
AIIMS-All India,UR,Jammu and Kashmir,"AIIMS, Jammu",PATHOLOGY,-,-,-,-,-,-,-,-,-,2035,-,-,-
AIIMS-All India,EWS,Maharashtra,"AIIMS, Nagpur",ENT,-,-,-,-,-,-,-,-,-,2037,-,-,-
AIIMS-All India,SC,Assam,"AIIMS, Guwahati",RADIO DIAGNOSIS,-,-,-,-,-,562,562,-,-,2039,-,-,-
AIIMS-All India,UR,Uttar Pradesh,"AIIMS, Rai Bareli",PATHOLOGY,-,-,-,-,-,1464,2093,3795,7393,2040,-,-,-
AIIMS-All India,OBC,Delhi,"AIIMS, Delhi",FORENSIC MEDICINE,-,-,-,-,-,4127,1834,7030,10840,2041,-,-,-
AIIMS-All India,ST,Madhya Pradesh,"AIIMS, Bhopal",RADIO DIAGNOSIS,-,-,-,-,-,755,2109,-,-,2044,-,-,-
AIIMS-Inst. Pref,UR-AIIMS-IP,Maharashtra,"AIIMS, Nagpur",OPHTHALMOLOGY,-,-,-,-,-,2159,2159,-,2159,2046,-,-,-
AIIMS-All India,UR,Chhattisgarh,"AIIMS, Raipur",IHBT,-,-,-,-,-,1481,1951,3574,-,2054,-,-,-
AIIMS-All India,UR,Uttar Pradesh,"AIIMS, Rai Bareli",MICROBIOLOGY,-,-,-,-,-,-,-,-,22732,2070,-,-,-
AIIMS-All India,OBC,West Bengal,"AIIMS, Kalyani",PSYCHIATRY,-,-,-,-,-,1753,2637,2938,2893,2085,-,-,-
AIIMS-All India,UR,Rajasthan,"AIIMS, Jodhpur",BIOCHEMISTRY,-,-,-,-,-,-,-,7073,16191,2088,-,-,-
JIMPER-Inst. Pref,INST (JIPMER),Pondicherry,"JIPMER, Puducherry",PSYCHIATRY,-,-,-,-,-,728,-,-,-,2091,-,-,-
PGIMER-All India,UR,Chandigarh,"PGIMER, Chandigarh",BIOCHEMISTRY,-,-,-,-,-,3291,3923,5063,-,2093,-,-,-
PGIMER-All India,UR-PwD,Chandigarh,"PGIMER, Chandigarh",GENERAL SURGERY,-,-,-,-,-,29988,29988,-,-,2094,-,-,-
AIIMS-All India,UR,Rajasthan,"AIIMS, Jodhpur",COMMUNITY MEDICINE,-,-,-,-,-,-,-,-,8248,2097,-,-,-
AIIMS-All India,OBC,Andhra Pradesh,"AIIMS, Mangalagiri",PSYCHIATRY,-,-,-,-,-,1620,1753,2102,-,2102,-,-,-
PGIMER-Rural,UR-RA,Chandigarh,"PGIMER, Chandigarh",OBG,-,-,-,-,-,-,-,-,-,2106,-,-,-
AIIMS-All India,OBC,Jharkhand,"AIIMS, Deoghar",ANAESTHESIOLOGY,-,-,-,-,-,1708,2484,3074,3074,2107,-,-,-
AIIMS-All India,SC,Punjab,"AIIMS, Bathinda",RADIO DIAGNOSIS,-,-,-,-,-,-,-,-,-,2109,-,-,-
AIIMS-All India,OBC,Chhattisgarh,"AIIMS, Raipur",PATHOLOGY,-,-,-,-,-,3340,3383,3990,11312,2110,-,-,-
AIIMS-Inst. Pref,UR-AIIMS-IP,Andhra Pradesh,"AIIMS, Mangalagiri",PAEDIATRICS,-,-,-,-,-,-,-,-,-,2112,-,-,-
AIIMS-All India,OBC,Punjab,"AIIMS, Bathinda",PSYCHIATRY,-,-,-,-,-,-,-,-,-,2115,-,-,-
AIIMS-All India,OBC,Himachal Pradesh,"AIIMS, Bilaspur, Himachal",PSYCHIATRY,-,-,-,-,-,-,-,-,-,2125,-,-,-
AIIMS-Inst. Pref,UR-AIIMS-IP,Uttarakhand,"AIIMS, Rishikesh",ORTHOPAEDICS,-,-,-,-,-,708,1614,-,-,2127,-,-,-
AIIMS-All India,EWS,Andhra Pradesh,"AIIMS, Mangalagiri",ENT,-,-,-,-,-,-,-,-,-,2143,-,-,-
AIIMS-All India,SC,Delhi,"AIIMS, Delhi",ORTHOPAEDICS,-,-,-,-,-,1029,1029,-,1467,2149,-,-,-
AIIMS-All India,UR,Gujarat,"AIIMS, Rajkot",COMMUNITY & FAMILY MEDICINE,-,-,-,-,-,2089,2432,4832,7837,2172,-,-,-
JIPMER-All India,OBC,Pondicherry,"JIPMER, Puducherry",IHBT,-,-,-,-,-,-,-,-,6387,2178,-,-,-
AIIMS-All India,UR,Telangana,"AIIMS, Bibinagar",IHBT,-,-,-,-,-,-,-,-,-,2205,-,-,-
AIIMS-All India,SC,Uttar Pradesh,"AIIMS, Gorakhpur",RADIO DIAGNOSIS,-,-,-,-,-,-,-,-,-,2213,-,-,-
PGIMER-All India,UR,Chandigarh,"PGIMER, Chandigarh",MICROBIOLOGY,-,-,-,-,-,1986,1986,5075,11531,2214,-,-,-
AIIMS-All India,SC,Uttarakhand,"AIIMS, Rishikesh",PAEDIATRICS,-,-,-,-,-,1459,1128,1128,-,2215,-,-,-
PGIMER-Rural,UR-RA,Chandigarh,"PGIMER, Chandigarh",PAEDIATRICS,-,-,-,-,-,966,966,-,-,2224,-,-,-
AIIMS-All India,EWS,Bihar,"AIIMS, Patna",ANAESTHESIOLOGY,-,-,-,-,-,1962,1962,2309,2757,2226,-,-,-
AIIMS-All India,UR,Telangana,"AIIMS, Bibinagar",MICROBIOLOGY,-,-,-,-,-,-,-,-,18463,2229,-,-,-
AIIMS-All India,OBC,Delhi,"AIIMS, Delhi",PALLIATIVE MEDICINE,-,-,-,-,-,-,-,-,-,2230,-,-,-
AIIMS-All India,OBC,Delhi,"AIIMS, Delhi",BIOPHYSICS,-,-,-,-,-,4357,4368,4925,5501,2269,-,-,-
JIMPER-Inst. Pref,INST (JIPMER),Pondicherry,"JIPMER, Puducherry",ANAESTHESIOLOGY,-,-,-,-,-,1507,1678,2709,-,2278,-,-,-
AIIMS-All India,EWS,Uttar Pradesh,"AIIMS, Rai Bareli",ENT,-,-,-,-,-,1681,1877,1877,2754,2293,-,-,-
AIIMS-Inst. Pref,UR-AIIMS-IP,Odisha,"AIIMS, Bhubaneswar",PAEDIATRIC SURGERY 6 YRS,-,-,-,-,-,1959,-,-,-,2303,-,-,-
AIIMS-All India,ST,Rajasthan,"AIIMS, Jodhpur",GENERAL SURGERY,-,-,-,-,-,-,-,-,-,2313,-,-,-
AIIMS-All India,UR,Assam,"AIIMS, Guwahati",COMMUNITY & FAMILY MEDICINE,-,-,-,-,-,2279,2279,4123,6604,2328,-,-,-
JIPMER-All India,OBC,Pondicherry,"JIPMER, Puducherry",PATHOLOGY,-,-,-,-,-,1595,1693,2404,-,2330,-,-,-
JIMPER-Inst. Pref,INST (JIPMER),Pondicherry,"JIPMER, Puducherry",PMR,-,-,-,-,-,2171,-,-,-,2335,-,-,-
AIIMS-Inst. Pref,UR-AIIMS-IP,Andhra Pradesh,"AIIMS, Mangalagiri",GENERAL SURGERY,-,-,-,-,-,697,920,2256,-,2353,-,-,-
AIIMS-Inst. Pref,UR-AIIMS-IP,Madhya Pradesh,"AIIMS, Bhopal",CARDIO THORACIC AND VASCULAR SURGERY 6 YRS,-,-,-,-,-,1556,1556,5931,2445,2373,-,-,-
JIPMER-All India,SC,Pondicherry,"JIPMER, Puducherry",GENERAL SURGERY,-,-,-,-,-,-,992,766,-,2381,-,-,-
PGIMER-All India,SC,Chandigarh,"PGIMER, Chandigarh",OBG,-,-,-,-,-,2339,2548,2816,3462,2390,-,-,-
AIIMS-Inst. Pref,UR-AIIMS-IP,Rajasthan,"AIIMS, Jodhpur",PAEDIATRIC SURGERY 6 YRS,-,-,-,-,-,-,1871,1924,2100,2401,-,-,-
AIIMS-Inst. Pref,UR-AIIMS-IP,Uttarakhand,"AIIMS, Rishikesh",RADIATION ONCOLOGY,-,-,-,-,-,-,-,-,-,2403,-,-,-
AIIMS-All India,SC,Bihar,"AIIMS, Patna",PAEDIATRICS,-,-,-,-,-,-,-,-,-,2419,-,-,-
AIIMS-Inst. Pref,UR-AIIMS-IP,Himachal Pradesh,"AIIMS, Bilaspur, Himachal",OBG,-,-,-,-,-,-,-,-,-,2420,-,-,-
AIIMS-All India,UR,Bihar,"AIIMS, Patna",FORENSIC MEDICINE,-,-,-,-,-,-,-,-,-,2423,-,-,-
AIIMS-All India,OBC,Madhya Pradesh,"AIIMS, Bhopal",FORENSIC MEDICINE,-,-,-,-,-,3365,4837,9889,-,2434,-,-,-
AIIMS-All India,SC,Delhi,"AIIMS, Delhi",NUCLEAR MEDICINE,-,-,-,-,-,388,388,-,-,2440,-,-,-
AIIMS-All India,OBC,Bihar,"AIIMS, Patna",PATHOLOGY,-,-,-,-,-,2882,4425,5228,8953,2442,-,-,-
AIIMS-All India,OBC,Madhya Pradesh,"AIIMS, Bhopal",PATHOLOGY,-,-,-,-,-,2758,3126,4736,8764,2453,-,-,-
AIIMS-Inst. Pref,UR-AIIMS-IP,Uttar Pradesh,"AIIMS, Rai Bareli",NEUROSURGERY 6 YRS,-,-,-,-,-,-,-,-,-,2454,-,-,-
AIIMS-Inst. Pref,UR-AIIMS-IP,Himachal Pradesh,"AIIMS, Bilaspur, Himachal",OPHTHALMOLOGY,-,-,-,-,-,-,-,-,-,2464,-,-,-
AIIMS-Inst. Pref,UR-AIIMS-IP,West Bengal,"AIIMS, Kalyani",ENT,-,-,-,-,-,2814,2814,-,-,2471,-,-,-
AIIMS-All India,UR,Jharkhand,"AIIMS, Deoghar",FORENSIC MEDICINE,-,-,-,-,-,-,-,-,-,2477,-,-,-
AIIMS-All India,EWS,Madhya Pradesh,"AIIMS, Bhopal",FAMILY MEDICINE,-,-,-,-,-,-,-,-,-,2484,-,-,-
PGIMER-Rural,UR-RA,Chandigarh,"PGIMER, Chandigarh",GENERAL SURGERY,-,-,-,-,-,2394,2910,-,-,2486,-,-,-
AIIMS-All India,OBC,Delhi,"AIIMS, Delhi",HOSPITAL ADMINISTRATION,-,-,-,-,-,681,681,4261,8207,2489,-,-,-
AIIMS-All India,UR,West Bengal,"AIIMS, Kalyani",FORENSIC MEDICINE,-,-,-,-,-,-,3717,5711,21286,2506,-,-,-
AIIMS-All India,UR,Bihar,"AIIMS, Patna",MICROBIOLOGY,-,-,-,-,-,2638,3547,4844,-,2508,-,-,-
AIIMS-All India,OBC,Gujarat,"AIIMS, Rajkot",FORENSIC MEDICINE,-,-,-,-,-,6025,7239,11264,24810,2536,-,-,-
AIIMS-All India,EWS,Punjab,"AIIMS, Bathinda",ANAESTHESIOLOGY,-,-,-,-,-,2125,2594,2594,2594,2538,-,-,-
AIIMS-All India,OBC,Himachal Pradesh,"AIIMS, Bilaspur, Himachal",PATHOLOGY,-,-,-,-,-,-,-,-,-,2542,-,-,-
AIIMS-Inst. Pref,UR-AIIMS-IP,Uttarakhand,"AIIMS, Rishikesh",OPHTHALMOLOGY,-,-,-,-,-,300,2156,708,708,2557,-,-,-
AIIMS-Inst. Pref,UR-AIIMS-IP,Madhya Pradesh,"AIIMS, Bhopal",ANAESTHESIOLOGY,-,-,-,-,-,2585,4630,-,-,2568,-,-,-
AIIMS-All India,OBC,Maharashtra,"AIIMS, Nagpur",PATHOLOGY,-,-,-,-,-,-,-,-,-,2569,-,-,-
JIMPER-Inst. Pref,INST (JIPMER),Pondicherry,"JIPMER, Puducherry",PHARMACOLOGY,-,-,-,-,-,4111,-,-,-,2575,-,-,-
AIIMS-All India,EWS,Jharkhand,"AIIMS, Deoghar",ANAESTHESIOLOGY,-,-,-,-,-,-,-,-,-,2607,-,-,-
AIIMS-All India,UR,Andhra Pradesh,"AIIMS, Mangalagiri",FORENSIC MEDICINE,-,-,-,-,-,-,-,5411,21113,2608,-,-,-
AIIMS-All India,UR,Chhattisgarh,"AIIMS, Raipur",BIOCHEMISTRY,-,-,-,-,-,4115,4709,7930,22146,2613,-,-,-
AIIMS-All India,OBC,Madhya Pradesh,"AIIMS, Bhopal",COMMUNITY MEDICINE,-,-,-,-,-,3696,4249,5438,-,2629,-,-,-
AIIMS-All India,UR,Maharashtra,"AIIMS, Nagpur",PHARMACOLOGY,-,-,-,-,-,-,-,-,-,2630,-,-,-
AIIMS-All India,SC,Delhi,"AIIMS, Delhi",ENT,-,-,-,-,-,2745,2517,-,-,2634,-,-,-
AIIMS-Inst. Pref,UR-AIIMS-IP,Uttar Pradesh,"AIIMS, Gorakhpur",GENERAL SURGERY,-,-,-,-,-,-,-,-,-,2642,-,-,-
AIIMS-All India,SC,Madhya Pradesh,"AIIMS, Bhopal",NUCLEAR MEDICINE,-,-,-,-,-,-,-,-,-,2652,-,-,-
AIIMS-All India,SC,Rajasthan,"AIIMS, Jodhpur",DERMATOLOGY,-,-,-,-,-,-,-,-,-,2666,-,-,-
AIIMS-All India,OBC,Delhi,"AIIMS, Delhi",PHARMACOLOGY,-,-,-,-,-,2941,1548,-,1548,2687,-,-,-
AIIMS-All India,SC,Maharashtra,"AIIMS, Nagpur",PAEDIATRICS,-,-,-,-,-,2047,1893,2047,3910,2692,-,-,-
AIIMS-All India,ST,Rajasthan,"AIIMS, Jodhpur",GENERAL MEDICINE,-,-,-,-,-,-,-,-,-,2701,-,-,-
AIIMS-Inst. Pref,UR-AIIMS-IP,Uttar Pradesh,"AIIMS, Rai Bareli",OPHTHALMOLOGY,-,-,-,-,-,3270,2232,-,-,2702,-,-,-
AIIMS-All India,SC,Chhattisgarh,"AIIMS, Raipur",DERMATOLOGY,-,-,-,-,-,-,-,-,-,2723,-,-,-
AIIMS-All India,SC,Madhya Pradesh,"AIIMS, Bhopal",PAEDIATRICS,-,-,-,-,-,-,-,-,-,2730,-,-,-
AIIMS-Inst. Pref,UR-AIIMS-IP,Uttarakhand,"AIIMS, Rishikesh",PLASTIC SURGERY 6 YRS,-,-,-,-,-,-,-,1614,-,2735,-,-,-
AIIMS-All India,SC,Uttarakhand,"AIIMS, Rishikesh",OBG,-,-,-,-,-,2517,2660,-,-,2743,-,-,-
AIIMS-Inst. Pref,UR-AIIMS-IP,Chhattisgarh,"AIIMS, Raipur",ANAESTHESIOLOGY,-,-,-,-,-,1780,2012,2529,6008,2745,-,-,-
AIIMS-All India,EWS,Rajasthan,"AIIMS, Jodhpur",COMMUNITY MEDICINE,-,-,-,-,-,-,-,-,-,2746,-,-,-
AIIMS-Inst. Pref,UR-AIIMS-IP,Odisha,"AIIMS, Bhubaneswar",ENT,-,-,-,-,-,2369,2854,3585,-,2753,-,-,-
AIIMS-All India,OBC,Himachal Pradesh,"AIIMS, Bilaspur, Himachal",IHBT,-,-,-,-,-,-,-,-,-,2781,-,-,-
AIIMS-Inst. Pref,UR-AIIMS-IP,Maharashtra,"AIIMS, Nagpur",PAEDIATRIC SURGERY 6 YRS,-,-,-,-,-,2598,3097,2560,3267,2790,-,-,-
PGIMER-All India,SC,Chandigarh,"PGIMER, Chandigarh",ORTHOPAEDICS,-,-,-,-,-,1802,1802,1802,1802,2800,-,-,-
AIIMS-Inst. Pref,UR-AIIMS-IP,Odisha,"AIIMS, Bhubaneswar",ANAESTHESIOLOGY,-,-,-,-,-,2495,2780,4127,-,2803,-,-,-
AIIMS-All India,OBC,Telangana,"AIIMS, Bibinagar",PATHOLOGY,-,-,-,-,-,2262,3850,3850,11345,2821,-,-,-
AIIMS-All India,SC,Delhi,"AIIMS, Delhi",OPHTHALMOLOGY,-,-,-,-,-,2116,2116,-,-,2823,-,-,-
AIIMS-Inst. Pref,UR-AIIMS-IP,Uttarakhand,"AIIMS, Rishikesh",EMERGENCY MEDICINE,-,-,-,-,-,-,-,2632,1614,2828,-,-,-
JIPMER-All India,UR,Pondicherry,"JIPMER, Puducherry",BIOCHEMISTRY,-,-,-,-,-,2160,-,-,15912,2836,-,-,-
AIIMS-All India,UR,Chhattisgarh,"AIIMS, Raipur",MICROBIOLOGY,-,-,-,-,-,-,-,-,12284,2837,-,-,-
AIIMS-All India,SC,Uttarakhand,"AIIMS, Rishikesh",NUCLEAR MEDICINE,-,-,-,-,-,-,-,-,-,2853,-,-,-
AIIMS-Inst. Pref,UR-AIIMS-IP,Jharkhand,"AIIMS, Deoghar",GENERAL SURGERY,-,-,-,-,-,-,-,-,-,2890,-,-,-
AIIMS-All India,UR,Punjab,"AIIMS, Bathinda",MICROBIOLOGY,-,-,-,-,-,-,4217,5229,17956,2896,-,-,-
AIIMS-All India,SC,Maharashtra,"AIIMS, Nagpur",DERMATOLOGY,-,-,-,-,-,-,-,-,-,2914,-,-,-
AIIMS-All India,EWS,Delhi,"AIIMS, Delhi",COMMUNITY MEDICINE,-,-,-,-,-,3370,2747,4573,8153,2925,-,-,-
AIIMS-All India,EWS,Telangana,"AIIMS, Bibinagar",FORENSIC MEDICINE,-,-,-,-,-,-,-,-,-,2929,-,-,-
JIPMER-All India,SC,Pondicherry,"JIPMER, Puducherry",EMERGENCY MEDICINE,-,-,-,-,-,-,-,4872,4872,2950,-,-,-
AIIMS-All India,SC,Delhi,"AIIMS, Delhi",COMMUNITY MEDICINE,-,-,-,-,-,2896,4267,5184,-,2962,-,-,-
JIPMER-All India,OBC,Pondicherry,"JIPMER, Puducherry",MICROBIOLOGY,-,-,-,-,-,-,-,-,5917,2965,-,-,-
AIIMS-All India,OBC,Andhra Pradesh,"AIIMS, Mangalagiri",MICROBIOLOGY,-,-,-,-,-,-,-,-,-,2969,-,-,-
JIPMER-All India,ST,Pondicherry,"JIPMER, Puducherry",PAEDIATRICS,-,-,-,-,-,-,-,-,-,2978,-,-,-
NIMHANS-NE Domicile,OBC-North East Domicile,Karnataka,"NIMHANS, Bangalore",PSYCHIATRY,-,-,-,-,-,-,-,-,-,3001,-,-,-
AIIMS-All India,OBC,Uttar Pradesh,"AIIMS, Gorakhpur",PATHOLOGY,-,-,-,-,-,-,-,-,-,3017,-,-,-
AIIMS-All India,UR,Punjab,"AIIMS, Bathinda",PHARMACOLOGY,-,-,-,-,-,3387,3503,4564,-,3018,-,-,-
AIIMS-All India,ST,Delhi,"AIIMS, Delhi",PAEDIATRICS,-,-,-,-,-,1232,1232,-,-,3021,-,-,-
AIIMS-All India,SC,Punjab,"AIIMS, Bathinda",DERMATOLOGY,-,-,-,-,-,-,-,-,-,3036,-,-,-
AIIMS-Inst. Pref,UR-AIIMS-IP,Maharashtra,"AIIMS, Nagpur",ANAESTHESIOLOGY,-,-,-,-,-,2097,3449,3267,-,3037,-,-,-
AIIMS-All India,UR,West Bengal,"AIIMS, Kalyani",PHARMACOLOGY,-,-,-,-,-,3133,-,6220,4963,3038,-,-,-
PGIMER-All India,OBC,Chandigarh,"PGIMER, Chandigarh",IHBT,-,-,-,-,-,3077,3077,5119,7905,3048,-,-,-
JIPMER-All India,SC,Pondicherry,"JIPMER, Puducherry",ANAESTHESIOLOGY,-,-,-,-,-,4125,4158,-,-,3050,-,-,-
AIIMS-All India,OBC,Andhra Pradesh,"AIIMS, Mangalagiri",COMMUNITY MEDICINE,-,-,-,-,-,-,-,-,-,3064,-,-,-
PGIMER-All India,SC,Chandigarh,"PGIMER, Chandigarh",PSYCHIATRY,-,-,-,-,-,2408,2408,3089,-,3066,-,-,-
AIIMS-All India,SC,Maharashtra,"AIIMS, Nagpur",OBG,-,-,-,-,-,2816,3382,3382,-,3067,-,-,-
AIIMS-All India,OBC,Assam,"AIIMS, Guwahati",PATHOLOGY,-,-,-,-,-,3513,4519,5741,12409,3087,-,-,-
AIIMS-All India,OBC,Bihar,"AIIMS, Patna",PMR,-,-,-,-,-,-,-,-,-,3088,-,-,-
AIIMS-All India,OBC,Telangana,"AIIMS, Bibinagar",PMR,-,-,-,-,-,-,-,-,-,3095,-,-,-
AIIMS-All India,UR,Bihar,"AIIMS, Patna",PHYSIOLOGY,-,-,-,-,-,-,-,-,24304,3120,-,-,-
AIIMS-All India,EWS,Chhattisgarh,"AIIMS, Raipur",PMR,-,-,-,-,-,-,-,-,-,3155,-,-,-
AIIMS-All India,OBC,Uttar Pradesh,"AIIMS, Rai Bareli",PATHOLOGY,-,-,-,-,-,-,-,-,-,3201,-,-,-
AIIMS-All India,UR,Assam,"AIIMS, Guwahati",PHARMACOLOGY,-,-,-,-,-,3541,3645,6146,14049,3232,-,-,-
AIIMS-All India,SC,Rajasthan,"AIIMS, Jodhpur",OBG,-,-,-,-,-,-,-,-,-,3249,-,-,-
AIIMS-All India,OBC,Andhra Pradesh,"AIIMS, Mangalagiri",HOSPITAL ADMINISTRATION,-,-,-,-,-,-,-,-,-,3256,-,-,-
AIIMS-All India,OBC,Punjab,"AIIMS, Bathinda",COMMUNITY & FAMILY MEDICINE,-,-,-,-,-,5217,3130,6831,10246,3277,-,-,-
PGIMER-All India,OBC-PwD,Chandigarh,"PGIMER, Chandigarh",RADIO DIAGNOSIS,-,-,-,-,-,-,-,-,-,3356,-,-,-
AIIMS-All India,OBC,Odisha,"AIIMS, Bhubaneswar",IHBT,-,-,-,-,-,3990,3990,4362,9677,3359,-,-,-
AIIMS-All India,ST,Bihar,"AIIMS, Patna",GENERAL MEDICINE,-,-,-,-,-,2555,2555,2555,-,3372,-,-,-
JIPMER-All India,EWS,Pondicherry,"JIPMER, Puducherry",PATHOLOGY,-,-,-,-,-,-,-,-,-,3394,-,-,-
AIIMS-Inst. Pref,UR-AIIMS-IP,Chhattisgarh,"AIIMS, Raipur",FAMILY MEDICINE,-,-,-,-,-,-,-,-,-,3438,-,-,-
AIIMS-Inst. Pref,UR-AIIMS-IP,Punjab,"AIIMS, Bathinda",ENT,-,-,-,-,-,869,869,869,-,3465,-,-,-
AIIMS-All India,OBC,Andhra Pradesh,"AIIMS, Mangalagiri",FORENSIC MEDICINE,-,-,-,-,-,-,-,-,-,3500,-,-,-
AIIMS-All India,OBC,Uttarakhand,"AIIMS, Rishikesh",IHBT,-,-,-,-,-,2640,4085,5087,8886,3505,-,-,-
JIPMER-All India,SC,Pondicherry,"JIPMER, Puducherry",ORTHOPAEDICS,-,-,-,-,-,-,-,4136,3056,3526,-,-,-
AIIMS-All India,SC,Gujarat,"AIIMS, Rajkot",DERMATOLOGY,-,-,-,-,-,-,-,-,-,3550,-,-,-
AIIMS-Inst. Pref,UR-AIIMS-IP,Andhra Pradesh,"AIIMS, Mangalagiri",EMERGENCY MEDICINE,-,-,-,-,-,2256,-,-,-,3551,-,-,-
AIIMS-All India,SC,Punjab,"AIIMS, Bathinda",PAEDIATRICS,-,-,-,-,-,2534,1489,1489,-,3553,-,-,-
PGIMER-Rural,UR-RA,Chandigarh,"PGIMER, Chandigarh",ANAESTHESIOLOGY,-,-,-,-,-,1772,1855,4794,-,3555,-,-,-
AIIMS-All India,OBC,Uttarakhand,"AIIMS, Rishikesh",MICROBIOLOGY,-,-,-,-,-,4408,4408,7495,7495,3562,-,-,-
AIIMS-All India,SC,Delhi,"AIIMS, Delhi",EMERGENCY MEDICINE,-,-,-,-,-,-,-,-,-,3564,-,-,-
JIPMER-All India,SC,Pondicherry,"JIPMER, Puducherry",ENT,-,-,-,-,-,3374,3374,-,-,3586,-,-,-
AIIMS-All India,OBC,Delhi,"AIIMS, Delhi",LAB MEDICINE,-,-,-,-,-,2196,3906,-,-,3618,-,-,-
AIIMS-All India,SC,Delhi,"AIIMS, Delhi",GENERAL SURGERY,-,-,-,-,-,43,43,-,-,3649,-,-,-
AIIMS-All India,UR,Odisha,"AIIMS, Bhubaneswar",ANATOMY,-,-,-,-,-,3289,5918,7945,28529,3655,-,-,-
AIIMS-All India,SC,Punjab,"AIIMS, Bathinda",ORTHOPAEDICS,-,-,-,-,-,4208,4208,4992,-,3661,-,-,-
AIIMS-Inst. Pref,UR-AIIMS-IP,Delhi,"AIIMS, Delhi",ANAESTHESIOLOGY,-,-,-,-,-,3462,4974,7270,-,3666,-,-,-
AIIMS-Inst. Pref,UR-AIIMS-IP,Telangana,"AIIMS, Bibinagar",PMR,-,-,-,-,-,-,-,-,-,3698,-,-,-
AIIMS-All India,OBC,Assam,"AIIMS, Guwahati",PMR,-,-,-,-,-,2337,4050,5237,-,3704,-,-,-
PGIMER-All India,OBC,Chandigarh,"PGIMER, Chandigarh",HOSPITAL ADMINISTRATION,-,-,-,-,-,-,-,-,-,3707,-,-,-
AIIMS-All India,OBC,Assam,"AIIMS, Guwahati",COMMUNITY & FAMILY MEDICINE,-,-,-,-,-,5261,5443,-,-,3735,-,-,-
AIIMS-Inst. Pref,UR-AIIMS-IP,Maharashtra,"AIIMS, Nagpur",PATHOLOGY,-,-,-,-,-,-,-,15584,26035,3736,-,-,-
AIIMS-All India,UR,Assam,"AIIMS, Guwahati",BIOCHEMISTRY,-,-,-,-,-,5063,5063,8589,19287,3766,-,-,-
AIIMS-All India,SC,Odisha,"AIIMS, Bhubaneswar",NUCLEAR MEDICINE,-,-,-,-,-,-,-,-,-,3767,-,-,-
AIIMS-All India,ST,Odisha,"AIIMS, Bhubaneswar",RADIO DIAGNOSIS,-,-,-,-,-,2109,2237,2237,-,3782,-,-,-
AIIMS-All India,SC,Uttar Pradesh,"AIIMS, Gorakhpur",ORTHOPAEDICS,-,-,-,-,-,-,-,-,-,3797,-,-,-
AIIMS-All India,ST,Delhi,"AIIMS, Delhi",OBG,-,-,-,-,-,3920,3920,-,-,3802,-,-,-
AIIMS-All India,EWS,Rajasthan,"AIIMS, Jodhpur",PATHOLOGY,-,-,-,-,-,-,-,-,-,3809,-,-,-
AIIMS-All India,SC,Uttarakhand,"AIIMS, Rishikesh",RADIATION ONCOLOGY,-,-,-,-,-,-,-,-,-,3823,-,-,-
AIIMS-Inst. Pref,UR-AIIMS-IP,Bihar,"AIIMS, Patna",TRAUMASURG&CC (6 YRS),-,-,-,-,-,2469,2469,3681,-,3838,-,-,-
AIIMS-All India,UR-PwD,Delhi,"AIIMS, Delhi",PSYCHIATRY,-,-,-,-,-,2259,2259,-,-,3851,-,-,-
NIMHANS-All India,SC,Karnataka,"NIMHANS, Bangalore",PSYCHIATRY,-,-,-,-,-,2717,2717,2717,4834,3943,-,-,-
AIIMS-All India,EWS,Delhi,"AIIMS, Delhi",PALLIATIVE MEDICINE,-,-,-,-,-,-,-,-,-,3964,-,-,-
AIIMS-All India,SC,Andhra Pradesh,"AIIMS, Mangalagiri",NUCLEAR MEDICINE,-,-,-,-,-,-,-,-,-,3973,-,-,-
AIIMS-All India,OBC,Uttarakhand,"AIIMS, Rishikesh",PHYSIOLOGY,-,-,-,-,-,-,-,-,-,3975,-,-,-
PGIMER-All India,SC,Chandigarh,"PGIMER, Chandigarh",GENERAL SURGERY,-,-,-,-,-,1407,1407,1407,-,3993,-,-,-
AIIMS-All India,ST,Gujarat,"AIIMS, Rajkot",RADIO DIAGNOSIS,-,-,-,-,-,-,-,-,-,4007,-,-,-
AIIMS-All India,UR,Andhra Pradesh,"AIIMS, Mangalagiri",BIOCHEMISTRY,-,-,-,-,-,-,-,-,-,4024,-,-,-
AIIMS-All India,OBC,Chhattisgarh,"AIIMS, Raipur",IHBT,-,-,-,-,-,-,-,-,-,4025,-,-,-
AIIMS-All India,SC,Uttarakhand,"AIIMS, Rishikesh",GENERAL SURGERY,-,-,-,-,-,1929,1868,2372,-,4027,-,-,-
AIIMS-All India,SC,Madhya Pradesh,"AIIMS, Bhopal",ENT,-,-,-,-,-,4106,4995,4995,-,4033,-,-,-
AIIMS-All India,SC,Bihar,"AIIMS, Patna",EMERGENCY MEDICINE,-,-,-,-,-,-,-,-,-,4045,-,-,-
AIIMS-All India,UR,Andhra Pradesh,"AIIMS, Mangalagiri",ANATOMY,-,-,-,-,-,-,6062,9239,25089,4053,-,-,-
AIIMS-All India,OBC,Chhattisgarh,"AIIMS, Raipur",COMMUNITY MEDICINE,-,-,-,-,-,4258,5261,8207,12434,4079,-,-,-
AIIMS-All India,SC,Uttarakhand,"AIIMS, Rishikesh",PSYCHIATRY,-,-,-,-,-,-,-,-,-,4100,-,-,-
AIIMS-All India,SC,Assam,"AIIMS, Guwahati",GENERAL SURGERY,-,-,-,-,-,2832,2832,4125,-,4103,-,-,-
AIIMS-All India,EWS,Rajasthan,"AIIMS, Jodhpur",PHARMACOLOGY,-,-,-,-,-,-,-,-,-,4122,-,-,-
AIIMS-All India,UR,Assam,"AIIMS, Guwahati",PHYSIOLOGY,-,-,-,-,-,5106,7130,9847,23959,4148,-,-,-
JIPMER-All India,SC-PwD,Pondicherry,"JIPMER, Puducherry",OPHTHALMOLOGY,-,-,-,-,-,-,-,-,-,4153,-,-,-
AIIMS-Inst. Pref,UR-AIIMS-IP,Uttar Pradesh,"AIIMS, Rai Bareli",EMERGENCY MEDICINE,-,-,-,-,-,-,-,-,-,4158,-,-,-
JIPMER-All India,SC,Pondicherry,"JIPMER, Puducherry",PHARMACOLOGY,-,-,-,-,-,-,-,-,-,4165,-,-,-
AIIMS-All India,ST,Andhra Pradesh,"AIIMS, Mangalagiri",RADIO DIAGNOSIS,-,-,-,-,-,-,-,-,-,4177,-,-,-
AIIMS-All India,SC,Jharkhand,"AIIMS, Deoghar",ORTHOPAEDICS,-,-,-,-,-,4799,4799,5463,7091,4180,-,-,-
AIIMS-All India,SC,Maharashtra,"AIIMS, Nagpur",ENT,-,-,-,-,-,-,-,-,-,4182,-,-,-
AIIMS-Inst. Pref,UR-AIIMS-IP,Andhra Pradesh,"AIIMS, Mangalagiri",OBG,-,-,-,-,-,569,-,-,-,4193,-,-,-
AIIMS-All India,ST,Andhra Pradesh,"AIIMS, Mangalagiri",GENERAL MEDICINE,-,-,-,-,-,-,-,-,-,4197,-,-,-
AIIMS-All India,OBC,Jharkhand,"AIIMS, Deoghar",MICROBIOLOGY,-,-,-,-,-,-,-,-,-,4202,-,-,-
AIIMS-All India,SC,West Bengal,"AIIMS, Kalyani",OPHTHALMOLOGY,-,-,-,-,-,5102,4992,6053,6741,4211,-,-,-
AIIMS-All India,EWS,Bihar,"AIIMS, Patna",PATHOLOGY,-,-,-,-,-,-,-,-,-,4239,-,-,-
AIIMS-Inst. Pref,UR-AIIMS-IP,Bihar,"AIIMS, Patna",ANAESTHESIOLOGY,-,-,-,-,-,2430,2723,4704,-,4252,-,-,-
AIIMS-All India,SC,Uttar Pradesh,"AIIMS, Gorakhpur",OBG,-,-,-,-,-,-,-,-,-,4268,-,-,-
AIIMS-Inst. Pref,UR-AIIMS-IP,Uttarakhand,"AIIMS, Rishikesh",GERIATRICS,-,-,-,-,-,2143,2143,2143,-,4269,-,-,-
PGIMER-All India,SC,Chandigarh,"PGIMER, Chandigarh",ANAESTHESIOLOGY,-,-,-,-,-,3710,4125,5410,-,4280,-,-,-
AIIMS-All India,SC,Madhya Pradesh,"AIIMS, Bhopal",GENERAL SURGERY,-,-,-,-,-,-,-,-,-,4281,-,-,-
JIPMER-All India,OBC-PwD,Pondicherry,"JIPMER, Puducherry",ANATOMY,-,-,-,-,-,-,-,-,-,4318,-,-,-
AIIMS-All India,ST,Delhi,"AIIMS, Delhi",ORTHOPAEDICS,-,-,-,-,-,-,-,-,-,4331,-,-,-
AIIMS-Inst. Pref,UR-AIIMS-IP,Jharkhand,"AIIMS, Deoghar",ORTHOPAEDICS,-,-,-,-,-,-,-,-,-,4340,-,-,-
AIIMS-All India,UR,Assam,"AIIMS, Guwahati",ANATOMY,-,-,-,-,-,3921,5895,8739,-,4358,-,-,-
AIIMS-All India,OBC,Rajasthan,"AIIMS, Jodhpur",BIOCHEMISTRY,-,-,-,-,-,-,-,-,-,4377,-,-,-
AIIMS-All India,OBC,Odisha,"AIIMS, Bhubaneswar",COMMUNITY MEDICINE,-,-,-,-,-,-,-,-,-,4392,-,-,-
AIIMS-All India,ST,Himachal Pradesh,"AIIMS, Bilaspur, Himachal",GENERAL MEDICINE,-,-,-,-,-,-,-,-,-,4395,-,-,-
AIIMS-All India,OBC,Odisha,"AIIMS, Bhubaneswar",FORENSIC MEDICINE,-,-,-,-,-,-,-,-,-,4400,-,-,-
JIMPER-Inst. Pref,INST (JIPMER),Pondicherry,"JIPMER, Puducherry",COMMUNITY MEDICINE,-,-,-,-,-,1531,3125,4111,24230,4417,-,-,-
AIIMS-All India,OBC,Odisha,"AIIMS, Bhubaneswar",HOSPITAL ADMINISTRATION,-,-,-,-,-,-,-,-,-,4419,-,-,-
AIIMS-All India,OBC,Bihar,"AIIMS, Patna",COMMUNITY & FAMILY MEDICINE,-,-,-,-,-,3300,4459,5921,-,4427,-,-,-
PGIMER-All India,ST,Chandigarh,"PGIMER, Chandigarh",PAEDIATRICS,-,-,-,-,-,2431,3007,-,-,4463,-,-,-
AIIMS-All India,SC,Delhi,"AIIMS, Delhi",ANAESTHESIOLOGY,-,-,-,-,-,2885,2745,3206,6450,4468,-,-,-
AIIMS-All India,OBC,Jammu and Kashmir,"AIIMS, Jammu",FORENSIC MEDICINE,-,-,-,-,-,-,-,-,-,4472,-,-,-
AIIMS-All India,EWS,Maharashtra,"AIIMS, Nagpur",COMMUNITY MEDICINE,-,-,-,-,-,-,-,-,-,4490,-,-,-
AIIMS-All India,ST,Madhya Pradesh,"AIIMS, Bhopal",GENERAL SURGERY,-,-,-,-,-,-,-,-,-,4521,-,-,-
AIIMS-All India,EWS,Punjab,"AIIMS, Bathinda",COMMUNITY & FAMILY MEDICINE,-,-,-,-,-,-,-,-,-,4545,-,-,-
AIIMS-All India,SC,Chhattisgarh,"AIIMS, Raipur",EMERGENCY MEDICINE,-,-,-,-,-,4769,4816,-,-,4553,-,-,-
AIIMS-All India,SC,Andhra Pradesh,"AIIMS, Mangalagiri",ORTHOPAEDICS,-,-,-,-,-,-,-,-,-,4567,-,-,-
AIIMS-Inst. Pref,UR-AIIMS-IP,Gujarat,"AIIMS, Rajkot",PHYSIOLOGY,-,-,-,-,-,-,-,-,-,4593,-,-,-
AIIMS-Inst. Pref,UR-AIIMS-IP,Delhi,"AIIMS, Delhi",ENT,-,-,-,-,-,-,-,-,-,4595,-,-,-
AIIMS-Inst. Pref,UR-AIIMS-IP,Bihar,"AIIMS, Patna",COMMUNITY & FAMILY MEDICINE,-,-,-,-,-,2511,7059,10757,15146,4620,-,-,-
AIIMS-All India,SC,Delhi,"AIIMS, Delhi",GERIATRICS,-,-,-,-,-,2610,3611,4948,7220,4632,-,-,-
AIIMS-All India,OBC,Jharkhand,"AIIMS, Deoghar",COMMUNITY & FAMILY MEDICINE,-,-,-,-,-,4413,6620,-,-,4635,-,-,-
AIIMS-All India,OBC,Bihar,"AIIMS, Patna",FORENSIC MEDICINE,-,-,-,-,-,4463,6612,7287,21321,4664,-,-,-
AIIMS-All India,SC,Uttar Pradesh,"AIIMS, Rai Bareli",ORTHOPAEDICS,-,-,-,-,-,-,-,-,-,4691,-,-,-
AIIMS-All India,OBC,Punjab,"AIIMS, Bathinda",IHBT,-,-,-,-,-,-,-,-,-,4736,-,-,-
AIIMS-All India,OBC,Gujarat,"AIIMS, Rajkot",COMMUNITY & FAMILY MEDICINE,-,-,-,-,-,-,-,-,-,4751,-,-,-
AIIMS-All India,OBC,West Bengal,"AIIMS, Kalyani",FORENSIC MEDICINE,-,-,-,-,-,4833,4833,10511,21508,4760,-,-,-
AIIMS-All India,OBC,Gujarat,"AIIMS, Rajkot",PHARMACOLOGY,-,-,-,-,-,-,-,-,-,4774,-,-,-
AIIMS-Inst. Pref,UR-AIIMS-IP,Andhra Pradesh,"AIIMS, Mangalagiri",ANAESTHESIOLOGY,-,-,-,-,-,-,-,-,-,4776,-,-,-
AIIMS-Inst. Pref,UR-AIIMS-IP,Maharashtra,"AIIMS, Nagpur",COMMUNITY MEDICINE,-,-,-,-,-,7868,11874,13004,-,4781,-,-,-
AIIMS-All India,SC,Odisha,"AIIMS, Bhubaneswar",PSYCHIATRY,-,-,-,-,-,-,-,-,-,4785,-,-,-
AIIMS-Inst. Pref,UR-AIIMS-IP,Uttar Pradesh,"AIIMS, Rai Bareli",PAEDIATRIC SURGERY 6 YRS,-,-,-,-,-,-,4901,6580,-,4842,-,-,-
AIIMS-All India,SC,Andhra Pradesh,"AIIMS, Mangalagiri",GENERAL SURGERY,-,-,-,-,-,-,-,-,-,4860,-,-,-
AIIMS-All India,OBC,Delhi,"AIIMS, Delhi",ANATOMY,-,-,-,-,-,-,-,-,-,4866,-,-,-
AIIMS-Inst. Pref,UR-AIIMS-IP,Andhra Pradesh,"AIIMS, Mangalagiri",OPHTHALMOLOGY,-,-,-,-,-,-,1992,6500,8277,4884,-,-,-
AIIMS-All India,OBC,Rajasthan,"AIIMS, Jodhpur",COMMUNITY MEDICINE,-,-,-,-,-,3785,3785,5061,11445,4887,-,-,-
AIIMS-All India,SC,Punjab,"AIIMS, Bathinda",ENT,-,-,-,-,-,-,-,-,-,4899,-,-,-
AIIMS-All India,SC,Rajasthan,"AIIMS, Jodhpur",ANAESTHESIOLOGY,-,-,-,-,-,4628,4872,6360,-,4921,-,-,-
AIIMS-All India,SC,Uttar Pradesh,"AIIMS, Rai Bareli",OBG,-,-,-,-,-,3382,3472,3782,4769,4958,-,-,-
JIPMER-All India,OBC,Pondicherry,"JIPMER, Puducherry",PHYSIOLOGY,-,-,-,-,-,3418,3418,6163,-,4974,-,-,-
AIIMS-All India,SC,Gujarat,"AIIMS, Rajkot",OBG,-,-,-,-,-,-,-,-,-,4979,-,-,-
AIIMS-All India,SC,Himachal Pradesh,"AIIMS, Bilaspur, Himachal",OBG,-,-,-,-,-,-,-,-,-,4981,-,-,-
AIIMS-All India,OBC,Delhi,"AIIMS, Delhi",PHYSIOLOGY,-,-,-,-,-,4368,2305,-,-,4998,-,-,-
AIIMS-All India,EWS,Delhi,"AIIMS, Delhi",LAB MEDICINE,-,-,-,-,-,-,-,-,-,5034,-,-,-
AIIMS-All India,OBC,Chhattisgarh,"AIIMS, Raipur",FORENSIC MEDICINE,-,-,-,-,-,-,-,-,-,5043,-,-,-
AIIMS-All India,EWS,Himachal Pradesh,"AIIMS, Bilaspur, Himachal",IHBT,-,-,-,-,-,-,-,-,-,5080,-,-,-
AIIMS-All India,OBC,Uttarakhand,"AIIMS, Rishikesh",BIOCHEMISTRY,-,-,-,-,-,-,-,-,-,5081,-,-,-
AIIMS-Inst. Pref,UR-AIIMS-IP,Chhattisgarh,"AIIMS, Raipur",ANATOMY,-,-,-,-,-,-,7224,19818,-,5084,-,-,-
AIIMS-Inst. Pref,UR-AIIMS-IP,Punjab,"AIIMS, Bathinda",EMERGENCY MEDICINE,-,-,-,-,-,-,-,-,-,5097,-,-,-
AIIMS-All India,SC,Maharashtra,"AIIMS, Nagpur",GENERAL SURGERY,-,-,-,-,-,-,-,-,-,5104,-,-,-
AIIMS-All India,SC,Bihar,"AIIMS, Patna",GENERAL SURGERY,-,-,-,-,-,2718,2372,2718,-,5125,-,-,-
AIIMS-All India,SC,Himachal Pradesh,"AIIMS, Bilaspur, Himachal",EMERGENCY MEDICINE,-,-,-,-,-,-,-,-,-,5141,-,-,-
AIIMS-All India,ST,Uttarakhand,"AIIMS, Rishikesh",PAEDIATRICS,-,-,-,-,-,-,-,-,-,5147,-,-,-
AIIMS-All India,EWS,Andhra Pradesh,"AIIMS, Mangalagiri",PATHOLOGY,-,-,-,-,-,-,-,-,-,5160,-,-,-
AIIMS-All India,ST,Assam,"AIIMS, Guwahati",RADIO DIAGNOSIS,-,-,-,-,-,-,-,-,-,5171,-,-,-
AIIMS-All India,OBC,Madhya Pradesh,"AIIMS, Bhopal",PHARMACOLOGY,-,-,-,-,-,-,-,-,-,5174,-,-,-
JIPMER-All India,OBC,Pondicherry,"JIPMER, Puducherry",ANATOMY,-,-,-,-,-,3590,5101,-,25808,5198,-,-,-
NIMHANS-KAR Domicile,SC-Karnataka Domicile,Karnataka,"NIMHANS, Bangalore",PSYCHIATRY,-,-,-,-,-,-,-,-,-,5200,-,-,-
AIIMS-All India,SC,Jammu and Kashmir,"AIIMS, Jammu",ORTHOPAEDICS,-,-,-,-,-,-,-,-,-,5231,-,-,-
AIIMS-Inst. Pref,UR-AIIMS-IP,Uttar Pradesh,"AIIMS, Gorakhpur",FAMILY MEDICINE,-,-,-,-,-,-,-,-,-,5236,-,-,-
AIIMS-All India,ST,Maharashtra,"AIIMS, Nagpur",GENERAL MEDICINE,-,-,-,-,-,-,-,-,-,5243,-,-,-
AIIMS-Inst. Pref,UR-AIIMS-IP,Telangana,"AIIMS, Bibinagar",IHBT,-,-,-,-,-,-,-,-,-,5272,-,-,-
AIIMS-All India,ST,Punjab,"AIIMS, Bathinda",GENERAL MEDICINE,-,-,-,-,-,3143,3143,4239,-,5300,-,-,-
JIMPER-Inst. Pref,INST (JIPMER),Pondicherry,"JIPMER, Puducherry",PATHOLOGY,-,-,-,-,-,2029,-,-,-,5314,-,-,-
AIIMS-Inst. Pref,UR-AIIMS-IP,Maharashtra,"AIIMS, Nagpur",EMERGENCY MEDICINE,-,-,-,-,-,-,-,-,-,5327,-,-,-
AIIMS-All India,SC,Uttar Pradesh,"AIIMS, Gorakhpur",GENERAL SURGERY,-,-,-,-,-,-,-,-,-,5329,-,-,-
AIIMS-All India,OBC,Jharkhand,"AIIMS, Deoghar",PHARMACOLOGY,-,-,-,-,-,-,-,-,-,5349,-,-,-
JIPMER-All India,SC,Pondicherry,"JIPMER, Puducherry",PATHOLOGY,-,-,-,-,-,2144,4160,-,-,5372,-,-,-
AIIMS-Inst. Pref,UR-AIIMS-IP,Maharashtra,"AIIMS, Nagpur",PSYCHIATRY,-,-,-,-,-,2954,-,-,-,5410,-,-,-
AIIMS-Inst. Pref,UR-AIIMS-IP,Bihar,"AIIMS, Patna",PHARMACOLOGY,-,-,-,-,-,-,-,14768,-,5432,-,-,-
AIIMS-All India,SC,Telangana,"AIIMS, Bibinagar",GENERAL SURGERY,-,-,-,-,-,-,-,-,-,5453,-,-,-
PGIMER-All India,ST,Chandigarh,"PGIMER, Chandigarh",OBG,-,-,-,-,-,-,-,-,-,5494,-,-,-
AIIMS-All India,EWS,Gujarat,"AIIMS, Rajkot",PATHOLOGY,-,-,-,-,-,-,-,-,-,5527,-,-,-
AIIMS-All India,EWS,Jharkhand,"AIIMS, Deoghar",PATHOLOGY,-,-,-,-,-,6257,6111,7366,13536,5540,-,-,-
AIIMS-All India,SC,Delhi,"AIIMS, Delhi",PALLIATIVE MEDICINE,-,-,-,-,-,-,-,-,-,5544,-,-,-
AIIMS-All India,SC,Punjab,"AIIMS, Bathinda",OBG,-,-,-,-,-,3092,3402,4039,-,5550,-,-,-
PGIMER-All India,SC,Chandigarh,"PGIMER, Chandigarh",HOSPITAL ADMINISTRATION,-,-,-,-,-,-,-,-,-,5562,-,-,-
AIIMS-All India,UR-PwD,Punjab,"AIIMS, Bathinda",RADIO DIAGNOSIS,-,-,-,-,-,-,-,-,-,5586,-,-,-
AIIMS-All India,OBC,Punjab,"AIIMS, Bathinda",BIOCHEMISTRY,-,-,-,-,-,-,-,-,-,5615,-,-,-
AIIMS-All India,OBC,Bihar,"AIIMS, Patna",BIOCHEMISTRY,-,-,-,-,-,6923,6923,9586,20487,5667,-,-,-
AIIMS-All India,ST,Maharashtra,"AIIMS, Nagpur",PAEDIATRICS,-,-,-,-,-,-,-,-,-,5672,-,-,-
AIIMS-Inst. Pref,UR-AIIMS-IP,Delhi,"AIIMS, Delhi",HOSPITAL ADMINISTRATION,-,-,-,-,-,4121,3290,6137,9327,5746,-,-,-
PGIMER-All India,OBC,Chandigarh,"PGIMER, Chandigarh",MICROBIOLOGY,-,-,-,-,-,-,-,-,-,5753,-,-,-
AIIMS-Inst. Pref,UR-AIIMS-IP,Andhra Pradesh,"AIIMS, Mangalagiri",RADIATION ONCOLOGY,-,-,-,-,-,-,-,-,-,5804,-,-,-
AIIMS-All India,SC,Odisha,"AIIMS, Bhubaneswar",EMERGENCY MEDICINE,-,-,-,-,-,3876,3876,3876,3876,5807,-,-,-
AIIMS-All India,SC,Madhya Pradesh,"AIIMS, Bhopal",ANAESTHESIOLOGY,-,-,-,-,-,4872,5179,5915,-,5816,-,-,-
AIIMS-All India,ST,Uttarakhand,"AIIMS, Rishikesh",RADIATION ONCOLOGY,-,-,-,-,-,-,-,-,-,5840,-,-,-
AIIMS-Inst. Pref,UR-AIIMS-IP,Punjab,"AIIMS, Bathinda",COMMUNITY & FAMILY MEDICINE,-,-,-,-,-,7666,7695,7695,-,5842,-,-,-
AIIMS-All India,ST,Delhi,"AIIMS, Delhi",OPHTHALMOLOGY,-,-,-,-,-,266,266,266,-,5862,-,-,-
AIIMS-All India,OBC,Assam,"AIIMS, Guwahati",BIOCHEMISTRY,-,-,-,-,-,-,-,-,-,5875,-,-,-
AIIMS-All India,OBC,Punjab,"AIIMS, Bathinda",FORENSIC MEDICINE,-,-,-,-,-,-,-,-,-,5884,-,-,-
AIIMS-All India,SC,Odisha,"AIIMS, Bhubaneswar",OPHTHALMOLOGY,-,-,-,-,-,-,-,-,-,5887,-,-,-
AIIMS-All India,SC,Uttarakhand,"AIIMS, Rishikesh",ANAESTHESIOLOGY,-,-,-,-,-,3206,3206,5525,6475,5907,-,-,-
AIIMS-Inst. Pref,UR-AIIMS-IP,Odisha,"AIIMS, Bhubaneswar",IHBT,-,-,-,-,-,-,-,-,-,5916,-,-,-
AIIMS-All India,SC,Jharkhand,"AIIMS, Deoghar",GENERAL SURGERY,-,-,-,-,-,3877,3877,3910,5834,5951,-,-,-
AIIMS-All India,SC,Jammu and Kashmir,"AIIMS, Jammu",OBG,-,-,-,-,-,-,-,-,-,5960,-,-,-
AIIMS-All India,ST,Maharashtra,"AIIMS, Nagpur",ORTHOPAEDICS,-,-,-,-,-,-,-,-,-,5982,-,-,-
AIIMS-All India,SC,Madhya Pradesh,"AIIMS, Bhopal",OPHTHALMOLOGY,-,-,-,-,-,3531,4039,5031,-,5986,-,-,-
AIIMS-Inst. Pref,UR-AIIMS-IP,Odisha,"AIIMS, Bhubaneswar",FORENSIC MEDICINE,-,-,-,-,-,-,-,-,-,5988,-,-,-
AIIMS-All India,OBC,Maharashtra,"AIIMS, Nagpur",BIOCHEMISTRY,-,-,-,-,-,-,-,-,-,5997,-,-,-
JIPMER-All India,EWS,Pondicherry,"JIPMER, Puducherry",PHYSIOLOGY,-,-,-,-,-,6754,-,-,-,6003,-,-,-
AIIMS-All India,SC,Maharashtra,"AIIMS, Nagpur",EMERGENCY MEDICINE,-,-,-,-,-,-,-,-,-,6007,-,-,-
AIIMS-All India,OBC,Rajasthan,"AIIMS, Jodhpur",MICROBIOLOGY,-,-,-,-,-,-,-,-,-,6038,-,-,-
JIPMER-All India,ST,Pondicherry,"JIPMER, Puducherry",GENERAL SURGERY,-,-,-,-,-,3972,2234,2234,-,6058,-,-,-
AIIMS-All India,SC,Chhattisgarh,"AIIMS, Raipur",ANAESTHESIOLOGY,-,-,-,-,-,5323,5410,6652,8171,6070,-,-,-
AIIMS-Inst. Pref,UR-AIIMS-IP,Rajasthan,"AIIMS, Jodhpur",ANAESTHESIOLOGY,-,-,-,-,-,1629,2196,4198,8413,6072,-,-,-
AIIMS-All India,SC,Jharkhand,"AIIMS, Deoghar",OBG,-,-,-,-,-,-,-,-,-,6073,-,-,-
AIIMS-All India,OBC,Madhya Pradesh,"AIIMS, Bhopal",PHYSIOLOGY,-,-,-,-,-,5438,7915,11650,-,6075,-,-,-
AIIMS-All India,EWS,Assam,"AIIMS, Guwahati",PATHOLOGY,-,-,-,-,-,5259,6033,8850,8850,6106,-,-,-
AIIMS-All India,SC,Jammu and Kashmir,"AIIMS, Jammu",OPHTHALMOLOGY,-,-,-,-,-,-,-,-,-,6128,-,-,-
AIIMS-Inst. Pref,UR-AIIMS-IP,Andhra Pradesh,"AIIMS, Mangalagiri",ENT,-,-,-,-,-,1641,1641,-,-,6135,-,-,-
AIIMS-All India,SC,Bihar,"AIIMS, Patna",ANAESTHESIOLOGY,-,-,-,-,-,5602,5652,6570,7705,6137,-,-,-
AIIMS-Inst. Pref,UR-AIIMS-IP,Maharashtra,"AIIMS, Nagpur",IHBT,-,-,-,-,-,3267,7519,-,-,6149,-,-,-
AIIMS-All India,OBC,Chhattisgarh,"AIIMS, Raipur",MICROBIOLOGY,-,-,-,-,-,5151,5088,8175,18732,6236,-,-,-
AIIMS-All India,OBC,Bihar,"AIIMS, Patna",ANATOMY,-,-,-,-,-,9179,11318,12025,-,6243,-,-,-
AIIMS-All India,SC,Delhi,"AIIMS, Delhi",PATHOLOGY,-,-,-,-,-,6702,6437,7592,9568,6259,-,-,-
AIIMS-All India,EWS,Odisha,"AIIMS, Bhubaneswar",MICROBIOLOGY,-,-,-,-,-,-,-,-,-,6269,-,-,-
AIIMS-All India,OBC,Rajasthan,"AIIMS, Jodhpur",PHYSIOLOGY,-,-,-,-,-,-,-,-,-,6272,-,-,-
AIIMS-All India,SC,Maharashtra,"AIIMS, Nagpur",IHBT,-,-,-,-,-,-,-,-,-,6296,-,-,-
AIIMS-All India,EWS,Madhya Pradesh,"AIIMS, Bhopal",PHARMACOLOGY,-,-,-,-,-,6585,9753,-,-,6334,-,-,-
AIIMS-Inst. Pref,UR-AIIMS-IP,Andhra Pradesh,"AIIMS, Mangalagiri",HOSPITAL ADMINISTRATION,-,-,-,-,-,-,-,-,-,6351,-,-,-
AIIMS-All India,OBC,Chhattisgarh,"AIIMS, Raipur",ANATOMY,-,-,-,-,-,-,-,-,-,6385,-,-,-
AIIMS-All India,OBC,Madhya Pradesh,"AIIMS, Bhopal",BIOCHEMISTRY,-,-,-,-,-,-,-,-,-,6398,-,-,-
AIIMS-All India,ST,Andhra Pradesh,"AIIMS, Mangalagiri",PAEDIATRICS,-,-,-,-,-,-,-,-,-,6425,-,-,-
AIIMS-All India,SC,Punjab,"AIIMS, Bathinda",ANAESTHESIOLOGY,-,-,-,-,-,5749,5749,6741,8724,6431,-,-,-
AIIMS-All India,ST,Uttar Pradesh,"AIIMS, Gorakhpur",GENERAL MEDICINE,-,-,-,-,-,-,-,-,-,6436,-,-,-
AIIMS-Inst. Pref,UR-AIIMS-IP,Madhya Pradesh,"AIIMS, Bhopal",PHYSIOLOGY,-,-,-,-,-,-,-,-,-,6445,-,-,-
AIIMS-Inst. Pref,UR-AIIMS-IP,Bihar,"AIIMS, Patna",PHYSIOLOGY,-,-,-,-,-,-,-,-,-,6496,-,-,-
AIIMS-All India,ST,Bihar,"AIIMS, Patna",PAEDIATRICS,-,-,-,-,-,5069,5069,6128,6838,6498,-,-,-
AIIMS-Inst. Pref,UR-AIIMS-IP,Uttarakhand,"AIIMS, Rishikesh",ANAESTHESIOLOGY,-,-,-,-,-,4616,3005,3005,3005,6499,-,-,-
AIIMS-All India,SC,Jharkhand,"AIIMS, Deoghar",ANAESTHESIOLOGY,-,-,-,-,-,5915,6250,8171,9211,6506,-,-,-
AIIMS-All India,OBC,Gujarat,"AIIMS, Rajkot",ANATOMY,-,-,-,-,-,8915,8915,8928,-,6515,-,-,-
JIPMER-All India,SC,Pondicherry,"JIPMER, Puducherry",IHBT,-,-,-,-,-,-,-,-,-,6571,-,-,-
AIIMS-All India,ST,Himachal Pradesh,"AIIMS, Bilaspur, Himachal",PAEDIATRICS,-,-,-,-,-,-,-,-,-,6588,-,-,-
AIIMS-All India,SC,Assam,"AIIMS, Guwahati",ANAESTHESIOLOGY,-,-,-,-,-,-,-,-,-,6700,-,-,-
JIPMER-All India,ST,Pondicherry,"JIPMER, Puducherry",OBG,-,-,-,-,-,-,4730,6300,-,6808,-,-,-
AIIMS-Inst. Pref,UR-AIIMS-IP,Punjab,"AIIMS, Bathinda",OBG,-,-,-,-,-,1735,1735,1735,-,6812,-,-,-
AIIMS-All India,EWS,West Bengal,"AIIMS, Kalyani",FORENSIC MEDICINE,-,-,-,-,-,7922,12959,13543,-,6830,-,-,-
AIIMS-Inst. Pref,UR-AIIMS-IP,Telangana,"AIIMS, Bibinagar",MICROBIOLOGY,-,-,-,-,-,-,-,-,-,6849,-,-,-
AIIMS-Inst. Pref,UR-AIIMS-IP,Himachal Pradesh,"AIIMS, Bilaspur, Himachal",PAEDIATRIC SURGERY 6 YRS,-,-,-,-,-,-,-,-,-,6890,-,-,-
PGIMER-All India,SC,Chandigarh,"PGIMER, Chandigarh",PATHOLOGY,-,-,-,-,-,6437,6765,8363,-,6934,-,-,-
AIIMS-All India,SC,Chhattisgarh,"AIIMS, Raipur",ENT,-,-,-,-,-,-,-,-,-,6962,-,-,-
AIIMS-All India,SC,Rajasthan,"AIIMS, Jodhpur",PSYCHIATRY,-,-,-,-,-,2817,3089,4834,5200,7004,-,-,-
AIIMS-All India,SC,Himachal Pradesh,"AIIMS, Bilaspur, Himachal",ANAESTHESIOLOGY,-,-,-,-,-,-,-,-,-,7035,-,-,-
PGIMER-All India,SC,Chandigarh,"PGIMER, Chandigarh",IHBT,-,-,-,-,-,7265,7265,12348,10388,7143,-,-,-
AIIMS-All India,OBC,Assam,"AIIMS, Guwahati",PHYSIOLOGY,-,-,-,-,-,-,-,-,-,7184,-,-,-
AIIMS-Inst. Pref,UR-AIIMS-IP,Maharashtra,"AIIMS, Nagpur",PHYSIOLOGY,-,-,-,-,-,-,-,-,-,7227,-,-,-
AIIMS-All India,OBC,Uttarakhand,"AIIMS, Rishikesh",ANATOMY,-,-,-,-,-,-,-,-,-,7230,-,-,-
AIIMS-All India,SC,Bihar,"AIIMS, Patna",ENT,-,-,-,-,-,-,-,-,-,7291,-,-,-
AIIMS-All India,SC,Delhi,"AIIMS, Delhi",LAB MEDICINE,-,-,-,-,-,-,-,-,-,7320,-,-,-
PGIMER-All India,ST,Chandigarh,"PGIMER, Chandigarh",OPHTHALMOLOGY,-,-,-,-,-,-,-,-,-,7326,-,-,-
AIIMS-All India,EWS,Delhi,"AIIMS, Delhi",PHYSIOLOGY,-,-,-,-,-,-,-,-,-,7366,-,-,-
AIIMS-All India,OBC,Uttar Pradesh,"AIIMS, Rai Bareli",BIOCHEMISTRY,-,-,-,-,-,6976,9103,12191,-,7397,-,-,-
AIIMS-Inst. Pref,UR-AIIMS-IP,Madhya Pradesh,"AIIMS, Bhopal",COMMUNITY MEDICINE,-,-,-,-,-,9167,12244,15870,-,7462,-,-,-
AIIMS-All India,SC,Himachal Pradesh,"AIIMS, Bilaspur, Himachal",ENT,-,-,-,-,-,-,-,-,-,7519,-,-,-
AIIMS-All India,SC,Himachal Pradesh,"AIIMS, Bilaspur, Himachal",TRAUMATOLOGY AND SURGERY,-,-,-,-,-,-,-,-,-,7528,-,-,-
AIIMS-All India,SC,Chhattisgarh,"AIIMS, Raipur",OPHTHALMOLOGY,-,-,-,-,-,3852,4282,5509,-,7606,-,-,-
AIIMS-All India,ST,Rajasthan,"AIIMS, Jodhpur",OBG,-,-,-,-,-,-,-,-,-,7685,-,-,-
AIIMS-Inst. Pref,UR-AIIMS-IP,Delhi,"AIIMS, Delhi",BIOPHYSICS,-,-,-,-,-,3290,1437,-,-,7760,-,-,-
AIIMS-All India,SC,Madhya Pradesh,"AIIMS, Bhopal",PSYCHIATRY,-,-,-,-,-,-,-,-,-,7793,-,-,-
AIIMS-All India,OBC,Telangana,"AIIMS, Bibinagar",PHYSIOLOGY,-,-,-,-,-,-,-,-,-,7846,-,-,-
AIIMS-All India,OBC,Assam,"AIIMS, Guwahati",ANATOMY,-,-,-,-,-,9491,9491,13738,-,7862,-,-,-
AIIMS-All India,SC,Assam,"AIIMS, Guwahati",OPHTHALMOLOGY,-,-,-,-,-,-,-,-,-,7883,-,-,-
JIPMER-All India,SC,Pondicherry,"JIPMER, Puducherry",ANATOMY,-,-,-,-,-,6528,-,11266,-,7888,-,-,-
AIIMS-All India,SC,Himachal Pradesh,"AIIMS, Bilaspur, Himachal",PSYCHIATRY,-,-,-,-,-,-,-,-,-,7896,-,-,-
AIIMS-All India,OBC,Telangana,"AIIMS, Bibinagar",ANATOMY,-,-,-,-,-,-,-,-,-,7925,-,-,-
AIIMS-Inst. Pref,UR-AIIMS-IP,Uttar Pradesh,"AIIMS, Gorakhpur",COMMUNITY & FAMILY MEDICINE,-,-,-,-,-,-,-,-,-,7933,-,-,-
AIIMS-All India,EWS,Rajasthan,"AIIMS, Jodhpur",MICROBIOLOGY,-,-,-,-,-,-,-,-,-,8019,-,-,-
AIIMS-Inst. Pref,UR-AIIMS-IP,Bihar,"AIIMS, Patna",BIOCHEMISTRY,-,-,-,-,-,12994,10008,-,-,8049,-,-,-
AIIMS-Inst. Pref,UR-AIIMS-IP,Punjab,"AIIMS, Bathinda",ORTHOPAEDICS,-,-,-,-,-,-,-,-,-,8089,-,-,-
AIIMS-All India,OBC,Andhra Pradesh,"AIIMS, Mangalagiri",ANATOMY,-,-,-,-,-,-,-,-,-,8090,-,-,-
AIIMS-All India,SC,Uttar Pradesh,"AIIMS, Rai Bareli",PSYCHIATRY,-,-,-,-,-,6065,5212,5212,5212,8117,-,-,-
AIIMS-Inst. Pref,UR-AIIMS-IP,Uttarakhand,"AIIMS, Rishikesh",TRAUMASURG&CC (6 YRS),-,-,-,-,-,3326,3326,3326,-,8123,-,-,-
AIIMS-Inst. Pref,UR-AIIMS-IP,Odisha,"AIIMS, Bhubaneswar",PHYSIOLOGY,-,-,-,-,-,-,-,-,-,8279,-,-,-
AIIMS-All India,OBC,Jharkhand,"AIIMS, Deoghar",PHYSIOLOGY,-,-,-,-,-,-,-,-,-,8281,-,-,-
NIMHANS-All India,ST,Karnataka,"NIMHANS, Bangalore",PSYCHIATRY,-,-,-,-,-,3277,3277,-,-,8318,-,-,-
AIIMS-All India,OBC,Maharashtra,"AIIMS, Nagpur",ANATOMY,-,-,-,-,-,-,-,-,-,8336,-,-,-
AIIMS-Inst. Pref,UR-AIIMS-IP,Chhattisgarh,"AIIMS, Raipur",PHARMACOLOGY,-,-,-,-,-,5080,5080,15923,16331,8339,-,-,-
AIIMS-All India,SC,Rajasthan,"AIIMS, Jodhpur",PATHOLOGY,-,-,-,-,-,7561,7323,10017,10017,8405,-,-,-
AIIMS-All India,ST,Punjab,"AIIMS, Bathinda",PAEDIATRICS,-,-,-,-,-,-,-,-,-,8419,-,-,-
AIIMS-Inst. Pref,UR-AIIMS-IP,Delhi,"AIIMS, Delhi",PMR,-,-,-,-,-,5894,5894,5894,-,8434,-,-,-
AIIMS-All India,OBC,Jharkhand,"AIIMS, Deoghar",ANATOMY,-,-,-,-,-,3493,3493,5108,-,8446,-,-,-
AIIMS-All India,SC,Maharashtra,"AIIMS, Nagpur",PATHOLOGY,-,-,-,-,-,-,-,-,-,8462,-,-,-
AIIMS-All India,ST,Bihar,"AIIMS, Patna",OBG,-,-,-,-,-,-,-,-,-,8472,-,-,-
AIIMS-All India,SC,Odisha,"AIIMS, Bhubaneswar",PMR,-,-,-,-,-,9672,11145,11415,-,8483,-,-,-
AIIMS-All India,EWS,Gujarat,"AIIMS, Rajkot",ANATOMY,-,-,-,-,-,-,-,-,-,8633,-,-,-
AIIMS-Inst. Pref,UR-AIIMS-IP,Uttar Pradesh,"AIIMS, Gorakhpur",FORENSIC MEDICINE,-,-,-,-,-,-,-,-,-,8687,-,-,-
AIIMS-All India,OBC,West Bengal,"AIIMS, Kalyani",ANATOMY,-,-,-,-,-,9392,10824,13132,-,8725,-,-,-
AIIMS-All India,ST,Delhi,"AIIMS, Delhi",PSYCHIATRY,-,-,-,-,-,-,-,-,-,8736,-,-,-
AIIMS-All India,EWS,Madhya Pradesh,"AIIMS, Bhopal",MICROBIOLOGY,-,-,-,-,-,-,-,-,-,8759,-,-,-
AIIMS-Inst. Pref,UR-AIIMS-IP,Uttarakhand,"AIIMS, Rishikesh",IHBT,-,-,-,-,-,2632,10837,12124,12124,8781,-,-,-
AIIMS-All India,SC,Madhya Pradesh,"AIIMS, Bhopal",PATHOLOGY,-,-,-,-,-,7466,7466,8598,9872,8822,-,-,-
AIIMS-All India,ST,Chhattisgarh,"AIIMS, Raipur",PSYCHIATRY,-,-,-,-,-,-,-,-,-,8825,-,-,-
AIIMS-Inst. Pref,UR-AIIMS-IP,Bihar,"AIIMS, Patna",ANATOMY,-,-,-,-,-,-,-,-,-,8826,-,-,-
JIPMER-All India,ST,Pondicherry,"JIPMER, Puducherry",RADIATION ONCOLOGY,-,-,-,-,-,-,5857,3972,5857,8832,-,-,-
JIPMER-All India,ST,Pondicherry,"JIPMER, Puducherry",PSYCHIATRY,-,-,-,-,-,-,-,-,-,8840,-,-,-
PGIMER-All India,UR-PwD,Chandigarh,"PGIMER, Chandigarh",PAEDIATRICS,-,-,-,-,-,19277,12802,-,-,8854,-,-,-
JIPMER-All India,SC,Pondicherry,"JIPMER, Puducherry",MICROBIOLOGY,-,-,-,-,-,-,-,-,22376,8904,-,-,-
AIIMS-All India,SC,Telangana,"AIIMS, Bibinagar",PATHOLOGY,-,-,-,-,-,-,-,-,-,8923,-,-,-
AIIMS-All India,ST,Chhattisgarh,"AIIMS, Raipur",GENERAL SURGERY,-,-,-,-,-,-,-,-,-,9011,-,-,-
AIIMS-All India,ST,Punjab,"AIIMS, Bathinda",GENERAL SURGERY,-,-,-,-,-,-,-,-,-,9020,-,-,-
AIIMS-All India,ST,Maharashtra,"AIIMS, Nagpur",OBG,-,-,-,-,-,-,-,-,-,9040,-,-,-
AIIMS-Inst. Pref,UR-AIIMS-IP,Jammu and Kashmir,"AIIMS, Jammu",NEUROSURGERY 6 YRS,-,-,-,-,-,-,-,-,-,9166,-,-,-
AIIMS-Inst. Pref,UR-AIIMS-IP,Jammu and Kashmir,"AIIMS, Jammu",ORTHOPAEDICS,-,-,-,-,-,-,-,-,-,9267,-,-,-
AIIMS-Inst. Pref,UR-AIIMS-IP,Andhra Pradesh,"AIIMS, Mangalagiri",PMR,-,-,-,-,-,11493,-,11493,859,9287,-,-,-
AIIMS-All India,ST,Delhi,"AIIMS, Delhi",EMERGENCY MEDICINE,-,-,-,-,-,-,-,-,-,9292,-,-,-
AIIMS-All India,SC,Gujarat,"AIIMS, Rajkot",FAMILY MEDICINE,-,-,-,-,-,-,-,-,-,9329,-,-,-
AIIMS-All India,EWS,Uttarakhand,"AIIMS, Rishikesh",PHYSIOLOGY,-,-,-,-,-,-,-,-,-,9335,-,-,-
AIIMS-Inst. Pref,UR-AIIMS-IP,Jharkhand,"AIIMS, Deoghar",PAEDIATRIC SURGERY 6 YRS,-,-,-,-,-,-,5941,-,-,9348,-,-,-
AIIMS-Inst. Pref,UR-AIIMS-IP,Madhya Pradesh,"AIIMS, Bhopal",IHBT,-,-,-,-,-,9527,-,18063,-,9378,-,-,-
AIIMS-All India,SC,Delhi,"AIIMS, Delhi",BIOPHYSICS,-,-,-,-,-,6788,7570,14644,11888,9398,-,-,-
AIIMS-Inst. Pref,UR-AIIMS-IP,Andhra Pradesh,"AIIMS, Mangalagiri",COMMUNITY MEDICINE,-,-,-,-,-,-,-,-,-,9423,-,-,-
AIIMS-All India,SC,Jammu and Kashmir,"AIIMS, Jammu",FAMILY MEDICINE,-,-,-,-,-,-,-,-,-,9437,-,-,-
AIIMS-All India,ST,Madhya Pradesh,"AIIMS, Bhopal",ORTHOPAEDICS,-,-,-,-,-,-,-,-,-,9482,-,-,-
AIIMS-Inst. Pref,UR-AIIMS-IP,Maharashtra,"AIIMS, Nagpur",PHARMACOLOGY,-,-,-,-,-,-,-,-,-,9489,-,-,-
PGIMER-All India,ST,Chandigarh,"PGIMER, Chandigarh",ANAESTHESIOLOGY,-,-,-,-,-,5183,7005,9996,-,9572,-,-,-
AIIMS-All India,SC,Madhya Pradesh,"AIIMS, Bhopal",FORENSIC MEDICINE,-,-,-,-,-,9944,13579,14370,-,9595,-,-,-
JIPMER-All India,SC,Pondicherry,"JIPMER, Puducherry",BIOCHEMISTRY,-,-,-,-,-,-,10913,-,-,9641,-,-,-
AIIMS-Inst. Pref,UR-AIIMS-IP,Jammu and Kashmir,"AIIMS, Jammu",ENT,-,-,-,-,-,-,-,-,-,9643,-,-,-
AIIMS-All India,ST,Gujarat,"AIIMS, Rajkot",ORTHOPAEDICS,-,-,-,-,-,-,-,-,-,9689,-,-,-
AIIMS-All India,ST,Rajasthan,"AIIMS, Jodhpur",OPHTHALMOLOGY,-,-,-,-,-,-,-,-,-,9740,-,-,-
AIIMS-All India,ST,Punjab,"AIIMS, Bathinda",OBG,-,-,-,-,-,-,-,-,-,9812,-,-,-
AIIMS-All India,SC,Chhattisgarh,"AIIMS, Raipur",IHBT,-,-,-,-,-,-,-,-,-,9867,-,-,-
AIIMS-All India,ST,Delhi,"AIIMS, Delhi",ANAESTHESIOLOGY,-,-,-,-,-,2564,2564,2564,-,9868,-,-,-
AIIMS-All India,SC,Delhi,"AIIMS, Delhi",PMR,-,-,-,-,-,6035,7511,9154,9154,9874,-,-,-
AIIMS-All India,SC,Chhattisgarh,"AIIMS, Raipur",PATHOLOGY,-,-,-,-,-,-,-,-,-,9996,-,-,-
AIIMS-All India,ST,Odisha,"AIIMS, Bhubaneswar",OPHTHALMOLOGY,-,-,-,-,-,-,-,-,-,10025,-,-,-
AIIMS-All India,ST,Maharashtra,"AIIMS, Nagpur",GENERAL SURGERY,-,-,-,-,-,-,-,-,-,10036,-,-,-
AIIMS-All India,ST,Jharkhand,"AIIMS, Deoghar",GENERAL SURGERY,-,-,-,-,-,-,-,-,-,10049,-,-,-
JIMPER-Inst. Pref,INST (JIPMER),Pondicherry,"JIPMER, Puducherry",PHYSIOLOGY,-,-,-,-,-,-,4785,-,-,10075,-,-,-
AIIMS-All India,ST,Jammu and Kashmir,"AIIMS, Jammu",ANAESTHESIOLOGY,-,-,-,-,-,-,-,-,-,10509,-,-,-
AIIMS-All India,ST,Uttarakhand,"AIIMS, Rishikesh",ANAESTHESIOLOGY,-,-,-,-,-,-,-,-,-,10559,-,-,-
AIIMS-All India,EWS,Odisha,"AIIMS, Bhubaneswar",PHYSIOLOGY,-,-,-,-,-,-,-,-,-,10567,-,-,-
AIIMS-All India,SC,Assam,"AIIMS, Guwahati",FORENSIC MEDICINE,-,-,-,-,-,-,-,-,-,10594,-,-,-
AIIMS-All India,ST,Rajasthan,"AIIMS, Jodhpur",ANAESTHESIOLOGY,-,-,-,-,-,9842,9401,10478,-,10598,-,-,-
JIMPER-Inst. Pref,INST (JIPMER),Pondicherry,"JIPMER, Puducherry",ANATOMY,-,-,-,-,-,4927,6070,7015,-,10625,-,-,-
AIIMS-All India,SC,Rajasthan,"AIIMS, Jodhpur",COMMUNITY MEDICINE,-,-,-,-,-,-,-,-,-,10739,-,-,-
AIIMS-All India,EWS,Assam,"AIIMS, Guwahati",FORENSIC MEDICINE,-,-,-,-,-,-,-,-,-,10761,-,-,-
AIIMS-All India,SC,Bihar,"AIIMS, Patna",COMMUNITY & FAMILY MEDICINE,-,-,-,-,-,7139,6528,15201,-,10814,-,-,-
AIIMS-All India,ST,Bihar,"AIIMS, Patna",ANAESTHESIOLOGY,-,-,-,-,-,-,-,-,-,10967,-,-,-
AIIMS-All India,UR-PwD,Jharkhand,"AIIMS, Deoghar",GENERAL MEDICINE,-,-,-,-,-,-,-,-,-,10974,-,-,-
AIIMS-Inst. Pref,UR-AIIMS-IP,Andhra Pradesh,"AIIMS, Mangalagiri",IHBT,-,-,-,-,-,-,-,17774,-,11020,-,-,-
AIIMS-All India,SC,Uttarakhand,"AIIMS, Rishikesh",PMR,-,-,-,-,-,-,-,-,-,11031,-,-,-
AIIMS-Inst. Pref,UR-AIIMS-IP,Punjab,"AIIMS, Bathinda",PAEDIATRIC SURGERY 6 YRS,-,-,-,-,-,4803,1874,6438,7666,11087,-,-,-
AIIMS-All India,EWS,Chhattisgarh,"AIIMS, Raipur",BIOCHEMISTRY,-,-,-,-,-,-,-,-,-,11182,-,-,-
AIIMS-All India,SC,Odisha,"AIIMS, Bhubaneswar",PATHOLOGY,-,-,-,-,-,-,-,-,-,11246,-,-,-
AIIMS-All India,ST,Punjab,"AIIMS, Bathinda",ANAESTHESIOLOGY,-,-,-,-,-,9958,9996,11841,-,11259,-,-,-
AIIMS-All India,ST,Jharkhand,"AIIMS, Deoghar",ANAESTHESIOLOGY,-,-,-,-,-,-,-,-,-,11337,-,-,-
AIIMS-All India,ST,Madhya Pradesh,"AIIMS, Bhopal",ENT,-,-,-,-,-,7127,7839,10571,14367,11450,-,-,-
AIIMS-All India,EWS,Odisha,"AIIMS, Bhubaneswar",BIOCHEMISTRY,-,-,-,-,-,-,-,-,-,11538,-,-,-
AIIMS-All India,SC,Andhra Pradesh,"AIIMS, Mangalagiri",PHARMACOLOGY,-,-,-,-,-,-,-,-,-,11556,-,-,-
AIIMS-All India,EWS,Maharashtra,"AIIMS, Nagpur",MICROBIOLOGY,-,-,-,-,-,-,-,-,-,11563,-,-,-
AIIMS-All India,ST,Rajasthan,"AIIMS, Jodhpur",PATHOLOGY,-,-,-,-,-,-,-,-,-,11712,-,-,-
AIIMS-All India,SC,Jharkhand,"AIIMS, Deoghar",PMR,-,-,-,-,-,-,-,-,-,11731,-,-,-
AIIMS-All India,ST,Delhi,"AIIMS, Delhi",PALLIATIVE MEDICINE,-,-,-,-,-,-,-,-,-,11881,-,-,-
AIIMS-All India,ST,Jharkhand,"AIIMS, Deoghar",ENT,-,-,-,-,-,-,-,-,-,11981,-,-,-
AIIMS-Inst. Pref,UR-AIIMS-IP,Madhya Pradesh,"AIIMS, Bhopal",ANATOMY,-,-,-,-,-,12438,15870,22596,-,12100,-,-,-
AIIMS-All India,SC,Rajasthan,"AIIMS, Jodhpur",ANATOMY,-,-,-,-,-,-,-,-,-,12149,-,-,-
AIIMS-All India,ST,Delhi,"AIIMS, Delhi",COMMUNITY MEDICINE,-,-,-,-,-,12003,12003,17941,17941,12200,-,-,-
AIIMS-All India,EWS,West Bengal,"AIIMS, Kalyani",BIOCHEMISTRY,-,-,-,-,-,12704,12704,19598,-,12247,-,-,-
AIIMS-All India,SC,Bihar,"AIIMS, Patna",PATHOLOGY,-,-,-,-,-,-,-,-,-,12322,-,-,-
AIIMS-Inst. Pref,UR-AIIMS-IP,Rajasthan,"AIIMS, Jodhpur",HOSPITAL ADMINISTRATION,-,-,-,-,-,-,-,-,-,12330,-,-,-
AIIMS-All India,ST,Delhi,"AIIMS, Delhi",LAB MEDICINE,-,-,-,-,-,-,-,-,-,12427,-,-,-
AIIMS-All India,SC,Andhra Pradesh,"AIIMS, Mangalagiri",PMR,-,-,-,-,-,-,-,-,-,12466,-,-,-
AIIMS-All India,ST,Uttar Pradesh,"AIIMS, Gorakhpur",RADIATION ONCOLOGY,-,-,-,-,-,-,-,-,-,12540,-,-,-
AIIMS-Inst. Pref,UR-AIIMS-IP,Uttar Pradesh,"AIIMS, Rai Bareli",ANAESTHESIOLOGY,-,-,-,-,-,5583,6491,6491,-,12576,-,-,-
PGIMER-All India,UR-PwD,Chandigarh,"PGIMER, Chandigarh",GENERAL MEDICINE,-,-,-,-,-,10555,10555,12802,-,12635,-,-,-
AIIMS-All India,SC,Chhattisgarh,"AIIMS, Raipur",COMMUNITY MEDICINE,-,-,-,-,-,7853,8163,13612,18401,12738,-,-,-
AIIMS-All India,EWS,Jammu and Kashmir,"AIIMS, Jammu",MICROBIOLOGY,-,-,-,-,-,-,-,-,-,12767,-,-,-
AIIMS-Inst. Pref,UR-AIIMS-IP,Punjab,"AIIMS, Bathinda",ANAESTHESIOLOGY,-,-,-,-,-,5685,5685,9868,22851,12864,-,-,-
AIIMS-All India,SC,Delhi,"AIIMS, Delhi",HOSPITAL ADMINISTRATION,-,-,-,-,-,-,-,-,-,12866,-,-,-
AIIMS-All India,SC,Himachal Pradesh,"AIIMS, Bilaspur, Himachal",COMMUNITY & FAMILY MEDICINE,-,-,-,-,-,-,-,-,-,12943,-,-,-
AIIMS-All India,EWS,West Bengal,"AIIMS, Kalyani",MICROBIOLOGY,-,-,-,-,-,14121,14415,18473,-,12948,-,-,-
AIIMS-All India,EWS,Assam,"AIIMS, Guwahati",MICROBIOLOGY,-,-,-,-,-,6260,12318,18549,-,12953,-,-,-
AIIMS-All India,SC,Delhi,"AIIMS, Delhi",PHYSIOLOGY,-,-,-,-,-,-,-,-,-,12964,-,-,-
JIPMER-All India,ST,Pondicherry,"JIPMER, Puducherry",COMMUNITY MEDICINE,-,-,-,-,-,-,-,-,-,13004,-,-,-
AIIMS-Inst. Pref,UR-AIIMS-IP,Punjab,"AIIMS, Bathinda",PATHOLOGY,-,-,-,-,-,-,-,10273,-,13059,-,-,-
AIIMS-All India,ST,Jammu and Kashmir,"AIIMS, Jammu",RADIATION ONCOLOGY,-,-,-,-,-,-,-,-,-,13063,-,-,-
AIIMS-All India,UR-PwD,Delhi,"AIIMS, Delhi",PAEDIATRICS,-,-,-,-,-,12802,19277,-,-,13067,-,-,-
AIIMS-Inst. Pref,UR-AIIMS-IP,Jharkhand,"AIIMS, Deoghar",ANAESTHESIOLOGY,-,-,-,-,-,6192,6628,6845,-,13444,-,-,-
AIIMS-All India,ST,Uttarakhand,"AIIMS, Rishikesh",IHBT,-,-,-,-,-,-,-,-,-,13506,-,-,-
AIIMS-All India,SC,Jharkhand,"AIIMS, Deoghar",PATHOLOGY,-,-,-,-,-,-,-,-,-,13524,-,-,-
AIIMS-All India,SC,Madhya Pradesh,"AIIMS, Bhopal",ANATOMY,-,-,-,-,-,-,-,-,-,13639,-,-,-
AIIMS-All India,SC,Assam,"AIIMS, Guwahati",PATHOLOGY,-,-,-,-,-,-,-,-,-,13781,-,-,-
AIIMS-All India,SC,Rajasthan,"AIIMS, Jodhpur",BIOCHEMISTRY,-,-,-,-,-,-,-,-,-,13872,-,-,-
AIIMS-Inst. Pref,UR-AIIMS-IP,Rajasthan,"AIIMS, Jodhpur",PMR,-,-,-,-,-,-,8413,-,21858,13919,-,-,-
AIIMS-Inst. Pref,UR-AIIMS-IP,Odisha,"AIIMS, Bhubaneswar",ANATOMY,-,-,-,-,-,16993,27491,28324,-,14038,-,-,-
AIIMS-Inst. Pref,UR-AIIMS-IP,Punjab,"AIIMS, Bathinda",HOSPITAL ADMINISTRATION,-,-,-,-,-,7695,10273,-,-,14051,-,-,-
AIIMS-All India,EWS,Assam,"AIIMS, Guwahati",PHYSIOLOGY,-,-,-,-,-,-,-,-,-,14087,-,-,-
AIIMS-Inst. Pref,UR-AIIMS-IP,Chhattisgarh,"AIIMS, Raipur",COMMUNITY MEDICINE,-,-,-,-,-,4190,5282,14654,-,14123,-,-,-
AIIMS-All India,SC,West Bengal,"AIIMS, Kalyani",PHYSIOLOGY,-,-,-,-,-,15727,19187,22092,-,14410,-,-,-
AIIMS-All India,SC,Jharkhand,"AIIMS, Deoghar",COMMUNITY & FAMILY MEDICINE,-,-,-,-,-,-,-,-,-,14455,-,-,-
AIIMS-Inst. Pref,UR-AIIMS-IP,Himachal Pradesh,"AIIMS, Bilaspur, Himachal",EMERGENCY MEDICINE,-,-,-,-,-,-,-,-,-,14458,-,-,-
AIIMS-All India,SC,Rajasthan,"AIIMS, Jodhpur",MICROBIOLOGY,-,-,-,-,-,11888,11888,16796,20139,14529,-,-,-
AIIMS-All India,SC,Odisha,"AIIMS, Bhubaneswar",MICROBIOLOGY,-,-,-,-,-,-,-,-,-,14547,-,-,-
AIIMS-All India,SC,Gujarat,"AIIMS, Rajkot",MICROBIOLOGY,-,-,-,-,-,-,-,-,-,14570,-,-,-
AIIMS-Inst. Pref,UR-AIIMS-IP,Chhattisgarh,"AIIMS, Raipur",PHYSIOLOGY,-,-,-,-,-,-,-,-,-,14640,-,-,-
AIIMS-All India,EWS,Assam,"AIIMS, Guwahati",ANATOMY,-,-,-,-,-,-,-,-,-,14697,-,-,-
AIIMS-All India,SC,West Bengal,"AIIMS, Kalyani",ANATOMY,-,-,-,-,-,18880,19013,22540,-,14715,-,-,-
AIIMS-All India,SC,Odisha,"AIIMS, Bhubaneswar",PHYSIOLOGY,-,-,-,-,-,-,-,-,-,14762,-,-,-
AIIMS-All India,SC,Chhattisgarh,"AIIMS, Raipur",MICROBIOLOGY,-,-,-,-,-,-,-,-,-,14809,-,-,-
AIIMS-All India,ST,Rajasthan,"AIIMS, Jodhpur",COMMUNITY MEDICINE,-,-,-,-,-,-,-,-,-,14813,-,-,-
AIIMS-All India,ST,Uttar Pradesh,"AIIMS, Rai Bareli",IHBT,-,-,-,-,-,13068,19548,21998,-,15027,-,-,-
JIPMER-All India,ST,Pondicherry,"JIPMER, Puducherry",PATHOLOGY,-,-,-,-,-,-,-,-,19201,15038,-,-,-
AIIMS-Inst. Pref,UR-AIIMS-IP,Andhra Pradesh,"AIIMS, Mangalagiri",MICROBIOLOGY,-,-,-,-,-,-,-,-,-,15196,-,-,-
AIIMS-All India,ST,Jharkhand,"AIIMS, Deoghar",COMMUNITY & FAMILY MEDICINE,-,-,-,-,-,-,-,-,-,15198,-,-,-
AIIMS-Inst. Pref,UR-AIIMS-IP,Rajasthan,"AIIMS, Jodhpur",MICROBIOLOGY,-,-,-,-,-,18622,-,-,-,15444,-,-,-
AIIMS-All India,ST,Maharashtra,"AIIMS, Nagpur",PATHOLOGY,-,-,-,-,-,-,-,-,-,15484,-,-,-
AIIMS-All India,SC,Maharashtra,"AIIMS, Nagpur",MICROBIOLOGY,-,-,-,-,-,11436,11436,17594,-,15511,-,-,-
AIIMS-Inst. Pref,UR-AIIMS-IP,Madhya Pradesh,"AIIMS, Bhopal",MICROBIOLOGY,-,-,-,-,-,-,17864,17864,-,15532,-,-,-
AIIMS-Inst. Pref,UR-AIIMS-IP,Uttar Pradesh,"AIIMS, Rai Bareli",COMMUNITY MEDICINE,-,-,-,-,-,-,-,-,-,15734,-,-,-
AIIMS-All India,SC,Odisha,"AIIMS, Bhubaneswar",BIOCHEMISTRY,-,-,-,-,-,13612,16291,17618,-,15827,-,-,-
AIIMS-All India,SC,Punjab,"AIIMS, Bathinda",MICROBIOLOGY,-,-,-,-,-,-,-,-,-,15862,-,-,-
AIIMS-All India,SC,Maharashtra,"AIIMS, Nagpur",BIOCHEMISTRY,-,-,-,-,-,-,-,-,-,16023,-,-,-
AIIMS-Inst. Pref,UR-AIIMS-IP,Delhi,"AIIMS, Delhi",IHBT,-,-,-,-,-,-,8702,-,-,16312,-,-,-
AIIMS-All India,ST,Odisha,"AIIMS, Bhubaneswar",PATHOLOGY,-,-,-,-,-,15566,19633,19633,24110,16324,-,-,-
AIIMS-Inst. Pref,UR-AIIMS-IP,Himachal Pradesh,"AIIMS, Bilaspur, Himachal",TRAUMATOLOGY AND SURGERY,-,-,-,-,-,-,-,-,-,16448,-,-,-
AIIMS-Inst. Pref,UR-AIIMS-IP,Delhi,"AIIMS, Delhi",MICROBIOLOGY,-,-,-,-,-,1606,9995,-,-,16449,-,-,-
AIIMS-Inst. Pref,UR-AIIMS-IP,Punjab,"AIIMS, Bathinda",BIOCHEMISTRY,-,-,-,-,-,-,-,-,-,16639,-,-,-
AIIMS-All India,ST,Himachal Pradesh,"AIIMS, Bilaspur, Himachal",PATHOLOGY,-,-,-,-,-,-,-,-,-,16835,-,-,-
AIIMS-All India,ST,Madhya Pradesh,"AIIMS, Bhopal",PATHOLOGY,-,-,-,-,-,14367,16845,22668,23570,17084,-,-,-
AIIMS-Inst. Pref,UR-AIIMS-IP,West Bengal,"AIIMS, Kalyani",ANATOMY,-,-,-,-,-,-,-,-,-,17092,-,-,-
AIIMS-Inst. Pref,UR-AIIMS-IP,West Bengal,"AIIMS, Kalyani",PHYSIOLOGY,-,-,-,-,-,4963,-,-,-,17114,-,-,-
AIIMS-All India,ST,Bihar,"AIIMS, Patna",PATHOLOGY,-,-,-,-,-,-,-,-,-,17176,-,-,-
AIIMS-Inst. Pref,UR-AIIMS-IP,Punjab,"AIIMS, Bathinda",PHYSIOLOGY,-,-,-,-,-,-,-,-,-,17751,-,-,-
AIIMS-All India,SC,Assam,"AIIMS, Guwahati",PHYSIOLOGY,-,-,-,-,-,-,-,-,-,17771,-,-,-
AIIMS-All India,ST,Chhattisgarh,"AIIMS, Raipur",PATHOLOGY,-,-,-,-,-,-,-,-,-,17996,-,-,-
AIIMS-All India,ST,West Bengal,"AIIMS, Kalyani",PATHOLOGY,-,-,-,-,-,17051,17051,23247,25429,18064,-,-,-
AIIMS-Inst. Pref,UR-AIIMS-IP,Gujarat,"AIIMS, Rajkot",ANATOMY,-,-,-,-,-,-,-,-,-,18136,-,-,-
AIIMS-All India,SC,Assam,"AIIMS, Guwahati",BIOCHEMISTRY,-,-,-,-,-,14701,18981,21537,-,18226,-,-,-
AIIMS-Inst. Pref,UR-AIIMS-IP,Delhi,"AIIMS, Delhi",PHARMACOLOGY,-,-,-,-,-,13628,4121,-,-,18301,-,-,-
AIIMS-All India,ST,Telangana,"AIIMS, Bibinagar",FORENSIC MEDICINE,-,-,-,-,-,-,-,-,-,18494,-,-,-
AIIMS-All India,ST,Assam,"AIIMS, Guwahati",PATHOLOGY,-,-,-,-,-,-,-,-,-,18902,-,-,-
AIIMS-Inst. Pref,UR-AIIMS-IP,Maharashtra,"AIIMS, Nagpur",MICROBIOLOGY,-,-,-,-,-,7752,-,16324,-,18927,-,-,-
PGIMER-All India,ST,Chandigarh,"PGIMER, Chandigarh",MICROBIOLOGY,-,-,-,-,-,-,-,-,-,19580,-,-,-
AIIMS-All India,ST,Madhya Pradesh,"AIIMS, Bhopal",BIOCHEMISTRY,-,-,-,-,-,20591,20591,28982,-,19806,-,-,-
JIPMER-All India,ST,Pondicherry,"JIPMER, Puducherry",ANATOMY,-,-,-,-,-,-,-,-,-,19836,-,-,-
AIIMS-Inst. Pref,UR-AIIMS-IP,Rajasthan,"AIIMS, Jodhpur",COMMUNITY MEDICINE,-,-,-,-,-,6865,6865,13988,-,19883,-,-,-
AIIMS-All India,ST,Andhra Pradesh,"AIIMS, Mangalagiri",IHBT,-,-,-,-,-,-,-,-,-,20203,-,-,-
AIIMS-Inst. Pref,UR-AIIMS-IP,Uttarakhand,"AIIMS, Rishikesh",PATHOLOGY,-,-,-,-,-,6640,6640,13385,18632,20280,-,-,-
AIIMS-Inst. Pref,UR-AIIMS-IP,Jharkhand,"AIIMS, Deoghar",COMMUNITY & FAMILY MEDICINE,-,-,-,-,-,6351,6351,-,6351,20331,-,-,-
AIIMS-All India,UR-PwD,Delhi,"AIIMS, Delhi",GENERAL SURGERY,-,-,-,-,-,-,-,-,-,20356,-,-,-
AIIMS-Inst. Pref,UR-AIIMS-IP,Rajasthan,"AIIMS, Jodhpur",PHARMACOLOGY,-,-,-,-,-,-,-,-,-,20429,-,-,-
AIIMS-All India,ST,Odisha,"AIIMS, Bhubaneswar",PHARMACOLOGY,-,-,-,-,-,-,-,-,-,20665,-,-,-
AIIMS-All India,ST,Delhi,"AIIMS, Delhi",PHYSIOLOGY,-,-,-,-,-,-,-,-,-,20699,-,-,-
AIIMS-All India,ST,Uttar Pradesh,"AIIMS, Rai Bareli",MICROBIOLOGY,-,-,-,-,-,-,-,-,-,21400,-,-,-
AIIMS-All India,ST,Assam,"AIIMS, Guwahati",MICROBIOLOGY,-,-,-,-,-,-,-,-,-,21579,-,-,-
AIIMS-All India,SC-PwD,Punjab,"AIIMS, Bathinda",GENERAL MEDICINE,-,-,-,-,-,-,-,-,-,21904,-,-,-
AIIMS-Inst. Pref,UR-AIIMS-IP,Punjab,"AIIMS, Bathinda",ANATOMY,-,-,-,-,-,-,-,-,-,21928,-,-,-
AIIMS-Inst. Pref,UR-AIIMS-IP,Assam,"AIIMS, Guwahati",PAEDIATRICS,-,-,-,-,-,-,-,-,-,21969,-,-,-
AIIMS-All India,UR-PwD,Bihar,"AIIMS, Patna",PSYCHIATRY,-,-,-,-,-,-,-,-,-,23661,-,-,-
AIIMS-All India,ST,Odisha,"AIIMS, Bhubaneswar",ANATOMY,-,-,-,-,-,23423,23423,29211,-,24610,-,-,-
AIIMS-Inst. Pref,UR-AIIMS-IP,Uttarakhand,"AIIMS, Rishikesh",MICROBIOLOGY,-,-,-,-,-,15847,22113,22113,-,24956,-,-,-
AIIMS-Inst. Pref,UR-AIIMS-IP,Uttar Pradesh,"AIIMS, Rai Bareli",FORENSIC MEDICINE,-,-,-,-,-,2734,-,-,-,25206,-,-,-
AIIMS-All India,ST,Uttarakhand,"AIIMS, Rishikesh",ANATOMY,-,-,-,-,-,-,-,-,-,25612,-,-,-
AIIMS-All India,UR-PwD,Rajasthan,"AIIMS, Jodhpur",COMMUNITY MEDICINE,-,-,-,-,-,-,-,-,-,25818,-,-,-
AIIMS-Inst. Pref,UR-AIIMS-IP,Delhi,"AIIMS, Delhi",FORENSIC MEDICINE,-,-,-,-,-,-,-,-,-,25934,-,-,-
AIIMS-All India,ST,Telangana,"AIIMS, Bibinagar",PHYSIOLOGY,-,-,-,-,-,-,-,-,-,26291,-,-,-
AIIMS-All India,UR-PwD,Delhi,"AIIMS, Delhi",ANAESTHESIOLOGY,-,-,-,-,-,19127,19127,19127,-,26477,-,-,-
AIIMS-All India,ST,Chhattisgarh,"AIIMS, Raipur",PHYSIOLOGY,-,-,-,-,-,-,-,-,-,26935,-,-,-
AIIMS-Inst. Pref,UR-AIIMS-IP,Uttarakhand,"AIIMS, Rishikesh",BIOCHEMISTRY,-,-,-,-,-,24964,26193,-,-,27168,-,-,-
AIIMS-All India,OBC-PwD,Rajasthan,"AIIMS, Jodhpur",PSYCHIATRY,-,-,-,-,-,-,-,-,-,28093,-,-,-
AIIMS-All India,SC-PwD,Maharashtra,"AIIMS, Nagpur",GENERAL MEDICINE,-,-,-,-,-,-,-,-,-,28285,-,-,-
AIIMS-All India,OBC-PwD,Andhra Pradesh,"AIIMS, Mangalagiri",GENERAL MEDICINE,-,-,-,-,-,23852,23852,-,-,28729,-,-,-
AIIMS-All India,ST,Chhattisgarh,"AIIMS, Raipur",PHARMACOLOGY,-,-,-,-,-,-,-,-,-,29144,-,-,-
AIIMS-All India,UR-PwD,Chhattisgarh,"AIIMS, Raipur",NUCLEAR MEDICINE,-,-,-,-,-,-,-,-,-,29232,-,-,-
AIIMS-Inst. Pref,UR-AIIMS-IP,Assam,"AIIMS, Guwahati",PATHOLOGY,-,-,-,-,-,-,-,-,-,29257,-,-,-
AIIMS-All India,ST,Assam,"AIIMS, Guwahati",BIOCHEMISTRY,-,-,-,-,-,-,-,-,-,29259,-,-,-
AIIMS-All India,SC-PwD,Bihar,"AIIMS, Patna",OBG,-,-,-,-,-,-,-,-,-,29339,-,-,-
AIIMS-Inst. Pref,UR-AIIMS-IP,Jammu and Kashmir,"AIIMS, Jammu",PAEDIATRIC SURGERY 6 YRS,-,-,-,-,-,-,-,-,-,29373,-,-,-
AIIMS-All India,UR-PwD,Gujarat,"AIIMS, Rajkot",PAEDIATRICS,-,-,-,-,-,-,-,-,-,30967,-,-,-
AIIMS-All India,UR-PwD,Delhi,"AIIMS, Delhi",OPHTHALMOLOGY,-,-,-,-,-,-,-,-,-,31358,-,-,-
AIIMS-All India,ST,West Bengal,"AIIMS, Kalyani",ANATOMY,-,-,-,-,-,24815,27569,30606,-,31428,-,-,-
AIIMS-All India,UR-PwD,Delhi,"AIIMS, Delhi",PHARMACOLOGY,-,-,-,-,-,-,-,-,-,32444,-,-,-
AIIMS-All India,UR-PwD,Maharashtra,"AIIMS, Nagpur",PAEDIATRICS,-,-,-,-,-,-,-,-,-,32546,-,-,-
AIIMS-All India,ST,Jharkhand,"AIIMS, Deoghar",PHARMACOLOGY,-,-,-,-,-,-,-,-,-,32826,-,-,-
AIIMS-All India,UR-PwD,Delhi,"AIIMS, Delhi",OBG,-,-,-,-,-,28460,-,-,-,33047,-,-,-
NIMHANS-KAR Domicile,UR-PwD-Karnataka Domicile,Karnataka,"NIMHANS, Bangalore",PSYCHIATRY,-,-,-,-,-,-,19018,19018,-,33419,-,-,-
NIMHANS-All India,UR-PwD,Karnataka,"NIMHANS, Bangalore",PSYCHIATRY,-,-,-,-,-,19018,-,-,-,33441,-,-,-
AIIMS-All India,UR-PwD,Rajasthan,"AIIMS, Jodhpur",ENT,-,-,-,-,-,-,-,-,-,33715,-,-,-
AIIMS-All India,UR-PwD,Uttar Pradesh,"AIIMS, Rai Bareli",ANAESTHESIOLOGY,-,-,-,-,-,-,-,-,-,34326,-,-,-
AIIMS-All India,UR-PwD,Punjab,"AIIMS, Bathinda",ORTHOPAEDICS,-,-,-,-,-,-,-,-,-,35294,-,-,-
AIIMS-Inst. Pref,UR-AIIMS-IP,Jammu and Kashmir,"AIIMS, Jammu",EMERGENCY MEDICINE,-,-,-,-,-,-,-,-,-,36555,-,-,-
AIIMS-Inst. Pref,UR-AIIMS-IP,Delhi,"AIIMS, Delhi",PHYSIOLOGY,-,-,-,-,-,26121,26121,-,-,36921,-,-,-
AIIMS-All India,UR-PwD,Uttarakhand,"AIIMS, Rishikesh",OBG,-,-,-,-,-,-,-,-,-,37059,-,-,-
AIIMS-Inst. Pref,UR-AIIMS-IP,Jammu and Kashmir,"AIIMS, Jammu",COMMUNITY MEDICINE,-,-,-,-,-,-,-,-,-,37270,-,-,-
AIIMS-Inst. Pref,UR-AIIMS-IP,Assam,"AIIMS, Guwahati",PSYCHIATRY,-,-,-,-,-,-,-,-,-,38007,-,-,-
AIIMS-All India,UR-PwD,Delhi,"AIIMS, Delhi",BIOCHEMISTRY,-,-,-,-,-,-,-,-,-,38343,-,-,-
JIPMER-All India,ST-PwD,Pondicherry,"JIPMER, Puducherry",GENERAL MEDICINE,-,-,-,-,-,-,-,-,-,38881,-,-,-
AIIMS-All India,OBC-PwD,Chhattisgarh,"AIIMS, Raipur",ANAESTHESIOLOGY,-,-,-,-,-,-,-,-,-,39823,-,-,-
AIIMS-All India,OBC-PwD,Himachal Pradesh,"AIIMS, Bilaspur, Himachal",OBG,-,-,-,-,-,-,-,-,-,41824,-,-,-
JIPMER-All India,OBC-PwD,Pondicherry,"JIPMER, Puducherry",PSYCHIATRY,-,-,-,-,-,-,-,-,-,43041,-,-,-
AIIMS-Inst. Pref,UR-AIIMS-IP,Jharkhand,"AIIMS, Deoghar",MICROBIOLOGY,-,-,-,-,-,6628,-,-,-,44371,-,-,-
AIIMS-Inst. Pref,UR-AIIMS-IP,Jharkhand,"AIIMS, Deoghar",BIOCHEMISTRY,-,-,-,-,-,4709,17848,-,-,45741,-,-,-
AIIMS-All India,UR-PwD,Chhattisgarh,"AIIMS, Raipur",EMERGENCY MEDICINE,-,-,-,-,-,-,-,-,-,45831,-,-,-
PGIMER-All India,OBC-PwD,Chandigarh,"PGIMER, Chandigarh",OBG,-,-,-,-,-,-,-,-,-,46240,-,-,-
PGIMER-All India,UR-PwD,Chandigarh,"PGIMER, Chandigarh",ANAESTHESIOLOGY,-,-,-,-,-,-,-,-,-,46834,-,-,-
AIIMS-All India,OBC-PwD,Odisha,"AIIMS, Bhubaneswar",PATHOLOGY,-,-,-,-,-,-,-,-,-,47417,-,-,-
AIIMS-All India,UR-PwD,Uttarakhand,"AIIMS, Rishikesh",PHARMACOLOGY,-,-,-,-,-,-,-,-,-,47638,-,-,-
AIIMS-All India,UR-PwD,Madhya Pradesh,"AIIMS, Bhopal",OBG,-,-,-,-,-,-,-,-,-,47925,-,-,-
AIIMS-All India,EWS,Delhi,"AIIMS, Delhi",RADIO DIAGNOSIS,-,-,-,-,-,46,46,-,-,-,-,-,-
AIIMS-All India,UR,Delhi,"AIIMS, Delhi",DERMATOLOGY,-,-,-,-,-,67,62,-,-,-,-,-,-
AIIMS-Inst. Pref,UR-AIIMS-IP,Delhi,"AIIMS, Delhi",GENERAL MEDICINE,-,-,-,-,-,7,10,-,-,-,-,-,-
AIIMS-Inst. Pref,UR-AIIMS-IP,Rajasthan,"AIIMS, Jodhpur",GENERAL MEDICINE,-,-,-,-,-,-,-,-,-,-,-,-,-
AIIMS-All India,EWS,Rajasthan,"AIIMS, Jodhpur",GENERAL MEDICINE,-,-,-,-,-,-,-,-,-,-,-,-,-
AIIMS-All India,UR,Punjab,"AIIMS, Bathinda",DERMATOLOGY,-,-,-,-,-,-,87,87,87,-,-,-,-
AIIMS-All India,UR,Gujarat,"AIIMS, Rajkot",RADIO DIAGNOSIS,-,-,-,-,-,-,-,-,-,-,-,-,-
AIIMS-All India,UR,Rajasthan,"AIIMS, Jodhpur",DERMATOLOGY,-,-,-,-,-,83,83,83,-,-,-,-,-
AIIMS-All India,UR,Madhya Pradesh,"AIIMS, Bhopal",DERMATOLOGY,-,-,-,-,-,-,-,-,-,-,-,-,-
JIPMER-All India,UR,Pondicherry,"JIPMER, Puducherry",DERMATOLOGY,-,-,-,-,-,-,-,-,-,-,-,-,-
AIIMS-All India,EWS,Rajasthan,"AIIMS, Jodhpur",RADIO DIAGNOSIS,-,-,-,-,-,92,121,121,-,-,-,-,-
AIIMS-Inst. Pref,UR-AIIMS-IP,Delhi,"AIIMS, Delhi",PAEDIATRICS,-,-,-,-,-,-,-,-,-,-,-,-,-
AIIMS-All India,UR,West Bengal,"AIIMS, Kalyani",GENERAL MEDICINE,-,-,-,-,-,138,127,127,-,-,-,-,-
AIIMS-All India,EWS,Odisha,"AIIMS, Bhubaneswar",RADIO DIAGNOSIS,-,-,-,-,-,-,-,-,-,-,-,-,-
AIIMS-All India,UR,Odisha,"AIIMS, Bhubaneswar",NUCLEAR MEDICINE,-,-,-,-,-,-,-,-,-,-,-,-,-
AIIMS-All India,UR,Punjab,"AIIMS, Bathinda",RADIO DIAGNOSIS,-,-,-,-,-,102,81,81,81,-,-,-,-
JIMPER-Inst. Pref,INST (JIPMER)-PwD,Pondicherry,"JIPMER, Puducherry",RADIO DIAGNOSIS,-,-,-,-,-,-,-,-,-,-,-,-,-
AIIMS-All India,UR,Assam,"AIIMS, Guwahati",RADIO DIAGNOSIS,-,-,-,-,-,-,-,-,-,-,-,-,-
AIIMS-All India,UR,Uttarakhand,"AIIMS, Rishikesh",DERMATOLOGY,-,-,-,-,-,-,-,-,-,-,-,-,-
AIIMS-All India,UR,Gujarat,"AIIMS, Rajkot",DERMATOLOGY,-,-,-,-,-,-,-,-,-,-,-,-,-
JIPMER-All India,UR-PwD,Pondicherry,"JIPMER, Puducherry",PAEDIATRICS,-,-,-,-,-,-,-,-,-,-,-,-,-
AIIMS-All India,UR,Telangana,"AIIMS, Bibinagar",DERMATOLOGY,-,-,-,-,-,178,178,178,-,-,-,-,-
AIIMS-All India,UR,Delhi,"AIIMS, Delhi",NUCLEAR MEDICINE,-,-,-,-,-,-,-,-,-,-,-,-,-
AIIMS-All India,UR,Uttarakhand,"AIIMS, Rishikesh",NUCLEAR MEDICINE,-,-,-,-,-,124,185,-,-,-,-,-,-
AIIMS-Inst. Pref,UR-AIIMS-IP,Odisha,"AIIMS, Bhubaneswar",RADIO DIAGNOSIS,-,-,-,-,-,-,-,-,-,-,-,-,-
AIIMS-All India,EWS,Andhra Pradesh,"AIIMS, Mangalagiri",RADIO DIAGNOSIS,-,-,-,-,-,-,-,-,-,-,-,-,-
AIIMS-All India,UR,Delhi,"AIIMS, Delhi",ORTHOPAEDICS,-,-,-,-,-,-,21,21,188,-,-,-,-
AIIMS-All India,UR,Maharashtra,"AIIMS, Nagpur",DERMATOLOGY,-,-,-,-,-,87,166,166,-,-,-,-,-
AIIMS-Inst. Pref,UR-AIIMS-IP,Chhattisgarh,"AIIMS, Raipur",GENERAL MEDICINE,-,-,-,-,-,-,203,-,-,-,-,-,-
AIIMS-All India,UR,Rajasthan,"AIIMS, Jodhpur",NUCLEAR MEDICINE,-,-,-,-,-,-,-,-,-,-,-,-,-
AIIMS-All India,EWS,Madhya Pradesh,"AIIMS, Bhopal",RADIO DIAGNOSIS,-,-,-,-,-,147,212,212,-,-,-,-,-
AIIMS-All India,UR,Telangana,"AIIMS, Bibinagar",GENERAL MEDICINE,-,-,-,-,-,180,180,221,-,-,-,-,-
AIIMS-All India,UR,Delhi,"AIIMS, Delhi",EMERGENCY MEDICINE,-,-,-,-,-,71,71,71,-,-,-,-,-
AIIMS-All India,EWS,Rajasthan,"AIIMS, Jodhpur",DERMATOLOGY,-,-,-,-,-,-,-,-,-,-,-,-,-
AIIMS-All India,UR,Odisha,"AIIMS, Bhubaneswar",PAEDIATRICS,-,-,-,-,-,157,170,-,-,-,-,-,-
AIIMS-All India,UR,Rajasthan,"AIIMS, Jodhpur",CARDIO THORACIC AND VASCULAR SURGERY 6 YRS,-,-,-,-,-,-,-,-,-,-,-,-,-
AIIMS-All India,UR,West Bengal,"AIIMS, Kalyani",DERMATOLOGY,-,-,-,-,-,249,249,194,-,-,-,-,-
AIIMS-All India,UR,Assam,"AIIMS, Guwahati",GENERAL SURGERY,-,-,-,-,-,-,-,-,-,-,-,-,-
AIIMS-All India,UR,Odisha,"AIIMS, Bhubaneswar",PLASTIC SURGERY 6 YRS,-,-,-,-,-,177,-,-,-,-,-,-,-
AIIMS-All India,UR,Odisha,"AIIMS, Bhubaneswar",GENERAL SURGERY,-,-,-,-,-,167,167,167,-,-,-,-,-
AIIMS-All India,UR,Uttarakhand,"AIIMS, Rishikesh",PAEDIATRICS,-,-,-,-,-,182,-,260,-,-,-,-,-
JIMPER-Inst. Pref,INST (JIPMER),Pondicherry,"JIPMER, Puducherry",DERMATOLOGY,-,-,-,-,-,-,-,-,-,-,-,-,-
AIIMS-Inst. Pref,UR-AIIMS-IP,Bihar,"AIIMS, Patna",DERMATOLOGY,-,-,-,-,-,-,-,-,-,-,-,-,-
AIIMS-All India,UR,Delhi,"AIIMS, Delhi",PAEDIATRIC SURGERY 6 YRS,-,-,-,-,-,-,-,-,-,-,-,-,-
AIIMS-All India,UR,Jammu and Kashmir,"AIIMS, Jammu",PAEDIATRICS,-,-,-,-,-,-,-,-,-,-,-,-,-
AIIMS-Inst. Pref,UR-AIIMS-IP,Odisha,"AIIMS, Bhubaneswar",GENERAL MEDICINE,-,-,-,-,-,-,-,-,-,-,-,-,-
AIIMS-Inst. Pref,UR-AIIMS-IP,Bihar,"AIIMS, Patna",PAEDIATRICS,-,-,-,-,-,284,284,284,284,-,-,-,-
AIIMS-All India,EWS,Uttarakhand,"AIIMS, Rishikesh",DERMATOLOGY,-,-,-,-,-,-,-,-,-,-,-,-,-
JIPMER-All India,EWS,Pondicherry,"JIPMER, Puducherry",RADIO DIAGNOSIS,-,-,-,-,-,121,292,-,-,-,-,-,-
AIIMS-All India,UR,Chhattisgarh,"AIIMS, Raipur",CARDIO THORACIC AND VASCULAR SURGERY 6 YRS,-,-,-,-,-,-,-,-,-,-,-,-,-
AIIMS-All India,EWS,West Bengal,"AIIMS, Kalyani",GENERAL MEDICINE,-,-,-,-,-,-,-,-,-,-,-,-,-
AIIMS-All India,UR,Assam,"AIIMS, Guwahati",DERMATOLOGY,-,-,-,-,-,250,296,296,-,-,-,-,-
PGIMER-All India,OBC,Chandigarh,"PGIMER, Chandigarh",DERMATOLOGY,-,-,-,-,-,77,110,110,146,-,-,-,-
JIPMER-All India,OBC,Pondicherry,"JIPMER, Puducherry",NUCLEAR MEDICINE,-,-,-,-,-,-,301,301,-,-,-,-,-
AIIMS-All India,EWS,Gujarat,"AIIMS, Rajkot",GENERAL MEDICINE,-,-,-,-,-,-,-,-,-,-,-,-,-
AIIMS-All India,UR,Telangana,"AIIMS, Bibinagar",RADIO DIAGNOSIS,-,-,-,-,-,193,184,306,306,-,-,-,-
AIIMS-All India,OBC,Chhattisgarh,"AIIMS, Raipur",RADIO DIAGNOSIS,-,-,-,-,-,283,229,308,-,-,-,-,-
AIIMS-All India,EWS,Odisha,"AIIMS, Bhubaneswar",DERMATOLOGY,-,-,-,-,-,-,-,-,-,-,-,-,-
AIIMS-All India,OBC,Uttar Pradesh,"AIIMS, Gorakhpur",GENERAL MEDICINE,-,-,-,-,-,286,261,261,-,-,-,-,-
AIIMS-All India,UR,Bihar,"AIIMS, Patna",PAEDIATRICS,-,-,-,-,-,219,275,317,-,-,-,-,-
AIIMS-All India,EWS,Uttarakhand,"AIIMS, Rishikesh",ORTHOPAEDICS,-,-,-,-,-,-,-,-,-,-,-,-,-
AIIMS-All India,EWS,Punjab,"AIIMS, Bathinda",GENERAL MEDICINE,-,-,-,-,-,320,242,242,-,-,-,-,-
AIIMS-All India,OBC,Telangana,"AIIMS, Bibinagar",GENERAL MEDICINE,-,-,-,-,-,324,310,310,-,-,-,-,-
AIIMS-All India,UR,Madhya Pradesh,"AIIMS, Bhopal",GENERAL SURGERY,-,-,-,-,-,325,325,-,-,-,-,-,-
AIIMS-All India,UR,Uttar Pradesh,"AIIMS, Rai Bareli",NEUROLOGY 6 YRS,-,-,-,-,-,-,-,-,-,-,-,-,-
AIIMS-All India,EWS,Maharashtra,"AIIMS, Nagpur",RADIO DIAGNOSIS,-,-,-,-,-,292,329,329,-,-,-,-,-
AIIMS-All India,OBC,Gujarat,"AIIMS, Rajkot",RADIO DIAGNOSIS,-,-,-,-,-,-,-,-,-,-,-,-,-
AIIMS-All India,OBC,Andhra Pradesh,"AIIMS, Mangalagiri",GENERAL MEDICINE,-,-,-,-,-,-,-,231,-,-,-,-,-
AIIMS-All India,UR,Telangana,"AIIMS, Bibinagar",PAEDIATRICS,-,-,-,-,-,334,341,341,-,-,-,-,-
AIIMS-All India,EWS,Madhya Pradesh,"AIIMS, Bhopal",GENERAL MEDICINE,-,-,-,-,-,-,-,-,-,-,-,-,-
AIIMS-All India,OBC,Chhattisgarh,"AIIMS, Raipur",DERMATOLOGY,-,-,-,-,-,-,-,-,-,-,-,-,-
AIIMS-All India,EWS,Assam,"AIIMS, Guwahati",GENERAL MEDICINE,-,-,-,-,-,-,-,-,-,-,-,-,-
AIIMS-All India,OBC,Uttar Pradesh,"AIIMS, Gorakhpur",DERMATOLOGY,-,-,-,-,-,-,-,-,-,-,-,-,-
AIIMS-Inst. Pref,UR-AIIMS-IP,Punjab,"AIIMS, Bathinda",DERMATOLOGY,-,-,-,-,-,364,-,-,-,-,-,-,-
AIIMS-All India,EWS,Andhra Pradesh,"AIIMS, Mangalagiri",GENERAL MEDICINE,-,-,-,-,-,-,-,-,-,-,-,-,-
AIIMS-All India,OBC,West Bengal,"AIIMS, Kalyani",GENERAL MEDICINE,-,-,-,-,-,261,237,-,-,-,-,-,-
AIIMS-All India,OBC,Chhattisgarh,"AIIMS, Raipur",NUCLEAR MEDICINE,-,-,-,-,-,-,-,-,-,-,-,-,-
AIIMS-Inst. Pref,UR-AIIMS-IP,Chhattisgarh,"AIIMS, Raipur",NUCLEAR MEDICINE,-,-,-,-,-,-,-,-,-,-,-,-,-
AIIMS-All India,OBC,Odisha,"AIIMS, Bhubaneswar",NUCLEAR MEDICINE,-,-,-,-,-,301,369,369,369,-,-,-,-
AIIMS-All India,OBC,Jammu and Kashmir,"AIIMS, Jammu",RADIO DIAGNOSIS,-,-,-,-,-,-,-,-,-,-,-,-,-
JIPMER-All India,UR,Pondicherry,"JIPMER, Puducherry",NEUROSURGERY 6 YRS,-,-,-,-,-,134,92,92,381,-,-,-,-
AIIMS-All India,OBC,Gujarat,"AIIMS, Rajkot",GENERAL MEDICINE,-,-,-,-,-,-,-,-,-,-,-,-,-
AIIMS-All India,UR,Andhra Pradesh,"AIIMS, Mangalagiri",PAEDIATRICS,-,-,-,-,-,289,363,382,382,-,-,-,-
AIIMS-All India,UR,Uttar Pradesh,"AIIMS, Gorakhpur",PAEDIATRICS,-,-,-,-,-,-,-,-,-,-,-,-,-
AIIMS-All India,EWS,Odisha,"AIIMS, Bhubaneswar",NUCLEAR MEDICINE,-,-,-,-,-,-,-,-,-,-,-,-,-
AIIMS-Inst. Pref,UR-AIIMS-IP,Odisha,"AIIMS, Bhubaneswar",DERMATOLOGY,-,-,-,-,-,-,-,-,-,-,-,-,-
AIIMS-All India,UR,Uttarakhand,"AIIMS, Rishikesh",PSYCHIATRY,-,-,-,-,-,-,398,-,-,-,-,-,-
AIIMS-All India,OBC,Uttarakhand,"AIIMS, Rishikesh",DERMATOLOGY,-,-,-,-,-,360,399,-,399,-,-,-,-
AIIMS-All India,OBC,Rajasthan,"AIIMS, Jodhpur",NUCLEAR MEDICINE,-,-,-,-,-,-,-,-,-,-,-,-,-
AIIMS-All India,UR,Rajasthan,"AIIMS, Jodhpur",RADIOTHERAPY & ONCOLOGY 6 YRS,-,-,-,-,-,-,-,-,-,-,-,-,-
AIIMS-All India,OBC,Himachal Pradesh,"AIIMS, Bilaspur, Himachal",GENERAL MEDICINE,-,-,-,-,-,254,240,240,240,-,-,-,-
AIIMS-All India,OBC,West Bengal,"AIIMS, Kalyani",RADIO DIAGNOSIS,-,-,-,-,-,394,359,407,-,-,-,-,-
AIIMS-All India,EWS,Uttarakhand,"AIIMS, Rishikesh",NUCLEAR MEDICINE,-,-,-,-,-,-,-,-,-,-,-,-,-
AIIMS-All India,EWS,Delhi,"AIIMS, Delhi",NUCLEAR MEDICINE,-,-,-,-,-,414,414,414,-,-,-,-,-
AIIMS-All India,UR,Madhya Pradesh,"AIIMS, Bhopal",ORTHOPAEDICS,-,-,-,-,-,-,-,-,-,-,-,-,-
AIIMS-All India,EWS,Maharashtra,"AIIMS, Nagpur",PAEDIATRICS,-,-,-,-,-,-,-,-,-,-,-,-,-
AIIMS-Inst. Pref,UR-AIIMS-IP,Chhattisgarh,"AIIMS, Raipur",DERMATOLOGY,-,-,-,-,-,-,-,-,-,-,-,-,-
AIIMS-All India,UR,West Bengal,"AIIMS, Kalyani",PAEDIATRICS,-,-,-,-,-,296,318,424,440,-,-,-,-
AIIMS-All India,OBC,Punjab,"AIIMS, Bathinda",DERMATOLOGY,-,-,-,-,-,441,441,-,-,-,-,-,-
AIIMS-All India,EWS,Delhi,"AIIMS, Delhi",ORTHOPAEDICS,-,-,-,-,-,448,448,448,-,-,-,-,-
AIIMS-All India,OBC,Uttar Pradesh,"AIIMS, Rai Bareli",DERMATOLOGY,-,-,-,-,-,-,-,-,-,-,-,-,-
AIIMS-All India,OBC,Gujarat,"AIIMS, Rajkot",DERMATOLOGY,-,-,-,-,-,-,-,-,-,-,-,-,-
JIPMER-All India,EWS-PwD,Pondicherry,"JIPMER, Puducherry",OPHTHALMOLOGY,-,-,-,-,-,-,-,-,-,-,-,-,-
AIIMS-All India,EWS,Telangana,"AIIMS, Bibinagar",DERMATOLOGY,-,-,-,-,-,-,-,-,-,-,-,-,-
AIIMS-All India,UR,Uttarakhand,"AIIMS, Rishikesh",GERIATRICS,-,-,-,-,-,-,-,-,-,-,-,-,-
AIIMS-All India,EWS,Uttarakhand,"AIIMS, Rishikesh",GENERAL SURGERY,-,-,-,-,-,469,469,469,-,-,-,-,-
AIIMS-All India,EWS,Rajasthan,"AIIMS, Jodhpur",OBG,-,-,-,-,-,477,477,477,-,-,-,-,-
AIIMS-Inst. Pref,UR-AIIMS-IP,Madhya Pradesh,"AIIMS, Bhopal",RADIATION ONCOLOGY,-,-,-,-,-,-,-,-,-,-,-,-,-
AIIMS-All India,EWS,Jammu and Kashmir,"AIIMS, Jammu",GENERAL MEDICINE,-,-,-,-,-,-,-,-,-,-,-,-,-
AIIMS-All India,UR,Andhra Pradesh,"AIIMS, Mangalagiri",NEUROSURGERY 6 YRS,-,-,-,-,-,363,488,488,204,-,-,-,-
AIIMS-All India,OBC,Telangana,"AIIMS, Bibinagar",RADIO DIAGNOSIS,-,-,-,-,-,359,407,489,-,-,-,-,-
AIIMS-All India,EWS,Chhattisgarh,"AIIMS, Raipur",DERMATOLOGY,-,-,-,-,-,428,496,-,-,-,-,-,-
AIIMS-All India,OBC,Andhra Pradesh,"AIIMS, Mangalagiri",NUCLEAR MEDICINE,-,-,-,-,-,399,497,497,-,-,-,-,-
AIIMS-All India,OBC,Telangana,"AIIMS, Bibinagar",PAEDIATRICS,-,-,-,-,-,500,500,-,-,-,-,-,-
AIIMS-All India,EWS,Madhya Pradesh,"AIIMS, Bhopal",GENERAL SURGERY,-,-,-,-,-,-,-,-,-,-,-,-,-
AIIMS-All India,UR,Maharashtra,"AIIMS, Nagpur",GENERAL SURGERY,-,-,-,-,-,410,-,514,501,-,-,-,-
AIIMS-All India,UR,Uttarakhand,"AIIMS, Rishikesh",RADIATION ONCOLOGY,-,-,-,-,-,373,373,493,515,-,-,-,-
AIIMS-All India,OBC,Bihar,"AIIMS, Patna",DERMATOLOGY,-,-,-,-,-,116,516,516,-,-,-,-,-
AIIMS-Inst. Pref,UR-AIIMS-IP,Rajasthan,"AIIMS, Jodhpur",NUCLEAR MEDICINE,-,-,-,-,-,104,104,321,-,-,-,-,-
AIIMS-All India,EWS,Assam,"AIIMS, Guwahati",RADIO DIAGNOSIS,-,-,-,-,-,329,522,522,-,-,-,-,-
AIIMS-All India,UR,Andhra Pradesh,"AIIMS, Mangalagiri",RADIATION ONCOLOGY,-,-,-,-,-,-,-,-,-,-,-,-,-
AIIMS-All India,UR,Madhya Pradesh,"AIIMS, Bhopal",ENT,-,-,-,-,-,-,-,-,-,-,-,-,-
AIIMS-All India,OBC,Telangana,"AIIMS, Bibinagar",DERMATOLOGY,-,-,-,-,-,-,-,-,-,-,-,-,-
AIIMS-Inst. Pref,UR-AIIMS-IP,Maharashtra,"AIIMS, Nagpur",DERMATOLOGY,-,-,-,-,-,539,539,-,-,-,-,-,-
AIIMS-All India,EWS,Odisha,"AIIMS, Bhubaneswar",PAEDIATRICS,-,-,-,-,-,496,544,544,-,-,-,-,-
AIIMS-All India,UR,Uttarakhand,"AIIMS, Rishikesh",PLASTIC SURGERY 6 YRS,-,-,-,-,-,153,210,-,549,-,-,-,-
AIIMS-All India,UR,Odisha,"AIIMS, Bhubaneswar",EMERGENCY MEDICINE,-,-,-,-,-,505,555,555,-,-,-,-,-
AIIMS-All India,UR,Bihar,"AIIMS, Patna",SURGGASTRO (6 YRS),-,-,-,-,-,-,-,-,-,-,-,-,-
AIIMS-All India,UR,Gujarat,"AIIMS, Rajkot",GENERAL SURGERY,-,-,-,-,-,-,-,-,-,-,-,-,-
AIIMS-All India,OBC,Himachal Pradesh,"AIIMS, Bilaspur, Himachal",DERMATOLOGY,-,-,-,-,-,-,-,-,-,-,-,-,-
AIIMS-Inst. Pref,UR-AIIMS-IP,West Bengal,"AIIMS, Kalyani",NEUROSURGERY 6 YRS,-,-,-,-,-,567,567,-,-,-,-,-,-
AIIMS-Inst. Pref,UR-AIIMS-IP,Andhra Pradesh,"AIIMS, Mangalagiri",NUCLEAR MEDICINE,-,-,-,-,-,425,569,-,-,-,-,-,-
AIIMS-Inst. Pref,UR-AIIMS-IP,Madhya Pradesh,"AIIMS, Bhopal",GENERAL SURGERY,-,-,-,-,-,214,579,-,-,-,-,-,-
AIIMS-All India,UR,Jammu and Kashmir,"AIIMS, Jammu",ORTHOPAEDICS,-,-,-,-,-,-,-,-,-,-,-,-,-
AIIMS-All India,UR,Gujarat,"AIIMS, Rajkot",OBG,-,-,-,-,-,593,587,587,587,-,-,-,-
AIIMS-All India,ST,Rajasthan,"AIIMS, Jodhpur",DERMATOLOGY,-,-,-,-,-,598,598,598,-,-,-,-,-
AIIMS-All India,OBC,Jammu and Kashmir,"AIIMS, Jammu",DERMATOLOGY,-,-,-,-,-,-,-,-,-,-,-,-,-
AIIMS-All India,UR,Uttar Pradesh,"AIIMS, Gorakhpur",ORTHOPAEDICS,-,-,-,-,-,-,-,-,-,-,-,-,-
JIPMER-All India,OBC-PwD,Pondicherry,"JIPMER, Puducherry",EMERGENCY MEDICINE,-,-,-,-,-,627,-,-,-,-,-,-,-
AIIMS-All India,UR,West Bengal,"AIIMS, Kalyani",GENERAL SURGERY,-,-,-,-,-,-,-,-,-,-,-,-,-
AIIMS-All India,UR,Punjab,"AIIMS, Bathinda",PSYCHIATRY,-,-,-,-,-,-,-,-,-,-,-,-,-
AIIMS-All India,OBC,Uttarakhand,"AIIMS, Rishikesh",TBRD,-,-,-,-,-,397,638,-,-,-,-,-,-
AIIMS-All India,UR,Maharashtra,"AIIMS, Nagpur",RADIATION ONCOLOGY,-,-,-,-,-,-,456,456,-,-,-,-,-
AIIMS-All India,UR,Punjab,"AIIMS, Bathinda",GENERAL SURGERY,-,-,-,-,-,482,584,647,-,-,-,-,-
AIIMS-All India,UR,Uttar Pradesh,"AIIMS, Rai Bareli",ORTHOPAEDICS,-,-,-,-,-,546,654,654,-,-,-,-,-
AIIMS-All India,SC,Telangana,"AIIMS, Bibinagar",RADIO DIAGNOSIS,-,-,-,-,-,-,-,-,-,-,-,-,-
AIIMS-All India,UR,Andhra Pradesh,"AIIMS, Mangalagiri",PAEDIATRIC SURGERY 6 YRS,-,-,-,-,-,-,-,-,-,-,-,-,-
AIIMS-All India,UR,Uttarakhand,"AIIMS, Rishikesh",OPHTHALMOLOGY,-,-,-,-,-,315,-,433,662,-,-,-,-
JIMPER-Inst. Pref,INST (JIPMER)-PwD,Pondicherry,"JIPMER, Puducherry",OBG,-,-,-,-,-,-,-,-,-,-,-,-,-
AIIMS-All India,EWS,Delhi,"AIIMS, Delhi",EMERGENCY MEDICINE,-,-,-,-,-,-,-,-,-,-,-,-,-
AIIMS-Inst. Pref,UR-AIIMS-IP,West Bengal,"AIIMS, Kalyani",RADIO DIAGNOSIS,-,-,-,-,-,683,-,-,-,-,-,-,-
AIIMS-All India,UR,Chhattisgarh,"AIIMS, Raipur",OPHTHALMOLOGY,-,-,-,-,-,532,693,693,483,-,-,-,-
AIIMS-All India,UR,Jharkhand,"AIIMS, Deoghar",ORTHOPAEDICS,-,-,-,-,-,-,-,-,-,-,-,-,-
AIIMS-All India,UR,Bihar,"AIIMS, Patna",ENT,-,-,-,-,-,-,-,696,-,-,-,-,-
AIIMS-All India,EWS,Uttar Pradesh,"AIIMS, Rai Bareli",PAEDIATRICS,-,-,-,-,-,-,-,-,-,-,-,-,-
JIPMER-All India,EWS-PwD,Pondicherry,"JIPMER, Puducherry",OBG,-,-,-,-,-,-,-,-,-,-,-,-,-
AIIMS-All India,EWS,Uttar Pradesh,"AIIMS, Gorakhpur",DERMATOLOGY,-,-,-,-,-,-,-,-,-,-,-,-,-
AIIMS-All India,UR,Punjab,"AIIMS, Bathinda",RADIATION ONCOLOGY,-,-,-,-,-,463,711,711,-,-,-,-,-
AIIMS-All India,UR,Odisha,"AIIMS, Bhubaneswar",PSYCHIATRY,-,-,-,-,-,557,619,714,619,-,-,-,-
AIIMS-All India,EWS,Andhra Pradesh,"AIIMS, Mangalagiri",PAEDIATRICS,-,-,-,-,-,659,718,-,-,-,-,-,-
AIIMS-All India,UR,Madhya Pradesh,"AIIMS, Bhopal",OBG,-,-,-,-,-,475,453,453,721,-,-,-,-
AIIMS-All India,EWS,Madhya Pradesh,"AIIMS, Bhopal",DERMATOLOGY,-,-,-,-,-,212,428,428,725,-,-,-,-
AIIMS-All India,OBC,Odisha,"AIIMS, Bhubaneswar",GENERAL SURGERY,-,-,-,-,-,732,575,575,-,-,-,-,-
JIPMER-All India,EWS,Pondicherry,"JIPMER, Puducherry",DERMATOLOGY,-,-,-,-,-,371,371,474,474,-,-,-,-
AIIMS-All India,UR,Gujarat,"AIIMS, Rajkot",PAEDIATRICS,-,-,-,-,-,319,334,334,745,-,-,-,-
AIIMS-All India,UR,Odisha,"AIIMS, Bhubaneswar",OPHTHALMOLOGY,-,-,-,-,-,-,-,-,-,-,-,-,-
AIIMS-All India,SC,Odisha,"AIIMS, Bhubaneswar",GENERAL MEDICINE,-,-,-,-,-,365,365,-,-,-,-,-,-
JIPMER-All India,UR,Pondicherry,"JIPMER, Puducherry",EMERGENCY MEDICINE,-,-,-,-,-,374,-,-,-,-,-,-,-
JIPMER-All India,OBC,Pondicherry,"JIPMER, Puducherry",OPHTHALMOLOGY,-,-,-,-,-,776,-,-,-,-,-,-,-
JIPMER-All India,OBC-PwD,Pondicherry,"JIPMER, Puducherry",OPHTHALMOLOGY,-,-,-,-,-,-,776,-,-,-,-,-,-
AIIMS-All India,UR,Odisha,"AIIMS, Bhubaneswar",PAEDIATRIC SURGERY 6 YRS,-,-,-,-,-,-,781,-,-,-,-,-,-
AIIMS-All India,UR,Rajasthan,"AIIMS, Jodhpur",ENT,-,-,-,-,-,-,-,-,784,-,-,-,-
AIIMS-All India,OBC,Delhi,"AIIMS, Delhi",EMERGENCY MEDICINE,-,-,-,-,-,511,511,511,-,-,-,-,-
AIIMS-Inst. Pref,UR-AIIMS-IP,Uttarakhand,"AIIMS, Rishikesh",OBG,-,-,-,-,-,-,-,-,-,-,-,-,-
AIIMS-All India,EWS,Telangana,"AIIMS, Bibinagar",PAEDIATRICS,-,-,-,-,-,-,-,-,-,-,-,-,-
AIIMS-All India,EWS,Punjab,"AIIMS, Bathinda",PAEDIATRICS,-,-,-,-,-,718,808,808,808,-,-,-,-
AIIMS-All India,UR,West Bengal,"AIIMS, Kalyani",OBG,-,-,-,-,-,455,455,813,-,-,-,-,-
AIIMS-All India,UR,Jharkhand,"AIIMS, Deoghar",ENT,-,-,-,-,-,-,-,-,-,-,-,-,-
AIIMS-All India,UR,Uttarakhand,"AIIMS, Rishikesh",CARDIO THORACIC AND VASCULAR SURGERY 6 YRS,-,-,-,-,-,559,722,825,-,-,-,-,-
AIIMS-All India,SC,Odisha,"AIIMS, Bhubaneswar",RADIO DIAGNOSIS,-,-,-,-,-,139,139,-,-,-,-,-,-
AIIMS-All India,UR,Maharashtra,"AIIMS, Nagpur",OPHTHALMOLOGY,-,-,-,-,-,433,785,827,827,-,-,-,-
AIIMS-All India,UR,Madhya Pradesh,"AIIMS, Bhopal",PSYCHIATRY,-,-,-,-,-,-,-,728,728,-,-,-,-
AIIMS-All India,EWS,Bihar,"AIIMS, Patna",ORTHOPAEDICS,-,-,-,-,-,-,-,-,-,-,-,-,-
AIIMS-All India,SC,Rajasthan,"AIIMS, Jodhpur",GENERAL MEDICINE,-,-,-,-,-,384,609,655,-,-,-,-,-
AIIMS-All India,EWS,Jharkhand,"AIIMS, Deoghar",GENERAL SURGERY,-,-,-,-,-,-,-,-,-,-,-,-,-
AIIMS-All India,UR,Madhya Pradesh,"AIIMS, Bhopal",RADIATION ONCOLOGY,-,-,-,-,-,456,548,-,861,-,-,-,-
AIIMS-All India,OBC,Assam,"AIIMS, Guwahati",PAEDIATRICS,-,-,-,-,-,-,-,-,-,-,-,-,-
AIIMS-Inst. Pref,UR-AIIMS-IP,Odisha,"AIIMS, Bhubaneswar",OPHTHALMOLOGY,-,-,-,-,-,-,-,-,-,-,-,-,-
AIIMS-All India,UR,Uttarakhand,"AIIMS, Rishikesh",TRAUMASURG&CC (6 YRS),-,-,-,-,-,589,577,885,-,-,-,-,-
AIIMS-Inst. Pref,UR-AIIMS-IP,Bihar,"AIIMS, Patna",GENERAL SURGERY,-,-,-,-,-,291,291,886,-,-,-,-,-
AIIMS-All India,OBC,Punjab,"AIIMS, Bathinda",TBRD,-,-,-,-,-,-,-,-,-,-,-,-,-
AIIMS-Inst. Pref,UR-AIIMS-IP,Rajasthan,"AIIMS, Jodhpur",GENERAL SURGERY,-,-,-,-,-,358,358,-,506,-,-,-,-
AIIMS-All India,EWS,Himachal Pradesh,"AIIMS, Bilaspur, Himachal",GENERAL SURGERY,-,-,-,-,-,-,-,-,-,-,-,-,-
AIIMS-Inst. Pref,UR-AIIMS-IP,Odisha,"AIIMS, Bhubaneswar",GENERAL SURGERY,-,-,-,-,-,383,383,874,-,-,-,-,-
AIIMS-All India,EWS,Chhattisgarh,"AIIMS, Raipur",ORTHOPAEDICS,-,-,-,-,-,-,-,-,-,-,-,-,-
AIIMS-All India,UR,Jammu and Kashmir,"AIIMS, Jammu",EMERGENCY MEDICINE,-,-,-,-,-,-,-,-,-,-,-,-,-
AIIMS-All India,SC,Madhya Pradesh,"AIIMS, Bhopal",GENERAL MEDICINE,-,-,-,-,-,655,655,919,-,-,-,-,-
AIIMS-All India,EWS,Chhattisgarh,"AIIMS, Raipur",GENERAL SURGERY,-,-,-,-,-,920,484,484,-,-,-,-,-
AIIMS-All India,EWS,Maharashtra,"AIIMS, Nagpur",ORTHOPAEDICS,-,-,-,-,-,-,-,920,-,-,-,-,-
PGIMER-All India,OBC-PwD,Chandigarh,"PGIMER, Chandigarh",GENERAL MEDICINE,-,-,-,-,-,-,-,-,-,-,-,-,-
AIIMS-All India,UR,Chhattisgarh,"AIIMS, Raipur",ENT,-,-,-,-,-,594,-,-,-,-,-,-,-
AIIMS-All India,EWS,Odisha,"AIIMS, Bhubaneswar",OBG,-,-,-,-,-,-,-,-,-,-,-,-,-
AIIMS-All India,UR,Andhra Pradesh,"AIIMS, Mangalagiri",ANAESTHESIOLOGY,-,-,-,-,-,845,845,845,845,-,-,-,-
AIIMS-All India,UR,Madhya Pradesh,"AIIMS, Bhopal",GERIATRICS,-,-,-,-,-,-,-,-,-,-,-,-,-
PGIMER-All India,SC,Chandigarh,"PGIMER, Chandigarh",RADIATION ONCOLOGY,-,-,-,-,-,941,941,-,-,-,-,-,-
AIIMS-All India,EWS,Rajasthan,"AIIMS, Jodhpur",NUCLEAR MEDICINE,-,-,-,-,-,654,735,943,654,-,-,-,-
AIIMS-All India,OBC,West Bengal,"AIIMS, Kalyani",PAEDIATRICS,-,-,-,-,-,713,737,780,949,-,-,-,-
JIPMER-All India,EWS,Pondicherry,"JIPMER, Puducherry",OPHTHALMOLOGY,-,-,-,-,-,-,-,-,-,-,-,-,-
AIIMS-All India,EWS,Rajasthan,"AIIMS, Jodhpur",EMERGENCY MEDICINE,-,-,-,-,-,-,-,-,-,-,-,-,-
AIIMS-All India,EWS,Himachal Pradesh,"AIIMS, Bilaspur, Himachal",ORTHOPAEDICS,-,-,-,-,-,-,-,-,-,-,-,-,-
AIIMS-All India,UR,Telangana,"AIIMS, Bibinagar",GENERAL SURGERY,-,-,-,-,-,524,-,-,978,-,-,-,-
AIIMS-All India,UR,Rajasthan,"AIIMS, Jodhpur",EMERGENCY MEDICINE,-,-,-,-,-,317,317,703,991,-,-,-,-
AIIMS-All India,ST,Rajasthan,"AIIMS, Jodhpur",RADIO DIAGNOSIS,-,-,-,-,-,-,-,-,-,-,-,-,-
JIPMER-All India,UR-PwD,Pondicherry,"JIPMER, Puducherry",OPHTHALMOLOGY,-,-,-,-,-,-,-,-,-,-,-,-,-
AIIMS-All India,EWS,Maharashtra,"AIIMS, Nagpur",OBG,-,-,-,-,-,-,-,-,-,-,-,-,-
AIIMS-All India,UR,Madhya Pradesh,"AIIMS, Bhopal",ANAESTHESIOLOGY,-,-,-,-,-,-,-,971,971,-,-,-,-
AIIMS-All India,OBC-PwD,Rajasthan,"AIIMS, Jodhpur",PAEDIATRICS,-,-,-,-,-,-,-,-,-,-,-,-,-
AIIMS-All India,UR,West Bengal,"AIIMS, Kalyani",ORTHOPAEDICS,-,-,-,-,-,581,844,1027,-,-,-,-,-
AIIMS-All India,OBC,Odisha,"AIIMS, Bhubaneswar",ORTHOPAEDICS,-,-,-,-,-,910,987,1030,1030,-,-,-,-
AIIMS-All India,EWS,Andhra Pradesh,"AIIMS, Mangalagiri",DERMATOLOGY,-,-,-,-,-,725,725,725,1037,-,-,-,-
AIIMS-All India,UR,Maharashtra,"AIIMS, Nagpur",PAEDIATRIC SURGERY 6 YRS,-,-,-,-,-,733,887,1039,-,-,-,-,-
JIMPER-Inst. Pref,INST (JIPMER)-PwD,Pondicherry,"JIPMER, Puducherry",RADIATION ONCOLOGY,-,-,-,-,-,1047,-,-,-,-,-,-,-
AIIMS-All India,EWS,Punjab,"AIIMS, Bathinda",GENERAL SURGERY,-,-,-,-,-,1054,970,-,-,-,-,-,-
AIIMS-All India,UR,Himachal Pradesh,"AIIMS, Bilaspur, Himachal",OPHTHALMOLOGY,-,-,-,-,-,-,-,-,-,-,-,-,-
AIIMS-All India,UR,Uttar Pradesh,"AIIMS, Gorakhpur",PSYCHIATRY,-,-,-,-,-,-,-,-,-,-,-,-,-
AIIMS-All India,UR,Himachal Pradesh,"AIIMS, Bilaspur, Himachal",OBG,-,-,-,-,-,618,833,947,1060,-,-,-,-
AIIMS-Inst. Pref,UR-AIIMS-IP,Uttar Pradesh,"AIIMS, Gorakhpur",OBG,-,-,-,-,-,1065,1065,-,-,-,-,-,-
JIPMER-All India,OBC-PwD,Pondicherry,"JIPMER, Puducherry",RADIATION ONCOLOGY,-,-,-,-,-,-,-,1071,-,-,-,-,-
AIIMS-All India,EWS,West Bengal,"AIIMS, Kalyani",PAEDIATRICS,-,-,-,-,-,841,944,1075,-,-,-,-,-
JIPMER-All India,OBC-PwD,Pondicherry,"JIPMER, Puducherry",OBG,-,-,-,-,-,-,-,-,1085,-,-,-,-
AIIMS-All India,UR,Chhattisgarh,"AIIMS, Raipur",EMERGENCY MEDICINE,-,-,-,-,-,555,754,991,-,-,-,-,-
AIIMS-All India,SC,Madhya Pradesh,"AIIMS, Bhopal",DERMATOLOGY,-,-,-,-,-,-,-,-,-,-,-,-,-
AIIMS-All India,OBC,Uttar Pradesh,"AIIMS, Gorakhpur",OBG,-,-,-,-,-,-,-,-,-,-,-,-,-
JIPMER-All India,OBC,Pondicherry,"JIPMER, Puducherry",PSYCHIATRY,-,-,-,-,-,402,402,402,402,-,-,-,-
AIIMS-All India,SC,Uttarakhand,"AIIMS, Rishikesh",GENERAL MEDICINE,-,-,-,-,-,609,547,547,-,-,-,-,-
AIIMS-Inst. Pref,UR-AIIMS-IP,Chhattisgarh,"AIIMS, Raipur",RADIATION ONCOLOGY,-,-,-,-,-,-,-,-,-,-,-,-,-
AIIMS-All India,OBC,Gujarat,"AIIMS, Rajkot",GENERAL SURGERY,-,-,-,-,-,-,-,-,-,-,-,-,-
AIIMS-Inst. Pref,UR-AIIMS-IP,Maharashtra,"AIIMS, Nagpur",PAEDIATRICS,-,-,-,-,-,604,604,604,-,-,-,-,-
AIIMS-All India,UR,Telangana,"AIIMS, Bibinagar",PSYCHIATRY,-,-,-,-,-,836,564,856,-,-,-,-,-
AIIMS-All India,EWS,Odisha,"AIIMS, Bhubaneswar",GENERAL SURGERY,-,-,-,-,-,582,521,521,1170,-,-,-,-
AIIMS-All India,SC,West Bengal,"AIIMS, Kalyani",GENERAL MEDICINE,-,-,-,-,-,946,1179,1179,-,-,-,-,-
AIIMS-All India,UR,Uttar Pradesh,"AIIMS, Rai Bareli",PSYCHIATRY,-,-,-,-,-,-,-,-,-,-,-,-,-
AIIMS-All India,UR,West Bengal,"AIIMS, Kalyani",PSYCHIATRY,-,-,-,-,-,-,-,-,-,-,-,-,-
AIIMS-Inst. Pref,UR-AIIMS-IP,Andhra Pradesh,"AIIMS, Mangalagiri",ORTHOPAEDICS,-,-,-,-,-,-,-,-,-,-,-,-,-
AIIMS-All India,OBC,Telangana,"AIIMS, Bibinagar",GENERAL SURGERY,-,-,-,-,-,898,1118,1120,1194,-,-,-,-
AIIMS-All India,EWS,Rajasthan,"AIIMS, Jodhpur",OPHTHALMOLOGY,-,-,-,-,-,-,-,-,-,-,-,-,-
AIIMS-All India,OBC,Uttarakhand,"AIIMS, Rishikesh",GERIATRICS,-,-,-,-,-,1024,1024,1024,1024,-,-,-,-
AIIMS-Inst. Pref,UR-AIIMS-IP,Telangana,"AIIMS, Bibinagar",RADIO DIAGNOSIS,-,-,-,-,-,-,756,-,-,-,-,-,-
AIIMS-All India,OBC,Rajasthan,"AIIMS, Jodhpur",ORTHOPAEDICS,-,-,-,-,-,467,664,664,-,-,-,-,-
AIIMS-All India,EWS,Gujarat,"AIIMS, Rajkot",OBG,-,-,-,-,-,-,-,-,-,-,-,-,-
AIIMS-All India,UR,Bihar,"AIIMS, Patna",TRAUMASURG&CC (6 YRS),-,-,-,-,-,696,589,-,1228,-,-,-,-
AIIMS-All India,UR,Bihar,"AIIMS, Patna",PSYCHIATRY,-,-,-,-,-,-,-,782,999,-,-,-,-
AIIMS-All India,UR,Assam,"AIIMS, Guwahati",PSYCHIATRY,-,-,-,-,-,831,836,-,-,-,-,-,-
PGIMER-All India,ST,Chandigarh,"PGIMER, Chandigarh",NUCLEAR MEDICINE,-,-,-,-,-,1243,1243,1243,-,-,-,-,-
AIIMS-All India,UR,Uttarakhand,"AIIMS, Rishikesh",ANAESTHESIOLOGY,-,-,-,-,-,-,695,695,-,-,-,-,-
JIPMER-All India,UR,Pondicherry,"JIPMER, Puducherry",PAEDIATRIC SURGERY 6 YRS,-,-,-,-,-,605,825,840,1270,-,-,-,-
AIIMS-All India,EWS,Uttarakhand,"AIIMS, Rishikesh",OPHTHALMOLOGY,-,-,-,-,-,1273,1273,1273,-,-,-,-,-
AIIMS-Inst. Pref,UR-AIIMS-IP,Madhya Pradesh,"AIIMS, Bhopal",OBG,-,-,-,-,-,-,-,1330,-,-,-,-,-
AIIMS-All India,UR-PwD,Delhi,"AIIMS, Delhi",RADIO DIAGNOSIS,-,-,-,-,-,-,-,-,-,-,-,-,-
AIIMS-All India,UR,Uttar Pradesh,"AIIMS, Rai Bareli",OPHTHALMOLOGY,-,-,-,-,-,-,-,-,-,-,-,-,-
JIPMER-All India,ST-PwD,Pondicherry,"JIPMER, Puducherry",RADIO DIAGNOSIS,-,-,-,-,-,-,-,-,-,-,-,-,-
JIMPER-Inst. Pref,INST (JIPMER),Pondicherry,"JIPMER, Puducherry",EMERGENCY MEDICINE,-,-,-,-,-,-,1021,-,-,-,-,-,-
AIIMS-All India,UR,Telangana,"AIIMS, Bibinagar",PAEDIATRIC SURGERY 6 YRS,-,-,-,-,-,760,-,-,-,-,-,-,-
AIIMS-All India,UR,Telangana,"AIIMS, Bibinagar",ENT,-,-,-,-,-,886,696,809,1367,-,-,-,-
AIIMS-All India,OBC,West Bengal,"AIIMS, Kalyani",GENERAL SURGERY,-,-,-,-,-,1032,1112,1274,-,-,-,-,-
AIIMS-All India,OBC,Odisha,"AIIMS, Bhubaneswar",OBG,-,-,-,-,-,989,909,1085,1370,-,-,-,-
AIIMS-All India,OBC,Madhya Pradesh,"AIIMS, Bhopal",GERIATRICS,-,-,-,-,-,1082,1324,1372,1372,-,-,-,-
AIIMS-All India,ST,Uttarakhand,"AIIMS, Rishikesh",RADIO DIAGNOSIS,-,-,-,-,-,-,-,-,-,-,-,-,-
JIPMER-All India,EWS,Pondicherry,"JIPMER, Puducherry",ENT,-,-,-,-,-,1170,1386,-,-,-,-,-,-
AIIMS-All India,ST,Andhra Pradesh,"AIIMS, Mangalagiri",DERMATOLOGY,-,-,-,-,-,1388,1388,1388,-,-,-,-,-
AIIMS-All India,SC,Himachal Pradesh,"AIIMS, Bilaspur, Himachal",GENERAL MEDICINE,-,-,-,-,-,-,-,-,-,-,-,-,-
AIIMS-All India,SC,Punjab,"AIIMS, Bathinda",GENERAL MEDICINE,-,-,-,-,-,642,642,-,-,-,-,-,-
AIIMS-All India,EWS,Telangana,"AIIMS, Bibinagar",OBG,-,-,-,-,-,-,-,-,-,-,-,-,-
AIIMS-All India,OBC,Odisha,"AIIMS, Bhubaneswar",OPHTHALMOLOGY,-,-,-,-,-,-,-,-,-,-,-,-,-
AIIMS-All India,ST,Chhattisgarh,"AIIMS, Raipur",RADIO DIAGNOSIS,-,-,-,-,-,-,-,-,-,-,-,-,-
AIIMS-All India,UR,Jharkhand,"AIIMS, Deoghar",PAEDIATRIC SURGERY 6 YRS,-,-,-,-,-,781,-,1173,1439,-,-,-,-
AIIMS-Inst. Pref,UR-AIIMS-IP,Chhattisgarh,"AIIMS, Raipur",ORTHOPAEDICS,-,-,-,-,-,960,-,-,-,-,-,-,-
AIIMS-All India,OBC,West Bengal,"AIIMS, Kalyani",OBG,-,-,-,-,-,1140,1140,1442,-,-,-,-,-
AIIMS-All India,OBC,Uttar Pradesh,"AIIMS, Gorakhpur",EMERGENCY MEDICINE,-,-,-,-,-,-,-,-,-,-,-,-,-
AIIMS-All India,SC,Uttarakhand,"AIIMS, Rishikesh",TBRD,-,-,-,-,-,1462,1462,-,-,-,-,-,-
AIIMS-All India,UR,Uttar Pradesh,"AIIMS, Rai Bareli",ENT,-,-,-,-,-,591,-,-,-,-,-,-,-
AIIMS-All India,UR,Uttar Pradesh,"AIIMS, Gorakhpur",EMERGENCY MEDICINE,-,-,-,-,-,-,-,-,-,-,-,-,-
AIIMS-All India,EWS,Uttarakhand,"AIIMS, Rishikesh",ENT,-,-,-,-,-,1486,1486,-,1486,-,-,-,-
JIPMER-All India,SC-PwD,Pondicherry,"JIPMER, Puducherry",PAEDIATRICS,-,-,-,-,-,1489,-,-,-,-,-,-,-
AIIMS-All India,EWS,Uttar Pradesh,"AIIMS, Rai Bareli",ORTHOPAEDICS,-,-,-,-,-,1492,1492,1492,-,-,-,-,-
AIIMS-All India,OBC,Chhattisgarh,"AIIMS, Raipur",RADIATION ONCOLOGY,-,-,-,-,-,-,-,-,-,-,-,-,-
AIIMS-All India,UR,Uttar Pradesh,"AIIMS, Rai Bareli",PAEDIATRIC SURGERY 6 YRS,-,-,-,-,-,825,925,1076,1494,-,-,-,-
AIIMS-All India,OBC,Uttar Pradesh,"AIIMS, Gorakhpur",ORTHOPAEDICS,-,-,-,-,-,1309,1499,1499,1499,-,-,-,-
AIIMS-All India,SC,West Bengal,"AIIMS, Kalyani",DERMATOLOGY,-,-,-,-,-,-,-,-,-,-,-,-,-
AIIMS-Inst. Pref,UR-AIIMS-IP,Telangana,"AIIMS, Bibinagar",GENERAL MEDICINE,-,-,-,-,-,521,-,-,-,-,-,-,-
AIIMS-All India,SC,Andhra Pradesh,"AIIMS, Mangalagiri",DERMATOLOGY,-,-,-,-,-,-,-,-,-,-,-,-,-
AIIMS-All India,UR,Telangana,"AIIMS, Bibinagar",ORTHOPAEDICS,-,-,-,-,-,-,-,948,1529,-,-,-,-
JIMPER-Inst. Pref,INST (JIPMER)-PwD,Pondicherry,"JIPMER, Puducherry",PMR,-,-,-,-,-,-,1531,-,-,-,-,-,-
AIIMS-Inst. Pref,UR-AIIMS-IP,Uttar Pradesh,"AIIMS, Rai Bareli",PSYCHIATRY,-,-,-,-,-,1533,937,937,1533,-,-,-,-
AIIMS-All India,UR,Madhya Pradesh,"AIIMS, Bhopal",FAMILY MEDICINE,-,-,-,-,-,1111,1132,1538,-,-,-,-,-
AIIMS-All India,UR,Gujarat,"AIIMS, Rajkot",RADIATION ONCOLOGY,-,-,-,-,-,716,861,1278,1539,-,-,-,-
AIIMS-All India,EWS,Bihar,"AIIMS, Patna",OPHTHALMOLOGY,-,-,-,-,-,1541,1365,1365,-,-,-,-,-
AIIMS-All India,EWS,Maharashtra,"AIIMS, Nagpur",OPHTHALMOLOGY,-,-,-,-,-,-,-,-,-,-,-,-,-
AIIMS-All India,EWS,Odisha,"AIIMS, Bhubaneswar",ORTHOPAEDICS,-,-,-,-,-,-,-,-,-,-,-,-,-
AIIMS-All India,OBC,Telangana,"AIIMS, Bibinagar",ORTHOPAEDICS,-,-,-,-,-,1314,1468,1544,-,-,-,-,-
AIIMS-All India,UR,Assam,"AIIMS, Guwahati",ENT,-,-,-,-,-,810,810,810,810,-,-,-,-
AIIMS-All India,OBC,Odisha,"AIIMS, Bhubaneswar",EMERGENCY MEDICINE,-,-,-,-,-,-,-,-,-,-,-,-,-
AIIMS-All India,EWS,Punjab,"AIIMS, Bathinda",ENT,-,-,-,-,-,-,-,-,-,-,-,-,-
AIIMS-All India,UR,Assam,"AIIMS, Guwahati",EMERGENCY MEDICINE,-,-,-,-,-,-,-,-,-,-,-,-,-
AIIMS-All India,UR,Rajasthan,"AIIMS, Jodhpur",FAMILY MEDICINE,-,-,-,-,-,937,1111,1132,-,-,-,-,-
AIIMS-All India,OBC,Telangana,"AIIMS, Bibinagar",ENT,-,-,-,-,-,1548,1608,-,-,-,-,-,-
AIIMS-All India,OBC,Gujarat,"AIIMS, Rajkot",OPHTHALMOLOGY,-,-,-,-,-,-,-,-,-,-,-,-,-
AIIMS-All India,OBC,Himachal Pradesh,"AIIMS, Bilaspur, Himachal",OBG,-,-,-,-,-,-,-,-,-,-,-,-,-
AIIMS-All India,SC,Gujarat,"AIIMS, Rajkot",RADIO DIAGNOSIS,-,-,-,-,-,-,-,-,-,-,-,-,-
AIIMS-All India,UR,Telangana,"AIIMS, Bibinagar",ANAESTHESIOLOGY,-,-,-,-,-,-,906,1237,1649,-,-,-,-
AIIMS-All India,EWS,Uttar Pradesh,"AIIMS, Gorakhpur",OBG,-,-,-,-,-,-,-,-,-,-,-,-,-
AIIMS-All India,EWS,Himachal Pradesh,"AIIMS, Bilaspur, Himachal",ENT,-,-,-,-,-,-,-,-,-,-,-,-,-
NIMHANS-NE Domicile,EWS-North East Domicile,Karnataka,"NIMHANS, Bangalore",PSYCHIATRY,-,-,-,-,-,-,-,-,-,-,-,-,-
JIMPER-Inst. Pref,INST (JIPMER),Pondicherry,"JIPMER, Puducherry",RADIATION ONCOLOGY,-,-,-,-,-,-,-,-,-,-,-,-,-
AIIMS-All India,UR,Gujarat,"AIIMS, Rajkot",FAMILY MEDICINE,-,-,-,-,-,-,-,-,-,-,-,-,-
AIIMS-All India,UR,Rajasthan,"AIIMS, Jodhpur",PMR,-,-,-,-,-,1288,-,1673,-,-,-,-,-
AIIMS-All India,UR,Assam,"AIIMS, Guwahati",OPHTHALMOLOGY,-,-,-,-,-,827,837,967,967,-,-,-,-
AIIMS-All India,ST,Delhi,"AIIMS, Delhi",DERMATOLOGY,-,-,-,-,-,-,-,-,-,-,-,-,-
AIIMS-All India,EWS,Madhya Pradesh,"AIIMS, Bhopal",ENT,-,-,-,-,-,1386,1583,1681,-,-,-,-,-
AIIMS-All India,UR,Himachal Pradesh,"AIIMS, Bilaspur, Himachal",ENT,-,-,-,-,-,803,803,803,1689,-,-,-,-
AIIMS-All India,UR,Uttarakhand,"AIIMS, Rishikesh",PMR,-,-,-,-,-,-,-,-,-,-,-,-,-
AIIMS-All India,UR,Punjab,"AIIMS, Bathinda",ANAESTHESIOLOGY,-,-,-,-,-,-,-,-,-,-,-,-,-
JIPMER-All India,SC-PwD,Pondicherry,"JIPMER, Puducherry",OBG,-,-,-,-,-,-,1696,-,-,-,-,-,-
AIIMS-All India,OBC,Odisha,"AIIMS, Bhubaneswar",RADIATION ONCOLOGY,-,-,-,-,-,-,-,-,-,-,-,-,-
AIIMS-All India,OBC,Gujarat,"AIIMS, Rajkot",ORTHOPAEDICS,-,-,-,-,-,-,-,-,-,-,-,-,-
AIIMS-All India,UR,Jammu and Kashmir,"AIIMS, Jammu",ENT,-,-,-,-,-,1027,1107,1124,1124,-,-,-,-
AIIMS-All India,UR,Jammu and Kashmir,"AIIMS, Jammu",OPHTHALMOLOGY,-,-,-,-,-,-,-,-,-,-,-,-,-
AIIMS-All India,UR,Jammu and Kashmir,"AIIMS, Jammu",PSYCHIATRY,-,-,-,-,-,-,-,-,-,-,-,-,-
AIIMS-All India,UR,Uttar Pradesh,"AIIMS, Rai Bareli",ANAESTHESIOLOGY,-,-,-,-,-,-,-,-,-,-,-,-,-
AIIMS-Inst. Pref,UR-AIIMS-IP,Maharashtra,"AIIMS, Nagpur",RADIATION ONCOLOGY,-,-,-,-,-,1757,-,-,-,-,-,-,-
AIIMS-All India,EWS,Madhya Pradesh,"AIIMS, Bhopal",EMERGENCY MEDICINE,-,-,-,-,-,-,-,-,-,-,-,-,-
AIIMS-All India,UR,Jammu and Kashmir,"AIIMS, Jammu",PAEDIATRIC SURGERY 6 YRS,-,-,-,-,-,833,1027,1051,1772,-,-,-,-
AIIMS-All India,SC,Himachal Pradesh,"AIIMS, Bilaspur, Himachal",DERMATOLOGY,-,-,-,-,-,1773,1773,-,-,-,-,-,-
AIIMS-All India,SC,Maharashtra,"AIIMS, Nagpur",GENERAL MEDICINE,-,-,-,-,-,-,-,-,-,-,-,-,-
AIIMS-All India,SC,Odisha,"AIIMS, Bhubaneswar",DERMATOLOGY,-,-,-,-,-,1277,1277,1789,-,-,-,-,-
AIIMS-All India,EWS,Gujarat,"AIIMS, Rajkot",ORTHOPAEDICS,-,-,-,-,-,-,-,-,-,-,-,-,-
AIIMS-All India,UR,West Bengal,"AIIMS, Kalyani",ENT,-,-,-,-,-,606,606,-,1825,-,-,-,-
AIIMS-Inst. Pref,UR-AIIMS-IP,Punjab,"AIIMS, Bathinda",GENERAL MEDICINE,-,-,-,-,-,-,364,364,-,-,-,-,-
JIPMER-All India,ST,Pondicherry,"JIPMER, Puducherry",NUCLEAR MEDICINE,-,-,-,-,-,-,-,-,-,-,-,-,-
AIIMS-All India,SC,Telangana,"AIIMS, Bibinagar",DERMATOLOGY,-,-,-,-,-,1467,1789,1832,-,-,-,-,-
AIIMS-All India,EWS,West Bengal,"AIIMS, Kalyani",GENERAL SURGERY,-,-,-,-,-,1094,1170,1170,1872,-,-,-,-
AIIMS-Inst. Pref,UR-AIIMS-IP,Punjab,"AIIMS, Bathinda",PLASTIC SURGERY 6 YRS,-,-,-,-,-,1272,789,1874,-,-,-,-,-
AIIMS-All India,UR,Himachal Pradesh,"AIIMS, Bilaspur, Himachal",RADIATION ONCOLOGY,-,-,-,-,-,779,779,973,-,-,-,-,-
AIIMS-All India,OBC,Uttar Pradesh,"AIIMS, Gorakhpur",OPHTHALMOLOGY,-,-,-,-,-,-,-,-,-,-,-,-,-
AIIMS-All India,SC,Telangana,"AIIMS, Bibinagar",GENERAL MEDICINE,-,-,-,-,-,1073,1073,1893,-,-,-,-,-
AIIMS-All India,OBC,Rajasthan,"AIIMS, Jodhpur",EMERGENCY MEDICINE,-,-,-,-,-,756,1151,1925,-,-,-,-,-
AIIMS-All India,UR,Uttar Pradesh,"AIIMS, Gorakhpur",TRAUMASURG&CC (6 YRS),-,-,-,-,-,-,960,1228,1955,-,-,-,-
JIPMER-All India,OBC,Pondicherry,"JIPMER, Puducherry",PMR,-,-,-,-,-,1960,-,-,-,-,-,-,-
JIPMER-All India,EWS,Pondicherry,"JIPMER, Puducherry",EMERGENCY MEDICINE,-,-,-,-,-,-,-,-,-,-,-,-,-
AIIMS-All India,OBC,West Bengal,"AIIMS, Kalyani",ORTHOPAEDICS,-,-,-,-,-,1274,1500,1760,1968,-,-,-,-
JIPMER-All India,SC,Pondicherry,"JIPMER, Puducherry",PAEDIATRICS,-,-,-,-,-,766,-,-,-,-,-,-,-
AIIMS-All India,EWS,Telangana,"AIIMS, Bibinagar",ORTHOPAEDICS,-,-,-,-,-,1380,1680,1808,-,-,-,-,-
AIIMS-All India,OBC,Bihar,"AIIMS, Patna",RADIATION ONCOLOGY,-,-,-,-,-,-,-,-,-,-,-,-,-
AIIMS-All India,ST,Bihar,"AIIMS, Patna",RADIO DIAGNOSIS,-,-,-,-,-,-,-,-,-,-,-,-,-
AIIMS-All India,UR,Maharashtra,"AIIMS, Nagpur",FAMILY MEDICINE,-,-,-,-,-,-,-,-,-,-,-,-,-
AIIMS-All India,ST,Madhya Pradesh,"AIIMS, Bhopal",GENERAL MEDICINE,-,-,-,-,-,2030,2030,-,-,-,-,-,-
AIIMS-All India,SC,Uttarakhand,"AIIMS, Rishikesh",ORTHOPAEDICS,-,-,-,-,-,2056,2056,2056,-,-,-,-,-
AIIMS-All India,EWS,West Bengal,"AIIMS, Kalyani",OPHTHALMOLOGY,-,-,-,-,-,-,-,-,-,-,-,-,-
AIIMS-All India,OBC,Jammu and Kashmir,"AIIMS, Jammu",EMERGENCY MEDICINE,-,-,-,-,-,-,-,-,-,-,-,-,-
AIIMS-All India,EWS,Telangana,"AIIMS, Bibinagar",ANAESTHESIOLOGY,-,-,-,-,-,-,-,-,-,-,-,-,-
JIPMER-All India,SC-PwD,Pondicherry,"JIPMER, Puducherry",GENERAL MEDICINE,-,-,-,-,-,-,-,-,-,-,-,-,-
AIIMS-All India,OBC,Telangana,"AIIMS, Bibinagar",OBG,-,-,-,-,-,826,826,1199,2097,-,-,-,-
AIIMS-All India,OBC,Punjab,"AIIMS, Bathinda",ENT,-,-,-,-,-,1544,1544,2113,2113,-,-,-,-
AIIMS-All India,OBC,Himachal Pradesh,"AIIMS, Bilaspur, Himachal",OPHTHALMOLOGY,-,-,-,-,-,1838,2114,2114,2114,-,-,-,-
AIIMS-All India,SC,Uttar Pradesh,"AIIMS, Gorakhpur",DERMATOLOGY,-,-,-,-,-,-,-,-,-,-,-,-,-
AIIMS-All India,EWS,Uttarakhand,"AIIMS, Rishikesh",EMERGENCY MEDICINE,-,-,-,-,-,668,1510,2146,2146,-,-,-,-
JIMPER-Inst. Pref,INST (JIPMER),Pondicherry,"JIPMER, Puducherry",OPHTHALMOLOGY,-,-,-,-,-,541,1366,-,2171,-,-,-,-
AIIMS-Inst. Pref,UR-AIIMS-IP,Madhya Pradesh,"AIIMS, Bhopal",GERIATRICS,-,-,-,-,-,-,-,-,-,-,-,-,-
AIIMS-All India,EWS,West Bengal,"AIIMS, Kalyani",ENT,-,-,-,-,-,1836,2219,2219,-,-,-,-,-
AIIMS-All India,ST,Madhya Pradesh,"AIIMS, Bhopal",DERMATOLOGY,-,-,-,-,-,-,-,-,-,-,-,-,-
AIIMS-All India,OBC,Telangana,"AIIMS, Bibinagar",OPHTHALMOLOGY,-,-,-,-,-,1608,2151,2230,-,-,-,-,-
AIIMS-All India,UR,Chhattisgarh,"AIIMS, Raipur",FAMILY MEDICINE,-,-,-,-,-,-,-,-,-,-,-,-,-
AIIMS-All India,SC,Rajasthan,"AIIMS, Jodhpur",NUCLEAR MEDICINE,-,-,-,-,-,-,-,-,-,-,-,-,-
AIIMS-All India,OBC,Madhya Pradesh,"AIIMS, Bhopal",EMERGENCY MEDICINE,-,-,-,-,-,929,1480,1960,2247,-,-,-,-
AIIMS-All India,EWS,Himachal Pradesh,"AIIMS, Bilaspur, Himachal",OBG,-,-,-,-,-,881,881,1037,2251,-,-,-,-
AIIMS-All India,ST,Uttarakhand,"AIIMS, Rishikesh",DERMATOLOGY,-,-,-,-,-,2254,2254,2254,-,-,-,-,-
AIIMS-All India,OBC,Maharashtra,"AIIMS, Nagpur",PSYCHIATRY,-,-,-,-,-,-,-,-,-,-,-,-,-
AIIMS-All India,EWS,Chhattisgarh,"AIIMS, Raipur",ENT,-,-,-,-,-,-,-,-,-,-,-,-,-
AIIMS-Inst. Pref,UR-AIIMS-IP,Uttarakhand,"AIIMS, Rishikesh",PSYCHIATRY,-,-,-,-,-,2156,1957,2327,2327,-,-,-,-
AIIMS-All India,EWS,Odisha,"AIIMS, Bhubaneswar",OPHTHALMOLOGY,-,-,-,-,-,1365,1953,2329,2329,-,-,-,-
AIIMS-All India,OBC,Uttar Pradesh,"AIIMS, Rai Bareli",ENT,-,-,-,-,-,-,-,-,-,-,-,-,-
AIIMS-All India,EWS,Assam,"AIIMS, Guwahati",OBG,-,-,-,-,-,-,-,-,-,-,-,-,-
AIIMS-All India,UR,Jammu and Kashmir,"AIIMS, Jammu",RADIATION ONCOLOGY,-,-,-,-,-,-,-,-,-,-,-,-,-
AIIMS-All India,UR,Delhi,"AIIMS, Delhi",PHARMACOLOGY,-,-,-,-,-,-,1223,1616,-,-,-,-,-
AIIMS-All India,EWS,Jharkhand,"AIIMS, Deoghar",ORTHOPAEDICS,-,-,-,-,-,-,-,-,-,-,-,-,-
AIIMS-All India,OBC,West Bengal,"AIIMS, Kalyani",EMERGENCY MEDICINE,-,-,-,-,-,1750,1857,2397,2397,-,-,-,-
AIIMS-All India,UR,Uttar Pradesh,"AIIMS, Gorakhpur",PATHOLOGY,-,-,-,-,-,-,-,-,-,-,-,-,-
AIIMS-All India,ST,Himachal Pradesh,"AIIMS, Bilaspur, Himachal",RADIO DIAGNOSIS,-,-,-,-,-,2237,2431,-,-,-,-,-,-
AIIMS-Inst. Pref,UR-AIIMS-IP,Odisha,"AIIMS, Bhubaneswar",PSYCHIATRY,-,-,-,-,-,2442,-,-,-,-,-,-,-
AIIMS-All India,EWS,Himachal Pradesh,"AIIMS, Bilaspur, Himachal",OPHTHALMOLOGY,-,-,-,-,-,1877,1816,2447,2447,-,-,-,-
AIIMS-All India,OBC,West Bengal,"AIIMS, Kalyani",ENT,-,-,-,-,-,1313,1748,2451,-,-,-,-,-
AIIMS-Inst. Pref,UR-AIIMS-IP,Delhi,"AIIMS, Delhi",EMERGENCY MEDICINE,-,-,-,-,-,449,2453,-,-,-,-,-,-
AIIMS-All India,OBC,Rajasthan,"AIIMS, Jodhpur",PSYCHIATRY,-,-,-,-,-,1158,1158,1571,1753,-,-,-,-
AIIMS-All India,EWS,Assam,"AIIMS, Guwahati",ANAESTHESIOLOGY,-,-,-,-,-,-,-,-,-,-,-,-,-
AIIMS-Inst. Pref,UR-AIIMS-IP,Delhi,"AIIMS, Delhi",BIOCHEMISTRY,-,-,-,-,-,2476,-,-,-,-,-,-,-
AIIMS-All India,OBC,Odisha,"AIIMS, Bhubaneswar",ENT,-,-,-,-,-,1143,1194,1194,2264,-,-,-,-
AIIMS-All India,EWS,Odisha,"AIIMS, Bhubaneswar",EMERGENCY MEDICINE,-,-,-,-,-,1448,2074,2509,2509,-,-,-,-
AIIMS-All India,OBC,Uttar Pradesh,"AIIMS, Gorakhpur",ENT,-,-,-,-,-,1433,1809,2510,2386,-,-,-,-
AIIMS-Inst. Pref,UR-AIIMS-IP,Bihar,"AIIMS, Patna",EMERGENCY MEDICINE,-,-,-,-,-,771,2511,2511,-,-,-,-,-
AIIMS-All India,EWS,Jammu and Kashmir,"AIIMS, Jammu",RADIATION ONCOLOGY,-,-,-,-,-,-,-,-,-,-,-,-,-
AIIMS-All India,OBC-PwD,Rajasthan,"AIIMS, Jodhpur",GENERAL MEDICINE,-,-,-,-,-,-,-,-,-,-,-,-,-
JIPMER-All India,OBC-PwD,Pondicherry,"JIPMER, Puducherry",FORENSIC MEDICINE,-,-,-,-,-,-,-,-,-,-,-,-,-
AIIMS-All India,OBC,Uttar Pradesh,"AIIMS, Rai Bareli",OPHTHALMOLOGY,-,-,-,-,-,1364,1661,2533,2533,-,-,-,-
AIIMS-All India,SC,Assam,"AIIMS, Guwahati",DERMATOLOGY,-,-,-,-,-,-,-,-,-,-,-,-,-
AIIMS-All India,OBC,Jammu and Kashmir,"AIIMS, Jammu",PSYCHIATRY,-,-,-,-,-,2230,2020,2556,2556,-,-,-,-
JIPMER-All India,ST-PwD,Pondicherry,"JIPMER, Puducherry",DERMATOLOGY,-,-,-,-,-,-,-,-,-,-,-,-,-
AIIMS-Inst. Pref,UR-AIIMS-IP,Chhattisgarh,"AIIMS, Raipur",PSYCHIATRY,-,-,-,-,-,588,588,588,1416,-,-,-,-
AIIMS-All India,EWS,Jammu and Kashmir,"AIIMS, Jammu",ENT,-,-,-,-,-,-,-,-,-,-,-,-,-
AIIMS-All India,EWS,Jammu and Kashmir,"AIIMS, Jammu",OBG,-,-,-,-,-,982,1037,1541,2626,-,-,-,-
AIIMS-All India,SC,Himachal Pradesh,"AIIMS, Bilaspur, Himachal",PAEDIATRICS,-,-,-,-,-,2628,2170,2628,-,-,-,-,-
AIIMS-All India,SC,Uttar Pradesh,"AIIMS, Gorakhpur",PAEDIATRICS,-,-,-,-,-,2630,2630,-,-,-,-,-,-
AIIMS-Inst. Pref,UR-AIIMS-IP,Uttar Pradesh,"AIIMS, Gorakhpur",OPHTHALMOLOGY,-,-,-,-,-,-,-,-,-,-,-,-,-
AIIMS-All India,OBC,Punjab,"AIIMS, Bathinda",RADIATION ONCOLOGY,-,-,-,-,-,1267,1314,1415,1508,-,-,-,-
AIIMS-Inst. Pref,UR-AIIMS-IP,Uttar Pradesh,"AIIMS, Gorakhpur",TRAUMASURG&CC (6 YRS),-,-,-,-,-,2684,-,-,-,-,-,-,-
AIIMS-All India,SC,Gujarat,"AIIMS, Rajkot",GENERAL SURGERY,-,-,-,-,-,-,-,-,-,-,-,-,-
AIIMS-All India,UR,Delhi,"AIIMS, Delhi",IHBT,-,-,-,-,-,-,-,1738,2686,-,-,-,-
AIIMS-Inst. Pref,UR-AIIMS-IP,Punjab,"AIIMS, Bathinda",CARDIO THORACIC AND VASCULAR SURGERY 6 YRS,-,-,-,-,-,-,2696,-,-,-,-,-,-
AIIMS-All India,EWS,Jammu and Kashmir,"AIIMS, Jammu",OPHTHALMOLOGY,-,-,-,-,-,-,-,-,-,-,-,-,-
AIIMS-All India,SC,Chhattisgarh,"AIIMS, Raipur",PAEDIATRICS,-,-,-,-,-,1893,1467,1467,2717,-,-,-,-
AIIMS-All India,ST,Odisha,"AIIMS, Bhubaneswar",DERMATOLOGY,-,-,-,-,-,2725,2725,-,-,-,-,-,-
AIIMS-All India,OBC,Jammu and Kashmir,"AIIMS, Jammu",RADIATION ONCOLOGY,-,-,-,-,-,-,-,-,-,-,-,-,-
AIIMS-All India,UR,Madhya Pradesh,"AIIMS, Bhopal",PMR,-,-,-,-,-,1216,1216,2013,2813,-,-,-,-
AIIMS-Inst. Pref,UR-AIIMS-IP,Telangana,"AIIMS, Bibinagar",ORTHOPAEDICS,-,-,-,-,-,2836,2836,-,-,-,-,-,-
AIIMS-All India,ST,Telangana,"AIIMS, Bibinagar",GENERAL MEDICINE,-,-,-,-,-,2857,2857,-,-,-,-,-,-
AIIMS-Inst. Pref,UR-AIIMS-IP,Telangana,"AIIMS, Bibinagar",OBG,-,-,-,-,-,2864,1945,2864,-,-,-,-,-
AIIMS-All India,OBC,Gujarat,"AIIMS, Rajkot",RADIATION ONCOLOGY,-,-,-,-,-,-,-,-,-,-,-,-,-
JIPMER-All India,ST,Pondicherry,"JIPMER, Puducherry",RADIO DIAGNOSIS,-,-,-,-,-,-,-,-,-,-,-,-,-
AIIMS-All India,UR,Odisha,"AIIMS, Bhubaneswar",PMR,-,-,-,-,-,-,-,-,2879,-,-,-,-
AIIMS-Inst. Pref,UR-AIIMS-IP,Bihar,"AIIMS, Patna",RADIATION ONCOLOGY,-,-,-,-,-,2208,886,-,2774,-,-,-,-
PGIMER-Rural,UR-RA,Chandigarh,"PGIMER, Chandigarh",GENERAL MEDICINE,-,-,-,-,-,529,529,2910,-,-,-,-,-
AIIMS-All India,UR,West Bengal,"AIIMS, Kalyani",HOSPITAL ADMINISTRATION,-,-,-,-,-,-,2200,2911,-,-,-,-,-
AIIMS-Inst. Pref,UR-AIIMS-IP,Uttarakhand,"AIIMS, Rishikesh",ENT,-,-,-,-,-,2920,2920,2624,-,-,-,-,-
PGIMER-All India,SC,Chandigarh,"PGIMER, Chandigarh",ENT,-,-,-,-,-,2924,2924,2924,-,-,-,-,-
AIIMS-All India,OBC,Andhra Pradesh,"AIIMS, Mangalagiri",ENT,-,-,-,-,-,1022,1355,2284,2928,-,-,-,-
AIIMS-All India,UR,Bihar,"AIIMS, Patna",COMMUNITY & FAMILY MEDICINE,-,-,-,-,-,-,-,-,-,-,-,-,-
AIIMS-All India,OBC,Telangana,"AIIMS, Bibinagar",PSYCHIATRY,-,-,-,-,-,1347,1620,1620,2953,-,-,-,-
AIIMS-All India,UR,Chhattisgarh,"AIIMS, Raipur",PMR,-,-,-,-,-,1632,1926,2492,2969,-,-,-,-
AIIMS-All India,OBC,West Bengal,"AIIMS, Kalyani",ANAESTHESIOLOGY,-,-,-,-,-,2102,2304,2988,2988,-,-,-,-
AIIMS-All India,EWS,Uttar Pradesh,"AIIMS, Gorakhpur",ENT,-,-,-,-,-,-,-,-,-,-,-,-,-
AIIMS-All India,EWS,Andhra Pradesh,"AIIMS, Mangalagiri",ANAESTHESIOLOGY,-,-,-,-,-,1471,2181,2996,-,-,-,-,-
AIIMS-All India,OBC,Maharashtra,"AIIMS, Nagpur",PHARMACOLOGY,-,-,-,-,-,3000,3000,3000,-,-,-,-,-
AIIMS-Inst. Pref,UR-AIIMS-IP,Rajasthan,"AIIMS, Jodhpur",NEUROSURGERY 6 YRS,-,-,-,-,-,-,-,-,-,-,-,-,-
AIIMS-All India,OBC,Jharkhand,"AIIMS, Deoghar",PSYCHIATRY,-,-,-,-,-,-,-,-,-,-,-,-,-
AIIMS-All India,EWS,Uttarakhand,"AIIMS, Rishikesh",ANAESTHESIOLOGY,-,-,-,-,-,1256,1013,1964,-,-,-,-,-
AIIMS-Inst. Pref,UR-AIIMS-IP,Odisha,"AIIMS, Bhubaneswar",OBG,-,-,-,-,-,608,874,3063,-,-,-,-,-
AIIMS-All India,SC,Uttarakhand,"AIIMS, Rishikesh",COMMUNITY MEDICINE,-,-,-,-,-,3065,3065,-,-,-,-,-,-
AIIMS-Inst. Pref,UR-AIIMS-IP,Uttarakhand,"AIIMS, Rishikesh",GENERAL SURGERY,-,-,-,-,-,-,-,-,-,-,-,-,-
AIIMS-All India,ST,Uttarakhand,"AIIMS, Rishikesh",NUCLEAR MEDICINE,-,-,-,-,-,3075,3075,3075,-,-,-,-,-
AIIMS-Inst. Pref,UR-AIIMS-IP,Telangana,"AIIMS, Bibinagar",OPHTHALMOLOGY,-,-,-,-,-,-,-,-,-,-,-,-,-
AIIMS-All India,UR,Chhattisgarh,"AIIMS, Raipur",PHARMACOLOGY,-,-,-,-,-,-,-,-,-,-,-,-,-
AIIMS-Inst. Pref,UR-AIIMS-IP,Rajasthan,"AIIMS, Jodhpur",EMERGENCY MEDICINE,-,-,-,-,-,-,-,-,-,-,-,-,-
AIIMS-All India,OBC,Jammu and Kashmir,"AIIMS, Jammu",OPHTHALMOLOGY,-,-,-,-,-,1888,2098,2151,3113,-,-,-,-
AIIMS-All India,ST,Maharashtra,"AIIMS, Nagpur",DERMATOLOGY,-,-,-,-,-,-,-,-,-,-,-,-,-
AIIMS-All India,UR,Jammu and Kashmir,"AIIMS, Jammu",FAMILY MEDICINE,-,-,-,-,-,-,-,-,-,-,-,-,-
AIIMS-All India,OBC,Bihar,"AIIMS, Patna",PSYCHIATRY,-,-,-,-,-,-,-,-,-,-,-,-,-
AIIMS-All India,EWS,Chhattisgarh,"AIIMS, Raipur",ANAESTHESIOLOGY,-,-,-,-,-,1964,2757,2815,2815,-,-,-,-
AIIMS-All India,EWS,Andhra Pradesh,"AIIMS, Mangalagiri",ORTHOPAEDICS,-,-,-,-,-,1299,1299,-,3192,-,-,-,-
AIIMS-All India,OBC-PwD,Delhi,"AIIMS, Delhi",GENERAL MEDICINE,-,-,-,-,-,-,-,-,-,-,-,-,-
AIIMS-All India,UR,Delhi,"AIIMS, Delhi",HOSPITAL ADMINISTRATION,-,-,-,-,-,-,-,-,-,-,-,-,-
AIIMS-Inst. Pref,UR-AIIMS-IP,Uttar Pradesh,"AIIMS, Gorakhpur",PHARMACOLOGY,-,-,-,-,-,-,-,-,-,-,-,-,-
AIIMS-All India,OBC,Gujarat,"AIIMS, Rajkot",ENT,-,-,-,-,-,1400,1508,2574,2977,-,-,-,-
AIIMS-Inst. Pref,UR-AIIMS-IP,Uttar Pradesh,"AIIMS, Rai Bareli",OBG,-,-,-,-,-,3223,1533,1533,-,-,-,-,-
AIIMS-All India,ST,Chhattisgarh,"AIIMS, Raipur",NUCLEAR MEDICINE,-,-,-,-,-,3261,3261,-,-,-,-,-,-
AIIMS-All India,EWS,Uttarakhand,"AIIMS, Rishikesh",RADIATION ONCOLOGY,-,-,-,-,-,-,-,-,-,-,-,-,-
AIIMS-Inst. Pref,UR-AIIMS-IP,Madhya Pradesh,"AIIMS, Bhopal",ENT,-,-,-,-,-,-,-,-,-,-,-,-,-
AIIMS-All India,EWS,Uttar Pradesh,"AIIMS, Gorakhpur",PSYCHIATRY,-,-,-,-,-,1800,1800,3310,-,-,-,-,-
AIIMS-All India,ST,Uttarakhand,"AIIMS, Rishikesh",GENERAL MEDICINE,-,-,-,-,-,1528,1528,1528,-,-,-,-,-
AIIMS-All India,OBC,Rajasthan,"AIIMS, Jodhpur",PMR,-,-,-,-,-,-,-,-,-,-,-,-,-
AIIMS-All India,UR,West Bengal,"AIIMS, Kalyani",PMR,-,-,-,-,-,-,1779,2303,3313,-,-,-,-
AIIMS-Inst. Pref,UR-AIIMS-IP,Rajasthan,"AIIMS, Jodhpur",OPHTHALMOLOGY,-,-,-,-,-,-,-,-,-,-,-,-,-
AIIMS-All India,OBC,Assam,"AIIMS, Guwahati",EMERGENCY MEDICINE,-,-,-,-,-,1588,1960,2417,3355,-,-,-,-
AIIMS-All India,EWS,West Bengal,"AIIMS, Kalyani",ANAESTHESIOLOGY,-,-,-,-,-,2181,2815,3064,3370,-,-,-,-
AIIMS-All India,OBC,Assam,"AIIMS, Guwahati",OPHTHALMOLOGY,-,-,-,-,-,1304,2230,2554,3379,-,-,-,-
AIIMS-All India,ST,Telangana,"AIIMS, Bibinagar",RADIO DIAGNOSIS,-,-,-,-,-,-,-,-,-,-,-,-,-
AIIMS-All India,OBC,Assam,"AIIMS, Guwahati",PSYCHIATRY,-,-,-,-,-,2011,2364,2364,2364,-,-,-,-
AIIMS-All India,SC,Rajasthan,"AIIMS, Jodhpur",GENERAL SURGERY,-,-,-,-,-,1841,1841,2545,-,-,-,-,-
AIIMS-All India,EWS,Uttar Pradesh,"AIIMS, Gorakhpur",ANAESTHESIOLOGY,-,-,-,-,-,2251,2850,3311,3458,-,-,-,-
AIIMS-All India,SC,Bihar,"AIIMS, Patna",OBG,-,-,-,-,-,2660,3092,3472,3472,-,-,-,-
AIIMS-All India,ST,Chhattisgarh,"AIIMS, Raipur",GENERAL MEDICINE,-,-,-,-,-,1306,1306,-,-,-,-,-,-
AIIMS-Inst. Pref,UR-AIIMS-IP,Jharkhand,"AIIMS, Deoghar",PHARMACOLOGY,-,-,-,-,-,3503,-,-,-,-,-,-,-
AIIMS-All India,OBC,Uttar Pradesh,"AIIMS, Rai Bareli",ANAESTHESIOLOGY,-,-,-,-,-,1981,2288,3059,3507,-,-,-,-
AIIMS-All India,SC,West Bengal,"AIIMS, Kalyani",PAEDIATRICS,-,-,-,-,-,1207,1207,1207,-,-,-,-,-
AIIMS-All India,EWS,Andhra Pradesh,"AIIMS, Mangalagiri",OPHTHALMOLOGY,-,-,-,-,-,-,-,-,-,-,-,-,-
AIIMS-Inst. Pref,UR-AIIMS-IP,Uttar Pradesh,"AIIMS, Rai Bareli",GENERAL SURGERY,-,-,-,-,-,1346,-,-,-,-,-,-,-
AIIMS-All India,UR,Andhra Pradesh,"AIIMS, Mangalagiri",PMR,-,-,-,-,-,-,1517,-,-,-,-,-,-
AIIMS-All India,SC,Odisha,"AIIMS, Bhubaneswar",OBG,-,-,-,-,-,1771,1771,-,-,-,-,-,-
AIIMS-All India,EWS,Gujarat,"AIIMS, Rajkot",ANAESTHESIOLOGY,-,-,-,-,-,2447,2996,3233,3597,-,-,-,-
AIIMS-All India,OBC,Himachal Pradesh,"AIIMS, Bilaspur, Himachal",ENT,-,-,-,-,-,1661,1888,-,3608,-,-,-,-
JIPMER-All India,ST,Pondicherry,"JIPMER, Puducherry",TBRD,-,-,-,-,-,-,-,-,-,-,-,-,-
AIIMS-All India,OBC,Gujarat,"AIIMS, Rajkot",FAMILY MEDICINE,-,-,-,-,-,2405,2428,3638,-,-,-,-,-
AIIMS-All India,EWS,Uttar Pradesh,"AIIMS, Rai Bareli",ANAESTHESIOLOGY,-,-,-,-,-,-,-,-,-,-,-,-,-
AIIMS-All India,SC,Andhra Pradesh,"AIIMS, Mangalagiri",OBG,-,-,-,-,-,-,-,-,-,-,-,-,-
AIIMS-Inst. Pref,UR-AIIMS-IP,Maharashtra,"AIIMS, Nagpur",NEUROSURGERY 6 YRS,-,-,-,-,-,233,233,233,-,-,-,-,-
AIIMS-All India,OBC,Andhra Pradesh,"AIIMS, Mangalagiri",PATHOLOGY,-,-,-,-,-,1693,3459,3459,-,-,-,-,-
AIIMS-Inst. Pref,UR-AIIMS-IP,Uttarakhand,"AIIMS, Rishikesh",PAEDIATRIC SURGERY 6 YRS,-,-,-,-,-,3703,3703,3703,-,-,-,-,-
AIIMS-Inst. Pref,UR-AIIMS-IP,Maharashtra,"AIIMS, Nagpur",FAMILY MEDICINE,-,-,-,-,-,-,-,-,-,-,-,-,-
AIIMS-Inst. Pref,UR-AIIMS-IP,Punjab,"AIIMS, Bathinda",MICROBIOLOGY,-,-,-,-,-,3717,-,-,-,-,-,-,-
AIIMS-All India,EWS,Maharashtra,"AIIMS, Nagpur",EMERGENCY MEDICINE,-,-,-,-,-,-,-,-,-,-,-,-,-
AIIMS-All India,UR,Delhi,"AIIMS, Delhi",BIOPHYSICS,-,-,-,-,-,-,-,-,3770,-,-,-,-
JIPMER-All India,ST,Pondicherry,"JIPMER, Puducherry",DERMATOLOGY,-,-,-,-,-,2963,2963,-,3774,-,-,-,-
AIIMS-All India,SC,Jharkhand,"AIIMS, Deoghar",PAEDIATRICS,-,-,-,-,-,2777,2534,2534,3782,-,-,-,-
AIIMS-All India,SC,West Bengal,"AIIMS, Kalyani",OBG,-,-,-,-,-,3782,946,-,-,-,-,-,-
AIIMS-All India,UR,Himachal Pradesh,"AIIMS, Bilaspur, Himachal",PATHOLOGY,-,-,-,-,-,1631,2058,-,-,-,-,-,-
AIIMS-All India,UR,Uttarakhand,"AIIMS, Rishikesh",PHARMACOLOGY,-,-,-,-,-,-,3291,3808,-,-,-,-,-
AIIMS-All India,OBC,Odisha,"AIIMS, Bhubaneswar",PMR,-,-,-,-,-,-,-,-,-,-,-,-,-
AIIMS-All India,OBC,Jammu and Kashmir,"AIIMS, Jammu",ENT,-,-,-,-,-,-,-,-,-,-,-,-,-
AIIMS-All India,SC,Madhya Pradesh,"AIIMS, Bhopal",ORTHOPAEDICS,-,-,-,-,-,2766,3851,-,-,-,-,-,-
AIIMS-All India,SC,Andhra Pradesh,"AIIMS, Mangalagiri",PAEDIATRICS,-,-,-,-,-,2464,1840,2464,3860,-,-,-,-
AIIMS-Inst. Pref,UR-AIIMS-IP,Chhattisgarh,"AIIMS, Raipur",EMERGENCY MEDICINE,-,-,-,-,-,1376,2529,2661,3838,-,-,-,-
JIPMER-All India,SC-PwD,Pondicherry,"JIPMER, Puducherry",FORENSIC MEDICINE,-,-,-,-,-,-,-,-,-,-,-,-,-
AIIMS-Inst. Pref,UR-AIIMS-IP,Madhya Pradesh,"AIIMS, Bhopal",PSYCHIATRY,-,-,-,-,-,1761,2470,665,665,-,-,-,-
AIIMS-All India,UR,Uttar Pradesh,"AIIMS, Gorakhpur",BIOCHEMISTRY,-,-,-,-,-,3932,3932,-,-,-,-,-,-
AIIMS-All India,SC,Gujarat,"AIIMS, Rajkot",PAEDIATRICS,-,-,-,-,-,-,-,-,-,-,-,-,-
AIIMS-All India,OBC,Jammu and Kashmir,"AIIMS, Jammu",FAMILY MEDICINE,-,-,-,-,-,-,-,-,-,-,-,-,-
JIPMER-All India,OBC,Pondicherry,"JIPMER, Puducherry",FORENSIC MEDICINE,-,-,-,-,-,2944,2944,-,-,-,-,-,-
AIIMS-All India,ST,Rajasthan,"AIIMS, Jodhpur",PAEDIATRICS,-,-,-,-,-,3007,4001,4001,4001,-,-,-,-
AIIMS-All India,OBC,Uttar Pradesh,"AIIMS, Rai Bareli",PSYCHIATRY,-,-,-,-,-,-,-,-,-,-,-,-,-
AIIMS-All India,SC,Madhya Pradesh,"AIIMS, Bhopal",RADIATION ONCOLOGY,-,-,-,-,-,-,-,-,-,-,-,-,-
AIIMS-All India,OBC,Andhra Pradesh,"AIIMS, Mangalagiri",PMR,-,-,-,-,-,3074,3183,4050,-,-,-,-,-
AIIMS-All India,EWS,Jharkhand,"AIIMS, Deoghar",PSYCHIATRY,-,-,-,-,-,-,-,-,-,-,-,-,-
AIIMS-All India,SC,Gujarat,"AIIMS, Rajkot",ORTHOPAEDICS,-,-,-,-,-,-,-,-,-,-,-,-,-
AIIMS-All India,EWS,Jammu and Kashmir,"AIIMS, Jammu",ANAESTHESIOLOGY,-,-,-,-,-,2594,3014,3370,4094,-,-,-,-
AIIMS-All India,EWS,Odisha,"AIIMS, Bhubaneswar",PSYCHIATRY,-,-,-,-,-,1176,1448,1800,4128,-,-,-,-
AIIMS-All India,SC,Uttarakhand,"AIIMS, Rishikesh",ENT,-,-,-,-,-,4132,4132,4132,-,-,-,-,-
JIPMER-All India,SC-PwD,Pondicherry,"JIPMER, Puducherry",PATHOLOGY,-,-,-,-,-,4160,-,-,-,-,-,-,-
AIIMS-All India,SC,Chhattisgarh,"AIIMS, Raipur",ORTHOPAEDICS,-,-,-,-,-,2545,2545,4208,-,-,-,-,-
JIPMER-All India,SC,Pondicherry,"JIPMER, Puducherry",OPHTHALMOLOGY,-,-,-,-,-,2767,2767,4210,4210,-,-,-,-
AIIMS-All India,SC,Telangana,"AIIMS, Bibinagar",PAEDIATRICS,-,-,-,-,-,-,-,-,-,-,-,-,-
AIIMS-All India,OBC,Rajasthan,"AIIMS, Jodhpur",FAMILY MEDICINE,-,-,-,-,-,2287,1971,3300,4245,-,-,-,-
AIIMS-All India,SC,Maharashtra,"AIIMS, Nagpur",ORTHOPAEDICS,-,-,-,-,-,3737,3910,4338,-,-,-,-,-
JIPMER-All India,SC,Pondicherry,"JIPMER, Puducherry",RADIATION ONCOLOGY,-,-,-,-,-,2243,2201,-,2243,-,-,-,-
AIIMS-Inst. Pref,UR-AIIMS-IP,Andhra Pradesh,"AIIMS, Mangalagiri",ANATOMY,-,-,-,-,-,4406,-,-,-,-,-,-,-
NIMHANS-KAR Domicile,EWS-Karnataka Domicile,Karnataka,"NIMHANS, Bangalore",PSYCHIATRY,-,-,-,-,-,-,-,-,-,-,-,-,-
JIPMER-All India,SC,Pondicherry,"JIPMER, Puducherry",PSYCHIATRY,-,-,-,-,-,-,2817,-,-,-,-,-,-
AIIMS-All India,UR,Uttar Pradesh,"AIIMS, Gorakhpur",COMMUNITY & FAMILY MEDICINE,-,-,-,-,-,-,-,-,-,-,-,-,-
AIIMS-All India,ST,Chhattisgarh,"AIIMS, Raipur",OBG,-,-,-,-,-,-,-,-,-,-,-,-,-
AIIMS-Inst. Pref,UR-AIIMS-IP,Telangana,"AIIMS, Bibinagar",ANAESTHESIOLOGY,-,-,-,-,-,4473,-,-,-,-,-,-,-
AIIMS-Inst. Pref,UR-AIIMS-IP,Telangana,"AIIMS, Bibinagar",PAEDIATRIC SURGERY 6 YRS,-,-,-,-,-,-,3591,4473,-,-,-,-,-
AIIMS-All India,SC,Maharashtra,"AIIMS, Nagpur",OPHTHALMOLOGY,-,-,-,-,-,-,-,-,-,-,-,-,-
AIIMS-All India,EWS,Maharashtra,"AIIMS, Nagpur",PHARMACOLOGY,-,-,-,-,-,-,-,-,-,-,-,-,-
PGIMER-All India,OBC,Chandigarh,"PGIMER, Chandigarh",COMMUNITY MEDICINE,-,-,-,-,-,-,-,-,-,-,-,-,-
AIIMS-All India,OBC,Chhattisgarh,"AIIMS, Raipur",FAMILY MEDICINE,-,-,-,-,-,-,-,-,-,-,-,-,-
AIIMS-All India,EWS,Andhra Pradesh,"AIIMS, Mangalagiri",RADIATION ONCOLOGY,-,-,-,-,-,-,-,-,-,-,-,-,-
AIIMS-All India,OBC,Uttarakhand,"AIIMS, Rishikesh",PMR,-,-,-,-,-,2497,3365,4567,-,-,-,-,-
AIIMS-All India,EWS,Delhi,"AIIMS, Delhi",HOSPITAL ADMINISTRATION,-,-,-,-,-,3809,4591,-,-,-,-,-,-
AIIMS-All India,SC,Chhattisgarh,"AIIMS, Raipur",OBG,-,-,-,-,-,1832,2816,3092,3092,-,-,-,-
AIIMS-All India,SC,Chhattisgarh,"AIIMS, Raipur",RADIATION ONCOLOGY,-,-,-,-,-,2617,4615,-,-,-,-,-,-
AIIMS-All India,EWS,Rajasthan,"AIIMS, Jodhpur",FAMILY MEDICINE,-,-,-,-,-,-,-,-,-,-,-,-,-
AIIMS-Inst. Pref,UR-AIIMS-IP,West Bengal,"AIIMS, Kalyani",PAEDIATRICS,-,-,-,-,-,-,4629,4629,-,-,-,-,-
AIIMS-All India,SC,Gujarat,"AIIMS, Rajkot",RADIATION ONCOLOGY,-,-,-,-,-,4672,4672,4672,4672,-,-,-,-
AIIMS-All India,SC,Chhattisgarh,"AIIMS, Raipur",GENERAL SURGERY,-,-,-,-,-,2372,1929,-,-,-,-,-,-
AIIMS-Inst. Pref,UR-AIIMS-IP,Telangana,"AIIMS, Bibinagar",GENERAL SURGERY,-,-,-,-,-,-,1419,1419,-,-,-,-,-
AIIMS-All India,SC,West Bengal,"AIIMS, Kalyani",GENERAL SURGERY,-,-,-,-,-,2042,2042,-,-,-,-,-,-
AIIMS-Inst. Pref,UR-AIIMS-IP,Rajasthan,"AIIMS, Jodhpur",FAMILY MEDICINE,-,-,-,-,-,-,-,-,-,-,-,-,-
AIIMS-All India,UR,Telangana,"AIIMS, Bibinagar",PMR,-,-,-,-,-,-,-,-,-,-,-,-,-
AIIMS-All India,OBC,Odisha,"AIIMS, Bhubaneswar",PATHOLOGY,-,-,-,-,-,2834,2834,3340,3990,-,-,-,-
AIIMS-Inst. Pref,UR-AIIMS-IP,Chhattisgarh,"AIIMS, Raipur",PMR,-,-,-,-,-,-,-,-,-,-,-,-,-
AIIMS-All India,SC,West Bengal,"AIIMS, Kalyani",ORTHOPAEDICS,-,-,-,-,-,4420,4272,4799,-,-,-,-,-
AIIMS-All India,ST,Uttarakhand,"AIIMS, Rishikesh",GENERAL SURGERY,-,-,-,-,-,4805,4805,-,-,-,-,-,-
AIIMS-All India,SC,Telangana,"AIIMS, Bibinagar",ENT,-,-,-,-,-,-,-,-,-,-,-,-,-
AIIMS-All India,SC,Rajasthan,"AIIMS, Jodhpur",ORTHOPAEDICS,-,-,-,-,-,3506,3056,4106,4883,-,-,-,-
AIIMS-All India,SC,Maharashtra,"AIIMS, Nagpur",RADIATION ONCOLOGY,-,-,-,-,-,3611,4909,-,-,-,-,-,-
AIIMS-All India,ST,Odisha,"AIIMS, Bhubaneswar",OBG,-,-,-,-,-,4921,4214,4214,-,-,-,-,-
AIIMS-Inst. Pref,UR-AIIMS-IP,Telangana,"AIIMS, Bibinagar",PAEDIATRICS,-,-,-,-,-,1169,1169,1169,4973,-,-,-,-
AIIMS-All India,ST,Uttarakhand,"AIIMS, Rishikesh",EMERGENCY MEDICINE,-,-,-,-,-,4985,4985,4985,-,-,-,-,-
AIIMS-All India,SC,West Bengal,"AIIMS, Kalyani",EMERGENCY MEDICINE,-,-,-,-,-,4816,4534,4997,-,-,-,-,-
AIIMS-All India,SC,Jammu and Kashmir,"AIIMS, Jammu",RADIATION ONCOLOGY,-,-,-,-,-,-,-,-,-,-,-,-,-
JIPMER-All India,OBC,Pondicherry,"JIPMER, Puducherry",PHARMACOLOGY,-,-,-,-,-,2940,2941,2941,-,-,-,-,-
AIIMS-All India,SC,Uttar Pradesh,"AIIMS, Rai Bareli",PAEDIATRICS,-,-,-,-,-,1775,1775,-,-,-,-,-,-
AIIMS-All India,ST,Uttar Pradesh,"AIIMS, Rai Bareli",GENERAL MEDICINE,-,-,-,-,-,4531,4531,5069,-,-,-,-,-
AIIMS-All India,SC,Maharashtra,"AIIMS, Nagpur",PSYCHIATRY,-,-,-,-,-,3089,4178,5091,-,-,-,-,-
AIIMS-All India,ST,Uttar Pradesh,"AIIMS, Rai Bareli",PAEDIATRICS,-,-,-,-,-,5153,5153,-,-,-,-,-,-
AIIMS-All India,SC,Odisha,"AIIMS, Bhubaneswar",GENERAL SURGERY,-,-,-,-,-,1868,-,2832,-,-,-,-,-
AIIMS-Inst. Pref,UR-AIIMS-IP,Jharkhand,"AIIMS, Deoghar",OBG,-,-,-,-,-,2429,2429,-,-,-,-,-,-
JIPMER-All India,SC-PwD,Pondicherry,"JIPMER, Puducherry",COMMUNITY MEDICINE,-,-,-,-,-,-,5184,-,-,-,-,-,-
AIIMS-All India,ST,West Bengal,"AIIMS, Kalyani",GENERAL MEDICINE,-,-,-,-,-,3296,3296,5188,-,-,-,-,-
AIIMS-All India,SC,Jammu and Kashmir,"AIIMS, Jammu",PAEDIATRICS,-,-,-,-,-,-,-,-,-,-,-,-,-
AIIMS-All India,UR,Punjab,"AIIMS, Bathinda",HOSPITAL ADMINISTRATION,-,-,-,-,-,-,-,2961,5231,-,-,-,-
AIIMS-Inst. Pref,UR-AIIMS-IP,Telangana,"AIIMS, Bibinagar",PSYCHIATRY,-,-,-,-,-,-,-,-,5265,-,-,-,-
JIPMER-All India,SC-PwD,Pondicherry,"JIPMER, Puducherry",EMERGENCY MEDICINE,-,-,-,-,-,-,-,-,-,-,-,-,-
PGIMER-Rural,OBC-RA,Chandigarh,"PGIMER, Chandigarh",ANAESTHESIOLOGY,-,-,-,-,-,-,-,-,-,-,-,-,-
AIIMS-All India,ST,Delhi,"AIIMS, Delhi",RADIATION ONCOLOGY,-,-,-,-,-,5348,2457,2457,-,-,-,-,-
AIIMS-All India,SC,Andhra Pradesh,"AIIMS, Mangalagiri",RADIATION ONCOLOGY,-,-,-,-,-,4807,4807,4807,5354,-,-,-,-
AIIMS-All India,OBC,Andhra Pradesh,"AIIMS, Mangalagiri",FAMILY MEDICINE,-,-,-,-,-,2348,2843,3545,5367,-,-,-,-
AIIMS-Inst. Pref,UR-AIIMS-IP,West Bengal,"AIIMS, Kalyani",GENERAL SURGERY,-,-,-,-,-,2289,2289,2289,-,-,-,-,-
JIMPER-Inst. Pref,INST (JIPMER),Pondicherry,"JIPMER, Puducherry",FORENSIC MEDICINE,-,-,-,-,-,-,-,5416,-,-,-,-,-
AIIMS-All India,OBC,Madhya Pradesh,"AIIMS, Bhopal",PMR,-,-,-,-,-,-,-,-,-,-,-,-,-
AIIMS-All India,OBC,Chhattisgarh,"AIIMS, Raipur",PMR,-,-,-,-,-,-,-,-,-,-,-,-,-
AIIMS-Inst. Pref,UR-AIIMS-IP,Uttarakhand,"AIIMS, Rishikesh",CARDIO THORACIC AND VASCULAR SURGERY 6 YRS,-,-,-,-,-,-,5328,5328,-,-,-,-,-
AIIMS-All India,UR,Rajasthan,"AIIMS, Jodhpur",HOSPITAL ADMINISTRATION,-,-,-,-,-,-,-,-,-,-,-,-,-
AIIMS-All India,SC,Andhra Pradesh,"AIIMS, Mangalagiri",OPHTHALMOLOGY,-,-,-,-,-,4541,4541,5477,-,-,-,-,-
AIIMS-Inst. Pref,UR-AIIMS-IP,Bihar,"AIIMS, Patna",PAEDIATRIC SURGERY 6 YRS,-,-,-,-,-,-,-,-,-,-,-,-,-
AIIMS-All India,SC,Uttar Pradesh,"AIIMS, Gorakhpur",EMERGENCY MEDICINE,-,-,-,-,-,4650,5102,5570,-,-,-,-,-
AIIMS-Inst. Pref,UR-AIIMS-IP,Uttar Pradesh,"AIIMS, Rai Bareli",ORTHOPAEDICS,-,-,-,-,-,-,-,-,5583,-,-,-,-
AIIMS-All India,SC,Bihar,"AIIMS, Patna",ORTHOPAEDICS,-,-,-,-,-,-,-,-,-,-,-,-,-
AIIMS-All India,SC,Uttar Pradesh,"AIIMS, Rai Bareli",GENERAL SURGERY,-,-,-,-,-,-,-,-,-,-,-,-,-
PGIMER-All India,SC,Chandigarh,"PGIMER, Chandigarh",OPHTHALMOLOGY,-,-,-,-,-,2520,2520,-,-,-,-,-,-
AIIMS-All India,ST,Madhya Pradesh,"AIIMS, Bhopal",PAEDIATRICS,-,-,-,-,-,-,-,-,-,-,-,-,-
AIIMS-All India,ST,Uttarakhand,"AIIMS, Rishikesh",ORTHOPAEDICS,-,-,-,-,-,-,-,-,-,-,-,-,-
AIIMS-All India,SC,Himachal Pradesh,"AIIMS, Bilaspur, Himachal",ORTHOPAEDICS,-,-,-,-,-,4338,4338,5709,5709,-,-,-,-
AIIMS-All India,SC,Punjab,"AIIMS, Bathinda",OPHTHALMOLOGY,-,-,-,-,-,4210,4210,5749,-,-,-,-,-
AIIMS-All India,ST,Jharkhand,"AIIMS, Deoghar",GENERAL MEDICINE,-,-,-,-,-,-,-,-,-,-,-,-,-
AIIMS-All India,OBC,Jharkhand,"AIIMS, Deoghar",PMR,-,-,-,-,-,3126,4148,5581,5807,-,-,-,-
AIIMS-Inst. Pref,UR-AIIMS-IP,Maharashtra,"AIIMS, Nagpur",ANATOMY,-,-,-,-,-,-,-,-,-,-,-,-,-
JIPMER-All India,OBC-PwD,Pondicherry,"JIPMER, Puducherry",MICROBIOLOGY,-,-,-,-,-,-,-,-,-,-,-,-,-
AIIMS-All India,UR,Punjab,"AIIMS, Bathinda",PATHOLOGY,-,-,-,-,-,1762,2017,-,-,-,-,-,-
AIIMS-All India,ST,Telangana,"AIIMS, Bibinagar",PAEDIATRICS,-,-,-,-,-,-,-,-,-,-,-,-,-
JIPMER-All India,OBC,Pondicherry,"JIPMER, Puducherry",BIOCHEMISTRY,-,-,-,-,-,-,4825,5917,-,-,-,-,-
AIIMS-All India,EWS,Andhra Pradesh,"AIIMS, Mangalagiri",PSYCHIATRY,-,-,-,-,-,2219,2080,2786,5936,-,-,-,-
AIIMS-Inst. Pref,UR-AIIMS-IP,Madhya Pradesh,"AIIMS, Bhopal",PAEDIATRIC SURGERY 6 YRS,-,-,-,-,-,2445,4436,5940,-,-,-,-,-
AIIMS-All India,SC,Assam,"AIIMS, Guwahati",ORTHOPAEDICS,-,-,-,-,-,3851,4420,4650,5463,-,-,-,-
AIIMS-All India,ST,Assam,"AIIMS, Guwahati",DERMATOLOGY,-,-,-,-,-,-,-,-,-,-,-,-,-
AIIMS-All India,UR,Bihar,"AIIMS, Patna",PATHOLOGY,-,-,-,-,-,1423,1901,2474,6002,-,-,-,-
AIIMS-All India,ST,Punjab,"AIIMS, Bathinda",ORTHOPAEDICS,-,-,-,-,-,6022,6022,6022,-,-,-,-,-
AIIMS-All India,ST,Assam,"AIIMS, Guwahati",PAEDIATRICS,-,-,-,-,-,5243,5266,6030,-,-,-,-,-
AIIMS-All India,EWS,Jharkhand,"AIIMS, Deoghar",OPHTHALMOLOGY,-,-,-,-,-,-,-,-,-,-,-,-,-
AIIMS-All India,SC,Himachal Pradesh,"AIIMS, Bilaspur, Himachal",GENERAL SURGERY,-,-,-,-,-,4039,2628,3006,-,-,-,-,-
AIIMS-All India,ST,Jammu and Kashmir,"AIIMS, Jammu",OBG,-,-,-,-,-,-,-,-,-,-,-,-,-
AIIMS-Inst. Pref,UR-AIIMS-IP,West Bengal,"AIIMS, Kalyani",OBG,-,-,-,-,-,6086,6086,-,-,-,-,-,-
AIIMS-All India,UR,Jharkhand,"AIIMS, Deoghar",ANATOMY,-,-,-,-,-,-,-,-,-,-,-,-,-
AIIMS-All India,EWS,Maharashtra,"AIIMS, Nagpur",PATHOLOGY,-,-,-,-,-,3119,3311,6111,6111,-,-,-,-
AIIMS-All India,ST,Jammu and Kashmir,"AIIMS, Jammu",GENERAL MEDICINE,-,-,-,-,-,-,-,-,-,-,-,-,-
AIIMS-All India,UR,Uttarakhand,"AIIMS, Rishikesh",COMMUNITY MEDICINE,-,-,-,-,-,1296,-,3287,6153,-,-,-,-
AIIMS-Inst. Pref,UR-AIIMS-IP,Punjab,"AIIMS, Bathinda",GENERAL SURGERY,-,-,-,-,-,1874,-,6226,-,-,-,-,-
AIIMS-All India,UR,Assam,"AIIMS, Guwahati",PMR,-,-,-,-,-,-,-,-,-,-,-,-,-
AIIMS-All India,ST,West Bengal,"AIIMS, Kalyani",PAEDIATRICS,-,-,-,-,-,5188,5188,6282,6282,-,-,-,-
AIIMS-All India,OBC,Bihar,"AIIMS, Patna",PHYSIOLOGY,-,-,-,-,-,6283,6283,-,-,-,-,-,-
AIIMS-All India,OBC,Jammu and Kashmir,"AIIMS, Jammu",IHBT,-,-,-,-,-,-,-,-,-,-,-,-,-
AIIMS-All India,SC,Bihar,"AIIMS, Patna",PSYCHIATRY,-,-,-,-,-,4178,4834,6295,-,-,-,-,-
AIIMS-All India,SC,Uttar Pradesh,"AIIMS, Gorakhpur",PSYCHIATRY,-,-,-,-,-,-,-,-,-,-,-,-,-
AIIMS-All India,SC,Andhra Pradesh,"AIIMS, Mangalagiri",EMERGENCY MEDICINE,-,-,-,-,-,3828,3828,5354,6318,-,-,-,-
AIIMS-All India,ST,Chhattisgarh,"AIIMS, Raipur",PAEDIATRICS,-,-,-,-,-,-,-,-,-,-,-,-,-
AIIMS-Inst. Pref,UR-AIIMS-IP,Telangana,"AIIMS, Bibinagar",ENT,-,-,-,-,-,-,-,-,-,-,-,-,-
AIIMS-All India,SC,Andhra Pradesh,"AIIMS, Mangalagiri",PSYCHIATRY,-,-,-,-,-,-,-,-,-,-,-,-,-
AIIMS-All India,SC,Bihar,"AIIMS, Patna",OPHTHALMOLOGY,-,-,-,-,-,-,-,-,-,-,-,-,-
AIIMS-All India,SC,Chhattisgarh,"AIIMS, Raipur",PSYCHIATRY,-,-,-,-,-,-,-,-,-,-,-,-,-
AIIMS-All India,SC,Uttarakhand,"AIIMS, Rishikesh",OPHTHALMOLOGY,-,-,-,-,-,3646,3646,3646,6053,-,-,-,-
AIIMS-All India,SC,Uttar Pradesh,"AIIMS, Gorakhpur",RADIATION ONCOLOGY,-,-,-,-,-,4272,6224,6420,-,-,-,-,-
AIIMS-All India,SC,Odisha,"AIIMS, Bhubaneswar",ENT,-,-,-,-,-,4995,5509,5654,6512,-,-,-,-
AIIMS-All India,SC,Jammu and Kashmir,"AIIMS, Jammu",GENERAL SURGERY,-,-,-,-,-,-,-,-,-,-,-,-,-
AIIMS-Inst. Pref,UR-AIIMS-IP,Uttarakhand,"AIIMS, Rishikesh",FAMILY MEDICINE,-,-,-,-,-,-,-,-,-,-,-,-,-
AIIMS-Inst. Pref,UR-AIIMS-IP,Uttar Pradesh,"AIIMS, Rai Bareli",PATHOLOGY,-,-,-,-,-,6580,-,-,-,-,-,-,-
AIIMS-All India,UR,Jharkhand,"AIIMS, Deoghar",PHARMACOLOGY,-,-,-,-,-,-,3133,6581,-,-,-,-,-
JIPMER-All India,OBC-PwD,Pondicherry,"JIPMER, Puducherry",PHYSIOLOGY,-,-,-,-,-,-,-,-,-,-,-,-,-
AIIMS-All India,SC,Rajasthan,"AIIMS, Jodhpur",ENT,-,-,-,-,-,5509,4367,4769,6652,-,-,-,-
AIIMS-All India,EWS,Uttarakhand,"AIIMS, Rishikesh",PATHOLOGY,-,-,-,-,-,1755,5093,6132,6674,-,-,-,-
AIIMS-All India,ST,Bihar,"AIIMS, Patna",GENERAL SURGERY,-,-,-,-,-,6706,6706,6706,-,-,-,-,-
AIIMS-All India,SC,Telangana,"AIIMS, Bibinagar",OPHTHALMOLOGY,-,-,-,-,-,5031,5031,6338,6712,-,-,-,-
AIIMS-All India,UR,Maharashtra,"AIIMS, Nagpur",PATHOLOGY,-,-,-,-,-,1240,1938,2296,6744,-,-,-,-
AIIMS-All India,SC,Telangana,"AIIMS, Bibinagar",PSYCHIATRY,-,-,-,-,-,-,-,-,-,-,-,-,-
AIIMS-All India,EWS,Rajasthan,"AIIMS, Jodhpur",PMR,-,-,-,-,-,2438,2329,3941,6797,-,-,-,-
AIIMS-All India,SC,Telangana,"AIIMS, Bibinagar",ORTHOPAEDICS,-,-,-,-,-,4170,4883,4883,6800,-,-,-,-
NIMHANS-All India,OBC-PwD,Karnataka,"NIMHANS, Bangalore",PSYCHIATRY,-,-,-,-,-,-,-,-,-,-,-,-,-
AIIMS-All India,OBC-PwD,Rajasthan,"AIIMS, Jodhpur",NUCLEAR MEDICINE,-,-,-,-,-,-,-,-,-,-,-,-,-
AIIMS-All India,SC,Telangana,"AIIMS, Bibinagar",HOSPITAL ADMINISTRATION,-,-,-,-,-,-,-,-,-,-,-,-,-
AIIMS-All India,UR,Uttar Pradesh,"AIIMS, Rai Bareli",PMR,-,-,-,-,-,-,-,-,-,-,-,-,-
AIIMS-All India,UR,Jharkhand,"AIIMS, Deoghar",PHYSIOLOGY,-,-,-,-,-,4217,4844,6903,-,-,-,-,-
AIIMS-Inst. Pref,UR-AIIMS-IP,Bihar,"AIIMS, Patna",PMR,-,-,-,-,-,6274,6949,-,-,-,-,-,-
AIIMS-All India,SC,Jharkhand,"AIIMS, Deoghar",OPHTHALMOLOGY,-,-,-,-,-,-,-,-,-,-,-,-,-
JIPMER-All India,ST-PwD,Pondicherry,"JIPMER, Puducherry",ORTHOPAEDICS,-,-,-,-,-,-,-,-,-,-,-,-,-
AIIMS-All India,ST,Gujarat,"AIIMS, Rajkot",OBG,-,-,-,-,-,6974,6974,7005,-,-,-,-,-
AIIMS-Inst. Pref,UR-AIIMS-IP,Rajasthan,"AIIMS, Jodhpur",CARDIO THORACIC AND VASCULAR SURGERY 6 YRS,-,-,-,-,-,-,-,-,-,-,-,-,-
JIMPER-Inst. Pref,INST (JIPMER),Pondicherry,"JIPMER, Puducherry",MICROBIOLOGY,-,-,-,-,-,4137,4137,4408,-,-,-,-,-
AIIMS-All India,UR,Telangana,"AIIMS, Bibinagar",PATHOLOGY,-,-,-,-,-,1938,-,-,7073,-,-,-,-
AIIMS-All India,EWS,Chhattisgarh,"AIIMS, Raipur",PSYCHIATRY,-,-,-,-,-,2080,1993,2257,2662,-,-,-,-
AIIMS-All India,ST,Uttar Pradesh,"AIIMS, Gorakhpur",OBG,-,-,-,-,-,4214,5697,7140,-,-,-,-,-
AIIMS-All India,SC,Odisha,"AIIMS, Bhubaneswar",RADIATION ONCOLOGY,-,-,-,-,-,-,-,-,-,-,-,-,-
AIIMS-All India,UR,Assam,"AIIMS, Guwahati",PATHOLOGY,-,-,-,-,-,-,-,-,-,-,-,-,-
AIIMS-All India,UR,Odisha,"AIIMS, Bhubaneswar",IHBT,-,-,-,-,-,-,-,-,-,-,-,-,-
AIIMS-All India,UR,Delhi,"AIIMS, Delhi",MICROBIOLOGY,-,-,-,-,-,1604,1606,3791,7152,-,-,-,-
AIIMS-All India,OBC,Uttar Pradesh,"AIIMS, Gorakhpur",COMMUNITY & FAMILY MEDICINE,-,-,-,-,-,5443,5727,7153,-,-,-,-,-
AIIMS-All India,UR,Bihar,"AIIMS, Patna",ANATOMY,-,-,-,-,-,-,-,-,-,-,-,-,-
AIIMS-All India,UR,Madhya Pradesh,"AIIMS, Bhopal",HOSPITAL ADMINISTRATION,-,-,-,-,-,-,1405,-,-,-,-,-,-
AIIMS-All India,SC,Assam,"AIIMS, Guwahati",RADIATION ONCOLOGY,-,-,-,-,-,-,-,-,-,-,-,-,-
AIIMS-All India,EWS,Chhattisgarh,"AIIMS, Raipur",PATHOLOGY,-,-,-,-,-,3311,4300,6829,6829,-,-,-,-
AIIMS-All India,ST,Andhra Pradesh,"AIIMS, Mangalagiri",GENERAL SURGERY,-,-,-,-,-,5682,7305,-,-,-,-,-,-
AIIMS-All India,EWS,Uttar Pradesh,"AIIMS, Gorakhpur",COMMUNITY & FAMILY MEDICINE,-,-,-,-,-,-,-,-,-,-,-,-,-
JIPMER-All India,UR,Pondicherry,"JIPMER, Puducherry",PHARMACOLOGY,-,-,-,-,-,-,-,-,7188,-,-,-,-
AIIMS-All India,ST,Uttarakhand,"AIIMS, Rishikesh",OBG,-,-,-,-,-,-,-,-,-,-,-,-,-
AIIMS-All India,SC,Punjab,"AIIMS, Bathinda",GENERAL SURGERY,-,-,-,-,-,3006,2617,3506,3646,-,-,-,-
AIIMS-All India,UR,Odisha,"AIIMS, Bhubaneswar",COMMUNITY MEDICINE,-,-,-,-,-,-,-,-,7415,-,-,-,-
AIIMS-All India,UR,Gujarat,"AIIMS, Rajkot",PATHOLOGY,-,-,-,-,-,1122,2248,2969,7416,-,-,-,-
AIIMS-All India,ST,Delhi,"AIIMS, Delhi",NUCLEAR MEDICINE,-,-,-,-,-,-,-,-,-,-,-,-,-
AIIMS-All India,SC,Assam,"AIIMS, Guwahati",ENT,-,-,-,-,-,5709,6035,6168,7473,-,-,-,-
AIIMS-Inst. Pref,UR-AIIMS-IP,Madhya Pradesh,"AIIMS, Bhopal",PHARMACOLOGY,-,-,-,-,-,-,-,-,-,-,-,-,-
AIIMS-Inst. Pref,UR-AIIMS-IP,Maharashtra,"AIIMS, Nagpur",FORENSIC MEDICINE,-,-,-,-,-,-,-,-,-,-,-,-,-
AIIMS-All India,UR,Maharashtra,"AIIMS, Nagpur",IHBT,-,-,-,-,-,-,-,2295,7553,-,-,-,-
JIPMER-All India,ST,Pondicherry,"JIPMER, Puducherry",IHBT,-,-,-,-,-,7568,-,-,-,-,-,-,-
AIIMS-All India,ST,Delhi,"AIIMS, Delhi",GENERAL SURGERY,-,-,-,-,-,1259,1259,-,-,-,-,-,-
PGIMER-Rural,OBC-RA,Chandigarh,"PGIMER, Chandigarh",GENERAL SURGERY,-,-,-,-,-,-,-,3378,-,-,-,-,-
AIIMS-All India,SC,Andhra Pradesh,"AIIMS, Mangalagiri",ENT,-,-,-,-,-,-,-,-,-,-,-,-,-
PGIMER-All India,SC,Chandigarh,"PGIMER, Chandigarh",COMMUNITY MEDICINE,-,-,-,-,-,-,-,-,7139,-,-,-,-
AIIMS-All India,UR,Madhya Pradesh,"AIIMS, Bhopal",PHARMACOLOGY,-,-,-,-,-,1413,1413,3468,110,-,-,-,-
AIIMS-All India,UR,Jharkhand,"AIIMS, Deoghar",COMMUNITY & FAMILY MEDICINE,-,-,-,-,-,2070,2070,2818,-,-,-,-,-
AIIMS-All India,SC,West Bengal,"AIIMS, Kalyani",PSYCHIATRY,-,-,-,-,-,5212,5200,5200,7369,-,-,-,-
AIIMS-All India,UR,Uttar Pradesh,"AIIMS, Gorakhpur",ANATOMY,-,-,-,-,-,-,-,7829,-,-,-,-,-
AIIMS-All India,UR-PwD,Rajasthan,"AIIMS, Jodhpur",PSYCHIATRY,-,-,-,-,-,-,-,-,-,-,-,-,-
JIPMER-All India,EWS,Pondicherry,"JIPMER, Puducherry",COMMUNITY MEDICINE,-,-,-,-,-,-,5204,-,-,-,-,-,-
AIIMS-All India,SC,Odisha,"AIIMS, Bhubaneswar",ANAESTHESIOLOGY,-,-,-,-,-,5570,5409,6340,7871,-,-,-,-
AIIMS-All India,UR,Telangana,"AIIMS, Bibinagar",COMMUNITY & FAMILY MEDICINE,-,-,-,-,-,-,-,-,-,-,-,-,-
PGIMER-All India,ST,Chandigarh,"PGIMER, Chandigarh",RADIATION ONCOLOGY,-,-,-,-,-,-,-,-,-,-,-,-,-
AIIMS-All India,ST,Bihar,"AIIMS, Patna",ORTHOPAEDICS,-,-,-,-,-,6563,5446,8038,-,-,-,-,-
AIIMS-All India,OBC,Andhra Pradesh,"AIIMS, Mangalagiri",BIOCHEMISTRY,-,-,-,-,-,5917,5917,8046,-,-,-,-,-
AIIMS-All India,EWS,Assam,"AIIMS, Guwahati",PSYCHIATRY,-,-,-,-,-,-,-,-,-,-,-,-,-
AIIMS-All India,OBC,Jammu and Kashmir,"AIIMS, Jammu",HOSPITAL ADMINISTRATION,-,-,-,-,-,-,-,-,-,-,-,-,-
AIIMS-All India,SC,Telangana,"AIIMS, Bibinagar",ANAESTHESIOLOGY,-,-,-,-,-,5652,5915,6512,8106,-,-,-,-
JIPMER-All India,EWS,Pondicherry,"JIPMER, Puducherry",PMR,-,-,-,-,-,-,-,-,-,-,-,-,-
AIIMS-All India,SC,Uttarakhand,"AIIMS, Rishikesh",EMERGENCY MEDICINE,-,-,-,-,-,1899,4106,4367,-,-,-,-,-
JIPMER-All India,ST,Pondicherry,"JIPMER, Puducherry",EMERGENCY MEDICINE,-,-,-,-,-,4001,7568,-,-,-,-,-,-
AIIMS-All India,UR,Delhi,"AIIMS, Delhi",BIOCHEMISTRY,-,-,-,-,-,2325,3275,4107,8205,-,-,-,-
AIIMS-All India,ST,Odisha,"AIIMS, Bhubaneswar",PAEDIATRICS,-,-,-,-,-,4239,4921,5243,-,-,-,-,-
AIIMS-All India,UR,West Bengal,"AIIMS, Kalyani",ANATOMY,-,-,-,-,-,5139,6413,6472,-,-,-,-,-
AIIMS-All India,EWS,Gujarat,"AIIMS, Rajkot",OPHTHALMOLOGY,-,-,-,-,-,-,-,-,-,-,-,-,-
AIIMS-All India,EWS,West Bengal,"AIIMS, Kalyani",COMMUNITY MEDICINE,-,-,-,-,-,8337,8029,8029,-,-,-,-,-
AIIMS-All India,ST,Gujarat,"AIIMS, Rajkot",GENERAL MEDICINE,-,-,-,-,-,-,-,-,-,-,-,-,-
AIIMS-All India,EWS,Odisha,"AIIMS, Bhubaneswar",PATHOLOGY,-,-,-,-,-,3278,4163,4163,-,-,-,-,-
AIIMS-All India,ST,Uttar Pradesh,"AIIMS, Rai Bareli",OBG,-,-,-,-,-,-,-,-,-,-,-,-,-
JIPMER-All India,ST,Pondicherry,"JIPMER, Puducherry",ORTHOPAEDICS,-,-,-,-,-,-,-,-,7962,-,-,-,-
AIIMS-All India,UR,Uttarakhand,"AIIMS, Rishikesh",IHBT,-,-,-,-,-,-,-,-,-,-,-,-,-
AIIMS-All India,SC,Rajasthan,"AIIMS, Jodhpur",OPHTHALMOLOGY,-,-,-,-,-,3402,3531,4541,-,-,-,-,-
AIIMS-All India,ST,Odisha,"AIIMS, Bhubaneswar",RADIATION ONCOLOGY,-,-,-,-,-,-,-,-,-,-,-,-,-
AIIMS-All India,UR,Andhra Pradesh,"AIIMS, Mangalagiri",COMMUNITY MEDICINE,-,-,-,-,-,-,-,-,-,-,-,-,-
AIIMS-All India,UR,Uttar Pradesh,"AIIMS, Gorakhpur",FORENSIC MEDICINE,-,-,-,-,-,-,-,-,-,-,-,-,-
AIIMS-All India,ST,Andhra Pradesh,"AIIMS, Mangalagiri",OBG,-,-,-,-,-,5266,8707,-,-,-,-,-,-
AIIMS-All India,UR,Himachal Pradesh,"AIIMS, Bilaspur, Himachal",MICROBIOLOGY,-,-,-,-,-,2715,4224,5192,-,-,-,-,-
AIIMS-All India,SC,Gujarat,"AIIMS, Rajkot",OPHTHALMOLOGY,-,-,-,-,-,-,-,-,-,-,-,-,-
AIIMS-All India,SC,Delhi,"AIIMS, Delhi",PHARMACOLOGY,-,-,-,-,-,8908,8908,-,-,-,-,-,-
AIIMS-Inst. Pref,UR-AIIMS-IP,Jharkhand,"AIIMS, Deoghar",PATHOLOGY,-,-,-,-,-,-,-,-,8923,-,-,-,-
AIIMS-All India,UR,Andhra Pradesh,"AIIMS, Mangalagiri",PHYSIOLOGY,-,-,-,-,-,4551,5627,8935,8935,-,-,-,-
AIIMS-All India,SC,Uttar Pradesh,"AIIMS, Rai Bareli",ANAESTHESIOLOGY,-,-,-,-,-,5974,5974,6475,8940,-,-,-,-
AIIMS-All India,EWS,Andhra Pradesh,"AIIMS, Mangalagiri",COMMUNITY MEDICINE,-,-,-,-,-,6623,8995,-,-,-,-,-,-
AIIMS-All India,ST,Himachal Pradesh,"AIIMS, Bilaspur, Himachal",OPHTHALMOLOGY,-,-,-,-,-,-,-,-,-,-,-,-,-
NIMHANS-NE Domicile,ST-North East Domicile,Karnataka,"NIMHANS, Bangalore",PSYCHIATRY,-,-,-,-,-,-,-,-,-,-,-,-,-
PGIMER-All India,OBC,Chandigarh,"PGIMER, Chandigarh",BIOCHEMISTRY,-,-,-,-,-,-,-,-,-,-,-,-,-
AIIMS-Inst. Pref,UR-AIIMS-IP,West Bengal,"AIIMS, Kalyani",OPHTHALMOLOGY,-,-,-,-,-,4629,9067,-,-,-,-,-,-
JIPMER-All India,UR,Pondicherry,"JIPMER, Puducherry",IHBT,-,-,-,-,-,1081,-,1850,-,-,-,-,-
AIIMS-All India,UR-PwD,Uttarakhand,"AIIMS, Rishikesh",RADIO DIAGNOSIS,-,-,-,-,-,9085,934,-,-,-,-,-,-
AIIMS-Inst. Pref,UR-AIIMS-IP,Maharashtra,"AIIMS, Nagpur",ENT,-,-,-,-,-,-,2954,2954,-,-,-,-,-
AIIMS-All India,SC-PwD,Delhi,"AIIMS, Delhi",OBG,-,-,-,-,-,-,-,-,-,-,-,-,-
JIPMER-All India,EWS,Pondicherry,"JIPMER, Puducherry",PHARMACOLOGY,-,-,-,-,-,-,-,-,-,-,-,-,-
AIIMS-All India,UR,Himachal Pradesh,"AIIMS, Bilaspur, Himachal",ANATOMY,-,-,-,-,-,5012,7085,9254,-,-,-,-,-
AIIMS-All India,OBC,Odisha,"AIIMS, Bhubaneswar",MICROBIOLOGY,-,-,-,-,-,-,-,-,-,-,-,-,-
AIIMS-All India,EWS,Jammu and Kashmir,"AIIMS, Jammu",PHARMACOLOGY,-,-,-,-,-,-,-,-,-,-,-,-,-
AIIMS-Inst. Pref,UR-AIIMS-IP,Delhi,"AIIMS, Delhi",LAB MEDICINE,-,-,-,-,-,9327,-,-,-,-,-,-,-
AIIMS-All India,ST,Andhra Pradesh,"AIIMS, Mangalagiri",ANAESTHESIOLOGY,-,-,-,-,-,-,-,-,-,-,-,-,-
AIIMS-All India,SC,Chhattisgarh,"AIIMS, Raipur",FAMILY MEDICINE,-,-,-,-,-,5835,5835,6712,9402,-,-,-,-
JIPMER-All India,SC-PwD,Pondicherry,"JIPMER, Puducherry",PMR,-,-,-,-,-,-,-,9481,-,-,-,-,-
AIIMS-Inst. Pref,UR-AIIMS-IP,West Bengal,"AIIMS, Kalyani",ORTHOPAEDICS,-,-,-,-,-,-,9495,-,-,-,-,-,-
AIIMS-All India,OBC,Madhya Pradesh,"AIIMS, Bhopal",HOSPITAL ADMINISTRATION,-,-,-,-,-,-,-,-,-,-,-,-,-
JIMPER-Inst. Pref,INST (JIPMER),Pondicherry,"JIPMER, Puducherry",IHBT,-,-,-,-,-,-,2887,5217,9545,-,-,-,-
AIIMS-All India,SC,West Bengal,"AIIMS, Kalyani",ENT,-,-,-,-,-,4713,4713,-,7793,-,-,-,-
AIIMS-All India,ST,Himachal Pradesh,"AIIMS, Bilaspur, Himachal",GENERAL SURGERY,-,-,-,-,-,7005,7127,7127,9644,-,-,-,-
JIPMER-All India,ST,Pondicherry,"JIPMER, Puducherry",OPHTHALMOLOGY,-,-,-,-,-,6300,-,9644,-,-,-,-,-
AIIMS-All India,SC,Andhra Pradesh,"AIIMS, Mangalagiri",PATHOLOGY,-,-,-,-,-,-,-,-,-,-,-,-,-
AIIMS-All India,SC,Gujarat,"AIIMS, Rajkot",ENT,-,-,-,-,-,-,-,-,-,-,-,-,-
JIPMER-All India,SC,Pondicherry,"JIPMER, Puducherry",PMR,-,-,-,-,-,-,-,-,-,-,-,-,-
AIIMS-All India,SC,Maharashtra,"AIIMS, Nagpur",PMR,-,-,-,-,-,-,-,-,-,-,-,-,-
AIIMS-Inst. Pref,UR-AIIMS-IP,West Bengal,"AIIMS, Kalyani",ANAESTHESIOLOGY,-,-,-,-,-,9067,9831,9831,-,-,-,-,-
AIIMS-All India,SC,Jharkhand,"AIIMS, Deoghar",PSYCHIATRY,-,-,-,-,-,5778,5778,7258,9834,-,-,-,-
AIIMS-All India,ST,Madhya Pradesh,"AIIMS, Bhopal",OPHTHALMOLOGY,-,-,-,-,-,8518,8038,9858,9858,-,-,-,-
AIIMS-All India,SC,West Bengal,"AIIMS, Kalyani",ANAESTHESIOLOGY,-,-,-,-,-,6233,6233,7091,9009,-,-,-,-
AIIMS-All India,OBC,Rajasthan,"AIIMS, Jodhpur",PHARMACOLOGY,-,-,-,-,-,4459,4944,5439,-,-,-,-,-
AIIMS-All India,ST,Uttarakhand,"AIIMS, Rishikesh",OPHTHALMOLOGY,-,-,-,-,-,8038,6300,9958,-,-,-,-,-
AIIMS-Inst. Pref,UR-AIIMS-IP,Chhattisgarh,"AIIMS, Raipur",BIOCHEMISTRY,-,-,-,-,-,-,-,-,-,-,-,-,-
AIIMS-Inst. Pref,UR-AIIMS-IP,West Bengal,"AIIMS, Kalyani",EMERGENCY MEDICINE,-,-,-,-,-,9831,10012,10012,10012,-,-,-,-
AIIMS-All India,SC,Maharashtra,"AIIMS, Nagpur",HOSPITAL ADMINISTRATION,-,-,-,-,-,10031,7483,7483,7483,-,-,-,-
AIIMS-All India,SC,Himachal Pradesh,"AIIMS, Bilaspur, Himachal",RADIATION ONCOLOGY,-,-,-,-,-,-,-,-,-,-,-,-,-
AIIMS-Inst. Pref,UR-AIIMS-IP,Chhattisgarh,"AIIMS, Raipur",PATHOLOGY,-,-,-,-,-,2012,3914,6008,-,-,-,-,-
AIIMS-All India,UR,Uttar Pradesh,"AIIMS, Gorakhpur",IHBT,-,-,-,-,-,-,-,-,10068,-,-,-,-
AIIMS-Inst. Pref,UR-AIIMS-IP,Andhra Pradesh,"AIIMS, Mangalagiri",PAEDIATRIC SURGERY 6 YRS,-,-,-,-,-,-,-,-,-,-,-,-,-
AIIMS-All India,UR,Uttar Pradesh,"AIIMS, Rai Bareli",COMMUNITY MEDICINE,-,-,-,-,-,2351,3116,5370,10157,-,-,-,-
AIIMS-All India,EWS,Uttarakhand,"AIIMS, Rishikesh",MICROBIOLOGY,-,-,-,-,-,9136,8604,10195,-,-,-,-,-
AIIMS-All India,UR,Maharashtra,"AIIMS, Nagpur",ANATOMY,-,-,-,-,-,-,-,-,-,-,-,-,-
AIIMS-All India,ST,Uttar Pradesh,"AIIMS, Gorakhpur",PAEDIATRICS,-,-,-,-,-,-,-,-,-,-,-,-,-
AIIMS-All India,UR,Odisha,"AIIMS, Bhubaneswar",HOSPITAL ADMINISTRATION,-,-,-,-,-,1616,1481,2193,7088,-,-,-,-
AIIMS-All India,OBC,Uttarakhand,"AIIMS, Rishikesh",PATHOLOGY,-,-,-,-,-,2953,3758,4978,10291,-,-,-,-
AIIMS-All India,UR,Andhra Pradesh,"AIIMS, Mangalagiri",HOSPITAL ADMINISTRATION,-,-,-,-,-,1804,2911,2955,10343,-,-,-,-
AIIMS-All India,OBC,Maharashtra,"AIIMS, Nagpur",FORENSIC MEDICINE,-,-,-,-,-,4837,6658,10355,-,-,-,-,-
AIIMS-Inst. Pref,UR-AIIMS-IP,West Bengal,"AIIMS, Kalyani",RADIATION ONCOLOGY,-,-,-,-,-,9495,10436,-,-,-,-,-,-
AIIMS-Inst. Pref,UR-AIIMS-IP,West Bengal,"AIIMS, Kalyani",PMR,-,-,-,-,-,10436,-,-,-,-,-,-,-
SCTIMST-All India,OBC,Kerala,"Sree Chirtra Thirunal, Triv.",IHBT,-,-,-,-,-,-,-,-,-,-,-,-,-
AIIMS-All India,EWS,Madhya Pradesh,"AIIMS, Bhopal",FORENSIC MEDICINE,-,-,-,-,-,5860,6585,10515,-,-,-,-,-
AIIMS-All India,OBC,Punjab,"AIIMS, Bathinda",PATHOLOGY,-,-,-,-,-,3099,3573,5452,10557,-,-,-,-
PGIMER-All India,SC-PwD,Chandigarh,"PGIMER, Chandigarh",RADIO DIAGNOSIS,-,-,-,-,-,-,-,-,-,-,-,-,-
AIIMS-All India,ST,Madhya Pradesh,"AIIMS, Bhopal",ANAESTHESIOLOGY,-,-,-,-,-,-,-,-,-,-,-,-,-
AIIMS-All India,ST,Jammu and Kashmir,"AIIMS, Jammu",GENERAL SURGERY,-,-,-,-,-,-,-,-,-,-,-,-,-
AIIMS-All India,ST,Madhya Pradesh,"AIIMS, Bhopal",NUCLEAR MEDICINE,-,-,-,-,-,-,-,-,-,-,-,-,-
AIIMS-All India,UR,West Bengal,"AIIMS, Kalyani",COMMUNITY MEDICINE,-,-,-,-,-,-,-,-,8512,-,-,-,-
PGIMER-Rural,UR-RA,Chandigarh,"PGIMER, Chandigarh",OPHTHALMOLOGY,-,-,-,-,-,326,326,326,326,-,-,-,-
JIPMER-All India,EWS-PwD,Pondicherry,"JIPMER, Puducherry",BIOCHEMISTRY,-,-,-,-,-,10821,-,-,-,-,-,-,-
JIPMER-All India,EWS,Pondicherry,"JIPMER, Puducherry",BIOCHEMISTRY,-,-,-,-,-,-,-,-,-,-,-,-,-
AIIMS-All India,UR,Maharashtra,"AIIMS, Nagpur",COMMUNITY MEDICINE,-,-,-,-,-,-,-,-,6497,-,-,-,-
AIIMS-All India,SC,Andhra Pradesh,"AIIMS, Mangalagiri",ANAESTHESIOLOGY,-,-,-,-,-,4158,5323,5323,6250,-,-,-,-
AIIMS-All India,ST,Jharkhand,"AIIMS, Deoghar",OBG,-,-,-,-,-,-,-,-,-,-,-,-,-
JIPMER-All India,SC,Pondicherry,"JIPMER, Puducherry",FORENSIC MEDICINE,-,-,-,-,-,6482,9760,-,-,-,-,-,-
AIIMS-Inst. Pref,UR-AIIMS-IP,Delhi,"AIIMS, Delhi",ANATOMY,-,-,-,-,-,-,-,-,-,-,-,-,-
AIIMS-All India,EWS,Uttar Pradesh,"AIIMS, Rai Bareli",PHYSIOLOGY,-,-,-,-,-,-,-,-,-,-,-,-,-
AIIMS-Inst. Pref,UR-AIIMS-IP,Uttarakhand,"AIIMS, Rishikesh",PMR,-,-,-,-,-,7607,7607,7607,7607,-,-,-,-
AIIMS-All India,SC,Assam,"AIIMS, Guwahati",PMR,-,-,-,-,-,11145,10091,10091,-,-,-,-,-
AIIMS-Inst. Pref,UR-AIIMS-IP,Uttar Pradesh,"AIIMS, Rai Bareli",ANATOMY,-,-,-,-,-,11163,-,-,-,-,-,-,-
AIIMS-All India,SC,Gujarat,"AIIMS, Rajkot",PATHOLOGY,-,-,-,-,-,7705,8219,10292,11172,-,-,-,-
AIIMS-All India,ST,Chhattisgarh,"AIIMS, Raipur",ORTHOPAEDICS,-,-,-,-,-,-,-,-,-,-,-,-,-
AIIMS-All India,UR,Chhattisgarh,"AIIMS, Raipur",COMMUNITY MEDICINE,-,-,-,-,-,1824,2394,3750,-,-,-,-,-
AIIMS-Inst. Pref,UR-AIIMS-IP,Bihar,"AIIMS, Patna",IHBT,-,-,-,-,-,4331,-,11344,-,-,-,-,-
AIIMS-All India,OBC,Madhya Pradesh,"AIIMS, Bhopal",ANATOMY,-,-,-,-,-,-,-,-,-,-,-,-,-
AIIMS-All India,UR,Jammu and Kashmir,"AIIMS, Jammu",ANATOMY,-,-,-,-,-,5352,7621,10020,-,-,-,-,-
AIIMS-All India,OBC,Punjab,"AIIMS, Bathinda",PHARMACOLOGY,-,-,-,-,-,-,-,-,-,-,-,-,-
AIIMS-All India,OBC,Madhya Pradesh,"AIIMS, Bhopal",IHBT,-,-,-,-,-,-,-,-,-,-,-,-,-
AIIMS-All India,EWS,Punjab,"AIIMS, Bathinda",PATHOLOGY,-,-,-,-,-,-,-,-,-,-,-,-,-
AIIMS-All India,EWS,Uttar Pradesh,"AIIMS, Gorakhpur",PATHOLOGY,-,-,-,-,-,-,-,-,-,-,-,-,-
AIIMS-All India,ST,Himachal Pradesh,"AIIMS, Bilaspur, Himachal",OBG,-,-,-,-,-,-,-,-,-,-,-,-,-
AIIMS-All India,UR,Rajasthan,"AIIMS, Jodhpur",IHBT,-,-,-,-,-,-,-,-,-,-,-,-,-
AIIMS-All India,UR,Delhi,"AIIMS, Delhi",PHYSIOLOGY,-,-,-,-,-,1562,2213,4440,-,-,-,-,-
AIIMS-All India,ST,Uttar Pradesh,"AIIMS, Rai Bareli",GENERAL SURGERY,-,-,-,-,-,-,-,-,-,-,-,-,-
AIIMS-All India,SC,Madhya Pradesh,"AIIMS, Bhopal",COMMUNITY MEDICINE,-,-,-,-,-,-,-,-,-,-,-,-,-
AIIMS-All India,SC,Maharashtra,"AIIMS, Nagpur",ANAESTHESIOLOGY,-,-,-,-,-,4204,4204,6689,7700,-,-,-,-
JIMPER-Inst. Pref,INST (JIPMER)-PwD,Pondicherry,"JIPMER, Puducherry",GENERAL MEDICINE,-,-,-,-,-,11776,11776,-,-,-,-,-,-
AIIMS-All India,ST,Delhi,"AIIMS, Delhi",ENT,-,-,-,-,-,4974,7677,8177,11797,-,-,-,-
AIIMS-Inst. Pref,UR-AIIMS-IP,Uttar Pradesh,"AIIMS, Rai Bareli",ENT,-,-,-,-,-,-,3460,-,-,-,-,-,-
AIIMS-Inst. Pref,UR-AIIMS-IP,Punjab,"AIIMS, Bathinda",FORENSIC MEDICINE,-,-,-,-,-,9157,11815,-,-,-,-,-,-
AIIMS-All India,UR,Uttarakhand,"AIIMS, Rishikesh",MICROBIOLOGY,-,-,-,-,-,-,-,-,11926,-,-,-,-
AIIMS-All India,UR,Rajasthan,"AIIMS, Jodhpur",PHARMACOLOGY,-,-,-,-,-,1892,1616,4457,-,-,-,-,-
AIIMS-All India,UR-PwD,Rajasthan,"AIIMS, Jodhpur",RADIO DIAGNOSIS,-,-,-,-,-,934,9085,9085,-,-,-,-,-
JIPMER-All India,ST,Pondicherry,"JIPMER, Puducherry",ANAESTHESIOLOGY,-,-,-,-,-,6668,-,11191,-,-,-,-,-
AIIMS-All India,OBC,Rajasthan,"AIIMS, Jodhpur",IHBT,-,-,-,-,-,4005,2997,5272,12202,-,-,-,-
AIIMS-All India,EWS,Chhattisgarh,"AIIMS, Raipur",MICROBIOLOGY,-,-,-,-,-,6422,9136,12225,-,-,-,-,-
AIIMS-Inst. Pref,UR-AIIMS-IP,Madhya Pradesh,"AIIMS, Bhopal",FAMILY MEDICINE,-,-,-,-,-,4630,4798,-,12244,-,-,-,-
PGIMER-Rural,UR-RA,Chandigarh,"PGIMER, Chandigarh",PATHOLOGY,-,-,-,-,-,3464,3464,-,-,-,-,-,-
AIIMS-All India,UR,Gujarat,"AIIMS, Rajkot",PHARMACOLOGY,-,-,-,-,-,3204,3204,6184,11306,-,-,-,-
AIIMS-All India,EWS,Rajasthan,"AIIMS, Jodhpur",BIOCHEMISTRY,-,-,-,-,-,5055,9886,12298,-,-,-,-,-
AIIMS-All India,UR,Odisha,"AIIMS, Bhubaneswar",MICROBIOLOGY,-,-,-,-,-,-,-,-,-,-,-,-,-
AIIMS-All India,UR,Andhra Pradesh,"AIIMS, Mangalagiri",IHBT,-,-,-,-,-,1446,1818,-,8118,-,-,-,-
AIIMS-All India,ST,Bihar,"AIIMS, Patna",EMERGENCY MEDICINE,-,-,-,-,-,6202,6202,12362,7127,-,-,-,-
AIIMS-Inst. Pref,UR-AIIMS-IP,Punjab,"AIIMS, Bathinda",PSYCHIATRY,-,-,-,-,-,2603,1272,2603,-,-,-,-,-
AIIMS-All India,ST,Rajasthan,"AIIMS, Jodhpur",PSYCHIATRY,-,-,-,-,-,-,-,-,-,-,-,-,-
AIIMS-All India,EWS,Chhattisgarh,"AIIMS, Raipur",COMMUNITY MEDICINE,-,-,-,-,-,4712,12349,12444,-,-,-,-,-
AIIMS-All India,OBC,Telangana,"AIIMS, Bibinagar",COMMUNITY MEDICINE,-,-,-,-,-,4353,5265,5265,12454,-,-,-,-
AIIMS-All India,UR,Andhra Pradesh,"AIIMS, Mangalagiri",MICROBIOLOGY,-,-,-,-,-,-,-,-,-,-,-,-,-
AIIMS-All India,SC,Uttar Pradesh,"AIIMS, Gorakhpur",ANAESTHESIOLOGY,-,-,-,-,-,-,-,-,-,-,-,-,-
AIIMS-All India,ST,Telangana,"AIIMS, Bibinagar",GENERAL SURGERY,-,-,-,-,-,7305,8137,8697,12554,-,-,-,-
AIIMS-Inst. Pref,UR-AIIMS-IP,Maharashtra,"AIIMS, Nagpur",PMR,-,-,-,-,-,4080,7752,12628,-,-,-,-,-
AIIMS-All India,SC,Chhattisgarh,"AIIMS, Raipur",PMR,-,-,-,-,-,11415,11415,11832,12658,-,-,-,-
AIIMS-All India,OBC,Gujarat,"AIIMS, Rajkot",PATHOLOGY,-,-,-,-,-,3273,4584,6164,12661,-,-,-,-
AIIMS-All India,ST,Jharkhand,"AIIMS, Deoghar",ORTHOPAEDICS,-,-,-,-,-,7962,7962,-,12707,-,-,-,-
AIIMS-All India,SC,Uttarakhand,"AIIMS, Rishikesh",GERIATRICS,-,-,-,-,-,-,-,-,-,-,-,-,-
AIIMS-All India,OBC,Telangana,"AIIMS, Bibinagar",MICROBIOLOGY,-,-,-,-,-,-,-,-,-,-,-,-,-
AIIMS-All India,OBC,Telangana,"AIIMS, Bibinagar",HOSPITAL ADMINISTRATION,-,-,-,-,-,-,-,-,-,-,-,-,-
AIIMS-All India,SC,Jammu and Kashmir,"AIIMS, Jammu",ANAESTHESIOLOGY,-,-,-,-,-,6250,6156,6450,9343,-,-,-,-
JIPMER-All India,ST-PwD,Pondicherry,"JIPMER, Puducherry",OPHTHALMOLOGY,-,-,-,-,-,-,-,-,-,-,-,-,-
AIIMS-All India,EWS,West Bengal,"AIIMS, Kalyani",IHBT,-,-,-,-,-,9004,8252,12948,-,-,-,-,-
AIIMS-All India,OBC,Rajasthan,"AIIMS, Jodhpur",ANATOMY,-,-,-,-,-,-,-,-,-,-,-,-,-
AIIMS-All India,OBC,Maharashtra,"AIIMS, Nagpur",IHBT,-,-,-,-,-,3729,4005,5632,13053,-,-,-,-
AIIMS-All India,ST,Gujarat,"AIIMS, Rajkot",OPHTHALMOLOGY,-,-,-,-,-,9644,8518,12707,13068,-,-,-,-
AIIMS-All India,UR,Himachal Pradesh,"AIIMS, Bilaspur, Himachal",IHBT,-,-,-,-,-,1517,2089,3110,13159,-,-,-,-
AIIMS-All India,OBC,West Bengal,"AIIMS, Kalyani",PATHOLOGY,-,-,-,-,-,3456,4759,5726,13185,-,-,-,-
AIIMS-All India,SC,Uttar Pradesh,"AIIMS, Gorakhpur",COMMUNITY & FAMILY MEDICINE,-,-,-,-,-,-,-,-,-,-,-,-,-
AIIMS-All India,UR-PwD,Delhi,"AIIMS, Delhi",GERIATRICS,-,-,-,-,-,13226,13226,-,-,-,-,-,-
AIIMS-Inst. Pref,UR-AIIMS-IP,Jharkhand,"AIIMS, Deoghar",ENT,-,-,-,-,-,5047,5047,-,-,-,-,-,-
AIIMS-Inst. Pref,UR-AIIMS-IP,Maharashtra,"AIIMS, Nagpur",BIOCHEMISTRY,-,-,-,-,-,-,13286,-,-,-,-,-,-
AIIMS-All India,UR,Uttar Pradesh,"AIIMS, Rai Bareli",IHBT,-,-,-,-,-,-,-,-,-,-,-,-,-
AIIMS-All India,ST,Delhi,"AIIMS, Delhi",GERIATRICS,-,-,-,-,-,7024,7024,10059,13365,-,-,-,-
AIIMS-All India,OBC,Punjab,"AIIMS, Bathinda",PHYSIOLOGY,-,-,-,-,-,-,-,-,-,-,-,-,-
AIIMS-All India,ST,Maharashtra,"AIIMS, Nagpur",ENT,-,-,-,-,-,-,-,-,-,-,-,-,-
AIIMS-All India,UR,West Bengal,"AIIMS, Kalyani",IHBT,-,-,-,-,-,-,-,-,13454,-,-,-,-
AIIMS-All India,ST,Assam,"AIIMS, Guwahati",OBG,-,-,-,-,-,-,-,-,-,-,-,-,-
AIIMS-Inst. Pref,UR-AIIMS-IP,West Bengal,"AIIMS, Kalyani",IHBT,-,-,-,-,-,11902,10568,13521,13521,-,-,-,-
AIIMS-All India,OBC,Gujarat,"AIIMS, Rajkot",MICROBIOLOGY,-,-,-,-,-,-,-,-,-,-,-,-,-
AIIMS-All India,SC,Delhi,"AIIMS, Delhi",FORENSIC MEDICINE,-,-,-,-,-,6632,6721,13579,-,-,-,-,-
AIIMS-All India,SC,Uttar Pradesh,"AIIMS, Gorakhpur",PATHOLOGY,-,-,-,-,-,-,-,-,13633,-,-,-,-
AIIMS-Inst. Pref,UR-AIIMS-IP,Andhra Pradesh,"AIIMS, Mangalagiri",PATHOLOGY,-,-,-,-,-,-,859,859,-,-,-,-,-
AIIMS-All India,EWS-PwD,Chhattisgarh,"AIIMS, Raipur",RADIO DIAGNOSIS,-,-,-,-,-,13690,13690,13690,-,-,-,-,-
AIIMS-All India,UR,Uttarakhand,"AIIMS, Rishikesh",FORENSIC MEDICINE,-,-,-,-,-,2195,2734,-,11113,-,-,-,-
AIIMS-All India,UR,Andhra Pradesh,"AIIMS, Mangalagiri",PHARMACOLOGY,-,-,-,-,-,-,-,-,-,-,-,-,-
AIIMS-All India,SC,Rajasthan,"AIIMS, Jodhpur",EMERGENCY MEDICINE,-,-,-,-,-,-,-,-,-,-,-,-,-
AIIMS-All India,SC,Gujarat,"AIIMS, Rajkot",ANAESTHESIOLOGY,-,-,-,-,-,6156,5593,7700,8534,-,-,-,-
AIIMS-All India,ST,Andhra Pradesh,"AIIMS, Mangalagiri",RADIATION ONCOLOGY,-,-,-,-,-,-,-,-,-,-,-,-,-
AIIMS-All India,SC,Uttarakhand,"AIIMS, Rishikesh",PATHOLOGY,-,-,-,-,-,6765,7705,10031,10634,-,-,-,-
AIIMS-All India,OBC,Telangana,"AIIMS, Bibinagar",PHARMACOLOGY,-,-,-,-,-,5265,5314,6902,13799,-,-,-,-
AIIMS-All India,OBC,Maharashtra,"AIIMS, Nagpur",COMMUNITY MEDICINE,-,-,-,-,-,4023,5438,8031,12359,-,-,-,-
AIIMS-Inst. Pref,UR-AIIMS-IP,Odisha,"AIIMS, Bhubaneswar",PMR,-,-,-,-,-,4718,4718,12537,-,-,-,-,-
AIIMS-All India,EWS,Maharashtra,"AIIMS, Nagpur",PMR,-,-,-,-,-,-,-,-,-,-,-,-,-
AIIMS-All India,UR,Assam,"AIIMS, Guwahati",IHBT,-,-,-,-,-,1591,2559,3840,13855,-,-,-,-
AIIMS-Inst. Pref,UR-AIIMS-IP,Uttarakhand,"AIIMS, Rishikesh",PHARMACOLOGY,-,-,-,-,-,13856,-,-,-,-,-,-,-
PGIMER-All India,ST,Chandigarh,"PGIMER, Chandigarh",PSYCHIATRY,-,-,-,-,-,-,-,-,-,-,-,-,-
AIIMS-All India,OBC,Delhi,"AIIMS, Delhi",BIOCHEMISTRY,-,-,-,-,-,3980,4440,6387,13909,-,-,-,-
AIIMS-All India,OBC,Uttarakhand,"AIIMS, Rishikesh",COMMUNITY MEDICINE,-,-,-,-,-,3957,3373,6540,9453,-,-,-,-
AIIMS-All India,EWS,Assam,"AIIMS, Guwahati",PMR,-,-,-,-,-,-,-,-,-,-,-,-,-
AIIMS-All India,OBC,Telangana,"AIIMS, Bibinagar",IHBT,-,-,-,-,-,-,-,-,-,-,-,-,-
AIIMS-All India,UR,Himachal Pradesh,"AIIMS, Bilaspur, Himachal",COMMUNITY & FAMILY MEDICINE,-,-,-,-,-,-,-,-,-,-,-,-,-
AIIMS-All India,ST,Uttar Pradesh,"AIIMS, Gorakhpur",ORTHOPAEDICS,-,-,-,-,-,-,-,-,-,-,-,-,-
AIIMS-All India,EWS,Telangana,"AIIMS, Bibinagar",PHYSIOLOGY,-,-,-,-,-,9243,8758,14423,-,-,-,-,-
AIIMS-All India,ST,Chhattisgarh,"AIIMS, Raipur",OPHTHALMOLOGY,-,-,-,-,-,-,-,-,-,-,-,-,-
AIIMS-All India,UR,Uttarakhand,"AIIMS, Rishikesh",PHYSIOLOGY,-,-,-,-,-,2305,4665,6784,14483,-,-,-,-
AIIMS-All India,EWS,Jammu and Kashmir,"AIIMS, Jammu",PATHOLOGY,-,-,-,-,-,-,-,-,-,-,-,-,-
AIIMS-All India,SC,Himachal Pradesh,"AIIMS, Bilaspur, Himachal",IHBT,-,-,-,-,-,-,-,-,-,-,-,-,-
AIIMS-Inst. Pref,UR-AIIMS-IP,Telangana,"AIIMS, Bibinagar",PATHOLOGY,-,-,-,-,-,-,5393,9142,-,-,-,-,-
AIIMS-All India,ST,West Bengal,"AIIMS, Kalyani",ANAESTHESIOLOGY,-,-,-,-,-,-,-,-,-,-,-,-,-
AIIMS-All India,ST,Odisha,"AIIMS, Bhubaneswar",ANAESTHESIOLOGY,-,-,-,-,-,8963,9654,11797,14998,-,-,-,-
PGIMER-All India,OBC,Chandigarh,"PGIMER, Chandigarh",FORENSIC MEDICINE,-,-,-,-,-,3545,5568,7905,15018,-,-,-,-
JIPMER-All India,SC,Pondicherry,"JIPMER, Puducherry",COMMUNITY MEDICINE,-,-,-,-,-,4267,6712,10913,15019,-,-,-,-
AIIMS-All India,SC,Andhra Pradesh,"AIIMS, Mangalagiri",BIOCHEMISTRY,-,-,-,-,-,15054,13458,13458,-,-,-,-,-
AIIMS-All India,SC,Rajasthan,"AIIMS, Jodhpur",HOSPITAL ADMINISTRATION,-,-,-,-,-,-,-,-,15081,-,-,-,-
PGIMER-All India,ST,Chandigarh,"PGIMER, Chandigarh",COMMUNITY MEDICINE,-,-,-,-,-,10578,13997,15083,-,-,-,-,-
AIIMS-Inst. Pref,UR-AIIMS-IP,Odisha,"AIIMS, Bhubaneswar",PATHOLOGY,-,-,-,-,-,5353,10774,-,-,-,-,-,-
AIIMS-All India,OBC,Madhya Pradesh,"AIIMS, Bhopal",MICROBIOLOGY,-,-,-,-,-,4478,5151,7059,7059,-,-,-,-
AIIMS-All India,EWS,Delhi,"AIIMS, Delhi",BIOCHEMISTRY,-,-,-,-,-,-,-,-,-,-,-,-,-
AIIMS-All India,UR,Bihar,"AIIMS, Patna",PHARMACOLOGY,-,-,-,-,-,2790,3200,-,15293,-,-,-,-
AIIMS-All India,UR,Uttar Pradesh,"AIIMS, Gorakhpur",PHARMACOLOGY,-,-,-,-,-,-,-,-,-,-,-,-,-
AIIMS-All India,EWS,Uttar Pradesh,"AIIMS, Rai Bareli",FORENSIC MEDICINE,-,-,-,-,-,9429,6571,15350,-,-,-,-,-
AIIMS-All India,UR,Telangana,"AIIMS, Bibinagar",PHARMACOLOGY,-,-,-,-,-,-,-,-,-,-,-,-,-
AIIMS-All India,OBC,Maharashtra,"AIIMS, Nagpur",PHYSIOLOGY,-,-,-,-,-,6293,9889,10502,15405,-,-,-,-
AIIMS-All India,ST,Uttarakhand,"AIIMS, Rishikesh",GERIATRICS,-,-,-,-,-,-,-,-,-,-,-,-,-
AIIMS-All India,SC-PwD,Andhra Pradesh,"AIIMS, Mangalagiri",OBG,-,-,-,-,-,15475,15475,15475,15475,-,-,-,-
AIIMS-Inst. Pref,UR-AIIMS-IP,Madhya Pradesh,"AIIMS, Bhopal",PATHOLOGY,-,-,-,-,-,3483,5172,-,-,-,-,-,-
AIIMS-All India,EWS,Andhra Pradesh,"AIIMS, Mangalagiri",IHBT,-,-,-,-,-,4047,4047,6239,15575,-,-,-,-
AIIMS-All India,OBC,Punjab,"AIIMS, Bathinda",ANATOMY,-,-,-,-,-,-,-,-,-,-,-,-,-
AIIMS-All India,UR,Uttar Pradesh,"AIIMS, Gorakhpur",MICROBIOLOGY,-,-,-,-,-,-,-,-,-,-,-,-,-
AIIMS-All India,ST,Odisha,"AIIMS, Bhubaneswar",EMERGENCY MEDICINE,-,-,-,-,-,5857,5348,7128,15637,-,-,-,-
AIIMS-All India,ST,Andhra Pradesh,"AIIMS, Mangalagiri",ENT,-,-,-,-,-,-,-,-,-,-,-,-,-
AIIMS-All India,ST,Jammu and Kashmir,"AIIMS, Jammu",ORTHOPAEDICS,-,-,-,-,-,-,-,-,-,-,-,-,-
AIIMS-All India,SC,Uttarakhand,"AIIMS, Rishikesh",IHBT,-,-,-,-,-,8090,8090,12550,15727,-,-,-,-
AIIMS-All India,ST,Chhattisgarh,"AIIMS, Raipur",EMERGENCY MEDICINE,-,-,-,-,-,-,-,-,-,-,-,-,-
AIIMS-All India,OBC,Uttarakhand,"AIIMS, Rishikesh",FORENSIC MEDICINE,-,-,-,-,-,-,-,-,-,-,-,-,-
AIIMS-All India,ST,Uttarakhand,"AIIMS, Rishikesh",COMMUNITY MEDICINE,-,-,-,-,-,13089,15759,15759,-,-,-,-,-
AIIMS-Inst. Pref,UR-AIIMS-IP,Bihar,"AIIMS, Patna",FORENSIC MEDICINE,-,-,-,-,-,-,-,-,-,-,-,-,-
AIIMS-All India,ST,Maharashtra,"AIIMS, Nagpur",OPHTHALMOLOGY,-,-,-,-,-,-,-,-,-,-,-,-,-
AIIMS-All India,UR,Telangana,"AIIMS, Bibinagar",FORENSIC MEDICINE,-,-,-,-,-,-,-,-,-,-,-,-,-
AIIMS-All India,ST,Chhattisgarh,"AIIMS, Raipur",ENT,-,-,-,-,-,9858,9507,11361,15898,-,-,-,-
AIIMS-Inst. Pref,UR-AIIMS-IP,Andhra Pradesh,"AIIMS, Mangalagiri",FORENSIC MEDICINE,-,-,-,-,-,6545,15908,-,-,-,-,-,-
AIIMS-All India,UR,Punjab,"AIIMS, Bathinda",FORENSIC MEDICINE,-,-,-,-,-,-,-,4119,15948,-,-,-,-
AIIMS-All India,OBC,Uttar Pradesh,"AIIMS, Rai Bareli",IHBT,-,-,-,-,-,-,-,-,-,-,-,-,-
AIIMS-All India,OBC,Uttar Pradesh,"AIIMS, Rai Bareli",ANATOMY,-,-,-,-,-,-,-,-,-,-,-,-,-
AIIMS-Inst. Pref,UR-AIIMS-IP,Andhra Pradesh,"AIIMS, Mangalagiri",PSYCHIATRY,-,-,-,-,-,-,-,-,-,-,-,-,-
AIIMS-All India,SC,Uttarakhand,"AIIMS, Rishikesh",MICROBIOLOGY,-,-,-,-,-,10216,13970,16125,-,-,-,-,-
PGIMER-All India,UR,Chandigarh,"PGIMER, Chandigarh",FORENSIC MEDICINE,-,-,-,-,-,-,-,-,-,-,-,-,-
AIIMS-All India,OBC,Uttarakhand,"AIIMS, Rishikesh",PHARMACOLOGY,-,-,-,-,-,3847,5049,6618,16180,-,-,-,-
AIIMS-All India,EWS,Telangana,"AIIMS, Bibinagar",MICROBIOLOGY,-,-,-,-,-,5256,12112,16198,-,-,-,-,-
AIIMS-Inst. Pref,UR-AIIMS-IP,Andhra Pradesh,"AIIMS, Mangalagiri",FAMILY MEDICINE,-,-,-,-,-,-,16208,-,-,-,-,-,-
AIIMS-All India,SC,Maharashtra,"AIIMS, Nagpur",COMMUNITY MEDICINE,-,-,-,-,-,-,-,-,-,-,-,-,-
AIIMS-All India,ST,Jammu and Kashmir,"AIIMS, Jammu",OPHTHALMOLOGY,-,-,-,-,-,-,-,-,-,-,-,-,-
AIIMS-All India,OBC,Delhi,"AIIMS, Delhi",MICROBIOLOGY,-,-,-,-,-,3430,4023,6824,16296,-,-,-,-
AIIMS-All India,OBC,Telangana,"AIIMS, Bibinagar",BIOCHEMISTRY,-,-,-,-,-,7653,6306,9977,-,-,-,-,-
AIIMS-All India,SC,Madhya Pradesh,"AIIMS, Bhopal",IHBT,-,-,-,-,-,-,-,-,-,-,-,-,-
AIIMS-All India,UR,Himachal Pradesh,"AIIMS, Bilaspur, Himachal",PHARMACOLOGY,-,-,-,-,-,-,-,-,-,-,-,-,-
AIIMS-All India,SC,Uttar Pradesh,"AIIMS, Rai Bareli",PATHOLOGY,-,-,-,-,-,-,-,-,-,-,-,-,-
AIIMS-All India,SC,Telangana,"AIIMS, Bibinagar",COMMUNITY MEDICINE,-,-,-,-,-,8738,8106,16492,16492,-,-,-,-
PGIMER-All India,ST,Chandigarh,"PGIMER, Chandigarh",IHBT,-,-,-,-,-,-,-,-,-,-,-,-,-
AIIMS-All India,UR,Jammu and Kashmir,"AIIMS, Jammu",COMMUNITY MEDICINE,-,-,-,-,-,-,-,-,-,-,-,-,-
AIIMS-All India,UR,Jammu and Kashmir,"AIIMS, Jammu",IHBT,-,-,-,-,-,1728,2686,3095,8678,-,-,-,-
AIIMS-All India,OBC,West Bengal,"AIIMS, Kalyani",COMMUNITY MEDICINE,-,-,-,-,-,5603,6547,8639,13537,-,-,-,-
AIIMS-Inst. Pref,UR-AIIMS-IP,Chhattisgarh,"AIIMS, Raipur",IHBT,-,-,-,-,-,-,-,-,16605,-,-,-,-
PGIMER-All India,OBC,Chandigarh,"PGIMER, Chandigarh",PHARMACOLOGY,-,-,-,-,-,450,450,-,-,-,-,-,-
AIIMS-All India,OBC,Rajasthan,"AIIMS, Jodhpur",HOSPITAL ADMINISTRATION,-,-,-,-,-,-,-,-,-,-,-,-,-
AIIMS-All India,UR-PwD,West Bengal,"AIIMS, Kalyani",PSYCHIATRY,-,-,-,-,-,16673,16673,-,-,-,-,-,-
AIIMS-All India,UR,Rajasthan,"AIIMS, Jodhpur",MICROBIOLOGY,-,-,-,-,-,-,2437,4224,4224,-,-,-,-
AIIMS-All India,OBC,Gujarat,"AIIMS, Rajkot",PHYSIOLOGY,-,-,-,-,-,8205,10886,13446,16766,-,-,-,-
AIIMS-All India,OBC,Andhra Pradesh,"AIIMS, Mangalagiri",IHBT,-,-,-,-,-,3906,3617,4784,12758,-,-,-,-
PGIMER-All India,ST,Chandigarh,"PGIMER, Chandigarh",ORTHOPAEDICS,-,-,-,-,-,-,-,-,-,-,-,-,-
AIIMS-Inst. Pref,UR-AIIMS-IP,Uttarakhand,"AIIMS, Rishikesh",COMMUNITY MEDICINE,-,-,-,-,-,-,12124,-,-,-,-,-,-
JIPMER-All India,EWS,Pondicherry,"JIPMER, Puducherry",MICROBIOLOGY,-,-,-,-,-,4163,10821,16939,-,-,-,-,-
AIIMS-All India,UR,Assam,"AIIMS, Guwahati",MICROBIOLOGY,-,-,-,-,-,3923,5059,6625,17090,-,-,-,-
AIIMS-All India,OBC,Uttar Pradesh,"AIIMS, Gorakhpur",ANATOMY,-,-,-,-,-,-,-,-,-,-,-,-,-
AIIMS-All India,UR,Himachal Pradesh,"AIIMS, Bilaspur, Himachal",FORENSIC MEDICINE,-,-,-,-,-,2058,3971,5162,16575,-,-,-,-
AIIMS-All India,ST,Rajasthan,"AIIMS, Jodhpur",ORTHOPAEDICS,-,-,-,-,-,-,-,-,-,-,-,-,-
AIIMS-All India,OBC,Jammu and Kashmir,"AIIMS, Jammu",ANATOMY,-,-,-,-,-,10225,10818,13847,-,-,-,-,-
AIIMS-Inst. Pref,UR-AIIMS-IP,Madhya Pradesh,"AIIMS, Bhopal",HOSPITAL ADMINISTRATION,-,-,-,-,-,2402,-,7277,17354,-,-,-,-
AIIMS-Inst. Pref,UR-AIIMS-IP,Odisha,"AIIMS, Bhubaneswar",RADIATION ONCOLOGY,-,-,-,-,-,-,1967,5964,17361,-,-,-,-
AIIMS-All India,ST,Assam,"AIIMS, Guwahati",ENT,-,-,-,-,-,7839,9858,12221,17384,-,-,-,-
JIPMER-All India,ST,Pondicherry,"JIPMER, Puducherry",ENT,-,-,-,-,-,-,-,-,-,-,-,-,-
AIIMS-All India,SC,Uttar Pradesh,"AIIMS, Gorakhpur",MICROBIOLOGY,-,-,-,-,-,-,-,-,-,-,-,-,-
AIIMS-All India,SC,Andhra Pradesh,"AIIMS, Mangalagiri",COMMUNITY MEDICINE,-,-,-,-,-,8163,9561,16964,17580,-,-,-,-
AIIMS-All India,SC,Andhra Pradesh,"AIIMS, Mangalagiri",FORENSIC MEDICINE,-,-,-,-,-,12572,14370,17300,17583,-,-,-,-
AIIMS-All India,EWS,Delhi,"AIIMS, Delhi",BIOPHYSICS,-,-,-,-,-,4232,2438,5299,17596,-,-,-,-
AIIMS-All India,EWS,Bihar,"AIIMS, Patna",IHBT,-,-,-,-,-,-,-,-,-,-,-,-,-
AIIMS-All India,OBC,Uttar Pradesh,"AIIMS, Rai Bareli",PHARMACOLOGY,-,-,-,-,-,-,-,-,-,-,-,-,-
AIIMS-Inst. Pref,UR-AIIMS-IP,Odisha,"AIIMS, Bhubaneswar",PLASTIC SURGERY 6 YRS,-,-,-,-,-,-,911,1540,17759,-,-,-,-
AIIMS-All India,ST,Odisha,"AIIMS, Bhubaneswar",PMR,-,-,-,-,-,11871,15898,17805,-,-,-,-,-
AIIMS-All India,OBC,Bihar,"AIIMS, Patna",IHBT,-,-,-,-,-,-,-,-,-,-,-,-,-
AIIMS-All India,EWS-PwD,Bihar,"AIIMS, Patna",RADIO DIAGNOSIS,-,-,-,-,-,18051,18051,-,-,-,-,-,-
AIIMS-All India,ST,West Bengal,"AIIMS, Kalyani",OPHTHALMOLOGY,-,-,-,-,-,9507,9644,13068,18136,-,-,-,-
AIIMS-All India,SC,Jammu and Kashmir,"AIIMS, Jammu",COMMUNITY MEDICINE,-,-,-,-,-,-,-,-,-,-,-,-,-
AIIMS-All India,SC,Madhya Pradesh,"AIIMS, Bhopal",BIOCHEMISTRY,-,-,-,-,-,15963,15054,18185,-,-,-,-,-
AIIMS-All India,UR-PwD,Madhya Pradesh,"AIIMS, Bhopal",PAEDIATRICS,-,-,-,-,-,-,-,-,-,-,-,-,-
AIIMS-All India,ST,Madhya Pradesh,"AIIMS, Bhopal",IHBT,-,-,-,-,-,-,-,-,-,-,-,-,-
AIIMS-All India,OBC,Andhra Pradesh,"AIIMS, Mangalagiri",PHARMACOLOGY,-,-,-,-,-,4073,4073,8073,18239,-,-,-,-
AIIMS-All India,ST,Maharashtra,"AIIMS, Nagpur",ANAESTHESIOLOGY,-,-,-,-,-,-,-,-,-,-,-,-,-
AIIMS-All India,ST,Rajasthan,"AIIMS, Jodhpur",EMERGENCY MEDICINE,-,-,-,-,-,-,-,-,-,-,-,-,-
AIIMS-All India,ST,West Bengal,"AIIMS, Kalyani",IHBT,-,-,-,-,-,-,-,-,-,-,-,-,-
AIIMS-All India,UR-PwD,Uttarakhand,"AIIMS, Rishikesh",GENERAL SURGERY,-,-,-,-,-,-,-,-,-,-,-,-,-
AIIMS-Inst. Pref,UR-AIIMS-IP,Uttar Pradesh,"AIIMS, Gorakhpur",IHBT,-,-,-,-,-,9108,10073,18499,-,-,-,-,-
AIIMS-All India,ST,Uttarakhand,"AIIMS, Rishikesh",PHARMACOLOGY,-,-,-,-,-,-,-,-,-,-,-,-,-
AIIMS-All India,ST,Chhattisgarh,"AIIMS, Raipur",ANAESTHESIOLOGY,-,-,-,-,-,9654,9950,11871,-,-,-,-,-
AIIMS-Inst. Pref,UR-AIIMS-IP,Uttar Pradesh,"AIIMS, Gorakhpur",ANATOMY,-,-,-,-,-,10661,18591,-,-,-,-,-,-
AIIMS-All India,ST,Uttar Pradesh,"AIIMS, Rai Bareli",OPHTHALMOLOGY,-,-,-,-,-,-,-,-,-,-,-,-,-
AIIMS-All India,ST,Andhra Pradesh,"AIIMS, Mangalagiri",PHYSIOLOGY,-,-,-,-,-,-,-,-,-,-,-,-,-
AIIMS-All India,EWS,Uttarakhand,"AIIMS, Rishikesh",BIOCHEMISTRY,-,-,-,-,-,9886,12298,18654,-,-,-,-,-
AIIMS-All India,ST,Uttar Pradesh,"AIIMS, Gorakhpur",EMERGENCY MEDICINE,-,-,-,-,-,-,-,-,-,-,-,-,-
AIIMS-All India,ST,Delhi,"AIIMS, Delhi",BIOCHEMISTRY,-,-,-,-,-,-,-,-,-,-,-,-,-
AIIMS-All India,SC,Delhi,"AIIMS, Delhi",BIOCHEMISTRY,-,-,-,-,-,3275,9393,16926,-,-,-,-,-
AIIMS-All India,EWS,Uttar Pradesh,"AIIMS, Rai Bareli",MICROBIOLOGY,-,-,-,-,-,-,-,-,-,-,-,-,-
JIPMER-All India,EWS,Pondicherry,"JIPMER, Puducherry",ANATOMY,-,-,-,-,-,-,-,-,-,-,-,-,-
AIIMS-All India,SC,Telangana,"AIIMS, Bibinagar",COMMUNITY & FAMILY MEDICINE,-,-,-,-,-,-,-,-,-,-,-,-,-
AIIMS-All India,ST,Andhra Pradesh,"AIIMS, Mangalagiri",HOSPITAL ADMINISTRATION,-,-,-,-,-,18926,18926,-,-,-,-,-,-
AIIMS-All India,EWS,Maharashtra,"AIIMS, Nagpur",FAMILY MEDICINE,-,-,-,-,-,-,-,-,-,-,-,-,-
AIIMS-All India,ST,Andhra Pradesh,"AIIMS, Mangalagiri",ORTHOPAEDICS,-,-,-,-,-,3774,3774,3774,18972,-,-,-,-
AIIMS-All India,OBC,Odisha,"AIIMS, Bhubaneswar",PHARMACOLOGY,-,-,-,-,-,-,-,-,-,-,-,-,-
AIIMS-Inst. Pref,UR-AIIMS-IP,Madhya Pradesh,"AIIMS, Bhopal",FORENSIC MEDICINE,-,-,-,-,-,9998,17123,-,-,-,-,-,-
AIIMS-All India,SC,Uttarakhand,"AIIMS, Rishikesh",PHARMACOLOGY,-,-,-,-,-,-,-,-,-,-,-,-,-
AIIMS-Inst. Pref,UR-AIIMS-IP,Odisha,"AIIMS, Bhubaneswar",BIOCHEMISTRY,-,-,-,-,-,-,-,-,-,-,-,-,-
AIIMS-Inst. Pref,UR-AIIMS-IP,Uttar Pradesh,"AIIMS, Gorakhpur",BIOCHEMISTRY,-,-,-,-,-,-,-,19315,5693,-,-,-,-
AIIMS-Inst. Pref,UR-AIIMS-IP,West Bengal,"AIIMS, Kalyani",HOSPITAL ADMINISTRATION,-,-,-,-,-,19381,-,-,-,-,-,-,-
AIIMS-All India,UR,Uttarakhand,"AIIMS, Rishikesh",BIOCHEMISTRY,-,-,-,-,-,-,-,7152,14824,-,-,-,-
JIPMER-All India,ST,Pondicherry,"JIPMER, Puducherry",PMR,-,-,-,-,-,-,19435,-,-,-,-,-,-
AIIMS-All India,ST,Maharashtra,"AIIMS, Nagpur",PMR,-,-,-,-,-,10317,10317,19435,-,-,-,-,-
AIIMS-All India,UR-PwD,Maharashtra,"AIIMS, Nagpur",GENERAL SURGERY,-,-,-,-,-,-,-,-,-,-,-,-,-
AIIMS-All India,UR-PwD,Madhya Pradesh,"AIIMS, Bhopal",RADIATION ONCOLOGY,-,-,-,-,-,-,-,-,-,-,-,-,-
AIIMS-All India,OBC,Rajasthan,"AIIMS, Jodhpur",FORENSIC MEDICINE,-,-,-,-,-,4440,6025,6647,15556,-,-,-,-
AIIMS-Inst. Pref,UR-AIIMS-IP,Uttarakhand,"AIIMS, Rishikesh",PHYSIOLOGY,-,-,-,-,-,-,-,-,-,-,-,-,-
AIIMS-All India,UR-PwD,West Bengal,"AIIMS, Kalyani",ORTHOPAEDICS,-,-,-,-,-,-,-,-,-,-,-,-,-
AIIMS-All India,OBC,Jammu and Kashmir,"AIIMS, Jammu",PATHOLOGY,-,-,-,-,-,3514,4811,6429,14027,-,-,-,-
AIIMS-All India,EWS,Gujarat,"AIIMS, Rajkot",MICROBIOLOGY,-,-,-,-,-,7838,11897,18640,19625,-,-,-,-
AIIMS-All India,EWS,Maharashtra,"AIIMS, Nagpur",PHYSIOLOGY,-,-,-,-,-,12488,14330,19683,-,-,-,-,-
AIIMS-All India,EWS,Telangana,"AIIMS, Bibinagar",BIOCHEMISTRY,-,-,-,-,-,12298,12488,19703,-,-,-,-,-
AIIMS-All India,ST,Uttar Pradesh,"AIIMS, Rai Bareli",PMR,-,-,-,-,-,-,-,-,-,-,-,-,-
AIIMS-All India,SC,Telangana,"AIIMS, Bibinagar",MICROBIOLOGY,-,-,-,-,-,14419,14419,19810,-,-,-,-,-
AIIMS-All India,EWS,Madhya Pradesh,"AIIMS, Bhopal",ANATOMY,-,-,-,-,-,-,-,-,-,-,-,-,-
AIIMS-All India,OBC,Assam,"AIIMS, Guwahati",MICROBIOLOGY,-,-,-,-,-,-,-,-,-,-,-,-,-
AIIMS-All India,UR,Madhya Pradesh,"AIIMS, Bhopal",MICROBIOLOGY,-,-,-,-,-,2432,-,-,-,-,-,-,-
AIIMS-All India,UR,Gujarat,"AIIMS, Rajkot",PHYSIOLOGY,-,-,-,-,-,-,-,-,20020,-,-,-,-
PGIMER-All India,SC,Chandigarh,"PGIMER, Chandigarh",MICROBIOLOGY,-,-,-,-,-,12841,12490,14419,14419,-,-,-,-
AIIMS-All India,SC,Jammu and Kashmir,"AIIMS, Jammu",IHBT,-,-,-,-,-,-,-,-,-,-,-,-,-
AIIMS-All India,SC,Rajasthan,"AIIMS, Jodhpur",PHYSIOLOGY,-,-,-,-,-,-,-,-,-,-,-,-,-
AIIMS-All India,SC,Uttar Pradesh,"AIIMS, Rai Bareli",FORENSIC MEDICINE,-,-,-,-,-,-,-,-,-,-,-,-,-
AIIMS-All India,OBC-PwD,Madhya Pradesh,"AIIMS, Bhopal",PAEDIATRICS,-,-,-,-,-,-,-,-,-,-,-,-,-
AIIMS-All India,SC,West Bengal,"AIIMS, Kalyani",FORENSIC MEDICINE,-,-,-,-,-,-,-,-,20078,-,-,-,-
JIPMER-All India,ST,Pondicherry,"JIPMER, Puducherry",MICROBIOLOGY,-,-,-,-,-,-,-,-,-,-,-,-,-
AIIMS-All India,OBC,Uttar Pradesh,"AIIMS, Rai Bareli",COMMUNITY MEDICINE,-,-,-,-,-,4881,6506,7780,12820,-,-,-,-
AIIMS-All India,SC,Andhra Pradesh,"AIIMS, Mangalagiri",IHBT,-,-,-,-,-,10908,10908,15727,20141,-,-,-,-
AIIMS-Inst. Pref,UR-AIIMS-IP,Uttarakhand,"AIIMS, Rishikesh",FORENSIC MEDICINE,-,-,-,-,-,-,-,14607,-,-,-,-,-
AIIMS-All India,OBC,Jammu and Kashmir,"AIIMS, Jammu",MICROBIOLOGY,-,-,-,-,-,-,-,-,-,-,-,-,-
AIIMS-All India,EWS,Gujarat,"AIIMS, Rajkot",FORENSIC MEDICINE,-,-,-,-,-,-,-,-,-,-,-,-,-
AIIMS-All India,UR,Uttar Pradesh,"AIIMS, Rai Bareli",PHARMACOLOGY,-,-,-,-,-,-,-,-,-,-,-,-,-
AIIMS-All India,EWS,Uttarakhand,"AIIMS, Rishikesh",IHBT,-,-,-,-,-,5299,6260,7211,20224,-,-,-,-
AIIMS-All India,SC,Bihar,"AIIMS, Patna",PMR,-,-,-,-,-,-,-,-,-,-,-,-,-
AIIMS-All India,OBC-PwD,Himachal Pradesh,"AIIMS, Bilaspur, Himachal",ORTHOPAEDICS,-,-,-,-,-,-,-,20496,-,-,-,-,-
AIIMS-All India,SC,Chhattisgarh,"AIIMS, Raipur",BIOCHEMISTRY,-,-,-,-,-,-,-,-,-,-,-,-,-
AIIMS-All India,SC,Uttar Pradesh,"AIIMS, Rai Bareli",PMR,-,-,-,-,-,-,-,-,-,-,-,-,-
AIIMS-All India,ST,Delhi,"AIIMS, Delhi",PHARMACOLOGY,-,-,-,-,-,19546,20663,20663,-,-,-,-,-
AIIMS-All India,SC,Uttar Pradesh,"AIIMS, Rai Bareli",MICROBIOLOGY,-,-,-,-,-,13037,16125,20665,-,-,-,-,-
AIIMS-All India,ST,West Bengal,"AIIMS, Kalyani",PSYCHIATRY,-,-,-,-,-,9745,11392,13191,20675,-,-,-,-
AIIMS-All India,SC,Bihar,"AIIMS, Patna",BIOCHEMISTRY,-,-,-,-,-,16291,14816,20678,-,-,-,-,-
AIIMS-All India,ST,Madhya Pradesh,"AIIMS, Bhopal",PSYCHIATRY,-,-,-,-,-,-,-,-,-,-,-,-,-
AIIMS-All India,SC,Bihar,"AIIMS, Patna",PHYSIOLOGY,-,-,-,-,-,14265,16923,20714,-,-,-,-,-
JIMPER-Inst. Pref,INST (JIPMER)-PwD,Pondicherry,"JIPMER, Puducherry",PSYCHIATRY,-,-,-,-,-,-,-,-,-,-,-,-,-
AIIMS-All India,SC,West Bengal,"AIIMS, Kalyani",MICROBIOLOGY,-,-,-,-,-,13970,14701,20756,-,-,-,-,-
AIIMS-All India,SC,Telangana,"AIIMS, Bibinagar",FORENSIC MEDICINE,-,-,-,-,-,-,-,-,-,-,-,-,-
AIIMS-All India,SC,Rajasthan,"AIIMS, Jodhpur",FAMILY MEDICINE,-,-,-,-,-,-,-,-,-,-,-,-,-
AIIMS-All India,UR,Chhattisgarh,"AIIMS, Raipur",PHYSIOLOGY,-,-,-,-,-,-,-,-,-,-,-,-,-
AIIMS-All India,SC,Jammu and Kashmir,"AIIMS, Jammu",PATHOLOGY,-,-,-,-,-,7816,7816,11314,11414,-,-,-,-
AIIMS-All India,SC,Himachal Pradesh,"AIIMS, Bilaspur, Himachal",PATHOLOGY,-,-,-,-,-,-,-,-,-,-,-,-,-
AIIMS-All India,SC,Andhra Pradesh,"AIIMS, Mangalagiri",ANATOMY,-,-,-,-,-,-,-,-,-,-,-,-,-
AIIMS-All India,EWS,Andhra Pradesh,"AIIMS, Mangalagiri",BIOCHEMISTRY,-,-,-,-,-,-,-,-,-,-,-,-,-
PGIMER-All India,SC,Chandigarh,"PGIMER, Chandigarh",PHARMACOLOGY,-,-,-,-,-,9656,9656,11083,18439,-,-,-,-
AIIMS-All India,SC,Jharkhand,"AIIMS, Deoghar",BIOCHEMISTRY,-,-,-,-,-,-,-,-,-,-,-,-,-
AIIMS-All India,SC,Uttar Pradesh,"AIIMS, Rai Bareli",IHBT,-,-,-,-,-,9474,12361,13468,21004,-,-,-,-
JIPMER-All India,UR,Pondicherry,"JIPMER, Puducherry",PHYSIOLOGY,-,-,-,-,-,2213,3949,4464,11018,-,-,-,-
AIIMS-Inst. Pref,UR-AIIMS-IP,Delhi,"AIIMS, Delhi",GERIATRICS,-,-,-,-,-,-,-,5154,-,-,-,-,-
AIIMS-All India,SC,Jammu and Kashmir,"AIIMS, Jammu",MICROBIOLOGY,-,-,-,-,-,-,-,-,-,-,-,-,-
AIIMS-All India,UR,Odisha,"AIIMS, Bhubaneswar",PHYSIOLOGY,-,-,-,-,-,-,-,-,-,-,-,-,-
AIIMS-All India,SC,West Bengal,"AIIMS, Kalyani",PATHOLOGY,-,-,-,-,-,8598,8738,11145,-,-,-,-,-
AIIMS-All India,ST,West Bengal,"AIIMS, Kalyani",COMMUNITY MEDICINE,-,-,-,-,-,20125,20516,21181,-,-,-,-,-
AIIMS-All India,OBC,Uttar Pradesh,"AIIMS, Rai Bareli",MICROBIOLOGY,-,-,-,-,-,4977,6174,10143,-,-,-,-,-
AIIMS-All India,UR,Rajasthan,"AIIMS, Jodhpur",PHYSIOLOGY,-,-,-,-,-,-,4896,7734,21283,-,-,-,-
AIIMS-All India,ST,Uttar Pradesh,"AIIMS, Rai Bareli",ANAESTHESIOLOGY,-,-,-,-,-,-,-,-,-,-,-,-,-
AIIMS-All India,ST,Himachal Pradesh,"AIIMS, Bilaspur, Himachal",ANAESTHESIOLOGY,-,-,-,-,-,-,-,-,-,-,-,-,-
AIIMS-All India,SC,Jammu and Kashmir,"AIIMS, Jammu",PHARMACOLOGY,-,-,-,-,-,-,-,-,-,-,-,-,-
AIIMS-All India,ST,Odisha,"AIIMS, Bhubaneswar",ENT,-,-,-,-,-,-,-,-,-,-,-,-,-
AIIMS-All India,EWS,Jharkhand,"AIIMS, Deoghar",COMMUNITY & FAMILY MEDICINE,-,-,-,-,-,-,-,-,-,-,-,-,-
AIIMS-All India,UR,Odisha,"AIIMS, Bhubaneswar",FORENSIC MEDICINE,-,-,-,-,-,-,-,-,-,-,-,-,-
AIIMS-All India,SC,Madhya Pradesh,"AIIMS, Bhopal",PHARMACOLOGY,-,-,-,-,-,-,-,-,-,-,-,-,-
AIIMS-All India,ST,Andhra Pradesh,"AIIMS, Mangalagiri",PSYCHIATRY,-,-,-,-,-,-,-,-,-,-,-,-,-
AIIMS-All India,SC,Maharashtra,"AIIMS, Nagpur",PHYSIOLOGY,-,-,-,-,-,-,-,-,-,-,-,-,-
AIIMS-All India,EWS,Jammu and Kashmir,"AIIMS, Jammu",PHYSIOLOGY,-,-,-,-,-,-,-,-,-,-,-,-,-
AIIMS-Inst. Pref,UR-AIIMS-IP,Andhra Pradesh,"AIIMS, Mangalagiri",PHARMACOLOGY,-,-,-,-,-,-,-,-,-,-,-,-,-
AIIMS-All India,SC,Madhya Pradesh,"AIIMS, Bhopal",MICROBIOLOGY,-,-,-,-,-,12791,12841,20177,21746,-,-,-,-
AIIMS-All India,SC,Maharashtra,"AIIMS, Nagpur",FORENSIC MEDICINE,-,-,-,-,-,-,-,-,-,-,-,-,-
AIIMS-All India,ST,Assam,"AIIMS, Guwahati",RADIATION ONCOLOGY,-,-,-,-,-,8446,8446,8446,21793,-,-,-,-
AIIMS-Inst. Pref,UR-AIIMS-IP,Bihar,"AIIMS, Patna",PATHOLOGY,-,-,-,-,-,4035,8263,13288,13288,-,-,-,-
AIIMS-All India,SC,Telangana,"AIIMS, Bibinagar",PHARMACOLOGY,-,-,-,-,-,-,-,-,-,-,-,-,-
AIIMS-All India,ST,Chhattisgarh,"AIIMS, Raipur",COMMUNITY MEDICINE,-,-,-,-,-,-,-,-,-,-,-,-,-
AIIMS-Inst. Pref,UR-AIIMS-IP,Rajasthan,"AIIMS, Jodhpur",ANATOMY,-,-,-,-,-,-,21858,-,-,-,-,-,-
AIIMS-Inst. Pref,UR-AIIMS-IP,Bihar,"AIIMS, Patna",MICROBIOLOGY,-,-,-,-,-,-,-,-,-,-,-,-,-
AIIMS-Inst. Pref,UR-AIIMS-IP,Chhattisgarh,"AIIMS, Raipur",MICROBIOLOGY,-,-,-,-,-,6394,6008,16605,-,-,-,-,-
AIIMS-All India,UR-PwD,Bihar,"AIIMS, Patna",ORTHOPAEDICS,-,-,-,-,-,21958,21958,-,-,-,-,-,-
AIIMS-Inst. Pref,UR-AIIMS-IP,West Bengal,"AIIMS, Kalyani",COMMUNITY MEDICINE,-,-,-,-,-,13521,20673,21965,-,-,-,-,-
AIIMS-All India,EWS,Andhra Pradesh,"AIIMS, Mangalagiri",ANATOMY,-,-,-,-,-,9895,13881,21976,-,-,-,-,-
AIIMS-Inst. Pref,UR-AIIMS-IP,Odisha,"AIIMS, Bhubaneswar",HOSPITAL ADMINISTRATION,-,-,-,-,-,-,-,22006,-,-,-,-,-
AIIMS-All India,SC,Gujarat,"AIIMS, Rajkot",COMMUNITY & FAMILY MEDICINE,-,-,-,-,-,9561,9848,15474,22041,-,-,-,-
AIIMS-All India,SC,Maharashtra,"AIIMS, Nagpur",ANATOMY,-,-,-,-,-,17670,19762,22063,-,-,-,-,-
AIIMS-Inst. Pref,UR-AIIMS-IP,West Bengal,"AIIMS, Kalyani",PSYCHIATRY,-,-,-,-,-,-,-,-,-,-,-,-,-
AIIMS-All India,ST,Rajasthan,"AIIMS, Jodhpur",HOSPITAL ADMINISTRATION,-,-,-,-,-,19523,15502,22136,-,-,-,-,-
AIIMS-All India,UR-PwD,Maharashtra,"AIIMS, Nagpur",RADIO DIAGNOSIS,-,-,-,-,-,-,-,-,-,-,-,-,-
AIIMS-All India,OBC,Assam,"AIIMS, Guwahati",FORENSIC MEDICINE,-,-,-,-,-,5293,6298,9042,22205,-,-,-,-
AIIMS-All India,ST,Uttar Pradesh,"AIIMS, Rai Bareli",COMMUNITY MEDICINE,-,-,-,-,-,-,-,-,-,-,-,-,-
PGIMER-All India,ST,Chandigarh,"PGIMER, Chandigarh",PATHOLOGY,-,-,-,-,-,18220,13365,22324,-,-,-,-,-
AIIMS-All India,OBC,Maharashtra,"AIIMS, Nagpur",HOSPITAL ADMINISTRATION,-,-,-,-,-,-,-,-,-,-,-,-,-
AIIMS-All India,OBC,West Bengal,"AIIMS, Kalyani",MICROBIOLOGY,-,-,-,-,-,6174,6976,11177,19057,-,-,-,-
AIIMS-All India,SC,Gujarat,"AIIMS, Rajkot",PHYSIOLOGY,-,-,-,-,-,17123,20266,22382,-,-,-,-,-
AIIMS-Inst. Pref,UR-AIIMS-IP,Odisha,"AIIMS, Bhubaneswar",PHARMACOLOGY,-,-,-,-,-,6775,22394,-,-,-,-,-,-
JIPMER-All India,ST,Pondicherry,"JIPMER, Puducherry",FORENSIC MEDICINE,-,-,-,-,-,-,-,22403,-,-,-,-,-
AIIMS-All India,SC,Chhattisgarh,"AIIMS, Raipur",PHYSIOLOGY,-,-,-,-,-,-,-,-,-,-,-,-,-
AIIMS-All India,UR,Madhya Pradesh,"AIIMS, Bhopal",PHYSIOLOGY,-,-,-,-,-,-,-,-,22453,-,-,-,-
AIIMS-All India,SC,Madhya Pradesh,"AIIMS, Bhopal",PHYSIOLOGY,-,-,-,-,-,13192,16856,22460,-,-,-,-,-
AIIMS-All India,OBC-PwD,Rajasthan,"AIIMS, Jodhpur",DERMATOLOGY,-,-,-,-,-,-,-,-,-,-,-,-,-
AIIMS-All India,ST,Maharashtra,"AIIMS, Nagpur",PSYCHIATRY,-,-,-,-,-,-,-,-,-,-,-,-,-
AIIMS-All India,ST,Uttarakhand,"AIIMS, Rishikesh",PATHOLOGY,-,-,-,-,-,16845,20889,22564,19633,-,-,-,-
AIIMS-All India,SC,Assam,"AIIMS, Guwahati",ANATOMY,-,-,-,-,-,-,-,-,-,-,-,-,-
AIIMS-All India,OBC,Punjab,"AIIMS, Bathinda",MICROBIOLOGY,-,-,-,-,-,5783,5783,9002,22730,-,-,-,-
AIIMS-All India,EWS,Gujarat,"AIIMS, Rajkot",BIOCHEMISTRY,-,-,-,-,-,14049,14842,22748,-,-,-,-,-
AIIMS-All India,ST,Uttar Pradesh,"AIIMS, Gorakhpur",OPHTHALMOLOGY,-,-,-,-,-,-,-,-,-,-,-,-,-
AIIMS-Inst. Pref,UR-AIIMS-IP,Rajasthan,"AIIMS, Jodhpur",FORENSIC MEDICINE,-,-,-,-,-,-,-,-,-,-,-,-,-
AIIMS-Inst. Pref,UR-AIIMS-IP,West Bengal,"AIIMS, Kalyani",FORENSIC MEDICINE,-,-,-,-,-,22917,21204,-,-,-,-,-,-
AIIMS-All India,ST,Odisha,"AIIMS, Bhubaneswar",COMMUNITY MEDICINE,-,-,-,-,-,17941,20155,22941,-,-,-,-,-
AIIMS-All India,ST,Delhi,"AIIMS, Delhi",HOSPITAL ADMINISTRATION,-,-,-,-,-,-,-,-,-,-,-,-,-
AIIMS-All India,UR,Jammu and Kashmir,"AIIMS, Jammu",HOSPITAL ADMINISTRATION,-,-,-,-,-,-,-,-,-,-,-,-,-
AIIMS-All India,UR,Chhattisgarh,"AIIMS, Raipur",ANATOMY,-,-,-,-,-,4401,2055,8364,23174,-,-,-,-
AIIMS-All India,OBC,Chhattisgarh,"AIIMS, Raipur",PHARMACOLOGY,-,-,-,-,-,4944,5439,8395,12685,-,-,-,-
AIIMS-All India,SC,Chhattisgarh,"AIIMS, Raipur",FORENSIC MEDICINE,-,-,-,-,-,-,-,-,-,-,-,-,-
AIIMS-All India,UR,Himachal Pradesh,"AIIMS, Bilaspur, Himachal",BIOCHEMISTRY,-,-,-,-,-,-,-,-,-,-,-,-,-
AIIMS-All India,ST,Uttarakhand,"AIIMS, Rishikesh",MICROBIOLOGY,-,-,-,-,-,-,-,-,-,-,-,-,-
AIIMS-All India,EWS,Chhattisgarh,"AIIMS, Raipur",PHYSIOLOGY,-,-,-,-,-,-,-,-,-,-,-,-,-
AIIMS-All India,UR,Rajasthan,"AIIMS, Jodhpur",FORENSIC MEDICINE,-,-,-,-,-,-,-,-,-,-,-,-,-
AIIMS-All India,ST,Uttar Pradesh,"AIIMS, Gorakhpur",PATHOLOGY,-,-,-,-,-,18991,21352,23570,-,-,-,-,-
JIPMER-All India,UR-PwD,Pondicherry,"JIPMER, Puducherry",DERMATOLOGY,-,-,-,-,-,-,-,-,-,-,-,-,-
NIMHANS-NE Domicile,UR-PwD-North East Domicile,Karnataka,"NIMHANS, Bangalore",PSYCHIATRY,-,-,-,-,-,-,-,-,-,-,-,-,-
AIIMS-All India,ST,Madhya Pradesh,"AIIMS, Bhopal",COMMUNITY MEDICINE,-,-,-,-,-,-,-,-,-,-,-,-,-
AIIMS-All India,SC-PwD,Odisha,"AIIMS, Bhubaneswar",GENERAL SURGERY,-,-,-,-,-,-,23635,-,-,-,-,-,-
JIPMER-All India,UR-PwD,Pondicherry,"JIPMER, Puducherry",OBG,-,-,-,-,-,23680,23680,-,-,-,-,-,-
AIIMS-All India,SC,Himachal Pradesh,"AIIMS, Bilaspur, Himachal",MICROBIOLOGY,-,-,-,-,-,-,-,-,23707,-,-,-,-
AIIMS-All India,EWS,Telangana,"AIIMS, Bibinagar",COMMUNITY MEDICINE,-,-,-,-,-,4683,9240,13200,23753,-,-,-,-
AIIMS-All India,OBC,Himachal Pradesh,"AIIMS, Bilaspur, Himachal",PHYSIOLOGY,-,-,-,-,-,9364,9911,13217,23758,-,-,-,-
AIIMS-All India,OBC,Jammu and Kashmir,"AIIMS, Jammu",COMMUNITY MEDICINE,-,-,-,-,-,-,-,-,-,-,-,-,-
AIIMS-All India,UR,Telangana,"AIIMS, Bibinagar",PHYSIOLOGY,-,-,-,-,-,-,-,-,20290,-,-,-,-
AIIMS-All India,SC,Jharkhand,"AIIMS, Deoghar",MICROBIOLOGY,-,-,-,-,-,-,-,-,-,-,-,-,-
AIIMS-All India,ST,Maharashtra,"AIIMS, Nagpur",PHARMACOLOGY,-,-,-,-,-,23472,23836,-,23915,-,-,-,-
AIIMS-All India,ST,Maharashtra,"AIIMS, Nagpur",ANATOMY,-,-,-,-,-,23915,23915,23915,-,-,-,-,-
AIIMS-Inst. Pref,UR-AIIMS-IP,Uttar Pradesh,"AIIMS, Gorakhpur",ANAESTHESIOLOGY,-,-,-,-,-,-,1302,1302,-,-,-,-,-
AIIMS-All India,ST,Rajasthan,"AIIMS, Jodhpur",FORENSIC MEDICINE,-,-,-,-,-,15415,15415,24033,-,-,-,-,-
AIIMS-All India,SC,Maharashtra,"AIIMS, Nagpur",PHARMACOLOGY,-,-,-,-,-,-,-,-,-,-,-,-,-
AIIMS-All India,SC,Delhi,"AIIMS, Delhi",ANATOMY,-,-,-,-,-,9393,10216,19713,24122,-,-,-,-
AIIMS-All India,ST,Delhi,"AIIMS, Delhi",PATHOLOGY,-,-,-,-,-,13365,12067,17498,15415,-,-,-,-
AIIMS-All India,SC,Delhi,"AIIMS, Delhi",MICROBIOLOGY,-,-,-,-,-,-,-,-,15963,-,-,-,-
JIPMER-All India,ST,Pondicherry,"JIPMER, Puducherry",PHARMACOLOGY,-,-,-,-,-,-,-,-,-,-,-,-,-
AIIMS-All India,UR,Bihar,"AIIMS, Patna",BIOCHEMISTRY,-,-,-,-,-,-,-,7665,24325,-,-,-,-
AIIMS-All India,EWS,Maharashtra,"AIIMS, Nagpur",ANATOMY,-,-,-,-,-,-,-,-,-,-,-,-,-
AIIMS-All India,SC,Odisha,"AIIMS, Bhubaneswar",IHBT,-,-,-,-,-,8865,9704,12746,12746,-,-,-,-
AIIMS-All India,SC,Odisha,"AIIMS, Bhubaneswar",COMMUNITY MEDICINE,-,-,-,-,-,6712,7853,12252,24428,-,-,-,-
AIIMS-All India,EWS,Chhattisgarh,"AIIMS, Raipur",ANATOMY,-,-,-,-,-,-,-,-,-,-,-,-,-
AIIMS-All India,SC,Telangana,"AIIMS, Bibinagar",BIOCHEMISTRY,-,-,-,-,-,-,-,-,-,-,-,-,-
NIMHANS-KAR Domicile,ST-Karnataka Domicile,Karnataka,"NIMHANS, Bangalore",PSYCHIATRY,-,-,-,-,-,6877,6877,20530,24513,-,-,-,-
AIIMS-All India,SC,Jharkhand,"AIIMS, Deoghar",FORENSIC MEDICINE,-,-,-,-,-,9718,15498,16745,17300,-,-,-,-
AIIMS-All India,SC,Rajasthan,"AIIMS, Jodhpur",PMR,-,-,-,-,-,-,-,-,-,-,-,-,-
AIIMS-Inst. Pref,UR-AIIMS-IP,Chhattisgarh,"AIIMS, Raipur",FORENSIC MEDICINE,-,-,-,-,-,6008,-,-,-,-,-,-,-
AIIMS-All India,OBC-PwD,Uttarakhand,"AIIMS, Rishikesh",ANAESTHESIOLOGY,-,-,-,-,-,-,-,-,24765,-,-,-,-
AIIMS-All India,OBC-PwD,Punjab,"AIIMS, Bathinda",GENERAL MEDICINE,-,-,-,-,-,24765,24765,24765,-,-,-,-,-
AIIMS-All India,SC,Uttar Pradesh,"AIIMS, Rai Bareli",ANATOMY,-,-,-,-,-,-,-,-,-,-,-,-,-
AIIMS-All India,SC,Odisha,"AIIMS, Bhubaneswar",ANATOMY,-,-,-,-,-,-,-,-,-,-,-,-,-
AIIMS-Inst. Pref,UR-AIIMS-IP,West Bengal,"AIIMS, Kalyani",PHARMACOLOGY,-,-,-,-,-,-,24818,-,-,-,-,-,-
AIIMS-Inst. Pref,UR-AIIMS-IP,West Bengal,"AIIMS, Kalyani",BIOCHEMISTRY,-,-,-,-,-,24818,-,-,-,-,-,-,-
AIIMS-All India,OBC,Uttar Pradesh,"AIIMS, Gorakhpur",FORENSIC MEDICINE,-,-,-,-,-,5381,6799,10711,24832,-,-,-,-
AIIMS-All India,EWS,Himachal Pradesh,"AIIMS, Bilaspur, Himachal",COMMUNITY & FAMILY MEDICINE,-,-,-,-,-,5093,3871,7491,24898,-,-,-,-
AIIMS-All India,SC,Gujarat,"AIIMS, Rajkot",ANATOMY,-,-,-,-,-,-,-,-,-,-,-,-,-
AIIMS-All India,UR,Madhya Pradesh,"AIIMS, Bhopal",BIOCHEMISTRY,-,-,-,-,-,-,-,-,22078,-,-,-,-
AIIMS-All India,OBC,Odisha,"AIIMS, Bhubaneswar",BIOCHEMISTRY,-,-,-,-,-,4825,5486,6671,20055,-,-,-,-
AIIMS-All India,SC,Chhattisgarh,"AIIMS, Raipur",ANATOMY,-,-,-,-,-,-,-,-,-,-,-,-,-
AIIMS-All India,SC,Uttar Pradesh,"AIIMS, Rai Bareli",PHYSIOLOGY,-,-,-,-,-,-,-,-,-,-,-,-,-
AIIMS-All India,UR-PwD,Assam,"AIIMS, Guwahati",GENERAL MEDICINE,-,-,-,-,-,-,-,-,-,-,-,-,-
AIIMS-All India,EWS,Jammu and Kashmir,"AIIMS, Jammu",ANATOMY,-,-,-,-,-,10335,17596,23970,-,-,-,-,-
AIIMS-All India,EWS,Gujarat,"AIIMS, Rajkot",PHYSIOLOGY,-,-,-,-,-,-,-,-,-,-,-,-,-
AIIMS-All India,SC,Gujarat,"AIIMS, Rajkot",PHARMACOLOGY,-,-,-,-,-,-,-,-,-,-,-,-,-
AIIMS-All India,UR-PwD,Odisha,"AIIMS, Bhubaneswar",RADIO DIAGNOSIS,-,-,-,-,-,-,-,-,-,-,-,-,-
AIIMS-All India,EWS,Odisha,"AIIMS, Bhubaneswar",COMMUNITY MEDICINE,-,-,-,-,-,5777,3370,7404,25097,-,-,-,-
AIIMS-All India,EWS,Odisha,"AIIMS, Bhubaneswar",ANATOMY,-,-,-,-,-,8604,9895,25113,-,-,-,-,-
AIIMS-All India,SC,Punjab,"AIIMS, Bathinda",COMMUNITY & FAMILY MEDICINE,-,-,-,-,-,8686,9108,15571,25116,-,-,-,-
AIIMS-All India,UR,Uttar Pradesh,"AIIMS, Gorakhpur",PHYSIOLOGY,-,-,-,-,-,-,-,-,-,-,-,-,-
AIIMS-All India,UR,Chhattisgarh,"AIIMS, Raipur",FORENSIC MEDICINE,-,-,-,-,-,-,3362,4763,17386,-,-,-,-
AIIMS-All India,ST,Andhra Pradesh,"AIIMS, Mangalagiri",PHARMACOLOGY,-,-,-,-,-,23657,24269,25146,-,-,-,-,-
AIIMS-All India,EWS,Maharashtra,"AIIMS, Nagpur",BIOCHEMISTRY,-,-,-,-,-,-,-,-,-,-,-,-,-
AIIMS-All India,OBC-PwD,Maharashtra,"AIIMS, Nagpur",DERMATOLOGY,-,-,-,-,-,-,-,-,-,-,-,-,-
AIIMS-All India,EWS,Maharashtra,"AIIMS, Nagpur",FORENSIC MEDICINE,-,-,-,-,-,6571,7922,12770,25223,-,-,-,-
AIIMS-Inst. Pref,UR-AIIMS-IP,Uttar Pradesh,"AIIMS, Gorakhpur",EMERGENCY MEDICINE,-,-,-,-,-,-,-,-,-,-,-,-,-
AIIMS-All India,UR,Maharashtra,"AIIMS, Nagpur",PHYSIOLOGY,-,-,-,-,-,-,-,-,25313,-,-,-,-
AIIMS-All India,EWS-PwD,Odisha,"AIIMS, Bhubaneswar",OBG,-,-,-,-,-,-,-,-,-,-,-,-,-
AIIMS-All India,ST,Jammu and Kashmir,"AIIMS, Jammu",PATHOLOGY,-,-,-,-,-,-,-,-,-,-,-,-,-
AIIMS-All India,ST,Rajasthan,"AIIMS, Jodhpur",FAMILY MEDICINE,-,-,-,-,-,-,-,-,-,-,-,-,-
AIIMS-Inst. Pref,UR-AIIMS-IP,Odisha,"AIIMS, Bhubaneswar",COMMUNITY MEDICINE,-,-,-,-,-,3585,3765,22394,-,-,-,-,-
AIIMS-All India,SC,Jammu and Kashmir,"AIIMS, Jammu",PHYSIOLOGY,-,-,-,-,-,-,-,-,-,-,-,-,-
AIIMS-All India,UR,Uttar Pradesh,"AIIMS, Rai Bareli",FORENSIC MEDICINE,-,-,-,-,-,-,2989,4301,21196,-,-,-,-
AIIMS-All India,EWS-PwD,Delhi,"AIIMS, Delhi",ANAESTHESIOLOGY,-,-,-,-,-,-,-,-,-,-,-,-,-
AIIMS-All India,EWS,Odisha,"AIIMS, Bhubaneswar",IHBT,-,-,-,-,-,6521,6521,7372,25542,-,-,-,-
AIIMS-Inst. Pref,UR-AIIMS-IP,Delhi,"AIIMS, Delhi",PALLIATIVE MEDICINE,-,-,-,-,-,8902,15414,-,-,-,-,-,-
AIIMS-All India,SC,Jammu and Kashmir,"AIIMS, Jammu",BIOCHEMISTRY,-,-,-,-,-,-,-,-,-,-,-,-,-
AIIMS-Inst. Pref,UR-AIIMS-IP,Telangana,"AIIMS, Bibinagar",ANATOMY,-,-,-,-,-,8836,-,-,-,-,-,-,-
AIIMS-Inst. Pref,UR-AIIMS-IP,West Bengal,"AIIMS, Kalyani",PATHOLOGY,-,-,-,-,-,20673,22917,-,-,-,-,-,-
AIIMS-All India,UR,Odisha,"AIIMS, Bhubaneswar",BIOCHEMISTRY,-,-,-,-,-,-,-,-,21397,-,-,-,-
AIIMS-All India,UR,Telangana,"AIIMS, Bibinagar",BIOCHEMISTRY,-,-,-,-,-,-,-,-,25035,-,-,-,-
AIIMS-All India,EWS,Assam,"AIIMS, Guwahati",BIOCHEMISTRY,-,-,-,-,-,-,-,-,-,-,-,-,-
JIPMER-All India,EWS-PwD,Pondicherry,"JIPMER, Puducherry",ANATOMY,-,-,-,-,-,-,17344,25907,-,-,-,-,-
AIIMS-All India,ST,Punjab,"AIIMS, Bathinda",COMMUNITY & FAMILY MEDICINE,-,-,-,-,-,13001,13001,26038,-,-,-,-,-
AIIMS-All India,OBC,Himachal Pradesh,"AIIMS, Bilaspur, Himachal",BIOCHEMISTRY,-,-,-,-,-,9180,7402,12716,26075,-,-,-,-
AIIMS-All India,ST,Odisha,"AIIMS, Bhubaneswar",FORENSIC MEDICINE,-,-,-,-,-,-,-,-,-,-,-,-,-
AIIMS-All India,EWS,Chhattisgarh,"AIIMS, Raipur",IHBT,-,-,-,-,-,6111,7838,12686,26123,-,-,-,-
AIIMS-All India,SC,Assam,"AIIMS, Guwahati",PHARMACOLOGY,-,-,-,-,-,-,-,-,-,-,-,-,-
AIIMS-All India,OBC,Andhra Pradesh,"AIIMS, Mangalagiri",PHYSIOLOGY,-,-,-,-,-,8373,9422,9992,26285,-,-,-,-
AIIMS-All India,SC,Uttarakhand,"AIIMS, Rishikesh",ANATOMY,-,-,-,-,-,16926,16926,21493,-,-,-,-,-
AIIMS-All India,EWS,West Bengal,"AIIMS, Kalyani",PHARMACOLOGY,-,-,-,-,-,12349,14121,14257,26311,-,-,-,-
AIIMS-All India,UR,Telangana,"AIIMS, Bibinagar",ANATOMY,-,-,-,-,-,-,4600,8400,25908,-,-,-,-
AIIMS-All India,ST,Telangana,"AIIMS, Bibinagar",PHARMACOLOGY,-,-,-,-,-,24109,23657,26349,-,-,-,-,-
AIIMS-All India,UR,Himachal Pradesh,"AIIMS, Bilaspur, Himachal",PHYSIOLOGY,-,-,-,-,-,-,-,-,-,-,-,-,-
AIIMS-All India,UR-PwD,Andhra Pradesh,"AIIMS, Mangalagiri",RADIO DIAGNOSIS,-,-,-,-,-,-,-,-,-,-,-,-,-
AIIMS-All India,SC,Uttar Pradesh,"AIIMS, Rai Bareli",BIOCHEMISTRY,-,-,-,-,-,-,-,-,-,-,-,-,-
AIIMS-All India,OBC-PwD,Uttar Pradesh,"AIIMS, Rai Bareli",GENERAL MEDICINE,-,-,-,-,-,26453,26453,-,-,-,-,-,-
AIIMS-All India,EWS,Delhi,"AIIMS, Delhi",MICROBIOLOGY,-,-,-,-,-,-,-,-,-,-,-,-,-
AIIMS-All India,UR,Uttarakhand,"AIIMS, Rishikesh",ANATOMY,-,-,-,-,-,3958,5352,8436,26590,-,-,-,-
AIIMS-All India,OBC,Telangana,"AIIMS, Bibinagar",FORENSIC MEDICINE,-,-,-,-,-,-,-,-,-,-,-,-,-
AIIMS-All India,ST,Madhya Pradesh,"AIIMS, Bhopal",FORENSIC MEDICINE,-,-,-,-,-,-,-,-,-,-,-,-,-
AIIMS-All India,OBC,Jammu and Kashmir,"AIIMS, Jammu",PHARMACOLOGY,-,-,-,-,-,-,-,-,-,-,-,-,-
AIIMS-All India,SC,Andhra Pradesh,"AIIMS, Mangalagiri",MICROBIOLOGY,-,-,-,-,-,11078,11078,17069,26678,-,-,-,-
AIIMS-All India,ST,Chhattisgarh,"AIIMS, Raipur",MICROBIOLOGY,-,-,-,-,-,-,-,-,-,-,-,-,-
AIIMS-All India,ST,Telangana,"AIIMS, Bibinagar",COMMUNITY & FAMILY MEDICINE,-,-,-,-,-,-,-,-,-,-,-,-,-
AIIMS-All India,SC,Rajasthan,"AIIMS, Jodhpur",PHARMACOLOGY,-,-,-,-,-,-,-,-,-,-,-,-,-
AIIMS-Inst. Pref,UR-AIIMS-IP,Telangana,"AIIMS, Bibinagar",COMMUNITY MEDICINE,-,-,-,-,-,4973,4973,4973,26877,-,-,-,-
AIIMS-All India,SC,Jammu and Kashmir,"AIIMS, Jammu",ANATOMY,-,-,-,-,-,19762,17237,19980,-,-,-,-,-
AIIMS-Inst. Pref,UR-AIIMS-IP,Madhya Pradesh,"AIIMS, Bhopal",BIOCHEMISTRY,-,-,-,-,-,-,-,-,-,-,-,-,-
AIIMS-All India,UR,Uttar Pradesh,"AIIMS, Rai Bareli",ANATOMY,-,-,-,-,-,-,7045,8710,26941,-,-,-,-
AIIMS-All India,OBC,Assam,"AIIMS, Guwahati",PHARMACOLOGY,-,-,-,-,-,-,-,-,-,-,-,-,-
AIIMS-All India,OBC,West Bengal,"AIIMS, Kalyani",PHARMACOLOGY,-,-,-,-,-,5049,6229,8807,20970,-,-,-,-
AIIMS-All India,ST,Gujarat,"AIIMS, Rajkot",FAMILY MEDICINE,-,-,-,-,-,-,-,-,-,-,-,-,-
AIIMS-All India,EWS,Delhi,"AIIMS, Delhi",ANATOMY,-,-,-,-,-,-,-,-,-,-,-,-,-
JIPMER-All India,UR,Pondicherry,"JIPMER, Puducherry",ANATOMY,-,-,-,-,-,-,-,-,15988,-,-,-,-
JIPMER-All India,SC,Pondicherry,"JIPMER, Puducherry",PHYSIOLOGY,-,-,-,-,-,-,-,-,27320,-,-,-,-
AIIMS-All India,UR,Punjab,"AIIMS, Bathinda",BIOCHEMISTRY,-,-,-,-,-,2255,5287,5743,25228,-,-,-,-
PGIMER-All India,UR-PwD,Chandigarh,"PGIMER, Chandigarh",PATHOLOGY,-,-,-,-,-,-,-,-,-,-,-,-,-
AIIMS-All India,ST,Delhi,"AIIMS, Delhi",MICROBIOLOGY,-,-,-,-,-,17279,17279,27369,-,-,-,-,-
AIIMS-All India,ST,Delhi,"AIIMS, Delhi",ANATOMY,-,-,-,-,-,-,-,-,-,-,-,-,-
AIIMS-All India,ST,Andhra Pradesh,"AIIMS, Mangalagiri",MICROBIOLOGY,-,-,-,-,-,19633,23472,27494,-,-,-,-,-
AIIMS-All India,OBC-PwD,Delhi,"AIIMS, Delhi",EMERGENCY MEDICINE,-,-,-,-,-,-,-,-,-,-,-,-,-
AIIMS-All India,UR,West Bengal,"AIIMS, Kalyani",MICROBIOLOGY,-,-,-,-,-,3899,4542,7630,23780,-,-,-,-
AIIMS-All India,ST,Chhattisgarh,"AIIMS, Raipur",FORENSIC MEDICINE,-,-,-,-,-,21266,22324,27569,-,-,-,-,-
AIIMS-All India,OBC-PwD,Chhattisgarh,"AIIMS, Raipur",DERMATOLOGY,-,-,-,-,-,20496,20496,27709,-,-,-,-,-
AIIMS-All India,UR,Maharashtra,"AIIMS, Nagpur",MICROBIOLOGY,-,-,-,-,-,-,3958,-,18809,-,-,-,-
AIIMS-All India,ST,Rajasthan,"AIIMS, Jodhpur",ENT,-,-,-,-,-,-,-,-,-,-,-,-,-
AIIMS-All India,ST,West Bengal,"AIIMS, Kalyani",MICROBIOLOGY,-,-,-,-,-,19435,22548,27657,-,-,-,-,-
PGIMER-All India,UR-PwD,Chandigarh,"PGIMER, Chandigarh",OBG,-,-,-,-,-,-,-,-,-,-,-,-,-
AIIMS-All India,UR-PwD,Jammu and Kashmir,"AIIMS, Jammu",OBG,-,-,-,-,-,-,-,-,-,-,-,-,-
AIIMS-All India,ST,Delhi,"AIIMS, Delhi",BIOPHYSICS,-,-,-,-,-,12159,12159,27847,-,-,-,-,-
JIPMER-All India,ST,Pondicherry,"JIPMER, Puducherry",BIOCHEMISTRY,-,-,-,-,-,21007,24815,28002,-,-,-,-,-
AIIMS-All India,OBC,Odisha,"AIIMS, Bhubaneswar",PHYSIOLOGY,-,-,-,-,-,6612,8192,11346,27245,-,-,-,-
AIIMS-All India,OBC,Chhattisgarh,"AIIMS, Raipur",PHYSIOLOGY,-,-,-,-,-,8192,9179,12426,26345,-,-,-,-
AIIMS-Inst. Pref,UR-AIIMS-IP,Uttarakhand,"AIIMS, Rishikesh",ANATOMY,-,-,-,-,-,10499,-,-,-,-,-,-,-
AIIMS-All India,ST,Assam,"AIIMS, Guwahati",ANAESTHESIOLOGY,-,-,-,-,-,-,-,-,-,-,-,-,-
AIIMS-All India,ST,Andhra Pradesh,"AIIMS, Mangalagiri",EMERGENCY MEDICINE,-,-,-,-,-,-,-,-,-,-,-,-,-
AIIMS-All India,ST,Rajasthan,"AIIMS, Jodhpur",IHBT,-,-,-,-,-,-,-,-,-,-,-,-,-
AIIMS-Inst. Pref,UR-AIIMS-IP,Rajasthan,"AIIMS, Jodhpur",PHYSIOLOGY,-,-,-,-,-,21854,-,-,-,-,-,-,-
AIIMS-All India,UR-PwD,Bihar,"AIIMS, Patna",ENT,-,-,-,-,-,28377,28377,-,-,-,-,-,-
AIIMS-All India,UR,West Bengal,"AIIMS, Kalyani",BIOCHEMISTRY,-,-,-,-,-,-,6389,8891,28390,-,-,-,-
AIIMS-Inst. Pref,UR-AIIMS-IP,Uttar Pradesh,"AIIMS, Gorakhpur",PSYCHIATRY,-,-,-,-,-,-,-,-,-,-,-,-,-
JIPMER-All India,OBC-PwD,Pondicherry,"JIPMER, Puducherry",TBRD,-,-,-,-,-,-,-,-,-,-,-,-,-
AIIMS-All India,OBC,Maharashtra,"AIIMS, Nagpur",MICROBIOLOGY,-,-,-,-,-,5098,5098,8376,19945,-,-,-,-
JIPMER-All India,ST,Pondicherry,"JIPMER, Puducherry",PHYSIOLOGY,-,-,-,-,-,-,-,-,-,-,-,-,-
AIIMS-All India,ST,Maharashtra,"AIIMS, Nagpur",BIOCHEMISTRY,-,-,-,-,-,22548,24951,28632,-,-,-,-,-
AIIMS-All India,UR,Gujarat,"AIIMS, Rajkot",ANATOMY,-,-,-,-,-,5476,7611,7837,28705,-,-,-,-
AIIMS-All India,EWS,Jammu and Kashmir,"AIIMS, Jammu",BIOCHEMISTRY,-,-,-,-,-,-,-,-,-,-,-,-,-
AIIMS-All India,UR-PwD,Odisha,"AIIMS, Bhubaneswar",ORTHOPAEDICS,-,-,-,-,-,-,-,28847,-,-,-,-,-
AIIMS-All India,EWS-PwD,Maharashtra,"AIIMS, Nagpur",ORTHOPAEDICS,-,-,-,-,-,28847,28847,-,-,-,-,-,-
AIIMS-All India,EWS,Uttarakhand,"AIIMS, Rishikesh",ANATOMY,-,-,-,-,-,-,-,-,-,-,-,-,-
AIIMS-All India,ST,Jammu and Kashmir,"AIIMS, Jammu",FORENSIC MEDICINE,-,-,-,-,-,22324,13785,28935,-,-,-,-,-
AIIMS-Inst. Pref,UR-AIIMS-IP,Maharashtra,"AIIMS, Nagpur",HOSPITAL ADMINISTRATION,-,-,-,-,-,-,-,-,-,-,-,-,-
AIIMS-All India,ST,Gujarat,"AIIMS, Rajkot",BIOCHEMISTRY,-,-,-,-,-,-,-,-,-,-,-,-,-
AIIMS-All India,OBC-PwD,Maharashtra,"AIIMS, Nagpur",GENERAL MEDICINE,-,-,-,-,-,27039,27039,-,-,-,-,-,-
AIIMS-All India,SC,Uttarakhand,"AIIMS, Rishikesh",BIOCHEMISTRY,-,-,-,-,-,-,-,-,29206,-,-,-,-
AIIMS-All India,SC,Uttar Pradesh,"AIIMS, Rai Bareli",COMMUNITY MEDICINE,-,-,-,-,-,-,-,-,-,-,-,-,-
AIIMS-All India,ST,Chhattisgarh,"AIIMS, Raipur",IHBT,-,-,-,-,-,-,-,-,-,-,-,-,-
AIIMS-Inst. Pref,UR-AIIMS-IP,Rajasthan,"AIIMS, Jodhpur",IHBT,-,-,-,-,-,-,-,-,-,-,-,-,-
AIIMS-All India,SC,Himachal Pradesh,"AIIMS, Bilaspur, Himachal",PHARMACOLOGY,-,-,-,-,-,8363,12853,13873,29483,-,-,-,-
AIIMS-All India,SC,Odisha,"AIIMS, Bhubaneswar",PHARMACOLOGY,-,-,-,-,-,11588,11622,15905,29484,-,-,-,-
AIIMS-All India,EWS,Uttar Pradesh,"AIIMS, Rai Bareli",BIOCHEMISTRY,-,-,-,-,-,-,-,-,-,-,-,-,-
AIIMS-All India,UR,Jammu and Kashmir,"AIIMS, Jammu",FORENSIC MEDICINE,-,-,-,-,-,-,-,-,18985,-,-,-,-
AIIMS-All India,OBC-PwD,Chhattisgarh,"AIIMS, Raipur",PATHOLOGY,-,-,-,-,-,-,-,-,-,-,-,-,-
AIIMS-All India,OBC,Uttar Pradesh,"AIIMS, Gorakhpur",PHYSIOLOGY,-,-,-,-,-,8757,8757,11635,29793,-,-,-,-
AIIMS-All India,SC,Jharkhand,"AIIMS, Deoghar",PHARMACOLOGY,-,-,-,-,-,-,-,-,-,-,-,-,-
JIMPER-Inst. Pref,INST (JIPMER),Pondicherry,"JIPMER, Puducherry",BIOCHEMISTRY,-,-,-,-,-,-,-,10183,29823,-,-,-,-
AIIMS-All India,ST,Chhattisgarh,"AIIMS, Raipur",ANATOMY,-,-,-,-,-,24269,24109,29850,-,-,-,-,-
AIIMS-All India,EWS,West Bengal,"AIIMS, Kalyani",ANATOMY,-,-,-,-,-,-,-,-,-,-,-,-,-
AIIMS-All India,SC,Maharashtra,"AIIMS, Nagpur",FAMILY MEDICINE,-,-,-,-,-,-,-,-,-,-,-,-,-
AIIMS-All India,UR-PwD,Punjab,"AIIMS, Bathinda",PATHOLOGY,-,-,-,-,-,-,-,-,-,-,-,-,-
AIIMS-All India,OBC,Chhattisgarh,"AIIMS, Raipur",BIOCHEMISTRY,-,-,-,-,-,6387,8803,11923,-,-,-,-,-
AIIMS-All India,SC,West Bengal,"AIIMS, Kalyani",BIOCHEMISTRY,-,-,-,-,-,-,-,-,-,-,-,-,-
AIIMS-All India,SC-PwD,Uttar Pradesh,"AIIMS, Rai Bareli",GENERAL MEDICINE,-,-,-,-,-,-,-,30120,-,-,-,-,-
AIIMS-All India,UR-PwD,Delhi,"AIIMS, Delhi",IHBT,-,-,-,-,-,30135,-,-,-,-,-,-,-
AIIMS-All India,ST,Uttarakhand,"AIIMS, Rishikesh",BIOCHEMISTRY,-,-,-,-,-,21352,25623,30199,-,-,-,-,-
AIIMS-All India,ST,Gujarat,"AIIMS, Rajkot",FORENSIC MEDICINE,-,-,-,-,-,-,-,-,-,-,-,-,-
AIIMS-All India,ST,Jammu and Kashmir,"AIIMS, Jammu",PHYSIOLOGY,-,-,-,-,-,-,-,-,-,-,-,-,-
AIIMS-All India,UR,Jharkhand,"AIIMS, Deoghar",MICROBIOLOGY,-,-,-,-,-,-,4095,6744,25190,-,-,-,-
AIIMS-All India,ST,Rajasthan,"AIIMS, Jodhpur",ANATOMY,-,-,-,-,-,-,-,-,-,-,-,-,-
AIIMS-All India,ST,Himachal Pradesh,"AIIMS, Bilaspur, Himachal",BIOCHEMISTRY,-,-,-,-,-,-,-,-,-,-,-,-,-
AIIMS-All India,ST,West Bengal,"AIIMS, Kalyani",FORENSIC MEDICINE,-,-,-,-,-,-,-,-,-,-,-,-,-
AIIMS-All India,SC,Andhra Pradesh,"AIIMS, Mangalagiri",PHYSIOLOGY,-,-,-,-,-,-,-,-,-,-,-,-,-
AIIMS-All India,ST,Maharashtra,"AIIMS, Nagpur",MICROBIOLOGY,-,-,-,-,-,-,-,-,-,-,-,-,-
AIIMS-All India,UR-PwD,Madhya Pradesh,"AIIMS, Bhopal",GENERAL SURGERY,-,-,-,-,-,-,-,-,-,-,-,-,-
PGIMER-All India,ST,Chandigarh,"PGIMER, Chandigarh",PHARMACOLOGY,-,-,-,-,-,-,-,-,-,-,-,-,-
AIIMS-Inst. Pref,UR-AIIMS-IP,Telangana,"AIIMS, Bibinagar",PHARMACOLOGY,-,-,-,-,-,-,-,-,-,-,-,-,-
AIIMS-All India,UR-PwD,Jharkhand,"AIIMS, Deoghar",COMMUNITY & FAMILY MEDICINE,-,-,-,-,-,-,-,-,-,-,-,-,-
AIIMS-All India,SC,Uttar Pradesh,"AIIMS, Gorakhpur",PHARMACOLOGY,-,-,-,-,-,12215,13192,17679,31232,-,-,-,-
AIIMS-All India,ST,Delhi,"AIIMS, Delhi",IHBT,-,-,-,-,-,7677,13068,15898,31245,-,-,-,-
AIIMS-All India,UR,Jammu and Kashmir,"AIIMS, Jammu",PHARMACOLOGY,-,-,-,-,-,-,-,-,-,-,-,-,-
JIPMER-All India,UR-PwD,Pondicherry,"JIPMER, Puducherry",ANAESTHESIOLOGY,-,-,-,-,-,-,-,-,-,-,-,-,-
AIIMS-All India,ST,Madhya Pradesh,"AIIMS, Bhopal",PHYSIOLOGY,-,-,-,-,-,-,-,-,-,-,-,-,-
AIIMS-All India,UR,Gujarat,"AIIMS, Rajkot",FORENSIC MEDICINE,-,-,-,-,-,3362,3917,4971,11119,-,-,-,-
AIIMS-All India,SC,Odisha,"AIIMS, Bhubaneswar",FORENSIC MEDICINE,-,-,-,-,-,-,-,-,-,-,-,-,-
AIIMS-All India,UR,Gujarat,"AIIMS, Rajkot",MICROBIOLOGY,-,-,-,-,-,-,-,-,-,-,-,-,-
AIIMS-All India,ST,Odisha,"AIIMS, Bhubaneswar",PHYSIOLOGY,-,-,-,-,-,-,-,-,-,-,-,-,-
AIIMS-All India,ST,Jammu and Kashmir,"AIIMS, Jammu",PHARMACOLOGY,-,-,-,-,-,-,-,-,-,-,-,-,-
AIIMS-All India,ST,Punjab,"AIIMS, Bathinda",BIOCHEMISTRY,-,-,-,-,-,-,-,-,-,-,-,-,-
AIIMS-All India,UR-PwD,Jammu and Kashmir,"AIIMS, Jammu",RADIATION ONCOLOGY,-,-,-,-,-,-,-,-,-,-,-,-,-
AIIMS-All India,OBC,West Bengal,"AIIMS, Kalyani",BIOCHEMISTRY,-,-,-,-,-,9545,9180,10886,-,-,-,-,-
AIIMS-All India,SC,Rajasthan,"AIIMS, Jodhpur",FORENSIC MEDICINE,-,-,-,-,-,-,-,-,28034,-,-,-,-
AIIMS-All India,ST,Gujarat,"AIIMS, Rajkot",ANAESTHESIOLOGY,-,-,-,-,-,-,-,-,-,-,-,-,-
AIIMS-All India,UR,Jammu and Kashmir,"AIIMS, Jammu",MICROBIOLOGY,-,-,-,-,-,-,-,-,-,-,-,-,-
AIIMS-All India,UR-PwD,Chhattisgarh,"AIIMS, Raipur",OBG,-,-,-,-,-,-,-,-,-,-,-,-,-
AIIMS-All India,UR-PwD,Maharashtra,"AIIMS, Nagpur",OBG,-,-,-,-,-,-,-,-,-,-,-,-,-
AIIMS-All India,OBC,Uttar Pradesh,"AIIMS, Gorakhpur",MICROBIOLOGY,-,-,-,-,-,6429,7123,9545,21297,-,-,-,-
AIIMS-All India,UR-PwD,Andhra Pradesh,"AIIMS, Mangalagiri",ANAESTHESIOLOGY,-,-,-,-,-,-,-,-,-,-,-,-,-
AIIMS-All India,EWS,Chhattisgarh,"AIIMS, Raipur",PHARMACOLOGY,-,-,-,-,-,-,-,-,-,-,-,-,-
AIIMS-All India,UR,Maharashtra,"AIIMS, Nagpur",BIOCHEMISTRY,-,-,-,-,-,4700,6092,7993,22420,-,-,-,-
AIIMS-All India,UR,Assam,"AIIMS, Guwahati",FORENSIC MEDICINE,-,-,-,-,-,-,-,-,-,-,-,-,-
AIIMS-All India,ST,Jharkhand,"AIIMS, Deoghar",PMR,-,-,-,-,-,-,-,-,-,-,-,-,-
AIIMS-All India,UR,Madhya Pradesh,"AIIMS, Bhopal",ANATOMY,-,-,-,-,-,3030,3289,5290,-,-,-,-,-
AIIMS-Inst. Pref,UR-AIIMS-IP,Delhi,"AIIMS, Delhi",COMMUNITY MEDICINE,-,-,-,-,-,9995,13628,-,-,-,-,-,-
AIIMS-Inst. Pref,UR-AIIMS-IP,Rajasthan,"AIIMS, Jodhpur",BIOCHEMISTRY,-,-,-,-,-,20267,18622,-,-,-,-,-,-
AIIMS-All India,ST,Chhattisgarh,"AIIMS, Raipur",BIOCHEMISTRY,-,-,-,-,-,-,-,-,-,-,-,-,-
AIIMS-All India,ST,Uttar Pradesh,"AIIMS, Gorakhpur",ENT,-,-,-,-,-,-,-,-,-,-,-,-,-
AIIMS-Inst. Pref,UR-AIIMS-IP,Uttar Pradesh,"AIIMS, Gorakhpur",MICROBIOLOGY,-,-,-,-,-,-,-,-,-,-,-,-,-
AIIMS-All India,UR-PwD,Uttarakhand,"AIIMS, Rishikesh",GENERAL MEDICINE,-,-,-,-,-,10597,10597,-,-,-,-,-,-
PGIMER-All India,UR-PwD,Chandigarh,"PGIMER, Chandigarh",OPHTHALMOLOGY,-,-,-,-,-,-,-,-,-,-,-,-,-
AIIMS-All India,SC,West Bengal,"AIIMS, Kalyani",COMMUNITY MEDICINE,-,-,-,-,-,9593,13316,20451,24867,-,-,-,-
AIIMS-All India,UR,Gujarat,"AIIMS, Rajkot",BIOCHEMISTRY,-,-,-,-,-,-,-,-,-,-,-,-,-
AIIMS-All India,UR,Rajasthan,"AIIMS, Jodhpur",ANATOMY,-,-,-,-,-,3556,-,8279,27774,-,-,-,-
AIIMS-All India,OBC-PwD,Chhattisgarh,"AIIMS, Raipur",OBG,-,-,-,-,-,-,-,-,-,-,-,-,-
AIIMS-All India,ST,Gujarat,"AIIMS, Rajkot",ENT,-,-,-,-,-,-,-,-,-,-,-,-,-
AIIMS-All India,EWS,Rajasthan,"AIIMS, Jodhpur",PHYSIOLOGY,-,-,-,-,-,-,-,-,-,-,-,-,-
AIIMS-All India,SC,Chhattisgarh,"AIIMS, Raipur",PHARMACOLOGY,-,-,-,-,-,11622,12572,18247,-,-,-,-,-
AIIMS-Inst. Pref,UR-AIIMS-IP,Delhi,"AIIMS, Delhi",PATHOLOGY,-,-,-,-,-,8330,8330,27377,-,-,-,-,-
AIIMS-All India,SC,Delhi,"AIIMS, Delhi",IHBT,-,-,-,-,-,6593,6593,12215,-,-,-,-,-
AIIMS-All India,OBC,Uttar Pradesh,"AIIMS, Rai Bareli",FORENSIC MEDICINE,-,-,-,-,-,-,-,-,-,-,-,-,-
AIIMS-All India,ST,Maharashtra,"AIIMS, Nagpur",EMERGENCY MEDICINE,-,-,-,-,-,-,-,-,-,-,-,-,-
AIIMS-All India,EWS,Rajasthan,"AIIMS, Jodhpur",FORENSIC MEDICINE,-,-,-,-,-,-,-,-,-,-,-,-,-
AIIMS-All India,ST,Telangana,"AIIMS, Bibinagar",ANATOMY,-,-,-,-,-,-,-,-,-,-,-,-,-
PGIMER-All India,SC-PwD,Chandigarh,"PGIMER, Chandigarh",ANAESTHESIOLOGY,-,-,-,-,-,-,-,-,-,-,-,-,-
AIIMS-All India,UR,Jammu and Kashmir,"AIIMS, Jammu",BIOCHEMISTRY,-,-,-,-,-,-,-,-,-,-,-,-,-
AIIMS-All India,UR,Uttar Pradesh,"AIIMS, Rai Bareli",PHYSIOLOGY,-,-,-,-,-,-,-,-,-,-,-,-,-
AIIMS-All India,OBC,Gujarat,"AIIMS, Rajkot",BIOCHEMISTRY,-,-,-,-,-,-,-,-,-,-,-,-,-
AIIMS-All India,OBC-PwD,Maharashtra,"AIIMS, Nagpur",PAEDIATRICS,-,-,-,-,-,-,-,-,-,-,-,-,-
AIIMS-All India,UR,Uttar Pradesh,"AIIMS, Rai Bareli",BIOCHEMISTRY,-,-,-,-,-,5245,6459,8498,26944,-,-,-,-
AIIMS-All India,ST,Assam,"AIIMS, Guwahati",FORENSIC MEDICINE,-,-,-,-,-,-,-,-,-,-,-,-,-
AIIMS-All India,ST,Assam,"AIIMS, Guwahati",ANATOMY,-,-,-,-,-,-,-,-,-,-,-,-,-
AIIMS-All India,ST,West Bengal,"AIIMS, Kalyani",ENT,-,-,-,-,-,-,-,-,-,-,-,-,-
AIIMS-All India,ST,Jammu and Kashmir,"AIIMS, Jammu",ANATOMY,-,-,-,-,-,-,-,-,-,-,-,-,-
AIIMS-All India,EWS,Odisha,"AIIMS, Bhubaneswar",FORENSIC MEDICINE,-,-,-,-,-,-,-,-,-,-,-,-,-
AIIMS-All India,UR-PwD,Delhi,"AIIMS, Delhi",HOSPITAL ADMINISTRATION,-,-,-,-,-,-,-,-,-,-,-,-,-
AIIMS-All India,OBC-PwD,Bihar,"AIIMS, Patna",OBG,-,-,-,-,-,-,-,-,-,-,-,-,-
AIIMS-All India,OBC-PwD,Assam,"AIIMS, Guwahati",GENERAL MEDICINE,-,-,-,-,-,-,-,-,-,-,-,-,-
AIIMS-All India,OBC-PwD,Uttar Pradesh,"AIIMS, Rai Bareli",OBG,-,-,-,-,-,-,-,-,-,-,-,-,-
AIIMS-All India,EWS-PwD,Maharashtra,"AIIMS, Nagpur",PAEDIATRICS,-,-,-,-,-,-,-,-,-,-,-,-,-
JIPMER-All India,EWS-PwD,Pondicherry,"JIPMER, Puducherry",ENT,-,-,-,-,-,-,-,-,-,-,-,-,-
AIIMS-Inst. Pref,UR-AIIMS-IP,Rajasthan,"AIIMS, Jodhpur",PATHOLOGY,-,-,-,-,-,2131,3336,8413,-,-,-,-,-
JIPMER-All India,SC-PwD,Pondicherry,"JIPMER, Puducherry",DERMATOLOGY,-,-,-,-,-,-,-,-,-,-,-,-,-
AIIMS-All India,UR,Jharkhand,"AIIMS, Deoghar",BIOCHEMISTRY,-,-,-,-,-,-,-,8062,10680,-,-,-,-
AIIMS-All India,ST,Jharkhand,"AIIMS, Deoghar",BIOCHEMISTRY,-,-,-,-,-,-,-,-,-,-,-,-,-
AIIMS-All India,ST,Rajasthan,"AIIMS, Jodhpur",MICROBIOLOGY,-,-,-,-,-,-,-,-,-,-,-,-,-
AIIMS-All India,OBC,Odisha,"AIIMS, Bhubaneswar",ANATOMY,-,-,-,-,-,8118,7269,11483,-,-,-,-,-
AIIMS-Inst. Pref,UR-AIIMS-IP,Uttar Pradesh,"AIIMS, Rai Bareli",PMR,-,-,-,-,-,-,-,-,-,-,-,-,-
AIIMS-All India,OBC,Jammu and Kashmir,"AIIMS, Jammu",BIOCHEMISTRY,-,-,-,-,-,-,-,-,-,-,-,-,-
AIIMS-Inst. Pref,UR-AIIMS-IP,Uttar Pradesh,"AIIMS, Rai Bareli",PHARMACOLOGY,-,-,-,-,-,-,-,-,-,-,-,-,-
AIIMS-Inst. Pref,UR-AIIMS-IP,Uttar Pradesh,"AIIMS, Rai Bareli",IHBT,-,-,-,-,-,-,-,-,-,-,-,-,-
JIPMER-All India,ST-PwD,Pondicherry,"JIPMER, Puducherry",EMERGENCY MEDICINE,-,-,-,-,-,-,-,-,-,-,-,-,-
JIPMER-All India,ST-PwD,Pondicherry,"JIPMER, Puducherry",RADIATION ONCOLOGY,-,-,-,-,-,-,-,-,-,-,-,-,-
AIIMS-All India,ST,West Bengal,"AIIMS, Kalyani",PHYSIOLOGY,-,-,-,-,-,-,-,-,-,-,-,-,-
AIIMS-All India,UR,Jammu and Kashmir,"AIIMS, Jammu",PHYSIOLOGY,-,-,-,-,-,4284,4370,9445,24603,-,-,-,-
AIIMS-All India,UR,West Bengal,"AIIMS, Kalyani",PHYSIOLOGY,-,-,-,-,-,2514,6586,9459,27914,-,-,-,-
JIPMER-All India,UR-PwD,Pondicherry,"JIPMER, Puducherry",PSYCHIATRY,-,-,-,-,-,-,-,-,-,-,-,-,-
AIIMS-All India,UR-PwD,Madhya Pradesh,"AIIMS, Bhopal",PATHOLOGY,-,-,-,-,-,-,-,-,-,-,-,-,-
AIIMS-All India,OBC,West Bengal,"AIIMS, Kalyani",PHYSIOLOGY,-,-,-,-,-,5035,10417,12546,26804,-,-,-,-
AIIMS-All India,ST-PwD,Uttarakhand,"AIIMS, Rishikesh",ANAESTHESIOLOGY,-,-,-,-,-,-,-,-,-,-,-,-,-
AIIMS-All India,ST-PwD,Rajasthan,"AIIMS, Jodhpur",PSYCHIATRY,-,-,-,-,-,-,-,-,-,-,-,-,-
AIIMS-All India,SC,Assam,"AIIMS, Guwahati",COMMUNITY & FAMILY MEDICINE,-,-,-,-,-,-,-,-,-,-,-,-,-
AIIMS-All India,UR-PwD,Madhya Pradesh,"AIIMS, Bhopal",GENERAL MEDICINE,-,-,-,-,-,-,-,-,-,-,-,-,-
AIIMS-All India,UR-PwD,Punjab,"AIIMS, Bathinda",GENERAL MEDICINE,-,-,-,-,-,-,-,-,-,-,-,-,-
AIIMS-All India,OBC,Jammu and Kashmir,"AIIMS, Jammu",PHYSIOLOGY,-,-,-,-,-,9590,10113,14062,-,-,-,-,-
AIIMS-All India,UR-PwD,Rajasthan,"AIIMS, Jodhpur",NUCLEAR MEDICINE,-,-,-,-,-,-,-,-,-,-,-,-,-
AIIMS-All India,UR-PwD,Uttarakhand,"AIIMS, Rishikesh",PAEDIATRICS,-,-,-,-,-,22210,22210,-,29988,-,-,-,-
AIIMS-All India,UR-PwD,Odisha,"AIIMS, Bhubaneswar",ANAESTHESIOLOGY,-,-,-,-,-,-,-,-,-,-,-,-,-
AIIMS-All India,OBC-PwD,Delhi,"AIIMS, Delhi",PALLIATIVE MEDICINE,-,-,-,-,-,-,-,-,-,-,-,-,-
AIIMS-All India,OBC-PwD,Rajasthan,"AIIMS, Jodhpur",ANAESTHESIOLOGY,-,-,-,-,-,-,-,-,-,-,-,-,-
AIIMS-All India,OBC,Uttar Pradesh,"AIIMS, Gorakhpur",BIOCHEMISTRY,-,-,-,-,-,-,-,-,-,-,-,-,-
AIIMS-All India,UR-PwD,Himachal Pradesh,"AIIMS, Bilaspur, Himachal",PAEDIATRICS,-,-,-,-,-,-,-,-,-,-,-,-,-
